date,cash,positions_value,equity,n_open
2004-01-01,50000.0,0.0,50000.0,0
2004-01-02,50000.0,0.0,50000.0,0
2004-01-05,50000.0,0.0,50000.0,0
2004-01-06,50000.0,0.0,50000.0,0
2004-01-07,50000.0,0.0,50000.0,0
2004-01-08,50000.0,0.0,50000.0,0
2004-01-09,50000.0,0.0,50000.0,0
2004-01-12,50000.0,0.0,50000.0,0
2004-01-13,50000.0,0.0,50000.0,0
2004-01-14,50000.0,0.0,50000.0,0
2004-01-15,50000.0,0.0,50000.0,0
2004-01-16,50000.0,0.0,50000.0,0
2004-01-19,50000.0,0.0,50000.0,0
2004-01-20,50000.0,0.0,50000.0,0
2004-01-21,50000.0,0.0,50000.0,0
2004-01-22,50000.0,0.0,50000.0,0
2004-01-23,50000.0,0.0,50000.0,0
2004-01-27,50000.0,0.0,50000.0,0
2004-01-28,50000.0,0.0,50000.0,0
2004-01-29,50000.0,0.0,50000.0,0
2004-01-30,50000.0,0.0,50000.0,0
2004-02-03,50000.0,0.0,50000.0,0
2004-02-04,50000.0,0.0,50000.0,0
2004-02-05,50000.0,0.0,50000.0,0
2004-02-06,50000.0,0.0,50000.0,0
2004-02-09,50000.0,0.0,50000.0,0
2004-02-10,50000.0,0.0,50000.0,0
2004-02-11,50000.0,0.0,50000.0,0
2004-02-12,50000.0,0.0,50000.0,0
2004-02-13,50000.0,0.0,50000.0,0
2004-02-16,50000.0,0.0,50000.0,0
2004-02-17,50000.0,0.0,50000.0,0
2004-02-18,50000.0,0.0,50000.0,0
2004-02-19,50000.0,0.0,50000.0,0
2004-02-20,50000.0,0.0,50000.0,0
2004-02-23,50000.0,0.0,50000.0,0
2004-02-24,50000.0,0.0,50000.0,0
2004-02-25,50000.0,0.0,50000.0,0
2004-02-26,50000.0,0.0,50000.0,0
2004-02-27,50000.0,0.0,50000.0,0
2004-03-01,50000.0,0.0,50000.0,0
2004-03-03,50000.0,0.0,50000.0,0
2004-03-04,50000.0,0.0,50000.0,0
2004-03-05,50000.0,0.0,50000.0,0
2004-03-08,50000.0,0.0,50000.0,0
2004-03-09,50000.0,0.0,50000.0,0
2004-03-10,50000.0,0.0,50000.0,0
2004-03-11,50000.0,0.0,50000.0,0
2004-03-12,50000.0,0.0,50000.0,0
2004-03-15,50000.0,0.0,50000.0,0
2004-03-16,50000.0,0.0,50000.0,0
2004-03-17,50000.0,0.0,50000.0,0
2004-03-18,50000.0,0.0,50000.0,0
2004-03-19,50000.0,0.0,50000.0,0
2004-03-22,50000.0,0.0,50000.0,0
2004-03-23,50000.0,0.0,50000.0,0
2004-03-24,50000.0,0.0,50000.0,0
2004-03-25,50000.0,0.0,50000.0,0
2004-03-26,50000.0,0.0,50000.0,0
2004-03-29,50000.0,0.0,50000.0,0
2004-03-30,50000.0,0.0,50000.0,0
2004-03-31,50000.0,0.0,50000.0,0
2004-04-01,50000.0,0.0,50000.0,0
2004-04-02,50000.0,0.0,50000.0,0
2004-04-05,50000.0,0.0,50000.0,0
2004-04-06,50000.0,0.0,50000.0,0
2004-04-07,50000.0,0.0,50000.0,0
2004-04-08,50000.0,0.0,50000.0,0
2004-04-12,50000.0,0.0,50000.0,0
2004-04-13,50000.0,0.0,50000.0,0
2004-04-15,50000.0,0.0,50000.0,0
2004-04-16,50000.0,0.0,50000.0,0
2004-04-19,50000.0,0.0,50000.0,0
2004-04-20,50000.0,0.0,50000.0,0
2004-04-21,50000.0,0.0,50000.0,0
2004-04-22,50000.0,0.0,50000.0,0
2004-04-23,50000.0,0.0,50000.0,0
2004-04-27,50000.0,0.0,50000.0,0
2004-04-28,50000.0,0.0,50000.0,0
2004-04-29,50000.0,0.0,50000.0,0
2004-04-30,50000.0,0.0,50000.0,0
2004-05-03,50000.0,0.0,50000.0,0
2004-05-04,50000.0,0.0,50000.0,0
2004-05-05,50000.0,0.0,50000.0,0
2004-05-06,50000.0,0.0,50000.0,0
2004-05-07,50000.0,0.0,50000.0,0
2004-05-10,50000.0,0.0,50000.0,0
2004-05-11,50000.0,0.0,50000.0,0
2004-05-12,50000.0,0.0,50000.0,0
2004-05-13,50000.0,0.0,50000.0,0
2004-05-14,50000.0,0.0,50000.0,0
2004-05-17,50000.0,0.0,50000.0,0
2004-05-18,50000.0,0.0,50000.0,0
2004-05-19,50000.0,0.0,50000.0,0
2004-05-20,50000.0,0.0,50000.0,0
2004-05-21,50000.0,0.0,50000.0,0
2004-05-24,50000.0,0.0,50000.0,0
2004-05-25,50000.0,0.0,50000.0,0
2004-05-26,50000.0,0.0,50000.0,0
2004-05-27,50000.0,0.0,50000.0,0
2004-05-28,50000.0,0.0,50000.0,0
2004-05-31,50000.0,0.0,50000.0,0
2004-06-01,50000.0,0.0,50000.0,0
2004-06-02,50000.0,0.0,50000.0,0
2004-06-03,50000.0,0.0,50000.0,0
2004-06-04,50000.0,0.0,50000.0,0
2004-06-07,50000.0,0.0,50000.0,0
2004-06-08,50000.0,0.0,50000.0,0
2004-06-09,50000.0,0.0,50000.0,0
2004-06-10,50000.0,0.0,50000.0,0
2004-06-11,50000.0,0.0,50000.0,0
2004-06-14,50000.0,0.0,50000.0,0
2004-06-15,50000.0,0.0,50000.0,0
2004-06-16,50000.0,0.0,50000.0,0
2004-06-17,50000.0,0.0,50000.0,0
2004-06-18,50000.0,0.0,50000.0,0
2004-06-21,50000.0,0.0,50000.0,0
2004-06-22,50000.0,0.0,50000.0,0
2004-06-23,50000.0,0.0,50000.0,0
2004-06-24,50000.0,0.0,50000.0,0
2004-06-25,50000.0,0.0,50000.0,0
2004-06-28,50000.0,0.0,50000.0,0
2004-06-29,50000.0,0.0,50000.0,0
2004-06-30,50000.0,0.0,50000.0,0
2004-07-01,50000.0,0.0,50000.0,0
2004-07-02,50000.0,0.0,50000.0,0
2004-07-05,50000.0,0.0,50000.0,0
2004-07-06,50000.0,0.0,50000.0,0
2004-07-07,50000.0,0.0,50000.0,0
2004-07-08,50000.0,0.0,50000.0,0
2004-07-09,50000.0,0.0,50000.0,0
2004-07-12,50000.0,0.0,50000.0,0
2004-07-13,50000.0,0.0,50000.0,0
2004-07-14,50000.0,0.0,50000.0,0
2004-07-15,50000.0,0.0,50000.0,0
2004-07-16,50000.0,0.0,50000.0,0
2004-07-19,50000.0,0.0,50000.0,0
2004-07-20,50000.0,0.0,50000.0,0
2004-07-21,50000.0,0.0,50000.0,0
2004-07-22,50000.0,0.0,50000.0,0
2004-07-23,50000.0,0.0,50000.0,0
2004-07-26,50000.0,0.0,50000.0,0
2004-07-27,50000.0,0.0,50000.0,0
2004-07-28,50000.0,0.0,50000.0,0
2004-07-29,50000.0,0.0,50000.0,0
2004-07-30,50000.0,0.0,50000.0,0
2004-08-02,50000.0,0.0,50000.0,0
2004-08-03,50000.0,0.0,50000.0,0
2004-08-04,50000.0,0.0,50000.0,0
2004-08-05,50000.0,0.0,50000.0,0
2004-08-06,50000.0,0.0,50000.0,0
2004-08-09,50000.0,0.0,50000.0,0
2004-08-10,50000.0,0.0,50000.0,0
2004-08-11,50000.0,0.0,50000.0,0
2004-08-12,50000.0,0.0,50000.0,0
2004-08-13,50000.0,0.0,50000.0,0
2004-08-16,50000.0,0.0,50000.0,0
2004-08-17,50000.0,0.0,50000.0,0
2004-08-18,50000.0,0.0,50000.0,0
2004-08-19,50000.0,0.0,50000.0,0
2004-08-20,50000.0,0.0,50000.0,0
2004-08-23,50000.0,0.0,50000.0,0
2004-08-24,50000.0,0.0,50000.0,0
2004-08-25,50000.0,0.0,50000.0,0
2004-08-26,50000.0,0.0,50000.0,0
2004-08-27,50000.0,0.0,50000.0,0
2004-08-30,50000.0,0.0,50000.0,0
2004-08-31,50000.0,0.0,50000.0,0
2004-09-01,50000.0,0.0,50000.0,0
2004-09-02,50000.0,0.0,50000.0,0
2004-09-03,50000.0,0.0,50000.0,0
2004-09-06,50000.0,0.0,50000.0,0
2004-09-07,50000.0,0.0,50000.0,0
2004-09-08,50000.0,0.0,50000.0,0
2004-09-09,50000.0,0.0,50000.0,0
2004-09-10,50000.0,0.0,50000.0,0
2004-09-13,50000.0,0.0,50000.0,0
2004-09-14,50000.0,0.0,50000.0,0
2004-09-15,50000.0,0.0,50000.0,0
2004-09-16,50000.0,0.0,50000.0,0
2004-09-17,50000.0,0.0,50000.0,0
2004-09-20,50000.0,0.0,50000.0,0
2004-09-21,50000.0,0.0,50000.0,0
2004-09-22,50000.0,0.0,50000.0,0
2004-09-23,50000.0,0.0,50000.0,0
2004-09-24,50000.0,0.0,50000.0,0
2004-09-27,50000.0,0.0,50000.0,0
2004-09-28,50000.0,0.0,50000.0,0
2004-09-29,50000.0,0.0,50000.0,0
2004-09-30,50000.0,0.0,50000.0,0
2004-10-01,50000.0,0.0,50000.0,0
2004-10-04,50000.0,0.0,50000.0,0
2004-10-05,50000.0,0.0,50000.0,0
2004-10-06,50000.0,0.0,50000.0,0
2004-10-07,50000.0,0.0,50000.0,0
2004-10-08,50000.0,0.0,50000.0,0
2004-10-11,50000.0,0.0,50000.0,0
2004-10-12,50000.0,0.0,50000.0,0
2004-10-14,50000.0,0.0,50000.0,0
2004-10-15,50000.0,0.0,50000.0,0
2004-10-18,50000.0,0.0,50000.0,0
2004-10-19,50000.0,0.0,50000.0,0
2004-10-20,50000.0,0.0,50000.0,0
2004-10-21,50000.0,0.0,50000.0,0
2004-10-25,50000.0,0.0,50000.0,0
2004-10-26,50000.0,0.0,50000.0,0
2004-10-27,50000.0,0.0,50000.0,0
2004-10-28,50000.0,0.0,50000.0,0
2004-10-29,50000.0,0.0,50000.0,0
2004-11-01,50000.0,0.0,50000.0,0
2004-11-02,50000.0,0.0,50000.0,0
2004-11-03,50000.0,0.0,50000.0,0
2004-11-04,50000.0,0.0,50000.0,0
2004-11-05,50000.0,0.0,50000.0,0
2004-11-08,50000.0,0.0,50000.0,0
2004-11-09,50000.0,0.0,50000.0,0
2004-11-10,50000.0,0.0,50000.0,0
2004-11-11,50000.0,0.0,50000.0,0
2004-11-12,50000.0,0.0,50000.0,0
2004-11-16,50000.0,0.0,50000.0,0
2004-11-17,50000.0,0.0,50000.0,0
2004-11-18,50000.0,0.0,50000.0,0
2004-11-19,50000.0,0.0,50000.0,0
2004-11-22,50000.0,0.0,50000.0,0
2004-11-23,50000.0,0.0,50000.0,0
2004-11-24,50000.0,0.0,50000.0,0
2004-11-25,50000.0,0.0,50000.0,0
2004-11-29,50000.0,0.0,50000.0,0
2004-11-30,50000.0,0.0,50000.0,0
2004-12-01,50000.0,0.0,50000.0,0
2004-12-02,50000.0,0.0,50000.0,0
2004-12-03,50000.0,0.0,50000.0,0
2004-12-06,50000.0,0.0,50000.0,0
2004-12-07,50000.0,0.0,50000.0,0
2004-12-08,50000.0,0.0,50000.0,0
2004-12-09,50000.0,0.0,50000.0,0
2004-12-10,50000.0,0.0,50000.0,0
2004-12-13,50000.0,0.0,50000.0,0
2004-12-14,50000.0,0.0,50000.0,0
2004-12-15,50000.0,0.0,50000.0,0
2004-12-16,50000.0,0.0,50000.0,0
2004-12-17,50000.0,0.0,50000.0,0
2004-12-20,50000.0,0.0,50000.0,0
2004-12-21,50000.0,0.0,50000.0,0
2004-12-22,50000.0,0.0,50000.0,0
2004-12-23,50000.0,0.0,50000.0,0
2004-12-24,50000.0,0.0,50000.0,0
2004-12-27,50000.0,0.0,50000.0,0
2004-12-28,50000.0,0.0,50000.0,0
2004-12-29,50000.0,0.0,50000.0,0
2004-12-30,50000.0,0.0,50000.0,0
2004-12-31,50000.0,0.0,50000.0,0
2005-01-03,50000.0,0.0,50000.0,0
2005-01-04,2157.4500000000007,46345.35,48502.8,5
2005-01-05,37966.44711186405,9034.650000000001,47001.09711186405,1
2005-01-06,17868.58092908102,28275.5,46144.08092908102,3
2005-01-07,153.58092908102117,47322.15,47475.73092908102,5
2005-01-10,153.58092908102117,47329.8,47483.380929081024,5
2005-01-11,153.58092908102117,46179.0,46332.58092908102,5
2005-01-12,7858.125522144465,36315.6,44173.725522144465,4
2005-01-13,7858.125522144465,37931.6,45789.725522144465,4
2005-01-14,7858.125522144465,37204.95,45063.07552214446,4
2005-01-17,36478.750800226466,8761.6,45240.350800226464,1
2005-01-18,45300.14416622207,0.0,45300.14416622207,0
2005-01-19,45300.14416622207,0.0,45300.14416622207,0
2005-01-20,45300.14416622207,0.0,45300.14416622207,0
2005-01-24,45300.14416622207,0.0,45300.14416622207,0
2005-01-25,45300.14416622207,0.0,45300.14416622207,0
2005-01-27,45300.14416622207,0.0,45300.14416622207,0
2005-01-28,36355.744166222066,9035.85,45391.594166222065,1
2005-01-31,36355.744166222066,9428.2,45783.94416622206,1
2005-02-01,36355.744166222066,9935.6,46291.344166222065,1
2005-02-02,28159.744166222066,18069.949999999997,46229.69416622206,2
2005-02-03,18982.744166222066,27307.600000000002,46290.34416622207,3
2005-02-04,1254.3441662220666,45618.649999999994,46872.99416622206,5
2005-02-07,1254.3441662220666,45694.85,46949.19416622206,5
2005-02-08,20804.54926154026,27166.949999999997,47971.49926154026,3
2005-02-09,20553.303418954438,27743.800000000003,48297.103418954444,3
2005-02-10,20553.303418954438,27736.300000000003,48289.603418954444,3
2005-02-11,12113.055843811517,37772.95,49886.005843811516,4
2005-02-14,1191.0628496295176,48662.149999999994,49853.21284962951,5
2005-02-15,1191.0628496295176,47005.4,48196.46284962952,5
2005-02-16,10088.528196341374,36921.25,47009.77819634137,4
2005-02-17,9652.767854406524,38238.200000000004,47890.967854406525,4
2005-02-18,1079.8596095133234,46425.25,47505.109609513325,5
2005-02-21,1079.8596095133234,46761.35,47841.209609513324,5
2005-02-22,10145.478400750524,37802.299999999996,47947.77840075052,4
2005-02-23,10058.546388603125,38706.55,48765.096388603124,4
2005-02-24,347.5463886031248,47728.7,48076.24638860312,5
2005-02-25,347.5463886031248,46887.2,47234.74638860312,5
2005-02-28,721.8311965231242,46804.0,47525.831196523126,5
2005-03-01,8922.685769299935,37690.200000000004,46612.88576929994,4
2005-03-02,19.585769299934327,47579.45,47599.03576929993,5
2005-03-03,19.585769299934327,48849.6,48869.18576929993,5
2005-03-04,19.585769299934327,49499.3,49518.88576929994,5
2005-03-07,11233.30535389186,39135.35,50368.65535389186,4
2005-03-08,1431.3053538918593,49312.8,50744.105353891864,5
2005-03-09,1198.0992161508602,49318.55,50516.649216150865,5
2005-03-10,1537.0871587068614,50124.95,51662.03715870686,5
2005-03-11,11584.802331721598,39912.84999999999,51497.65233172159,4
2005-03-14,10701.568790798032,39875.95,50577.51879079803,4
2005-03-15,654.8687907980311,48992.8,49647.66879079804,5
2005-03-16,654.8687907980311,48973.85,49628.718790798026,5
2005-03-17,19165.757904588736,29695.35,48861.10790458873,3
2005-03-18,28521.533559191208,19996.4,48517.93355919121,2
2005-03-21,38708.864499988005,9705.15,48414.01449998801,1
2005-03-22,38708.864499988005,9522.9,48231.76449998801,1
2005-03-23,38708.864499988005,9404.1,48112.964499988004,1
2005-03-24,48636.92222140601,0.0,48636.92222140601,0
2005-03-28,48636.92222140601,0.0,48636.92222140601,0
2005-03-29,48636.92222140601,0.0,48636.92222140601,0
2005-03-30,48636.92222140601,0.0,48636.92222140601,0
2005-03-31,48636.92222140601,0.0,48636.92222140601,0
2005-04-01,48636.92222140601,0.0,48636.92222140601,0
2005-04-04,48636.92222140601,0.0,48636.92222140601,0
2005-04-05,39136.92222140601,9146.0,48282.92222140601,1
2005-04-06,20552.522221406005,28339.6,48892.122221406,3
2005-04-07,20552.522221406005,28966.75,49519.272221406005,3
2005-04-08,20552.522221406005,28700.95,49253.472221406,3
2005-04-11,10713.072221406006,38231.0,48944.07222140601,4
2005-04-12,1028.1722214060064,48374.99999999999,49403.172221406,5
2005-04-13,1028.1722214060064,48594.9,49623.07222140601,5
2005-04-15,19364.276964828838,29286.35,48650.626964828836,3
2005-04-18,37918.36124280195,9766.5,47684.86124280195,1
2005-04-19,28394.16124280195,19189.2,47583.361242801955,2
2005-04-20,28394.16124280195,19510.35,47904.51124280195,2
2005-04-21,28394.16124280195,19735.75,48129.91124280195,2
2005-04-22,38511.23915494055,9479.4,47990.63915494055,1
2005-04-25,29111.23915494055,18793.0,47904.23915494055,2
2005-04-26,21239.23915494055,26372.4,47611.63915494055,3
2005-04-27,2507.239154940551,44952.950000000004,47460.189154940555,5
2005-04-28,11220.951791262001,36357.95,47578.901791262,4
2005-04-29,9056.478543341713,37904.35,46960.82854334171,4
2005-05-02,14.478543341712793,46976.75,46991.22854334171,5
2005-05-03,14.478543341712793,47006.899999999994,47021.37854334171,5
2005-05-04,14.478543341712793,47688.05,47702.528543341716,5
2005-05-05,14.478543341712793,47819.25,47833.72854334171,5
2005-05-06,19604.702244557713,28275.199999999997,47879.902244557714,3
2005-05-09,28998.231334368913,18704.399999999998,47702.63133436891,2
2005-05-10,10718.318285455718,36863.649999999994,47581.96828545571,4
2005-05-11,988.5117858647191,46124.0,47112.51178586472,5
2005-05-12,988.5117858647191,46712.00000000001,47700.51178586473,5
2005-05-13,988.5117858647191,47460.85,48449.36178586472,5
2005-05-16,988.5117858647191,48613.45,49601.96178586472,5
2005-05-17,988.5117858647191,47978.6,48967.11178586472,5
2005-05-18,988.5117858647191,47893.74999999999,48882.26178586471,5
2005-05-19,624.7453153426195,49184.8,49809.54531534262,5
2005-05-20,10385.334184735017,39190.25,49575.58418473502,4
2005-05-23,521.3341847350166,49477.1,49998.434184735015,5
2005-05-24,521.3341847350166,49993.9,50515.23418473502,5
2005-05-25,521.3341847350166,49930.35,50451.684184735015,5
2005-05-26,521.3341847350166,49175.850000000006,49697.18418473502,5
2005-05-27,521.3341847350166,48654.29999999999,49175.634184735005,5
2005-05-30,19672.70547283462,28585.799999999996,48258.505472834615,3
2005-05-31,2449.6105409171214,46816.799999999996,49266.41054091712,5
2005-06-01,3046.156099205122,46422.350000000006,49468.50609920513,5
2005-06-02,3046.156099205122,46534.35,49580.50609920512,5
2005-06-03,3046.156099205122,47161.25,50207.40609920512,5
2005-06-06,3046.156099205122,47122.3,50168.45609920513,5
2005-06-07,3046.156099205122,47202.15,50248.306099205125,5
2005-06-08,3750.095241914323,46802.299999999996,50552.39524191432,5
2005-06-09,972.2951978429246,49033.549999999996,50005.84519784292,5
2005-06-10,88.25940532292407,49383.2,49471.45940532292,5
2005-06-13,88.25940532292407,49731.45,49819.70940532292,5
2005-06-14,88.25940532292407,49511.75,49600.009405322926,5
2005-06-15,88.25940532292407,49120.85,49209.109405322924,5
2005-06-16,9401.346664133947,38695.95,48097.296664133944,4
2005-06-17,10190.737013087746,38140.15,48330.88701308775,4
2005-06-20,38290.76318109863,10474.9,48765.66318109863,1
2005-06-21,100.76318109862768,48593.25,48694.01318109863,5
2005-06-22,100.76318109862768,48879.95,48980.713181098625,5
2005-06-23,100.76318109862768,48775.2,48875.963181098625,5
2005-06-24,100.76318109862768,49921.65,50022.41318109863,5
2005-06-27,100.76318109862768,49289.35,49390.113181098626,5
2005-06-28,547.6601146564262,48036.9,48584.56011465643,5
2005-06-29,547.6601146564262,48676.8,49224.46011465643,5
2005-06-30,20700.044550085324,29214.049999999996,49914.09455008532,3
2005-07-01,20700.044550085324,29084.75,49784.794550085324,3
2005-07-04,11116.044550085324,38942.200000000004,50058.24455008533,4
2005-07-05,10483.107998380776,38698.55,49181.657998380775,4
2005-07-06,696.2079983807762,49028.7,49724.907998380775,5
2005-07-07,289.97039145677627,48458.45,48748.42039145678,5
2005-07-08,289.97039145677627,49260.700000000004,49550.67039145678,5
2005-07-11,9674.95370788829,39624.7,49299.65370788828,4
2005-07-12,2.9537078882895003,48857.59999999999,48860.55370788828,5
2005-07-13,281.80775982428895,49504.45,49786.257759824286,5
2005-07-14,281.80775982428895,49290.45,49572.257759824286,5
2005-07-15,13062.099108386832,38504.5,51566.59910838683,4
2005-07-18,2739.7309944428325,50126.799999999996,52866.53099444283,5
2005-07-19,2739.7309944428325,49466.850000000006,52206.58099444284,5
2005-07-20,2092.8627199421335,50940.75,53033.61271994213,5
2005-07-21,1582.8760651201337,50693.4,52276.27606512014,5
2005-07-22,1582.8760651201337,50712.15,52295.02606512014,5
2005-07-25,1582.8760651201337,50586.8,52169.67606512013,5
2005-07-26,21.349995090133234,52500.75,52522.09999509013,5
2005-07-27,1361.3915024148355,51844.4,53205.79150241484,5
2005-07-29,1361.3915024148355,51064.4,52425.79150241484,5
2005-08-01,9814.389713498185,43122.0,52936.38971349818,4
2005-08-02,617.8889020749848,53039.450000000004,53657.33890207499,5
2005-08-03,617.8889020749848,53290.55,53908.43890207499,5
2005-08-04,617.8889020749848,53251.15,53869.038902074986,5
2005-08-05,617.8889020749848,54093.95,54711.83890207498,5
2005-08-08,11735.719956372981,42802.799999999996,54538.51995637298,4
2005-08-09,1070.719956372981,53130.450000000004,54201.169956372985,5
2005-08-10,12620.830140299942,43385.35,56006.18014029994,4
2005-08-11,731.8304348099427,55987.85,56719.68043480994,5
2005-08-12,731.8304348099427,56549.05,57280.880434809944,5
2005-08-16,731.8304348099427,56572.049999999996,57303.88043480994,5
2005-08-17,731.8304348099427,57969.1,58700.93043480994,5
2005-08-18,69.05604508594297,58923.4,58992.45604508594,5
2005-08-19,13447.715900232932,46182.65000000001,59630.36590023294,4
2005-08-22,1847.7683066057307,57109.9,58957.66830660573,5
2005-08-23,11494.508864719954,45113.0,56607.50886471995,4
2005-08-24,21580.517097727985,33060.15,54640.66709772799,3
2005-08-25,292.76709772798495,56355.549999999996,56648.31709772798,5
2005-08-26,292.76709772798495,56450.200000000004,56742.96709772799,5
2005-08-29,11826.798443306585,44813.6,56640.398443306585,4
2005-08-30,23257.689074091584,33604.4,56862.089074091586,3
2005-08-31,23257.689074091584,33477.15,56734.839074091586,3
2005-09-01,23257.689074091584,33500.5,56758.189074091584,3
2005-09-02,36583.74413388542,20974.4,57558.14413388542,2
2005-09-05,12024.57192627342,46451.75,58476.32192627342,4
2005-09-06,345.771926273419,59428.55,59774.32192627342,5
2005-09-08,345.771926273419,59460.05,59805.82192627342,5
2005-09-09,345.771926273419,58677.149999999994,59022.92192627341,5
2005-09-12,345.771926273419,59215.05,59560.82192627342,5
2005-09-13,345.771926273419,59159.0,59504.77192627342,5
2005-09-14,274.2241616946176,58338.85,58613.07416169462,5
2005-09-15,1287.574986527221,59314.950000000004,60602.52498652723,5
2005-09-16,963.1660178684197,59995.65,60958.81601786842,5
2005-09-19,963.1660178684197,59494.85,60458.01601786842,5
2005-09-20,963.1660178684197,58075.99999999999,59039.16601786841,5
2005-09-21,33538.293283349296,22464.2,56002.49328334929,2
2005-09-22,901.6432833492963,54324.05,55225.6932833493,5
2005-09-23,832.5979020876966,54967.200000000004,55799.7979020877,5
2005-09-26,1225.6755786964968,56286.05,57511.725578696496,5
2005-09-27,1225.6755786964968,56971.65,58197.3255786965,5
2005-09-28,1225.6755786964968,58708.9,59934.5755786965,5
2005-09-29,13984.824589475922,46734.55,60719.37458947593,4
2005-09-30,1891.824589475922,58502.95,60394.77458947592,5
2005-10-03,24505.91616781702,36354.4,60860.31616781702,3
2005-10-04,2717.209201537018,60163.600000000006,62880.80920153702,5
2005-10-05,3013.2447122490194,59486.34999999999,62499.59471224901,5
2005-10-06,3013.2447122490194,59317.6,62330.84471224902,5
2005-10-07,3013.2447122490194,59031.45,62044.69471224902,5
2005-10-10,27491.642683993232,34368.6,61860.24268399323,3
2005-10-11,3265.642683993232,59127.899999999994,62393.542683993226,5
2005-10-13,3265.642683993232,58267.649999999994,61533.292683993226,5
2005-10-14,25404.93204969263,35757.799999999996,61162.732049692626,3
2005-10-17,37619.52139851333,23525.300000000003,61144.82139851333,2
2005-10-18,37619.52139851333,23410.800000000003,61030.32139851333,2
2005-10-19,49045.11148676373,11470.300000000001,60515.41148676373,1
2005-10-20,60334.72193474388,0.0,60334.72193474388,0
2005-10-21,60334.72193474388,0.0,60334.72193474388,0
2005-10-24,60334.72193474388,0.0,60334.72193474388,0
2005-10-25,60334.72193474388,0.0,60334.72193474388,0
2005-10-26,60334.72193474388,0.0,60334.72193474388,0
2005-10-27,60334.72193474388,0.0,60334.72193474388,0
2005-10-28,60334.72193474388,0.0,60334.72193474388,0
2005-10-31,60334.72193474388,0.0,60334.72193474388,0
2005-11-01,60334.72193474388,0.0,60334.72193474388,0
2005-11-02,60334.72193474388,0.0,60334.72193474388,0
2005-11-07,60334.72193474388,0.0,60334.72193474388,0
2005-11-08,60334.72193474388,0.0,60334.72193474388,0
2005-11-09,60334.72193474388,0.0,60334.72193474388,0
2005-11-10,48301.72193474388,12042.55,60344.27193474388,1
2005-11-11,48301.72193474388,12329.05,60630.77193474388,1
2005-11-14,48301.72193474388,12348.150000000001,60649.87193474388,1
2005-11-16,48301.72193474388,13054.849999999999,61356.57193474388,1
2005-11-17,36060.67193474388,25719.8,61780.47193474388,2
2005-11-18,23748.671934743878,38287.65,62036.32193474388,3
2005-11-21,239.07193474387714,60505.25,60744.32193474388,5
2005-11-22,1306.8290739978765,60529.9,61836.72907399788,5
2005-11-23,1306.8290739978765,62000.4,63307.22907399788,5
2005-11-24,1306.8290739978765,62231.55,63538.37907399788,5
2005-11-25,1306.8290739978765,63479.1,64785.929073997875,5
2005-11-28,16725.871317189736,50101.7,66827.57131718974,4
2005-11-29,2674.422958970137,63536.0,66210.42295897014,5
2005-11-30,238.37958513053673,65506.6,65744.97958513054,5
2005-12-01,238.37958513053673,66385.8,66624.17958513054,5
2005-12-02,238.37958513053673,65725.2,65963.57958513053,5
2005-12-05,238.37958513053673,65578.45,65816.82958513053,5
2005-12-06,238.37958513053673,64476.5,64714.87958513053,5
2005-12-07,274.49373701514014,63932.75,64207.24373701514,5
2005-12-08,867.9075876108382,63198.9,64066.80758761084,5
2005-12-09,14114.08600294984,50251.5,64365.58600294984,4
2005-12-12,1322.08600294984,63446.09999999999,64768.186002949835,5
2005-12-13,1322.08600294984,63763.950000000004,65086.03600294984,5
2005-12-14,1322.08600294984,63442.8,64764.88600294985,5
2005-12-15,1322.08600294984,62626.65000000001,63948.73600294985,5
2005-12-16,773.9486267754382,63312.8,64086.74862677544,5
2005-12-19,549.9744611336391,64575.85,65125.82446113364,5
2005-12-20,16933.084788501124,50512.9,67445.98478850113,4
2005-12-21,3724.0136184471194,63947.25000000001,67671.26361844712,5
2005-12-22,3724.0136184471194,63382.85,67106.86361844713,5
2005-12-23,3724.0136184471194,63204.95,66928.96361844712,5
2005-12-26,15793.038832345359,49100.399999999994,64893.43883234535,4
2005-12-27,14013.77763338194,51359.5,65373.27763338194,4
2005-12-28,12938.82464788344,51787.75,64726.57464788344,4
2005-12-29,22.324647883440775,65302.85,65325.17464788344,5
2005-12-30,397.83596350894004,65662.3,66060.13596350895,5
2006-01-02,397.83596350894004,66087.29999999999,66485.13596350893,5
2006-01-03,397.83596350894004,67276.3,67674.13596350895,5
2006-01-04,397.83596350894004,67498.25,67896.08596350894,5
2006-01-05,15075.84629273292,55196.65,70272.49629273292,4
2006-01-06,1573.3216062073225,69203.35,70776.67160620732,5
2006-01-09,3173.484260356923,69007.0,72180.48426035693,5
2006-01-10,3173.484260356923,68296.3,71469.78426035693,5
2006-01-12,3173.484260356923,67606.85,70780.33426035693,5
2006-01-13,3173.484260356923,66921.7,70095.18426035692,5
2006-01-16,15706.050264036861,53409.0,69115.05026403686,4
2006-01-17,14913.474498711552,52783.8,67697.27449871156,4
2006-01-18,667.7030434215485,66792.35,67460.05304342156,5
2006-01-19,14036.773907112949,54815.200000000004,68851.97390711296,4
2006-01-20,14036.773907112949,54779.45,68816.22390711294,4
2006-01-23,14036.773907112949,54439.05,68475.82390711295,4
2006-01-24,454.1239071129494,67040.5,67494.62390711295,5
2006-01-25,454.1239071129494,66055.85,66509.97390711296,5
2006-01-27,1710.4870825839462,65816.0,67526.48708258395,5
2006-01-30,27651.64598416711,38979.15,66630.79598416711,3
2006-01-31,1673.7959841671109,65517.3,67191.09598416711,5
2006-02-01,26554.207641481025,39689.25,66243.45764148103,3
2006-02-02,621.857641481025,66624.65000000001,67246.50764148103,5
2006-02-03,621.857641481025,67593.15,68215.00764148102,5
2006-02-06,621.857641481025,68453.5,69075.35764148102,5
2006-02-07,16080.257437794717,54306.84999999999,70387.10743779471,4
2006-02-08,1725.456862412313,69012.5,70737.9568624123,5
2006-02-10,15549.291630918211,55563.75,71113.04163091822,4
2006-02-13,15549.291630918211,56449.85,71999.14163091821,4
2006-02-14,14244.201373951613,56475.1,70719.30137395162,4
2006-02-15,670.7013739516133,69559.65,70230.3513739516,5
2006-02-16,14184.914700630796,57209.1,71394.0147006308,4
2006-02-17,14.914700630795778,68454.84999999999,68469.76470063078,5
2006-02-20,14467.243636713196,53432.399999999994,67899.64363671318,4
2006-02-21,967.2436367131959,68941.75,69908.99363671319,5
2006-02-22,967.2436367131959,68534.1,69501.3436367132,5
2006-02-23,14745.854696245995,53630.25,68376.104696246,4
2006-02-24,28423.886614462994,39419.95,67843.83661446298,3
2006-02-27,1357.986614462994,66313.55,67671.536614463,5
2006-02-28,15046.994264158993,53838.5,68885.49426415899,4
2006-03-01,27619.93327671229,42243.3,69863.2332767123,3
2006-03-02,27983.661899777093,41320.0,69303.6618997771,3
2006-03-03,702.2118997770922,68775.75,69477.96189977709,5
2006-03-06,702.2118997770922,69887.95,70590.16189977709,5
2006-03-07,702.2118997770922,73254.95,73957.16189977709,5
2006-03-08,820.5917580802907,71654.25,72474.84175808029,5
2006-03-09,820.5917580802907,73190.15,74010.74175808029,5
2006-03-10,820.5917580802907,74200.55,75021.1417580803,5
2006-03-13,160.0373685156901,75299.6,75459.6373685157,5
2006-03-14,15437.318045547989,58708.4,74145.71804554798,4
2006-03-16,679.7180455479884,73660.2,74339.91804554798,5
2006-03-17,679.7180455479884,72726.85,73406.56804554799,5
2006-03-20,17440.68465787539,56241.75,73682.43465787539,4
2006-03-21,2794.2346578753913,70022.5,72816.7346578754,5
2006-03-22,2794.2346578753913,69384.6,72178.8346578754,5
2006-03-23,1087.5461041793915,71021.8,72109.34610417939,5
2006-03-24,828.3800732953914,71524.84999999999,72353.23007329539,5
2006-03-27,905.5949866217907,72050.15,72955.74498662178,5
2006-03-28,905.5949866217907,71915.8,72821.39498662179,5
2006-03-29,15558.604343071791,57031.0,72589.60434307178,4
2006-03-30,436.6419825240937,74184.6,74621.2419825241,5
2006-03-31,436.6419825240937,75180.5,75617.14198252409,5
2006-04-03,704.2389237664938,75333.4,76037.63892376648,5
2006-04-04,16383.10145225657,59289.1,75672.20145225657,4
2006-04-05,557.3970522275649,75117.4,75674.79705222756,5
2006-04-07,557.3970522275649,72667.5,73224.89705222756,5
2006-04-10,14537.669743585511,58950.50000000001,73488.16974358552,4
2006-04-12,197.49732584540652,70912.25,71109.74732584541,5
2006-04-13,40925.9139751003,27750.0,68675.9139751003,2
2006-04-17,265.71397510030147,69229.45,69495.1639751003,5
2006-04-18,265.71397510030147,69496.55,69762.2639751003,5
2006-04-19,15408.910244656303,54685.0,70093.9102446563,4
2006-04-20,15408.910244656303,55374.1,70783.0102446563,4
2006-04-21,1587.8102446563025,70158.5,71746.3102446563,5
2006-04-24,1012.008376533302,71253.04999999999,72265.05837653328,5
2006-04-25,1012.008376533302,69273.05,70285.0583765333,5
2006-04-26,42515.8831699017,28136.85,70652.73316990171,2
2006-04-27,28387.4831699017,42592.950000000004,70980.4331699017,3
2006-04-28,53926.373404522354,14108.1,68034.47340452236,1
2006-05-02,53926.373404522354,14546.800000000001,68473.17340452236,1
2006-05-03,55169.95697228535,12972.699999999999,68142.65697228535,1
2006-05-04,14378.556972285347,53611.399999999994,67989.95697228535,4
2006-05-05,881.1569722853474,67734.05,68615.20697228535,5
2006-05-08,881.1569722853474,69670.2,70551.35697228534,5
2006-05-09,17250.17444573556,55005.85,72256.02444573556,4
2006-05-10,17250.17444573556,56005.25,73255.42444573555,4
2006-05-11,3775.17444573556,68418.8,72193.97444573557,5
2006-05-12,15102.214009004236,58627.99999999999,73730.21400900422,4
2006-05-15,14812.825603231822,57524.5,72337.32560323182,4
2006-05-16,13329.77814568948,56800.7,70130.47814568947,4
2006-05-17,13329.77814568948,59618.5,72948.27814568949,4
2006-05-18,13329.77814568948,56301.0,69630.77814568949,4
2006-05-19,26750.28540080761,41342.4,68092.68540080762,3
2006-05-22,65777.81573075635,0.0,65777.81573075635,0
2006-05-23,65777.81573075635,0.0,65777.81573075635,0
2006-05-24,65777.81573075635,0.0,65777.81573075635,0
2006-05-25,65777.81573075635,0.0,65777.81573075635,0
2006-05-26,65777.81573075635,0.0,65777.81573075635,0
2006-05-29,65777.81573075635,0.0,65777.81573075635,0
2006-05-30,65777.81573075635,0.0,65777.81573075635,0
2006-05-31,65777.81573075635,0.0,65777.81573075635,0
2006-06-01,65777.81573075635,0.0,65777.81573075635,0
2006-06-02,65777.81573075635,0.0,65777.81573075635,0
2006-06-05,65777.81573075635,0.0,65777.81573075635,0
2006-06-06,65777.81573075635,0.0,65777.81573075635,0
2006-06-07,65777.81573075635,0.0,65777.81573075635,0
2006-06-08,65777.81573075635,0.0,65777.81573075635,0
2006-06-09,65777.81573075635,0.0,65777.81573075635,0
2006-06-12,65777.81573075635,0.0,65777.81573075635,0
2006-06-13,65777.81573075635,0.0,65777.81573075635,0
2006-06-14,65777.81573075635,0.0,65777.81573075635,0
2006-06-15,65777.81573075635,0.0,65777.81573075635,0
2006-06-16,65777.81573075635,0.0,65777.81573075635,0
2006-06-19,65777.81573075635,0.0,65777.81573075635,0
2006-06-20,65777.81573075635,0.0,65777.81573075635,0
2006-06-21,65777.81573075635,0.0,65777.81573075635,0
2006-06-22,65777.81573075635,0.0,65777.81573075635,0
2006-06-23,65777.81573075635,0.0,65777.81573075635,0
2006-06-26,65777.81573075635,0.0,65777.81573075635,0
2006-06-27,65777.81573075635,0.0,65777.81573075635,0
2006-06-28,65777.81573075635,0.0,65777.81573075635,0
2006-06-29,65777.81573075635,0.0,65777.81573075635,0
2006-06-30,65777.81573075635,0.0,65777.81573075635,0
2006-07-03,65777.81573075635,0.0,65777.81573075635,0
2006-07-04,65777.81573075635,0.0,65777.81573075635,0
2006-07-05,65777.81573075635,0.0,65777.81573075635,0
2006-07-06,65777.81573075635,0.0,65777.81573075635,0
2006-07-07,65777.81573075635,0.0,65777.81573075635,0
2006-07-10,27163.815730756352,39387.85,66551.66573075636,3
2006-07-11,13917.815730756352,52493.5,66411.31573075635,4
2006-07-12,13917.815730756352,53771.649999999994,67689.46573075635,4
2006-07-13,13917.815730756352,53420.850000000006,67338.66573075636,4
2006-07-14,13917.815730756352,52909.9,66827.71573075635,4
2006-07-17,789.8157307563524,63738.850000000006,64528.66573075636,5
2006-07-18,789.8157307563524,62663.799999999996,63453.61573075635,5
2006-07-19,50328.59933005305,12836.4,63164.999330053055,1
2006-07-20,50328.59933005305,13182.8,63511.39933005306,1
2006-07-21,50328.59933005305,12816.8,63145.39933005306,1
2006-07-24,50328.59933005305,12890.4,63218.999330053055,1
2006-07-25,50328.59933005305,12885.6,63214.19933005305,1
2006-07-26,63287.290388144254,0.0,63287.290388144254,0
2006-07-27,63287.290388144254,0.0,63287.290388144254,0
2006-07-28,63287.290388144254,0.0,63287.290388144254,0
2006-07-31,50908.540388144254,12231.25,63139.790388144254,1
2006-08-01,50908.540388144254,12160.0,63068.540388144254,1
2006-08-02,50908.540388144254,12465.0,63373.540388144254,1
2006-08-03,38258.540388144254,25549.0,63807.540388144254,2
2006-08-04,25712.540388144254,37679.95,63392.49038814425,3
2006-08-07,13412.540388144254,50524.5,63937.040388144254,4
2006-08-08,13412.540388144254,51060.15,64472.690388144256,4
2006-08-09,26022.233759146755,38339.7,64361.93375914675,3
2006-08-10,13159.733759146755,51339.6,64499.33375914676,4
2006-08-11,289.7337591467549,63678.3,63968.033759146754,5
2006-08-14,1521.857430596754,62745.600000000006,64267.45743059676,5
2006-08-16,14117.290287464753,50579.0,64696.290287464755,4
2006-08-17,26297.777025944753,37817.6,64115.37702594475,3
2006-08-18,13557.777025944753,50077.2,63634.977025944754,4
2006-08-21,956.0270259447534,64457.55,65413.57702594476,5
2006-08-22,99.62671133975164,64151.5,64251.12671133975,5
2006-08-23,323.1294983541502,63507.649999999994,63830.779498354146,5
2006-08-24,11521.989774835607,51862.049999999996,63384.039774835604,4
2006-08-25,151.18977483560593,64020.3,64171.48977483561,5
2006-08-28,151.18977483560593,64598.55,64749.73977483561,5
2006-08-29,13884.544206219605,51586.8,65471.34420621961,4
2006-08-30,797.0442062196053,64776.950000000004,65573.9942062196,5
2006-08-31,14721.672008355605,50202.55,64924.22200835561,4
2006-09-01,28175.876790538805,36166.0,64341.87679053881,3
2006-09-04,41126.229185448006,23520.949999999997,64647.179185448,2
2006-09-05,27105.05401708001,36668.4,63773.45401708001,3
2006-09-06,27105.05401708001,36658.5,63763.55401708001,3
2006-09-07,14397.054017080009,48930.450000000004,63327.50401708001,4
2006-09-08,14733.337785005007,48812.95,63546.287785005006,4
2006-09-11,26114.31922586523,35530.700000000004,61645.01922586524,3
2006-09-12,25767.43139938305,36588.8,62356.231399383054,3
2006-09-13,892.8813993830499,63498.55,64391.43139938305,5
2006-09-14,514.2056065326506,65177.50000000001,65691.70560653266,5
2006-09-15,514.2056065326506,65310.4,65824.60560653266,5
2006-09-18,76.40494604464948,65221.05,65297.45494604465,5
2006-09-19,76.40494604464948,63919.05,63995.45494604465,5
2006-09-20,76.40494604464948,64753.25,64829.65494604465,5
2006-09-21,311.15291864465144,64331.100000000006,64642.252918644655,5
2006-09-22,14502.211500871352,49726.6,64228.81150087135,4
2006-09-25,1083.217150613349,62929.5,64012.717150613345,5
2006-09-26,1083.217150613349,63107.850000000006,64191.06715061335,5
2006-09-27,14057.308070795349,50641.049999999996,64698.358070795344,4
2006-09-28,1316.3080707953486,64524.5,65840.80807079535,5
2006-09-29,1316.3080707953486,64284.950000000004,65601.25807079536,5
2006-10-03,869.1004904849469,64913.350000000006,65782.45049048495,5
2006-10-04,163.98380830194765,64944.299999999996,65108.283808301945,5
2006-10-05,989.7090130272481,65532.299999999996,66522.00901302724,5
2006-10-06,989.7090130272481,64792.35,65782.05901302725,5
2006-10-09,989.7090130272481,65248.5,66238.20901302726,5
2006-10-10,480.93748181864794,65178.4,65659.33748181866,5
2006-10-11,480.93748181864794,63897.9,64378.83748181865,5
2006-10-12,2162.345077986449,62828.15,64990.49507798645,5
2006-10-13,15403.81119423045,49977.35,65381.161194230444,4
2006-10-16,28459.193819926448,36404.95,64864.143819926445,3
2006-10-17,2709.6938199264478,61727.850000000006,64437.54381992645,5
2006-10-18,2709.6938199264478,63164.55,65874.24381992646,5
2006-10-19,1994.724322185648,63635.450000000004,65630.17432218566,5
2006-10-20,1994.724322185648,63976.45,65971.17432218564,5
2006-10-23,1614.244778873648,63706.2,65320.44477887364,5
2006-10-26,1614.244778873648,64860.8,66475.04477887365,5
2006-10-27,5185.478158667647,62566.74999999999,67752.22815866764,5
2006-10-30,3366.8590318746465,64693.149999999994,68060.00903187464,5
2006-10-31,15466.856515638101,50904.75,66371.6065156381,4
2006-11-01,2074.242320846706,65018.6,67092.8423208467,5
2006-11-02,2074.242320846706,65531.2,67605.4423208467,5
2006-11-03,1851.2547776387055,64551.9,66403.1547776387,5
2006-11-06,1851.2547776387055,64942.799999999996,66794.0547776387,5
2006-11-07,127.1778911287056,66175.4,66302.5778911287,5
2006-11-08,15414.761200183904,51062.7,66477.4612001839,4
2006-11-09,2430.3612001839047,65449.899999999994,67880.2612001839,5
2006-11-10,16475.205318284705,52349.85,68825.0553182847,4
2006-11-13,2769.505318284706,66819.75,69589.2553182847,5
2006-11-14,3218.272189292904,66666.95000000001,69885.22218929292,5
2006-11-15,3218.272189292904,66958.65000000001,70176.9221892929,5
2006-11-16,3344.538356682904,67354.70000000001,70699.23835668291,5
2006-11-17,16108.050945568588,54164.59999999999,70272.65094556857,4
2006-11-20,2200.21673016929,66954.45,69154.6667301693,5
2006-11-21,1712.3363561010883,68843.35,70555.6863561011,5
2006-11-22,1732.8109313095902,68919.34999999999,70652.16093130958,5
2006-11-23,1121.3980579655909,70267.45,71388.84805796559,5
2006-11-24,1121.3980579655909,70175.7,71297.09805796559,5
2006-11-27,1121.3980579655909,70424.6,71545.9980579656,5
2006-11-28,1121.3980579655909,69848.45,70969.84805796559,5
2006-11-29,15121.504566795193,56498.85,71620.3545667952,4
2006-11-30,30025.47716131919,41336.2,71361.67716131918,3
2006-12-01,43831.96742214599,27865.9,71697.867422146,2
2006-12-04,264.7537581059951,71612.8,71877.55375810599,5
2006-12-05,264.7537581059951,70705.5,70970.253758106,5
2006-12-06,13352.97448618245,56669.8,70022.77448618245,4
2006-12-07,12.974486182449255,69866.0,69878.97448618244,5
2006-12-08,14186.23403106165,54720.2,68906.43403106165,4
2006-12-11,39489.5655856425,27321.6,66811.1655856425,2
2006-12-12,52157.42192670399,13478.0,65635.42192670399,1
2006-12-13,27030.857435631995,39398.1,66428.957435632,3
2006-12-14,27030.857435631995,40769.3,67800.15743563199,3
2006-12-15,27030.857435631995,41384.1,68414.957435632,3
2006-12-18,27030.857435631995,42190.9,69221.757435632,3
2006-12-19,27030.857435631995,41302.9,68333.757435632,3
2006-12-20,13423.757435631996,55398.2,68821.957435632,4
2006-12-21,12470.190258420498,56147.350000000006,68617.5402584205,4
2006-12-22,54553.6823115679,14763.45,69317.1323115679,1
2006-12-26,40868.6823115679,28288.45,69157.1323115679,2
2006-12-27,40868.6823115679,28306.85,69175.53231156789,2
2006-12-28,27044.2823115679,42173.8,69218.08231156791,3
2006-12-29,27044.2823115679,42603.4,69647.6823115679,3
2007-01-02,42281.957833956694,27385.699999999997,69667.65783395669,2
2007-01-03,42281.957833956694,27257.6,69539.5578339567,2
2007-01-04,28377.957833956694,40412.45,68790.40783395669,3
2007-01-05,906.4865625876973,67615.95,68522.4365625877,5
2007-01-08,906.4865625876973,68964.9,69871.3865625877,5
2007-01-09,390.8831584562977,68330.1,68720.9831584563,5
2007-01-10,29932.445738984585,41407.5,71339.94573898459,3
2007-01-11,1471.495738984584,71562.2,73033.69573898458,5
2007-01-12,1471.495738984584,72767.8,74239.29573898458,5
2007-01-15,1471.495738984584,73747.5,75218.99573898458,5
2007-01-16,75.05428403498263,75492.95000000001,75568.00428403499,5
2007-01-17,75.05428403498263,76585.05,76660.10428403498,5
2007-01-18,172.17924414398294,76888.6,77060.77924414398,5
2007-01-19,172.17924414398294,76891.0,77063.17924414398,5
2007-01-22,4090.4793296943826,71082.65,75173.12932969438,5
2007-01-23,31707.309688897192,41504.65,73211.95968889719,3
2007-01-24,17963.309688897192,55698.75,73662.05968889719,4
2007-01-25,4433.5040219075945,70524.0,74957.50402190759,5
2007-01-29,4433.5040219075945,70650.0,75083.50402190759,5
2007-01-31,4110.741705432094,73235.7,77346.4417054321,5
2007-02-01,4110.741705432094,72938.79999999999,77049.54170543209,5
2007-02-02,2131.719386448094,75482.4,77614.11938644809,5
2007-02-05,2131.719386448094,76256.45,78388.16938644809,5
2007-02-06,76.11209050409343,78841.4,78917.51209050408,5
2007-02-07,977.923125383697,77572.8,78550.7231253837,5
2007-02-08,977.923125383697,78322.7,79300.62312538369,5
2007-02-09,18094.71274132406,60920.9,79015.61274132406,4
2007-02-12,2574.7127413240596,73170.6,75745.31274132407,5
2007-02-13,30437.37212733244,44815.35,75252.72212733244,3
2007-02-14,28932.69584879116,45824.05,74756.74584879116,3
2007-02-15,27942.802194992444,46549.899999999994,74492.70219499244,3
2007-02-19,43739.057730069246,31157.1,74896.15773006924,2
2007-02-20,57838.07054185893,15336.0,73174.07054185894,1
2007-02-21,29638.070541858928,42948.4,72586.47054185893,3
2007-02-22,29638.070541858928,41692.55,71330.62054185892,3
2007-02-23,56154.28816498758,14484.0,70638.28816498758,1
2007-02-26,70909.76134728138,0.0,70909.76134728138,0
2007-02-27,70909.76134728138,0.0,70909.76134728138,0
2007-02-28,70909.76134728138,0.0,70909.76134728138,0
2007-03-01,70909.76134728138,0.0,70909.76134728138,0
2007-03-02,56774.76134728138,14129.499999999998,70904.26134728138,1
2007-03-05,56774.76134728138,13249.5,70024.26134728138,1
2007-03-06,56774.76134728138,13255.0,70029.76134728138,1
2007-03-07,56774.76134728138,12963.5,69738.26134728138,1
2007-03-08,56774.76134728138,13414.5,70189.26134728138,1
2007-03-09,56774.76134728138,13128.5,69903.26134728138,1
2007-03-12,56774.76134728138,13095.5,69870.26134728138,1
2007-03-13,69925.15680881438,0.0,69925.15680881438,0
2007-03-14,55983.956808814386,13735.4,69719.35680881438,1
2007-03-15,55983.956808814386,14022.4,70006.35680881438,1
2007-03-16,55983.956808814386,13907.6,69891.55680881439,1
2007-03-19,55983.956808814386,14001.4,69985.35680881438,1
2007-03-20,55983.956808814386,13973.4,69957.35680881438,1
2007-03-21,55983.956808814386,13935.6,69919.55680881439,1
2007-03-22,55983.956808814386,14026.6,70010.55680881439,1
2007-03-23,69940.33948018678,0.0,69940.33948018678,0
2007-03-26,69940.33948018678,0.0,69940.33948018678,0
2007-03-28,69940.33948018678,0.0,69940.33948018678,0
2007-03-29,56119.33948018678,13967.2,70086.53948018678,1
2007-03-30,56119.33948018678,14147.400000000001,70266.73948018678,1
2007-04-02,30376.139480186783,39497.65000000001,69873.7894801868,3
2007-04-03,30376.139480186783,39469.55,69845.68948018679,3
2007-04-04,2540.939480186784,68598.4,71139.33948018678,5
2007-04-05,2540.939480186784,69241.7,71782.63948018679,5
2007-04-09,19618.79154192259,54712.45,74331.24154192259,4
2007-04-10,4067.6794843065873,71112.20000000001,75179.8794843066,5
2007-04-11,4067.6794843065873,71552.65,75620.32948430658,5
2007-04-12,15255.812373554989,58784.649999999994,74040.46237355498,4
2007-04-13,656.0623735549889,74167.65000000001,74823.712373555,5
2007-04-16,1093.934826205188,74370.8,75464.7348262052,5
2007-04-17,1093.934826205188,73159.5,74253.4348262052,5
2007-04-18,14941.924557736264,59844.65,74786.57455773627,4
2007-04-19,15205.069553494366,60482.75,75687.81955349437,4
2007-04-20,253.06955349436612,75845.65,76098.71955349436,5
2007-04-23,253.06955349436612,75413.0,75666.06955349437,5
2007-04-24,3.399298552365508,77990.55,77993.94929855237,5
2007-04-25,1653.162695955867,76457.8,78110.96269595587,5
2007-04-26,14921.337870322544,59969.399999999994,74890.73787032254,4
2007-04-27,201.33787032254622,73050.6,73251.93787032255,5
2007-04-30,57.488743403146145,75454.59999999999,75512.08874340313,5
2007-05-03,442.6506559719455,76158.35,76601.00065597195,5
2007-05-04,442.6506559719455,76264.35,76707.00065597195,5
2007-05-07,234.92457021194605,75932.55,76167.47457021195,5
2007-05-08,1278.7282079911474,73250.45,74529.17820799115,5
2007-05-09,1278.7282079911474,74179.3,75458.02820799116,5
2007-05-10,16385.62545624115,60037.65,76423.27545624116,4
2007-05-11,30100.12439323315,46782.5,76882.62439323316,3
2007-05-14,46249.81767508315,31237.0,77486.81767508315,2
2007-05-15,15448.817675083146,61063.950000000004,76512.76767508315,4
2007-05-16,441.17468671054667,77221.25,77662.42468671055,5
2007-05-17,15250.086017412574,60491.45,75741.53601741257,4
2007-05-18,431.0860174125737,74801.15,75232.23601741256,5
2007-05-21,431.0860174125737,76123.7,76554.78601741257,5
2007-05-22,431.0860174125737,75487.20000000001,75918.28601741258,5
2007-05-23,431.0860174125737,74740.05,75171.13601741257,5
2007-05-24,529.246719840974,73937.15,74466.39671984097,5
2007-05-25,15375.977901041484,59214.850000000006,74590.82790104148,4
2007-05-28,16067.897194267483,59530.75,75598.64719426748,4
2007-05-29,1220.8971942674834,73977.9,75198.79719426748,5
2007-05-30,1220.8971942674834,73319.4,74540.29719426748,5
2007-05-31,1220.8971942674834,73671.2,74892.09719426748,5
2007-06-01,1220.8971942674834,74997.3,76218.19719426749,5
2007-06-04,1074.0216568746855,75097.15,76171.17165687468,5
2007-06-05,424.9859266806852,75785.25,76210.23592668069,5
2007-06-06,740.2675091056863,74102.0,74842.26750910569,5
2007-06-07,265.83167382768625,74032.65,74298.48167382769,5
2007-06-08,265.83167382768625,73354.69999999998,73620.53167382767,5
2007-06-11,13992.142397314225,60031.1,74023.24239731423,4
2007-06-12,13992.142397314225,60607.700000000004,74599.84239731423,4
2007-06-13,304.0931178339233,73622.15,73926.24311783392,5
2007-06-14,31215.888965969127,43560.85,74776.73896596913,3
2007-06-15,31215.888965969127,42935.950000000004,74151.83896596913,3
2007-06-18,45910.482222806124,27948.45,73858.93222280612,2
2007-06-19,45910.482222806124,27727.35,73637.83222280612,2
2007-06-20,45910.482222806124,28035.35,73945.83222280612,2
2007-06-21,31320.482222806124,43058.55,74379.03222280613,3
2007-06-22,58685.45607091332,14427.5,73112.95607091332,1
2007-06-25,15621.456070913322,57413.9,73035.35607091332,4
2007-06-26,1145.456070913322,71984.8,73130.25607091332,5
2007-06-27,1145.456070913322,72245.25,73390.70607091332,5
2007-06-28,1145.456070913322,73739.85,74885.30607091333,5
2007-06-29,1145.456070913322,73985.65,75131.10607091332,5
2007-07-02,1118.7338322733212,75657.45,76776.18383227332,5
2007-07-03,1118.7338322733212,77028.5,78147.23383227333,5
2007-07-04,14786.866311346706,62889.6,77676.46631134671,4
2007-07-05,14261.373171894706,63125.75000000001,77387.12317189471,4
2007-07-06,1.3731718947055924,77213.5,77214.87317189471,5
2007-07-09,1.3731718947055924,78238.75,78240.12317189471,5
2007-07-10,1.3731718947055924,77858.25,77859.62317189471,5
2007-07-11,632.243941331506,77512.4,78144.6439413315,5
2007-07-12,632.243941331506,78482.05,79114.2939413315,5
2007-07-13,1589.2092075175024,78566.9,80156.1092075175,5
2007-07-16,76.43691470350132,82292.2,82368.6369147035,5
2007-07-17,18966.042106225137,63031.95,81997.99210622514,4
2007-07-18,3566.042106225137,78997.65,82563.69210622513,5
2007-07-19,3566.042106225137,80530.8,84096.84210622514,5
2007-07-20,2395.911771714538,80929.35,83325.26177171455,5
2007-07-23,2395.911771714538,81584.4,83980.31177171454,5
2007-07-24,5867.7537129637385,77675.9,83543.65371296373,5
2007-07-25,20991.21434488109,60031.0,81022.2143448811,4
2007-07-26,17330.989809845996,62947.149999999994,80278.13980984599,4
2007-07-27,148.89983911599484,77151.65,77300.54983911599,5
2007-07-30,14495.57931866974,62603.1,77098.67931866973,4
2007-07-31,148.8676106697385,78360.95,78509.81761066974,5
2007-08-01,14917.576545403821,60380.15,75297.72654540383,4
2007-08-02,63.97654540382064,75632.59999999999,75696.5765454038,5
2007-08-03,63.97654540382064,76667.4,76731.37654540382,5
2007-08-06,15747.91118340212,59868.299999999996,75616.21118340212,4
2007-08-07,15856.312363016521,59050.5,74906.81236301652,4
2007-08-08,15856.312363016521,59546.200000000004,75402.51236301652,4
2007-08-09,45733.80290048552,29489.1,75222.90290048553,2
2007-08-10,45733.80290048552,28935.699999999997,74669.50290048552,2
2007-08-13,59034.73242059616,15015.15,74049.88242059616,1
2007-08-14,59034.73242059616,15067.0,74101.73242059616,1
2007-08-16,72600.02490912478,0.0,72600.02490912478,0
2007-08-17,72600.02490912478,0.0,72600.02490912478,0
2007-08-20,72600.02490912478,0.0,72600.02490912478,0
2007-08-21,72600.02490912478,0.0,72600.02490912478,0
2007-08-22,72600.02490912478,0.0,72600.02490912478,0
2007-08-23,72600.02490912478,0.0,72600.02490912478,0
2007-08-24,72600.02490912478,0.0,72600.02490912478,0
2007-08-27,72600.02490912478,0.0,72600.02490912478,0
2007-08-28,72600.02490912478,0.0,72600.02490912478,0
2007-08-29,72600.02490912478,0.0,72600.02490912478,0
2007-08-30,72600.02490912478,0.0,72600.02490912478,0
2007-08-31,72600.02490912478,0.0,72600.02490912478,0
2007-09-03,44943.02490912478,28091.35,73034.37490912477,2
2007-09-04,30385.024909124782,42749.25,73134.27490912478,3
2007-09-05,1366.5249091247824,71272.25,72638.77490912478,5
2007-09-06,1366.5249091247824,72259.25,73625.77490912478,5
2007-09-07,1366.5249091247824,71935.79999999999,73302.32490912477,5
2007-09-10,1366.5249091247824,74007.7,75374.22490912478,5
2007-09-11,14548.51854692237,59405.049999999996,73953.56854692237,4
2007-09-12,30.860610087671375,74186.95,74217.81061008768,5
2007-09-13,30.860610087671375,74711.45000000001,74742.31061008768,5
2007-09-14,1818.7022717112704,72266.95,74085.65227171127,5
2007-09-17,1818.7022717112704,72007.75,73826.45227171127,5
2007-09-18,1818.7022717112704,73112.6,74931.30227171128,5
2007-09-19,1818.7022717112704,74959.4,76778.10227171126,5
2007-09-20,1818.7022717112704,76332.4,78151.10227171126,5
2007-09-21,18320.585286411268,58927.6,77248.18528641126,4
2007-09-24,3008.5852864112676,75122.0,78130.58528641127,5
2007-09-25,4936.069006200269,72988.90000000001,77924.96900620028,5
2007-09-26,4936.069006200269,72391.40000000001,77327.46900620028,5
2007-09-27,4936.069006200269,71234.6,76170.66900620027,5
2007-09-28,4936.069006200269,72406.75,77342.81900620027,5
2007-10-01,4936.069006200269,73884.6,78820.66900620027,5
2007-10-03,5934.577857028271,73032.84999999999,78967.42785702826,5
2007-10-04,19480.440696233658,57914.9,77395.34069623366,4
2007-10-05,3225.212890182862,73987.75,77212.96289018285,5
2007-10-08,17041.495749887108,58159.85,75201.34574988711,4
2007-10-09,2103.5957498871066,75246.1,77349.69574988712,5
2007-10-10,18599.178748207272,60836.899999999994,79436.07874820726,4
2007-10-11,4326.378748207271,77137.45,81463.82874820726,5
2007-10-12,20085.97643308527,59014.6,79100.57643308527,4
2007-10-15,4580.97643308527,75318.65,79899.62643308527,5
2007-10-16,33721.87837164207,46643.55,80365.42837164208,3
2007-10-17,44513.90312603375,33978.95,78492.85312603375,2
2007-10-18,44513.90312603375,32827.149999999994,77341.05312603374,2
2007-10-19,29169.90312603375,46888.45,76058.35312603375,3
2007-10-22,29169.90312603375,48500.90000000001,77670.80312603376,3
2007-10-23,227.9031260337506,79889.05,80116.95312603375,5
2007-10-24,16518.153954724752,61923.399999999994,78441.55395472475,4
2007-10-25,16518.153954724752,61910.0,78428.15395472475,4
2007-10-26,34949.70566788715,44315.8,79265.50566788716,3
2007-10-29,34949.70566788715,45166.5,80116.20566788714,3
2007-10-30,50244.26036439915,30443.0,80687.26036439915,2
2007-10-31,50244.26036439915,29775.1,80019.36036439915,2
2007-11-01,80259.20184664715,0.0,80259.20184664715,0
2007-11-02,80259.20184664715,0.0,80259.20184664715,0
2007-11-05,64246.00184664715,15864.800000000001,80110.80184664715,1
2007-11-06,64246.00184664715,15117.199999999999,79363.20184664715,1
2007-11-07,64246.00184664715,14887.600000000002,79133.60184664716,1
2007-11-08,64246.00184664715,14714.0,78960.00184664715,1
2007-11-09,64246.00184664715,14904.399999999998,79150.40184664715,1
2007-11-12,64246.00184664715,13980.4,78226.40184664715,1
2007-11-13,64246.00184664715,14837.199999999999,79083.20184664715,1
2007-11-14,79427.60017803195,0.0,79427.60017803195,0
2007-11-15,79427.60017803195,0.0,79427.60017803195,0
2007-11-16,79427.60017803195,0.0,79427.60017803195,0
2007-11-19,47918.60017803195,30213.0,78131.60017803195,2
2007-11-20,30818.906009891696,46897.149999999994,77716.05600989169,3
2007-11-21,15325.306009891696,59201.2,74526.50600989169,4
2007-11-22,42088.72426500121,29217.85,71306.57426500121,2
2007-11-23,42088.72426500121,29667.55,71756.27426500121,2
2007-11-26,42088.72426500121,30083.55,72172.27426500121,2
2007-11-27,42088.72426500121,29590.65,71679.37426500121,2
2007-11-28,42088.72426500121,29520.65,71609.37426500121,2
2007-11-29,42088.72426500121,29407.4,71496.12426500121,2
2007-11-30,57874.270878911615,14776.949999999999,72651.22087891161,1
2007-12-03,73069.48327060661,0.0,73069.48327060661,0
2007-12-04,73069.48327060661,0.0,73069.48327060661,0
2007-12-05,73069.48327060661,0.0,73069.48327060661,0
2007-12-06,58540.48327060661,14357.900000000001,72898.3832706066,1
2007-12-07,29199.353510435347,41548.950000000004,70748.30351043535,3
2007-12-10,29199.353510435347,41119.35,70318.70351043534,3
2007-12-11,2251.353510435347,68493.65,70745.00351043534,5
2007-12-12,2251.353510435347,70070.75,72322.10351043535,5
2007-12-13,2251.353510435347,70082.0,72333.35351043535,5
2007-12-14,2251.353510435347,70455.8,72707.15351043535,5
2007-12-17,2251.353510435347,67927.70000000001,70179.05351043536,5
2007-12-18,46460.21845384325,26238.9,72699.11845384326,2
2007-12-19,4225.218453843248,67366.9,71592.11845384324,5
2007-12-20,28906.733398705248,40163.3,69070.03339870524,3
2007-12-24,28906.733398705248,40140.15,69046.88339870525,3
2007-12-26,28906.733398705248,40229.9,69136.63339870525,3
2007-12-27,28454.924412527696,40087.4,68542.3244125277,3
2007-12-28,2354.9244125276964,65644.09999999999,67999.02441252768,5
2007-12-31,2354.9244125276964,65615.5,67970.4244125277,5
2008-01-01,2581.7493169436984,65495.8,68077.5493169437,5
2008-01-02,14799.869544252142,53136.9,67936.76954425214,4
2008-01-03,13531.739897065852,55442.6,68974.33989706585,4
2008-01-04,48.73989706585235,69071.15000000001,69119.88989706586,5
2008-01-07,48.73989706585235,69183.5,69232.23989706585,5
2008-01-08,2341.4685428458524,64569.9,66911.36854284586,5
2008-01-09,26883.061431445647,39336.65,66219.71143144564,3
2008-01-10,11513.17718621592,50575.65,62088.82718621592,4
2008-01-11,23571.19544703278,37836.6,61407.79544703278,3
2008-01-14,13147.86841071568,49574.3,62722.16841071568,4
2008-01-15,13147.86841071568,48575.9,61723.76841071568,4
2008-01-16,13147.86841071568,47439.9,60587.76841071568,4
2008-01-17,13147.86841071568,47192.75,60340.61841071568,4
2008-01-18,24027.366986593574,34524.85,58552.21698659357,3
2008-01-21,57532.233312513315,0.0,57532.233312513315,0
2008-01-22,57532.233312513315,0.0,57532.233312513315,0
2008-01-23,57532.233312513315,0.0,57532.233312513315,0
2008-01-24,57532.233312513315,0.0,57532.233312513315,0
2008-01-25,57532.233312513315,0.0,57532.233312513315,0
2008-01-28,57532.233312513315,0.0,57532.233312513315,0
2008-01-29,57532.233312513315,0.0,57532.233312513315,0
2008-01-30,57532.233312513315,0.0,57532.233312513315,0
2008-01-31,57532.233312513315,0.0,57532.233312513315,0
2008-02-01,57532.233312513315,0.0,57532.233312513315,0
2008-02-04,57532.233312513315,0.0,57532.233312513315,0
2008-02-05,57532.233312513315,0.0,57532.233312513315,0
2008-02-06,57532.233312513315,0.0,57532.233312513315,0
2008-02-07,57532.233312513315,0.0,57532.233312513315,0
2008-02-08,57532.233312513315,0.0,57532.233312513315,0
2008-02-11,57532.233312513315,0.0,57532.233312513315,0
2008-02-12,57532.233312513315,0.0,57532.233312513315,0
2008-02-13,57532.233312513315,0.0,57532.233312513315,0
2008-02-14,57532.233312513315,0.0,57532.233312513315,0
2008-02-15,57532.233312513315,0.0,57532.233312513315,0
2008-02-18,57532.233312513315,0.0,57532.233312513315,0
2008-02-19,57532.233312513315,0.0,57532.233312513315,0
2008-02-20,57532.233312513315,0.0,57532.233312513315,0
2008-02-21,57532.233312513315,0.0,57532.233312513315,0
2008-02-22,46048.233312513315,11049.0,57097.233312513315,1
2008-02-25,46048.233312513315,10938.8,56987.03331251332,1
2008-02-26,46048.233312513315,10973.599999999999,57021.833312513314,1
2008-02-27,46048.233312513315,10614.0,56662.233312513315,1
2008-02-28,46048.233312513315,10318.2,56366.43331251331,1
2008-02-29,46048.233312513315,10335.599999999999,56383.833312513314,1
2008-03-03,46048.233312513315,9912.2,55960.43331251331,1
2008-03-04,55873.72150476932,0.0,55873.72150476932,0
2008-03-05,34506.52150476932,21303.3,55809.82150476932,2
2008-03-07,12690.52150476932,42032.55,54723.07150476932,4
2008-03-10,12690.52150476932,42604.35,55294.87150476932,4
2008-03-11,12690.52150476932,42999.899999999994,55690.421504769314,4
2008-03-12,12690.52150476932,43460.399999999994,56150.921504769314,4
2008-03-13,10944.637100185317,42347.85,53292.48710018532,4
2008-03-14,10944.637100185317,42794.1,53738.73710018532,4
2008-03-17,10012.354835281316,41318.7,51331.05483528131,4
2008-03-18,31302.754341505315,20188.800000000003,51491.55434150532,2
2008-03-19,31302.754341505315,20674.8,51977.55434150531,2
2008-03-24,49511.50796910166,0.0,49511.50796910166,0
2008-03-25,49511.50796910166,0.0,49511.50796910166,0
2008-03-26,49511.50796910166,0.0,49511.50796910166,0
2008-03-27,49511.50796910166,0.0,49511.50796910166,0
2008-03-28,49511.50796910166,0.0,49511.50796910166,0
2008-03-31,49511.50796910166,0.0,49511.50796910166,0
2008-04-01,49511.50796910166,0.0,49511.50796910166,0
2008-04-02,39874.50796910166,9550.75,49425.25796910166,1
2008-04-03,39874.50796910166,10036.050000000001,49910.55796910166,1
2008-04-04,30039.757969101658,19129.949999999997,49169.707969101655,2
2008-04-07,30039.757969101658,19671.949999999997,49711.707969101655,2
2008-04-08,30039.757969101658,19082.199999999997,49121.957969101655,2
2008-04-09,30039.757969101658,19243.85,49283.60796910166,2
2008-04-10,10657.757969101658,38375.399999999994,49033.15796910165,4
2008-04-11,20057.021197959657,28956.550000000003,49013.57119795966,3
2008-04-15,20057.021197959657,30686.200000000004,50743.22119795966,3
2008-04-16,29970.159819236156,20799.25,50769.409819236156,2
2008-04-17,29970.159819236156,21102.5,51072.659819236156,2
2008-04-21,19888.159819236156,31649.449999999997,51537.60981923615,3
2008-04-22,1478.1598192361562,49882.649999999994,51360.80981923615,5
2008-04-23,1042.7129250281578,50829.5,51872.21292502816,5
2008-04-24,1042.7129250281578,49694.6,50737.312925028156,5
2008-04-25,1042.7129250281578,50041.8,51084.51292502816,5
2008-04-28,1042.7129250281578,50531.649999999994,51574.36292502815,5
2008-04-29,1042.7129250281578,52967.7,54010.412925028155,5
2008-04-30,319.1114216009555,53750.85,54069.96142160095,5
2008-05-02,11115.071560465856,44248.0,55363.071560465854,4
2008-05-05,1698.7982860234551,53817.100000000006,55515.89828602346,5
2008-05-06,1698.7982860234551,53411.95,55110.74828602345,5
2008-05-07,1698.7982860234551,53550.05,55248.84828602346,5
2008-05-08,1698.7982860234551,51911.850000000006,53610.64828602346,5
2008-05-09,1698.7982860234551,51247.649999999994,52946.44828602345,5
2008-05-12,30084.80369753406,21043.600000000002,51128.40369753406,2
2008-05-13,40497.30460332126,10492.5,50989.80460332126,1
2008-05-14,50903.18668870926,0.0,50903.18668870926,0
2008-05-15,40928.18668870926,10083.5,51011.68668870926,1
2008-05-16,30768.38668870926,20625.35,51393.73668870926,2
2008-05-20,30768.38668870926,21183.300000000003,51951.68668870926,2
2008-05-21,21016.88668870926,31230.65,52247.53668870926,3
2008-05-22,10602.886688709259,40735.3,51338.18668870926,4
2008-05-23,449.38668870925903,50327.3,50776.68668870926,5
2008-05-26,9391.081433403666,39821.9,49212.981433403664,4
2008-05-27,20172.64704486367,29073.199999999997,49245.847044863665,3
2008-05-28,29568.98186403217,20256.5,49825.48186403217,2
2008-05-29,29568.98186403217,20699.75,50268.73186403217,2
2008-05-30,40231.10869412317,9835.0,50066.10869412317,1
2008-06-02,30224.60869412317,19779.199999999997,50003.80869412317,2
2008-06-03,39642.97026273217,10086.65,49729.62026273217,1
2008-06-04,29898.970262732168,19095.25,48994.22026273217,2
2008-06-05,29898.970262732168,19794.300000000003,49693.27026273217,2
2008-06-06,29898.970262732168,19542.6,49441.570262732166,2
2008-06-09,29898.970262732168,19649.050000000003,49548.02026273217,2
2008-06-10,20448.970262732168,29178.65,49627.62026273217,3
2008-06-11,30762.20324806717,19417.05,50179.253248067165,2
2008-06-12,30762.20324806717,19476.1,50238.30324806717,2
2008-06-13,40858.21376499517,9333.25,50191.46376499517,1
2008-06-16,40858.21376499517,9539.0,50397.21376499517,1
2008-06-17,40858.21376499517,9557.75,50415.96376499517,1
2008-06-18,40858.21376499517,9312.25,50170.46376499517,1
2008-06-19,50098.03811427517,0.0,50098.03811427517,0
2008-06-20,50098.03811427517,0.0,50098.03811427517,0
2008-06-23,40198.03811427517,9994.5,50192.53811427517,1
2008-06-24,40198.03811427517,9929.25,50127.28811427517,1
2008-06-25,40198.03811427517,9924.75,50122.78811427517,1
2008-06-26,40198.03811427517,9976.5,50174.53811427517,1
2008-06-27,40198.03811427517,9596.25,49794.28811427517,1
2008-06-30,48899.45659145793,0.0,48899.45659145793,0
2008-07-01,48899.45659145793,0.0,48899.45659145793,0
2008-07-02,48899.45659145793,0.0,48899.45659145793,0
2008-07-03,48899.45659145793,0.0,48899.45659145793,0
2008-07-04,48899.45659145793,0.0,48899.45659145793,0
2008-07-07,48899.45659145793,0.0,48899.45659145793,0
2008-07-08,48899.45659145793,0.0,48899.45659145793,0
2008-07-09,48899.45659145793,0.0,48899.45659145793,0
2008-07-10,48899.45659145793,0.0,48899.45659145793,0
2008-07-11,39241.75659145793,9363.300000000001,48605.056591457935,1
2008-07-14,39241.75659145793,9384.0,48625.75659145793,1
2008-07-15,39241.75659145793,8924.0,48165.75659145793,1
2008-07-16,39241.75659145793,9124.1,48365.85659145793,1
2008-07-17,39241.75659145793,9637.0,48878.75659145793,1
2008-07-18,39241.75659145793,10037.199999999999,49278.95659145793,1
2008-07-21,39241.75659145793,9807.199999999999,49048.95659145793,1
2008-07-22,49093.388851437136,0.0,49093.388851437136,0
2008-07-23,39481.388851437136,9794.400000000001,49275.78885143714,1
2008-07-24,20498.988851437134,28263.85,48762.83885143713,3
2008-07-25,1679.3888514371338,46917.84999999999,48597.23885143713,5
2008-07-28,10174.918505639183,37010.3,47185.21850563919,4
2008-07-29,8819.06262710209,36438.049999999996,45257.112627102084,4
2008-07-30,10039.593286441663,35575.100000000006,45614.69328644167,4
2008-07-31,9871.36738578799,35163.0,45034.36738578799,4
2008-08-01,875.5673857879901,44618.950000000004,45494.51738578799,5
2008-08-04,750.3541233339911,45018.0,45768.35412333399,5
2008-08-05,750.3541233339911,45467.40000000001,46217.754123334,5
2008-08-06,750.3541233339911,45194.950000000004,45945.304123334,5
2008-08-07,10648.751171369491,35377.55,46026.301171369494,4
2008-08-08,423.4063118694903,46052.450000000004,46475.856311869495,5
2008-08-11,597.9204413574898,47203.99999999999,47801.920441357484,5
2008-08-12,259.973061887491,46658.049999999996,46918.023061887485,5
2008-08-13,439.47671415689183,45953.55,46393.02671415689,5
2008-08-14,439.47671415689183,44104.700000000004,44544.1767141569,5
2008-08-18,439.47671415689183,43167.100000000006,43606.576714156894,5
2008-08-19,8186.7874945398735,35367.2,43553.98749453987,4
2008-08-20,16437.173432460073,27023.7,43460.873432460074,3
2008-08-21,25757.502159732074,16984.2,42741.70215973207,2
2008-08-22,34191.637064886076,8172.900000000001,42364.53706488608,1
2008-08-25,34191.637064886076,8027.099999999999,42218.737064886074,1
2008-08-26,34191.637064886076,8383.5,42575.137064886076,1
2008-08-27,34191.637064886076,8079.75,42271.387064886076,1
2008-08-28,34191.637064886076,7970.400000000001,42162.03706488608,1
2008-08-29,42264.579113544074,0.0,42264.579113544074,0
2008-09-01,42264.579113544074,0.0,42264.579113544074,0
2008-09-02,42264.579113544074,0.0,42264.579113544074,0
2008-09-04,42264.579113544074,0.0,42264.579113544074,0
2008-09-05,42264.579113544074,0.0,42264.579113544074,0
2008-09-08,33901.829113544074,8417.75,42319.579113544074,1
2008-09-09,33901.829113544074,8244.5,42146.329113544074,1
2008-09-10,25621.829113544074,16338.45,41960.27911354408,2
2008-09-11,25621.829113544074,16167.599999999999,41789.42911354407,2
2008-09-12,17461.829113544074,24159.75,41621.579113544074,3
2008-09-15,16441.659262838784,24264.2,40705.859262838785,3
2008-09-16,16441.659262838784,24745.350000000002,41187.00926283879,3
2008-09-17,16441.659262838784,23501.65,39943.30926283878,3
2008-09-18,23740.865689571045,16078.199999999999,39819.06568957104,2
2008-09-19,23740.865689571045,16144.949999999999,39885.81568957104,2
2008-09-22,23740.865689571045,15813.8,39554.66568957105,2
2008-09-23,16186.997261459046,23142.9,39329.897261459046,3
2008-09-24,8328.597261459046,31004.7,39333.29726145905,4
2008-09-25,554.1472614590466,38279.55,38833.69726145905,5
2008-09-26,554.1472614590466,37239.1,37793.247261459044,5
2008-09-29,14124.02903917701,22136.4,36260.42903917701,3
2008-09-30,34794.47104212494,0.0,34794.47104212494,0
2008-10-01,34794.47104212494,0.0,34794.47104212494,0
2008-10-03,34794.47104212494,0.0,34794.47104212494,0
2008-10-06,34794.47104212494,0.0,34794.47104212494,0
2008-10-07,27844.67104212494,6860.7,34705.37104212494,1
2008-10-08,27844.67104212494,6543.9,34388.57104212494,1
2008-10-10,33959.2589266482,0.0,33959.2589266482,0
2008-10-13,33959.2589266482,0.0,33959.2589266482,0
2008-10-14,33959.2589266482,0.0,33959.2589266482,0
2008-10-15,33959.2589266482,0.0,33959.2589266482,0
2008-10-16,33959.2589266482,0.0,33959.2589266482,0
2008-10-17,33959.2589266482,0.0,33959.2589266482,0
2008-10-20,33959.2589266482,0.0,33959.2589266482,0
2008-10-21,27369.158926648204,6343.700000000001,33712.8589266482,1
2008-10-22,27369.158926648204,5947.700000000001,33316.8589266482,1
2008-10-23,33064.034873687284,0.0,33064.034873687284,0
2008-10-24,33064.034873687284,0.0,33064.034873687284,0
2008-10-27,33064.034873687284,0.0,33064.034873687284,0
2008-10-28,33064.034873687284,0.0,33064.034873687284,0
2008-10-29,33064.034873687284,0.0,33064.034873687284,0
2008-10-31,33064.034873687284,0.0,33064.034873687284,0
2008-11-03,33064.034873687284,0.0,33064.034873687284,0
2008-11-04,33064.034873687284,0.0,33064.034873687284,0
2008-11-05,33064.034873687284,0.0,33064.034873687284,0
2008-11-06,33064.034873687284,0.0,33064.034873687284,0
2008-11-07,33064.034873687284,0.0,33064.034873687284,0
2008-11-10,33064.034873687284,0.0,33064.034873687284,0
2008-11-11,33064.034873687284,0.0,33064.034873687284,0
2008-11-12,33064.034873687284,0.0,33064.034873687284,0
2008-11-14,33064.034873687284,0.0,33064.034873687284,0
2008-11-17,33064.034873687284,0.0,33064.034873687284,0
2008-11-18,33064.034873687284,0.0,33064.034873687284,0
2008-11-19,33064.034873687284,0.0,33064.034873687284,0
2008-11-20,33064.034873687284,0.0,33064.034873687284,0
2008-11-21,33064.034873687284,0.0,33064.034873687284,0
2008-11-24,33064.034873687284,0.0,33064.034873687284,0
2008-11-25,33064.034873687284,0.0,33064.034873687284,0
2008-11-26,33064.034873687284,0.0,33064.034873687284,0
2008-11-28,26484.034873687284,6654.2,33138.23487368728,1
2008-12-01,26484.034873687284,6514.2,32998.23487368728,1
2008-12-02,26484.034873687284,6631.8,33115.83487368729,1
2008-12-03,26484.034873687284,6665.400000000001,33149.434873687285,1
2008-12-04,26484.034873687284,6725.599999999999,33209.63487368728,1
2008-12-05,20296.034873687284,12453.95,32749.984873687285,2
2008-12-08,13861.034873687284,18965.15,32826.184873687285,3
2008-12-10,13536.390325791283,19087.05,32623.44032579128,3
2008-12-11,13536.390325791283,18517.25,32053.640325791283,3
2008-12-12,13536.390325791283,18116.05,31652.44032579128,3
2008-12-15,13536.390325791283,18139.9,31676.290325791284,3
2008-12-16,1218.3903257912825,30436.55,31654.94032579128,5
2008-12-17,7126.849211575282,24235.050000000003,31361.899211575284,4
2008-12-18,13190.651948281284,18636.4,31827.051948281285,3
2008-12-19,641.2801122012861,31497.0,32138.280112201286,5
2008-12-22,641.2801122012861,31475.399999999998,32116.680112201284,5
2008-12-23,641.2801122012861,30786.25,31427.530112201286,5
2008-12-24,641.2801122012861,30702.25,31343.530112201286,5
2008-12-26,13277.535211444287,17388.8,30666.335211444286,3
2008-12-29,13277.535211444287,18070.8,31348.335211444286,3
2008-12-30,13277.535211444287,18619.6,31897.135211444285,3
2008-12-31,31489.278102216485,0.0,31489.278102216485,0
2009-01-01,31489.278102216485,0.0,31489.278102216485,0
2009-01-02,31489.278102216485,0.0,31489.278102216485,0
2009-01-05,31489.278102216485,0.0,31489.278102216485,0
2009-01-06,25201.828102216485,6600.4,31802.228102216483,1
2009-01-07,25201.828102216485,5946.049999999999,31147.878102216484,1
2009-01-09,12860.828102216485,18246.65,31107.478102216486,3
2009-01-12,11986.561414256794,18598.8,30585.361414256793,3
2009-01-13,11986.561414256794,18661.5,30648.061414256794,3
2009-01-14,6106.561414256794,24556.449999999997,30663.01141425679,4
2009-01-15,6106.561414256794,23954.300000000003,30060.861414256797,4
2009-01-16,6106.561414256794,24334.5,30441.061414256794,4
2009-01-19,218.11141425679307,30426.699999999997,30644.81141425679,5
2009-01-20,12635.164931908792,17340.0,29975.164931908792,3
2009-01-21,18472.32675932519,11307.35,29779.676759325193,2
2009-01-22,18086.81944881669,11552.75,29639.56944881669,2
2009-01-23,11462.441204169816,17174.45,28636.891204169817,3
2009-01-27,11462.441204169816,17514.5,28976.941204169816,3
2009-01-28,11462.441204169816,17668.25,29130.691204169816,3
2009-01-29,11462.441204169816,17525.05,28987.491204169815,3
2009-01-30,11462.441204169816,17888.55,29350.991204169815,3
2009-02-02,5834.441204169816,22978.699999999997,28813.141204169813,4
2009-02-03,5865.935670869715,23651.05,29516.985670869715,4
2009-02-04,12321.046139138114,17582.36,29903.406139138115,3
2009-02-05,12321.046139138114,17782.16,30103.206139138114,3
2009-02-06,12321.046139138114,18078.65,30399.696139138116,3
2009-02-09,6253.446139138114,24270.600000000002,30524.046139138118,4
2009-02-10,6253.446139138114,24760.14,31013.58613913811,4
2009-02-11,12778.901460040113,18201.980000000003,30980.881460040117,3
2009-02-12,19054.772076219513,11892.92,30947.692076219515,2
2009-02-13,18664.106345019514,13469.2,32133.306345019515,2
2009-02-16,18664.106345019514,12768.150000000001,31432.256345019516,2
2009-02-17,23522.18584442712,6564.15,30086.33584442712,1
2009-02-18,23522.18584442712,6746.85,30269.03584442712,1
2009-02-19,23522.18584442712,6772.95,30295.13584442712,1
2009-02-20,23522.18584442712,6746.85,30269.03584442712,1
2009-02-24,18827.18584442712,11222.73,30049.91584442712,2
2009-02-25,24098.99499970441,5775.900000000001,29874.89499970441,1
2009-02-26,24098.99499970441,5793.45,29892.44499970441,1
2009-02-27,18356.99499970441,11671.2,30028.19499970441,2
2009-03-02,18356.99499970441,11568.65,29925.64499970441,2
2009-03-03,18356.99499970441,11204.699999999999,29561.694999704407,2
2009-03-04,11763.507098000544,17319.8,29083.307098000543,3
2009-03-05,11763.507098000544,16933.9,28697.407098000545,3
2009-03-06,22734.05876911206,5923.2,28657.25876911206,1
2009-03-09,22734.05876911206,5820.8,28554.85876911206,1
2009-03-12,22734.05876911206,5990.4,28724.45876911206,1
2009-03-13,17154.05876911206,11725.6,28879.65876911206,2
2009-03-16,17154.05876911206,11927.6,29081.65876911206,2
2009-03-17,23313.96712488166,5740.799999999999,29054.76712488166,1
2009-03-18,23313.96712488166,5571.0,28884.96712488166,1
2009-03-19,23313.96712488166,5677.200000000001,28991.16712488166,1
2009-03-20,23313.96712488166,5659.799999999999,28973.76712488166,1
2009-03-23,23313.96712488166,6118.200000000001,29432.16712488166,1
2009-03-24,29581.70003818486,0.0,29581.70003818486,0
2009-03-25,29581.70003818486,0.0,29581.70003818486,0
2009-03-26,29581.70003818486,0.0,29581.70003818486,0
2009-03-27,29581.70003818486,0.0,29581.70003818486,0
2009-03-30,23709.20003818486,6045.75,29754.95003818486,1
2009-03-31,12476.70003818486,18201.45,30678.15003818486,3
2009-04-01,986.5000381848595,29861.4,30847.90003818486,5
2009-04-02,986.5000381848595,30434.65,31421.15003818486,5
2009-04-06,986.5000381848595,30577.949999999997,31564.450038184856,5
2009-04-08,986.5000381848595,31462.75,32449.25003818486,5
2009-04-09,986.5000381848595,31299.5,32286.00003818486,5
2009-04-13,1303.1392362648585,30809.600000000002,32112.73923626486,5
2009-04-15,882.1955870998572,32778.0,33660.19558709986,5
2009-04-16,11636.755355717258,18845.7,30482.45535571726,3
2009-04-17,15.955355717258499,31271.9,31287.85535571726,5
2009-04-20,15.955355717258499,31383.55,31399.505355717258,5
2009-04-21,4754.506624627877,25643.05,30397.556624627876,4
2009-04-22,1.6066246278760445,29753.35,29754.956624627874,5
2009-04-23,781.7668832712761,29840.75,30622.516883271277,5
2009-04-24,1946.5710816000756,28857.199999999997,30803.771081600073,5
2009-04-27,1946.5710816000756,28675.35,30621.921081600074,5
2009-04-28,7996.5638390790755,22318.45,30315.013839079074,4
2009-04-29,2375.5638390790755,28837.9,31213.46383907908,5
2009-05-04,6618.366696931703,25302.5,31920.866696931702,4
2009-05-05,788.3666969317028,31138.1,31926.4666969317,5
2009-05-06,1907.1448165381025,30226.350000000002,32133.494816538107,5
2009-05-07,1880.280004946102,30006.1,31886.3800049461,5
2009-05-08,1880.280004946102,29842.149999999998,31722.4300049461,5
2009-05-11,1880.280004946102,29646.35,31526.6300049461,5
2009-05-12,1882.0328052821023,30004.95,31886.982805282103,5
2009-05-13,1882.0328052821023,29693.15,31575.182805282104,5
2009-05-14,7688.2535912521025,24162.0,31850.2535912521,4
2009-05-15,1933.6189744057028,30195.000000000004,32128.618974405705,5
2009-05-18,14791.40258921598,20620.05,35411.45258921598,3
2009-05-19,7000.063674011586,28927.7,35927.763674011585,4
2009-05-20,290.06367401158604,37428.25,37718.31367401159,5
2009-05-21,737.4197299135867,35900.4,36637.819729913586,5
2009-05-22,737.4197299135867,35602.25,36339.669729913585,5
2009-05-25,737.4197299135867,35472.6,36210.01972991358,5
2009-05-26,902.3649364645871,32963.7,33866.06493646459,5
2009-05-27,921.0746664845874,34801.55,35722.62466648459,5
2009-05-28,8981.783248234588,26581.65,35563.43324823459,4
2009-05-29,16410.421637358188,19357.05,35767.47163735819,3
2009-06-01,22795.32479707019,13912.8,36708.12479707019,2
2009-06-02,22795.32479707019,14822.7,37618.02479707019,2
2009-06-03,22795.32479707019,15197.7,37993.02479707019,2
2009-06-04,31170.27967147019,6959.25,38129.52967147019,1
2009-06-05,30698.071861348188,7175.7,37873.771861348185,1
2009-06-08,37140.449169938685,0.0,37140.449169938685,0
2009-06-09,37140.449169938685,0.0,37140.449169938685,0
2009-06-10,37140.449169938685,0.0,37140.449169938685,0
2009-06-11,37140.449169938685,0.0,37140.449169938685,0
2009-06-12,37140.449169938685,0.0,37140.449169938685,0
2009-06-15,29919.24916993869,7256.199999999999,37175.449169938685,1
2009-06-16,29919.24916993869,7376.599999999999,37295.84916993869,1
2009-06-17,22593.24916993869,14278.95,36872.199169938685,2
2009-06-18,22593.24916993869,14184.6,36777.84916993869,2
2009-06-19,15483.249169938688,21388.6,36871.84916993869,3
2009-06-22,15483.249169938688,21181.9,36665.14916993869,3
2009-06-23,15483.249169938688,21440.65,36923.89916993869,3
2009-06-24,22767.845855139487,14439.75,37207.59585513949,2
2009-06-25,22767.845855139487,14340.2,37108.045855139484,2
2009-06-26,29726.666787154085,7579.8,37306.46678715409,1
2009-06-29,29726.666787154085,7589.7,37316.36678715408,1
2009-06-30,37307.994721564086,0.0,37307.994721564086,0
2009-07-01,23025.794721564085,14479.3,37505.094721564084,2
2009-07-02,15555.794721564085,21912.1,37467.89472156408,3
2009-07-03,1119.1947215640848,37166.4,38285.594721564084,5
2009-07-06,7748.377173600202,28061.0,35809.3771736002,4
2009-07-07,732.5771736002025,35174.2,35906.7771736002,5
2009-07-08,732.5771736002025,34025.5,34758.077173600206,5
2009-07-09,7111.6439760809735,27850.9,34962.543976080975,4
2009-07-10,13889.255449503773,20916.0,34805.25544950378,3
2009-07-13,13889.255449503773,21540.100000000002,35429.355449503775,3
2009-07-14,28536.83800627517,7091.700000000001,35628.53800627517,1
2009-07-15,28536.83800627517,7186.299999999999,35723.13800627517,1
2009-07-16,35773.85478114437,0.0,35773.85478114437,0
2009-07-17,28890.35478114437,7274.8,36165.154781144374,1
2009-07-20,28890.35478114437,7625.8,36516.154781144374,1
2009-07-21,14379.95478114437,21550.25,35930.20478114437,3
2009-07-22,7219.554781144369,29255.9,36475.45478114437,4
2009-07-23,39.654781144368826,38663.9,38703.55478114437,5
2009-07-24,39.654781144368826,39057.05,39096.70478114437,5
2009-07-27,39.654781144368826,39336.1,39375.754781144366,5
2009-07-28,760.9467091453689,39114.200000000004,39875.146709145374,5
2009-07-29,760.9467091453689,39709.3,40470.24670914537,5
2009-07-30,2687.3968129602727,38000.5,40687.89681296027,5
2009-07-31,2849.343851201871,38410.8,41260.14385120187,5
2009-08-03,1772.2467646530713,39907.0,41679.24676465307,5
2009-08-04,1772.2467646530713,39749.5,41521.74676465307,5
2009-08-05,1772.2467646530713,40410.35,42182.59676465307,5
2009-08-06,1451.8885138310725,40022.55,41474.438513831075,5
2009-08-07,1451.8885138310725,39106.65,40558.538513831074,5
2009-08-10,1380.269033182074,38328.5,39708.76903318208,5
2009-08-11,9082.624550185474,31097.1,40179.72455018547,4
2009-08-12,9189.384123549473,31688.350000000002,40877.734123549475,4
2009-08-13,9189.384123549473,33380.59999999999,42569.98412354947,4
2009-08-14,833.3841235494729,42186.1,43019.48412354947,5
2009-08-17,8794.186059727472,33455.5,42249.68605972747,4
2009-08-18,964.1860597274717,42855.75,43819.93605972747,5
2009-08-19,208.5858869950698,43391.3,43599.88588699507,5
2009-08-20,208.5858869950698,43102.55,43311.13588699507,5
2009-08-21,507.72047774647035,43045.350000000006,43553.07047774648,5
2009-08-24,507.72047774647035,43947.59999999999,44455.32047774646,5
2009-08-25,399.6238742984697,45493.8,45893.423874298474,5
2009-08-26,8170.174385440888,37303.95,45474.12438544088,4
2009-08-27,8892.108249310888,36022.25,44914.358249310884,4
2009-08-28,28.616746594385404,44755.35,44783.966746594386,5
2009-08-31,28.616746594385404,44340.4,44369.01674659439,5
2009-09-01,8653.811977411347,34389.45,43043.26197741134,4
2009-09-02,49.661977411347834,43347.3,43396.96197741135,5
2009-09-03,8108.997018584715,34589.85,42698.84701858471,4
2009-09-04,8108.997018584715,35231.95,43340.94701858471,4
2009-09-07,16.99701858471508,44746.45,44763.44701858471,5
2009-09-08,9877.470044268613,35345.9,45223.37004426862,4
2009-09-09,1562.4700442686135,42733.45,44295.92004426861,5
2009-09-10,1562.4700442686135,43203.5,44765.970044268615,5
2009-09-11,9052.849324515008,36184.49999999999,45237.349324515,4
2009-09-14,9792.384543960176,34460.5,44252.88454396017,4
2009-09-15,962.3345439601744,44089.5,45051.834543960176,5
2009-09-16,0.07298386817456048,45467.65,45467.722983868174,5
2009-09-17,9580.712977007575,36404.75,45985.46297700758,4
2009-09-18,389.7129770075753,45417.5,45807.21297700758,5
2009-09-22,389.7129770075753,45346.3,45736.01297700758,5
2009-09-23,389.7129770075753,44779.85,45169.562977007576,5
2009-09-24,17414.48169172554,27877.5,45291.98169172554,3
2009-09-25,148.1816917255419,45939.7,46087.88169172554,5
2009-09-29,8463.652328533004,36881.799999999996,45345.452328533,4
2009-09-30,28.45232853300331,46606.45,46634.902328533004,5
2009-10-01,1055.3357893710036,45512.25,46567.585789371005,5
2009-10-05,1055.3357893710036,44421.649999999994,45476.985789371,5
2009-10-06,1055.3357893710036,44561.7,45617.035789371,5
2009-10-07,1102.4798870544037,44008.4,45110.879887054405,5
2009-10-08,1948.5499600866042,43826.5,45775.0499600866,5
2009-10-09,11778.399916018303,33266.55,45044.949916018304,4
2009-10-12,2633.085030296703,44068.1,46701.1850302967,5
2009-10-14,2546.3024251758034,44780.6,47326.9024251758,5
2009-10-15,2546.3024251758034,44338.85,46885.1524251758,5
2009-10-16,2546.3024251758034,45000.4,47546.702425175805,5
2009-10-20,1616.5194247178042,45324.65,46941.16942471781,5
2009-10-21,49.55389981980443,46292.05,46341.603899819806,5
2009-10-22,8730.372570539768,36492.95,45223.32257053976,4
2009-10-23,874.59022231157,44943.25000000001,45817.84022231158,5
2009-10-26,701.3404138015703,44792.7,45494.040413801566,5
2009-10-27,8861.81794629306,34302.95,43164.767946293054,4
2009-10-28,8352.083356528265,35256.0,43608.08335652827,4
2009-10-29,447.08335652826463,42408.3,42855.38335652827,5
2009-10-30,17292.12478968988,25389.85,42681.97478968988,3
2009-11-03,32523.420604597068,9414.6,41938.02060459707,1
2009-11-04,32523.420604597068,9659.4,42182.820604597066,1
2009-11-05,32523.420604597068,10067.4,42590.820604597066,1
2009-11-06,42997.02903005015,0.0,42997.02903005015,0
2009-11-09,42997.02903005015,0.0,42997.02903005015,0
2009-11-10,42997.02903005015,0.0,42997.02903005015,0
2009-11-11,42997.02903005015,0.0,42997.02903005015,0
2009-11-12,35444.02903005015,7340.550000000001,42784.579030050154,1
2009-11-13,18892.02903005015,23479.65,42371.67903005015,3
2009-11-16,9070.76380685061,33772.7,42843.4638068506,4
2009-11-17,1620.7638068506094,40716.85,42337.61380685061,5
2009-11-18,1620.7638068506094,40881.8,42502.56380685061,5
2009-11-19,1620.7638068506094,40306.15,41926.913806850614,5
2009-11-20,1620.7638068506094,40648.75,42269.513806850606,5
2009-11-23,1620.7638068506094,40892.75,42513.513806850606,5
2009-11-24,18315.773682503706,24214.85,42530.623682503705,3
2009-11-25,11499.310534755907,31408.649999999998,42907.960534755905,4
2009-11-26,11192.728267934572,30399.4,41592.128267934575,4
2009-11-27,3092.7282679345717,38508.950000000004,41601.67826793458,5
2009-11-30,10714.489616912804,30958.65,41673.139616912806,4
2009-12-01,3778.889616912804,38496.35,42275.239616912804,5
2009-12-02,3778.889616912804,39101.299999999996,42880.1896169128,5
2009-12-03,3778.889616912804,38994.65,42773.53961691281,5
2009-12-04,4074.6384469139048,38795.45,42870.0884469139,5
2009-12-07,2911.6631396339035,39596.1,42507.7631396339,5
2009-12-08,3633.6473692739028,38924.049999999996,42557.6973692739,5
2009-12-09,3633.6473692739028,38715.850000000006,42349.49736927391,5
2009-12-10,10423.487608716303,31887.800000000003,42311.2876087163,4
2009-12-11,2005.487608716303,40032.3,42037.7876087163,5
2009-12-14,2005.487608716303,40230.95,42236.4376087163,5
2009-12-15,17166.434127316526,24738.55,41904.98412731652,3
2009-12-16,18959.599316002525,23186.1,42145.69931600252,3
2009-12-17,18978.855088049124,23138.050000000003,42116.90508804913,3
2009-12-18,10685.505088049124,31376.15,42061.65508804913,4
2009-12-21,10685.505088049124,30856.800000000003,41542.30508804913,4
2009-12-22,3451.605088049123,38802.6,42254.20508804912,5
2009-12-23,3451.605088049123,39470.9,42922.505088049125,5
2009-12-24,11673.191831714725,30974.7,42647.891831714725,4
2009-12-29,18498.922133298725,23970.300000000003,42469.222133298725,3
2009-12-30,32978.34715437477,9285.9,42264.247154374774,1
2009-12-31,33864.38361661767,8139.599999999999,42003.98361661767,1
2010-01-04,18430.38361661767,23953.449999999997,42383.83361661767,3
2010-01-05,9982.38361661767,33215.6,43197.98361661767,4
2010-01-06,1450.3836166176698,41677.200000000004,43127.583616617674,5
2010-01-07,9365.464688550375,33543.3,42908.76468855038,4
2010-01-08,825.4646885503753,41505.4,42330.86468855038,5
2010-01-11,825.4646885503753,41989.7,42815.16468855037,5
2010-01-12,1905.8859009867756,40614.8,42520.68590098678,5
2010-01-13,9282.503468336776,33173.0,42455.50346833678,4
2010-01-14,3568.8041506537757,39780.95,43349.754150653775,5
2010-01-15,11906.167354422176,32571.75,44477.91735442218,4
2010-01-18,3629.7673544221743,41038.649999999994,44668.41735442217,5
2010-01-19,3730.6331239421743,40537.45,44268.08312394217,5
2010-01-20,27150.60856557345,17126.550000000003,44277.15856557345,2
2010-01-21,1615.7085655734481,41830.25000000001,43445.958565573455,5
2010-01-22,17593.005823093903,25116.05,42709.055823093906,3
2010-01-25,24967.467756437065,16578.25,41545.717756437065,2
2010-01-27,33035.32316976186,8041.200000000001,41076.52316976186,1
2010-01-28,33044.69160604986,8336.400000000001,41381.091606049864,1
2010-01-29,33044.69160604986,8323.2,41367.89160604986,1
2010-02-01,33044.69160604986,8344.8,41389.491606049865,1
2010-02-02,33044.69160604986,8211.599999999999,41256.29160604986,1
2010-02-03,24843.691606049862,16575.8,41419.491606049865,2
2010-02-04,24843.691606049862,16071.349999999999,40915.04160604986,2
2010-02-05,24843.691606049862,15856.0,40699.69160604986,2
2010-02-08,33025.52500600186,7908.950000000001,40934.475006001856,1
2010-02-09,33025.52500600186,7973.85,40999.37500600186,1
2010-02-10,33025.52500600186,7770.299999999999,40795.82500600186,1
2010-02-11,33025.52500600186,7894.200000000001,40919.725006001856,1
2010-02-15,40802.45947915436,0.0,40802.45947915436,0
2010-02-16,40802.45947915436,0.0,40802.45947915436,0
2010-02-17,40802.45947915436,0.0,40802.45947915436,0
2010-02-18,40802.45947915436,0.0,40802.45947915436,0
2010-02-19,33627.45947915436,7191.449999999999,40818.909479154354,1
2010-02-22,25708.659479154358,15027.199999999999,40735.85947915436,2
2010-02-23,25708.659479154358,14962.199999999999,40670.85947915436,2
2010-02-24,17577.659479154358,22932.4,40510.059479154355,3
2010-02-25,17577.659479154358,23353.25,40930.90947915436,3
2010-02-26,17577.659479154358,23142.9,40720.559479154355,3
2010-03-02,9531.159479154358,31280.95,40812.10947915436,4
2010-03-03,17207.231867404356,24576.85,41784.081867404355,3
2010-03-04,1990.6665965875563,39375.25,41365.91659658756,5
2010-03-05,1990.6665965875563,39914.9,41905.56659658756,5
2010-03-08,1990.245918857956,40152.15,42142.39591885796,5
2010-03-09,1990.245918857956,39085.75,41075.99591885795,5
2010-03-10,1990.245918857956,39176.1,41166.34591885796,5
2010-03-11,1296.1444846539562,39537.25,40833.39448465395,5
2010-03-12,1296.1444846539562,39808.3,41104.444484653955,5
2010-03-15,24622.37680260587,16092.6,40714.976802605874,2
2010-03-16,16623.17680260587,24415.1,41038.27680260587,3
2010-03-17,16623.17680260587,24176.5,40799.67680260587,3
2010-03-18,8488.17680260587,33134.7,41622.87680260587,4
2010-03-19,18846.12045587312,24085.0,42931.12045587312,3
2010-03-22,18581.64467624252,24198.65,42780.29467624252,3
2010-03-23,1568.4446762425196,40852.55,42420.994676242524,5
2010-03-25,1568.4446762425196,40710.3,42278.744676242524,5
2010-03-26,9251.91375823452,33160.9,42412.81375823452,4
2010-03-29,804.9637582345185,41854.299999999996,42659.26375823451,5
2010-03-30,867.3202135405172,41335.450000000004,42202.77021354052,5
2010-03-31,8594.784574835649,33230.15,41824.93457483565,4
2010-04-01,233.33805355894765,41796.4,42029.73805355895,5
2010-04-05,8892.758690991746,33415.049999999996,42307.80869099174,4
2010-04-06,8892.758690991746,33120.5,42013.258690991745,4
2010-04-07,642.7586909917463,41565.3,42208.05869099175,5
2010-04-08,545.4484907630467,41496.45,42041.898490763044,5
2010-04-09,545.4484907630467,41269.25,41814.69849076305,5
2010-04-12,545.4484907630467,41596.7,42142.148490763044,5
2010-04-13,17025.053993272246,24605.550000000003,41630.60399327225,3
2010-04-15,1377.7517336480469,39760.65,41138.40173364805,5
2010-04-16,1377.7517336480469,39643.350000000006,41021.10173364805,5
2010-04-19,32175.672638173983,8292.8,40468.47263817398,1
2010-04-20,40572.74452221028,0.0,40572.74452221028,0
2010-04-21,32512.744522210283,8061.3,40574.044522210286,1
2010-04-22,32512.744522210283,8024.9,40537.644522210285,1
2010-04-23,24604.744522210283,15665.0,40269.74452221028,2
2010-04-26,16711.144522210285,23659.45,40370.59452221029,3
2010-04-27,2037.3945222102848,37917.600000000006,39954.99452221029,5
2010-04-28,2037.3945222102848,37885.7,39923.09452221028,5
2010-04-29,2037.3945222102848,38584.1,40621.49452221028,5
2010-04-30,1931.261500966284,38685.899999999994,40617.16150096628,5
2010-05-03,1931.261500966284,38542.25,40473.511500966284,5
2010-05-04,2427.001352377284,37396.7,39823.701352377284,5
2010-05-05,1925.505680692484,38755.850000000006,40681.35568069249,5
2010-05-06,764.4026835869845,40657.200000000004,41421.602683586985,5
2010-05-07,8282.352273058314,31432.95,39715.30227305832,4
2010-05-10,370.3522730583136,40200.8,40571.15227305832,5
2010-05-11,8232.552147361113,31863.2,40095.75214736111,4
2010-05-12,9528.541637896275,31239.649999999998,40768.19163789627,4
2010-05-13,17143.826326979473,23453.95,40597.776326979474,3
2010-05-14,16578.46001721861,24160.0,40738.46001721861,3
2010-05-17,16578.46001721861,24778.6,41357.06001721861,3
2010-05-18,16578.46001721861,24535.6,41114.06001721861,3
2010-05-19,9271.21598024261,31470.6,40741.81598024261,4
2010-05-20,9271.21598024261,31774.500000000004,41045.71598024262,4
2010-05-21,17220.809360727413,23351.35,40572.15936072741,3
2010-05-24,17220.809360727413,23091.699999999997,40312.50936072741,3
2010-05-25,16970.455945632413,23105.35,40075.80594563241,3
2010-05-26,16295.554866507937,23789.5,40085.05486650794,3
2010-05-27,16295.554866507937,24167.6,40463.15486650793,3
2010-05-28,23984.245131834537,16705.800000000003,40690.045131834544,2
2010-05-31,23984.245131834537,16611.3,40595.54513183454,2
2010-06-01,16223.745131834537,24412.1,40635.84513183453,3
2010-06-02,16223.745131834537,24534.85,40758.59513183453,3
2010-06-03,16365.721610708137,24979.4,41345.12161070814,3
2010-06-04,25079.726715740137,16276.999999999998,41356.72671574014,2
2010-06-07,25079.726715740137,16093.9,41173.62671574014,2
2010-06-08,24524.73618217235,16129.849999999999,40654.58618217235,2
2010-06-09,16406.73618217235,23962.65,40369.386182172355,3
2010-06-10,9831.216020367949,30866.25,40697.46602036795,4
2010-06-11,9831.216020367949,30731.600000000002,40562.81602036795,4
2010-06-14,9831.216020367949,30976.85,40808.06602036794,4
2010-06-15,3034.7160203679487,37943.25,40977.96602036795,5
2010-06-16,3034.7160203679487,37792.7,40827.41602036795,5
2010-06-17,3494.544118646949,37211.55,40706.09411864695,5
2010-06-18,4167.854238715748,36375.850000000006,40543.704238715756,5
2010-06-21,2072.637683828444,38859.8,40932.437683828444,5
2010-06-22,2072.637683828444,38855.2,40927.83768382844,5
2010-06-23,2072.637683828444,38968.65,41041.28768382844,5
2010-06-24,877.2500899066436,39521.2,40398.45008990664,5
2010-06-25,877.2500899066436,39535.25,40412.50008990664,5
2010-06-28,8848.481718497644,32159.199999999997,41007.68171849764,4
2010-06-29,9145.848773270642,31791.399999999998,40937.248773270636,4
2010-06-30,1380.0832565030414,39722.8,41102.883256503046,5
2010-07-01,1380.0832565030414,39681.8,41061.883256503046,5
2010-07-02,1380.0832565030414,40311.700000000004,41691.78325650305,5
2010-07-05,1263.9333440470418,40081.0,41344.933344047044,5
2010-07-06,1263.9333440470418,39957.5,41221.433344047044,5
2010-07-07,1263.9333440470418,39857.850000000006,41121.78334404705,5
2010-07-08,9783.613216451566,31799.2,41582.81321645157,4
2010-07-09,9043.036897746264,32750.699999999997,41793.73689774626,4
2010-07-12,1138.036897746264,40852.05,41990.08689774627,5
2010-07-13,1138.036897746264,40940.350000000006,42078.38689774627,5
2010-07-14,1211.8814554053642,40546.65,41758.53145540536,5
2010-07-15,1211.8814554053642,40264.8,41476.68145540537,5
2010-07-16,8830.08280679449,32257.6,41087.68280679449,4
2010-07-19,16830.31839139019,24427.999999999996,41258.31839139019,3
2010-07-20,33511.05825266619,7735.85,41246.90825266619,1
2010-07-21,9574.92149787649,31697.75,41272.671497876494,4
2010-07-22,1329.9214978764903,39856.75,41186.671497876494,5
2010-07-23,1329.9214978764903,39077.7,40407.62149787649,5
2010-07-26,8845.8150142565,31513.55,40359.3650142565,4
2010-07-27,1240.3650142564984,38896.25,40136.6150142565,5
2010-07-28,1240.3650142564984,39621.649999999994,40862.015014256496,5
2010-07-29,1240.3650142564984,40300.35,41540.71501425649,5
2010-07-30,17495.112251245497,24125.9,41621.0122512455,3
2010-08-02,1137.4431345054982,40017.95,41155.393134505495,5
2010-08-03,1137.4431345054982,40060.15,41197.5931345055,5
2010-08-04,1137.4431345054982,40067.45,41204.893134505495,5
2010-08-05,854.672933597798,40643.1,41497.77293359779,5
2010-08-06,854.672933597798,40554.75,41409.4229335978,5
2010-08-09,854.672933597798,40985.799999999996,41840.47293359779,5
2010-08-10,8916.852558365797,32754.399999999994,41671.25255836579,4
2010-08-11,774.8871062701983,40428.549999999996,41203.4371062702,5
2010-08-12,774.8871062701983,40091.3,40866.1871062702,5
2010-08-13,774.8871062701983,40624.5,41399.387106270195,5
2010-08-16,8925.7782465842,33198.65,42124.4282465842,4
2010-08-17,957.0282465841992,41295.0,42252.0282465842,5
2010-08-18,957.0282465841992,41379.649999999994,42336.6782465842,5
2010-08-19,9930.712228013004,32411.949999999997,42342.662228013,4
2010-08-20,920.1212883362023,41226.85,42146.9712883362,5
2010-08-23,920.1212883362023,42319.9,43240.021288336204,5
2010-08-24,920.1212883362023,41787.9,42708.021288336204,5
2010-08-25,920.1212883362023,40982.3,41902.421288336205,5
2010-08-26,8246.701269170788,33581.15,41827.85126917079,4
2010-08-27,7806.488595483325,34001.649999999994,41808.13859548332,4
2010-08-30,7806.488595483325,33547.35,41353.83859548332,4
2010-08-31,24545.591482201326,16656.15,41201.74148220132,2
2010-09-01,24545.591482201326,16956.850000000002,41502.44148220133,2
2010-09-02,24545.591482201326,16973.2,41518.791482201326,2
2010-09-03,24545.591482201326,16696.550000000003,41242.14148220133,2
2010-09-06,17181.627886509326,24040.449999999997,41222.07788650932,3
2010-09-07,25347.654597668326,15886.45,41234.10459766832,2
2010-09-08,724.504597668325,40999.7,41724.20459766832,5
2010-09-09,724.504597668325,41122.45,41846.95459766832,5
2010-09-13,724.504597668325,41623.9,42348.40459766833,5
2010-09-14,724.504597668325,41433.350000000006,42157.85459766833,5
2010-09-15,724.504597668325,41513.6,42238.10459766832,5
2010-09-16,2346.3517571959255,39489.35,41835.70175719592,5
2010-09-17,2346.3517571959255,39997.75,42344.101757195924,5
2010-09-20,4245.6102585840235,37806.7,42052.310258584024,5
2010-09-21,4245.6102585840235,37626.5,41872.11025858403,5
2010-09-22,4245.6102585840235,37502.05,41747.66025858403,5
2010-09-23,4245.6102585840235,37297.3,41542.91025858403,5
2010-09-24,10959.496427549788,30513.9,41473.396427549786,4
2010-09-27,9909.866179350493,31961.449999999997,41871.31617935049,4
2010-09-28,9283.3660978956,31944.949999999997,41228.3160978956,4
2010-09-29,623.8320092135982,40473.6,41097.4320092136,5
2010-09-30,623.8320092135982,40020.5,40644.3320092136,5
2010-10-01,623.8320092135982,40545.1,41168.9320092136,5
2010-10-04,623.8320092135982,40599.6,41223.4320092136,5
2010-10-05,623.8320092135982,40986.8,41610.6320092136,5
2010-10-06,1514.4939133856005,40784.85,42299.3439133856,5
2010-10-07,1514.4939133856005,39993.0,41507.4939133856,5
2010-10-08,17418.23322729162,23887.7,41305.93322729162,3
2010-10-11,1087.4332272916208,40359.35,41446.78322729162,5
2010-10-12,1087.4332272916208,39993.65,41081.08322729162,5
2010-10-13,1087.4332272916208,40802.9,41890.33322729162,5
2010-10-14,1087.4332272916208,40531.3,41618.733227291625,5
2010-10-15,9109.717468485222,32283.35,41393.06746848522,4
2010-10-18,856.7174684852216,40818.649999999994,41675.367468485216,5
2010-10-19,8600.63997154662,32925.299999999996,41525.93997154661,4
2010-10-20,25246.848499521417,15954.2,41201.04849952142,2
2010-10-21,25246.848499521417,16296.849999999999,41543.698499521415,2
2010-10-22,24734.253382793406,16191.449999999999,40925.70338279341,2
2010-10-25,16691.253382793406,25019.199999999997,41710.45338279341,3
2010-10-26,8675.253382793406,33364.1,42039.3533827934,4
2010-10-27,16775.852050913407,24923.8,41699.652050913406,3
2010-10-28,18114.94380322851,23743.149999999998,41858.093803228505,3
2010-10-29,9754.94380322851,31558.850000000002,41313.79380322852,4
2010-11-01,9754.94380322851,32051.55,41806.49380322851,4
2010-11-02,1505.3438032285103,40200.05,41705.393803228515,5
2010-11-03,9709.38796347401,31735.199999999997,41444.587963474005,4
2010-11-04,9293.796439498008,33423.25,42717.04643949801,4
2010-11-05,9293.796439498008,33549.55,42843.34643949801,4
2010-11-08,7847.792353203884,34177.4,42025.192353203885,4
2010-11-09,15.042353203883977,41702.200000000004,41717.24235320389,5
2010-11-10,15.042353203883977,41603.7,41618.74235320388,5
2010-11-11,942.3492247622853,40061.600000000006,41003.94922476229,5
2010-11-12,15803.954530566221,24619.7,40423.65453056622,3
2010-11-15,16214.288981884223,24052.449999999997,40266.73898188422,3
2010-11-16,23241.592464353133,16375.25,39616.84246435313,2
2010-11-18,39656.61302655113,0.0,39656.61302655113,0
2010-11-19,39656.61302655113,0.0,39656.61302655113,0
2010-11-22,39656.61302655113,0.0,39656.61302655113,0
2010-11-23,31876.61302655113,7830.6,39707.21302655113,1
2010-11-24,31876.61302655113,7725.6,39602.21302655113,1
2010-11-25,31876.61302655113,7804.2,39680.81302655113,1
2010-11-26,31876.61302655113,7746.2,39622.81302655113,1
2010-11-29,23956.61302655113,15480.400000000001,39437.01302655113,2
2010-11-30,23956.61302655113,15774.0,39730.61302655113,2
2010-12-01,23956.61302655113,15626.599999999999,39583.21302655113,2
2010-12-02,31639.65295826313,7867.200000000001,39506.85295826313,1
2010-12-03,31639.65295826313,7694.400000000001,39334.05295826313,1
2010-12-06,31639.65295826313,7459.200000000001,39098.85295826313,1
2010-12-07,31639.65295826313,7353.599999999999,38993.25295826313,1
2010-12-08,38930.26024790793,0.0,38930.26024790793,0
2010-12-09,31331.060247907928,7302.5,38633.560247907924,1
2010-12-10,31331.060247907928,7385.3,38716.36024790793,1
2010-12-13,31331.060247907928,7492.25,38823.310247907924,1
2010-12-14,31331.060247907928,7488.8,38819.86024790793,1
2010-12-15,31331.060247907928,7829.2,39160.26024790793,1
2010-12-16,31331.060247907928,7770.55,39101.61024790793,1
2010-12-20,31331.060247907928,7717.650000000001,39048.710247907926,1
2010-12-21,39075.71072500433,0.0,39075.71072500433,0
2010-12-22,25585.710725004326,13540.099999999999,39125.810725004325,2
2010-12-23,25585.710725004326,13687.55,39273.26072500432,2
2010-12-24,12145.710725004326,27156.100000000002,39301.810725004325,4
2010-12-27,12145.710725004326,27090.299999999996,39236.01072500432,4
2010-12-28,12145.710725004326,27135.85,39281.560725004325,4
2010-12-29,4308.5107250043275,34936.45,39244.96072500433,5
2010-12-30,4308.5107250043275,35059.7,39368.21072500433,5
2010-12-31,18090.523675588327,21757.0,39847.52367558832,3
2011-01-03,10699.623675588327,29239.550000000003,39939.17367558833,4
2011-01-04,522.2547676947288,39389.55,39911.80476769473,5
2011-01-05,522.2547676947288,38722.3,39244.55476769473,5
2011-01-06,522.2547676947288,38677.85,39200.10476769473,5
2011-01-07,7766.735948964441,30142.65,37909.385948964446,4
2011-01-10,14237.499770088361,22469.55,36707.04977008836,3
2011-01-11,21551.200220713792,15183.45,36734.6502207138,2
2011-01-12,21551.200220713792,15453.6,37004.80022071379,2
2011-01-13,29458.28247206849,7589.75,37048.03247206849,1
2011-01-14,29458.28247206849,7406.0,36864.28247206849,1
2011-01-17,29458.28247206849,7581.0,37039.28247206849,1
2011-01-18,29458.28247206849,7820.75,37279.03247206849,1
2011-01-19,37273.78568121849,0.0,37273.78568121849,0
2011-01-20,37273.78568121849,0.0,37273.78568121849,0
2011-01-21,37273.78568121849,0.0,37273.78568121849,0
2011-01-24,37273.78568121849,0.0,37273.78568121849,0
2011-01-25,37273.78568121849,0.0,37273.78568121849,0
2011-01-27,37273.78568121849,0.0,37273.78568121849,0
2011-01-28,37273.78568121849,0.0,37273.78568121849,0
2011-01-31,37273.78568121849,0.0,37273.78568121849,0
2011-02-01,29824.185681218492,7499.2,37323.38568121849,1
2011-02-02,29824.185681218492,7782.4,37606.585681218494,1
2011-02-03,29824.185681218492,7784.0,37608.18568121849,1
2011-02-04,29824.185681218492,7747.2,37571.38568121849,1
2011-02-07,29824.185681218492,7616.0,37440.18568121849,1
2011-02-08,29824.185681218492,7566.4,37390.585681218494,1
2011-02-09,29824.185681218492,7500.8,37324.985681218495,1
2011-02-10,37320.071552488895,0.0,37320.071552488895,0
2011-02-11,29970.071552488895,7572.499999999999,37542.571552488895,1
2011-02-14,29970.071552488895,7717.5,37687.571552488895,1
2011-02-15,29970.071552488895,7702.500000000001,37672.571552488895,1
2011-02-16,15213.271552488895,22471.8,37685.071552488895,3
2011-02-17,15213.271552488895,22542.95,37756.221552488896,3
2011-02-18,8457.021552488895,28750.05,37207.071552488895,4
2011-02-21,1042.171552488896,36061.1,37103.27155248889,5
2011-02-22,1648.7169641888959,35089.05,36737.7669641889,5
2011-02-23,1648.7169641888959,34379.3,36028.0169641889,5
2011-02-24,7795.797704332548,26646.5,34442.29770433255,4
2011-02-25,21457.855818487747,13114.75,34572.60581848775,2
2011-02-28,21457.855818487747,13057.45,34515.305818487745,2
2011-03-01,27820.15675540425,7033.55,34853.70675540425,1
2011-03-03,34764.89929659145,0.0,34764.89929659145,0
2011-03-04,27957.44929659145,6723.6,34681.04929659145,1
2011-03-07,847.4492965914505,34114.25,34961.699296591454,4
2011-03-08,847.4492965914505,34483.65,35331.09929659145,4
2011-03-09,79.8992965914506,35178.049999999996,35257.94929659145,5
2011-03-10,79.8992965914506,35143.1,35222.99929659145,5
2011-03-11,79.8992965914506,34836.35,34916.24929659145,5
2011-03-14,79.8992965914506,35245.950000000004,35325.849296591456,5
2011-03-15,7421.144739896873,26972.0,34393.144739896874,3
2011-03-16,34487.766395421575,0.0,34487.766395421575,0
2011-03-17,24151.766395421575,10524.65,34676.41639542158,2
2011-03-18,4568.466395421576,29544.1,34112.56639542157,5
2011-03-21,4568.466395421576,29270.3,33838.766395421575,5
2011-03-22,4568.466395421576,29453.85,34022.31639542157,5
2011-03-23,4568.466395421576,29684.45,34252.91639542158,5
2011-03-24,4568.466395421576,29537.85,34106.31639542157,5
2011-03-25,4568.466395421576,29707.85,34276.31639542157,5
2011-03-28,8146.842702243977,25891.25,34038.09270224398,4
2011-03-29,27111.640983704878,6814.900000000001,33926.54098370488,1
2011-03-30,20767.640983704878,13163.6,33931.240983704876,2
2011-03-31,20767.640983704878,13412.5,34180.14098370488,2
2011-04-01,899.6409837048786,32982.100000000006,33881.74098370488,5
2011-04-04,899.6409837048786,33518.7,34418.340983704875,5
2011-04-05,899.6409837048786,33657.15,34556.79098370488,5
2011-04-06,7361.75626220638,26561.0,33922.75626220638,4
2011-04-07,650.1562622063793,33314.3,33964.45626220638,5
2011-04-08,371.0979550783795,33292.25,33663.34795507838,5
2011-04-11,371.0979550783795,33262.8,33633.897955078384,5
2011-04-13,6414.23682248358,27523.899999999998,33938.136822483575,4
2011-04-15,174.78682248358018,33425.65,33600.43682248358,5
2011-04-18,174.78682248358018,33273.950000000004,33448.73682248358,5
2011-04-19,946.4942097395806,32716.4,33662.894209739585,5
2011-04-20,1501.1437934363812,32824.25,34325.39379343638,5
2011-04-21,2010.8503681083812,32124.95,34135.80036810838,5
2011-04-25,2010.8503681083812,31752.899999999998,33763.750368108376,5
2011-04-26,2562.510273688781,31011.45,33573.96027368878,5
2011-04-27,8641.370092555582,24842.25,33483.62009255558,4
2011-04-28,2029.3700925555822,31430.5,33459.87009255558,5
2011-04-29,7550.53669193398,25471.899999999998,33022.43669193398,4
2011-05-02,19694.779094623413,12615.55,32310.329094623412,2
2011-05-03,19694.779094623413,12379.25,32074.029094623413,2
2011-05-04,25787.14613891248,6124.95,31912.096138912482,1
2011-05-05,32186.795696526282,0.0,32186.795696526282,0
2011-05-06,32186.795696526282,0.0,32186.795696526282,0
2011-05-09,32186.795696526282,0.0,32186.795696526282,0
2011-05-10,32186.795696526282,0.0,32186.795696526282,0
2011-05-11,32186.795696526282,0.0,32186.795696526282,0
2011-05-12,12949.845696526281,19079.55,32029.39569652628,3
2011-05-13,12949.845696526281,19357.8,32307.64569652628,3
2011-05-16,2588.495696526281,29740.65,32329.145696526284,5
2011-05-17,2588.495696526281,29658.850000000002,32247.34569652628,5
2011-05-18,2588.495696526281,29460.8,32049.29569652628,5
2011-05-19,2588.495696526281,29157.050000000003,31745.545696526286,5
2011-05-20,2588.495696526281,29473.15,32061.645696526284,5
2011-05-23,21554.87646613628,10258.35,31813.22646613628,2
2011-05-24,21554.87646613628,10295.6,31850.47646613628,2
2011-05-25,31773.40588347568,0.0,31773.40588347568,0
2011-05-26,25885.40588347568,5819.2,31704.60588347568,1
2011-05-27,20369.30588347568,11386.0,31755.30588347568,2
2011-05-30,20369.30588347568,11590.9,31960.205883475683,2
2011-05-31,1542.9058834756815,31055.899999999998,32598.80588347568,5
2011-06-01,1542.9058834756815,30775.3,32318.205883475683,5
2011-06-02,1542.9058834756815,30991.6,32534.50588347568,5
2011-06-03,1542.9058834756815,30924.800000000003,32467.705883475683,5
2011-06-06,1241.3540125684813,31067.95,32309.304012568482,5
2011-06-07,6695.646392657881,25904.4,32600.04639265788,4
2011-06-08,206.64639265788082,32473.45,32680.09639265788,5
2011-06-09,19727.21783546908,13115.7,32842.91783546908,2
2011-06-10,19727.21783546908,12974.25,32701.46783546908,2
2011-06-13,19727.21783546908,13005.8,32733.01783546908,2
2011-06-14,13650.26783546908,19356.95,33007.217835469084,3
2011-06-15,13719.222227882277,19440.95,33160.17222788228,3
2011-06-16,628.0222278822775,32359.0,32987.02222788228,5
2011-06-17,956.6617202290763,31821.85,32778.51172022907,5
2011-06-20,12430.20991404309,19429.2,31859.40991404309,3
2011-06-21,12430.20991404309,19493.75,31923.959914043087,3
2011-06-22,12430.20991404309,19401.1,31831.309914043086,3
2011-06-23,5.80991404308952,32355.6,32361.409914043088,5
2011-06-24,6383.61774768649,26481.5,32865.11774768649,4
2011-06-27,19970.105033608288,12861.4,32831.505033608286,2
2011-06-28,19970.105033608288,13011.4,32981.505033608286,2
2011-06-29,766.5050336082877,32473.600000000002,33240.10503360829,5
2011-06-30,766.5050336082877,32916.0,33682.505033608286,5
2011-07-01,766.5050336082877,32480.6,33247.105033608284,5
2011-07-04,1743.8187087458882,31682.6,33426.418708745885,5
2011-07-05,1743.8187087458882,31622.95,33366.76870874589,5
2011-07-06,1743.8187087458882,31436.0,33179.81870874589,5
2011-07-07,1743.8187087458882,31894.75,33638.56870874589,5
2011-07-08,14419.518726194688,18880.65,33300.16872619469,3
2011-07-11,1479.7687261946885,31809.449999999997,33289.21872619468,5
2011-07-12,1479.7687261946885,31615.85,33095.61872619469,5
2011-07-13,1398.0131340403896,32102.249999999996,33500.26313404039,5
2011-07-14,1398.0131340403896,32317.55,33715.56313404039,5
2011-07-15,1398.0131340403896,32331.300000000003,33729.31313404039,5
2011-07-18,1398.0131340403896,32417.2,33815.21313404039,5
2011-07-19,8162.392185320889,25599.6,33761.99218532089,4
2011-07-20,21379.25394509209,12423.349999999999,33802.60394509209,2
2011-07-21,15334.653945092088,18703.6,34038.25394509209,3
2011-07-22,14754.864455266092,18919.4,33674.26445526609,3
2011-07-25,14754.864455266092,18895.75,33650.61445526609,3
2011-07-26,1389.8644552660917,31833.95,33223.814455266096,5
2011-07-27,1389.8644552660917,31982.25,33372.11445526609,5
2011-07-28,1389.8644552660917,31707.9,33097.76445526609,5
2011-07-29,7200.749095987779,25618.4,32819.14909598778,4
2011-08-01,12710.065327550656,20012.3,32722.365327550655,3
2011-08-02,244.9802436617556,32584.399999999998,32829.380243661755,5
2011-08-03,244.9802436617556,32468.2,32713.180243661758,5
2011-08-04,6931.364035645755,25402.4,32333.764035645756,4
2011-08-05,24207.891672909896,6960.0,31167.891672909896,1
2011-08-08,18747.591672909897,12725.25,31472.841672909897,2
2011-08-09,18747.591672909897,12236.85,30984.441672909896,2
2011-08-10,20355.840858477397,10705.5,31061.340858477397,2
2011-08-11,20355.840858477397,10740.6,31096.4408584774,2
2011-08-12,20355.840858477397,10755.3,31111.140858477396,2
2011-08-16,20355.840858477397,10542.9,30898.740858477395,2
2011-08-17,20355.840858477397,10515.599999999999,30871.440858477396,2
2011-08-18,25618.2227462374,5270.2,30888.4227462374,1
2011-08-19,25618.2227462374,5243.0,30861.2227462374,1
2011-08-22,30809.0827363094,0.0,30809.0827363094,0
2011-08-23,30809.0827363094,0.0,30809.0827363094,0
2011-08-24,30809.0827363094,0.0,30809.0827363094,0
2011-08-25,30809.0827363094,0.0,30809.0827363094,0
2011-08-26,30809.0827363094,0.0,30809.0827363094,0
2011-08-29,30809.0827363094,0.0,30809.0827363094,0
2011-08-30,30809.0827363094,0.0,30809.0827363094,0
2011-09-02,30809.0827363094,0.0,30809.0827363094,0
2011-09-05,24842.682736309398,5985.1,30827.782736309397,1
2011-09-06,24842.682736309398,6065.950000000001,30908.6327363094,1
2011-09-07,24842.682736309398,6043.950000000001,30886.6327363094,1
2011-09-08,24842.682736309398,6021.4,30864.0827363094,1
2011-09-09,18821.682736309398,11891.7,30713.3827363094,2
2011-09-12,789.0827363093986,29854.899999999998,30643.982736309397,5
2011-09-13,789.0827363093986,30044.2,30833.2827363094,5
2011-09-14,732.6771747449984,30347.200000000004,31079.877174745,5
2011-09-15,732.6771747449984,30700.899999999998,31433.577174744998,5
2011-09-16,732.6771747449984,30318.7,31051.377174745,5
2011-09-19,5883.978171664891,24535.8,30419.77817166489,4
2011-09-20,109.07257041088997,30862.45,30971.52257041089,5
2011-09-21,602.3820947532904,30895.149999999998,31497.53209475329,5
2011-09-22,602.3820947532904,29736.0,30338.38209475329,5
2011-09-23,6692.37167648258,23011.0,29703.37167648258,4
2011-09-26,6258.255866778093,22788.0,29046.255866778094,4
2011-09-27,6258.255866778093,23503.199999999997,29761.45586677809,4
2011-09-28,6258.255866778093,23036.6,29294.855866778093,4
2011-09-29,5880.787540453293,23661.399999999998,29542.18754045329,4
2011-09-30,12681.926999425294,16948.2,29630.126999425294,3
2011-10-03,12681.926999425294,16643.8,29325.726999425293,3
2011-10-04,18327.344531001294,10893.2,29220.544531001295,2
2011-10-05,23877.302093686092,5345.2,29222.502093686093,1
2011-10-07,23877.302093686092,5391.400000000001,29268.702093686094,1
2011-10-10,18142.302093686092,11032.800000000001,29175.102093686095,2
2011-10-11,23577.470384126093,5584.650000000001,29162.120384126094,1
2011-10-12,23577.470384126093,5860.55,29438.02038412609,1
2011-10-13,6781.820384126093,22103.200000000004,28885.020384126095,4
2011-10-14,1178.820384126093,27918.699999999997,29097.520384126088,5
2011-10-17,1178.820384126093,28139.750000000004,29318.5703841261,5
2011-10-18,1178.820384126093,27635.6,28814.42038412609,5
2011-10-19,6132.955184824748,22239.45,28372.405184824747,4
2011-10-20,6132.955184824748,21981.5,28114.45518482475,4
2011-10-21,583.3051848247487,27467.449999999997,28050.755184824746,5
2011-10-24,11592.181529400048,16595.25,28187.431529400048,3
2011-10-25,5982.181529400048,22871.4,28853.58152940005,4
2011-10-26,522.181529400048,28515.449999999997,29037.631529400045,5
2011-10-28,522.181529400048,28646.7,29168.88152940005,5
2011-10-31,1454.6042942256481,27365.550000000003,28820.15429422565,5
2011-11-01,1454.6042942256481,26996.300000000003,28450.90429422565,5
2011-11-02,1525.3294080368478,26851.050000000003,28376.37940803685,5
2011-11-03,1673.7636812806477,26737.4,28411.16368128065,5
2011-11-04,2567.8070458516486,26207.100000000002,28774.90704585165,5
2011-11-08,2103.928079719648,26474.800000000003,28578.72807971965,5
2011-11-09,2103.928079719648,26075.2,28179.12807971965,5
2011-11-11,1487.6597908504473,26524.550000000003,28012.20979085045,5
2011-11-14,1487.6597908504473,26068.649999999998,27556.309790850446,5
2011-11-15,20884.394487037942,5622.400000000001,26506.794487037943,1
2011-11-16,5233.194487037943,21799.4,27032.594487037946,4
2011-11-17,5233.194487037943,21895.9,27129.094487037946,4
2011-11-18,16232.069129396765,10886.25,27118.319129396765,2
2011-11-21,16232.069129396765,10370.400000000001,26602.469129396766,2
2011-11-22,21632.539062968764,5011.65,26644.189062968762,1
2011-11-23,21227.621639054734,5019.2,26246.821639054735,1
2011-11-24,21227.621639054734,5031.2,26258.821639054735,1
2011-11-25,21227.621639054734,5054.4,26282.021639054736,1
2011-11-28,21227.621639054734,5194.4,26422.021639054736,1
2011-11-29,15995.621639054734,10424.8,26420.421639054734,2
2011-11-30,5643.871639054734,20829.55,26473.421639054734,4
2011-12-01,864.8716390547343,25555.45,26420.321639054735,5
2011-12-02,6127.4508748883345,20584.1,26711.550874888333,4
2011-12-05,6127.4508748883345,20487.65,26615.100874888336,4
2011-12-07,6127.4508748883345,20536.1,26663.550874888333,4
2011-12-08,1447.4508748883345,24951.800000000003,26399.250874888337,5
2011-12-09,6534.787642952335,19298.699999999997,25833.487642952332,4
2011-12-12,11495.985500526835,14198.449999999999,25694.435500526833,3
2011-12-13,6147.544879302835,19547.25,25694.794879302834,4
2011-12-14,6147.544879302835,19665.75,25813.294879302834,4
2011-12-15,6147.544879302835,19530.75,25678.294879302834,4
2011-12-16,1147.5448793028354,23864.45,25011.994879302838,5
2011-12-19,10265.884510090917,14194.75,24460.634510090917,3
2011-12-20,14714.36351180739,9559.25,24273.61351180739,2
2011-12-21,10091.563511807391,14453.7,24545.263511807392,3
2011-12-22,19830.49644713339,4662.7,24493.196447133392,1
2011-12-23,19830.49644713339,4628.400000000001,24458.896447133393,1
2011-12-26,19830.49644713339,4599.7,24430.196447133392,1
2011-12-27,19830.49644713339,4478.599999999999,24309.09644713339,1
2011-12-28,19830.49644713339,4512.900000000001,24343.396447133393,1
2011-12-29,19830.49644713339,4500.3,24330.79644713339,1
2011-12-30,24327.96960262339,0.0,24327.96960262339,0
2012-01-02,24327.96960262339,0.0,24327.96960262339,0
2012-01-03,19731.96960262339,4646.4,24378.36960262339,1
2012-01-04,19731.96960262339,4645.200000000001,24377.16960262339,1
2012-01-05,19731.96960262339,4592.4,24324.36960262339,1
2012-01-06,14973.369602623392,9367.3,24340.66960262339,2
2012-01-09,14973.369602623392,9352.7,24326.069602623393,2
2012-01-10,14973.369602623392,9520.8,24494.16960262339,2
2012-01-11,10110.369602623392,14444.100000000002,24554.469602623394,3
2012-01-12,9695.893197023232,14309.3,24005.193197023233,3
2012-01-13,269.44319702323173,24218.3,24487.743197023232,5
2012-01-16,269.44319702323173,24235.2,24504.643197023233,5
2012-01-17,128.18732977203126,24437.5,24565.68732977203,5
2012-01-18,128.18732977203126,24236.15,24364.33732977203,5
2012-01-19,128.18732977203126,25040.2,25168.38732977203,5
2012-01-20,903.7058542980303,24068.85,24972.55585429803,5
2012-01-23,858.8508524050303,23980.700000000004,24839.550852405035,5
2012-01-24,631.5322878925299,24390.4,25021.93228789253,5
2012-01-25,631.5322878925299,24525.549999999996,25157.082287892525,5
2012-01-27,5282.075046813219,19177.1,24459.175046813216,4
2012-01-30,415.07504681321916,23938.0,24353.075046813217,5
2012-01-31,415.07504681321916,24319.0,24734.075046813217,5
2012-02-01,217.91053486481997,24877.35,25095.260534864818,5
2012-02-02,6196.842244531175,19829.550000000003,26026.392244531176,4
2012-02-03,992.5922445311753,25820.15,26812.742244531175,5
2012-02-06,992.5922445311753,25692.4,26684.992244531175,5
2012-02-07,2263.250449334975,24116.55,26379.800449334973,5
2012-02-08,4924.090503827975,21865.850000000002,26789.940503827976,5
2012-02-09,4924.090503827975,21995.249999999996,26919.34050382797,5
2012-02-10,4514.284197794375,22093.950000000004,26608.23419779438,5
2012-02-13,4514.284197794375,22063.5,26577.784197794375,5
2012-02-14,4195.104337433876,22440.3,26635.404337433876,5
2012-02-15,4195.104337433876,23059.1,27254.204337433875,5
2012-02-16,2941.868517661076,24094.75,27036.618517661074,5
2012-02-17,616.912551831876,27870.45,28487.362551831877,5
2012-02-21,616.912551831876,27793.7,28410.612551831877,5
2012-02-22,1190.0396227142774,26204.699999999997,27394.739622714274,5
2012-02-23,1190.0396227142774,25541.05,26731.089622714277,5
2012-02-24,966.8774102758771,26401.9,27368.777410275878,5
2012-02-27,5874.63211959793,21045.65,26920.28211959793,4
2012-02-28,882.0321195979295,26615.7,27497.73211959793,5
2012-02-29,1103.8927375774292,26604.7,27708.59273757743,5
2012-03-01,7423.33958244331,20452.65,27875.98958244331,4
2012-03-02,11970.585160202976,15054.05,27024.635160202975,3
2012-03-05,6618.585160202976,20680.9,27299.485160202978,4
2012-03-06,11647.023286714453,15552.5,27199.52328671445,3
2012-03-07,6607.023286714453,20662.9,27269.923286714453,4
2012-03-09,6607.023286714453,20807.35,27414.37328671445,4
2012-03-12,6607.023286714453,21083.4,27690.423286714453,4
2012-03-13,6607.023286714453,21428.199999999997,28035.22328671445,4
2012-03-14,6603.996068009554,21626.25,28230.246068009554,4
2012-03-15,7140.662633323154,21143.6,28284.262633323153,4
2012-03-16,7140.662633323154,20417.449999999997,27558.11263332315,4
2012-03-19,2655.656517821153,24543.100000000002,27198.756517821155,5
2012-03-20,2655.656517821153,24557.35,27213.00651782115,5
2012-03-21,2655.656517821153,24852.8,27508.456517821152,5
2012-03-22,7953.244696600561,19257.0,27210.24469660056,4
2012-03-23,6821.782424334663,20293.45,27115.232424334663,4
2012-03-26,2139.2331576296638,24576.95,26716.183157629664,5
2012-03-27,2139.2331576296638,24295.050000000003,26434.283157629667,5
2012-03-28,16454.840328175,9930.25,26385.090328175,2
2012-03-29,21418.772146398795,4814.95,26233.722146398795,1
2012-03-30,11321.372146398795,15189.949999999999,26511.322146398794,3
2012-04-02,11321.372146398795,15172.849999999999,26494.222146398795,3
2012-04-03,6222.872146398795,20404.8,26627.672146398792,4
2012-04-04,880.6128771641952,25918.55,26799.162877164195,5
2012-04-09,880.6128771641952,25482.1,26362.712877164195,5
2012-04-10,880.6128771641952,25553.949999999997,26434.562877164193,5
2012-04-11,880.6128771641952,25604.35,26484.962877164195,5
2012-04-12,6024.976786365794,20798.899999999998,26823.876786365792,4
2012-04-13,860.4767863657944,25872.1,26732.576786365793,5
2012-04-16,1035.3811650290945,26015.85,27051.231165029094,5
2012-04-17,478.7792017964948,26657.699999999997,27136.479201796494,5
2012-04-18,478.7792017964948,26499.850000000002,26978.629201796495,5
2012-04-19,478.7792017964948,26670.7,27149.479201796494,5
2012-04-20,478.7792017964948,26560.55,27039.329201796492,5
2012-04-23,5734.531066698178,20786.6,26521.131066698177,4
2012-04-24,11110.837224835377,15470.699999999999,26581.537224835374,3
2012-04-25,16220.012885864377,10325.4,26545.412885864374,2
2012-04-26,21585.85364143078,5104.799999999999,26690.653641430777,1
2012-04-27,21585.85364143078,5035.799999999999,26621.653641430777,1
2012-04-30,21585.85364143078,5174.4,26760.253641430776,1
2012-05-02,21585.85364143078,5185.799999999999,26771.653641430777,1
2012-05-03,23203.31215375678,3603.6,26806.912153756777,1
2012-05-04,7793.843973000111,18432.1,26225.94397300011,4
2012-05-07,12531.421900653586,13335.1,25866.521900653584,3
2012-05-08,2776.421900653586,23106.550000000003,25882.97190065359,5
2012-05-09,2776.421900653586,23292.5,26068.921900653586,5
2012-05-10,2776.421900653586,23507.1,26283.521900653584,5
2012-05-11,2776.421900653586,23016.7,25793.121900653587,5
2012-05-14,15551.897632320906,10028.35,25580.247632320905,2
2012-05-15,15551.897632320906,10234.2,25786.097632320907,2
2012-05-16,15551.897632320906,9945.5,25497.397632320906,2
2012-05-17,25493.327408547706,0.0,25493.327408547706,0
2012-05-18,25493.327408547706,0.0,25493.327408547706,0
2012-05-21,25493.327408547706,0.0,25493.327408547706,0
2012-05-22,25493.327408547706,0.0,25493.327408547706,0
2012-05-23,25493.327408547706,0.0,25493.327408547706,0
2012-05-24,25493.327408547706,0.0,25493.327408547706,0
2012-05-25,25493.327408547706,0.0,25493.327408547706,0
2012-05-28,25493.327408547706,0.0,25493.327408547706,0
2012-05-29,25119.331206707422,0.0,25119.331206707422,0
2012-05-30,25119.331206707422,0.0,25119.331206707422,0
2012-05-31,5902.881206707421,19362.9,25265.781206707423,4
2012-06-01,5902.881206707421,18891.0,24793.88120670742,4
2012-06-04,1018.8812067074214,23826.95,24845.831206707422,5
2012-06-05,1018.8812067074214,23776.500000000004,24795.381206707425,5
2012-06-06,1018.8812067074214,24450.100000000002,25468.981206707424,5
2012-06-07,1018.8812067074214,24336.25,25355.13120670742,5
2012-06-08,1018.8812067074214,24536.2,25555.081206707422,5
2012-06-11,10437.239638168458,14920.599999999999,25357.839638168458,3
2012-06-12,10437.239638168458,15141.25,25578.48963816846,3
2012-06-13,5728.363810745659,20085.8,25814.16381074566,4
2012-06-14,5728.363810745659,19816.4,25544.76381074566,4
2012-06-15,659.8638107456591,25009.0,25668.863810745657,5
2012-06-18,5256.305344634908,19935.2,25191.50534463491,4
2012-06-19,516.3053446349077,25414.149999999994,25930.455344634902,5
2012-06-20,10963.287453451707,15260.400000000001,26223.68745345171,3
2012-06-21,10963.287453451707,15197.099999999999,26160.387453451705,3
2012-06-22,6289.5437627657075,19702.75,25992.29376276571,4
2012-06-25,1437.5437627657075,24847.8,26285.343762765708,5
2012-06-26,1688.2821743749073,24796.95,26485.23217437491,5
2012-06-27,1688.2821743749073,24776.449999999997,26464.732174374905,5
2012-06-28,6714.943197152507,19758.0,26472.94319715251,4
2012-06-29,6714.943197152507,19981.9,26696.84319715251,4
2012-07-02,6714.943197152507,20085.800000000003,26800.74319715251,4
2012-07-03,16616.608903213906,10383.6,27000.208903213905,2
2012-07-04,11201.251249269908,15709.650000000001,26910.90124926991,3
2012-07-05,11174.567373630907,15761.099999999999,26935.667373630906,3
2012-07-06,11174.567373630907,15747.45,26922.017373630908,3
2012-07-09,11174.567373630907,15702.149999999998,26876.717373630905,3
2012-07-10,11174.567373630907,15888.6,27063.16737363091,3
2012-07-11,11174.567373630907,15777.599999999999,26952.167373630906,3
2012-07-12,11174.567373630907,15768.3,26942.867373630907,3
2012-07-13,21823.446484027805,5131.8,26955.246484027804,1
2012-07-16,16233.770544197007,10511.4,26745.170544197004,2
2012-07-17,16233.770544197007,10438.599999999999,26672.370544197005,2
2012-07-18,21181.407196912995,5313.7,26495.107196912995,1
2012-07-19,21181.407196912995,5345.900000000001,26527.307196912996,1
2012-07-20,21181.407196912995,5369.7,26551.107196912995,1
2012-07-23,15914.907196912995,10514.5,26429.407196912995,2
2012-07-24,10852.707196912994,15579.199999999999,26431.907196912995,3
2012-07-25,11589.012333199593,14651.550000000001,26240.562333199596,3
2012-07-26,6405.012333199593,19972.45,26377.462333199594,4
2012-07-27,5875.175223884194,20078.649999999998,25953.825223884192,4
2012-07-30,771.1752238841937,25479.100000000002,26250.275223884197,5
2012-07-31,771.1752238841937,25631.5,26402.675223884195,5
2012-08-01,6152.8009377263925,20357.25,26510.05093772639,4
2012-08-02,1233.0609047017915,25274.65,26507.710904701795,5
2012-08-03,3160.4704364998915,23023.75,26184.22043649989,5
2012-08-06,3393.0185440614905,22949.5,26342.51854406149,5
2012-08-07,3393.0185440614905,22920.500000000004,26313.518544061495,5
2012-08-08,8348.837663959152,17773.7,26122.537663959152,4
2012-08-09,3172.0376639591514,22998.05,26170.08766395915,5
2012-08-10,3172.0376639591514,22984.3,26156.33766395915,5
2012-08-13,2869.9058178591513,23624.35,26494.25581785915,5
2012-08-14,637.4353934141509,26074.199999999997,26711.635393414148,5
2012-08-16,570.3979677645502,26738.8,27309.19796776455,5
2012-08-17,570.3979677645502,26513.550000000003,27083.947967764554,5
2012-08-21,570.3979677645502,26361.85,26932.24796776455,5
2012-08-22,719.0440828741503,26564.350000000002,27283.394082874154,5
2012-08-23,719.0440828741503,26643.9,27362.94408287415,5
2012-08-24,175.95730531035133,26796.2,26972.157305310353,5
2012-08-27,872.5349769903514,26069.9,26942.434976990353,5
2012-08-28,10716.491090689444,15745.3,26461.791090689443,3
2012-08-29,10716.491090689444,15837.95,26554.441090689445,3
2012-08-30,10716.491090689444,15901.95,26618.441090689445,3
2012-08-31,15907.961157328244,10650.4,26558.361157328243,2
2012-09-03,15907.961157328244,10608.75,26516.711157328245,2
2012-09-04,12462.877977533044,13994.599999999999,26457.477977533043,3
2012-09-05,12445.091371372044,13993.8,26438.891371372043,3
2012-09-06,7253.891371372044,19138.75,26392.641371372043,4
2012-09-07,7253.891371372044,19326.300000000003,26580.191371372046,4
2012-09-10,7253.891371372044,19388.899999999998,26642.79137137204,4
2012-09-11,2253.091371372044,24436.95,26690.041371372045,5
2012-09-12,2253.091371372044,24456.800000000003,26709.891371372047,5
2012-09-13,992.1206206354436,25327.65,26319.770620635445,5
2012-09-14,5619.952090853538,20450.05,26070.002090853537,4
2012-09-17,5539.558445453215,20331.05,25870.608445453214,4
2012-09-18,5831.507239356981,20210.65,26042.15723935698,4
2012-09-20,862.2072393569806,25360.350000000002,26222.557239356982,5
2012-09-21,5109.090360119634,20716.85,25825.94036011963,4
2012-09-24,261.09036011963417,25302.1,25563.19036011963,5
2012-09-25,337.39482813353425,24982.85,25320.24482813353,5
2012-09-26,814.5994747283348,24428.9,25243.499474728334,5
2012-09-27,825.5828717993345,24445.2,25270.782871799336,5
2012-09-28,825.5828717993345,24636.899999999998,25462.482871799333,5
2012-10-01,633.8050320526354,24868.95,25502.755032052635,5
2012-10-03,633.8050320526354,25039.65,25673.455032052636,5
2012-10-04,861.5351070606357,25414.8,26276.335107060637,5
2012-10-05,5812.524070548545,19787.8,25600.324070548544,4
2012-10-08,1110.1533778240464,24353.399999999998,25463.553377824042,5
2012-10-09,2023.587391746746,23583.100000000002,25606.68739174675,5
2012-10-10,2023.587391746746,23193.449999999997,25217.037391746744,5
2012-10-11,6935.934054678746,18268.199999999997,25204.134054678743,4
2012-10-12,11504.309041343766,13813.300000000001,25317.609041343767,3
2012-10-15,16218.367739220266,8980.85,25199.217739220265,2
2012-10-16,6700.467739220267,18330.6,25031.067739220263,4
2012-10-17,6617.901293318965,18706.75,25324.651293318966,4
2012-10-18,5911.008402746964,19752.0,25663.008402746964,4
2012-10-19,5911.008402746964,19642.399999999998,25553.40840274696,4
2012-10-22,5911.008402746964,19668.0,25579.008402746964,4
2012-10-23,5911.008402746964,19431.9,25342.908402746965,4
2012-10-25,5911.008402746964,19435.7,25346.708402746965,4
2012-10-26,10664.113607040563,14534.600000000002,25198.713607040565,3
2012-10-29,15658.142172904561,9538.7,25196.842172904562,2
2012-10-30,15524.337458104561,9569.099999999999,25093.43745810456,2
2012-10-31,15524.337458104561,9688.25,25212.58745810456,2
2012-11-01,15524.337458104561,9655.0,25179.33745810456,2
2012-11-02,15524.337458104561,9606.3,25130.63745810456,2
2012-11-05,10528.040673504125,14272.0,24800.040673504125,3
2012-11-06,5690.540673504125,18899.0,24589.540673504125,4
2012-11-07,5690.540673504125,18977.4,24667.940673504127,4
2012-11-08,10615.653948918125,13901.0,24516.653948918123,3
2012-11-09,1010.0539489181247,23125.550000000003,24135.603948918128,5
2012-11-12,5527.227502166394,18468.6,23995.827502166394,4
2012-11-13,836.8275021663931,23425.7,24262.527502166395,5
2012-11-15,5162.374940520993,19236.15,24398.524940520994,4
2012-11-16,4985.569248371603,18774.949999999997,23760.519248371602,4
2012-11-19,9498.259528769306,14088.95,23587.20952876931,3
2012-11-20,952.6595287693053,22492.0,23444.659528769305,5
2012-11-21,5312.977289850483,17897.0,23209.97728985048,4
2012-11-22,812.9772898504834,22456.65,23269.627289850483,5
2012-11-23,5271.213366098094,17827.9,23099.113366098096,4
2012-11-26,10117.721171978093,13287.75,23405.471171978093,3
2012-11-27,5637.7211719780935,17784.35,23422.071171978092,4
2012-11-29,5637.7211719780935,17832.6,23470.321171978092,4
2012-11-30,2619.720964354494,20650.0,23269.720964354492,5
2012-12-03,2619.720964354494,20861.9,23481.620964354493,5
2012-12-04,3257.2107129984943,20260.050000000003,23517.260712998497,5
2012-12-05,3537.884121911493,19721.699999999997,23259.58412191149,5
2012-12-06,6477.814890863291,16982.05,23459.86489086329,4
2012-12-07,1679.9386962102908,21669.0,23348.93869621029,5
2012-12-10,1679.9386962102908,21692.75,23372.68869621029,5
2012-12-11,1460.1262343898907,22146.5,23606.626234389892,5
2012-12-12,1460.1262343898907,22160.25,23620.376234389892,5
2012-12-13,1003.2045667924904,22251.05,23254.25456679249,5
2012-12-14,791.5099005619895,22339.05,23130.559900561988,5
2012-12-17,791.5099005619895,22446.75,23238.25990056199,5
2012-12-18,9440.84365484479,13921.100000000002,23361.943654844792,3
2012-12-19,587.8436548447899,23267.8,23855.64365484479,5
2012-12-20,1381.19471132959,22319.25,23700.44471132959,5
2012-12-21,1381.19471132959,22119.7,23500.89471132959,5
2012-12-24,1250.8037140630904,22169.4,23420.203714063093,5
2012-12-26,1051.4623366146898,22200.75,23252.21233661469,5
2012-12-27,1051.4623366146898,22119.35,23170.81233661469,5
2012-12-28,1051.4623366146898,22506.85,23558.31233661469,5
2012-12-31,9820.918615111292,13917.850000000002,23738.768615111294,3
2013-01-01,14256.854034601292,9558.3,23815.15403460129,2
2013-01-02,9549.854034601292,14248.400000000001,23798.254034601294,3
2013-01-03,10518.286384465893,13444.550000000001,23962.836384465896,3
2013-01-04,1263.412153916891,22705.050000000003,23968.462153916895,5
2013-01-07,1263.412153916891,22730.449999999997,23993.86215391689,5
2013-01-08,1263.412153916891,22829.5,24092.912153916892,5
2013-01-09,1263.412153916891,22759.350000000002,24022.762153916894,5
2013-01-10,1263.412153916891,22557.05,23820.46215391689,5
2013-01-11,7215.118253767173,16031.750000000002,23246.868253767174,4
2013-01-14,6668.919931516308,16839.15,23508.069931516307,4
2013-01-15,11130.635554210709,12552.55,23683.185554210708,3
2013-01-16,3720.3355542107083,19718.2,23438.53555421071,5
2013-01-17,8059.687806340779,15589.75,23649.43780634078,4
2013-01-18,13514.182478821158,10635.2,24149.382478821157,3
2013-01-21,13514.182478821158,10719.75,24233.93247882116,3
2013-01-22,3253.6996498871595,20813.05,24066.74964988716,5
2013-01-23,3253.6996498871595,20977.5,24231.19964988716,5
2013-01-24,3253.6996498871595,20786.65,24040.34964988716,5
2013-01-25,6054.693460321159,18247.75,24302.44346032116,4
2013-01-28,1243.59346032116,23130.0,24373.59346032116,5
2013-01-29,10264.3916209347,13744.7,24009.0916209347,3
2013-01-30,10264.3916209347,13753.75,24018.1416209347,3
2013-01-31,19381.7407975522,4832.099999999999,24213.8407975522,1
2013-02-01,14878.4407975522,9387.3,24265.7407975522,2
2013-02-04,10033.4407975522,14088.3,24121.7407975522,3
2013-02-05,5408.440797552201,18716.4,24124.840797552202,4
2013-02-06,10348.7146595876,13755.949999999999,24104.6646595876,3
2013-02-07,5837.014659587599,18165.4,24002.4146595876,4
2013-02-08,5837.014659587599,17963.699999999997,23800.714659587597,4
2013-02-11,5478.456204458562,18542.3,24020.75620445856,4
2013-02-12,9951.96804062476,14055.5,24007.46804062476,3
2013-02-13,14815.303029000761,9115.05,23930.353029000762,2
2013-02-14,19275.72946877816,4634.5,23910.22946877816,1
2013-02-15,14619.729468778161,9367.2,23986.929468778162,2
2013-02-18,14619.729468778161,9367.8,23987.52946877816,2
2013-02-19,14619.729468778161,9405.9,24025.629468778163,2
2013-02-20,14482.37462194516,9534.45,24016.82462194516,2
2013-02-21,9685.724621945159,14226.0,23911.72462194516,3
2013-02-22,9685.724621945159,14188.899999999998,23874.624621945157,3
2013-02-25,14262.792304421078,9525.25,23788.042304421077,2
2013-02-26,18837.519838877015,4686.0,23523.519838877015,1
2013-02-27,18837.519838877015,4714.400000000001,23551.919838877016,1
2013-02-28,18837.519838877015,4650.5,23488.019838877015,1
2013-03-01,18837.519838877015,4565.3,23402.819838877014,1
2013-03-04,23247.328983188414,0.0,23247.328983188414,0
2013-03-05,14601.328983188414,8790.350000000002,23391.678983188416,2
2013-03-06,1144.578983188414,22254.25,23398.828983188414,5
2013-03-07,1144.578983188414,22433.950000000004,23578.52898318842,5
2013-03-08,1144.578983188414,22626.850000000002,23771.428983188416,5
2013-03-11,1144.578983188414,22777.350000000002,23921.928983188416,5
2013-03-12,1144.578983188414,22598.399999999998,23742.97898318841,5
2013-03-13,1144.578983188414,22314.15,23458.728983188415,5
2013-03-14,5421.372008190114,17956.850000000002,23378.222008190118,4
2013-03-15,15564.538621858916,7621.35,23185.888621858918,2
2013-03-18,15564.538621858916,7643.95,23208.488621858916,2
2013-03-19,11296.385698622355,11593.400000000001,22889.785698622356,3
2013-03-20,6778.585698622354,15895.7,22674.285698622356,4
2013-03-21,14300.83921579202,8276.550000000001,22577.38921579202,2
2013-03-22,13643.2978915098,8728.300000000001,22371.597891509802,2
2013-03-25,18266.8680737591,4096.4,22363.2680737591,1
2013-03-26,22180.781610238097,0.0,22180.781610238097,0
2013-03-28,22180.781610238097,0.0,22180.781610238097,0
2013-04-01,22180.781610238097,0.0,22180.781610238097,0
2013-04-02,22180.781610238097,0.0,22180.781610238097,0
2013-04-03,17820.281610238097,4359.55,22179.831610238096,1
2013-04-04,17820.281610238097,4287.35,22107.631610238095,1
2013-04-05,9296.481610238097,12878.45,22174.931610238098,3
2013-04-08,9296.481610238097,12920.5,22216.981610238097,3
2013-04-09,9296.481610238097,12854.2,22150.681610238098,3
2013-04-10,9296.481610238097,12933.55,22230.031610238097,3
2013-04-11,4863.481610238097,17530.5,22393.981610238097,4
2013-04-12,9124.561455615098,13133.0,22257.561455615098,3
2013-04-15,9124.561455615098,13180.25,22304.811455615098,3
2013-04-16,17889.880059973097,4399.45,22289.330059973097,1
2013-04-17,17889.880059973097,4414.85,22304.730059973095,1
2013-04-18,17889.880059973097,4412.65,22302.530059973098,1
2013-04-22,9921.680059973096,12466.25,22387.930059973096,3
2013-04-23,5387.546321173096,17037.5,22425.046321173097,4
2013-04-25,1715.5463211730957,20739.9,22455.446321173098,5
2013-04-26,1715.5463211730957,20470.4,22185.946321173098,5
2013-04-29,1715.5463211730957,20567.6,22283.146321173095,5
2013-04-30,5674.481091568335,16304.15,21978.631091568335,4
2013-05-02,1362.4810915683347,21018.5,22380.981091568334,5
2013-05-03,931.0819731975362,21211.1,22142.181973197534,5
2013-05-06,1176.265777037136,21188.2,22364.465777037138,5
2013-05-07,641.9859330901363,22083.75,22725.735933090138,5
2013-05-08,641.9859330901363,21926.9,22568.88593309014,5
2013-05-09,641.9859330901363,21697.65,22339.63593309014,5
2013-05-10,641.9859330901363,21747.700000000004,22389.685933090142,5
2013-05-13,4928.605068331324,16885.550000000003,21814.155068331325,4
2013-05-14,5112.14476069358,16377.349999999999,21489.49476069358,4
2013-05-15,5280.78116179038,16507.4,21788.18116179038,4
2013-05-16,13388.027230032621,8617.0,22005.02723003262,2
2013-05-17,13388.027230032621,8531.95,21919.977230032622,2
2013-05-20,946.5272300326214,20686.949999999997,21633.47723003262,5
2013-05-21,946.5272300326214,20383.600000000002,21330.127230032624,5
2013-05-22,808.3790696640217,20266.25,21074.62906966402,5
2013-05-23,16151.611357416516,4074.7000000000003,20226.311357416515,1
2013-05-24,16237.180525194715,4104.0,20341.180525194715,1
2013-05-27,16237.180525194715,4165.2,20402.380525194716,1
2013-05-28,16237.180525194715,4125.599999999999,20362.780525194714,1
2013-05-29,16237.180525194715,3924.0,20161.180525194715,1
2013-05-30,8720.030525194716,11833.599999999999,20553.630525194712,3
2013-05-31,1555.0305251947157,18629.7,20184.73052519472,5
2013-06-03,1555.0305251947157,18454.0,20009.030525194714,5
2013-06-04,8871.886802164616,10849.25,19721.136802164616,3
2013-06-05,8525.609998065058,11156.3,19681.909998065057,3
2013-06-06,6075.609998065058,13495.3,19570.909998065057,4
2013-06-07,2519.609998065058,16974.35,19493.959998065056,5
2013-06-10,9632.53785672658,9567.0,19199.53785672658,3
2013-06-11,6336.078779201876,12511.85,18847.928779201877,4
2013-06-12,6336.078779201876,12217.5,18553.578779201875,4
2013-06-13,9670.365222580658,8684.05,18354.415222580657,3
2013-06-14,9670.365222580658,8728.95,18399.31522258066,3
2013-06-17,12073.979436692958,6380.95,18454.929436692957,2
2013-06-18,12073.979436692958,6424.0,18497.979436692956,2
2013-06-19,16305.400529342136,2636.25,18941.650529342136,1
2013-06-20,18928.429078034136,0.0,18928.429078034136,0
2013-06-21,18928.429078034136,0.0,18928.429078034136,0
2013-06-24,12208.429078034136,6730.0,18938.429078034136,2
2013-06-25,12208.429078034136,6581.55,18789.979078034135,2
2013-06-26,12208.429078034136,6760.4,18968.829078034134,2
2013-06-27,12208.429078034136,6906.4,19114.829078034134,2
2013-06-28,12208.429078034136,6963.4,19171.829078034134,2
2013-07-01,8465.179078034136,10661.4,19126.579078034134,3
2013-07-02,4317.518953092917,14451.7,18769.218953092917,4
2013-07-03,7354.913222416017,11294.35,18649.26322241602,3
2013-07-04,3934.9132224160167,15013.95,18948.863222416017,4
2013-07-05,3934.9132224160167,15009.5,18944.413222416017,4
2013-07-08,3934.9132224160167,15306.1,19241.01322241602,4
2013-07-09,335.91322241601665,19443.15,19779.063222416018,5
2013-07-10,335.91322241601665,19309.3,19645.213222416016,5
2013-07-11,4455.052756048019,15211.95,19667.00275604802,4
2013-07-12,4466.171774646518,15131.8,19597.971774646518,4
2013-07-15,8259.559541796518,11157.05,19416.60954179652,3
2013-07-16,8259.559541796518,11234.650000000001,19494.209541796517,3
2013-07-17,5202.922816514265,14191.95,19394.872816514267,4
2013-07-18,2187.022816514265,17305.2,19492.222816514266,5
2013-07-19,2187.022816514265,17422.1,19609.122816514264,5
2013-07-22,2419.7495478654655,17263.0,19682.749547865467,5
2013-07-23,2735.2357007188652,17071.55,19806.785700718865,5
2013-07-24,2735.2357007188652,17005.6,19740.835700718864,5
2013-07-25,6251.249329183647,13269.75,19520.999329183647,4
2013-07-26,12197.958196345375,7225.25,19423.208196345375,2
2013-07-29,12197.958196345375,7223.200000000001,19421.158196345375,2
2013-07-30,12197.958196345375,7125.700000000001,19323.658196345375,2
2013-07-31,15636.871143508875,3687.5999999999995,19324.471143508876,1
2013-08-01,15636.871143508875,3631.5999999999995,19268.471143508876,1
2013-08-02,15636.871143508875,3955.0,19591.871143508877,1
2013-08-05,11844.171143508876,7904.6,19748.77114350888,2
2013-08-06,15712.156045351476,3705.1499999999996,19417.306045351477,1
2013-08-07,12772.156045351476,6706.200000000001,19478.356045351476,2
2013-08-08,12772.156045351476,6938.85,19711.006045351474,2
2013-08-12,12772.156045351476,6867.700000000001,19639.856045351476,2
2013-08-13,12772.156045351476,6947.95,19720.106045351476,2
2013-08-14,12772.156045351476,7032.950000000001,19805.106045351476,2
2013-08-16,16736.800894765376,2988.0,19724.800894765376,1
2013-08-19,16736.800894765376,2964.75,19701.550894765376,1
2013-08-20,19679.308451173376,0.0,19679.308451173376,0
2013-08-21,19679.308451173376,0.0,19679.308451173376,0
2013-08-22,15759.308451173376,4034.0,19793.308451173376,1
2013-08-23,15759.308451173376,4012.0,19771.308451173376,1
2013-08-26,15759.308451173376,4032.0,19791.308451173376,1
2013-08-27,15759.308451173376,4000.0,19759.308451173376,1
2013-08-28,15759.308451173376,4096.0,19855.308451173376,1
2013-08-29,15759.308451173376,4844.0,20603.308451173376,1
2013-08-30,15759.308451173376,4544.0,20303.308451173376,1
2013-09-02,20289.717834309376,0.0,20289.717834309376,0
2013-09-03,16297.967834309376,3946.25,20244.217834309376,1
2013-09-04,16297.967834309376,4110.75,20408.717834309376,1
2013-09-05,8403.317834309377,12112.0,20515.317834309375,3
2013-09-06,8403.317834309377,12021.05,20424.367834309378,3
2013-09-10,4941.567834309377,15663.8,20605.367834309378,4
2013-09-11,903.9678343093774,19908.15,20812.117834309378,5
2013-09-12,903.9678343093774,19663.0,20566.967834309376,5
2013-09-13,845.8766480688764,20228.050000000003,21073.92664806888,5
2013-09-16,845.8766480688764,20409.6,21255.476648068874,5
2013-09-17,851.2468079428791,20470.100000000002,21321.346807942882,5
2013-09-18,851.2468079428791,20622.75,21473.99680794288,5
2013-09-19,4370.985101081379,17985.4,22356.38510108138,4
2013-09-20,4649.153688767779,18335.5,22984.65368876778,4
2013-09-23,167.15368876777939,22335.2,22502.35368876778,5
2013-09-24,778.4732762248786,21495.100000000002,22273.57327622488,5
2013-09-25,778.4732762248786,21347.85,22126.323276224877,5
2013-09-26,10033.221938539478,12083.000000000002,22116.22193853948,3
2013-09-27,1277.421938539478,21126.2,22403.62193853948,5
2013-09-30,1277.421938539478,21364.95,22642.37193853948,5
2013-10-01,5406.563702299182,17371.25,22777.813702299183,4
2013-10-03,5406.563702299182,17701.7,23108.263702299184,4
2013-10-04,1035.8872540649827,22309.95,23345.837254064983,5
2013-10-07,1035.8872540649827,22554.699999999997,23590.58725406498,5
2013-10-08,1035.8872540649827,22474.7,23510.587254064983,5
2013-10-09,903.4143134953838,22619.85,23523.264313495383,5
2013-10-10,903.4143134953838,22640.649999999998,23544.064313495383,5
2013-10-11,671.9236994547837,23108.65,23780.573699454784,5
2013-10-14,671.9236994547837,23678.65,24350.573699454784,5
2013-10-15,779.8253255051832,23228.100000000002,24007.925325505184,5
2013-10-17,779.8253255051832,23220.75,24000.575325505182,5
2013-10-18,779.8253255051832,23396.75,24176.575325505182,5
2013-10-21,401.2672300722834,24011.449999999997,24412.71723007228,5
2013-10-22,401.2672300722834,24065.0,24466.267230072284,5
2013-10-23,1084.3806051982838,23540.85,24625.23060519828,5
2013-10-24,1084.3806051982838,23573.9,24658.280605198284,5
2013-10-25,674.4179304733861,23676.5,24350.917930473384,5
2013-10-28,674.4179304733861,23685.449999999997,24359.86793047338,5
2013-10-29,674.4179304733861,23555.05,24229.467930473387,5
2013-10-30,11102.156262546687,13785.599999999999,24887.756262546685,3
2013-10-31,6278.156262546687,18785.1,25063.256262546685,4
2013-11-01,1220.5120755780881,24640.75,25861.262075578088,5
2013-11-05,7263.896203095697,19278.05,26541.946203095697,4
2013-11-06,1793.8486468137971,24016.550000000003,25810.3986468138,5
2013-11-07,6007.838278753675,19027.95,25035.788278753676,4
2013-11-08,5292.314385672815,19823.0,25115.314385672813,4
2013-11-11,957.9143856728151,23886.449999999997,24844.364385672812,5
2013-11-12,5729.388270111344,18947.65,24677.038270111345,4
2013-11-13,15418.144408655739,9250.8,24668.944408655738,2
2013-11-14,10683.644408655739,13956.4,24640.04440865574,3
2013-11-18,914.1444086557385,23922.1,24836.244408655737,5
2013-11-19,6928.007150911958,19037.399999999998,25965.407150911957,4
2013-11-20,6928.007150911958,18687.6,25615.607150911957,4
2013-11-21,15619.352489511315,9819.5,25438.852489511315,2
2013-11-22,15619.352489511315,10078.349999999999,25697.702489511314,2
2013-11-25,10671.602489511315,15001.95,25673.552489511316,3
2013-11-26,10671.602489511315,14958.849999999999,25630.452489511314,3
2013-11-27,20853.138353108116,4733.25,25586.388353108116,1
2013-11-28,20853.138353108116,4795.5,25648.638353108116,1
2013-11-29,15825.938353108115,9785.8,25611.738353108114,2
2013-12-02,10785.838353108116,14976.849999999999,25762.688353108115,3
2013-12-03,597.8383531081163,25520.300000000003,26118.13835310812,5
2013-12-04,544.4486181916163,25398.449999999997,25942.89861819161,5
2013-12-05,5300.718419564554,20418.8,25719.518419564552,4
2013-12-06,221.61841956455373,25546.650000000005,25768.26841956456,5
2013-12-09,221.61841956455373,25798.800000000003,26020.418419564558,5
2013-12-10,1036.4893993853539,24738.85,25775.339399385353,5
2013-12-11,1229.7203956769545,24362.149999999998,25591.870395676953,5
2013-12-12,1179.6128113193536,24189.4,25369.012811319357,5
2013-12-13,5575.902505239316,19406.2,24982.102505239316,4
2013-12-16,6264.0343275854775,19380.8,25644.83432758548,4
2013-12-17,1147.0343275854775,24795.0,25942.034327585476,5
2013-12-18,1147.0343275854775,25175.25,26322.284327585476,5
2013-12-19,1147.0343275854775,25001.6,26148.634327585474,5
2013-12-20,950.0587748784774,25965.4,26915.45877487848,5
2013-12-23,633.2080261044775,26137.600000000002,26770.80802610448,5
2013-12-24,410.75313707207806,26462.15,26872.90313707208,5
2013-12-26,1310.5000961670794,25281.800000000003,26592.300096167084,5
2013-12-27,1824.4470392788799,24984.0,26808.44703927888,5
2013-12-30,1824.4470392788799,24998.45,26822.89703927888,5
2013-12-31,8038.337687378348,19213.200000000004,27251.537687378353,4
2014-01-01,8038.337687378348,19279.65,27317.98768737835,4
2014-01-02,13156.799842105447,13953.35,27110.14984210545,3
2014-01-03,17988.54607179505,9054.45,27042.99607179505,2
2014-01-06,17549.875257187246,9454.4,27004.275257187248,2
2014-01-07,16924.970482639248,9812.099999999999,26737.070482639247,2
2014-01-08,3297.3704826392477,23137.3,26434.670482639245,5
2014-01-09,7727.939347113073,18320.5,26048.439347113075,4
2014-01-10,11918.578759220109,13645.05,25563.628759220108,3
2014-01-13,1774.5787592201086,24107.299999999996,25881.878759220104,5
2014-01-14,1774.5787592201086,24335.75,26110.32875922011,5
2014-01-15,1774.5787592201086,24743.4,26517.97875922011,5
2014-01-16,2541.0412876665087,23708.5,26249.541287666507,5
2014-01-17,10798.558784392999,15107.150000000001,25905.708784393,3
2014-01-20,5770.558784392999,20045.100000000002,25815.658784393003,4
2014-01-21,10710.446669296998,14933.25,25643.696669296998,3
2014-01-22,15583.8503147068,10104.9,25688.7503147068,2
2014-01-23,10885.8503147068,14803.3,25689.1503147068,3
2014-01-24,624.9503147068008,24862.65,25487.600314706804,5
2014-01-27,624.9503147068008,24331.6,24956.5503147068,5
2014-01-28,624.9503147068008,24087.8,24712.7503147068,5
2014-01-29,614.2953037468005,24487.15,25101.4453037468,5
2014-01-30,5145.593780742527,19989.35,25134.943780742527,4
2014-01-31,10402.490182396126,14741.55,25144.040182396126,3
2014-02-03,2547.194416160728,22164.7,24711.89441616073,5
2014-02-04,7374.931739746528,17081.35,24456.281739746526,4
2014-02-05,2998.131739746528,21439.250000000004,24437.381739746532,5
2014-02-06,2998.131739746528,21615.0,24613.13173974653,5
2014-02-07,7603.326092879328,17027.85,24631.176092879326,4
2014-02-10,7603.326092879328,17131.4,24734.72609287933,4
2014-02-11,7603.326092879328,17381.8,24985.126092879327,4
2014-02-12,15558.672370093329,9206.2,24764.87237009333,2
2014-02-13,19702.42131444283,4836.5,24538.92131444283,1
2014-02-14,14807.57131444283,9751.45,24559.02131444283,2
2014-02-17,490.1713144428295,23715.5,24205.67131444283,5
2014-02-18,490.1713144428295,23671.65,24161.82131444283,5
2014-02-19,490.1713144428295,23596.0,24086.17131444283,5
2014-02-20,490.1713144428295,23551.899999999998,24042.071314442826,5
2014-02-21,301.38049663382935,23789.05,24090.430496633828,5
2014-02-24,301.38049663382935,23945.149999999998,24246.530496633826,5
2014-02-25,436.18717502232994,23874.149999999998,24310.337175022327,5
2014-02-26,5454.377082491432,19276.45,24730.827082491433,4
2014-02-28,522.8270824914316,24496.75,25019.577082491433,5
2014-03-03,522.8270824914316,24480.600000000002,25003.427082491435,5
2014-03-04,522.8270824914316,24936.9,25459.727082491434,5
2014-03-05,671.1152219691312,24742.05,25413.16522196913,5
2014-03-06,671.1152219691312,25237.8,25908.91522196913,5
2014-03-07,10365.550922418548,15751.399999999998,26116.950922418546,3
2014-03-10,8420.445964441515,17815.4,26235.845964441516,4
2014-03-11,3514.8459644415143,23022.449999999997,26537.29596444151,5
2014-03-12,3514.8459644415143,22728.300000000003,26243.145964441515,5
2014-03-13,3514.8459644415143,22849.65,26364.495964441514,5
2014-03-14,3518.0504936025145,23165.699999999997,26683.75049360251,5
2014-03-18,3518.0504936025145,23216.399999999998,26734.45049360251,5
2014-03-19,8707.530714842514,18268.25,26975.780714842513,4
2014-03-20,11184.524148193712,15475.05,26659.57414819371,3
2014-03-21,5834.175531296112,21174.25,27008.42553129611,4
2014-03-24,492.17553129611224,26783.25,27275.42553129611,5
2014-03-25,492.17553129611224,27187.7,27679.875531296115,5
2014-03-26,721.3604061825126,26981.95,27703.310406182514,5
2014-03-27,721.3604061825126,27179.15,27900.510406182515,5
2014-03-28,6398.645639737304,21890.25,28288.895639737304,4
2014-03-31,855.9794012191041,27784.0,28639.979401219105,5
2014-04-01,2734.920257169104,25899.949999999997,28634.870257169103,5
2014-04-02,2571.361803961103,26370.149999999998,28941.5118039611,5
2014-04-03,2571.361803961103,26516.100000000002,29087.461803961105,5
2014-04-04,2395.050158822103,26773.050000000003,29168.100158822104,5
2014-04-07,2395.050158822103,26889.15,29284.200158822103,5
2014-04-09,2395.050158822103,27460.35,29855.4001588221,5
2014-04-10,8700.401680559342,22009.55,30709.95168055934,4
2014-04-11,548.4086023233422,30241.699999999997,30790.10860232334,5
2014-04-15,548.4086023233422,29831.9,30380.308602323345,5
2014-04-16,548.4086023233422,29450.05,29998.458602323342,5
2014-04-17,615.0913350225419,29927.550000000003,30542.641335022545,5
2014-04-21,615.0913350225419,30264.15,30879.241335022543,5
2014-04-22,615.0913350225419,30142.5,30757.591335022542,5
2014-04-23,1673.2743063729404,28834.45,30507.72430637294,5
2014-04-25,2762.105113253041,27629.399999999998,30391.50511325304,5
2014-04-28,2762.105113253041,27614.199999999997,30376.305113253038,5
2014-04-29,2762.105113253041,27659.6,30421.70511325304,5
2014-04-30,13848.260762870472,15996.0,29844.26076287047,3
2014-05-02,1963.9107628704724,27849.800000000003,29813.710762870476,5
2014-05-05,1963.9107628704724,27928.6,29892.51076287047,5
2014-05-06,1524.247182242072,28563.600000000002,30087.847182242076,5
2014-05-07,748.8069819632728,28743.800000000003,29492.606981963276,5
2014-05-08,11813.709495726036,17560.399999999998,29374.109495726036,3
2014-05-09,5986.209495726036,23256.0,29242.209495726034,4
2014-05-12,5986.209495726036,23272.25,29258.459495726034,4
2014-05-13,11217.560951582329,18098.800000000003,29316.360951582334,3
2014-05-14,888.3609515823291,28735.3,29623.66095158233,5
2014-05-15,7571.585962681239,21964.35,29535.935962681237,4
2014-05-16,7609.693550999911,21614.949999999997,29224.643550999906,4
2014-05-19,13365.092435498327,17439.9,30804.99243549833,3
2014-05-20,13365.092435498327,17187.699999999997,30552.792435498326,3
2014-05-21,1179.6924354983266,29378.100000000002,30557.79243549833,5
2014-05-22,8242.267010473908,23537.6,31779.867010473907,4
2014-05-23,7288.827181051792,25156.149999999998,32444.97718105179,4
2014-05-26,12074.941140527979,18701.350000000002,30776.29114052798,3
2014-05-27,5927.041140527979,24512.15,30439.191140527982,4
2014-05-28,5927.041140527979,24165.9,30092.941140527982,4
2014-05-29,1303.8911405279796,28501.55,29805.44114052798,5
2014-05-30,13267.155633719078,16412.15,29679.30563371908,3
2014-06-02,13267.155633719078,16872.8,30139.955633719077,3
2014-06-03,19351.157647131477,10853.55,30204.707647131476,2
2014-06-04,2651.6576471314766,27990.0,30641.657647131477,5
2014-06-05,9147.680235199676,22004.9,31152.580235199675,4
2014-06-06,9147.680235199676,22544.5,31692.180235199674,4
2014-06-09,7945.250271891875,23691.45,31636.700271891874,4
2014-06-10,1761.250271891875,30273.800000000003,32035.05027189188,5
2014-06-11,1761.250271891875,30662.75,32424.000271891877,5
2014-06-12,1761.250271891875,30760.85,32522.100271891875,5
2014-06-13,900.1021079464745,30621.85,31521.952107946472,5
2014-06-16,900.1021079464745,31728.350000000002,32628.452107946476,5
2014-06-17,8399.78627085665,24762.399999999998,33162.18627085665,4
2014-06-18,8399.78627085665,24642.8,33042.58627085665,4
2014-06-19,14582.33020750765,18267.2,32849.53020750765,3
2014-06-20,20398.831983709868,12082.0,32480.831983709868,2
2014-06-23,13990.831983709868,18388.7,32379.53198370987,3
2014-06-24,26022.08613764107,6411.0,32433.08613764107,1
2014-06-25,26022.08613764107,6396.75,32418.83613764107,1
2014-06-26,26022.08613764107,6383.25,32405.33613764107,1
2014-06-27,26022.08613764107,6553.5,32575.58613764107,1
2014-06-30,26022.08613764107,6570.0,32592.08613764107,1
2014-07-01,26022.08613764107,6558.75,32580.83613764107,1
2014-07-02,1628.9573834945695,31406.6,33035.55738349457,5
2014-07-03,1628.9573834945695,31859.05,33488.007383494565,5
2014-07-04,1628.9573834945695,31965.7,33594.657383494574,5
2014-07-07,1628.9573834945695,32444.8,34073.757383494565,5
2014-07-08,7600.342348075322,26186.55,33786.89234807532,4
2014-07-09,986.6923480753221,32691.749999999996,33678.44234807532,5
2014-07-10,986.6923480753221,31971.75,32958.442348075325,5
2014-07-11,26052.323964988725,6138.0,32190.323964988725,1
2014-07-14,26052.323964988725,6359.400000000001,32411.723964988727,1
2014-07-15,20862.323964988725,12110.45,32972.77396498872,2
2014-07-16,14625.323964988725,18120.85,32746.173964988724,3
2014-07-17,14625.323964988725,18581.9,33207.22396498873,3
2014-07-18,14625.323964988725,18494.9,33120.22396498873,3
2014-07-21,22464.771953577118,11466.9,33931.67195357712,2
2014-07-22,22464.771953577118,11507.3,33972.07195357712,2
2014-07-23,22464.771953577118,11503.2,33967.971953577115,2
2014-07-24,27592.118094093115,6429.0,34021.118094093115,1
2014-07-25,34000.724705577115,0.0,34000.724705577115,0
2014-07-28,27266.724705577115,6561.95,33828.67470557711,1
2014-07-30,14376.724705577115,19417.2,33793.92470557711,3
2014-07-31,1807.3747055771155,31654.899999999998,33462.27470557711,5
2014-08-01,7983.833097931539,24980.1,32963.933097931535,4
2014-08-04,1497.4330979315391,31729.449999999997,33226.88309793154,5
2014-08-05,1497.4330979315391,32070.999999999996,33568.433097931535,5
2014-08-06,1497.4330979315391,32137.35,33634.78309793154,5
2014-08-07,1497.4330979315391,31583.6,33081.03309793154,5
2014-08-08,14693.635599260222,18254.15,32947.78559926023,3
2014-08-11,5190.503293138921,27865.4,33055.90329313892,5
2014-08-12,5190.503293138921,27985.75,33176.25329313892,5
2014-08-13,16717.006150187597,16171.000000000002,32888.0061501876,3
2014-08-14,4962.006150187597,28196.9,33158.9061501876,5
2014-08-18,12095.380720454208,21770.55,33865.930720454206,4
2014-08-19,12095.380720454208,22292.050000000003,34387.43072045421,4
2014-08-20,5645.380720454208,28735.0,34380.38072045421,5
2014-08-21,2493.9175443897075,31824.8,34318.71754438971,5
2014-08-22,8627.910294038797,25429.65,34057.5602940388,4
2014-08-25,1871.1102940387964,32286.65,34157.760294038795,5
2014-08-26,1568.8479126887942,32724.9,34293.74791268879,5
2014-08-27,1568.8479126887942,32765.3,34334.14791268879,5
2014-08-28,1568.8479126887942,32785.399999999994,34354.24791268879,5
2014-09-01,7609.008861218749,26486.350000000002,34095.35886121875,4
2014-09-02,8267.92965427275,25676.4,33944.32965427275,4
2014-09-03,8267.92965427275,25433.800000000003,33701.729654272756,4
2014-09-04,2051.9296542727498,31704.95,33756.87965427275,5
2014-09-05,1920.2498637176523,32331.000000000004,34251.249863717654,5
2014-09-08,1920.2498637176523,32471.05,34391.29986371765,5
2014-09-09,9241.415934143339,26074.25,35315.66593414334,4
2014-09-10,1715.1010708493386,33633.45,35348.55107084934,5
2014-09-11,934.6166907271399,34347.799999999996,35282.416690727136,5
2014-09-12,934.6166907271399,35096.25,36030.86669072714,5
2014-09-15,934.6166907271399,34672.049999999996,35606.666690727136,5
2014-09-16,14403.94948356462,19584.5,33988.44948356462,3
2014-09-17,21199.769676827316,12656.099999999999,33855.869676827315,2
2014-09-18,1572.6696768273177,32832.4,34405.06967682732,5
2014-09-19,8335.642406979317,25508.25,33843.892406979314,4
2014-09-22,8335.642406979317,25035.7,33371.34240697932,4
2014-09-23,7434.353807262422,24848.199999999997,32282.55380726242,4
2014-09-24,12945.194847813931,18504.0,31449.19484781393,3
2014-09-25,13179.507851364682,16901.65,30081.157851364682,3
2014-09-26,18893.92094351015,11012.7,29906.620943510152,2
2014-09-29,18893.92094351015,11058.0,29951.92094351015,2
2014-09-30,18893.92094351015,11018.25,29912.17094351015,2
2014-10-01,12953.920943510151,16981.65,29935.570943510153,3
2014-10-07,12422.75734003495,16844.3,29267.05734003495,3
2014-10-08,7259.457340034951,21922.300000000003,29181.757340034954,4
2014-10-09,9058.81524000955,20392.0,29450.81524000955,4
2014-10-10,9058.81524000955,20144.05,29202.86524000955,4
2014-10-13,14119.68224960375,15042.149999999998,29161.832249603747,3
2014-10-14,3377.2822496037497,25752.149999999998,29129.43224960375,5
2014-10-16,3575.5233883725505,24824.65,28400.173388372554,5
2014-10-17,3575.5233883725505,25156.0,28731.523388372552,5
2014-10-20,8922.57658140275,20168.35,29090.92658140275,4
2014-10-21,12760.32322872535,16257.75,29018.07322872535,3
2014-10-22,12760.32322872535,16427.85,29188.173228725347,3
2014-10-23,1464.97322872535,27656.699999999997,29121.673228725347,5
2014-10-27,714.4181000205508,28630.899999999998,29345.318100020548,5
2014-10-28,536.3410443005505,29193.15,29729.49104430055,5
2014-10-29,536.3410443005505,29390.35,29926.691044300547,5
2014-10-30,536.3410443005505,29382.1,29918.441044300547,5
2014-10-31,7077.162239632369,23717.800000000003,30794.962239632372,4
2014-11-03,6716.383372733882,23795.65,30512.033372733884,4
2014-11-05,1256.9271157135809,29343.05,30599.97711571358,5
2014-11-07,1154.5683457510813,29348.25,30502.818345751082,5
2014-11-10,1267.562189143081,28894.95,30162.512189143083,5
2014-11-11,7772.31149759706,22952.45,30724.76149759706,4
2014-11-12,3216.31149759706,27566.5,30782.81149759706,5
2014-11-13,3216.31149759706,27200.05,30416.36149759706,5
2014-11-14,3216.31149759706,27254.5,30470.81149759706,5
2014-11-17,4814.205402920059,25775.199999999997,30589.405402920056,5
2014-11-18,4511.725960042058,26272.6,30784.325960042057,5
2014-11-19,4284.836391322058,26549.95,30834.786391322057,5
2014-11-20,4284.836391322058,26641.65,30926.48639132206,5
2014-11-21,7571.118886968034,23954.8,31525.918886968033,4
2014-11-24,1571.1188869680336,29097.95,30669.068886968034,5
2014-11-25,6991.449290580078,22968.45,29959.899290580077,4
2014-11-26,6761.145922528079,23279.799999999996,30040.945922528073,4
2014-11-27,2439.245922528079,27859.75,30298.99592252808,5
2014-11-28,8447.820981872079,21865.949999999997,30313.770981872076,4
2014-12-01,2416.2209818720785,28156.25,30572.47098187208,5
2014-12-02,6346.385895131145,23881.75,30228.135895131145,4
2014-12-03,903.8279944311453,29699.35,30603.177994431142,5
2014-12-04,903.8279944311453,29688.1,30591.927994431142,5
2014-12-05,930.4488179719447,29514.55,30444.998817971944,5
2014-12-08,930.4488179719447,29217.300000000003,30147.748817971948,5
2014-12-09,930.4488179719447,28685.2,29615.648817971945,5
2014-12-10,6827.138865068707,23079.0,29906.138865068708,4
2014-12-11,896.1388650687068,28852.399999999998,29748.538865068705,5
2014-12-12,12126.652252560907,17280.55,29407.202252560906,3
2014-12-15,6061.473209395941,23397.55,29459.023209395942,4
2014-12-16,16848.29143686826,11568.3,28416.59143686826,2
2014-12-17,16848.29143686826,11682.25,28530.54143686826,2
2014-12-18,16848.29143686826,11794.8,28643.09143686826,2
2014-12-19,22671.542470541062,5949.15,28620.692470541064,1
2014-12-22,22671.542470541062,5738.35,28409.89247054106,1
2014-12-23,17109.39247054106,11292.3,28401.69247054106,2
2014-12-24,22862.37435318066,5430.150000000001,28292.524353180663,1
2014-12-26,22862.37435318066,5426.849999999999,28289.22435318066,1
2014-12-29,22862.37435318066,5342.7,28205.074353180662,1
2014-12-30,22862.37435318066,5276.7,28139.074353180662,1
2014-12-31,22862.37435318066,5237.099999999999,28099.47435318066,1
2015-01-01,22862.37435318066,5235.45,28097.824353180662,1
2015-01-02,22666.27966386696,5428.950000000001,28095.22966386696,1
2015-01-05,17209.47966386696,10918.650000000001,28128.129663866963,2
2015-01-06,17209.47966386696,10685.05,27894.52966386696,2
2015-01-07,1327.379663866961,26896.65,28224.02966386696,5
2015-01-08,5997.969294384077,22208.5,28206.46929438408,4
2015-01-09,5997.969294384077,22000.75,27998.71929438408,4
2015-01-12,402.96929438407733,27946.4,28349.36929438408,5
2015-01-13,2135.591406712977,25931.25,28066.841406712978,5
2015-01-14,1861.7026922091773,26203.4,28065.102692209177,5
2015-01-15,1861.7026922091773,27056.25,28917.952692209175,5
2015-01-16,6975.080101093578,22375.1,29350.180101093578,5
2015-01-19,6975.080101093578,22950.2,29925.28010109358,5
2015-01-20,6975.080101093578,22958.65,29933.73010109358,5
2015-01-21,8194.84604771918,22023.2,30218.04604771918,5
2015-01-22,6783.86392698378,24101.8,30885.66392698378,5
2015-01-23,12734.655781319503,18219.050000000003,30953.705781319506,4
2015-01-27,6932.2557813195035,23832.200000000004,30764.455781319506,5
2015-01-28,12879.673151797466,17497.55,30377.223151797465,3
2015-01-29,1508.6231517974666,29326.149999999998,30834.773151797464,5
2015-01-30,1508.6231517974666,29365.450000000004,30874.07315179747,5
2015-02-02,7195.020881439145,23850.2,31045.220881439145,4
2015-02-03,6745.283495499905,23912.8,30658.083495499905,4
2015-02-04,770.2834954999053,29270.1,30040.383495499904,5
2015-02-05,11695.640193903519,18259.85,29955.49019390352,3
2015-02-06,17352.597558894573,12168.099999999999,29520.69755889457,2
2015-02-09,6111.713045564339,22788.199999999997,28899.913045564335,4
2015-02-10,1761.7130455643392,27630.550000000003,29392.26304556434,5
2015-02-11,8061.708001288339,21204.4,29266.10800128834,4
2015-02-12,8061.708001288339,21645.65,29707.35800128834,4
2015-02-13,2613.708001288339,27203.1,29816.808001288337,5
2015-02-16,2613.708001288339,27438.4,30052.10800128834,5
2015-02-18,2613.708001288339,27529.1,30142.808001288337,5
2015-02-19,3691.3629712396396,25931.9,29623.26297123964,5
2015-02-20,2703.0940905256393,26991.800000000003,29694.894090525642,5
2015-02-23,2703.0940905256393,26745.55,29448.64409052564,5
2015-02-24,2703.0940905256393,26660.4,29363.49409052564,5
2015-02-25,2483.9775637576395,26719.3,29203.277563757638,5
2015-02-26,13339.194819404833,15543.35,28882.544819404833,3
2015-02-27,7736.194819404833,21078.95,28815.144819404835,4
2015-03-02,23017.671545915437,5447.0,28464.671545915437,1
2015-03-03,17435.171545915437,11054.8,28489.971545915436,2
2015-03-04,6226.421545915437,21744.1,27970.521545915435,4
2015-03-05,3226.4215459154366,24840.500000000004,28066.92154591544,5
2015-03-09,8517.662161725299,19038.25,27555.912161725297,4
2015-03-10,8223.183594065034,19452.800000000003,27675.983594065037,4
2015-03-11,8410.358369881033,19787.100000000002,28197.458369881035,4
2015-03-12,3021.3583698810326,25848.95,28870.308369881033,5
2015-03-13,3021.3583698810326,24785.6,27806.95836988103,5
2015-03-16,2975.2153135818326,24574.350000000002,27549.565313581836,5
2015-03-17,829.1404217618319,26907.35,27736.49042176183,5
2015-03-18,829.1404217618319,27047.4,27876.540421761834,5
2015-03-19,987.610477968532,26226.45,27214.06047796853,5
2015-03-20,5691.583517672905,20820.25,26511.833517672905,4
2015-03-23,11000.314506082905,15441.400000000001,26441.714506082906,3
2015-03-24,5832.214506082905,20645.7,26477.914506082907,4
2015-03-25,11235.593452609304,14930.15,26165.743452609306,3
2015-03-26,20943.22815225694,5218.5,26161.72815225694,1
2015-03-27,15753.128152256939,10420.25,26173.37815225694,2
2015-03-30,15753.128152256939,10348.0,26101.12815225694,2
2015-03-31,15753.128152256939,10335.7,26088.828152256938,2
2015-04-01,10552.628152256939,15805.7,26358.328152256938,3
2015-04-06,10688.05805939014,15678.55,26366.60805939014,3
2015-04-07,399.25805939013935,26121.15,26520.40805939014,5
2015-04-08,399.25805939013935,26328.2,26727.45805939014,5
2015-04-09,265.84550938554,26269.25,26535.09550938554,5
2015-04-10,265.84550938554,26507.7,26773.54550938554,5
2015-04-13,265.84550938554,26586.75,26852.59550938554,5
2015-04-15,641.9198028725395,25909.799999999996,26551.719802872536,5
2015-04-16,1230.70354381354,24620.399999999998,25851.103543813537,5
2015-04-17,6305.876035900241,19640.8,25946.67603590024,4
2015-04-20,10675.107447274944,14535.400000000001,25210.507447274947,3
2015-04-21,11807.976181187525,13083.25,24891.226181187525,3
2015-04-22,2364.7761811875253,22068.800000000003,24433.576181187527,5
2015-04-23,2364.7761811875253,21842.0,24206.776181187524,5
2015-04-24,13960.899896664392,9744.0,23704.899896664392,2
2015-04-27,13960.899896664392,9553.25,23514.149896664392,2
2015-04-28,9520.899896664392,14221.05,23741.94989666439,3
2015-04-29,14619.278414209894,9075.9,23695.17841420989,2
2015-04-30,14781.202802077014,8738.5,23519.702802077016,2
2015-05-04,14781.202802077014,8699.099999999999,23480.302802077014,2
2015-05-05,10521.202802077014,13154.900000000001,23676.102802077017,3
2015-05-06,10521.202802077014,12728.599999999999,23249.802802077014,3
2015-05-07,9579.332653820406,13134.599999999999,22713.932653820404,3
2015-05-08,5190.0231234692055,17902.25,23092.273123469204,4
2015-05-11,5190.0231234692055,18273.4,23463.423123469205,4
2015-05-12,5190.0231234692055,17523.4,22713.423123469205,4
2015-05-13,5190.0231234692055,17833.25,23023.273123469204,4
2015-05-14,5190.0231234692055,18066.0,23256.023123469204,4
2015-05-15,5190.0231234692055,18025.5,23215.523123469204,4
2015-05-18,14572.866599866207,8749.8,23322.666599866207,2
2015-05-19,14155.817350004505,9107.400000000001,23263.217350004506,2
2015-05-20,14155.817350004505,9154.8,23310.617350004504,2
2015-05-21,5007.417350004505,18038.3,23045.717350004503,4
2015-05-22,5007.417350004505,17931.4,22938.81735000451,4
2015-05-25,5007.417350004505,18001.3,23008.717350004503,4
2015-05-26,2416.5173500045053,20512.65,22929.167350004507,5
2015-05-27,2416.5173500045053,20785.7,23202.217350004506,5
2015-05-28,11724.572076803706,11689.8,23414.372076803706,3
2015-05-29,7066.172076803707,16806.75,23872.922076803705,4
2015-06-01,3343.8309540647097,20564.0,23907.83095406471,5
2015-06-02,3343.8309540647097,20003.600000000002,23347.430954064712,5
2015-06-03,7702.827597403197,15355.95,23058.777597403197,4
2015-06-04,3217.649900057798,19848.600000000002,23066.2499000578,5
2015-06-05,3217.649900057798,19719.2,22936.849900057798,5
2015-06-08,3217.649900057798,19589.449999999997,22807.099900057794,5
2015-06-09,11296.635172646573,11309.900000000001,22606.535172646574,3
2015-06-10,6967.297081054574,15887.699999999999,22854.99708105457,4
2015-06-11,6967.297081054574,15813.4,22780.697081054575,4
2015-06-12,6967.297081054574,15636.45,22603.747081054575,4
2015-06-15,13947.644505106473,8605.8,22553.444505106472,2
2015-06-16,13947.644505106473,8639.35,22586.99450510647,2
2015-06-17,13947.644505106473,8647.6,22595.24450510647,2
2015-06-18,13947.644505106473,8608.55,22556.194505106472,2
2015-06-19,18300.484879338273,4268.5,22568.984879338273,1
2015-06-22,5924.484879338273,16655.05,22579.534879338273,4
2015-06-23,1570.2848793382727,21168.95,22739.234879338273,5
2015-06-24,1570.2848793382727,21159.6,22729.88487933827,5
2015-06-25,1570.2848793382727,21372.25,22942.534879338273,5
2015-06-26,5366.656134237934,17223.85,22590.506134237934,4
2015-06-29,5366.656134237934,17233.05,22599.70613423793,4
2015-06-30,939.8561342379344,22044.350000000002,22984.20613423794,5
2015-07-01,9110.624783820134,13774.05,22884.674783820134,3
2015-07-02,9641.515202545332,13414.450000000003,23055.965202545332,3
2015-07-03,5044.715202545332,17881.449999999997,22926.16520254533,4
2015-07-06,1368.7152025453324,22300.45,23669.165202545333,5
2015-07-07,1368.7152025453324,23020.649999999998,24389.36520254533,5
2015-07-08,1368.7152025453324,22385.899999999998,23754.61520254533,5
2015-07-09,2399.2284949921323,21233.45,23632.678494992135,5
2015-07-10,2996.7771797573323,20593.0,23589.777179757333,5
2015-07-13,2316.885528160132,21665.8,23982.68552816013,5
2015-07-14,2377.1121621869315,21453.800000000003,23830.912162186934,5
2015-07-15,1852.7840702961312,22090.05,23942.83407029613,5
2015-07-16,1852.7840702961312,22349.8,24202.58407029613,5
2015-07-17,1852.7840702961312,22565.7,24418.48407029613,5
2015-07-20,5744.402592356131,18522.45,24266.852592356132,4
2015-07-21,1837.3551049136322,21957.7,23795.055104913634,5
2015-07-22,5451.284773994164,18619.350000000002,24070.634773994167,4
2015-07-23,1263.435312962164,23140.95,24404.385312962164,5
2015-07-24,1113.8843820425645,22909.95,24023.834382042565,5
2015-07-27,1113.8843820425645,22513.0,23626.884382042565,5
2015-07-28,1113.8843820425645,22484.049999999996,23597.93438204256,5
2015-07-29,1113.8843820425645,22821.6,23935.484382042563,5
2015-07-30,860.831589399465,23496.6,24357.431589399464,5
2015-07-31,1514.2154279287652,22860.95,24375.165427928765,5
2015-08-03,2017.7978387919648,22572.0,24589.797838791965,5
2015-08-04,1848.2946452436645,23463.749999999996,25312.04464524366,5
2015-08-05,1848.2946452436645,23650.399999999998,25498.69464524366,5
2015-08-06,1848.2946452436645,23397.950000000004,25246.24464524367,5
2015-08-07,1848.2946452436645,23448.35,25296.644645243665,5
2015-08-10,2132.577763729464,23127.9,25260.477763729465,5
2015-08-11,1601.8978461719644,23158.399999999998,24760.29784617196,5
2015-08-12,5427.484136030464,18682.8,24110.284136030463,4
2015-08-13,14931.588817195943,9001.5,23933.088817195945,2
2015-08-14,14931.588817195943,9104.699999999999,24036.288817195942,2
2015-08-17,10211.938817195944,14058.750000000002,24270.688817195944,3
2015-08-18,6211.938817195944,18399.8,24611.738817195943,4
2015-08-19,1531.9388171959436,24032.75,25564.688817195944,5
2015-08-20,1531.9388171959436,23750.950000000004,25282.888817195948,5
2015-08-21,6286.359303622344,18892.25,25178.609303622343,4
2015-08-24,19256.496016810353,3753.9,23010.396016810355,1
2015-08-25,19146.36327982683,3657.1,22803.46327982683,1
2015-08-26,19146.36327982683,3620.8,22767.16327982683,1
2015-08-27,19146.36327982683,3799.7,22946.06327982683,1
2015-08-28,19146.36327982683,3721.7,22868.06327982683,1
2015-08-31,19146.36327982683,3871.1,23017.46327982683,1
2015-09-01,19146.36327982683,3721.0,22867.36327982683,1
2015-09-02,19146.36327982683,3760.8,22907.16327982683,1
2015-09-03,22920.46895795123,0.0,22920.46895795123,0
2015-09-04,22920.46895795123,0.0,22920.46895795123,0
2015-09-07,22920.46895795123,0.0,22920.46895795123,0
2015-09-08,22920.46895795123,0.0,22920.46895795123,0
2015-09-09,22920.46895795123,0.0,22920.46895795123,0
2015-09-10,22920.46895795123,0.0,22920.46895795123,0
2015-09-11,22920.46895795123,0.0,22920.46895795123,0
2015-09-14,22920.46895795123,0.0,22920.46895795123,0
2015-09-15,18560.46895795123,4276.25,22836.71895795123,1
2015-09-16,18560.46895795123,4367.0,22927.46895795123,1
2015-09-18,18560.46895795123,4542.5,23102.96895795123,1
2015-09-21,18560.46895795123,4546.25,23106.71895795123,1
2015-09-22,18560.46895795123,4450.75,23011.21895795123,1
2015-09-23,14047.96895795123,9009.7,23057.66895795123,2
2015-09-24,377.5189579512298,22909.6,23287.11895795123,5
2015-09-28,124.93142969423025,23076.7,23201.63142969423,5
2015-09-29,124.93142969423025,23151.7,23276.63142969423,5
2015-09-30,124.93142969423025,22938.7,23063.63142969423,5
2015-10-01,124.93142969423025,22897.05,23021.981429694228,5
2015-10-05,124.93142969423025,23062.850000000002,23187.78142969423,5
2015-10-06,497.232618628831,22906.550000000003,23403.782618628833,5
2015-10-07,631.9140134070294,23208.949999999997,23840.864013407027,5
2015-10-08,296.67718252213035,23161.600000000002,23458.27718252213,5
2015-10-09,296.67718252213035,23076.5,23373.17718252213,5
2015-10-12,296.67718252213035,23052.45,23349.12718252213,5
2015-10-13,296.67718252213035,23624.4,23921.07718252213,5
2015-10-14,296.67718252213035,23753.7,24050.37718252213,5
2015-10-15,318.8816022141309,24025.0,24343.881602214133,5
2015-10-16,14737.709860681429,9460.05,24197.759860681428,2
2015-10-19,12193.271458064828,12095.45,24288.72145806483,3
2015-10-20,3088.771458064828,21155.75,24244.521458064828,5
2015-10-21,3088.771458064828,21326.1,24414.871458064827,5
2015-10-23,3088.771458064828,21263.35,24352.121458064827,5
2015-10-26,3088.771458064828,21100.050000000003,24188.82145806483,5
2015-10-27,2755.870020899428,21592.449999999997,24348.320020899424,5
2015-10-28,2755.870020899428,21618.649999999998,24374.520020899425,5
2015-10-29,10224.004647868027,14067.4,24291.404647868025,3
2015-10-30,14694.598688088925,9592.9,24287.498688088926,2
2015-11-02,10052.598688088925,14349.0,24401.598688088925,3
2015-11-03,10052.598688088925,14608.3,24660.898688088924,3
2015-11-04,5489.598688088925,19128.4,24617.998688088926,4
2015-11-05,5220.292313851326,18968.8,24189.092313851324,4
2015-11-06,5032.434918977773,18542.300000000003,23574.734918977774,4
2015-11-09,8810.035591976357,14789.099999999999,23599.135591976355,3
2015-11-10,14005.926612958758,9561.599999999999,23567.526612958754,2
2015-11-11,14150.886651764358,9426.849999999999,23577.736651764357,2
2015-11-13,1980.4866517643586,21708.5,23688.98665176436,5
2015-11-16,5636.971266438864,17810.1,23447.071266438863,4
2015-11-17,10663.831519699865,12730.2,23394.031519699864,3
2015-11-18,10258.992682724644,12928.75,23187.742682724645,3
2015-11-19,1152.2926827246438,22359.4,23511.692682724646,5
2015-11-20,1152.2926827246438,22928.0,24080.292682724645,5
2015-11-23,1152.2926827246438,22325.649999999998,23477.942682724643,5
2015-11-24,547.1759226031445,22899.05,23446.225922603146,5
2015-11-26,547.1759226031445,23526.8,24073.975922603146,5
2015-11-27,547.1759226031445,23494.65,24041.825922603144,5
2015-11-30,4912.350993426145,19254.1,24166.450993426144,4
2015-12-01,877.2292976656454,23553.2,24430.429297665647,5
2015-12-02,877.2292976656454,23490.949999999997,24368.179297665643,5
2015-12-03,877.2292976656454,23566.199999999997,24443.429297665643,5
2015-12-04,10332.020248258745,13876.099999999999,24208.120248258743,3
2015-12-07,10332.020248258745,13813.850000000002,24145.870248258747,3
2015-12-08,1073.820248258744,22576.500000000004,23650.320248258748,5
2015-12-09,9806.115103602282,13471.0,23277.115103602282,3
2015-12-10,9832.527317134281,13719.199999999999,23551.727317134282,3
2015-12-11,9832.527317134281,13634.3,23466.82731713428,3
2015-12-14,9832.527317134281,13901.0,23733.52731713428,3
2015-12-15,9832.527317134281,14040.85,23873.377317134284,3
2015-12-16,9832.527317134281,13989.7,23822.227317134282,3
2015-12-17,19312.35631350978,4726.25,24038.60631350978,1
2015-12-18,10256.206313509778,13639.8,23896.006313509777,3
2015-12-21,5726.848546772777,18846.149999999998,24572.998546772775,4
2015-12-22,918.5985467727769,23642.6,24561.198546772775,5
2015-12-23,918.5985467727769,24082.65,25001.24854677278,5
2015-12-24,918.5985467727769,24218.85,25137.448546772775,5
2015-12-28,918.5985467727769,24572.55,25491.148546772776,5
2015-12-29,918.5985467727769,24508.7,25427.298546772778,5
2015-12-30,777.4464099208781,24570.0,25347.446409920878,5
2015-12-31,697.511643460377,25022.2,25719.711643460378,5
2016-01-01,1426.6612266928769,25025.45,26452.111226692876,5
2016-01-04,1426.6612266928769,24553.3,25979.961226692874,5
2016-01-05,1426.6612266928769,24533.549999999996,25960.211226692874,5
2016-01-06,1426.6612266928769,24421.4,25848.06122669288,5
2016-01-07,5966.722382262914,19275.9,25242.622382262914,4
2016-01-08,5643.966089749496,19781.1,25425.066089749496,4
2016-01-11,1047.043485547495,24228.649999999998,25275.693485547494,5
2016-01-12,5366.580066844662,19487.149999999998,24853.73006684466,4
2016-01-13,9924.625806946236,14360.95,24285.57580694624,3
2016-01-14,861.6258069462365,23259.85,24121.475806946233,5
2016-01-15,5443.2684881425,18038.2,23481.468488142502,4
2016-01-18,18329.174785671,4697.1,23026.274785670998,1
2016-01-19,13789.174785670999,9180.9,22970.074785671,2
2016-01-20,18355.72754680147,4485.0,22840.72754680147,1
2016-01-21,18355.72754680147,4548.2,22903.92754680147,1
2016-01-22,18355.72754680147,4545.0,22900.72754680147,1
2016-01-25,18355.72754680147,4550.6,22906.32754680147,1
2016-01-27,18355.72754680147,4554.0,22909.72754680147,1
2016-01-28,18355.72754680147,4518.4,22874.127546801472,1
2016-01-29,22893.07918000947,0.0,22893.07918000947,0
2016-02-01,22893.07918000947,0.0,22893.07918000947,0
2016-02-02,22893.07918000947,0.0,22893.07918000947,0
2016-02-03,7098.32918000947,15490.25,22588.57918000947,4
2016-02-04,2728.3291800094703,19820.5,22548.82918000947,5
2016-02-05,2728.3291800094703,20390.25,23118.57918000947,5
2016-02-08,2728.3291800094703,20062.45,22790.77918000947,5
2016-02-09,6823.034599406541,15976.95,22799.98459940654,4
2016-02-10,3050.434599406541,19754.8,22805.23459940654,5
2016-02-11,3050.434599406541,19163.75,22214.18459940654,5
2016-02-12,21972.53686067373,0.0,21972.53686067373,0
2016-02-15,17622.53686067373,4535.6,22158.13686067373,1
2016-02-16,17622.53686067373,4393.5,22016.03686067373,1
2016-02-17,13233.536860673728,9105.0,22338.53686067373,2
2016-02-18,13233.536860673728,9144.05,22377.586860673728,2
2016-02-19,13233.536860673728,9223.55,22457.086860673728,2
2016-02-22,13233.536860673728,9318.45,22551.98686067373,2
2016-02-23,13233.536860673728,9232.45,22465.98686067373,2
2016-02-24,17916.98458782573,4535.3,22452.28458782573,1
2016-02-25,17916.98458782573,4515.7,22432.68458782573,1
2016-02-26,22450.49713968633,0.0,22450.49713968633,0
2016-02-29,22450.49713968633,0.0,22450.49713968633,0
2016-03-01,22450.49713968633,0.0,22450.49713968633,0
2016-03-02,22450.49713968633,0.0,22450.49713968633,0
2016-03-03,22450.49713968633,0.0,22450.49713968633,0
2016-03-04,13610.097139686328,8927.6,22537.69713968633,2
2016-03-08,4938.597139686328,17470.0,22408.597139686328,4
2016-03-09,1717.5971396863279,20644.2,22361.79713968633,5
2016-03-10,1717.5971396863279,20428.2,22145.79713968633,5
2016-03-11,1717.5971396863279,20422.949999999997,22140.547139686325,5
2016-03-14,1717.5971396863279,20451.7,22169.29713968633,5
2016-03-15,1717.5971396863279,20349.55,22067.147139686327,5
2016-03-16,6691.010143138528,15498.35,22189.36014313853,4
2016-03-17,11238.87033340663,10989.2,22228.07033340663,3
2016-03-18,14336.66440905263,7889.15,22225.81440905263,2
2016-03-21,17859.617544618755,4137.0,21996.617544618755,1
2016-03-22,570.017544618755,21382.85,21952.867544618755,5
2016-03-23,570.017544618755,21318.85,21888.867544618755,5
2016-03-28,570.017544618755,21070.7,21640.717544618754,5
2016-03-29,570.017544618755,20968.2,21538.217544618754,5
2016-03-30,4449.081521795955,17577.35,22026.431521795952,4
2016-03-31,4449.081521795955,17529.25,21978.331521795953,4
2016-04-01,4449.081521795955,17520.85,21969.931521795952,4
2016-04-04,1003.352820754752,21106.2,22109.552820754754,5
2016-04-05,1003.352820754752,20525.75,21529.102820754753,5
2016-04-06,1003.352820754752,20978.050000000003,21981.402820754756,5
2016-04-07,5010.564011402588,16354.55,21365.114011402587,4
2016-04-08,1244.5640114025882,20138.899999999998,21383.464011402586,5
2016-04-11,5028.144330369107,16516.65,21544.794330369106,4
2016-04-12,5028.144330369107,16309.0,21337.144330369105,4
2016-04-13,9257.239035307608,12034.45,21291.68903530761,3
2016-04-18,5555.239035307608,15875.849999999999,21431.089035307607,4
2016-04-20,1422.4390353076087,20379.050000000003,21801.48903530761,5
2016-04-21,1422.4390353076087,19995.8,21418.239035307608,5
2016-04-22,1417.7656352260083,20170.3,21588.06563522601,5
2016-04-25,1417.7656352260083,20335.100000000002,21752.86563522601,5
2016-04-26,1417.7656352260083,20191.800000000003,21609.565635226012,5
2016-04-27,9894.819207909208,11834.7,21729.51920790921,3
2016-04-28,10313.471482170808,11461.4,21774.871482170805,3
2016-04-29,2489.816410566009,19190.7,21680.516410566008,5
2016-05-02,2489.816410566009,19182.25,21672.06641056601,5
2016-05-03,6376.937146008409,15248.399999999998,21625.33714600841,4
2016-05-04,3024.4371460084094,18491.85,21516.287146008406,5
2016-05-05,3024.4371460084094,18504.3,21528.73714600841,5
2016-05-06,3024.4371460084094,18472.9,21497.33714600841,5
2016-05-09,1940.0207562829091,19721.85,21661.870756282908,5
2016-05-10,2644.4423144025086,19009.15,21653.59231440251,5
2016-05-11,2644.4423144025086,18940.55,21584.99231440251,5
2016-05-12,2644.4423144025086,19134.8,21779.24231440251,5
2016-05-13,1827.7984793935093,19656.8,21484.59847939351,5
2016-05-16,1827.7984793935093,19607.5,21435.29847939351,5
2016-05-17,5810.056928147915,15604.099999999999,21414.156928147913,4
2016-05-18,1706.6876622904147,19607.45,21314.137662290414,5
2016-05-19,1397.0783138398147,19706.95,21104.028313839815,5
2016-05-20,1397.0783138398147,19598.0,20995.078313839815,5
2016-05-23,1397.0783138398147,19559.95,20957.028313839815,5
2016-05-24,5594.443311521614,15371.8,20966.24331152161,4
2016-05-25,1482.1433115216141,19765.25,21247.393311521613,5
2016-05-26,1482.1433115216141,20055.75,21537.893311521613,5
2016-05-27,9678.476781572614,11855.699999999999,21534.176781572613,3
2016-05-30,2313.2699679428133,19236.2,21549.469967942816,5
2016-05-31,2313.2699679428133,19222.1,21535.36996794281,5
2016-06-01,2313.2699679428133,18947.100000000002,21260.369967942817,5
2016-06-02,2313.2699679428133,19062.850000000002,21376.119967942817,5
2016-06-03,2471.2813842214136,18830.1,21301.38138422141,5
2016-06-06,2471.2813842214136,18901.149999999998,21372.43138422141,5
2016-06-07,2471.2813842214136,19027.45,21498.731384221413,5
2016-06-08,9841.386349663513,11833.95,21675.336349663514,3
2016-06-09,5558.086349663514,15712.0,21270.086349663514,4
2016-06-10,1338.6863496635142,19853.4,21192.086349663514,5
2016-06-13,1338.6863496635142,19677.199999999997,21015.88634966351,5
2016-06-14,8443.284197391644,12681.6,21124.884197391642,3
2016-06-15,4258.284197391644,17028.899999999998,21287.18419739164,4
2016-06-16,4043.2424518691387,17024.95,21068.192451869138,4
2016-06-17,4.042451869138404,21074.899999999998,21078.942451869138,5
2016-06-20,4152.827890208639,16814.65,20967.47789020864,4
2016-06-21,12.827890208638564,21230.25,21243.07789020864,5
2016-06-22,4798.801056334538,16772.95,21571.75105633454,4
2016-06-23,671.2010563345375,21339.899999999998,22011.101056334533,5
2016-06-24,8787.70619384642,12554.849999999999,21342.556193846416,3
2016-06-27,8787.70619384642,12902.099999999999,21689.806193846416,3
2016-06-28,4392.611734827219,17340.1,21732.71173482722,4
2016-06-29,1744.811734827219,20074.2,21819.011734827218,5
2016-06-30,2536.627387160619,19469.55,22006.17738716062,5
2016-07-01,2536.627387160619,19523.55,22060.17738716062,5
2016-07-04,2438.960012697019,19834.199999999997,22273.160012697015,5
2016-07-05,2438.960012697019,19825.149999999998,22264.110012697016,5
2016-07-07,2438.960012697019,19939.300000000003,22378.26001269702,5
2016-07-08,2397.330444983618,20071.7,22469.03044498362,5
2016-07-11,693.2815263048178,22056.9,22750.18152630482,5
2016-07-12,1184.1113223072184,21645.600000000002,22829.71132230722,5
2016-07-13,1184.1113223072184,21597.15,22781.26132230722,5
2016-07-14,1712.5229561922188,21145.1,22857.622956192215,5
2016-07-15,1712.5229561922188,21144.15,22856.67295619222,5
2016-07-18,1712.5229561922188,20896.5,22609.022956192217,5
2016-07-19,5506.6022035663755,17121.75,22628.352203566377,4
2016-07-20,2429.1352923280756,20323.1,22752.235292328074,5
2016-07-21,2429.1352923280756,19996.75,22425.885292328076,5
2016-07-22,2429.1352923280756,19988.5,22417.635292328076,5
2016-07-25,2184.2584296498753,20773.15,22957.408429649877,5
2016-07-26,2184.2584296498753,20701.6,22885.858429649874,5
2016-07-27,2184.2584296498753,20892.0,23076.258429649875,5
2016-07-28,3264.2778638377767,19764.0,23028.27786383778,5
2016-07-29,2878.3557500954767,20154.15,23032.50575009548,5
2016-08-01,2878.3557500954767,19963.85,22842.205750095476,5
2016-08-02,2878.3557500954767,20072.550000000003,22950.90575009548,5
2016-08-03,6709.251858874351,15903.599999999999,22612.85185887435,4
2016-08-04,4039.2518588743505,18571.85,22611.10185887435,5
2016-08-05,4039.2518588743505,18986.5,23025.75185887435,5
2016-08-08,3184.676030060553,19826.45,23011.126030060554,5
2016-08-09,2801.0955676537524,19973.5,22774.595567653752,5
2016-08-10,2801.0955676537524,19741.399999999998,22542.49556765375,5
2016-08-11,2801.0955676537524,19727.65,22528.745567653754,5
2016-08-12,6975.789176461897,15439.400000000001,22415.1891764619,4
2016-08-16,9365.280068596598,13459.25,22824.5300685966,3
2016-08-17,5215.280068596598,17770.25,22985.5300685966,4
2016-08-18,976.2800685965976,22060.149999999998,23036.430068596594,5
2016-08-19,716.104047892597,22333.199999999997,23049.304047892594,5
2016-08-22,716.104047892597,22380.85,23096.954047892596,5
2016-08-23,4761.102044000669,18271.95,23033.05204400067,4
2016-08-24,9863.58474167357,13481.300000000001,23344.884741673573,3
2016-08-25,9842.45263798737,13379.5,23221.95263798737,3
2016-08-26,14195.94579390017,9006.65,23202.595793900167,2
2016-08-29,14195.94579390017,9031.25,23227.19579390017,2
2016-08-30,9554.18276298737,13878.8,23432.98276298737,3
2016-08-31,391.7827629873691,22899.1,23290.882762987367,5
2016-09-01,391.7827629873691,22632.65,23024.43276298737,5
2016-09-02,391.7827629873691,22780.449999999997,23172.232762987365,5
2016-09-06,863.702571125169,22794.8,23658.50257112517,5
2016-09-07,863.702571125169,22635.25,23498.95257112517,5
2016-09-08,863.702571125169,22760.600000000002,23624.302571125172,5
2016-09-09,2658.10846571477,21020.75,23678.85846571477,5
2016-09-12,2183.5800323083713,20770.9,22954.480032308373,5
2016-09-14,2183.5800323083713,21019.1,23202.68003230837,5
2016-09-15,6280.040554097844,16971.2,23251.240554097843,4
2016-09-16,5865.621364753044,17100.600000000002,22966.221364753044,4
2016-09-19,5865.621364753044,17178.600000000002,23044.221364753044,4
2016-09-20,1307.121364753044,21589.05,22896.17136475304,5
2016-09-21,1249.488585608744,21421.45,22670.938585608747,5
2016-09-22,6765.881041310944,16126.349999999999,22892.231041310944,4
2016-09-23,2443.9810413109444,20453.5,22897.481041310944,5
2016-09-26,2443.9810413109444,20425.0,22868.981041310944,5
2016-09-27,2204.336053404145,20778.75,22983.086053404146,5
2016-09-28,2204.336053404145,21121.550000000003,23325.88605340415,5
2016-09-29,9702.163578724218,12436.399999999998,22138.563578724214,3
2016-09-30,9877.082689799136,13058.150000000001,22935.232689799137,3
2016-10-03,1112.482689799136,22255.0,23367.482689799137,5
2016-10-04,1112.482689799136,22343.05,23455.532689799136,5
2016-10-05,1112.482689799136,22819.7,23932.182689799138,5
2016-10-06,1112.482689799136,22684.8,23797.282689799136,5
2016-10-07,1112.482689799136,22532.65,23645.13268979914,5
2016-10-10,1112.482689799136,22528.149999999998,23640.632689799135,5
2016-10-13,14457.825531551436,8838.3,23296.125531551435,2
2016-10-14,18694.473720662936,4708.8,23403.273720662935,1
2016-10-17,15412.473720662936,7849.800000000001,23262.27372066294,2
2016-10-18,15412.473720662936,7841.8,23254.273720662935,2
2016-10-19,15412.473720662936,7771.5,23183.973720662936,2
2016-10-20,15412.473720662936,7731.5,23143.973720662936,2
2016-10-21,14483.780967876795,8698.650000000001,23182.430967876797,2
2016-10-24,1074.8309678767946,21891.95,22966.780967876795,5
2016-10-25,5524.212231225195,17450.6,22974.812231225194,4
2016-10-26,988.212231225195,21663.9,22652.112231225197,5
2016-10-27,5335.110979097635,17211.5,22546.610979097633,4
2016-10-28,4984.536346914124,17594.8,22579.336346914122,4
2016-11-01,604.5363469141239,21852.85,22457.38634691412,5
2016-11-02,4554.598833264125,17362.35,21916.948833264123,4
2016-11-03,4952.262722990167,16863.1,21815.362722990165,4
2016-11-04,620.5627229901675,21086.6,21707.162722990164,5
2016-11-07,620.5627229901675,21149.2,21769.76272299017,5
2016-11-08,620.5627229901675,21210.65,21831.212722990167,5
2016-11-09,20596.08694314538,0.0,20596.08694314538,0
2016-11-10,8509.086943145381,11983.150000000001,20492.236943145384,3
2016-11-11,8509.086943145381,11658.3,20167.38694314538,3
2016-11-15,12020.663403636154,7893.15,19913.81340363615,2
2016-11-16,15718.761787376754,4147.0,19865.761787376752,1
2016-11-17,15718.761787376754,4243.8,19962.561787376755,1
2016-11-18,15718.761787376754,4222.9,19941.661787376754,1
2016-11-21,15718.761787376754,4071.1000000000004,19789.861787376754,1
2016-11-22,15718.761787376754,4042.5,19761.261787376752,1
2016-11-23,15718.761787376754,3996.3,19715.061787376755,1
2016-11-24,19708.740376082755,0.0,19708.740376082755,0
2016-11-25,19708.740376082755,0.0,19708.740376082755,0
2016-11-28,19708.740376082755,0.0,19708.740376082755,0
2016-11-29,19708.740376082755,0.0,19708.740376082755,0
2016-11-30,19708.740376082755,0.0,19708.740376082755,0
2016-12-01,19708.740376082755,0.0,19708.740376082755,0
2016-12-02,19708.740376082755,0.0,19708.740376082755,0
2016-12-05,19708.740376082755,0.0,19708.740376082755,0
2016-12-06,15783.840376082755,3831.8,19615.640376082756,1
2016-12-07,15783.840376082755,3866.1000000000004,19649.940376082755,1
2016-12-08,15783.840376082755,3915.1000000000004,19698.940376082755,1
2016-12-09,5587.240376082755,13902.6,19489.840376082757,4
2016-12-12,5587.240376082755,13823.8,19411.040376082754,4
2016-12-13,1951.2403760827547,17559.7,19510.940376082755,5
2016-12-14,1951.2403760827547,17417.5,19368.740376082755,5
2016-12-15,5922.202244139155,13433.900000000001,19356.102244139154,4
2016-12-16,2132.2022441391546,17058.4,19190.602244139154,5
2016-12-19,2132.2022441391546,17023.3,19155.502244139156,5
2016-12-20,1027.7003288257547,18016.9,19044.600328825756,5
2016-12-21,1027.7003288257547,18270.4,19298.100328825756,5
2016-12-22,4735.455064860154,14379.9,19115.355064860152,4
2016-12-23,4735.455064860154,14277.949999999999,19013.405064860155,4
2016-12-26,4735.455064860154,13944.25,18679.705064860154,4
2016-12-27,5461.902362087154,13409.550000000001,18871.452362087155,4
2016-12-28,5461.902362087154,13388.05,18849.952362087155,4
2016-12-29,15913.231748697355,2958.1499999999996,18871.381748697357,1
2016-12-30,15913.231748697355,3001.8,18915.031748697354,1
2017-01-02,15913.231748697355,2988.8999999999996,18902.131748697357,1
2017-01-03,15913.231748697355,3027.8999999999996,18941.131748697357,1
2017-01-04,15913.231748697355,3017.3999999999996,18930.631748697357,1
2017-01-05,18922.933703203555,0.0,18922.933703203555,0
2017-01-06,18922.933703203555,0.0,18922.933703203555,0
2017-01-09,18922.933703203555,0.0,18922.933703203555,0
2017-01-10,18922.933703203555,0.0,18922.933703203555,0
2017-01-11,18922.933703203555,0.0,18922.933703203555,0
2017-01-12,18922.933703203555,0.0,18922.933703203555,0
2017-01-13,18922.933703203555,0.0,18922.933703203555,0
2017-01-16,18922.933703203555,0.0,18922.933703203555,0
2017-01-17,18922.933703203555,0.0,18922.933703203555,0
2017-01-18,18922.933703203555,0.0,18922.933703203555,0
2017-01-19,18922.933703203555,0.0,18922.933703203555,0
2017-01-20,18922.933703203555,0.0,18922.933703203555,0
2017-01-23,18922.933703203555,0.0,18922.933703203555,0
2017-01-24,18922.933703203555,0.0,18922.933703203555,0
2017-01-25,18922.933703203555,0.0,18922.933703203555,0
2017-01-27,18922.933703203555,0.0,18922.933703203555,0
2017-01-30,18922.933703203555,0.0,18922.933703203555,0
2017-01-31,18922.933703203555,0.0,18922.933703203555,0
2017-02-01,18922.933703203555,0.0,18922.933703203555,0
2017-02-02,18922.933703203555,0.0,18922.933703203555,0
2017-02-03,18922.933703203555,0.0,18922.933703203555,0
2017-02-06,18922.933703203555,0.0,18922.933703203555,0
2017-02-07,18922.933703203555,0.0,18922.933703203555,0
2017-02-08,18922.933703203555,0.0,18922.933703203555,0
2017-02-09,18922.933703203555,0.0,18922.933703203555,0
2017-02-10,18922.933703203555,0.0,18922.933703203555,0
2017-02-13,18922.933703203555,0.0,18922.933703203555,0
2017-02-14,18922.933703203555,0.0,18922.933703203555,0
2017-02-15,18922.933703203555,0.0,18922.933703203555,0
2017-02-16,18922.933703203555,0.0,18922.933703203555,0
2017-02-17,18922.933703203555,0.0,18922.933703203555,0
2017-02-20,18922.933703203555,0.0,18922.933703203555,0
2017-02-21,18922.933703203555,0.0,18922.933703203555,0
2017-02-22,18922.933703203555,0.0,18922.933703203555,0
2017-02-23,18922.933703203555,0.0,18922.933703203555,0
2017-02-27,18922.933703203555,0.0,18922.933703203555,0
2017-02-28,18922.933703203555,0.0,18922.933703203555,0
2017-03-01,18922.933703203555,0.0,18922.933703203555,0
2017-03-02,18922.933703203555,0.0,18922.933703203555,0
2017-03-03,18922.933703203555,0.0,18922.933703203555,0
2017-03-06,18922.933703203555,0.0,18922.933703203555,0
2017-03-07,18922.933703203555,0.0,18922.933703203555,0
2017-03-08,18922.933703203555,0.0,18922.933703203555,0
2017-03-09,18922.933703203555,0.0,18922.933703203555,0
2017-03-10,18922.933703203555,0.0,18922.933703203555,0
2017-03-14,18922.933703203555,0.0,18922.933703203555,0
2017-03-15,18922.933703203555,0.0,18922.933703203555,0
2017-03-16,18922.933703203555,0.0,18922.933703203555,0
2017-03-17,18922.933703203555,0.0,18922.933703203555,0
2017-03-20,18922.933703203555,0.0,18922.933703203555,0
2017-03-21,18922.933703203555,0.0,18922.933703203555,0
2017-03-22,18922.933703203555,0.0,18922.933703203555,0
2017-03-23,18922.933703203555,0.0,18922.933703203555,0
2017-03-24,18922.933703203555,0.0,18922.933703203555,0
2017-03-27,18922.933703203555,0.0,18922.933703203555,0
2017-03-28,18922.933703203555,0.0,18922.933703203555,0
2017-03-29,18922.933703203555,0.0,18922.933703203555,0
