symbol,filing_date,intim_date,acq_from_date,acq_to_date,person_category,acq_mode,transaction_type,sec_type,security_acquired_disposed,buy_quantity,sell_quantity,buy_value,sell_value,shares_before_no,shares_before_pct,shares_after_no,shares_after_pct
AUBANK,2017-07-19 14:47:00,2017-07-17,2017-07-11,2017-07-14,Employees/Designated Employees,Market Sale,Sell,Equity Shares,7700.0,0.0,0.0,0.0,0.0,51868.0,0.0182,44168.0,0.0155
AUBANK,2017-08-01 12:08:00,2017-07-29,2017-07-18,2017-07-29,Employees/Designated Employees,Market Sale,Sell,Equity Shares,300.0,0.0,0.0,0.0,0.0,44168.0,0.0155,43868.0,0.0154
AUBANK,2017-08-02 12:36:00,2017-08-01,2017-08-01,2017-08-01,Key Managerial Personnel,Pledge Creation,Pledge,Equity Shares,74470.0,0.0,0.0,0.0,0.0,1141479.0,0.4,1141479.0,0.4
AUBANK,2017-08-02 12:36:00,2017-08-01,2017-08-01,2017-08-01,Director,Pledge Creation,Pledge,Equity Shares,372280.0,0.0,0.0,0.0,0.0,2520832.0,0.89,2520832.0,0.89
AUBANK,2017-08-10 18:50:00,2017-08-08,2017-08-08,2017-08-08,Key Managerial Personnel,Pledge Creation,Pledge,Equity Shares,5000.0,0.0,0.0,0.0,0.0,1141479.0,0.4,1141479.0,0.4
AUBANK,2017-08-10 18:50:00,2017-08-08,2017-08-08,2017-08-08,Director,Pledge Creation,Pledge,Equity Shares,20000.0,0.0,0.0,0.0,0.0,2520832.0,0.89,2520832.0,0.89
AUBANK,2017-08-20 13:43:00,2017-08-18,2017-08-16,2017-08-17,Employees/Designated Employees,Market Sale,Sell,Equity Shares,5666.0,0.0,0.0,0.0,0.0,1501042.0,0.53,1495376.0,0.53
AUBANK,2017-08-20 13:43:00,2017-08-19,2017-08-19,2017-08-19,Director,Pledge Creation,Pledge,Equity Shares,25000.0,0.0,0.0,0.0,0.0,2520832.0,0.89,2520832.0,0.89
AUBANK,2017-08-20 13:43:00,2017-08-19,2017-08-19,2017-08-19,Key Managerial Personnel,Pledge Creation,Pledge,Equity Shares,10000.0,0.0,0.0,0.0,0.0,1141479.0,0.4,1141479.0,0.4
AUBANK,2017-08-28 17:49:00,2017-08-24,2017-08-21,2017-08-21,Employees/Designated Employees,Market Sale,Sell,Equity Shares,11000.0,0.0,0.0,0.0,0.0,1495376.0,0.53,1484376.0,0.52
AUBANK,2017-08-28 17:53:00,2017-08-24,2017-08-24,2017-08-24,Employees/Designated Employees,Market Sale,Sell,Equity Shares,8000.0,0.0,0.0,0.0,0.0,1484376.0,0.52,1476376.0,0.52
AUBANK,2017-08-30 18:51:00,2017-08-29,2017-08-28,2017-08-28,Employees/Designated Employees,Market Sale,Sell,Equity Shares,16000.0,0.0,0.0,0.0,0.0,1476376.0,0.52,1460376.0,0.51
AUBANK,2017-08-30 18:58:00,2017-08-30,2017-08-29,2017-08-29,Employees/Designated Employees,Market Sale,Sell,Equity Shares,12000.0,0.0,0.0,0.0,0.0,1460376.0,0.51,1448376.0,0.51
AUBANK,2017-09-01 15:09:00,2017-08-31,2017-08-30,2017-08-30,Employees/Designated Employees,Market Sale,Sell,Equity Shares,6593.0,0.0,0.0,0.0,0.0,1448376.0,0.51,1441783.0,0.51
AUBANK,2017-09-01 15:12:00,2017-08-31,2017-08-31,2017-08-31,Employees/Designated Employees,Market Sale,Sell,Equity Shares,9000.0,0.0,0.0,0.0,0.0,1441783.0,0.51,1432783.0,0.5
AUBANK,2017-09-05 17:15:00,2017-09-04,2017-09-01,2017-09-01,Employees/Designated Employees,Market Sale,Sell,Equity Shares,12971.0,0.0,0.0,0.0,0.0,1432783.0,0.5,1419812.0,0.5
AUBANK,2017-09-05 17:19:00,2017-09-04,2017-09-04,2017-09-04,Employees/Designated Employees,Market Sale,Sell,Equity Shares,5000.0,0.0,0.0,0.0,0.0,1419812.0,0.5,1414812.0,0.5
AUBANK,2017-09-07 19:12:00,2017-09-07,2017-09-05,2017-09-05,Employees/Designated Employees,Market Sale,Sell,Equity Shares,3000.0,0.0,0.0,0.0,0.0,1414812.0,0.5,1411812.0,0.5
AUBANK,2017-09-07 19:16:00,2017-09-07,2017-09-06,2017-09-06,Employees/Designated Employees,Market Sale,Sell,Equity Shares,5000.0,0.0,0.0,0.0,0.0,1411812.0,0.5,1406812.0,0.49
AUBANK,2017-10-09 19:10:00,2017-10-07,2017-10-03,2017-10-03,Key Managerial Personnel,Market Sale,Sell,Equity Shares,1700.0,0.0,0.0,0.0,0.0,1139679.0,0.4,1137979.0,0.4
AUBANK,2017-10-09 19:22:00,2017-10-07,2017-10-03,2017-10-03,Key Managerial Personnel,Market Sale,Sell,Equity Shares,1700.0,0.0,0.0,0.0,0.0,1139679.0,0.4,1137979.0,0.4
AUBANK,2017-10-09 19:29:00,2017-10-07,2017-10-06,2017-10-06,Key Managerial Personnel,Market Sale,Sell,Equity Shares,45526.0,0.0,0.0,0.0,0.0,1137979.0,0.4,1092453.0,0.38
AUBANK,2017-10-09 19:33:00,2017-10-07,2017-10-06,2017-10-06,Director,Market Sale,Sell,Equity Shares,40861.0,0.0,0.0,0.0,0.0,2520832.0,0.89,2479971.0,0.87
AUBANK,2017-10-11 16:06:00,2017-10-11,2017-10-09,2017-10-09,Key Managerial Personnel,Off Market,Sell,Equity Shares,22000.0,0.0,0.0,0.0,0.0,1092453.0,0.38,1070453.0,0.38
AUBANK,2017-10-11 16:11:00,2017-10-11,2017-10-09,2017-10-09,Key Managerial Personnel,Market Sale,Sell,Equity Shares,50000.0,0.0,0.0,0.0,0.0,1070453.0,0.38,1020453.0,0.36
AUBANK,2017-10-11 16:14:00,2017-10-11,2017-10-09,2017-10-09,Director,Market Sale,Sell,Equity Shares,50000.0,0.0,0.0,0.0,0.0,2479971.0,0.87,2429971.0,0.85
AUBANK,2017-10-11 16:17:00,2017-10-11,2017-10-10,2017-10-10,Director,Market Sale,Sell,Equity Shares,50000.0,0.0,0.0,0.0,0.0,2429971.0,0.85,2379971.0,0.84
AUBANK,2017-10-14 12:06:00,2017-10-13,2017-10-11,2017-10-11,Director,Market Sale,Sell,Equity Shares,100000.0,0.0,0.0,0.0,0.0,2379971.0,0.84,2279971.0,0.8
AUBANK,2017-10-14 12:06:00,2017-10-12,2017-10-11,2017-10-11,Key Managerial Personnel,Market Sale,Sell,Equity Shares,135000.0,0.0,0.0,0.0,0.0,1020453.0,0.36,885453.0,0.31
AUBANK,2017-10-14 12:09:00,2017-10-13,2017-10-12,2017-10-12,Director,Market Sale,Sell,Equity Shares,35107.0,0.0,0.0,0.0,0.0,2279971.0,0.8,2244864.0,0.79
AUBANK,2017-11-02 10:17:00,2017-10-31,2017-10-13,2017-10-13,Key Managerial Personnel,Revokation of Pledge,Pledge Revoke,Equity Shares,89470.0,0.0,0.0,0.0,0.0,820453.0,0.29,820453.0,0.29
AUBANK,2017-11-03 17:02:00,2017-11-02,2017-10-24,2017-10-24,Employees/Designated Employees,Pledge Creation,Pledge,Equity Shares,45720.0,0.0,0.0,0.0,0.0,45720.0,0.16,45720.0,0.16
AUBANK,2017-11-06 18:43:00,2017-11-06,2017-11-03,2017-11-03,Director,Market Sale,Sell,Equity Shares,100000.0,0.0,0.0,0.0,0.0,2144864.0,0.75,2044864.0,0.72
AUBANK,2017-11-07 19:51:00,2017-11-07,2017-11-06,2017-11-06,Director,Market Sale,Sell,Equity Shares,64352.0,0.0,0.0,0.0,0.0,2044864.0,0.72,1980512.0,0.7
AUBANK,2017-11-07 20:05:00,2017-11-07,2017-10-13,2017-10-13,Director,Market Sale,Sell,Equity Shares,100000.0,0.0,0.0,0.0,0.0,2244864.0,0.79,2144864.0,0.75
AUBANK,2017-11-07 20:10:00,2017-11-07,2017-10-13,2017-10-13,Key Managerial Personnel,Market Sale,Sell,Equity Shares,65000.0,0.0,0.0,0.0,0.0,885453.0,0.31,820453.0,0.29
AUBANK,2017-11-07 20:14:00,2017-11-07,2017-11-07,2017-11-07,Director,Market Sale,Sell,Equity Shares,65416.0,0.0,0.0,0.0,0.0,1980512.0,0.7,1915096.0,0.67
AUBANK,2017-11-15 14:16:00,2017-11-14,2017-11-14,2017-11-14,Director,Revokation of Pledge,Pledge Revoke,Equity Shares,417280.0,0.0,0.0,0.0,0.0,1915096.0,0.67,1915096.0,0.67
AUBANK,2017-11-17 19:46:00,2017-11-16,2017-11-15,2017-11-15,Employees/Designated Employees,ESOP,Buy,Equity Shares,3262.0,0.0,0.0,0.0,0.0,2956.0,0.0,6218.0,0.0
AUBANK,2017-11-17 19:46:00,2017-11-16,2017-11-15,2017-11-15,Employees/Designated Employees,ESOP,Buy,Equity Shares,2044.0,0.0,0.0,0.0,0.0,,0.0,2044.0,0.0
AUBANK,2017-11-17 19:46:00,2017-11-16,2017-11-15,2017-11-15,Employees/Designated Employees,ESOP,Buy,Equity Shares,2351.0,0.0,0.0,0.0,0.0,,0.0,2351.0,0.0
AUBANK,2017-11-17 19:46:00,2017-11-16,2017-11-15,2017-11-15,Employees/Designated Employees,ESOP,Buy,Equity Shares,2396.0,0.0,0.0,0.0,0.0,325.0,0.0,2721.0,0.0
AUBANK,2017-11-17 19:46:00,2017-11-16,2017-11-15,2017-11-15,Employees/Designated Employees,ESOP,Buy,Equity Shares,3690.0,0.0,0.0,0.0,0.0,600.0,0.0,4290.0,0.0
AUBANK,2017-11-17 19:46:00,2017-11-16,2017-11-15,2017-11-15,Key Managerial Personnel,ESOP,Buy,Equity Shares,5381.0,0.0,0.0,0.0,0.0,49929.0,0.0,55310.0,0.0
AUBANK,2017-11-17 19:46:00,2017-11-16,2017-11-15,2017-11-15,Employees/Designated Employees,ESOP,Buy,Equity Shares,6000.0,0.0,0.0,0.0,0.0,,0.0,6000.0,0.0
AUBANK,2017-11-17 19:46:00,2017-11-16,2017-11-15,2017-11-15,Employees/Designated Employees,ESOP,Buy,Equity Shares,6023.0,0.0,0.0,0.0,0.0,28791.0,0.0,34814.0,0.0
AUBANK,2017-11-17 19:46:00,2017-11-16,2017-11-15,2017-11-15,Employees/Designated Employees,ESOP,Buy,Equity Shares,7853.0,0.0,0.0,0.0,0.0,5712.0,0.0,13565.0,0.0
AUBANK,2017-11-17 19:46:00,2017-11-16,2017-11-15,2017-11-15,Employees/Designated Employees,ESOP,Buy,Equity Shares,9156.0,0.0,0.0,0.0,0.0,45720.0,0.0,54876.0,0.0
AUBANK,2017-11-17 19:46:00,2017-11-16,2017-11-15,2017-11-15,Employees/Designated Employees,ESOP,Buy,Equity Shares,11763.0,0.0,0.0,0.0,0.0,6754.0,0.0,18517.0,0.0
AUBANK,2017-11-17 19:46:00,2017-11-16,2017-11-15,2017-11-15,Employees/Designated Employees,ESOP,Buy,Equity Shares,21611.0,0.0,0.0,0.0,0.0,1406812.0,0.0,1428423.0,0.01
AUBANK,2017-11-17 19:46:00,2017-11-16,2017-11-15,2017-11-15,Director,ESOP,Buy,Equity Shares,745385.0,0.0,0.0,0.0,0.0,1915096.0,0.01,2660481.0,0.01
AUBANK,2017-11-18 18:49:00,2017-11-16,2017-11-15,2017-11-15,Employees/Designated Employees,ESOP,Buy,Equity Shares,10413.0,0.0,0.0,0.0,0.0,43868.0,0.0,54281.0,0.0
AUBANK,2017-11-18 18:49:00,2017-11-16,2017-11-15,2017-11-15,Employees/Designated Employees,ESOP,Buy,Equity Shares,12000.0,0.0,0.0,0.0,0.0,68574.0,0.0,80574.0,0.0
AUBANK,2017-11-18 18:49:00,2017-11-16,2017-11-15,2017-11-15,Key Managerial Personnel,ESOP,Buy,Equity Shares,101912.0,0.0,0.0,0.0,0.0,820453.0,0.0,922365.0,0.0
AUBANK,2017-11-18 18:49:00,2017-11-16,2017-11-15,2017-11-15,Employees/Designated Employees,ESOP,Buy,Equity Shares,5815.0,0.0,0.0,0.0,0.0,541.0,0.0,6356.0,0.0
AUBANK,2017-11-18 18:49:00,2017-11-16,2017-11-15,2017-11-15,Employees/Designated Employees,ESOP,Buy,Equity Shares,2577.0,0.0,0.0,0.0,0.0,24897.0,0.0,27474.0,0.0
AUBANK,2017-11-18 18:49:00,2017-11-16,2017-11-15,2017-11-15,Employees/Designated Employees,ESOP,Buy,Equity Shares,2328.0,0.0,0.0,0.0,0.0,,0.0,2328.0,0.0
AUBANK,2017-11-18 18:49:00,2017-11-16,2017-11-15,2017-11-15,Employees/Designated Employees,ESOP,Buy,Equity Shares,2880.0,0.0,0.0,0.0,0.0,6754.0,0.0,9634.0,0.0
AUBANK,2017-11-18 18:49:00,2017-11-16,2017-11-15,2017-11-15,Employees/Designated Employees,ESOP,Buy,Equity Shares,4134.0,0.0,0.0,0.0,0.0,6753.0,0.0,10887.0,0.0
AUBANK,2017-11-18 18:49:00,2017-11-16,2017-11-15,2017-11-15,Employees/Designated Employees,ESOP,Buy,Equity Shares,2477.0,0.0,0.0,0.0,0.0,9616.0,0.0,12093.0,0.0
AUBANK,2017-11-18 18:51:00,2017-08-17,2017-08-16,2017-08-16,Employees/Designated Employees,Market Sale,Sell,Equity Shares,20000.0,0.0,0.0,0.0,0.0,1428423.0,0.5,1408423.0,0.49
AUBANK,2017-11-19 20:25:00,2017-11-16,2017-11-15,2017-11-15,Employees/Designated Employees,ESOP,Buy,Equity Shares,12000.0,0.0,0.0,0.0,0.0,,0.0,12000.0,0.0
AUBANK,2017-11-21 19:20:00,2017-11-20,2017-11-20,2017-11-20,Director,Market Sale,Sell,Equity Shares,23173.0,0.0,0.0,0.0,0.0,2660481.0,0.93,2637308.0,0.92
AUBANK,2017-11-21 19:20:00,2017-11-20,2017-11-20,2017-11-20,Employees/Designated Employees,Market Sale,Sell,Equity Shares,9156.0,0.0,0.0,0.0,0.0,54876.0,0.02,45720.0,0.02
AUBANK,2017-11-23 16:43:00,2017-11-23,2017-11-21,2017-11-21,Director,Market Sale,Sell,Equity Shares,517553.0,0.0,0.0,0.0,0.0,2637308.0,0.92,2119755.0,0.74
AUBANK,2017-11-27 19:08:00,2017-11-24,2017-11-23,2017-11-23,Employees/Designated Employees,Market Sale,Sell,Equity Shares,1000.0,0.0,0.0,0.0,0.0,13565.0,0.0,12565.0,0.0
AUBANK,2017-11-27 19:15:00,2017-11-27,2017-11-27,2017-11-27,Employees/Designated Employees,Market Sale,Sell,Equity Shares,1000.0,0.0,0.0,0.0,0.0,12565.0,0.0,11565.0,0.0
AUBANK,2017-11-29 20:40:00,2017-11-29,2017-11-27,2017-11-27,Director,Market Sale,Sell,Equity Shares,97284.0,0.0,0.0,0.0,0.0,2119755.0,0.74,2022471.0,0.71
AUBANK,2017-11-29 20:40:00,2017-11-29,2017-11-27,2017-11-27,Employees/Designated Employees,Market Sale,Sell,Equity Shares,3050.0,0.0,0.0,0.0,0.0,54281.0,0.02,51231.0,0.02
AUBANK,2017-11-29 20:47:00,2017-11-29,2017-11-28,2017-11-28,Employees/Designated Employees,Market Sale,Sell,Equity Shares,3122.0,0.0,0.0,0.0,0.0,51231.0,0.02,48109.0,0.02
AUBANK,2017-11-29 21:30:00,2017-11-28,2017-11-15,2017-11-15,Employees/Designated Employees,ESOP,Buy,Equity Shares,3996.0,0.0,0.0,0.0,0.0,6830.0,0.0,10826.0,0.0
AUBANK,2017-11-29 21:30:00,2017-11-28,2017-11-15,2017-11-15,Employees/Designated Employees,ESOP,Buy,Equity Shares,3886.0,0.0,0.0,0.0,0.0,15130.0,0.01,19016.0,0.01
AUBANK,2017-11-29 21:30:00,2017-11-28,2017-11-15,2017-11-15,Employees/Designated Employees,ESOP,Buy,Equity Shares,3850.0,0.0,0.0,0.0,0.0,31392.0,0.01,35242.0,0.01
AUBANK,2017-11-29 21:30:00,2017-11-28,2017-11-15,2017-11-15,Employees/Designated Employees,ESOP,Buy,Equity Shares,3971.0,0.0,0.0,0.0,0.0,,0.0,3971.0,0.0
AUBANK,2017-11-29 21:30:00,2017-11-28,2017-11-15,2017-11-15,Employees/Designated Employees,ESOP,Buy,Equity Shares,3363.0,0.0,0.0,0.0,0.0,1485.0,0.0,4848.0,0.0
AUBANK,2017-11-29 21:30:00,2017-11-28,2017-11-15,2017-11-15,Employees/Designated Employees,ESOP,Buy,Equity Shares,3338.0,0.0,0.0,0.0,0.0,391.0,0.0,3729.0,0.0
AUBANK,2017-11-29 21:30:00,2017-11-28,2017-11-15,2017-11-15,Employees/Designated Employees,ESOP,Buy,Equity Shares,2876.0,0.0,0.0,0.0,0.0,1716.0,0.0,4592.0,0.0
AUBANK,2017-11-29 21:30:00,2017-11-28,2017-11-15,2017-11-15,Employees/Designated Employees,ESOP,Buy,Equity Shares,2874.0,0.0,0.0,0.0,0.0,,0.0,2874.0,0.0
AUBANK,2017-11-29 21:30:00,2017-11-28,2017-11-15,2017-11-15,Employees/Designated Employees,ESOP,Buy,Equity Shares,2385.0,0.0,0.0,0.0,0.0,,0.0,2385.0,0.0
AUBANK,2017-11-29 21:30:00,2017-11-28,2017-11-15,2017-11-15,Employees/Designated Employees,ESOP,Buy,Equity Shares,2453.0,0.0,0.0,0.0,0.0,5391.0,0.0,7844.0,0.0
AUBANK,2017-11-29 21:30:00,2017-11-28,2017-11-15,2017-11-15,Employees/Designated Employees,ESOP,Buy,Equity Shares,1882.0,0.0,0.0,0.0,0.0,1042.0,0.0,2924.0,0.0
AUBANK,2017-11-29 21:30:00,2017-11-28,2017-11-15,2017-11-15,Employees/Designated Employees,ESOP,Buy,Equity Shares,1849.0,0.0,0.0,0.0,0.0,,0.0,1849.0,0.0
AUBANK,2017-11-29 21:30:00,2017-11-28,2017-11-15,2017-11-15,Employees/Designated Employees,ESOP,Buy,Equity Shares,3962.0,0.0,0.0,0.0,0.0,960.0,0.0,4922.0,0.0
AUBANK,2017-11-29 21:30:00,2017-11-28,2017-11-15,2017-11-15,Employees/Designated Employees,ESOP,Buy,Equity Shares,4307.0,0.0,0.0,0.0,0.0,5718.0,0.0,10025.0,0.0
AUBANK,2017-11-29 21:30:00,2017-11-28,2017-11-15,2017-11-15,Employees/Designated Employees,ESOP,Buy,Equity Shares,4480.0,0.0,0.0,0.0,0.0,557.0,0.0,5037.0,0.0
AUBANK,2017-11-29 21:30:00,2017-11-28,2017-11-15,2017-11-15,Employees/Designated Employees,ESOP,Buy,Equity Shares,4984.0,0.0,0.0,0.0,0.0,1041.0,0.0,6025.0,0.0
AUBANK,2017-11-29 21:30:00,2017-11-28,2017-11-15,2017-11-15,Employees/Designated Employees,ESOP,Buy,Equity Shares,5016.0,0.0,0.0,0.0,0.0,9954.0,0.0,14970.0,0.01
AUBANK,2017-11-29 21:30:00,2017-11-28,2017-11-15,2017-11-15,Employees/Designated Employees,ESOP,Buy,Equity Shares,5660.0,0.0,0.0,0.0,0.0,43941.0,0.02,49601.0,0.02
AUBANK,2017-11-29 21:30:00,2017-11-28,2017-11-15,2017-11-15,Employees/Designated Employees,ESOP,Buy,Equity Shares,6129.0,0.0,0.0,0.0,0.0,842.0,0.0,6971.0,0.0
AUBANK,2017-11-29 21:30:00,2017-11-28,2017-11-15,2017-11-15,Employees/Designated Employees,ESOP,Buy,Equity Shares,5304.0,0.0,0.0,0.0,0.0,9800.0,0.0,15104.0,0.01
AUBANK,2017-11-29 21:30:00,2017-11-28,2017-11-15,2017-11-15,Employees/Designated Employees,ESOP,Buy,Equity Shares,5405.0,0.0,0.0,0.0,0.0,5718.0,0.0,11123.0,0.0
AUBANK,2017-11-29 21:30:00,2017-11-28,2017-11-15,2017-11-15,Employees/Designated Employees,ESOP,Buy,Equity Shares,6357.0,0.0,0.0,0.0,0.0,13256.0,0.0,19613.0,0.01
AUBANK,2017-11-29 21:30:00,2017-11-28,2017-11-15,2017-11-15,Employees/Designated Employees,ESOP,Buy,Equity Shares,7826.0,0.0,0.0,0.0,0.0,23370.0,0.01,31196.0,0.01
AUBANK,2017-11-29 21:30:00,2017-11-28,2017-11-15,2017-11-15,Employees/Designated Employees,ESOP,Buy,Equity Shares,5504.0,0.0,0.0,0.0,0.0,141.0,0.0,5645.0,0.0
AUBANK,2017-11-30 22:01:00,2017-11-28,2017-11-15,2017-11-15,Employees/Designated Employees,ESOP,Buy,Equity Shares,2638.0,0.0,0.0,0.0,0.0,10091.0,0.0,12729.0,0.0
AUBANK,2017-11-30 22:01:00,2017-11-28,2017-11-15,2017-11-15,Employees/Designated Employees,ESOP,Buy,Equity Shares,2286.0,0.0,0.0,0.0,0.0,,0.0,2286.0,0.0
AUBANK,2017-11-30 22:01:00,2017-11-28,2017-11-15,2017-11-15,Employees/Designated Employees,ESOP,Buy,Equity Shares,2544.0,0.0,0.0,0.0,0.0,630.0,0.0,3174.0,0.0
AUBANK,2017-11-30 22:01:00,2017-11-28,2017-11-15,2017-11-15,Employees/Designated Employees,ESOP,Buy,Equity Shares,2763.0,0.0,0.0,0.0,0.0,398.0,0.0,3161.0,0.0
AUBANK,2017-11-30 22:01:00,2017-11-28,2017-11-15,2017-11-15,Employees/Designated Employees,ESOP,Buy,Equity Shares,3641.0,0.0,0.0,0.0,0.0,5968.0,0.0,9609.0,0.0
AUBANK,2017-11-30 22:01:00,2017-11-28,2017-11-15,2017-11-15,Employees/Designated Employees,ESOP,Buy,Equity Shares,2802.0,0.0,0.0,0.0,0.0,1042.0,0.0,3844.0,0.0
AUBANK,2017-11-30 22:01:00,2017-11-28,2017-11-15,2017-11-15,Employees/Designated Employees,ESOP,Buy,Equity Shares,2255.0,0.0,0.0,0.0,0.0,700.0,0.0,2955.0,0.0
AUBANK,2017-11-30 22:01:00,2017-11-28,2017-11-15,2017-11-15,Employees/Designated Employees,ESOP,Buy,Equity Shares,2127.0,0.0,0.0,0.0,0.0,,0.0,2127.0,0.0
AUBANK,2017-11-30 22:01:00,2017-11-28,2017-11-15,2017-11-15,Employees/Designated Employees,ESOP,Buy,Equity Shares,1863.0,0.0,0.0,0.0,0.0,500.0,0.0,2363.0,0.0
AUBANK,2017-11-30 22:01:00,2017-11-28,2017-11-15,2017-11-15,Employees/Designated Employees,ESOP,Buy,Equity Shares,1856.0,0.0,0.0,0.0,0.0,7915.0,0.0,9771.0,0.0
AUBANK,2017-11-30 22:01:00,2017-11-28,2017-11-15,2017-11-15,Employees/Designated Employees,ESOP,Buy,Equity Shares,4642.0,0.0,0.0,0.0,0.0,10968.0,0.0,15610.0,0.01
AUBANK,2017-12-01 13:44:00,2017-12-01,2017-11-29,2017-11-29,Director,Market Sale,Sell,Equity Shares,45875.0,0.0,0.0,0.0,0.0,2022471.0,0.7,1976596.0,0.69
AUBANK,2017-12-02 18:49:00,2017-12-01,2017-11-15,2017-11-15,Employees/Designated Employees,ESOP,Buy,Equity Shares,2502.0,0.0,0.0,0.0,0.0,,0.0,2502.0,0.0
AUBANK,2017-12-02 18:49:00,2017-12-01,2017-11-15,2017-11-15,Employees/Designated Employees,ESOP,Buy,Equity Shares,5951.0,0.0,0.0,0.0,0.0,26700.0,0.01,32651.0,0.01
AUBANK,2017-12-02 18:49:00,2017-12-01,2017-11-15,2017-11-15,Employees/Designated Employees,ESOP,Buy,Equity Shares,1743.0,0.0,0.0,0.0,0.0,,0.0,1743.0,0.0
AUBANK,2017-12-02 18:49:00,2017-12-01,2017-11-15,2017-11-15,Employees/Designated Employees,ESOP,Buy,Equity Shares,1854.0,0.0,0.0,0.0,0.0,7416.0,0.0,9270.0,0.0
AUBANK,2017-12-02 18:53:00,2017-12-01,2017-11-29,2017-11-30,Employees/Designated Employees,Market Sale,Sell,Equity Shares,500.0,0.0,0.0,0.0,0.0,48109.0,0.02,47609.0,0.02
AUBANK,2017-12-02 19:12:00,2017-12-02,2017-12-01,2017-12-01,Employees/Designated Employees,Market Sale,Sell,Equity Shares,2000.0,0.0,0.0,0.0,0.0,11565.0,0.0,9565.0,0.0
AUBANK,2017-12-02 19:12:00,2017-12-01,2017-11-29,2017-11-30,Employees/Designated Employees,Market Sale,Sell,Equity Shares,800.0,0.0,0.0,0.0,0.0,47609.0,0.02,46809.0,0.02
AUBANK,2017-12-04 20:16:00,2017-12-04,2017-11-15,2017-11-15,Employees/Designated Employees,ESOP,Buy,Equity Shares,2909.0,0.0,0.0,0.0,0.0,,0.0,2909.0,0.0
AUBANK,2017-12-05 20:28:00,2017-12-04,2017-11-15,2017-11-15,Employees/Designated Employees,ESOP,Buy,Equity Shares,7579.0,0.0,0.0,0.0,0.0,29114.0,0.01,36693.0,0.01
AUBANK,2017-12-05 20:28:00,2017-12-04,2017-11-15,2017-11-15,Employees/Designated Employees,ESOP,Buy,Equity Shares,1699.0,0.0,0.0,0.0,0.0,725.0,0.0,2424.0,0.0
AUBANK,2017-12-06 20:04:00,2017-12-05,2017-11-30,2017-11-30,Employees/Designated Employees,Market Sale,Sell,Equity Shares,1000.0,0.0,0.0,0.0,0.0,31196.0,0.01,30196.0,0.01
AUBANK,2017-12-06 20:04:00,2017-12-04,2017-11-28,2017-11-29,Employees/Designated Employees,Market Sale,Sell,Equity Shares,300.0,0.0,0.0,0.0,0.0,2351.0,0.0,2051.0,0.0
AUBANK,2017-12-06 20:04:00,2017-12-04,2017-11-20,2017-11-20,Employees/Designated Employees,Market Sale,Sell,Equity Shares,300.0,0.0,0.0,0.0,0.0,27474.0,0.01,27174.0,0.01
AUBANK,2017-12-06 20:06:00,2017-12-04,2017-11-23,2017-11-23,Employees/Designated Employees,Market Sale,Sell,Equity Shares,150.0,0.0,0.0,0.0,0.0,27174.0,0.01,27024.0,0.01
AUBANK,2017-12-06 20:06:00,2017-12-04,2017-11-28,2017-11-29,Employees/Designated Employees,Market Sale,Sell,Equity Shares,200.0,0.0,0.0,0.0,0.0,2051.0,0.0,1851.0,0.0
AUBANK,2017-12-06 20:09:00,2017-12-04,2017-11-28,2017-11-28,Employees/Designated Employees,Market Sale,Sell,Equity Shares,150.0,0.0,0.0,0.0,0.0,27024.0,0.01,26874.0,0.01
AUBANK,2017-12-06 20:12:00,2017-12-04,2017-11-30,2017-11-30,Employees/Designated Employees,Market Sale,Sell,Equity Shares,150.0,0.0,0.0,0.0,0.0,26874.0,0.01,26724.0,0.01
AUBANK,2017-12-08 17:38:00,2017-12-08,2017-11-24,2017-11-28,Employees/Designated Employees,Market Sale,Sell,Equity Shares,200.0,0.0,0.0,0.0,0.0,5037.0,0.0,4837.0,0.0
AUBANK,2017-12-08 17:38:00,2017-12-07,2017-11-30,2017-11-30,Employees/Designated Employees,Market Sale,Sell,Equity Shares,1000.0,0.0,0.0,0.0,0.0,2502.0,0.0,1502.0,0.0
AUBANK,2017-12-08 17:38:00,2017-12-08,2017-12-01,2017-12-01,Employees/Designated Employees,Market Sale,Sell,Equity Shares,605.0,0.0,0.0,0.0,0.0,1105.0,0.0,500.0,0.0
AUBANK,2017-12-08 17:42:00,2017-12-08,2017-11-24,2017-11-28,Employees/Designated Employees,Market Sale,Sell,Equity Shares,500.0,0.0,0.0,0.0,0.0,4837.0,0.0,4337.0,0.0
AUBANK,2017-12-12 19:39:00,2017-12-12,2017-12-04,2017-12-04,Employees/Designated Employees,ESOP,Buy,Equity Shares,5173.0,0.0,0.0,0.0,0.0,20046.0,0.01,25219.0,0.01
AUBANK,2017-12-12 19:39:00,2017-12-12,2017-12-04,2017-12-04,Employees/Designated Employees,ESOP,Buy,Equity Shares,7200.0,0.0,0.0,0.0,0.0,,0.0,7200.0,0.0
AUBANK,2017-12-12 19:50:00,2017-12-12,2017-12-12,2017-12-12,Employees/Designated Employees,Market Sale,Sell,Equity Shares,800.0,0.0,0.0,0.0,0.0,4290.0,0.0,3490.0,0.0
AUBANK,2017-12-12 19:50:00,2017-12-11,2017-11-20,2017-11-28,Employees/Designated Employees,Market Sale,Sell,Equity Shares,928.0,0.0,0.0,0.0,0.0,928.0,0.0,,0.0
AUBANK,2017-12-12 19:50:00,2017-12-11,2017-11-28,2017-11-28,Employees/Designated Employees,Market Sale,Sell,Equity Shares,200.0,0.0,0.0,0.0,0.0,12273.0,0.0,12073.0,0.0
AUBANK,2017-12-12 19:50:00,2017-12-11,2017-11-30,2017-11-30,Employees/Designated Employees,Market Sale,Sell,Equity Shares,1000.0,0.0,0.0,0.0,0.0,2955.0,0.0,1955.0,0.0
AUBANK,2017-12-12 19:50:00,2017-12-11,2017-12-11,2017-12-11,Employees/Designated Employees,Market Sale,Sell,Equity Shares,2000.0,0.0,0.0,0.0,0.0,13363.0,0.0,11363.0,0.0
AUBANK,2017-12-12 19:50:00,2017-12-12,2017-12-11,2017-12-11,Employees/Designated Employees,Market Sale,Sell,Equity Shares,100.0,0.0,0.0,0.0,0.0,26724.0,0.01,26624.0,0.01
AUBANK,2017-12-12 19:50:00,2017-12-12,2017-12-12,2017-12-12,Employees/Designated Employees,Market Sale,Sell,Equity Shares,7000.0,0.0,0.0,0.0,0.0,34814.0,0.01,27814.0,0.01
AUBANK,2017-12-13 19:38:00,2017-12-12,2017-12-12,2017-12-12,Key Managerial Personnel,Market Sale,Sell,Equity Shares,8742.0,0.0,0.0,0.0,0.0,922365.0,0.32,913623.0,0.32
AUBANK,2017-12-13 19:38:00,2017-12-12,2017-12-12,2017-12-12,Employees/Designated Employees,Market Sale,Sell,Equity Shares,200.0,0.0,0.0,0.0,0.0,9565.0,0.0,9365.0,0.0
AUBANK,2017-12-14 18:55:00,2017-12-14,2017-11-21,2017-11-21,Employees/Designated Employees,Off Market,Pledge,Equity Shares,2856.0,0.0,0.0,0.0,0.0,4592.0,0.0,4592.0,0.0
AUBANK,2017-12-14 18:58:00,2017-12-14,2017-11-22,2017-11-22,Employees/Designated Employees,Off Market,Pledge Revoke,Equity Shares,1040.0,0.0,0.0,0.0,0.0,4592.0,0.0,4592.0,0.0
AUBANK,2017-12-14 19:00:00,2017-12-14,2017-12-05,2017-12-05,Employees/Designated Employees,Market Sale,Sell,Equity Shares,100.0,0.0,0.0,0.0,0.0,4592.0,0.0,4492.0,0.0
AUBANK,2017-12-14 19:02:00,2017-12-14,2017-12-08,2017-12-08,Employees/Designated Employees,Market Sale,Sell,Equity Shares,100.0,0.0,0.0,0.0,0.0,4492.0,0.0,4392.0,0.0
AUBANK,2017-12-14 19:04:00,2017-12-14,2017-12-11,2017-12-11,Employees/Designated Employees,Market Sale,Sell,Equity Shares,500.0,0.0,0.0,0.0,0.0,4392.0,0.0,3892.0,0.0
AUBANK,2017-12-14 19:06:00,2017-12-14,2017-12-12,2017-12-12,Employees/Designated Employees,Market Sale,Sell,Equity Shares,100.0,0.0,0.0,0.0,0.0,3892.0,0.0,3792.0,0.0
AUBANK,2017-12-14 19:07:00,2017-12-14,2017-12-13,2017-12-13,Employees/Designated Employees,Market Sale,Sell,Equity Shares,100.0,0.0,0.0,0.0,0.0,3792.0,0.0,3692.0,0.0
AUBANK,2017-12-14 19:12:00,2017-12-14,2017-12-13,2017-12-13,Employees/Designated Employees,Revokation of Pledge,Pledge Revoke,Equity Shares,750.0,0.0,0.0,0.0,0.0,3692.0,0.0,3692.0,0.0
AUBANK,2017-12-15 18:44:00,2017-12-14,2017-12-14,2017-12-14,Employees/Designated Employees,Off Market,Pledge Revoke,Equity Shares,1066.0,0.0,0.0,0.0,0.0,3692.0,0.0,3692.0,0.0
AUBANK,2017-12-15 18:44:00,2017-12-13,2017-12-08,2017-12-11,Other,Market Sale,Sell,Equity Shares,11000.0,0.0,0.0,0.0,0.0,12000.0,0.0,1000.0,0.0
AUBANK,2017-12-19 18:55:00,2017-12-18,2017-11-30,2017-11-30,Employees/Designated Employees,Market Sale,Sell,Equity Shares,931.0,0.0,0.0,0.0,0.0,931.0,0.0,,0.0
AUBANK,2017-12-19 18:55:00,2017-12-18,2017-11-29,2017-11-29,Employees/Designated Employees,Market Sale,Sell,Equity Shares,50.0,0.0,0.0,0.0,0.0,50.0,0.0,,0.0
AUBANK,2017-12-20 20:47:00,2017-12-18,2017-12-03,2017-12-03,Employees/Designated Employees,Market Sale,Sell,Equity Shares,500.0,0.0,0.0,0.0,0.0,1115.0,0.0,615.0,0.0
AUBANK,2017-12-20 20:47:00,2017-12-20,2017-11-30,2017-11-30,Employees/Designated Employees,Market Sale,Sell,Equity Shares,800.0,0.0,0.0,0.0,0.0,1261.0,0.0,461.0,0.0
AUBANK,2017-12-20 20:47:00,2017-12-20,2017-12-04,2017-12-04,Employees/Designated Employees,Market Sale,Sell,Equity Shares,4200.0,0.0,0.0,0.0,0.0,39621.0,0.01,35421.0,0.01
AUBANK,2017-12-20 20:56:00,2017-12-20,2017-12-04,2017-12-04,Employees/Designated Employees,ESOP,Buy,Equity Shares,2199.0,0.0,0.0,0.0,0.0,,0.0,2199.0,0.0
AUBANK,2017-12-20 20:56:00,2017-12-20,2017-12-04,2017-12-04,Employees/Designated Employees,ESOP,Buy,Equity Shares,2466.0,0.0,0.0,0.0,0.0,,0.0,2466.0,0.0
AUBANK,2017-12-20 20:56:00,2017-12-20,2017-12-04,2017-12-04,Employees/Designated Employees,ESOP,Buy,Equity Shares,2381.0,0.0,0.0,0.0,0.0,64.0,0.0,2445.0,0.0
AUBANK,2017-12-20 20:56:00,2017-12-20,2017-12-04,2017-12-04,Employees/Designated Employees,ESOP,Buy,Equity Shares,2491.0,0.0,0.0,0.0,0.0,117.0,0.0,2608.0,0.0
AUBANK,2017-12-20 20:56:00,2017-12-20,2017-12-04,2017-12-04,Employees/Designated Employees,ESOP,Buy,Equity Shares,2443.0,0.0,0.0,0.0,0.0,10342.0,0.0,12785.0,0.0
AUBANK,2017-12-20 20:56:00,2017-12-20,2017-12-04,2017-12-04,Employees/Designated Employees,ESOP,Buy,Equity Shares,2884.0,0.0,0.0,0.0,0.0,,0.0,2884.0,0.0
AUBANK,2017-12-20 20:56:00,2017-12-20,2017-12-04,2017-12-04,Employees/Designated Employees,ESOP,Buy,Equity Shares,1628.0,0.0,0.0,0.0,0.0,,0.0,1628.0,0.0
AUBANK,2017-12-20 20:56:00,2017-12-20,2017-12-04,2017-12-04,Employees/Designated Employees,ESOP,Buy,Equity Shares,3778.0,0.0,0.0,0.0,0.0,,0.0,3778.0,0.0
AUBANK,2017-12-20 20:56:00,2017-12-20,2017-12-04,2017-12-04,Employees/Designated Employees,ESOP,Buy,Equity Shares,4212.0,0.0,0.0,0.0,0.0,,0.0,4212.0,0.0
AUBANK,2017-12-20 20:56:00,2017-12-20,2017-12-04,2017-12-04,Employees/Designated Employees,ESOP,Buy,Equity Shares,2145.0,0.0,0.0,0.0,0.0,,0.0,2145.0,0.0
AUBANK,2017-12-20 20:56:00,2017-12-20,2017-12-04,2017-12-04,Employees/Designated Employees,ESOP,Buy,Equity Shares,8920.0,0.0,0.0,0.0,0.0,35421.0,0.0,44341.0,0.0
AUBANK,2017-12-20 20:56:00,2017-12-20,2017-12-04,2017-12-04,Employees/Designated Employees,ESOP,Buy,Equity Shares,1731.0,0.0,0.0,0.0,0.0,,0.0,1731.0,0.0
AUBANK,2017-12-20 20:56:00,2017-12-20,2017-12-04,2017-12-04,Employees/Designated Employees,ESOP,Buy,Equity Shares,3045.0,0.0,0.0,0.0,0.0,,0.0,3045.0,0.0
AUBANK,2017-12-22 15:01:00,2017-12-22,2017-12-04,2017-12-04,Employees/Designated Employees,ESOP,Buy,Equity Shares,2921.0,0.0,0.0,0.0,0.0,1041.0,0.0,3962.0,0.0
AUBANK,2017-12-22 15:01:00,2017-12-22,2017-12-04,2017-12-04,Employees/Designated Employees,ESOP,Buy,Equity Shares,2551.0,0.0,0.0,0.0,0.0,50.0,0.0,2601.0,0.0
AUBANK,2017-12-22 15:01:00,2017-12-22,2017-12-04,2017-12-04,Employees/Designated Employees,ESOP,Buy,Equity Shares,2241.0,0.0,0.0,0.0,0.0,,0.0,2241.0,0.0
AUBANK,2017-12-22 15:01:00,2017-12-22,2017-12-04,2017-12-04,Employees/Designated Employees,ESOP,Buy,Equity Shares,3700.0,0.0,0.0,0.0,0.0,,0.0,3700.0,0.0
AUBANK,2017-12-22 15:01:00,2017-12-22,2017-12-04,2017-12-04,Employees/Designated Employees,ESOP,Buy,Equity Shares,1723.0,0.0,0.0,0.0,0.0,1041.0,0.0,2764.0,0.0
AUBANK,2017-12-22 15:01:00,2017-12-22,2017-12-04,2017-12-04,Employees/Designated Employees,ESOP,Buy,Equity Shares,1852.0,0.0,0.0,0.0,0.0,,0.0,1852.0,0.0
AUBANK,2017-12-27 18:32:00,2017-12-26,2017-12-13,2017-12-13,Employees/Designated Employees,Market Sale,Sell,Equity Shares,425.0,0.0,0.0,0.0,0.0,1446.0,0.0,1021.0,0.0
AUBANK,2017-12-27 18:32:00,2017-12-26,2017-12-11,2017-12-11,Employees/Designated Employees,Market Sale,Sell,Equity Shares,100.0,0.0,0.0,0.0,0.0,1377.0,0.0,1277.0,0.0
AUBANK,2017-12-27 18:32:00,2017-12-26,2017-12-11,2017-12-11,Employees/Designated Employees,Market Sale,Sell,Equity Shares,349.0,0.0,0.0,0.0,0.0,1149.0,0.0,800.0,0.0
AUBANK,2017-12-27 18:32:00,2017-12-26,2017-12-12,2017-12-12,Employees/Designated Employees,Market Sale,Sell,Equity Shares,690.0,0.0,0.0,0.0,0.0,12073.0,0.0,11383.0,0.0
AUBANK,2017-12-27 18:32:00,2017-12-26,2017-12-12,2017-12-12,Employees/Designated Employees,Market Sale,Sell,Equity Shares,286.0,0.0,0.0,0.0,0.0,2286.0,0.0,2000.0,0.0
AUBANK,2017-12-28 18:56:00,2017-12-26,2017-12-08,2017-12-08,Employees/Designated Employees,Market Sale,Sell,Equity Shares,100.0,0.0,0.0,0.0,0.0,1010.0,0.0,910.0,0.0
AUBANK,2017-12-28 18:56:00,2017-12-28,2017-12-19,2017-12-20,Employees/Designated Employees,Market Sale,Sell,Equity Shares,463.0,0.0,0.0,0.0,0.0,13363.0,0.0,12900.0,0.0
AUBANK,2017-12-28 18:56:00,2017-12-28,2017-12-15,2017-12-22,Employees/Designated Employees,Market Sale,Sell,Equity Shares,375.0,0.0,0.0,0.0,0.0,35242.0,0.0,34867.0,0.0
AUBANK,2017-12-28 19:00:00,2017-12-27,2017-12-04,2017-12-04,Employees/Designated Employees,ESOP,Buy,Equity Shares,4212.0,0.0,0.0,0.0,0.0,13380.0,0.0,17592.0,0.0
AUBANK,2018-01-01 19:28:00,2017-12-30,2017-12-04,2017-12-04,Employees/Designated Employees,ESOP,Buy,Equity Shares,2082.0,0.0,0.0,0.0,0.0,,0.0,2082.0,0.0
AUBANK,2018-01-01 19:32:00,2018-01-01,2017-12-15,2017-12-22,Employees/Designated Employees,Market Purchase,Buy,Equity Shares,134.0,0.0,0.0,0.0,0.0,1867.0,0.0,2001.0,0.0
AUBANK,2018-01-01 19:36:00,2018-01-01,2017-12-12,2017-12-12,Employees/Designated Employees,Market Sale,Sell,Equity Shares,5600.0,0.0,0.0,0.0,0.0,45087.0,0.02,39487.0,0.01
AUBANK,2018-01-01 19:36:00,2018-01-01,2017-12-12,2017-12-12,Employees/Designated Employees,Market Sale,Sell,Equity Shares,449.0,0.0,0.0,0.0,0.0,1849.0,0.0,1400.0,0.0
AUBANK,2018-01-01 19:36:00,2018-01-01,2017-12-11,2017-12-11,Employees/Designated Employees,Market Sale,Sell,Equity Shares,320.0,0.0,0.0,0.0,0.0,6589.0,0.0,6269.0,0.0
AUBANK,2018-01-01 19:36:00,2018-01-01,2017-12-21,2017-12-21,Employees/Designated Employees,Market Sale,Sell,Equity Shares,520.0,0.0,0.0,0.0,0.0,3280.0,0.0,2760.0,0.0
AUBANK,2018-01-03 20:06:00,2018-01-02,2017-12-27,2017-12-27,Employees/Designated Employees,Market Sale,Sell,Equity Shares,1199.0,0.0,0.0,0.0,0.0,2199.0,0.0,1000.0,0.0
AUBANK,2018-01-04 20:02:00,2018-01-02,2017-12-12,2017-12-12,Employees/Designated Employees,Market Sale,Sell,Equity Shares,350.0,0.0,0.0,0.0,0.0,6356.0,0.0,6006.0,0.0
AUBANK,2018-01-05 19:49:00,2018-01-05,2017-11-30,2017-11-30,Employees/Designated Employees,Market Sale,Sell,Equity Shares,100.0,0.0,0.0,0.0,0.0,11961.0,0.0,11861.0,0.0
AUBANK,2018-01-05 19:51:00,2018-01-05,2017-12-11,2017-12-11,Employees/Designated Employees,Market Sale,Sell,Equity Shares,100.0,0.0,0.0,0.0,0.0,11861.0,0.0,11761.0,0.0
AUBANK,2018-01-19 19:44:00,2018-01-19,2017-12-29,2017-12-29,Employees/Designated Employees,Market Sale,Sell,Equity Shares,1254.0,0.0,0.0,0.0,0.0,3778.0,0.0,2524.0,0.0
AUBANK,2018-01-19 19:47:00,2018-01-19,2018-01-08,2018-01-08,Employees/Designated Employees,Market Sale,Sell,Equity Shares,2224.0,0.0,0.0,0.0,0.0,2524.0,0.0,300.0,0.0
AUBANK,2018-01-25 20:43:00,2018-01-23,2017-12-02,2017-12-02,Employees/Designated Employees,Market Sale,Sell,Equity Shares,500.0,0.0,0.0,0.0,0.0,500.0,0.0,,0.0
AUBANK,2018-01-25 21:04:00,2018-01-23,2017-12-11,2017-12-11,Employees/Designated Employees,Pledge Creation,Pledge,Equity Shares,7200.0,0.0,0.0,0.0,0.0,7200.0,0.0,7200.0,0.0
AUBANK,2018-02-07 18:42:00,2018-02-07,2017-02-06,2017-02-06,Employees/Designated Employees,Market Purchase,Buy,Equity Shares,400.0,0.0,0.0,0.0,0.0,,0.0,400.0,0.0
AUBANK,2018-02-14 17:13:00,2018-02-13,2018-02-02,2018-02-02,Employees/Designated Employees,ESOP,Buy,Equity Shares,1715.0,0.0,0.0,0.0,0.0,,0.0,1715.0,0.0
AUBANK,2018-02-14 17:13:00,2018-02-12,2018-02-02,2018-02-02,Employees/Designated Employees,ESOP,Buy,Equity Shares,6000.0,0.0,0.0,0.0,0.0,1041.0,0.0,7041.0,0.0
AUBANK,2018-02-14 17:13:00,2018-02-12,2018-02-02,2018-02-02,Employees/Designated Employees,ESOP,Buy,Equity Shares,3721.0,0.0,0.0,0.0,0.0,14177.0,0.0,17898.0,0.0
AUBANK,2018-02-14 17:13:00,2018-02-13,2018-02-02,2018-02-02,Employees/Designated Employees,ESOP,Buy,Equity Shares,1965.0,0.0,0.0,0.0,0.0,,0.0,1965.0,0.0
AUBANK,2018-02-15 19:01:00,2018-02-13,2018-02-02,2018-02-02,Employees/Designated Employees,ESOP,Buy,Equity Shares,27421.0,0.0,0.0,0.0,0.0,41333.0,0.01,68754.0,0.02
AUBANK,2018-02-15 19:15:00,2018-02-14,2017-11-28,2017-11-28,Employees/Designated Employees,Market Sale,Sell,Equity Shares,500.0,0.0,0.0,0.0,0.0,10211.0,0.0,9711.0,0.0
AUBANK,2018-02-15 19:20:00,2018-02-14,2017-12-14,2017-12-14,Employees/Designated Employees,Market Purchase,Buy,Equity Shares,1000.0,0.0,0.0,0.0,0.0,9999.0,0.0,10999.0,0.0
AUBANK,2018-02-20 19:38:00,2018-02-19,2018-02-02,2018-02-02,Employees/Designated Employees,ESOP,Buy,Equity Shares,4295.0,0.0,0.0,0.0,0.0,9616.0,0.0,13911.0,0.0
AUBANK,2018-03-09 19:30:00,2018-03-08,2018-03-07,2018-03-07,Employees/Designated Employees,ESOP,Buy,Equity Shares,1908.0,0.0,0.0,0.0,0.0,,0.0,1908.0,0.0
AUBANK,2018-03-09 19:30:00,2018-03-08,2018-03-07,2018-03-07,Employees/Designated Employees,ESOP,Buy,Equity Shares,12666.0,0.0,0.0,0.0,0.0,39487.0,0.01,52153.0,0.01
AUBANK,2018-03-13 19:36:00,2018-03-12,2018-03-07,2018-03-07,Employees/Designated Employees,ESOP,Buy,Equity Shares,1786.0,0.0,0.0,0.0,0.0,,0.0,1786.0,0.0
AUBANK,2018-05-04 20:13:00,2018-05-04,2018-05-02,2018-05-02,Employees/Designated Employees,Market Sale,Sell,Equity Shares,2287.0,0.0,0.0,0.0,0.0,1408423.0,0.49,1406136.0,0.49
AUBANK,2018-05-04 20:16:00,2018-05-04,2018-05-03,2018-05-03,Employees/Designated Employees,Market Sale,Sell,Equity Shares,1000.0,0.0,0.0,0.0,0.0,1406136.0,0.49,1405136.0,0.49
AUBANK,2018-05-05 19:25:00,2018-05-05,2018-05-04,2018-05-04,Employees/Designated Employees,Market Sale,Sell,Equity Shares,427.0,0.0,0.0,0.0,0.0,1405136.0,0.49,1404709.0,0.49
AUBANK,2018-05-07 20:18:00,2018-05-05,2018-04-26,2018-04-26,Employees/Designated Employees,Off Market,Pledge,Equity Shares,1500.0,0.0,0.0,0.0,0.0,3470.0,0.0,3470.0,0.0
AUBANK,2018-05-08 20:10:00,2018-05-07,2018-02-20,2018-02-20,Employees/Designated Employees,Market Sale,Sell,Equity Shares,100.0,0.0,0.0,0.0,0.0,68754.0,0.02,68654.0,0.02
AUBANK,2018-05-14 18:08:00,2018-05-14,2018-05-11,2018-05-11,Employees/Designated Employees,Market Sale,Sell,Equity Shares,1000.0,0.0,0.0,0.0,0.0,1404709.0,0.49,1403709.0,0.49
AUBANK,2018-05-22 19:38:00,2018-05-21,2018-05-11,2018-05-11,Employees/Designated Employees,Market Sale,Sell,Equity Shares,4000.0,0.0,0.0,0.0,0.0,9191.0,0.0,5191.0,0.0
AUBANK,2018-05-22 19:38:00,2018-05-21,2018-05-11,2018-05-11,Employees/Designated Employees,Market Sale,Sell,Equity Shares,2241.0,0.0,0.0,0.0,0.0,2241.0,0.0,,0.0
AUBANK,2018-06-01 20:57:00,2018-05-30,2018-03-12,2018-03-12,Employees/Designated Employees,Market Purchase,Buy,Equity Shares,300.0,0.0,0.0,0.0,0.0,34767.0,0.01,35067.0,0.01
AUBANK,2018-06-01 20:57:00,2018-05-30,2018-03-09,2018-03-09,Employees/Designated Employees,Market Purchase,Buy,Equity Shares,350.0,0.0,0.0,0.0,0.0,34417.0,0.01,34767.0,0.01
AUBANK,2018-06-01 20:57:00,2018-05-30,2018-03-08,2018-03-08,Employees/Designated Employees,Market Purchase,Buy,Equity Shares,250.0,0.0,0.0,0.0,0.0,34167.0,0.01,34417.0,0.01
AUBANK,2018-06-01 20:57:00,2018-05-30,2018-03-07,2018-03-07,Employees/Designated Employees,Market Purchase,Buy,Equity Shares,300.0,0.0,0.0,0.0,0.0,33867.0,0.01,34167.0,0.01
AUBANK,2018-06-01 20:57:00,2018-05-30,2018-03-20,2018-03-20,Employees/Designated Employees,Market Purchase,Buy,Equity Shares,700.0,0.0,0.0,0.0,0.0,35067.0,0.01,35767.0,0.01
AUBANK,2018-06-02 18:39:00,2018-06-01,2018-06-01,2018-06-01,Employees/Designated Employees,Market Sale,Sell,Equity Shares,500.0,0.0,0.0,0.0,0.0,9365.0,0.0,8865.0,0.0
AUBANK,2018-06-04 20:03:00,2018-06-02,2018-05-31,2018-05-31,Key Managerial Personnel,Market Sale,Sell,Equity Shares,228.0,0.0,0.0,0.0,0.0,55310.0,0.01,55082.0,0.01
AUBANK,2018-06-04 20:03:00,2018-06-02,2018-06-01,2018-06-01,Key Managerial Personnel,Market Sale,Sell,Equity Shares,1362.0,0.0,0.0,0.0,0.0,55082.0,0.01,53720.0,0.01
AUBANK,2018-06-06 17:03:00,2018-06-05,2018-06-04,2018-06-04,Key Managerial Personnel,Market Sale,Sell,Equity Shares,1500.0,0.0,0.0,0.0,0.0,53720.0,0.01,52220.0,0.01
AUBANK,2018-06-08 18:59:00,2018-06-06,2018-06-06,2018-06-06,Employees/Designated Employees,Market Sale,Sell,Equity Shares,500.0,0.0,0.0,0.0,0.0,8865.0,0.0,8365.0,0.0
AUBANK,2018-06-08 18:59:00,2018-06-08,2018-06-07,2018-06-07,Key Managerial Personnel,Market Sale,Sell,Equity Shares,1000.0,0.0,0.0,0.0,0.0,52220.0,0.01,51220.0,0.01
AUBANK,2018-06-08 18:59:00,2018-06-07,2018-06-07,2018-06-07,Employees/Designated Employees,Market Sale,Sell,Equity Shares,500.0,0.0,0.0,0.0,0.0,8365.0,0.0,7865.0,0.0
AUBANK,2018-06-13 19:15:00,2018-06-13,2018-06-12,2018-06-12,Employees/Designated Employees,Market Sale,Sell,Equity Shares,1000.0,0.0,0.0,0.0,0.0,7865.0,0.0,6865.0,0.0
AUBANK,2018-06-15 18:46:00,2018-06-15,2018-06-13,2018-06-13,Employees/Designated Employees,Market Sale,Sell,Equity Shares,1900.0,0.0,0.0,0.0,0.0,35767.0,0.01,33867.0,0.0
AUBANK,2018-06-16 15:36:00,2018-06-15,2018-06-15,2018-06-15,Employees/Designated Employees,Market Sale,Sell,Equity Shares,100.0,0.0,0.0,0.0,0.0,6865.0,0.0,6765.0,0.0
AUBANK,2018-06-27 13:45:00,2018-06-25,2018-06-12,2018-06-12,Employees/Designated Employees,Market Sale,Sell,Equity Shares,1715.0,0.0,0.0,0.0,0.0,1715.0,0.0,,0.0
AUBANK,2018-07-03 19:03:00,2018-07-03,2018-06-26,2018-06-26,Employees/Designated Employees,Market Purchase,Buy,Equity Shares,252.0,0.0,0.0,0.0,0.0,,0.0,252.0,0.0
AUBANK,2018-07-03 19:03:00,2018-07-03,2018-06-27,2018-06-27,Employees/Designated Employees,Market Purchase,Buy,Equity Shares,1500.0,0.0,0.0,0.0,0.0,252.0,0.0,1752.0,0.0
AUBANK,2018-07-17 17:24:00,2018-07-16,2018-07-16,2018-07-16,Employees/Designated Employees,Off Market,Pledge,Equity Shares,1970.0,0.0,0.0,0.0,0.0,3470.0,0.0,3470.0,0.0
AUBANK,2018-07-21 15:54:00,2018-07-20,2018-07-12,2018-07-12,Employees/Designated Employees,Off Market,Pledge,Equity Shares,3100.0,0.0,0.0,0.0,0.0,68654.0,0.02,68654.0,0.02
AUBANK,2018-08-10 14:29:00,2018-08-10,2018-08-10,2018-08-10,Promoters,Others,Buy,Equity Shares,784000.0,0.0,0.0,0.0,0.0,55982359.0,19.3,56766359.0,19.57
AUBANK,2018-08-10 19:18:00,2018-08-09,2018-08-01,2018-08-03,Employees/Designated Employees,Market Sale,Sell,Equity Shares,2000.0,0.0,0.0,0.0,0.0,27007.0,0.01,25007.0,0.01
AUBANK,2018-08-13 18:16:00,2018-08-13,2018-08-10,2018-08-10,Employees/Designated Employees,Market Sale,Sell,Equity Shares,15000.0,0.0,0.0,0.0,0.0,1403709.0,0.48,1388709.0,0.48
AUBANK,2018-08-14 19:49:00,2018-08-14,2018-08-13,2018-08-13,Employees/Designated Employees,Off Market,Pledge,Equity Shares,1716.0,0.0,0.0,0.0,0.0,3470.0,0.0,3470.0,0.0
AUBANK,2018-08-14 19:49:00,2018-08-14,2018-08-02,2018-08-02,Employees/Designated Employees,Market Sale,Sell,Equity Shares,1800.0,0.0,0.0,0.0,0.0,19016.0,0.0,17216.0,0.0
AUBANK,2018-08-14 19:49:00,2018-08-13,2018-08-11,2018-08-11,Employees/Designated Employees,Market Sale,Sell,Equity Shares,1752.0,0.0,0.0,0.0,0.0,1752.0,0.0,,0.0
AUBANK,2018-08-16 17:17:00,2018-08-14,2018-08-13,2018-08-13,Employees/Designated Employees,Market Sale,Sell,Equity Shares,5000.0,0.0,0.0,0.0,0.0,1388709.0,0.48,1383709.0,0.48
AUBANK,2018-08-21 17:31:00,2018-08-21,2018-08-13,2018-08-13,CONNECTED PERSON,Off Market,Pledge,Equity Shares,428576.0,0.0,0.0,0.0,0.0,2238576.0,0.77,2238576.0,0.77
AUBANK,2018-08-21 17:31:00,2018-08-21,2018-08-13,2018-08-13,CONNECTED PERSON,Off Market,Pledge,Equity Shares,714288.0,0.0,0.0,0.0,0.0,1164288.0,0.4,1164288.0,0.4
AUBANK,2018-08-23 20:59:00,2018-08-21,2018-08-14,2018-08-14,Employees/Designated Employees,ESOP,Buy,Equity Shares,13946.0,0.0,0.0,0.0,0.0,18517.0,0.0,32463.0,0.01
AUBANK,2018-08-23 20:59:00,2018-08-21,2018-08-14,2018-08-14,Employees/Designated Employees,ESOP,Buy,Equity Shares,3420.0,0.0,0.0,0.0,0.0,1934.0,0.0,5354.0,0.0
AUBANK,2018-08-23 20:59:00,2018-08-21,2018-08-14,2018-08-14,Employees/Designated Employees,ESOP,Buy,Equity Shares,10147.0,0.0,0.0,0.0,0.0,45720.0,0.01,55867.0,0.01
AUBANK,2018-08-23 20:59:00,2018-08-21,2018-08-14,2018-08-14,Employees/Designated Employees,ESOP,Buy,Equity Shares,6215.0,0.0,0.0,0.0,0.0,12900.0,0.0,19115.0,0.0
AUBANK,2018-08-23 20:59:00,2018-08-21,2018-08-14,2018-08-14,Employees/Designated Employees,ESOP,Buy,Equity Shares,6466.0,0.0,0.0,0.0,0.0,25007.0,0.0,31473.0,0.01
AUBANK,2018-08-23 20:59:00,2018-08-21,2018-08-14,2018-08-14,Employees/Designated Employees,ESOP,Buy,Equity Shares,6559.0,0.0,0.0,0.0,0.0,27814.0,0.0,34373.0,0.01
AUBANK,2018-08-23 20:59:00,2018-08-21,2018-08-14,2018-08-14,Employees/Designated Employees,ESOP,Buy,Equity Shares,4037.0,0.0,0.0,0.0,0.0,10473.0,0.0,14510.0,0.0
AUBANK,2018-08-23 20:59:00,2018-08-20,2018-08-14,2018-08-14,Employees/Designated Employees,ESOP,Buy,Equity Shares,6934.0,0.0,0.0,0.0,0.0,36693.0,0.01,43627.0,0.01
AUBANK,2018-08-23 20:59:00,2018-08-21,2018-08-14,2018-08-14,Employees/Designated Employees,ESOP,Buy,Equity Shares,5535.0,0.0,0.0,0.0,0.0,10025.0,0.0,15560.0,0.0
AUBANK,2018-08-23 20:59:00,2018-08-21,2018-08-14,2018-08-14,Employees/Designated Employees,ESOP,Buy,Equity Shares,3429.0,0.0,0.0,0.0,0.0,3400.0,0.0,6829.0,0.0
AUBANK,2018-08-23 20:59:00,2018-08-21,2018-08-14,2018-08-14,Employees/Designated Employees,ESOP,Buy,Equity Shares,5117.0,0.0,0.0,0.0,0.0,33867.0,0.01,38984.0,0.01
AUBANK,2018-08-23 20:59:00,2018-08-21,2018-08-14,2018-08-14,Employees/Designated Employees,ESOP,Buy,Equity Shares,5117.0,0.0,0.0,0.0,0.0,100.0,0.0,5217.0,0.0
AUBANK,2018-08-23 20:59:00,2018-08-20,2018-08-14,2018-08-14,Employees/Designated Employees,ESOP,Buy,Equity Shares,7074.0,0.0,0.0,0.0,0.0,26878.0,0.0,33952.0,0.01
AUBANK,2018-08-23 20:59:00,2018-08-21,2018-08-14,2018-08-14,Employees/Designated Employees,ESOP,Buy,Equity Shares,5535.0,0.0,0.0,0.0,0.0,4337.0,0.0,9872.0,0.0
AUBANK,2018-08-23 20:59:00,2018-08-21,2018-08-14,2018-08-14,Employees/Designated Employees,ESOP,Buy,Equity Shares,4633.0,0.0,0.0,0.0,0.0,4212.0,0.0,8845.0,0.0
AUBANK,2018-08-23 20:59:00,2018-08-21,2018-08-14,2018-08-14,Employees/Designated Employees,ESOP,Buy,Equity Shares,5321.0,0.0,0.0,0.0,0.0,17398.0,0.0,22719.0,0.0
AUBANK,2018-08-23 20:59:00,2018-08-20,2018-08-14,2018-08-14,Employees/Designated Employees,ESOP,Buy,Equity Shares,5783.0,0.0,0.0,0.0,0.0,12810.0,0.0,18593.0,0.0
AUBANK,2018-08-23 20:59:00,2018-08-21,2018-08-14,2018-08-14,Employees/Designated Employees,ESOP,Buy,Equity Shares,4144.0,0.0,0.0,0.0,0.0,3700.0,0.0,7844.0,0.0
AUBANK,2018-08-23 20:59:00,2018-08-21,2018-08-14,2018-08-14,Employees/Designated Employees,ESOP,Buy,Equity Shares,8235.0,0.0,0.0,0.0,0.0,6765.0,0.0,15000.0,0.0
AUBANK,2018-08-23 20:59:00,2018-08-21,2018-08-14,2018-08-14,Employees/Designated Employees,ESOP,Buy,Equity Shares,5341.0,0.0,0.0,0.0,0.0,17216.0,0.0,22557.0,0.0
AUBANK,2018-08-23 20:59:00,2018-08-21,2018-08-14,2018-08-14,Employees/Designated Employees,ESOP,Buy,Equity Shares,4396.0,0.0,0.0,0.0,0.0,2019.0,0.0,6415.0,0.0
AUBANK,2018-08-23 20:59:00,2018-08-21,2018-08-14,2018-08-14,Employees/Designated Employees,ESOP,Buy,Equity Shares,3753.0,0.0,0.0,0.0,0.0,3644.0,0.0,7397.0,0.01
AUBANK,2018-08-23 20:59:00,2018-08-21,2018-08-14,2018-08-14,Employees/Designated Employees,ESOP,Buy,Equity Shares,6433.0,0.0,0.0,0.0,0.0,6025.0,0.0,12458.0,0.0
AUBANK,2018-08-23 20:59:00,2018-08-21,2018-08-14,2018-08-14,Employees/Designated Employees,ESOP,Buy,Equity Shares,5377.0,0.0,0.0,0.0,0.0,4922.0,0.0,10299.0,0.0
AUBANK,2018-08-23 20:59:00,2018-08-21,2018-08-14,2018-08-14,Employees/Designated Employees,ESOP,Buy,Equity Shares,9518.0,0.0,0.0,0.0,0.0,30196.0,0.01,39714.0,0.01
AUBANK,2018-08-23 20:59:00,2018-08-21,2018-08-14,2018-08-14,Employees/Designated Employees,ESOP,Buy,Equity Shares,3164.0,0.0,0.0,0.0,0.0,5944.0,0.0,9108.0,0.0
AUBANK,2018-08-23 20:59:00,2018-08-23,2018-08-14,2018-08-14,Employees/Designated Employees,ESOP,Buy,Equity Shares,3076.0,0.0,0.0,0.0,0.0,26174.0,0.0,29250.0,0.0
AUBANK,2018-08-23 20:59:00,2018-08-21,2018-08-14,2018-08-14,Employees/Designated Employees,ESOP,Buy,Equity Shares,4730.0,0.0,0.0,0.0,0.0,3490.0,0.0,8220.0,0.0
AUBANK,2018-08-24 19:39:00,2018-08-23,2018-08-14,2018-08-14,Employees/Designated Employees,ESOP,Buy,Equity Shares,2709.0,0.0,0.0,0.0,0.0,1955.0,0.0,4664.0,0.0
AUBANK,2018-08-24 19:39:00,2018-08-24,2018-08-14,2018-08-14,Employees/Designated Employees,ESOP,Buy,Equity Shares,2415.0,0.0,0.0,0.0,0.0,2000.0,0.0,4415.0,0.0
AUBANK,2018-08-24 19:39:00,2018-08-24,2018-08-14,2018-08-14,Employees/Designated Employees,ESOP,Buy,Equity Shares,2898.0,0.0,0.0,0.0,0.0,2000.0,0.0,4898.0,0.0
AUBANK,2018-08-24 19:39:00,2018-08-24,2018-08-14,2018-08-14,Employees/Designated Employees,ESOP,Buy,Equity Shares,2912.0,0.0,0.0,0.0,0.0,2127.0,0.0,5039.0,0.0
AUBANK,2018-08-24 19:39:00,2018-08-24,2018-08-14,2018-08-14,Employees/Designated Employees,ESOP,Buy,Equity Shares,3031.0,0.0,0.0,0.0,0.0,1008.0,0.0,4039.0,0.0
AUBANK,2018-08-24 19:39:00,2018-08-24,2018-08-14,2018-08-14,Employees/Designated Employees,ESOP,Buy,Equity Shares,3924.0,0.0,0.0,0.0,0.0,9609.0,0.0,13533.0,0.0
AUBANK,2018-08-24 19:39:00,2018-08-24,2018-08-14,2018-08-14,Employees/Designated Employees,ESOP,Buy,Equity Shares,6597.0,0.0,0.0,0.0,0.0,51220.0,0.01,57817.0,0.01
AUBANK,2018-08-24 19:39:00,2018-08-24,2018-08-20,2018-08-20,Employees/Designated Employees,Market Sale,Sell,Equity Shares,1000.0,0.0,0.0,0.0,0.0,6000.0,0.0,5000.0,0.0
AUBANK,2018-08-24 19:39:00,2018-08-24,2018-08-14,2018-08-14,Employees/Designated Employees,ESOP,Buy,Equity Shares,2513.0,0.0,0.0,0.0,0.0,9271.0,0.0,11784.0,0.0
AUBANK,2018-08-24 19:39:00,2018-08-24,2018-08-23,2018-08-23,Employees/Designated Employees,Market Sale,Sell,Equity Shares,900.0,0.0,0.0,0.0,0.0,5000.0,0.0,4100.0,0.0
AUBANK,2018-08-24 19:39:00,2018-08-24,2018-08-14,2018-08-14,Employees/Designated Employees,ESOP,Buy,Equity Shares,1613.0,0.0,0.0,0.0,0.0,1275.0,0.0,2888.0,0.0
AUBANK,2018-08-24 19:39:00,2018-08-24,2018-08-14,2018-08-14,Employees/Designated Employees,ESOP,Buy,Equity Shares,1701.0,0.0,0.0,0.0,0.0,16729.0,0.0,18430.0,0.0
AUBANK,2018-08-24 19:39:00,2018-08-24,2018-08-14,2018-08-14,Employees/Designated Employees,ESOP,Buy,Equity Shares,2282.0,0.0,0.0,0.0,0.0,1931.0,0.0,4213.0,0.0
AUBANK,2018-08-24 19:39:00,2018-08-24,2018-08-14,2018-08-14,Employees/Designated Employees,ESOP,Buy,Equity Shares,2052.0,0.0,0.0,0.0,0.0,368.0,0.0,2420.0,0.0
AUBANK,2018-08-24 19:39:00,2018-08-24,2018-08-14,2018-08-14,Employees/Designated Employees,ESOP,Buy,Equity Shares,1980.0,0.0,0.0,0.0,0.0,1589.0,0.0,3569.0,0.0
AUBANK,2018-08-24 19:39:00,2018-08-24,2018-08-14,2018-08-14,Employees/Designated Employees,ESOP,Buy,Equity Shares,1857.0,0.0,0.0,0.0,0.0,899.0,0.0,2756.0,0.0
AUBANK,2018-08-24 19:39:00,2018-08-24,2018-08-14,2018-08-14,Employees/Designated Employees,ESOP,Buy,Equity Shares,2400.0,0.0,0.0,0.0,0.0,,0.0,2400.0,0.0
AUBANK,2018-08-24 19:39:00,2018-08-24,2018-08-14,2018-08-14,Employees/Designated Employees,ESOP,Buy,Equity Shares,2884.0,0.0,0.0,0.0,0.0,13619.0,0.0,16503.0,0.0
AUBANK,2018-08-28 19:17:00,2018-08-28,2018-08-14,2018-08-14,Employees/Designated Employees,ESOP,Buy,Equity Shares,2946.0,0.0,0.0,0.0,0.0,1965.0,0.0,4911.0,0.0
AUBANK,2018-08-28 19:17:00,2018-08-28,2018-08-14,2018-08-14,Employees/Designated Employees,ESOP,Buy,Equity Shares,2504.0,0.0,0.0,0.0,0.0,2799.0,0.0,5303.0,0.0
AUBANK,2018-08-28 19:17:00,2018-08-28,2018-08-14,2018-08-14,Employees/Designated Employees,ESOP,Buy,Equity Shares,6154.0,0.0,0.0,0.0,0.0,13832.0,0.0,19986.0,0.0
AUBANK,2018-08-28 19:17:00,2018-08-28,2018-08-14,2018-08-14,Employees/Designated Employees,ESOP,Buy,Equity Shares,15467.0,0.0,0.0,0.0,0.0,52153.0,0.01,67620.0,0.02
AUBANK,2018-08-28 19:17:00,2018-08-27,2018-08-14,2018-08-14,Employees/Designated Employees,ESOP,Buy,Equity Shares,10615.0,0.0,0.0,0.0,0.0,43602.0,0.01,54217.0,0.01
AUBANK,2018-08-28 19:17:00,2018-08-27,2018-08-14,2018-08-14,Employees/Designated Employees,ESOP,Buy,Equity Shares,5672.0,0.0,0.0,0.0,0.0,18732.0,0.0,24404.0,0.0
AUBANK,2018-08-28 19:17:00,2018-08-27,2018-08-14,2018-08-14,Employees/Designated Employees,ESOP,Buy,Equity Shares,5251.0,0.0,0.0,0.0,0.0,5191.0,0.0,10442.0,0.0
AUBANK,2018-08-28 19:17:00,2018-08-27,2018-08-14,2018-08-14,Employees/Designated Employees,ESOP,Buy,Equity Shares,3812.0,0.0,0.0,0.0,0.0,2195.0,0.0,6007.0,0.0
AUBANK,2018-08-28 19:17:00,2018-08-27,2018-08-14,2018-08-14,Employees/Designated Employees,ESOP,Buy,Equity Shares,3200.0,0.0,0.0,0.0,0.0,4631.0,0.0,7831.0,0.0
AUBANK,2018-08-28 19:17:00,2018-08-27,2018-08-14,2018-08-14,Employees/Designated Employees,ESOP,Buy,Equity Shares,3134.0,0.0,0.0,0.0,0.0,240.0,0.0,3374.0,0.0
AUBANK,2018-08-28 19:17:00,2018-08-27,2018-08-14,2018-08-14,Employees/Designated Employees,ESOP,Buy,Equity Shares,3065.0,0.0,0.0,0.0,0.0,3174.0,0.0,6239.0,0.0
AUBANK,2018-08-28 19:17:00,2018-08-27,2018-08-14,2018-08-14,Employees/Designated Employees,ESOP,Buy,Equity Shares,3044.0,0.0,0.0,0.0,0.0,,0.0,3044.0,0.0
AUBANK,2018-08-28 19:17:00,2018-08-27,2018-08-14,2018-08-14,Employees/Designated Employees,ESOP,Buy,Equity Shares,3040.0,0.0,0.0,0.0,0.0,50.0,0.0,3090.0,0.0
AUBANK,2018-08-28 19:17:00,2018-08-27,2018-08-14,2018-08-14,Employees/Designated Employees,ESOP,Buy,Equity Shares,2905.0,0.0,0.0,0.0,0.0,400.0,0.0,3305.0,0.0
AUBANK,2018-08-28 19:17:00,2018-08-27,2018-08-14,2018-08-14,Employees/Designated Employees,ESOP,Buy,Equity Shares,2788.0,0.0,0.0,0.0,0.0,10887.0,0.0,13675.0,0.0
AUBANK,2018-08-28 19:17:00,2018-08-27,2018-08-14,2018-08-14,Employees/Designated Employees,ESOP,Buy,Equity Shares,2768.0,0.0,0.0,0.0,0.0,851.0,0.0,3619.0,0.0
AUBANK,2018-08-28 19:17:00,2018-08-27,2018-08-14,2018-08-14,Employees/Designated Employees,ESOP,Buy,Equity Shares,2592.0,0.0,0.0,0.0,0.0,2082.0,0.0,4674.0,0.0
AUBANK,2018-08-28 19:17:00,2018-08-27,2018-08-14,2018-08-14,Employees/Designated Employees,ESOP,Buy,Equity Shares,2518.0,0.0,0.0,0.0,0.0,1000.0,0.0,3518.0,0.0
AUBANK,2018-08-28 19:17:00,2018-08-27,2018-08-14,2018-08-14,Employees/Designated Employees,ESOP,Buy,Equity Shares,2493.0,0.0,0.0,0.0,0.0,2356.0,0.0,4849.0,0.0
AUBANK,2018-08-28 19:17:00,2018-08-27,2018-08-14,2018-08-14,Employees/Designated Employees,ESOP,Buy,Equity Shares,2360.0,0.0,0.0,0.0,0.0,2374.0,0.0,4734.0,0.0
AUBANK,2018-08-28 19:17:00,2018-08-27,2018-08-14,2018-08-14,Employees/Designated Employees,ESOP,Buy,Equity Shares,1938.0,0.0,0.0,0.0,0.0,,0.0,1938.0,0.0
AUBANK,2018-08-28 19:17:00,2018-08-27,2018-08-14,2018-08-14,Employees/Designated Employees,ESOP,Buy,Equity Shares,1894.0,0.0,0.0,0.0,0.0,10430.0,0.0,12324.0,0.0
AUBANK,2018-08-28 19:17:00,2018-08-27,2018-08-14,2018-08-14,Employees/Designated Employees,ESOP,Buy,Equity Shares,1874.0,0.0,0.0,0.0,0.0,638.0,0.0,2512.0,0.0
AUBANK,2018-08-28 19:17:00,2018-08-27,2018-08-14,2018-08-14,Employees/Designated Employees,ESOP,Buy,Equity Shares,2280.0,0.0,0.0,0.0,0.0,,0.0,2280.0,0.0
AUBANK,2018-08-28 19:17:00,2018-08-24,2018-08-14,2018-08-14,Employees/Designated Employees,ESOP,Buy,Equity Shares,2282.0,0.0,0.0,0.0,0.0,1931.0,0.0,4213.0,0.0
AUBANK,2018-08-28 19:17:00,2018-08-27,2018-08-14,2018-08-14,Employees/Designated Employees,ESOP,Buy,Equity Shares,4442.0,0.0,0.0,0.0,0.0,10.0,0.0,4452.0,0.0
AUBANK,2018-08-28 19:17:00,2018-08-28,2018-08-14,2018-08-14,Employees/Designated Employees,ESOP,Buy,Equity Shares,3557.0,0.0,0.0,0.0,0.0,2909.0,0.0,6466.0,0.0
AUBANK,2018-08-28 19:17:00,2018-08-28,2018-08-14,2018-08-14,Employees/Designated Employees,ESOP,Buy,Equity Shares,3096.0,0.0,0.0,0.0,0.0,11396.0,0.0,14492.0,0.0
AUBANK,2018-08-30 18:00:00,2018-08-29,2018-08-14,2018-08-14,Employees/Designated Employees,ESOP,Buy,Equity Shares,826.0,0.0,0.0,0.0,0.0,737.0,0.0,1563.0,0.0
AUBANK,2018-08-30 18:00:00,2018-08-29,2018-08-23,2018-08-23,Employees/Designated Employees,Off Market,Pledge,Equity Shares,826.0,0.0,0.0,0.0,0.0,1563.0,0.0,1563.0,0.0
AUBANK,2018-08-30 18:00:00,2018-08-30,2018-07-30,2018-07-30,Employees/Designated Employees,Market Sale,Pledge,Equity Shares,1850.0,0.0,0.0,0.0,0.0,1900.0,0.0,50.0,0.0
AUBANK,2018-08-30 18:00:00,2018-08-30,2018-08-23,2018-08-23,Employees/Designated Employees,Off Market,Pledge,Equity Shares,4442.0,0.0,0.0,0.0,0.0,4452.0,0.0,4452.0,0.0
AUBANK,2018-08-30 18:00:00,2018-08-30,2018-08-23,2018-08-23,Employees/Designated Employees,Off Market,Pledge,Equity Shares,4633.0,0.0,0.0,0.0,0.0,8845.0,0.0,4633.0,0.0
AUBANK,2018-08-30 18:00:00,2018-08-30,2018-08-23,2018-08-23,Employees/Designated Employees,Off Market,Pledge,Equity Shares,3420.0,0.0,0.0,0.0,0.0,5354.0,0.0,5354.0,0.0
AUBANK,2018-08-30 18:00:00,2018-08-30,2018-08-23,2018-08-23,Employees/Designated Employees,Off Market,Pledge,Equity Shares,2884.0,0.0,0.0,0.0,0.0,16503.0,0.0,16503.0,0.0
AUBANK,2018-08-30 18:00:00,2018-08-29,2018-08-27,2018-08-27,Employees/Designated Employees,Market Sale,Sell,Equity Shares,200.0,0.0,0.0,0.0,0.0,4100.0,0.0,3900.0,0.0
AUBANK,2018-08-30 18:00:00,2018-08-29,2018-08-27,2018-08-27,Employees/Designated Employees,Market Sale,Sell,Equity Shares,5000.0,0.0,0.0,0.0,0.0,55867.0,0.0,50867.0,0.0
AUBANK,2018-08-30 18:00:00,2018-08-29,2018-08-02,2018-08-02,Employees/Designated Employees,Market Sale,Sell,Equity Shares,2500.0,0.0,0.0,0.0,0.0,11123.0,0.0,8623.0,0.0
AUBANK,2018-08-30 18:00:00,2018-08-29,2018-08-14,2018-08-14,Employees/Designated Employees,ESOP,Buy,Equity Shares,6181.0,0.0,0.0,0.0,0.0,8623.0,0.0,14804.0,0.0
AUBANK,2018-08-30 18:00:00,2018-08-29,2018-08-23,2018-08-23,Employees/Designated Employees,Off Market,Pledge,Equity Shares,5117.0,0.0,0.0,0.0,0.0,5217.0,0.0,5217.0,0.0
AUBANK,2018-08-30 18:00:00,2018-08-29,2018-08-14,2018-08-14,Employees/Designated Employees,ESOP,Buy,Equity Shares,758.0,0.0,0.0,0.0,0.0,614.0,0.0,1372.0,0.0
AUBANK,2018-08-30 18:00:00,2018-08-29,2018-08-23,2018-08-23,Employees/Designated Employees,Off Market,Pledge,Equity Shares,758.0,0.0,0.0,0.0,0.0,1372.0,0.0,1372.0,0.0
AUBANK,2018-09-01 16:10:00,2018-08-31,2018-08-14,2018-08-14,Employees/Designated Employees,ESOP,Buy,Equity Shares,995.0,0.0,0.0,0.0,0.0,325.0,0.0,1320.0,0.0
AUBANK,2018-09-01 16:10:00,2018-08-31,2018-08-14,2018-08-14,Employees/Designated Employees,ESOP,Buy,Equity Shares,1024.0,0.0,0.0,0.0,0.0,634.0,0.0,1658.0,0.0
AUBANK,2018-09-01 16:10:00,2018-08-31,2018-08-14,2018-08-14,Employees/Designated Employees,ESOP,Buy,Equity Shares,1330.0,0.0,0.0,0.0,0.0,700.0,0.0,2030.0,0.0
AUBANK,2018-09-01 16:10:00,2018-08-31,2018-08-23,2018-08-23,Employees/Designated Employees,Off Market,Pledge,Equity Shares,1330.0,0.0,0.0,0.0,0.0,2030.0,0.0,2030.0,0.0
AUBANK,2018-09-01 16:10:00,2018-08-31,2018-08-14,2018-08-14,Employees/Designated Employees,ESOP,Buy,Equity Shares,1308.0,0.0,0.0,0.0,0.0,7.0,0.0,1315.0,0.0
AUBANK,2018-09-01 16:10:00,2018-08-31,2018-08-23,2018-08-23,Employees/Designated Employees,Off Market,Pledge,Equity Shares,1308.0,0.0,0.0,0.0,0.0,1315.0,0.0,1315.0,0.0
AUBANK,2018-09-01 16:10:00,2018-08-31,2018-08-14,2018-08-14,Employees/Designated Employees,ESOP,Buy,Equity Shares,1359.0,0.0,0.0,0.0,0.0,1044.0,0.0,2403.0,0.0
AUBANK,2018-09-01 16:10:00,2018-08-31,2018-08-23,2018-08-23,Employees/Designated Employees,Off Market,Pledge,Equity Shares,1359.0,0.0,0.0,0.0,0.0,2403.0,0.0,2403.0,0.0
AUBANK,2018-09-01 16:10:00,2018-08-31,2018-08-14,2018-08-14,Employees/Designated Employees,ESOP,Buy,Equity Shares,1276.0,0.0,0.0,0.0,0.0,652.0,0.0,1928.0,0.0
AUBANK,2018-09-01 16:10:00,2018-08-31,2018-08-23,2018-08-23,Employees/Designated Employees,Off Market,Pledge,Equity Shares,1276.0,0.0,0.0,0.0,0.0,1928.0,0.0,1928.0,0.0
AUBANK,2018-09-01 16:10:00,2018-08-31,2018-08-23,2018-08-23,Key Managerial Personnel,Off Market,Pledge,Equity Shares,6597.0,0.0,0.0,0.0,0.0,57817.0,0.01,57817.0,0.01
AUBANK,2018-09-01 16:10:00,2018-08-31,2018-08-23,2018-08-23,Employees/Designated Employees,Off Market,Pledge,Equity Shares,2400.0,0.0,0.0,0.0,0.0,2400.0,0.0,2400.0,0.0
AUBANK,2018-09-01 16:10:00,2018-08-31,2018-08-23,2018-08-23,Employees/Designated Employees,Off Market,Pledge,Equity Shares,10615.0,0.0,0.0,0.0,0.0,54217.0,0.01,54217.0,0.01
AUBANK,2018-09-01 16:10:00,2018-08-31,2018-08-23,2018-08-23,Employees/Designated Employees,Off Market,Pledge,Equity Shares,4037.0,0.0,0.0,0.0,0.0,14510.0,0.0,14510.0,0.0
AUBANK,2018-09-01 16:10:00,2018-08-31,2018-08-23,2018-08-23,Employees/Designated Employees,Off Market,Pledge,Equity Shares,1874.0,0.0,0.0,0.0,0.0,2512.0,0.0,2512.0,0.0
AUBANK,2018-09-01 16:10:00,2018-08-31,2018-08-23,2018-08-23,Employees/Designated Employees,Off Market,Pledge,Equity Shares,9518.0,0.0,0.0,0.0,0.0,39714.0,0.01,39714.0,0.01
AUBANK,2018-09-01 16:10:00,2018-08-31,2018-08-23,2018-08-23,Employees/Designated Employees,Off Market,Pledge,Equity Shares,3044.0,0.0,0.0,0.0,0.0,3044.0,0.0,3044.0,0.0
AUBANK,2018-09-01 16:10:00,2018-08-31,2018-08-23,2018-08-23,Employees/Designated Employees,Off Market,Pledge,Equity Shares,2280.0,0.0,0.0,0.0,0.0,2280.0,0.0,2280.0,0.0
AUBANK,2018-09-01 16:10:00,2018-08-31,2018-08-23,2018-08-23,Employees/Designated Employees,Off Market,Pledge,Equity Shares,3134.0,0.0,0.0,0.0,0.0,3374.0,0.0,3374.0,0.0
AUBANK,2018-09-01 16:10:00,2018-08-31,2018-08-23,2018-08-23,Employees/Designated Employees,Off Market,Pledge,Equity Shares,2905.0,0.0,0.0,0.0,0.0,3305.0,0.0,3305.0,0.0
AUBANK,2018-09-01 16:10:00,2018-08-31,2018-08-23,2018-08-23,Employees/Designated Employees,Off Market,Pledge,Equity Shares,2912.0,0.0,0.0,0.0,0.0,5039.0,0.0,5039.0,0.0
AUBANK,2018-09-01 16:10:00,2018-08-31,2018-08-23,2018-08-23,Employees/Designated Employees,Off Market,Pledge,Equity Shares,3031.0,0.0,0.0,0.0,0.0,4039.0,0.0,4039.0,0.0
AUBANK,2018-09-01 16:10:00,2018-08-31,2018-08-23,2018-08-23,Employees/Designated Employees,Off Market,Pledge,Equity Shares,6154.0,0.0,0.0,0.0,0.0,19986.0,0.0,19986.0,0.0
AUBANK,2018-09-01 16:10:00,2018-08-31,2018-08-14,2018-08-14,Employees/Designated Employees,ESOP,Buy,Equity Shares,2632.0,0.0,0.0,0.0,0.0,2328.0,0.0,4960.0,0.0
AUBANK,2018-09-01 16:10:00,2018-08-31,2018-08-29,2018-08-29,Employees/Designated Employees,Market Sale,Sell,Equity Shares,4000.0,0.0,0.0,0.0,0.0,34373.0,0.01,30373.0,0.01
AUBANK,2018-09-01 16:10:00,2018-09-01,2018-08-14,2018-08-14,Employees/Designated Employees,ESOP,Buy,Equity Shares,1024.0,0.0,0.0,0.0,0.0,886.0,0.0,1910.0,0.0
AUBANK,2018-09-01 16:10:00,2018-09-01,2018-08-23,2018-08-23,Employees/Designated Employees,Off Market,Pledge,Equity Shares,1024.0,0.0,0.0,0.0,0.0,1910.0,0.0,1910.0,0.0
AUBANK,2018-09-01 16:10:00,2018-09-01,2018-07-08,2018-07-08,Employees/Designated Employees,Market Sale,Sell,Equity Shares,1550.0,0.0,0.0,0.0,0.0,19613.0,0.0,18063.0,0.0
AUBANK,2018-09-01 16:10:00,2018-08-31,2018-08-23,2018-08-23,Employees/Designated Employees,Off Market,Pledge,Equity Shares,1024.0,0.0,0.0,0.0,0.0,1024.0,0.0,1024.0,0.0
AUBANK,2018-09-01 16:10:00,2018-08-31,2018-08-14,2018-08-14,Employees/Designated Employees,ESOP,Buy,Equity Shares,1024.0,0.0,0.0,0.0,0.0,,0.0,1024.0,0.0
AUBANK,2018-09-01 16:10:00,2018-08-31,2018-08-23,2018-08-23,Employees/Designated Employees,Off Market,Pledge,Equity Shares,1512.0,0.0,0.0,0.0,0.0,2533.0,0.0,2533.0,0.0
AUBANK,2018-09-01 16:10:00,2018-08-31,2018-08-14,2018-08-14,Employees/Designated Employees,ESOP,Buy,Equity Shares,1512.0,0.0,0.0,0.0,0.0,1021.0,0.0,2533.0,0.0
AUBANK,2018-09-01 16:10:00,2018-08-31,2018-08-23,2018-08-23,Employees/Designated Employees,Off Market,Pledge,Equity Shares,1024.0,0.0,0.0,0.0,0.0,1511.0,0.0,1511.0,0.0
AUBANK,2018-09-01 16:10:00,2018-08-31,2018-08-14,2018-08-14,Employees/Designated Employees,ESOP,Buy,Equity Shares,1024.0,0.0,0.0,0.0,0.0,487.0,0.0,1511.0,0.0
AUBANK,2018-09-01 16:10:00,2018-08-31,2018-08-23,2018-08-23,Employees/Designated Employees,Off Market,Pledge,Equity Shares,1316.0,0.0,0.0,0.0,0.0,1316.0,0.0,1316.0,0.0
AUBANK,2018-09-01 16:10:00,2018-08-31,2018-08-14,2018-08-14,Employees/Designated Employees,ESOP,Buy,Equity Shares,1316.0,0.0,0.0,0.0,0.0,,0.0,1316.0,0.0
AUBANK,2018-09-01 16:10:00,2018-08-31,2018-08-23,2018-08-23,Employees/Designated Employees,Off Market,Pledge,Equity Shares,1024.0,0.0,0.0,0.0,0.0,1658.0,0.0,1658.0,0.0
AUBANK,2018-09-01 16:10:00,2018-08-31,2018-08-23,2018-08-23,Employees/Designated Employees,Off Market,Pledge,Equity Shares,817.0,0.0,0.0,0.0,0.0,817.0,0.0,817.0,0.0
AUBANK,2018-09-01 16:10:00,2018-08-31,2018-08-14,2018-08-14,Employees/Designated Employees,ESOP,Buy,Equity Shares,817.0,0.0,0.0,0.0,0.0,,0.0,817.0,0.0
AUBANK,2018-09-01 16:10:00,2018-08-31,2018-08-23,2018-08-23,Employees/Designated Employees,Off Market,Pledge,Equity Shares,995.0,0.0,0.0,0.0,0.0,1320.0,0.0,1320.0,0.0
AUBANK,2018-09-04 19:54:00,2018-09-04,2018-08-23,2018-08-23,Employees/Designated Employees,Off Market,Pledge,Equity Shares,6433.0,0.0,0.0,0.0,0.0,12458.0,0.0,12458.0,0.0
AUBANK,2018-09-04 19:54:00,2018-09-04,2018-08-14,2018-08-14,Employees/Designated Employees,ESOP,Buy,Equity Shares,848.0,0.0,0.0,0.0,0.0,796.0,0.0,1644.0,0.0
AUBANK,2018-09-04 19:54:00,2018-09-04,2018-08-14,2018-08-14,Employees/Designated Employees,ESOP,Buy,Equity Shares,1389.0,0.0,0.0,0.0,0.0,,0.0,1389.0,0.0
AUBANK,2018-09-04 19:54:00,2018-09-04,2018-08-23,2018-08-23,Employees/Designated Employees,Off Market,Pledge,Equity Shares,770.0,0.0,0.0,0.0,0.0,770.0,0.0,770.0,0.0
AUBANK,2018-09-04 19:54:00,2018-09-04,2018-08-23,2018-08-23,Employees/Designated Employees,Off Market,Pledge,Equity Shares,1389.0,0.0,0.0,0.0,0.0,1389.0,0.0,1389.0,0.0
AUBANK,2018-09-04 19:54:00,2018-09-04,2018-08-23,2018-08-23,Employees/Designated Employees,Off Market,Pledge,Equity Shares,848.0,0.0,0.0,0.0,0.0,1644.0,0.0,1644.0,0.0
AUBANK,2018-09-04 19:54:00,2018-09-04,2018-08-14,2018-08-14,Employees/Designated Employees,ESOP,Buy,Equity Shares,1479.0,0.0,0.0,0.0,0.0,1177.0,0.0,2656.0,0.0
AUBANK,2018-09-04 19:54:00,2018-09-04,2018-08-23,2018-08-23,Employees/Designated Employees,Off Market,Pledge,Equity Shares,1479.0,0.0,0.0,0.0,0.0,2656.0,0.0,2656.0,0.0
AUBANK,2018-09-04 19:54:00,2018-09-04,2018-08-23,2018-08-23,Employees/Designated Employees,Off Market,Pledge,Equity Shares,2052.0,0.0,0.0,0.0,0.0,2420.0,0.0,2420.0,0.0
AUBANK,2018-09-04 19:54:00,2018-09-04,2018-08-14,2018-08-14,Employees/Designated Employees,ESOP,Buy,Equity Shares,1420.0,0.0,0.0,0.0,0.0,806.0,0.0,2226.0,0.0
AUBANK,2018-09-04 19:54:00,2018-09-04,2018-08-23,2018-08-23,Employees/Designated Employees,Off Market,Pledge,Equity Shares,1420.0,0.0,0.0,0.0,0.0,2226.0,0.0,2226.0,0.0
AUBANK,2018-09-04 19:54:00,2018-09-04,2018-08-23,2018-08-23,Employees/Designated Employees,Off Market,Pledge,Equity Shares,5321.0,0.0,0.0,0.0,0.0,22719.0,0.0,22719.0,0.0
AUBANK,2018-09-04 19:54:00,2018-09-04,2018-08-14,2018-08-14,Employees/Designated Employees,ESOP,Buy,Equity Shares,6971.0,0.0,0.0,0.0,0.0,5645.0,0.0,12616.0,0.0
AUBANK,2018-09-04 19:54:00,2018-09-04,2018-08-23,2018-08-23,Employees/Designated Employees,ESOP,Pledge,Equity Shares,3096.0,0.0,0.0,0.0,0.0,14492.0,0.0,14492.0,0.0
AUBANK,2018-09-04 19:54:00,2018-09-04,2018-08-14,2018-08-14,Employees/Designated Employees,ESOP,Buy,Equity Shares,770.0,0.0,0.0,0.0,0.0,,0.0,770.0,0.0
AUBANK,2018-09-04 19:54:00,2018-09-04,2018-08-23,2018-08-23,Employees/Designated Employees,Off Market,Pledge,Equity Shares,13946.0,0.0,0.0,0.0,0.0,32463.0,0.01,32463.0,0.01
AUBANK,2018-09-06 19:35:00,2018-09-05,2018-08-23,2018-08-23,Employees/Designated Employees,Off Market,Pledge,Equity Shares,4144.0,0.0,0.0,0.0,0.0,7844.0,0.0,7844.0,0.0
AUBANK,2018-09-06 19:35:00,2018-09-06,2018-08-23,2018-08-23,Employees/Designated Employees,Off Market,Pledge,Equity Shares,2592.0,0.0,0.0,0.0,0.0,4674.0,0.0,4674.0,0.0
AUBANK,2018-09-06 19:35:00,2018-09-06,2018-08-23,2018-08-23,Employees/Designated Employees,Off Market,Pledge,Equity Shares,3812.0,0.0,0.0,0.0,0.0,6007.0,0.0,6007.0,0.0
AUBANK,2018-09-06 19:35:00,2018-09-05,2018-08-23,2018-08-23,Employees/Designated Employees,Off Market,Pledge,Equity Shares,34762.0,0.0,0.0,0.0,0.0,103416.0,0.03,103416.0,0.03
AUBANK,2018-09-06 19:35:00,2018-09-05,2018-08-14,2018-08-14,Employees/Designated Employees,ESOP,Buy,Equity Shares,34762.0,0.0,0.0,0.0,0.0,68654.0,0.02,103416.0,0.03
AUBANK,2018-09-06 19:35:00,2018-09-05,2018-08-14,2018-08-14,Employees/Designated Employees,ESOP,Buy,Equity Shares,1303.0,0.0,0.0,0.0,0.0,1183.0,0.0,2486.0,0.0
AUBANK,2018-09-06 19:35:00,2018-09-05,2018-08-23,2018-08-23,Employees/Designated Employees,Off Market,Pledge,Equity Shares,1303.0,0.0,0.0,0.0,0.0,2486.0,0.0,2486.0,0.0
AUBANK,2018-09-07 16:22:00,2018-09-06,2018-08-02,2018-08-02,Promoter Group,Market Sale,Sell,Equity Shares,3000.0,0.0,0.0,0.0,0.0,28768.0,0.01,25768.0,0.0
AUBANK,2018-09-07 16:22:00,2018-09-06,2018-08-01,2018-08-01,Promoter Group,Market Sale,Sell,Equity Shares,3000.0,0.0,0.0,0.0,0.0,18814.0,0.01,15814.0,0.0
AUBANK,2018-09-07 16:22:00,2018-09-06,2018-07-31,2018-07-31,Promoter Group,Market Sale,Sell,Equity Shares,4043.0,0.0,0.0,0.0,0.0,22857.0,0.01,18814.0,0.0
AUBANK,2018-09-07 16:22:00,2018-09-06,2018-07-30,2018-07-30,Promoter Group,Market Sale,Sell,Equity Shares,5460.0,0.0,0.0,0.0,0.0,28317.0,0.01,22857.0,0.0
AUBANK,2018-09-07 16:22:00,2018-09-06,2018-08-02,2018-08-02,Promoter Group,Market Sale,Sell,Equity Shares,2000.0,0.0,0.0,0.0,0.0,15814.0,0.01,13814.0,0.0
AUBANK,2018-09-07 16:22:00,2018-09-06,2018-08-10,2018-08-10,Promoter Group,Market Sale,Sell,Equity Shares,1000.0,0.0,0.0,0.0,0.0,27167.0,0.01,26167.0,0.0
AUBANK,2018-09-07 16:22:00,2018-09-06,2018-08-10,2018-08-10,Promoter Group,Market Sale,Sell,Equity Shares,500.0,0.0,0.0,0.0,0.0,13814.0,0.0,13314.0,0.0
AUBANK,2018-09-07 16:22:00,2018-09-06,2018-08-03,2018-08-03,Promoter Group,Market Sale,Sell,Equity Shares,600.0,0.0,0.0,0.0,0.0,27767.0,0.01,27167.0,0.0
AUBANK,2018-09-07 16:22:00,2018-09-06,2018-08-02,2018-08-02,Promoter Group,Market Sale,Sell,Equity Shares,1000.0,0.0,0.0,0.0,0.0,28767.0,0.01,27767.0,0.0
AUBANK,2018-09-07 16:22:00,2018-09-06,2018-07-27,2018-07-27,Promoter Group,Market Sale,Sell,Equity Shares,500.0,0.0,0.0,0.0,0.0,28817.0,0.01,28317.0,0.0
AUBANK,2018-09-13 19:50:00,2018-09-13,2018-09-06,2018-09-06,Key Managerial Personnel,Off Market,Pledge,Equity Shares,1164054.0,0.0,0.0,0.0,0.0,1976596.0,0.68,1976596.0,0.68
AUBANK,2018-09-13 19:50:00,2018-09-13,2018-09-07,2018-09-07,Key Managerial Personnel,Off Market,Pledge,Equity Shares,175000.0,0.0,0.0,0.0,0.0,913623.0,0.31,913623.0,0.31
AUBANK,2018-09-13 19:50:00,2018-09-13,2018-09-06,2018-09-06,Promoters,Off Market,Pledge,Equity Shares,4500000.0,0.0,0.0,0.0,0.0,6829321.0,2.35,6829321.0,2.35
AUBANK,2018-09-15 18:59:00,2018-09-15,2018-08-14,2018-08-14,Employees/Designated Employees,ESOP,Buy,Equity Shares,12713.0,0.0,0.0,0.0,0.0,46809.0,0.01,59522.0,0.02
AUBANK,2018-09-17 19:38:00,2018-09-17,2018-08-23,2018-08-29,Employees/Designated Employees,Market Sale,Sell,Equity Shares,2100.0,0.0,0.0,0.0,0.0,3619.0,0.0,1519.0,0.0
AUBANK,2018-09-24 20:01:00,2018-09-20,2018-09-18,2018-09-18,Immediate relative,Market Sale,Sell,Equity Shares,450000.0,0.0,0.0,0.0,0.0,1164288.0,0.4,714288.0,0.25
AUBANK,2018-09-24 20:05:00,2018-09-20,2018-09-18,2018-09-18,Director,Market Purchase,Buy,Equity Shares,450000.0,0.0,0.0,0.0,0.0,1976596.0,0.68,2426596.0,0.84
AUBANK,2018-09-24 20:12:00,2018-09-20,2018-08-24,2018-08-30,Employees/Designated Employees,Market Sale,Sell,Equity Shares,1500.0,0.0,0.0,0.0,0.0,2082.0,0.0,582.0,0.0
AUBANK,2018-09-24 20:12:00,2018-09-20,2018-08-23,2018-08-23,Employees/Designated Employees,ESOP,Buy,Equity Shares,1373.0,0.0,0.0,0.0,0.0,2044.0,0.0,3417.0,0.0
AUBANK,2018-09-24 20:12:00,2018-09-20,2018-08-28,2018-08-28,Employees/Designated Employees,Market Sale,Sell,Equity Shares,2000.0,0.0,0.0,0.0,0.0,10342.0,0.0,8342.0,0.0
AUBANK,2018-09-24 20:12:00,2018-09-20,2018-08-27,2018-08-27,Employees/Designated Employees,Market Sale,Sell,Equity Shares,2800.0,0.0,0.0,0.0,0.0,4898.0,0.0,2098.0,0.0
AUBANK,2018-09-24 20:12:00,2018-09-20,2018-08-29,2018-08-29,Employees/Designated Employees,Off Market,Pledge,Equity Shares,2000.0,0.0,0.0,0.0,0.0,12360.0,0.0,12360.0,0.0
AUBANK,2018-09-24 20:12:00,2018-09-20,2018-08-23,2018-08-30,Employees/Designated Employees,Market Sale,Sell,Equity Shares,2627.0,0.0,0.0,0.0,0.0,4518.0,0.0,1891.0,0.0
AUBANK,2018-09-24 20:17:00,2018-09-20,2018-08-30,2018-08-30,Other,Market Sale,Sell,Equity Shares,150.0,0.0,0.0,0.0,0.0,8274.0,0.0,8124.0,0.0
AUBANK,2018-09-24 20:17:00,2018-09-20,2018-08-27,2018-08-27,Other,Market Sale,Sell,Equity Shares,150.0,0.0,0.0,0.0,0.0,8424.0,0.0,8274.0,0.0
AUBANK,2018-09-24 20:17:00,2018-09-20,2018-08-23,2018-08-23,Other,Market Sale,Sell,Equity Shares,150.0,0.0,0.0,0.0,0.0,8574.0,0.0,8424.0,0.0
AUBANK,2018-09-25 18:54:00,2018-09-25,2018-08-30,2018-08-30,Employees/Designated Employees,Market Sale,Sell,Equity Shares,1431.0,0.0,0.0,0.0,0.0,1431.0,0.0,,0.0
AUBANK,2018-09-25 18:54:00,2018-09-25,2018-08-27,2018-08-27,Employees/Designated Employees,Market Sale,Sell,Equity Shares,2100.0,0.0,0.0,0.0,0.0,5217.0,0.0,3117.0,0.0
AUBANK,2018-09-28 19:11:00,2018-09-26,2018-09-24,2018-09-24,Other,Revokation of Pledge,Pledge Revoke,Equity Shares,714288.0,0.0,0.0,0.0,0.0,714288.0,0.25,714288.0,0.25
AUBANK,2018-09-28 19:11:00,2018-09-26,2018-09-24,2018-09-24,Other,Revokation of Pledge,Pledge Revoke,Equity Shares,1428576.0,0.0,0.0,0.0,0.0,2238576.0,0.77,2238576.0,0.77
AUBANK,2018-10-06 17:45:00,2018-10-05,2018-09-27,2018-09-27,Employees/Designated Employees,ESOP,Buy,Equity Shares,3697.0,0.0,0.0,0.0,0.0,32463.0,0.01,36160.0,0.01
AUBANK,2018-10-06 17:45:00,2018-10-05,2018-09-27,2018-09-27,Employees/Designated Employees,ESOP,Buy,Equity Shares,1912.0,0.0,0.0,0.0,0.0,1461.0,0.01,3373.0,0.0
AUBANK,2018-10-06 17:45:00,2018-10-05,2018-09-27,2018-09-27,Employees/Designated Employees,ESOP,Buy,Equity Shares,3587.0,0.0,0.0,0.0,0.0,50867.0,0.02,54454.0,0.02
AUBANK,2018-10-06 17:45:00,2018-10-05,2018-09-27,2018-09-27,Employees/Designated Employees,ESOP,Buy,Equity Shares,1926.0,0.0,0.0,0.0,0.0,14054.0,0.0,15980.0,0.0
AUBANK,2018-10-06 17:45:00,2018-10-05,2018-09-27,2018-09-27,Employees/Designated Employees,ESOP,Buy,Equity Shares,1389.0,0.0,0.0,0.0,0.0,227.0,0.0,1616.0,0.0
AUBANK,2018-10-06 17:45:00,2018-10-05,2018-09-27,2018-09-27,Employees/Designated Employees,ESOP,Buy,Equity Shares,1692.0,0.0,0.0,0.0,0.0,3417.0,0.0,5109.0,0.0
AUBANK,2018-10-06 17:45:00,2018-10-05,2018-09-27,2018-09-27,Employees/Designated Employees,ESOP,Buy,Equity Shares,2475.0,0.0,0.0,0.0,0.0,30373.0,0.01,32848.0,0.01
AUBANK,2018-10-06 17:45:00,2018-10-05,2018-09-27,2018-09-27,Employees/Designated Employees,ESOP,Buy,Equity Shares,1789.0,0.0,0.0,0.0,0.0,1193.0,0.0,2982.0,0.0
AUBANK,2018-10-06 17:45:00,2018-10-05,2018-09-27,2018-09-27,Employees/Designated Employees,ESOP,Buy,Equity Shares,4895.0,0.0,0.0,0.0,0.0,6218.0,0.0,11113.0,0.0
AUBANK,2018-10-06 17:45:00,2018-10-05,2018-09-27,2018-09-27,Employees/Designated Employees,ESOP,Buy,Equity Shares,9000.0,0.0,0.0,0.0,0.0,3900.0,0.0,12900.0,0.0
AUBANK,2018-10-06 17:45:00,2018-10-05,2018-09-27,2018-09-27,Employees/Designated Employees,ESOP,Buy,Equity Shares,4311.0,0.0,0.0,0.0,0.0,2874.0,0.0,7185.0,0.0
AUBANK,2018-10-06 17:45:00,2018-10-05,2018-09-27,2018-09-27,Employees/Designated Employees,ESOP,Buy,Equity Shares,1692.0,0.0,0.0,0.0,0.0,3417.0,0.0,5109.0,0.0
AUBANK,2018-10-06 17:45:00,2018-10-05,2018-09-27,2018-09-27,Employees/Designated Employees,ESOP,Buy,Equity Shares,3737.0,0.0,0.0,0.0,0.0,2208.0,0.0,5945.0,0.0
AUBANK,2018-10-06 17:45:00,2018-10-05,2018-09-27,2018-09-27,Employees/Designated Employees,ESOP,Buy,Equity Shares,1537.0,0.0,0.0,0.0,0.0,12808.0,0.0,14345.0,0.0
AUBANK,2018-10-06 17:45:00,2018-10-05,2018-09-27,2018-09-27,Employees/Designated Employees,ESOP,Buy,Equity Shares,6370.0,0.0,0.0,0.0,0.0,103416.0,0.04,109786.0,0.04
AUBANK,2018-10-06 17:45:00,2018-10-05,2018-09-27,2018-09-27,Employees/Designated Employees,ESOP,Buy,Equity Shares,1654.0,0.0,0.0,0.0,0.0,,0.0,1654.0,0.0
AUBANK,2018-10-06 17:45:00,2018-10-05,2018-09-27,2018-09-27,Employees/Designated Employees,ESOP,Buy,Equity Shares,8723.0,0.0,0.0,0.0,0.0,6006.0,0.0,14729.0,0.0
AUBANK,2018-10-06 17:45:00,2018-10-05,2018-09-27,2018-09-27,Employees/Designated Employees,ESOP,Buy,Equity Shares,1749.0,0.0,0.0,0.0,0.0,1167.0,0.0,2916.0,0.0
AUBANK,2018-10-06 17:45:00,2018-10-05,2018-09-27,2018-09-27,Employees/Designated Employees,ESOP,Buy,Equity Shares,1889.0,0.0,0.0,0.0,0.0,6.0,0.0,1895.0,0.0
AUBANK,2018-10-06 17:45:00,2018-10-05,2018-09-27,2018-09-27,Employees/Designated Employees,ESOP,Buy,Equity Shares,2342.0,0.0,0.0,0.0,0.0,,0.0,2342.0,0.0
AUBANK,2018-10-06 17:45:00,2018-10-05,2018-09-27,2018-09-27,Employees/Designated Employees,ESOP,Buy,Equity Shares,1942.0,0.0,0.0,0.0,0.0,1595.0,0.0,3537.0,0.0
AUBANK,2018-10-06 17:45:00,2018-10-05,2018-09-27,2018-09-27,Employees/Designated Employees,ESOP,Buy,Equity Shares,1715.0,0.0,0.0,0.0,0.0,1298.0,0.0,3013.0,0.0
AUBANK,2018-10-06 17:45:00,2018-10-05,2018-09-27,2018-09-27,Employees/Designated Employees,ESOP,Buy,Equity Shares,4203.0,0.0,0.0,0.0,0.0,4704.0,0.0,8907.0,0.0
AUBANK,2018-10-06 17:45:00,2018-10-05,2018-09-27,2018-09-27,Employees/Designated Employees,ESOP,Buy,Equity Shares,1658.0,0.0,0.0,0.0,0.0,,0.0,1658.0,0.0
AUBANK,2018-10-06 17:45:00,2018-10-05,2018-09-27,2018-09-27,Employees/Designated Employees,ESOP,Buy,Equity Shares,4320.0,0.0,0.0,0.0,0.0,9971.0,0.01,14291.0,0.01
AUBANK,2018-10-06 17:45:00,2018-10-05,2018-09-27,2018-09-27,Employees/Designated Employees,ESOP,Buy,Equity Shares,1696.0,0.0,0.0,0.0,0.0,4928.0,0.0,6624.0,0.0
AUBANK,2018-10-06 17:45:00,2018-10-05,2018-09-27,2018-09-27,Employees/Designated Employees,ESOP,Buy,Equity Shares,1764.0,0.0,0.0,0.0,0.0,1327.0,0.0,3091.0,0.0
AUBANK,2018-10-06 17:45:00,2018-10-05,2018-09-27,2018-09-27,Employees/Designated Employees,ESOP,Buy,Equity Shares,2862.0,0.0,0.0,0.0,0.0,224.0,0.0,3086.0,0.0
AUBANK,2018-10-06 17:45:00,2018-10-05,2018-09-27,2018-09-27,Employees/Designated Employees,ESOP,Buy,Equity Shares,1645.0,0.0,0.0,0.0,0.0,,0.0,1645.0,0.0
AUBANK,2018-10-06 17:45:00,2018-10-05,2018-09-27,2018-09-27,Employees/Designated Employees,ESOP,Buy,Equity Shares,3595.0,0.0,0.0,0.0,0.0,2721.0,0.0,6316.0,0.0
AUBANK,2018-10-06 17:45:00,2018-10-05,2018-09-27,2018-09-27,Employees/Designated Employees,ESOP,Buy,Equity Shares,1720.0,0.0,0.0,0.0,0.0,548.0,0.0,2268.0,0.0
AUBANK,2018-10-06 17:45:00,2018-10-05,2018-09-27,2018-09-27,Employees/Designated Employees,ESOP,Buy,Equity Shares,1118077.0,0.0,0.0,0.0,0.0,2426596.0,0.83,3544673.0,1.21
AUBANK,2018-10-06 17:45:00,2018-10-05,2018-09-27,2018-09-27,Employees/Designated Employees,ESOP,Buy,Equity Shares,152869.0,0.0,0.0,0.0,0.0,913623.0,0.31,1066492.0,0.37
AUBANK,2018-10-06 17:45:00,2018-10-05,2018-09-27,2018-09-27,Employees/Designated Employees,ESOP,Buy,Equity Shares,3413.0,0.0,0.0,0.0,0.0,13675.0,0.0,17088.0,0.0
AUBANK,2018-10-06 17:45:00,2018-10-05,2018-09-27,2018-09-27,Employees/Designated Employees,ESOP,Buy,Equity Shares,3216.0,0.0,0.0,0.0,0.0,2145.0,0.0,5361.0,0.0
AUBANK,2018-10-06 17:45:00,2018-10-05,2018-09-27,2018-09-27,Employees/Designated Employees,ESOP,Buy,Equity Shares,1928.0,0.0,0.0,0.0,0.0,6269.0,0.0,8197.0,0.0
AUBANK,2018-10-06 17:45:00,2018-10-05,2018-09-27,2018-09-27,Employees/Designated Employees,ESOP,Buy,Equity Shares,2104.0,0.0,0.0,0.0,0.0,7956.0,0.0,10060.0,0.0
AUBANK,2018-10-06 17:45:00,2018-10-05,2018-09-27,2018-09-27,Employees/Designated Employees,ESOP,Buy,Equity Shares,2101.0,0.0,0.0,0.0,0.0,1500.0,0.0,3601.0,0.0
AUBANK,2018-10-06 17:45:00,2018-10-05,2018-09-27,2018-09-27,Employees/Designated Employees,ESOP,Buy,Equity Shares,18000.0,0.0,0.0,0.0,0.0,80302.0,0.03,98302.0,0.03
AUBANK,2018-10-06 17:45:00,2018-10-05,2018-09-27,2018-09-27,Employees/Designated Employees,ESOP,Buy,Equity Shares,1852.0,0.0,0.0,0.0,0.0,33452.0,0.01,35304.0,0.01
AUBANK,2018-10-11 19:04:00,2018-10-11,2018-09-27,2018-09-27,Employees/Designated Employees,ESOP,Buy,Equity Shares,1989.0,0.0,0.0,0.0,0.0,236.0,0.0,2225.0,0.0
AUBANK,2018-10-11 19:04:00,2018-10-11,2018-09-27,2018-09-27,Employees/Designated Employees,ESOP,Buy,Equity Shares,32416.0,0.0,0.0,0.0,0.0,1383709.0,0.47,1416125.0,0.48
AUBANK,2018-10-18 18:00:00,2018-10-18,2018-10-04,2018-10-04,Employees/Designated Employees,Off Market,Pledge,Equity Shares,3216.0,0.0,0.0,0.0,0.0,5361.0,0.0,5361.0,0.0
AUBANK,2018-10-18 18:00:00,2018-10-18,2018-10-04,2018-10-04,Employees/Designated Employees,Off Market,Pledge,Equity Shares,18000.0,0.0,0.0,0.0,0.0,98302.0,0.03,98302.0,0.03
AUBANK,2018-10-18 18:00:00,2018-10-18,2018-10-04,2018-10-04,Employees/Designated Employees,Off Market,Pledge,Equity Shares,6370.0,0.0,0.0,0.0,0.0,109786.0,0.04,109786.0,0.04
AUBANK,2018-10-18 18:00:00,2018-10-18,2018-10-04,2018-10-04,Employees/Designated Employees,Off Market,Pledge,Equity Shares,1789.0,0.0,0.0,0.0,0.0,2982.0,0.0,2982.0,0.0
AUBANK,2018-10-18 18:00:00,2018-10-18,2018-10-04,2018-10-04,Employees/Designated Employees,Off Market,Pledge,Equity Shares,2101.0,0.0,0.0,0.0,0.0,3601.0,0.0,3601.0,0.0
AUBANK,2018-10-18 18:00:00,2018-10-18,2018-10-04,2018-10-04,Employees/Designated Employees,Off Market,Pledge,Equity Shares,2342.0,0.0,0.0,0.0,0.0,2342.0,0.0,2342.0,0.0
AUBANK,2018-10-23 19:39:00,2018-10-22,2018-10-22,2018-10-22,Director,Off Market,Pledge,Equity Shares,500000.0,0.0,0.0,0.0,0.0,3544673.0,1.21,3544673.0,1.21
AUBANK,2018-10-23 19:39:00,2018-10-22,2018-10-22,2018-10-22,Promoters,Off Market,Pledge,Equity Shares,1678274.0,0.0,0.0,0.0,0.0,6829321.0,2.34,6829321.0,2.34
AUBANK,2018-10-24 19:02:00,2018-10-24,2018-09-27,2018-09-27,Employees/Designated Employees,ESOP,Buy,Equity Shares,657.0,0.0,0.0,0.0,0.0,35242.0,0.01,35899.0,0.01
AUBANK,2018-10-24 19:02:00,2018-10-24,2018-09-27,2018-09-27,Employees/Designated Employees,ESOP,Buy,Equity Shares,301.0,0.0,0.0,0.0,0.0,2788.0,0.0,3089.0,0.0
AUBANK,2018-10-24 19:02:00,2018-10-24,2018-09-27,2018-09-27,Employees/Designated Employees,ESOP,Buy,Equity Shares,515.0,0.0,0.0,0.0,0.0,7244.0,0.0,7759.0,0.0
AUBANK,2018-10-24 19:02:00,2018-10-24,2018-09-27,2018-09-27,Employees/Designated Employees,ESOP,Buy,Equity Shares,788.0,0.0,0.0,0.0,0.0,29100.0,0.0,29888.0,0.0
AUBANK,2018-10-24 19:02:00,2018-10-24,2018-09-27,2018-09-27,Employees/Designated Employees,ESOP,Buy,Equity Shares,659.0,0.0,0.0,0.0,0.0,2413.0,0.0,3072.0,0.0
AUBANK,2018-10-24 19:02:00,2018-10-24,2018-09-27,2018-09-27,Employees/Designated Employees,ESOP,Buy,Equity Shares,531.0,0.0,0.0,0.0,0.0,2000.0,0.0,2531.0,0.0
AUBANK,2018-10-24 19:02:00,2018-10-24,2018-09-27,2018-09-27,Employees/Designated Employees,ESOP,Buy,Equity Shares,758.0,0.0,0.0,0.0,0.0,1519.0,0.0,2277.0,0.0
AUBANK,2018-10-24 19:02:00,2018-10-24,2018-09-27,2018-09-27,Employees/Designated Employees,ESOP,Buy,Equity Shares,275.0,0.0,0.0,0.0,0.0,1891.0,0.0,2166.0,0.0
AUBANK,2018-10-24 19:02:00,2018-10-24,2018-09-27,2018-09-27,Employees/Designated Employees,ESOP,Buy,Equity Shares,272.0,0.0,0.0,0.0,0.0,9271.0,0.0,9543.0,0.0
AUBANK,2018-10-24 19:02:00,2018-10-24,2018-09-27,2018-09-27,Employees/Designated Employees,ESOP,Buy,Equity Shares,1156.0,0.0,0.0,0.0,0.0,2445.0,0.0,3601.0,0.0
AUBANK,2018-10-24 19:02:00,2018-10-24,2018-09-27,2018-09-27,Employees/Designated Employees,ESOP,Buy,Equity Shares,319.0,0.0,0.0,0.0,0.0,3044.0,0.0,3363.0,0.0
AUBANK,2018-10-24 19:02:00,2018-10-24,2018-09-27,2018-09-27,Employees/Designated Employees,ESOP,Buy,Equity Shares,722.0,0.0,0.0,0.0,0.0,2889.0,0.0,3611.0,0.0
AUBANK,2018-10-24 19:02:00,2018-10-24,2018-09-27,2018-09-27,Employees/Designated Employees,ESOP,Buy,Equity Shares,781.0,0.0,0.0,0.0,0.0,16503.0,0.0,17284.0,0.0
AUBANK,2018-10-24 19:02:00,2018-10-24,2018-09-27,2018-09-27,Employees/Designated Employees,ESOP,Buy,Equity Shares,585.0,0.0,0.0,0.0,0.0,2656.0,0.0,3241.0,0.0
AUBANK,2018-10-24 19:02:00,2018-10-24,2018-09-27,2018-09-27,Employees/Designated Employees,ESOP,Buy,Equity Shares,265.0,0.0,0.0,0.0,0.0,1901.0,0.0,2166.0,0.0
AUBANK,2018-10-24 19:02:00,2018-10-24,2018-09-27,2018-09-27,Employees/Designated Employees,ESOP,Buy,Equity Shares,805.0,0.0,0.0,0.0,0.0,3490.0,0.0,4295.0,0.0
AUBANK,2018-10-24 19:02:00,2018-10-24,2018-09-27,2018-09-27,Employees/Designated Employees,ESOP,Buy,Equity Shares,612.0,0.0,0.0,0.0,0.0,5500.0,0.0,6112.0,0.0
AUBANK,2018-10-24 19:02:00,2018-10-24,2018-09-27,2018-09-27,Employees/Designated Employees,ESOP,Buy,Equity Shares,203.0,0.0,0.0,0.0,0.0,9999.0,0.0,10202.0,0.0
AUBANK,2018-10-24 19:02:00,2018-10-24,2018-09-27,2018-09-27,Employees/Designated Employees,ESOP,Buy,Equity Shares,806.0,0.0,0.0,0.0,0.0,2909.0,0.0,3715.0,0.0
AUBANK,2018-10-24 19:02:00,2018-10-24,2018-09-27,2018-09-27,Employees/Designated Employees,ESOP,Buy,Equity Shares,886.0,0.0,0.0,0.0,0.0,6829.0,0.0,7715.0,0.0
AUBANK,2018-10-24 19:02:00,2018-10-24,2018-09-27,2018-09-27,Employees/Designated Employees,ESOP,Buy,Equity Shares,1042.0,0.0,0.0,0.0,0.0,12458.0,0.0,13500.0,0.0
AUBANK,2018-10-24 19:02:00,2018-10-24,2018-09-27,2018-09-27,Employees/Designated Employees,ESOP,Buy,Equity Shares,1370.0,0.0,0.0,0.0,0.0,19986.0,0.0,21356.0,0.0
AUBANK,2018-10-24 19:02:00,2018-10-24,2018-09-27,2018-09-27,Employees/Designated Employees,ESOP,Buy,Equity Shares,839.0,0.0,0.0,0.0,0.0,3117.0,0.0,3956.0,0.0
AUBANK,2018-10-24 19:02:00,2018-10-24,2018-09-27,2018-09-27,Employees/Designated Employees,ESOP,Buy,Equity Shares,1006.0,0.0,0.0,0.0,0.0,12360.0,0.0,13366.0,0.0
AUBANK,2018-10-24 19:02:00,2018-10-24,2018-09-27,2018-09-27,Employees/Designated Employees,ESOP,Buy,Equity Shares,905.0,0.0,0.0,0.0,0.0,5354.0,0.0,6259.0,0.0
AUBANK,2018-10-24 19:02:00,2018-10-24,2018-09-27,2018-09-27,Employees/Designated Employees,ESOP,Buy,Equity Shares,445.0,0.0,0.0,0.0,0.0,2517.0,0.0,2962.0,0.0
AUBANK,2018-10-24 19:02:00,2018-10-24,2018-09-27,2018-09-27,Employees/Designated Employees,ESOP,Buy,Equity Shares,207.0,0.0,0.0,0.0,0.0,2403.0,0.0,2610.0,0.0
AUBANK,2018-10-24 19:02:00,2018-10-24,2018-09-27,2018-09-27,Employees/Designated Employees,ESOP,Buy,Equity Shares,398.0,0.0,0.0,0.0,0.0,,0.0,398.0,0.0
AUBANK,2018-10-24 19:02:00,2018-10-24,2018-09-27,2018-09-27,Employees/Designated Employees,ESOP,Buy,Equity Shares,347.0,0.0,0.0,0.0,0.0,1678.0,0.0,2025.0,0.0
AUBANK,2018-10-24 19:02:00,2018-10-24,2018-09-27,2018-09-27,Employees/Designated Employees,ESOP,Buy,Equity Shares,421.0,0.0,0.0,0.0,0.0,,0.0,421.0,0.0
AUBANK,2018-10-24 19:02:00,2018-10-24,2018-09-27,2018-09-27,Employees/Designated Employees,ESOP,Buy,Equity Shares,137.0,0.0,0.0,0.0,0.0,,0.0,137.0,0.0
AUBANK,2018-10-24 19:02:00,2018-10-24,2018-09-27,2018-09-27,Employees/Designated Employees,ESOP,Buy,Equity Shares,430.0,0.0,0.0,0.0,0.0,695.0,0.0,1125.0,0.0
AUBANK,2018-10-24 19:02:00,2018-10-24,2018-09-27,2018-09-27,Employees/Designated Employees,ESOP,Buy,Equity Shares,279.0,0.0,0.0,0.0,0.0,1126.0,0.0,1405.0,0.0
AUBANK,2018-10-24 19:02:00,2018-10-24,2018-09-27,2018-09-27,Employees/Designated Employees,ESOP,Buy,Equity Shares,164.0,0.0,0.0,0.0,0.0,1137.0,0.0,1301.0,0.0
AUBANK,2018-10-24 19:02:00,2018-10-24,2018-09-27,2018-09-27,Employees/Designated Employees,ESOP,Buy,Equity Shares,1224.0,0.0,0.0,0.0,0.0,4452.0,0.0,5676.0,0.0
AUBANK,2018-10-24 19:02:00,2018-10-24,2018-09-27,2018-09-27,Employees/Designated Employees,ESOP,Buy,Equity Shares,754.0,0.0,0.0,0.0,0.0,6007.0,0.0,6761.0,0.0
AUBANK,2018-10-24 19:02:00,2018-10-24,2018-09-27,2018-09-27,Employees/Designated Employees,ESOP,Buy,Equity Shares,531.0,0.0,0.0,0.0,0.0,3984.0,0.0,4515.0,0.0
AUBANK,2018-10-24 19:02:00,2018-10-24,2018-09-27,2018-09-27,Employees/Designated Employees,ESOP,Buy,Equity Shares,569.0,0.0,0.0,0.0,0.0,2374.0,0.0,2943.0,0.0
AUBANK,2018-10-24 19:02:00,2018-10-24,2018-09-27,2018-09-27,Employees/Designated Employees,ESOP,Buy,Equity Shares,657.0,0.0,0.0,0.0,0.0,2533.0,0.0,3190.0,0.0
AUBANK,2018-10-24 19:02:00,2018-10-24,2018-09-27,2018-09-27,Employees/Designated Employees,ESOP,Buy,Equity Shares,164.0,0.0,0.0,0.0,0.0,2486.0,0.0,2650.0,0.0
AUBANK,2018-10-24 19:02:00,2018-10-24,2018-09-27,2018-09-27,Employees/Designated Employees,ESOP,Buy,Equity Shares,1283.0,0.0,0.0,0.0,0.0,5645.0,0.0,6928.0,0.0
AUBANK,2018-10-24 19:02:00,2018-10-24,2018-09-27,2018-09-27,Employees/Designated Employees,ESOP,Buy,Equity Shares,490.0,0.0,0.0,0.0,0.0,19016.0,0.0,19506.0,0.0
AUBANK,2018-10-24 19:02:00,2018-10-24,2018-09-27,2018-09-27,Employees/Designated Employees,ESOP,Buy,Equity Shares,743.0,0.0,0.0,0.0,0.0,9311.0,0.0,10054.0,0.0
AUBANK,2018-10-24 19:02:00,2018-10-24,2018-09-27,2018-09-27,Employees/Designated Employees,ESOP,Buy,Equity Shares,189.0,0.0,0.0,0.0,0.0,4734.0,0.0,4923.0,0.0
AUBANK,2018-10-24 19:02:00,2018-10-24,2018-09-27,2018-09-27,Employees/Designated Employees,ESOP,Buy,Equity Shares,943.0,0.0,0.0,0.0,0.0,7828.0,0.0,8771.0,0.0
AUBANK,2018-10-30 19:00:00,2018-10-30,2018-09-27,2018-09-27,Employees/Designated Employees,ESOP,Buy,Equity Shares,673.0,0.0,0.0,0.0,0.0,3914.0,0.0,4587.0,0.0
AUBANK,2018-10-30 19:00:00,2018-10-30,2018-09-27,2018-09-27,Employees/Designated Employees,ESOP,Buy,Equity Shares,599.0,0.0,0.0,0.0,0.0,11761.0,0.0,12360.0,0.0
AUBANK,2018-10-30 19:00:00,2018-10-30,2018-09-27,2018-09-27,Employees/Designated Employees,ESOP,Buy,Equity Shares,493.0,0.0,0.0,0.0,0.0,1867.0,0.0,2360.0,0.0
AUBANK,2018-10-30 19:00:00,2018-10-30,2018-09-27,2018-09-27,Employees/Designated Employees,ESOP,Buy,Equity Shares,391.0,0.0,0.0,0.0,0.0,,0.0,391.0,0.0
AUBANK,2018-10-30 19:00:00,2018-10-30,2018-09-27,2018-09-27,Employees/Designated Employees,ESOP,Buy,Equity Shares,392.0,0.0,0.0,0.0,0.0,2030.0,0.0,2422.0,0.0
AUBANK,2018-10-30 19:00:00,2018-10-30,2018-09-27,2018-09-27,Employees/Designated Employees,ESOP,Buy,Equity Shares,304.0,0.0,0.0,0.0,0.0,1490.0,0.0,1794.0,0.0
AUBANK,2018-10-30 19:00:00,2018-10-30,2018-09-27,2018-09-27,Employees/Designated Employees,ESOP,Buy,Equity Shares,400.0,0.0,0.0,0.0,0.0,,0.0,400.0,0.0
AUBANK,2018-10-30 19:00:00,2018-10-30,2018-09-27,2018-09-27,Employees/Designated Employees,ESOP,Buy,Equity Shares,302.0,0.0,0.0,0.0,0.0,16729.0,0.01,17031.0,0.01
AUBANK,2018-10-30 19:00:00,2018-10-30,2018-09-27,2018-09-27,Employees/Designated Employees,ESOP,Buy,Equity Shares,130.0,0.0,0.0,0.0,0.0,70.0,0.0,200.0,0.0
AUBANK,2018-10-30 19:00:00,2018-10-30,2018-09-27,2018-09-27,Employees/Designated Employees,ESOP,Buy,Equity Shares,329.0,0.0,0.0,0.0,0.0,,0.0,329.0,0.0
AUBANK,2018-10-30 19:00:00,2018-10-30,2018-09-27,2018-09-27,Employees/Designated Employees,ESOP,Buy,Equity Shares,313.0,0.0,0.0,0.0,0.0,1731.0,0.0,2044.0,0.0
AUBANK,2018-10-30 19:00:00,2018-10-30,2018-09-27,2018-09-27,Employees/Designated Employees,ESOP,Buy,Equity Shares,860.0,0.0,0.0,0.0,0.0,4960.0,0.0,5820.0,0.0
AUBANK,2018-10-30 19:00:00,2018-10-30,2018-09-27,2018-09-27,Employees/Designated Employees,ESOP,Buy,Equity Shares,1179.0,0.0,0.0,0.0,0.0,15610.0,0.0,16789.0,0.0
AUBANK,2018-10-30 19:00:00,2018-10-30,2018-09-27,2018-09-27,Employees/Designated Employees,ESOP,Buy,Equity Shares,914.0,0.0,0.0,0.0,0.0,1856.0,0.0,2770.0,0.0
AUBANK,2018-11-15 19:14:00,2018-11-15,2018-09-27,2018-09-27,Employees/Designated Employees,ESOP,Buy,Equity Shares,437.0,0.0,0.0,0.0,0.0,1119.0,0.0,1556.0,0.0
AUBANK,2018-11-15 19:14:00,2018-11-15,2018-08-27,2018-08-27,Employees/Designated Employees,Market Sale,Sell,Equity Shares,1000.0,0.0,0.0,0.0,0.0,2119.0,0.0,1119.0,0.0
AUBANK,2018-11-15 19:14:00,2018-11-15,2018-08-14,2018-08-14,Employees/Designated Employees,ESOP,Buy,Equity Shares,1479.0,0.0,0.0,0.0,0.0,640.0,0.0,2119.0,0.0
AUBANK,2018-11-15 19:14:00,2018-11-15,2018-08-27,2018-08-27,Employees/Designated Employees,Market Sale,Buy,Equity Shares,277.0,0.0,0.0,0.0,0.0,5303.0,0.0,5580.0,0.0
AUBANK,2018-11-15 19:14:00,2018-11-15,2018-09-27,2018-09-27,Employees/Designated Employees,ESOP,Buy,Equity Shares,364.0,0.0,0.0,0.0,0.0,308.0,0.0,672.0,0.0
AUBANK,2018-11-15 19:14:00,2018-11-15,2018-08-28,2018-08-28,Employees/Designated Employees,Market Sale,Sell,Equity Shares,1000.0,0.0,0.0,0.0,0.0,1308.0,0.0,308.0,0.0
AUBANK,2018-11-15 19:14:00,2018-11-15,2018-08-14,2018-08-14,Employees/Designated Employees,ESOP,Buy,Equity Shares,1308.0,0.0,0.0,0.0,0.0,,0.0,1308.0,0.0
AUBANK,2018-11-15 19:14:00,2018-11-15,2018-09-27,2018-09-27,Employees/Designated Employees,ESOP,Buy,Equity Shares,479.0,0.0,0.0,0.0,0.0,3100.0,0.0,3579.0,0.0
AUBANK,2018-11-15 19:14:00,2018-11-15,2018-09-27,2018-09-27,Employees/Designated Employees,ESOP,Buy,Equity Shares,247.0,0.0,0.0,0.0,0.0,2540.0,0.0,2787.0,0.0
AUBANK,2018-11-15 19:14:00,2018-11-15,2018-08-14,2018-08-14,Employees/Designated Employees,ESOP,Buy,Equity Shares,1425.0,0.0,0.0,0.0,0.0,1115.0,0.0,2540.0,0.0
AUBANK,2018-11-15 19:14:00,2018-11-15,2018-09-27,2018-09-27,Employees/Designated Employees,ESOP,Buy,Equity Shares,909.0,0.0,0.0,0.0,0.0,3093.0,0.0,4002.0,0.0
AUBANK,2018-11-15 19:14:00,2018-11-15,2018-08-14,2018-08-14,Employees/Designated Employees,ESOP,Buy,Equity Shares,1492.0,0.0,0.0,0.0,0.0,1601.0,0.0,3093.0,0.0
AUBANK,2018-11-15 19:14:00,2018-11-15,2018-08-30,2018-08-30,Employees/Designated Employees,Market Sale,Sell,Equity Shares,243.0,0.0,0.0,0.0,0.0,3343.0,0.0,3100.0,0.0
AUBANK,2018-11-15 19:14:00,2018-11-15,2018-08-14,2018-08-14,Employees/Designated Employees,ESOP,Buy,Equity Shares,1271.0,0.0,0.0,0.0,0.0,2103.0,0.0,3374.0,0.0
AUBANK,2018-11-15 19:14:00,2018-11-15,2018-09-27,2018-09-27,Employees/Designated Employees,ESOP,Buy,Equity Shares,322.0,0.0,0.0,0.0,0.0,3374.0,0.0,3696.0,0.0
AUBANK,2018-11-15 19:14:00,2018-11-15,2018-08-14,2018-08-14,Employees/Designated Employees,ESOP,Buy,Equity Shares,1413.0,0.0,0.0,0.0,0.0,1930.0,0.0,3343.0,0.0
AUBANK,2018-11-17 18:53:00,2018-11-17,2018-08-14,2018-08-14,Employees/Designated Employees,ESOP,Buy,Equity Shares,711.0,0.0,0.0,0.0,0.0,636.0,0.0,1347.0,0.0
AUBANK,2018-11-17 18:53:00,2018-11-17,2018-08-14,2018-08-14,Employees/Designated Employees,Off Market,Pledge,Equity Shares,711.0,0.0,0.0,0.0,0.0,1347.0,0.0,1347.0,0.0
AUBANK,2018-11-17 18:53:00,2018-11-17,2018-08-21,2018-08-21,Employees/Designated Employees,Market Sale,Sell,Equity Shares,636.0,0.0,0.0,0.0,0.0,1347.0,0.0,711.0,0.0
AUBANK,2018-11-17 18:53:00,2018-11-17,2018-09-04,2018-09-04,Employees/Designated Employees,Market Sale,Sell,Equity Shares,100.0,0.0,0.0,0.0,0.0,711.0,0.0,611.0,0.0
AUBANK,2018-11-17 18:53:00,2018-11-17,2018-09-27,2018-09-27,Employees/Designated Employees,ESOP,Buy,Equity Shares,243.0,0.0,0.0,0.0,0.0,611.0,0.0,854.0,0.0
AUBANK,2018-11-17 18:53:00,2018-11-17,2018-08-30,2018-08-30,Employees/Designated Employees,Market Sale,Sell,Equity Shares,230.0,0.0,0.0,0.0,0.0,2030.0,0.0,1800.0,0.0
AUBANK,2018-11-17 18:53:00,2018-11-17,2018-08-31,2018-08-31,Employees/Designated Employees,Market Sale,Sell,Equity Shares,100.0,0.0,0.0,0.0,0.0,2508.0,0.0,2408.0,0.0
AUBANK,2018-11-17 18:53:00,2018-11-17,2018-09-27,2018-09-27,Employees/Designated Employees,ESOP,Buy,Equity Shares,596.0,0.0,0.0,0.0,0.0,2408.0,0.0,3004.0,0.0
AUBANK,2018-11-17 18:53:00,2018-11-17,2018-09-27,2018-09-27,Employees/Designated Employees,ESOP,Buy,Equity Shares,925.0,0.0,0.0,0.0,0.0,15560.0,0.0,16485.0,0.01
AUBANK,2018-11-17 18:53:00,2018-11-17,2018-08-14,2018-08-14,Employees/Designated Employees,ESOP,Buy,Equity Shares,1348.0,0.0,0.0,0.0,0.0,682.0,0.0,2030.0,0.0
AUBANK,2018-11-17 18:53:00,2018-11-17,2018-09-27,2018-09-27,Employees/Designated Employees,ESOP,Buy,Equity Shares,425.0,0.0,0.0,0.0,0.0,1800.0,0.0,2225.0,0.0
AUBANK,2018-11-17 18:53:00,2018-11-17,2018-08-14,2018-08-14,Employees/Designated Employees,ESOP,Buy,Equity Shares,1508.0,0.0,0.0,0.0,0.0,1000.0,0.0,2508.0,0.0
AUBANK,2018-11-20 15:53:00,2018-11-20,2018-11-20,2018-11-20,Key Managerial Personnel,Off Market,Pledge Revoke,Equity Shares,6597.0,0.0,0.0,0.0,0.0,57817.0,0.02,57817.0,0.02
AUBANK,2018-11-28 19:44:00,2018-11-28,2018-10-26,2018-10-26,Employees/Designated Employees,Market Purchase,Buy,Equity Shares,200.0,0.0,0.0,0.0,0.0,9257.0,0.0,9457.0,0.0
AUBANK,2018-11-28 19:44:00,2018-11-28,2018-10-22,2018-10-25,Employees/Designated Employees,Market Purchase,Buy,Equity Shares,1000.0,0.0,0.0,0.0,0.0,,0.0,1000.0,0.0
AUBANK,2018-11-28 19:44:00,2018-11-28,2018-10-16,2018-10-17,Employees/Designated Employees,Market Sale,Sell,Equity Shares,700.0,0.0,0.0,0.0,0.0,700.0,0.0,,0.0
AUBANK,2018-11-28 19:44:00,2018-11-28,2018-10-05,2018-10-08,Employees/Designated Employees,Market Purchase,Buy,Equity Shares,300.0,0.0,0.0,0.0,0.0,400.0,0.0,700.0,0.0
AUBANK,2018-11-28 19:44:00,2018-11-28,2018-10-01,2018-10-03,Employees/Designated Employees,Market Purchase,Buy,Equity Shares,400.0,0.0,0.0,0.0,0.0,,0.0,400.0,0.0
AUBANK,2018-11-28 19:44:00,2018-11-28,2018-11-14,2018-11-14,Employees/Designated Employees,Market Sale,Sell,Equity Shares,200.0,0.0,0.0,0.0,0.0,14729.0,0.0,14529.0,0.0
AUBANK,2018-11-28 19:44:00,2018-11-28,2018-10-14,2018-10-14,Employees/Designated Employees,Market Sale,Sell,Equity Shares,1500.0,0.0,0.0,0.0,0.0,2280.0,0.0,780.0,0.0
AUBANK,2018-11-28 19:44:00,2018-11-28,2018-11-14,2018-11-14,Employees/Designated Employees,Market Sale,Sell,Equity Shares,999.0,0.0,0.0,0.0,0.0,999.0,0.0,,0.0
AUBANK,2018-11-28 19:44:00,2018-11-28,2018-10-19,2018-10-19,Employees/Designated Employees,Market Purchase,Buy,Equity Shares,999.0,0.0,0.0,0.0,0.0,,0.0,999.0,0.0
AUBANK,2018-11-28 19:44:00,2018-11-28,2018-09-21,2018-09-27,Employees/Designated Employees,Market Purchase,Buy,Equity Shares,250.0,0.0,0.0,0.0,0.0,8907.0,0.0,9157.0,0.0
AUBANK,2018-11-28 19:44:00,2018-11-28,2018-10-04,2018-10-04,Employees/Designated Employees,Market Purchase,Buy,Equity Shares,100.0,0.0,0.0,0.0,0.0,9157.0,0.0,9257.0,0.0
AUBANK,2018-11-28 19:44:00,2018-11-28,2018-11-14,2018-11-20,Employees/Designated Employees,Market Sale,Sell,Equity Shares,1000.0,0.0,0.0,0.0,0.0,1000.0,0.0,,0.0
AUBANK,2018-12-04 13:46:00,2018-12-04,2018-09-27,2018-09-27,Employees/Designated Employees,ESOP,Buy,Equity Shares,576.0,0.0,0.0,0.0,0.0,706.0,0.0,1282.0,0.0
AUBANK,2018-12-04 13:46:00,2018-12-04,2018-10-01,2018-10-05,Employees/Designated Employees,Market Sale,Sell,Equity Shares,1600.0,0.0,0.0,0.0,0.0,9552.0,0.0,7952.0,0.0
AUBANK,2018-12-04 13:46:00,2018-12-04,2018-10-30,2018-11-02,Employees/Designated Employees,Market Sale,Sell,Equity Shares,400.0,0.0,0.0,0.0,0.0,37941.0,0.01,37541.0,0.01
AUBANK,2018-12-04 13:46:00,2018-12-04,2018-11-14,2018-11-14,Employees/Designated Employees,Market Sale,Sell,Equity Shares,300.0,0.0,0.0,0.0,0.0,37541.0,0.01,37241.0,0.01
AUBANK,2018-12-04 13:46:00,2018-12-04,2018-09-27,2018-09-27,Employees/Designated Employees,ESOP,Buy,Equity Shares,875.0,0.0,0.0,0.0,0.0,1672.0,0.0,2547.0,0.0
AUBANK,2018-12-04 13:46:00,2018-12-04,2018-08-14,2018-08-14,Employees/Designated Employees,Off Market,Pledge,Equity Shares,653.0,0.0,0.0,0.0,0.0,1672.0,0.0,1672.0,0.0
AUBANK,2018-12-04 13:46:00,2018-12-04,2018-08-14,2018-08-14,Employees/Designated Employees,ESOP,Buy,Equity Shares,653.0,0.0,0.0,0.0,0.0,1019.0,0.0,1672.0,0.0
AUBANK,2018-12-04 13:46:00,2018-12-04,2018-08-14,2018-08-14,Employees/Designated Employees,Off Market,Pledge,Equity Shares,1389.0,0.0,0.0,0.0,0.0,1389.0,0.0,,0.0
AUBANK,2018-12-04 13:46:00,2018-12-04,2018-08-14,2018-08-14,Employees/Designated Employees,ESOP,Buy,Equity Shares,1389.0,0.0,0.0,0.0,0.0,,0.0,1389.0,0.0
AUBANK,2018-12-04 13:46:00,2018-12-04,2018-11-26,2018-11-26,Employees/Designated Employees,Market Sale,Sell,Equity Shares,400.0,0.0,0.0,0.0,0.0,37241.0,0.01,36841.0,0.01
AUBANK,2018-12-05 20:22:00,2018-12-05,2018-11-16,2018-11-16,Employees/Designated Employees,Market Sale,Sell,Equity Shares,249.0,0.0,0.0,0.0,0.0,1345.0,0.0,1096.0,0.0
AUBANK,2018-12-05 20:22:00,2018-12-05,2018-09-27,2018-09-27,Employees/Designated Employees,ESOP,Buy,Equity Shares,351.0,0.0,0.0,0.0,0.0,515.0,0.0,866.0,0.0
AUBANK,2018-12-05 20:22:00,2018-12-05,2018-08-31,2018-08-31,Employees/Designated Employees,Market Sale,Sell,Equity Shares,1957.0,0.0,0.0,0.0,0.0,3784.0,0.0,1827.0,0.0
AUBANK,2018-12-05 20:22:00,2018-12-05,2018-11-02,2018-11-02,Employees/Designated Employees,Market Sale,Sell,Equity Shares,300.0,0.0,0.0,0.0,0.0,1645.0,0.0,1345.0,0.0
AUBANK,2018-12-05 20:22:00,2018-12-05,2018-08-14,2018-08-14,Employees/Designated Employees,ESOP,Buy,Equity Shares,1308.0,0.0,0.0,0.0,0.0,7.0,0.0,1315.0,0.0
AUBANK,2018-12-05 20:22:00,2018-12-05,2018-08-14,2018-08-14,Employees/Designated Employees,Off Market,Pledge,Equity Shares,1308.0,0.0,0.0,0.0,0.0,1315.0,0.0,1315.0,0.0
AUBANK,2018-12-07 13:51:00,2018-12-05,2018-12-04,2018-12-04,Employees/Designated Employees,Market Sale,Sell,Equity Shares,700.0,0.0,0.0,0.0,0.0,15000.0,0.0,14300.0,0.0
AUBANK,2018-12-07 13:51:00,2018-12-05,2018-12-05,2018-12-05,Employees/Designated Employees,Market Sale,Sell,Equity Shares,1500.0,0.0,0.0,0.0,0.0,14300.0,0.0,12800.0,0.0
AUBANK,2018-12-11 10:20:00,2018-12-10,2018-09-27,2018-09-27,Employees/Designated Employees,ESOP,Buy,Equity Shares,364.0,0.0,0.0,0.0,0.0,708.0,0.0,1072.0,0.0
AUBANK,2018-12-11 10:20:00,2018-12-10,2018-10-12,2018-10-12,Employees/Designated Employees,Market Sale,Sell,Equity Shares,980.0,0.0,0.0,0.0,0.0,15980.0,0.0,15000.0,0.0
AUBANK,2018-12-11 10:20:00,2018-12-10,2018-11-06,2018-11-06,Employees/Designated Employees,Market Sale,Sell,Equity Shares,20.0,0.0,0.0,0.0,0.0,15000.0,0.0,14980.0,0.0
AUBANK,2018-12-11 10:20:00,2018-12-10,2018-11-14,2018-11-14,Employees/Designated Employees,Market Sale,Sell,Equity Shares,1000.0,0.0,0.0,0.0,0.0,14980.0,0.0,13980.0,0.0
AUBANK,2018-12-11 10:20:00,2018-12-10,2018-08-31,2018-08-31,Employees/Designated Employees,Market Sale,Sell,Equity Shares,700.0,0.0,0.0,0.0,0.0,1408.0,0.0,708.0,0.0
AUBANK,2018-12-11 10:20:00,2018-12-10,2018-08-14,2018-08-14,Employees/Designated Employees,Off Market,Pledge,Equity Shares,1024.0,0.0,0.0,0.0,0.0,1024.0,0.0,1024.0,0.0
AUBANK,2018-12-11 10:20:00,2018-12-10,2018-08-14,2018-08-14,Employees/Designated Employees,ESOP,Buy,Equity Shares,1024.0,0.0,0.0,0.0,0.0,,0.0,1024.0,0.0
AUBANK,2018-12-11 10:20:00,2018-12-10,2018-08-14,2018-08-14,Employees/Designated Employees,ESOP,Buy,Equity Shares,1308.0,0.0,0.0,0.0,0.0,100.0,0.0,1408.0,0.0
AUBANK,2018-12-11 10:20:00,2018-12-10,2018-09-27,2018-09-27,Employees/Designated Employees,ESOP,Buy,Equity Shares,567.0,0.0,0.0,0.0,0.0,10299.0,0.0,10866.0,0.0
AUBANK,2018-12-11 10:20:00,2018-12-10,2018-12-03,2018-12-05,Employees/Designated Employees,Market Sale,Sell,Equity Shares,9100.0,0.0,0.0,0.0,0.0,59522.0,0.02,50422.0,0.02
AUBANK,2018-12-11 10:20:00,2018-12-10,2018-09-27,2018-09-27,Employees/Designated Employees,ESOP,Buy,Equity Shares,347.0,0.0,0.0,0.0,0.0,24.0,0.0,371.0,0.0
AUBANK,2018-12-11 18:33:00,2018-12-11,2018-09-27,2018-09-27,Employees/Designated Employees,ESOP,Buy,Equity Shares,317.0,0.0,0.0,0.0,0.0,,0.0,317.0,0.0
AUBANK,2018-12-11 18:33:00,2018-12-11,2018-08-14,2018-08-14,Employees/Designated Employees,Off Market,Pledge,Equity Shares,740.0,0.0,0.0,0.0,0.0,740.0,0.0,740.0,0.0
AUBANK,2018-12-11 18:33:00,2018-12-11,2018-08-14,2018-08-14,Employees/Designated Employees,ESOP,Buy,Equity Shares,740.0,0.0,0.0,0.0,0.0,,0.0,740.0,0.0
AUBANK,2018-12-14 17:54:00,2018-12-13,2018-12-12,2018-12-12,Employees/Designated Employees,Market Sale,Sell,Equity Shares,2000.0,0.0,0.0,0.0,0.0,12800.0,0.0,10800.0,0.0
AUBANK,2018-12-14 17:54:00,2018-12-14,2018-12-14,2018-12-14,Employees/Designated Employees,Market Sale,Sell,Equity Shares,1700.0,0.0,0.0,0.0,0.0,10800.0,0.0,9100.0,0.0
AUBANK,2018-12-14 17:54:00,2018-12-14,2018-12-14,2018-12-14,Employees/Designated Employees,Market Sale,Sell,Equity Shares,375.0,0.0,0.0,0.0,0.0,29888.0,0.0,29513.0,0.0
AUBANK,2018-12-14 18:20:00,2018-12-13,2018-12-12,2018-12-12,CONNECTED PERSON,Market Sale,Sell,Equity Shares,100000.0,0.0,0.0,0.0,0.0,714288.0,0.24,614288.0,0.21
AUBANK,2018-12-18 19:34:00,2018-11-28,2018-10-05,2018-10-08,Employees/Designated Employees,Market Purchase,Buy,Equity Shares,300.0,0.0,0.0,0.0,0.0,400.0,0.0,700.0,0.0
AUBANK,2018-12-18 19:34:00,2018-11-28,2018-10-22,2018-10-25,Employees/Designated Employees,Market Purchase,Buy,Equity Shares,1000.0,0.0,0.0,0.0,0.0,,0.0,1000.0,0.0
AUBANK,2018-12-18 19:34:00,2018-11-28,2018-11-14,2018-11-20,Employees/Designated Employees,Market Sale,Sell,Equity Shares,1000.0,0.0,0.0,0.0,0.0,1000.0,0.0,,0.0
AUBANK,2018-12-18 19:34:00,2018-11-28,2018-10-01,2018-10-03,Employees/Designated Employees,Market Purchase,Buy,Equity Shares,400.0,0.0,0.0,0.0,0.0,,0.0,400.0,0.0
AUBANK,2018-12-18 19:34:00,2018-12-04,2018-10-01,2018-10-05,Employees/Designated Employees,Market Sale,Sell,Equity Shares,1600.0,0.0,0.0,0.0,0.0,9552.0,0.0,7952.0,0.0
AUBANK,2018-12-18 19:34:00,2018-09-05,2018-08-14,2018-08-14,Employees/Designated Employees,ESOP,Buy,Equity Shares,34762.0,0.0,0.0,0.0,0.0,68654.0,0.02,103416.0,0.03
AUBANK,2018-12-18 19:34:00,2018-11-28,2018-11-14,2018-11-14,Employees/Designated Employees,Market Sale,Sell,Equity Shares,200.0,0.0,0.0,0.0,0.0,14729.0,0.01,14529.0,0.0
AUBANK,2018-12-18 19:34:00,2018-11-28,2018-10-16,2018-10-17,Employees/Designated Employees,Market Sale,Sell,Equity Shares,700.0,0.0,0.0,0.0,0.0,700.0,0.0,,0.0
AUBANK,2018-12-19 19:24:00,2018-12-19,2018-12-16,2018-12-16,Employees/Designated Employees,Market Sale,Sell,Equity Shares,500.0,0.0,0.0,0.0,0.0,109786.0,0.04,109286.0,0.04
AUBANK,2018-12-19 19:24:00,2018-12-17,2018-12-17,2018-12-17,Employees/Designated Employees,Market Sale,Sell,Equity Shares,2300.0,0.0,0.0,0.0,0.0,9100.0,0.0,6800.0,0.0
AUBANK,2018-12-19 19:24:00,2018-12-17,2018-12-17,2018-12-17,Employees/Designated Employees,Market Sale,Sell,Equity Shares,413.0,0.0,0.0,0.0,0.0,29513.0,0.01,29100.0,0.01
AUBANK,2018-12-19 19:24:00,2018-12-18,2018-12-18,2018-12-18,Employees/Designated Employees,Market Sale,Sell,Equity Shares,3000.0,0.0,0.0,0.0,0.0,16485.0,0.01,13485.0,0.0
AUBANK,2018-12-20 18:16:00,2018-12-20,2018-12-11,2018-12-11,Employees/Designated Employees,ESOP,Buy,Equity Shares,3544.0,0.0,0.0,0.0,0.0,6800.0,0.0,10344.0,0.01
AUBANK,2018-12-20 18:16:00,2018-12-20,2018-12-11,2018-12-11,Employees/Designated Employees,ESOP,Buy,Equity Shares,2219.0,0.0,0.0,0.0,0.0,39714.0,0.01,41933.0,0.01
AUBANK,2018-12-20 18:16:00,2018-12-20,2018-12-11,2018-12-11,Employees/Designated Employees,ESOP,Buy,Equity Shares,2585.0,0.0,0.0,0.0,0.0,8526.0,0.0,11111.0,0.0
AUBANK,2018-12-20 18:16:00,2018-12-20,2018-12-11,2018-12-11,Employees/Designated Employees,ESOP,Buy,Equity Shares,1451.0,0.0,0.0,0.0,0.0,,0.0,1451.0,0.0
AUBANK,2018-12-20 18:16:00,2018-12-20,2018-12-13,2018-12-13,Employees/Designated Employees,Off Market,Pledge,Equity Shares,1451.0,0.0,0.0,0.0,0.0,1451.0,0.0,1451.0,0.0
AUBANK,2018-12-20 18:16:00,2018-12-20,2018-12-11,2018-12-11,Employees/Designated Employees,ESOP,Buy,Equity Shares,5000.0,0.0,0.0,0.0,0.0,1042.0,0.0,6042.0,0.0
AUBANK,2018-12-20 18:16:00,2018-12-20,2018-12-11,2018-12-11,Employees/Designated Employees,ESOP,Buy,Equity Shares,45600.0,0.0,0.0,0.0,0.0,1416125.0,0.48,1461725.0,0.5
AUBANK,2018-12-21 19:44:00,2018-12-20,2018-12-13,2018-12-13,Employees/Designated Employees,Off Market,Pledge,Equity Shares,1285.0,0.0,0.0,0.0,0.0,15777.0,0.01,15777.0,0.01
AUBANK,2018-12-21 19:44:00,2018-12-20,2018-12-11,2018-12-11,Employees/Designated Employees,ESOP,Buy,Equity Shares,1285.0,0.0,0.0,0.0,0.0,14492.0,0.0,15777.0,0.01
AUBANK,2018-12-21 19:44:00,2018-12-21,2018-12-20,2018-12-20,Key Managerial Personnel,Revokation of Pledge,Pledge Revoke,Equity Shares,175000.0,0.0,0.0,0.0,0.0,1066492.0,0.36,1066492.0,0.36
AUBANK,2018-12-21 19:44:00,2018-12-20,2018-12-11,2018-12-11,Employees/Designated Employees,ESOP,Buy,Equity Shares,1408.0,0.0,0.0,0.0,0.0,6748.0,0.0,8156.0,0.0
AUBANK,2018-12-21 19:44:00,2018-12-20,2018-12-11,2018-12-11,Employees/Designated Employees,ESOP,Buy,Equity Shares,10800.0,0.0,0.0,0.0,0.0,7198.0,0.0,17998.0,0.01
AUBANK,2018-12-21 19:44:00,2018-12-20,2018-12-11,2018-12-11,Employees/Designated Employees,ESOP,Buy,Equity Shares,3532.0,0.0,0.0,0.0,0.0,67620.0,0.02,71152.0,0.02
AUBANK,2018-12-21 19:44:00,2018-12-20,2018-12-11,2018-12-11,Employees/Designated Employees,ESOP,Buy,Equity Shares,3827.0,0.0,0.0,0.0,0.0,347.0,0.0,4174.0,0.0
AUBANK,2018-12-21 19:44:00,2018-12-20,2018-12-13,2018-12-13,Employees/Designated Employees,Off Market,Pledge,Equity Shares,3827.0,0.0,0.0,0.0,0.0,4174.0,0.0,4174.0,0.0
AUBANK,2018-12-21 19:44:00,2018-12-20,2018-12-13,2018-12-13,Employees/Designated Employees,Off Market,Pledge,Equity Shares,1408.0,0.0,0.0,0.0,0.0,8156.0,0.0,8156.0,0.0
AUBANK,2018-12-24 18:23:00,2018-12-20,2018-12-11,2018-12-11,Employees/Designated Employees,ESOP,Buy,Equity Shares,3715.0,0.0,0.0,0.0,0.0,12093.0,0.0,15808.0,0.0
AUBANK,2018-12-24 18:23:00,2018-12-20,2018-12-11,2018-12-11,Employees/Designated Employees,ESOP,Buy,Equity Shares,2777.0,0.0,0.0,0.0,0.0,1655.0,0.0,4432.0,0.0
AUBANK,2018-12-24 18:23:00,2018-12-24,2018-12-21,2018-12-21,Employees/Designated Employees,Market Sale,Sell,Equity Shares,50000.0,0.0,0.0,0.0,0.0,1461725.0,0.5,1411725.0,0.48
AUBANK,2018-12-24 18:32:00,2018-12-19,2018-11-16,2018-11-16,Employees/Designated Employees,Market Sale,Sell,Equity Shares,500.0,0.0,0.0,0.0,0.0,109786.0,0.04,109286.0,0.04
AUBANK,2018-12-27 19:02:00,2018-12-27,2018-12-11,2018-12-11,Employees/Designated Employees,ESOP,Buy,Equity Shares,4435.0,0.0,0.0,0.0,0.0,44827.0,0.02,49262.0,0.02
AUBANK,2018-12-27 19:02:00,2018-12-27,2018-12-03,2018-12-03,Employees/Designated Employees,Market Sale,Sell,Equity Shares,500.0,0.0,0.0,0.0,0.0,109286.0,0.04,108786.0,0.04
AUBANK,2018-12-27 19:02:00,2018-12-27,2018-12-05,2018-12-05,Employees/Designated Employees,Market Sale,Sell,Equity Shares,900.0,0.0,0.0,0.0,0.0,50422.0,0.02,49522.0,0.02
AUBANK,2018-12-27 19:02:00,2018-12-27,2018-12-11,2018-12-12,Employees/Designated Employees,Market Sale,Sell,Equity Shares,7000.0,0.0,0.0,0.0,0.0,108786.0,0.04,101786.0,0.03
AUBANK,2018-12-27 19:02:00,2018-12-27,2018-12-13,2018-12-13,Employees/Designated Employees,Off Market,Pledge,Equity Shares,10800.0,0.0,0.0,0.0,0.0,17998.0,0.01,17998.0,0.01
AUBANK,2018-12-31 16:38:00,2018-12-28,2018-12-21,2018-12-21,Employees/Designated Employees,Market Purchase,Buy,Equity Shares,751.0,0.0,0.0,0.0,0.0,4625.0,0.0,5376.0,0.0
AUBANK,2018-12-31 16:38:00,2018-12-28,2018-12-07,2018-12-07,Employees/Designated Employees,Market Sale,Sell,Equity Shares,2112.0,0.0,0.0,0.0,0.0,6112.0,0.0,4000.0,0.0
AUBANK,2018-12-31 16:38:00,2018-12-28,2018-11-16,2018-11-16,Employees/Designated Employees,Market Sale,Sell,Equity Shares,1000.0,0.0,0.0,0.0,0.0,5508.0,0.0,4508.0,0.0
AUBANK,2018-12-31 16:38:00,2018-12-28,2018-10-12,2018-10-12,Employees/Designated Employees,Market Sale,Sell,Equity Shares,481.0,0.0,0.0,0.0,0.0,5989.0,0.0,5508.0,0.0
AUBANK,2018-12-31 16:38:00,2018-12-28,2018-12-07,2018-12-07,Employees/Designated Employees,Market Sale,Sell,Equity Shares,963.0,0.0,0.0,0.0,0.0,2815.0,0.0,1852.0,0.0
AUBANK,2018-12-31 16:38:00,2018-12-28,2018-11-23,2018-11-23,Employees/Designated Employees,Market Purchase,Buy,Equity Shares,963.0,0.0,0.0,0.0,0.0,1852.0,0.0,2815.0,0.0
AUBANK,2018-12-31 16:38:00,2018-12-28,2018-11-16,2018-11-16,Employees/Designated Employees,Market Sale,Sell,Equity Shares,972.0,0.0,0.0,0.0,0.0,2824.0,0.0,1852.0,0.0
AUBANK,2018-12-31 16:38:00,2018-12-28,2018-11-02,2018-11-02,Employees/Designated Employees,Market Sale,Sell,Equity Shares,678.0,0.0,0.0,0.0,0.0,3502.0,0.0,2824.0,0.0
AUBANK,2018-12-31 16:38:00,2018-12-28,2018-10-19,2018-10-19,Employees/Designated Employees,Market Sale,Sell,Equity Shares,38.0,0.0,0.0,0.0,0.0,3540.0,0.0,3502.0,0.0
AUBANK,2018-12-31 16:38:00,2018-12-28,2018-12-07,2018-12-07,Employees/Designated Employees,Market Sale,Sell,Equity Shares,309.0,0.0,0.0,0.0,0.0,6249.0,0.0,5940.0,0.0
AUBANK,2018-12-31 16:38:00,2018-12-28,2018-10-12,2018-10-12,Employees/Designated Employees,Market Purchase,Buy,Equity Shares,916.0,0.0,0.0,0.0,0.0,7571.0,0.0,8487.0,0.0
AUBANK,2018-12-31 16:38:00,2018-12-29,2018-12-21,2018-12-21,Employees/Designated Employees,Market Sale,Sell,Equity Shares,500.0,0.0,0.0,0.0,0.0,49262.0,0.02,48762.0,0.02
AUBANK,2018-12-31 16:38:00,2018-12-28,2018-12-21,2018-12-21,Employees/Designated Employees,Market Sale,Sell,Equity Shares,1242.0,0.0,0.0,0.0,0.0,1348.0,0.0,106.0,0.0
AUBANK,2018-12-31 16:38:00,2018-12-28,2018-11-09,2018-11-09,Employees/Designated Employees,Market Sale,Sell,Equity Shares,100.0,0.0,0.0,0.0,0.0,1448.0,0.0,1348.0,0.0
AUBANK,2018-12-31 16:38:00,2018-12-28,2018-10-12,2018-10-12,Employees/Designated Employees,Market Purchase,Buy,Equity Shares,1242.0,0.0,0.0,0.0,0.0,206.0,0.0,1448.0,0.0
AUBANK,2018-12-31 16:38:00,2018-12-28,2018-12-21,2018-12-21,Employees/Designated Employees,Market Sale,Sell,Equity Shares,100.0,0.0,0.0,0.0,0.0,3601.0,0.0,3501.0,0.0
AUBANK,2018-12-31 16:38:00,2018-12-28,2018-12-21,2018-12-21,Employees/Designated Employees,Market Purchase,Buy,Equity Shares,1598.0,0.0,0.0,0.0,0.0,7278.0,0.0,8876.0,0.0
AUBANK,2018-12-31 16:38:00,2018-12-28,2018-11-02,2018-11-02,Employees/Designated Employees,Market Purchase,Buy,Equity Shares,616.0,0.0,0.0,0.0,0.0,2843.0,0.0,3459.0,0.0
AUBANK,2018-12-31 16:38:00,2018-12-28,2018-11-23,2018-11-23,Employees/Designated Employees,Market Sale,Sell,Equity Shares,396.0,0.0,0.0,0.0,0.0,3459.0,0.0,3063.0,0.0
AUBANK,2018-12-31 16:38:00,2018-12-28,2018-11-30,2018-11-30,Employees/Designated Employees,Market Sale,Sell,Equity Shares,300.0,0.0,0.0,0.0,0.0,3063.0,0.0,2763.0,0.0
AUBANK,2018-12-31 16:38:00,2018-12-28,2018-10-19,2018-10-19,Employees/Designated Employees,Market Sale,Sell,Equity Shares,1000.0,0.0,0.0,0.0,0.0,2225.0,0.0,1225.0,0.0
AUBANK,2018-12-31 16:38:00,2018-12-28,2018-12-07,2018-12-07,Employees/Designated Employees,Market Sale,Sell,Equity Shares,900.0,0.0,0.0,0.0,0.0,1225.0,0.0,325.0,0.0
AUBANK,2018-12-31 16:38:00,2018-12-28,2018-12-07,2018-12-07,Employees/Designated Employees,Market Sale,Sell,Equity Shares,2.0,0.0,0.0,0.0,0.0,1096.0,0.0,1094.0,0.0
AUBANK,2018-12-31 16:38:00,2018-12-28,2018-12-14,2018-12-14,Employees/Designated Employees,Market Sale,Sell,Equity Shares,350.0,0.0,0.0,0.0,0.0,1094.0,0.0,744.0,0.0
AUBANK,2018-12-31 16:38:00,2018-12-28,2018-11-23,2018-11-23,Employees/Designated Employees,Market Purchase,Buy,Equity Shares,90.0,0.0,0.0,0.0,0.0,3013.0,0.0,3103.0,0.0
AUBANK,2018-12-31 16:38:00,2018-12-28,2018-12-21,2018-12-21,Employees/Designated Employees,Market Sale,Sell,Equity Shares,500.0,0.0,0.0,0.0,0.0,3103.0,0.0,2603.0,0.0
AUBANK,2018-12-31 16:38:00,2018-12-28,2018-11-30,2018-11-30,Employees/Designated Employees,Market Sale,Sell,Equity Shares,2238.0,0.0,0.0,0.0,0.0,8487.0,0.0,6249.0,0.0
AUBANK,2018-12-31 16:38:00,2018-12-28,2018-12-14,2018-12-14,Employees/Designated Employees,Market Sale,Sell,Equity Shares,323.0,0.0,0.0,0.0,0.0,5940.0,0.0,5617.0,0.0
AUBANK,2018-12-31 16:38:00,2018-12-28,2018-10-12,2018-10-12,Employees/Designated Employees,Market Purchase,Buy,Equity Shares,38.0,0.0,0.0,0.0,0.0,3502.0,0.0,3540.0,0.0
AUBANK,2018-12-31 16:38:00,2018-12-28,2018-12-07,2018-12-07,Employees/Designated Employees,Market Sale,Sell,Equity Shares,347.0,0.0,0.0,0.0,0.0,2763.0,0.0,2416.0,0.0
AUBANK,2018-12-31 16:38:00,2018-12-28,2018-12-14,2018-12-14,Employees/Designated Employees,Market Sale,Sell,Equity Shares,250.0,0.0,0.0,0.0,0.0,18272.0,0.01,18022.0,0.01
AUBANK,2018-12-31 16:38:00,2018-12-28,2018-12-21,2018-12-21,Employees/Designated Employees,Market Purchase,Buy,Equity Shares,1685.0,0.0,0.0,0.0,0.0,8845.0,0.0,10530.0,0.0
AUBANK,2018-12-31 16:38:00,2018-12-28,2018-12-07,2018-12-07,Employees/Designated Employees,Market Sale,Sell,Equity Shares,2000.0,0.0,0.0,0.0,0.0,54217.0,0.02,52217.0,0.02
AUBANK,2018-12-31 16:38:00,2018-12-28,2018-12-21,2018-12-21,Employees/Designated Employees,Market Sale,Sell,Equity Shares,200.0,0.0,0.0,0.0,0.0,9457.0,0.0,9257.0,0.0
AUBANK,2018-12-31 16:38:00,2018-12-28,2018-12-07,2018-12-07,Employees/Designated Employees,Market Sale,Sell,Equity Shares,3000.0,0.0,0.0,0.0,0.0,13899.0,0.01,10899.0,0.0
AUBANK,2018-12-31 16:38:00,2018-12-28,2018-12-07,2018-12-07,Employees/Designated Employees,Market Sale,Sell,Equity Shares,654.0,0.0,0.0,0.0,0.0,1654.0,0.0,1000.0,0.0
AUBANK,2018-12-31 16:38:00,2018-12-28,2018-12-14,2018-12-14,Employees/Designated Employees,Market Sale,Sell,Equity Shares,200.0,0.0,0.0,0.0,0.0,1616.0,0.0,1416.0,0.0
AUBANK,2018-12-31 16:38:00,2018-12-28,2018-10-12,2018-10-12,Employees/Designated Employees,Market Purchase,Buy,Equity Shares,612.0,0.0,0.0,0.0,0.0,5500.0,0.0,6112.0,0.0
AUBANK,2018-12-31 16:38:00,2018-12-28,2018-11-23,2018-11-23,Employees/Designated Employees,Market Purchase,Buy,Equity Shares,117.0,0.0,0.0,0.0,0.0,4508.0,0.0,4625.0,0.0
AUBANK,2019-01-01 12:43:00,2019-01-01,2018-11-23,2018-11-23,Employees/Designated Employees,Market Sale,Sell,Equity Shares,200.0,0.0,0.0,0.0,0.0,5826.0,0.0,5626.0,0.0
AUBANK,2019-01-01 12:43:00,2019-01-01,2018-12-07,2018-12-07,Employees/Designated Employees,Market Sale,Sell,Equity Shares,708.0,0.0,0.0,0.0,0.0,708.0,0.0,,0.0
AUBANK,2019-01-01 12:43:00,2019-01-01,2018-10-19,2018-10-19,Employees/Designated Employees,Market Purchase,Buy,Equity Shares,72.0,0.0,0.0,0.0,0.0,4970.0,0.0,5042.0,0.0
AUBANK,2019-01-01 12:43:00,2019-01-01,2018-10-12,2018-10-12,Employees/Designated Employees,Market Purchase,Buy,Equity Shares,757.0,0.0,0.0,0.0,0.0,4213.0,0.0,4970.0,0.0
AUBANK,2019-01-01 12:43:00,2019-01-01,2018-12-07,2018-12-07,Employees/Designated Employees,Market Sale,Sell,Equity Shares,1938.0,0.0,0.0,0.0,0.0,1938.0,0.0,,0.0
AUBANK,2019-01-01 12:43:00,2019-01-01,2018-12-07,2018-12-07,Employees/Designated Employees,Market Sale,Sell,Equity Shares,1000.0,0.0,0.0,0.0,0.0,11000.0,0.0,10000.0,0.0
AUBANK,2019-01-01 12:43:00,2019-01-01,2018-11-30,2018-11-30,Employees/Designated Employees,Market Sale,Sell,Equity Shares,1980.0,0.0,0.0,0.0,0.0,12980.0,0.0,11000.0,0.0
AUBANK,2019-01-01 12:43:00,2019-01-01,2018-12-21,2018-12-21,Employees/Designated Employees,Market Sale,Sell,Equity Shares,158.0,0.0,0.0,0.0,0.0,5299.0,0.0,5141.0,0.0
AUBANK,2019-01-01 12:43:00,2019-01-01,2018-12-14,2018-12-14,Employees/Designated Employees,Market Sale,Sell,Equity Shares,118.0,0.0,0.0,0.0,0.0,5417.0,0.0,5299.0,0.0
AUBANK,2019-01-01 12:43:00,2019-01-01,2018-12-07,2018-12-07,Employees/Designated Employees,Market Sale,Sell,Equity Shares,45.0,0.0,0.0,0.0,0.0,5462.0,0.0,5417.0,0.0
AUBANK,2019-01-01 12:43:00,2019-01-01,2018-11-30,2018-11-30,Employees/Designated Employees,Market Sale,Sell,Equity Shares,113.0,0.0,0.0,0.0,0.0,5575.0,0.0,5462.0,0.0
AUBANK,2019-01-01 12:43:00,2019-01-01,2018-12-21,2018-12-21,Employees/Designated Employees,Market Sale,Sell,Equity Shares,100.0,0.0,0.0,0.0,0.0,5626.0,0.0,5526.0,0.0
AUBANK,2019-01-01 12:43:00,2019-01-01,2018-10-26,2018-10-26,Employees/Designated Employees,Market Sale,Sell,Equity Shares,130.0,0.0,0.0,0.0,0.0,5061.0,0.0,4931.0,0.0
AUBANK,2019-01-01 12:43:00,2019-01-01,2018-11-16,2018-11-16,Employees/Designated Employees,Market Sale,Sell,Equity Shares,400.0,0.0,0.0,0.0,0.0,4931.0,0.0,4531.0,0.0
AUBANK,2019-01-01 12:43:00,2019-01-01,2018-10-12,2018-10-12,Employees/Designated Employees,Market Purchase,Buy,Equity Shares,763.0,0.0,0.0,0.0,0.0,546.0,0.0,1309.0,0.0
AUBANK,2019-01-01 12:43:00,2019-01-01,2018-11-23,2018-11-23,Employees/Designated Employees,Market Purchase,Buy,Equity Shares,224.0,0.0,0.0,0.0,0.0,1309.0,0.0,1533.0,0.0
AUBANK,2019-01-01 12:43:00,2019-01-01,2018-12-14,2018-12-14,Employees/Designated Employees,Market Sale,Sell,Equity Shares,1533.0,0.0,0.0,0.0,0.0,1533.0,0.0,,0.0
AUBANK,2019-01-01 12:43:00,2019-01-01,2018-11-23,2018-11-23,Employees/Designated Employees,Market Purchase,Buy,Equity Shares,866.0,0.0,0.0,0.0,0.0,,0.0,866.0,0.0
AUBANK,2019-01-01 12:43:00,2019-01-01,2018-11-30,2018-11-30,Employees/Designated Employees,Market Sale,Sell,Equity Shares,158.0,0.0,0.0,0.0,0.0,866.0,0.0,708.0,0.0
AUBANK,2019-01-01 12:43:00,2019-01-01,2018-10-19,2018-10-19,Employees/Designated Employees,Market Sale,Sell,Equity Shares,650.0,0.0,0.0,0.0,0.0,5711.0,0.0,5061.0,0.0
AUBANK,2019-01-01 12:43:00,2019-01-01,2018-10-12,2018-10-12,Employees/Designated Employees,Market Purchase,Buy,Equity Shares,564.0,0.0,0.0,0.0,0.0,5147.0,0.0,5711.0,0.0
AUBANK,2019-01-01 12:43:00,2019-01-01,2018-10-26,2018-10-26,Employees/Designated Employees,Market Purchase,Buy,Equity Shares,784.0,0.0,0.0,0.0,0.0,5042.0,0.0,5826.0,0.0
AUBANK,2019-01-02 18:56:00,2019-01-02,2018-11-23,2018-11-23,Employees/Designated Employees,Market Sale,Sell,Equity Shares,400.0,0.0,0.0,0.0,0.0,34577.0,0.01,34177.0,0.01
AUBANK,2019-01-02 18:56:00,2019-01-02,2018-12-21,2018-12-21,Employees/Designated Employees,Market Sale,Sell,Equity Shares,77.0,0.0,0.0,0.0,0.0,1774.0,0.0,1697.0,0.0
AUBANK,2019-01-02 18:56:00,2019-01-02,2018-12-07,2018-12-07,Employees/Designated Employees,Market Purchase,Buy,Equity Shares,1177.0,0.0,0.0,0.0,0.0,597.0,0.0,1774.0,0.0
AUBANK,2019-01-02 18:56:00,2019-01-02,2018-10-12,2018-10-12,Employees/Designated Employees,Market Purchase,Buy,Equity Shares,596.0,0.0,0.0,0.0,0.0,1.0,0.0,597.0,0.0
AUBANK,2019-01-02 18:56:00,2019-01-02,2018-12-21,2018-12-21,Employees/Designated Employees,Market Sale,Sell,Equity Shares,400.0,0.0,0.0,0.0,0.0,2587.0,0.0,2187.0,0.0
AUBANK,2019-01-02 18:56:00,2019-01-02,2018-12-14,2018-12-14,Employees/Designated Employees,Market Sale,Sell,Equity Shares,300.0,0.0,0.0,0.0,0.0,2887.0,0.0,2587.0,0.0
AUBANK,2019-01-02 18:56:00,2019-01-02,2018-11-23,2018-11-23,Employees/Designated Employees,Market Sale,Sell,Equity Shares,199.0,0.0,0.0,0.0,0.0,3086.0,0.0,2887.0,0.0
AUBANK,2019-01-02 18:56:00,2019-01-02,2018-11-02,2018-11-02,Employees/Designated Employees,Market Sale,Sell,Equity Shares,142.0,0.0,0.0,0.0,0.0,7385.0,0.0,7243.0,0.0
AUBANK,2019-01-02 18:56:00,2019-01-02,2018-10-12,2018-10-12,Employees/Designated Employees,Market Purchase,Buy,Equity Shares,343.0,0.0,0.0,0.0,0.0,7042.0,0.0,7385.0,0.0
AUBANK,2019-01-02 18:56:00,2019-01-02,2018-10-05,2018-10-05,Employees/Designated Employees,Market Sale,Sell,Equity Shares,300.0,0.0,0.0,0.0,0.0,7342.0,0.0,7042.0,0.0
AUBANK,2019-01-02 18:56:00,2019-01-02,2018-12-14,2018-12-14,Employees/Designated Employees,Market Sale,Sell,Equity Shares,200.0,0.0,0.0,0.0,0.0,35741.0,0.01,35541.0,0.01
AUBANK,2019-01-02 18:56:00,2019-01-02,2018-12-21,2018-12-21,Employees/Designated Employees,Market Sale,Sell,Equity Shares,200.0,0.0,0.0,0.0,0.0,35541.0,0.01,35341.0,0.01
AUBANK,2019-01-02 18:56:00,2019-01-02,2018-11-30,2018-11-30,Employees/Designated Employees,Market Sale,Sell,Equity Shares,1000.0,0.0,0.0,0.0,0.0,4703.0,0.0,3703.0,0.0
AUBANK,2019-01-02 18:56:00,2019-01-02,2018-11-23,2018-11-23,Employees/Designated Employees,Market Purchase,Buy,Equity Shares,3703.0,0.0,0.0,0.0,0.0,1000.0,0.0,4703.0,0.0
AUBANK,2019-01-02 18:56:00,2019-01-02,2018-12-14,2018-12-14,Employees/Designated Employees,Market Sale,Sell,Equity Shares,772.0,0.0,0.0,0.0,0.0,7272.0,0.0,6500.0,0.0
AUBANK,2019-01-02 18:56:00,2019-01-02,2018-12-14,2018-12-14,Employees/Designated Employees,Market Sale,Sell,Equity Shares,1412.0,0.0,0.0,0.0,0.0,6243.0,0.0,4831.0,0.0
AUBANK,2019-01-02 18:56:00,2019-01-02,2018-11-23,2018-11-23,Employees/Designated Employees,Market Sale,Sell,Equity Shares,1000.0,0.0,0.0,0.0,0.0,7243.0,0.0,6243.0,0.0
AUBANK,2019-01-02 18:56:00,2019-01-02,2018-12-07,2018-12-07,Employees/Designated Employees,Market Sale,Sell,Equity Shares,800.0,0.0,0.0,0.0,0.0,36541.0,0.01,35741.0,0.01
AUBANK,2019-01-02 18:56:00,2019-01-02,2018-11-30,2018-11-30,Employees/Designated Employees,Market Sale,Sell,Equity Shares,300.0,0.0,0.0,0.0,0.0,36841.0,0.01,36541.0,0.01
AUBANK,2019-01-02 18:56:00,2019-01-02,2018-12-21,2018-12-21,Employees/Designated Employees,Market Sale,Sell,Equity Shares,69.0,0.0,0.0,0.0,0.0,33937.0,0.01,33868.0,0.01
AUBANK,2019-01-02 18:56:00,2019-01-02,2018-12-14,2018-12-14,Employees/Designated Employees,Market Sale,Sell,Equity Shares,140.0,0.0,0.0,0.0,0.0,34077.0,0.01,33937.0,0.01
AUBANK,2019-01-02 18:56:00,2019-01-02,2018-12-07,2018-12-07,Employees/Designated Employees,Market Sale,Sell,Equity Shares,100.0,0.0,0.0,0.0,0.0,34177.0,0.01,34077.0,0.01
AUBANK,2019-01-03 19:06:00,2019-01-03,2018-10-12,2018-10-12,Employees/Designated Employees,Market Purchase,Buy,Equity Shares,100.0,0.0,0.0,0.0,0.0,640.0,0.0,740.0,0.0
AUBANK,2019-01-03 19:06:00,2019-01-03,2018-10-19,2018-10-19,Employees/Designated Employees,Market Sale,Sell,Equity Shares,100.0,0.0,0.0,0.0,0.0,740.0,0.0,640.0,0.0
AUBANK,2019-01-03 19:06:00,2019-01-03,2018-11-02,2018-11-02,Employees/Designated Employees,Market Purchase,Buy,Equity Shares,100.0,0.0,0.0,0.0,0.0,640.0,0.0,740.0,0.0
AUBANK,2019-01-03 19:06:00,2019-01-03,2018-11-30,2018-11-30,Employees/Designated Employees,Market Purchase,Buy,Equity Shares,99.0,0.0,0.0,0.0,0.0,740.0,0.0,839.0,0.0
AUBANK,2019-01-03 19:06:00,2019-01-03,2018-12-14,2018-12-14,Employees/Designated Employees,Market Sale,Sell,Equity Shares,99.0,0.0,0.0,0.0,0.0,839.0,0.0,740.0,0.0
AUBANK,2019-01-03 19:06:00,2019-01-03,2018-12-21,2018-12-21,Employees/Designated Employees,Market Sale,Sell,Equity Shares,100.0,0.0,0.0,0.0,0.0,670.0,0.0,570.0,0.0
AUBANK,2019-01-03 19:06:00,2019-01-03,2018-10-12,2018-10-12,Employees/Designated Employees,Market Purchase,Buy,Equity Shares,1270.0,0.0,0.0,0.0,0.0,,0.0,1270.0,0.0
AUBANK,2019-01-03 19:06:00,2019-01-03,2018-10-05,2018-10-05,Employees/Designated Employees,Market Purchase,Buy,Equity Shares,100.0,0.0,0.0,0.0,0.0,540.0,0.0,640.0,0.0
AUBANK,2019-01-03 19:06:00,2019-01-03,2018-12-17,2018-12-17,Employees/Designated Employees,Market Sale,Sell,Equity Shares,200.0,0.0,0.0,0.0,0.0,13529.0,0.0,13329.0,0.0
AUBANK,2019-01-03 19:06:00,2019-01-03,2018-12-13,2018-12-13,Employees/Designated Employees,Market Sale,Sell,Equity Shares,500.0,0.0,0.0,0.0,0.0,14029.0,0.0,13529.0,0.0
AUBANK,2019-01-03 19:06:00,2019-01-03,2018-12-12,2018-12-12,Employees/Designated Employees,Market Sale,Sell,Equity Shares,500.0,0.0,0.0,0.0,0.0,14529.0,0.0,14029.0,0.0
AUBANK,2019-01-03 19:06:00,2019-01-03,2018-12-21,2018-12-21,Employees/Designated Employees,Market Sale,Sell,Equity Shares,100.0,0.0,0.0,0.0,0.0,740.0,0.0,640.0,0.0
AUBANK,2019-01-03 19:06:00,2019-01-03,2018-11-30,2018-11-30,Employees/Designated Employees,Market Sale,Sell,Equity Shares,400.0,0.0,0.0,0.0,0.0,1270.0,0.0,870.0,0.0
AUBANK,2019-01-03 19:06:00,2019-01-03,2018-12-07,2018-12-07,Employees/Designated Employees,Market Sale,Sell,Equity Shares,200.0,0.0,0.0,0.0,0.0,870.0,0.0,670.0,0.0
AUBANK,2019-01-05 17:20:00,2019-01-05,2018-11-16,2018-11-16,Employees/Designated Employees,Market Sale,Sell,Equity Shares,2350.0,0.0,0.0,0.0,0.0,17563.0,0.01,15213.0,0.01
AUBANK,2019-01-05 17:20:00,2019-01-05,2018-12-12,2018-12-12,Employees/Designated Employees,Market Sale,Sell,Equity Shares,1500.0,0.0,0.0,0.0,0.0,15213.0,0.0,13713.0,0.0
AUBANK,2019-01-05 17:20:00,2019-01-05,2018-12-13,2018-12-13,Employees/Designated Employees,Market Sale,Sell,Equity Shares,500.0,0.0,0.0,0.0,0.0,13713.0,0.0,13213.0,0.0
AUBANK,2019-01-05 17:20:00,2019-01-05,2018-12-20,2018-12-20,Employees/Designated Employees,Market Sale,Sell,Equity Shares,2200.0,0.0,0.0,0.0,0.0,13213.0,0.0,11013.0,0.0
AUBANK,2019-01-05 17:20:00,2019-01-05,2018-12-21,2018-12-21,Employees/Designated Employees,Market Sale,Sell,Equity Shares,6656.0,0.0,0.0,0.0,0.0,11013.0,0.0,4357.0,0.0
AUBANK,2019-01-05 17:20:00,2019-01-05,2018-11-15,2018-11-15,Employees/Designated Employees,Market Sale,Sell,Equity Shares,500.0,0.0,0.0,0.0,0.0,18063.0,0.01,17563.0,0.01
AUBANK,2019-01-07 19:01:00,2019-01-07,2018-10-05,2018-10-05,Employees/Designated Employees,Market Sale,Sell,Equity Shares,231.0,0.0,0.0,0.0,0.0,2158.0,0.0,1927.0,0.0
AUBANK,2019-01-07 19:01:00,2019-01-07,2018-10-12,2018-10-12,Employees/Designated Employees,Market Purchase,Buy,Equity Shares,659.0,0.0,0.0,0.0,0.0,1927.0,0.0,2586.0,0.0
AUBANK,2019-01-07 19:01:00,2019-01-07,2018-10-19,2018-10-19,Employees/Designated Employees,Market Purchase,Buy,Equity Shares,100.0,0.0,0.0,0.0,0.0,2586.0,0.0,2686.0,0.0
AUBANK,2019-01-07 19:01:00,2019-01-07,2018-10-22,2018-10-22,Employees/Designated Employees,Market Purchase,Buy,Equity Shares,200.0,0.0,0.0,0.0,0.0,2686.0,0.0,2886.0,0.0
AUBANK,2019-01-07 19:01:00,2019-01-07,2018-11-23,2018-11-23,Employees/Designated Employees,Market Purchase,Buy,Equity Shares,2134.0,0.0,0.0,0.0,0.0,2886.0,0.0,5020.0,0.0
AUBANK,2019-01-07 19:01:00,2019-01-07,2018-11-26,2018-11-26,Employees/Designated Employees,Market Sale,Sell,Equity Shares,320.0,0.0,0.0,0.0,0.0,5020.0,0.0,4700.0,0.0
AUBANK,2019-01-07 19:01:00,2019-01-07,2018-12-27,2018-12-27,Employees/Designated Employees,Market Sale,Sell,Equity Shares,9136.0,0.0,0.0,0.0,0.0,101786.0,0.03,92650.0,0.03
AUBANK,2019-01-07 19:01:00,2019-01-07,2018-12-28,2018-12-28,Employees/Designated Employees,Market Sale,Sell,Equity Shares,54997.0,0.0,0.0,0.0,0.0,92650.0,0.03,37653.0,0.01
AUBANK,2019-01-07 19:01:00,2019-01-07,2018-10-03,2018-10-03,Employees/Designated Employees,Market Purchase,Buy,Equity Shares,659.0,0.0,0.0,0.0,0.0,1499.0,0.0,2158.0,0.0
AUBANK,2019-01-11 18:56:00,2019-01-11,2018-12-28,2018-12-28,Employees/Designated Employees,Market Purchase,Buy,Equity Shares,100.0,0.0,0.0,0.0,0.0,9257.0,0.0,9357.0,0.0
AUBANK,2019-01-11 18:56:00,2019-01-11,2018-12-28,2018-12-28,Employees/Designated Employees,Market Sale,Sell,Equity Shares,185.0,0.0,0.0,0.0,0.0,5141.0,0.0,4956.0,0.0
AUBANK,2019-01-11 18:56:00,2019-01-11,2018-12-28,2018-12-28,Employees/Designated Employees,Market Sale,Sell,Equity Shares,38.0,0.0,0.0,0.0,0.0,7692.0,0.0,7654.0,0.0
AUBANK,2019-01-11 18:56:00,2019-01-11,2018-12-21,2018-12-21,Employees/Designated Employees,Market Purchase,Buy,Equity Shares,3545.0,0.0,0.0,0.0,0.0,4147.0,0.0,7692.0,0.0
AUBANK,2019-01-11 18:56:00,2019-01-11,2018-12-14,2018-12-14,Employees/Designated Employees,Market Sale,Sell,Equity Shares,27.0,0.0,0.0,0.0,0.0,4174.0,0.0,4147.0,0.0
AUBANK,2019-02-04 18:51:00,2019-02-04,2018-12-31,2018-12-31,Employees/Designated Employees,Market Sale,Sell,Equity Shares,200.0,0.0,0.0,0.0,0.0,34341.0,0.01,34141.0,0.01
AUBANK,2019-02-04 18:51:00,2019-02-04,2019-01-11,2019-01-11,Employees/Designated Employees,Market Sale,Sell,Equity Shares,500.0,0.0,0.0,0.0,0.0,2916.0,0.0,2416.0,0.0
AUBANK,2019-02-04 18:51:00,2019-02-04,2019-01-25,2019-01-25,Employees/Designated Employees,Market Sale,Sell,Equity Shares,1860.0,0.0,0.0,0.0,0.0,2416.0,0.0,556.0,0.0
AUBANK,2019-02-04 18:51:00,2019-02-04,2018-12-27,2018-12-27,Employees/Designated Employees,Market Sale,Sell,Equity Shares,1000.0,0.0,0.0,0.0,0.0,35341.0,0.01,34341.0,0.01
AUBANK,2019-02-06 18:55:00,2019-02-06,2018-12-31,2018-12-31,Employees/Designated Employees,Pledge Creation,Pledge,Equity Shares,4000.0,0.0,0.0,0.0,0.0,13485.0,0.01,13485.0,0.01
AUBANK,2019-02-06 18:55:00,2019-02-06,2018-12-26,2018-12-26,Employees/Designated Employees,Revokation of Pledge,Pledge Revoke,Equity Shares,4000.0,0.0,0.0,0.0,0.0,13485.0,0.01,13485.0,0.01
AUBANK,2019-02-06 18:55:00,2019-02-06,2018-12-14,2018-12-14,Employees/Designated Employees,Revokation of Pledge,Pledge Revoke,Equity Shares,3000.0,0.0,0.0,0.0,0.0,16485.0,0.01,16485.0,0.01
AUBANK,2019-02-06 18:55:00,2019-02-06,2018-10-22,2018-10-22,Employees/Designated Employees,Pledge Creation,Pledge,Equity Shares,925.0,0.0,0.0,0.0,0.0,16485.0,0.01,16485.0,0.01
AUBANK,2019-02-06 18:55:00,2019-02-06,2018-10-04,2018-10-04,Employees/Designated Employees,Pledge Creation,Pledge,Equity Shares,15560.0,0.0,0.0,0.0,0.0,16485.0,0.01,16485.0,0.01
AUBANK,2019-02-06 18:55:00,2019-02-06,2019-01-09,2019-01-09,Employees/Designated Employees,Revokation of Pledge,Pledge Revoke,Equity Shares,4000.0,0.0,0.0,0.0,0.0,13485.0,0.01,13485.0,0.01
AUBANK,2019-02-06 18:55:00,2019-02-06,2019-01-10,2019-01-10,Employees/Designated Employees,Pledge Creation,Pledge,Equity Shares,4000.0,0.0,0.0,0.0,0.0,13485.0,0.01,13485.0,0.01
AUBANK,2019-02-13 18:53:00,2019-02-13,2019-01-11,2019-01-11,Employees/Designated Employees,Market Sale,Sell,Equity Shares,1550.0,0.0,0.0,0.0,0.0,5676.0,0.0,4126.0,0.0
AUBANK,2019-02-13 18:53:00,2019-02-13,2019-01-28,2019-01-28,Employees/Designated Employees,Market Sale,Sell,Equity Shares,500.0,0.0,0.0,0.0,0.0,4126.0,0.0,3626.0,0.0
AUBANK,2019-02-13 18:53:00,2019-02-13,2019-02-01,2019-02-01,Employees/Designated Employees,Market Sale,Sell,Equity Shares,5000.0,0.0,0.0,0.0,0.0,48522.0,0.02,43522.0,0.01
AUBANK,2019-02-13 18:53:00,2019-02-13,2019-01-25,2019-01-25,Employees/Designated Employees,Market Sale,Sell,Equity Shares,3695.0,0.0,0.0,0.0,0.0,52217.0,0.02,48522.0,0.02
AUBANK,2019-02-13 18:53:00,2019-02-13,2019-01-18,2019-01-18,Employees/Designated Employees,Market Sale,Sell,Equity Shares,1052.0,0.0,0.0,0.0,0.0,1052.0,0.0,,0.0
AUBANK,2019-02-13 18:53:00,2019-02-13,2019-01-10,2019-01-10,Employees/Designated Employees,Market Sale,Sell,Equity Shares,1000.0,0.0,0.0,0.0,0.0,2052.0,0.0,1052.0,0.0
AUBANK,2019-02-13 18:53:00,2019-02-13,2019-02-07,2019-02-07,Employees/Designated Employees,Market Sale,Sell,Equity Shares,6305.0,0.0,0.0,0.0,0.0,36160.0,0.01,29855.0,0.01
AUBANK,2019-02-13 18:53:00,2019-02-13,2019-02-06,2019-02-06,Employees/Designated Employees,Market Sale,Sell,Equity Shares,3000.0,0.0,0.0,0.0,0.0,54454.0,0.02,51454.0,0.02
AUBANK,2019-02-13 18:53:00,2019-02-13,2019-01-10,2019-01-10,Employees/Designated Employees,Market Sale,Sell,Equity Shares,2239.0,0.0,0.0,0.0,0.0,2239.0,0.0,,0.0
AUBANK,2019-03-07 17:46:00,2019-03-05,2019-02-26,2019-02-26,Employees/Designated Employees,Pledge Creation,Pledge,Equity Shares,45000.0,0.0,0.0,0.0,0.0,98302.0,0.03,98302.0,0.03
AUBANK,2019-03-07 17:46:00,2019-03-07,2019-01-18,2019-01-18,Employees/Designated Employees,Market Sale,Sell,Equity Shares,458.0,0.0,0.0,0.0,0.0,4700.0,0.0,4242.0,0.0
AUBANK,2019-03-07 17:46:00,2019-03-07,2019-02-01,2019-02-01,Employees/Designated Employees,Market Sale,Sell,Equity Shares,465.0,0.0,0.0,0.0,0.0,4242.0,0.0,3777.0,0.0
AUBANK,2019-03-07 17:46:00,2019-03-07,2019-02-07,2019-02-07,Employees/Designated Employees,Market Sale,Sell,Equity Shares,1006.0,0.0,0.0,0.0,0.0,3777.0,0.0,2771.0,0.0
AUBANK,2019-03-07 17:46:00,2019-03-07,2019-02-15,2019-02-15,Employees/Designated Employees,Market Sale,Sell,Equity Shares,479.0,0.0,0.0,0.0,0.0,2771.0,0.0,2292.0,0.0
AUBANK,2019-03-07 17:46:00,2019-03-07,2019-02-22,2019-02-22,Employees/Designated Employees,Market Sale,Sell,Equity Shares,281.0,0.0,0.0,0.0,0.0,2292.0,0.0,2011.0,0.0
AUBANK,2019-03-07 17:46:00,2019-03-07,2019-03-01,2019-03-01,Employees/Designated Employees,Market Sale,Sell,Equity Shares,43.0,0.0,0.0,0.0,0.0,2011.0,0.0,1968.0,0.0
AUBANK,2019-03-08 18:22:00,2019-03-08,2019-02-27,2019-02-27,Employees/Designated Employees,Market Sale,Sell,Equity Shares,500.0,0.0,0.0,0.0,0.0,3626.0,0.0,3126.0,0.0
AUBANK,2019-03-08 18:22:00,2019-03-07,2019-03-06,2019-03-06,Employees/Designated Employees,Market Sale,Sell,Equity Shares,10000.0,0.0,0.0,0.0,0.0,1411725.0,0.48,1401725.0,0.48
AUBANK,2019-03-08 18:22:00,2019-03-08,2019-03-06,2019-03-06,Employees/Designated Employees,Market Sale,Sell,Equity Shares,2500.0,0.0,0.0,0.0,0.0,51454.0,0.01,48954.0,0.01
AUBANK,2019-03-16 18:53:00,2019-03-16,2019-03-15,2019-03-15,Employees/Designated Employees,ESOP,Buy,Equity Shares,2500.0,0.0,0.0,0.0,0.0,,0.0,2500.0,0.0
AUBANK,2019-03-16 18:53:00,2019-03-14,2019-03-14,2019-03-14,Employees/Designated Employees,Market Sale,Sell,Equity Shares,5548.0,0.0,0.0,0.0,0.0,29855.0,0.01,24307.0,0.01
AUBANK,2019-03-16 18:53:00,2019-03-16,2019-03-15,2019-03-15,Employees/Designated Employees,ESOP,Buy,Equity Shares,2908.0,0.0,0.0,0.0,0.0,,0.0,2908.0,0.0
AUBANK,2019-03-19 19:21:00,2019-03-19,2019-03-15,2019-03-15,Employees/Designated Employees,Off Market,Pledge,Equity Shares,850.0,0.0,0.0,0.0,0.0,850.0,0.0,850.0,0.0
AUBANK,2019-03-19 19:21:00,2019-03-19,2019-01-07,2019-01-07,Employees/Designated Employees,Market Sale,Sell,Equity Shares,1500.0,0.0,0.0,0.0,0.0,3179.0,0.0,1679.0,0.0
AUBANK,2019-03-19 19:21:00,2019-03-19,2018-12-13,2018-12-13,Employees/Designated Employees,Market Sale,Sell,Equity Shares,11.0,0.0,0.0,0.0,0.0,3190.0,0.0,3179.0,0.0
AUBANK,2019-03-19 19:21:00,2019-03-19,2019-03-15,2019-03-15,Employees/Designated Employees,ESOP,Buy,Equity Shares,1823.0,0.0,0.0,0.0,0.0,15808.0,0.01,17631.0,0.01
AUBANK,2019-03-19 19:21:00,2019-03-19,2019-03-15,2019-03-15,Employees/Designated Employees,ESOP,Buy,Equity Shares,2502.0,0.0,0.0,0.0,0.0,6718.0,0.0,9220.0,0.0
AUBANK,2019-03-19 19:21:00,2019-03-19,2019-03-15,2019-03-15,Employees/Designated Employees,ESOP,Buy,Equity Shares,5961.0,0.0,0.0,0.0,0.0,49522.0,0.02,55483.0,0.02
AUBANK,2019-03-19 19:21:00,2019-03-19,2019-03-15,2019-03-15,Employees/Designated Employees,ESOP,Buy,Equity Shares,2978.0,0.0,0.0,0.0,0.0,496.0,0.0,3474.0,0.0
AUBANK,2019-03-19 19:21:00,2019-03-19,2019-03-15,2019-03-15,Employees/Designated Employees,ESOP,Buy,Equity Shares,850.0,0.0,0.0,0.0,0.0,,0.0,850.0,0.0
AUBANK,2019-03-19 19:21:00,2019-03-19,2019-03-06,2019-03-06,Employees/Designated Employees,Market Sale,Sell,Equity Shares,500.0,0.0,0.0,0.0,0.0,1679.0,0.0,1179.0,0.0
AUBANK,2019-03-19 19:21:00,2019-03-19,2019-03-15,2019-03-15,Employees/Designated Employees,ESOP,Buy,Equity Shares,1460.0,0.0,0.0,0.0,0.0,,0.0,1460.0,0.0
AUBANK,2019-03-19 19:21:00,2019-03-19,2019-03-15,2019-03-15,Employees/Designated Employees,Off Market,Pledge,Equity Shares,1460.0,0.0,0.0,0.0,0.0,1460.0,0.0,1460.0,0.0
AUBANK,2019-03-20 18:26:00,2019-03-18,2019-03-06,2019-03-06,Employees/Designated Employees,Market Sale,Sell,Equity Shares,400.0,0.0,0.0,0.0,0.0,32241.0,0.0,31841.0,0.0
AUBANK,2019-03-20 18:26:00,2019-03-18,2019-01-10,2019-01-10,Employees/Designated Employees,Market Sale,Sell,Equity Shares,300.0,0.0,0.0,0.0,0.0,34141.0,0.0,33841.0,0.0
AUBANK,2019-03-20 18:26:00,2019-03-18,2019-01-22,2019-01-22,Employees/Designated Employees,Market Sale,Sell,Equity Shares,400.0,0.0,0.0,0.0,0.0,33841.0,0.0,33441.0,0.0
AUBANK,2019-03-20 18:26:00,2019-03-18,2019-02-28,2019-02-28,Employees/Designated Employees,Market Sale,Sell,Equity Shares,400.0,0.0,0.0,0.0,0.0,32641.0,0.0,32241.0,0.0
AUBANK,2019-03-20 18:26:00,2019-03-18,2019-02-22,2019-02-22,Employees/Designated Employees,Market Sale,Sell,Equity Shares,400.0,0.0,0.0,0.0,0.0,33041.0,0.0,32641.0,0.0
AUBANK,2019-03-20 18:26:00,2019-03-18,2019-02-15,2019-02-15,Employees/Designated Employees,Market Sale,Sell,Equity Shares,400.0,0.0,0.0,0.0,0.0,33441.0,0.0,33041.0,0.0
AUBANK,2019-03-20 18:26:00,2019-03-19,2019-03-15,2019-03-15,Employees/Designated Employees,Pledge Creation,Pledge,Equity Shares,8322.0,0.0,0.0,0.0,0.0,22233.0,0.01,22233.0,0.01
AUBANK,2019-03-20 18:26:00,2019-03-19,2019-03-15,2019-03-15,Employees/Designated Employees,ESOP,Buy,Equity Shares,8322.0,0.0,0.0,0.0,0.0,13911.0,0.0,22233.0,0.01
AUBANK,2019-03-30 20:01:00,2019-03-30,2019-03-18,2019-03-18,Employees/Designated Employees,ESOP,Buy,Equity Shares,415.0,0.0,0.0,0.0,0.0,1868.0,0.0,2283.0,0.0
AUBANK,2019-03-30 20:01:00,2019-03-30,2019-03-12,2019-03-12,Employees/Designated Employees,Market Sale,Sell,Equity Shares,2206.0,0.0,0.0,0.0,0.0,4074.0,0.0,1868.0,0.0
AUBANK,2019-03-30 20:01:00,2019-03-30,2019-03-15,2019-03-15,Employees/Designated Employees,ESOP,Buy,Equity Shares,704.0,0.0,0.0,0.0,0.0,3126.0,0.0,3830.0,0.0
AUBANK,2019-03-30 20:01:00,2019-03-30,2019-03-15,2019-03-15,Employees/Designated Employees,ESOP,Buy,Equity Shares,2908.0,0.0,0.0,0.0,0.0,,0.0,2908.0,0.0
AUBANK,2019-03-30 20:01:00,2019-03-30,2019-02-18,2019-02-18,Employees/Designated Employees,Market Sale,Sell,Equity Shares,863.0,0.0,0.0,0.0,0.0,4937.0,0.0,4074.0,0.0
AUBANK,2019-03-30 20:01:00,2019-03-30,2019-03-28,2019-03-28,Employees/Designated Employees,Market Sale,Sell,Equity Shares,400.0,0.0,0.0,0.0,0.0,31441.0,0.01,31041.0,0.01
AUBANK,2019-03-30 20:01:00,2019-03-30,2019-02-06,2019-02-06,Employees/Designated Employees,Market Sale,Sell,Equity Shares,370.0,0.0,0.0,0.0,0.0,5617.0,0.0,5247.0,0.0
AUBANK,2019-03-30 20:01:00,2019-03-30,2019-02-15,2019-02-15,Employees/Designated Employees,Market Sale,Sell,Equity Shares,310.0,0.0,0.0,0.0,0.0,5247.0,0.0,4937.0,0.0
AUBANK,2019-03-30 20:01:00,2019-03-30,2019-03-18,2019-03-18,Employees/Designated Employees,Market Sale,Sell,Equity Shares,400.0,0.0,0.0,0.0,0.0,31841.0,0.01,31441.0,0.01
AUBANK,2019-04-03 18:33:00,2019-04-02,2019-03-15,2019-03-15,Employees/Designated Employees,Market Sale,Sell,Equity Shares,300.0,0.0,0.0,0.0,0.0,19837.0,0.01,19537.0,0.01
AUBANK,2019-04-03 18:33:00,2019-04-02,2019-03-15,2019-03-15,Employees/Designated Employees,ESOP,Buy,Equity Shares,97.0,0.0,0.0,0.0,0.0,556.0,0.0,653.0,0.0
AUBANK,2019-04-03 18:33:00,2019-04-02,2019-03-05,2019-03-05,Employees/Designated Employees,Market Sale,Sell,Equity Shares,792.0,0.0,0.0,0.0,0.0,2422.0,0.0,1630.0,0.0
AUBANK,2019-04-03 18:33:00,2019-04-02,2019-03-13,2019-03-13,Employees/Designated Employees,ESOP,Buy,Equity Shares,600.0,0.0,0.0,0.0,0.0,1630.0,0.0,2230.0,0.0
AUBANK,2019-04-03 18:33:00,2019-04-02,2019-03-15,2019-03-15,Employees/Designated Employees,ESOP,Buy,Equity Shares,588.0,0.0,0.0,0.0,0.0,19249.0,0.01,19837.0,0.01
AUBANK,2019-04-03 18:33:00,2019-04-02,2019-01-22,2019-01-22,Employees/Designated Employees,Market Sale,Sell,Equity Shares,479.0,0.0,0.0,0.0,0.0,20856.0,0.01,20377.0,0.01
AUBANK,2019-04-03 18:33:00,2019-04-02,2019-02-05,2019-02-05,Employees/Designated Employees,Market Sale,Sell,Equity Shares,600.0,0.0,0.0,0.0,0.0,20377.0,0.01,19777.0,0.01
AUBANK,2019-04-03 18:33:00,2019-04-02,2019-03-08,2019-03-08,Employees/Designated Employees,Market Sale,Sell,Equity Shares,528.0,0.0,0.0,0.0,0.0,19777.0,0.01,19249.0,0.01
AUBANK,2019-04-03 18:33:00,2019-04-02,2019-03-15,2019-03-15,Employees/Designated Employees,Market Sale,Sell,Equity Shares,730.0,0.0,0.0,0.0,0.0,2230.0,0.0,1500.0,0.0
AUBANK,2019-05-03 17:38:00,2019-05-02,2019-05-02,2019-05-02,Employees/Designated Employees,Market Sale,Sell,Equity Shares,3000.0,0.0,0.0,0.0,0.0,48954.0,0.01,45954.0,0.01
AUBANK,2019-05-03 17:38:00,2019-05-03,2019-01-08,2019-01-10,Employees/Designated Employees,Market Sale,Sell,Equity Shares,1350.0,0.0,0.0,0.0,0.0,8876.0,0.0,7526.0,0.0
AUBANK,2019-05-03 17:38:00,2019-05-03,2019-03-26,2019-03-26,Employees/Designated Employees,Market Purchase,Buy,Equity Shares,800.0,0.0,0.0,0.0,0.0,7526.0,0.0,8326.0,0.0
AUBANK,2019-05-15 19:22:00,2019-05-13,2019-05-10,2019-05-10,Other,Off Market,Pledge,Equity Shares,400000.0,0.0,0.0,0.0,0.0,2238576.0,0.77,2238576.0,0.77
AUBANK,2019-05-15 19:23:00,2019-05-13,2019-05-10,2019-05-10,Promoters,Off Market,Pledge,Equity Shares,1100000.0,0.0,0.0,0.0,0.0,6829321.0,2.34,6829321.0,2.34
AUBANK,2019-05-15 19:23:00,2019-05-13,2019-05-10,2019-05-10,Promoters,Off Market,Pledge Revoke,Equity Shares,1100000.0,0.0,0.0,0.0,0.0,6829321.0,2.34,6829321.0,2.34
AUBANK,2019-05-15 19:23:00,2019-05-13,2019-05-13,2019-05-13,Promoters,Off Market,Pledge,Equity Shares,448800.0,0.0,0.0,0.0,0.0,11820430.0,4.04,11820430.0,4.04
AUBANK,2019-05-17 19:33:00,2019-05-16,2019-05-15,2019-05-15,Employees/Designated Employees,Market Sale,Sell,Equity Shares,5000.0,0.0,0.0,0.0,0.0,1401725.0,0.48,1396725.0,0.48
AUBANK,2019-05-28 19:16:00,2019-05-27,2019-05-21,2019-05-21,Employees/Designated Employees,Market Sale,Sell,Equity Shares,1000.0,0.0,0.0,0.0,0.0,14137.0,0.0,13137.0,0.0
AUBANK,2019-05-28 19:16:00,2019-05-27,2019-05-23,2019-05-23,Employees/Designated Employees,Market Sale,Sell,Equity Shares,1000.0,0.0,0.0,0.0,0.0,13137.0,0.0,12137.0,0.0
AUBANK,2019-06-03 18:59:00,2019-06-01,2019-05-29,2019-05-30,Employees/Designated Employees,Market Sale,Sell,Equity Shares,1000.0,0.0,0.0,0.0,0.0,12137.0,0.0,11137.0,0.0
AUBANK,2019-07-01 19:19:00,2019-07-01,2019-06-28,2019-06-28,Employees/Designated Employees,Market Sale,Sell,Equity Shares,1137.0,0.0,0.0,0.0,0.0,11137.0,0.0,10000.0,0.0
AUBANK,2019-07-06 16:06:00,2019-07-05,2019-07-04,2019-07-04,Employees/Designated Employees,ESOP,Buy,Equity Shares,1592.0,0.0,0.0,0.0,0.0,32848.0,0.01,34440.0,0.01
AUBANK,2019-08-02 18:17:00,2019-08-02,2019-08-02,2019-08-02,Employees/Designated Employees,Market Sale,Sell,Equity Shares,1500.0,0.0,0.0,0.0,0.0,28044.0,0.01,26544.0,0.01
AUBANK,2019-08-02 18:17:00,2019-08-02,2019-08-01,2019-08-01,Employees/Designated Employees,Market Sale,Sell,Equity Shares,1000.0,0.0,0.0,0.0,0.0,29044.0,0.01,28044.0,0.01
AUBANK,2019-08-07 17:13:00,2019-08-06,2019-08-06,2019-08-06,Employees/Designated Employees,Market Sale,Sell,Equity Shares,1000.0,0.0,0.0,0.0,0.0,26544.0,0.01,25544.0,0.01
AUBANK,2019-08-08 18:58:00,2019-08-08,2019-08-08,2019-08-08,Employees/Designated Employees,Market Sale,Sell,Equity Shares,1000.0,0.0,0.0,0.0,0.0,24544.0,0.01,23544.0,0.01
AUBANK,2019-08-08 18:58:00,2019-08-07,2019-08-07,2019-08-07,Employees/Designated Employees,Market Sale,Sell,Equity Shares,1000.0,0.0,0.0,0.0,0.0,25544.0,0.01,24544.0,0.01
AUBANK,2019-08-09 17:13:00,2019-08-09,2019-08-09,2019-08-09,Employees/Designated Employees,Market Sale,Sell,Equity Shares,2500.0,0.0,0.0,0.0,0.0,23544.0,0.01,21044.0,0.01
AUBANK,2019-08-14 18:32:00,2019-08-13,2019-08-13,2019-08-13,Employees/Designated Employees,Market Sale,Sell,Equity Shares,1000.0,0.0,0.0,0.0,0.0,21044.0,0.01,20044.0,0.01
AUBANK,2019-08-22 19:36:00,2019-08-22,2019-08-21,2019-08-21,Employees/Designated Employees,ESOP,Buy,Equity Shares,4020.0,0.0,0.0,0.0,0.0,6195.0,0.01,10215.0,0.01
AUBANK,2019-08-22 19:36:00,2019-08-22,2019-08-21,2019-08-21,Employees/Designated Employees,ESOP,Buy,Equity Shares,13725.0,0.0,0.0,0.0,0.0,10344.0,0.01,24069.0,0.01
AUBANK,2019-08-22 19:36:00,2019-08-22,2019-08-21,2019-08-21,Employees/Designated Employees,ESOP,Buy,Equity Shares,16911.0,0.0,0.0,0.0,0.0,45954.0,0.02,62865.0,0.02
AUBANK,2019-08-22 19:36:00,2019-08-22,2019-08-21,2019-08-21,Employees/Designated Employees,ESOP,Buy,Equity Shares,6825.0,0.0,0.0,0.0,0.0,13002.0,0.01,19827.0,0.01
AUBANK,2019-08-22 19:36:00,2019-08-22,2019-08-21,2019-08-21,Employees/Designated Employees,ESOP,Buy,Equity Shares,59536.0,0.0,0.0,0.0,0.0,37646.0,0.01,97182.0,0.03
AUBANK,2019-08-22 19:36:00,2019-08-22,2019-08-21,2019-08-21,Employees/Designated Employees,ESOP,Buy,Equity Shares,11556.0,0.0,0.0,0.0,0.0,48762.0,0.02,60318.0,0.02
AUBANK,2019-08-22 19:36:00,2019-08-22,2019-08-21,2019-08-21,Employees/Designated Employees,ESOP,Buy,Equity Shares,23244.0,0.0,0.0,0.0,0.0,24307.0,0.01,47551.0,0.01
AUBANK,2019-08-22 19:36:00,2019-08-22,2019-08-21,2019-08-21,Employees/Designated Employees,ESOP,Buy,Equity Shares,2289.0,0.0,0.0,0.0,0.0,5730.0,0.01,8019.0,0.01
AUBANK,2019-08-22 19:36:00,2019-08-22,2019-08-21,2019-08-21,Employees/Designated Employees,ESOP,Buy,Equity Shares,3600.0,0.0,0.0,0.0,0.0,1999.0,0.01,5599.0,0.01
AUBANK,2019-08-22 19:36:00,2019-08-22,2019-08-21,2019-08-21,Employees/Designated Employees,ESOP,Buy,Equity Shares,2000.0,0.0,0.0,0.0,0.0,1412.0,0.01,3412.0,0.01
AUBANK,2019-08-22 19:36:00,2019-08-22,2019-08-21,2019-08-21,Employees/Designated Employees,ESOP,Buy,Equity Shares,1500.0,0.0,0.0,0.0,0.0,2283.0,0.01,3783.0,0.01
AUBANK,2019-08-22 19:36:00,2019-08-22,2019-08-21,2019-08-21,Employees/Designated Employees,ESOP,Buy,Equity Shares,9225.0,0.0,0.0,0.0,0.0,10000.0,0.01,19225.0,0.01
AUBANK,2019-08-22 19:36:00,2019-08-22,2019-08-21,2019-08-21,Employees/Designated Employees,ESOP,Buy,Equity Shares,4614.0,0.0,0.0,0.0,0.0,1685.0,0.01,6299.0,0.01
AUBANK,2019-08-22 19:36:00,2019-08-22,2019-08-21,2019-08-21,Employees/Designated Employees,ESOP,Buy,Equity Shares,10932.0,0.0,0.0,0.0,0.0,34440.0,0.01,45372.0,0.02
AUBANK,2019-08-22 19:36:00,2019-08-22,2019-08-21,2019-08-21,Employees/Designated Employees,ESOP,Buy,Equity Shares,5127.0,0.0,0.0,0.0,0.0,20044.0,0.01,25171.0,0.01
AUBANK,2019-08-22 19:36:00,2019-08-22,2019-08-21,2019-08-21,Employees/Designated Employees,ESOP,Buy,Equity Shares,4647.0,0.0,0.0,0.0,0.0,18291.0,0.01,22938.0,0.01
AUBANK,2019-08-28 15:45:00,2019-08-27,2019-08-26,2019-08-26,Director,Pledge Creation,Pledge,Equity Shares,94289.0,0.0,0.0,0.0,0.0,94289.0,0.03,94289.0,0.03
AUBANK,2019-08-29 18:31:00,2019-08-22,2019-08-21,2019-08-21,Employees/Designated Employees,ESOP,Buy,Equity Shares,59509.0,0.0,0.0,0.0,0.0,37646.0,0.01,97155.0,0.01
AUBANK,2019-08-29 18:31:00,2019-08-29,2019-08-21,2019-08-21,Employees/Designated Employees,ESOP,Buy,Equity Shares,1250.0,0.0,0.0,0.0,0.0,47551.0,0.01,48801.0,0.01
AUBANK,2019-08-29 18:31:00,2019-08-29,2019-08-21,2019-08-21,Employees/Designated Employees,ESOP,Buy,Equity Shares,631.0,0.0,0.0,0.0,0.0,62865.0,0.02,63496.0,0.02
AUBANK,2019-09-02 10:29:00,2019-08-31,2019-08-19,2019-08-19,Employees/Designated Employees,Market Sale,Sell,Equity Shares,500.0,0.0,0.0,0.0,0.0,6161.0,0.01,5661.0,0.01
AUBANK,2019-09-02 10:29:00,2019-08-31,2019-08-16,2019-08-16,Employees/Designated Employees,Market Sale,Sell,Equity Shares,138.0,0.0,0.0,0.0,0.0,6299.0,0.01,6161.0,0.01
AUBANK,2019-09-16 18:22:00,2019-09-16,2019-09-13,2019-09-13,Employees/Designated Employees,Market Sale,Sell,Equity Shares,5000.0,0.0,0.0,0.0,0.0,1396725.0,0.48,1391725.0,0.48
AUBANK,2019-09-17 18:03:00,2019-09-17,2019-09-09,2019-09-09,Employees/Designated Employees,Market Sale,Sell,Equity Shares,320.0,0.0,0.0,0.0,0.0,19827.0,0.01,19507.0,0.01
AUBANK,2019-09-17 18:03:00,2019-09-17,2019-07-05,2019-07-05,Employees/Designated Employees,ESOP,Buy,Equity Shares,701.0,0.0,0.0,0.0,0.0,17590.0,0.01,18291.0,0.01
AUBANK,2019-09-20 20:02:00,2019-09-19,2019-09-19,2019-09-19,Employees/Designated Employees,ESOP,Buy,Equity Shares,5907.0,0.0,0.0,0.0,0.0,24069.0,0.01,29976.0,0.0
AUBANK,2019-09-20 20:02:00,2019-09-19,2019-09-19,2019-09-19,Employees/Designated Employees,Pledge Creation,Pledge,Equity Shares,5979.0,0.0,0.0,0.0,0.0,69475.0,0.0,51933.0,0.0
AUBANK,2019-09-20 20:02:00,2019-09-19,2019-09-19,2019-09-19,Employees/Designated Employees,ESOP,Buy,Equity Shares,1269.0,0.0,0.0,0.0,0.0,3758.0,0.0,5027.0,0.0
AUBANK,2019-09-20 20:02:00,2019-09-19,2019-09-19,2019-09-19,Employees/Designated Employees,ESOP,Buy,Equity Shares,5991.0,0.0,0.0,0.0,0.0,6898.0,0.0,12889.0,0.0
AUBANK,2019-09-20 20:02:00,2019-09-19,2019-08-21,2019-08-21,Employees/Designated Employees,ESOP,Buy,Equity Shares,308.0,0.0,0.0,0.0,0.0,3450.0,0.0,3758.0,0.0
AUBANK,2019-09-20 20:02:00,2019-09-19,2019-09-19,2019-09-19,Employees/Designated Employees,ESOP,Buy,Equity Shares,7713.0,0.0,0.0,0.0,0.0,19507.0,0.01,27220.0,0.0
AUBANK,2019-09-20 20:02:00,2019-09-19,2019-09-19,2019-09-19,Employees/Designated Employees,Pledge Creation,Pledge,Equity Shares,6162.0,0.0,0.0,0.0,0.0,54963.0,0.02,54963.0,0.0
AUBANK,2019-09-20 20:02:00,2019-09-19,2019-09-19,2019-09-19,Employees/Designated Employees,ESOP,Buy,Equity Shares,6162.0,0.0,0.0,0.0,0.0,48801.0,0.02,54963.0,0.02
AUBANK,2019-09-20 20:02:00,2019-09-19,2019-09-19,2019-09-19,Employees/Designated Employees,ESOP,Buy,Equity Shares,5688.0,0.0,0.0,0.0,0.0,22938.0,0.01,28626.0,0.01
AUBANK,2019-09-20 20:02:00,2019-09-19,2019-09-19,2019-09-19,Employees/Designated Employees,ESOP,Buy,Equity Shares,2820.0,0.0,0.0,0.0,0.0,8019.0,0.0,10839.0,0.0
AUBANK,2019-09-20 20:02:00,2019-09-19,2019-09-19,2019-09-19,Employees/Designated Employees,ESOP,Buy,Equity Shares,30000.0,0.0,0.0,0.0,0.0,98574.0,0.03,128574.0,0.04
AUBANK,2019-09-20 20:02:00,2019-09-19,2019-09-19,2019-09-19,Employees/Designated Employees,Pledge Creation,Pledge,Equity Shares,30000.0,0.0,0.0,0.0,0.0,128574.0,0.04,128574.0,0.04
AUBANK,2019-09-20 20:02:00,2019-09-19,2019-09-19,2019-09-19,Employees/Designated Employees,ESOP,Buy,Equity Shares,15000.0,0.0,0.0,0.0,0.0,12200.0,0.0,27200.0,0.0
AUBANK,2019-09-20 20:02:00,2019-09-19,2019-09-19,2019-09-19,Employees/Designated Employees,Market Sale,Sell,Equity Shares,700.0,0.0,0.0,0.0,0.0,12900.0,0.0,12200.0,0.0
AUBANK,2019-09-20 20:02:00,2019-09-19,2019-09-19,2019-09-19,Employees/Designated Employees,ESOP,Buy,Equity Shares,300.0,0.0,0.0,0.0,0.0,3783.0,0.0,4083.0,0.0
AUBANK,2019-09-20 20:02:00,2019-09-19,2019-09-19,2019-09-19,Employees/Designated Employees,ESOP,Buy,Equity Shares,5979.0,0.0,0.0,0.0,0.0,63496.0,0.02,69475.0,0.0
AUBANK,2019-09-20 20:02:00,2019-09-19,2019-09-19,2019-09-19,Employees/Designated Employees,Pledge Creation,Pledge,Equity Shares,1000.0,0.0,0.0,0.0,0.0,11215.0,0.0,11215.0,0.0
AUBANK,2019-09-20 20:02:00,2019-09-19,2019-09-19,2019-09-19,Employees/Designated Employees,ESOP,Buy,Equity Shares,1542.0,0.0,0.0,0.0,0.0,19225.0,0.01,20767.0,0.0
AUBANK,2019-09-20 20:02:00,2019-09-19,2019-09-19,2019-09-19,Employees/Designated Employees,ESOP,Buy,Equity Shares,1263.0,0.0,0.0,0.0,0.0,5661.0,0.0,6924.0,0.0
AUBANK,2019-09-20 20:02:00,2019-09-19,2019-09-19,2019-09-19,Employees/Designated Employees,ESOP,Buy,Equity Shares,1000.0,0.0,0.0,0.0,0.0,10215.0,0.0,11215.0,0.0
AUBANK,2019-09-24 19:10:00,,2019-09-23,2019-09-23,Employees/Designated Employees,Market Sale,Sell,Equity Shares,500.0,0.0,0.0,0.0,0.0,26820.0,0.01,26320.0,0.01
AUBANK,2019-09-24 19:10:00,,2019-09-19,2019-09-19,Employees/Designated Employees,ESOP,Buy,Equity Shares,2562.0,0.0,0.0,0.0,0.0,21732.0,0.01,24294.0,0.01
AUBANK,2019-09-24 19:10:00,,2019-09-18,2019-09-18,Employees/Designated Employees,Market Sale,Sell,Equity Shares,400.0,0.0,0.0,0.0,0.0,27220.0,0.01,26820.0,0.01
AUBANK,2019-10-01 19:32:00,2019-10-01,2019-09-23,2019-09-27,Employees/Designated Employees,Market Sale,Sell,Equity Shares,10000.0,0.0,0.0,0.0,0.0,69475.0,0.02,59475.0,0.02
AUBANK,2019-10-03 19:04:00,2019-10-03,2019-09-24,2019-09-24,Employees/Designated Employees,Market Sale,Sell,Equity Shares,93.0,0.0,0.0,0.0,0.0,6924.0,0.0,6831.0,0.0
AUBANK,2019-10-03 19:04:00,2019-10-03,2019-09-30,2019-09-30,Employees/Designated Employees,Market Sale,Sell,Equity Shares,2000.0,0.0,0.0,0.0,0.0,1391725.0,0.47,1389725.0,0.47
AUBANK,2019-10-09 12:24:00,2019-10-04,2019-09-17,2019-09-17,Employees/Designated Employees,Pledge Creation,Pledge,Equity Shares,8200.0,0.0,0.0,0.0,0.0,8326.0,0.0,8326.0,0.0
AUBANK,2019-10-23 16:13:00,2019-10-23,2019-10-22,2019-10-22,Employees/Designated Employees,ESOP,Buy,Equity Shares,6192.0,0.0,0.0,0.0,0.0,17631.0,0.01,23823.0,0.01
AUBANK,2019-10-23 16:13:00,2019-10-23,2019-10-22,2019-10-22,Key Managerial Personnel,ESOP,Buy,Equity Shares,4668.0,0.0,0.0,0.0,0.0,59291.0,0.02,63959.0,0.02
AUBANK,2019-10-23 16:13:00,2019-10-23,2019-10-22,2019-10-22,Key Managerial Personnel,Pledge Creation,Pledge,Equity Shares,4668.0,0.0,0.0,0.0,0.0,63959.0,0.02,63959.0,0.02
AUBANK,2019-11-01 18:11:00,2019-10-30,2019-10-29,2019-10-29,Employees/Designated Employees,Market Sale,Sell,Equity Shares,3000.0,0.0,0.0,0.0,0.0,128574.0,0.04,125574.0,0.04
AUBANK,2019-11-01 18:11:00,2019-10-30,2019-10-29,2019-10-29,Employees/Designated Employees,Market Sale,Sell,Equity Shares,13521.0,0.0,0.0,0.0,0.0,59475.0,0.02,45954.0,0.01
AUBANK,2019-11-04 18:51:00,2019-11-02,2019-10-31,2019-10-31,Employees/Designated Employees,Market Sale,Sell,Equity Shares,3000.0,0.0,0.0,0.0,0.0,125574.0,0.04,122574.0,0.04
AUBANK,2019-11-04 18:51:00,2019-11-04,2019-11-01,2019-11-01,Employees/Designated Employees,Market Sale,Sell,Equity Shares,10000.0,0.0,0.0,0.0,0.0,1389725.0,0.47,1379725.0,0.47
AUBANK,2019-11-15 09:58:00,2019-11-14,2019-11-11,2019-11-13,Employees/Designated Employees,Market Sale,Sell,Equity Shares,4294.0,0.0,0.0,0.0,0.0,24294.0,0.01,20000.0,0.01
AUBANK,2019-11-16 19:13:00,2019-11-15,2019-11-15,2019-11-15,Employees/Designated Employees,Revokation of Pledge,Pledge Revoke,Equity Shares,3400.0,0.0,0.0,0.0,0.0,3765.0,0.0,3765.0,0.0
AUBANK,2019-11-16 19:13:00,2019-11-15,2019-11-15,2019-11-15,Employees/Designated Employees,ESOP,Buy,Equity Shares,4820.0,0.0,0.0,0.0,0.0,3765.0,0.0,8585.0,0.0
AUBANK,2019-11-16 19:13:00,2019-11-15,2019-11-13,2019-11-14,Employees/Designated Employees,Market Sale,Sell,Equity Shares,1767.0,0.0,0.0,0.0,0.0,20767.0,0.01,19000.0,0.01
AUBANK,2019-11-16 19:13:00,2019-11-15,2019-11-13,2019-11-14,Employees/Designated Employees,Market Sale,Sell,Equity Shares,13500.0,0.0,0.0,0.0,0.0,1379725.0,0.47,1366225.0,0.46
AUBANK,2019-11-16 19:13:00,2019-11-15,2019-11-13,2019-11-13,Employees/Designated Employees,Market Sale,Sell,Equity Shares,3000.0,0.0,0.0,0.0,0.0,14291.0,0.0,11291.0,0.0
AUBANK,2019-11-16 19:13:00,2019-11-15,2019-11-13,2019-11-13,Employees/Designated Employees,Market Sale,Sell,Equity Shares,3500.0,0.0,0.0,0.0,0.0,45372.0,0.02,41872.0,0.01
AUBANK,2019-11-16 19:13:00,2019-11-15,2019-11-13,2019-11-14,Employees/Designated Employees,Market Sale,Sell,Equity Shares,2000.0,0.0,0.0,0.0,0.0,19904.0,0.01,17904.0,0.01
AUBANK,2019-11-16 19:13:00,2019-11-14,2019-11-13,2019-11-13,Employees/Designated Employees,Market Sale,Sell,Equity Shares,2000.0,0.0,0.0,0.0,0.0,5765.0,0.0,3765.0,0.0
AUBANK,2019-11-18 19:38:00,2019-11-15,2019-10-25,2019-10-25,Employees/Designated Employees,Market Sale,Sell,Equity Shares,300.0,0.0,0.0,0.0,0.0,26320.0,0.01,26020.0,0.01
AUBANK,2019-11-18 19:38:00,2019-11-15,2019-11-13,2019-11-13,Employees/Designated Employees,Market Sale,Sell,Equity Shares,2908.0,0.0,0.0,0.0,0.0,2908.0,0.0,,0.0
AUBANK,2019-11-18 19:38:00,2019-11-15,2019-11-11,2019-11-13,Employees/Designated Employees,Market Sale,Sell,Equity Shares,16000.0,0.0,0.0,0.0,0.0,41696.0,0.01,25696.0,0.01
AUBANK,2019-11-18 19:38:00,2019-11-15,2019-11-13,2019-11-13,Employees/Designated Employees,Market Sale,Sell,Equity Shares,5000.0,0.0,0.0,0.0,0.0,16998.0,0.01,11998.0,0.01
AUBANK,2019-11-18 19:38:00,2019-11-15,2019-11-11,2019-11-13,Employees/Designated Employees,Market Sale,Sell,Equity Shares,1800.0,0.0,0.0,0.0,0.0,26020.0,0.01,24220.0,0.01
AUBANK,2019-11-18 19:38:00,2019-11-15,2019-11-01,2019-11-01,Employees/Designated Employees,Market Sale,Sell,Equity Shares,1049.0,0.0,0.0,0.0,0.0,42745.0,0.01,41696.0,0.01
AUBANK,2019-11-18 19:38:00,2019-11-15,2019-11-13,2019-11-13,Employees/Designated Employees,Revokation of Pledge,Pledge Revoke,Equity Shares,2908.0,0.0,0.0,0.0,0.0,2908.0,0.0,2908.0,0.0
AUBANK,2019-11-22 19:05:00,2019-11-20,2019-11-18,2019-11-18,Employees/Designated Employees,Market Sale,Sell,Equity Shares,7000.0,0.0,0.0,0.0,0.0,1366225.0,0.46,1359225.0,0.46
AUBANK,2019-11-22 19:05:00,2019-11-20,2019-11-14,2019-11-14,Employees/Designated Employees,Market Sale,Sell,Equity Shares,5000.0,0.0,0.0,0.0,0.0,45954.0,0.01,40954.0,0.01
AUBANK,2019-11-25 19:37:00,2019-11-25,2019-11-22,2019-11-22,Employees/Designated Employees,Market Sale,Sell,Equity Shares,5000.0,0.0,0.0,0.0,0.0,1359225.0,0.46,1354225.0,0.46
AUBANK,2019-11-28 19:20:00,2019-11-27,2019-11-13,2019-11-13,Employees/Designated Employees,Revokation of Pledge,Pledge Revoke,Equity Shares,5000.0,0.0,0.0,0.0,0.0,45954.0,0.01,45954.0,0.01
AUBANK,2019-12-03 19:27:00,2019-12-02,2019-11-15,2019-11-15,Employees/Designated Employees,Revokation of Pledge,Pledge Revoke,Equity Shares,10615.0,0.0,0.0,0.0,0.0,25696.0,0.01,25696.0,0.01
AUBANK,2019-12-03 19:27:00,2019-12-02,2019-11-28,2019-11-28,Employees/Designated Employees,Market Sale,Sell,Equity Shares,5000.0,0.0,0.0,0.0,0.0,1354225.0,0.46,1349225.0,0.45
AUBANK,2019-12-03 19:39:00,2019-11-20,2019-11-14,2019-11-14,Employees/Designated Employees,Invocation of pledge,Pledge Revoke,Equity Shares,5000.0,0.0,0.0,0.0,0.0,45954.0,0.01,45954.0,0.01
AUBANK,2019-12-04 12:34:00,2019-11-20,2019-11-14,2019-11-14,Employees/Designated Employees,Invocation of pledge,Pledge Invoke,Equity Shares,5000.0,0.0,0.0,0.0,0.0,45954.0,0.01,40954.0,0.01
AUBANK,2019-12-04 19:13:00,2019-12-02,2019-11-28,2019-11-28,Director,Revokation of Pledge,Pledge Revoke,Equity Shares,94289.0,0.0,0.0,0.0,0.0,94289.0,0.03,94289.0,0.03
AUBANK,2019-12-20 18:58:00,2019-12-20,2019-12-19,2019-12-19,Employees/Designated Employees,Market Sale,Sell,Equity Shares,5000.0,0.0,0.0,0.0,0.0,1349225.0,0.44,1344225.0,0.44
AUBANK,2019-12-24 18:50:00,2019-12-21,2019-12-20,2019-12-20,Employees/Designated Employees,Market Sale,Sell,Equity Shares,5000.0,0.0,0.0,0.0,0.0,1344225.0,0.44,1339225.0,0.44
AUBANK,2019-12-30 18:49:00,2019-12-26,2019-12-23,2019-12-24,Employees/Designated Employees,Market Sale,Sell,Equity Shares,6032.0,0.0,0.0,0.0,0.0,1339225.0,0.44,1333193.0,0.44
AUBANK,2019-12-30 18:49:00,2019-12-27,2019-12-26,2019-12-26,Employees/Designated Employees,Market Sale,Sell,Equity Shares,5000.0,0.0,0.0,0.0,0.0,1333193.0,0.44,1328193.0,0.44
AUBANK,2020-01-01 19:17:00,2019-12-30,2019-12-26,2019-12-26,Employees/Designated Employees,Market Sale,Sell,Equity Shares,100.0,0.0,0.0,0.0,0.0,10539.0,0.0,10439.0,0.0
AUBANK,2020-01-01 19:17:00,2019-12-30,2019-11-28,2019-11-28,Employees/Designated Employees,Market Sale,Sell,Equity Shares,300.0,0.0,0.0,0.0,0.0,10839.0,0.0,10539.0,0.0
AUBANK,2020-01-01 19:17:00,2019-12-30,2019-11-11,2019-11-14,Immediate relative,Market Sale,Sell,Equity Shares,950.0,0.0,0.0,0.0,0.0,7369.0,0.0,6419.0,0.0
AUBANK,2020-01-06 18:41:00,2020-01-06,2020-01-06,2020-01-06,Employees/Designated Employees,ESOP,Buy,Equity Shares,8690.0,0.0,0.0,0.0,0.0,11291.0,0.0,19981.0,0.01
AUBANK,2020-01-06 18:41:00,2020-01-06,2020-01-06,2020-01-06,Employees/Designated Employees,ESOP,Buy,Equity Shares,54027.0,0.0,0.0,0.0,0.0,1328193.0,0.44,1382220.0,0.45
AUBANK,2020-01-29 15:53:00,2020-01-27,2020-01-22,2020-01-23,Employees/Designated Employees,Pledge Creation,Pledge,Equity Shares,35640.0,0.0,0.0,0.0,0.0,40954.0,0.01,40954.0,0.01
AUBANK,2020-01-29 15:53:00,2020-01-27,2020-01-20,2020-01-23,Employees/Designated Employees,Revokation of Pledge,Pledge Revoke,Equity Shares,35720.0,0.0,0.0,0.0,0.0,40954.0,0.01,40954.0,0.01
AUBANK,2020-01-29 15:53:00,2020-01-29,2020-01-28,2020-01-28,Employees/Designated Employees,Market Sale,Sell,Equity Shares,5000.0,0.0,0.0,0.0,0.0,1382220.0,0.46,1377220.0,0.45
AUBANK,2020-01-30 17:41:00,2020-01-30,2020-01-29,2020-01-29,Employees/Designated Employees,Market Sale,Sell,Equity Shares,5000.0,0.0,0.0,0.0,0.0,1377220.0,0.45,1372220.0,0.45
AUBANK,2020-02-04 13:43:00,2020-02-03,2020-02-03,2020-02-03,Employees/Designated Employees,ESOP,Buy,Equity Shares,1000.0,0.0,0.0,0.0,0.0,1237.0,0.0,2237.0,0.0
AUBANK,2020-02-04 13:43:00,2020-02-03,2020-02-03,2020-02-03,Employees/Designated Employees,ESOP,Buy,Equity Shares,5500.0,0.0,0.0,0.0,0.0,11945.0,0.0,17445.0,0.01
AUBANK,2020-02-04 13:43:00,2020-02-03,2020-02-03,2020-02-03,Employees/Designated Employees,Pledge Creation,Pledge,Equity Shares,5500.0,0.0,0.0,0.0,0.0,17445.0,0.01,17445.0,0.01
AUBANK,2020-02-05 20:01:00,2020-02-05,2020-02-03,2020-02-03,-,Market Sale,Sell,Equity Shares,66309.0,0.0,0.0,0.0,0.0,614288.0,0.2,547979.0,0.18
AUBANK,2020-02-06 17:31:00,2020-02-06,2020-02-04,2020-02-04,-,Market Sale,Sell,Equity Shares,24697.0,0.0,0.0,0.0,0.0,547979.0,0.18,523282.0,0.17
AUBANK,2020-02-06 17:42:00,2020-02-05,2020-01-27,2020-01-27,Employees/Designated Employees,Market Sale,Sell,Equity Shares,1000.0,0.0,0.0,0.0,0.0,24220.0,0.01,23220.0,0.01
AUBANK,2020-02-07 18:15:00,2020-02-07,2020-02-05,2020-02-05,-,Market Sale,Sell,Equity Shares,35000.0,0.0,0.0,0.0,0.0,523282.0,0.17,488282.0,0.16
AUBANK,2020-02-07 18:20:00,2020-02-07,2020-02-05,2020-02-05,Employees/Designated Employees,Market Sale,Sell,Equity Shares,1121.0,0.0,0.0,0.0,0.0,19000.0,0.01,17879.0,0.01
AUBANK,2020-02-10 18:40:00,2020-02-10,2020-02-07,2020-02-07,Employees/Designated Employees,Market Sale,Sell,Equity Shares,5000.0,0.0,0.0,0.0,0.0,1372220.0,0.45,1367220.0,0.45
AUBANK,2020-02-10 18:48:00,2020-02-10,2020-02-07,2020-02-07,-,Market Sale,Sell,Equity Shares,12433.0,0.0,0.0,0.0,0.0,488282.0,0.16,475849.0,0.15
AUBANK,2020-02-10 19:03:00,2020-02-07,2020-01-09,2020-01-09,Employees/Designated Employees,Market Sale,Sell,Equity Shares,200.0,0.0,0.0,0.0,0.0,10397.0,0.0,10197.0,0.0
AUBANK,2020-02-10 19:03:00,2020-02-07,2020-01-29,2020-01-29,Employees/Designated Employees,Market Sale,Sell,Equity Shares,3800.0,0.0,0.0,0.0,0.0,10197.0,0.0,6397.0,0.0
AUBANK,2020-02-11 18:54:00,2020-02-11,2020-02-10,2020-02-10,Employees/Designated Employees,Market Sale,Sell,Equity Shares,2000.0,0.0,0.0,0.0,0.0,1367220.0,0.45,1365220.0,0.44
AUBANK,2020-02-11 18:54:00,2020-02-11,2020-02-05,2020-02-05,Employees/Designated Employees,Market Sale,Sell,Equity Shares,1700.0,0.0,0.0,0.0,0.0,23220.0,0.01,21520.0,0.01
AUBANK,2020-02-11 19:05:00,2020-02-11,2020-02-10,2020-02-10,-,Market Sale,Sell,Equity Shares,40000.0,0.0,0.0,0.0,0.0,475849.0,0.15,435849.0,0.14
AUBANK,2020-02-12 18:35:00,2020-02-12,2020-02-11,2020-02-11,Employees/Designated Employees,Market Sale,Sell,Equity Shares,1500.0,0.0,0.0,0.0,0.0,1365220.0,0.44,1363720.0,0.44
AUBANK,2020-02-12 18:42:00,2020-02-12,2020-02-11,2020-02-11,-,Market Sale,Sell,Equity Shares,10000.0,0.0,0.0,0.0,0.0,435849.0,0.14,425849.0,0.14
AUBANK,2020-02-13 16:45:00,2020-02-13,2020-02-12,2020-02-12,Employees/Designated Employees,Market Sale,Sell,Equity Shares,1500.0,0.0,0.0,0.0,0.0,1363720.0,0.44,1362220.0,0.44
AUBANK,2020-02-13 16:54:00,2020-02-13,2020-02-12,2020-02-12,-,Market Sale,Sell,Equity Shares,18296.0,0.0,0.0,0.0,0.0,425849.0,0.14,407553.0,0.13
AUBANK,2020-02-19 18:54:00,2020-02-19,2020-02-11,2020-02-11,Employees/Designated Employees,Market Sale,Sell,Equity Shares,250.0,0.0,0.0,0.0,0.0,21520.0,0.01,21270.0,0.01
AUBANK,2020-02-26 18:46:00,2020-02-26,2020-02-06,2020-02-07,Immediate relative,Market Sale,Sell,Equity Shares,800.0,0.0,0.0,0.0,0.0,1370.0,0.0,570.0,0.0
AUBANK,2020-02-26 18:46:00,2020-02-26,2020-02-11,2020-02-11,Immediate relative,Market Sale,Sell,Equity Shares,500.0,0.0,0.0,0.0,0.0,570.0,0.0,70.0,0.0
AUBANK,2020-02-27 18:53:00,2020-02-26,2020-02-26,2020-02-26,-,Market Sale,Sell,Equity Shares,10000.0,0.0,0.0,0.0,0.0,407553.0,0.13,397553.0,0.13
AUBANK,2020-02-29 17:47:00,2020-02-28,2020-01-30,2020-01-30,Employees/Designated Employees,Market Sale,Sell,Equity Shares,500.0,0.0,0.0,0.0,0.0,36181.0,0.01,35681.0,0.01
AUBANK,2020-02-29 17:47:00,2020-02-28,2020-02-19,2020-02-19,Employees/Designated Employees,Market Sale,Sell,Equity Shares,400.0,0.0,0.0,0.0,0.0,35681.0,0.01,35281.0,0.01
AUBANK,2020-02-29 17:47:00,2020-02-28,2020-02-28,2020-02-28,Employees/Designated Employees,ESOP,Buy,Equity Shares,1631.0,0.0,0.0,0.0,0.0,40954.0,0.01,42585.0,0.01
AUBANK,2020-02-29 17:47:00,2020-02-28,2020-02-28,2020-02-28,Employees/Designated Employees,ESOP,Buy,Equity Shares,168400.0,0.0,0.0,0.0,0.0,1362220.0,0.45,1530620.0,0.5
AUBANK,2020-02-29 17:47:00,2020-02-28,2020-02-28,2020-02-28,Employees/Designated Employees,ESOP,Buy,Equity Shares,890.0,0.0,0.0,0.0,0.0,2237.0,0.0,3127.0,0.0
AUBANK,2020-02-29 17:47:00,2020-02-28,2020-02-28,2020-02-28,Employees/Designated Employees,ESOP,Buy,Equity Shares,1090.0,0.0,0.0,0.0,0.0,481.0,0.0,1571.0,0.0
AUBANK,2020-02-29 17:47:00,2020-02-28,2020-02-28,2020-02-28,Employees/Designated Employees,ESOP,Buy,Equity Shares,116.0,0.0,0.0,0.0,0.0,35281.0,0.01,35397.0,0.01
AUBANK,2020-02-29 17:47:00,2020-02-28,2020-02-28,2020-02-28,Key Managerial Personnel,ESOP,Buy,Equity Shares,100000.0,0.0,0.0,0.0,0.0,1066492.0,0.35,1166492.0,0.38
AUBANK,2020-02-29 17:47:00,2020-02-28,2020-02-28,2020-02-28,Employees/Designated Employees,ESOP,Buy,Equity Shares,9690.0,0.0,0.0,0.0,0.0,57077.0,0.02,66767.0,0.02
AUBANK,2020-02-29 17:47:00,2020-02-28,2020-02-03,2020-02-03,Employees/Designated Employees,ESOP,Buy,Equity Shares,450.0,0.0,0.0,0.0,0.0,31.0,0.0,481.0,0.0
AUBANK,2020-02-29 17:51:00,2020-02-29,2020-02-27,2020-02-27,Employees/Designated Employees,Market Sale,Sell,Equity Shares,400.0,0.0,0.0,0.0,0.0,35397.0,0.01,34997.0,0.01
AUBANK,2020-02-29 17:51:00,2020-02-29,2020-02-27,2020-02-27,Employees/Designated Employees,Market Purchase,Buy,Equity Shares,1500.0,0.0,0.0,0.0,0.0,1756.0,0.0,3256.0,0.0
AUBANK,2020-02-29 17:51:00,2020-02-28,2020-02-28,2020-02-28,Employees/Designated Employees,Market Sale,Sell,Equity Shares,9976.0,0.0,0.0,0.0,0.0,29976.0,0.01,20000.0,0.01
AUBANK,2020-03-04 19:09:00,2020-03-04,2020-03-02,2020-03-02,Employees/Designated Employees,Market Sale,Sell,Equity Shares,168400.0,0.0,0.0,0.0,0.0,1530620.0,0.5,1362220.0,0.45
AUBANK,2020-03-04 19:09:00,2020-03-03,2020-03-02,2020-03-02,Employees/Designated Employees,Market Sale,Sell,Equity Shares,250.0,0.0,0.0,0.0,0.0,21270.0,0.01,21020.0,0.01
AUBANK,2020-03-07 18:40:00,2020-03-06,2020-03-06,2020-03-06,Employees/Designated Employees,Market Sale,Sell,Equity Shares,5000.0,0.0,0.0,0.0,0.0,20000.0,0.01,15000.0,0.0
AUBANK,2020-03-07 18:40:00,2020-03-06,2020-03-05,2020-03-05,Key Managerial Personnel,Market Sale,Sell,Equity Shares,100000.0,0.0,0.0,0.0,0.0,1166492.0,0.38,1066492.0,0.35
AUBANK,2020-03-11 18:35:00,2020-03-11,2020-03-03,2020-03-05,Employees/Designated Employees,Market Sale,Sell,Equity Shares,400.0,0.0,0.0,0.0,0.0,23971.0,0.01,23571.0,0.01
AUBANK,2020-03-11 18:35:00,2020-03-11,2020-03-09,2020-03-09,Employees/Designated Employees,Market Sale,Sell,Equity Shares,750.0,0.0,0.0,0.0,0.0,23571.0,0.01,22821.0,0.01
AUBANK,2020-03-11 18:35:00,2020-03-11,2020-02-04,2020-02-05,Employees/Designated Employees,Market Sale,Sell,Equity Shares,300.0,0.0,0.0,0.0,0.0,24271.0,0.01,23971.0,0.01
AUBANK,2020-03-11 19:42:00,2020-03-09,2020-03-05,2020-03-05,Director,Market Sale,Sell,Equity Shares,11000.0,0.0,0.0,0.0,0.0,94289.0,0.03,83289.0,0.02
AUBANK,2020-03-12 18:44:00,2020-02-28,2020-02-28,2020-02-28,Immediate relative,Off Market,Sell,Equity Shares,500.0,0.0,0.0,0.0,0.0,9074.0,0.0,8574.0,0.0
AUBANK,2020-03-12 18:44:00,2020-02-28,2020-02-28,2020-02-28,Employees/Designated Employees,ESOP,Buy,Equity Shares,582.0,0.0,0.0,0.0,0.0,12889.0,0.0,13471.0,0.0
AUBANK,2020-03-19 18:12:00,2020-03-16,2020-03-13,2020-03-13,Employees/Designated Employees,Market Sale,Sell,Equity Shares,3000.0,0.0,0.0,0.0,0.0,42585.0,0.01,39585.0,0.01
AUBANK,2020-03-19 18:12:00,2020-03-17,2020-03-13,2020-03-13,Employees/Designated Employees,Market Purchase,Buy,Equity Shares,2000.0,0.0,0.0,0.0,0.0,8664.0,0.0,10664.0,0.0
AUBANK,2020-03-19 18:12:00,2020-03-17,2020-03-09,2020-03-09,Employees/Designated Employees,Market Sale,Sell,Equity Shares,1000.0,0.0,0.0,0.0,0.0,32317.0,0.01,31317.0,0.01
AUBANK,2020-03-24 19:40:00,2020-03-23,2020-03-20,2020-03-20,Employees/Designated Employees,Pledge Creation,Pledge,Equity Shares,1500.0,0.0,0.0,0.0,0.0,60318.0,0.02,60318.0,0.02
AUBANK,2020-03-24 19:40:00,2020-03-23,2020-03-20,2020-03-20,Employees/Designated Employees,Pledge Creation,Pledge,Equity Shares,9500.0,0.0,0.0,0.0,0.0,97155.0,0.03,97155.0,0.03
AUBANK,2020-03-24 19:40:00,2020-03-23,2020-03-18,2020-03-18,Employees/Designated Employees,Market Sale,Sell,Equity Shares,1.0,0.0,0.0,0.0,0.0,54963.0,0.02,54962.0,0.02
AUBANK,2020-03-24 19:40:00,2020-03-23,2020-03-20,2020-03-20,Employees/Designated Employees,Pledge Creation,Pledge,Equity Shares,4500.0,0.0,0.0,0.0,0.0,54962.0,0.02,54962.0,0.02
AUBANK,2020-03-24 19:40:00,2020-03-24,2020-03-24,2020-03-24,Employees/Designated Employees,Pledge Creation,Pledge,Equity Shares,8000.0,0.0,0.0,0.0,0.0,39585.0,0.01,39585.0,0.01
AUBANK,2020-03-25 20:07:00,2020-03-25,2020-03-24,2020-03-24,-,Pledge Creation,Pledge,Equity Shares,1838000.0,0.0,0.0,0.0,0.0,2238576.0,0.74,2238576.0,0.74
AUBANK,2020-03-28 14:24:00,2020-03-26,2020-03-25,2020-03-25,Employees/Designated Employees,Market Purchase,Buy,Equity Shares,500.0,0.0,0.0,0.0,0.0,3256.0,0.0,3756.0,0.0
AUBANK,2020-03-28 14:24:00,2020-03-27,2020-03-26,2020-03-26,Employees/Designated Employees,Pledge Creation,Pledge,Equity Shares,1350000.0,0.0,0.0,0.0,0.0,1362220.0,0.45,1362220.0,0.45
AUBANK,2020-03-28 14:37:00,2020-03-27,2020-03-26,2020-03-26,-,Pledge Creation,Pledge,Equity Shares,397000.0,0.0,0.0,0.0,0.0,397553.0,0.13,397553.0,0.13
AUBANK,2020-03-31 19:44:00,2020-03-30,2020-03-06,2020-03-06,Immediate relative,Market Purchase,Buy,Equity Shares,450.0,0.0,0.0,0.0,0.0,,0.0,450.0,0.0
AUBANK,2020-03-31 19:44:00,2020-03-30,2020-02-03,2020-02-03,Employees/Designated Employees,ESOP,Buy,Equity Shares,640.0,0.0,0.0,0.0,0.0,,0.0,640.0,0.0
AUBANK,2020-03-31 19:44:00,2020-03-30,2020-03-25,2020-03-25,Employees/Designated Employees,Market Sale,Sell,Equity Shares,5000.0,0.0,0.0,0.0,0.0,34997.0,0.01,29997.0,0.01
AUBANK,2020-03-31 19:44:00,2020-03-30,2020-03-30,2020-03-30,Employees/Designated Employees,ESOP,Buy,Equity Shares,1490.0,0.0,0.0,0.0,0.0,19981.0,0.01,21471.0,0.01
AUBANK,2020-03-31 19:44:00,2020-03-30,2020-03-30,2020-03-30,Employees/Designated Employees,ESOP,Buy,Equity Shares,6825.0,0.0,0.0,0.0,0.0,31317.0,0.01,38142.0,0.01
AUBANK,2020-03-31 19:44:00,2020-03-30,2020-03-06,2020-03-06,Immediate relative,Market Purchase,Buy,Equity Shares,500.0,0.0,0.0,0.0,0.0,,0.0,500.0,0.0
AUBANK,2020-04-01 22:46:00,2020-03-30,2020-03-27,2020-03-27,Employees/Designated Employees,Pledge Creation,Pledge,Equity Shares,20000.0,0.0,0.0,0.0,0.0,60318.0,0.02,60318.0,0.02
AUBANK,2020-04-01 22:46:00,2020-03-30,2020-03-27,2020-03-27,Employees/Designated Employees,Pledge Creation,Pledge,Equity Shares,8000.0,0.0,0.0,0.0,0.0,39585.0,0.01,39585.0,0.01
AUBANK,2020-04-01 22:46:00,2020-03-30,2020-03-27,2020-03-27,Employees/Designated Employees,Pledge Creation,Pledge,Equity Shares,7100.0,0.0,0.0,0.0,0.0,97155.0,0.03,97155.0,0.03
AUBANK,2020-04-01 22:46:00,2020-03-30,2020-03-27,2020-03-27,Employees/Designated Employees,Pledge Creation,Pledge,Equity Shares,10000.0,0.0,0.0,0.0,0.0,25696.0,0.01,25696.0,0.01
AUBANK,2020-04-01 22:46:00,2020-03-30,2020-03-27,2020-03-27,Employees/Designated Employees,Pledge Creation,Pledge,Equity Shares,20000.0,0.0,0.0,0.0,0.0,54962.0,0.02,54962.0,0.02
AUBANK,2020-04-01 22:46:00,2020-03-30,2020-03-27,2020-03-27,Employees/Designated Employees,Pledge Creation,Pledge,Equity Shares,11000.0,0.0,0.0,0.0,0.0,17445.0,0.01,17445.0,0.01
AUBANK,2020-04-01 22:46:00,2020-03-30,2020-03-25,2020-03-25,Employees/Designated Employees,Market Sale,Sell,Equity Shares,4826.0,0.0,0.0,0.0,0.0,29997.0,0.01,25171.0,0.01
AUBANK,2020-04-01 22:46:00,2020-03-30,2020-03-27,2020-03-27,Employees/Designated Employees,Revokation of Pledge,Pledge Revoke,Equity Shares,9826.0,0.0,0.0,0.0,0.0,25171.0,0.01,25171.0,0.01
AUBANK,2020-04-04 21:25:00,2020-04-03,2020-03-25,2020-03-25,Employees/Designated Employees,Invocation of pledge,Pledge Invoke,Equity Shares,2429.0,0.0,0.0,0.0,0.0,22233.0,0.01,19804.0,0.01
AUBANK,2020-04-09 20:43:00,2020-04-07,2020-03-31,2020-03-31,Employees/Designated Employees,Market Purchase,Buy,Equity Shares,500.0,0.0,0.0,0.0,0.0,3756.0,0.0,4256.0,0.0
AUBANK,2020-04-24 19:06:00,2020-04-22,2020-03-25,2020-03-25,Employees/Designated Employees,Market Sale,Sell,Equity Shares,3263.0,0.0,0.0,0.0,0.0,56398.0,0.02,53135.0,0.02
AUBANK,2020-04-24 19:06:00,2020-04-22,2020-03-20,2020-03-20,Employees/Designated Employees,Market Sale,Sell,Equity Shares,500.0,0.0,0.0,0.0,0.0,56898.0,0.02,56398.0,0.02
AUBANK,2020-04-24 19:06:00,2020-04-22,2020-03-18,2020-03-18,Employees/Designated Employees,Market Sale,Sell,Equity Shares,500.0,0.0,0.0,0.0,0.0,57398.0,0.02,56898.0,0.02
AUBANK,2020-04-24 19:06:00,2020-04-22,2020-03-18,2020-03-18,Employees/Designated Employees,Market Purchase,Buy,Equity Shares,1500.0,0.0,0.0,0.0,0.0,55898.0,0.02,57398.0,0.02
AUBANK,2020-04-24 19:06:00,2020-04-22,2020-03-17,2020-03-17,Employees/Designated Employees,Market Purchase,Buy,Equity Shares,1000.0,0.0,0.0,0.0,0.0,54898.0,0.02,55898.0,0.02
AUBANK,2020-04-24 19:06:00,2020-04-22,2020-03-31,2020-03-31,Employees/Designated Employees,Market Purchase,Buy,Equity Shares,125.0,0.0,0.0,0.0,0.0,53135.0,0.02,53260.0,0.02
AUBANK,2020-05-10 15:32:00,2020-05-07,2020-03-18,2020-03-18,Employees/Designated Employees,Market Sale,Sell,Equity Shares,880.0,0.0,0.0,0.0,0.0,122574.0,0.04,121694.0,0.04
AUBANK,2020-05-10 15:32:00,2020-05-07,2020-03-19,2020-03-19,Employees/Designated Employees,Market Sale,Sell,Equity Shares,4107.0,0.0,0.0,0.0,0.0,121694.0,0.04,117587.0,0.04
AUBANK,2020-05-10 15:32:00,2020-05-07,2020-03-25,2020-03-25,Employees/Designated Employees,Market Sale,Sell,Equity Shares,15963.0,0.0,0.0,0.0,0.0,100013.0,0.04,84050.0,0.03
AUBANK,2020-05-10 15:32:00,2020-05-07,2020-03-25,2020-03-25,Employees/Designated Employees,Market Sale,Sell,Equity Shares,8074.0,0.0,0.0,0.0,0.0,108087.0,0.04,100013.0,0.04
AUBANK,2020-05-10 15:32:00,2020-05-07,2020-03-24,2020-03-24,Employees/Designated Employees,Market Sale,Sell,Equity Shares,9500.0,0.0,0.0,0.0,0.0,117587.0,0.04,108087.0,0.04
AUBANK,2020-05-10 16:13:00,2020-05-08,2020-05-08,2020-05-08,Key Managerial Personnel,ESOP,Buy,Equity Shares,9317.0,0.0,0.0,0.0,0.0,41872.0,0.01,51189.0,0.02
AUBANK,2020-05-10 16:13:00,2020-05-08,2020-05-08,2020-05-08,Director,ESOP,Buy,Equity Shares,963462.0,0.0,0.0,0.0,0.0,3544673.0,1.16,4508135.0,1.48
AUBANK,2020-05-10 16:13:00,2020-05-08,2020-05-08,2020-05-08,Employees/Designated Employees,ESOP,Buy,Equity Shares,7500.0,0.0,0.0,0.0,0.0,5955.0,0.0,13455.0,0.0
AUBANK,2020-05-10 16:13:00,2020-05-08,2020-05-08,2020-05-08,Employees/Designated Employees,Pledge Creation,Pledge,Equity Shares,15891.0,0.0,0.0,0.0,0.0,26555.0,0.01,26555.0,0.01
AUBANK,2020-05-10 16:13:00,2020-05-08,2020-05-08,2020-05-08,Key Managerial Personnel,Pledge Creation,Pledge,Equity Shares,9780.0,0.0,0.0,0.0,0.0,73738.0,0.02,73738.0,0.02
AUBANK,2020-05-10 16:13:00,2020-05-08,2020-05-08,2020-05-08,Director,Pledge Creation,Pledge,Equity Shares,963462.0,0.0,0.0,0.0,0.0,4508135.0,1.48,4508135.0,1.48
AUBANK,2020-05-10 16:13:00,2020-05-08,2020-05-08,2020-05-08,Employees/Designated Employees,ESOP,Buy,Equity Shares,15000.0,0.0,0.0,0.0,0.0,7041.0,0.0,22041.0,0.01
AUBANK,2020-05-10 16:13:00,2020-05-08,2020-05-08,2020-05-08,Employees/Designated Employees,ESOP,Buy,Equity Shares,3213.0,0.0,0.0,0.0,0.0,6992.0,0.0,10205.0,0.0
AUBANK,2020-05-10 16:13:00,2020-05-08,2020-05-08,2020-05-08,Employees/Designated Employees,ESOP,Buy,Equity Shares,15891.0,0.0,0.0,0.0,0.0,10664.0,0.0,26555.0,0.01
AUBANK,2020-05-10 16:13:00,2020-05-08,2020-05-08,2020-05-08,Key Managerial Personnel,ESOP,Buy,Equity Shares,9780.0,0.0,0.0,0.0,0.0,63958.0,0.02,73738.0,0.02
AUBANK,2020-05-10 16:13:00,2020-05-08,2020-05-08,2020-05-08,Employees/Designated Employees,ESOP,Buy,Equity Shares,3391.0,0.0,0.0,0.0,0.0,8585.0,0.0,11976.0,0.0
AUBANK,2020-05-10 16:13:00,2020-05-08,2020-05-08,2020-05-08,Employees/Designated Employees,ESOP,Buy,Equity Shares,7491.0,0.0,0.0,0.0,0.0,25696.0,0.01,33187.0,0.01
AUBANK,2020-05-13 08:46:00,2020-05-04,2020-04-29,2020-04-29,Director,Pledge Creation,Pledge,Equity Shares,1129577.0,0.0,0.0,0.0,0.0,3544673.0,1.16,3544673.0,1.16
AUBANK,2020-05-14 21:35:00,2020-05-13,2020-05-08,2020-05-08,Employees/Designated Employees,Market Sale,Sell,Equity Shares,20000.0,0.0,0.0,0.0,0.0,1362220.0,0.04,1342220.0,0.04
AUBANK,2020-05-14 21:35:00,2020-05-13,2020-05-01,2020-05-01,Employees/Designated Employees,Revokation of Pledge,Pledge Revoke,Equity Shares,8664.0,0.0,0.0,0.0,0.0,10664.0,0.0,10664.0,0.0
AUBANK,2020-05-18 15:17:00,2020-05-16,2020-05-05,2020-05-05,Employees/Designated Employees,Invocation of pledge,Pledge Revoke,Equity Shares,1000000.0,0.0,0.0,0.0,0.0,1342220.0,0.43,1342220.0,0.43
AUBANK,2020-05-18 15:17:00,2020-05-18,2020-05-15,2020-05-15,Promoter Group,Market Sale,Sell,Equity Shares,10000.0,0.0,0.0,0.0,0.0,6883722.0,2.26,6873722.0,2.25
AUBANK,2020-05-18 15:17:00,2020-05-14,2020-05-12,2020-05-12,Employees/Designated Employees,Market Sale,Sell,Equity Shares,319340.0,0.0,0.0,0.0,0.0,1342220.0,0.43,1022880.0,0.33
AUBANK,2020-05-18 15:17:00,2020-05-18,2020-05-14,2020-05-15,Promoters,Revokation of Pledge,Pledge Revoke,Equity Shares,5078274.0,0.0,0.0,0.0,0.0,6829321.0,2.24,6829321.0,2.24
AUBANK,2020-05-18 15:17:00,2020-05-18,2020-05-15,2020-05-15,Promoters,Market Sale,Sell,Equity Shares,88000.0,0.0,0.0,0.0,0.0,6829321.0,2.24,6741321.0,2.21
AUBANK,2020-05-18 15:17:00,2020-05-18,2020-05-15,2020-05-15,Promoters,Others,Sell,Equity Shares,2412000.0,0.0,0.0,0.0,0.0,6741321.0,2.21,4329321.0,1.42
AUBANK,2020-05-18 15:17:00,2020-05-18,2020-05-15,2020-05-15,Promoter Group,Market Sale,Sell,Equity Shares,209186.0,0.0,0.0,0.0,0.0,6873722.0,2.25,6664536.0,2.18
AUBANK,2020-05-19 19:05:00,2020-05-19,2020-05-18,2020-05-18,Promoters,Others,Sell,Equity Shares,2500000.0,0.0,0.0,0.0,0.0,4329321.0,1.42,1829321.0,0.6
AUBANK,2020-05-19 19:05:00,2020-05-19,2020-05-19,2020-05-19,Promoters,Revokation of Pledge,Pledge Revoke,Equity Shares,1100000.0,0.0,0.0,0.0,0.0,1829321.0,0.6,1829321.0,0.6
AUBANK,2020-05-19 19:05:00,2020-05-19,2020-05-19,2020-05-19,Promoters,Revokation of Pledge,Pledge Revoke,Equity Shares,448800.0,0.0,0.0,0.0,0.0,11820430.0,3.87,11820430.0,3.87
AUBANK,2020-05-22 17:37:00,2020-05-21,2020-05-21,2020-05-21,Employees/Designated Employees,Revokation of Pledge,Pledge Revoke,Equity Shares,350000.0,0.0,0.0,0.0,0.0,1022880.0,0.34,1022880.0,0.34
AUBANK,2020-05-22 18:07:00,2020-05-21,2020-05-20,2020-05-20,-,Revokation of Pledge,Pledge Revoke,Equity Shares,600000.0,0.0,0.0,0.0,0.0,2238576.0,0.73,2238576.0,0.73
AUBANK,2020-05-22 18:07:00,2020-05-21,2020-05-21,2020-05-21,-,Revokation of Pledge,Pledge Revoke,Equity Shares,1000000.0,0.0,0.0,0.0,0.0,2238576.0,0.73,2238576.0,0.73
AUBANK,2020-05-22 18:07:00,2020-05-21,2020-05-20,2020-05-20,-,Revokation of Pledge,Pledge Revoke,Equity Shares,197000.0,0.0,0.0,0.0,0.0,397553.0,0.13,397553.0,0.13
AUBANK,2020-05-22 18:07:00,2020-05-21,2020-05-21,2020-05-21,-,Revokation of Pledge,Pledge Revoke,Equity Shares,200000.0,0.0,0.0,0.0,0.0,397553.0,0.13,397553.0,0.13
AUBANK,2020-05-22 18:30:00,2020-05-20,2020-05-15,2020-05-15,Employees/Designated Employees,Pledge Creation,Pledge,Equity Shares,4080.0,0.0,0.0,0.0,0.0,54962.0,0.0,54962.0,0.0
AUBANK,2020-05-22 18:30:00,2020-05-20,2020-05-15,2020-05-15,Employees/Designated Employees,Pledge Creation,Pledge,Equity Shares,15000.0,0.0,0.0,0.0,0.0,97155.0,0.0,97155.0,0.0
AUBANK,2020-05-22 18:30:00,2020-05-20,2020-05-15,2020-05-15,Employees/Designated Employees,Market Sale,Sell,Equity Shares,1.0,0.0,0.0,0.0,0.0,70.0,0.0,69.0,0.0
AUBANK,2020-05-22 18:30:00,2020-05-20,2020-05-15,2020-05-15,Key Managerial Personnel,Pledge Creation,Pledge,Equity Shares,6000.0,0.0,0.0,0.0,0.0,73738.0,0.02,73738.0,0.02
AUBANK,2020-05-22 18:30:00,2020-05-20,2020-05-08,2020-05-08,Key Managerial Personnel,Pledge Creation,Pledge,Equity Shares,220.0,0.0,0.0,0.0,0.0,73738.0,0.02,73738.0,0.02
AUBANK,2020-05-22 18:30:00,2020-05-20,2020-05-07,2020-05-07,Employees/Designated Employees,Market Sale,Sell,Equity Shares,3000.0,0.0,0.0,0.0,0.0,25171.0,0.0,22171.0,0.0
AUBANK,2020-05-22 18:30:00,2020-05-20,2020-05-15,2020-05-15,Employees/Designated Employees,Pledge Creation,Pledge,Equity Shares,3902.0,0.0,0.0,0.0,0.0,53246.0,0.0,53246.0,0.0
AUBANK,2020-05-29 17:06:00,2020-05-27,2020-05-15,2020-05-15,Immediate relative,Market Purchase,Buy,Equity Shares,100.0,0.0,0.0,0.0,0.0,,0.0,100.0,0.0
AUBANK,2020-05-29 17:06:00,2020-05-27,2020-05-19,2020-05-19,Employees/Designated Employees,Market Sale,Sell,Equity Shares,3300.0,0.0,0.0,0.0,0.0,84050.0,0.03,80750.0,0.03
AUBANK,2020-05-29 17:06:00,2020-05-27,2020-05-22,2020-05-22,Employees/Designated Employees,Pledge Creation,Pledge,Equity Shares,8081.0,0.0,0.0,0.0,0.0,33187.0,0.02,33187.0,0.02
AUBANK,2020-05-29 17:06:00,2020-05-27,2020-05-22,2020-05-22,Employees/Designated Employees,Revokation of Pledge,Pledge Revoke,Equity Shares,3300.0,0.0,0.0,0.0,0.0,80750.0,0.03,80750.0,0.03
AUBANK,2020-05-29 17:06:00,2020-05-27,2020-05-22,2020-05-22,Employees/Designated Employees,Pledge Creation,Pledge,Equity Shares,5000.0,0.0,0.0,0.0,0.0,60318.0,0.02,60318.0,0.02
AUBANK,2020-05-29 19:31:00,2020-05-27,2020-05-11,2020-05-11,Director,Market Purchase,Buy,Equity Shares,500.0,0.0,0.0,0.0,0.0,3757.0,0.0,4257.0,0.0
AUBANK,2020-05-29 19:31:00,2020-05-27,2020-05-20,2020-05-20,Director,Market Purchase,Buy,Equity Shares,780.0,0.0,0.0,0.0,0.0,4257.0,0.0,5037.0,0.0
AUBANK,2020-05-29 19:31:00,2020-05-27,2020-05-26,2020-05-26,Director,Market Purchase,Buy,Equity Shares,200.0,0.0,0.0,0.0,0.0,5037.0,0.0,5237.0,0.0
AUBANK,2020-05-29 19:31:00,2020-05-27,2020-05-08,2020-05-08,Director,Market Purchase,Buy,Equity Shares,936.0,0.0,0.0,0.0,0.0,2821.0,0.0,3757.0,0.0
AUBANK,2020-05-29 19:31:00,2020-05-27,2020-05-06,2020-05-06,Director,Market Purchase,Buy,Equity Shares,107.0,0.0,0.0,0.0,0.0,2714.0,0.0,2821.0,0.0
AUBANK,2020-06-01 17:45:00,2020-05-28,2020-05-27,2020-05-27,-,Pledge Creation,Pledge,Equity Shares,638000.0,0.0,0.0,0.0,0.0,2238576.0,0.73,2238576.0,0.73
AUBANK,2020-06-01 17:45:00,2020-05-28,2020-05-26,2020-05-26,-,Revokation of Pledge,Pledge Revoke,Equity Shares,638000.0,0.0,0.0,0.0,0.0,2238576.0,0.73,2238576.0,0.73
AUBANK,2020-06-02 18:48:00,2020-06-01,2020-05-29,2020-05-29,Employees/Designated Employees,Pledge Creation,Pledge,Equity Shares,5000.0,0.0,0.0,0.0,0.0,60318.0,0.01,60318.0,0.01
AUBANK,2020-06-09 17:58:00,2020-06-08,2020-06-05,2020-06-05,Employees/Designated Employees,Pledge Creation,Pledge,Equity Shares,19530.0,0.0,0.0,0.0,0.0,52717.0,0.02,52717.0,0.02
AUBANK,2020-06-09 17:58:00,2020-06-08,2020-06-05,2020-06-05,Employees/Designated Employees,Pledge Creation,Pledge,Equity Shares,2998.0,0.0,0.0,0.0,0.0,70708.0,0.02,70708.0,0.02
AUBANK,2020-06-09 17:58:00,2020-06-08,2020-06-05,2020-06-05,Employees/Designated Employees,ESOP,Buy,Equity Shares,2360.0,0.0,0.0,0.0,0.0,2120.0,0.0,4480.0,0.0
AUBANK,2020-06-09 17:58:00,2020-06-08,2020-06-05,2020-06-05,Employees/Designated Employees,ESOP,Buy,Equity Shares,19530.0,0.0,0.0,0.0,0.0,33187.0,0.01,52717.0,0.02
AUBANK,2020-06-09 17:58:00,2020-06-08,2020-06-05,2020-06-05,Employees/Designated Employees,ESOP,Buy,Equity Shares,10390.0,0.0,0.0,0.0,0.0,60318.0,0.02,70708.0,0.02
AUBANK,2020-06-09 17:58:00,2020-06-08,2020-06-05,2020-06-05,Employees/Designated Employees,ESOP,Buy,Equity Shares,2664.0,0.0,0.0,0.0,0.0,8326.0,0.0,10990.0,0.0
AUBANK,2020-06-09 17:58:00,2020-06-08,2020-06-05,2020-06-05,Employees/Designated Employees,ESOP,Buy,Equity Shares,6000.0,0.0,0.0,0.0,0.0,5766.0,0.0,11766.0,0.0
AUBANK,2020-06-16 19:23:00,2020-06-15,2020-06-15,2020-06-15,Director,ESOP,Buy,Equity Shares,900000.0,0.0,0.0,0.0,0.0,4508135.0,1.47,5408135.0,1.76
AUBANK,2020-06-16 19:23:00,2020-06-15,2020-06-15,2020-06-15,Key Managerial Personnel,ESOP,Buy,Equity Shares,254781.0,0.0,0.0,0.0,0.0,1066492.0,0.34,1321273.0,0.43
AUBANK,2020-06-18 18:58:00,2020-06-16,2020-06-11,2020-06-11,Employees/Designated Employees,Market Sale,Sell,Equity Shares,6094.0,0.0,0.0,0.0,0.0,39585.0,0.01,33491.0,0.01
AUBANK,2020-06-18 18:58:00,2020-06-16,2020-06-12,2020-06-12,Employees/Designated Employees,Revokation of Pledge,Pledge Revoke,Equity Shares,5000.0,0.0,0.0,0.0,0.0,33491.0,0.01,33491.0,0.01
AUBANK,2020-06-18 18:58:00,2020-06-16,2020-06-12,2020-06-12,Employees/Designated Employees,Pledge Creation,Pledge,Equity Shares,5000.0,0.0,0.0,0.0,0.0,53246.0,0.01,53246.0,0.01
AUBANK,2020-06-24 20:03:00,2020-06-23,2020-06-19,2020-06-19,Employees/Designated Employees,Revokation of Pledge,Pledge Revoke,Equity Shares,26150.0,0.0,0.0,0.0,0.0,33491.0,0.01,33491.0,0.01
AUBANK,2020-06-24 20:03:00,2020-06-23,2020-06-19,2020-06-19,Employees/Designated Employees,Revokation of Pledge,Pledge Revoke,Equity Shares,41498.0,0.0,0.0,0.0,0.0,70708.0,0.02,70708.0,0.02
AUBANK,2020-06-24 20:03:00,2020-06-23,2020-06-19,2020-06-19,Employees/Designated Employees,Revokation of Pledge,Pledge Revoke,Equity Shares,4500.0,0.0,0.0,0.0,0.0,21020.0,0.0,21020.0,0.0
AUBANK,2020-06-25 20:37:00,2020-06-24,2020-06-18,2020-06-18,Immediate relative,Off Market,Sell,Equity Shares,360.0,0.0,0.0,0.0,0.0,6574.0,0.0,6214.0,0.0
AUBANK,2020-06-25 20:37:00,2020-06-24,2020-05-16,2020-05-16,Immediate relative,Off Market,Sell,Equity Shares,2000.0,0.0,0.0,0.0,0.0,8574.0,0.0,6574.0,0.0
AUBANK,2020-06-25 20:37:00,2020-06-24,2020-06-23,2020-06-23,Employees/Designated Employees,Market Sale,Sell,Equity Shares,5000.0,0.0,0.0,0.0,0.0,54962.0,0.01,49962.0,0.01
AUBANK,2020-06-26 23:11:00,2020-06-26,2020-06-24,2020-06-24,-,Market Sale,Sell,Equity Shares,300000.0,0.0,0.0,0.0,0.0,1738576.0,0.57,1438576.0,0.47
AUBANK,2020-06-26 23:11:00,2020-06-26,2020-06-26,2020-06-26,-,Revokation of Pledge,Pledge Revoke,Equity Shares,638000.0,0.0,0.0,0.0,0.0,1298576.0,0.42,1298576.0,0.42
AUBANK,2020-06-26 23:11:00,2020-06-24,2020-06-22,2020-06-22,-,Market Sale,Sell,Equity Shares,300000.0,0.0,0.0,0.0,0.0,2238576.0,0.73,1938576.0,0.63
AUBANK,2020-06-26 23:11:00,2020-06-25,2020-06-23,2020-06-23,-,Market Sale,Sell,Equity Shares,200000.0,0.0,0.0,0.0,0.0,1938576.0,0.63,1738576.0,0.57
AUBANK,2020-06-26 23:11:00,2020-06-26,2020-06-25,2020-06-25,-,Market Sale,Sell,Equity Shares,140000.0,0.0,0.0,0.0,0.0,1438576.0,0.47,1298576.0,0.42
AUBANK,2020-06-26 23:35:00,2020-06-26,2020-06-26,2020-06-26,Director,Revokation of Pledge,Pledge Revoke,Equity Shares,1664054.0,0.0,0.0,0.0,0.0,5408135.0,1.77,5408135.0,1.77
AUBANK,2020-06-26 23:35:00,2020-06-24,2020-06-22,2020-06-22,Director,Revokation of Pledge,Pledge Revoke,Equity Shares,500000.0,0.0,0.0,0.0,0.0,5408135.0,1.77,5408135.0,1.77
AUBANK,2020-07-01 21:20:00,2020-06-30,2020-06-25,2020-06-25,Employees/Designated Employees,Market Sale,Sell,Equity Shares,5000.0,0.0,0.0,0.0,0.0,49962.0,0.02,44962.0,0.01
AUBANK,2020-07-01 21:20:00,2020-06-30,2020-06-19,2020-06-19,Employees/Designated Employees,Market Sale,Sell,Equity Shares,500.0,0.0,0.0,0.0,0.0,66767.0,0.02,66267.0,0.02
AUBANK,2020-07-01 21:20:00,2020-06-30,2020-06-26,2020-06-26,Employees/Designated Employees,Revokation of Pledge,Pledge Revoke,Equity Shares,10000.0,0.0,0.0,0.0,0.0,44962.0,0.01,44962.0,0.01
AUBANK,2020-07-01 21:20:00,2020-06-30,2020-06-25,2020-06-25,Employees/Designated Employees,Market Sale,Sell,Equity Shares,2400.0,0.0,0.0,0.0,0.0,64967.0,0.02,62567.0,0.02
AUBANK,2020-07-01 21:20:00,2020-06-30,2020-06-22,2020-06-22,Employees/Designated Employees,Market Sale,Sell,Equity Shares,500.0,0.0,0.0,0.0,0.0,66267.0,0.02,65767.0,0.02
AUBANK,2020-07-01 21:20:00,2020-06-30,2020-06-24,2020-06-24,Employees/Designated Employees,Market Sale,Sell,Equity Shares,800.0,0.0,0.0,0.0,0.0,65767.0,0.02,64967.0,0.02
AUBANK,2020-07-03 19:09:00,2020-07-01,2020-06-29,2020-06-29,Director,Revokation of Pledge,Pledge Revoke,Equity Shares,1593039.0,0.0,0.0,0.0,0.0,5408135.0,1.77,5408135.0,1.77
AUBANK,2020-07-09 19:58:00,2020-07-08,2020-07-03,2020-07-03,Employees/Designated Employees,Revokation of Pledge,Pledge Revoke,Equity Shares,6475.0,0.0,0.0,0.0,0.0,44962.0,0.01,44962.0,0.01
AUBANK,2020-07-09 19:58:00,2020-07-08,2020-06-26,2020-06-26,Employees/Designated Employees,Revokation of Pledge,Pledge Revoke,Equity Shares,277.0,0.0,0.0,0.0,0.0,33214.0,0.01,33214.0,0.01
AUBANK,2020-07-09 19:58:00,2020-07-08,2020-06-22,2020-06-22,Employees/Designated Employees,Market Sale,Sell,Equity Shares,277.0,0.0,0.0,0.0,0.0,33491.0,0.01,33214.0,0.01
AUBANK,2020-07-09 19:58:00,2020-07-08,2020-05-08,2020-05-08,Employees/Designated Employees,ESOP,Buy,Equity Shares,2000.0,0.0,0.0,0.0,0.0,3766.0,0.0,5766.0,0.0
AUBANK,2020-07-09 19:58:00,2020-07-08,2020-05-11,2020-05-11,Employees/Designated Employees,Market Purchase,Buy,Equity Shares,1000.0,0.0,0.0,0.0,0.0,1120.0,0.0,2120.0,0.0
AUBANK,2020-07-09 19:58:00,2020-07-08,2020-05-12,2020-05-12,Employees/Designated Employees,Market Purchase,Buy,Equity Shares,500.0,0.0,0.0,0.0,0.0,1140.0,0.0,1640.0,0.0
AUBANK,2020-07-09 19:58:00,2020-07-08,2020-06-05,2020-06-05,Employees/Designated Employees,ESOP,Buy,Equity Shares,1500.0,0.0,0.0,0.0,0.0,1640.0,0.0,3140.0,0.0
AUBANK,2020-07-17 19:21:00,2020-07-16,2020-07-10,2020-07-10,Employees/Designated Employees,Revokation of Pledge,Pledge Revoke,Equity Shares,30000.0,0.0,0.0,0.0,0.0,44962.0,0.01,44962.0,0.01
AUBANK,2020-07-28 20:46:00,2020-07-27,2020-07-24,2020-07-24,Employees/Designated Employees,Revokation of Pledge,Pledge Revoke,Equity Shares,7000.0,0.0,0.0,0.0,0.0,52717.0,0.01,52717.0,0.01
AUBANK,2020-07-31 19:24:00,2020-07-30,2020-07-28,2020-07-28,Employees/Designated Employees,Market Sale,Sell,Equity Shares,20000.0,0.0,0.0,0.0,0.0,70708.0,0.02,50708.0,0.02
AUBANK,2020-07-31 19:24:00,2020-07-30,2020-07-27,2020-07-27,Employees/Designated Employees,Market Sale,Sell,Equity Shares,1000.0,0.0,0.0,0.0,0.0,1022880.0,0.33,1021880.0,0.33
AUBANK,2020-07-31 19:24:00,2020-07-30,2020-07-29,2020-07-29,Employees/Designated Employees,Market Sale,Sell,Equity Shares,500.0,0.0,0.0,0.0,0.0,1020880.0,0.33,1020380.0,0.33
AUBANK,2020-07-31 19:24:00,2020-07-30,2020-07-28,2020-07-28,Employees/Designated Employees,Market Sale,Sell,Equity Shares,1000.0,0.0,0.0,0.0,0.0,1021880.0,0.33,1020880.0,0.33
AUBANK,2020-07-31 19:39:00,2020-07-30,2020-07-30,2020-07-30,-,Market Sale,Sell,Equity Shares,370000.0,0.0,0.0,0.0,0.0,1066019.0,0.35,696019.0,0.23
AUBANK,2020-07-31 19:39:00,2020-07-30,2020-07-28,2020-07-28,-,Market Sale,Sell,Equity Shares,226755.0,0.0,0.0,0.0,0.0,1298576.0,0.42,1071821.0,0.35
AUBANK,2020-07-31 19:39:00,2020-07-30,2020-07-29,2020-07-29,-,Market Sale,Sell,Equity Shares,5802.0,0.0,0.0,0.0,0.0,1071821.0,0.35,1066019.0,0.35
AUBANK,2020-08-04 20:50:00,2020-08-03,2020-08-03,2020-08-03,Employees/Designated Employees,ESOP,Buy,Equity Shares,1800.0,0.0,0.0,0.0,0.0,2669.0,0.0,4469.0,0.0
AUBANK,2020-08-04 20:50:00,2020-08-03,2020-08-03,2020-08-03,Employees/Designated Employees,ESOP,Buy,Equity Shares,1500.0,0.0,0.0,0.0,0.0,1500.0,0.0,3000.0,0.0
AUBANK,2020-08-04 20:50:00,2020-08-03,2020-07-31,2020-07-31,Employees/Designated Employees,Market Sale,Sell,Equity Shares,1000.0,0.0,0.0,0.0,0.0,1020380.0,0.33,1019380.0,0.33
AUBANK,2020-08-04 20:50:00,2020-08-03,2020-08-03,2020-08-03,Employees/Designated Employees,ESOP,Buy,Equity Shares,1800.0,0.0,0.0,0.0,0.0,4480.0,0.0,6280.0,0.0
AUBANK,2020-08-04 20:50:00,2020-08-03,2020-08-03,2020-08-03,Employees/Designated Employees,ESOP,Buy,Equity Shares,1500.0,0.0,0.0,0.0,0.0,1500.0,0.0,3000.0,0.0
AUBANK,2020-08-04 20:50:00,2020-08-03,2020-08-03,2020-08-03,Employees/Designated Employees,ESOP,Buy,Equity Shares,3000.0,0.0,0.0,0.0,0.0,4407.0,0.0,7407.0,0.0
AUBANK,2020-08-06 19:41:00,2020-08-05,2020-07-28,2020-07-28,Employees/Designated Employees,Market Sale,Sell,Equity Shares,1250.0,0.0,0.0,0.0,0.0,23823.0,0.01,22573.0,0.0
AUBANK,2020-08-06 19:41:00,2020-08-05,2020-07-31,2020-07-31,Employees/Designated Employees,Revokation of Pledge,Pledge Revoke,Equity Shares,4750.0,0.0,0.0,0.0,0.0,19804.0,0.01,19804.0,0.01
AUBANK,2020-08-06 19:41:00,2020-08-05,2020-07-31,2020-07-31,Employees/Designated Employees,Market Sale,Sell,Equity Shares,2250.0,0.0,0.0,0.0,0.0,21573.0,0.0,19323.0,0.0
AUBANK,2020-08-06 19:41:00,2020-08-05,2020-07-29,2020-07-29,Employees/Designated Employees,Market Sale,Sell,Equity Shares,1000.0,0.0,0.0,0.0,0.0,22573.0,0.0,21573.0,0.0
AUBANK,2020-08-06 19:41:00,2020-08-05,2020-07-30,2020-07-30,Employees/Designated Employees,Market Sale,Sell,Equity Shares,4750.0,0.0,0.0,0.0,0.0,19804.0,0.01,15054.0,0.0
AUBANK,2020-08-07 19:15:00,2020-08-06,2020-08-03,2020-08-03,Employees/Designated Employees,Market Sale,Sell,Equity Shares,1375.0,0.0,0.0,0.0,0.0,1019380.0,0.33,1018005.0,0.33
AUBANK,2020-08-11 18:04:00,2020-08-10,2020-08-07,2020-08-07,Employees/Designated Employees,Revokation of Pledge,Pledge Revoke,Equity Shares,5438.0,0.0,0.0,0.0,0.0,15054.0,0.0,15054.0,0.0
AUBANK,2020-08-14 19:55:00,2020-08-14,2020-07-28,2020-07-28,Employees/Designated Employees,Market Sale,Sell,Equity Shares,1500.0,0.0,0.0,0.0,0.0,26555.0,0.01,25055.0,0.01
AUBANK,2020-08-25 18:52:00,2020-08-24,2020-08-24,2020-08-24,Employees/Designated Employees,Market Sale,Sell,Equity Shares,5000.0,0.0,0.0,0.0,0.0,33214.0,0.01,28214.0,0.01
AUBANK,2020-08-28 17:30:00,2020-08-27,2020-08-25,2020-08-25,Employees/Designated Employees,Market Sale,Sell,Equity Shares,1.0,0.0,0.0,0.0,0.0,44962.0,0.01,44961.0,0.01
AUBANK,2020-08-28 17:30:00,2020-08-27,2020-08-26,2020-08-26,Employees/Designated Employees,Market Sale,Sell,Equity Shares,2500.0,0.0,0.0,0.0,0.0,44961.0,0.01,42461.0,0.01
AUBANK,2020-09-01 18:21:00,2020-08-31,2020-08-28,2020-08-28,Employees/Designated Employees,Market Sale,Sell,Equity Shares,1000.0,0.0,0.0,0.0,0.0,52717.0,0.02,51717.0,0.02
AUBANK,2020-09-02 19:18:00,2020-09-02,2020-09-02,2020-09-02,Employees/Designated Employees,Pledge Creation,Pledge,Equity Shares,1000.0,0.0,0.0,0.0,0.0,1000.0,0.0,1000.0,0.0
AUBANK,2020-09-02 19:18:00,2020-09-02,2020-09-02,2020-09-02,Employees/Designated Employees,ESOP,Buy,Equity Shares,2100.0,0.0,0.0,0.0,0.0,13471.0,0.0,15571.0,0.01
AUBANK,2020-09-02 19:18:00,2020-09-02,2020-09-02,2020-09-02,Employees/Designated Employees,ESOP,Buy,Equity Shares,6000.0,0.0,0.0,0.0,0.0,4500.0,0.0,10500.0,0.0
AUBANK,2020-09-02 19:18:00,2020-09-02,2020-09-02,2020-09-02,Employees/Designated Employees,Pledge Creation,Pledge,Equity Shares,6000.0,0.0,0.0,0.0,0.0,10500.0,0.0,10500.0,0.0
AUBANK,2020-09-02 19:18:00,2020-09-02,2020-09-02,2020-09-02,Employees/Designated Employees,ESOP,Buy,Equity Shares,1000.0,0.0,0.0,0.0,0.0,,0.0,1000.0,0.0
AUBANK,2020-09-08 19:14:00,2020-09-07,2020-08-26,2020-08-26,Employees/Designated Employees,Market Sale,Sell,Equity Shares,1000.0,0.0,0.0,0.0,0.0,52717.0,0.02,51717.0,0.02
AUBANK,2020-09-08 19:14:00,2020-09-04,2020-09-02,2020-09-02,Employees/Designated Employees,ESOP,Buy,Equity Shares,631.0,0.0,0.0,0.0,0.0,25055.0,0.01,25686.0,0.01
AUBANK,2020-09-08 19:35:00,2020-08-31,2020-08-28,2020-08-28,Employees/Designated Employees,Market Sale,Sell,Equity Shares,1000.0,0.0,0.0,0.0,0.0,51717.0,0.02,50717.0,0.02
AUBANK,2020-09-15 19:17:00,2020-09-14,2020-09-11,2020-09-11,Employees/Designated Employees,Invocation of pledge,Pledge Revoke,Equity Shares,6646.0,0.0,0.0,0.0,0.0,42461.0,0.01,42461.0,0.01
AUBANK,2020-09-16 18:26:00,2020-09-16,2020-09-15,2020-09-15,Employees/Designated Employees,Market Sale,Sell,Equity Shares,2000.0,0.0,0.0,0.0,0.0,1018005.0,0.33,1016005.0,0.33
AUBANK,2020-09-23 15:05:00,2020-09-21,2020-09-21,2020-09-21,Employees/Designated Employees,Market Sale,Sell,Equity Shares,1297.0,0.0,0.0,0.0,0.0,1013005.0,0.33,1011708.0,0.33
AUBANK,2020-09-23 15:05:00,2020-09-21,2020-09-16,2020-09-18,Employees/Designated Employees,Market Sale,Sell,Equity Shares,3000.0,0.0,0.0,0.0,0.0,1016005.0,0.33,1013005.0,0.33
AUBANK,2020-09-23 15:05:00,2020-09-21,2020-09-18,2020-09-18,Employees/Designated Employees,Revokation of Pledge,Pledge Revoke,Equity Shares,3100.0,0.0,0.0,0.0,0.0,97155.0,0.03,97155.0,0.03
AUBANK,2020-09-30 20:39:00,2020-09-28,2020-09-18,2020-09-25,Employees/Designated Employees,Market Sale,Sell,Equity Shares,1900.0,0.0,0.0,0.0,0.0,3595.0,0.0,1695.0,0.0
AUBANK,2020-10-01 19:52:00,2020-10-01,2020-10-01,2020-10-01,Employees/Designated Employees,ESOP,Buy,Equity Shares,10000.0,0.0,0.0,0.0,0.0,1321273.0,0.43,1331273.0,0.43
AUBANK,2020-10-01 19:52:00,2020-10-01,2020-10-01,2020-10-01,Employees/Designated Employees,ESOP,Buy,Equity Shares,2009.0,0.0,0.0,0.0,0.0,10205.0,0.0,12214.0,0.0
AUBANK,2020-11-03 18:37:00,2020-11-03,2020-11-02,2020-11-02,Employees/Designated Employees,Market Sale,Sell,Equity Shares,2000.0,0.0,0.0,0.0,0.0,1011708.0,0.33,1009708.0,0.33
AUBANK,2020-11-06 18:07:00,2020-11-04,2020-11-03,2020-11-03,Employees/Designated Employees,Market Sale,Sell,Equity Shares,2000.0,0.0,0.0,0.0,0.0,1009708.0,0.33,1007708.0,0.33
AUBANK,2020-11-06 18:07:00,2020-11-04,2020-11-04,2020-11-04,Employees/Designated Employees,Market Sale,Sell,Equity Shares,2000.0,0.0,0.0,0.0,0.0,1007708.0,0.33,1005708.0,0.33
AUBANK,2020-11-06 18:07:00,2020-11-05,2020-11-05,2020-11-05,Employees/Designated Employees,Market Sale,Sell,Equity Shares,2000.0,0.0,0.0,0.0,0.0,1005708.0,0.33,1003708.0,0.33
AUBANK,2020-11-06 18:07:00,2020-11-06,2020-11-05,2020-11-05,Employees/Designated Employees,Market Sale,Sell,Equity Shares,2500.0,0.0,0.0,0.0,0.0,42461.0,0.01,39961.0,0.01
AUBANK,2020-11-10 17:56:00,2020-11-09,2020-11-06,2020-11-06,Employees/Designated Employees,Market Sale,Sell,Equity Shares,2000.0,0.0,0.0,0.0,0.0,1003708.0,0.33,1001708.0,0.33
AUBANK,2020-11-10 17:56:00,2020-11-09,2020-10-16,2020-10-16,Employees/Designated Employees,Revokation of Pledge,Pledge Revoke,Equity Shares,19530.0,0.0,0.0,0.0,0.0,50717.0,0.02,50717.0,0.02
AUBANK,2020-11-13 15:43:00,2020-11-12,2020-11-11,2020-11-12,Employees/Designated Employees,Market Sale,Sell,Equity Shares,3000.0,0.0,0.0,0.0,0.0,1001708.0,0.33,998708.0,0.33
AUBANK,2020-11-13 15:43:00,2020-11-12,2020-10-20,2020-11-10,Employees/Designated Employees,Market Sale,Sell,Equity Shares,17100.0,0.0,0.0,0.0,0.0,72397.0,0.02,55297.0,0.02
AUBANK,2020-11-16 18:11:00,2020-11-16,2020-11-13,2020-11-13,Employees/Designated Employees,Market Sale,Sell,Equity Shares,2000.0,0.0,0.0,0.0,0.0,998708.0,0.33,996708.0,0.33
AUBANK,2020-11-18 18:55:00,2020-11-18,2020-11-10,2020-11-10,Immediate relative,Market Sale,Sell,Equity Shares,100.0,0.0,0.0,0.0,0.0,5212.0,0.0,5112.0,0.0
AUBANK,2020-11-18 18:55:00,2020-11-17,2020-11-10,2020-11-10,Employees/Designated Employees,Market Sale,Sell,Equity Shares,4200.0,0.0,0.0,0.0,0.0,54119.0,0.02,49919.0,0.02
AUBANK,2020-11-18 18:55:00,2020-11-17,2020-11-09,2020-11-17,Employees/Designated Employees,Market Sale,Sell,Equity Shares,775.0,0.0,0.0,0.0,0.0,21793.0,0.01,21018.0,0.01
AUBANK,2020-11-18 18:55:00,2020-11-17,2020-10-01,2020-10-01,Employees/Designated Employees,ESOP,Buy,Equity Shares,1173.0,0.0,0.0,0.0,0.0,20620.0,0.01,21793.0,0.01
AUBANK,2020-11-18 18:55:00,2020-11-17,2020-11-13,2020-11-13,Key Managerial Personnel,Revokation of Pledge,Pledge Revoke,Equity Shares,7668.0,0.0,0.0,0.0,0.0,73738.0,0.02,73738.0,0.02
AUBANK,2020-11-18 18:55:00,2020-11-17,2020-11-13,2020-11-13,Employees/Designated Employees,Revokation of Pledge,Pledge Revoke,Equity Shares,4200.0,0.0,0.0,0.0,0.0,49919.0,0.02,49919.0,0.02
AUBANK,2020-11-18 18:55:00,2020-11-17,2020-11-10,2020-11-10,Employees/Designated Employees,Market Sale,Sell,Equity Shares,1535.0,0.0,0.0,0.0,0.0,17879.0,0.01,16344.0,0.01
AUBANK,2020-11-18 18:55:00,2020-11-18,2020-11-13,2020-11-13,Employees/Designated Employees,Market Sale,Sell,Equity Shares,3000.0,0.0,0.0,0.0,0.0,28214.0,0.01,25214.0,0.01
AUBANK,2020-11-19 18:32:00,2020-11-19,2020-11-18,2020-11-18,Employees/Designated Employees,Market Sale,Sell,Equity Shares,1000.0,0.0,0.0,0.0,0.0,16344.0,0.01,15344.0,0.01
AUBANK,2020-11-19 18:32:00,2020-11-19,2020-11-09,2020-11-09,Employees/Designated Employees,Market Sale,Sell,Equity Shares,2000.0,0.0,0.0,0.0,0.0,50717.0,0.02,48717.0,0.02
AUBANK,2020-11-19 18:32:00,2020-11-19,2020-11-18,2020-11-18,Employees/Designated Employees,Market Sale,Sell,Equity Shares,2000.0,0.0,0.0,0.0,0.0,996708.0,0.33,994708.0,0.32
AUBANK,2020-11-23 18:39:00,2020-11-23,2020-11-09,2020-11-09,Immediate relative,Market Sale,Sell,Equity Shares,100.0,0.0,0.0,0.0,0.0,5112.0,0.0,5012.0,0.0
AUBANK,2020-11-23 18:39:00,2020-11-21,2020-11-20,2020-11-20,Employees/Designated Employees,Market Sale,Sell,Equity Shares,500.0,0.0,0.0,0.0,0.0,994708.0,0.32,994208.0,0.32
AUBANK,2020-11-23 18:39:00,2020-11-23,2020-11-18,2020-11-18,Employees/Designated Employees,Market Sale,Sell,Equity Shares,200.0,0.0,0.0,0.0,0.0,21018.0,0.01,20818.0,0.01
AUBANK,2020-11-24 18:29:00,2020-11-24,2020-11-23,2020-11-23,Employees/Designated Employees,Market Sale,Sell,Equity Shares,1000.0,0.0,0.0,0.0,0.0,994208.0,0.32,993208.0,0.32
AUBANK,2020-11-24 18:29:00,2020-11-23,2020-11-20,2020-11-20,Employees/Designated Employees,Revokation of Pledge,Pledge Revoke,Equity Shares,12864.0,0.0,0.0,0.0,0.0,49919.0,0.02,49919.0,0.02
AUBANK,2020-11-25 18:41:00,2020-11-25,2020-11-24,2020-11-24,Employees/Designated Employees,Market Sale,Sell,Equity Shares,1500.0,0.0,0.0,0.0,0.0,993208.0,0.32,991708.0,0.32
AUBANK,2020-12-03 18:54:00,2020-12-01,2020-11-23,2020-11-27,Employees/Designated Employees,Market Sale,Sell,Equity Shares,1000.0,0.0,0.0,0.0,0.0,48717.0,0.02,47717.0,0.02
AUBANK,2020-12-05 17:15:00,2020-12-04,2020-11-27,2020-12-02,Employees/Designated Employees,Market Sale,Sell,Equity Shares,11000.0,0.0,0.0,0.0,0.0,97155.0,0.03,86155.0,0.03
AUBANK,2020-12-07 18:33:00,2020-12-07,2020-12-07,2020-12-07,Employees/Designated Employees,ESOP,Buy,Equity Shares,114000.0,0.0,0.0,0.0,0.0,991708.0,0.32,1105708.0,0.36
AUBANK,2020-12-07 18:33:00,2020-12-07,2020-12-07,2020-12-07,Employees/Designated Employees,ESOP,Buy,Equity Shares,35902.0,0.0,0.0,0.0,0.0,55297.0,0.02,91199.0,0.03
AUBANK,2020-12-07 18:33:00,2020-12-07,2020-12-07,2020-12-07,Employees/Designated Employees,ESOP,Buy,Equity Shares,2533.0,0.0,0.0,0.0,0.0,620.0,0.0,3153.0,0.0
AUBANK,2020-12-09 18:22:00,2020-12-09,2020-12-08,2020-12-08,Employees/Designated Employees,Market Sale,Sell,Equity Shares,2000.0,0.0,0.0,0.0,0.0,85973.0,0.03,83973.0,0.03
AUBANK,2020-12-09 18:22:00,2020-12-07,2020-12-04,2020-12-04,Employees/Designated Employees,Market Sale,Sell,Equity Shares,500.0,0.0,0.0,0.0,0.0,12214.0,0.0,11714.0,0.0
AUBANK,2020-12-09 18:22:00,2020-12-08,2020-12-07,2020-12-07,Employees/Designated Employees,Market Sale,Sell,Equity Shares,182.0,0.0,0.0,0.0,0.0,86155.0,0.03,85973.0,0.03
AUBANK,2020-12-15 20:11:00,2020-12-14,2020-12-11,2020-12-11,Employees/Designated Employees,Pledge Creation,Pledge,Equity Shares,3200.0,0.0,0.0,0.0,0.0,3200.0,0.0,3200.0,0.0
AUBANK,2020-12-15 20:11:00,2020-12-14,2020-12-11,2020-12-11,Employees/Designated Employees,Market Sale,Sell,Equity Shares,2214.0,0.0,0.0,0.0,0.0,11714.0,0.0,9500.0,0.0
AUBANK,2020-12-15 20:11:00,2020-12-14,2020-12-11,2020-12-11,Employees/Designated Employees,Revokation of Pledge,Pledge Revoke,Equity Shares,5499.0,0.0,0.0,0.0,0.0,49919.0,0.02,49919.0,0.02
AUBANK,2020-12-16 18:34:00,2020-12-14,2020-12-11,2020-12-11,Employees/Designated Employees,Market Sale,Sell,Equity Shares,2500.0,0.0,0.0,0.0,0.0,91199.0,0.03,88699.0,0.03
AUBANK,2020-12-21 19:00:00,2020-12-21,2020-12-17,2020-12-17,Employees/Designated Employees,Market Sale,Sell,Equity Shares,500.0,0.0,0.0,0.0,0.0,20571.0,0.01,20071.0,0.01
AUBANK,2020-12-21 19:00:00,2020-12-21,2020-12-14,2020-12-17,Employees/Designated Employees,Market Sale,Sell,Equity Shares,1100.0,0.0,0.0,0.0,0.0,47717.0,0.02,46617.0,0.02
AUBANK,2020-12-31 19:02:00,2020-12-21,2020-12-17,2020-12-17,Employees/Designated Employees,Market Sale,Sell,Equity Shares,500.0,0.0,0.0,0.0,0.0,20571.0,0.01,20071.0,0.01
AUBANK,2020-12-31 19:02:00,2020-11-11,2020-11-09,2020-11-10,Employees/Designated Employees,Market Sale,Sell,Equity Shares,800.0,0.0,0.0,0.0,0.0,21371.0,0.01,20571.0,0.01
AUBANK,2020-12-31 19:07:00,2020-12-31,2020-12-30,2020-12-30,Employees/Designated Employees,Market Sale,Sell,Equity Shares,5000.0,0.0,0.0,0.0,0.0,1105708.0,0.36,1100708.0,0.36
AUBANK,2020-12-31 19:07:00,2020-12-30,2020-12-29,2020-12-29,Employees/Designated Employees,Market Sale,Sell,Equity Shares,500.0,0.0,0.0,0.0,0.0,20071.0,0.01,19571.0,0.01
AUBANK,2021-01-05 20:50:00,2021-01-05,2021-01-05,2021-01-05,Other,ESOP,Buy,Equity Shares,5472.0,0.0,0.0,0.0,0.0,3200.0,0.0,8672.0,0.0
AUBANK,2021-01-05 20:50:00,2021-01-05,2021-01-05,2021-01-05,Other,ESOP,Buy,Equity Shares,3951.0,0.0,0.0,0.0,0.0,37592.0,0.01,41543.0,0.01
AUBANK,2021-01-05 20:50:00,2021-01-05,2021-01-05,2021-01-05,Other,ESOP,Buy,Equity Shares,2270.0,0.0,0.0,0.0,0.0,4469.0,0.0,6739.0,0.0
AUBANK,2021-01-05 20:50:00,2021-01-05,2021-01-05,2021-01-05,Other,ESOP,Buy,Equity Shares,1200.0,0.0,0.0,0.0,0.0,26250.0,0.01,27450.0,0.01
AUBANK,2021-01-05 21:05:00,2021-01-04,2020-12-31,2020-12-31,Employees/Designated Employees,Market Sale,Sell,Equity Shares,15.0,0.0,0.0,0.0,0.0,19571.0,0.01,19556.0,0.01
AUBANK,2021-01-05 21:05:00,2021-01-04,2020-12-31,2020-12-31,Employees/Designated Employees,Revokation of Pledge,Pledge Revoke,Equity Shares,500.0,0.0,0.0,0.0,0.0,19556.0,0.01,19556.0,0.01
AUBANK,2021-01-05 21:05:00,2021-01-05,2021-01-05,2021-01-05,Employees/Designated Employees,ESOP,Buy,Equity Shares,13650.0,0.0,0.0,0.0,0.0,55483.0,0.02,69133.0,0.02
AUBANK,2021-01-11 19:37:00,2021-01-11,2021-01-08,2021-01-08,Other,Pledge Creation,Pledge,Equity Shares,5472.0,0.0,0.0,0.0,0.0,8672.0,0.0,8672.0,0.0
AUBANK,2021-02-04 19:16:00,2021-02-04,2021-02-04,2021-02-04,Employees/Designated Employees,ESOP,Buy,Equity Shares,1823.0,0.0,0.0,0.0,0.0,19323.0,0.01,21146.0,0.01
AUBANK,2021-02-04 19:16:00,2021-02-04,2021-02-04,2021-02-04,Other,ESOP,Buy,Equity Shares,1577.0,0.0,0.0,0.0,0.0,3153.0,0.0,4730.0,0.0
AUBANK,2021-02-11 18:54:00,2021-02-11,2021-02-10,2021-02-10,Employees/Designated Employees,Market Sale,Sell,Equity Shares,1000.0,0.0,0.0,0.0,0.0,1096708.0,0.36,1095708.0,0.36
AUBANK,2021-02-11 18:54:00,2021-02-10,2021-02-09,2021-02-09,Employees/Designated Employees,Market Sale,Sell,Equity Shares,2500.0,0.0,0.0,0.0,0.0,1099208.0,0.36,1096708.0,0.36
AUBANK,2021-02-11 18:54:00,2021-02-09,2021-02-08,2021-02-08,Employees/Designated Employees,Market Sale,Sell,Equity Shares,1500.0,0.0,0.0,0.0,0.0,1100708.0,0.36,1099208.0,0.36
AUBANK,2021-02-11 18:54:00,2021-02-09,2021-02-08,2021-02-08,Employees/Designated Employees,Market Sale,Sell,Equity Shares,2000.0,0.0,0.0,0.0,0.0,25214.0,0.01,23214.0,0.01
AUBANK,2021-02-12 19:46:00,2021-02-12,2021-02-11,2021-02-11,Employees/Designated Employees,Market Sale,Sell,Equity Shares,1000.0,0.0,0.0,0.0,0.0,1095708.0,0.36,1094708.0,0.36
AUBANK,2021-02-12 19:46:00,2021-02-12,2021-02-11,2021-02-11,Employees/Designated Employees,Market Sale,Sell,Equity Shares,1000.0,0.0,0.0,0.0,0.0,1094708.0,0.36,1093708.0,0.36
AUBANK,2021-02-16 19:21:00,2021-02-15,2021-02-09,2021-02-09,Employees/Designated Employees,Market Sale,Sell,Equity Shares,1000.0,0.0,0.0,0.0,0.0,61567.0,0.02,60567.0,0.02
AUBANK,2021-02-16 19:21:00,2021-02-15,2021-02-08,2021-02-10,Employees/Designated Employees,Market Sale,Sell,Equity Shares,1000.0,0.0,0.0,0.0,0.0,20518.0,0.01,19518.0,0.01
AUBANK,2021-02-16 19:21:00,2021-02-03,2021-02-01,2021-02-01,Employees/Designated Employees,Market Sale,Sell,Equity Shares,300.0,0.0,0.0,0.0,0.0,20818.0,0.01,20518.0,0.01
AUBANK,2021-02-17 19:06:00,2021-02-17,2021-02-08,2021-02-09,Other,Market Sale,Sell,Equity Shares,1100.0,0.0,0.0,0.0,0.0,1571.0,0.0,471.0,0.0
AUBANK,2021-02-17 19:06:00,2021-02-16,2021-02-15,2021-02-15,Employees/Designated Employees,Market Sale,Sell,Equity Shares,1500.0,0.0,0.0,0.0,0.0,1093708.0,0.36,1092208.0,0.36
AUBANK,2021-02-18 20:09:00,2021-02-16,2021-02-12,2021-02-12,Other,Market Sale,Sell,Equity Shares,5000.0,0.0,0.0,0.0,0.0,88699.0,0.03,83699.0,0.03
AUBANK,2021-02-23 20:52:00,2021-02-22,2021-02-18,2021-02-18,Employees/Designated Employees,Market Sale,Sell,Equity Shares,1000.0,0.0,0.0,0.0,0.0,60567.0,0.02,59567.0,0.02
AUBANK,2021-02-23 20:52:00,2021-02-22,2021-02-16,2021-02-18,Employees/Designated Employees,Market Sale,Sell,Equity Shares,2500.0,0.0,0.0,0.0,0.0,25236.0,0.01,22736.0,0.01
AUBANK,2021-02-23 20:52:00,2021-02-22,2021-02-19,2021-02-19,Employees/Designated Employees,Pledge Creation,Pledge,Equity Shares,5572.0,0.0,0.0,0.0,0.0,49919.0,0.02,49919.0,0.02
AUBANK,2021-02-26 17:03:00,2021-02-25,2021-02-24,2021-02-24,Employees/Designated Employees,Market Sale,Sell,Equity Shares,1000.0,0.0,0.0,0.0,0.0,1090708.0,0.36,1089708.0,0.35
AUBANK,2021-02-26 17:45:00,2021-02-25,2021-02-25,2021-02-25,Employees/Designated Employees,ESOP,Buy,Equity Shares,105000.0,0.0,0.0,0.0,0.0,1089708.0,0.35,1194708.0,0.39
AUBANK,2021-02-26 17:45:00,2021-02-25,2021-02-25,2021-02-25,Employees/Designated Employees,ESOP,Buy,Equity Shares,6250.0,0.0,0.0,0.0,0.0,2500.0,0.0,8750.0,0.0
AUBANK,2021-02-26 17:45:00,2021-02-25,2021-02-25,2021-02-25,Employees/Designated Employees,ESOP,Buy,Equity Shares,2736.0,0.0,0.0,0.0,0.0,21146.0,0.01,23882.0,0.01
AUBANK,2021-02-26 17:45:00,2021-02-25,2021-02-25,2021-02-25,Employees/Designated Employees,ESOP,Buy,Equity Shares,3517.0,0.0,0.0,0.0,0.0,21471.0,0.01,24988.0,0.01
AUBANK,2021-02-26 17:45:00,2021-02-25,2021-02-25,2021-02-25,Employees/Designated Employees,ESOP,Buy,Equity Shares,2249.0,0.0,0.0,0.0,0.0,50708.0,0.02,52957.0,0.02
AUBANK,2021-02-26 17:45:00,2021-02-25,2021-02-25,2021-02-25,Employees/Designated Employees,ESOP,Buy,Equity Shares,933.0,0.0,0.0,0.0,0.0,10710.0,0.0,11643.0,0.0
AUBANK,2021-02-26 18:11:00,2021-02-25,2021-02-25,2021-02-25,Key Managerial Personnel,ESOP,Buy,Equity Shares,100000.0,0.0,0.0,0.0,0.0,1331273.0,0.43,1431273.0,0.47
AUBANK,2021-02-26 18:11:00,2021-02-25,2021-02-25,2021-02-25,Employees/Designated Employees,ESOP,Buy,Equity Shares,1199.0,0.0,0.0,0.0,0.0,12666.0,0.0,13865.0,0.0
AUBANK,2021-02-26 18:11:00,2021-02-25,2021-02-25,2021-02-25,Other,ESOP,Buy,Equity Shares,600.0,0.0,0.0,0.0,0.0,4730.0,0.0,5330.0,0.0
AUBANK,2021-02-26 18:11:00,2021-01-05,2021-01-05,2021-01-05,Employees/Designated Employees,ESOP,Buy,Equity Shares,600.0,0.0,0.0,0.0,0.0,15571.0,0.01,16171.0,0.01
AUBANK,2021-02-26 18:11:00,2021-02-25,2021-02-25,2021-02-25,Employees/Designated Employees,ESOP,Buy,Equity Shares,874.0,0.0,0.0,0.0,0.0,16171.0,0.01,17045.0,0.01
AUBANK,2021-03-02 19:45:00,2021-03-01,2021-02-26,2021-02-26,Employees/Designated Employees,Market Sale,Sell,Equity Shares,2000.0,0.0,0.0,0.0,0.0,20847.0,0.01,18847.0,0.01
AUBANK,2021-03-02 19:45:00,2021-03-01,2021-02-25,2021-02-25,Employees/Designated Employees,Market Sale,Sell,Equity Shares,500.0,0.0,0.0,0.0,0.0,18956.0,0.01,18456.0,0.01
AUBANK,2021-03-02 19:45:00,2021-03-01,2021-02-25,2021-02-25,Employees/Designated Employees,Market Sale,Sell,Equity Shares,977.0,0.0,0.0,0.0,0.0,18456.0,0.01,17479.0,0.01
AUBANK,2021-03-02 19:45:00,2021-03-01,2021-02-26,2021-02-26,Employees/Designated Employees,Market Sale,Sell,Equity Shares,300.0,0.0,0.0,0.0,0.0,19518.0,0.01,19218.0,0.01
AUBANK,2021-03-02 19:45:00,2021-03-01,2021-02-26,2021-02-26,Other,Market Sale,Sell,Equity Shares,50.0,0.0,0.0,0.0,0.0,471.0,0.0,421.0,0.0
AUBANK,2021-03-02 19:45:00,2021-03-01,2021-02-26,2021-02-26,Employees/Designated Employees,Revokation of Pledge,Pledge Revoke,Equity Shares,500.0,0.0,0.0,0.0,0.0,17479.0,0.01,17479.0,0.01
AUBANK,2021-03-02 19:45:00,2021-03-01,2021-02-26,2021-02-26,Employees/Designated Employees,Revokation of Pledge,Pledge Revoke,Equity Shares,21700.0,0.0,0.0,0.0,0.0,80750.0,0.03,80750.0,0.03
AUBANK,2021-03-02 19:45:00,2021-02-26,2021-02-24,2021-02-24,Employees/Designated Employees,Market Sale,Sell,Equity Shares,1000.0,0.0,0.0,0.0,0.0,59567.0,0.02,58567.0,0.02
AUBANK,2021-03-06 20:05:00,2021-03-05,2021-03-04,2021-03-04,Employees/Designated Employees,Market Sale,Sell,Equity Shares,400.0,0.0,0.0,0.0,0.0,19218.0,0.01,18818.0,0.01
AUBANK,2021-03-06 20:05:00,2021-03-05,2021-03-04,2021-03-05,Employees/Designated Employees,Market Sale,Sell,Equity Shares,2500.0,0.0,0.0,0.0,0.0,1194708.0,0.39,1192208.0,0.39
AUBANK,2021-03-09 20:23:00,2021-03-08,2021-03-05,2021-03-05,Other,Market Sale,Sell,Equity Shares,2500.0,0.0,0.0,0.0,0.0,83699.0,0.03,81199.0,0.03
AUBANK,2021-03-09 20:23:00,2021-03-08,2021-03-04,2021-03-04,Employees/Designated Employees,Market Sale,Sell,Equity Shares,2000.0,0.0,0.0,0.0,0.0,7237.0,0.0,5237.0,0.0
AUBANK,2021-03-09 20:23:00,2021-03-08,2021-03-05,2021-03-05,Other,Market Sale,Sell,Equity Shares,250.0,0.0,0.0,0.0,0.0,6739.0,0.0,6489.0,0.0
AUBANK,2021-03-09 20:23:00,2021-03-08,2021-03-04,2021-03-04,Employees/Designated Employees,Market Sale,Sell,Equity Shares,500.0,0.0,0.0,0.0,0.0,17479.0,0.01,16979.0,0.01
AUBANK,2021-03-09 20:42:00,2021-03-01,2021-02-25,2021-02-25,Employees/Designated Employees,Market Sale,Sell,Equity Shares,100.0,0.0,0.0,0.0,0.0,46617.0,0.02,46517.0,0.02
AUBANK,2021-03-09 20:42:00,2021-03-08,2021-03-05,2021-03-05,Employees/Designated Employees,Pledge Creation,Pledge,Equity Shares,500.0,0.0,0.0,0.0,0.0,49919.0,0.02,49919.0,0.02
AUBANK,2021-03-09 20:42:00,2021-03-08,2021-03-05,2021-03-05,Employees/Designated Employees,Pledge Creation,Pledge,Equity Shares,12000.0,0.0,0.0,0.0,0.0,80750.0,0.03,80750.0,0.03
AUBANK,2021-03-09 20:42:00,2021-03-08,2021-03-05,2021-03-05,Employees/Designated Employees,Revokation of Pledge,Pledge Revoke,Equity Shares,500.0,0.0,0.0,0.0,0.0,16979.0,0.01,16979.0,0.01
AUBANK,2021-03-09 20:42:00,2021-03-08,2021-03-05,2021-03-05,Employees/Designated Employees,Revokation of Pledge,Pledge Revoke,Equity Shares,3581.0,0.0,0.0,0.0,0.0,43017.0,0.01,43017.0,0.01
AUBANK,2021-03-09 20:42:00,2021-03-08,2021-03-05,2021-03-05,Employees/Designated Employees,Market Sale,Sell,Equity Shares,3500.0,0.0,0.0,0.0,0.0,46517.0,0.02,43017.0,0.01
AUBANK,2021-03-09 20:42:00,2021-03-08,2021-02-24,2021-03-04,Other,Market Sale,Sell,Equity Shares,1000.0,0.0,0.0,0.0,0.0,9501.0,0.0,8501.0,0.0
AUBANK,2021-03-10 19:32:00,2021-03-01,2021-02-25,2021-02-25,Employees/Designated Employees,Market Sale,Sell,Equity Shares,500.0,0.0,0.0,0.0,0.0,18956.0,0.01,18456.0,0.01
AUBANK,2021-03-10 19:32:00,2021-02-08,2021-02-02,2021-02-05,Employees/Designated Employees,Market Sale,Sell,Equity Shares,600.0,0.0,0.0,0.0,0.0,19556.0,0.01,18956.0,0.01
AUBANK,2021-03-10 19:32:00,2021-03-01,2021-02-25,2021-02-25,Employees/Designated Employees,Market Sale,Sell,Equity Shares,977.0,0.0,0.0,0.0,0.0,18456.0,0.01,17479.0,0.01
AUBANK,2021-03-16 17:43:00,2021-03-12,2021-03-09,2021-03-09,Other,Market Sale,Sell,Equity Shares,2000.0,0.0,0.0,0.0,0.0,15344.0,0.0,13344.0,0.0
AUBANK,2021-03-16 17:43:00,2021-03-15,2021-03-12,2021-03-12,Other,Revokation of Pledge,Pledge Revoke,Equity Shares,8000.0,0.0,0.0,0.0,0.0,13344.0,0.0,13344.0,0.0
AUBANK,2021-03-16 17:43:00,2021-03-12,2021-03-09,2021-03-09,Employees/Designated Employees,Revokation of Pledge,Pledge Revoke,Equity Shares,500.0,0.0,0.0,0.0,0.0,49919.0,0.02,49919.0,0.02
AUBANK,2021-03-16 17:43:00,2021-03-15,2021-03-12,2021-03-12,Employees/Designated Employees,Pledge Creation,Pledge,Equity Shares,7000.0,0.0,0.0,0.0,0.0,8750.0,0.0,8750.0,0.0
AUBANK,2021-03-16 17:43:00,2021-03-15,2021-03-12,2021-03-12,Employees/Designated Employees,Pledge Creation,Pledge,Equity Shares,6000.0,0.0,0.0,0.0,0.0,43017.0,0.01,43017.0,0.01
AUBANK,2021-03-16 17:43:00,2021-03-15,2021-03-12,2021-03-12,Employees/Designated Employees,Revokation of Pledge,Pledge Revoke,Equity Shares,8500.0,0.0,0.0,0.0,0.0,43017.0,0.01,43017.0,0.01
AUBANK,2021-03-23 19:53:00,2021-03-22,2021-03-19,2021-03-19,Employees/Designated Employees,Revokation of Pledge,Pledge Revoke,Equity Shares,15891.0,0.0,0.0,0.0,0.0,22736.0,0.01,22736.0,0.01
AUBANK,2021-03-23 19:53:00,2021-03-23,2021-03-22,2021-03-22,Director,Market Sale,Sell,Equity Shares,500000.0,0.0,0.0,0.0,0.0,5408135.0,1.73,4908135.0,1.57
AUBANK,2021-03-23 19:54:00,2021-03-23,2021-03-22,2021-03-22,-,Market Sale,Sell,Equity Shares,500000.0,0.0,0.0,0.0,0.0,696019.0,0.22,196019.0,0.06
AUBANK,2021-03-24 20:10:00,2021-03-24,2021-03-23,2021-03-23,Key Managerial Personnel,Market Sale,Sell,Equity Shares,100000.0,0.0,0.0,0.0,0.0,1431273.0,0.46,1331273.0,0.43
AUBANK,2021-03-24 20:10:00,2021-03-24,2021-03-23,2021-03-23,Employees/Designated Employees,Market Sale,Sell,Equity Shares,2000.0,0.0,0.0,0.0,0.0,1192208.0,0.38,1190208.0,0.38
AUBANK,2021-03-26 19:15:00,2021-03-25,2021-03-24,2021-03-24,Employees/Designated Employees,Market Sale,Sell,Equity Shares,1000.0,0.0,0.0,0.0,0.0,1190208.0,0.38,1189208.0,0.38
AUBANK,2021-03-26 19:15:00,2021-03-26,2021-03-25,2021-03-25,Employees/Designated Employees,Market Sale,Sell,Equity Shares,16623.0,0.0,0.0,0.0,0.0,1189208.0,0.38,1172585.0,0.38
AUBANK,2021-03-26 19:15:00,2021-03-26,2021-03-25,2021-03-25,Employees/Designated Employees,Market Sale,Sell,Equity Shares,1000.0,0.0,0.0,0.0,0.0,83973.0,0.03,82973.0,0.03
AUBANK,2021-03-30 19:19:00,2021-03-20,2021-03-19,2021-03-19,Employees/Designated Employees,Market Sale,Sell,Equity Shares,150.0,0.0,0.0,0.0,0.0,4935.0,0.0,4785.0,0.0
AUBANK,2021-03-30 19:19:00,2021-03-25,2021-03-23,2021-03-23,Immediate relative,Market Sale,Sell,Equity Shares,100.0,0.0,0.0,0.0,0.0,5919.0,0.0,5819.0,0.0
AUBANK,2021-03-30 19:19:00,2021-03-30,2021-03-26,2021-03-26,Employees/Designated Employees,Revokation of Pledge,Pledge Revoke,Equity Shares,1000.0,0.0,0.0,0.0,0.0,82973.0,0.03,82973.0,0.03
AUBANK,2021-03-30 19:19:00,2021-03-30,2021-03-26,2021-03-26,Employees/Designated Employees,Pledge Creation,Pledge,Equity Shares,1776.0,0.0,0.0,0.0,0.0,3127.0,0.0,3127.0,0.0
AUBANK,2021-03-30 19:19:00,2021-03-30,2021-03-26,2021-03-26,Employees/Designated Employees,Market Sale,Sell,Equity Shares,59632.0,0.0,0.0,0.0,0.0,1172585.0,0.38,1112953.0,0.36
AUBANK,2021-03-30 19:19:00,2021-03-25,2021-03-23,2021-03-23,Employees/Designated Employees,Market Sale,Sell,Equity Shares,100.0,0.0,0.0,0.0,0.0,11643.0,0.0,11543.0,0.0
AUBANK,2021-03-30 19:19:00,2021-03-30,2021-03-22,2021-03-26,Employees/Designated Employees,Market Sale,Sell,Equity Shares,850.0,0.0,0.0,0.0,0.0,4785.0,0.0,3935.0,0.0
AUBANK,2021-04-01 19:07:00,2021-03-10,2021-03-09,2021-03-09,Employees/Designated Employees,Market Sale,Sell,Equity Shares,500.0,0.0,0.0,0.0,0.0,18539.0,0.01,18039.0,0.01
AUBANK,2021-04-01 19:07:00,2021-03-30,2021-03-30,2021-03-30,Employees/Designated Employees,ESOP,Buy,Equity Shares,4072.0,0.0,0.0,0.0,0.0,49919.0,0.02,53991.0,0.02
AUBANK,2021-04-01 19:07:00,2021-03-30,2021-03-30,2021-03-30,Employees/Designated Employees,ESOP,Buy,Equity Shares,1760.0,0.0,0.0,0.0,0.0,18818.0,0.01,20578.0,0.01
AUBANK,2021-04-01 19:07:00,2021-03-30,2021-03-30,2021-03-30,Employees/Designated Employees,ESOP,Buy,Equity Shares,1271.0,0.0,0.0,0.0,0.0,18847.0,0.01,20118.0,0.01
AUBANK,2021-04-01 19:07:00,2021-03-30,2021-03-30,2021-03-30,Employees/Designated Employees,ESOP,Buy,Equity Shares,3125.0,0.0,0.0,0.0,0.0,39961.0,0.01,43086.0,0.01
AUBANK,2021-04-01 19:07:00,2021-03-30,2021-03-30,2021-03-30,Employees/Designated Employees,ESOP,Buy,Equity Shares,6487.0,0.0,0.0,0.0,0.0,1001.0,0.0,7488.0,0.0
AUBANK,2021-04-01 19:07:00,2021-03-30,2021-03-30,2021-03-30,Employees/Designated Employees,ESOP,Buy,Equity Shares,3010.0,0.0,0.0,0.0,0.0,28626.0,0.01,31636.0,0.01
AUBANK,2021-04-01 19:07:00,2021-03-30,2021-03-30,2021-03-30,Employees/Designated Employees,ESOP,Buy,Equity Shares,1576.0,0.0,0.0,0.0,0.0,3127.0,0.0,4703.0,0.0
AUBANK,2021-04-01 19:07:00,2021-03-30,2021-03-30,2021-03-30,Employees/Designated Employees,Pledge Creation,Pledge,Equity Shares,4072.0,0.0,0.0,0.0,0.0,53991.0,0.02,53991.0,0.02
AUBANK,2021-04-01 19:07:00,2021-03-30,2021-03-30,2021-03-30,Employees/Designated Employees,Pledge Creation,Pledge,Equity Shares,6487.0,0.0,0.0,0.0,0.0,7488.0,0.0,7488.0,0.0
AUBANK,2021-04-01 19:07:00,2021-03-30,2021-03-30,2021-03-30,Employees/Designated Employees,Pledge Creation,Pledge,Equity Shares,1576.0,0.0,0.0,0.0,0.0,4703.0,0.0,4703.0,0.0
AUBANK,2021-04-01 19:07:00,2021-04-01,2021-03-30,2021-03-30,Employees/Designated Employees,Market Sale,Sell,Equity Shares,1000.0,0.0,0.0,0.0,0.0,58567.0,0.02,57567.0,0.02
AUBANK,2021-04-01 19:07:00,2021-04-01,2021-03-31,2021-03-31,Employees/Designated Employees,Market Sale,Sell,Equity Shares,10000.0,0.0,0.0,0.0,0.0,1112953.0,0.36,1102953.0,0.35
AUBANK,2021-04-01 19:07:00,2021-03-30,2021-03-30,2021-03-30,Employees/Designated Employees,Pledge Creation,Pledge,Equity Shares,1760.0,0.0,0.0,0.0,0.0,20578.0,0.01,20578.0,0.01
AUBANK,2021-04-01 19:07:00,2021-03-30,2021-03-30,2021-03-30,Employees/Designated Employees,ESOP,Buy,Equity Shares,1953.0,0.0,0.0,0.0,0.0,18039.0,0.01,19992.0,0.01
AUBANK,2021-04-02 18:25:00,2021-04-01,2021-03-30,2021-03-30,Immediate relative,Market Sale,Sell,Equity Shares,150.0,0.0,0.0,0.0,0.0,5819.0,0.0,5669.0,0.0
AUBANK,2021-04-02 18:25:00,2021-04-01,2021-03-30,2021-03-30,Employees/Designated Employees,Market Sale,Sell,Equity Shares,80000.0,0.0,0.0,0.0,0.0,1102953.0,0.35,1022953.0,0.33
AUBANK,2021-04-02 18:25:00,2021-04-01,2021-03-30,2021-03-30,Employees/Designated Employees,Market Sale,Sell,Equity Shares,150.0,0.0,0.0,0.0,0.0,11543.0,0.0,11393.0,0.0
AUBANK,2021-04-05 20:55:00,2021-04-01,2021-03-30,2021-03-30,Employees/Designated Employees,Market Sale,Sell,Equity Shares,3882.0,0.0,0.0,0.0,0.0,23882.0,0.01,20000.0,0.01
AUBANK,2021-04-05 20:55:00,2021-04-02,2021-03-31,2021-03-31,Employees/Designated Employees,Revokation of Pledge,Pledge Revoke,Equity Shares,2000.0,0.0,0.0,0.0,0.0,82973.0,0.03,82973.0,0.03
AUBANK,2021-04-05 20:55:00,2021-04-02,2021-03-31,2021-03-31,Employees/Designated Employees,Market Sale,Sell,Equity Shares,2000.0,0.0,0.0,0.0,0.0,82973.0,0.03,80973.0,0.03
AUBANK,2021-04-28 19:37:00,2021-04-26,2021-04-23,2021-04-23,Employees/Designated Employees,Pledge Creation,Pledge,Equity Shares,2335.0,0.0,0.0,0.0,0.0,4703.0,0.0,4703.0,0.0
AUBANK,2021-05-06 20:33:00,2021-05-05,2021-05-05,2021-05-05,Employees/Designated Employees,ESOP,Buy,Equity Shares,2335.0,0.0,0.0,0.0,0.0,4703.0,0.0,7038.0,0.0
AUBANK,2021-05-11 20:20:00,2021-05-10,2021-05-06,2021-05-06,Employees/Designated Employees,Market Sale,Sell,Equity Shares,210000.0,0.0,0.0,0.0,0.0,1022953.0,0.33,812953.0,0.26
AUBANK,2021-05-11 20:20:00,2021-05-10,2021-05-07,2021-05-07,Employees/Designated Employees,Market Sale,Sell,Equity Shares,5000.0,0.0,0.0,0.0,0.0,80973.0,0.03,75973.0,0.02
AUBANK,2021-05-11 20:20:00,2021-05-10,2021-05-07,2021-05-07,Employees/Designated Employees,Revokation of Pledge,Pledge Revoke,Equity Shares,5000.0,0.0,0.0,0.0,0.0,75973.0,0.02,75973.0,0.02
AUBANK,2021-05-29 20:09:00,2021-05-28,2021-05-28,2021-05-28,Director,ESOP,Buy,Equity Shares,557460.0,0.0,0.0,0.0,0.0,4908135.0,1.57,5465595.0,1.75
AUBANK,2021-06-28 17:00:00,2021-06-24,2021-06-24,2021-06-24,Employees/Designated Employees,ESOP,Buy,Equity Shares,7539.0,0.0,0.0,0.0,0.0,69133.0,0.02,76672.0,0.02
AUBANK,2021-06-28 17:00:00,2021-06-24,2021-06-24,2021-06-24,Employees/Designated Employees,ESOP,Buy,Equity Shares,7000.0,0.0,0.0,0.0,0.0,22041.0,0.01,29041.0,0.01
AUBANK,2021-06-28 17:00:00,2021-06-24,2021-06-24,2021-06-24,Employees/Designated Employees,ESOP,Buy,Equity Shares,1339.0,0.0,0.0,0.0,0.0,11985.0,0.0,13324.0,0.0
AUBANK,2021-06-28 17:00:00,2021-05-05,2021-05-05,2021-05-05,Employees/Designated Employees,ESOP,Buy,Equity Shares,592.0,0.0,0.0,0.0,0.0,11393.0,0.0,11985.0,0.0
AUBANK,2021-06-28 17:00:00,2021-06-24,2021-06-24,2021-06-24,Employees/Designated Employees,ESOP,Buy,Equity Shares,21550.0,0.0,0.0,0.0,0.0,75973.0,0.02,97523.0,0.03
AUBANK,2021-06-28 17:00:00,2021-06-24,2021-06-24,2021-06-24,Employees/Designated Employees,Pledge Creation,Pledge,Equity Shares,21550.0,0.0,0.0,0.0,0.0,97523.0,0.03,97523.0,0.03
AUBANK,2021-06-28 17:00:00,2021-06-24,2021-06-24,2021-06-24,Employees/Designated Employees,ESOP,Buy,Equity Shares,1937.0,0.0,0.0,0.0,0.0,705.0,0.0,2642.0,0.0
AUBANK,2021-07-02 21:12:00,2021-06-30,2021-06-25,2021-06-28,Employees/Designated Employees,Market Sale,Sell,Equity Shares,2000.0,0.0,0.0,0.0,0.0,16979.0,0.01,14979.0,0.0
AUBANK,2021-07-02 21:12:00,2021-06-30,2021-06-25,2021-06-28,Employees/Designated Employees,Revokation of Pledge,Pledge Revoke,Equity Shares,2000.0,0.0,0.0,0.0,0.0,14979.0,0.0,14979.0,0.0
AUBANK,2021-08-05 20:42:00,2021-08-03,2021-08-03,2021-08-03,Employees/Designated Employees,ESOP,Buy,Equity Shares,3208.0,0.0,0.0,0.0,0.0,23214.0,0.01,26422.0,0.01
AUBANK,2021-08-05 20:42:00,2021-08-03,2021-08-03,2021-08-03,Employees/Designated Employees,ESOP,Buy,Equity Shares,15440.0,0.0,0.0,0.0,0.0,15054.0,0.0,30494.0,0.01
AUBANK,2021-08-05 20:42:00,2021-08-03,2021-08-03,2021-08-03,Employees/Designated Employees,Pledge Creation,Pledge,Equity Shares,3208.0,0.0,0.0,0.0,0.0,26422.0,0.01,26422.0,0.01
AUBANK,2021-08-05 20:42:00,2021-08-03,2021-08-03,2021-08-03,Employees/Designated Employees,Pledge Creation,Pledge,Equity Shares,15440.0,0.0,0.0,0.0,0.0,30494.0,0.01,30494.0,0.01
AUBANK,2021-09-30 21:24:00,2021-09-27,2021-09-24,2021-09-24,-,Pledge Creation,Pledge,Equity Shares,1260.0,0.0,0.0,0.0,0.0,26422.0,0.01,27682.0,0.01
AUBANK,2021-09-30 21:24:00,2021-09-13,2021-09-10,2021-09-10,-,Pledge Creation,Pledge,Equity Shares,6250.0,0.0,0.0,0.0,0.0,97523.0,0.03,97523.0,0.03
AUBANK,2021-09-30 21:24:00,2021-09-11,2021-09-11,2021-09-11,-,ESOP,Buy,Equity Shares,10000.0,0.0,0.0,0.0,0.0,1331273.0,0.43,1341273.0,0.43
AUBANK,2021-09-30 21:24:00,2021-09-11,2021-09-11,2021-09-11,-,ESOP,Buy,Equity Shares,4842.0,0.0,0.0,0.0,0.0,76672.0,0.02,81514.0,0.03
AUBANK,2021-09-30 21:24:00,2021-09-11,2021-09-11,2021-09-11,-,ESOP,Buy,Equity Shares,5000.0,0.0,0.0,0.0,0.0,812953.0,0.26,817953.0,0.26
AUBANK,2021-09-30 21:24:00,2021-09-11,2021-09-11,2021-09-11,-,ESOP,Buy,Equity Shares,1260.0,0.0,0.0,0.0,0.0,26422.0,0.01,27682.0,0.01
AUBANK,2021-09-30 21:24:00,2021-08-23,2021-08-17,2021-08-17,-,Market Sale,Sell,Equity Shares,500.0,0.0,0.0,0.0,0.0,19578.0,0.01,19078.0,0.01
AUBANK,2021-09-30 21:24:00,2021-08-16,2021-08-10,2021-08-10,-,Market Sale,Sell,Equity Shares,1000.0,0.0,0.0,0.0,0.0,20578.0,0.01,19578.0,0.01
AUBANK,2021-09-30 21:24:00,2021-08-19,2021-08-16,2021-08-18,-,Market Sale,Sell,Equity Shares,1500.0,0.0,0.0,0.0,0.0,2179.0,0.0,679.0,0.0
AUBANK,2021-09-30 21:24:00,2021-08-16,2021-08-12,2021-08-13,-,Market Sale,Sell,Equity Shares,1000.0,0.0,0.0,0.0,0.0,3179.0,0.0,2179.0,0.0
AUBANK,2021-10-04 20:20:00,2021-09-30,2021-09-28,2021-09-28,-,Revokation of Pledge,Pledge Revoke,Equity Shares,1760.0,0.0,0.0,0.0,0.0,19078.0,0.01,19078.0,0.01
AUBANK,2021-10-07 22:34:00,2021-10-05,2021-10-05,2021-10-05,-,ESOP,Buy,Equity Shares,2482.0,0.0,0.0,0.0,0.0,26588.0,0.01,29070.0,0.01
AUBANK,2021-10-07 22:34:00,2021-10-05,2021-10-05,2021-10-05,-,ESOP,Buy,Equity Shares,1920.0,0.0,0.0,0.0,0.0,7560.0,0.0,9480.0,0.0
AUBANK,2021-10-07 22:34:00,2021-10-05,2021-10-05,2021-10-05,-,ESOP,Buy,Equity Shares,1836.0,0.0,0.0,0.0,0.0,735.0,0.0,2571.0,0.0
AUBANK,2021-10-07 22:34:00,2021-10-05,2021-10-05,2021-10-05,-,ESOP,Buy,Equity Shares,1634.0,0.0,0.0,0.0,0.0,13124.0,0.0,14758.0,0.0
AUBANK,2021-10-07 22:34:00,2021-10-05,2021-10-05,2021-10-05,-,ESOP,Buy,Equity Shares,1500.0,0.0,0.0,0.0,0.0,9500.0,0.0,11000.0,0.0
AUBANK,2021-10-07 22:34:00,2021-10-05,2021-10-05,2021-10-05,-,ESOP,Buy,Equity Shares,960.0,0.0,0.0,0.0,0.0,2292.0,0.0,3252.0,0.0
AUBANK,2021-10-07 22:34:00,2021-10-05,2021-10-05,2021-10-05,-,ESOP,Buy,Equity Shares,150000.0,0.0,0.0,0.0,0.0,817953.0,0.26,967953.0,0.31
AUBANK,2021-10-07 22:34:00,2021-10-05,2021-10-05,2021-10-05,-,Pledge Creation,Pledge,Equity Shares,6250.0,0.0,0.0,0.0,0.0,103773.0,0.03,103773.0,0.03
AUBANK,2021-10-07 22:34:00,2021-10-05,2021-10-05,2021-10-05,-,ESOP,Buy,Equity Shares,951.0,0.0,0.0,0.0,0.0,13865.0,0.0,14816.0,0.0
AUBANK,2021-10-07 22:34:00,2021-10-05,2021-10-05,2021-10-05,-,ESOP,Buy,Equity Shares,6250.0,0.0,0.0,0.0,0.0,97523.0,0.03,103773.0,0.03
AUBANK,2021-10-07 22:34:00,2021-10-05,2021-10-05,2021-10-05,-,ESOP,Buy,Equity Shares,7000.0,0.0,0.0,0.0,0.0,11766.0,0.0,18766.0,0.01
AUBANK,2021-10-07 22:34:00,2021-10-05,2021-10-05,2021-10-05,-,ESOP,Buy,Equity Shares,150000.0,0.0,0.0,0.0,0.0,1341273.0,0.43,1491273.0,0.48
AUBANK,2021-11-15 18:19:00,2021-10-05,2021-10-05,2021-10-05,-,ESOP,Buy,Equity Shares,522.0,0.0,0.0,0.0,0.0,2642.0,0.0,3164.0,0.0
AUBANK,2021-11-15 18:19:00,2021-11-11,2021-11-11,2021-11-11,-,ESOP,Buy,Equity Shares,478.0,0.0,0.0,0.0,0.0,3164.0,0.0,3642.0,0.0
AUBANK,2021-11-15 18:19:00,2021-10-05,2021-10-05,2021-10-05,-,ESOP,Buy,Equity Shares,485.0,0.0,0.0,0.0,0.0,9363.0,0.0,9848.0,0.0
AUBANK,2021-11-15 18:19:00,2021-11-11,2021-11-11,2021-11-11,-,ESOP,Buy,Equity Shares,1341.0,0.0,0.0,0.0,0.0,9848.0,0.0,11189.0,0.0
AUBANK,2021-11-15 18:19:00,2021-11-11,2021-11-11,2021-11-11,-,ESOP,Buy,Equity Shares,5190.0,0.0,0.0,0.0,0.0,7038.0,0.0,12228.0,0.0
AUBANK,2021-11-15 18:19:00,2021-11-11,2021-11-11,2021-11-11,-,ESOP,Buy,Equity Shares,1337.0,0.0,0.0,0.0,0.0,3252.0,0.0,4589.0,0.0
AUBANK,2021-11-15 18:19:00,2021-10-05,2021-10-05,2021-10-05,-,ESOP,Buy,Equity Shares,807.0,0.0,0.0,0.0,0.0,679.0,0.0,1486.0,0.0
AUBANK,2021-11-15 18:19:00,2021-11-11,2021-11-11,2021-11-11,-,ESOP,Buy,Equity Shares,1128.0,0.0,0.0,0.0,0.0,1486.0,0.0,2614.0,0.0
AUBANK,2021-11-15 18:19:00,2021-11-11,2021-11-11,2021-11-11,-,Pledge Creation,Pledge,Equity Shares,7270.0,0.0,0.0,0.0,0.0,7270.0,0.0,7270.0,0.0
AUBANK,2021-11-15 18:19:00,2021-11-11,2021-11-11,2021-11-11,-,Pledge Creation,Pledge,Equity Shares,5190.0,0.0,0.0,0.0,0.0,12228.0,0.0,12228.0,0.0
AUBANK,2021-11-15 18:19:00,2021-11-11,2021-11-11,2021-11-11,-,ESOP,Buy,Equity Shares,593.0,0.0,0.0,0.0,0.0,14816.0,0.0,15409.0,0.0
AUBANK,2021-11-15 18:19:00,2021-11-11,2021-11-11,2021-11-11,-,ESOP,Buy,Equity Shares,1366.0,0.0,0.0,0.0,0.0,29070.0,0.01,30436.0,0.01
AUBANK,2021-11-15 18:19:00,2021-11-11,2021-11-11,2021-11-11,-,ESOP,Buy,Equity Shares,2086.0,0.0,0.0,0.0,0.0,9480.0,0.0,11566.0,0.0
AUBANK,2021-11-15 18:19:00,2021-11-11,2021-11-11,2021-11-11,-,ESOP,Buy,Equity Shares,7270.0,0.0,0.0,0.0,0.0,,0.0,7270.0,0.0
AUBANK,2021-11-15 18:19:00,2021-11-11,2021-11-11,2021-11-11,-,ESOP,Buy,Equity Shares,1052.0,0.0,0.0,0.0,0.0,14758.0,0.0,15810.0,0.01
AUBANK,2021-11-15 18:19:00,2021-11-11,2021-11-11,2021-11-11,-,ESOP,Buy,Equity Shares,1003.0,0.0,0.0,0.0,0.0,2571.0,0.0,3574.0,0.0
AUBANK,2021-11-23 19:52:00,2021-11-18,2021-11-18,2021-11-18,-,Revokation of Pledge,Pledge Revoke,Equity Shares,13000.0,0.0,0.0,0.0,0.0,73738.0,0.02,73738.0,0.02
AUBANK,2021-12-15 19:46:00,2021-12-13,2021-12-09,2021-12-09,-,Market Sale,Sell,Equity Shares,2000.0,0.0,0.0,0.0,0.0,12228.0,0.0,10228.0,0.0
AUBANK,2021-12-21 19:39:00,2021-12-20,2021-12-17,2021-12-17,-,Revokation of Pledge,Pledge,Equity Shares,6500.0,0.0,0.0,0.0,0.0,10228.0,0.0,10228.0,0.0
AUBANK,2021-12-21 19:39:00,2021-12-18,2021-12-18,2021-12-18,-,Pledge Creation,Pledge,Equity Shares,32000.0,0.0,0.0,0.0,0.0,61041.0,0.02,61041.0,0.02
AUBANK,2021-12-21 19:39:00,2021-12-18,2021-12-18,2021-12-18,-,ESOP,Buy,Equity Shares,458.0,0.0,0.0,0.0,0.0,1197.0,0.0,1655.0,0.0
AUBANK,2021-12-21 19:39:00,2021-11-22,2021-11-22,2021-11-22,-,ESOP,Buy,Equity Shares,428.0,0.0,0.0,0.0,0.0,769.0,0.0,1197.0,0.0
AUBANK,2021-12-21 19:39:00,2021-12-18,2021-12-18,2021-12-18,-,ESOP,Buy,Equity Shares,1134.0,0.0,0.0,0.0,0.0,1.0,0.0,1135.0,0.0
AUBANK,2021-12-21 19:39:00,2021-12-18,2021-12-18,2021-12-18,-,ESOP,Buy,Equity Shares,32000.0,0.0,0.0,0.0,0.0,29041.0,0.01,61041.0,0.02
AUBANK,2021-12-21 19:39:00,2021-12-18,2021-12-18,2021-12-18,-,ESOP,Buy,Equity Shares,6428.0,0.0,0.0,0.0,0.0,11566.0,0.0,17994.0,0.01
AUBANK,2021-12-21 19:39:00,2021-12-18,2021-12-18,2021-12-18,-,ESOP,Buy,Equity Shares,6404.0,0.0,0.0,0.0,0.0,31636.0,0.01,38040.0,0.01
AUBANK,2022-01-10 20:12:00,2021-12-20,2021-12-17,2021-12-17,-,Revokation of Pledge,Pledge Revoke,Equity Shares,6500.0,0.0,0.0,0.0,0.0,10228.0,0.0,10228.0,0.0
AUBANK,2022-01-13 18:13:00,2022-01-12,2022-01-12,2022-01-12,-,ESOP,Buy,Equity Shares,1117.0,0.0,0.0,0.0,0.0,38040.0,0.01,39157.0,0.01
AUBANK,2022-01-13 18:13:00,2022-01-12,2022-01-12,2022-01-12,-,ESOP,Buy,Equity Shares,3050.0,0.0,0.0,0.0,0.0,18766.0,0.01,21816.0,0.01
AUBANK,2022-01-13 18:13:00,2022-01-12,2022-01-12,2022-01-12,-,ESOP,Buy,Equity Shares,1947.0,0.0,0.0,0.0,0.0,73738.0,0.02,75685.0,0.02
AUBANK,2022-01-25 20:21:00,2022-01-21,2022-01-21,2022-01-21,-,Pledge Creation,Pledge,Equity Shares,525.0,0.0,0.0,0.0,0.0,525.0,0.0,525.0,0.0
AUBANK,2022-01-25 20:21:00,2022-01-12,2022-01-12,2022-01-12,-,ESOP,Buy,Equity Shares,525.0,0.0,0.0,0.0,0.0,,0.0,525.0,0.0
AUBANK,2022-02-04 19:38:00,2022-02-04,2022-02-02,2022-02-02,-,Market Sale,Sell,Equity Shares,525.0,0.0,0.0,0.0,0.0,525.0,0.0,,0.0
AUBANK,2022-02-04 19:38:00,2022-02-03,2022-02-01,2022-02-03,-,Market Sale,Sell,Equity Shares,500.0,0.0,0.0,0.0,0.0,15810.0,0.01,15310.0,0.0
AUBANK,2022-02-04 19:38:00,2022-02-04,2022-02-02,2022-02-03,Immediate relative,Market Sale,Sell,Equity Shares,400.0,0.0,0.0,0.0,0.0,5669.0,0.0,5269.0,0.0
AUBANK,2022-02-04 19:38:00,2022-02-03,2022-02-01,2022-02-02,Director,Market Sale,Sell,Equity Shares,15000.0,0.0,0.0,0.0,0.0,83289.0,0.03,68289.0,0.02
AUBANK,2022-02-04 19:38:00,2022-02-02,2022-01-31,2022-01-31,-,Market Sale,Sell,Equity Shares,3000.0,0.0,0.0,0.0,0.0,17994.0,0.01,14994.0,0.0
AUBANK,2022-02-08 19:36:00,2022-02-07,2022-02-04,2022-02-04,-,Revokation of Pledge,Pledge Revoke,Equity Shares,525.0,0.0,0.0,0.0,0.0,525.0,0.0,,0.0
AUBANK,2022-02-08 19:36:00,2022-02-04,2022-02-02,2022-02-02,-,Market Sale,Sell,Equity Shares,7270.0,0.0,0.0,0.0,0.0,7270.0,0.0,,0.0
AUBANK,2022-02-08 19:36:00,2022-02-07,2022-02-04,2022-02-04,-,Revokation of Pledge,Pledge Revoke,Equity Shares,59700.0,0.0,0.0,0.0,0.0,103073.0,0.03,103073.0,0.03
AUBANK,2022-02-08 19:36:00,2022-02-07,2022-02-04,2022-02-04,-,Revokation of Pledge,Pledge Revoke,Equity Shares,7270.0,0.0,0.0,0.0,0.0,7270.0,0.0,,0.0
AUBANK,2022-02-08 19:36:00,2022-02-07,2022-02-02,2022-02-03,-,Market Sale,Sell,Equity Shares,798.0,0.0,0.0,0.0,0.0,19078.0,0.01,18280.0,0.01
AUBANK,2022-02-08 19:36:00,2022-02-05,2022-02-03,2022-02-03,-,Market Sale,Sell,Equity Shares,700.0,0.0,0.0,0.0,0.0,103773.0,0.03,103073.0,0.03
AUBANK,2022-02-11 19:25:00,2022-02-10,2022-02-08,2022-02-08,-,Market Sale,Sell,Equity Shares,150000.0,0.0,0.0,0.0,0.0,1491273.0,0.48,1341273.0,0.43
AUBANK,2022-02-14 16:27:00,2022-02-10,2022-02-10,2022-02-10,-,ESOP,Buy,Equity Shares,2128.0,0.0,0.0,0.0,0.0,3000.0,0.0,5128.0,0.0
AUBANK,2022-02-14 16:27:00,2022-02-10,2022-02-10,2022-02-10,-,ESOP,Buy,Equity Shares,2000.0,0.0,0.0,0.0,0.0,30436.0,0.01,32436.0,0.01
AUBANK,2022-02-14 16:27:00,2022-02-10,2022-02-10,2022-02-10,-,ESOP,Buy,Equity Shares,1761.0,0.0,0.0,0.0,0.0,18280.0,0.01,20041.0,0.01
AUBANK,2022-02-28 22:56:00,2022-02-25,2022-02-25,2022-02-25,-,Pledge Creation,Pledge,Equity Shares,1761.0,0.0,0.0,0.0,0.0,20041.0,0.01,20041.0,0.01
AUBANK,2022-02-28 22:56:00,2022-02-25,2022-02-25,2022-02-25,-,Pledge Creation,Pledge,Equity Shares,2128.0,0.0,0.0,0.0,0.0,5128.0,0.0,5128.0,0.0
AUBANK,2022-03-03 18:17:00,2022-03-01,2022-02-28,2022-02-28,-,Market Sale,Sell,Equity Shares,900.0,0.0,0.0,0.0,0.0,103073.0,0.03,102173.0,0.03
AUBANK,2022-03-03 18:17:00,2022-03-03,2022-03-02,2022-03-02,-,Market Sale,Sell,Equity Shares,1000.0,0.0,0.0,0.0,0.0,102173.0,0.03,101173.0,0.03
AUBANK,2022-03-03 18:17:00,2022-03-03,2022-03-02,2022-03-02,-,Market Sale,Sell,Equity Shares,2000.0,0.0,0.0,0.0,0.0,101173.0,0.03,99173.0,0.03
AUBANK,2022-03-08 19:17:00,2022-03-07,2022-03-04,2022-03-04,-,Revokation of Pledge,Pledge Revoke,Equity Shares,2000.0,0.0,0.0,0.0,0.0,99173.0,0.03,99173.0,0.03
AUBANK,2022-03-11 19:35:00,2022-03-09,2022-03-08,2022-03-08,-,Market Sale,Sell,Equity Shares,1000.0,0.0,0.0,0.0,0.0,98173.0,0.03,97173.0,0.03
AUBANK,2022-03-11 19:35:00,2022-03-09,2022-03-08,2022-03-08,-,Market Sale,Sell,Equity Shares,1000.0,0.0,0.0,0.0,0.0,99173.0,0.03,98173.0,0.03
AUBANK,2022-03-15 20:10:00,2022-03-11,2022-03-11,2022-03-11,-,Pledge Creation,Pledge,Equity Shares,1500.0,0.0,0.0,0.0,0.0,11000.0,0.0,11000.0,0.0
AUBANK,2022-03-15 20:10:00,2022-03-12,2022-03-11,2022-03-11,-,Market Sale,Sell,Equity Shares,3609.0,0.0,0.0,0.0,0.0,97173.0,0.03,93564.0,0.03
AUBANK,2022-03-15 20:10:00,2022-03-12,2022-03-11,2022-03-11,-,Market Sale,Sell,Equity Shares,4000.0,0.0,0.0,0.0,0.0,93564.0,0.03,89564.0,0.03
AUBANK,2022-03-17 17:31:00,2022-03-16,2022-03-16,2022-03-16,-,ESOP,Buy,Equity Shares,7000.0,0.0,0.0,0.0,0.0,51189.0,0.02,58189.0,0.02
AUBANK,2022-03-17 17:31:00,2022-03-16,2022-03-16,2022-03-16,Director,ESOP,Buy,Equity Shares,900000.0,0.0,0.0,0.0,0.0,5465595.0,1.74,6365595.0,2.02
AUBANK,2022-03-17 17:31:00,2022-03-16,2022-03-16,2022-03-16,-,ESOP,Buy,Equity Shares,2160.0,0.0,0.0,0.0,0.0,540.0,0.0,2700.0,0.0
AUBANK,2022-03-17 17:31:00,2022-03-16,2022-03-16,2022-03-16,-,ESOP,Buy,Equity Shares,933.0,0.0,0.0,0.0,0.0,15310.0,0.0,16243.0,0.01
AUBANK,2022-03-17 17:31:00,2022-03-16,2022-03-16,2022-03-16,-,ESOP,Buy,Equity Shares,600.0,0.0,0.0,0.0,0.0,1000.0,0.0,1600.0,0.0
AUBANK,2022-03-17 17:31:00,2022-03-16,2022-03-16,2022-03-16,-,ESOP,Buy,Equity Shares,766.0,0.0,0.0,0.0,0.0,15209.0,0.0,15975.0,0.01
AUBANK,2022-03-17 17:31:00,2022-03-16,2022-03-16,2022-03-16,-,ESOP,Buy,Equity Shares,174.0,0.0,0.0,0.0,0.0,15007.0,0.0,15181.0,0.01
AUBANK,2022-03-17 17:31:00,2022-03-16,2022-03-16,2022-03-16,-,ESOP,Buy,Equity Shares,900.0,0.0,0.0,0.0,0.0,,0.0,900.0,0.0
AUBANK,2022-03-17 17:31:00,2022-03-16,2022-03-16,2022-03-16,-,ESOP,Buy,Equity Shares,13952.0,0.0,0.0,0.0,0.0,20000.0,0.01,33952.0,0.01
AUBANK,2022-03-17 17:31:00,2022-03-16,2022-03-16,2022-03-16,-,ESOP,Buy,Equity Shares,1500.0,0.0,0.0,0.0,0.0,,0.0,1500.0,0.0
AUBANK,2022-03-17 17:31:00,2022-03-16,2022-03-16,2022-03-16,-,ESOP,Buy,Equity Shares,2572.0,0.0,0.0,0.0,0.0,25353.0,0.01,27925.0,0.01
AUBANK,2022-03-17 17:31:00,2022-03-16,2022-03-16,2022-03-16,-,ESOP,Buy,Equity Shares,5266.0,0.0,0.0,0.0,0.0,89564.0,0.03,94830.0,0.03
AUBANK,2022-03-17 17:31:00,2022-03-16,2022-03-16,2022-03-16,-,ESOP,Buy,Equity Shares,2897.0,0.0,0.0,0.0,0.0,11000.0,0.0,13897.0,0.0
AUBANK,2022-03-29 19:45:00,2022-03-28,2022-03-25,2022-03-25,-,Pledge Creation,Pledge,Equity Shares,1500.0,0.0,0.0,0.0,0.0,1500.0,0.0,1500.0,0.0
AUBANK,2022-03-29 19:45:00,2022-03-28,2022-03-25,2022-03-25,-,Pledge Creation,Pledge,Equity Shares,1897.0,0.0,0.0,0.0,0.0,13897.0,0.0,13897.0,0.0
AUBANK,2022-03-29 19:45:00,2022-03-28,2022-03-25,2022-03-25,-,Pledge Creation,Pledge,Equity Shares,2160.0,0.0,0.0,0.0,0.0,2700.0,0.0,2700.0,0.0
AUBANK,2022-03-31 20:46:00,2022-03-30,2022-03-30,2022-03-30,Director,Pledge Creation,Pledge,Equity Shares,900000.0,0.0,0.0,0.0,0.0,6365595.0,2.02,6365595.0,2.02
AUBANK,2022-04-04 20:56:00,2022-04-04,2022-03-31,2022-03-31,-,Pledge Creation,Pledge,Equity Shares,13952.0,0.0,0.0,0.0,0.0,33952.0,0.01,33952.0,0.01
AUBANK,2022-04-05 21:55:00,2022-03-16,2022-01-19,2022-03-16,-,ESOP,Buy,Equity Shares,1200.0,0.0,0.0,0.0,0.0,400.0,0.0,1600.0,0.0
AUBANK,2022-04-05 21:55:00,2022-02-04,2022-02-03,2022-02-03,-,Market Sale,Sell,Equity Shares,200.0,0.0,0.0,0.0,0.0,15409.0,0.0,15209.0,0.0
AUBANK,2022-04-05 21:55:00,2022-03-16,2022-03-16,2022-03-16,-,ESOP,Buy,Equity Shares,766.0,0.0,0.0,0.0,0.0,15209.0,0.0,15975.0,0.01
AUBANK,2022-04-05 21:55:00,2022-02-23,2022-02-18,2022-02-23,-,Market Sale,Sell,Equity Shares,700.0,0.0,0.0,0.0,0.0,15707.0,0.0,15007.0,0.0
AUBANK,2022-04-05 21:55:00,2022-03-16,2022-03-16,2022-03-16,-,ESOP,Buy,Equity Shares,174.0,0.0,0.0,0.0,0.0,15007.0,0.0,15181.0,0.0
AUBANK,2022-04-12 20:30:00,2022-04-11,2022-04-08,2022-04-08,-,Revokation of Pledge,Pledge Revoke,Equity Shares,2940.0,0.0,0.0,0.0,0.0,13897.0,0.0,13897.0,0.0
AUBANK,2022-04-12 20:30:00,2022-04-11,2022-04-11,2022-04-11,-,ESOP,Buy,Equity Shares,746.0,0.0,0.0,0.0,0.0,4512.0,0.0,5258.0,0.0
AUBANK,2022-05-03 20:12:00,2022-04-30,2022-04-29,2022-04-29,-,Market Sale,Sell,Equity Shares,500.0,0.0,0.0,0.0,0.0,13897.0,0.0,13397.0,0.0
AUBANK,2022-05-03 20:12:00,2022-04-30,2022-04-29,2022-04-29,-,Market Sale,Sell,Equity Shares,500.0,0.0,0.0,0.0,0.0,13397.0,0.0,12897.0,0.0
AUBANK,2022-05-07 20:51:00,2022-05-05,2022-05-04,2022-05-04,-,Market Sale,Sell,Equity Shares,5000.0,0.0,0.0,0.0,0.0,967953.0,0.31,962953.0,0.31
AUBANK,2022-05-10 15:50:00,2022-05-06,2022-05-04,2022-05-04,-,Market Sale,Sell,Equity Shares,1000.0,0.0,0.0,0.0,0.0,12897.0,0.0,11897.0,0.0
AUBANK,2022-05-10 15:50:00,2022-05-09,2022-05-06,2022-05-06,-,Revokation of Pledge,Pledge Revoke,Equity Shares,2801.0,0.0,0.0,0.0,0.0,10228.0,0.0,10228.0,0.0
AUBANK,2022-05-13 21:48:00,2022-05-11,2022-05-09,2022-05-09,-,Market Sale,Sell,Equity Shares,1600.0,0.0,0.0,0.0,0.0,94830.0,0.03,93230.0,0.03
AUBANK,2022-05-27 19:22:00,2022-05-25,2022-05-25,2022-05-25,-,ESOP,Buy,Equity Shares,2044.0,0.0,0.0,0.0,0.0,962953.0,0.31,964997.0,0.31
AUBANK,2022-05-27 19:22:00,2022-05-25,2022-05-25,2022-05-25,-,ESOP,Buy,Equity Shares,4021.0,0.0,0.0,0.0,0.0,1341273.0,0.43,1345294.0,0.43
AUBANK,2022-05-27 19:22:00,2022-05-25,2022-05-25,2022-05-25,-,ESOP,Buy,Equity Shares,1672.0,0.0,0.0,0.0,0.0,,0.0,1672.0,0.0
AUBANK,2022-05-27 19:22:00,2022-05-25,2022-05-25,2022-05-25,-,ESOP,Buy,Equity Shares,2862.0,0.0,0.0,0.0,0.0,1500.0,0.0,4362.0,0.0
AUBANK,2022-05-27 19:22:00,2022-05-25,2022-05-25,2022-05-25,-,ESOP,Buy,Equity Shares,108000.0,0.0,0.0,0.0,0.0,61041.0,0.02,169041.0,0.05
AUBANK,2022-05-27 19:22:00,2022-05-25,2022-05-25,2022-05-25,-,ESOP,Buy,Equity Shares,1500.0,0.0,0.0,0.0,0.0,1.0,0.0,1501.0,0.0
AUBANK,2022-06-07 20:31:00,2022-06-06,2022-06-03,2022-06-03,-,Pledge Creation,Pledge,Equity Shares,108000.0,0.0,0.0,0.0,0.0,169041.0,0.05,169041.0,0.05
AUBANK,2022-06-07 20:31:00,2022-06-07,2022-06-06,2022-06-06,-,Market Sale,Sell,Equity Shares,1290.0,0.0,0.0,0.0,0.0,1501.0,0.0,211.0,0.0
AUBANK,2022-06-07 20:31:00,2022-06-07,2022-06-06,2022-06-06,-,Revokation of Pledge,Pledge Revoke,Equity Shares,1500.0,0.0,0.0,0.0,0.0,1501.0,0.0,1501.0,0.0
AUBANK,2022-06-07 20:31:00,2022-06-06,2022-06-03,2022-06-03,-,Pledge Creation,Pledge,Equity Shares,1500.0,0.0,0.0,0.0,0.0,1501.0,0.0,1501.0,0.0
AUBANK,2022-06-07 20:31:00,2022-06-06,2022-06-03,2022-06-03,-,Pledge Creation,Pledge,Equity Shares,2862.0,0.0,0.0,0.0,0.0,4362.0,0.0,4362.0,0.0
AUBANK,2022-06-07 20:31:00,2022-06-06,2022-06-03,2022-06-03,-,Pledge Creation,Pledge,Equity Shares,1672.0,0.0,0.0,0.0,0.0,1672.0,0.0,1672.0,0.0
AUBANK,2022-06-09 18:42:00,2022-06-08,2022-06-07,2022-06-07,-,Market Sale,Sell,Equity Shares,10.0,0.0,0.0,0.0,0.0,211.0,0.0,201.0,0.0
AUBANK,2022-06-24 19:11:00,2022-06-22,2022-06-21,2022-06-21,-,Market Sale,Sell,Equity Shares,1063.0,0.0,0.0,0.0,0.0,5228.0,0.0,4165.0,0.0
AUBANK,2022-06-24 19:11:00,2022-06-24,2022-06-23,2022-06-23,-,Market Sale,Sell,Equity Shares,1114.0,0.0,0.0,0.0,0.0,3114.0,0.0,2000.0,0.0
AUBANK,2022-06-24 19:11:00,2022-06-24,2022-06-22,2022-06-22,-,Market Sale,Sell,Equity Shares,1051.0,0.0,0.0,0.0,0.0,4165.0,0.0,3114.0,0.0
AUBANK,2022-06-28 20:19:00,2022-06-27,2022-06-24,2022-06-24,-,Market Sale,Sell,Equity Shares,2000.0,0.0,0.0,0.0,0.0,2000.0,0.0,,0.0
AUBANK,2022-07-26 22:11:00,2022-07-25,2022-07-22,2022-07-22,-,Pledge Creation,Pledge,Equity Shares,10000.0,0.0,0.0,0.0,0.0,67904.0,0.01,67904.0,0.01
AUBANK,2022-08-12 19:19:00,2022-08-10,2022-08-08,2022-08-08,Promoters,Others,Sell,Equity Shares,3658642.0,0.0,0.0,0.0,0.0,3658642.0,0.55,,0.0
AUBANK,2022-08-12 19:19:00,2022-08-10,2022-08-08,2022-08-08,Promoters,Others,Buy,Equity Shares,3658642.0,0.0,0.0,0.0,0.0,113532718.0,17.08,117191360.0,17.63
AUBANK,2022-08-12 19:19:00,2022-08-12,2022-08-12,2022-08-12,Promoter Group,Market Sale,Sell,Equity Shares,2500000.0,0.0,0.0,0.0,0.0,13329072.0,2.01,10829072.0,1.63
AUBANK,2022-08-12 19:19:00,2022-08-12,2022-08-12,2022-08-12,Promoters,Market Sale,Sell,Equity Shares,5000000.0,0.0,0.0,0.0,0.0,23640860.0,3.56,18640860.0,2.8
AUBANK,2022-08-12 19:19:00,2022-08-12,2022-08-11,2022-08-11,-,Market Sale,Sell,Equity Shares,10000.0,0.0,0.0,0.0,0.0,29988.0,0.0,19988.0,0.0
AUBANK,2022-08-16 19:24:00,2022-08-16,2022-08-12,2022-08-12,-,Market Sale,Sell,Equity Shares,1000.0,0.0,0.0,0.0,0.0,22794.0,0.0,21794.0,0.0
AUBANK,2022-08-16 19:24:00,2022-08-16,2022-08-12,2022-08-12,-,Market Sale,Sell,Equity Shares,1000.0,0.0,0.0,0.0,0.0,23794.0,0.0,22794.0,0.0
AUBANK,2022-08-17 19:14:00,2022-08-16,2022-08-12,2022-08-12,-,Market Sale,Sell,Equity Shares,30000.0,0.0,0.0,0.0,0.0,1929994.0,0.29,1899994.0,0.29
AUBANK,2022-08-18 18:36:00,2022-08-17,2022-08-16,2022-08-16,-,Market Sale,Sell,Equity Shares,11840.0,0.0,0.0,0.0,0.0,1899994.0,0.29,1888154.0,0.28
AUBANK,2022-08-18 18:36:00,2022-08-18,2022-08-17,2022-08-17,-,Market Sale,Sell,Equity Shares,13160.0,0.0,0.0,0.0,0.0,1888154.0,0.28,1874994.0,0.28
AUBANK,2022-08-18 18:36:00,2022-08-18,2022-08-17,2022-08-17,-,Market Sale,Sell,Equity Shares,10732.0,0.0,0.0,0.0,0.0,186460.0,0.03,175728.0,0.03
AUBANK,2022-08-20 18:57:00,2022-08-19,2022-08-18,2022-08-18,-,Market Sale,Sell,Equity Shares,5000.0,0.0,0.0,0.0,0.0,1874994.0,0.28,1869994.0,0.28
AUBANK,2022-08-20 18:57:00,2022-08-19,2022-08-17,2022-08-17,-,Market Sale,Sell,Equity Shares,500.0,0.0,0.0,0.0,0.0,21794.0,0.0,21294.0,0.0
AUBANK,2022-08-23 19:48:00,2022-08-22,2022-08-19,2022-08-19,-,Revokation of Pledge,Pledge Revoke,Equity Shares,9732.0,0.0,0.0,0.0,0.0,175728.0,0.03,175728.0,0.03
AUBANK,2022-08-25 19:39:00,2022-08-23,2022-08-23,2022-08-23,-,Market Sale,Sell,Equity Shares,10000.0,0.0,0.0,0.0,0.0,1869994.0,0.28,1859994.0,0.28
AUBANK,2022-08-25 19:39:00,2022-08-24,2022-08-24,2022-08-24,-,Market Sale,Sell,Equity Shares,10000.0,0.0,0.0,0.0,0.0,1859994.0,0.28,1849994.0,0.28
AUBANK,2022-08-25 19:39:00,2022-08-24,2022-08-23,2022-08-23,-,Market Sale,Sell,Equity Shares,7191.0,0.0,0.0,0.0,0.0,175728.0,0.03,168537.0,0.03
AUBANK,2022-08-26 18:08:00,2022-08-25,2022-08-25,2022-08-25,-,Market Sale,Sell,Equity Shares,15000.0,0.0,0.0,0.0,0.0,1849994.0,0.28,1834994.0,0.28
AUBANK,2022-08-29 19:51:00,2022-08-25,2022-08-23,2022-08-23,-,Revokation of Pledge,Pledge Revoke,Equity Shares,7191.0,0.0,0.0,0.0,0.0,168537.0,0.03,168537.0,0.03
AUBANK,2022-08-31 19:21:00,2022-08-30,2022-08-29,2022-08-29,-,Market Sale,Sell,Equity Shares,5000.0,0.0,0.0,0.0,0.0,1834994.0,0.28,1829994.0,0.28
AUBANK,2022-08-31 19:21:00,2022-08-30,2022-08-30,2022-08-30,-,Market Sale,Sell,Equity Shares,2270.0,0.0,0.0,0.0,0.0,2270.0,0.0,,0.0
AUBANK,2022-09-01 18:57:00,2022-08-30,2022-08-30,2022-08-30,-,ESOP,Buy,Equity Shares,1000.0,0.0,0.0,0.0,0.0,21294.0,0.0,22294.0,0.0
AUBANK,2022-09-01 18:57:00,2022-08-30,2022-08-30,2022-08-30,-,ESOP,Buy,Equity Shares,2450.0,0.0,0.0,0.0,0.0,22378.0,0.0,24828.0,0.0
AUBANK,2022-09-01 18:57:00,2022-08-30,2022-08-30,2022-08-30,Director,ESOP,Buy,Equity Shares,603434.0,0.0,0.0,0.0,0.0,12731190.0,1.91,13334624.0,2.0
AUBANK,2022-09-01 18:57:00,2022-08-30,2022-08-30,2022-08-30,-,ESOP,Buy,Equity Shares,30000.0,0.0,0.0,0.0,0.0,2690588.0,0.4,2720588.0,0.41
AUBANK,2022-09-15 19:37:00,2022-09-15,2022-09-14,2022-09-14,-,Market Sale,Sell,Equity Shares,10522.0,0.0,0.0,0.0,0.0,163537.0,0.02,153015.0,0.02
AUBANK,2022-09-15 19:37:00,2022-09-15,2022-09-14,2022-09-14,-,Market Sale,Sell,Equity Shares,5000.0,0.0,0.0,0.0,0.0,168537.0,0.03,163537.0,0.02
AUBANK,2022-09-20 19:17:00,2022-09-15,2022-09-13,2022-09-13,-,Market Sale,Sell,Equity Shares,5234.0,0.0,0.0,0.0,0.0,8724.0,0.0,3490.0,0.0
AUBANK,2022-09-20 19:17:00,2022-09-19,2022-09-16,2022-09-16,-,Revokation of Pledge,Pledge Revoke,Equity Shares,12752.0,0.0,0.0,0.0,0.0,153015.0,0.02,153015.0,0.02
AUBANK,2022-09-20 19:17:00,2022-09-19,2022-09-16,2022-09-16,-,Market Sale,Sell,Equity Shares,3344.0,0.0,0.0,0.0,0.0,3344.0,0.0,,0.0
AUBANK,2022-09-20 19:17:00,2022-09-19,2022-09-16,2022-09-16,-,Revokation of Pledge,Pledge Revoke,Equity Shares,3344.0,0.0,0.0,0.0,0.0,3344.0,0.0,3344.0,0.0
AUBANK,2022-09-20 19:17:00,2022-09-15,2022-09-13,2022-09-13,-,Revokation of Pledge,Pledge Revoke,Equity Shares,8724.0,0.0,0.0,0.0,0.0,8724.0,0.0,8724.0,0.0
AUBANK,2022-09-20 19:17:00,2022-09-19,2022-09-16,2022-09-16,-,Revokation of Pledge,Pledge Revoke,Equity Shares,5603.0,0.0,0.0,0.0,0.0,21794.0,0.0,21794.0,0.0
AUBANK,2022-09-20 19:17:00,2022-09-19,2022-09-15,2022-09-15,-,Market Sale,Sell,Equity Shares,500.0,0.0,0.0,0.0,0.0,22294.0,0.0,21794.0,0.0
AUBANK,2022-09-22 20:31:00,2022-09-21,2022-09-20,2022-09-20,Other,Market Sale,Sell,Equity Shares,100000.0,0.0,0.0,0.0,0.0,795106.0,0.12,695106.0,0.1
AUBANK,2022-09-22 20:31:00,2022-09-21,2022-09-20,2022-09-20,-,Market Sale,Sell,Equity Shares,1000.0,0.0,0.0,0.0,0.0,153015.0,0.02,152015.0,0.02
AUBANK,2022-09-23 17:02:00,2022-09-23,2022-09-22,2022-09-22,-,Market Sale,Sell,Equity Shares,7000.0,0.0,0.0,0.0,0.0,152015.0,0.02,145015.0,0.02
AUBANK,2022-09-23 17:02:00,2022-09-23,2022-09-22,2022-09-22,-,Market Sale,Sell,Equity Shares,6478.0,0.0,0.0,0.0,0.0,145015.0,0.02,138537.0,0.02
AUBANK,2022-09-27 19:10:00,2022-09-23,2022-09-21,2022-09-21,Director,Market Sale,Sell,Equity Shares,149688.0,0.0,0.0,0.0,0.0,13334624.0,2.0,13184936.0,1.98
AUBANK,2022-09-27 19:10:00,2022-09-26,2022-09-23,2022-09-23,-,Revokation of Pledge,Pledge Revoke,Equity Shares,6000.0,0.0,0.0,0.0,0.0,21794.0,0.0,21794.0,0.0
AUBANK,2022-09-27 19:10:00,2022-09-23,2022-09-21,2022-09-21,Other,Market Sale,Sell,Equity Shares,190000.0,0.0,0.0,0.0,0.0,392038.0,0.06,202038.0,0.03
AUBANK,2022-10-01 17:56:00,2022-09-29,2022-09-29,2022-09-29,-,ESOP,Buy,Equity Shares,1970.0,0.0,0.0,0.0,0.0,24828.0,0.0,26798.0,0.0
AUBANK,2022-10-01 17:56:00,2022-08-30,2022-08-30,2022-08-30,-,ESOP,Buy,Equity Shares,1408.0,0.0,0.0,0.0,0.0,82.0,0.0,1490.0,0.0
AUBANK,2022-10-01 17:56:00,2022-09-29,2022-09-29,2022-09-29,-,ESOP,Buy,Equity Shares,588.0,0.0,0.0,0.0,0.0,1490.0,0.0,2078.0,0.0
AUBANK,2022-10-01 17:56:00,2022-09-29,2022-09-29,2022-09-29,-,ESOP,Buy,Equity Shares,1800.0,0.0,0.0,0.0,0.0,,0.0,1800.0,0.0
AUBANK,2022-10-01 17:56:00,2022-08-30,2022-08-30,2022-08-30,-,ESOP,Buy,Equity Shares,493.0,0.0,0.0,0.0,0.0,,0.0,493.0,0.0
AUBANK,2022-10-01 17:56:00,2022-09-11,2022-09-09,2022-09-09,-,Market Sale,Sell,Equity Shares,493.0,0.0,0.0,0.0,0.0,493.0,0.0,,0.0
AUBANK,2022-10-01 17:56:00,2022-09-29,2022-09-29,2022-09-29,-,ESOP,Buy,Equity Shares,268.0,0.0,0.0,0.0,0.0,432.0,0.0,700.0,0.0
AUBANK,2022-10-01 17:56:00,2022-09-29,2022-09-29,2022-09-29,-,ESOP,Buy,Equity Shares,917.0,0.0,0.0,0.0,0.0,,0.0,917.0,0.0
AUBANK,2022-10-01 17:56:00,2022-08-13,2022-08-11,2022-08-11,-,Market Sale,Sell,Equity Shares,1000.0,0.0,0.0,0.0,0.0,1000.0,0.0,,0.0
AUBANK,2022-10-01 17:56:00,2022-09-29,2022-09-29,2022-09-29,-,ESOP,Buy,Equity Shares,4500.0,0.0,0.0,0.0,0.0,105914.0,0.02,110414.0,0.02
AUBANK,2022-10-01 17:56:00,2022-09-29,2022-09-29,2022-09-29,-,ESOP,Buy,Equity Shares,2338.0,0.0,0.0,0.0,0.0,31950.0,0.0,34288.0,0.01
AUBANK,2022-10-01 17:56:00,2022-08-30,2022-08-30,2022-08-30,-,ESOP,Buy,Equity Shares,432.0,0.0,0.0,0.0,0.0,,0.0,432.0,0.0
AUBANK,2022-10-07 18:58:00,2022-10-03,2022-09-30,2022-09-30,-,Pledge Creation,Pledge,Equity Shares,3000.0,0.0,0.0,0.0,0.0,21794.0,0.0,21794.0,0.0
AUBANK,2022-10-28 20:16:00,2022-10-26,2022-10-26,2022-10-26,-,ESOP,Buy,Equity Shares,1745.0,0.0,0.0,0.0,0.0,59300.0,0.01,61045.0,0.01
AUBANK,2022-10-28 20:16:00,2022-10-26,2022-10-26,2022-10-26,-,ESOP,Buy,Equity Shares,1920.0,0.0,0.0,0.0,0.0,9178.0,0.0,11098.0,0.0
AUBANK,2022-10-28 20:16:00,2022-10-26,2022-10-26,2022-10-26,-,ESOP,Buy,Equity Shares,306558.0,0.0,0.0,0.0,0.0,2720588.0,0.41,3027146.0,0.45
AUBANK,2022-10-28 20:16:00,2022-10-26,2022-10-26,2022-10-26,-,ESOP,Buy,Equity Shares,215000.0,0.0,0.0,0.0,0.0,1829994.0,0.27,2044994.0,0.31
AUBANK,2022-11-04 20:09:00,2022-11-02,2022-10-31,2022-10-31,-,Market Sale,Sell,Equity Shares,1000.0,0.0,0.0,0.0,0.0,3490.0,0.0,2490.0,0.0
AUBANK,2022-11-04 20:09:00,2022-11-04,2022-11-01,2022-11-01,-,Market Sale,Sell,Equity Shares,2480.0,0.0,0.0,0.0,0.0,2490.0,0.0,10.0,0.0
AUBANK,2022-11-09 19:26:00,2022-10-26,2022-10-26,2022-10-26,-,ESOP,Buy,Equity Shares,1368.0,0.0,0.0,0.0,0.0,,0.0,1368.0,0.0
AUBANK,2022-11-09 19:26:00,2022-11-07,2022-11-04,2022-11-04,-,Pledge Creation,Pledge,Equity Shares,1368.0,0.0,0.0,0.0,0.0,1368.0,0.0,1368.0,0.0
AUBANK,2022-11-21 19:01:00,,,,Employees/Designated Employees,-,-,,,3000.0,3000.0,1990900.0,1995000.0,,0.0,,
AUBANK,2022-11-21 19:01:00,,,,Employees/Designated Employees,-,-,,,1000.0,1000.0,619800.0,620200.0,,0.0,,
AUBANK,2022-11-21 19:01:00,,,,Employees/Designated Employees,-,-,,,1000.0,1000.0,658600.0,661050.0,,0.0,,
AUBANK,2022-11-29 19:24:00,2022-11-28,2022-11-25,2022-11-25,-,Revokation of Pledge,Pledge Revoke,Equity Shares,67864.0,0.0,0.0,0.0,0.0,138537.0,0.02,138537.0,0.02
AUBANK,2022-11-30 19:46:00,2022-11-29,2022-11-29,2022-11-29,-,ESOP,Buy,Equity Shares,8042.0,0.0,0.0,0.0,0.0,3027146.0,0.45,3035188.0,0.46
AUBANK,2022-11-30 19:46:00,2022-11-10,2022-11-09,2022-11-09,-,Market Sale,Sell,Equity Shares,917.0,0.0,0.0,0.0,0.0,917.0,0.0,,0.0
AUBANK,2022-11-30 19:46:00,2022-11-29,2022-11-29,2022-11-29,-,ESOP,Buy,Equity Shares,1248.0,0.0,0.0,0.0,0.0,,0.0,1248.0,0.0
AUBANK,2022-11-30 19:46:00,2022-11-29,2022-11-29,2022-11-29,-,ESOP,Buy,Equity Shares,3500.0,0.0,0.0,0.0,0.0,,0.0,3500.0,0.0
AUBANK,2022-12-06 19:44:00,2022-12-01,2022-11-29,2022-11-29,-,Revokation of Pledge,Pledge Revoke,Equity Shares,22776.0,0.0,0.0,0.0,0.0,67904.0,0.01,67904.0,0.01
AUBANK,2022-12-06 19:44:00,2022-12-01,2022-11-29,2022-11-29,-,Market Sale,Sell,Equity Shares,22776.0,0.0,0.0,0.0,0.0,67904.0,0.01,45128.0,0.01
AUBANK,2022-12-06 19:44:00,2022-12-02,2022-11-30,2022-11-30,-,Revokation of Pledge,Pledge Revoke,Equity Shares,5128.0,0.0,0.0,0.0,0.0,45128.0,0.01,45128.0,0.01
AUBANK,2022-12-06 19:44:00,2022-12-06,2022-12-05,2022-12-05,Other,Market Sale,Sell,Equity Shares,100000.0,0.0,0.0,0.0,0.0,695106.0,0.1,595106.0,0.09
AUBANK,2022-12-06 19:44:00,2022-12-02,2022-11-30,2022-11-30,-,Market Sale,Sell,Equity Shares,5128.0,0.0,0.0,0.0,0.0,45128.0,0.01,40000.0,0.01
AUBANK,2022-12-06 19:44:00,2022-10-26,2022-10-26,2022-10-26,-,ESOP,Buy,Equity Shares,1326.0,0.0,0.0,0.0,0.0,1516.0,0.0,2842.0,0.0
AUBANK,2022-12-06 19:44:00,2022-12-05,2022-12-02,2022-12-02,-,Pledge Creation,Pledge,Equity Shares,2842.0,0.0,0.0,0.0,0.0,2842.0,0.0,2842.0,0.0
AUBANK,2022-12-09 18:24:00,2022-12-08,2022-12-06,2022-12-06,-,Market Sale,Sell,Equity Shares,624.0,0.0,0.0,0.0,0.0,1248.0,0.0,624.0,0.0
AUBANK,2022-12-09 18:24:00,2022-12-08,2022-12-06,2022-12-06,Key Managerial Personnel,Market Sale,Sell,Equity Shares,2500.0,0.0,0.0,0.0,0.0,151370.0,0.02,148870.0,0.02
AUBANK,2022-12-09 18:24:00,2022-12-08,2022-12-07,2022-12-07,Key Managerial Personnel,Market Sale,Sell,Equity Shares,501.0,0.0,0.0,0.0,0.0,148870.0,0.02,148369.0,0.02
AUBANK,2022-12-09 18:24:00,2022-12-08,2022-12-07,2022-12-07,Key Managerial Personnel,Market Sale,Sell,Equity Shares,499.0,0.0,0.0,0.0,0.0,148369.0,0.02,147870.0,0.02
AUBANK,2022-12-09 18:24:00,2022-12-09,2022-12-08,2022-12-08,Key Managerial Personnel,Market Sale,Sell,Equity Shares,500.0,0.0,0.0,0.0,0.0,147870.0,0.02,147370.0,0.02
AUBANK,2022-12-13 19:59:00,2022-12-12,2022-12-09,2022-12-09,-,Market Sale,Sell,Equity Shares,4000.0,0.0,0.0,0.0,0.0,34288.0,0.01,30288.0,0.0
AUBANK,2022-12-13 19:59:00,2022-12-09,2022-12-07,2022-12-07,-,Market Sale,Sell,Equity Shares,3000.0,0.0,0.0,0.0,0.0,10256.0,0.0,7256.0,0.0
AUBANK,2022-12-13 19:59:00,2022-12-09,2022-12-07,2022-12-07,-,Revokation of Pledge,Pledge Revoke,Equity Shares,3000.0,0.0,0.0,0.0,0.0,10256.0,0.0,10256.0,0.0
AUBANK,2022-12-13 19:59:00,2022-12-12,2022-12-09,2022-12-09,Key Managerial Personnel,Market Sale,Sell,Equity Shares,2000.0,0.0,0.0,0.0,0.0,147370.0,0.02,145370.0,0.02
AUBANK,2022-12-13 19:59:00,2022-12-12,2022-12-08,2022-12-08,-,Market Sale,Sell,Equity Shares,1368.0,0.0,0.0,0.0,0.0,1368.0,0.0,,0.0
AUBANK,2022-12-13 19:59:00,2022-12-12,2022-12-08,2022-12-08,-,Market Sale,Sell,Equity Shares,25000.0,0.0,0.0,0.0,0.0,163028.0,0.02,138028.0,0.02
AUBANK,2022-12-13 19:59:00,2022-12-12,2022-12-08,2022-12-08,-,Revokation of Pledge,Pledge Revoke,Equity Shares,1368.0,0.0,0.0,0.0,0.0,1368.0,0.0,1368.0,0.0
AUBANK,2022-12-13 19:59:00,2022-12-13,2022-12-12,2022-12-12,-,Market Sale,Sell,Equity Shares,5000.0,0.0,0.0,0.0,0.0,128028.0,0.02,123028.0,0.02
AUBANK,2022-12-13 19:59:00,2022-12-12,2022-12-09,2022-12-09,-,Market Sale,Sell,Equity Shares,10000.0,0.0,0.0,0.0,0.0,138028.0,0.02,128028.0,0.02
AUBANK,2022-12-20 19:34:00,2022-12-14,2022-12-12,2022-12-12,-,Market Sale,Sell,Equity Shares,624.0,0.0,0.0,0.0,0.0,624.0,0.0,,0.0
AUBANK,2022-12-20 19:34:00,2022-12-16,2022-12-14,2022-12-14,-,Market Sale,Sell,Equity Shares,5000.0,0.0,0.0,0.0,0.0,123028.0,0.02,118028.0,0.02
AUBANK,2022-12-28 19:57:00,2022-12-28,2022-12-26,2022-12-26,-,Market Sale,Sell,Equity Shares,2000.0,0.0,0.0,0.0,0.0,34730.0,0.01,32730.0,0.0
AUBANK,2022-12-28 19:57:00,2022-12-28,2022-12-26,2022-12-26,-,Market Sale,Sell,Equity Shares,37.0,0.0,0.0,0.0,0.0,7444.0,0.0,7407.0,0.0
AUBANK,2022-12-28 19:57:00,2022-12-27,2022-12-23,2022-12-23,-,Market Sale,Sell,Equity Shares,500.0,0.0,0.0,0.0,0.0,7944.0,0.0,7444.0,0.0
AUBANK,2022-12-28 19:57:00,2022-10-31,2022-10-28,2022-10-28,-,Pledge Creation,Pledge,Equity Shares,1500.0,0.0,0.0,0.0,0.0,7944.0,0.0,7944.0,0.0
AUBANK,2023-01-03 18:36:00,2022-11-07,2022-11-04,2022-11-04,-,Market Sale,Sell,Equity Shares,300.0,0.0,0.0,0.0,0.0,30362.0,0.0,30062.0,0.0
AUBANK,2023-01-03 18:36:00,2022-11-09,2022-11-07,2022-11-07,-,Market Sale,Sell,Equity Shares,200.0,0.0,0.0,0.0,0.0,30062.0,0.0,29862.0,0.0
AUBANK,2023-01-03 18:36:00,2023-01-02,2022-12-30,2022-12-30,-,Revokation of Pledge,Pledge Revoke,Equity Shares,10000.0,0.0,0.0,0.0,0.0,29862.0,0.0,29862.0,0.0
AUBANK,2023-01-18 00:03:00,2023-01-13,2023-01-11,2023-01-11,-,Revokation of Pledge,Pledge Revoke,Equity Shares,1800000.0,0.0,0.0,0.0,0.0,13184936.0,1.98,13184936.0,1.98
AUBANK,2023-01-25 16:38:00,2023-01-23,2023-01-23,2023-01-23,Immediate relative,Pledge Creation,Pledge,Equity Shares,60000.0,0.0,0.0,0.0,0.0,120000.0,0.02,120000.0,0.02
AUBANK,2023-01-30 20:13:00,2023-01-26,2023-01-25,2023-01-25,-,Market Sale,Sell,Equity Shares,10000.0,0.0,0.0,0.0,0.0,3035188.0,0.46,3025188.0,0.45
AUBANK,2023-01-30 20:13:00,2023-01-26,2023-01-25,2023-01-25,-,Market Sale,Sell,Equity Shares,40526.0,0.0,0.0,0.0,0.0,3025188.0,0.45,2984662.0,0.45
AUBANK,2023-01-30 20:13:00,2023-01-27,2023-01-27,2023-01-27,-,Market Sale,Sell,Equity Shares,10000.0,0.0,0.0,0.0,0.0,2984662.0,0.45,2974662.0,0.45
AUBANK,2023-01-31 19:55:00,2023-01-30,2023-01-27,2023-01-27,-,Pledge Creation,Pledge,Equity Shares,10000.0,0.0,0.0,0.0,0.0,29862.0,0.0,29862.0,0.0
AUBANK,2023-01-31 19:55:00,2023-01-30,2023-01-27,2023-01-27,-,Pledge Creation,Pledge,Equity Shares,4800.0,0.0,0.0,0.0,0.0,7256.0,0.0,7256.0,0.0
AUBANK,2023-01-31 19:55:00,2023-01-04,2023-01-02,2023-01-02,-,Revokation of Pledge,Pledge Revoke,Equity Shares,1256.0,0.0,0.0,0.0,0.0,7256.0,0.0,7256.0,0.0
AUBANK,2023-02-03 17:52:00,2023-02-01,2023-02-01,2023-02-01,-,Market Sale,Sell,Equity Shares,150474.0,0.0,0.0,0.0,0.0,2969662.0,0.45,2819188.0,0.42
AUBANK,2023-02-03 17:52:00,2023-02-02,2023-02-02,2023-02-02,-,Market Sale,Sell,Equity Shares,84000.0,0.0,0.0,0.0,0.0,2819188.0,0.42,2735188.0,0.41
AUBANK,2023-02-03 17:52:00,2023-02-01,2023-02-01,2023-02-01,-,Market Sale,Sell,Equity Shares,5000.0,0.0,0.0,0.0,0.0,2974662.0,0.45,2969662.0,0.45
AUBANK,2023-02-14 19:52:00,2023-02-10,2023-02-08,2023-02-08,-,Pledge Creation,Pledge,Equity Shares,1200.0,0.0,0.0,0.0,0.0,7256.0,0.0,7256.0,0.0
AUBANK,2023-03-02 18:09:00,2023-02-28,2023-02-28,2023-02-28,-,ESOP,Buy,Equity Shares,2264.0,0.0,0.0,0.0,0.0,30288.0,0.0,32552.0,0.0
AUBANK,2023-03-08 18:33:00,2023-03-06,2023-03-03,2023-03-03,-,Revokation of Pledge,Pledge Revoke,Equity Shares,2200.0,0.0,0.0,0.0,0.0,39082.0,0.01,39082.0,0.01
AUBANK,2023-03-22 19:52:00,2023-03-22,2023-03-20,2023-03-20,-,Revokation of Pledge,Pledge Revoke,Equity Shares,6500.0,0.0,0.0,0.0,0.0,29862.0,0.0,29862.0,0.0
AUBANK,2023-03-22 19:52:00,2023-03-22,2023-03-20,2023-03-20,-,Pledge Creation,Pledge,Equity Shares,6500.0,0.0,0.0,0.0,0.0,29862.0,0.0,29862.0,0.0
AUBANK,2023-03-24 19:19:00,2023-03-23,2023-03-23,2023-03-23,-,ESOP,Buy,Equity Shares,9898.0,0.0,0.0,0.0,0.0,20456.0,0.0,30354.0,0.0
AUBANK,2023-03-24 19:19:00,2023-02-28,2023-02-28,2023-02-28,-,ESOP,Buy,Equity Shares,900.0,0.0,0.0,0.0,0.0,61045.0,0.01,61945.0,0.01
AUBANK,2023-03-24 19:19:00,2023-03-23,2023-03-23,2023-03-23,-,ESOP,Buy,Equity Shares,1800.0,0.0,0.0,0.0,0.0,61945.0,0.01,63745.0,0.01
AUBANK,2023-04-10 22:04:00,,,,Employees/Designated Employees,-,-,,,1000.0,1000.0,652000.0,652100.0,,0.0,,
AUBANK,2023-04-26 20:18:00,2023-04-24,2023-04-24,2023-04-24,-,ESOP,Buy,Equity Shares,8000.0,0.0,0.0,0.0,0.0,,0.0,8000.0,0.0
AUBANK,2023-04-26 20:18:00,2023-04-24,2023-04-24,2023-04-24,-,ESOP,Buy,Equity Shares,3612.0,0.0,0.0,0.0,0.0,78314.0,0.01,81926.0,0.01
AUBANK,2023-04-26 20:18:00,2023-04-24,2023-04-24,2023-04-24,-,ESOP,Buy,Equity Shares,2645.0,0.0,0.0,0.0,0.0,63745.0,0.01,66390.0,0.01
AUBANK,2023-04-26 20:18:00,2023-04-24,2023-04-24,2023-04-24,-,ESOP,Buy,Equity Shares,2200.0,0.0,0.0,0.0,0.0,43632.0,0.01,45832.0,0.01
AUBANK,2023-04-26 20:18:00,2023-04-24,2023-04-24,2023-04-24,-,ESOP,Buy,Equity Shares,2682.0,0.0,0.0,0.0,0.0,27796.0,0.0,30478.0,0.0
AUBANK,2023-04-26 20:18:00,2023-04-24,2023-04-24,2023-04-24,-,ESOP,Buy,Equity Shares,2948.0,0.0,0.0,0.0,0.0,3200.0,0.0,6148.0,0.0
AUBANK,2023-05-05 20:22:00,2023-05-05,2023-05-05,2023-05-05,-,Market Sale,Sell,Equity Shares,20000.0,0.0,0.0,0.0,0.0,2007994.0,0.3,1987994.0,0.3
AUBANK,2023-05-05 20:22:00,2023-05-04,2023-05-02,2023-05-02,-,Market Sale,Sell,Equity Shares,1000.0,0.0,0.0,0.0,0.0,22794.0,0.0,21794.0,0.0
AUBANK,2023-05-05 20:22:00,2023-04-29,2023-04-28,2023-04-28,-,Market Sale,Sell,Equity Shares,1000.0,0.0,0.0,0.0,0.0,23794.0,0.0,22794.0,0.0
AUBANK,2023-05-05 20:22:00,2023-05-03,2023-05-03,2023-05-03,-,Market Sale,Sell,Equity Shares,22000.0,0.0,0.0,0.0,0.0,2029994.0,0.3,2007994.0,0.3
AUBANK,2023-05-05 20:22:00,2023-05-03,2023-05-02,2023-05-02,-,Market Sale,Sell,Equity Shares,15000.0,0.0,0.0,0.0,0.0,2044994.0,0.31,2029994.0,0.3
AUBANK,2023-05-05 20:22:00,2023-05-03,2023-05-02,2023-05-02,-,Market Sale,Sell,Equity Shares,3000.0,0.0,0.0,0.0,0.0,138537.0,0.02,135537.0,0.02
AUBANK,2023-05-09 21:05:00,2023-05-08,2023-05-08,2023-05-08,-,Market Sale,Sell,Equity Shares,1000.0,0.0,0.0,0.0,0.0,21794.0,0.0,20794.0,0.0
AUBANK,2023-05-09 21:05:00,2023-05-05,2023-05-03,2023-05-03,-,Gift,Sell,Equity Shares,2000.0,0.0,0.0,0.0,0.0,337882.0,0.05,335882.0,0.05
AUBANK,2023-05-09 21:05:00,2023-05-08,2023-05-08,2023-05-08,-,Market Sale,Sell,Equity Shares,15000.0,0.0,0.0,0.0,0.0,1959994.0,0.29,1944994.0,0.29
AUBANK,2023-05-09 21:05:00,2023-05-05,2023-05-05,2023-05-05,-,Market Sale,Sell,Equity Shares,28000.0,0.0,0.0,0.0,0.0,1987994.0,0.3,1959994.0,0.29
AUBANK,2023-05-09 21:05:00,2023-05-08,2023-05-05,2023-05-05,-,Market Sale,Sell,Equity Shares,1752.0,0.0,0.0,0.0,0.0,5400.0,0.0,3648.0,0.0
AUBANK,2023-05-09 21:05:00,2023-05-05,2023-05-03,2023-05-03,-,Pledge Creation,Pledge,Equity Shares,7000.0,0.0,0.0,0.0,0.0,40000.0,0.01,40000.0,0.01
AUBANK,2023-05-09 21:05:00,2023-05-08,2023-05-05,2023-05-05,-,Revokation of Pledge,Pledge Revoke,Equity Shares,1752.0,0.0,0.0,0.0,0.0,5400.0,0.0,5400.0,0.0
AUBANK,2023-05-12 19:15:00,2023-05-10,2023-05-08,2023-05-08,-,Market Sale,Sell,Equity Shares,3000.0,0.0,0.0,0.0,0.0,8000.0,0.0,5000.0,0.0
AUBANK,2023-05-12 19:15:00,2023-05-10,2023-05-09,2023-05-09,-,Market Sale,Sell,Equity Shares,1000.0,0.0,0.0,0.0,0.0,20794.0,0.0,19794.0,0.0
AUBANK,2023-05-16 19:30:00,2023-05-15,2023-05-11,2023-05-11,-,Market Sale,Sell,Equity Shares,460.0,0.0,0.0,0.0,0.0,460.0,0.0,,0.0
AUBANK,2023-05-16 19:30:00,2023-05-10,2023-05-10,2023-05-10,-,Revokation of Pledge,Pledge Revoke,Equity Shares,3000.0,0.0,0.0,0.0,0.0,19794.0,0.0,19794.0,0.0
AUBANK,2023-05-16 19:30:00,2023-05-16,2023-05-12,2023-05-12,-,Market Sale,Sell,Equity Shares,2700.0,0.0,0.0,0.0,0.0,5000.0,0.0,2300.0,0.0
AUBANK,2023-05-16 19:30:00,2023-05-10,2023-05-08,2023-05-08,-,Revokation of Pledge,Pledge Revoke,Equity Shares,3000.0,0.0,0.0,0.0,0.0,8000.0,0.0,8000.0,0.0
AUBANK,2023-05-16 19:30:00,2023-05-10,2023-05-08,2023-05-08,-,Pledge Creation,Pledge,Equity Shares,8000.0,0.0,0.0,0.0,0.0,8000.0,0.0,8000.0,0.0
AUBANK,2023-05-16 19:30:00,2023-05-15,2023-05-11,2023-05-11,-,Revokation of Pledge,Pledge Revoke,Equity Shares,460.0,0.0,0.0,0.0,0.0,460.0,0.0,460.0,0.0
AUBANK,2023-05-16 19:30:00,2023-05-08,2023-05-05,2023-05-05,-,Pledge Creation,Pledge,Equity Shares,460.0,0.0,0.0,0.0,0.0,460.0,0.0,460.0,0.0
AUBANK,2023-05-16 19:30:00,2023-04-24,2023-04-24,2023-04-24,-,ESOP,Buy,Equity Shares,460.0,0.0,0.0,0.0,0.0,,0.0,460.0,0.0
AUBANK,2023-05-16 19:30:00,2023-05-16,2023-05-12,2023-05-12,-,Revokation of Pledge,Pledge Revoke,Equity Shares,2700.0,0.0,0.0,0.0,0.0,5000.0,0.0,5000.0,0.0
AUBANK,2023-05-16 19:30:00,2023-05-15,2023-05-12,2023-05-12,-,Market Sale,Sell,Equity Shares,2000.0,0.0,0.0,0.0,0.0,32730.0,0.0,30730.0,0.0
AUBANK,2023-05-19 20:30:00,2023-05-18,2023-05-15,2023-05-16,-,Market Sale,Sell,Equity Shares,3600.0,0.0,0.0,0.0,0.0,32552.0,0.0,28952.0,0.0
AUBANK,2023-05-19 20:30:00,2023-05-19,2023-05-18,2023-05-18,-,Market Sale,Sell,Equity Shares,2500.0,0.0,0.0,0.0,0.0,28952.0,0.0,26452.0,0.0
AUBANK,2023-05-19 20:30:00,2023-05-18,2023-05-16,2023-05-18,-,Market Sale,Sell,Equity Shares,1000.0,0.0,0.0,0.0,0.0,66390.0,0.01,65390.0,0.01
AUBANK,2023-05-20 18:02:00,2023-05-19,2023-05-16,2023-05-18,-,Market Sale,Sell,Equity Shares,3000.0,0.0,0.0,0.0,0.0,8664.0,0.0,5664.0,0.0
AUBANK,2023-05-23 19:26:00,2023-05-22,2023-05-22,2023-05-22,-,Market Sale,Sell,Equity Shares,200.0,0.0,0.0,0.0,0.0,64690.0,0.01,64490.0,0.01
AUBANK,2023-05-23 19:26:00,2023-05-19,2023-05-18,2023-05-19,-,Market Sale,Sell,Equity Shares,700.0,0.0,0.0,0.0,0.0,65390.0,0.01,64690.0,0.01
AUBANK,2023-05-23 19:26:00,2023-05-22,2023-05-18,2023-05-18,-,Revokation of Pledge,Pledge Revoke,Equity Shares,2250.0,0.0,0.0,0.0,0.0,2300.0,0.0,2300.0,0.0
AUBANK,2023-05-23 19:26:00,2023-05-22,2023-05-02,2023-05-18,-,Market Sale,Sell,Equity Shares,1500.0,0.0,0.0,0.0,0.0,39082.0,0.01,37582.0,0.01
AUBANK,2023-05-29 19:18:00,2023-05-29,2023-05-26,2023-05-26,-,Market Sale,Sell,Equity Shares,300.0,0.0,0.0,0.0,0.0,37582.0,0.01,37282.0,0.01
AUBANK,2023-05-29 19:18:00,2023-05-25,2023-05-23,2023-05-23,-,Market Sale,Sell,Equity Shares,200.0,0.0,0.0,0.0,0.0,64490.0,0.01,64290.0,0.01
AUBANK,2023-05-29 19:18:00,2023-05-26,2023-05-25,2023-05-26,-,Market Sale,Sell,Equity Shares,400.0,0.0,0.0,0.0,0.0,64290.0,0.01,63890.0,0.01
AUBANK,2023-05-29 19:18:00,2023-05-24,2023-05-22,2023-05-22,-,Revokation of Pledge,Pledge Revoke,Equity Shares,50.0,0.0,0.0,0.0,0.0,2300.0,0.0,2300.0,0.0
AUBANK,2023-05-29 19:18:00,2023-05-26,2023-05-26,2023-05-26,-,ESOP,Buy,Equity Shares,42248.0,0.0,0.0,0.0,0.0,,0.0,42248.0,0.01
AUBANK,2023-05-29 19:18:00,2023-05-14,2023-05-12,2023-05-12,-,Market Sale,Sell,Equity Shares,10.0,0.0,0.0,0.0,0.0,10.0,0.0,,0.0
AUBANK,2023-05-29 19:18:00,2023-05-26,2023-05-26,2023-05-26,Director,ESOP,Buy,Equity Shares,9098.0,0.0,0.0,0.0,0.0,13184936.0,1.98,13194034.0,1.98
AUBANK,2023-06-02 19:26:00,2023-05-31,2023-05-31,2023-05-31,-,Market Sale,Sell,Equity Shares,7000.0,0.0,0.0,0.0,0.0,1939994.0,0.29,1932994.0,0.29
AUBANK,2023-06-02 19:26:00,2023-05-31,2023-05-30,2023-05-30,-,Market Sale,Sell,Equity Shares,5000.0,0.0,0.0,0.0,0.0,1944994.0,0.29,1939994.0,0.29
AUBANK,2023-06-02 19:26:00,2023-05-31,2023-05-18,2023-05-29,-,Market Sale,Sell,Equity Shares,1500.0,0.0,0.0,0.0,0.0,32486.0,0.0,30986.0,0.0
AUBANK,2023-06-02 19:26:00,2023-06-02,2023-06-01,2023-06-01,-,Market Sale,Sell,Equity Shares,6000.0,0.0,0.0,0.0,0.0,1932994.0,0.29,1926994.0,0.29
AUBANK,2023-06-06 20:26:00,2023-06-05,2023-06-01,2023-06-01,-,Pledge Creation,Pledge,Equity Shares,42248.0,0.0,0.0,0.0,0.0,42248.0,0.01,42248.0,0.01
AUBANK,2023-06-06 20:26:00,2023-05-31,2023-05-29,2023-05-29,-,Market Sale,Sell,Equity Shares,200.0,0.0,0.0,0.0,0.0,5164.0,0.0,4964.0,0.0
AUBANK,2023-06-06 20:26:00,2023-05-30,2023-05-26,2023-05-26,-,Market Sale,Sell,Equity Shares,500.0,0.0,0.0,0.0,0.0,5664.0,0.0,5164.0,0.0
AUBANK,2023-06-06 20:26:00,2023-05-31,2023-05-29,2023-05-29,-,Market Sale,Sell,Equity Shares,200.0,0.0,0.0,0.0,0.0,37282.0,0.01,37082.0,0.01
AUBANK,2023-06-06 20:26:00,2023-06-03,2023-06-02,2023-06-02,-,Market Sale,Sell,Equity Shares,2000.0,0.0,0.0,0.0,0.0,1926994.0,0.29,1924994.0,0.29
AUBANK,2023-06-09 17:50:00,2023-06-09,2023-06-07,2023-06-07,-,Market Sale,Sell,Equity Shares,13.0,0.0,0.0,0.0,0.0,135537.0,0.02,135524.0,0.02
AUBANK,2023-06-09 17:50:00,2023-06-09,2023-06-07,2023-06-07,-,Market Sale,Sell,Equity Shares,3000.0,0.0,0.0,0.0,0.0,135524.0,0.02,132524.0,0.02
AUBANK,2023-06-13 20:44:00,2023-06-07,2023-06-05,2023-06-05,-,Revokation of Pledge,Pledge Revoke,Equity Shares,2568.0,0.0,0.0,0.0,0.0,3648.0,0.0,3648.0,0.0
AUBANK,2023-06-13 20:44:00,2023-06-09,2023-06-07,2023-06-07,-,Market Sale,Sell,Equity Shares,2000.0,0.0,0.0,0.0,0.0,335882.0,0.05,333882.0,0.05
AUBANK,2023-06-13 20:44:00,2023-06-13,2023-06-09,2023-06-09,-,Revokation of Pledge,Pledge Revoke,Equity Shares,7191.0,0.0,0.0,0.0,0.0,19794.0,0.0,19794.0,0.0
AUBANK,2023-06-20 19:15:00,2023-06-13,2023-06-09,2023-06-09,-,Market Sale,Sell,Equity Shares,3000.0,0.0,0.0,0.0,0.0,333882.0,0.05,330882.0,0.05
AUBANK,2023-06-20 19:15:00,2023-06-14,2023-06-12,2023-06-12,-,Market Sale,Sell,Equity Shares,5000.0,0.0,0.0,0.0,0.0,330882.0,0.05,325882.0,0.05
AUBANK,2023-06-28 22:56:00,2023-06-28,2023-06-28,2023-06-28,-,ESOP,Buy,Equity Shares,1745.0,0.0,0.0,0.0,0.0,63690.0,0.0,65435.0,0.0
AUBANK,2023-06-28 22:56:00,2023-06-27,2023-06-23,2023-06-23,-,Market Sale,Sell,Equity Shares,1000.0,0.0,0.0,0.0,0.0,19794.0,0.0,18794.0,0.0
AUBANK,2023-06-28 22:56:00,2023-06-28,2023-06-27,2023-06-27,-,Market Sale,Sell,Equity Shares,794.0,0.0,0.0,0.0,0.0,18794.0,0.0,18000.0,0.0
AUBANK,2023-06-28 22:56:00,2023-06-28,2023-06-28,2023-06-28,-,Market Sale,Sell,Equity Shares,200.0,0.0,0.0,0.0,0.0,63890.0,0.01,63690.0,0.01
AUBANK,2023-07-03 20:21:00,2023-06-30,2023-06-30,2023-06-30,-,Market Sale,Sell,Equity Shares,1300.0,0.0,0.0,0.0,0.0,65435.0,0.0,64135.0,0.0
AUBANK,2023-07-03 20:21:00,2023-06-28,2023-06-26,2023-06-26,Immediate relative,Market Sale,Sell,Equity Shares,188.0,0.0,0.0,0.0,0.0,188.0,0.0,,0.0
AUBANK,2023-07-31 19:37:00,2023-07-31,2023-07-27,2023-07-27,-,Market Sale,Sell,Equity Shares,6785.0,0.0,0.0,0.0,0.0,72487.0,0.01,65702.0,0.01
AUBANK,2023-07-31 19:37:00,2023-07-31,2023-07-27,2023-07-27,-,Market Sale,Sell,Equity Shares,2000.0,0.0,0.0,0.0,0.0,3500.0,0.0,1500.0,0.0
AUBANK,2023-07-31 19:37:00,2023-07-31,2023-07-28,2023-07-28,-,Market Sale,Sell,Equity Shares,3430.0,0.0,0.0,0.0,0.0,65702.0,0.01,62272.0,0.01
AUBANK,2023-07-31 19:37:00,2023-07-27,2023-07-25,2023-07-25,-,Market Sale,Sell,Equity Shares,3450.0,0.0,0.0,0.0,0.0,75937.0,0.01,72487.0,0.01
AUBANK,2023-08-05 20:19:00,2023-08-03,2023-08-03,2023-08-03,Director,ESOP,Buy,Equity Shares,600000.0,0.0,0.0,0.0,0.0,13194034.0,1.98,13794034.0,2.07
AUBANK,2023-08-05 20:19:00,2023-08-03,2023-08-03,2023-08-03,-,ESOP,Buy,Equity Shares,30000.0,0.0,0.0,0.0,0.0,2735188.0,0.41,2765188.0,0.41
AUBANK,2023-08-05 20:19:00,2023-08-03,2023-08-03,2023-08-03,-,ESOP,Buy,Equity Shares,6627.0,0.0,0.0,0.0,0.0,64135.0,0.01,70762.0,0.01
AUBANK,2023-08-05 20:19:00,2023-08-03,2023-08-03,2023-08-03,-,ESOP,Buy,Equity Shares,15000.0,0.0,0.0,0.0,0.0,1924994.0,0.29,1939994.0,0.29
AUBANK,2023-08-05 20:19:00,2023-08-03,2023-08-03,2023-08-03,-,ESOP,Buy,Equity Shares,14200.0,0.0,0.0,0.0,0.0,7256.0,0.0,21456.0,0.0
AUBANK,2023-08-16 20:16:00,2023-08-14,2023-08-11,2023-08-11,-,Revokation of Pledge,Pledge Revoke,Equity Shares,3083.0,0.0,0.0,0.0,0.0,37082.0,0.01,37082.0,0.01
AUBANK,2023-08-22 20:19:00,2023-08-21,2023-08-17,2023-08-17,-,Pledge Creation,Pledge,Equity Shares,14200.0,0.0,0.0,0.0,0.0,21456.0,0.0,21456.0,0.0
AUBANK,2023-08-22 20:19:00,2023-08-21,2023-08-17,2023-08-17,-,Pledge Creation,Pledge,Equity Shares,800000.0,0.0,0.0,0.0,0.0,13794034.0,2.07,13794034.0,2.07
AUBANK,2023-08-22 20:19:00,2023-08-21,2023-08-18,2023-08-18,-,Pledge Creation,Pledge,Equity Shares,4500.0,0.0,0.0,0.0,0.0,37082.0,0.01,37082.0,0.01
AUBANK,2023-08-22 20:19:00,2023-08-16,2023-08-14,2023-08-14,-,Revokation of Pledge,Pledge Revoke,Equity Shares,17000.0,0.0,0.0,0.0,0.0,40000.0,0.01,40000.0,0.01
AUBANK,2023-08-24 20:16:00,2023-08-24,2023-08-23,2023-08-23,-,Market Sale,Sell,Equity Shares,2000.0,0.0,0.0,0.0,0.0,23703.0,0.0,21703.0,0.0
AUBANK,2023-08-24 20:16:00,2023-08-23,2023-08-22,2023-08-22,-,Market Sale,Sell,Equity Shares,8000.0,0.0,0.0,0.0,0.0,31703.0,0.0,23703.0,0.0
AUBANK,2023-08-24 20:16:00,2023-08-03,2023-08-03,2023-08-03,-,ESOP,Buy,Equity Shares,1225.0,0.0,0.0,0.0,0.0,30478.0,0.0,31703.0,0.0
AUBANK,2023-08-29 20:48:00,2023-08-28,2023-08-24,2023-08-24,-,Market Sale,Sell,Equity Shares,4000.0,0.0,0.0,0.0,0.0,42248.0,0.01,38248.0,0.01
AUBANK,2023-08-29 20:48:00,2023-08-28,2023-08-24,2023-08-24,-,Revokation of Pledge,Pledge Revoke,Equity Shares,4000.0,0.0,0.0,0.0,0.0,42248.0,0.01,42248.0,0.01
AUBANK,2023-08-29 20:48:00,2023-08-25,2023-08-24,2023-08-24,-,Market Sale,Sell,Equity Shares,5000.0,0.0,0.0,0.0,0.0,21703.0,0.0,16703.0,0.0
AUBANK,2023-08-29 20:54:00,2023-08-29,2023-08-29,2023-08-29,-,ESOP,Buy,Equity Shares,2000.0,0.0,0.0,0.0,0.0,,0.0,2000.0,0.0
AUBANK,2023-08-29 20:54:00,2023-08-29,2023-08-29,2023-08-29,-,ESOP,Buy,Equity Shares,5000.0,0.0,0.0,0.0,0.0,1800.0,0.0,6800.0,0.0
AUBANK,2023-08-29 20:54:00,2023-08-29,2023-08-29,2023-08-29,-,ESOP,Buy,Equity Shares,4500.0,0.0,0.0,0.0,0.0,37082.0,0.01,41582.0,0.01
AUBANK,2023-08-29 20:54:00,2023-08-29,2023-08-29,2023-08-29,-,ESOP,Buy,Equity Shares,24454.0,0.0,0.0,0.0,0.0,118028.0,0.02,142482.0,0.02
AUBANK,2023-08-29 20:54:00,2023-08-29,2023-08-29,2023-08-29,-,ESOP,Buy,Equity Shares,1225.0,0.0,0.0,0.0,0.0,16703.0,0.0,17928.0,0.0
AUBANK,2023-08-29 20:54:00,2023-08-29,2023-08-29,2023-08-29,-,ESOP,Buy,Equity Shares,2441.0,0.0,0.0,0.0,0.0,70762.0,0.01,73203.0,0.01
AUBANK,2023-08-29 20:54:00,2023-08-29,2023-08-29,2023-08-29,Director,ESOP,Buy,Equity Shares,3434.0,0.0,0.0,0.0,0.0,13794034.0,2.06,13797468.0,2.07
AUBANK,2023-09-05 18:31:00,2023-08-30,2023-08-28,2023-08-28,-,Pledge Creation,Pledge,Equity Shares,6000.0,0.0,0.0,0.0,0.0,6148.0,0.0,6148.0,0.0
AUBANK,2023-09-22 19:28:00,2023-09-21,2023-09-20,2023-09-20,-,Market Sale,Sell,Equity Shares,500.0,0.0,0.0,0.0,0.0,73203.0,0.01,72703.0,0.01
AUBANK,2023-09-22 19:28:00,2023-08-03,2023-08-03,2023-08-03,-,ESOP,Buy,Equity Shares,1306.0,0.0,0.0,0.0,0.0,56956.0,0.01,58262.0,0.01
AUBANK,2023-09-22 19:28:00,2023-09-21,2023-09-20,2023-09-20,-,Market Sale,Sell,Equity Shares,500.0,0.0,0.0,0.0,0.0,58262.0,0.01,57762.0,0.01
AUBANK,2023-09-26 20:58:00,2023-09-22,2023-09-20,2023-09-20,-,Market Sale,Sell,Equity Shares,400.0,0.0,0.0,0.0,0.0,400.0,0.0,,0.0
AUBANK,2023-09-26 20:58:00,2023-08-29,2023-08-29,2023-08-29,-,ESOP,Buy,Equity Shares,814.0,0.0,0.0,0.0,0.0,,0.0,814.0,0.0
AUBANK,2023-09-26 20:58:00,2023-09-10,2023-09-08,2023-09-08,-,Market Sale,Sell,Equity Shares,414.0,0.0,0.0,0.0,0.0,814.0,0.0,400.0,0.0
AUBANK,2023-09-26 20:58:00,2023-09-25,2023-09-25,2023-09-25,-,Market Sale,Sell,Equity Shares,175.0,0.0,0.0,0.0,0.0,72453.0,0.01,72278.0,0.01
AUBANK,2023-09-26 20:58:00,2023-09-25,2023-09-22,2023-09-22,-,Market Sale,Sell,Equity Shares,250.0,0.0,0.0,0.0,0.0,72703.0,0.01,72453.0,0.01
AUBANK,2023-09-29 20:31:00,2023-09-28,2023-09-28,2023-09-28,-,ESOP,Buy,Equity Shares,2716.0,0.0,0.0,0.0,0.0,30730.0,0.0,33446.0,0.01
AUBANK,2023-09-29 20:31:00,2023-09-28,2023-09-27,2023-09-27,-,Market Sale,Sell,Equity Shares,30000.0,0.0,0.0,0.0,0.0,1939994.0,0.29,1909994.0,0.29
AUBANK,2023-09-29 20:31:00,2023-09-29,2023-09-27,2023-09-27,-,Market Sale,Buy,Equity Shares,4500.0,0.0,0.0,0.0,0.0,30354.0,0.0,25854.0,0.0
AUBANK,2023-09-29 20:31:00,2023-09-28,2023-09-28,2023-09-28,-,ESOP,Buy,Equity Shares,25432.0,0.0,0.0,0.0,0.0,40000.0,0.01,65432.0,0.01
AUBANK,2023-09-29 20:31:00,2023-09-28,2023-09-28,2023-09-28,-,ESOP,Buy,Equity Shares,3196.0,0.0,0.0,0.0,0.0,49346.0,0.01,52542.0,0.01
AUBANK,2023-09-29 20:31:00,2023-09-28,2023-09-28,2023-09-28,-,ESOP,Buy,Equity Shares,37498.0,0.0,0.0,0.0,0.0,72507.0,0.01,110005.0,0.02
AUBANK,2023-09-29 20:31:00,2023-09-27,2023-09-26,2023-09-26,-,Market Sale,Sell,Equity Shares,275.0,0.0,0.0,0.0,0.0,72278.0,0.01,72003.0,0.01
AUBANK,2023-09-29 20:31:00,2023-09-27,2023-09-27,2023-09-27,-,Market Sale,Sell,Equity Shares,500.0,0.0,0.0,0.0,0.0,72003.0,0.01,71503.0,0.01
AUBANK,2023-10-04 19:53:00,2023-09-29,2023-09-27,2023-09-27,-,Pledge Creation,Pledge,Equity Shares,2300.0,0.0,0.0,0.0,0.0,2300.0,0.0,2300.0,0.0
AUBANK,2023-11-07 20:34:00,2023-11-06,2023-11-06,2023-11-06,-,ESOP,Buy,Equity Shares,3996.0,0.0,0.0,0.0,0.0,17928.0,0.0,21924.0,0.0
AUBANK,2023-11-07 20:34:00,2023-11-02,2023-10-31,2023-10-31,-,Pledge Creation,Pledge,Equity Shares,25432.0,0.0,0.0,0.0,0.0,65432.0,0.01,65432.0,0.01
AUBANK,2023-11-07 20:34:00,2023-11-02,2023-10-31,2023-10-31,-,Pledge Creation,Pledge,Equity Shares,37498.0,0.0,0.0,0.0,0.0,110005.0,0.02,110005.0,0.02
AUBANK,2023-11-07 20:34:00,2023-11-06,2023-11-06,2023-11-06,-,ESOP,Buy,Equity Shares,21806.0,0.0,0.0,0.0,0.0,828.0,0.0,22634.0,0.0
AUBANK,2023-11-07 20:34:00,2023-11-06,2023-11-03,2023-11-03,-,Revokation of Pledge,Pledge Revoke,Equity Shares,2300.0,0.0,0.0,0.0,0.0,2300.0,0.0,2300.0,0.0
AUBANK,2023-11-14 18:46:00,2023-11-08,2023-11-06,2023-11-06,-,Market Sale,Sell,Equity Shares,800.0,0.0,0.0,0.0,0.0,110005.0,0.02,109205.0,0.02
AUBANK,2023-11-14 18:46:00,2023-11-08,2023-11-06,2023-11-06,-,Pledge Creation,Pledge,Equity Shares,2500.0,0.0,0.0,0.0,0.0,109205.0,0.02,109205.0,0.02
AUBANK,2023-11-14 18:46:00,2023-11-10,2023-11-08,2023-11-08,-,Pledge Creation,Pledge,Equity Shares,32900.0,0.0,0.0,0.0,0.0,170400.0,0.03,170400.0,0.03
AUBANK,2023-11-21 19:33:00,2023-11-21,2023-11-17,2023-11-17,-,Revokation of Pledge,Pledge Revoke,Equity Shares,33500.0,0.0,0.0,0.0,0.0,109205.0,0.02,109205.0,0.02
AUBANK,2023-11-21 19:33:00,2023-11-21,2023-11-17,2023-11-17,-,Market Sale,Sell,Equity Shares,33500.0,0.0,0.0,0.0,0.0,109205.0,0.02,75705.0,0.01
AUBANK,2023-11-24 19:47:00,2023-11-22,2023-11-21,2023-11-21,-,Market Sale,Sell,Equity Shares,12500.0,0.0,0.0,0.0,0.0,22634.0,0.0,10134.0,0.0
AUBANK,2023-11-28 23:08:00,2023-11-10,2023-11-08,2023-11-08,-,Revokation of Pledge,Pledge,Equity Shares,32900.0,0.0,0.0,0.0,0.0,170400.0,0.03,170400.0,0.03
AUBANK,2023-11-28 23:11:00,2023-11-28,2023-11-28,2023-11-28,-,ESOP,Buy,Equity Shares,2250.0,0.0,0.0,0.0,0.0,18000.0,0.0,20250.0,0.0
AUBANK,2023-11-28 23:11:00,2023-11-28,2023-11-23,2023-11-23,-,Market Sale,Sell,Equity Shares,8000.0,0.0,0.0,0.0,0.0,116378.0,0.02,108378.0,0.02
AUBANK,2023-11-28 23:11:00,2023-11-28,2023-11-23,2023-11-23,-,Revokation of Pledge,Pledge,Equity Shares,6498.0,0.0,0.0,0.0,0.0,75705.0,0.01,75705.0,0.01
AUBANK,2023-11-28 23:11:00,2023-11-28,2023-11-28,2023-11-28,-,ESOP,Buy,Equity Shares,1540.0,0.0,0.0,0.0,0.0,13346.0,0.0,14886.0,0.0
AUBANK,2023-11-28 23:11:00,2023-11-28,2023-11-28,2023-11-28,-,ESOP,Buy,Equity Shares,28711.0,0.0,0.0,0.0,0.0,170400.0,0.03,199111.0,0.03
AUBANK,2023-11-28 23:11:00,2023-11-28,2023-11-28,2023-11-28,-,ESOP,Buy,Equity Shares,6186.0,0.0,0.0,0.0,0.0,38248.0,0.01,44434.0,0.01
AUBANK,2023-11-28 23:11:00,2023-11-28,2023-11-28,2023-11-28,-,ESOP,Buy,Equity Shares,4024.0,0.0,0.0,0.0,0.0,21924.0,0.0,25948.0,0.0
AUBANK,2023-11-28 23:11:00,2023-11-28,2023-11-28,2023-11-28,-,ESOP,Buy,Equity Shares,4682.0,0.0,0.0,0.0,0.0,21456.0,0.0,26138.0,0.0
AUBANK,2023-11-28 23:11:00,2023-11-28,2023-11-28,2023-11-28,-,ESOP,Buy,Equity Shares,3785.0,0.0,0.0,0.0,0.0,32635.0,0.0,36420.0,0.01
AUBANK,2023-12-12 20:33:00,2023-12-12,2023-12-08,2023-12-08,-,Pledge Creation,Pledge,Equity Shares,28711.0,0.0,0.0,0.0,0.0,199111.0,0.03,199111.0,0.03
AUBANK,2023-12-19 19:30:00,2023-11-28,2023-11-28,2023-11-28,-,ESOP,Buy,Equity Shares,1370.0,0.0,0.0,0.0,0.0,,0.0,1370.0,0.0
AUBANK,2023-12-19 19:30:00,2023-12-18,2023-12-14,2023-12-14,-,Market Sale,Sell,Equity Shares,280.0,0.0,0.0,0.0,0.0,1370.0,0.0,1090.0,0.0
AUBANK,2023-12-19 19:30:00,2023-12-19,2023-12-12,2023-12-12,-,Market Sale,Sell,Equity Shares,1000.0,0.0,0.0,0.0,0.0,30416.0,0.0,29416.0,0.0
AUBANK,2023-12-19 19:30:00,2023-12-19,2023-12-15,2023-12-15,-,Market Sale,Sell,Equity Shares,1000.0,0.0,0.0,0.0,0.0,29416.0,0.0,28416.0,0.0
AUBANK,2023-12-19 19:30:00,2023-12-11,2023-12-11,2023-12-11,-,Pledge Creation,Pledge,Equity Shares,6186.0,0.0,0.0,0.0,0.0,44434.0,0.01,44434.0,0.01
AUBANK,2023-12-19 19:30:00,2023-12-11,2023-12-11,2023-12-11,-,Pledge Creation,Pledge,Equity Shares,4682.0,0.0,0.0,0.0,0.0,26138.0,0.0,26138.0,0.0
AUBANK,2023-12-23 17:53:00,2023-12-23,2023-12-23,2023-12-23,-,ESOP,Buy,Equity Shares,2182.0,0.0,0.0,0.0,0.0,,0.0,2182.0,0.0
AUBANK,2023-12-23 17:53:00,2023-11-21,2023-11-20,2023-11-20,-,Market Sale,Sell,Equity Shares,730.0,0.0,0.0,0.0,0.0,746.0,0.0,16.0,0.0
AUBANK,2023-12-23 17:53:00,2023-12-23,2023-12-23,2023-12-23,-,ESOP,Buy,Equity Shares,800.0,0.0,0.0,0.0,0.0,16.0,0.0,816.0,0.0
AUBANK,2023-12-23 17:53:00,2023-12-23,2023-12-23,2023-12-23,-,ESOP,Buy,Equity Shares,3755.0,0.0,0.0,0.0,0.0,26138.0,0.0,29893.0,0.0
AUBANK,2023-12-23 17:53:00,2023-12-22,2023-12-21,2023-12-21,-,Market Sale,Sell,Equity Shares,3998.0,0.0,0.0,0.0,0.0,75705.0,0.01,71707.0,0.01
AUBANK,2023-12-23 17:53:00,2023-12-22,2023-12-21,2023-12-22,-,Market Sale,Sell,Equity Shares,5166.0,0.0,0.0,0.0,0.0,145370.0,0.02,140204.0,0.02
AUBANK,2023-12-23 17:53:00,2023-12-21,2023-12-20,2023-12-20,-,Market Sale,Sell,Equity Shares,8000.0,0.0,0.0,0.0,0.0,108378.0,0.02,100378.0,0.02
AUBANK,2023-12-27 17:00:00,2023-12-22,2023-12-20,2023-12-20,-,Revokation of Pledge,Pledge Revoke,Equity Shares,15000.0,0.0,0.0,0.0,0.0,44434.0,0.0,44434.0,0.0
AUBANK,2023-12-27 17:00:00,2023-12-27,2023-12-26,2023-12-26,-,Market Sale,Sell,Equity Shares,13368.0,0.0,0.0,0.0,0.0,1909994.0,0.03,1896626.0,0.03
AUBANK,2023-12-27 17:00:00,2023-12-26,2023-12-26,2023-12-26,-,Market Sale,Sell,Equity Shares,201.0,0.0,0.0,0.0,0.0,140204.0,0.0,140003.0,0.0
AUBANK,2023-12-27 17:00:00,2023-12-26,2023-12-20,2023-12-22,-,Market Sale,Sell,Equity Shares,15855.0,0.0,0.0,0.0,0.0,26138.0,0.0,10283.0,0.0
AUBANK,2023-12-27 17:00:00,2023-12-22,2023-12-20,2023-12-20,-,Revokation of Pledge,Pledge Revoke,Equity Shares,15855.0,0.0,0.0,0.0,0.0,26138.0,0.0,26138.0,0.0
AUBANK,2023-12-27 17:00:00,2023-12-22,2023-12-20,2023-12-20,-,Market Sale,Sell,Equity Shares,15000.0,0.0,0.0,0.0,0.0,44434.0,0.0,29434.0,0.0
AUBANK,2024-01-01 17:08:00,2023-12-29,2023-12-28,2023-12-28,-,Market Sale,Sell,Equity Shares,10000.0,0.0,0.0,0.0,0.0,1869994.0,0.03,1859994.0,0.03
AUBANK,2024-01-01 17:08:00,2023-12-29,2023-12-27,2023-12-27,-,Market Sale,Sell,Equity Shares,26632.0,0.0,0.0,0.0,0.0,1896626.0,0.03,1869994.0,0.03
AUBANK,2024-01-01 17:08:00,2023-12-30,2023-12-29,2023-12-29,-,Market Sale,Sell,Equity Shares,1500.0,0.0,0.0,0.0,0.0,137503.0,0.0,136003.0,0.0
AUBANK,2024-01-01 17:08:00,2023-12-29,2023-12-27,2023-12-27,-,Market Sale,Sell,Equity Shares,2500.0,0.0,0.0,0.0,0.0,140003.0,0.0,137503.0,0.0
AUBANK,2024-01-01 17:08:00,2023-12-29,2023-12-28,2023-12-28,-,Market Sale,Sell,Equity Shares,1146.0,0.0,0.0,0.0,0.0,100378.0,0.0,99232.0,0.0
AUBANK,2024-01-01 17:08:00,2023-12-28,2023-12-26,2023-12-26,-,Market Sale,Sell,Equity Shares,2000.0,0.0,0.0,0.0,0.0,20250.0,0.0,18250.0,0.0
AUBANK,2024-01-01 17:08:00,2023-12-30,2023-12-29,2023-12-29,-,Market Sale,Sell,Equity Shares,2000.0,0.0,0.0,0.0,0.0,33446.0,0.0,31446.0,0.0
AUBANK,2024-01-01 17:08:00,2023-12-30,2023-12-28,2023-12-28,-,Market Sale,Sell,Equity Shares,1632.0,0.0,0.0,0.0,0.0,6632.0,0.0,5000.0,0.0
AUBANK,2024-01-02 18:46:00,2024-01-01,2023-12-28,2023-12-29,-,Market Sale,Sell,Equity Shares,10000.0,0.0,0.0,0.0,0.0,325882.0,0.0,315882.0,0.0
AUBANK,2024-01-10 19:50:00,2024-01-01,2024-01-01,2024-01-01,-,Pledge Creation,Pledge,Equity Shares,3755.0,0.0,0.0,0.0,0.0,14038.0,0.0,14038.0,0.0
AUBANK,2024-01-31 18:54:00,2024-01-31,2024-01-30,2024-01-30,-,Market Purchase,Buy,Equity Shares,3195.0,0.0,0.0,0.0,0.0,6800.0,0.0,9995.0,0.0
AUBANK,2024-01-31 18:54:00,2024-01-31,2024-01-29,2024-01-29,-,Market Purchase,Buy,Equity Shares,2000.0,0.0,0.0,0.0,0.0,,0.0,2000.0,0.0
AUBANK,2024-02-06 19:00:00,2024-02-05,2024-02-02,2024-02-02,-,Pledge Creation,Pledge,Equity Shares,10000.0,0.0,0.0,0.0,0.0,52542.0,0.01,52542.0,0.01
AUBANK,2024-02-06 19:00:00,2024-01-30,2024-01-30,2024-01-30,-,Pledge Creation,Pledge,Equity Shares,2182.0,0.0,0.0,0.0,0.0,2182.0,0.0,2182.0,0.0
AUBANK,2024-02-06 19:00:00,2024-02-05,2024-01-30,2024-01-30,-,Market Purchase,Buy,Equity Shares,860.0,0.0,0.0,0.0,0.0,199111.0,0.03,199971.0,0.03
AUBANK,2024-02-06 19:00:00,2024-02-05,2024-01-31,2024-01-31,Immediate relative,Market Purchase,Buy,Equity Shares,5000.0,0.0,0.0,0.0,0.0,1500.0,0.0,6500.0,0.0
AUBANK,2024-02-13 19:21:00,2024-02-08,2024-02-06,2024-02-06,-,Market Sale,Sell,Equity Shares,11330.0,0.0,0.0,0.0,0.0,65432.0,0.01,54102.0,0.01
AUBANK,2024-02-13 19:21:00,2024-02-08,2024-02-06,2024-02-06,-,Market Sale,Sell,Equity Shares,11330.0,0.0,0.0,0.0,0.0,65432.0,0.01,54102.0,0.01
AUBANK,2024-02-27 19:12:00,2024-02-22,2024-02-21,2024-02-22,-,Pledge Creation,Pledge,Equity Shares,8000.0,0.0,0.0,0.0,0.0,25854.0,0.0,25854.0,0.0
AUBANK,2024-02-27 19:12:00,2024-02-21,2024-02-21,2024-02-21,-,Pledge Creation,Pledge,Equity Shares,6500.0,0.0,0.0,0.0,0.0,30886.0,0.0,30886.0,0.0
AUBANK,2024-02-27 21:48:00,2024-02-27,2024-02-27,2024-02-27,-,ESOP,Buy,Equity Shares,11520.0,0.0,0.0,0.0,0.0,30886.0,0.0,42406.0,0.01
AUBANK,2024-02-27 21:48:00,2024-02-27,2024-02-27,2024-02-27,-,ESOP,Buy,Equity Shares,8710.0,0.0,0.0,0.0,0.0,71707.0,0.01,80417.0,0.01
AUBANK,2024-02-27 21:48:00,2024-02-27,2024-02-27,2024-02-27,-,ESOP,Buy,Equity Shares,8007.0,0.0,0.0,0.0,0.0,31446.0,0.0,39453.0,0.01
AUBANK,2024-02-27 21:48:00,2024-02-27,2024-02-27,2024-02-27,-,ESOP,Buy,Equity Shares,24495.0,0.0,0.0,0.0,0.0,2765188.0,0.41,2789683.0,0.42
AUBANK,2024-02-27 21:48:00,2024-02-27,2024-02-27,2024-02-27,-,ESOP,Buy,Equity Shares,11756.0,0.0,0.0,0.0,0.0,99232.0,0.01,110988.0,0.02
AUBANK,2024-02-27 21:48:00,2024-02-27,2024-02-27,2024-02-27,-,ESOP,Buy,Equity Shares,2396.0,0.0,0.0,0.0,0.0,136003.0,0.02,138399.0,0.02
AUBANK,2024-02-27 21:48:00,2024-02-27,2024-02-27,2024-02-27,-,ESOP,Buy,Equity Shares,12720.0,0.0,0.0,0.0,0.0,52542.0,0.01,65262.0,0.01
AUBANK,2024-02-27 21:48:00,2024-02-27,2024-02-27,2024-02-27,-,ESOP,Buy,Equity Shares,5154.0,0.0,0.0,0.0,0.0,400.0,0.0,5554.0,0.0
AUBANK,2024-02-27 21:48:00,2024-02-27,2024-02-27,2024-02-27,-,ESOP,Buy,Equity Shares,16000.0,0.0,0.0,0.0,0.0,9995.0,0.0,25995.0,0.0
AUBANK,2024-02-27 21:48:00,2024-02-27,2024-02-27,2024-02-27,-,ESOP,Buy,Equity Shares,7000.0,0.0,0.0,0.0,0.0,,0.0,7000.0,0.0
AUBANK,2024-02-27 21:48:00,2024-02-27,2024-02-27,2024-02-27,-,ESOP,Buy,Equity Shares,10266.0,0.0,0.0,0.0,0.0,25854.0,0.0,36120.0,0.01
AUBANK,2024-02-27 21:48:00,2024-02-27,2024-02-27,2024-02-27,-,ESOP,Buy,Equity Shares,2895.0,0.0,0.0,0.0,0.0,4964.0,0.0,7859.0,0.0
AUBANK,2024-02-27 21:48:00,2024-02-27,2024-02-27,2024-02-27,-,ESOP,Buy,Equity Shares,3264.0,0.0,0.0,0.0,0.0,382.0,0.0,3646.0,0.0
AUBANK,2024-03-06 19:02:00,2024-03-04,2024-03-01,2024-03-01,-,Revokation of Pledge,Pledge Revoke,Equity Shares,4000.0,0.0,0.0,0.0,0.0,25854.0,0.0,25854.0,0.0
AUBANK,2024-03-06 19:02:00,2024-03-04,2024-03-01,2024-03-01,-,Pledge Creation,Pledge,Equity Shares,382.0,0.0,0.0,0.0,0.0,382.0,0.0,382.0,0.0
AUBANK,2024-03-12 17:27:00,2024-03-07,2024-03-07,2024-03-07,-,Pledge Creation,Pledge,Equity Shares,1446.0,0.0,0.0,0.0,0.0,1446.0,0.0,1446.0,0.0
AUBANK,2024-03-12 17:27:00,2024-02-27,2024-02-27,2024-02-27,-,ESOP,Buy,Equity Shares,1446.0,0.0,0.0,0.0,0.0,,0.0,1446.0,0.0
AUBANK,2024-03-19 22:06:00,2024-03-13,2024-03-11,2024-03-11,-,Market Sale,Sell,Equity Shares,1500.0,0.0,0.0,0.0,0.0,29434.0,0.0,27934.0,0.0
AUBANK,2024-03-19 22:06:00,2024-03-12,2024-03-12,2024-03-12,-,Pledge Creation,Pledge,Equity Shares,3264.0,0.0,0.0,0.0,0.0,3646.0,0.0,3646.0,0.0
AUBANK,2024-03-19 22:06:00,2024-03-13,2024-03-11,2024-03-11,-,Revokation of Pledge,Pledge Revoke,Equity Shares,1500.0,0.0,0.0,0.0,0.0,29434.0,0.0,29434.0,0.0
AUBANK,2024-03-19 22:06:00,2024-03-14,2024-03-14,2024-03-14,-,Pledge Creation,Pledge,Equity Shares,3000.0,0.0,0.0,0.0,0.0,80417.0,0.01,80417.0,0.01
AUBANK,2024-03-19 22:06:00,2024-02-27,2024-02-27,2024-02-27,-,ESOP,Buy,Equity Shares,1650.0,0.0,0.0,0.0,0.0,314.0,0.0,1964.0,0.0
AUBANK,2024-03-19 22:06:00,2024-03-15,2024-03-15,2024-03-15,-,Pledge Creation,Pledge,Equity Shares,1650.0,0.0,0.0,0.0,0.0,1964.0,0.0,1964.0,0.0
AUBANK,2024-03-20 20:14:00,2024-03-20,2024-03-20,2024-03-20,-,ESOP,Buy,Equity Shares,3244.0,0.0,0.0,0.0,0.0,38042.0,0.01,41286.0,0.01
AUBANK,2024-03-20 20:14:00,2024-02-27,2024-02-27,2024-02-27,-,ESOP,Buy,Equity Shares,1622.0,0.0,0.0,0.0,0.0,36420.0,0.01,38042.0,0.01
AUBANK,2024-03-20 20:14:00,2024-03-20,2024-03-20,2024-03-20,-,ESOP,Buy,Equity Shares,5865.0,0.0,0.0,0.0,0.0,39453.0,0.01,45318.0,0.01
AUBANK,2024-03-26 19:59:00,2024-03-26,2024-03-22,2024-03-22,-,Pledge Creation,Pledge,Equity Shares,8710.0,0.0,0.0,0.0,0.0,80417.0,0.01,80417.0,0.01
AUBANK,2024-03-26 19:59:00,2024-03-26,2024-03-22,2024-03-22,-,Revokation of Pledge,Pledge Revoke,Equity Shares,500.0,0.0,0.0,0.0,0.0,27934.0,0.0,27934.0,0.0
AUBANK,2024-03-30 17:33:00,2024-03-28,2024-03-28,2024-03-28,-,Market Sale,Sell,Equity Shares,675.0,0.0,0.0,0.0,0.0,27934.0,0.0,27259.0,0.0
AUBANK,2024-04-02 18:46:00,2024-04-01,2024-03-28,2024-03-28,-,Revokation of Pledge,Pledge Revoke,Equity Shares,675.0,0.0,0.0,0.0,0.0,26759.0,0.0,26759.0,0.0
AUBANK,2024-04-02 18:46:00,2024-03-29,2024-03-27,2024-03-27,-,Market Sale,Sell,Equity Shares,500.0,0.0,0.0,0.0,0.0,27259.0,0.0,26759.0,0.0
AUBANK,2024-04-04 18:04:00,2024-04-02,2024-03-28,2024-03-28,-,Pledge Creation,Pledge,Equity Shares,8000.0,0.0,0.0,0.0,0.0,54102.0,0.01,54102.0,0.01
AUBANK,2025-04-04 20:44:00,2025-04-02,2025-03-28,2025-03-29,Immediate relative,Off Market,Buy,Equity Shares,22544.0,0.0,0.0,0.0,0.0,24856.0,0.0,47400.0,0.0
AUBANK,2025-06-09 18:58:00,2025-06-09,2025-06-06,2025-06-06,-,Market Sale,Sell,Equity Shares,96106.0,0.0,0.0,0.0,0.0,595106.0,0.08,499000.0,0.07
AUBANK,2025-07-02 16:19:00,2025-07-02,2025-06-30,2025-06-30,Immediate relative,Market Sale,Sell,Equity Shares,47400.0,0.0,0.0,0.0,0.0,47400.0,0.01,,0.0
AUBANK,2025-08-22 18:53:00,2025-08-21,2025-08-20,2025-08-20,-,Market Sale,Sell,Equity Shares,50000.0,0.0,0.0,0.0,0.0,499000.0,0.07,449000.0,0.06
AUBANK,2025-08-26 17:02:00,2025-08-19,2025-08-18,2025-08-18,-,Market Sale,Sell,Equity Shares,14684.0,0.0,0.0,0.0,0.0,499000.0,0.07,484316.0,0.06
AUBANK,2025-08-26 17:02:00,2025-08-21,2025-08-20,2025-08-20,-,Market Sale,Sell,Equity Shares,50000.0,0.0,0.0,0.0,0.0,484316.0,0.06,434316.0,0.06
AUBANK,2025-11-10 21:22:00,2025-11-10,2025-11-07,2025-11-07,-,Market Sale,Sell,Equity Shares,30000.0,0.0,0.0,0.0,0.0,434316.0,0.06,404316.0,0.05
