symbol,filing_date,intim_date,acq_from_date,acq_to_date,person_category,acq_mode,transaction_type,sec_type,security_acquired_disposed,buy_quantity,sell_quantity,buy_value,sell_value,shares_before_no,shares_before_pct,shares_after_no,shares_after_pct
BAJAJ-AUTO,2015-11-30 09:16:00,2015-11-17,2015-11-16,2015-11-16,Promoters,Market Purchase,Buy,Equity Shares,200.0,0.0,0.0,0.0,0.0,20600.0,0.01,20800.0,0.01
BAJAJ-AUTO,2015-11-30 09:16:00,2015-11-16,2015-11-13,2015-11-13,Promoters,Market Purchase,Buy,Equity Shares,6200.0,0.0,0.0,0.0,0.0,14400.0,0.0,20600.0,0.01
BAJAJ-AUTO,2016-06-01 16:50:00,2016-06-01,2016-05-30,2016-05-30,Promoters,Inter-se-Transfer,Buy,Equity Shares,1800.0,0.0,0.0,0.0,0.0,418760.0,0.14,420560.0,0.15
BAJAJ-AUTO,2016-06-21 16:37:00,2016-06-20,2016-06-16,2016-06-16,Promoters,Revokation of Pledge,Pledge Revoke,Equity Shares,79855.0,0.0,0.0,0.0,0.0,25844400.0,8.93,25844400.0,8.93
BAJAJ-AUTO,2016-11-07 14:04:00,2016-11-07,2016-11-03,2016-11-03,Promoters,Market Purchase,Buy,Equity Shares,34900.0,0.0,0.0,0.0,0.0,724100.0,0.25,759000.0,0.26
BAJAJ-AUTO,2016-12-22 15:50:00,2016-12-22,2016-12-20,2016-12-20,Promoters,Gift,Buy,Equity Shares,139020.0,0.0,0.0,0.0,0.0,1518276.0,0.52,1657296.0,0.57
BAJAJ-AUTO,2016-12-22 15:50:00,2016-12-22,2016-12-20,2016-12-20,Promoters,Gift,Buy,Equity Shares,139020.0,0.0,0.0,0.0,0.0,1429832.0,0.49,1568852.0,0.54
BAJAJ-AUTO,2016-12-22 15:50:00,2016-12-22,2016-12-20,2016-12-20,Promoters,Gift,Sell,Equity Shares,278040.0,0.0,0.0,0.0,0.0,420560.0,0.15,142520.0,0.05
BAJAJ-AUTO,2017-02-21 12:28:00,2017-02-21,2017-02-17,2017-02-17,Promoters,Market Purchase,Buy,Equity Shares,161000.0,0.0,0.0,0.0,0.0,91119000.0,31.49,91280000.0,31.54
BAJAJ-AUTO,2017-04-21 10:56:00,2017-02-21,2017-02-17,2017-02-17,Promoters,Market Sale,Sell,Equity Shares,161000.0,0.0,0.0,0.0,0.0,794448.0,0.27,633448.0,0.22
BAJAJ-AUTO,2017-12-29 16:01:00,2017-12-28,2017-12-26,2017-12-26,Promoters,Gift,Sell,Equity Shares,7250.0,0.0,0.0,0.0,0.0,633448.0,0.22,626198.0,0.22
BAJAJ-AUTO,2017-12-29 16:01:00,2017-12-28,2017-12-26,2017-12-26,Promoters,Gift,Sell,Equity Shares,190000.0,0.0,0.0,0.0,0.0,2970570.0,1.03,2780570.0,0.96
BAJAJ-AUTO,2017-12-29 16:01:00,2017-12-28,2017-12-26,2017-12-27,Promoters,Gift,Buy,Equity Shares,1669750.0,0.0,0.0,0.0,0.0,,0.0,1669750.0,0.58
BAJAJ-AUTO,2017-12-29 16:01:00,2017-12-28,2017-12-26,2017-12-26,Promoters,Gift,Buy,Equity Shares,95000.0,0.0,0.0,0.0,0.0,,0.0,95000.0,0.03
BAJAJ-AUTO,2017-12-29 16:01:00,2017-12-28,2017-12-26,2017-12-26,Promoters,Gift,Buy,Equity Shares,102250.0,0.0,0.0,0.0,0.0,,0.0,102250.0,0.04
BAJAJ-AUTO,2017-12-29 16:01:00,2017-12-28,2017-12-26,2017-12-27,Promoters,Gift,Sell,Equity Shares,1614674.0,0.0,0.0,0.0,0.0,1657296.0,0.57,42622.0,0.02
BAJAJ-AUTO,2017-12-29 16:01:00,2017-12-28,2017-12-26,2017-12-26,Promoters,Gift,Sell,Equity Shares,136500.0,0.0,0.0,0.0,0.0,142520.0,0.05,6020.0,0.0
BAJAJ-AUTO,2017-12-29 16:01:00,2017-12-28,2017-12-26,2017-12-26,Promoters,Gift,Buy,Equity Shares,136500.0,0.0,0.0,0.0,0.0,,0.0,136500.0,0.05
BAJAJ-AUTO,2017-12-29 17:36:00,2017-12-29,2017-12-27,2017-12-27,Promoters,Gift,Sell,Equity Shares,55076.0,0.0,0.0,0.0,0.0,423132.0,0.15,368056.0,0.13
BAJAJ-AUTO,2017-12-29 17:36:00,2017-12-29,2017-12-27,2017-12-27,Promoters,Inter-se-Transfer,Buy,Equity Shares,126000.0,0.0,0.0,0.0,0.0,535438.0,0.19,661438.0,0.23
BAJAJ-AUTO,2017-12-29 17:36:00,2017-12-29,2017-12-27,2017-12-27,Promoters,Inter-se-Transfer,Buy,Equity Shares,881000.0,0.0,0.0,0.0,0.0,1568852.0,0.54,2449852.0,0.85
BAJAJ-AUTO,2017-12-29 17:36:00,2017-12-29,2017-12-27,2017-12-27,Promoters,Inter-se-Transfer,Sell,Equity Shares,1669750.0,0.0,0.0,0.0,0.0,1669750.0,0.58,,0.0
BAJAJ-AUTO,2017-12-29 17:36:00,2017-12-29,2017-12-27,2017-12-27,Promoters,Inter-se-Transfer,Buy,Equity Shares,549000.0,0.0,0.0,0.0,0.0,969868.0,0.34,1518868.0,0.52
BAJAJ-AUTO,2017-12-29 17:36:00,2017-12-29,2017-12-27,2017-12-27,Promoters,Inter-se-Transfer,Buy,Equity Shares,1030.0,0.0,0.0,0.0,0.0,2400.0,0.0,3430.0,0.0
BAJAJ-AUTO,2017-12-29 17:36:00,2017-12-29,2017-12-27,2017-12-27,Promoters,Inter-se-Transfer,Buy,Equity Shares,116000.0,0.0,0.0,0.0,0.0,,0.0,116000.0,0.04
BAJAJ-AUTO,2017-12-29 17:36:00,2017-12-29,2017-12-27,2017-12-27,Promoters,Inter-se-Transfer,Buy,Equity Shares,28820.0,0.0,0.0,0.0,0.0,70000.0,0.02,98820.0,0.03
BAJAJ-AUTO,2017-12-29 17:36:00,2017-12-29,2017-12-27,2017-12-27,Promoters,Inter-se-Transfer,Buy,Equity Shares,190000.0,0.0,0.0,0.0,0.0,422874.0,0.15,612874.0,0.21
BAJAJ-AUTO,2017-12-29 17:36:00,2017-12-29,2017-12-27,2017-12-27,Promoters,Inter-se-Transfer,Buy,Equity Shares,7250.0,0.0,0.0,0.0,0.0,18200.0,0.01,25450.0,0.01
BAJAJ-AUTO,2017-12-29 17:36:00,2017-12-29,2017-12-27,2017-12-27,Promoters,Inter-se-Transfer,Buy,Equity Shares,75200.0,0.0,0.0,0.0,0.0,314570.0,0.11,389770.0,0.13
BAJAJ-AUTO,2017-12-29 17:36:00,2017-12-29,2017-12-27,2017-12-27,Promoters,Inter-se-Transfer,Buy,Equity Shares,29200.0,0.0,0.0,0.0,0.0,64800.0,0.02,94000.0,0.03
BAJAJ-AUTO,2017-12-29 17:36:00,2017-12-29,2017-12-27,2017-12-27,Promoters,Inter-se-Transfer,Sell,Equity Shares,136500.0,0.0,0.0,0.0,0.0,136500.0,0.05,,0.0
BAJAJ-AUTO,2018-01-02 17:33:00,2017-12-29,2017-12-27,2017-12-27,Promoters,Inter-se-Transfer,Sell,Equity Shares,95000.0,0.0,0.0,0.0,0.0,95000.0,0.03,,0.0
BAJAJ-AUTO,2018-01-02 17:33:00,2017-12-29,2017-12-27,2017-12-27,Promoters,Inter-se-Transfer,Sell,Equity Shares,102250.0,0.0,0.0,0.0,0.0,102250.0,0.04,,0.0
BAJAJ-AUTO,2018-01-10 18:03:00,2018-01-10,2018-01-08,2018-01-08,Promoters,Gift,Buy,Equity Shares,41350.0,0.0,0.0,0.0,0.0,114.0,0.0,41464.0,0.01
BAJAJ-AUTO,2018-01-10 18:03:00,2018-01-10,2018-01-08,2018-01-08,Promoters,Gift,Buy,Equity Shares,300000.0,0.0,0.0,0.0,0.0,98820.0,0.03,398820.0,0.14
BAJAJ-AUTO,2018-01-10 18:03:00,2018-01-10,2018-01-08,2018-01-08,Promoters,Gift,Buy,Equity Shares,533000.0,0.0,0.0,0.0,0.0,368056.0,0.13,901056.0,0.31
BAJAJ-AUTO,2018-01-10 18:03:00,2018-01-10,2018-01-08,2018-01-08,Promoters,Gift,Sell,Equity Shares,923750.0,0.0,0.0,0.0,0.0,1518868.0,0.52,595118.0,0.21
BAJAJ-AUTO,2018-01-10 18:03:00,2018-01-10,2018-01-08,2018-01-08,Promoters,Gift,Sell,Equity Shares,778750.0,0.0,0.0,0.0,0.0,2449852.0,0.85,1671102.0,0.58
BAJAJ-AUTO,2018-01-10 18:03:00,2018-01-10,2018-01-08,2018-01-08,Promoters,Gift,Buy,Equity Shares,828150.0,0.0,0.0,0.0,0.0,125800.0,0.04,953950.0,0.33
BAJAJ-AUTO,2018-04-12 16:39:00,2018-04-12,2018-04-10,2018-04-10,Promoters,Market Purchase,Buy,Equity Shares,72000.0,0.0,0.0,0.0,0.0,953950.0,0.33,1025950.0,0.35
BAJAJ-AUTO,2018-04-12 16:39:00,2018-04-12,2018-04-10,2018-04-10,Promoters,Market Sale,Sell,Equity Shares,72000.0,0.0,0.0,0.0,0.0,3711756.0,1.28,3639756.0,1.26
BAJAJ-AUTO,2018-05-23 11:49:00,2018-05-23,2018-05-22,2018-05-22,Key Managerial Personnel,Market Purchase,Buy,Equity Shares,500.0,0.0,0.0,0.0,0.0,3620.0,0.0,4120.0,0.0
BAJAJ-AUTO,2018-07-26 17:09:00,2018-07-26,2018-07-25,2018-07-25,Key Managerial Personnel,Market Purchase,Buy,Equity Shares,500.0,0.0,0.0,0.0,0.0,4120.0,0.0,4620.0,0.0
BAJAJ-AUTO,2018-08-17 18:17:00,2018-08-17,2018-08-14,2018-08-14,Promoters,Inter-se-Transfer,Buy,Equity Shares,6500.0,0.0,0.0,0.0,0.0,759000.0,0.26,765500.0,0.26
BAJAJ-AUTO,2018-08-17 18:17:00,2018-08-17,2018-08-14,2018-08-14,Promoters,Inter-se-Transfer,Sell,Equity Shares,6500.0,0.0,0.0,0.0,0.0,17000.0,0.01,10500.0,0.0
BAJAJ-AUTO,2018-09-14 16:15:00,2018-09-12,2018-09-07,2018-09-10,Director,Market Purchase,Buy,Equity Shares,1301.0,0.0,0.0,0.0,0.0,2199.0,0.0,3500.0,0.0
BAJAJ-AUTO,2018-09-14 16:15:00,2018-09-12,2018-09-06,2018-09-10,Director,Market Purchase,Buy,Equity Shares,2199.0,0.0,0.0,0.0,0.0,,0.0,2199.0,0.0
BAJAJ-AUTO,2019-02-07 17:43:00,2019-02-07,2019-02-05,2019-02-05,Promoter Group,Inter-se-Transfer,Buy,Equity Shares,42308.0,0.0,0.0,0.0,0.0,15000.0,0.01,57308.0,0.02
BAJAJ-AUTO,2019-02-07 17:43:00,2019-02-07,2019-02-05,2019-02-05,Promoter Group,Inter-se-Transfer,Sell,Equity Shares,117474.0,0.0,0.0,0.0,0.0,626198.0,0.22,508724.0,0.18
BAJAJ-AUTO,2019-02-07 17:43:00,2019-02-07,2019-02-05,2019-02-05,Promoter Group,Inter-se-Transfer,Buy,Equity Shares,33858.0,0.0,0.0,0.0,0.0,25450.0,0.01,59308.0,0.02
BAJAJ-AUTO,2019-02-07 17:43:00,2019-02-07,2019-02-05,2019-02-05,Promoter Group,Inter-se-Transfer,Buy,Equity Shares,41308.0,0.0,0.0,0.0,0.0,20000.0,0.01,61308.0,0.02
BAJAJ-AUTO,2019-02-08 17:30:00,2019-02-08,2019-02-07,2019-02-07,Promoters,Market Purchase,Buy,Equity Shares,108855.0,0.0,0.0,0.0,0.0,91280000.0,31.55,91388855.0,31.59
BAJAJ-AUTO,2019-02-11 17:10:00,2019-02-11,2019-02-08,2019-02-08,Promoters,Market Purchase,Buy,Equity Shares,564839.0,0.0,0.0,0.0,0.0,91388855.0,31.59,91953694.0,31.78
BAJAJ-AUTO,2019-02-12 14:39:00,2019-02-12,2019-02-11,2019-02-11,Promoters,Market Purchase,Buy,Equity Shares,236500.0,0.0,0.0,0.0,0.0,91953694.0,31.78,92190194.0,31.86
BAJAJ-AUTO,2019-02-13 17:13:00,2019-02-13,2019-02-12,2019-02-12,Promoters,Market Purchase,Buy,Equity Shares,17004.0,0.0,0.0,0.0,0.0,92190194.0,31.86,92207198.0,31.87
BAJAJ-AUTO,2019-02-14 16:19:00,2019-02-14,2019-02-13,2019-02-13,Promoters,Market Purchase,Buy,Equity Shares,53486.0,0.0,0.0,0.0,0.0,92207198.0,31.87,92260684.0,31.89
BAJAJ-AUTO,2019-02-15 18:42:00,2019-02-15,2019-02-14,2019-02-14,Promoters,Market Purchase,Buy,Equity Shares,19825.0,0.0,0.0,0.0,0.0,92260684.0,31.89,92280509.0,31.89
BAJAJ-AUTO,2019-02-18 11:33:00,2019-02-18,2019-02-15,2019-02-15,Promoters,Market Purchase,Buy,Equity Shares,433562.0,0.0,0.0,0.0,0.0,92280509.0,31.89,92714071.0,32.04
BAJAJ-AUTO,2019-02-19 15:50:00,2019-02-19,2019-02-18,2019-02-18,Promoters,Market Purchase,Buy,Equity Shares,26227.0,0.0,0.0,0.0,0.0,92714071.0,32.04,92740298.0,32.05
BAJAJ-AUTO,2019-02-28 11:28:00,2019-02-27,2019-02-26,2019-02-26,Promoters,Market Purchase,Buy,Equity Shares,2022.0,0.0,0.0,0.0,0.0,92740298.0,32.05,92742320.0,32.05
BAJAJ-AUTO,2019-03-01 15:39:00,2019-02-28,2019-02-28,2019-02-28,Promoters,Market Purchase,Buy,Equity Shares,661000.0,0.0,0.0,0.0,0.0,92742320.0,32.05,93403320.0,32.28
BAJAJ-AUTO,2019-03-07 16:05:00,2019-03-07,2019-03-06,2019-03-06,Promoters,Market Purchase,Buy,Equity Shares,319000.0,0.0,0.0,0.0,0.0,93416508.0,32.29,93735508.0,32.4
BAJAJ-AUTO,2019-03-07 16:05:00,2019-03-06,2019-03-05,2019-03-05,Promoters,Market Purchase,Buy,Equity Shares,13188.0,0.0,0.0,0.0,0.0,93403320.0,32.28,93416508.0,32.29
BAJAJ-AUTO,2019-03-08 15:22:00,2019-03-08,2019-03-07,2019-03-07,Promoters,Market Purchase,Buy,Equity Shares,73000.0,0.0,0.0,0.0,0.0,93735508.0,32.4,93808508.0,32.42
BAJAJ-AUTO,2019-03-12 16:20:00,2019-03-11,2019-03-08,2019-03-08,Promoters,Market Purchase,Buy,Equity Shares,115000.0,0.0,0.0,0.0,0.0,93808508.0,32.42,93923508.0,32.46
BAJAJ-AUTO,2019-03-12 16:20:00,2019-03-12,2019-03-11,2019-03-11,Promoters,Market Purchase,Buy,Equity Shares,391000.0,0.0,0.0,0.0,0.0,93923508.0,32.46,94314508.0,32.59
BAJAJ-AUTO,2019-03-14 18:34:00,2019-03-14,2019-03-12,2019-03-12,Promoters,Market Purchase,Buy,Equity Shares,45437.0,0.0,0.0,0.0,0.0,94314508.0,32.59,94359945.0,32.61
BAJAJ-AUTO,2019-03-14 18:34:00,2019-03-14,2019-03-14,2019-03-14,Promoters,Market Purchase,Buy,Equity Shares,583000.0,0.0,0.0,0.0,0.0,94359945.0,32.61,94942945.0,32.81
BAJAJ-AUTO,2019-03-19 18:10:00,2019-03-19,2019-03-19,2019-03-19,Promoters,Market Purchase,Buy,Equity Shares,87000.0,0.0,0.0,0.0,0.0,95086050.0,32.86,95173050.0,32.89
BAJAJ-AUTO,2019-03-19 18:10:00,2019-03-18,2019-03-15,2019-03-15,Promoters,Market Purchase,Buy,Equity Shares,143105.0,0.0,0.0,0.0,0.0,94942945.0,32.81,95086050.0,32.86
BAJAJ-AUTO,2019-03-21 18:06:00,2019-03-21,2019-03-20,2019-03-20,Promoters,Market Purchase,Buy,Equity Shares,500000.0,0.0,0.0,0.0,0.0,95173050.0,32.89,95673050.0,33.06
BAJAJ-AUTO,2019-03-26 17:35:00,2019-03-25,2019-03-22,2019-03-22,Promoters,Market Purchase,Buy,Equity Shares,204000.0,0.0,0.0,0.0,0.0,95673050.0,33.06,95877050.0,33.14
BAJAJ-AUTO,2019-03-28 16:32:00,2019-03-27,2019-03-26,2019-03-26,Promoters,Market Purchase,Buy,Equity Shares,72200.0,0.0,0.0,0.0,0.0,95926609.0,33.15,95998809.0,33.18
BAJAJ-AUTO,2019-03-28 16:32:00,2019-03-27,2019-03-25,2019-03-25,Promoters,Market Purchase,Buy,Equity Shares,49559.0,0.0,0.0,0.0,0.0,95877050.0,33.14,95926609.0,33.15
BAJAJ-AUTO,2019-03-28 16:32:00,2019-03-27,2019-03-27,2019-03-27,Promoters,Market Purchase,Buy,Equity Shares,113099.0,0.0,0.0,0.0,0.0,95998809.0,33.18,96111908.0,33.22
BAJAJ-AUTO,2019-03-29 17:16:00,2019-03-29,2019-03-28,2019-03-28,Promoters,Market Purchase,Buy,Equity Shares,615142.0,0.0,0.0,0.0,0.0,96111908.0,33.22,96727050.0,33.43
BAJAJ-AUTO,2019-04-12 11:26:00,2019-04-11,2018-08-01,2018-08-01,Employees/Designated Employees,Market Purchase,Buy,Equity Shares,150.0,0.0,0.0,0.0,0.0,,0.0,150.0,0.0
BAJAJ-AUTO,2019-04-12 11:26:00,2019-04-11,2018-08-06,2018-08-06,Employees/Designated Employees,Market Purchase,Buy,Equity Shares,225.0,0.0,0.0,0.0,0.0,150.0,0.0,375.0,0.0
BAJAJ-AUTO,2019-04-12 11:26:00,2019-04-11,2018-08-09,2018-08-09,Employees/Designated Employees,Market Purchase,Buy,Equity Shares,125.0,0.0,0.0,0.0,0.0,375.0,0.0,500.0,0.0
BAJAJ-AUTO,2019-04-12 11:26:00,2019-04-11,2018-08-10,2018-08-10,Employees/Designated Employees,Market Purchase,Buy,Equity Shares,150.0,0.0,0.0,0.0,0.0,500.0,0.0,650.0,0.0
BAJAJ-AUTO,2019-07-05 16:10:00,2019-07-01,2019-06-27,2019-06-27,Promoters,Market Purchase,Buy,Equity Shares,6400.0,0.0,0.0,0.0,0.0,765500.0,0.26,771900.0,0.27
BAJAJ-AUTO,2019-07-05 16:10:00,2019-07-01,2019-06-27,2019-06-27,Promoters,Market Sale,Sell,Equity Shares,6400.0,0.0,0.0,0.0,0.0,10500.0,0.0,4100.0,0.0
BAJAJ-AUTO,2019-08-07 17:04:00,2019-08-06,2019-08-05,2019-08-05,Employees/Designated Employees,Market Purchase,Buy,Equity Shares,1000.0,0.0,0.0,0.0,0.0,4620.0,0.0,5620.0,0.0
BAJAJ-AUTO,2019-09-26 14:06:00,2019-09-26,2019-09-24,2019-09-24,Promoters,Market Sale,Sell,Equity Shares,53000.0,0.0,0.0,0.0,0.0,1025950.0,0.35,972950.0,0.34
BAJAJ-AUTO,2019-09-26 14:06:00,2019-09-26,2019-09-24,2019-09-24,Promoter Group,Market Purchase,Buy,Equity Shares,53000.0,0.0,0.0,0.0,0.0,25844400.0,8.93,25897400.0,8.95
BAJAJ-AUTO,2020-01-13 20:21:00,2020-01-09,2020-01-08,2020-01-08,Promoters,Gift,Buy,Equity Shares,120000.0,0.0,0.0,0.0,0.0,2728796.0,0.94,2848796.0,0.98
BAJAJ-AUTO,2020-01-13 20:21:00,2020-01-09,2020-01-07,2020-01-07,Promoters,Gift,Buy,Equity Shares,120000.0,0.0,0.0,0.0,0.0,2608796.0,0.9,2728796.0,0.94
BAJAJ-AUTO,2020-01-13 20:21:00,2020-01-09,2020-01-07,2020-01-07,Promoters,Gift,Sell,Equity Shares,311000.0,0.0,0.0,0.0,0.0,771900.0,0.27,460900.0,0.16
BAJAJ-AUTO,2020-01-13 20:21:00,2020-01-09,2020-01-08,2020-01-08,Promoters,Gift,Sell,Equity Shares,120000.0,0.0,0.0,0.0,0.0,460900.0,0.16,340900.0,0.12
BAJAJ-AUTO,2020-01-13 20:21:00,2020-01-09,2020-01-07,2020-01-07,Promoter Group,Gift,Buy,Equity Shares,311000.0,0.0,0.0,0.0,0.0,21150.0,0.01,332150.0,0.11
BAJAJ-AUTO,2020-01-13 20:21:00,2020-01-09,2020-01-07,2020-01-07,Promoter Group,Gift,Buy,Equity Shares,57258.0,0.0,0.0,0.0,0.0,59308.0,0.02,116566.0,0.04
BAJAJ-AUTO,2020-01-13 20:21:00,2020-01-09,2020-01-07,2020-01-07,Promoter Group,Gift,Buy,Equity Shares,57258.0,0.0,0.0,0.0,0.0,,0.0,57258.0,0.02
BAJAJ-AUTO,2020-01-13 20:21:00,2020-01-09,2020-01-07,2020-01-07,Promoter Group,Gift,Buy,Equity Shares,57258.0,0.0,0.0,0.0,0.0,61308.0,0.02,118566.0,0.04
BAJAJ-AUTO,2020-01-13 20:21:00,2020-01-09,2020-01-07,2020-01-07,Promoter Group,Gift,Sell,Equity Shares,120000.0,0.0,0.0,0.0,0.0,612874.0,0.21,492874.0,0.17
BAJAJ-AUTO,2020-01-13 20:21:00,2020-01-09,2020-01-07,2020-01-07,Promoters,Gift,Sell,Equity Shares,171774.0,0.0,0.0,0.0,0.0,2780570.0,0.96,2608796.0,0.9
BAJAJ-AUTO,2020-01-31 17:44:00,2020-01-30,2020-01-28,2020-01-28,Promoter Group,Gift,Buy,Equity Shares,268106.0,0.0,0.0,0.0,0.0,389770.0,0.13,657876.0,0.23
BAJAJ-AUTO,2020-01-31 17:44:00,2020-01-30,2020-01-28,2020-01-28,Director,Gift,Sell,Equity Shares,268106.0,0.0,0.0,0.0,0.0,1671102.0,0.58,1402996.0,0.48
BAJAJ-AUTO,2020-03-02 16:08:00,2020-02-28,2020-02-28,2020-02-28,Other,Market Purchase,Buy,Equity Shares,10000.0,0.0,0.0,0.0,0.0,,0.0,10000.0,0.0
BAJAJ-AUTO,2020-03-03 16:51:00,2020-03-02,2020-03-02,2020-03-02,Other,Market Purchase,Buy,Equity Shares,10000.0,0.0,0.0,0.0,0.0,10000.0,0.0,20000.0,0.01
BAJAJ-AUTO,2020-03-03 16:57:00,2020-03-03,2020-03-02,2020-03-02,Promoter Group,Market Purchase,Buy,Equity Shares,107000.0,0.0,0.0,0.0,0.0,25897400.0,8.95,26004400.0,8.99
BAJAJ-AUTO,2020-03-05 13:48:00,2020-03-04,2020-03-04,2020-03-04,Other,Market Purchase,Buy,Equity Shares,12500.0,0.0,0.0,0.0,0.0,25000.0,0.01,37500.0,0.01
BAJAJ-AUTO,2020-03-05 13:48:00,2020-03-03,2020-03-03,2020-03-03,Other,Market Purchase,Buy,Equity Shares,5000.0,0.0,0.0,0.0,0.0,20000.0,0.01,25000.0,0.01
BAJAJ-AUTO,2020-03-06 15:28:00,2020-03-05,2020-03-05,2020-03-05,Other,Market Purchase,Buy,Equity Shares,12500.0,0.0,0.0,0.0,0.0,37500.0,0.01,50000.0,0.02
BAJAJ-AUTO,2020-03-09 17:08:00,2020-03-06,2020-03-06,2020-03-06,Other,Market Purchase,Buy,Equity Shares,5266.0,0.0,0.0,0.0,0.0,50000.0,0.02,55266.0,0.02
BAJAJ-AUTO,2020-03-11 15:09:00,2020-03-10,2020-03-09,2020-03-09,Other,Market Purchase,Buy,Equity Shares,14734.0,0.0,0.0,0.0,0.0,55266.0,0.02,70000.0,0.02
BAJAJ-AUTO,2020-03-13 16:17:00,2020-03-13,2020-03-11,2020-03-11,Promoter Group,Market Purchase,Buy,Equity Shares,235000.0,0.0,0.0,0.0,0.0,26004400.0,8.99,26239400.0,9.07
BAJAJ-AUTO,2020-03-13 16:49:00,2020-03-13,2020-03-12,2020-03-12,Other,Market Purchase,Buy,Equity Shares,5000.0,0.0,0.0,0.0,0.0,70000.0,0.02,75000.0,0.03
BAJAJ-AUTO,2020-03-16 18:24:00,2020-03-16,2020-03-13,2020-03-13,Other,Market Purchase,Buy,Equity Shares,5000.0,0.0,0.0,0.0,0.0,75000.0,0.03,80000.0,0.03
BAJAJ-AUTO,2020-03-17 16:00:00,2020-03-17,2020-03-16,2020-03-16,Other,Market Purchase,Buy,Equity Shares,5000.0,0.0,0.0,0.0,0.0,80000.0,0.03,85000.0,0.03
BAJAJ-AUTO,2020-03-19 17:12:00,2020-03-19,2020-03-18,2020-03-18,Other,Market Purchase,Buy,Equity Shares,5000.0,0.0,0.0,0.0,0.0,85000.0,0.03,90000.0,0.03
BAJAJ-AUTO,2020-03-20 13:55:00,2020-03-20,2020-03-19,2020-03-19,Other,Market Purchase,Buy,Equity Shares,3750.0,0.0,0.0,0.0,0.0,90000.0,0.03,93750.0,0.03
BAJAJ-AUTO,2020-03-20 18:08:00,2020-03-20,2020-03-19,2020-03-19,Promoter Group,Market Purchase,Buy,Equity Shares,42000.0,0.0,0.0,0.0,0.0,26239400.0,9.07,26281400.0,9.08
BAJAJ-AUTO,2020-03-23 15:34:00,2020-03-20,2020-03-20,2020-03-20,Other,Market Purchase,Buy,Equity Shares,4000.0,0.0,0.0,0.0,0.0,93750.0,0.03,97750.0,0.03
BAJAJ-AUTO,2020-03-26 12:42:00,2020-03-25,2020-03-24,2020-03-24,Other,Market Purchase,Buy,Equity Shares,2000.0,0.0,0.0,0.0,0.0,97750.0,0.03,99750.0,0.03
BAJAJ-AUTO,2020-05-29 13:10:00,2020-05-28,2020-05-26,2020-05-26,Promoter Group,Market Purchase,Buy,Equity Shares,30000.0,0.0,0.0,0.0,0.0,332150.0,0.11,362150.0,0.12
BAJAJ-AUTO,2020-06-16 11:57:00,2020-06-12,2020-06-10,2020-06-10,Promoter Group,Market Purchase,Buy,Equity Shares,12500.0,0.0,0.0,0.0,0.0,362150.0,0.13,374650.0,0.13
BAJAJ-AUTO,2020-06-16 11:57:00,2020-06-12,2020-06-12,2020-06-12,Promoter Group,Market Purchase,Buy,Equity Shares,12500.0,0.0,0.0,0.0,0.0,374650.0,0.13,387150.0,0.13
BAJAJ-AUTO,2020-06-23 15:34:00,2020-06-19,2020-06-19,2020-06-19,Promoter Group,Market Purchase,Buy,Equity Shares,25000.0,0.0,0.0,0.0,0.0,402150.0,0.15,427150.0,0.15
BAJAJ-AUTO,2020-06-23 15:34:00,2020-06-19,2020-06-17,2020-06-17,Promoter Group,Market Purchase,Buy,Equity Shares,15000.0,0.0,0.0,0.0,0.0,387150.0,0.13,402150.0,0.13
BAJAJ-AUTO,2020-06-29 11:54:00,2020-06-26,2020-06-25,2020-06-25,Promoters,Inter-se-Transfer,Sell,Equity Shares,3000.0,0.0,0.0,0.0,0.0,4100.0,0.0,1100.0,0.0
BAJAJ-AUTO,2020-06-29 11:54:00,2020-06-26,2020-06-25,2020-06-25,Promoter Group,Inter-se-Transfer,Buy,Equity Shares,3000.0,0.0,0.0,0.0,0.0,427150.0,0.15,430150.0,0.15
BAJAJ-AUTO,2020-07-07 15:42:00,2020-07-07,2020-07-03,2020-07-03,Promoter Group,Off Market,Sell,Equity Shares,13822.0,0.0,0.0,0.0,0.0,41464.0,0.01,27642.0,0.01
BAJAJ-AUTO,2020-07-07 15:48:00,2020-07-03,2020-07-03,2020-07-03,Immediate relative,Off Market,Pledge,Equity Shares,13822.0,0.0,0.0,0.0,0.0,13822.0,0.0,13822.0,0.0
BAJAJ-AUTO,2020-07-07 15:48:00,2020-07-03,2020-07-03,2020-07-03,Immediate relative,Off Market,Buy,Equity Shares,13822.0,0.0,0.0,0.0,0.0,,0.0,13822.0,0.0
BAJAJ-AUTO,2020-08-07 16:22:00,2020-08-07,2020-08-05,2020-08-05,Promoter Group,Market Purchase,Buy,Equity Shares,16800.0,0.0,0.0,0.0,0.0,340900.0,0.12,357700.0,0.12
BAJAJ-AUTO,2020-09-30 14:47:00,2020-09-30,2020-09-29,2020-09-29,Promoter Group,Gift,Sell,Equity Shares,181500.0,0.0,0.0,0.0,0.0,508724.0,0.18,327224.0,0.12
BAJAJ-AUTO,2020-09-30 14:47:00,2020-09-30,2020-09-29,2020-09-29,Promoter Group,Gift,Buy,Equity Shares,181500.0,0.0,0.0,0.0,0.0,357700.0,0.12,539200.0,0.19
BAJAJ-AUTO,2020-10-29 16:03:00,2020-10-29,2020-10-28,2020-10-28,Other,Market Purchase,Buy,Equity Shares,10000.0,0.0,0.0,0.0,0.0,99750.0,0.03,109750.0,0.04
BAJAJ-AUTO,2020-10-30 15:47:00,2020-10-30,2020-10-29,2020-10-29,Other,Market Purchase,Buy,Equity Shares,10000.0,0.0,0.0,0.0,0.0,109750.0,0.04,119750.0,0.04
BAJAJ-AUTO,2020-11-02 15:49:00,2020-11-02,2020-10-30,2020-10-30,Other,Market Purchase,Buy,Equity Shares,10000.0,0.0,0.0,0.0,0.0,119750.0,0.04,129750.0,0.04
BAJAJ-AUTO,2020-11-03 14:36:00,2020-11-02,2020-11-02,2020-11-02,Other,Market Purchase,Buy,Equity Shares,11000.0,0.0,0.0,0.0,0.0,129750.0,0.04,140750.0,0.05
BAJAJ-AUTO,2020-12-21 16:51:00,2020-12-21,2020-12-17,2020-12-17,Promoter Group,Off Market,Buy,Equity Shares,13821.0,0.0,0.0,0.0,0.0,2050.0,0.0,15871.0,0.01
BAJAJ-AUTO,2020-12-21 16:51:00,2020-12-21,2020-12-17,2020-12-17,Promoter Group,Off Market,Sell,Equity Shares,27642.0,0.0,0.0,0.0,0.0,27642.0,0.01,,0.0
BAJAJ-AUTO,2020-12-21 16:51:00,2020-12-21,2020-12-17,2020-12-17,Promoter Group,Off Market,Buy,Equity Shares,13821.0,0.0,0.0,0.0,0.0,149500.0,0.05,163321.0,0.06
BAJAJ-AUTO,2020-12-30 14:27:00,2020-12-30,2020-12-28,2020-12-28,Promoter Group,Off Market,Buy,Equity Shares,200000.0,0.0,0.0,0.0,0.0,,0.0,200000.0,0.07
BAJAJ-AUTO,2020-12-30 14:27:00,2020-12-30,2020-12-28,2020-12-28,Promoter Group,Off Market,Buy,Equity Shares,160000.0,0.0,0.0,0.0,0.0,,0.0,160000.0,0.06
BAJAJ-AUTO,2020-12-30 14:27:00,2020-12-30,2020-12-28,2020-12-28,Promoter Group,Off Market,Buy,Equity Shares,360000.0,0.0,0.0,0.0,0.0,492874.0,0.17,852874.0,0.29
BAJAJ-AUTO,2020-12-30 14:27:00,2020-12-30,2020-12-28,2020-12-28,Promoter Group,Off Market,Buy,Equity Shares,160000.0,0.0,0.0,0.0,0.0,1100.0,0.0,161100.0,0.06
BAJAJ-AUTO,2020-12-30 14:27:00,2020-12-30,2020-12-28,2020-12-28,Promoter Group,Off Market,Buy,Equity Shares,200000.0,0.0,0.0,0.0,0.0,539200.0,0.19,739200.0,0.26
BAJAJ-AUTO,2020-12-30 14:27:00,2020-12-30,2020-12-28,2020-12-28,Promoter Group,Off Market,Buy,Equity Shares,200258.0,0.0,0.0,0.0,0.0,57308.0,0.02,257566.0,0.09
BAJAJ-AUTO,2020-12-30 14:27:00,2020-12-30,2020-12-28,2020-12-28,Promoters,Off Market,Sell,Equity Shares,1800000.0,0.0,0.0,0.0,0.0,2848796.0,0.98,1048796.0,0.36
BAJAJ-AUTO,2020-12-30 14:27:00,2020-12-30,2020-12-28,2020-12-28,Promoter Group,Off Market,Buy,Equity Shares,159742.0,0.0,0.0,0.0,0.0,57258.0,0.02,217000.0,0.07
BAJAJ-AUTO,2020-12-30 14:27:00,2020-12-30,2020-12-28,2020-12-28,Promoter Group,Off Market,Buy,Equity Shares,141000.0,0.0,0.0,0.0,0.0,116566.0,0.04,257566.0,0.09
BAJAJ-AUTO,2020-12-30 14:27:00,2020-12-30,2020-12-28,2020-12-28,Promoter Group,Off Market,Buy,Equity Shares,219000.0,0.0,0.0,0.0,0.0,,0.0,219000.0,0.08
BAJAJ-AUTO,2021-01-04 15:35:00,2021-01-04,2020-12-31,2020-12-31,Promoter Group,Market Purchase,Buy,Equity Shares,15000.0,0.0,0.0,0.0,0.0,739200.0,0.26,754200.0,0.26
BAJAJ-AUTO,2021-01-29 16:05:00,2021-01-29,2020-12-23,2021-01-28,Other,ESOP,Sell,Equity Shares,9873.0,0.0,0.0,0.0,0.0,140750.0,0.05,130877.0,0.05
BAJAJ-AUTO,2021-01-29 16:42:00,2021-01-28,2021-01-25,2021-01-25,Promoter Group,Off Market,Buy,Equity Shares,150000.0,0.0,0.0,0.0,0.0,,0.0,150000.0,0.05
BAJAJ-AUTO,2021-01-29 16:42:00,2021-01-28,2021-01-25,2021-01-25,Promoter Group,Off Market,Buy,Equity Shares,150000.0,0.0,0.0,0.0,0.0,,0.0,150000.0,0.05
BAJAJ-AUTO,2021-01-29 16:42:00,2021-01-28,2021-01-25,2021-01-25,Promoter Group,Off Market,Sell,Equity Shares,395118.0,0.0,0.0,0.0,0.0,595118.0,0.21,200000.0,0.07
BAJAJ-AUTO,2021-01-29 16:42:00,2021-01-28,2021-01-25,2021-01-25,Promoter Group,Off Market,Buy,Equity Shares,445514.0,0.0,0.0,0.0,0.0,,0.0,445514.0,0.15
BAJAJ-AUTO,2021-01-29 16:42:00,2021-01-28,2021-01-25,2021-01-25,Promoter Group,Off Market,Sell,Equity Shares,496042.0,0.0,0.0,0.0,0.0,1402996.0,0.48,906954.0,0.31
BAJAJ-AUTO,2021-01-29 16:42:00,2021-01-28,2021-01-25,2021-01-25,Promoter Group,Off Market,Buy,Equity Shares,445646.0,0.0,0.0,0.0,0.0,,0.0,445646.0,0.15
BAJAJ-AUTO,2021-01-29 16:42:00,2021-01-28,2021-01-25,2021-01-25,Promoter Group,Off Market,Sell,Equity Shares,300000.0,0.0,0.0,0.0,0.0,972950.0,0.34,672950.0,0.23
BAJAJ-AUTO,2021-01-29 16:42:00,2021-01-28,2021-01-25,2021-01-25,Promoter Group,Off Market,Sell,Equity Shares,461438.0,0.0,0.0,0.0,0.0,661438.0,0.23,200000.0,0.07
BAJAJ-AUTO,2021-01-29 16:42:00,2021-01-28,2021-01-25,2021-01-25,Promoter Group,Off Market,Buy,Equity Shares,461438.0,0.0,0.0,0.0,0.0,,0.0,461438.0,0.16
BAJAJ-AUTO,2021-01-29 16:42:00,2021-01-28,2021-01-25,2021-01-25,Promoter Group,Off Market,Sell,Equity Shares,457876.0,0.0,0.0,0.0,0.0,657876.0,0.23,200000.0,0.07
BAJAJ-AUTO,2021-01-29 16:42:00,2021-01-28,2021-01-25,2021-01-25,Promoter Group,Off Market,Buy,Equity Shares,457876.0,0.0,0.0,0.0,0.0,,0.0,457876.0,0.16
BAJAJ-AUTO,2021-02-02 16:50:00,2021-02-02,2021-02-02,2021-02-02,Employees/Designated Employees,ESOP,Buy,Equity Shares,300.0,0.0,0.0,0.0,0.0,200.0,0.0,500.0,0.0
BAJAJ-AUTO,2021-02-02 16:50:00,2021-02-01,2021-02-01,2021-02-01,Employees/Designated Employees,ESOP,Buy,Equity Shares,200.0,0.0,0.0,0.0,0.0,,0.0,200.0,0.0
BAJAJ-AUTO,2021-02-02 16:55:00,2021-02-01,2021-01-29,2021-01-29,Employees/Designated Employees,Market Sale,Sell,Equity Shares,851.0,0.0,0.0,0.0,0.0,851.0,0.0,,0.0
BAJAJ-AUTO,2021-02-02 16:55:00,2021-01-29,2021-01-28,2021-01-28,Employees/Designated Employees,ESOP,Buy,Equity Shares,851.0,0.0,0.0,0.0,0.0,,0.0,851.0,0.0
BAJAJ-AUTO,2021-02-04 11:11:00,2021-02-02,2021-02-01,2021-02-02,Other,ESOP,Sell,Equity Shares,1043.0,0.0,0.0,0.0,0.0,130877.0,0.05,129834.0,0.04
BAJAJ-AUTO,2021-02-11 14:49:00,2021-02-10,2021-02-09,2021-02-09,Other,ESOP,Sell,Equity Shares,805.0,0.0,0.0,0.0,0.0,129834.0,0.04,129029.0,0.04
BAJAJ-AUTO,2021-02-12 14:08:00,2021-02-11,2021-02-10,2021-02-10,Other,ESOP,Sell,Equity Shares,1375.0,0.0,0.0,0.0,0.0,129029.0,0.04,127654.0,0.04
BAJAJ-AUTO,2021-02-12 14:58:00,2021-02-11,2021-02-10,2021-02-10,Employees/Designated Employees,ESOP,Buy,Equity Shares,1044.0,0.0,0.0,0.0,0.0,,0.0,1044.0,0.0
BAJAJ-AUTO,2021-02-16 16:50:00,2021-02-15,2021-02-12,2021-02-12,Employees/Designated Employees,ESOP,Buy,Equity Shares,754.0,0.0,0.0,0.0,0.0,150.0,0.0,904.0,0.0
BAJAJ-AUTO,2021-02-18 14:01:00,2021-02-16,2021-02-12,2021-02-12,Other,ESOP,Sell,Equity Shares,754.0,0.0,0.0,0.0,0.0,127654.0,0.04,126900.0,0.04
BAJAJ-AUTO,2021-02-24 16:02:00,2021-02-23,2021-02-23,2021-02-23,Other,ESOP,Sell,Equity Shares,683.0,0.0,0.0,0.0,0.0,126780.0,0.04,126097.0,0.04
BAJAJ-AUTO,2021-02-24 16:02:00,2021-02-22,2021-02-18,2021-02-22,Other,ESOP,Sell,Equity Shares,120.0,0.0,0.0,0.0,0.0,126900.0,0.04,126780.0,0.04
BAJAJ-AUTO,2021-03-01 16:18:00,2021-03-01,2021-02-22,2021-02-26,-,ESOP,Buy,Equity Shares,1410.0,0.0,0.0,0.0,0.0,,0.0,1410.0,0.0
BAJAJ-AUTO,2021-03-01 16:18:00,2021-03-01,2021-02-26,2021-02-26,Other,ESOP,Sell,Equity Shares,1700.0,0.0,0.0,0.0,0.0,126097.0,0.04,124397.0,0.04
BAJAJ-AUTO,2021-03-03 15:45:00,2021-03-03,2021-03-02,2021-03-02,-,ESOP,Buy,Equity Shares,609.0,0.0,0.0,0.0,0.0,1409.0,0.0,2018.0,0.0
BAJAJ-AUTO,2021-03-03 15:45:00,2021-03-03,2021-02-26,2021-02-26,-,Market Sale,Sell,Equity Shares,1.0,0.0,0.0,0.0,0.0,1410.0,0.0,1409.0,0.0
BAJAJ-AUTO,2021-03-03 15:45:00,2021-03-01,2021-03-01,2021-03-01,-,Market Sale,Sell,Equity Shares,200.0,0.0,0.0,0.0,0.0,200.0,0.0,,0.0
BAJAJ-AUTO,2021-03-03 15:45:00,2021-03-01,2021-02-26,2021-02-26,-,ESOP,Buy,Equity Shares,200.0,0.0,0.0,0.0,0.0,,0.0,200.0,0.0
BAJAJ-AUTO,2021-03-03 15:45:00,2021-03-03,2021-03-02,2021-03-02,Other,ESOP,Sell,Equity Shares,709.0,0.0,0.0,0.0,0.0,124397.0,0.04,123688.0,0.04
BAJAJ-AUTO,2021-03-08 16:40:00,2021-03-04,2021-03-04,2021-03-04,-,Market Sale,Sell,Equity Shares,1000.0,0.0,0.0,0.0,0.0,2018.0,0.0,1018.0,0.0
BAJAJ-AUTO,2021-03-22 16:34:00,2021-03-19,2021-03-16,2021-03-19,Other,ESOP,Sell,Equity Shares,575.0,0.0,0.0,0.0,0.0,123688.0,0.04,123113.0,0.04
BAJAJ-AUTO,2021-03-30 16:30:00,2021-03-26,2021-03-24,2021-03-26,Other,ESOP,Sell,Equity Shares,871.0,0.0,0.0,0.0,0.0,123113.0,0.04,122242.0,0.04
BAJAJ-AUTO,2021-04-12 17:04:00,2021-04-12,2021-04-09,2021-04-09,Other,ESOP,Sell,Equity Shares,409.0,0.0,0.0,0.0,0.0,122242.0,0.04,121833.0,0.04
BAJAJ-AUTO,2021-05-06 10:43:00,2021-05-04,2021-05-03,2021-05-03,Employees/Designated Employees,Market Sale,Sell,Equity Shares,1018.0,0.0,0.0,0.0,0.0,1018.0,0.0,,0.0
BAJAJ-AUTO,2021-05-10 12:56:00,2021-05-07,2021-05-06,2021-05-06,Other,ESOP,Sell,Equity Shares,200.0,0.0,0.0,0.0,0.0,121833.0,0.04,121633.0,0.04
BAJAJ-AUTO,2021-05-21 16:10:00,2021-05-21,2021-05-20,2021-05-20,Other,ESOP,Sell,Equity Shares,2762.0,0.0,0.0,0.0,0.0,121633.0,0.04,118871.0,0.04
BAJAJ-AUTO,2021-05-21 16:10:00,2021-05-20,2021-05-20,2021-05-20,Employees/Designated Employees,ESOP,Buy,Equity Shares,2019.0,0.0,0.0,0.0,0.0,,0.0,2019.0,0.0
BAJAJ-AUTO,2021-05-25 10:49:00,2021-05-24,2021-05-20,2021-05-20,Employees/Designated Employees,ESOP,Buy,Equity Shares,543.0,0.0,0.0,0.0,0.0,,0.0,543.0,0.0
BAJAJ-AUTO,2021-05-26 16:32:00,2021-05-25,2021-05-24,2021-05-24,Other,ESOP,Sell,Equity Shares,100.0,0.0,0.0,0.0,0.0,118871.0,0.04,118771.0,0.04
BAJAJ-AUTO,2021-05-26 16:32:00,2021-05-25,2021-05-25,2021-05-25,Employees/Designated Employees,Market Sale,Sell,Equity Shares,543.0,0.0,0.0,0.0,0.0,543.0,0.0,,0.0
BAJAJ-AUTO,2021-05-26 16:32:00,2021-05-22,2021-05-21,2021-05-21,Employees/Designated Employees,Market Sale,Sell,Equity Shares,2019.0,0.0,0.0,0.0,0.0,2019.0,0.0,,0.0
BAJAJ-AUTO,2021-05-26 16:32:00,2021-05-25,2021-04-09,2021-05-20,Employees/Designated Employees,ESOP,Buy,Equity Shares,500.0,0.0,0.0,0.0,0.0,700.0,0.0,1200.0,0.0
BAJAJ-AUTO,2021-06-02 16:31:00,2021-05-31,2021-05-27,2021-05-28,Other,ESOP,Sell,Equity Shares,100.0,0.0,0.0,0.0,0.0,118771.0,0.04,118671.0,0.04
BAJAJ-AUTO,2021-06-02 16:31:00,2021-06-01,2021-06-01,2021-06-01,Other,ESOP,Sell,Equity Shares,60.0,0.0,0.0,0.0,0.0,118671.0,0.04,118611.0,0.04
BAJAJ-AUTO,2021-06-07 16:12:00,2021-06-07,2021-06-03,2021-06-03,Other,ESOP,Sell,Equity Shares,487.0,0.0,0.0,0.0,0.0,118611.0,0.04,118124.0,0.04
BAJAJ-AUTO,2021-06-07 16:12:00,2021-06-07,2021-06-03,2021-06-03,-,ESOP,Buy,Equity Shares,447.0,0.0,0.0,0.0,0.0,,0.0,447.0,0.0
BAJAJ-AUTO,2021-06-11 16:43:00,2021-06-10,2021-06-09,2021-06-09,-,ESOP,Buy,Equity Shares,357.0,0.0,0.0,0.0,0.0,,0.0,357.0,0.0
BAJAJ-AUTO,2021-06-11 16:43:00,2021-06-10,2021-06-08,2021-06-09,Other,ESOP,Sell,Equity Shares,607.0,0.0,0.0,0.0,0.0,118124.0,0.04,117517.0,0.04
BAJAJ-AUTO,2021-06-14 16:32:00,2021-06-12,2021-06-10,2021-06-10,-,Market Sale,Sell,Equity Shares,357.0,0.0,0.0,0.0,0.0,357.0,0.0,,0.0
BAJAJ-AUTO,2021-06-14 16:32:00,2021-06-14,2021-06-11,2021-06-11,-,Gift,Sell,Equity Shares,150.0,0.0,0.0,0.0,0.0,150.0,0.0,,0.0
BAJAJ-AUTO,2021-06-14 16:32:00,2021-06-14,2021-06-09,2021-06-09,-,ESOP,Buy,Equity Shares,50.0,0.0,0.0,0.0,0.0,100.0,0.0,150.0,0.0
BAJAJ-AUTO,2021-06-14 16:32:00,2021-06-14,2021-05-31,2021-05-31,Immediate relative,Off Market,Buy,Equity Shares,25.0,0.0,0.0,0.0,0.0,19.0,0.0,44.0,0.0
BAJAJ-AUTO,2021-06-14 16:32:00,2021-06-14,2021-05-31,2021-05-31,Immediate relative,Off Market,Sell,Equity Shares,25.0,0.0,0.0,0.0,0.0,44.0,0.0,19.0,0.0
BAJAJ-AUTO,2021-06-14 16:32:00,2021-06-14,2021-05-28,2021-05-28,-,ESOP,Buy,Equity Shares,50.0,0.0,0.0,0.0,0.0,50.0,0.0,100.0,0.0
BAJAJ-AUTO,2021-06-14 16:32:00,2021-06-14,2021-05-27,2021-05-27,-,ESOP,Buy,Equity Shares,50.0,0.0,0.0,0.0,0.0,,0.0,50.0,0.0
BAJAJ-AUTO,2021-06-15 14:20:00,2021-06-15,2021-06-15,2021-06-15,-,ESOP,Buy,Equity Shares,557.0,0.0,0.0,0.0,0.0,,0.0,557.0,0.0
BAJAJ-AUTO,2021-06-15 14:20:00,2021-06-15,2021-06-14,2021-06-14,Other,ESOP,Sell,Equity Shares,961.0,0.0,0.0,0.0,0.0,117517.0,0.04,116556.0,0.04
BAJAJ-AUTO,2021-06-16 16:42:00,2021-06-16,2021-06-15,2021-06-15,-,ESOP,Sell,Equity Shares,557.0,0.0,0.0,0.0,0.0,557.0,0.0,,0.0
BAJAJ-AUTO,2021-06-16 16:42:00,2021-06-16,2021-06-15,2021-06-15,Other,ESOP,Sell,Equity Shares,950.0,0.0,0.0,0.0,0.0,116556.0,0.04,115606.0,0.04
BAJAJ-AUTO,2021-06-16 16:42:00,2021-06-15,2021-05-24,2021-06-14,-,ESOP,Buy,Equity Shares,504.0,0.0,0.0,0.0,0.0,1200.0,0.0,1704.0,0.0
BAJAJ-AUTO,2021-06-16 16:42:00,2021-06-16,2021-06-15,2021-06-15,-,ESOP,Buy,Equity Shares,500.0,0.0,0.0,0.0,0.0,1704.0,0.0,2204.0,0.0
BAJAJ-AUTO,2021-06-21 17:04:00,2021-06-21,2021-06-17,2021-06-18,Other,ESOP,Sell,Equity Shares,410.0,0.0,0.0,0.0,0.0,115606.0,0.04,115196.0,0.04
BAJAJ-AUTO,2021-06-23 17:07:00,2021-06-23,2021-06-15,2021-06-15,-,Market Sale,Sell,Equity Shares,100.0,0.0,0.0,0.0,0.0,101.0,0.0,1.0,0.0
BAJAJ-AUTO,2021-06-23 17:07:00,2021-06-23,2021-06-22,2021-06-22,-,ESOP,Buy,Equity Shares,102.0,0.0,0.0,0.0,0.0,1.0,0.0,103.0,0.0
BAJAJ-AUTO,2021-06-23 17:07:00,2021-06-23,2021-06-22,2021-06-22,Other,ESOP,Sell,Equity Shares,1152.0,0.0,0.0,0.0,0.0,115196.0,0.04,114044.0,0.04
BAJAJ-AUTO,2021-06-23 17:07:00,2021-06-23,2021-06-14,2021-06-22,-,ESOP,Buy,Equity Shares,150.0,0.0,0.0,0.0,0.0,,0.0,150.0,0.0
BAJAJ-AUTO,2021-06-23 17:07:00,2021-06-23,2021-06-18,2021-06-18,-,ESOP,Buy,Equity Shares,300.0,0.0,0.0,0.0,0.0,2204.0,0.0,2504.0,0.0
BAJAJ-AUTO,2021-06-23 17:07:00,2021-06-23,2021-06-21,2021-06-21,Immediate relative,Market Sale,Sell,Equity Shares,80.0,0.0,0.0,0.0,0.0,200.0,0.0,120.0,0.0
BAJAJ-AUTO,2021-06-23 17:07:00,2021-06-23,2021-06-14,2021-06-14,-,ESOP,Buy,Equity Shares,100.0,0.0,0.0,0.0,0.0,1.0,0.0,101.0,0.0
BAJAJ-AUTO,2021-06-28 16:52:00,2021-06-28,2021-06-25,2021-06-25,-,ESOP,Buy,Equity Shares,2500.0,0.0,0.0,0.0,0.0,,0.0,2500.0,0.0
BAJAJ-AUTO,2021-06-28 16:52:00,2021-06-28,2021-06-24,2021-06-24,-,ESOP,Buy,Equity Shares,1998.0,0.0,0.0,0.0,0.0,502.0,0.0,2500.0,0.0
BAJAJ-AUTO,2021-06-28 16:52:00,2021-06-28,2021-06-22,2021-06-22,-,ESOP,Buy,Equity Shares,500.0,0.0,0.0,0.0,0.0,2.0,0.0,502.0,0.0
BAJAJ-AUTO,2021-06-28 16:52:00,2021-06-28,2021-06-25,2021-06-25,Other,ESOP,Sell,Equity Shares,7240.0,0.0,0.0,0.0,0.0,111996.0,0.04,104756.0,0.04
BAJAJ-AUTO,2021-06-28 16:52:00,2021-06-25,2021-06-24,2021-06-24,Other,ESOP,Sell,Equity Shares,2048.0,0.0,0.0,0.0,0.0,114044.0,0.04,111996.0,0.04
BAJAJ-AUTO,2021-06-28 16:52:00,2021-06-25,2021-06-11,2021-06-11,-,ESOP,Buy,Equity Shares,450.0,0.0,0.0,0.0,0.0,150.0,0.0,600.0,0.0
BAJAJ-AUTO,2021-06-29 18:57:00,2021-06-29,2021-06-25,2021-06-25,Promoter Group,Off Market,Buy,Equity Shares,33000.0,0.0,0.0,0.0,0.0,,0.0,33000.0,0.01
BAJAJ-AUTO,2021-06-29 18:57:00,2021-06-29,2021-06-25,2021-06-25,Promoter Group,Off Market,Buy,Equity Shares,33000.0,0.0,0.0,0.0,0.0,,0.0,33000.0,0.01
BAJAJ-AUTO,2021-06-29 18:57:00,2021-06-29,2021-06-25,2021-06-25,Promoter Group,Off Market,Buy,Equity Shares,33000.0,0.0,0.0,0.0,0.0,,0.0,33000.0,0.01
BAJAJ-AUTO,2021-06-29 18:57:00,2021-06-29,2021-06-25,2021-06-25,Promoter Group,Off Market,Buy,Equity Shares,33000.0,0.0,0.0,0.0,0.0,,0.0,33000.0,0.01
BAJAJ-AUTO,2021-06-29 18:57:00,2021-06-26,2021-06-25,2021-06-25,Promoters,Off Market,Sell,Equity Shares,132000.0,0.0,0.0,0.0,0.0,906954.0,0.31,774954.0,0.26
BAJAJ-AUTO,2021-06-30 16:38:00,2021-06-29,2021-06-25,2021-06-25,-,ESOP,Buy,Equity Shares,2252.0,0.0,0.0,0.0,0.0,,0.0,2252.0,0.0
BAJAJ-AUTO,2021-06-30 16:38:00,2021-06-29,2021-06-28,2021-06-28,-,Market Sale,Sell,Equity Shares,2252.0,0.0,0.0,0.0,0.0,2252.0,0.0,,0.0
BAJAJ-AUTO,2021-06-30 16:38:00,2021-06-29,2021-06-28,2021-06-28,-,ESOP,Buy,Equity Shares,8164.0,0.0,0.0,0.0,0.0,,0.0,8164.0,0.0
BAJAJ-AUTO,2021-06-30 16:38:00,2021-06-30,2021-06-28,2021-06-28,Immediate relative,Gift,Buy,Equity Shares,100.0,0.0,0.0,0.0,0.0,1494.0,0.0,1594.0,0.0
BAJAJ-AUTO,2021-06-30 16:38:00,2021-06-30,2021-06-28,2021-06-28,-,Gift,Sell,Equity Shares,100.0,0.0,0.0,0.0,0.0,100.0,0.0,,0.0
BAJAJ-AUTO,2021-06-30 16:38:00,2021-06-30,2021-06-23,2021-06-23,-,Market Sale,Sell,Equity Shares,50.0,0.0,0.0,0.0,0.0,150.0,0.0,100.0,0.0
BAJAJ-AUTO,2021-07-06 17:18:00,2021-07-02,2021-07-01,2021-07-01,Other,ESOP,Sell,Equity Shares,492.0,0.0,0.0,0.0,0.0,94810.0,0.03,94318.0,0.03
BAJAJ-AUTO,2021-07-26 15:45:00,2021-07-22,2021-07-20,2021-07-20,Other,ESOP,Sell,Equity Shares,100.0,0.0,0.0,0.0,0.0,94318.0,0.03,94218.0,0.03
BAJAJ-AUTO,2021-08-02 17:26:00,2021-07-29,2021-07-28,2021-07-28,Other,ESOP,Sell,Equity Shares,870.0,0.0,0.0,0.0,0.0,94218.0,0.03,93348.0,0.03
BAJAJ-AUTO,2021-08-05 16:32:00,2021-08-04,2021-08-03,2021-08-03,Other,ESOP,Sell,Equity Shares,1451.0,0.0,0.0,0.0,0.0,93348.0,0.03,91897.0,0.03
BAJAJ-AUTO,2021-08-05 16:32:00,2021-08-04,2021-08-03,2021-08-03,Employees/Designated Employees,ESOP,Buy,Equity Shares,1200.0,0.0,0.0,0.0,0.0,,0.0,1200.0,0.0
BAJAJ-AUTO,2021-08-05 16:32:00,2021-08-04,2021-07-28,2021-08-03,Employees/Designated Employees,ESOP,Buy,Equity Shares,356.0,0.0,0.0,0.0,0.0,190.0,0.0,546.0,0.0
BAJAJ-AUTO,2021-08-06 17:33:00,2021-05-08,2021-05-08,2021-05-08,Other,Market Purchase,Buy,Equity Shares,400.0,0.0,0.0,0.0,0.0,91897.0,0.03,92297.0,0.03
BAJAJ-AUTO,2021-08-09 16:09:00,2021-08-06,2021-08-06,2021-08-06,Other,Market Purchase,Buy,Equity Shares,600.0,0.0,0.0,0.0,0.0,92297.0,0.03,92897.0,0.03
BAJAJ-AUTO,2021-08-12 12:21:00,2021-08-11,2021-08-11,2021-08-11,Other,Market Purchase,Buy,Equity Shares,4200.0,0.0,0.0,0.0,0.0,92997.0,0.03,97197.0,0.03
BAJAJ-AUTO,2021-08-12 12:21:00,2021-08-10,2021-08-10,2021-08-10,Other,Market Purchase,Buy,Equity Shares,600.0,0.0,0.0,0.0,0.0,92397.0,0.03,92997.0,0.03
BAJAJ-AUTO,2021-08-12 12:21:00,2021-08-11,2021-08-10,2021-08-10,Other,ESOP,Sell,Equity Shares,500.0,0.0,0.0,0.0,0.0,92897.0,0.03,92397.0,0.03
BAJAJ-AUTO,2021-08-17 17:07:00,2021-08-16,2021-08-16,2021-08-16,Other,Market Purchase,Buy,Equity Shares,5000.0,0.0,0.0,0.0,0.0,97197.0,0.03,102197.0,0.04
BAJAJ-AUTO,2021-08-18 15:59:00,2021-08-17,2021-08-17,2021-08-17,Other,Market Purchase,Buy,Equity Shares,1500.0,0.0,0.0,0.0,0.0,102197.0,0.04,103697.0,0.04
BAJAJ-AUTO,2021-08-23 14:23:00,2021-08-20,2021-08-20,2021-08-20,Other,Market Purchase,Buy,Equity Shares,1500.0,0.0,0.0,0.0,0.0,103444.0,0.04,104944.0,0.04
BAJAJ-AUTO,2021-08-23 14:23:00,2021-08-20,2021-08-18,2021-08-20,Other,ESOP,Sell,Equity Shares,253.0,0.0,0.0,0.0,0.0,103697.0,0.04,103444.0,0.04
BAJAJ-AUTO,2021-08-25 17:10:00,2021-08-25,2021-08-24,2021-08-24,Other,ESOP,Sell,Equity Shares,100.0,0.0,0.0,0.0,0.0,107944.0,0.04,107844.0,0.04
BAJAJ-AUTO,2021-08-25 17:10:00,2021-08-24,2021-08-23,2021-08-24,Other,Market Purchase,Buy,Equity Shares,3000.0,0.0,0.0,0.0,0.0,104944.0,0.04,107944.0,0.04
BAJAJ-AUTO,2021-08-27 16:23:00,2021-08-26,2021-08-25,2021-08-26,Other,Market Purchase,Buy,Equity Shares,5000.0,0.0,0.0,0.0,0.0,107844.0,0.04,112844.0,0.04
BAJAJ-AUTO,2021-08-31 16:30:00,2021-08-30,2021-08-30,2021-08-30,Other,Market Purchase,Buy,Equity Shares,2500.0,0.0,0.0,0.0,0.0,114844.0,0.04,117344.0,0.04
BAJAJ-AUTO,2021-08-31 16:30:00,2021-08-27,2021-08-27,2021-08-27,Other,Market Purchase,Buy,Equity Shares,2000.0,0.0,0.0,0.0,0.0,112844.0,0.04,114844.0,0.04
BAJAJ-AUTO,2021-09-02 16:59:00,2021-08-31,2021-08-31,2021-08-31,Other,Market Purchase,Buy,Equity Shares,2500.0,0.0,0.0,0.0,0.0,117344.0,0.04,119844.0,0.04
BAJAJ-AUTO,2021-09-02 16:59:00,2021-09-02,2021-09-01,2021-09-01,Other,ESOP,Sell,Equity Shares,353.0,0.0,0.0,0.0,0.0,119844.0,0.04,119491.0,0.04
BAJAJ-AUTO,2021-09-06 17:24:00,2021-09-02,2021-09-02,2021-09-02,Other,Market Purchase,Buy,Equity Shares,2500.0,0.0,0.0,0.0,0.0,119491.0,0.04,121991.0,0.04
BAJAJ-AUTO,2021-09-09 16:35:00,2021-09-08,2021-07-28,2021-09-07,-,ESOP,Buy,Equity Shares,366.0,0.0,0.0,0.0,0.0,,0.0,366.0,0.0
BAJAJ-AUTO,2021-09-09 16:35:00,2021-09-09,2021-07-26,2021-09-08,-,Market Sale,Sell,Equity Shares,275.0,0.0,0.0,0.0,0.0,600.0,0.0,325.0,0.0
BAJAJ-AUTO,2021-09-09 16:35:00,2021-09-08,2021-09-06,2021-09-06,-,Market Sale,Sell,Equity Shares,4000.0,0.0,0.0,0.0,0.0,8164.0,0.0,4164.0,0.0
BAJAJ-AUTO,2021-09-09 16:35:00,2021-09-08,2021-09-08,2021-09-08,Other,Market Purchase,Buy,Equity Shares,2500.0,0.0,0.0,0.0,0.0,121991.0,0.04,124491.0,0.04
BAJAJ-AUTO,2021-09-09 16:35:00,2021-09-09,2021-09-07,2021-09-07,Other,ESOP,Sell,Equity Shares,53.0,0.0,0.0,0.0,0.0,124491.0,0.04,124438.0,0.04
BAJAJ-AUTO,2021-09-13 17:31:00,2021-09-09,2021-09-09,2021-09-09,Other,Market Purchase,Buy,Equity Shares,2500.0,0.0,0.0,0.0,0.0,124438.0,0.04,126938.0,0.04
BAJAJ-AUTO,2021-09-15 17:04:00,2021-09-14,2021-09-13,2021-09-14,Other,Market Purchase,Buy,Equity Shares,4500.0,0.0,0.0,0.0,0.0,126938.0,0.04,131438.0,0.05
BAJAJ-AUTO,2021-09-22 16:33:00,2021-09-21,2021-09-16,2021-09-21,Other,ESOP,Sell,Equity Shares,103.0,0.0,0.0,0.0,0.0,131438.0,0.05,131335.0,0.05
BAJAJ-AUTO,2021-09-22 16:33:00,2021-09-22,2021-09-21,2021-09-21,Other,Market Purchase,Buy,Equity Shares,1550.0,0.0,0.0,0.0,0.0,131335.0,0.05,132885.0,0.05
BAJAJ-AUTO,2021-09-24 16:13:00,2021-09-24,2021-09-23,2021-09-23,-,Market Sale,Sell,Equity Shares,10.0,0.0,0.0,0.0,0.0,100.0,0.0,90.0,0.0
BAJAJ-AUTO,2021-09-24 16:13:00,2021-09-24,2021-08-24,2021-08-24,-,ESOP,Buy,Equity Shares,100.0,0.0,0.0,0.0,0.0,,0.0,100.0,0.0
BAJAJ-AUTO,2021-09-24 16:13:00,2021-09-24,2021-07-28,2021-07-28,-,ESOP,Buy,Equity Shares,100.0,0.0,0.0,0.0,0.0,,0.0,100.0,0.0
BAJAJ-AUTO,2021-09-24 16:13:00,2021-09-24,2021-08-04,2021-08-04,-,Market Sale,Sell,Equity Shares,100.0,0.0,0.0,0.0,0.0,100.0,0.0,,0.0
BAJAJ-AUTO,2021-09-29 16:55:00,2021-09-29,2021-09-23,2021-09-28,Other,ESOP,Sell,Equity Shares,748.0,0.0,0.0,0.0,0.0,132885.0,0.05,132137.0,0.05
BAJAJ-AUTO,2021-10-04 16:11:00,2021-10-01,2021-09-29,2021-09-29,Promoter Group,Inter-se-Transfer,Sell,Equity Shares,116000.0,0.0,0.0,0.0,0.0,116000.0,0.04,,0.0
BAJAJ-AUTO,2021-10-04 16:11:00,2021-10-01,2021-09-29,2021-09-29,Promoter Group,Inter-se-Transfer,Sell,Equity Shares,1200.0,0.0,0.0,0.0,0.0,1200.0,0.0,,0.0
BAJAJ-AUTO,2021-10-04 16:11:00,2021-10-01,2021-09-29,2021-09-29,Promoter Group,Inter-se-Transfer,Buy,Equity Shares,117200.0,0.0,0.0,0.0,0.0,600.0,0.0,117800.0,0.04
BAJAJ-AUTO,2021-11-09 16:55:00,2021-11-08,2021-10-26,2021-11-03,Other,ESOP,Sell,Equity Shares,453.0,0.0,0.0,0.0,0.0,132137.0,0.05,131684.0,0.05
BAJAJ-AUTO,2021-11-12 16:17:00,2021-11-12,2021-11-10,2021-11-11,Other,ESOP,Sell,Equity Shares,979.0,0.0,0.0,0.0,0.0,131684.0,0.05,130705.0,0.05
BAJAJ-AUTO,2021-11-12 16:17:00,2021-11-12,2021-11-11,2021-11-11,Other,Market Purchase,Buy,Equity Shares,2000.0,0.0,0.0,0.0,0.0,130705.0,0.05,132705.0,0.05
BAJAJ-AUTO,2021-11-15 17:18:00,2021-11-12,2021-11-12,2021-11-12,-,ESOP,Buy,Equity Shares,588.0,0.0,0.0,0.0,0.0,1500.0,0.0,2088.0,0.0
BAJAJ-AUTO,2021-11-16 16:04:00,2021-11-16,2021-11-12,2021-11-15,Other,Market Purchase,Buy,Equity Shares,5000.0,0.0,0.0,0.0,0.0,132705.0,0.05,137705.0,0.05
BAJAJ-AUTO,2021-11-18 16:15:00,2021-11-17,2021-11-16,2021-11-16,Other,Market Purchase,Buy,Equity Shares,2500.0,0.0,0.0,0.0,0.0,137705.0,0.05,140205.0,0.05
BAJAJ-AUTO,2021-11-18 16:15:00,2021-11-17,2021-11-16,2021-11-16,Other,ESOP,Sell,Equity Shares,464.0,0.0,0.0,0.0,0.0,140205.0,0.05,139741.0,0.05
BAJAJ-AUTO,2021-11-18 16:15:00,2021-11-18,2021-11-17,2021-11-17,Other,Market Purchase,Buy,Equity Shares,2500.0,0.0,0.0,0.0,0.0,139741.0,0.05,142241.0,0.05
BAJAJ-AUTO,2021-11-19 16:32:00,2021-11-19,2021-04-15,2021-05-27,-,Market Sale,Sell,Equity Shares,404.0,0.0,0.0,0.0,0.0,904.0,0.0,500.0,0.0
BAJAJ-AUTO,2021-11-19 16:32:00,2021-11-19,2021-11-18,2021-11-18,Other,Market Purchase,Buy,Equity Shares,2500.0,0.0,0.0,0.0,0.0,142241.0,0.05,144741.0,0.05
BAJAJ-AUTO,2021-11-24 15:38:00,2021-11-23,2021-11-22,2021-11-22,Other,Market Purchase,Buy,Equity Shares,2500.0,0.0,0.0,0.0,0.0,144741.0,0.05,147241.0,0.05
BAJAJ-AUTO,2021-11-24 15:38:00,2021-11-24,2021-11-23,2021-11-23,Other,Market Purchase,Buy,Equity Shares,2500.0,0.0,0.0,0.0,0.0,147241.0,0.05,149741.0,0.05
BAJAJ-AUTO,2021-11-24 15:38:00,2021-11-24,2021-11-23,2021-11-23,Other,ESOP,Sell,Equity Shares,367.0,0.0,0.0,0.0,0.0,149741.0,0.05,149374.0,0.05
BAJAJ-AUTO,2021-11-25 17:46:00,2021-11-25,2021-11-24,2021-11-24,Other,Market Purchase,Buy,Equity Shares,2500.0,0.0,0.0,0.0,0.0,149374.0,0.05,151874.0,0.05
BAJAJ-AUTO,2021-11-30 15:59:00,2021-11-30,2021-11-29,2021-11-29,Other,Market Purchase,Buy,Equity Shares,2000.0,0.0,0.0,0.0,0.0,156524.0,0.05,158524.0,0.05
BAJAJ-AUTO,2021-11-30 15:59:00,2021-11-30,2021-11-25,2021-11-26,Other,Market Purchase,Buy,Equity Shares,5000.0,0.0,0.0,0.0,0.0,151874.0,0.05,156874.0,0.05
BAJAJ-AUTO,2021-11-30 15:59:00,2021-11-30,2021-11-26,2021-11-26,Other,ESOP,Sell,Equity Shares,350.0,0.0,0.0,0.0,0.0,156874.0,0.05,156524.0,0.05
BAJAJ-AUTO,2021-12-01 16:10:00,2021-11-30,2021-11-30,2021-11-30,Promoter Group,Market Purchase,Buy,Equity Shares,15000.0,0.0,0.0,0.0,0.0,6774072.0,2.34,6789072.0,2.35
BAJAJ-AUTO,2021-12-02 12:18:00,2021-12-02,2021-12-01,2021-12-01,Other,Market Purchase,Buy,Equity Shares,2500.0,0.0,0.0,0.0,0.0,161024.0,0.05,163524.0,0.05
BAJAJ-AUTO,2021-12-02 12:18:00,2021-12-01,2021-11-30,2021-11-30,Other,Market Purchase,Buy,Equity Shares,2500.0,0.0,0.0,0.0,0.0,158524.0,0.05,161024.0,0.05
BAJAJ-AUTO,2021-12-02 14:23:00,2021-12-02,2021-12-01,2021-12-01,Promoter Group,Market Purchase,Buy,Equity Shares,30000.0,0.0,0.0,0.0,0.0,6789072.0,2.35,6819072.0,2.36
BAJAJ-AUTO,2021-12-03 14:42:00,2021-12-03,2021-12-02,2021-12-02,Other,Market Purchase,Buy,Equity Shares,2000.0,0.0,0.0,0.0,0.0,163524.0,0.05,165524.0,0.05
BAJAJ-AUTO,2021-12-03 14:42:00,2021-12-03,2021-12-02,2021-12-02,Other,ESOP,Sell,Equity Shares,464.0,0.0,0.0,0.0,0.0,165524.0,0.05,165060.0,0.05
BAJAJ-AUTO,2021-12-03 14:44:00,2021-12-03,2021-12-02,2021-12-02,Promoter Group,Market Purchase,Buy,Equity Shares,21625.0,0.0,0.0,0.0,0.0,6819072.0,2.36,6840697.0,2.36
BAJAJ-AUTO,2021-12-06 14:47:00,2021-12-06,2021-12-03,2021-12-03,Promoter Group,Market Purchase,Buy,Equity Shares,8000.0,0.0,0.0,0.0,0.0,6840697.0,2.36,6848697.0,2.37
BAJAJ-AUTO,2021-12-06 16:38:00,2021-12-06,2021-12-03,2021-12-03,Other,Market Purchase,Buy,Equity Shares,2500.0,0.0,0.0,0.0,0.0,165060.0,0.05,167560.0,0.05
BAJAJ-AUTO,2021-12-07 14:45:00,2021-12-07,2021-12-06,2021-12-06,Other,Market Purchase,Buy,Equity Shares,2500.0,0.0,0.0,0.0,0.0,167560.0,0.05,170060.0,0.05
BAJAJ-AUTO,2021-12-08 12:17:00,2021-12-08,2021-12-07,2021-12-07,Other,ESOP,Sell,Equity Shares,447.0,0.0,0.0,0.0,0.0,172560.0,0.05,172113.0,0.05
BAJAJ-AUTO,2021-12-08 12:17:00,2021-12-08,2021-12-07,2021-12-07,Other,Market Purchase,Buy,Equity Shares,2500.0,0.0,0.0,0.0,0.0,170060.0,0.05,172560.0,0.05
BAJAJ-AUTO,2021-12-10 11:51:00,2021-12-10,2021-12-09,2021-12-09,Other,Market Purchase,Buy,Equity Shares,2000.0,0.0,0.0,0.0,0.0,173363.0,0.05,175363.0,0.06
BAJAJ-AUTO,2021-12-10 11:51:00,2021-12-09,2021-12-08,2021-12-08,Other,Market Purchase,Buy,Equity Shares,1250.0,0.0,0.0,0.0,0.0,172113.0,0.05,173363.0,0.05
BAJAJ-AUTO,2021-12-13 15:23:00,2021-12-13,2021-12-10,2021-12-10,Other,Market Purchase,Buy,Equity Shares,2500.0,0.0,0.0,0.0,0.0,175363.0,0.06,177863.0,0.06
BAJAJ-AUTO,2021-12-14 14:06:00,2021-12-14,2021-12-13,2021-12-13,Other,Market Purchase,Buy,Equity Shares,1000.0,0.0,0.0,0.0,0.0,177863.0,0.06,178863.0,0.06
BAJAJ-AUTO,2021-12-15 11:57:00,2021-12-15,2021-12-14,2021-12-14,Other,Market Purchase,Buy,Equity Shares,1000.0,0.0,0.0,0.0,0.0,178863.0,0.06,179863.0,0.06
BAJAJ-AUTO,2021-12-16 14:48:00,2021-12-16,2021-12-15,2021-12-15,Other,Market Purchase,Buy,Equity Shares,1500.0,0.0,0.0,0.0,0.0,179863.0,0.06,181363.0,0.06
BAJAJ-AUTO,2021-12-17 11:21:00,2021-12-17,2021-12-16,2021-12-16,Other,Market Purchase,Buy,Equity Shares,1000.0,0.0,0.0,0.0,0.0,181363.0,0.06,182363.0,0.06
BAJAJ-AUTO,2021-12-20 10:40:00,2021-12-20,2021-12-17,2021-12-17,Other,Market Purchase,Buy,Equity Shares,2500.0,0.0,0.0,0.0,0.0,182363.0,0.06,184863.0,0.06
BAJAJ-AUTO,2021-12-20 17:00:00,2021-12-20,2021-12-17,2021-12-17,Promoter Group,Market Purchase,Buy,Equity Shares,25000.0,0.0,0.0,0.0,0.0,6848697.0,2.36,6873697.0,2.37
BAJAJ-AUTO,2021-12-21 17:01:00,2021-12-21,2021-12-20,2021-12-20,Other,ESOP,Sell,Equity Shares,4522.0,0.0,0.0,0.0,0.0,186613.0,0.06,182091.0,0.06
BAJAJ-AUTO,2021-12-21 17:01:00,2021-12-21,2021-12-20,2021-12-20,Other,Market Purchase,Buy,Equity Shares,1750.0,0.0,0.0,0.0,0.0,184863.0,0.06,186613.0,0.06
BAJAJ-AUTO,2021-12-21 17:01:00,2021-12-21,2021-12-20,2021-12-20,-,ESOP,Buy,Equity Shares,4522.0,0.0,0.0,0.0,0.0,,0.0,4522.0,0.0
BAJAJ-AUTO,2021-12-22 17:00:00,2021-12-22,2021-12-21,2021-12-21,Other,Market Purchase,Buy,Equity Shares,1750.0,0.0,0.0,0.0,0.0,182091.0,0.06,183841.0,0.06
BAJAJ-AUTO,2021-12-24 16:29:00,2021-12-24,2021-12-23,2021-12-23,Other,Market Purchase,Buy,Equity Shares,1000.0,0.0,0.0,0.0,0.0,184841.0,0.06,185841.0,0.06
BAJAJ-AUTO,2021-12-24 16:29:00,2021-12-23,2021-12-22,2021-12-22,Other,Market Purchase,Buy,Equity Shares,1000.0,0.0,0.0,0.0,0.0,183841.0,0.06,184841.0,0.06
BAJAJ-AUTO,2021-12-28 13:57:00,2021-12-28,2021-12-24,2021-12-24,Other,Market Purchase,Buy,Equity Shares,1500.0,0.0,0.0,0.0,0.0,185841.0,0.06,187341.0,0.06
BAJAJ-AUTO,2021-12-30 16:25:00,2021-12-30,2021-12-29,2021-12-29,Other,Market Purchase,Buy,Equity Shares,1000.0,0.0,0.0,0.0,0.0,187249.0,0.06,188249.0,0.06
BAJAJ-AUTO,2021-12-30 16:25:00,2021-12-30,2021-12-29,2021-12-29,Other,ESOP,Sell,Equity Shares,92.0,0.0,0.0,0.0,0.0,187341.0,0.06,187249.0,0.06
BAJAJ-AUTO,2022-01-04 14:57:00,2022-01-04,2021-12-31,2021-12-31,Promoter Group,Inter-se-Transfer,Buy,Equity Shares,94000.0,0.0,0.0,0.0,0.0,398820.0,0.14,492820.0,0.17
BAJAJ-AUTO,2022-01-04 14:57:00,2022-01-04,2021-12-31,2021-12-31,Promoter Group,Inter-se-Transfer,Sell,Equity Shares,94000.0,0.0,0.0,0.0,0.0,94000.0,0.03,,0.0
BAJAJ-AUTO,2022-01-28 15:38:00,2022-01-27,2022-01-27,2022-01-27,Promoter Group,Market Purchase,Buy,Equity Shares,10091.0,0.0,0.0,0.0,0.0,6873697.0,2.37,6883788.0,2.38
BAJAJ-AUTO,2022-01-31 16:33:00,2022-01-31,2022-01-28,2022-01-28,Other,Market Purchase,Buy,Equity Shares,500.0,0.0,0.0,0.0,0.0,188182.0,0.06,188682.0,0.06
BAJAJ-AUTO,2022-01-31 16:33:00,2022-01-31,2022-01-04,2022-01-04,Other,ESOP,Sell,Equity Shares,67.0,0.0,0.0,0.0,0.0,188249.0,0.06,188182.0,0.06
BAJAJ-AUTO,2022-02-01 16:02:00,2022-02-01,2022-01-31,2022-01-31,Other,Market Purchase,Buy,Equity Shares,750.0,0.0,0.0,0.0,0.0,188682.0,0.06,189432.0,0.06
BAJAJ-AUTO,2022-02-02 15:56:00,2022-02-02,2022-02-01,2022-02-01,Other,Market Purchase,Buy,Equity Shares,1000.0,0.0,0.0,0.0,0.0,189432.0,0.06,190432.0,0.06
BAJAJ-AUTO,2022-02-03 15:55:00,2022-02-03,2022-02-02,2022-02-02,Other,Market Purchase,Buy,Equity Shares,1000.0,0.0,0.0,0.0,0.0,190432.0,0.06,191432.0,0.06
BAJAJ-AUTO,2022-02-04 15:46:00,2022-02-04,2022-02-03,2022-02-03,Other,Market Purchase,Buy,Equity Shares,1000.0,0.0,0.0,0.0,0.0,191432.0,0.06,192432.0,0.06
BAJAJ-AUTO,2022-02-07 15:20:00,2022-02-07,2022-02-04,2022-02-04,Other,Market Purchase,Buy,Equity Shares,1000.0,0.0,0.0,0.0,0.0,192370.0,0.06,193370.0,0.06
BAJAJ-AUTO,2022-02-07 15:20:00,2022-02-07,2022-02-03,2022-02-03,Other,ESOP,Sell,Equity Shares,62.0,0.0,0.0,0.0,0.0,192432.0,0.06,192370.0,0.06
BAJAJ-AUTO,2022-02-08 15:57:00,2022-02-08,2022-02-07,2022-02-07,Other,Market Purchase,Buy,Equity Shares,750.0,0.0,0.0,0.0,0.0,193370.0,0.06,194120.0,0.06
BAJAJ-AUTO,2022-02-09 11:40:00,2022-02-09,2022-02-08,2022-02-08,Other,Market Purchase,Buy,Equity Shares,750.0,0.0,0.0,0.0,0.0,194120.0,0.06,194870.0,0.06
BAJAJ-AUTO,2022-02-09 17:49:00,2022-02-08,2022-02-08,2022-02-08,Promoter Group,Market Purchase,Buy,Equity Shares,14000.0,0.0,0.0,0.0,0.0,6883788.0,2.38,6897788.0,2.38
BAJAJ-AUTO,2022-02-09 18:16:00,2022-02-09,2022-02-07,2022-02-07,Promoter Group,Gift,Buy,Equity Shares,143738.0,0.0,0.0,0.0,0.0,33000.0,0.01,176738.0,0.06
BAJAJ-AUTO,2022-02-09 18:16:00,2022-02-09,2022-02-07,2022-02-07,Promoter Group,Gift,Buy,Equity Shares,143738.0,0.0,0.0,0.0,0.0,33000.0,0.01,176738.0,0.06
BAJAJ-AUTO,2022-02-09 18:16:00,2022-02-09,2022-02-07,2022-02-07,Promoter Group,Gift,Buy,Equity Shares,143739.0,0.0,0.0,0.0,0.0,33000.0,0.01,176739.0,0.06
BAJAJ-AUTO,2022-02-09 18:16:00,2022-02-09,2022-02-07,2022-02-07,Promoter Group,Gift,Buy,Equity Shares,143739.0,0.0,0.0,0.0,0.0,33000.0,0.01,176739.0,0.06
BAJAJ-AUTO,2022-02-09 18:16:00,2022-02-09,2022-02-07,2022-02-07,Promoters,Gift,Sell,Equity Shares,574954.0,0.0,0.0,0.0,0.0,774954.0,0.27,200000.0,0.07
BAJAJ-AUTO,2022-02-11 09:39:00,2022-02-10,2022-02-09,2022-02-09,Other,Market Purchase,Buy,Equity Shares,500.0,0.0,0.0,0.0,0.0,194870.0,0.06,195370.0,0.06
BAJAJ-AUTO,2022-02-11 09:43:00,2022-02-11,2022-02-10,2022-02-10,Other,Market Purchase,Buy,Equity Shares,500.0,0.0,0.0,0.0,0.0,195370.0,0.06,195870.0,0.06
BAJAJ-AUTO,2022-02-15 12:06:00,2022-02-15,2022-02-11,2022-02-11,Other,Market Purchase,Buy,Equity Shares,750.0,0.0,0.0,0.0,0.0,195870.0,0.06,196620.0,0.06
BAJAJ-AUTO,2022-02-15 12:06:00,2022-02-15,2022-02-14,2022-02-14,Other,Market Purchase,Buy,Equity Shares,750.0,0.0,0.0,0.0,0.0,196620.0,0.06,197370.0,0.06
BAJAJ-AUTO,2022-02-16 15:43:00,2022-02-16,2022-02-15,2022-02-15,Promoter Group,Market Purchase,Buy,Equity Shares,489.0,0.0,0.0,0.0,0.0,6897788.0,2.38,6898277.0,2.38
BAJAJ-AUTO,2022-02-17 11:29:00,2022-02-17,2022-02-16,2022-02-16,Other,Market Purchase,Buy,Equity Shares,750.0,0.0,0.0,0.0,0.0,197370.0,0.06,198120.0,0.06
BAJAJ-AUTO,2022-02-18 14:50:00,2022-02-18,2022-02-17,2022-02-17,Other,Market Purchase,Buy,Equity Shares,500.0,0.0,0.0,0.0,0.0,198120.0,0.06,198620.0,0.06
BAJAJ-AUTO,2022-02-22 15:37:00,2022-02-22,2022-02-21,2022-02-21,Other,Market Purchase,Buy,Equity Shares,500.0,0.0,0.0,0.0,0.0,198620.0,0.06,199120.0,0.06
BAJAJ-AUTO,2022-02-24 15:04:00,2022-02-24,2022-02-23,2022-02-23,Other,Market Purchase,Buy,Equity Shares,500.0,0.0,0.0,0.0,0.0,199120.0,0.06,199620.0,0.06
BAJAJ-AUTO,2022-02-25 17:02:00,2022-02-25,2022-02-24,2022-02-24,Other,Market Purchase,Buy,Equity Shares,1250.0,0.0,0.0,0.0,0.0,199620.0,0.06,200870.0,0.06
BAJAJ-AUTO,2022-02-25 17:04:00,2022-02-24,2022-02-24,2022-02-24,Promoter Group,Market Purchase,Buy,Equity Shares,14000.0,0.0,0.0,0.0,0.0,6898277.0,2.38,6912277.0,2.38
BAJAJ-AUTO,2022-02-28 14:04:00,2022-02-28,2022-02-25,2022-02-25,Other,Market Purchase,Buy,Equity Shares,500.0,0.0,0.0,0.0,0.0,200870.0,0.06,201370.0,0.06
BAJAJ-AUTO,2022-02-28 14:06:00,2022-02-26,2022-02-25,2022-02-25,Promoter Group,Market Purchase,Buy,Equity Shares,14000.0,0.0,0.0,0.0,0.0,6912277.0,2.38,6926277.0,2.4
BAJAJ-AUTO,2022-03-02 15:00:00,2022-03-02,2022-02-28,2022-02-28,Other,Market Purchase,Buy,Equity Shares,500.0,0.0,0.0,0.0,0.0,201370.0,0.06,201870.0,0.06
BAJAJ-AUTO,2022-03-03 15:56:00,2022-03-02,2022-03-02,2022-03-02,Promoter Group,Market Purchase,Buy,Equity Shares,14000.0,0.0,0.0,0.0,0.0,6926277.0,2.4,6940277.0,2.4
BAJAJ-AUTO,2022-03-04 11:47:00,2022-03-03,2022-03-02,2022-03-02,Other,Market Purchase,Buy,Equity Shares,1500.0,0.0,0.0,0.0,0.0,201870.0,0.06,203370.0,0.07
BAJAJ-AUTO,2022-03-04 11:55:00,2022-03-04,2022-03-03,2022-03-03,Other,Market Purchase,Buy,Equity Shares,1250.0,0.0,0.0,0.0,0.0,203370.0,0.07,204620.0,0.07
BAJAJ-AUTO,2022-03-07 13:59:00,2022-03-07,2022-03-04,2022-03-04,Other,Market Purchase,Buy,Equity Shares,700.0,0.0,0.0,0.0,0.0,204620.0,0.07,205320.0,0.07
BAJAJ-AUTO,2022-03-07 14:01:00,2022-03-05,2022-03-04,2022-03-04,Promoter Group,Market Purchase,Buy,Equity Shares,14000.0,0.0,0.0,0.0,0.0,6940277.0,2.4,6954277.0,2.4
BAJAJ-AUTO,2022-03-08 11:35:00,2022-03-08,2022-03-07,2022-03-07,Other,Market Purchase,Buy,Equity Shares,500.0,0.0,0.0,0.0,0.0,205320.0,0.07,205820.0,0.07
BAJAJ-AUTO,2022-03-09 10:34:00,2022-03-08,2022-03-07,2022-03-07,Promoter Group,Market Purchase,Buy,Equity Shares,10000.0,0.0,0.0,0.0,0.0,6954277.0,2.4,6964277.0,2.4
BAJAJ-AUTO,2022-03-09 16:11:00,2022-03-09,2022-03-08,2022-03-08,Other,Market Purchase,Buy,Equity Shares,700.0,0.0,0.0,0.0,0.0,205820.0,0.07,206520.0,0.07
BAJAJ-AUTO,2022-03-14 15:06:00,2022-03-14,2022-03-10,2022-03-10,Other,Market Purchase,Buy,Equity Shares,1000.0,0.0,0.0,0.0,0.0,207520.0,0.07,208520.0,0.07
BAJAJ-AUTO,2022-03-14 15:06:00,2022-03-14,2022-03-11,2022-03-11,Other,Market Purchase,Buy,Equity Shares,750.0,0.0,0.0,0.0,0.0,208520.0,0.07,209270.0,0.07
BAJAJ-AUTO,2022-03-14 15:06:00,2022-03-11,2022-03-09,2022-03-09,Other,Market Purchase,Buy,Equity Shares,1000.0,0.0,0.0,0.0,0.0,206520.0,0.07,207520.0,0.07
BAJAJ-AUTO,2022-03-16 14:39:00,2022-03-16,2022-03-15,2022-03-15,Other,Market Purchase,Buy,Equity Shares,1500.0,0.0,0.0,0.0,0.0,210020.0,0.07,211520.0,0.07
BAJAJ-AUTO,2022-03-16 14:39:00,2022-03-16,2022-03-14,2022-03-14,Other,Market Purchase,Buy,Equity Shares,750.0,0.0,0.0,0.0,0.0,209270.0,0.07,210020.0,0.07
BAJAJ-AUTO,2022-03-17 16:10:00,2022-03-17,2022-03-16,2022-03-16,Other,Market Purchase,Buy,Equity Shares,1000.0,0.0,0.0,0.0,0.0,211520.0,0.07,212520.0,0.07
BAJAJ-AUTO,2022-03-18 14:46:00,2022-03-18,2022-03-17,2022-03-17,Other,Market Purchase,Buy,Equity Shares,1000.0,0.0,0.0,0.0,0.0,212520.0,0.07,213520.0,0.07
BAJAJ-AUTO,2022-03-22 16:58:00,2022-03-22,2022-03-21,2022-03-21,Other,Market Purchase,Buy,Equity Shares,750.0,0.0,0.0,0.0,0.0,213520.0,0.07,214270.0,0.07
BAJAJ-AUTO,2022-03-23 16:02:00,2022-03-23,2022-03-22,2022-03-22,Other,Market Purchase,Buy,Equity Shares,1250.0,0.0,0.0,0.0,0.0,214270.0,0.07,215520.0,0.07
BAJAJ-AUTO,2022-03-25 12:14:00,2022-03-25,2022-03-24,2022-03-24,Other,Market Purchase,Buy,Equity Shares,1250.0,0.0,0.0,0.0,0.0,216770.0,0.07,218020.0,0.07
BAJAJ-AUTO,2022-03-25 12:14:00,2022-03-24,2022-03-23,2022-03-23,Other,Market Purchase,Buy,Equity Shares,1250.0,0.0,0.0,0.0,0.0,215520.0,0.07,216770.0,0.07
BAJAJ-AUTO,2022-03-28 14:00:00,2022-03-28,2022-03-25,2022-03-25,Other,Market Purchase,Buy,Equity Shares,1250.0,0.0,0.0,0.0,0.0,218020.0,0.07,219270.0,0.07
BAJAJ-AUTO,2022-03-29 14:37:00,2022-03-29,2022-03-28,2022-03-28,Other,Market Purchase,Buy,Equity Shares,1250.0,0.0,0.0,0.0,0.0,219270.0,0.07,220520.0,0.07
BAJAJ-AUTO,2022-03-30 16:52:00,2022-03-30,2022-03-29,2022-03-29,Other,Market Purchase,Buy,Equity Shares,1000.0,0.0,0.0,0.0,0.0,220520.0,0.07,221520.0,0.07
BAJAJ-AUTO,2022-05-24 16:47:00,2022-05-23,2022-05-20,2022-05-20,-,Gift,Sell,Equity Shares,600.0,0.0,0.0,0.0,0.0,641.0,0.0,41.0,0.0
BAJAJ-AUTO,2022-05-26 10:55:00,2022-05-24,2022-05-24,2022-05-24,Other,ESOP,Sell,Equity Shares,2019.0,0.0,0.0,0.0,0.0,221458.0,0.07,219439.0,0.07
BAJAJ-AUTO,2022-05-26 10:55:00,2022-05-25,2022-05-24,2022-05-24,-,ESOP,Buy,Equity Shares,2019.0,0.0,0.0,0.0,0.0,,0.0,2019.0,0.0
BAJAJ-AUTO,2022-05-26 13:52:00,2022-05-26,2022-05-25,2022-05-25,-,Market Sale,Sell,Equity Shares,1072.0,0.0,0.0,0.0,0.0,2019.0,0.0,947.0,0.0
BAJAJ-AUTO,2022-05-27 15:48:00,2022-05-27,2022-05-26,2022-05-26,-,Market Sale,Sell,Equity Shares,700.0,0.0,0.0,0.0,0.0,947.0,0.0,247.0,0.0
BAJAJ-AUTO,2022-05-27 15:49:00,2022-05-27,2022-05-26,2022-05-26,-,Market Sale,Sell,Equity Shares,700.0,0.0,0.0,0.0,0.0,947.0,0.0,247.0,0.0
BAJAJ-AUTO,2022-06-30 16:35:00,2022-06-28,2022-06-24,2022-06-24,Promoters,Others,Sell,Equity Shares,1048796.0,0.0,0.0,0.0,0.0,1048796.0,0.36,,0.0
BAJAJ-AUTO,2022-06-30 16:35:00,2022-06-28,2022-06-24,2022-06-24,Promoter Group,Others,Buy,Equity Shares,1048796.0,0.0,0.0,0.0,0.0,,0.0,1048796.0,0.36
BAJAJ-AUTO,2022-08-18 10:16:00,2022-08-16,2022-08-16,2022-08-16,-,Market Sale,Sell,Equity Shares,500.0,0.0,0.0,0.0,0.0,500.0,0.0,,0.0
BAJAJ-AUTO,2022-11-29 15:15:00,2022-11-28,2022-11-28,2022-11-28,Other,ESOP,Sell,Equity Shares,4082.0,0.0,0.0,0.0,0.0,219439.0,0.07,215357.0,0.07
BAJAJ-AUTO,2022-11-29 15:15:00,2022-11-28,2022-11-28,2022-11-28,-,ESOP,Buy,Equity Shares,4082.0,0.0,0.0,0.0,0.0,4164.0,0.0,8246.0,0.0
BAJAJ-AUTO,2022-12-02 16:48:00,2022-12-01,2022-11-30,2022-11-30,Other,ESOP,Sell,Equity Shares,565.0,0.0,0.0,0.0,0.0,215357.0,0.07,214792.0,0.07
BAJAJ-AUTO,2022-12-08 18:39:00,2022-12-06,2022-11-30,2022-11-30,-,ESOP,Buy,Equity Shares,300.0,0.0,0.0,0.0,0.0,,0.0,300.0,0.0
BAJAJ-AUTO,2022-12-08 18:39:00,2022-12-06,2022-12-06,2022-12-06,-,Market Sale,Sell,Equity Shares,300.0,0.0,0.0,0.0,0.0,300.0,0.0,,0.0
BAJAJ-AUTO,2022-12-13 16:51:00,2022-12-12,2022-12-07,2022-12-07,-,ESOP,Buy,Equity Shares,200.0,0.0,0.0,0.0,0.0,901.0,0.0,1101.0,0.0
BAJAJ-AUTO,2022-12-13 16:51:00,2022-12-12,2022-11-30,2022-11-30,-,ESOP,Buy,Equity Shares,156.0,0.0,0.0,0.0,0.0,745.0,0.0,901.0,0.0
BAJAJ-AUTO,2022-12-16 17:30:00,2022-12-16,2022-12-07,2022-12-07,Other,ESOP,Sell,Equity Shares,200.0,0.0,0.0,0.0,0.0,214792.0,0.0,214592.0,0.0
BAJAJ-AUTO,2022-12-16 17:30:00,2022-12-16,2022-12-15,2022-12-15,Other,ESOP,Sell,Equity Shares,256.0,0.0,0.0,0.0,0.0,214502.0,0.0,214246.0,0.0
BAJAJ-AUTO,2022-12-16 17:30:00,2022-12-16,2022-12-13,2022-12-13,Other,ESOP,Sell,Equity Shares,90.0,0.0,0.0,0.0,0.0,214592.0,0.0,214502.0,0.0
BAJAJ-AUTO,2022-12-26 14:35:00,2022-12-25,2022-12-22,2022-12-22,-,ESOP,Buy,Equity Shares,200.0,0.0,0.0,0.0,0.0,1357.0,0.0,1557.0,0.0
BAJAJ-AUTO,2022-12-26 14:35:00,2022-12-25,2022-12-15,2022-12-15,-,ESOP,Buy,Equity Shares,256.0,0.0,0.0,0.0,0.0,1101.0,0.0,1357.0,0.0
BAJAJ-AUTO,2023-01-02 16:32:00,2022-12-30,2022-12-22,2022-12-22,Other,ESOP,Sell,Equity Shares,200.0,0.0,0.0,0.0,0.0,214246.0,0.07,214046.0,0.07
BAJAJ-AUTO,2023-01-02 16:32:00,2022-12-30,2022-12-29,2022-12-29,Other,ESOP,Sell,Equity Shares,405.0,0.0,0.0,0.0,0.0,214046.0,0.07,213641.0,0.07
BAJAJ-AUTO,2023-02-07 14:34:00,2023-02-07,2023-02-06,2023-02-06,-,Market Sale,Sell,Equity Shares,2088.0,0.0,0.0,0.0,0.0,2088.0,0.0,,0.0
BAJAJ-AUTO,2023-02-09 16:37:00,2023-02-09,2023-02-09,2023-02-09,Employees/Designated Employees,Revokation of Pledge,Pledge Revoke,Equity Shares,500.0,0.0,0.0,0.0,0.0,1594.0,0.0,1594.0,0.0
BAJAJ-AUTO,2023-02-17 17:04:00,2023-02-17,2023-01-30,2023-01-30,Other,ESOP,Sell,Equity Shares,100.0,0.0,0.0,0.0,0.0,213641.0,0.07,213541.0,0.07
BAJAJ-AUTO,2023-02-17 17:04:00,2023-02-17,2023-02-16,2023-02-16,Other,ESOP,Sell,Equity Shares,600.0,0.0,0.0,0.0,0.0,213441.0,0.07,212841.0,0.07
BAJAJ-AUTO,2023-02-17 17:04:00,2023-02-17,2023-02-06,2023-02-06,-,Market Sale,Sell,Equity Shares,4.0,0.0,0.0,0.0,0.0,3004.0,0.0,3000.0,0.0
BAJAJ-AUTO,2023-02-17 17:04:00,2023-02-17,2023-02-13,2023-02-13,-,Market Sale,Sell,Equity Shares,100.0,0.0,0.0,0.0,0.0,3000.0,0.0,2900.0,0.0
BAJAJ-AUTO,2023-02-17 17:04:00,2023-02-17,2023-02-16,2023-02-16,-,ESOP,Buy,Equity Shares,300.0,0.0,0.0,0.0,0.0,2900.0,0.0,3200.0,0.0
BAJAJ-AUTO,2023-02-17 17:04:00,2023-02-17,2023-02-07,2023-02-07,Other,ESOP,Sell,Equity Shares,100.0,0.0,0.0,0.0,0.0,213541.0,0.07,213441.0,0.07
BAJAJ-AUTO,2023-02-24 17:08:00,2023-02-24,2023-02-22,2023-02-22,-,Market Sale,Sell,Equity Shares,300.0,0.0,0.0,0.0,0.0,2500.0,0.0,2200.0,0.0
BAJAJ-AUTO,2023-03-10 20:07:00,2023-03-10,2023-03-09,2023-03-09,Other,ESOP,Sell,Equity Shares,1170.0,0.0,0.0,0.0,0.0,212841.0,0.0,211671.0,0.0
BAJAJ-AUTO,2023-03-13 16:31:00,2023-03-10,2023-03-09,2023-03-09,-,ESOP,Buy,Equity Shares,820.0,0.0,0.0,0.0,0.0,110.0,0.0,930.0,0.0
BAJAJ-AUTO,2023-03-30 10:17:00,2023-03-29,2023-03-09,2023-03-09,Employees/Designated Employees,ESOP,Buy,Equity Shares,300.0,0.0,0.0,0.0,0.0,3200.0,0.0,3500.0,0.0
BAJAJ-AUTO,2023-03-30 10:22:00,2023-03-29,2023-03-10,2023-03-10,Employees/Designated Employees,Market Sale,Sell,Equity Shares,100.0,0.0,0.0,0.0,0.0,3500.0,0.0,3400.0,0.0
BAJAJ-AUTO,2023-05-05 12:09:00,2023-05-05,2023-05-04,2023-05-04,Employees/Designated Employees,ESOP,Sell,Equity Shares,9264.0,0.0,0.0,0.0,0.0,211230.0,0.07,201966.0,0.07
BAJAJ-AUTO,2023-05-05 12:09:00,2023-05-05,2023-05-03,2023-05-03,Employees/Designated Employees,ESOP,Sell,Equity Shares,300.0,0.0,0.0,0.0,0.0,211530.0,0.07,211230.0,0.07
BAJAJ-AUTO,2023-05-05 12:18:00,2023-05-05,2023-05-04,2023-05-04,Employees/Designated Employees,ESOP,Buy,Equity Shares,9264.0,0.0,0.0,0.0,0.0,,0.0,9264.0,0.0
BAJAJ-AUTO,2023-05-08 16:19:00,2023-05-08,2023-05-05,2023-05-05,Employees/Designated Employees,Market Sale,Sell,Equity Shares,7840.0,0.0,0.0,0.0,0.0,9264.0,0.0,1424.0,0.0
BAJAJ-AUTO,2023-05-09 16:56:00,2023-05-09,2023-05-09,2023-05-09,-,ESOP,Buy,Equity Shares,1508.0,0.0,0.0,0.0,0.0,,0.0,1508.0,0.0
BAJAJ-AUTO,2023-05-10 11:41:00,2023-05-09,2023-05-09,2023-05-09,Other,ESOP,Sell,Equity Shares,1968.0,0.0,0.0,0.0,0.0,201966.0,0.07,199998.0,0.07
BAJAJ-AUTO,2023-05-10 11:49:00,2023-05-09,2023-05-09,2023-05-09,Employees/Designated Employees,ESOP,Buy,Equity Shares,210.0,0.0,0.0,0.0,0.0,,0.0,210.0,0.0
BAJAJ-AUTO,2023-05-10 11:49:00,2023-05-10,2023-05-10,2023-05-10,Employees/Designated Employees,Market Sale,Sell,Equity Shares,210.0,0.0,0.0,0.0,0.0,210.0,0.0,,0.0
BAJAJ-AUTO,2023-05-12 12:09:00,2023-05-12,2023-05-12,2023-05-12,Employees/Designated Employees,Market Sale,Sell,Equity Shares,1000.0,0.0,0.0,0.0,0.0,1000.0,0.0,,0.0
BAJAJ-AUTO,2023-05-12 12:09:00,2023-05-12,2023-05-11,2023-05-11,Employees/Designated Employees,Market Sale,Sell,Equity Shares,508.0,0.0,0.0,0.0,0.0,1508.0,0.0,1000.0,0.0
BAJAJ-AUTO,2023-05-12 15:50:00,2023-05-12,2023-05-12,2023-05-12,-,Market Sale,Sell,Equity Shares,1424.0,0.0,0.0,0.0,0.0,1424.0,0.0,,0.0
BAJAJ-AUTO,2023-05-16 11:04:00,2023-05-15,2023-05-15,2023-05-15,Employees/Designated Employees,ESOP,Buy,Equity Shares,232.0,0.0,0.0,0.0,0.0,,0.0,232.0,0.0
BAJAJ-AUTO,2023-05-16 11:04:00,2023-05-15,2023-05-11,2023-05-11,Employees/Designated Employees,Market Sale,Sell,Equity Shares,115.0,0.0,0.0,0.0,0.0,115.0,0.0,,0.0
BAJAJ-AUTO,2023-05-16 11:04:00,2023-05-15,2023-05-10,2023-05-10,Employees/Designated Employees,ESOP,Buy,Equity Shares,115.0,0.0,0.0,0.0,0.0,,0.0,115.0,0.0
BAJAJ-AUTO,2023-05-16 11:13:00,2023-05-15,2023-05-15,2023-05-15,Other,ESOP,Sell,Equity Shares,363.0,0.0,0.0,0.0,0.0,199883.0,0.07,199520.0,0.07
BAJAJ-AUTO,2023-05-16 11:13:00,2023-05-15,2023-05-10,2023-05-10,Other,ESOP,Sell,Equity Shares,115.0,0.0,0.0,0.0,0.0,199998.0,0.07,199883.0,0.07
BAJAJ-AUTO,2023-05-16 11:18:00,2023-05-16,2023-05-16,2023-05-16,Employees/Designated Employees,Market Sale,Sell,Equity Shares,232.0,0.0,0.0,0.0,0.0,232.0,0.0,,0.0
BAJAJ-AUTO,2023-05-17 11:30:00,2023-05-17,2023-05-16,2023-05-16,Employees/Designated Employees,ESOP,Buy,Equity Shares,1500.0,0.0,0.0,0.0,0.0,5158.0,0.0,6658.0,0.0
BAJAJ-AUTO,2023-05-17 11:34:00,2023-05-17,2023-05-16,2023-05-16,Other,ESOP,Sell,Equity Shares,1550.0,0.0,0.0,0.0,0.0,199520.0,0.07,197970.0,0.07
BAJAJ-AUTO,2023-05-18 11:48:00,2023-05-17,2023-05-17,2023-05-17,Employees/Designated Employees,ESOP,Buy,Equity Shares,557.0,0.0,0.0,0.0,0.0,,0.0,557.0,0.0
BAJAJ-AUTO,2023-05-18 11:48:00,2023-05-18,2023-05-18,2023-05-18,Employees/Designated Employees,Market Sale,Sell,Equity Shares,557.0,0.0,0.0,0.0,0.0,557.0,0.0,,0.0
BAJAJ-AUTO,2023-05-18 12:05:00,2023-05-18,2023-05-17,2023-05-17,Employees/Designated Employees,ESOP,Buy,Equity Shares,15945.0,0.0,0.0,0.0,0.0,75.0,0.0,16020.0,0.0
BAJAJ-AUTO,2023-05-18 12:13:00,2023-05-18,2023-05-17,2023-05-17,Employees/Designated Employees,ESOP,Sell,Equity Shares,16502.0,0.0,0.0,0.0,0.0,197970.0,0.07,181468.0,0.07
BAJAJ-AUTO,2023-05-22 10:06:00,2023-05-19,2023-05-19,2023-05-19,Employees/Designated Employees,Market Sale,Sell,Equity Shares,9686.0,0.0,0.0,0.0,0.0,16020.0,0.0,6334.0,0.0
BAJAJ-AUTO,2023-05-22 10:06:00,2023-05-19,2023-05-19,2023-05-19,Employees/Designated Employees,Market Sale,Sell,Equity Shares,6259.0,0.0,0.0,0.0,0.0,6334.0,0.0,75.0,0.0
BAJAJ-AUTO,2023-05-22 10:53:00,2023-05-22,2023-05-19,2023-05-19,Other,Market Sale,Sell,Equity Shares,500.0,0.0,0.0,0.0,0.0,181468.0,0.06,180968.0,0.06
BAJAJ-AUTO,2023-05-22 17:01:00,2023-05-22,2023-05-22,2023-05-22,Employees/Designated Employees,Market Sale,Sell,Equity Shares,300.0,0.0,0.0,0.0,0.0,300.0,0.0,,0.0
BAJAJ-AUTO,2023-05-22 17:01:00,2023-05-22,2023-05-19,2023-05-19,Employees/Designated Employees,ESOP,Buy,Equity Shares,300.0,0.0,0.0,0.0,0.0,,0.0,300.0,0.0
BAJAJ-AUTO,2023-05-24 11:04:00,2023-05-24,2023-05-23,2023-05-23,Other,ESOP,Sell,Equity Shares,314.0,0.0,0.0,0.0,0.0,180968.0,0.06,180654.0,0.06
BAJAJ-AUTO,2023-05-24 11:04:00,2023-05-24,2023-05-23,2023-05-23,Other,ESOP,Sell,Equity Shares,25.0,0.0,0.0,0.0,0.0,180654.0,0.06,180629.0,0.06
BAJAJ-AUTO,2023-05-24 11:11:00,2023-05-24,2023-05-23,2023-05-23,-,Market Sale,Sell,Equity Shares,257.0,0.0,0.0,0.0,0.0,257.0,0.0,,0.0
BAJAJ-AUTO,2023-05-24 11:11:00,2023-05-24,2023-05-23,2023-05-23,Employees/Designated Employees,ESOP,Buy,Equity Shares,257.0,0.0,0.0,0.0,0.0,,0.0,257.0,0.0
BAJAJ-AUTO,2023-05-25 16:26:00,2023-05-24,2023-05-22,2023-05-22,Employees/Designated Employees,Market Sale,Sell,Equity Shares,300.0,0.0,0.0,0.0,0.0,300.0,0.0,,0.0
BAJAJ-AUTO,2023-05-30 16:37:00,2023-05-30,2023-05-30,2023-05-30,Employees/Designated Employees,ESOP,Buy,Equity Shares,300.0,0.0,0.0,0.0,0.0,556.0,0.0,856.0,0.0
BAJAJ-AUTO,2023-05-30 16:37:00,2023-05-30,2023-05-30,2023-05-30,Employees/Designated Employees,ESOP,Buy,Equity Shares,556.0,0.0,0.0,0.0,0.0,,0.0,556.0,0.0
BAJAJ-AUTO,2023-05-30 16:37:00,2023-05-30,2023-05-24,2023-05-24,Employees/Designated Employees,Market Sale,Sell,Equity Shares,100.0,0.0,0.0,0.0,0.0,200.0,0.0,100.0,0.0
BAJAJ-AUTO,2023-05-30 16:37:00,2023-05-29,2023-05-19,2023-05-19,Employees/Designated Employees,ESOP,Buy,Equity Shares,200.0,0.0,0.0,0.0,0.0,,0.0,200.0,0.0
BAJAJ-AUTO,2023-05-31 11:09:00,2023-05-31,2023-05-30,2023-05-30,Other,ESOP,Sell,Equity Shares,300.0,0.0,0.0,0.0,0.0,178697.0,0.06,178397.0,0.06
BAJAJ-AUTO,2023-05-31 11:09:00,2023-05-31,2023-05-30,2023-05-30,Employees/Designated Employees,ESOP,Buy,Equity Shares,543.0,0.0,0.0,0.0,0.0,,0.0,543.0,0.06
BAJAJ-AUTO,2023-05-31 11:09:00,2023-05-31,2023-05-26,2023-05-26,Other,ESOP,Sell,Equity Shares,110.0,0.0,0.0,0.0,0.0,180629.0,0.06,180519.0,0.06
BAJAJ-AUTO,2023-05-31 11:09:00,2023-05-31,2023-05-30,2023-05-30,Other,ESOP,Sell,Equity Shares,1822.0,0.0,0.0,0.0,0.0,180519.0,0.06,178697.0,0.06
BAJAJ-AUTO,2023-06-02 11:40:00,2023-06-01,2023-05-09,2023-05-09,Employees/Designated Employees,ESOP,Buy,Equity Shares,200.0,0.0,0.0,0.0,0.0,3400.0,0.0,3600.0,0.0
BAJAJ-AUTO,2023-06-02 11:40:00,2023-06-01,2023-05-03,2023-05-03,Employees/Designated Employees,ESOP,Buy,Equity Shares,100.0,0.0,0.0,0.0,0.0,3300.0,0.0,3400.0,0.0
BAJAJ-AUTO,2023-06-02 11:40:00,2023-06-01,2023-05-31,2023-05-31,Employees/Designated Employees,Market Sale,Sell,Equity Shares,856.0,0.0,0.0,0.0,0.0,856.0,0.0,,0.0
BAJAJ-AUTO,2023-06-02 11:40:00,2023-06-01,2023-05-31,2023-05-31,Employees/Designated Employees,ESOP,Buy,Equity Shares,475.0,0.0,0.0,0.0,0.0,,0.0,475.0,0.0
BAJAJ-AUTO,2023-06-02 11:40:00,2023-05-31,2023-05-31,2023-05-31,Employees/Designated Employees,ESOP,Buy,Equity Shares,248.0,0.0,0.0,0.0,0.0,,0.0,248.0,0.0
BAJAJ-AUTO,2023-06-02 11:40:00,2023-05-31,2023-05-26,2023-05-26,Employees/Designated Employees,Market Sale,Sell,Equity Shares,50.0,0.0,0.0,0.0,0.0,50.0,0.0,,0.0
BAJAJ-AUTO,2023-06-02 11:40:00,2023-05-31,2023-05-24,2023-05-24,Employees/Designated Employees,Market Sale,Sell,Equity Shares,50.0,0.0,0.0,0.0,0.0,100.0,0.0,50.0,0.0
BAJAJ-AUTO,2023-06-02 11:40:00,2023-06-01,2023-05-30,2023-05-30,Employees/Designated Employees,Market Sale,Sell,Equity Shares,50.0,0.0,0.0,0.0,0.0,3600.0,0.0,3550.0,0.0
BAJAJ-AUTO,2023-06-02 11:43:00,2023-06-01,2023-06-01,2023-06-01,Employees/Designated Employees,Market Sale,Sell,Equity Shares,450.0,0.0,0.0,0.0,0.0,3550.0,0.0,3100.0,0.0
BAJAJ-AUTO,2023-06-05 14:37:00,2023-06-05,2023-06-02,2023-06-02,Employees/Designated Employees,Market Sale,Sell,Equity Shares,543.0,0.0,0.0,0.0,0.0,543.0,0.0,,0.0
BAJAJ-AUTO,2023-06-05 14:37:00,2023-06-05,2023-06-02,2023-06-02,Employees/Designated Employees,ESOP,Buy,Equity Shares,349.0,0.0,0.0,0.0,0.0,,0.0,349.0,0.0
BAJAJ-AUTO,2023-06-06 17:14:00,2023-06-05,2023-06-05,2023-06-05,Employees/Designated Employees,Market Sale,Sell,Equity Shares,160.0,0.0,0.0,0.0,0.0,160.0,0.0,,0.0
BAJAJ-AUTO,2023-06-06 17:14:00,2023-06-05,2023-06-02,2023-06-02,Employees/Designated Employees,ESOP,Buy,Equity Shares,60.0,0.0,0.0,0.0,0.0,248.0,0.0,308.0,0.0
BAJAJ-AUTO,2023-06-06 17:14:00,2023-06-05,2023-06-02,2023-06-02,Employees/Designated Employees,Market Sale,Sell,Equity Shares,148.0,0.0,0.0,0.0,0.0,308.0,0.0,160.0,0.0
BAJAJ-AUTO,2023-06-07 15:21:00,2023-06-06,2023-06-06,2023-06-06,Employees/Designated Employees,ESOP,Buy,Equity Shares,2017.0,0.0,0.0,0.0,0.0,,0.0,2017.0,0.0
BAJAJ-AUTO,2023-06-07 15:21:00,2023-06-07,2023-06-06,2023-06-06,Employees/Designated Employees,ESOP,Buy,Equity Shares,1959.0,0.0,0.0,0.0,0.0,,0.0,1959.0,0.0
BAJAJ-AUTO,2023-06-07 15:21:00,2023-06-06,2023-06-05,2023-06-05,Employees/Designated Employees,Market Sale,Sell,Equity Shares,200.0,0.0,0.0,0.0,0.0,349.0,0.0,149.0,0.0
BAJAJ-AUTO,2023-06-07 15:21:00,2023-06-06,2023-06-06,2023-06-06,Employees/Designated Employees,Market Sale,Sell,Equity Shares,149.0,0.0,0.0,0.0,0.0,149.0,0.0,,0.0
BAJAJ-AUTO,2023-06-09 16:53:00,2023-06-07,2023-06-07,2023-06-07,Employees/Designated Employees,ESOP,Buy,Equity Shares,550.0,0.0,0.0,0.0,0.0,3550.0,0.0,4100.0,0.0
BAJAJ-AUTO,2023-06-09 16:53:00,2023-06-08,2023-06-08,2023-06-08,Employees/Designated Employees,Market Sale,Sell,Equity Shares,1859.0,0.0,0.0,0.0,0.0,1859.0,0.0,,0.0
BAJAJ-AUTO,2023-06-09 16:53:00,2023-06-07,2023-06-06,2023-06-06,Employees/Designated Employees,ESOP,Buy,Equity Shares,450.0,0.0,0.0,0.0,0.0,3100.0,0.0,3550.0,0.0
BAJAJ-AUTO,2023-06-09 16:53:00,2023-06-08,2023-06-08,2023-06-08,Employees/Designated Employees,Market Sale,Sell,Equity Shares,100.0,0.0,0.0,0.0,0.0,1959.0,0.0,1859.0,0.0
BAJAJ-AUTO,2023-06-09 16:53:00,2023-06-08,2023-06-07,2023-06-07,Employees/Designated Employees,ESOP,Buy,Equity Shares,458.0,0.0,0.0,0.0,0.0,,0.0,458.0,0.0
BAJAJ-AUTO,2023-06-09 16:53:00,2023-06-08,2023-06-07,2023-06-07,Employees/Designated Employees,ESOP,Buy,Equity Shares,788.0,0.0,0.0,0.0,0.0,,0.0,788.0,0.0
BAJAJ-AUTO,2023-06-09 17:05:00,2023-06-09,2023-06-09,2023-06-09,Employees/Designated Employees,ESOP,Buy,Equity Shares,500.0,0.0,0.0,0.0,0.0,,0.0,500.0,0.0
BAJAJ-AUTO,2023-06-09 17:05:00,2023-06-08,2023-06-08,2023-06-08,Employees/Designated Employees,Market Sale,Sell,Equity Shares,788.0,0.0,0.0,0.0,0.0,788.0,0.0,,0.0
BAJAJ-AUTO,2023-06-09 17:05:00,2023-06-08,2023-06-08,2023-06-08,Employees/Designated Employees,Market Sale,Sell,Equity Shares,133.0,0.0,0.0,0.0,0.0,833.0,0.0,700.0,0.0
BAJAJ-AUTO,2023-06-09 17:05:00,2023-06-08,2023-06-08,2023-06-08,Employees/Designated Employees,ESOP,Buy,Equity Shares,184.0,0.0,0.0,0.0,0.0,649.0,0.0,833.0,0.0
BAJAJ-AUTO,2023-06-09 17:05:00,2023-06-08,2023-06-08,2023-06-08,Employees/Designated Employees,ESOP,Buy,Equity Shares,516.0,0.0,0.0,0.0,0.0,133.0,0.0,649.0,0.0
BAJAJ-AUTO,2023-06-09 17:05:00,2023-06-08,2023-06-07,2023-06-07,Employees/Designated Employees,ESOP,Buy,Equity Shares,133.0,0.0,0.0,0.0,0.0,,0.0,133.0,0.0
BAJAJ-AUTO,2023-06-09 17:11:00,2023-06-09,2023-06-05,2023-06-05,Employees/Designated Employees,Market Sale,Sell,Equity Shares,475.0,0.0,0.0,0.0,0.0,475.0,0.0,,0.0
BAJAJ-AUTO,2023-06-09 17:11:00,2023-06-09,2023-06-08,2023-06-08,Employees/Designated Employees,ESOP,Buy,Equity Shares,2252.0,0.0,0.0,0.0,0.0,,0.0,2252.0,0.0
BAJAJ-AUTO,2023-06-09 17:11:00,2023-06-09,2023-06-08,2023-06-08,Employees/Designated Employees,ESOP,Buy,Equity Shares,757.0,0.0,0.0,0.0,0.0,2252.0,0.0,3009.0,0.0
BAJAJ-AUTO,2023-06-12 15:54:00,2023-06-09,2023-06-09,2023-06-09,Employees/Designated Employees,ESOP,Buy,Equity Shares,755.0,0.0,0.0,0.0,0.0,,0.0,755.0,0.0
BAJAJ-AUTO,2023-06-12 15:54:00,2023-06-09,2023-06-09,2023-06-09,Employees/Designated Employees,ESOP,Buy,Equity Shares,946.0,0.0,0.0,0.0,0.0,755.0,0.0,1701.0,0.0
BAJAJ-AUTO,2023-06-12 15:54:00,2023-06-11,2023-06-09,2023-06-09,Employees/Designated Employees,Market Sale,Sell,Equity Shares,500.0,0.0,0.0,0.0,0.0,500.0,0.0,,0.0
BAJAJ-AUTO,2023-06-12 15:54:00,2023-06-12,2023-04-28,2023-04-28,Employees/Designated Employees,Market Sale,Sell,Equity Shares,62.0,0.0,0.0,0.0,0.0,62.0,0.0,,0.0
BAJAJ-AUTO,2023-06-12 15:54:00,2023-06-12,2023-06-09,2023-06-09,Employees/Designated Employees,ESOP,Buy,Equity Shares,279.0,0.0,0.0,0.0,0.0,,0.0,279.0,0.0
BAJAJ-AUTO,2023-06-12 15:54:00,2023-06-12,2023-06-12,2023-06-12,Employees/Designated Employees,Market Sale,Sell,Equity Shares,501.0,0.0,0.0,0.0,0.0,1701.0,0.0,1200.0,0.0
BAJAJ-AUTO,2023-06-12 15:54:00,2023-06-12,2023-06-12,2023-06-12,Employees/Designated Employees,Market Sale,Sell,Equity Shares,1200.0,0.0,0.0,0.0,0.0,1200.0,0.0,,0.0
BAJAJ-AUTO,2023-06-14 12:27:00,2023-06-13,2023-06-09,2023-06-09,Employees/Designated Employees,ESOP,Buy,Equity Shares,350.0,0.0,0.0,0.0,0.0,,0.0,350.0,0.0
BAJAJ-AUTO,2023-06-14 12:27:00,2023-06-12,2023-06-12,2023-06-12,Employees/Designated Employees,Market Sale,Sell,Equity Shares,150.0,0.0,0.0,0.0,0.0,150.0,0.0,,0.0
BAJAJ-AUTO,2023-06-14 12:27:00,2023-06-14,2023-06-13,2023-06-13,Employees/Designated Employees,Market Sale,Sell,Equity Shares,279.0,0.0,0.0,0.0,0.0,279.0,0.0,,0.0
BAJAJ-AUTO,2023-06-14 12:27:00,2023-06-13,2023-06-13,2023-06-13,Employees/Designated Employees,Market Sale,Sell,Equity Shares,458.0,0.0,0.0,0.0,0.0,458.0,0.0,,0.0
BAJAJ-AUTO,2023-06-14 12:27:00,2023-06-12,2023-06-12,2023-06-12,Employees/Designated Employees,ESOP,Buy,Equity Shares,150.0,0.0,0.0,0.0,0.0,,0.0,150.0,0.0
BAJAJ-AUTO,2023-06-16 09:05:00,2023-06-15,2023-06-14,2023-06-14,Employees/Designated Employees,Market Sale,Sell,Equity Shares,639.0,0.0,0.0,0.0,0.0,639.0,0.0,,0.0
BAJAJ-AUTO,2023-06-16 09:05:00,2023-06-15,2023-06-09,2023-06-09,Employees/Designated Employees,Market Sale,Sell,Equity Shares,2370.0,0.0,0.0,0.0,0.0,3009.0,0.0,639.0,0.0
BAJAJ-AUTO,2023-06-16 09:05:00,2023-06-15,2023-06-15,2023-06-15,Employees/Designated Employees,ESOP,Buy,Equity Shares,1764.0,0.0,0.0,0.0,0.0,,0.0,1764.0,0.0
BAJAJ-AUTO,2023-06-16 09:05:00,2023-06-15,2023-06-14,2023-06-14,Employees/Designated Employees,ESOP,Buy,Equity Shares,400.0,0.0,0.0,0.0,0.0,4100.0,0.0,4500.0,0.0
BAJAJ-AUTO,2023-06-16 09:05:00,2023-06-15,2023-06-14,2023-06-14,Employees/Designated Employees,ESOP,Buy,Equity Shares,543.0,0.0,0.0,0.0,0.0,,0.0,543.0,0.0
BAJAJ-AUTO,2023-06-16 09:05:00,2023-06-15,2023-06-15,2023-06-15,Employees/Designated Employees,Market Sale,Sell,Equity Shares,350.0,0.0,0.0,0.0,0.0,350.0,0.0,,0.0
BAJAJ-AUTO,2023-06-16 09:09:00,2023-06-15,2023-06-15,2023-06-15,Employees/Designated Employees,ESOP,Buy,Equity Shares,3000.0,0.0,0.0,0.0,0.0,6658.0,0.0,9658.0,0.0
BAJAJ-AUTO,2023-06-16 09:09:00,2023-06-15,2023-06-15,2023-06-15,Employees/Designated Employees,Market Sale,Sell,Equity Shares,1764.0,0.0,0.0,0.0,0.0,1764.0,0.0,,0.0
BAJAJ-AUTO,2023-06-16 10:19:00,2023-06-15,2023-06-15,2023-06-15,Employees/Designated Employees,ESOP,Buy,Equity Shares,500.0,0.0,0.0,0.0,0.0,4500.0,0.0,5000.0,0.0
BAJAJ-AUTO,2023-06-19 14:36:00,2023-06-16,2023-05-23,2023-05-23,Employees/Designated Employees,ESOP,Buy,Equity Shares,57.0,0.0,0.0,0.0,0.0,2257.0,0.0,2314.0,0.0
BAJAJ-AUTO,2023-06-19 14:36:00,2023-06-16,2023-06-15,2023-06-15,Employees/Designated Employees,ESOP,Buy,Equity Shares,200.0,0.0,0.0,0.0,0.0,2314.0,0.0,2514.0,0.0
BAJAJ-AUTO,2023-06-19 14:36:00,2023-06-16,2023-05-03,2023-05-03,Employees/Designated Employees,ESOP,Buy,Equity Shares,200.0,0.0,0.0,0.0,0.0,2057.0,0.0,2257.0,0.0
BAJAJ-AUTO,2023-06-19 14:36:00,2023-06-16,2023-06-14,2023-06-14,Employees/Designated Employees,ESOP,Buy,Equity Shares,4164.0,0.0,0.0,0.0,0.0,,0.0,4164.0,0.0
BAJAJ-AUTO,2023-06-21 17:12:00,2023-06-20,2023-06-20,2023-06-20,Employees/Designated Employees,ESOP,Buy,Equity Shares,880.0,0.0,0.0,0.0,0.0,,0.0,880.0,0.0
BAJAJ-AUTO,2023-06-21 17:12:00,2023-06-21,2023-06-20,2023-06-20,Employees/Designated Employees,Market Sale,Sell,Equity Shares,4164.0,0.0,0.0,0.0,0.0,4164.0,0.0,,0.0
BAJAJ-AUTO,2023-06-21 17:12:00,2023-06-20,2023-06-20,2023-06-20,Employees/Designated Employees,Market Sale,Sell,Equity Shares,880.0,0.0,0.0,0.0,0.0,880.0,0.0,,0.0
BAJAJ-AUTO,2023-06-21 17:12:00,2023-06-20,2023-06-19,2023-06-19,Employees/Designated Employees,ESOP,Buy,Equity Shares,500.0,0.0,0.0,0.0,0.0,5000.0,0.0,5500.0,0.0
BAJAJ-AUTO,2023-06-23 15:28:00,2023-06-21,2023-06-19,2023-06-19,Promoter Group,Off Market,Buy,Equity Shares,209759.0,0.0,0.0,0.0,0.0,257566.0,0.09,467325.0,0.17
BAJAJ-AUTO,2023-06-23 15:28:00,2023-06-21,2023-06-19,2023-06-19,Promoter Group,Off Market,Buy,Equity Shares,209759.0,0.0,0.0,0.0,0.0,161100.0,0.06,370859.0,0.13
BAJAJ-AUTO,2023-06-23 15:28:00,2023-06-21,2023-06-19,2023-06-19,Promoter Group,Off Market,Buy,Equity Shares,209760.0,0.0,0.0,0.0,0.0,,0.0,209760.0,0.07
BAJAJ-AUTO,2023-06-23 15:28:00,2023-06-21,2023-06-19,2023-06-19,Promoter Group,Off Market,Buy,Equity Shares,209759.0,0.0,0.0,0.0,0.0,,0.0,209759.0,0.07
BAJAJ-AUTO,2023-06-23 15:28:00,2023-06-21,2023-06-19,2023-06-19,Promoter Group,Off Market,Buy,Equity Shares,209759.0,0.0,0.0,0.0,0.0,257566.0,0.09,467325.0,0.16
BAJAJ-AUTO,2023-06-23 15:28:00,2023-06-21,2023-06-19,2023-06-19,Promoter Group,Off Market,Sell,Equity Shares,1048796.0,0.0,0.0,0.0,0.0,1048796.0,0.37,,0.0
BAJAJ-AUTO,2023-06-23 15:45:00,2023-06-23,2023-06-08,2023-06-08,Employees/Designated Employees,ESOP,Buy,Equity Shares,269.0,0.0,0.0,0.0,0.0,,0.0,269.0,0.0
BAJAJ-AUTO,2023-06-23 15:45:00,2023-06-22,2023-06-22,2023-06-22,Employees/Designated Employees,Market Sale,Sell,Equity Shares,930.0,0.0,0.0,0.0,0.0,930.0,0.0,,0.0
BAJAJ-AUTO,2023-06-23 15:45:00,2023-06-23,2023-06-22,2023-06-22,Employees/Designated Employees,ESOP,Buy,Equity Shares,344.0,0.0,0.0,0.0,0.0,269.0,0.0,613.0,0.0
BAJAJ-AUTO,2023-06-27 16:08:00,2023-06-26,2023-06-22,2023-06-22,Employees/Designated Employees,ESOP,Buy,Equity Shares,1006.0,0.0,0.0,0.0,0.0,,0.0,1006.0,0.0
BAJAJ-AUTO,2023-06-28 11:11:00,2023-06-28,2023-06-27,2023-06-27,Employees/Designated Employees,ESOP,Buy,Equity Shares,279.0,0.0,0.0,0.0,0.0,,0.0,279.0,0.0
BAJAJ-AUTO,2023-06-30 10:06:00,2023-06-28,2023-06-28,2023-06-28,Employees/Designated Employees,Market Sale,Sell,Equity Shares,356.0,0.0,0.0,0.0,0.0,356.0,0.0,,0.0
BAJAJ-AUTO,2023-06-30 10:06:00,2023-06-28,2023-06-27,2023-06-27,Employees/Designated Employees,Market Sale,Sell,Equity Shares,650.0,0.0,0.0,0.0,0.0,1006.0,0.0,356.0,0.0
BAJAJ-AUTO,2023-06-30 10:06:00,2023-06-29,2023-06-28,2023-06-28,Employees/Designated Employees,Market Sale,Sell,Equity Shares,279.0,0.0,0.0,0.0,0.0,279.0,0.0,,0.0
BAJAJ-AUTO,2023-07-31 11:43:00,2023-07-29,2023-07-28,2023-07-28,Employees/Designated Employees,Market Sale,Sell,Equity Shares,800.0,0.0,0.0,0.0,0.0,5500.0,0.0,4700.0,0.0
BAJAJ-AUTO,2023-07-31 11:43:00,2023-07-31,2023-07-28,2023-07-28,Employees/Designated Employees,Market Sale,Sell,Equity Shares,543.0,0.0,0.0,0.0,0.0,543.0,0.0,,0.0
BAJAJ-AUTO,2023-07-31 16:11:00,2023-07-31,2023-07-28,2023-07-28,Employees/Designated Employees,ESOP,Buy,Equity Shares,551.0,0.0,0.0,0.0,0.0,100.0,0.0,651.0,0.0
BAJAJ-AUTO,2023-07-31 16:11:00,2023-07-31,2023-07-22,2023-07-22,Employees/Designated Employees,ESOP,Buy,Equity Shares,700.0,0.0,0.0,0.0,0.0,613.0,0.0,1313.0,0.0
BAJAJ-AUTO,2023-08-04 11:07:00,2023-08-03,2023-08-03,2023-08-03,Employees/Designated Employees,Market Sale,Sell,Equity Shares,200.0,0.0,0.0,0.0,0.0,4500.0,0.0,4300.0,0.0
BAJAJ-AUTO,2023-08-04 11:07:00,2023-08-03,2023-08-03,2023-08-03,Employees/Designated Employees,ESOP,Buy,Equity Shares,600.0,0.0,0.0,0.0,0.0,,0.0,600.0,0.0
BAJAJ-AUTO,2023-08-04 11:07:00,2023-08-03,2023-07-31,2023-07-31,Employees/Designated Employees,Market Sale,Sell,Equity Shares,200.0,0.0,0.0,0.0,0.0,4700.0,0.0,4500.0,0.0
BAJAJ-AUTO,2023-08-10 13:58:00,2023-08-10,2023-08-09,2023-08-09,Employees/Designated Employees,ESOP,Buy,Equity Shares,500.0,0.0,0.0,0.0,0.0,4300.0,0.0,4800.0,0.0
BAJAJ-AUTO,2023-08-16 16:56:00,2023-08-11,2023-08-09,2023-08-09,Employees/Designated Employees,ESOP,Buy,Equity Shares,277.0,0.0,0.0,0.0,0.0,,0.0,277.0,0.0
BAJAJ-AUTO,2023-08-18 15:18:00,2023-08-18,2023-08-17,2023-08-17,Employees/Designated Employees,ESOP,Buy,Equity Shares,5313.0,0.0,0.0,0.0,0.0,75.0,0.0,5388.0,0.0
BAJAJ-AUTO,2023-08-23 14:15:00,2023-08-22,2023-08-09,2023-08-09,Employees/Designated Employees,ESOP,Buy,Equity Shares,250.0,0.0,0.0,0.0,0.0,10.0,0.0,260.0,0.0
BAJAJ-AUTO,2023-08-23 14:15:00,2023-08-22,2023-08-21,2023-08-21,Employees/Designated Employees,Market Sale,Sell,Equity Shares,260.0,0.0,0.0,0.0,0.0,260.0,0.0,,0.0
BAJAJ-AUTO,2023-08-24 16:37:00,2023-08-22,2023-08-21,2023-08-21,Employees/Designated Employees,ESOP,Buy,Equity Shares,1227.0,0.0,0.0,0.0,0.0,,0.0,1227.0,0.0
BAJAJ-AUTO,2023-08-29 11:54:00,2023-08-28,2023-08-02,2023-08-02,Employees/Designated Employees,ESOP,Buy,Equity Shares,152.0,0.0,0.0,0.0,0.0,,0.0,152.0,0.0
BAJAJ-AUTO,2023-08-29 11:54:00,2023-08-28,2023-08-03,2023-08-03,Employees/Designated Employees,Market Sale,Sell,Equity Shares,52.0,0.0,0.0,0.0,0.0,152.0,0.0,100.0,0.0
BAJAJ-AUTO,2023-08-29 11:54:00,2023-08-28,2023-08-28,2023-08-28,Employees/Designated Employees,Market Sale,Sell,Equity Shares,50.0,0.0,0.0,0.0,0.0,50.0,0.0,,0.0
BAJAJ-AUTO,2023-08-29 11:54:00,2023-08-28,2023-08-24,2023-08-24,Employees/Designated Employees,Market Sale,Sell,Equity Shares,25.0,0.0,0.0,0.0,0.0,75.0,0.0,50.0,0.0
BAJAJ-AUTO,2023-08-29 11:54:00,2023-08-28,2023-08-17,2023-08-17,Employees/Designated Employees,Market Sale,Sell,Equity Shares,25.0,0.0,0.0,0.0,0.0,100.0,0.0,75.0,0.0
BAJAJ-AUTO,2023-09-06 11:37:00,2023-09-04,2023-08-21,2023-08-21,Employees/Designated Employees,ESOP,Buy,Equity Shares,738.0,0.0,0.0,0.0,0.0,,0.0,738.0,0.0
BAJAJ-AUTO,2023-09-06 11:37:00,2023-09-04,2023-08-21,2023-08-21,Employees/Designated Employees,ESOP,Buy,Equity Shares,434.0,0.0,0.0,0.0,0.0,738.0,0.0,1172.0,0.0
BAJAJ-AUTO,2023-09-07 14:13:00,2023-09-06,2023-08-17,2023-08-17,Employees/Designated Employees,ESOP,Buy,Equity Shares,13.0,0.0,0.0,0.0,0.0,4800.0,0.0,4813.0,0.0
BAJAJ-AUTO,2023-09-07 14:13:00,2023-09-06,2023-09-05,2023-09-05,Employees/Designated Employees,ESOP,Buy,Equity Shares,200.0,0.0,0.0,0.0,0.0,5000.0,0.0,5200.0,0.0
BAJAJ-AUTO,2023-09-07 14:13:00,2023-09-06,2023-08-17,2023-08-17,Employees/Designated Employees,ESOP,Buy,Equity Shares,187.0,0.0,0.0,0.0,0.0,4813.0,0.0,5000.0,0.0
BAJAJ-AUTO,2023-09-07 14:18:00,2023-09-06,2023-09-05,2023-09-05,Employees/Designated Employees,ESOP,Buy,Equity Shares,1227.0,0.0,0.0,0.0,0.0,,0.0,1227.0,0.0
BAJAJ-AUTO,2023-09-07 14:18:00,2023-09-06,2023-09-06,2023-09-06,Employees/Designated Employees,ESOP,Buy,Equity Shares,600.0,0.0,0.0,0.0,0.0,,0.0,600.0,0.0
BAJAJ-AUTO,2023-09-07 14:18:00,2023-09-06,2023-08-25,2023-08-25,Employees/Designated Employees,Market Sale,Sell,Equity Shares,1227.0,0.0,0.0,0.0,0.0,1227.0,0.0,,0.0
BAJAJ-AUTO,2023-09-07 14:22:00,2023-09-06,2023-09-05,2023-09-05,Employees/Designated Employees,Market Sale,Sell,Equity Shares,200.0,0.0,0.0,0.0,0.0,1000.0,0.0,800.0,0.0
BAJAJ-AUTO,2023-09-07 14:22:00,2023-09-06,2023-08-28,2023-08-28,Employees/Designated Employees,Market Sale,Sell,Equity Shares,172.0,0.0,0.0,0.0,0.0,1172.0,0.0,1000.0,0.0
BAJAJ-AUTO,2023-09-08 17:11:00,2023-09-08,2023-09-07,2023-09-07,Employees/Designated Employees,Market Sale,Sell,Equity Shares,1227.0,0.0,0.0,0.0,0.0,1227.0,0.0,,0.0
BAJAJ-AUTO,2023-09-12 11:05:00,2023-09-10,2023-09-08,2023-09-08,Employees/Designated Employees,Market Sale,Sell,Equity Shares,400.0,0.0,0.0,0.0,0.0,800.0,0.0,400.0,0.0
BAJAJ-AUTO,2023-09-12 11:05:00,2023-09-10,2023-09-08,2023-09-08,Employees/Designated Employees,Market Sale,Sell,Equity Shares,600.0,0.0,0.0,0.0,0.0,600.0,0.0,,0.0
BAJAJ-AUTO,2023-09-12 11:05:00,2023-09-11,2023-09-11,2023-09-11,Employees/Designated Employees,Market Sale,Sell,Equity Shares,600.0,0.0,0.0,0.0,0.0,600.0,0.0,,0.0
BAJAJ-AUTO,2023-09-12 11:05:00,2023-09-11,2023-09-08,2023-09-08,Employees/Designated Employees,Market Sale,Sell,Equity Shares,277.0,0.0,0.0,0.0,0.0,277.0,0.0,,0.0
BAJAJ-AUTO,2023-09-12 11:33:00,2023-09-11,2023-08-30,2023-08-30,Employees/Designated Employees,Market Sale,Sell,Equity Shares,30.0,0.0,0.0,0.0,0.0,504.0,0.0,474.0,0.0
BAJAJ-AUTO,2023-09-12 11:33:00,2023-09-11,2023-08-11,2023-08-11,Employees/Designated Employees,ESOP,Buy,Equity Shares,50.0,0.0,0.0,0.0,0.0,351.0,0.0,401.0,0.0
BAJAJ-AUTO,2023-09-12 11:33:00,2023-09-11,2023-08-23,2023-08-23,Employees/Designated Employees,Market Sale,Sell,Equity Shares,50.0,0.0,0.0,0.0,0.0,554.0,0.0,504.0,0.0
BAJAJ-AUTO,2023-09-12 11:33:00,2023-09-11,2023-09-11,2023-09-11,Employees/Designated Employees,ESOP,Buy,Equity Shares,51.0,0.0,0.0,0.0,0.0,474.0,0.0,525.0,0.0
BAJAJ-AUTO,2023-09-12 11:33:00,2023-09-11,2023-08-17,2023-08-17,Employees/Designated Employees,ESOP,Buy,Equity Shares,102.0,0.0,0.0,0.0,0.0,401.0,0.0,503.0,0.0
BAJAJ-AUTO,2023-09-12 11:33:00,2023-09-11,2023-08-21,2023-08-21,Employees/Designated Employees,ESOP,Buy,Equity Shares,51.0,0.0,0.0,0.0,0.0,503.0,0.0,554.0,0.0
BAJAJ-AUTO,2023-09-13 14:09:00,2023-09-12,2023-09-11,2023-09-11,Employees/Designated Employees,ESOP,Buy,Equity Shares,200.0,0.0,0.0,0.0,0.0,5100.0,0.0,5300.0,0.0
BAJAJ-AUTO,2023-09-13 14:09:00,2023-09-12,2023-09-11,2023-09-11,Employees/Designated Employees,Market Sale,Sell,Equity Shares,100.0,0.0,0.0,0.0,0.0,5200.0,0.0,5100.0,0.0
BAJAJ-AUTO,2023-09-14 16:25:00,2023-09-13,2023-09-12,2023-09-12,Employees/Designated Employees,ESOP,Buy,Equity Shares,200.0,0.0,0.0,0.0,0.0,5200.0,0.0,5400.0,0.0
BAJAJ-AUTO,2023-09-14 16:25:00,2023-09-13,2023-09-12,2023-09-12,Employees/Designated Employees,Market Sale,Sell,Equity Shares,100.0,0.0,0.0,0.0,0.0,5300.0,0.0,5200.0,0.0
BAJAJ-AUTO,2023-09-14 16:25:00,2023-09-13,2023-09-12,2023-09-12,Employees/Designated Employees,ESOP,Buy,Equity Shares,554.0,0.0,0.0,0.0,0.0,,0.0,554.0,0.0
BAJAJ-AUTO,2023-09-15 17:02:00,2023-09-15,2023-09-14,2023-09-14,Employees/Designated Employees,Market Sale,Sell,Equity Shares,554.0,0.0,0.0,0.0,0.0,554.0,0.0,,0.0
BAJAJ-AUTO,2023-09-15 17:02:00,2023-09-15,2023-09-15,2023-09-15,Employees/Designated Employees,Market Sale,Sell,Equity Shares,100.0,0.0,0.0,0.0,0.0,5200.0,0.0,5100.0,0.0
BAJAJ-AUTO,2023-09-15 17:02:00,2023-09-15,2023-09-15,2023-09-15,Employees/Designated Employees,Market Sale,Sell,Equity Shares,100.0,0.0,0.0,0.0,0.0,5300.0,0.0,5200.0,0.0
BAJAJ-AUTO,2023-09-15 17:02:00,2023-09-15,2023-09-15,2023-09-15,Employees/Designated Employees,Market Sale,Sell,Equity Shares,100.0,0.0,0.0,0.0,0.0,5400.0,0.0,5300.0,0.0
BAJAJ-AUTO,2023-09-18 16:48:00,2023-09-18,2023-09-18,2023-09-18,Employees/Designated Employees,Market Sale,Sell,Equity Shares,500.0,0.0,0.0,0.0,0.0,500.0,0.0,,0.0
BAJAJ-AUTO,2023-09-18 16:48:00,2023-09-18,2023-09-18,2023-09-18,Employees/Designated Employees,Market Sale,Sell,Equity Shares,1676.0,0.0,0.0,0.0,0.0,2176.0,0.0,500.0,0.0
BAJAJ-AUTO,2023-09-18 16:48:00,2023-09-15,2023-09-15,2023-09-15,Employees/Designated Employees,ESOP,Buy,Equity Shares,1230.0,0.0,0.0,0.0,0.0,946.0,0.0,2176.0,0.0
BAJAJ-AUTO,2023-09-18 16:48:00,2023-09-15,2023-09-15,2023-09-15,Employees/Designated Employees,ESOP,Buy,Equity Shares,946.0,0.0,0.0,0.0,0.0,,0.0,946.0,0.0
BAJAJ-AUTO,2023-09-18 16:54:00,2023-09-18,2023-09-13,2023-09-13,Employees/Designated Employees,Market Sale,Sell,Equity Shares,5313.0,0.0,0.0,0.0,0.0,5388.0,0.0,75.0,0.0
BAJAJ-AUTO,2023-09-21 16:36:00,2023-09-21,2023-09-21,2023-09-21,Employees/Designated Employees,ESOP,Buy,Equity Shares,700.0,0.0,0.0,0.0,0.0,,0.0,700.0,0.0
BAJAJ-AUTO,2023-09-21 16:36:00,2023-09-21,2023-09-20,2023-09-20,Employees/Designated Employees,ESOP,Buy,Equity Shares,200.0,0.0,0.0,0.0,0.0,5300.0,0.0,5500.0,0.0
BAJAJ-AUTO,2023-09-21 16:36:00,2023-09-21,2023-09-20,2023-09-20,Employees/Designated Employees,ESOP,Buy,Equity Shares,500.0,0.0,0.0,0.0,0.0,5500.0,0.0,6000.0,0.0
BAJAJ-AUTO,2023-09-21 16:36:00,2023-09-21,2023-09-20,2023-09-20,Employees/Designated Employees,ESOP,Buy,Equity Shares,600.0,0.0,0.0,0.0,0.0,,0.0,600.0,0.0
BAJAJ-AUTO,2023-09-21 16:36:00,2023-09-21,2023-09-15,2023-09-15,Employees/Designated Employees,ESOP,Buy,Equity Shares,1227.0,0.0,0.0,0.0,0.0,,0.0,1227.0,0.0
BAJAJ-AUTO,2023-09-21 16:36:00,2023-09-21,2023-09-15,2023-09-15,Employees/Designated Employees,ESOP,Buy,Equity Shares,200.0,0.0,0.0,0.0,0.0,5100.0,0.0,5300.0,0.0
BAJAJ-AUTO,2023-09-26 11:50:00,2023-09-25,2023-09-25,2023-09-25,Employees/Designated Employees,Market Sale,Sell,Equity Shares,600.0,0.0,0.0,0.0,0.0,600.0,0.0,,0.0
BAJAJ-AUTO,2023-09-26 11:50:00,2023-09-22,2023-09-18,2023-09-18,Employees/Designated Employees,Market Sale,Sell,Equity Shares,1227.0,0.0,0.0,0.0,0.0,1227.0,0.0,,0.0
BAJAJ-AUTO,2023-09-26 11:50:00,2023-09-25,2023-09-22,2023-09-22,Employees/Designated Employees,Market Sale,Sell,Equity Shares,700.0,0.0,0.0,0.0,0.0,700.0,0.0,,0.0
BAJAJ-AUTO,2023-09-26 11:50:00,2023-09-26,2023-09-25,2023-09-25,Employees/Designated Employees,ESOP,Buy,Equity Shares,519.0,0.0,0.0,0.0,0.0,,0.0,519.0,0.0
BAJAJ-AUTO,2023-09-26 11:50:00,2023-09-26,2023-09-25,2023-09-25,Employees/Designated Employees,ESOP,Buy,Equity Shares,1225.0,0.0,0.0,0.0,0.0,,0.0,1225.0,0.0
BAJAJ-AUTO,2023-09-27 17:05:00,2023-09-26,2023-09-25,2023-09-25,Employees/Designated Employees,Market Sale,Sell,Equity Shares,4000.0,0.0,0.0,0.0,0.0,6246.0,0.0,2246.0,0.0
BAJAJ-AUTO,2023-09-27 17:05:00,2023-09-27,2023-09-27,2023-09-27,Employees/Designated Employees,Market Sale,Sell,Equity Shares,1225.0,0.0,0.0,0.0,0.0,1225.0,0.0,,0.0
BAJAJ-AUTO,2023-10-03 11:23:00,2023-09-29,2023-09-26,2023-09-26,Employees/Designated Employees,Market Sale,Sell,Equity Shares,519.0,0.0,0.0,0.0,0.0,519.0,0.0,,0.0
BAJAJ-AUTO,2023-10-03 11:23:00,2023-09-29,2023-09-28,2023-09-28,Employees/Designated Employees,ESOP,Buy,Equity Shares,454.0,0.0,0.0,0.0,0.0,,0.0,454.0,0.0
BAJAJ-AUTO,2023-10-03 11:23:00,2023-09-29,2023-09-26,2023-09-26,Employees/Designated Employees,ESOP,Buy,Equity Shares,314.0,0.0,0.0,0.0,0.0,454.0,0.0,768.0,0.0
BAJAJ-AUTO,2023-10-03 11:23:00,2023-09-29,2023-09-29,2023-09-29,Employees/Designated Employees,Market Sale,Sell,Equity Shares,768.0,0.0,0.0,0.0,0.0,768.0,0.0,,0.0
BAJAJ-AUTO,2023-10-30 14:15:00,2023-10-27,2023-10-23,2023-10-23,Employees/Designated Employees,Market Sale,Sell,Equity Shares,50.0,0.0,0.0,0.0,0.0,6000.0,0.0,5950.0,0.0
BAJAJ-AUTO,2023-10-30 14:15:00,2023-10-27,2023-10-26,2023-10-26,Employees/Designated Employees,Market Sale,Sell,Equity Shares,25.0,0.0,0.0,0.0,0.0,5950.0,0.0,5925.0,0.0
BAJAJ-AUTO,2023-10-30 14:15:00,2023-10-27,2023-10-27,2023-10-27,Employees/Designated Employees,Market Sale,Sell,Equity Shares,150.0,0.0,0.0,0.0,0.0,5925.0,0.0,5775.0,0.0
BAJAJ-AUTO,2023-10-30 14:15:00,2023-10-28,2023-10-27,2023-10-28,Employees/Designated Employees,ESOP,Buy,Equity Shares,998.0,0.0,0.0,0.0,0.0,,0.0,998.0,0.0
BAJAJ-AUTO,2023-11-06 09:30:00,2023-11-02,2023-10-31,2023-10-31,Employees/Designated Employees,ESOP,Buy,Equity Shares,700.0,0.0,0.0,0.0,0.0,5775.0,0.0,6475.0,0.0
BAJAJ-AUTO,2023-11-07 10:42:00,2023-11-06,2023-11-06,2023-11-06,Employees/Designated Employees,Market Sale,Sell,Equity Shares,2017.0,0.0,0.0,0.0,0.0,2017.0,0.0,,0.0
BAJAJ-AUTO,2023-11-08 14:48:00,2023-11-08,2023-11-08,2023-11-08,Employees/Designated Employees,Market Sale,Sell,Equity Shares,600.0,0.0,0.0,0.0,0.0,600.0,0.0,,0.0
BAJAJ-AUTO,2023-11-08 14:48:00,2023-11-07,2023-11-06,2023-11-06,Employees/Designated Employees,ESOP,Buy,Equity Shares,600.0,0.0,0.0,0.0,0.0,,0.0,600.0,0.0
BAJAJ-AUTO,2023-11-09 14:06:00,2023-11-09,2023-11-01,2023-11-01,Employees/Designated Employees,Market Sale,Sell,Equity Shares,100.0,0.0,0.0,0.0,0.0,6400.0,0.0,6300.0,0.0
BAJAJ-AUTO,2023-11-09 14:06:00,2023-11-09,2023-11-08,2023-11-08,Employees/Designated Employees,ESOP,Buy,Equity Shares,200.0,0.0,0.0,0.0,0.0,6300.0,0.0,6500.0,0.0
BAJAJ-AUTO,2023-11-09 14:06:00,2023-11-09,2023-11-09,2023-11-09,Employees/Designated Employees,ESOP,Buy,Equity Shares,500.0,0.0,0.0,0.0,0.0,,0.0,500.0,0.0
BAJAJ-AUTO,2023-11-09 14:06:00,2023-11-09,2023-11-01,2023-11-01,Employees/Designated Employees,Market Sale,Sell,Equity Shares,75.0,0.0,0.0,0.0,0.0,6475.0,0.0,6400.0,0.0
BAJAJ-AUTO,2023-11-20 10:32:00,2023-11-20,2023-11-10,2023-11-10,Employees/Designated Employees,Market Sale,Sell,Equity Shares,50.0,0.0,0.0,0.0,0.0,6500.0,0.0,6450.0,0.0
BAJAJ-AUTO,2023-11-20 10:32:00,2023-11-20,2023-11-12,2023-11-12,Employees/Designated Employees,Market Sale,Sell,Equity Shares,50.0,0.0,0.0,0.0,0.0,6450.0,0.0,6400.0,0.0
BAJAJ-AUTO,2023-11-20 10:32:00,2023-11-20,2023-11-15,2023-11-15,Employees/Designated Employees,Market Sale,Sell,Equity Shares,100.0,0.0,0.0,0.0,0.0,6400.0,0.0,6300.0,0.0
BAJAJ-AUTO,2023-11-20 10:32:00,2023-11-20,2023-11-13,2023-11-13,Employees/Designated Employees,Market Sale,Sell,Equity Shares,400.0,0.0,0.0,0.0,0.0,500.0,0.0,100.0,0.0
BAJAJ-AUTO,2023-11-20 10:36:00,2023-11-17,2023-11-06,2023-11-06,Employees/Designated Employees,Market Sale,Sell,Equity Shares,110.0,0.0,0.0,0.0,0.0,110.0,0.0,,0.0
BAJAJ-AUTO,2023-11-20 10:36:00,2023-11-17,2023-11-09,2023-11-09,Employees/Designated Employees,ESOP,Buy,Equity Shares,75.0,0.0,0.0,0.0,0.0,,0.0,75.0,0.0
BAJAJ-AUTO,2023-11-20 10:36:00,2023-11-17,2023-11-03,2023-11-03,Employees/Designated Employees,ESOP,Buy,Equity Shares,110.0,0.0,0.0,0.0,0.0,,0.0,110.0,0.0
BAJAJ-AUTO,2023-11-23 14:39:00,2023-11-22,2023-11-21,2023-11-21,Employees/Designated Employees,Market Sale,Sell,Equity Shares,250.0,0.0,0.0,0.0,0.0,998.0,0.0,748.0,0.0
BAJAJ-AUTO,2023-11-23 14:39:00,2023-11-22,2023-11-21,2023-11-21,Employees/Designated Employees,Market Sale,Sell,Equity Shares,250.0,0.0,0.0,0.0,0.0,6300.0,0.0,6050.0,0.0
BAJAJ-AUTO,2023-11-27 16:51:00,2023-11-27,2023-11-23,2023-11-23,Employees/Designated Employees,ESOP,Buy,Equity Shares,440.0,0.0,0.0,0.0,0.0,,0.0,440.0,0.0
BAJAJ-AUTO,2023-11-27 16:51:00,2023-11-24,2023-10-25,2023-10-25,Employees/Designated Employees,ESOP,Buy,Equity Shares,48.0,0.0,0.0,0.0,0.0,625.0,0.0,673.0,0.0
BAJAJ-AUTO,2023-11-27 16:51:00,2023-11-24,2023-11-23,2023-11-23,Employees/Designated Employees,ESOP,Buy,Equity Shares,48.0,0.0,0.0,0.0,0.0,579.0,0.0,627.0,0.0
BAJAJ-AUTO,2023-11-27 16:51:00,2023-11-24,2023-11-24,2023-11-24,Employees/Designated Employees,Market Sale,Sell,Equity Shares,43.0,0.0,0.0,0.0,0.0,639.0,0.0,596.0,0.0
BAJAJ-AUTO,2023-11-27 16:51:00,2023-11-24,2023-11-23,2023-11-23,Employees/Designated Employees,ESOP,Buy,Equity Shares,12.0,0.0,0.0,0.0,0.0,627.0,0.0,639.0,0.0
BAJAJ-AUTO,2023-11-27 16:51:00,2023-11-24,2023-11-07,2023-11-07,Employees/Designated Employees,Market Sale,Sell,Equity Shares,47.0,0.0,0.0,0.0,0.0,626.0,0.0,579.0,0.0
BAJAJ-AUTO,2023-11-27 16:51:00,2023-11-24,2023-11-03,2023-11-03,Employees/Designated Employees,Market Sale,Sell,Equity Shares,47.0,0.0,0.0,0.0,0.0,673.0,0.0,626.0,0.0
BAJAJ-AUTO,2023-11-29 19:18:00,2023-11-27,2023-11-23,2023-11-23,Employees/Designated Employees,ESOP,Buy,Equity Shares,400.0,0.0,0.0,0.0,0.0,6500.0,0.0,6900.0,0.0
BAJAJ-AUTO,2023-11-30 11:45:00,2023-11-28,2023-11-22,2023-11-22,Employees/Designated Employees,Market Sale,Sell,Equity Shares,148.0,0.0,0.0,0.0,0.0,748.0,0.0,600.0,0.0
BAJAJ-AUTO,2023-11-30 11:45:00,2023-11-28,2023-11-28,2023-11-28,Employees/Designated Employees,Market Sale,Sell,Equity Shares,440.0,0.0,0.0,0.0,0.0,440.0,0.0,,0.0
BAJAJ-AUTO,2023-11-30 11:45:00,2023-11-28,2023-11-28,2023-11-28,Employees/Designated Employees,Market Sale,Sell,Equity Shares,102.0,0.0,0.0,0.0,0.0,400.0,0.0,298.0,0.0
BAJAJ-AUTO,2023-11-30 11:45:00,2023-11-28,2023-11-23,2023-11-23,Employees/Designated Employees,Market Sale,Sell,Equity Shares,98.0,0.0,0.0,0.0,0.0,600.0,0.0,502.0,0.0
BAJAJ-AUTO,2023-11-30 11:45:00,2023-11-28,2023-11-23,2023-11-23,Employees/Designated Employees,Market Sale,Sell,Equity Shares,102.0,0.0,0.0,0.0,0.0,502.0,0.0,400.0,0.0
BAJAJ-AUTO,2023-11-30 17:16:00,2023-11-30,2023-11-30,2023-11-30,Employees/Designated Employees,ESOP,Buy,Equity Shares,374.0,0.0,0.0,0.0,0.0,,0.0,374.0,0.0
BAJAJ-AUTO,2023-11-30 17:16:00,2023-11-30,2023-11-30,2023-11-30,Employees/Designated Employees,Market Sale,Sell,Equity Shares,300.0,0.0,0.0,0.0,0.0,6900.0,0.0,6600.0,0.0
BAJAJ-AUTO,2023-12-05 13:29:00,2023-12-02,2023-12-01,2023-12-01,Employees/Designated Employees,Pledge Creation,Pledge,Equity Shares,15346.0,0.0,0.0,0.0,0.0,15346.0,0.0,15346.0,0.0
BAJAJ-AUTO,2023-12-05 13:29:00,2023-12-02,2023-12-01,2023-12-01,Employees/Designated Employees,ESOP,Buy,Equity Shares,600.0,0.0,0.0,0.0,0.0,,0.0,600.0,0.0
BAJAJ-AUTO,2023-12-05 13:29:00,2023-12-02,2023-12-01,2023-12-01,Employees/Designated Employees,ESOP,Buy,Equity Shares,15346.0,0.0,0.0,0.0,0.0,,0.0,15346.0,0.0
BAJAJ-AUTO,2023-12-05 13:35:00,2023-12-02,2023-12-01,2023-12-01,Employees/Designated Employees,ESOP,Buy,Equity Shares,600.0,0.0,0.0,0.0,0.0,,0.0,600.0,0.0
BAJAJ-AUTO,2023-12-05 13:35:00,2023-12-02,2023-12-01,2023-12-01,Employees/Designated Employees,ESOP,Buy,Equity Shares,15346.0,0.0,0.0,0.0,0.0,,0.0,15346.0,0.0
BAJAJ-AUTO,2023-12-05 13:35:00,2023-12-02,2023-12-01,2023-12-01,Employees/Designated Employees,Pledge Creation,Pledge,Equity Shares,15346.0,0.0,0.0,0.0,0.0,15346.0,0.0,15346.0,0.0
BAJAJ-AUTO,2023-12-05 13:41:00,2023-12-02,2023-12-01,2023-12-01,Employees/Designated Employees,ESOP,Buy,Equity Shares,15346.0,0.0,0.0,0.0,0.0,,0.0,15346.0,0.0
BAJAJ-AUTO,2023-12-05 13:41:00,2023-12-02,2023-12-01,2023-12-01,Employees/Designated Employees,ESOP,Buy,Equity Shares,600.0,0.0,0.0,0.0,0.0,,0.0,600.0,0.0
BAJAJ-AUTO,2023-12-05 13:41:00,2023-12-02,2023-12-01,2023-12-01,Employees/Designated Employees,Pledge Creation,Pledge,Equity Shares,15346.0,0.0,0.0,0.0,0.0,15346.0,0.0,15346.0,0.0
BAJAJ-AUTO,2023-12-07 16:08:00,2023-12-06,2023-12-05,2023-12-05,Employees/Designated Employees,Market Sale,Sell,Equity Shares,5656.0,0.0,0.0,0.0,0.0,5656.0,0.0,,0.0
BAJAJ-AUTO,2023-12-07 16:08:00,2023-12-06,2023-12-05,2023-12-05,Employees/Designated Employees,Market Sale,Sell,Equity Shares,274.0,0.0,0.0,0.0,0.0,374.0,0.0,100.0,0.0
BAJAJ-AUTO,2023-12-07 16:08:00,2023-12-05,2023-12-05,2023-12-05,Employees/Designated Employees,Market Sale,Sell,Equity Shares,400.0,0.0,0.0,0.0,0.0,400.0,0.0,,0.0
BAJAJ-AUTO,2023-12-07 16:08:00,2023-12-05,2023-12-05,2023-12-05,Employees/Designated Employees,ESOP,Buy,Equity Shares,519.0,0.0,0.0,0.0,0.0,,0.0,519.0,0.0
BAJAJ-AUTO,2023-12-07 16:08:00,2023-12-05,2023-12-05,2023-12-05,Employees/Designated Employees,ESOP,Buy,Equity Shares,5656.0,0.0,0.0,0.0,0.0,,0.0,5656.0,0.0
BAJAJ-AUTO,2023-12-07 16:08:00,2023-12-05,2023-11-09,2023-11-09,Employees/Designated Employees,Market Sale,Sell,Equity Shares,70.0,0.0,0.0,0.0,0.0,75.0,0.0,5.0,0.0
BAJAJ-AUTO,2023-12-07 16:08:00,2023-12-05,2023-11-13,2023-11-13,Employees/Designated Employees,ESOP,Buy,Equity Shares,41.0,0.0,0.0,0.0,0.0,5.0,0.0,46.0,0.0
BAJAJ-AUTO,2023-12-07 16:08:00,,2023-11-20,2023-11-20,Employees/Designated Employees,Market Sale,Sell,Equity Shares,46.0,0.0,0.0,0.0,0.0,46.0,0.0,,0.0
BAJAJ-AUTO,2023-12-07 16:08:00,2023-12-05,2023-11-30,2023-11-30,Employees/Designated Employees,ESOP,Buy,Equity Shares,100.0,0.0,0.0,0.0,0.0,,0.0,100.0,0.0
BAJAJ-AUTO,2023-12-07 16:08:00,2023-12-05,2023-12-05,2023-12-05,Employees/Designated Employees,ESOP,Buy,Equity Shares,200.0,0.0,0.0,0.0,0.0,,0.0,200.0,0.0
BAJAJ-AUTO,2023-12-07 16:08:00,2023-12-05,2023-12-05,2023-12-05,Employees/Designated Employees,Market Sale,Sell,Equity Shares,200.0,0.0,0.0,0.0,0.0,200.0,0.0,,0.0
BAJAJ-AUTO,2023-12-08 18:05:00,2023-12-07,2023-12-07,2023-12-07,Employees/Designated Employees,ESOP,Buy,Equity Shares,451.0,0.0,0.0,0.0,0.0,,0.0,451.0,0.0
BAJAJ-AUTO,2023-12-08 18:05:00,2023-12-08,2023-12-06,2023-12-06,Employees/Designated Employees,Market Sale,Sell,Equity Shares,519.0,0.0,0.0,0.0,0.0,519.0,0.0,,0.0
BAJAJ-AUTO,2023-12-08 18:05:00,2023-12-06,2023-12-05,2023-12-05,Employees/Designated Employees,ESOP,Buy,Equity Shares,400.0,0.0,0.0,0.0,0.0,6600.0,0.0,7000.0,0.0
BAJAJ-AUTO,2023-12-12 17:48:00,2023-12-11,2023-12-04,2023-12-04,Employees/Designated Employees,Revokation of Pledge,Pledge Revoke,Equity Shares,15346.0,0.0,0.0,0.0,0.0,15346.0,0.0,15346.0,0.0
BAJAJ-AUTO,2023-12-13 16:14:00,2023-12-13,2023-12-05,2023-12-05,Employees/Designated Employees,Market Sale,Sell,Equity Shares,124.0,0.0,0.0,0.0,0.0,124.0,0.0,,0.0
BAJAJ-AUTO,2023-12-13 16:14:00,2023-12-13,2023-12-13,2023-12-13,Employees/Designated Employees,ESOP,Buy,Equity Shares,220.0,0.0,0.0,0.0,0.0,,0.0,220.0,0.0
BAJAJ-AUTO,2023-12-13 16:14:00,2023-12-13,2023-12-13,2023-12-13,Employees/Designated Employees,Market Sale,Sell,Equity Shares,451.0,0.0,0.0,0.0,0.0,451.0,0.0,,0.0
BAJAJ-AUTO,2023-12-13 16:14:00,2023-12-13,2023-12-04,2023-12-04,Employees/Designated Employees,Market Sale,Sell,Equity Shares,600.0,0.0,0.0,0.0,0.0,600.0,0.0,,0.0
BAJAJ-AUTO,2023-12-13 16:14:00,2023-12-13,2023-12-04,2023-12-04,Employees/Designated Employees,ESOP,Buy,Equity Shares,24.0,0.0,0.0,0.0,0.0,100.0,0.0,124.0,0.0
BAJAJ-AUTO,2023-12-13 16:14:00,2023-12-13,2023-12-13,2023-12-13,Employees/Designated Employees,ESOP,Buy,Equity Shares,500.0,0.0,0.0,0.0,0.0,,0.0,500.0,0.0
BAJAJ-AUTO,2023-12-15 16:31:00,2023-12-14,2023-11-30,2023-11-30,Employees/Designated Employees,ESOP,Buy,Equity Shares,46.0,0.0,0.0,0.0,0.0,656.0,0.0,702.0,0.0
BAJAJ-AUTO,2023-12-15 16:31:00,2023-12-14,2023-12-12,2023-12-12,Employees/Designated Employees,ESOP,Buy,Equity Shares,45.0,0.0,0.0,0.0,0.0,660.0,0.0,705.0,0.0
BAJAJ-AUTO,2023-12-15 16:31:00,2023-12-14,2023-12-14,2023-12-14,Employees/Designated Employees,ESOP,Buy,Equity Shares,143.0,0.0,0.0,0.0,0.0,7000.0,0.0,7143.0,0.0
BAJAJ-AUTO,2023-12-15 16:31:00,2023-12-14,2023-12-14,2023-12-14,Employees/Designated Employees,Market Sale,Sell,Equity Shares,143.0,0.0,0.0,0.0,0.0,7143.0,0.0,7000.0,0.0
BAJAJ-AUTO,2023-12-15 16:31:00,2023-12-14,2023-11-24,2023-11-24,Employees/Designated Employees,ESOP,Buy,Equity Shares,12.0,0.0,0.0,0.0,0.0,596.0,0.0,608.0,0.0
BAJAJ-AUTO,2023-12-15 16:31:00,2023-12-14,2023-12-07,2023-12-07,Employees/Designated Employees,Market Sale,Sell,Equity Shares,42.0,0.0,0.0,0.0,0.0,702.0,0.0,660.0,0.0
BAJAJ-AUTO,2023-12-15 16:31:00,2023-12-14,2023-12-13,2023-12-13,Employees/Designated Employees,Market Sale,Sell,Equity Shares,45.0,0.0,0.0,0.0,0.0,705.0,0.0,660.0,0.0
BAJAJ-AUTO,2023-12-15 16:31:00,2023-12-14,2023-12-14,2023-12-14,Employees/Designated Employees,ESOP,Buy,Equity Shares,45.0,0.0,0.0,0.0,0.0,660.0,0.0,705.0,0.0
BAJAJ-AUTO,2023-12-15 16:31:00,2023-12-14,2023-12-14,2023-12-14,Employees/Designated Employees,ESOP,Buy,Equity Shares,400.0,0.0,0.0,0.0,0.0,,0.0,400.0,0.0
BAJAJ-AUTO,2023-12-15 16:31:00,2023-12-13,2023-12-13,2023-12-13,Employees/Designated Employees,Market Sale,Sell,Equity Shares,220.0,0.0,0.0,0.0,0.0,220.0,0.0,,0.0
BAJAJ-AUTO,2023-12-15 16:31:00,2023-12-15,2023-12-15,2023-12-15,Employees/Designated Employees,Market Sale,Sell,Equity Shares,500.0,0.0,0.0,0.0,0.0,500.0,0.0,,0.0
BAJAJ-AUTO,2023-12-15 16:31:00,2023-12-14,2023-11-24,2023-11-24,Employees/Designated Employees,ESOP,Buy,Equity Shares,48.0,0.0,0.0,0.0,0.0,608.0,0.0,656.0,0.0
BAJAJ-AUTO,2023-12-19 17:04:00,2023-12-15,2023-12-15,2023-12-15,Immediate relative,Gift,Buy,Equity Shares,750.0,0.0,0.0,0.0,0.0,1594.0,0.0,2344.0,0.0
BAJAJ-AUTO,2023-12-19 17:04:00,2023-12-15,2023-12-15,2023-12-15,Employees/Designated Employees,Gift,Sell,Equity Shares,750.0,0.0,0.0,0.0,0.0,750.0,0.0,,0.0
BAJAJ-AUTO,2023-12-19 17:04:00,2023-12-15,2023-12-14,2023-12-14,Employees/Designated Employees,ESOP,Buy,Equity Shares,45.0,0.0,0.0,0.0,0.0,705.0,0.0,750.0,0.0
BAJAJ-AUTO,2023-12-19 17:04:00,2023-12-17,2023-12-15,2023-12-15,Employees/Designated Employees,Market Sale,Sell,Equity Shares,150.0,0.0,0.0,0.0,0.0,400.0,0.0,250.0,0.0
BAJAJ-AUTO,2023-12-19 17:04:00,2023-12-18,2023-12-15,2023-12-15,Employees/Designated Employees,Market Sale,Sell,Equity Shares,100.0,0.0,0.0,0.0,0.0,7000.0,0.0,6900.0,0.0
BAJAJ-AUTO,2023-12-19 17:04:00,2023-12-18,2023-12-18,2023-12-18,Employees/Designated Employees,Market Sale,Sell,Equity Shares,100.0,0.0,0.0,0.0,0.0,6900.0,0.0,6800.0,0.0
BAJAJ-AUTO,2023-12-19 17:04:00,2023-12-17,2023-12-15,2023-12-15,Employees/Designated Employees,Market Sale,Sell,Equity Shares,250.0,0.0,0.0,0.0,0.0,250.0,0.0,,0.0
BAJAJ-AUTO,2023-12-22 14:28:00,2023-12-21,2023-12-21,2023-12-21,Employees/Designated Employees,ESOP,Buy,Equity Shares,135.0,0.0,0.0,0.0,0.0,,0.0,135.0,0.0
BAJAJ-AUTO,2023-12-22 14:28:00,2023-12-21,2023-12-21,2023-12-21,Employees/Designated Employees,ESOP,Buy,Equity Shares,700.0,0.0,0.0,0.0,0.0,,0.0,700.0,0.0
BAJAJ-AUTO,2023-12-22 14:28:00,2023-12-21,2023-12-21,2023-12-21,Employees/Designated Employees,Market Sale,Sell,Equity Shares,135.0,0.0,0.0,0.0,0.0,135.0,0.0,,0.0
BAJAJ-AUTO,2024-01-01 15:03:00,2024-01-01,2023-12-21,2023-12-21,Employees/Designated Employees,Market Sale,Sell,Equity Shares,141.0,0.0,0.0,0.0,0.0,2370.0,0.0,2229.0,0.0
BAJAJ-AUTO,2024-01-01 15:03:00,2024-01-01,2023-12-21,2023-12-21,Employees/Designated Employees,ESOP,Buy,Equity Shares,200.0,0.0,0.0,0.0,0.0,2170.0,0.0,2370.0,0.0
BAJAJ-AUTO,2024-01-01 15:03:00,2024-01-01,2023-11-23,2023-11-23,Employees/Designated Employees,ESOP,Buy,Equity Shares,120.0,0.0,0.0,0.0,0.0,2050.0,0.0,2170.0,0.0
BAJAJ-AUTO,2024-01-01 15:16:00,2024-01-01,2023-12-18,2023-12-18,Employees/Designated Employees,Market Sale,Sell,Equity Shares,50.0,0.0,0.0,0.0,0.0,6750.0,0.0,6700.0,0.0
BAJAJ-AUTO,2024-01-01 15:16:00,2024-01-01,2023-12-18,2023-12-18,Employees/Designated Employees,Market Sale,Sell,Equity Shares,50.0,0.0,0.0,0.0,0.0,6800.0,0.0,6750.0,0.0
BAJAJ-AUTO,2024-01-01 15:16:00,2024-01-01,2023-12-22,2023-12-22,Employees/Designated Employees,Market Sale,Sell,Equity Shares,100.0,0.0,0.0,0.0,0.0,6700.0,0.0,6600.0,0.0
BAJAJ-AUTO,2024-01-03 10:01:00,2024-01-02,2023-12-18,2023-12-18,Employees/Designated Employees,Market Sale,Sell,Equity Shares,50.0,0.0,0.0,0.0,0.0,6750.0,0.0,6700.0,0.0
BAJAJ-AUTO,2024-01-03 10:01:00,2024-01-02,2023-12-22,2023-12-22,Employees/Designated Employees,Market Sale,Sell,Equity Shares,100.0,0.0,0.0,0.0,0.0,6700.0,0.0,6600.0,0.0
BAJAJ-AUTO,2024-01-03 10:01:00,2024-01-02,2023-12-18,2023-12-18,Employees/Designated Employees,Market Sale,Sell,Equity Shares,50.0,0.0,0.0,0.0,0.0,6800.0,0.0,6750.0,0.0
BAJAJ-AUTO,2024-01-03 10:01:00,2024-01-02,2023-12-27,2023-12-27,Employees/Designated Employees,Market Sale,Sell,Equity Shares,600.0,0.0,0.0,0.0,0.0,700.0,0.0,100.0,0.0
BAJAJ-AUTO,2024-01-03 10:01:00,2024-01-02,2023-12-26,2023-12-26,Employees/Designated Employees,Market Sale,Sell,Equity Shares,50.0,0.0,0.0,0.0,0.0,6600.0,0.0,6550.0,0.0
BAJAJ-AUTO,2024-01-03 10:05:00,2024-01-02,2023-12-27,2023-12-27,Employees/Designated Employees,Market Sale,Sell,Equity Shares,100.0,0.0,0.0,0.0,0.0,6500.0,0.0,6400.0,0.0
BAJAJ-AUTO,2024-01-03 10:05:00,2024-01-02,2023-12-27,2023-12-27,Employees/Designated Employees,Market Sale,Sell,Equity Shares,50.0,0.0,0.0,0.0,0.0,6550.0,0.0,6500.0,0.0
BAJAJ-AUTO,2024-01-03 10:09:00,2024-01-02,2023-12-28,2023-12-28,Employees/Designated Employees,ESOP,Buy,Equity Shares,100.0,0.0,0.0,0.0,0.0,,0.0,100.0,0.0
BAJAJ-AUTO,2024-01-03 10:09:00,2024-01-02,2023-12-28,2023-12-28,Employees/Designated Employees,Market Sale,Sell,Equity Shares,100.0,0.0,0.0,0.0,0.0,100.0,0.0,,0.0
BAJAJ-AUTO,2024-01-03 10:22:00,2024-01-02,2023-11-16,2023-11-16,Employees/Designated Employees,Market Sale,Sell,Equity Shares,5.0,0.0,0.0,0.0,0.0,5.0,0.0,,0.0
BAJAJ-AUTO,2024-01-03 10:22:00,2024-01-02,2023-11-22,2023-11-22,Employees/Designated Employees,ESOP,Buy,Equity Shares,51.0,0.0,0.0,0.0,0.0,,0.0,51.0,0.0
BAJAJ-AUTO,2024-01-03 10:22:00,2024-01-02,2023-11-28,2023-11-28,Employees/Designated Employees,Market Sale,Sell,Equity Shares,51.0,0.0,0.0,0.0,0.0,51.0,0.0,,0.0
BAJAJ-AUTO,2024-01-03 10:22:00,2024-01-02,2023-12-05,2023-12-05,Employees/Designated Employees,ESOP,Buy,Equity Shares,50.0,0.0,0.0,0.0,0.0,,0.0,50.0,0.0
BAJAJ-AUTO,2024-01-03 10:22:00,2024-01-02,2023-12-14,2023-12-14,Employees/Designated Employees,Market Sale,Sell,Equity Shares,3.0,0.0,0.0,0.0,0.0,50.0,0.0,47.0,0.0
BAJAJ-AUTO,2024-01-03 10:22:00,2024-01-02,2023-12-27,2023-12-27,Employees/Designated Employees,Market Sale,Sell,Equity Shares,47.0,0.0,0.0,0.0,0.0,47.0,0.0,,0.0
BAJAJ-AUTO,2024-01-03 10:25:00,2024-01-02,2023-12-27,2023-12-27,Employees/Designated Employees,ESOP,Buy,Equity Shares,300.0,0.0,0.0,0.0,0.0,6400.0,0.0,6700.0,0.0
BAJAJ-AUTO,2024-02-02 11:05:00,2024-02-01,2024-01-29,2024-01-29,Employees/Designated Employees,ESOP,Buy,Equity Shares,300.0,0.0,0.0,0.0,0.0,6700.0,0.0,7000.0,0.0
BAJAJ-AUTO,2024-02-02 11:05:00,2024-02-01,2024-01-30,2024-01-30,Employees/Designated Employees,Market Sale,Sell,Equity Shares,0.0,0.0,0.0,0.0,0.0,306.0,0.0,306.0,0.0
BAJAJ-AUTO,2024-02-02 11:05:00,2024-02-01,2023-08-31,2023-08-31,Employees/Designated Employees,ESOP,Buy,Equity Shares,306.0,0.0,0.0,0.0,0.0,,0.0,306.0,0.0
BAJAJ-AUTO,2024-02-02 11:17:00,2024-02-01,2023-12-21,2023-12-21,Employees/Designated Employees,Market Sale,Sell,Equity Shares,2.0,0.0,0.0,0.0,0.0,2229.0,0.0,2227.0,0.0
BAJAJ-AUTO,2024-02-02 11:17:00,2024-02-01,2024-01-30,2024-01-30,Employees/Designated Employees,ESOP,Buy,Equity Shares,200.0,0.0,0.0,0.0,0.0,2693.0,0.0,2893.0,0.0
BAJAJ-AUTO,2024-02-02 11:17:00,2024-02-01,2024-01-30,2024-01-30,Employees/Designated Employees,ESOP,Buy,Equity Shares,125.0,0.0,0.0,0.0,0.0,2893.0,0.0,3018.0,0.0
BAJAJ-AUTO,2024-02-02 11:17:00,2024-02-01,2024-01-30,2024-01-30,Employees/Designated Employees,ESOP,Buy,Equity Shares,125.0,0.0,0.0,0.0,0.0,3018.0,0.0,3143.0,0.0
BAJAJ-AUTO,2024-02-02 11:22:00,2024-02-01,2024-01-29,2024-01-29,Employees/Designated Employees,ESOP,Buy,Equity Shares,179.0,0.0,0.0,0.0,0.0,2514.0,0.0,2693.0,0.0
BAJAJ-AUTO,2024-02-02 11:22:00,2024-02-01,2024-01-27,2024-01-27,Employees/Designated Employees,ESOP,Buy,Equity Shares,150.0,0.0,0.0,0.0,0.0,2377.0,0.0,2527.0,0.0
BAJAJ-AUTO,2024-02-02 11:22:00,2024-02-01,2024-01-24,2024-01-24,Employees/Designated Employees,ESOP,Buy,Equity Shares,150.0,0.0,0.0,0.0,0.0,2227.0,0.0,2377.0,0.0
BAJAJ-AUTO,2024-02-02 11:22:00,2024-02-01,2024-01-28,2024-01-28,Employees/Designated Employees,Market Sale,Sell,Equity Shares,13.0,0.0,0.0,0.0,0.0,2527.0,0.0,2514.0,0.0
BAJAJ-AUTO,2024-02-05 10:09:00,2024-02-02,2024-02-01,2024-02-01,Employees/Designated Employees,Market Sale,Sell,Equity Shares,500.0,0.0,0.0,0.0,0.0,2315.0,0.0,1815.0,0.0
BAJAJ-AUTO,2024-02-05 10:09:00,2024-02-02,2024-01-29,2024-01-29,Employees/Designated Employees,ESOP,Buy,Equity Shares,400.0,0.0,0.0,0.0,0.0,,0.0,400.0,0.0
BAJAJ-AUTO,2024-02-05 10:09:00,2024-02-02,2024-01-29,2024-01-29,Employees/Designated Employees,ESOP,Buy,Equity Shares,2224.0,0.0,0.0,0.0,0.0,20.0,0.0,2244.0,0.0
BAJAJ-AUTO,2024-02-05 10:09:00,2024-02-02,2024-01-30,2024-01-30,Employees/Designated Employees,Market Sale,Sell,Equity Shares,128.0,0.0,0.0,0.0,0.0,3143.0,0.0,3015.0,0.0
BAJAJ-AUTO,2024-02-05 10:09:00,2024-02-02,2024-01-30,2024-01-30,Employees/Designated Employees,Market Sale,Sell,Equity Shares,700.0,0.0,0.0,0.0,0.0,3015.0,0.0,2315.0,0.0
BAJAJ-AUTO,2024-02-07 14:47:00,2024-02-07,2024-02-07,2024-02-07,Employees/Designated Employees,ESOP,Buy,Equity Shares,451.0,0.0,0.0,0.0,0.0,,0.0,451.0,0.0
BAJAJ-AUTO,2024-02-07 14:47:00,2024-02-06,2024-02-02,2024-02-02,Employees/Designated Employees,Market Sale,Sell,Equity Shares,200.0,0.0,0.0,0.0,0.0,400.0,0.0,200.0,0.0
BAJAJ-AUTO,2024-02-07 14:47:00,2024-02-07,2024-02-07,2024-02-07,Employees/Designated Employees,ESOP,Buy,Equity Shares,761.0,0.0,0.0,0.0,0.0,100.0,0.0,861.0,0.0
BAJAJ-AUTO,2024-02-08 11:17:00,2024-02-07,2024-02-07,2024-02-07,Employees/Designated Employees,ESOP,Buy,Equity Shares,600.0,0.0,0.0,0.0,0.0,3413.0,0.0,4013.0,0.0
BAJAJ-AUTO,2024-02-08 11:17:00,2024-02-07,2024-02-07,2024-02-07,Employees/Designated Employees,ESOP,Buy,Equity Shares,600.0,0.0,0.0,0.0,0.0,2813.0,0.0,3413.0,0.0
BAJAJ-AUTO,2024-02-08 11:17:00,2024-02-07,2024-02-06,2024-02-06,Employees/Designated Employees,ESOP,Buy,Equity Shares,298.0,0.0,0.0,0.0,0.0,2515.0,0.0,2813.0,0.0
BAJAJ-AUTO,2024-02-08 11:17:00,2024-02-07,2024-02-06,2024-02-06,Employees/Designated Employees,ESOP,Buy,Equity Shares,300.0,0.0,0.0,0.0,0.0,2215.0,0.0,2515.0,0.0
BAJAJ-AUTO,2024-02-08 11:17:00,2024-02-07,2024-02-02,2024-02-02,Employees/Designated Employees,ESOP,Buy,Equity Shares,200.0,0.0,0.0,0.0,0.0,2015.0,0.0,2215.0,0.0
BAJAJ-AUTO,2024-02-08 11:17:00,2024-02-07,2024-02-01,2024-02-01,Employees/Designated Employees,ESOP,Buy,Equity Shares,200.0,0.0,0.0,0.0,0.0,1815.0,0.0,2015.0,0.0
BAJAJ-AUTO,2024-02-08 11:17:00,2024-02-07,2024-02-07,2024-02-07,Employees/Designated Employees,ESOP,Buy,Equity Shares,600.0,0.0,0.0,0.0,0.0,3413.0,0.0,4013.0,0.0
BAJAJ-AUTO,2024-02-08 11:17:00,2024-02-07,2024-02-07,2024-02-07,Employees/Designated Employees,ESOP,Buy,Equity Shares,600.0,0.0,0.0,0.0,0.0,2813.0,0.0,3413.0,0.0
BAJAJ-AUTO,2024-02-08 11:17:00,2024-02-07,2024-02-06,2024-02-06,Employees/Designated Employees,ESOP,Buy,Equity Shares,298.0,0.0,0.0,0.0,0.0,2515.0,0.0,2813.0,0.0
BAJAJ-AUTO,2024-02-08 11:17:00,2024-02-07,2024-02-06,2024-02-06,Employees/Designated Employees,ESOP,Buy,Equity Shares,300.0,0.0,0.0,0.0,0.0,2215.0,0.0,2515.0,0.0
BAJAJ-AUTO,2024-02-08 11:17:00,2024-02-07,2024-02-01,2024-02-01,Employees/Designated Employees,ESOP,Buy,Equity Shares,200.0,0.0,0.0,0.0,0.0,1815.0,0.0,2015.0,0.0
BAJAJ-AUTO,2024-02-08 11:17:00,2024-02-07,2024-02-02,2024-02-02,Employees/Designated Employees,ESOP,Buy,Equity Shares,200.0,0.0,0.0,0.0,0.0,2015.0,0.0,2215.0,0.0
BAJAJ-AUTO,2024-02-15 15:00:00,2024-02-15,2024-02-09,2024-02-09,Employees/Designated Employees,Market Sale,Sell,Equity Shares,761.0,0.0,0.0,0.0,0.0,861.0,0.0,100.0,0.0
BAJAJ-AUTO,2024-02-15 15:00:00,2024-02-15,2024-02-09,2024-02-09,Employees/Designated Employees,Market Sale,Sell,Equity Shares,761.0,0.0,0.0,0.0,0.0,861.0,0.0,100.0,0.0
BAJAJ-AUTO,2024-02-15 15:00:00,2024-02-15,2023-11-03,2023-11-03,Employees/Designated Employees,Market Sale,Buy,Equity Shares,500.0,0.0,0.0,0.0,0.0,20.0,0.0,520.0,0.0
BAJAJ-AUTO,2024-02-15 15:00:00,2024-02-15,2024-02-06,2024-02-06,Employees/Designated Employees,ESOP,Buy,Equity Shares,377.0,0.0,0.0,0.0,0.0,655.0,0.0,1032.0,0.0
BAJAJ-AUTO,2024-02-15 15:00:00,2024-02-15,2023-11-03,2023-11-03,Employees/Designated Employees,Market Sale,Buy,Equity Shares,500.0,0.0,0.0,0.0,0.0,20.0,0.0,520.0,0.0
BAJAJ-AUTO,2024-02-15 15:00:00,2024-02-15,2024-02-06,2024-02-06,Employees/Designated Employees,ESOP,Buy,Equity Shares,377.0,0.0,0.0,0.0,0.0,655.0,0.0,1032.0,0.0
BAJAJ-AUTO,2024-02-15 15:00:00,2024-02-15,2024-02-06,2024-02-06,Employees/Designated Employees,ESOP,Buy,Equity Shares,135.0,0.0,0.0,0.0,0.0,520.0,0.0,655.0,0.0
BAJAJ-AUTO,2024-02-15 15:00:00,2024-02-15,2024-02-06,2024-02-06,Employees/Designated Employees,ESOP,Buy,Equity Shares,135.0,0.0,0.0,0.0,0.0,520.0,0.0,655.0,0.0
BAJAJ-AUTO,2024-02-15 15:00:00,2024-02-15,2024-02-09,2024-02-09,Employees/Designated Employees,Market Sale,Sell,Equity Shares,300.0,0.0,0.0,0.0,0.0,4013.0,0.0,3713.0,0.0
BAJAJ-AUTO,2024-02-15 15:00:00,2024-02-15,2024-02-09,2024-02-09,Employees/Designated Employees,Market Sale,Sell,Equity Shares,300.0,0.0,0.0,0.0,0.0,3713.0,0.0,3413.0,0.0
BAJAJ-AUTO,2024-02-15 15:00:00,2024-02-15,2024-02-09,2024-02-09,Employees/Designated Employees,Market Sale,Sell,Equity Shares,300.0,0.0,0.0,0.0,0.0,4013.0,0.0,3713.0,0.0
BAJAJ-AUTO,2024-02-15 15:00:00,2024-02-15,2024-02-09,2024-02-09,Employees/Designated Employees,Market Sale,Sell,Equity Shares,300.0,0.0,0.0,0.0,0.0,3713.0,0.0,3413.0,0.0
BAJAJ-AUTO,2024-02-15 15:01:00,2024-02-15,2024-02-14,2024-02-14,Employees/Designated Employees,ESOP,Buy,Equity Shares,271.0,0.0,0.0,0.0,0.0,,0.0,271.0,0.0
BAJAJ-AUTO,2024-02-15 15:01:00,2024-02-15,2024-02-14,2024-02-14,Employees/Designated Employees,ESOP,Buy,Equity Shares,271.0,0.0,0.0,0.0,0.0,,0.0,271.0,0.0
BAJAJ-AUTO,2024-02-15 15:01:00,2024-02-15,2024-02-14,2024-02-14,Employees/Designated Employees,ESOP,Buy,Equity Shares,316.0,0.0,0.0,0.0,0.0,,0.0,316.0,0.0
BAJAJ-AUTO,2024-02-15 15:01:00,2024-02-15,2024-02-14,2024-02-14,Employees/Designated Employees,ESOP,Buy,Equity Shares,316.0,0.0,0.0,0.0,0.0,,0.0,316.0,0.0
BAJAJ-AUTO,2024-02-15 15:01:00,2024-02-15,2024-02-14,2024-02-14,Employees/Designated Employees,Market Sale,Sell,Equity Shares,126.0,0.0,0.0,0.0,0.0,132.0,0.0,6.0,0.0
BAJAJ-AUTO,2024-02-15 15:01:00,2024-02-15,2024-02-14,2024-02-14,Employees/Designated Employees,ESOP,Buy,Equity Shares,120.0,0.0,0.0,0.0,0.0,12.0,0.0,132.0,0.0
BAJAJ-AUTO,2024-02-15 15:01:00,2024-02-15,2024-02-14,2024-02-14,Employees/Designated Employees,ESOP,Buy,Equity Shares,120.0,0.0,0.0,0.0,0.0,12.0,0.0,132.0,0.0
BAJAJ-AUTO,2024-02-15 15:01:00,2024-02-15,2024-02-14,2024-02-14,Employees/Designated Employees,Market Sale,Sell,Equity Shares,126.0,0.0,0.0,0.0,0.0,132.0,0.0,6.0,0.0
BAJAJ-AUTO,2024-02-15 15:02:00,2024-02-15,2024-02-08,2024-02-08,Employees/Designated Employees,Market Sale,Sell,Equity Shares,5.0,0.0,0.0,0.0,0.0,400.0,0.0,395.0,0.0
BAJAJ-AUTO,2024-02-15 15:02:00,2024-02-15,2024-02-09,2024-02-09,Employees/Designated Employees,Market Sale,Sell,Equity Shares,250.0,0.0,0.0,0.0,0.0,395.0,0.0,145.0,0.0
BAJAJ-AUTO,2024-02-15 15:02:00,2024-02-15,2024-02-09,2024-02-09,Employees/Designated Employees,Market Sale,Sell,Equity Shares,250.0,0.0,0.0,0.0,0.0,395.0,0.0,145.0,0.0
BAJAJ-AUTO,2024-02-15 15:02:00,2024-02-15,2024-02-01,2024-02-01,Employees/Designated Employees,ESOP,Buy,Equity Shares,100.0,0.0,0.0,0.0,0.0,100.0,0.0,200.0,0.0
BAJAJ-AUTO,2024-02-15 15:02:00,2024-02-15,2024-02-01,2024-02-01,Employees/Designated Employees,ESOP,Buy,Equity Shares,100.0,0.0,0.0,0.0,0.0,100.0,0.0,200.0,0.0
BAJAJ-AUTO,2024-02-15 15:02:00,2024-02-15,2024-02-06,2024-02-06,Employees/Designated Employees,ESOP,Buy,Equity Shares,200.0,0.0,0.0,0.0,0.0,200.0,0.0,400.0,0.0
BAJAJ-AUTO,2024-02-15 15:02:00,2024-02-15,2024-02-06,2024-02-06,Employees/Designated Employees,ESOP,Buy,Equity Shares,200.0,0.0,0.0,0.0,0.0,200.0,0.0,400.0,0.0
BAJAJ-AUTO,2024-02-15 15:02:00,2024-02-15,2024-02-08,2024-02-08,Employees/Designated Employees,Market Sale,Sell,Equity Shares,5.0,0.0,0.0,0.0,0.0,400.0,0.0,395.0,0.0
BAJAJ-AUTO,2024-02-15 15:02:00,2024-02-15,2024-02-14,2024-02-14,Employees/Designated Employees,ESOP,Buy,Equity Shares,316.0,0.0,0.0,0.0,0.0,,0.0,316.0,0.0
BAJAJ-AUTO,2024-02-15 15:02:00,2024-02-15,2024-02-14,2024-02-14,Employees/Designated Employees,ESOP,Buy,Equity Shares,316.0,0.0,0.0,0.0,0.0,,0.0,316.0,0.0
BAJAJ-AUTO,2024-02-15 15:02:00,2024-02-15,2024-02-14,2024-02-14,Employees/Designated Employees,ESOP,Buy,Equity Shares,271.0,0.0,0.0,0.0,0.0,,0.0,271.0,0.0
BAJAJ-AUTO,2024-02-15 15:02:00,2024-02-15,2024-02-14,2024-02-14,Employees/Designated Employees,ESOP,Buy,Equity Shares,271.0,0.0,0.0,0.0,0.0,,0.0,271.0,0.0
BAJAJ-AUTO,2024-02-20 11:44:00,2024-02-20,2024-01-30,2024-01-30,Employees/Designated Employees,ESOP,Buy,Equity Shares,50.0,0.0,0.0,0.0,0.0,,0.0,50.0,0.0
BAJAJ-AUTO,2024-02-20 11:44:00,2024-02-20,2024-01-30,2024-01-30,Employees/Designated Employees,ESOP,Buy,Equity Shares,50.0,0.0,0.0,0.0,0.0,,0.0,50.0,0.0
BAJAJ-AUTO,2024-02-20 11:44:00,2024-02-20,2024-02-01,2024-02-01,Employees/Designated Employees,ESOP,Buy,Equity Shares,100.0,0.0,0.0,0.0,0.0,50.0,0.0,150.0,0.0
BAJAJ-AUTO,2024-02-20 11:44:00,2024-02-20,2024-02-01,2024-02-01,Employees/Designated Employees,ESOP,Buy,Equity Shares,100.0,0.0,0.0,0.0,0.0,50.0,0.0,150.0,0.0
BAJAJ-AUTO,2024-02-20 11:44:00,2024-02-20,2024-02-02,2024-02-02,Employees/Designated Employees,Market Sale,Sell,Equity Shares,50.0,0.0,0.0,0.0,0.0,150.0,0.0,100.0,0.0
BAJAJ-AUTO,2024-02-20 11:44:00,2024-02-20,2024-02-02,2024-02-02,Employees/Designated Employees,Market Sale,Sell,Equity Shares,50.0,0.0,0.0,0.0,0.0,150.0,0.0,100.0,0.0
BAJAJ-AUTO,2024-02-20 11:44:00,2024-02-20,2024-02-13,2024-02-13,Employees/Designated Employees,Market Sale,Sell,Equity Shares,25.0,0.0,0.0,0.0,0.0,100.0,0.0,75.0,0.0
BAJAJ-AUTO,2024-02-20 11:44:00,2024-02-20,2024-02-13,2024-02-13,Employees/Designated Employees,Market Sale,Sell,Equity Shares,25.0,0.0,0.0,0.0,0.0,100.0,0.0,75.0,0.0
BAJAJ-AUTO,2024-02-20 11:48:00,2024-02-20,2024-02-14,2024-02-14,Employees/Designated Employees,ESOP,Buy,Equity Shares,4174.0,0.0,0.0,0.0,0.0,1050.0,0.0,5224.0,0.0
BAJAJ-AUTO,2024-02-20 11:48:00,2024-02-20,2024-02-19,2024-02-19,Employees/Designated Employees,ESOP,Buy,Equity Shares,400.0,0.0,0.0,0.0,0.0,,0.0,400.0,0.0
BAJAJ-AUTO,2024-02-20 11:48:00,2024-02-20,2024-02-19,2024-02-19,Employees/Designated Employees,ESOP,Buy,Equity Shares,400.0,0.0,0.0,0.0,0.0,,0.0,400.0,0.0
BAJAJ-AUTO,2024-02-20 11:48:00,2024-02-20,2024-02-14,2024-02-14,Employees/Designated Employees,Market Sale,Sell,Equity Shares,451.0,0.0,0.0,0.0,0.0,451.0,0.0,,0.0
BAJAJ-AUTO,2024-02-20 11:48:00,2024-02-20,2024-02-14,2024-02-14,Employees/Designated Employees,Market Sale,Sell,Equity Shares,451.0,0.0,0.0,0.0,0.0,451.0,0.0,,0.0
BAJAJ-AUTO,2024-02-20 11:48:00,2024-02-20,2024-02-14,2024-02-14,Employees/Designated Employees,ESOP,Buy,Equity Shares,4174.0,0.0,0.0,0.0,0.0,1050.0,0.0,5224.0,0.0
BAJAJ-AUTO,2024-02-27 15:52:00,2024-02-27,2024-02-23,2024-02-23,Employees/Designated Employees,Market Sale,Sell,Equity Shares,1000.0,0.0,0.0,0.0,0.0,1100.0,0.0,100.0,0.0
BAJAJ-AUTO,2024-02-27 15:52:00,2024-02-27,2024-02-23,2024-02-23,Employees/Designated Employees,Market Sale,Sell,Equity Shares,400.0,0.0,0.0,0.0,0.0,400.0,0.0,,0.0
BAJAJ-AUTO,2024-02-27 15:52:00,2024-02-27,2024-02-26,2024-02-26,Employees/Designated Employees,ESOP,Buy,Equity Shares,675.0,0.0,0.0,0.0,0.0,150.0,0.0,825.0,0.0
BAJAJ-AUTO,2024-02-27 16:06:00,2024-02-27,2024-02-14,2024-02-14,Employees/Designated Employees,ESOP,Buy,Equity Shares,157.0,0.0,0.0,0.0,0.0,145.0,0.0,302.0,0.0
BAJAJ-AUTO,2024-02-27 16:06:00,2024-02-27,2024-02-15,2024-02-15,Employees/Designated Employees,ESOP,Buy,Equity Shares,200.0,0.0,0.0,0.0,0.0,502.0,0.0,702.0,0.0
BAJAJ-AUTO,2024-02-27 16:06:00,2024-02-27,2024-02-17,2024-02-17,Employees/Designated Employees,ESOP,Buy,Equity Shares,100.0,0.0,0.0,0.0,0.0,702.0,0.0,802.0,0.0
BAJAJ-AUTO,2024-02-27 16:06:00,2024-02-27,2024-02-14,2024-02-14,Employees/Designated Employees,ESOP,Buy,Equity Shares,200.0,0.0,0.0,0.0,0.0,302.0,0.0,502.0,0.0
BAJAJ-AUTO,2024-02-27 16:06:00,2024-02-27,2024-02-17,2024-02-17,Employees/Designated Employees,ESOP,Buy,Equity Shares,57.0,0.0,0.0,0.0,0.0,802.0,0.0,859.0,0.0
BAJAJ-AUTO,2024-02-27 16:06:00,2024-02-27,2024-02-27,2024-02-27,Employees/Designated Employees,Market Sale,Sell,Equity Shares,500.0,0.0,0.0,0.0,0.0,859.0,0.0,359.0,0.0
BAJAJ-AUTO,2024-02-27 16:06:00,2024-02-27,2024-02-27,2024-02-27,Employees/Designated Employees,Market Sale,Sell,Equity Shares,159.0,0.0,0.0,0.0,0.0,359.0,0.0,200.0,0.0
BAJAJ-AUTO,2024-03-04 16:24:00,2024-03-04,2024-02-28,2024-02-28,Employees/Designated Employees,Market Sale,Sell,Equity Shares,691.0,0.0,0.0,0.0,0.0,3413.0,0.0,2722.0,0.0
BAJAJ-AUTO,2024-03-04 16:24:00,2024-03-04,2024-02-29,2024-02-29,Employees/Designated Employees,ESOP,Buy,Equity Shares,5920.0,0.0,0.0,0.0,0.0,1050.0,0.0,6970.0,0.0
BAJAJ-AUTO,2024-03-04 16:24:00,2024-03-04,2024-03-01,2024-03-01,Employees/Designated Employees,Market Sale,Sell,Equity Shares,825.0,0.0,0.0,0.0,0.0,825.0,0.0,,0.0
BAJAJ-AUTO,2024-03-04 16:24:00,2024-03-04,2024-03-01,2024-03-01,Employees/Designated Employees,ESOP,Buy,Equity Shares,391.0,0.0,0.0,0.0,0.0,2722.0,0.0,3113.0,0.0
BAJAJ-AUTO,2024-03-07 16:31:00,2024-03-06,2024-02-29,2024-02-29,Employees/Designated Employees,Market Sale,Sell,Equity Shares,100.0,0.0,0.0,0.0,0.0,100.0,0.0,,0.0
BAJAJ-AUTO,2024-03-07 16:31:00,2024-03-06,2024-02-29,2024-02-29,Employees/Designated Employees,ESOP,Buy,Equity Shares,100.0,0.0,0.0,0.0,0.0,,0.0,100.0,0.0
BAJAJ-AUTO,2024-03-07 16:31:00,2024-03-06,2024-03-05,2024-03-05,Employees/Designated Employees,Market Sale,Sell,Equity Shares,20.0,0.0,0.0,0.0,0.0,7120.0,0.0,7100.0,0.0
BAJAJ-AUTO,2024-03-07 16:31:00,2024-03-06,2024-03-04,2024-03-04,Employees/Designated Employees,Market Sale,Sell,Equity Shares,10.0,0.0,0.0,0.0,0.0,7130.0,0.0,7120.0,0.0
BAJAJ-AUTO,2024-03-07 16:31:00,2024-03-06,2024-03-02,2024-03-02,Employees/Designated Employees,Market Sale,Sell,Equity Shares,20.0,0.0,0.0,0.0,0.0,7150.0,0.0,7130.0,0.0
BAJAJ-AUTO,2024-03-07 16:31:00,2024-03-06,2024-02-29,2024-02-29,Employees/Designated Employees,ESOP,Buy,Equity Shares,850.0,0.0,0.0,0.0,0.0,,0.0,850.0,0.0
BAJAJ-AUTO,2024-03-07 16:31:00,2024-03-06,2024-02-22,2024-02-22,Employees/Designated Employees,Market Sale,Sell,Equity Shares,75.0,0.0,0.0,0.0,0.0,7225.0,0.0,7150.0,0.0
BAJAJ-AUTO,2024-03-07 16:37:00,2024-03-06,2024-02-14,2024-02-14,Employees/Designated Employees,ESOP,Buy,Equity Shares,80.0,0.0,0.0,0.0,0.0,44.0,0.0,124.0,0.0
BAJAJ-AUTO,2024-03-07 16:37:00,2024-03-06,2024-02-16,2024-02-16,Employees/Designated Employees,Market Sale,Sell,Equity Shares,44.0,0.0,0.0,0.0,0.0,124.0,0.0,80.0,0.0
BAJAJ-AUTO,2024-03-07 16:37:00,2024-03-06,2024-03-06,2024-03-06,Employees/Designated Employees,Market Sale,Sell,Equity Shares,23.0,0.0,0.0,0.0,0.0,172.0,0.0,149.0,0.0
BAJAJ-AUTO,2024-03-07 16:37:00,2024-03-06,2024-02-28,2024-02-28,Employees/Designated Employees,ESOP,Buy,Equity Shares,46.0,0.0,0.0,0.0,0.0,126.0,0.0,172.0,0.0
BAJAJ-AUTO,2024-03-07 16:37:00,2024-03-06,2024-02-26,2024-02-26,Employees/Designated Employees,ESOP,Buy,Equity Shares,46.0,0.0,0.0,0.0,0.0,80.0,0.0,126.0,0.0
BAJAJ-AUTO,2024-03-12 12:13:00,2024-03-12,2024-03-08,2024-03-08,Employees/Designated Employees,ESOP,Buy,Equity Shares,511.0,0.0,0.0,0.0,0.0,5.0,0.0,516.0,0.0
BAJAJ-AUTO,2024-03-12 12:13:00,2024-03-12,2024-02-22,2024-02-22,Employees/Designated Employees,ESOP,Buy,Equity Shares,5.0,0.0,0.0,0.0,0.0,,0.0,5.0,0.0
BAJAJ-AUTO,2024-03-12 12:13:00,2024-03-12,2024-03-07,2024-03-07,Employees/Designated Employees,Market Sale,Sell,Equity Shares,3435.0,0.0,0.0,0.0,0.0,3570.0,0.0,135.0,0.0
BAJAJ-AUTO,2024-03-12 12:13:00,2024-03-12,2024-03-07,2024-03-07,Employees/Designated Employees,ESOP,Buy,Equity Shares,300.0,0.0,0.0,0.0,0.0,3113.0,0.0,3413.0,0.0
BAJAJ-AUTO,2024-03-12 12:13:00,2024-03-07,2024-03-06,2024-03-06,Employees/Designated Employees,Market Sale,Sell,Equity Shares,316.0,0.0,0.0,0.0,0.0,316.0,0.0,,0.0
BAJAJ-AUTO,2024-03-12 12:13:00,2024-03-07,2024-02-26,2024-02-26,Employees/Designated Employees,ESOP,Buy,Equity Shares,210.0,0.0,0.0,0.0,0.0,,0.0,210.0,0.0
BAJAJ-AUTO,2024-03-12 12:13:00,2024-03-07,2024-03-05,2024-03-05,Employees/Designated Employees,Market Sale,Sell,Equity Shares,110.0,0.0,0.0,0.0,0.0,210.0,0.0,100.0,0.0
BAJAJ-AUTO,2024-03-12 12:13:00,2024-03-12,2024-03-06,2024-03-06,Employees/Designated Employees,Market Sale,Sell,Equity Shares,3400.0,0.0,0.0,0.0,0.0,6970.0,0.0,3570.0,0.0
BAJAJ-AUTO,2024-03-12 12:17:00,2024-03-12,2024-02-14,2024-02-14,Employees/Designated Employees,Market Sale,Sell,Equity Shares,50.0,0.0,0.0,0.0,0.0,75.0,0.0,25.0,0.0
BAJAJ-AUTO,2024-03-12 12:17:00,2024-03-12,2024-02-20,2024-02-20,Employees/Designated Employees,ESOP,Buy,Equity Shares,100.0,0.0,0.0,0.0,0.0,25.0,0.0,125.0,0.0
BAJAJ-AUTO,2024-03-12 12:17:00,2024-03-12,2024-03-06,2024-03-06,Employees/Designated Employees,Market Sale,Sell,Equity Shares,50.0,0.0,0.0,0.0,0.0,125.0,0.0,75.0,0.0
BAJAJ-AUTO,2024-03-12 12:27:00,2024-03-12,2024-03-07,2024-03-07,Employees/Designated Employees,ESOP,Buy,Equity Shares,40.0,0.0,0.0,0.0,0.0,,0.0,40.0,0.0
BAJAJ-AUTO,2024-03-12 12:27:00,2024-03-12,2024-03-11,2024-03-11,Employees/Designated Employees,Market Sale,Sell,Equity Shares,40.0,0.0,0.0,0.0,0.0,40.0,0.0,,0.0
BAJAJ-AUTO,2024-03-12 12:27:00,2024-03-12,2024-03-08,2024-03-08,Employees/Designated Employees,Market Sale,Sell,Equity Shares,45.0,0.0,0.0,0.0,0.0,45.0,0.0,,0.0
BAJAJ-AUTO,2024-03-12 12:27:00,2024-03-12,2024-03-07,2024-03-07,Employees/Designated Employees,ESOP,Buy,Equity Shares,45.0,0.0,0.0,0.0,0.0,,0.0,45.0,0.0
BAJAJ-AUTO,2024-03-12 12:27:00,2024-03-12,2024-03-12,2024-03-12,Employees/Designated Employees,Market Sale,Sell,Equity Shares,200.0,0.0,0.0,0.0,0.0,523.0,0.0,323.0,0.0
BAJAJ-AUTO,2024-03-12 12:27:00,2024-03-12,2024-03-08,2024-03-08,Employees/Designated Employees,ESOP,Buy,Equity Shares,7.0,0.0,0.0,0.0,0.0,516.0,0.0,523.0,0.0
BAJAJ-AUTO,2024-03-12 12:27:00,2024-03-12,2024-03-12,2024-03-12,Employees/Designated Employees,Market Sale,Sell,Equity Shares,243.0,0.0,0.0,0.0,0.0,323.0,0.0,80.0,0.0
BAJAJ-AUTO,2024-03-15 15:36:00,2024-03-15,2024-03-12,2024-03-12,Employees/Designated Employees,ESOP,Buy,Equity Shares,207.0,0.0,0.0,0.0,0.0,1269.0,0.0,1476.0,0.0
BAJAJ-AUTO,2024-03-15 15:36:00,2024-03-15,2024-03-12,2024-03-12,Employees/Designated Employees,ESOP,Buy,Equity Shares,425.0,0.0,0.0,0.0,0.0,844.0,0.0,1269.0,0.0
BAJAJ-AUTO,2024-03-15 15:36:00,2024-03-15,2024-03-12,2024-03-12,Employees/Designated Employees,ESOP,Buy,Equity Shares,422.0,0.0,0.0,0.0,0.0,422.0,0.0,844.0,0.0
BAJAJ-AUTO,2024-03-15 15:36:00,2024-03-15,2024-03-12,2024-03-12,Employees/Designated Employees,ESOP,Buy,Equity Shares,422.0,0.0,0.0,0.0,0.0,,0.0,422.0,0.0
BAJAJ-AUTO,2024-03-15 15:41:00,2024-03-15,2024-03-13,2024-03-13,Employees/Designated Employees,ESOP,Buy,Equity Shares,194.0,0.0,0.0,0.0,0.0,,0.0,194.0,0.0
BAJAJ-AUTO,2024-03-15 15:41:00,2024-03-15,2024-03-13,2024-03-13,Employees/Designated Employees,Market Sale,Sell,Equity Shares,194.0,0.0,0.0,0.0,0.0,194.0,0.0,,0.0
BAJAJ-AUTO,2024-03-15 15:44:00,2024-03-15,2024-03-13,2024-03-13,Employees/Designated Employees,ESOP,Buy,Equity Shares,623.0,0.0,0.0,0.0,0.0,1070.0,0.0,1693.0,0.0
BAJAJ-AUTO,2024-03-15 15:44:00,2024-03-15,2024-03-13,2024-03-13,Employees/Designated Employees,ESOP,Buy,Equity Shares,1070.0,0.0,0.0,0.0,0.0,,0.0,1070.0,0.0
BAJAJ-AUTO,2025-12-31 18:54:00,2025-12-31,2025-12-29,2025-12-29,Promoter Group,Inter-se-Transfer,Sell,Equity Shares,292626.0,0.0,0.0,0.0,0.0,461626.0,0.17,169000.0,0.06
BAJAJ-AUTO,2025-12-31 18:54:00,2025-12-31,2025-12-30,2025-12-30,Promoter Group,Gift,Sell,Equity Shares,27000.0,0.0,0.0,0.0,0.0,169000.0,0.06,142000.0,0.05
BAJAJ-AUTO,2025-12-31 18:54:00,2025-12-31,2025-12-29,2025-12-29,Promoter Group,Inter-se-Transfer,Sell,Equity Shares,292626.0,0.0,0.0,0.0,0.0,461626.0,0.17,169000.0,0.06
BAJAJ-AUTO,2025-12-31 18:54:00,2025-12-31,2025-12-30,2025-12-30,Promoter Group,Gift,Sell,Equity Shares,27000.0,0.0,0.0,0.0,0.0,169000.0,0.06,142000.0,0.05
BAJAJ-AUTO,2025-12-31 18:54:00,2025-12-31,2025-12-29,2025-12-29,Promoters,Market Sale,Sell,Equity Shares,123233.0,0.0,0.0,0.0,0.0,323233.0,0.12,200000.0,0.07
BAJAJ-AUTO,2025-12-31 18:54:00,2025-12-31,2025-12-30,2025-12-30,Promoter Group,Gift,Buy,Equity Shares,54000.0,0.0,0.0,0.0,0.0,117120.0,0.04,171120.0,0.06
BAJAJ-AUTO,2025-12-31 18:54:00,2025-12-31,2025-12-29,2025-12-29,Promoter Group,Market Purchase,Buy,Equity Shares,162700.0,0.0,0.0,0.0,0.0,,0.0,162700.0,0.06
BAJAJ-AUTO,2025-12-31 18:54:00,2025-12-31,2025-12-29,2025-12-29,Promoter Group,Market Purchase,Buy,Equity Shares,53500.0,0.0,0.0,0.0,0.0,283303.0,0.1,336803.0,0.12
BAJAJ-AUTO,2025-12-31 18:54:00,2025-12-31,2025-12-29,2025-12-29,Promoter Group,Market Purchase,Buy,Equity Shares,53626.0,0.0,0.0,0.0,0.0,19361.0,0.01,72987.0,0.03
BAJAJ-AUTO,2025-12-31 18:54:00,2025-12-31,2025-12-29,2025-12-29,Promoter Group,Market Purchase,Buy,Equity Shares,131000.0,0.0,0.0,0.0,0.0,,0.0,131000.0,0.05
BAJAJ-AUTO,2025-12-31 18:54:00,2025-12-31,2025-12-29,2025-12-29,Promoter Group,Market Purchase,Buy,Equity Shares,131126.0,0.0,0.0,0.0,0.0,,0.0,131126.0,0.05
BAJAJ-AUTO,2025-12-31 18:54:00,2025-12-31,2025-12-29,2025-12-29,Promoter Group,Market Purchase,Buy,Equity Shares,123233.0,0.0,0.0,0.0,0.0,,0.0,123233.0,0.04
BAJAJ-AUTO,2025-12-31 18:54:00,2025-12-31,2025-12-29,2025-12-29,Promoter Group,Market Purchase,Buy,Equity Shares,53300.0,0.0,0.0,0.0,0.0,267300.0,0.1,320600.0,0.11
