symbol,filing_date,intim_date,acq_from_date,acq_to_date,person_category,acq_mode,transaction_type,sec_type,security_acquired_disposed,buy_quantity,sell_quantity,buy_value,sell_value,shares_before_no,shares_before_pct,shares_after_no,shares_after_pct
BAJFINANCE,2015-11-30 09:02:00,2015-11-18,2015-11-17,2015-11-17,Employees/Designated Employees,Market Sale,Sell,Equity Shares,5900.0,0.0,0.0,0.0,0.0,5900.0,0.01,,0.0
BAJFINANCE,2015-11-30 09:02:00,2015-11-18,2015-11-17,2015-11-17,Employees/Designated Employees,ESOP,Buy,Equity Shares,1250.0,0.0,0.0,0.0,0.0,4450.0,0.01,5700.0,0.01
BAJFINANCE,2015-11-30 09:02:00,2015-11-17,2015-11-16,2015-11-16,Employees/Designated Employees,ESOP,Buy,Equity Shares,5900.0,0.0,0.0,0.0,0.0,,0.0,5900.0,0.01
BAJFINANCE,2015-11-30 15:07:00,2015-11-25,2015-11-24,2015-11-24,Employees/Designated Employees,Market Sale,Sell,Equity Shares,1000.0,0.0,0.0,0.0,0.0,6695.0,0.01,5695.0,0.01
BAJFINANCE,2015-11-30 15:07:00,2015-11-25,2015-11-24,2015-11-24,Employees/Designated Employees,Market Sale,Sell,Equity Shares,175.0,0.0,0.0,0.0,0.0,2450.0,0.0,2275.0,0.0
BAJFINANCE,2015-11-30 15:07:00,2015-11-25,2015-11-23,2015-11-23,Employees/Designated Employees,Market Sale,Sell,Equity Shares,125.0,0.0,0.0,0.0,0.0,2575.0,0.0,2450.0,0.0
BAJFINANCE,2015-11-30 15:07:00,2015-11-25,2015-11-23,2015-11-23,Employees/Designated Employees,Market Sale,Sell,Equity Shares,375.0,0.0,0.0,0.0,0.0,7070.0,0.01,6695.0,0.01
BAJFINANCE,2015-12-01 08:26:00,2015-11-25,2015-11-24,2015-11-24,Employees/Designated Employees,Market Sale,Sell,Equity Shares,220.0,0.0,0.0,0.0,0.0,220.0,0.0,,0.0
BAJFINANCE,2015-12-01 08:26:00,2015-11-24,2015-11-23,2015-11-23,Employees/Designated Employees,ESOP,Buy,Equity Shares,9150.0,0.0,0.0,0.0,0.0,2500.0,0.0,11650.0,0.02
BAJFINANCE,2015-12-01 08:26:00,2015-11-23,2015-11-23,2015-11-23,Employees/Designated Employees,Market Sale,Sell,Equity Shares,850.0,0.0,0.0,0.0,0.0,850.0,0.0,,0.0
BAJFINANCE,2015-12-01 08:26:00,2015-11-23,2015-11-19,2015-11-19,Employees/Designated Employees,ESOP,Buy,Equity Shares,850.0,0.0,0.0,0.0,0.0,,0.0,850.0,0.0
BAJFINANCE,2015-12-01 09:18:00,2015-11-19,2015-11-13,2015-11-13,Employees/Designated Employees,Market Sale,Sell,Equity Shares,50.0,0.0,0.0,0.0,0.0,3425.0,0.01,3375.0,0.01
BAJFINANCE,2015-12-01 09:18:00,2015-11-19,2015-11-18,2015-11-18,Employees/Designated Employees,Market Sale,Sell,Equity Shares,2200.0,0.0,0.0,0.0,0.0,3375.0,0.01,1175.0,0.0
BAJFINANCE,2015-12-01 20:08:00,2015-11-26,2015-11-26,2015-11-26,Employees/Designated Employees,Market Sale,Sell,Equity Shares,2650.0,0.0,0.0,0.0,0.0,2650.0,0.0,,0.0
BAJFINANCE,2015-12-01 20:08:00,2015-11-28,2015-11-26,2015-11-27,Employees/Designated Employees,Market Sale,Sell,Equity Shares,375.0,0.0,0.0,0.0,0.0,2275.0,0.0,1900.0,0.0
BAJFINANCE,2015-12-01 20:08:00,2015-11-30,2015-11-26,2015-11-27,Employees/Designated Employees,Market Sale,Sell,Equity Shares,750.0,0.0,0.0,0.0,0.0,5695.0,0.01,4945.0,0.0
BAJFINANCE,2015-12-14 12:30:00,2015-12-09,2015-12-08,2015-12-08,Employees/Designated Employees,Market Sale,Sell,Equity Shares,900.0,0.0,0.0,0.0,0.0,4945.0,0.01,4045.0,0.01
BAJFINANCE,2015-12-15 17:13:00,2015-12-11,2015-12-11,2015-12-11,Employees/Designated Employees,Market Sale,Sell,Equity Shares,400.0,0.0,0.0,0.0,0.0,5700.0,0.01,5300.0,0.01
BAJFINANCE,2015-12-17 18:18:00,2015-12-15,2015-12-01,2015-12-01,Employees/Designated Employees,Market Sale,Sell,Equity Shares,150.0,0.0,0.0,0.0,0.0,1900.0,0.0,1750.0,0.0
BAJFINANCE,2015-12-17 18:18:00,2015-12-15,2015-12-15,2015-12-15,Employees/Designated Employees,Market Sale,Sell,Equity Shares,75.0,0.0,0.0,0.0,0.0,1750.0,0.0,1675.0,0.0
BAJFINANCE,2015-12-22 09:59:00,2015-12-18,2015-12-18,2015-12-18,Employees/Designated Employees,Market Sale,Sell,Equity Shares,1000.0,0.0,0.0,0.0,0.0,10650.0,0.02,9650.0,0.02
BAJFINANCE,2015-12-22 09:59:00,2015-12-17,2015-12-17,2015-12-17,Employees/Designated Employees,Market Sale,Sell,Equity Shares,1000.0,0.0,0.0,0.0,0.0,11650.0,0.02,10650.0,0.02
BAJFINANCE,2015-12-22 09:59:00,2015-12-17,2015-12-16,2015-12-16,Employees/Designated Employees,Market Sale,Sell,Equity Shares,25.0,0.0,0.0,0.0,0.0,1675.0,0.0,1650.0,0.0
BAJFINANCE,2015-12-22 09:59:00,2015-12-17,2015-12-17,2015-12-17,Employees/Designated Employees,Market Sale,Sell,Equity Shares,475.0,0.0,0.0,0.0,0.0,1650.0,0.0,1175.0,0.0
BAJFINANCE,2015-12-23 19:06:00,2015-12-21,2015-12-18,2015-12-18,Employees/Designated Employees,Market Sale,Sell,Equity Shares,175.0,0.0,0.0,0.0,0.0,1175.0,0.0,1000.0,0.0
BAJFINANCE,2015-12-23 19:06:00,2015-12-22,2015-12-21,2015-12-21,Employees/Designated Employees,Market Sale,Sell,Equity Shares,300.0,0.0,0.0,0.0,0.0,2050.0,0.0,1750.0,0.0
BAJFINANCE,2015-12-28 09:35:00,2015-12-23,2015-12-22,2015-12-22,Employees/Designated Employees,ESOP,Buy,Equity Shares,10687.0,0.0,0.0,0.0,0.0,,0.0,10687.0,
BAJFINANCE,2015-12-28 09:35:00,2015-12-23,2015-12-23,2015-12-23,Employees/Designated Employees,Market Sale,Sell,Equity Shares,3000.0,0.0,0.0,0.0,0.0,10687.0,0.02,7687.0,0.01
BAJFINANCE,2015-12-28 09:35:00,2015-12-24,2015-12-24,2015-12-24,Employees/Designated Employees,Market Sale,Sell,Equity Shares,79.0,0.0,0.0,0.0,0.0,9650.0,0.02,9571.0,0.02
BAJFINANCE,2015-12-28 09:43:00,2015-12-24,2015-12-23,2015-12-23,Employees/Designated Employees,Market Sale,Sell,Equity Shares,150.0,0.0,0.0,0.0,0.0,925.0,0.0,775.0,0.0
BAJFINANCE,2015-12-28 09:43:00,2015-12-24,2015-12-24,2015-12-24,Employees/Designated Employees,Market Sale,Sell,Equity Shares,25.0,0.0,0.0,0.0,0.0,775.0,0.0,750.0,0.0
BAJFINANCE,2015-12-28 09:44:00,2015-12-24,2015-12-22,2015-12-22,Employees/Designated Employees,Market Sale,Sell,Equity Shares,75.0,0.0,0.0,0.0,0.0,1000.0,0.0,925.0,0.0
BAJFINANCE,2015-12-28 09:45:00,2015-12-23,2015-12-21,2015-12-21,Employees/Designated Employees,Market Sale,Sell,Equity Shares,600.0,0.0,0.0,0.0,0.0,4045.0,0.01,3445.0,0.01
BAJFINANCE,2015-12-28 09:45:00,2015-12-23,2015-12-22,2015-12-22,Employees/Designated Employees,ESOP,ESOP/ESOS/ESPS,Equity Shares,1725.0,0.0,0.0,0.0,0.0,,0.0,1725.0,0.0
BAJFINANCE,2015-12-28 09:45:00,2015-12-23,2015-12-23,2015-12-23,Employees/Designated Employees,Market Sale,ESOP/ESOS/ESPS,Equity Shares,1725.0,0.0,0.0,0.0,0.0,1725.0,0.0,,0.0
BAJFINANCE,2015-12-28 09:45:00,2015-12-24,2015-12-23,2015-12-23,Employees/Designated Employees,-,Sell,Equity Shares,200.0,0.0,0.0,0.0,0.0,3245.0,0.01,3045.0,0.01
BAJFINANCE,2015-12-28 09:45:00,2015-12-23,2015-12-22,2015-12-22,Employees/Designated Employees,Market Sale,Sell,Equity Shares,200.0,0.0,0.0,0.0,0.0,3445.0,0.01,3245.0,0.01
BAJFINANCE,2015-12-28 15:46:00,2015-12-25,2015-12-24,2015-12-24,Employees/Designated Employees,Market Sale,Sell,Equity Shares,500.0,0.0,0.0,0.0,0.0,500.0,0.0,,0.0
BAJFINANCE,2015-12-28 15:46:00,2015-12-23,2015-12-23,2015-12-23,Employees/Designated Employees,Market Sale,Sell,Equity Shares,1725.0,0.0,0.0,0.0,0.0,1725.0,0.0,,0.0
BAJFINANCE,2015-12-28 15:46:00,2015-12-25,2015-12-24,2015-12-24,Immediate relative,Market Sale,Sell,Equity Shares,200.0,0.0,0.0,0.0,0.0,200.0,0.0,,0.0
BAJFINANCE,2015-12-30 16:37:00,2015-12-29,2015-12-28,2015-12-28,Employees/Designated Employees,Market Sale,Sell,Equity Shares,8.0,0.0,0.0,0.0,0.0,7687.0,0.01,7679.0,0.01
BAJFINANCE,2015-12-30 16:37:00,2015-12-29,2015-12-29,2015-12-29,Employees/Designated Employees,Market Sale,Sell,Equity Shares,1500.0,0.0,0.0,0.0,0.0,9071.0,0.02,7571.0,0.01
BAJFINANCE,2015-12-30 16:37:00,2015-12-29,2015-12-28,2015-12-28,Employees/Designated Employees,Market Sale,Sell,Equity Shares,500.0,0.0,0.0,0.0,0.0,9571.0,0.02,9071.0,0.02
BAJFINANCE,2015-12-30 16:37:00,2015-12-29,2015-12-29,2015-12-29,Employees/Designated Employees,Market Sale,Sell,Equity Shares,100.0,0.0,0.0,0.0,0.0,571.0,0.0,471.0,0.0
BAJFINANCE,2015-12-30 16:37:00,2015-12-29,2015-12-29,2015-12-29,Employees/Designated Employees,Market Sale,Sell,Equity Shares,792.0,0.0,0.0,0.0,0.0,7679.0,0.01,6887.0,0.01
BAJFINANCE,2015-12-30 16:37:00,2015-12-28,2015-12-28,2015-12-28,Employees/Designated Employees,Market Sale,Sell,Equity Shares,350.0,0.0,0.0,0.0,0.0,921.0,0.0,571.0,0.0
BAJFINANCE,2016-01-05 10:29:00,2015-12-31,2015-12-31,2015-12-31,Employees/Designated Employees,Market Sale,Sell,Equity Shares,85.0,0.0,0.0,0.0,0.0,650.0,0.0,565.0,0.0
BAJFINANCE,2016-01-05 10:29:00,2015-12-31,2015-12-29,2015-12-29,Employees/Designated Employees,Market Sale,Sell,Equity Shares,100.0,0.0,0.0,0.0,0.0,750.0,0.0,650.0,0.0
BAJFINANCE,2016-01-07 14:19:00,2016-01-05,2016-01-04,2016-01-04,Employees/Designated Employees,ESOP,Buy,Equity Shares,600.0,0.0,0.0,0.0,0.0,1750.0,0.0,2350.0,0.0
BAJFINANCE,2016-02-09 10:06:00,2016-02-05,2016-02-05,2016-02-05,Employees/Designated Employees,Market Sale,Sell,Equity Shares,2372.0,0.0,0.0,0.0,0.0,13462.0,0.025,11090.0,0.02
BAJFINANCE,2016-02-09 10:06:00,2016-02-05,2016-02-05,2016-02-05,Key Managerial Personnel,ESOP,Buy,Equity Shares,7425.0,0.0,0.0,0.0,0.0,,0.0,7425.0,0.01
BAJFINANCE,2016-02-09 10:06:00,2016-02-05,2016-02-05,2016-02-05,Key Managerial Personnel,Market Sale,Sell,Equity Shares,7425.0,0.0,0.0,0.0,0.0,7425.0,0.01,,0.0
BAJFINANCE,2016-02-09 10:06:00,2016-02-05,2016-02-05,2016-02-05,Employees/Designated Employees,ESOP,Buy,Equity Shares,3500.0,0.0,0.0,0.0,0.0,,0.0,3500.0,0.0
BAJFINANCE,2016-02-09 10:06:00,2016-02-05,2016-02-05,2016-02-05,Employees/Designated Employees,Market Sale,Sell,Equity Shares,3500.0,0.0,0.0,0.0,0.0,3500.0,0.01,,0.0
BAJFINANCE,2016-02-11 10:10:00,2016-02-09,2016-02-09,2016-02-09,Employees/Designated Employees,ESOP,Buy,Equity Shares,14650.0,0.0,0.0,0.0,0.0,,0.0,14650.0,0.03
BAJFINANCE,2016-02-11 10:10:00,2016-02-08,2016-02-08,2016-02-08,Employees/Designated Employees,Market Sale,Sell,Equity Shares,4715.0,0.0,0.0,0.0,0.0,6887.0,0.01,2172.0,0.0
BAJFINANCE,2016-02-11 10:10:00,2016-02-09,2016-02-09,2016-02-09,Employees/Designated Employees,ESOP,Buy,Equity Shares,3025.0,0.0,0.0,0.0,0.0,10.0,0.0,3035.0,0.01
BAJFINANCE,2016-02-11 10:10:00,2016-02-09,2016-02-09,2016-02-09,Employees/Designated Employees,Market Sale,Sell,Equity Shares,400.0,0.0,0.0,0.0,0.0,5300.0,0.01,4900.0,0.01
BAJFINANCE,2016-02-11 10:10:00,2016-02-08,2016-02-08,2016-02-08,Employees/Designated Employees,ESOP,Buy,Equity Shares,750.0,0.0,0.0,0.0,0.0,2075.0,0.0,2825.0,0.01
BAJFINANCE,2016-02-11 10:10:00,2016-02-09,2016-02-09,2016-02-09,Employees/Designated Employees,ESOP,Buy,Equity Shares,2200.0,0.0,0.0,0.0,0.0,,0.0,2200.0,0.0
BAJFINANCE,2016-02-11 10:10:00,2016-02-08,2016-02-05,2016-02-05,Employees/Designated Employees,Market Sale,Sell,Equity Shares,144.0,0.0,0.0,0.0,0.0,444.0,0.0,300.0,0.0
BAJFINANCE,2016-02-11 10:10:00,2016-02-09,2016-02-09,2016-02-09,Employees/Designated Employees,Market Sale,Sell,Equity Shares,3025.0,0.0,0.0,0.0,0.0,3035.0,0.01,10.0,0.0
BAJFINANCE,2016-02-11 10:10:00,2016-02-08,2016-02-08,2016-02-08,Employees/Designated Employees,Market Sale,Sell,Equity Shares,1090.0,0.0,0.0,0.0,0.0,11090.0,0.02,10000.0,0.02
BAJFINANCE,2016-02-12 09:09:00,2016-02-10,2016-02-10,2016-02-10,Employees/Designated Employees,Market Sale,Sell,Equity Shares,1285.0,0.0,0.0,0.0,0.0,2172.0,0.0,887.0,0.0
BAJFINANCE,2016-02-12 09:09:00,2016-02-11,2016-02-10,2016-02-10,Employees/Designated Employees,Market Sale,Sell,Equity Shares,1370.0,0.0,0.0,0.0,0.0,14650.0,0.03,13280.0,0.02
BAJFINANCE,2016-02-12 09:09:00,2016-02-10,2016-02-08,2016-02-09,Employees/Designated Employees,Market Sale,Sell,Equity Shares,9613.0,0.0,0.0,0.0,0.0,9613.0,0.02,,0.0
BAJFINANCE,2016-02-12 09:09:00,2016-02-09,2016-02-08,2016-02-08,Employees/Designated Employees,ESOP,Buy,Equity Shares,9613.0,0.0,0.0,0.0,0.0,,0.0,9613.0,0.02
BAJFINANCE,2016-02-17 19:12:00,2016-02-12,2016-02-10,2016-02-10,Employees/Designated Employees,Market Sale,Sell,Equity Shares,16.0,0.0,0.0,0.0,0.0,4900.0,0.01,4884.0,0.01
BAJFINANCE,2016-02-17 19:12:00,2016-02-12,2016-02-11,2016-02-11,Employees/Designated Employees,Market Sale,Sell,Equity Shares,683.0,0.0,0.0,0.0,0.0,13280.0,0.02,12597.0,0.02
BAJFINANCE,2016-02-19 17:19:00,2016-02-16,2016-02-15,2016-02-15,Employees/Designated Employees,Market Sale,Sell,Equity Shares,3700.0,0.0,0.0,0.0,0.0,9113.0,0.02,5413.0,0.01
BAJFINANCE,2016-02-19 17:19:00,2016-02-16,2016-02-15,2016-02-15,Employees/Designated Employees,ESOP,Buy,Equity Shares,9113.0,0.0,0.0,0.0,0.0,,0.0,9113.0,0.02
BAJFINANCE,2016-03-01 18:40:00,2016-02-27,2016-02-26,2016-02-26,Employees/Designated Employees,ESOP,Buy,Equity Shares,900.0,0.0,0.0,0.0,0.0,4884.0,0.01,5784.0,0.01
BAJFINANCE,2016-03-01 18:40:00,2016-02-29,2016-02-29,2016-02-29,Employees/Designated Employees,Market Sale,Sell,Equity Shares,400.0,0.0,0.0,0.0,0.0,2200.0,0.0,1800.0,0.0
BAJFINANCE,2016-03-03 18:47:00,2016-03-02,2016-03-02,2016-03-02,Employees/Designated Employees,Market Sale,Sell,Equity Shares,100.0,0.0,0.0,0.0,0.0,2725.0,0.01,2625.0,0.0
BAJFINANCE,2016-03-03 18:47:00,2016-03-01,2016-03-01,2016-03-01,Employees/Designated Employees,Market Sale,Sell,Equity Shares,100.0,0.0,0.0,0.0,0.0,2825.0,0.01,2725.0,0.01
BAJFINANCE,2016-03-03 18:47:00,2016-03-02,2016-03-01,2016-03-01,Employees/Designated Employees,ESOP,Buy,Equity Shares,1500.0,0.0,0.0,0.0,0.0,1.0,0.0,1501.0,0.0
BAJFINANCE,2016-03-03 18:47:00,2016-03-01,2016-03-01,2016-03-01,Employees/Designated Employees,Market Sale,Sell,Equity Shares,400.0,0.0,0.0,0.0,0.0,1800.0,0.0,1400.0,0.0
BAJFINANCE,2016-03-03 18:47:00,2016-03-03,2016-03-02,2016-03-02,Employees/Designated Employees,Market Sale,Sell,Equity Shares,200.0,0.0,0.0,0.0,0.0,1400.0,0.0,1200.0,0.0
BAJFINANCE,2016-03-03 18:47:00,2016-03-03,2016-03-02,2016-03-02,Employees/Designated Employees,Market Sale,Sell,Equity Shares,268.0,0.0,0.0,0.0,0.0,6597.0,0.01,6329.0,0.01
BAJFINANCE,2016-03-03 18:47:00,2016-03-02,2016-03-01,2016-03-01,Employees/Designated Employees,Market Sale,Sell,Equity Shares,6000.0,0.0,0.0,0.0,0.0,12597.0,0.02,6597.0,0.01
BAJFINANCE,2016-03-08 11:22:00,2016-03-03,2016-03-02,2016-03-02,Employees/Designated Employees,Market Sale,Sell,Equity Shares,500.0,0.0,0.0,0.0,0.0,1501.0,0.0,1001.0,0.0
BAJFINANCE,2016-03-08 11:22:00,2016-03-03,2016-03-02,2016-03-02,Employees/Designated Employees,ESOP,Buy,Equity Shares,4700.0,0.0,0.0,0.0,0.0,565.0,0.0,5265.0,0.01
BAJFINANCE,2016-03-18 17:42:00,2016-03-18,2016-03-17,2016-03-17,Employees/Designated Employees,Market Sale,Sell,Equity Shares,800.0,0.0,0.0,0.0,0.0,5227.0,0.01,4427.0,0.01
BAJFINANCE,2016-03-18 17:42:00,2016-03-18,2016-03-17,2016-03-17,Employees/Designated Employees,Market Sale,Sell,Equity Shares,1200.0,0.0,0.0,0.0,0.0,1200.0,0.0,,0.0
BAJFINANCE,2016-03-18 17:42:00,2016-03-16,2016-03-14,2016-03-14,Employees/Designated Employees,Market Sale,Sell,Equity Shares,100.0,0.0,0.0,0.0,0.0,2625.0,0.0,2525.0,0.0
BAJFINANCE,2016-03-18 17:42:00,2016-03-17,2016-03-15,2016-03-15,Employees/Designated Employees,Market Sale,Sell,Equity Shares,186.0,0.0,0.0,0.0,0.0,5413.0,0.01,5227.0,0.01
BAJFINANCE,2016-03-22 08:41:00,2016-03-21,2016-03-18,2016-03-18,Employees/Designated Employees,Market Sale,Sell,Equity Shares,2871.0,0.0,0.0,0.0,0.0,6329.0,0.01,3458.0,0.01
BAJFINANCE,2016-03-22 08:41:00,2016-03-17,2016-03-17,2016-03-17,Employees/Designated Employees,Market Sale,Sell,Equity Shares,300.0,0.0,0.0,0.0,0.0,2525.0,0.0,2225.0,0.0
BAJFINANCE,2016-03-22 08:41:00,2016-03-21,2016-03-18,2016-03-18,Employees/Designated Employees,Market Sale,Sell,Equity Shares,100.0,0.0,0.0,0.0,0.0,471.0,0.0,371.0,0.0
BAJFINANCE,2016-03-22 08:41:00,2016-03-21,2016-03-21,2016-03-21,Employees/Designated Employees,Market Sale,Sell,Equity Shares,150.0,0.0,0.0,0.0,0.0,371.0,0.0,221.0,0.0
BAJFINANCE,2016-03-23 14:43:00,2016-03-22,2016-03-22,2016-03-22,Employees/Designated Employees,Market Sale,Sell,Equity Shares,100.0,0.0,0.0,0.0,0.0,221.0,0.0,121.0,0.0
BAJFINANCE,2016-03-23 14:43:00,2016-03-22,2016-03-21,2016-03-21,Employees/Designated Employees,Market Sale,Sell,Equity Shares,1000.0,0.0,0.0,0.0,0.0,3458.0,0.01,2458.0,0.0
BAJFINANCE,2016-03-28 18:37:00,2016-03-24,2016-03-23,2016-03-23,Employees/Designated Employees,Market Sale,Sell,Equity Shares,920.0,0.0,0.0,0.0,0.0,3045.0,0.01,2125.0,0.0
BAJFINANCE,2016-03-28 18:37:00,2016-03-23,2016-03-23,2016-03-23,Employees/Designated Employees,Market Sale,Sell,Equity Shares,121.0,0.0,0.0,0.0,0.0,121.0,0.0,,0.0
BAJFINANCE,2016-03-28 18:37:00,2016-03-23,2016-03-21,2016-03-21,Employees/Designated Employees,Market Sale,Sell,Equity Shares,25.0,0.0,0.0,0.0,0.0,5265.0,0.01,5240.0,0.01
BAJFINANCE,2016-03-28 18:37:00,2016-03-23,2016-03-23,2016-03-23,Employees/Designated Employees,Market Sale,Sell,Equity Shares,487.0,0.0,0.0,0.0,0.0,5240.0,0.01,4753.0,0.01
BAJFINANCE,2016-03-28 18:37:00,2016-03-24,2016-03-23,2016-03-23,Employees/Designated Employees,Market Sale,Sell,Equity Shares,1500.0,0.0,0.0,0.0,0.0,2458.0,0.0,958.0,0.0
BAJFINANCE,2016-03-28 18:37:00,2016-03-25,2016-03-23,2016-03-23,Employees/Designated Employees,Market Sale,Sell,Equity Shares,887.0,0.0,0.0,0.0,0.0,887.0,0.0,,0.0
BAJFINANCE,2016-03-28 18:37:00,2016-03-23,2016-03-23,2016-03-23,Employees/Designated Employees,Market Sale,Sell,Equity Shares,150.0,0.0,0.0,0.0,0.0,2225.0,0.0,2075.0,0.0
BAJFINANCE,2016-03-29 12:05:00,2016-03-28,2016-03-23,2016-03-23,Employees/Designated Employees,Market Sale,Sell,Equity Shares,2000.0,0.0,0.0,0.0,0.0,4427.0,0.01,2427.0,0.0
BAJFINANCE,2016-03-29 12:05:00,2016-03-22,2016-03-21,2016-03-21,Employees/Designated Employees,Market Sale,Sell,Equity Shares,50.0,0.0,0.0,0.0,0.0,83.0,0.0,33.0,0.0
BAJFINANCE,2016-03-29 12:05:00,2016-03-22,2016-03-16,2016-03-16,Employees/Designated Employees,Market Sale,Sell,Equity Shares,100.0,0.0,0.0,0.0,0.0,283.0,0.0,183.0,0.0
BAJFINANCE,2016-03-29 12:05:00,2016-03-22,2016-03-17,2016-03-17,Employees/Designated Employees,Market Sale,Sell,Equity Shares,100.0,0.0,0.0,0.0,0.0,183.0,0.0,83.0,0.0
BAJFINANCE,2016-03-30 18:25:00,2016-03-30,2016-03-29,2016-03-29,Employees/Designated Employees,Market Sale,Sell,Equity Shares,300.0,0.0,0.0,0.0,0.0,5234.0,0.01,4934.0,0.01
BAJFINANCE,2016-03-30 18:25:00,2016-03-29,2016-03-28,2016-03-28,Employees/Designated Employees,Market Sale,Sell,Equity Shares,550.0,0.0,0.0,0.0,0.0,5784.0,0.01,5234.0,0.01
BAJFINANCE,2016-03-30 18:25:00,2016-03-29,2016-03-28,2016-03-28,Employees/Designated Employees,Market Sale,Sell,Equity Shares,5.0,0.0,0.0,0.0,0.0,2125.0,0.0,2120.0,0.0
BAJFINANCE,2016-04-04 12:26:00,2016-03-31,2016-03-30,2016-03-30,Employees/Designated Employees,Market Sale,Sell,Equity Shares,200.0,0.0,0.0,0.0,0.0,4934.0,0.01,4734.0,0.01
BAJFINANCE,2016-04-04 12:31:00,2016-04-02,2016-04-01,2016-04-01,Employees/Designated Employees,Market Sale,Sell,Equity Shares,50.0,0.0,0.0,0.0,0.0,4550.0,0.01,4500.0,0.01
BAJFINANCE,2016-04-04 12:31:00,2016-04-02,2016-03-31,2016-03-31,Employees/Designated Employees,Market Sale,Sell,Equity Shares,203.0,0.0,0.0,0.0,0.0,4753.0,0.01,4550.0,0.01
BAJFINANCE,2016-04-07 11:36:00,2016-04-05,2016-03-09,2016-03-09,Employees/Designated Employees,Market Sale,Sell,Equity Shares,3.0,0.0,0.0,0.0,0.0,300.0,0.0,297.0,0.0
BAJFINANCE,2016-04-15 12:13:00,2016-04-12,2016-04-12,2016-04-12,Employees/Designated Employees,Market Sale,Sell,Equity Shares,400.0,0.0,0.0,0.0,0.0,1775.0,0.0,1375.0,0.0
BAJFINANCE,2016-04-15 12:13:00,2016-04-12,2016-04-12,2016-04-12,Director,Market Sale,Sell,Equity Shares,200.0,0.0,0.0,0.0,0.0,99754.0,0.2,99554.0,0.2
BAJFINANCE,2016-04-15 13:02:00,2016-04-11,2016-04-08,2016-04-08,Employees/Designated Employees,Market Sale,Sell,Equity Shares,2000.0,0.0,0.0,0.0,0.0,2427.0,0.0,427.0,0.0
BAJFINANCE,2016-04-15 13:02:00,2016-04-12,2016-04-12,2016-04-12,Employees/Designated Employees,Market Sale,Sell,Equity Shares,125.0,0.0,0.0,0.0,0.0,4232.0,0.01,4107.0,0.01
BAJFINANCE,2016-04-15 13:02:00,2016-04-11,2016-04-11,2016-04-11,Employees/Designated Employees,Market Sale,Sell,Equity Shares,300.0,0.0,0.0,0.0,0.0,2075.0,0.0,1775.0,0.0
BAJFINANCE,2016-04-15 13:02:00,2016-04-11,2016-04-08,2016-04-08,Employees/Designated Employees,Market Sale,Sell,Equity Shares,300.0,0.0,0.0,0.0,0.0,2120.0,0.0,1820.0,0.0
BAJFINANCE,2016-04-15 13:02:00,2016-04-12,2016-04-11,2016-04-11,Employees/Designated Employees,Market Sale,Sell,Equity Shares,427.0,0.0,0.0,0.0,0.0,427.0,0.0,,0.0
BAJFINANCE,2016-04-15 13:02:00,2016-04-08,2016-04-08,2016-04-08,Employees/Designated Employees,Market Sale,Sell,Equity Shares,1250.0,0.0,0.0,0.0,0.0,8500.0,0.02,7250.0,0.01
BAJFINANCE,2016-04-15 13:02:00,2016-04-11,2016-04-08,2016-04-08,Employees/Designated Employees,Market Sale,Sell,Equity Shares,200.0,0.0,0.0,0.0,0.0,4500.0,0.01,4300.0,0.01
BAJFINANCE,2016-04-15 13:02:00,2016-04-11,2016-04-11,2016-04-11,Employees/Designated Employees,Market Sale,Sell,Equity Shares,68.0,0.0,0.0,0.0,0.0,4300.0,0.01,4232.0,0.01
BAJFINANCE,2016-04-15 13:02:00,2016-04-08,2016-04-07,2016-04-07,Employees/Designated Employees,Market Sale,Sell,Equity Shares,1500.0,0.0,0.0,0.0,0.0,10000.0,0.02,8500.0,0.02
BAJFINANCE,2016-04-18 18:43:00,2016-04-15,2016-04-13,2016-04-13,Employees/Designated Employees,Market Sale,Sell,Equity Shares,75.0,0.0,0.0,0.0,0.0,4107.0,0.01,4032.0,0.01
BAJFINANCE,2016-04-18 18:43:00,2016-04-13,2016-04-13,2016-04-13,Director,Market Sale,Sell,Equity Shares,577.0,0.0,0.0,0.0,0.0,99554.0,0.2,98977.0,0.2
BAJFINANCE,2016-04-29 20:34:00,2016-04-27,2016-04-26,2016-04-26,Employees/Designated Employees,ESOP,Buy,Equity Shares,400.0,0.0,0.0,0.0,0.0,4734.0,0.01,5134.0,0.01
BAJFINANCE,2016-04-29 20:34:00,2016-04-29,2016-04-28,2016-04-28,Employees/Designated Employees,ESOP,Buy,Equity Shares,750.0,0.0,0.0,0.0,0.0,1375.0,0.0,2125.0,0.0
BAJFINANCE,2016-05-04 18:48:00,2016-05-03,2016-05-03,2016-05-03,Employees/Designated Employees,ESOP,Buy,Equity Shares,4125.0,0.0,0.0,0.0,0.0,4032.0,0.01,8157.0,0.02
BAJFINANCE,2016-05-23 14:08:00,2016-05-19,2016-05-18,2016-05-18,Employees/Designated Employees,ESOP,Buy,Equity Shares,650.0,0.0,0.0,0.0,0.0,,0.0,650.0,0.0
BAJFINANCE,2016-05-27 17:56:00,2016-05-26,2016-05-25,2016-05-25,Employees/Designated Employees,ESOP,Buy,Equity Shares,175.0,0.0,0.0,0.0,0.0,650.0,0.0,825.0,0.0
BAJFINANCE,2016-05-27 17:56:00,2016-05-25,2016-05-23,2016-05-23,Employees/Designated Employees,ESOP,Buy,Equity Shares,925.0,0.0,0.0,0.0,0.0,,0.0,925.0,0.0
BAJFINANCE,2016-05-31 15:01:00,2016-05-30,2016-05-28,2016-05-28,Employees/Designated Employees,ESOP,Buy,Equity Shares,350.0,0.0,0.0,0.0,0.0,2125.0,0.0,2475.0,0.0
BAJFINANCE,2016-05-31 15:01:00,2016-05-28,2016-05-27,2016-05-27,Employees/Designated Employees,Market Sale,Sell,Equity Shares,300.0,0.0,0.0,0.0,0.0,2350.0,0.0,2050.0,0.0
BAJFINANCE,2016-05-31 15:01:00,2016-05-30,2016-05-30,2016-05-30,Employees/Designated Employees,ESOP,Buy,Equity Shares,4900.0,0.0,0.0,0.0,0.0,,0.0,4900.0,0.01
BAJFINANCE,2016-06-01 12:46:00,2016-05-31,2016-05-31,2016-05-31,Employees/Designated Employees,Market Sale,Sell,Equity Shares,384.0,0.0,0.0,0.0,0.0,5134.0,0.01,4750.0,0.01
BAJFINANCE,2016-06-01 12:46:00,2016-05-31,2016-05-31,2016-05-31,Employees/Designated Employees,Market Sale,Sell,Equity Shares,825.0,0.0,0.0,0.0,0.0,825.0,0.0,,0.0
BAJFINANCE,2016-06-01 12:46:00,2016-05-31,2016-05-30,2016-05-30,Employees/Designated Employees,ESOP,Buy,Equity Shares,5575.0,0.0,0.0,0.0,0.0,1820.0,0.0,7395.0,0.01
BAJFINANCE,2016-06-01 12:46:00,2016-05-31,2016-05-31,2016-05-31,Employees/Designated Employees,Market Sale,Sell,Equity Shares,3200.0,0.0,0.0,0.0,0.0,7625.0,0.01,4425.0,0.01
BAJFINANCE,2016-06-01 12:46:00,2016-05-31,2016-05-30,2016-05-30,Employees/Designated Employees,ESOP,Buy,Equity Shares,7625.0,0.0,0.0,0.0,0.0,,0.0,7625.0,0.01
BAJFINANCE,2016-06-01 12:46:00,2016-05-31,2016-05-31,2016-05-31,Employees/Designated Employees,Market Sale,Sell,Equity Shares,2400.0,0.0,0.0,0.0,0.0,4900.0,0.01,2500.0,0.0
BAJFINANCE,2016-06-01 12:46:00,2016-05-31,2016-05-31,2016-05-31,Employees/Designated Employees,Market Sale,Sell,Equity Shares,925.0,0.0,0.0,0.0,0.0,925.0,0.0,,0.0
BAJFINANCE,2016-06-03 15:20:00,2016-06-03,2016-06-02,2016-06-02,Employees/Designated Employees,ESOP,Buy,Equity Shares,600.0,0.0,0.0,0.0,0.0,307.0,0.0,907.0,0.0
BAJFINANCE,2016-06-03 15:20:00,2016-06-03,2016-06-02,2016-06-02,Employees/Designated Employees,ESOP,Buy,Equity Shares,650.0,0.0,0.0,0.0,0.0,2475.0,0.0,3125.0,0.01
BAJFINANCE,2016-06-03 15:20:00,2016-06-03,2016-06-02,2016-06-02,Employees/Designated Employees,Market Sale,Sell,Equity Shares,1900.0,0.0,0.0,0.0,0.0,3900.0,0.01,2000.0,0.0
BAJFINANCE,2016-06-03 15:20:00,2016-06-03,2016-06-02,2016-06-02,Employees/Designated Employees,Market Sale,Sell,Equity Shares,1400.0,0.0,0.0,0.0,0.0,6995.0,0.01,5595.0,0.01
BAJFINANCE,2016-06-03 15:20:00,2016-06-03,2016-06-01,2016-06-01,Employees/Designated Employees,Market Sale,Sell,Equity Shares,400.0,0.0,0.0,0.0,0.0,7395.0,0.01,6995.0,0.01
BAJFINANCE,2016-06-03 15:20:00,2016-06-02,2016-05-31,2016-05-31,Employees/Designated Employees,ESOP,Buy,Equity Shares,1000.0,0.0,0.0,0.0,0.0,7250.0,0.01,8250.0,0.01
BAJFINANCE,2016-06-06 15:04:00,2016-06-03,2016-06-03,2016-06-03,Employees/Designated Employees,Market Sale,Sell,Equity Shares,900.0,0.0,0.0,0.0,0.0,5595.0,0.01,4695.0,0.01
BAJFINANCE,2016-06-06 15:04:00,2016-06-03,2016-06-03,2016-06-03,Employees/Designated Employees,ESOP,Buy,Equity Shares,3125.0,0.0,0.0,0.0,0.0,,0.0,3125.0,0.01
BAJFINANCE,2016-06-06 15:04:00,2016-06-03,2016-06-03,2016-06-03,Employees/Designated Employees,Market Sale,Sell,Equity Shares,1005.0,0.0,0.0,0.0,0.0,3125.0,0.01,2120.0,0.0
BAJFINANCE,2016-06-06 15:04:00,2016-06-04,2016-06-02,2016-06-02,Employees/Designated Employees,ESOP,Buy,Equity Shares,1000.0,0.0,0.0,0.0,0.0,1500.0,0.0,2500.0,0.0
BAJFINANCE,2016-06-06 15:04:00,2016-06-04,2016-06-04,2016-06-04,Employees/Designated Employees,ESOP,Buy,Equity Shares,1250.0,0.0,0.0,0.0,0.0,8250.0,0.02,9500.0,0.02
BAJFINANCE,2016-06-08 12:34:00,2016-06-07,2016-06-07,2016-06-07,Employees/Designated Employees,ESOP,Buy,Equity Shares,450.0,0.0,0.0,0.0,0.0,,0.0,450.0,0.0
BAJFINANCE,2016-06-08 12:34:00,2016-06-06,2016-06-06,2016-06-06,Employees/Designated Employees,Market Sale,Sell,Equity Shares,725.0,0.0,0.0,0.0,0.0,2500.0,0.0,1775.0,0.0
BAJFINANCE,2016-06-08 12:34:00,2016-06-06,2016-06-06,2016-06-06,Employees/Designated Employees,Market Sale,Sell,Equity Shares,250.0,0.0,0.0,0.0,0.0,2120.0,0.0,1870.0,0.0
BAJFINANCE,2016-06-08 12:34:00,2016-06-07,2016-06-04,2016-06-04,Key Managerial Personnel,ESOP,Buy,Equity Shares,475.0,0.0,0.0,0.0,0.0,7883.0,0.01,8358.0,0.02
BAJFINANCE,2016-06-08 12:34:00,2016-06-07,2016-05-23,2016-05-23,Key Managerial Personnel,ESOP,Buy,Equity Shares,500.0,0.0,0.0,0.0,0.0,7383.0,0.01,7883.0,0.01
BAJFINANCE,2016-06-08 12:34:00,2016-06-07,2016-06-07,2016-06-07,Employees/Designated Employees,ESOP,Buy,Equity Shares,2350.0,0.0,0.0,0.0,0.0,,0.0,2350.0,0.0
BAJFINANCE,2016-06-09 14:08:00,2016-06-08,2016-06-08,2016-06-08,Employees/Designated Employees,Market Sale,Sell,Equity Shares,100.0,0.0,0.0,0.0,0.0,1770.0,0.0,1670.0,0.0
BAJFINANCE,2016-06-09 14:08:00,2016-06-07,2016-06-07,2016-06-07,Employees/Designated Employees,Market Sale,Sell,Equity Shares,100.0,0.0,0.0,0.0,0.0,1870.0,0.0,1770.0,0.0
BAJFINANCE,2016-06-10 15:15:00,2016-06-09,2016-06-09,2016-06-09,Employees/Designated Employees,Market Sale,Sell,Equity Shares,10.0,0.0,0.0,0.0,0.0,1670.0,0.0,1660.0,0.0
BAJFINANCE,2016-06-14 15:32:00,2016-06-10,2016-06-09,2016-06-09,Employees/Designated Employees,ESOP,Buy,Equity Shares,1350.0,0.0,0.0,0.0,0.0,4750.0,0.01,6100.0,0.01
BAJFINANCE,2016-06-14 15:32:00,2016-06-13,2016-06-10,2016-06-10,Employees/Designated Employees,ESOP,Buy,Equity Shares,3500.0,0.0,0.0,0.0,0.0,2000.0,0.0,5500.0,0.01
BAJFINANCE,2016-06-15 18:18:00,2016-06-10,2016-06-09,2016-06-09,Employees/Designated Employees,ESOP,Buy,Equity Shares,1350.0,0.0,0.0,0.0,0.0,4750.0,0.01,6100.0,0.01
BAJFINANCE,2016-06-16 16:27:00,2016-06-15,2016-06-14,2016-06-14,Employees/Designated Employees,ESOP,Buy,Equity Shares,1550.0,0.0,0.0,0.0,0.0,,0.0,1550.0,0.0
BAJFINANCE,2016-06-21 17:18:00,2016-06-20,2016-06-20,2016-06-20,Employees/Designated Employees,ESOP,Buy,Equity Shares,1750.0,0.0,0.0,0.0,0.0,9500.0,0.0,11250.0,0.02
BAJFINANCE,2016-06-23 12:07:00,2016-06-22,2016-06-21,2016-06-21,Employees/Designated Employees,ESOP,Buy,Equity Shares,650.0,0.0,0.0,0.0,0.0,2050.0,0.0,2700.0,0.01
BAJFINANCE,2016-06-23 12:07:00,2016-06-22,2016-06-22,2016-06-22,Employees/Designated Employees,ESOP,Buy,Equity Shares,16275.0,0.0,0.0,0.0,0.0,958.0,0.0,17233.0,0.03
BAJFINANCE,2016-06-23 12:07:00,2016-06-22,2016-06-21,2016-06-21,Employees/Designated Employees,ESOP,Buy,Equity Shares,2050.0,0.0,0.0,0.0,0.0,11250.0,0.02,13300.0,0.02
BAJFINANCE,2016-06-27 17:32:00,2016-06-23,2016-06-22,2016-06-22,Employees/Designated Employees,ESOP,Buy,Equity Shares,300.0,0.0,0.0,0.0,0.0,1775.0,0.0,2075.0,0.0
BAJFINANCE,2016-06-28 20:01:00,2016-06-24,2016-06-22,2016-06-22,Employees/Designated Employees,ESOP,Buy,Equity Shares,3000.0,0.0,0.0,0.0,0.0,,0.0,3000.0,0.01
BAJFINANCE,2016-07-01 14:51:00,2016-06-30,2016-06-29,2016-06-29,Employees/Designated Employees,Market Sale,Sell,Equity Shares,1000.0,0.0,0.0,0.0,0.0,3000.0,0.01,2000.0,0.0
BAJFINANCE,2016-07-01 14:51:00,2016-06-30,2016-06-30,2016-06-30,Employees/Designated Employees,Market Sale,Sell,Equity Shares,1000.0,0.0,0.0,0.0,0.0,2000.0,0.0,1000.0,0.0
BAJFINANCE,2016-07-04 12:56:00,2016-07-02,2016-06-30,2016-06-30,Employees/Designated Employees,Market Sale,Sell,Equity Shares,132.0,0.0,0.0,0.0,0.0,8157.0,0.02,8025.0,0.02
BAJFINANCE,2016-07-04 12:56:00,2016-07-02,2016-06-30,2016-06-30,Employees/Designated Employees,Market Sale,Sell,Equity Shares,1000.0,0.0,0.0,0.0,0.0,13300.0,0.03,12300.0,0.02
BAJFINANCE,2016-07-05 14:38:00,2016-07-04,2016-07-02,2016-07-02,Employees/Designated Employees,ESOP,Buy,Equity Shares,900.0,0.0,0.0,0.0,0.0,6100.0,0.01,7000.0,0.01
BAJFINANCE,2016-07-15 12:46:00,2016-07-13,2016-07-12,2016-07-12,Employees/Designated Employees,ESOP,Buy,Equity Shares,975.0,0.0,0.0,0.0,0.0,1001.0,0.0,1976.0,0.0
BAJFINANCE,2016-07-18 17:10:00,2016-07-15,2016-07-15,2016-07-15,Employees/Designated Employees,ESOP,Buy,Equity Shares,50.0,0.0,0.0,0.0,0.0,600.0,0.0,650.0,0.0
BAJFINANCE,2016-07-18 17:10:00,2016-07-14,2016-07-13,2016-07-13,Employees/Designated Employees,ESOP,Buy,Equity Shares,900.0,0.0,0.0,0.0,0.0,,0.0,900.0,0.0
BAJFINANCE,2016-07-21 18:40:00,2016-07-20,2016-07-19,2016-07-19,Employees/Designated Employees,ESOP,Buy,Equity Shares,275.0,0.0,0.0,0.0,0.0,,0.0,275.0,0.0
BAJFINANCE,2016-07-21 18:40:00,2016-07-20,2016-07-19,2016-07-19,Employees/Designated Employees,ESOP,Buy,Equity Shares,1900.0,0.0,0.0,0.0,0.0,12300.0,0.02,14200.0,0.03
BAJFINANCE,2016-07-21 18:40:00,2016-07-20,2016-07-18,2016-07-18,Employees/Designated Employees,ESOP,Buy,Equity Shares,250.0,0.0,0.0,0.0,0.0,,0.0,250.0,0.0
BAJFINANCE,2016-07-25 12:20:00,2016-07-23,2016-07-22,2016-07-22,Employees/Designated Employees,ESOP,Buy,Equity Shares,1525.0,0.0,0.0,0.0,0.0,4695.0,0.01,6220.0,0.01
BAJFINANCE,2016-07-28 15:52:00,2016-07-26,2016-07-25,2016-07-25,Employees/Designated Employees,ESOP,Buy,Equity Shares,550.0,0.0,0.0,0.0,0.0,,0.0,550.0,0.0
BAJFINANCE,2016-07-28 15:52:00,2016-07-28,2016-07-27,2016-07-27,Employees/Designated Employees,ESOP,Buy,Equity Shares,5600.0,0.0,0.0,0.0,0.0,,0.0,5600.0,0.01
BAJFINANCE,2016-07-28 15:52:00,2016-07-27,2016-07-26,2016-07-26,Employees/Designated Employees,ESOP,Buy,Equity Shares,1300.0,0.0,0.0,0.0,0.0,2350.0,0.0,3650.0,0.01
BAJFINANCE,2016-08-01 17:02:00,2016-07-30,2016-07-29,2016-07-29,Employees/Designated Employees,Market Sale,Sell,Equity Shares,2298.0,0.0,0.0,0.0,0.0,2298.0,0.0,,0.0
BAJFINANCE,2016-08-01 17:02:00,2016-08-01,2016-08-01,2016-08-01,Employees/Designated Employees,Market Sale,Sell,Equity Shares,1000.0,0.0,0.0,0.0,0.0,1000.0,0.0,,0.0
BAJFINANCE,2016-08-01 17:02:00,2016-07-29,2016-07-28,2016-07-28,Employees/Designated Employees,Market Sale,Sell,Equity Shares,1000.0,0.0,0.0,0.0,0.0,2075.0,0.0,1075.0,0.0
BAJFINANCE,2016-08-01 17:02:00,2016-08-01,2016-07-30,2016-08-01,Employees/Designated Employees,ESOP,Buy,Equity Shares,850.0,0.0,0.0,0.0,0.0,1660.0,0.0,2510.0,0.01
BAJFINANCE,2016-08-01 17:02:00,2016-07-29,2016-07-29,2016-07-29,Employees/Designated Employees,Market Sale,Sell,Equity Shares,2808.0,0.0,0.0,0.0,0.0,2808.0,0.0,,0.0
BAJFINANCE,2016-08-01 17:02:00,2016-07-29,2016-07-29,2016-07-29,Employees/Designated Employees,Market Sale,Sell,Equity Shares,842.0,0.0,0.0,0.0,0.0,3650.0,0.01,2808.0,0.0
BAJFINANCE,2016-08-01 17:02:00,2016-07-28,2016-07-28,2016-07-28,Employees/Designated Employees,Market Sale,Sell,Equity Shares,550.0,0.0,0.0,0.0,0.0,550.0,0.0,,0.0
BAJFINANCE,2016-08-01 17:02:00,2016-07-29,2016-07-29,2016-07-29,Employees/Designated Employees,Market Sale,Sell,Equity Shares,1600.0,0.0,0.0,0.0,0.0,2300.0,0.0,700.0,0.0
BAJFINANCE,2016-08-01 17:02:00,2016-07-28,2016-07-28,2016-07-28,Employees/Designated Employees,ESOP,Buy,Equity Shares,2300.0,0.0,0.0,0.0,0.0,,0.0,2300.0,0.0
BAJFINANCE,2016-08-01 17:02:00,2016-07-30,2016-07-29,2016-07-29,Employees/Designated Employees,Market Sale,Sell,Equity Shares,2052.0,0.0,0.0,0.0,0.0,4350.0,0.01,2298.0,0.0
BAJFINANCE,2016-08-01 17:02:00,2016-07-29,2016-07-28,2016-07-28,Employees/Designated Employees,ESOP,Buy,Equity Shares,4350.0,0.0,0.0,0.0,0.0,,0.0,4350.0,0.01
BAJFINANCE,2016-08-01 17:02:00,2016-07-29,2016-07-29,2016-07-29,Employees/Designated Employees,Market Sale,Sell,Equity Shares,275.0,0.0,0.0,0.0,0.0,275.0,0.0,,0.0
BAJFINANCE,2016-08-01 17:02:00,2016-07-28,2016-07-28,2016-07-28,Employees/Designated Employees,Market Sale,Sell,Equity Shares,5600.0,0.0,0.0,0.0,0.0,5600.0,0.01,,0.0
BAJFINANCE,2016-08-03 19:17:00,2016-08-02,2016-08-01,2016-08-01,Employees/Designated Employees,ESOP,Buy,Equity Shares,550.0,0.0,0.0,0.0,0.0,,0.0,550.0,0.0
BAJFINANCE,2016-08-03 19:17:00,2016-08-03,2016-08-02,2016-08-02,Employees/Designated Employees,ESOP,Buy,Equity Shares,700.0,0.0,0.0,0.0,0.0,,0.0,700.0,0.0
BAJFINANCE,2016-08-03 19:17:00,2016-08-03,2016-08-02,2016-08-02,Employees/Designated Employees,Market Sale,Sell,Equity Shares,400.0,0.0,0.0,0.0,0.0,6020.0,0.01,5620.0,0.01
BAJFINANCE,2016-08-03 19:17:00,2016-08-03,2016-08-01,2016-08-01,Employees/Designated Employees,Market Sale,Sell,Equity Shares,200.0,0.0,0.0,0.0,0.0,6220.0,0.01,6020.0,0.01
BAJFINANCE,2016-08-03 19:17:00,2016-08-02,2016-08-01,2016-08-01,Employees/Designated Employees,ESOP,Buy,Equity Shares,650.0,0.0,0.0,0.0,0.0,,0.0,650.0,0.0
BAJFINANCE,2016-08-03 19:17:00,2016-08-02,2016-07-29,2016-07-29,Employees/Designated Employees,Market Sale,Sell,Equity Shares,1550.0,0.0,0.0,0.0,0.0,1550.0,0.0,,0.0
BAJFINANCE,2016-08-03 19:17:00,2016-08-02,2016-08-02,2016-08-02,Employees/Designated Employees,Market Sale,Sell,Equity Shares,300.0,0.0,0.0,0.0,0.0,2125.0,0.0,1825.0,0.0
BAJFINANCE,2016-08-03 19:17:00,2016-08-01,2016-08-01,2016-08-01,Employees/Designated Employees,Market Sale,Sell,Equity Shares,800.0,0.0,0.0,0.0,0.0,2925.0,0.01,2125.0,0.0
BAJFINANCE,2016-08-03 19:17:00,2016-08-01,2016-07-29,2016-07-29,Employees/Designated Employees,Market Sale,Sell,Equity Shares,200.0,0.0,0.0,0.0,0.0,3125.0,0.01,2925.0,0.01
BAJFINANCE,2016-08-03 19:17:00,2016-08-02,2016-08-01,2016-08-01,Employees/Designated Employees,Market Sale,Sell,Equity Shares,375.0,0.0,0.0,0.0,0.0,2510.0,0.01,2135.0,0.0
BAJFINANCE,2016-08-03 19:17:00,2016-08-03,2016-08-02,2016-08-02,Employees/Designated Employees,-,Sell,Equity Shares,550.0,0.0,0.0,0.0,0.0,550.0,0.0,,0.0
BAJFINANCE,2016-08-06 14:52:00,2016-08-05,2016-08-03,2016-08-03,Employees/Designated Employees,ESOP,Buy,Equity Shares,3850.0,0.0,0.0,0.0,0.0,1175.0,0.0,5025.0,0.01
BAJFINANCE,2016-08-06 14:52:00,2016-08-04,2016-08-04,2016-08-04,Employees/Designated Employees,ESOP,Buy,Equity Shares,2125.0,0.0,0.0,0.0,0.0,,0.0,2125.0,0.0
BAJFINANCE,2016-08-06 14:52:00,2016-08-04,2016-08-02,2016-08-02,Employees/Designated Employees,Market Sale,Sell,Equity Shares,650.0,0.0,0.0,0.0,0.0,650.0,0.0,,0.0
BAJFINANCE,2016-08-06 14:52:00,2016-08-04,2016-08-03,2016-08-03,Employees/Designated Employees,Market Sale,Sell,Equity Shares,700.0,0.0,0.0,0.0,0.0,700.0,0.0,,0.0
BAJFINANCE,2016-08-06 14:52:00,2016-08-04,2016-08-03,2016-08-03,Employees/Designated Employees,Market Sale,Sell,Equity Shares,5.0,0.0,0.0,0.0,0.0,2135.0,0.0,2130.0,0.0
BAJFINANCE,2016-08-17 16:28:00,2016-08-12,2016-08-12,2016-08-12,Employees/Designated Employees,Market Sale,Sell,Equity Shares,1195.0,0.0,0.0,0.0,0.0,2125.0,0.0,930.0,0.0
BAJFINANCE,2016-08-22 17:54:00,2016-08-22,2016-08-19,2016-08-19,Employees/Designated Employees,ESOP,Buy,Equity Shares,850.0,0.0,0.0,0.0,0.0,1825.0,0.0,2675.0,0.01
BAJFINANCE,2016-08-22 17:54:00,2016-08-18,2016-08-17,2016-08-17,Employees/Designated Employees,Market Sale,Sell,Equity Shares,661.0,0.0,0.0,0.0,0.0,5025.0,0.01,4364.0,0.01
BAJFINANCE,2016-08-22 17:54:00,2016-08-20,2016-08-18,2016-08-18,Employees/Designated Employees,Market Sale,Sell,Equity Shares,1340.0,0.0,0.0,0.0,0.0,4364.0,0.01,3024.0,0.01
BAJFINANCE,2016-08-22 17:54:00,2016-08-18,2016-08-18,2016-08-18,Employees/Designated Employees,ESOP,Buy,Equity Shares,1900.0,0.0,0.0,0.0,0.0,,0.0,1900.0,0.0
BAJFINANCE,2016-08-22 17:54:00,2016-08-18,2016-08-18,2016-08-18,Employees/Designated Employees,Market Sale,Sell,Equity Shares,1900.0,0.0,0.0,0.0,0.0,1900.0,0.0,,0.0
BAJFINANCE,2016-09-01 11:49:00,2016-08-31,2016-08-29,2016-08-29,Employees/Designated Employees,Market Sale,Sell,Equity Shares,250.0,0.0,0.0,0.0,0.0,14200.0,0.03,13950.0,0.03
BAJFINANCE,2016-09-01 11:49:00,2016-09-01,2016-08-31,2016-08-31,Employees/Designated Employees,ESOP,Buy,Equity Shares,3000.0,0.0,0.0,0.0,0.0,,0.0,3000.0,0.01
BAJFINANCE,2016-09-01 11:49:00,2016-08-31,2016-08-31,2016-08-31,Employees/Designated Employees,Market Sale,Sell,Equity Shares,750.0,0.0,0.0,0.0,0.0,13950.0,0.03,13200.0,0.02
BAJFINANCE,2016-09-06 17:16:00,2016-09-02,2016-09-01,2016-09-01,Employees/Designated Employees,Market Sale,Sell,Equity Shares,525.0,0.0,0.0,0.0,0.0,3000.0,0.01,2475.0,0.01
BAJFINANCE,2016-09-09 14:27:00,2016-09-07,2016-09-06,2016-09-06,Employees/Designated Employees,ESOP,Buy,Equity Shares,675.0,0.0,0.0,0.0,0.0,1075.0,0.0,1750.0,0.0
BAJFINANCE,2016-09-09 14:27:00,2016-09-08,2016-09-07,2016-09-07,Employees/Designated Employees,Market Sale,Sell,Equity Shares,600.0,0.0,0.0,0.0,0.0,2000.0,0.0,1400.0,0.0
BAJFINANCE,2016-09-09 14:27:00,2016-09-07,2016-09-06,2016-09-06,Employees/Designated Employees,Market Sale,Sell,Equity Shares,475.0,0.0,0.0,0.0,0.0,2475.0,0.01,2000.0,0.0
BAJFINANCE,2016-09-22 15:09:00,2016-09-22,2016-09-21,2016-09-21,Employees/Designated Employees,Market Sale,Sell,Equity Shares,2500.0,0.0,0.0,0.0,0.0,66000.0,0.01,63500.0,0.01
BAJFINANCE,2016-09-22 15:09:00,2016-09-21,2016-09-20,2016-09-20,Employees/Designated Employees,Market Sale,Sell,Equity Shares,2000.0,0.0,0.0,0.0,0.0,68000.0,0.01,66000.0,0.01
BAJFINANCE,2016-09-29 16:52:00,2016-09-28,2016-09-27,2016-09-27,Director,Market Sale,Sell,Equity Shares,22226.0,0.0,0.0,0.0,0.0,989770.0,0.2,967544.0,0.2
BAJFINANCE,2016-09-29 16:52:00,2016-09-28,2016-09-28,2016-09-28,Employees/Designated Employees,Market Sale,Sell,Equity Shares,10000.0,0.0,0.0,0.0,0.0,20100.0,0.0,10100.0,0.0
BAJFINANCE,2016-09-29 16:52:00,2016-09-28,2016-09-27,2016-09-27,Employees/Designated Employees,ESOP,Buy,Equity Shares,20000.0,0.0,0.0,0.0,0.0,100.0,0.0,20100.0,0.0
BAJFINANCE,2016-09-29 16:52:00,2016-09-29,2016-09-28,2016-09-28,Director,Market Sale,Sell,Equity Shares,31869.0,0.0,0.0,0.0,0.0,967544.0,0.2,935675.0,0.2
BAJFINANCE,2016-10-03 17:24:00,2016-10-01,2016-09-30,2016-09-30,Employees/Designated Employees,Market Sale,Sell,Equity Shares,7500.0,0.0,0.0,0.0,0.0,17500.0,0.0,10000.0,0.0
BAJFINANCE,2016-10-03 17:24:00,2016-09-30,2016-09-30,2016-09-30,Employees/Designated Employees,ESOP,Buy,Equity Shares,4000.0,0.0,0.0,0.0,0.0,63500.0,0.01,67500.0,0.01
BAJFINANCE,2016-10-04 16:47:00,2016-10-03,2016-09-30,2016-09-30,Employees/Designated Employees,ESOP,Buy,Equity Shares,2000.0,0.0,0.0,0.0,0.0,26750.0,0.0,28750.0,0.0
BAJFINANCE,2016-10-04 16:47:00,2016-10-01,2016-08-29,2016-08-29,Employees/Designated Employees,Market Sale,Sell,Equity Shares,100.0,0.0,0.0,0.0,0.0,165.0,0.0,65.0,0.0
BAJFINANCE,2016-10-04 16:47:00,2016-10-01,2016-08-29,2016-08-29,Employees/Designated Employees,Market Sale,Sell,Equity Shares,100.0,0.0,0.0,0.0,0.0,265.0,0.0,165.0,0.0
BAJFINANCE,2016-10-04 16:47:00,2016-10-01,2016-08-03,2016-08-03,Employees/Designated Employees,Market Sale,Sell,Equity Shares,20.0,0.0,0.0,0.0,0.0,285.0,0.0,265.0,0.0
BAJFINANCE,2016-10-04 16:47:00,2016-10-01,2016-08-31,2016-08-31,Employees/Designated Employees,Market Sale,Sell,Equity Shares,50.0,0.0,0.0,0.0,0.0,65.0,0.0,15.0,0.0
BAJFINANCE,2016-10-10 17:31:00,2016-10-08,2016-10-06,2016-10-06,Employees/Designated Employees,ESOP,Buy,Equity Shares,2250.0,0.0,0.0,0.0,0.0,27000.0,0.005,29250.0,0.005
BAJFINANCE,2016-10-10 17:31:00,2016-10-06,2016-10-05,2016-10-05,Employees/Designated Employees,ESOP,Buy,Equity Shares,3000.0,0.0,0.0,0.0,0.0,28750.0,0.005,31750.0,0.006
BAJFINANCE,2016-11-02 11:58:00,2016-10-31,2016-10-28,2016-10-28,Employees/Designated Employees,ESOP,Buy,Equity Shares,20250.0,0.0,0.0,0.0,0.0,75710.0,0.01,95960.0,0.02
BAJFINANCE,2016-11-04 12:55:00,2016-11-02,2016-11-02,2016-11-02,Employees/Designated Employees,Market Sale,Sell,Equity Shares,5500.0,0.0,0.0,0.0,0.0,67500.0,0.01,62000.0,0.01
BAJFINANCE,2016-11-04 14:27:00,2016-11-03,2016-11-02,2016-11-02,Director,Market Sale,Sell,Equity Shares,48500.0,0.0,0.0,0.0,0.0,935675.0,0.17,887175.0,0.16
BAJFINANCE,2016-11-08 16:33:00,2016-11-08,2016-11-07,2016-11-07,Employees/Designated Employees,ESOP,Buy,Equity Shares,30000.0,0.0,0.0,0.0,0.0,14000.0,0.0,44000.0,0.01
BAJFINANCE,2016-11-16 17:56:00,2016-11-16,2016-11-15,2016-11-15,Employees/Designated Employees,ESOP,Buy,Equity Shares,10250.0,0.0,0.0,0.0,0.0,62000.0,0.01,72250.0,0.01
BAJFINANCE,2016-11-21 16:20:00,2016-11-18,2016-11-17,2016-11-17,Employees/Designated Employees,ESOP,Buy,Equity Shares,4000.0,0.0,0.0,0.0,0.0,31750.0,0.0,35750.0,0.0
BAJFINANCE,2016-11-21 16:20:00,2016-11-17,2016-11-15,2016-11-15,Employees/Designated Employees,Market Purchase,Buy,Equity Shares,9000.0,0.0,0.0,0.0,0.0,,0.0,9000.0,0.0
BAJFINANCE,2016-11-25 14:05:00,2016-11-23,2016-11-23,2016-11-23,Promoters,Off Market,Buy,Equity Shares,9250000.0,0.0,0.0,0.0,0.0,308566130.0,57.28,317816130.0,58.0
BAJFINANCE,2016-11-30 16:11:00,2016-11-28,2016-11-25,2016-11-26,Employees/Designated Employees,ESOP,Buy,Equity Shares,1000.0,0.0,0.0,0.0,0.0,29250.0,0.005,30250.0,0.006
BAJFINANCE,2016-12-13 12:35:00,2016-12-10,2016-12-09,2016-12-09,Employees/Designated Employees,ESOP,Buy,Equity Shares,10250.0,0.0,0.0,0.0,0.0,72250.0,0.01,82500.0,0.02
BAJFINANCE,2016-12-15 20:29:00,2016-12-14,2016-12-13,2016-12-13,Employees/Designated Employees,Market Sale,Sell,Equity Shares,3500.0,0.0,0.0,0.0,0.0,82500.0,0.02,79000.0,0.01
BAJFINANCE,2016-12-19 17:05:00,2016-12-19,2016-12-19,2016-12-19,Employees/Designated Employees,Market Purchase,Buy,Equity Shares,3750.0,0.0,0.0,0.0,0.0,10000.0,0.0,13750.0,0.0
BAJFINANCE,2016-12-19 17:05:00,2016-12-16,2016-12-15,2016-12-15,Employees/Designated Employees,Market Sale,Sell,Equity Shares,2500.0,0.0,0.0,0.0,0.0,79000.0,0.01,76500.0,0.01
BAJFINANCE,2016-12-26 12:03:00,2016-12-24,2016-10-01,2016-12-23,Employees/Designated Employees,Market Purchase,Buy,Equity Shares,1135.0,0.0,0.0,0.0,0.0,10450.0,0.0,11585.0,0.0
BAJFINANCE,2016-12-27 15:14:00,2016-12-27,2016-12-24,2016-12-24,Employees/Designated Employees,ESOP,Buy,Equity Shares,3000.0,0.0,0.0,0.0,0.0,9000.0,0.0,12000.0,0.0
BAJFINANCE,2016-12-29 09:42:00,2016-12-28,2016-12-27,2016-12-27,Employees/Designated Employees,ESOP,Buy,Equity Shares,4000.0,0.0,0.0,0.0,0.0,150.0,0.0,4150.0,0.0
BAJFINANCE,2016-12-29 16:33:00,2016-12-29,2016-12-27,2016-12-28,Employees/Designated Employees,Market Sale,Sell,Equity Shares,4200.0,0.0,0.0,0.0,0.0,11220.0,0.0,7020.0,0.0
BAJFINANCE,2016-12-31 10:57:00,2016-12-29,2016-12-16,2016-12-16,Employees/Designated Employees,ESOP,Buy,Equity Shares,8250.0,0.0,0.0,0.0,0.0,2970.0,0.0,11220.0,0.0
BAJFINANCE,2016-12-31 10:57:00,2016-12-29,2016-12-27,2016-12-28,Employees/Designated Employees,Market Sale,Sell,Equity Shares,4200.0,0.0,0.0,0.0,0.0,11220.0,0.0,7020.0,0.0
BAJFINANCE,2017-01-12 09:49:00,2017-01-11,2017-01-09,2017-01-09,Employees/Designated Employees,ESOP,Buy,Equity Shares,340630.0,0.0,0.0,0.0,0.0,,0.0,340630.0,0.01
BAJFINANCE,2017-02-03 12:34:00,2017-02-02,2017-02-02,2017-02-02,Employees/Designated Employees,Market Sale,Sell,Equity Shares,1000.0,0.0,0.0,0.0,0.0,8100.0,0.0,7100.0,0.0
BAJFINANCE,2017-02-03 12:34:00,2017-02-01,2017-02-01,2017-02-01,Employees/Designated Employees,Market Sale,Sell,Equity Shares,2000.0,0.0,0.0,0.0,0.0,10100.0,0.0,8100.0,0.0
BAJFINANCE,2017-02-03 12:34:00,2017-02-02,2017-02-02,2017-02-02,Employees/Designated Employees,Market Sale,Sell,Equity Shares,2000.0,0.0,0.0,0.0,0.0,44000.0,0.01,42000.0,0.01
BAJFINANCE,2017-02-03 12:34:00,2017-02-02,2017-02-01,2017-02-01,Employees/Designated Employees,Market Sale,Sell,Equity Shares,1847.0,0.0,0.0,0.0,0.0,237125.0,0.04,235278.0,0.04
BAJFINANCE,2017-02-03 12:34:00,2017-02-02,2017-02-01,2017-02-01,Employees/Designated Employees,Market Sale,Sell,Equity Shares,103505.0,0.0,0.0,0.0,0.0,340630.0,0.06,237125.0,0.04
BAJFINANCE,2017-02-03 12:34:00,2017-02-02,2017-02-01,2017-02-01,Director,Market Sale,Sell,Equity Shares,123200.0,0.0,0.0,0.0,0.0,887175.0,0.2,763975.0,0.1
BAJFINANCE,2017-02-06 17:35:00,2017-02-03,2017-02-02,2017-02-02,Employees/Designated Employees,Market Sale,Sell,Equity Shares,10000.0,0.0,0.0,0.0,0.0,235278.0,0.04,225278.0,0.04
BAJFINANCE,2017-02-20 15:12:00,2017-02-16,2017-02-14,2017-02-15,Employees/Designated Employees,Market Sale,Sell,Equity Shares,2300.0,0.0,0.0,0.0,0.0,7020.0,0.0,4720.0,0.0
BAJFINANCE,2017-02-20 15:12:00,2017-02-17,2017-02-16,2017-02-16,Employees/Designated Employees,Market Sale,Sell,Equity Shares,10000.0,0.0,0.0,0.0,0.0,225278.0,0.04,215278.0,0.04
BAJFINANCE,2017-02-20 15:12:00,2017-02-17,2017-02-17,2017-02-17,Employees/Designated Employees,Market Sale,Sell,Equity Shares,2000.0,0.0,0.0,0.0,0.0,42000.0,0.01,40000.0,0.01
BAJFINANCE,2017-02-22 11:02:00,2017-02-20,2017-02-17,2017-02-17,Employees/Designated Employees,Market Sale,Sell,Equity Shares,700.0,0.0,0.0,0.0,0.0,4720.0,0.0,4020.0,0.0
BAJFINANCE,2017-02-22 11:02:00,2017-02-21,2017-02-20,2017-02-20,Employees/Designated Employees,Market Sale,Sell,Equity Shares,9636.0,0.0,0.0,0.0,0.0,215278.0,0.04,205642.0,0.04
BAJFINANCE,2017-02-24 15:15:00,2017-02-22,2017-02-22,2017-02-22,Employees/Designated Employees,ESOP,Buy,Equity Shares,41750.0,0.0,0.0,0.0,0.0,,0.0,41750.0,0.01
BAJFINANCE,2017-02-28 11:31:00,2017-02-27,2017-02-22,2017-02-22,Director,Market Purchase,Buy,Equity Shares,200000.0,0.0,0.0,0.0,0.0,,0.0,200000.0,0.04
BAJFINANCE,2017-03-01 13:22:00,2017-02-27,2017-02-27,2017-02-27,Employees/Designated Employees,Market Sale,Sell,Equity Shares,41750.0,0.0,0.0,0.0,0.0,41750.0,0.01,,0.0
BAJFINANCE,2017-03-02 17:51:00,2017-03-01,2017-02-28,2017-02-28,Employees/Designated Employees,Market Sale,Sell,Equity Shares,10000.0,0.0,0.0,0.0,0.0,205642.0,0.04,195642.0,0.04
BAJFINANCE,2017-03-02 17:51:00,2017-03-02,2017-03-01,2017-03-01,Director,Market Purchase,Buy,Equity Shares,100000.0,0.0,0.0,0.0,0.0,200000.0,0.04,300000.0,0.05
BAJFINANCE,2017-03-03 18:00:00,2017-03-03,2017-03-02,2017-03-02,Director,Market Purchase,Buy,Equity Shares,25000.0,0.0,0.0,0.0,0.0,300000.0,0.05,325000.0,0.06
BAJFINANCE,2017-03-06 15:21:00,2017-03-03,2017-03-02,2017-03-02,Employees/Designated Employees,ESOP,Buy,Equity Shares,2750.0,0.0,0.0,0.0,0.0,76500.0,0.01,79250.0,0.01
BAJFINANCE,2017-03-07 12:24:00,2017-03-07,2017-03-03,2017-03-06,Director,Market Purchase,Buy,Equity Shares,69000.0,0.0,0.0,0.0,0.0,325000.0,0.06,394000.0,0.07
BAJFINANCE,2017-03-08 14:31:00,2017-03-06,2017-03-06,2017-03-06,Employees/Designated Employees,ESOP,Buy,Equity Shares,19000.0,0.0,0.0,0.0,0.0,,0.0,19000.0,0.0
BAJFINANCE,2017-03-09 18:48:00,2017-03-07,2017-03-06,2017-03-06,Employees/Designated Employees,Market Sale,Sell,Equity Shares,19000.0,0.0,0.0,0.0,0.0,19000.0,0.0,,0.0
BAJFINANCE,2017-03-10 17:13:00,2017-03-08,2017-03-08,2017-03-08,Employees/Designated Employees,Market Sale,Sell,Equity Shares,11220.0,0.0,0.0,0.0,0.0,30520.0,0.0,19300.0,0.0
BAJFINANCE,2017-03-10 17:13:00,2017-03-08,2017-03-07,2017-03-07,Employees/Designated Employees,ESOP,Buy,Equity Shares,26500.0,0.0,0.0,0.0,0.0,4020.0,0.0,30520.0,0.0
BAJFINANCE,2017-03-16 17:18:00,2017-03-16,2017-03-14,2017-03-14,Employees/Designated Employees,Market Sale,Sell,Equity Shares,30000.0,0.0,0.0,0.0,0.0,195642.0,0.04,165642.0,0.03
BAJFINANCE,2017-03-16 17:18:00,2017-03-16,2017-03-15,2017-03-15,Employees/Designated Employees,Market Sale,Sell,Equity Shares,400.0,0.0,0.0,0.0,0.0,35750.0,0.01,35350.0,0.01
BAJFINANCE,2017-03-20 14:37:00,2017-03-17,2017-03-16,2017-03-16,Employees/Designated Employees,Market Sale,Sell,Equity Shares,11250.0,0.0,0.0,0.0,0.0,11250.0,0.002,,0.0
BAJFINANCE,2017-03-20 14:37:00,2017-03-16,2017-03-15,2017-03-15,Employees/Designated Employees,ESOP,Buy,Equity Shares,5250.0,0.0,0.0,0.0,0.0,500.0,0.0,5750.0,0.0
BAJFINANCE,2017-03-20 14:37:00,2017-03-17,2017-03-16,2017-03-16,Employees/Designated Employees,Market Sale,Sell,Equity Shares,2785.0,0.0,0.0,0.0,0.0,5750.0,0.0,2965.0,0.0
BAJFINANCE,2017-03-20 14:37:00,2017-03-16,2017-03-16,2017-03-16,Employees/Designated Employees,Market Sale,Sell,Equity Shares,2100.0,0.0,0.0,0.0,0.0,35350.0,0.01,33250.0,0.01
BAJFINANCE,2017-03-20 14:37:00,2017-03-17,2017-03-17,2017-03-17,Employees/Designated Employees,ESOP,Buy,Equity Shares,21750.0,0.0,0.0,0.0,0.0,2740.0,0.0,24490.0,0.0
BAJFINANCE,2017-03-20 14:37:00,2017-03-17,2017-03-15,2017-03-15,Employees/Designated Employees,ESOP,Buy,Equity Shares,11250.0,0.0,0.0,0.0,0.0,,0.0,11250.0,0.002
BAJFINANCE,2017-03-21 14:02:00,2017-03-20,2017-03-17,2017-03-17,Employees/Designated Employees,Market Sale,Sell,Equity Shares,9041.0,0.0,0.0,0.0,0.0,165642.0,0.03,156601.0,0.03
BAJFINANCE,2017-03-23 15:11:00,2017-03-21,2017-03-20,2017-03-20,Employees/Designated Employees,Market Sale,Sell,Equity Shares,5000.0,0.0,0.0,0.0,0.0,96830.0,0.02,91830.0,0.02
BAJFINANCE,2017-03-25 14:47:00,2017-03-24,2017-03-24,2017-03-24,Employees/Designated Employees,Market Sale,Sell,Equity Shares,1688.0,0.0,0.0,0.0,0.0,33250.0,0.01,31562.0,0.01
BAJFINANCE,2017-03-27 12:47:00,2017-03-24,2017-03-24,2017-03-24,Employees/Designated Employees,Market Sale,Sell,Equity Shares,200.0,0.0,0.0,0.0,0.0,40000.0,0.01,39800.0,0.01
BAJFINANCE,2017-03-29 17:33:00,2017-03-28,2017-03-28,2017-03-28,Employees/Designated Employees,Market Sale,Sell,Equity Shares,1000.0,0.0,0.0,0.0,0.0,31562.0,0.01,30562.0,0.01
BAJFINANCE,2017-03-29 17:33:00,2017-03-28,2017-03-27,2017-03-27,Employees/Designated Employees,Market Sale,Sell,Equity Shares,2000.0,0.0,0.0,0.0,0.0,91830.0,0.02,89830.0,0.02
BAJFINANCE,2017-03-30 17:33:00,2017-03-29,2017-03-28,2017-03-28,Employees/Designated Employees,Market Sale,Sell,Equity Shares,4000.0,0.0,0.0,0.0,0.0,39800.0,0.01,35800.0,0.01
BAJFINANCE,2017-03-30 17:33:00,2017-03-29,2017-03-28,2017-03-28,Employees/Designated Employees,Market Sale,Sell,Equity Shares,2000.0,0.0,0.0,0.0,0.0,89830.0,0.02,87830.0,0.02
BAJFINANCE,2017-03-30 17:33:00,2017-03-28,2017-03-28,2017-03-28,Employees/Designated Employees,Market Sale,Sell,Equity Shares,2000.0,0.0,0.0,0.0,0.0,9300.0,0.002,7300.0,0.001
BAJFINANCE,2017-03-30 17:33:00,2017-03-30,2017-03-28,2017-03-28,Employees/Designated Employees,Market Sale,Sell,Equity Shares,5000.0,0.0,0.0,0.0,0.0,156601.0,0.03,151601.0,0.03
BAJFINANCE,2017-04-07 13:50:00,2017-04-06,2017-04-06,2017-04-06,Employees/Designated Employees,ESOP,Buy,Equity Shares,39000.0,0.0,0.0,0.0,0.0,2500.0,0.0,41500.0,0.01
BAJFINANCE,2017-04-11 12:26:00,2017-04-10,2017-04-07,2017-04-07,Employees/Designated Employees,Market Sale,Sell,Equity Shares,900.0,0.0,0.0,0.0,0.0,79250.0,0.01,78350.0,0.01
BAJFINANCE,2017-04-11 12:26:00,2017-04-10,2017-04-10,2017-04-10,Employees/Designated Employees,Market Sale,Sell,Equity Shares,5000.0,0.0,0.0,0.0,0.0,28500.0,0.01,23500.0,0.0
BAJFINANCE,2017-04-11 12:26:00,2017-04-11,2017-04-10,2017-04-10,Employees/Designated Employees,Market Sale,Sell,Equity Shares,1900.0,0.0,0.0,0.0,0.0,78350.0,0.01,76450.0,0.01
BAJFINANCE,2017-04-11 12:26:00,2017-04-07,2017-04-07,2017-04-07,Employees/Designated Employees,Market Sale,Sell,Equity Shares,3000.0,0.0,0.0,0.0,0.0,30562.0,0.01,27562.0,0.01
BAJFINANCE,2017-04-11 12:26:00,2017-04-10,2017-04-10,2017-04-10,Employees/Designated Employees,Market Sale,Sell,Equity Shares,3812.0,0.0,0.0,0.0,0.0,27562.0,0.01,23750.0,0.0
BAJFINANCE,2017-04-11 12:26:00,2017-04-07,2017-04-07,2017-04-07,Employees/Designated Employees,Market Sale,Sell,Equity Shares,13000.0,0.0,0.0,0.0,0.0,41500.0,0.01,28500.0,0.01
BAJFINANCE,2017-04-13 17:43:00,2017-04-12,2017-04-12,2017-04-12,Employees/Designated Employees,Market Sale,Sell,Equity Shares,2200.0,0.0,0.0,0.0,0.0,35800.0,0.01,33600.0,0.01
BAJFINANCE,2017-04-13 17:43:00,2017-04-12,2017-04-11,2017-04-11,Employees/Designated Employees,Market Sale,Sell,Equity Shares,1000.0,0.0,0.0,0.0,0.0,76450.0,0.01,75450.0,0.01
BAJFINANCE,2017-04-17 17:39:00,2017-04-14,2017-04-13,2017-04-13,Employees/Designated Employees,Market Sale,Sell,Equity Shares,2800.0,0.0,0.0,0.0,0.0,33600.0,0.01,30800.0,0.01
BAJFINANCE,2017-04-19 11:40:00,2017-04-17,2017-04-06,2017-04-06,Employees/Designated Employees,Market Sale,Sell,Equity Shares,5000.0,0.0,0.0,0.0,0.0,30000.0,0.01,25000.0,0.0
BAJFINANCE,2017-04-27 19:04:00,2017-04-25,2017-04-24,2017-04-24,Employees/Designated Employees,ESOP,Buy,Equity Shares,2000.0,0.0,0.0,0.0,0.0,23750.0,0.0,25750.0,0.0
BAJFINANCE,2017-05-11 16:07:00,2017-05-10,2017-05-08,2017-05-08,Employees/Designated Employees,ESOP,Buy,Equity Shares,3000.0,0.0,0.0,0.0,0.0,,0.0,3000.0,0.0
BAJFINANCE,2017-05-18 19:25:00,2017-05-17,2017-05-16,2017-05-16,Employees/Designated Employees,ESOP,Buy,Equity Shares,6500.0,0.0,0.0,0.0,0.0,13700.0,0.0,20200.0,0.0
BAJFINANCE,2017-05-22 18:14:00,2017-05-19,2017-05-18,2017-05-18,Employees/Designated Employees,ESOP,Buy,Equity Shares,6500.0,0.0,0.0,0.0,0.0,,0.0,6500.0,0.0
BAJFINANCE,2017-05-22 18:14:00,2017-05-19,2017-05-19,2017-05-19,Key Managerial Personnel,ESOP,Buy,Equity Shares,118750.0,0.0,0.0,0.0,0.0,,0.0,118750.0,0.02
BAJFINANCE,2017-05-22 18:14:00,2017-05-19,2017-05-19,2017-05-19,Key Managerial Personnel,Market Sale,Sell,Equity Shares,118750.0,0.0,0.0,0.0,0.0,118750.0,0.02,,0.0
BAJFINANCE,2017-05-22 18:14:00,2017-05-22,2017-05-18,2017-05-18,Employees/Designated Employees,ESOP,Buy,Equity Shares,4750.0,0.0,0.0,0.0,0.0,,0.0,4750.0,0.0
BAJFINANCE,2017-05-24 17:29:00,2017-05-23,2017-05-22,2017-05-22,Employees/Designated Employees,ESOP,Buy,Equity Shares,1750.0,0.0,0.0,0.0,0.0,,0.0,1750.0,0.0
BAJFINANCE,2017-05-24 17:29:00,2017-05-23,2017-05-22,2017-05-22,Employees/Designated Employees,Market Sale,Sell,Equity Shares,6500.0,0.0,0.0,0.0,0.0,6500.0,0.0,,0.0
BAJFINANCE,2017-05-24 17:29:00,2017-05-23,2017-05-22,2017-05-22,Employees/Designated Employees,Market Sale,Sell,Equity Shares,2794.0,0.0,0.0,0.0,0.0,4750.0,0.0,1956.0,0.0
BAJFINANCE,2017-05-29 19:30:00,2017-05-27,2017-05-26,2017-05-26,Employees/Designated Employees,ESOP,Buy,Equity Shares,21750.0,0.0,0.0,0.0,0.0,21300.0,0.0,43050.0,0.01
BAJFINANCE,2017-05-29 19:30:00,2017-05-26,2017-05-26,2017-05-26,Employees/Designated Employees,Market Sale,Sell,Equity Shares,1750.0,0.0,0.0,0.0,0.0,1750.0,0.0,,0.0
BAJFINANCE,2017-05-29 19:30:00,2017-05-26,2017-05-26,2017-05-26,Employees/Designated Employees,ESOP,Buy,Equity Shares,5750.0,0.0,0.0,0.0,0.0,,0.0,5750.0,0.0
BAJFINANCE,2017-05-29 19:30:00,2017-05-26,2017-05-26,2017-05-26,Employees/Designated Employees,Market Sale,Sell,Equity Shares,5750.0,0.0,0.0,0.0,0.0,5750.0,0.0,,0.0
BAJFINANCE,2017-05-29 19:30:00,2017-05-26,2017-05-25,2017-05-25,Employees/Designated Employees,ESOP,Buy,Equity Shares,9750.0,0.0,0.0,0.0,0.0,83580.0,0.02,93330.0,0.02
BAJFINANCE,2017-05-29 19:30:00,2017-05-29,2017-05-26,2017-05-26,Employees/Designated Employees,ESOP,Buy,Equity Shares,15375.0,0.0,0.0,0.0,0.0,32505.0,0.0,47880.0,0.01
BAJFINANCE,2017-06-01 18:03:00,2017-05-30,2017-05-29,2017-05-29,Employees/Designated Employees,ESOP,Buy,Equity Shares,101500.0,0.0,0.0,0.0,0.0,172570.0,0.03,274070.0,0.05
BAJFINANCE,2017-06-01 18:03:00,2017-05-31,2017-05-30,2017-05-30,Employees/Designated Employees,Market Sale,Sell,Equity Shares,35416.0,0.0,0.0,0.0,0.0,38000.0,0.01,2584.0,0.0
BAJFINANCE,2017-06-01 18:03:00,2017-05-31,2017-05-30,2017-05-30,Employees/Designated Employees,Market Sale,Sell,Equity Shares,2584.0,0.0,0.0,0.0,0.0,2584.0,0.0,,0.0
BAJFINANCE,2017-06-01 18:03:00,2017-05-31,2017-05-31,2017-05-31,Employees/Designated Employees,Market Sale,Sell,Equity Shares,20200.0,0.0,0.0,0.0,0.0,229070.0,0.04,208870.0,0.04
BAJFINANCE,2017-06-01 18:03:00,2017-05-30,2017-05-29,2017-05-29,Employees/Designated Employees,ESOP,Buy,Equity Shares,5000.0,0.0,0.0,0.0,0.0,25750.0,0.0,30750.0,0.01
BAJFINANCE,2017-06-01 18:03:00,2017-06-01,2017-05-31,2017-05-31,Employees/Designated Employees,Market Sale,Sell,Equity Shares,57898.0,0.0,0.0,0.0,0.0,59490.0,0.01,1592.0,0.0
BAJFINANCE,2017-06-01 18:03:00,2017-05-31,2017-05-30,2017-05-30,Employees/Designated Employees,ESOP,Buy,Equity Shares,38000.0,0.0,0.0,0.0,0.0,,0.0,38000.0,0.01
BAJFINANCE,2017-06-01 18:03:00,2017-05-31,2017-05-30,2017-05-30,Employees/Designated Employees,Market Sale,Sell,Equity Shares,45000.0,0.0,0.0,0.0,0.0,274070.0,0.05,229070.0,0.04
BAJFINANCE,2017-06-01 18:03:00,2017-06-01,2017-05-31,2017-05-31,Employees/Designated Employees,ESOP,Buy,Equity Shares,8500.0,0.0,0.0,0.0,0.0,,0.0,8500.0,0.0
BAJFINANCE,2017-06-01 18:03:00,2017-06-01,2017-05-30,2017-05-30,Employees/Designated Employees,ESOP,Buy,Equity Shares,59490.0,0.0,0.0,0.0,0.0,,0.0,59490.0,0.01
BAJFINANCE,2017-06-01 18:03:00,2017-05-30,2017-05-29,2017-05-29,Employees/Designated Employees,Market Sale,Sell,Equity Shares,1956.0,0.0,0.0,0.0,0.0,1956.0,0.0,,0.0
BAJFINANCE,2017-06-01 18:03:00,2017-05-31,2017-05-31,2017-05-31,Employees/Designated Employees,ESOP,Buy,Equity Shares,8250.0,0.0,0.0,0.0,0.0,,0.0,8250.0,0.0
BAJFINANCE,2017-06-01 18:03:00,2017-06-01,2017-05-31,2017-05-31,Employees/Designated Employees,Market Sale,Sell,Equity Shares,1592.0,0.0,0.0,0.0,0.0,1592.0,0.0,,0.0
BAJFINANCE,2017-06-06 14:45:00,2017-06-02,2017-06-02,2017-06-02,Employees/Designated Employees,Market Sale,Sell,Equity Shares,1750.0,0.0,0.0,0.0,0.0,30750.0,0.01,29000.0,0.01
BAJFINANCE,2017-06-06 14:45:00,2017-06-02,2017-06-02,2017-06-02,Employees/Designated Employees,Market Sale,Sell,Equity Shares,4000.0,0.0,0.0,0.0,0.0,75450.0,0.01,71450.0,0.01
BAJFINANCE,2017-06-06 14:45:00,2017-06-05,2017-06-03,2017-06-03,Employees/Designated Employees,ESOP,Buy,Equity Shares,11000.0,0.0,0.0,0.0,0.0,13750.0,0.0,24750.0,0.0
BAJFINANCE,2017-06-06 14:45:00,2017-06-03,2017-06-02,2017-06-02,Employees/Designated Employees,Market Sale,Sell,Equity Shares,4200.0,0.0,0.0,0.0,0.0,41050.0,0.01,36850.0,0.01
BAJFINANCE,2017-06-06 14:45:00,2017-06-02,2017-05-31,2017-05-31,Employees/Designated Employees,Market Sale,Sell,Equity Shares,2000.0,0.0,0.0,0.0,0.0,43050.0,0.01,41050.0,0.01
BAJFINANCE,2017-06-06 14:45:00,2017-06-06,2017-06-05,2017-06-05,Employees/Designated Employees,Market Sale,Sell,Equity Shares,500.0,0.0,0.0,0.0,0.0,1000.0,0.0,500.0,0.0
BAJFINANCE,2017-06-06 14:45:00,2017-06-06,2017-06-06,2017-06-06,Employees/Designated Employees,ESOP,Buy,Equity Shares,4500.0,0.0,0.0,0.0,0.0,24490.0,0.0,28990.0,0.01
BAJFINANCE,2017-06-06 14:45:00,2017-06-05,2017-06-03,2017-06-03,Employees/Designated Employees,ESOP,Buy,Equity Shares,5000.0,0.0,0.0,0.0,0.0,71450.0,0.01,76450.0,0.01
BAJFINANCE,2017-06-06 14:45:00,2017-06-05,2017-06-02,2017-06-02,Employees/Designated Employees,Market Sale,Sell,Equity Shares,2000.0,0.0,0.0,0.0,0.0,3000.0,0.0,1000.0,0.0
BAJFINANCE,2017-06-06 14:45:00,2017-06-05,2017-06-05,2017-06-05,Employees/Designated Employees,Market Sale,Sell,Equity Shares,1300.0,0.0,0.0,0.0,0.0,18700.0,0.0,17400.0,0.0
BAJFINANCE,2017-06-06 14:45:00,2017-06-02,2017-06-02,2017-06-02,Employees/Designated Employees,Market Sale,Sell,Equity Shares,1500.0,0.0,0.0,0.0,0.0,20200.0,0.0,18700.0,0.0
BAJFINANCE,2017-06-06 14:45:00,2017-06-02,2017-06-02,2017-06-02,Employees/Designated Employees,Market Sale,Sell,Equity Shares,8500.0,0.0,0.0,0.0,0.0,8500.0,0.0,,0.0
BAJFINANCE,2017-06-06 14:45:00,2017-06-02,2017-06-02,2017-06-02,Employees/Designated Employees,Market Sale,Sell,Equity Shares,10300.0,0.0,0.0,0.0,0.0,188870.0,0.03,178570.0,0.03
BAJFINANCE,2017-06-06 14:45:00,2017-06-02,2017-06-01,2017-06-01,Employees/Designated Employees,Market Sale,Sell,Equity Shares,20000.0,0.0,0.0,0.0,0.0,208870.0,0.04,188870.0,0.03
BAJFINANCE,2017-06-08 15:33:00,2017-06-06,2017-06-06,2017-06-06,Employees/Designated Employees,ESOP,Buy,Equity Shares,3750.0,0.0,0.0,0.0,0.0,500.0,0.0,4250.0,0.0
BAJFINANCE,2017-06-09 14:32:00,2017-06-07,2017-06-07,2017-06-07,Employees/Designated Employees,ESOP,Buy,Equity Shares,3250.0,0.0,0.0,0.0,0.0,17400.0,0.0,20650.0,0.0
BAJFINANCE,2017-06-09 14:32:00,2017-06-08,2017-06-08,2017-06-08,Employees/Designated Employees,Market Sale,Sell,Equity Shares,8250.0,0.0,0.0,0.0,0.0,8250.0,0.0,,0.0
BAJFINANCE,2017-06-09 14:32:00,2017-06-09,2017-06-08,2017-06-08,Employees/Designated Employees,Market Sale,Sell,Equity Shares,2000.0,0.0,0.0,0.0,0.0,36850.0,0.01,34850.0,0.01
BAJFINANCE,2017-06-09 14:32:00,2017-06-09,2017-06-08,2017-06-08,Director,Market Sale,Sell,Equity Shares,6000.0,0.0,0.0,0.0,0.0,763975.0,0.13,757975.0,0.13
BAJFINANCE,2017-06-13 13:56:00,2017-06-09,2017-06-08,2017-06-08,Employees/Designated Employees,Market Sale,Sell,Equity Shares,500.0,0.0,0.0,0.0,0.0,4250.0,0.0,3750.0,0.0
BAJFINANCE,2017-06-13 13:56:00,2017-06-09,2017-06-09,2017-06-09,Employees/Designated Employees,Market Sale,Sell,Equity Shares,2500.0,0.0,0.0,0.0,0.0,34850.0,0.01,32350.0,0.01
BAJFINANCE,2017-06-13 13:56:00,2017-06-10,2017-06-09,2017-06-09,Director,Market Sale,Sell,Equity Shares,4000.0,0.0,0.0,0.0,0.0,757975.0,0.13,753975.0,0.13
BAJFINANCE,2017-06-14 12:35:00,2017-06-13,2017-06-12,2017-06-12,Employees/Designated Employees,ESOP,Buy,Equity Shares,8000.0,0.0,0.0,0.0,0.0,76450.0,0.01,84450.0,0.02
BAJFINANCE,2017-06-14 12:35:00,2017-06-12,2017-06-09,2017-06-09,Employees/Designated Employees,Market Sale,Sell,Equity Shares,1500.0,0.0,0.0,0.0,0.0,29000.0,0.01,27500.0,0.01
BAJFINANCE,2017-06-15 14:26:00,2017-06-13,2017-06-13,2017-06-13,Employees/Designated Employees,Market Sale,Sell,Equity Shares,2025.0,0.0,0.0,0.0,0.0,20650.0,0.0,18625.0,0.0
BAJFINANCE,2017-06-15 14:26:00,2017-06-14,2017-06-12,2017-06-12,Employees/Designated Employees,ESOP,Buy,Equity Shares,9625.0,0.0,0.0,0.0,0.0,12591.0,0.0,22216.0,0.0
BAJFINANCE,2017-06-15 14:26:00,2017-06-14,2017-06-12,2017-06-12,Employees/Designated Employees,Market Sale,Sell,Equity Shares,5250.0,0.0,0.0,0.0,0.0,22216.0,0.0,16966.0,0.0
BAJFINANCE,2017-06-15 14:26:00,2017-06-15,2017-06-14,2017-06-14,Employees/Designated Employees,ESOP,Buy,Equity Shares,6000.0,0.0,0.0,0.0,0.0,84450.0,0.02,90450.0,0.02
BAJFINANCE,2017-06-19 13:04:00,2017-06-16,2017-06-16,2017-06-16,Employees/Designated Employees,Market Sale,Sell,Equity Shares,7000.0,0.0,0.0,0.0,0.0,7100.0,0.0,100.0,0.0
BAJFINANCE,2017-06-19 13:04:00,2017-06-19,2017-06-16,2017-06-16,Employees/Designated Employees,Market Sale,Sell,Equity Shares,7800.0,0.0,0.0,0.0,0.0,33800.0,0.1,26000.0,0.0
BAJFINANCE,2017-06-19 13:04:00,2017-06-16,2017-06-16,2017-06-16,Employees/Designated Employees,ESOP,Buy,Equity Shares,30500.0,0.0,0.0,0.0,0.0,,0.0,30500.0,0.01
BAJFINANCE,2017-06-19 13:04:00,2017-06-16,2017-06-15,2017-06-15,Employees/Designated Employees,Market Sale,Sell,Equity Shares,1000.0,0.0,0.0,0.0,0.0,27500.0,0.01,26500.0,0.0
BAJFINANCE,2017-06-19 13:04:00,2017-06-15,2017-06-15,2017-06-15,Employees/Designated Employees,Market Sale,Sell,Equity Shares,2000.0,0.0,0.0,0.0,0.0,28990.0,0.01,26990.0,0.0
BAJFINANCE,2017-06-19 13:04:00,2017-06-15,2017-06-13,2017-06-13,Employees/Designated Employees,ESOP,Buy,Equity Shares,14500.0,0.0,0.0,0.0,0.0,19300.0,0.0,33800.0,0.01
BAJFINANCE,2017-06-19 18:29:00,2017-06-19,2017-06-16,2017-06-16,Employees/Designated Employees,ESOP,Buy,Equity Shares,13375.0,0.0,0.0,0.0,0.0,,0.0,13375.0,0.0
BAJFINANCE,2017-06-20 17:33:00,2017-06-17,2017-06-16,2017-06-16,Employees/Designated Employees,Market Sale,Sell,Equity Shares,500.0,0.0,0.0,0.0,0.0,26500.0,0.0,26000.0,0.0
BAJFINANCE,2017-06-21 20:03:00,2017-06-21,2017-06-21,2017-06-21,Employees/Designated Employees,Market Sale,Sell,Equity Shares,5143.0,0.0,0.0,0.0,0.0,10500.0,0.0,5357.0,0.0
BAJFINANCE,2017-06-21 20:03:00,2017-06-21,2017-06-20,2017-06-20,Employees/Designated Employees,Market Sale,Sell,Equity Shares,4184.0,0.0,0.0,0.0,0.0,10500.0,0.0,6316.0,0.0
BAJFINANCE,2017-06-21 20:03:00,2017-06-19,2017-06-19,2017-06-19,Employees/Designated Employees,Market Sale,Sell,Equity Shares,20000.0,0.0,0.0,0.0,0.0,30500.0,0.01,10500.0,0.0
BAJFINANCE,2017-06-21 20:03:00,2017-06-21,2017-06-20,2017-06-20,Employees/Designated Employees,Market Sale,Sell,Equity Shares,5000.0,0.0,0.0,0.0,0.0,87830.0,0.02,82830.0,0.02
BAJFINANCE,2017-06-21 20:03:00,2017-06-20,2017-06-20,2017-06-20,Employees/Designated Employees,ESOP,Buy,Equity Shares,14000.0,0.0,0.0,0.0,0.0,4150.0,0.0,18150.0,0.0
BAJFINANCE,2017-06-21 20:03:00,2017-06-20,2017-06-19,2017-06-19,Employees/Designated Employees,ESOP,Buy,Equity Shares,10500.0,0.0,0.0,0.0,0.0,,0.0,10500.0,0.0
BAJFINANCE,2017-06-22 17:53:00,2017-06-22,2017-06-21,2017-06-21,Employees/Designated Employees,Market Sale,Sell,Equity Shares,1000.0,0.0,0.0,0.0,0.0,32350.0,0.01,31350.0,0.01
BAJFINANCE,2017-06-22 17:53:00,2017-06-22,2017-06-21,2017-06-21,Employees/Designated Employees,Market Sale,Sell,Equity Shares,1700.0,0.0,0.0,0.0,0.0,79438.0,0.01,77738.0,0.01
BAJFINANCE,2017-06-22 17:53:00,2017-06-22,2017-06-20,2017-06-20,Employees/Designated Employees,Market Sale,Sell,Equity Shares,482.0,0.0,0.0,0.0,0.0,79920.0,0.01,79438.0,0.01
BAJFINANCE,2017-06-22 17:53:00,2017-06-22,2017-06-19,2017-06-19,Employees/Designated Employees,Market Sale,Sell,Equity Shares,20.0,0.0,0.0,0.0,0.0,79940.0,0.01,79920.0,0.01
BAJFINANCE,2017-06-22 17:53:00,2017-06-22,2017-06-14,2017-06-14,Employees/Designated Employees,Market Sale,Sell,Equity Shares,10.0,0.0,0.0,0.0,0.0,80135.0,0.01,80125.0,0.01
BAJFINANCE,2017-06-22 17:53:00,2017-06-22,2017-06-15,2017-06-15,Employees/Designated Employees,Market Sale,Sell,Equity Shares,135.0,0.0,0.0,0.0,0.0,80125.0,0.01,79990.0,0.01
BAJFINANCE,2017-06-22 17:53:00,2017-06-22,2017-06-16,2017-06-16,Employees/Designated Employees,Market Sale,Sell,Equity Shares,50.0,0.0,0.0,0.0,0.0,79990.0,0.01,79940.0,0.01
BAJFINANCE,2017-06-22 17:53:00,2017-06-22,2017-06-13,2017-06-13,Employees/Designated Employees,Market Sale,Sell,Equity Shares,40.0,0.0,0.0,0.0,0.0,80175.0,0.01,80135.0,0.01
BAJFINANCE,2017-06-22 17:53:00,2017-06-22,2017-06-12,2017-06-12,Employees/Designated Employees,Market Sale,Sell,Equity Shares,30.0,0.0,0.0,0.0,0.0,80205.0,0.01,80175.0,0.01
BAJFINANCE,2017-06-22 17:53:00,2017-06-22,2017-06-09,2017-06-09,Employees/Designated Employees,Market Sale,Sell,Equity Shares,35.0,0.0,0.0,0.0,0.0,80240.0,0.01,80205.0,0.01
BAJFINANCE,2017-06-22 17:53:00,2017-06-22,2017-06-08,2017-06-08,Employees/Designated Employees,Market Sale,Sell,Equity Shares,10.0,0.0,0.0,0.0,0.0,80250.0,0.01,80240.0,0.01
BAJFINANCE,2017-06-22 17:53:00,2017-06-21,2017-06-21,2017-06-21,Employees/Designated Employees,ESOP,Buy,Equity Shares,4100.0,0.0,0.0,0.0,0.0,11585.0,0.0,15685.0,0.0
BAJFINANCE,2017-06-26 19:41:00,2017-06-24,2017-06-22,2017-06-22,Employees/Designated Employees,ESOP,Buy,Equity Shares,3500.0,0.0,0.0,0.0,0.0,26990.0,0.0,30490.0,0.01
BAJFINANCE,2017-06-26 19:41:00,2017-06-23,2017-06-23,2017-06-23,Employees/Designated Employees,Market Sale,Sell,Equity Shares,210.0,0.0,0.0,0.0,0.0,77178.0,0.01,76968.0,0.01
BAJFINANCE,2017-06-26 19:41:00,2017-06-23,2017-06-22,2017-06-22,Employees/Designated Employees,Market Sale,Sell,Equity Shares,560.0,0.0,0.0,0.0,0.0,77738.0,0.01,77178.0,0.01
BAJFINANCE,2017-06-26 19:41:00,2017-06-22,2017-06-21,2017-06-21,Employees/Designated Employees,ESOP,Buy,Equity Shares,1500.0,0.0,0.0,0.0,0.0,,0.0,1500.0,0.0
BAJFINANCE,2017-06-29 20:09:00,2017-06-29,2017-06-28,2017-06-28,Employees/Designated Employees,Market Sale,Sell,Equity Shares,3250.0,0.0,0.0,0.0,0.0,24750.0,0.0,21500.0,0.0
BAJFINANCE,2017-06-29 20:09:00,2017-06-27,2017-06-27,2017-06-27,Employees/Designated Employees,ESOP,Buy,Equity Shares,5000.0,0.0,0.0,0.0,0.0,,0.0,5000.0,0.0
BAJFINANCE,2017-06-29 20:09:00,2017-06-28,2017-06-28,2017-06-28,Employees/Designated Employees,Market Sale,Sell,Equity Shares,5000.0,0.0,0.0,0.0,0.0,5000.0,0.0,,0.0
BAJFINANCE,2017-06-30 17:55:00,2017-06-28,2017-06-23,2017-06-23,Employees/Designated Employees,Market Sale,Sell,Equity Shares,6316.0,0.0,0.0,0.0,0.0,6316.0,0.0,,0.0
BAJFINANCE,2017-06-30 17:55:00,2017-06-29,2017-06-28,2017-06-28,Employees/Designated Employees,Market Sale,Sell,Equity Shares,8000.0,0.0,0.0,0.0,0.0,82830.0,0.02,74830.0,0.01
BAJFINANCE,2017-06-30 17:55:00,2017-06-30,2017-06-29,2017-06-29,Employees/Designated Employees,ESOP,Buy,Equity Shares,3000.0,0.0,0.0,0.0,0.0,26000.0,0.0,29000.0,0.01
BAJFINANCE,2017-07-03 17:35:00,2017-07-03,2017-06-29,2017-06-29,Employees/Designated Employees,Market Sale,Sell,Equity Shares,1500.0,0.0,0.0,0.0,0.0,1500.0,0.0,,0.0
BAJFINANCE,2017-07-04 15:50:00,2017-07-03,2017-06-29,2017-06-29,Employees/Designated Employees,ESOP,Buy,Equity Shares,16125.0,0.0,0.0,0.0,0.0,31550.0,0.01,47675.0,0.01
BAJFINANCE,2017-07-04 15:50:00,2017-07-04,2017-07-03,2017-07-03,Employees/Designated Employees,ESOP,Buy,Equity Shares,600.0,0.0,0.0,0.0,0.0,15685.0,0.0,16285.0,0.0
BAJFINANCE,2017-07-04 15:50:00,2017-07-03,2017-06-29,2017-06-29,Employees/Designated Employees,ESOP,Buy,Equity Shares,3000.0,0.0,0.0,0.0,0.0,,0.0,3000.0,0.0
BAJFINANCE,2017-07-04 15:50:00,2017-07-04,2017-07-04,2017-07-04,Employees/Designated Employees,ESOP,Buy,Equity Shares,5500.0,0.0,0.0,0.0,0.0,25000.0,0.0,30500.0,0.01
BAJFINANCE,2017-07-20 18:10:00,2017-07-18,2017-07-18,2017-07-18,Employees/Designated Employees,ESOP,Buy,Equity Shares,5750.0,0.0,0.0,0.0,0.0,30490.0,0.01,36240.0,0.01
BAJFINANCE,2017-07-24 17:35:00,2017-07-21,2017-07-21,2017-07-21,Employees/Designated Employees,Market Sale,Sell,Equity Shares,5500.0,0.0,0.0,0.0,0.0,5500.0,0.0,,0.0
BAJFINANCE,2017-07-24 17:35:00,2017-07-21,2017-07-21,2017-07-21,Employees/Designated Employees,Market Sale,Sell,Equity Shares,5000.0,0.0,0.0,0.0,0.0,30800.0,0.01,25800.0,0.0
BAJFINANCE,2017-07-24 17:35:00,2017-07-21,2017-07-21,2017-07-21,Employees/Designated Employees,ESOP,Buy,Equity Shares,5500.0,0.0,0.0,0.0,0.0,,0.0,5500.0,0.0
BAJFINANCE,2017-07-24 17:35:00,2017-07-21,2017-07-21,2017-07-21,Employees/Designated Employees,Market Sale,Sell,Equity Shares,500.0,0.0,0.0,0.0,0.0,29000.0,0.01,28500.0,0.01
BAJFINANCE,2017-07-24 17:59:00,2017-07-21,2017-07-21,2017-07-21,Employees/Designated Employees,Market Sale,Sell,Equity Shares,2000.0,0.0,0.0,0.0,0.0,87450.0,0.02,85450.0,0.02
BAJFINANCE,2017-07-24 17:59:00,2017-07-21,2017-07-21,2017-07-21,Employees/Designated Employees,Market Sale,Sell,Equity Shares,3000.0,0.0,0.0,0.0,0.0,90450.0,0.02,87450.0,0.02
BAJFINANCE,2017-07-24 17:59:00,2017-07-22,2017-07-21,2017-07-21,Employees/Designated Employees,Market Sale,Sell,Equity Shares,2750.0,0.0,0.0,0.0,0.0,2750.0,0.0,,0.0
BAJFINANCE,2017-07-24 17:59:00,2017-07-22,2017-07-20,2017-07-20,Employees/Designated Employees,ESOP,Buy,Equity Shares,2750.0,0.0,0.0,0.0,0.0,,0.0,2750.0,0.0
BAJFINANCE,2017-07-24 17:59:00,2017-07-23,2017-07-21,2017-07-21,Employees/Designated Employees,Market Sale,Sell,Equity Shares,11500.0,0.0,0.0,0.0,0.0,21500.0,0.0,10000.0,0.0
BAJFINANCE,2017-07-27 18:45:00,2017-07-25,2017-07-25,2017-07-25,Employees/Designated Employees,Market Sale,Sell,Equity Shares,9150.0,0.0,0.0,0.0,0.0,74418.0,0.01,65268.0,0.01
BAJFINANCE,2017-07-27 18:45:00,2017-07-26,2017-07-24,2017-07-24,Employees/Designated Employees,Market Sale,Sell,Equity Shares,13375.0,0.0,0.0,0.0,0.0,13375.0,0.0,,0.0
BAJFINANCE,2017-07-27 18:45:00,2017-07-26,2017-07-25,2017-07-25,Employees/Designated Employees,Market Sale,Sell,Equity Shares,2500.0,0.0,0.0,0.0,0.0,2500.0,0.0,,0.0
BAJFINANCE,2017-07-27 18:45:00,2017-07-25,2017-07-24,2017-07-24,Employees/Designated Employees,Market Sale,Sell,Equity Shares,300.0,0.0,0.0,0.0,0.0,74718.0,0.01,74418.0,0.01
BAJFINANCE,2017-07-27 18:45:00,2017-07-25,2017-07-21,2017-07-21,Employees/Designated Employees,Market Sale,Sell,Equity Shares,2250.0,0.0,0.0,0.0,0.0,76968.0,0.01,74718.0,0.01
BAJFINANCE,2017-07-27 18:45:00,2017-07-25,2017-07-25,2017-07-25,Employees/Designated Employees,Market Sale,Sell,Equity Shares,13000.0,0.0,0.0,0.0,0.0,13000.0,0.0,,0.0
BAJFINANCE,2017-07-27 18:45:00,2017-07-26,2017-07-26,2017-07-26,Employees/Designated Employees,Market Sale,Sell,Equity Shares,5000.0,0.0,0.0,0.0,0.0,85450.0,0.02,80450.0,0.01
BAJFINANCE,2017-07-27 18:45:00,2017-07-27,2017-07-27,2017-07-27,Employees/Designated Employees,ESOP,Buy,Equity Shares,2750.0,0.0,0.0,0.0,0.0,18625.0,0.0,21375.0,0.0
BAJFINANCE,2017-07-27 18:45:00,2017-07-25,2017-07-21,2017-07-21,Employees/Designated Employees,Market Sale,Sell,Equity Shares,6922.0,0.0,0.0,0.0,0.0,47675.0,0.01,40753.0,0.01
BAJFINANCE,2017-07-27 18:52:00,2017-07-27,2017-07-26,2017-07-26,Employees/Designated Employees,ESOP,Buy,Equity Shares,21750.0,0.0,0.0,0.0,0.0,,0.0,21750.0,0.0
BAJFINANCE,2017-07-28 18:47:00,2017-07-26,2017-07-24,2017-07-25,Employees/Designated Employees,ESOP,Buy,Equity Shares,3625.0,0.0,0.0,0.0,0.0,10000.0,0.0,13625.0,0.0
BAJFINANCE,2017-07-31 20:52:00,2017-07-28,2017-07-27,2017-07-27,Employees/Designated Employees,Market Sale,Sell,Equity Shares,2650.0,0.0,0.0,0.0,0.0,55668.0,0.01,53018.0,0.01
BAJFINANCE,2017-07-31 20:52:00,2017-07-28,2017-07-28,2017-07-28,Employees/Designated Employees,Market Sale,Sell,Equity Shares,1172.0,0.0,0.0,0.0,0.0,21375.0,0.0,20203.0,0.0
BAJFINANCE,2017-07-31 20:52:00,2017-07-28,2017-07-26,2017-07-26,Employees/Designated Employees,Market Sale,Sell,Equity Shares,9600.0,0.0,0.0,0.0,0.0,65268.0,0.01,55668.0,0.01
BAJFINANCE,2017-07-31 20:56:00,2017-07-29,2017-07-28,2017-07-28,Employees/Designated Employees,Market Sale,Sell,Equity Shares,2500.0,0.0,0.0,0.0,0.0,17250.0,0.0,14750.0,0.0
BAJFINANCE,2017-07-31 20:56:00,2017-07-29,2017-07-28,2017-07-28,Employees/Designated Employees,Market Sale,Sell,Equity Shares,13000.0,0.0,0.0,0.0,0.0,13000.0,0.0,,0.0
BAJFINANCE,2017-07-31 20:56:00,2017-07-29,2017-07-27,2017-07-27,Employees/Designated Employees,ESOP,Buy,Equity Shares,13000.0,0.0,0.0,0.0,0.0,,0.0,13000.0,0.0
BAJFINANCE,2017-07-31 20:56:00,2017-07-27,2017-07-26,2017-07-26,Employees/Designated Employees,ESOP,Buy,Equity Shares,17250.0,0.0,0.0,0.0,0.0,,0.0,17250.0,0.0
BAJFINANCE,2017-07-31 20:58:00,2017-07-27,2017-07-26,2017-07-27,Employees/Designated Employees,Market Sale,Sell,Equity Shares,10700.0,0.0,0.0,0.0,0.0,25800.0,0.0,15100.0,0.0
BAJFINANCE,2017-07-31 21:06:00,2017-07-31,2017-07-29,2017-07-29,Employees/Designated Employees,ESOP,Buy,Equity Shares,2100.0,0.0,0.0,0.0,0.0,16285.0,0.0,18385.0,0.0
BAJFINANCE,2017-07-31 21:06:00,2017-07-28,2017-07-26,2017-07-26,Employees/Designated Employees,ESOP,Buy,Equity Shares,8750.0,0.0,0.0,0.0,0.0,40753.0,0.01,49503.0,0.01
BAJFINANCE,2017-07-31 21:06:00,2017-07-31,2017-07-31,2017-07-31,Employees/Designated Employees,ESOP,Buy,Equity Shares,11500.0,0.0,0.0,0.0,0.0,178570.0,0.03,190070.0,0.03
BAJFINANCE,2017-07-31 21:06:00,2017-07-28,2017-07-26,2017-07-26,Employees/Designated Employees,ESOP,Buy,Equity Shares,3250.0,0.0,0.0,0.0,0.0,5357.0,0.0,8607.0,0.0
BAJFINANCE,2017-07-31 21:06:00,2017-07-29,2017-07-28,2017-07-28,Employees/Designated Employees,Market Sale,Sell,Equity Shares,4875.0,0.0,0.0,0.0,0.0,4875.0,0.0,,0.0
BAJFINANCE,2017-07-31 21:06:00,2017-07-27,2017-07-26,2017-07-26,Employees/Designated Employees,ESOP,Buy,Equity Shares,4875.0,0.0,0.0,0.0,0.0,,0.0,4875.0,0.0
BAJFINANCE,2017-07-31 21:06:00,2017-07-27,2017-07-26,2017-07-26,Employees/Designated Employees,ESOP,Buy,Equity Shares,12500.0,0.0,0.0,0.0,0.0,,0.0,12500.0,0.0
BAJFINANCE,2017-07-31 21:06:00,2017-07-27,2017-07-27,2017-07-27,Employees/Designated Employees,Market Sale,Sell,Equity Shares,1662.0,0.0,0.0,0.0,0.0,1662.0,0.0,,0.0
BAJFINANCE,2017-07-31 21:06:00,2017-07-27,2017-07-27,2017-07-27,Employees/Designated Employees,Market Sale,Sell,Equity Shares,10838.0,0.0,0.0,0.0,0.0,12500.0,0.0,1662.0,0.0
BAJFINANCE,2017-07-31 21:06:00,2017-07-28,2017-07-28,2017-07-28,Employees/Designated Employees,Market Sale,Sell,Equity Shares,1392.0,0.0,0.0,0.0,0.0,8607.0,0.0,7215.0,0.0
BAJFINANCE,2017-07-31 21:06:00,2017-07-29,2017-07-28,2017-07-28,Employees/Designated Employees,ESOP,Buy,Equity Shares,19125.0,0.0,0.0,0.0,0.0,3750.0,0.0,22875.0,0.0
BAJFINANCE,2017-07-31 21:11:00,2017-07-29,2017-07-28,2017-07-28,Employees/Designated Employees,Market Sale,Sell,Equity Shares,5750.0,0.0,0.0,0.0,0.0,19000.0,0.0,13250.0,0.0
BAJFINANCE,2017-07-31 21:11:00,2017-07-28,2017-07-27,2017-07-27,Employees/Designated Employees,ESOP,Buy,Equity Shares,12000.0,0.0,0.0,0.0,0.0,7000.0,0.0,19000.0,0.0
BAJFINANCE,2017-07-31 21:11:00,2017-07-28,2017-07-27,2017-07-27,Employees/Designated Employees,Market Sale,Sell,Equity Shares,1100.0,0.0,0.0,0.0,0.0,32750.0,0.01,31650.0,0.01
BAJFINANCE,2017-07-31 21:11:00,2017-07-27,2017-07-26,2017-07-26,Employees/Designated Employees,ESOP,Buy,Equity Shares,5250.0,0.0,0.0,0.0,0.0,27500.0,0.01,32750.0,0.01
BAJFINANCE,2017-07-31 21:11:00,2017-07-27,2017-07-26,2017-07-26,Employees/Designated Employees,Market Sale,Sell,Equity Shares,1000.0,0.0,0.0,0.0,0.0,28500.0,0.01,27500.0,0.01
BAJFINANCE,2017-07-31 21:11:00,2017-07-27,2017-07-26,2017-07-26,Employees/Designated Employees,ESOP,Buy,Equity Shares,16375.0,0.0,0.0,0.0,0.0,7300.0,0.0,23675.0,0.0
BAJFINANCE,2017-08-01 17:59:00,2017-07-31,2017-07-31,2017-07-31,Employees/Designated Employees,Market Sale,Sell,Equity Shares,21750.0,0.0,0.0,0.0,0.0,21750.0,0.0,,0.0
BAJFINANCE,2017-08-01 17:59:00,2017-07-28,2017-07-26,2017-07-26,Employees/Designated Employees,ESOP,Buy,Equity Shares,5750.0,0.0,0.0,0.0,0.0,40386.0,0.01,46136.0,0.01
BAJFINANCE,2017-08-01 17:59:00,2017-07-28,2017-05-31,2017-06-05,Employees/Designated Employees,Market Sale,Sell,Equity Shares,7494.0,0.0,0.0,0.0,0.0,47880.0,0.01,40386.0,0.01
BAJFINANCE,2017-08-02 18:57:00,2017-08-01,2017-07-31,2017-07-31,Employees/Designated Employees,Market Sale,Sell,Equity Shares,2000.0,0.0,0.0,0.0,0.0,15100.0,0.0,13100.0,0.0
BAJFINANCE,2017-08-02 18:57:00,2017-08-01,2017-07-31,2017-07-31,Employees/Designated Employees,Market Sale,Sell,Equity Shares,8036.0,0.0,0.0,0.0,0.0,23675.0,0.0,15639.0,0.0
BAJFINANCE,2017-08-02 18:57:00,2017-08-01,2017-07-29,2017-07-29,Employees/Designated Employees,ESOP,Buy,Equity Shares,5000.0,0.0,0.0,0.0,0.0,,0.0,5000.0,0.0
BAJFINANCE,2017-08-02 18:57:00,2017-08-01,2017-08-01,2017-08-01,Employees/Designated Employees,Market Sale,Sell,Equity Shares,5000.0,0.0,0.0,0.0,0.0,5000.0,0.0,,0.0
BAJFINANCE,2017-08-07 16:01:00,2017-08-04,2017-07-11,2017-07-11,Promoter Group,Market Purchase,Buy,Equity Shares,7015.0,0.0,0.0,0.0,0.0,,0.0,7015.0,0.0
BAJFINANCE,2017-08-07 19:22:00,2017-08-04,2017-08-02,2017-08-02,Employees/Designated Employees,ESOP,Buy,Equity Shares,8500.0,0.0,0.0,0.0,0.0,31350.0,0.01,39850.0,0.01
BAJFINANCE,2017-08-07 19:22:00,2017-08-03,2017-08-03,2017-08-03,Employees/Designated Employees,Market Sale,Sell,Equity Shares,1000.0,0.0,0.0,0.0,0.0,31650.0,0.01,30650.0,0.01
BAJFINANCE,2017-08-07 19:22:00,2017-08-04,2017-08-03,2017-08-04,Employees/Designated Employees,Market Sale,Sell,Equity Shares,5500.0,0.0,0.0,0.0,0.0,32500.0,0.01,27000.0,0.0
BAJFINANCE,2017-08-07 19:22:00,2017-08-05,2017-08-04,2017-08-04,Employees/Designated Employees,Market Sale,Sell,Equity Shares,3000.0,0.0,0.0,0.0,0.0,39850.0,0.01,36850.0,0.01
BAJFINANCE,2017-08-07 19:22:00,2017-08-03,2017-08-02,2017-08-02,Employees/Designated Employees,ESOP,Buy,Equity Shares,6500.0,0.0,0.0,0.0,0.0,26000.0,0.0,32500.0,0.01
BAJFINANCE,2017-08-07 19:22:00,2017-08-03,2017-08-01,2017-08-01,Employees/Designated Employees,ESOP,Buy,Equity Shares,5000.0,0.0,0.0,0.0,0.0,12150.0,0.0,17150.0,0.0
BAJFINANCE,2017-08-07 19:22:00,2017-08-03,2017-06-21,2017-06-21,Employees/Designated Employees,Market Sale,Sell,Equity Shares,6000.0,0.0,0.0,0.0,0.0,18150.0,0.0,12150.0,0.0
BAJFINANCE,2017-08-07 19:22:00,2017-08-04,2017-08-04,2017-08-04,Employees/Designated Employees,Market Sale,Sell,Equity Shares,2000.0,0.0,0.0,0.0,0.0,30650.0,0.01,28650.0,0.0
BAJFINANCE,2017-08-08 18:23:00,2017-08-05,2017-08-04,2017-08-04,Employees/Designated Employees,Market Sale,Sell,Equity Shares,700.0,0.0,0.0,0.0,0.0,52718.0,0.01,52018.0,0.01
BAJFINANCE,2017-08-08 18:23:00,2017-08-05,2017-08-03,2017-08-03,Employees/Designated Employees,Market Sale,Sell,Equity Shares,300.0,0.0,0.0,0.0,0.0,53018.0,0.01,52718.0,0.01
BAJFINANCE,2017-08-09 20:51:00,2017-08-08,2017-08-07,2017-08-07,Employees/Designated Employees,Market Sale,Sell,Equity Shares,1800.0,0.0,0.0,0.0,0.0,36850.0,0.01,35050.0,0.01
BAJFINANCE,2017-08-09 20:51:00,2017-08-08,2017-08-07,2017-08-07,Employees/Designated Employees,ESOP,Buy,Equity Shares,600.0,0.0,0.0,0.0,0.0,18385.0,0.0,18985.0,0.0
BAJFINANCE,2017-08-09 20:51:00,2017-08-08,2017-08-07,2017-08-07,Employees/Designated Employees,Market Sale,Sell,Equity Shares,1150.0,0.0,0.0,0.0,0.0,38650.0,0.01,37500.0,0.01
BAJFINANCE,2017-08-09 20:51:00,2017-08-07,2017-08-05,2017-08-05,Employees/Designated Employees,ESOP,Buy,Equity Shares,10000.0,0.0,0.0,0.0,0.0,28650.0,0.01,38650.0,0.01
BAJFINANCE,2017-08-09 20:51:00,2017-08-08,2017-08-08,2017-08-08,Employees/Designated Employees,Market Sale,Sell,Equity Shares,1200.0,0.0,0.0,0.0,0.0,89200.0,0.02,88000.0,0.02
BAJFINANCE,2017-08-09 20:51:00,2017-08-08,2017-08-08,2017-08-08,Employees/Designated Employees,ESOP,Buy,Equity Shares,10250.0,0.0,0.0,0.0,0.0,78950.0,0.01,89200.0,0.02
BAJFINANCE,2017-08-09 20:51:00,2017-08-07,2017-08-07,2017-08-07,Employees/Designated Employees,Market Sale,Sell,Equity Shares,1500.0,0.0,0.0,0.0,0.0,80450.0,0.01,78950.0,0.01
BAJFINANCE,2017-08-09 20:51:00,2017-08-07,2017-08-07,2017-08-07,Employees/Designated Employees,Market Sale,Sell,Equity Shares,5000.0,0.0,0.0,0.0,0.0,13100.0,0.0,8100.0,0.0
BAJFINANCE,2017-08-09 20:51:00,2017-08-09,2017-08-08,2017-08-08,Employees/Designated Employees,Market Sale,Sell,Equity Shares,375.0,0.0,0.0,0.0,0.0,49468.0,0.01,49093.0,0.01
BAJFINANCE,2017-08-09 20:51:00,2017-08-09,2017-08-07,2017-08-07,Employees/Designated Employees,Market Sale,Sell,Equity Shares,2550.0,0.0,0.0,0.0,0.0,52018.0,0.01,49468.0,0.01
BAJFINANCE,2017-08-11 16:07:00,2017-08-09,2017-08-07,2017-08-07,Employees/Designated Employees,Market Sale,Sell,Equity Shares,3524.0,0.0,0.0,0.0,0.0,49503.0,0.01,45979.0,0.01
BAJFINANCE,2017-08-14 18:59:00,2017-08-11,2017-08-10,2017-08-10,Employees/Designated Employees,ESOP,Buy,Equity Shares,6500.0,0.0,0.0,0.0,0.0,,0.0,6500.0,0.0
BAJFINANCE,2017-08-14 18:59:00,2017-08-12,2017-08-11,2017-08-11,Employees/Designated Employees,Market Sale,Sell,Equity Shares,5000.0,0.0,0.0,0.0,0.0,5000.0,0.0,,0.0
BAJFINANCE,2017-08-14 18:59:00,2017-08-12,2017-08-11,2017-08-11,Employees/Designated Employees,ESOP,Buy,Equity Shares,5000.0,0.0,0.0,0.0,0.0,,0.0,5000.0,0.0
BAJFINANCE,2017-08-14 18:59:00,2017-08-11,2017-08-11,2017-08-11,Employees/Designated Employees,Market Sale,Sell,Equity Shares,1310.0,0.0,0.0,0.0,0.0,87940.0,0.02,86630.0,0.02
BAJFINANCE,2017-08-14 18:59:00,2017-08-10,2017-08-10,2017-08-10,Employees/Designated Employees,Market Sale,Sell,Equity Shares,60.0,0.0,0.0,0.0,0.0,88000.0,0.02,87940.0,0.02
BAJFINANCE,2017-08-17 18:46:00,2017-08-17,2017-08-16,2017-08-16,Employees/Designated Employees,Market Sale,Sell,Equity Shares,4500.0,0.0,0.0,0.0,0.0,72500.0,0.01,68000.0,0.01
BAJFINANCE,2017-08-17 18:46:00,2017-08-14,2017-08-11,2017-08-11,Employees/Designated Employees,ESOP,Buy,Equity Shares,23000.0,0.0,0.0,0.0,0.0,49500.0,0.01,72500.0,0.01
BAJFINANCE,2017-08-17 18:46:00,2017-08-14,2017-08-11,2017-08-11,Employees/Designated Employees,Market Sale,Sell,Equity Shares,10000.0,0.0,0.0,0.0,0.0,59500.0,0.01,49500.0,0.01
BAJFINANCE,2017-08-17 18:46:00,2017-08-14,2017-08-10,2017-08-10,Employees/Designated Employees,ESOP,Buy,Equity Shares,22000.0,0.0,0.0,0.0,0.0,37500.0,0.01,59500.0,0.01
BAJFINANCE,2017-08-22 11:45:00,2017-08-18,2017-08-17,2017-08-17,Employees/Designated Employees,Market Sale,Sell,Equity Shares,5000.0,0.0,0.0,0.0,0.0,68000.0,0.01,63000.0,0.01
BAJFINANCE,2017-08-22 11:45:00,2017-08-18,2017-08-17,2017-08-17,Employees/Designated Employees,ESOP,Buy,Equity Shares,6875.0,0.0,0.0,0.0,0.0,86630.0,0.02,93505.0,0.02
BAJFINANCE,2017-08-23 19:26:00,2017-08-21,2017-08-18,2017-08-18,Employees/Designated Employees,ESOP,Buy,Equity Shares,14000.0,0.0,0.0,0.0,0.0,63000.0,0.01,77000.0,0.01
BAJFINANCE,2017-08-28 17:58:00,2017-08-23,2017-08-23,2017-08-23,Employees/Designated Employees,Market Sale,Sell,Equity Shares,3500.0,0.0,0.0,0.0,0.0,77000.0,0.01,73500.0,0.01
BAJFINANCE,2017-08-28 17:58:00,2017-08-26,2017-08-24,2017-08-24,Employees/Designated Employees,ESOP,Buy,Equity Shares,9750.0,0.0,0.0,0.0,0.0,73500.0,0.01,83250.0,0.02
BAJFINANCE,2017-08-28 17:58:00,2017-08-26,2017-08-24,2017-08-24,Employees/Designated Employees,Market Sale,Sell,Equity Shares,3000.0,0.0,0.0,0.0,0.0,35050.0,0.01,32050.0,0.01
BAJFINANCE,2017-08-30 18:24:00,2017-08-29,2017-08-28,2017-08-28,Employees/Designated Employees,Market Sale,Sell,Equity Shares,500.0,0.0,0.0,0.0,0.0,83250.0,0.02,82750.0,0.02
BAJFINANCE,2017-08-30 18:24:00,2017-08-28,2017-08-28,2017-08-28,Employees/Designated Employees,ESOP,Buy,Equity Shares,3000.0,0.0,0.0,0.0,0.0,22875.0,0.0,25875.0,0.0
BAJFINANCE,2017-08-30 18:24:00,2017-08-28,2017-08-28,2017-08-28,Employees/Designated Employees,Market Sale,Sell,Equity Shares,2500.0,0.0,0.0,0.0,0.0,32050.0,0.01,29550.0,0.01
BAJFINANCE,2017-08-30 18:24:00,2017-08-28,2017-08-28,2017-08-28,Employees/Designated Employees,Market Sale,Sell,Equity Shares,2000.0,0.0,0.0,0.0,0.0,8100.0,0.0,6100.0,0.0
BAJFINANCE,2017-09-01 20:29:00,2017-09-01,2017-08-31,2017-08-31,Employees/Designated Employees,ESOP,Buy,Equity Shares,22825.0,0.0,0.0,0.0,0.0,30500.0,0.01,53325.0,0.01
BAJFINANCE,2017-09-01 20:29:00,2017-08-30,2017-08-29,2017-08-29,Employees/Designated Employees,ESOP,Buy,Equity Shares,50000.0,0.0,0.0,0.0,0.0,,0.0,50000.0,0.01
BAJFINANCE,2017-09-01 20:29:00,2017-08-31,2017-08-30,2017-08-30,Employees/Designated Employees,Market Sale,Sell,Equity Shares,7000.0,0.0,0.0,0.0,0.0,13250.0,0.0,6250.0,0.0
BAJFINANCE,2017-09-04 19:02:00,2017-09-02,2017-09-01,2017-09-01,Employees/Designated Employees,Market Sale,Sell,Equity Shares,20255.0,0.0,0.0,0.0,0.0,50000.0,0.01,29745.0,0.01
BAJFINANCE,2017-09-04 19:02:00,2017-09-01,2017-08-30,2017-08-30,Employees/Designated Employees,ESOP,Buy,Equity Shares,4000.0,0.0,0.0,0.0,0.0,,0.0,4000.0,0.0
BAJFINANCE,2017-09-04 19:02:00,2017-09-01,2017-09-01,2017-09-01,Employees/Designated Employees,Market Sale,Sell,Equity Shares,1000.0,0.0,0.0,0.0,0.0,4000.0,0.0,3000.0,0.0
BAJFINANCE,2017-09-21 17:57:00,2017-09-19,2017-09-18,2017-09-18,Employees/Designated Employees,Market Sale,Sell,Equity Shares,15000.0,0.0,0.0,0.0,0.0,53325.0,0.01,38325.0,0.01
BAJFINANCE,2017-09-21 17:57:00,2017-09-20,2017-09-19,2017-09-19,Employees/Designated Employees,Market Sale,Sell,Equity Shares,500.0,0.0,0.0,0.0,0.0,82750.0,0.01,82250.0,0.01
BAJFINANCE,2017-09-25 13:12:00,2017-09-21,2017-09-19,2017-09-19,Employees/Designated Employees,Market Sale,Sell,Equity Shares,3000.0,0.0,0.0,0.0,0.0,3000.0,0.0,,0.0
BAJFINANCE,2017-10-04 17:26:00,2017-09-29,2017-09-28,2017-09-28,Employees/Designated Employees,Market Sale,Sell,Equity Shares,1000.0,0.0,0.0,0.0,0.0,82250.0,0.01,81250.0,0.01
BAJFINANCE,2017-10-24 14:32:00,2017-10-21,2017-10-18,2017-10-18,Employees/Designated Employees,ESOP,Buy,Equity Shares,600.0,0.0,0.0,0.0,0.0,18985.0,0.0,19585.0,0.0
BAJFINANCE,2017-10-30 17:19:00,2017-10-30,2017-10-27,2017-10-27,Employees/Designated Employees,Market Sale,Sell,Equity Shares,1000.0,0.0,0.0,0.0,0.0,81250.0,0.01,80250.0,0.01
BAJFINANCE,2017-11-09 10:45:00,2017-11-08,2017-11-07,2017-11-07,Employees/Designated Employees,ESOP,Buy,Equity Shares,500.0,0.0,0.0,0.0,0.0,19585.0,0.0,20085.0,0.0
BAJFINANCE,2017-11-09 10:45:00,2017-11-08,2017-11-06,2017-11-08,Immediate relative,Market Purchase,Buy,Equity Shares,3764.0,0.0,0.0,0.0,0.0,236.0,0.0,4000.0,0.0
BAJFINANCE,2017-11-09 10:45:00,2017-11-08,2017-11-02,2017-11-06,Immediate relative,Market Purchase,Buy,Equity Shares,200.0,0.0,0.0,0.0,0.0,,0.0,200.0,0.0
BAJFINANCE,2017-11-09 10:45:00,2017-11-08,2017-11-02,2017-11-06,Immediate relative,Market Purchase,Buy,Equity Shares,236.0,0.0,0.0,0.0,0.0,,0.0,236.0,0.0
BAJFINANCE,2017-11-09 10:45:00,2017-11-08,2017-11-06,2017-11-08,Immediate relative,Market Purchase,Buy,Equity Shares,3800.0,0.0,0.0,0.0,0.0,200.0,0.0,4000.0,0.0
BAJFINANCE,2017-11-17 15:22:00,2017-11-16,2017-11-15,2017-11-15,Employees/Designated Employees,ESOP,Buy,Equity Shares,5000.0,0.0,0.0,0.0,0.0,,0.0,5000.0,0.0
BAJFINANCE,2017-11-21 11:51:00,2017-11-20,2017-11-20,2017-11-20,Employees/Designated Employees,Market Sale,Sell,Equity Shares,4875.0,0.0,0.0,0.0,0.0,4875.0,0.0,,0.0
BAJFINANCE,2017-11-21 11:51:00,2017-11-20,2017-11-17,2017-11-17,Employees/Designated Employees,Market Sale,Sell,Equity Shares,125.0,0.0,0.0,0.0,0.0,5000.0,0.0,4875.0,0.0
BAJFINANCE,2017-12-08 15:24:00,2017-12-07,2017-12-07,2017-12-07,Employees/Designated Employees,ESOP,Buy,Equity Shares,49500.0,0.0,0.0,0.0,0.0,100.0,0.0,49600.0,0.01
BAJFINANCE,2017-12-08 15:24:00,2017-12-07,2017-12-07,2017-12-07,Employees/Designated Employees,Market Sale,Sell,Equity Shares,19200.0,0.0,0.0,0.0,0.0,49600.0,0.01,30400.0,0.01
BAJFINANCE,2017-12-11 15:16:00,2017-12-11,2017-12-08,2017-12-08,Director,Market Purchase,Buy,Equity Shares,88000.0,0.0,0.0,0.0,0.0,394000.0,0.07,482000.0,0.08
BAJFINANCE,2017-12-13 16:03:00,2017-12-12,2017-12-12,2017-12-12,Employees/Designated Employees,Market Sale,Sell,Equity Shares,6500.0,0.0,0.0,0.0,0.0,30400.0,0.01,23900.0,0.0
BAJFINANCE,2017-12-20 10:32:00,2017-12-18,2017-12-18,2017-12-18,Employees/Designated Employees,ESOP,Buy,Equity Shares,450.0,0.0,0.0,0.0,0.0,20085.0,0.0,20535.0,0.0
BAJFINANCE,2018-01-11 19:56:00,2018-01-09,2018-01-08,2018-01-08,Other,Market Sale,Sell,Debentures,150.0,0.0,0.0,0.0,0.0,300.0,0.0,150.0,0.0
BAJFINANCE,2018-01-11 19:56:00,2018-01-11,2018-01-10,2018-01-10,Other,Market Sale,Sell,Debentures,250.0,0.0,0.0,0.0,0.0,250.0,0.0,,0.0
BAJFINANCE,2018-01-11 19:56:00,2018-01-09,2018-01-08,2018-01-08,Other,Market Sale,Sell,Debentures,400.0,0.0,0.0,0.0,0.0,600.0,0.0,200.0,0.0
BAJFINANCE,2018-01-11 19:56:00,2018-01-10,2018-01-09,2018-01-09,Employees/Designated Employees,ESOP,Buy,Equity Shares,3625.0,0.0,0.0,0.0,0.0,400.0,0.0,4025.0,0.0
BAJFINANCE,2018-01-11 19:56:00,2018-01-11,2018-01-10,2018-01-10,Other,Market Sale,Sell,Debentures,100.0,0.0,0.0,0.0,0.0,100.0,0.0,,0.0
BAJFINANCE,2018-01-11 19:56:00,2018-01-11,2018-01-10,2018-01-10,Other,Market Sale,Sell,Debentures,250.0,0.0,0.0,0.0,0.0,250.0,0.0,,0.0
BAJFINANCE,2018-01-11 19:56:00,2018-01-11,2018-01-10,2018-01-10,Other,Market Sale,Sell,Debentures,250.0,0.0,0.0,0.0,0.0,250.0,0.0,,0.0
BAJFINANCE,2018-01-11 19:56:00,2018-01-10,2018-01-09,2018-01-09,Other,Market Sale,Sell,Debentures,100.0,0.0,0.0,0.0,0.0,100.0,0.0,,0.0
BAJFINANCE,2018-01-16 11:33:00,2018-01-12,2018-01-11,2018-01-11,Other,Market Sale,Sell,Debentures,250.0,0.0,0.0,0.0,0.0,250.0,0.0,,0.0
BAJFINANCE,2018-01-16 11:33:00,2018-01-12,2018-01-11,2018-01-11,Other,Market Sale,Sell,Debentures,100.0,0.0,0.0,0.0,0.0,400.0,0.0,300.0,0.0
BAJFINANCE,2018-01-16 11:33:00,2018-01-12,2018-01-11,2018-01-11,Other,Market Sale,Sell,Debentures,250.0,0.0,0.0,0.0,0.0,400.0,0.0,150.0,0.0
BAJFINANCE,2018-01-25 14:45:00,2018-01-24,2018-01-23,2018-01-23,Employees/Designated Employees,ESOP,Buy,Equity Shares,25500.0,0.0,0.0,0.0,0.0,6100.0,0.0,31600.0,0.01
BAJFINANCE,2018-01-25 14:45:00,2018-01-24,2018-01-24,2018-01-24,Employees/Designated Employees,ESOP,Buy,Equity Shares,500.0,0.0,0.0,0.0,0.0,20535.0,0.0,21035.0,0.0
BAJFINANCE,2018-02-05 18:04:00,2018-02-02,2018-02-02,2018-02-02,Employees/Designated Employees,ESOP,Buy,Equity Shares,400.0,0.0,0.0,0.0,0.0,21035.0,0.0,21435.0,0.0
BAJFINANCE,2018-02-09 14:30:00,2018-02-07,2018-02-06,2018-02-06,Employees/Designated Employees,Market Sale,Sell,Equity Shares,1000.0,0.0,0.0,0.0,0.0,80250.0,0.01,79250.0,0.01
BAJFINANCE,2018-02-13 14:28:00,2018-02-09,2018-02-08,2018-02-08,Employees/Designated Employees,ESOP,Buy,Equity Shares,5000.0,0.0,0.0,0.0,0.0,79250.0,0.01,84250.0,0.01
BAJFINANCE,2018-02-19 11:47:00,2018-02-16,2018-02-15,2018-02-15,Employees/Designated Employees,Market Sale,Sell,Equity Shares,1000.0,0.0,0.0,0.0,0.0,84250.0,0.01,83250.0,0.01
BAJFINANCE,2018-02-26 17:28:00,2018-02-23,2018-02-23,2018-02-23,Employees/Designated Employees,Market Sale,Sell,Equity Shares,1000.0,0.0,0.0,0.0,0.0,83250.0,0.01,82250.0,0.01
BAJFINANCE,2018-03-01 11:42:00,2018-02-27,2018-02-26,2018-02-26,Employees/Designated Employees,Market Sale,Sell,Equity Shares,500.0,0.0,0.0,0.0,0.0,82250.0,0.01,81750.0,0.01
BAJFINANCE,2018-03-05 11:20:00,2018-03-01,2018-02-28,2018-02-28,Employees/Designated Employees,ESOP,Buy,Equity Shares,2000.0,0.0,0.0,0.0,0.0,81750.0,0.01,83750.0,0.01
BAJFINANCE,2018-03-08 16:01:00,2018-03-07,2018-03-07,2018-03-07,Employees/Designated Employees,Market Sale,Sell,Equity Shares,10000.0,0.0,0.0,0.0,0.0,15000.0,0.0,5000.0,0.0
BAJFINANCE,2018-03-08 16:01:00,2018-03-07,2018-03-06,2018-03-06,Employees/Designated Employees,ESOP,Buy,Equity Shares,15000.0,0.0,0.0,0.0,0.0,,0.0,15000.0,0.0
BAJFINANCE,2018-03-14 17:17:00,2018-03-12,2018-03-09,2018-03-09,Employees/Designated Employees,Market Sale,Sell,Equity Shares,5000.0,0.0,0.0,0.0,0.0,5000.0,0.0,,0.0
BAJFINANCE,2018-03-19 14:07:00,2018-03-15,2018-03-15,2018-03-15,Employees/Designated Employees,Market Sale,Sell,Equity Shares,1000.0,0.0,0.0,0.0,0.0,83750.0,0.01,82750.0,0.01
BAJFINANCE,2018-03-19 18:32:00,2018-03-19,2018-03-19,2018-03-19,Key Managerial Personnel,ESOP,Buy,Equity Shares,110000.0,0.0,0.0,0.0,0.0,,0.0,110000.0,0.02
BAJFINANCE,2018-03-19 18:32:00,2018-03-19,2018-03-19,2018-03-19,Key Managerial Personnel,Market Sale,Sell,Equity Shares,50000.0,0.0,0.0,0.0,0.0,110000.0,0.02,60000.0,0.01
BAJFINANCE,2018-03-21 10:49:00,2018-03-20,2018-03-20,2018-03-20,Key Managerial Personnel,Market Sale,Sell,Equity Shares,60000.0,0.0,0.0,0.0,0.0,60000.0,0.01,,0.0
BAJFINANCE,2018-03-26 11:04:00,2018-03-22,2018-03-22,2018-03-22,Employees/Designated Employees,Market Sale,Sell,Equity Shares,1250.0,0.0,0.0,0.0,0.0,1250.0,0.0,,0.0
BAJFINANCE,2018-03-27 14:58:00,2018-03-27,2018-03-26,2018-03-26,Employees/Designated Employees,Market Sale,Sell,Equity Shares,1000.0,0.0,0.0,0.0,0.0,82750.0,0.01,81750.0,0.01
BAJFINANCE,2018-03-29 11:15:00,2018-03-28,2018-03-28,2018-03-28,Employees/Designated Employees,Market Sale,Sell,Equity Shares,500.0,0.0,0.0,0.0,0.0,81750.0,0.01,81250.0,0.01
BAJFINANCE,2018-03-30 10:02:00,2018-03-29,2018-03-27,2018-03-28,Employees/Designated Employees,Market Sale,Sell,Equity Shares,2500.0,0.0,0.0,0.0,0.0,31600.0,0.0,29100.0,0.0
BAJFINANCE,2018-04-03 14:58:00,2018-04-02,2018-04-02,2018-04-02,Employees/Designated Employees,Market Sale,Sell,Equity Shares,2500.0,0.0,0.0,0.0,0.0,29100.0,0.0,26600.0,0.0
BAJFINANCE,2018-04-03 14:58:00,2018-04-02,2018-04-02,2018-04-02,Employees/Designated Employees,Market Sale,Sell,Equity Shares,1128.0,0.0,0.0,0.0,0.0,81250.0,0.01,80122.0,0.01
BAJFINANCE,2018-04-05 11:46:00,2018-04-03,2018-04-03,2018-04-03,Employees/Designated Employees,Market Sale,Sell,Equity Shares,2500.0,0.0,0.0,0.0,0.0,26600.0,0.0,24100.0,0.0
BAJFINANCE,2018-04-05 11:46:00,2018-04-04,2018-04-04,2018-04-04,Employees/Designated Employees,Market Sale,Sell,Equity Shares,1500.0,0.0,0.0,0.0,0.0,24100.0,0.0,22600.0,0.0
BAJFINANCE,2018-04-05 11:46:00,2018-04-04,2018-04-04,2018-04-04,Employees/Designated Employees,Market Sale,Sell,Equity Shares,1000.0,0.0,0.0,0.0,0.0,80122.0,0.01,79122.0,0.01
BAJFINANCE,2018-04-05 11:46:00,2018-04-05,2018-04-04,2018-04-04,Employees/Designated Employees,ESOP,Buy,Equity Shares,430.0,0.0,0.0,0.0,0.0,21435.0,0.0,21865.0,0.0
BAJFINANCE,2018-04-06 10:48:00,2018-04-05,2018-04-05,2018-04-05,Employees/Designated Employees,Market Sale,Sell,Equity Shares,1500.0,0.0,0.0,0.0,0.0,79122.0,0.01,77622.0,0.01
BAJFINANCE,2018-04-06 10:48:00,2018-04-05,2018-04-05,2018-04-05,Employees/Designated Employees,Market Sale,Sell,Equity Shares,2500.0,0.0,0.0,0.0,0.0,22600.0,0.0,20100.0,0.0
BAJFINANCE,2018-04-07 11:41:00,2018-04-06,2018-04-06,2018-04-06,Employees/Designated Employees,Market Sale,Sell,Equity Shares,2000.0,0.0,0.0,0.0,0.0,20100.0,0.0,18100.0,0.0
BAJFINANCE,2018-04-07 11:41:00,2018-04-06,2018-04-06,2018-04-06,Employees/Designated Employees,ESOP,Buy,Equity Shares,4650.0,0.0,0.0,0.0,0.0,,0.0,4650.0,0.0
BAJFINANCE,2018-04-09 13:48:00,2018-04-06,2018-04-06,2018-04-06,Employees/Designated Employees,ESOP,Buy,Equity Shares,4000.0,0.0,0.0,0.0,0.0,,0.0,4000.0,0.0
BAJFINANCE,2018-04-10 12:04:00,2018-04-09,2018-04-09,2018-04-09,Employees/Designated Employees,Market Sale,Sell,Equity Shares,4650.0,0.0,0.0,0.0,0.0,4650.0,0.0,,0.0
BAJFINANCE,2018-04-10 12:04:00,2018-04-09,2018-04-09,2018-04-09,Employees/Designated Employees,Market Sale,Sell,Equity Shares,1000.0,0.0,0.0,0.0,0.0,77622.0,0.01,76622.0,0.01
BAJFINANCE,2018-04-11 12:37:00,2018-04-10,2018-04-09,2018-04-09,Employees/Designated Employees,Market Sale,Sell,Equity Shares,1500.0,0.0,0.0,0.0,0.0,18100.0,0.0,16600.0,0.0
BAJFINANCE,2018-04-12 10:48:00,2018-04-11,2018-04-10,2018-04-11,Employees/Designated Employees,Market Sale,Sell,Equity Shares,4100.0,0.0,0.0,0.0,0.0,16600.0,0.0,12500.0,0.0
BAJFINANCE,2018-04-16 18:17:00,2018-04-13,2018-04-12,2018-04-12,Employees/Designated Employees,Market Sale,Sell,Equity Shares,10385.0,0.0,0.0,0.0,0.0,88450.0,0.02,78065.0,0.01
BAJFINANCE,2018-04-16 18:17:00,2018-04-13,2018-04-12,2018-04-12,Employees/Designated Employees,ESOP,Buy,Equity Shares,44000.0,0.0,0.0,0.0,0.0,44450.0,0.01,88450.0,0.02
BAJFINANCE,2018-04-16 18:17:00,2018-04-13,2018-04-13,2018-04-13,Employees/Designated Employees,Market Sale,Sell,Equity Shares,7615.0,0.0,0.0,0.0,0.0,78065.0,0.01,70450.0,0.01
BAJFINANCE,2018-04-16 18:17:00,2018-04-13,2018-04-12,2018-04-12,Employees/Designated Employees,Market Sale,Sell,Equity Shares,370.0,0.0,0.0,0.0,0.0,76622.0,0.01,76252.0,0.01
BAJFINANCE,2018-04-16 18:17:00,2018-04-12,2018-04-11,2018-04-11,Employees/Designated Employees,Market Sale,Sell,Equity Shares,4000.0,0.0,0.0,0.0,0.0,4000.0,0.0,,0.0
BAJFINANCE,2018-04-16 18:17:00,2018-04-12,2018-04-12,2018-04-12,Employees/Designated Employees,Market Sale,Sell,Equity Shares,7500.0,0.0,0.0,0.0,0.0,12500.0,0.0,5000.0,0.0
BAJFINANCE,2018-05-14 11:50:00,2018-05-11,2018-05-10,2018-05-10,Employees/Designated Employees,ESOP,Buy,Equity Shares,2750.0,0.0,0.0,0.0,0.0,76252.0,0.01,79002.0,0.01
BAJFINANCE,2018-05-15 18:35:00,2018-05-14,2018-05-14,2018-05-14,Employees/Designated Employees,ESOP,Buy,Equity Shares,13500.0,0.0,0.0,0.0,0.0,14750.0,0.0,28250.0,0.0
BAJFINANCE,2018-05-23 11:25:00,2018-05-21,2018-05-21,2018-05-21,Employees/Designated Employees,ESOP,Buy,Equity Shares,10000.0,0.0,0.0,0.0,0.0,,0.0,10000.0,0.0
BAJFINANCE,2018-05-23 11:25:00,2018-05-21,2018-05-21,2018-05-21,Employees/Designated Employees,Market Sale,Sell,Equity Shares,5000.0,0.0,0.0,0.0,0.0,5000.0,0.0,,0.0
BAJFINANCE,2018-05-23 11:25:00,2018-05-21,2018-05-21,2018-05-21,Employees/Designated Employees,Market Sale,Sell,Equity Shares,3900.0,0.0,0.0,0.0,0.0,10000.0,0.0,6100.0,0.0
BAJFINANCE,2018-05-24 14:12:00,2018-05-22,2018-05-22,2018-05-22,Employees/Designated Employees,Market Sale,Sell,Equity Shares,6000.0,0.0,0.0,0.0,0.0,79002.0,0.01,73002.0,0.01
BAJFINANCE,2018-05-29 15:52:00,2018-05-25,2018-05-25,2018-05-25,Employees/Designated Employees,Market Sale,Sell,Equity Shares,100.0,0.0,0.0,0.0,0.0,48643.0,0.01,48543.0,0.01
BAJFINANCE,2018-05-29 15:52:00,2018-05-25,2018-05-22,2018-05-22,Employees/Designated Employees,Market Sale,Sell,Equity Shares,450.0,0.0,0.0,0.0,0.0,49093.0,0.01,48643.0,0.01
BAJFINANCE,2018-05-29 18:25:00,2018-05-28,2018-05-28,2018-05-28,Employees/Designated Employees,Market Sale,Sell,Equity Shares,8250.0,0.0,0.0,0.0,0.0,8250.0,0.0,,0.0
BAJFINANCE,2018-05-29 18:25:00,2018-05-28,2018-05-28,2018-05-28,Employees/Designated Employees,ESOP,Buy,Equity Shares,57250.0,0.0,0.0,0.0,0.0,,0.0,57250.0,0.01
BAJFINANCE,2018-05-29 18:25:00,2018-05-28,2018-05-28,2018-05-28,Employees/Designated Employees,ESOP,Buy,Equity Shares,8250.0,0.0,0.0,0.0,0.0,,0.0,8250.0,0.0
BAJFINANCE,2018-05-31 12:49:00,2018-05-30,2018-05-29,2018-05-29,Employees/Designated Employees,Market Sale,Sell,Equity Shares,44704.0,0.0,0.0,0.0,0.0,57250.0,0.01,12546.0,0.0
BAJFINANCE,2018-05-31 12:49:00,2018-05-30,2018-05-30,2018-05-30,Employees/Designated Employees,Market Sale,Sell,Equity Shares,12546.0,0.0,0.0,0.0,0.0,12546.0,0.0,,0.0
BAJFINANCE,2018-06-11 18:14:00,2018-06-08,2018-06-08,2018-06-08,Employees/Designated Employees,Market Sale,Sell,Equity Shares,1000.0,0.0,0.0,0.0,0.0,73002.0,0.01,72002.0,0.01
BAJFINANCE,2018-06-11 18:14:00,2018-06-08,2018-06-07,2018-06-07,Employees/Designated Employees,ESOP,Buy,Equity Shares,10000.0,0.0,0.0,0.0,0.0,28250.0,0.0,38250.0,0.01
BAJFINANCE,2018-06-11 18:14:00,2018-06-07,2018-06-06,2018-06-06,Employees/Designated Employees,Market Sale,Sell,Equity Shares,2400.0,0.0,0.0,0.0,0.0,48543.0,0.01,46143.0,0.01
BAJFINANCE,2018-06-11 18:14:00,2018-06-07,2018-06-07,2018-06-07,Employees/Designated Employees,Market Sale,Sell,Equity Shares,2750.0,0.0,0.0,0.0,0.0,46143.0,0.01,43393.0,0.01
BAJFINANCE,2018-06-11 18:17:00,2018-06-11,2018-06-11,2018-06-11,Employees/Designated Employees,Market Sale,Sell,Equity Shares,2500.0,0.0,0.0,0.0,0.0,72002.0,0.01,69502.0,0.01
BAJFINANCE,2018-06-11 18:17:00,2018-06-11,2018-06-08,2018-06-08,Employees/Designated Employees,Market Sale,Sell,Equity Shares,10000.0,0.0,0.0,0.0,0.0,38250.0,0.01,28250.0,0.0
BAJFINANCE,2018-06-13 14:17:00,2018-06-12,2018-06-12,2018-06-12,Employees/Designated Employees,ESOP,Buy,Equity Shares,9836.0,0.0,0.0,0.0,0.0,,0.0,9836.0,0.0
BAJFINANCE,2018-06-13 14:17:00,2018-06-11,2018-06-11,2018-06-11,Employees/Designated Employees,Market Sale,Sell,Equity Shares,5000.0,0.0,0.0,0.0,0.0,38015.0,0.01,33015.0,0.01
BAJFINANCE,2018-06-13 14:17:00,2018-06-11,2018-06-08,2018-06-08,Employees/Designated Employees,Market Sale,Sell,Equity Shares,5378.0,0.0,0.0,0.0,0.0,43393.0,0.01,38015.0,0.01
BAJFINANCE,2018-06-13 14:20:00,2018-06-13,2018-06-13,2018-06-13,Employees/Designated Employees,Market Sale,Sell,Equity Shares,9836.0,0.0,0.0,0.0,0.0,9836.0,0.0,,0.0
BAJFINANCE,2018-06-15 18:35:00,2018-06-14,2018-06-14,2018-06-14,Employees/Designated Employees,Market Sale,Sell,Equity Shares,604.0,0.0,0.0,0.0,0.0,31115.0,0.01,30511.0,0.01
BAJFINANCE,2018-06-15 18:35:00,2018-06-13,2018-06-13,2018-06-13,Employees/Designated Employees,Market Sale,Sell,Equity Shares,7057.0,0.0,0.0,0.0,0.0,73521.0,0.01,66464.0,0.01
BAJFINANCE,2018-06-15 18:35:00,2018-06-13,2018-06-12,2018-06-12,Employees/Designated Employees,Market Sale,Sell,Equity Shares,29500.0,0.0,0.0,0.0,0.0,143450.0,0.02,113950.0,0.02
BAJFINANCE,2018-06-15 18:35:00,2018-06-13,2018-06-12,2018-06-12,Employees/Designated Employees,ESOP,Buy,Equity Shares,73000.0,0.0,0.0,0.0,0.0,70450.0,0.01,143450.0,0.02
BAJFINANCE,2018-06-15 18:35:00,2018-06-14,2018-06-12,2018-06-12,Employees/Designated Employees,Market Sale,Sell,Equity Shares,1900.0,0.0,0.0,0.0,0.0,33015.0,0.01,31115.0,0.01
BAJFINANCE,2018-06-15 18:35:00,2018-06-13,2018-06-13,2018-06-13,Employees/Designated Employees,ESOP,Buy,Equity Shares,70761.0,0.0,0.0,0.0,0.0,19760.0,0.0,90521.0,0.02
BAJFINANCE,2018-06-15 18:35:00,2018-06-13,2018-06-13,2018-06-13,Employees/Designated Employees,Market Sale,Sell,Equity Shares,17000.0,0.0,0.0,0.0,0.0,90521.0,0.02,73521.0,0.01
BAJFINANCE,2018-06-15 18:35:00,2018-06-14,2018-06-14,2018-06-14,Employees/Designated Employees,Market Sale,Sell,Equity Shares,31704.0,0.0,0.0,0.0,0.0,66464.0,0.01,34760.0,0.01
BAJFINANCE,2018-06-15 18:35:00,2018-06-14,2018-06-14,2018-06-14,Employees/Designated Employees,Market Sale,Sell,Equity Shares,15000.0,0.0,0.0,0.0,0.0,34760.0,0.01,19760.0,0.0
BAJFINANCE,2018-06-20 17:19:00,2018-06-18,2018-06-18,2018-06-18,Employees/Designated Employees,Market Sale,Sell,Equity Shares,50.0,0.0,0.0,0.0,0.0,27811.0,0.0,27761.0,0.0
BAJFINANCE,2018-06-20 17:19:00,2018-06-19,2018-06-18,2018-06-18,Employees/Designated Employees,ESOP,Buy,Equity Shares,177111.0,0.0,0.0,0.0,0.0,,0.0,177111.0,0.03
BAJFINANCE,2018-06-20 17:19:00,2018-06-19,2018-06-18,2018-06-18,Employees/Designated Employees,Market Sale,Sell,Equity Shares,692.0,0.0,0.0,0.0,0.0,15465.0,0.0,14773.0,0.0
BAJFINANCE,2018-06-20 17:19:00,2018-06-19,2018-06-19,2018-06-19,Employees/Designated Employees,Market Sale,Sell,Equity Shares,5682.0,0.0,0.0,0.0,0.0,14773.0,0.0,9091.0,0.0
BAJFINANCE,2018-06-20 17:19:00,2018-06-20,2018-06-19,2018-06-19,Employees/Designated Employees,Market Sale,Sell,Equity Shares,71000.0,0.0,0.0,0.0,0.0,177111.0,0.03,106111.0,0.02
BAJFINANCE,2018-06-20 17:19:00,2018-06-18,2018-06-18,2018-06-18,Employees/Designated Employees,ESOP,Buy,Equity Shares,12500.0,0.0,0.0,0.0,0.0,2965.0,0.0,15465.0,0.0
BAJFINANCE,2018-06-20 17:19:00,2018-06-18,2018-06-15,2018-06-15,Employees/Designated Employees,Market Sale,Sell,Equity Shares,2700.0,0.0,0.0,0.0,0.0,30511.0,0.01,27811.0,0.0
BAJFINANCE,2018-06-25 12:19:00,2018-06-21,2018-06-20,2018-06-20,Employees/Designated Employees,Market Sale,Sell,Equity Shares,96111.0,0.0,0.0,0.0,0.0,106111.0,0.02,10000.0,0.0
BAJFINANCE,2018-06-25 12:19:00,2018-06-21,2018-06-20,2018-06-20,Employees/Designated Employees,Market Sale,Sell,Equity Shares,10000.0,0.0,0.0,0.0,0.0,10000.0,0.0,,0.0
BAJFINANCE,2018-06-27 14:43:00,2018-06-25,2018-06-22,2018-06-22,Employees/Designated Employees,Market Sale,Sell,Equity Shares,1500.0,0.0,0.0,0.0,0.0,69502.0,0.01,68002.0,0.01
BAJFINANCE,2018-06-27 14:43:00,2018-06-26,2018-06-25,2018-06-25,Employees/Designated Employees,Market Sale,Sell,Equity Shares,500.0,0.0,0.0,0.0,0.0,68002.0,0.01,67502.0,0.01
BAJFINANCE,2018-06-29 16:25:00,2018-06-27,2018-06-25,2018-06-25,Employees/Designated Employees,Market Sale,Sell,Equity Shares,1900.0,0.0,0.0,0.0,0.0,27761.0,0.0,25861.0,0.0
BAJFINANCE,2018-07-04 18:19:00,2018-07-04,2018-07-03,2018-07-03,Employees/Designated Employees,ESOP,Buy,Equity Shares,83325.0,0.0,0.0,0.0,0.0,25861.0,0.0,109186.0,0.02
BAJFINANCE,2018-07-25 19:36:00,2018-07-25,2018-07-24,2018-07-24,Employees/Designated Employees,Market Sale,Sell,Equity Shares,23210.0,0.0,0.0,0.0,0.0,38250.0,0.01,15040.0,0.0
BAJFINANCE,2018-07-25 19:36:00,2018-07-25,2018-07-24,2018-07-24,Employees/Designated Employees,ESOP,Buy,Equity Shares,38250.0,0.0,0.0,0.0,0.0,,0.0,38250.0,0.01
BAJFINANCE,2018-07-25 19:36:00,2018-07-24,2018-07-23,2018-07-23,Employees/Designated Employees,Market Sale,Sell,Equity Shares,2500.0,0.0,0.0,0.0,0.0,9091.0,0.0,6591.0,0.0
BAJFINANCE,2018-07-25 19:36:00,2018-07-23,2018-07-23,2018-07-23,Employees/Designated Employees,Market Sale,Sell,Equity Shares,3000.0,0.0,0.0,0.0,0.0,67502.0,0.01,64502.0,0.01
BAJFINANCE,2018-07-25 19:36:00,2018-07-23,2018-07-23,2018-07-23,Employees/Designated Employees,Market Sale,Sell,Equity Shares,8211.0,0.0,0.0,0.0,0.0,8211.0,0.0,,0.0
BAJFINANCE,2018-07-25 19:36:00,2018-07-23,2018-07-23,2018-07-23,Employees/Designated Employees,ESOP,Buy,Equity Shares,8211.0,0.0,0.0,0.0,0.0,,0.0,8211.0,0.0
BAJFINANCE,2018-07-27 19:29:00,2018-07-26,2018-07-26,2018-07-26,Employees/Designated Employees,Market Sale,Sell,Equity Shares,500.0,0.0,0.0,0.0,0.0,500.0,0.0,,0.0
BAJFINANCE,2018-07-27 19:29:00,2018-07-26,2018-07-25,2018-07-25,Employees/Designated Employees,Market Sale,Sell,Equity Shares,6100.0,0.0,0.0,0.0,0.0,6100.0,0.0,,0.0
BAJFINANCE,2018-07-27 19:29:00,2018-07-25,2018-07-23,2018-07-23,Employees/Designated Employees,Market Sale,Sell,Equity Shares,700.0,0.0,0.0,0.0,0.0,700.0,0.0,,0.0
BAJFINANCE,2018-07-27 19:29:00,2018-07-26,2018-07-26,2018-07-26,Employees/Designated Employees,Market Sale,Sell,Equity Shares,7500.0,0.0,0.0,0.0,0.0,8000.0,0.0,500.0,0.0
BAJFINANCE,2018-07-27 19:29:00,2018-07-26,2018-07-25,2018-07-25,Employees/Designated Employees,ESOP,Buy,Equity Shares,8000.0,0.0,0.0,0.0,0.0,,0.0,8000.0,0.0
BAJFINANCE,2018-07-27 19:29:00,2018-07-27,2018-07-26,2018-07-26,Employees/Designated Employees,ESOP,Buy,Equity Shares,7250.0,0.0,0.0,0.0,0.0,28250.0,0.0,35500.0,0.01
BAJFINANCE,2018-08-02 18:52:00,2018-07-31,2018-07-31,2018-07-31,Employees/Designated Employees,ESOP,Buy,Equity Shares,7200.0,0.0,0.0,0.0,0.0,,0.0,7200.0,0.0
BAJFINANCE,2018-08-02 18:52:00,2018-08-01,2018-08-01,2018-08-01,Employees/Designated Employees,Market Sale,Sell,Equity Shares,6125.0,0.0,0.0,0.0,0.0,34760.0,0.01,28635.0,0.0
BAJFINANCE,2018-08-02 18:52:00,2018-08-01,2018-07-31,2018-07-31,Employees/Designated Employees,ESOP,Buy,Equity Shares,15000.0,0.0,0.0,0.0,0.0,19760.0,0.0,34760.0,0.01
BAJFINANCE,2018-08-02 18:52:00,2018-08-02,2018-08-02,2018-08-02,Employees/Designated Employees,Market Sale,Sell,Equity Shares,7200.0,0.0,0.0,0.0,0.0,7200.0,0.0,,0.0
BAJFINANCE,2018-08-07 10:19:00,2018-08-03,2018-08-03,2018-08-03,Employees/Designated Employees,ESOP,Buy,Equity Shares,30000.0,0.0,0.0,0.0,0.0,,0.0,30000.0,0.01
BAJFINANCE,2018-08-07 10:19:00,2018-08-06,2018-08-06,2018-08-06,Employees/Designated Employees,Market Sale,Sell,Equity Shares,2000.0,0.0,0.0,0.0,0.0,30000.0,0.01,28000.0,0.0
BAJFINANCE,2018-08-09 14:17:00,2018-08-09,2018-08-08,2018-08-08,Employees/Designated Employees,ESOP,Buy,Equity Shares,2470.0,0.0,0.0,0.0,0.0,21865.0,0.0,24335.0,0.0
BAJFINANCE,2018-08-09 14:17:00,2018-08-08,2018-08-08,2018-08-08,Employees/Designated Employees,Market Sale,Sell,Equity Shares,6000.0,0.0,0.0,0.0,0.0,62502.0,0.01,56502.0,0.01
BAJFINANCE,2018-08-09 14:17:00,2018-08-07,2018-08-07,2018-08-07,Employees/Designated Employees,Market Sale,Sell,Equity Shares,2000.0,0.0,0.0,0.0,0.0,64502.0,0.01,62502.0,0.01
BAJFINANCE,2018-08-09 14:17:00,2018-08-08,2018-08-07,2018-08-08,Employees/Designated Employees,Market Sale,Sell,Equity Shares,10000.0,0.0,0.0,0.0,0.0,28000.0,0.0,18000.0,0.0
BAJFINANCE,2018-08-13 15:37:00,2018-08-09,2018-08-09,2018-08-09,Employees/Designated Employees,Market Sale,Sell,Equity Shares,2000.0,0.0,0.0,0.0,0.0,18000.0,0.0,16000.0,0.0
BAJFINANCE,2018-08-13 15:37:00,2018-08-13,2018-08-10,2018-08-10,Other,Market Purchase,Buy,Equity Shares,50000.0,0.0,0.0,0.0,0.0,,0.0,50000.0,0.01
BAJFINANCE,2018-08-14 12:27:00,2018-08-13,2018-08-10,2018-08-10,Promoter Group,Market Purchase,Buy,Equity Shares,50000.0,0.0,0.0,0.0,0.0,,0.0,50000.0,0.01
BAJFINANCE,2018-08-14 12:54:00,2018-08-13,2018-08-13,2018-08-13,Promoter Group,Market Purchase,Buy,Equity Shares,50000.0,0.0,0.0,0.0,0.0,50000.0,0.01,100000.0,0.02
BAJFINANCE,2018-08-20 11:30:00,2018-08-16,2018-08-16,2018-08-16,Employees/Designated Employees,Market Sale,Sell,Equity Shares,2000.0,0.0,0.0,0.0,0.0,16000.0,0.0,14000.0,0.0
BAJFINANCE,2018-08-25 15:13:00,2018-08-23,2018-08-23,2018-08-23,Employees/Designated Employees,Market Sale,Sell,Equity Shares,1000.0,0.0,0.0,0.0,0.0,56502.0,0.01,55502.0,0.01
BAJFINANCE,2018-08-25 15:13:00,2018-08-25,2018-08-23,2018-08-24,Employees/Designated Employees,Market Sale,Sell,Equity Shares,4000.0,0.0,0.0,0.0,0.0,14000.0,0.0,10000.0,0.0
BAJFINANCE,2018-08-25 15:13:00,2018-08-24,2018-08-24,2018-08-24,Employees/Designated Employees,Market Sale,Sell,Equity Shares,2000.0,0.0,0.0,0.0,0.0,55502.0,0.01,53502.0,0.01
BAJFINANCE,2018-08-28 15:33:00,2018-08-27,2018-08-27,2018-08-27,Employees/Designated Employees,ESOP,Buy,Equity Shares,1000.0,0.0,0.0,0.0,0.0,24335.0,0.0,25335.0,0.0
BAJFINANCE,2018-08-28 15:33:00,2018-08-27,2018-08-27,2018-08-27,Employees/Designated Employees,Market Sale,Sell,Equity Shares,1000.0,0.0,0.0,0.0,0.0,53502.0,0.01,52502.0,0.01
BAJFINANCE,2018-08-28 15:33:00,2018-08-27,2018-08-27,2018-08-27,Employees/Designated Employees,Market Sale,Sell,Equity Shares,23800.0,0.0,0.0,0.0,0.0,23900.0,0.0,100.0,0.0
BAJFINANCE,2018-08-28 15:33:00,2018-08-28,2018-08-28,2018-08-28,Employees/Designated Employees,ESOP,Buy,Equity Shares,33336.0,0.0,0.0,0.0,0.0,,0.0,33336.0,0.01
BAJFINANCE,2018-08-30 15:45:00,2018-08-30,2018-08-28,2018-08-29,Employees/Designated Employees,Market Sale,Sell,Equity Shares,2000.0,0.0,0.0,0.0,0.0,10000.0,0.0,8000.0,0.0
BAJFINANCE,2018-08-30 15:45:00,2018-08-29,2018-08-29,2018-08-29,Employees/Designated Employees,Market Sale,Sell,Equity Shares,30786.0,0.0,0.0,0.0,0.0,30786.0,0.01,,0.0
BAJFINANCE,2018-08-30 15:45:00,2018-08-29,2018-08-28,2018-08-28,Employees/Designated Employees,Market Sale,Sell,Equity Shares,2550.0,0.0,0.0,0.0,0.0,33336.0,0.01,30786.0,0.01
BAJFINANCE,2018-09-01 15:18:00,2018-08-30,2018-08-30,2018-08-30,Employees/Designated Employees,ESOP,Buy,Equity Shares,120500.0,0.0,0.0,0.0,0.0,100.0,0.0,120600.0,0.02
BAJFINANCE,2018-09-01 15:18:00,2018-08-30,2018-08-30,2018-08-30,Employees/Designated Employees,Market Sale,Sell,Equity Shares,47000.0,0.0,0.0,0.0,0.0,120600.0,0.02,73600.0,0.01
BAJFINANCE,2018-09-12 12:17:00,2018-09-11,2018-09-10,2018-09-10,Employees/Designated Employees,ESOP,Buy,Equity Shares,10000.0,0.0,0.0,0.0,0.0,52502.0,0.01,62502.0,0.01
BAJFINANCE,2018-09-20 14:45:00,2018-09-19,2018-09-18,2018-09-18,Employees/Designated Employees,ESOP,Buy,Equity Shares,10000.0,0.0,0.0,0.0,0.0,62502.0,0.01,72502.0,0.01
BAJFINANCE,2018-09-25 13:55:00,2018-09-24,2018-09-03,2018-09-21,Key Managerial Personnel,Market Purchase,Buy,Equity Shares,450.0,0.0,0.0,0.0,0.0,93500.0,0.01,93950.0,0.01
BAJFINANCE,2018-09-25 13:55:00,2018-09-24,2018-09-24,2018-09-24,Key Managerial Personnel,Market Purchase,Buy,Equity Shares,100.0,0.0,0.0,0.0,0.0,93950.0,0.01,94050.0,0.01
BAJFINANCE,2018-09-25 13:55:00,2018-09-24,2018-09-22,2018-09-22,Employees/Designated Employees,ESOP,Buy,Equity Shares,1000.0,0.0,0.0,0.0,0.0,25335.0,0.0,26335.0,0.0
BAJFINANCE,2018-10-01 15:40:00,2018-09-28,2018-09-28,2018-09-28,Employees/Designated Employees,ESOP,Buy,Equity Shares,25500.0,0.0,0.0,0.0,0.0,8000.0,0.0,33500.0,0.01
BAJFINANCE,2018-10-05 15:04:00,2018-10-04,2018-10-03,2018-10-03,Employees/Designated Employees,ESOP,Buy,Equity Shares,7000.0,0.0,0.0,0.0,0.0,72502.0,0.01,79502.0,0.01
BAJFINANCE,2018-10-09 11:05:00,2018-10-08,2018-10-05,2018-10-05,Employees/Designated Employees,ESOP,Buy,Equity Shares,22000.0,0.0,0.0,0.0,0.0,33500.0,0.01,55500.0,0.01
BAJFINANCE,2018-10-27 18:07:00,2018-10-26,2018-10-25,2018-10-25,Employees/Designated Employees,ESOP,Buy,Equity Shares,2000.0,0.0,0.0,0.0,0.0,26335.0,0.0,28335.0,0.0
BAJFINANCE,2018-10-31 14:16:00,2018-10-31,2018-10-31,2018-10-31,Employees/Designated Employees,ESOP,Buy,Equity Shares,250.0,0.0,0.0,0.0,0.0,28335.0,0.0,28585.0,0.0
BAJFINANCE,2018-10-31 14:16:00,2018-10-31,2018-10-30,2018-10-30,Employees/Designated Employees,Market Sale,Sell,Equity Shares,1000.0,0.0,0.0,0.0,0.0,78502.0,0.01,77502.0,0.01
BAJFINANCE,2018-10-31 14:16:00,2018-10-29,2018-10-26,2018-10-26,Employees/Designated Employees,Market Sale,Sell,Equity Shares,1000.0,0.0,0.0,0.0,0.0,79502.0,0.01,78502.0,0.01
BAJFINANCE,2018-10-31 14:16:00,2018-10-29,2018-10-26,2018-10-26,Employees/Designated Employees,Market Sale,Sell,Equity Shares,500.0,0.0,0.0,0.0,0.0,55500.0,0.01,55000.0,0.01
BAJFINANCE,2018-11-01 12:56:00,2018-10-31,2018-10-31,2018-10-31,Employees/Designated Employees,Market Sale,Sell,Equity Shares,50000.0,0.0,0.0,0.0,0.0,50000.0,0.01,,0.0
BAJFINANCE,2018-11-01 12:56:00,2018-10-31,2018-10-30,2018-10-30,Employees/Designated Employees,Market Sale,Sell,Equity Shares,100.0,0.0,0.0,0.0,0.0,55000.0,0.01,54900.0,0.01
BAJFINANCE,2018-11-01 12:56:00,2018-10-31,2018-10-31,2018-10-31,Employees/Designated Employees,ESOP,Buy,Equity Shares,50000.0,0.0,0.0,0.0,0.0,,0.0,50000.0,0.01
BAJFINANCE,2018-11-05 10:48:00,2018-11-02,2018-11-02,2018-11-02,Employees/Designated Employees,Market Sale,Sell,Equity Shares,1000.0,0.0,0.0,0.0,0.0,77502.0,0.01,76502.0,0.01
BAJFINANCE,2018-11-06 17:28:00,2018-11-05,2018-11-05,2018-11-05,Employees/Designated Employees,ESOP,Buy,Equity Shares,250.0,0.0,0.0,0.0,0.0,28585.0,0.0,28835.0,0.0
BAJFINANCE,2018-11-12 15:14:00,2018-11-11,2018-11-09,2018-11-09,Employees/Designated Employees,Market Sale,Sell,Equity Shares,686.0,0.0,0.0,0.0,0.0,69380.0,0.01,68694.0,0.01
BAJFINANCE,2018-11-20 19:31:00,2018-11-16,2018-11-15,2018-11-15,Promoter Group,Market Purchase,Buy,Debentures,10000.0,0.0,0.0,0.0,0.0,,0.0,10000.0,0.0
BAJFINANCE,2018-11-26 19:27:00,2018-11-23,2018-11-22,2018-11-22,Other,Market Purchase,Buy,Debentures,2000.0,0.0,0.0,0.0,0.0,,0.0,2000.0,0.0
BAJFINANCE,2018-11-26 19:27:00,2018-11-23,2018-11-22,2018-11-22,Employees/Designated Employees,ESOP,Buy,Equity Shares,7500.0,0.0,0.0,0.0,0.0,,0.0,7500.0,0.0
BAJFINANCE,2018-11-26 19:29:00,2018-11-26,2018-11-26,2018-11-26,Other,Market Purchase,Buy,Debentures,1500.0,0.0,0.0,0.0,0.0,2000.0,0.0,3500.0,0.0
BAJFINANCE,2018-11-29 15:39:00,2018-11-28,2018-11-27,2018-11-27,Employees/Designated Employees,Market Sale,Sell,Equity Shares,7500.0,0.0,0.0,0.0,0.0,7500.0,0.0,,0.0
BAJFINANCE,2018-12-05 11:48:00,2018-12-04,2018-12-03,2018-12-04,Employees/Designated Employees,Market Sale,Sell,Equity Shares,3000.0,0.0,0.0,0.0,0.0,73600.0,0.01,70600.0,0.01
BAJFINANCE,2018-12-10 17:30:00,2018-12-07,2018-12-06,2018-12-06,Employees/Designated Employees,ESOP,Buy,Equity Shares,10000.0,0.0,0.0,0.0,0.0,,0.0,10000.0,0.0
BAJFINANCE,2018-12-10 17:30:00,2018-12-07,2018-12-07,2018-12-07,Employees/Designated Employees,Market Sale,Sell,Equity Shares,10000.0,0.0,0.0,0.0,0.0,10000.0,0.0,,0.0
BAJFINANCE,2018-12-14 16:29:00,2018-12-13,2018-12-13,2018-12-13,Employees/Designated Employees,Market Sale,Sell,Equity Shares,500.0,0.0,0.0,0.0,0.0,76502.0,0.01,76002.0,0.01
BAJFINANCE,2018-12-20 18:43:00,2018-12-19,2018-12-19,2018-12-19,Employees/Designated Employees,Market Sale,Sell,Equity Shares,2000.0,0.0,0.0,0.0,0.0,76002.0,0.01,74002.0,0.01
BAJFINANCE,2018-12-20 18:43:00,2018-12-19,2018-12-19,2018-12-19,Employees/Designated Employees,Market Sale,Sell,Equity Shares,3500.0,0.0,0.0,0.0,0.0,70600.0,0.01,67100.0,0.01
BAJFINANCE,2018-12-28 18:11:00,2018-12-27,2018-12-27,2018-12-27,Director,Market Sale,Sell,Equity Shares,5000.0,0.0,0.0,0.0,0.0,753975.0,0.01,748975.0,0.01
BAJFINANCE,2018-12-31 10:50:00,2018-12-28,2018-12-28,2018-12-28,Director,Market Sale,Sell,Equity Shares,5000.0,0.0,0.0,0.0,0.0,748975.0,0.01,743975.0,0.01
BAJFINANCE,2019-01-03 18:24:00,2019-01-02,2018-12-31,2018-12-31,Employees/Designated Employees,Market Sale,Sell,Equity Shares,500.0,0.0,0.0,0.0,0.0,74002.0,0.01,73502.0,0.01
BAJFINANCE,2019-02-04 18:42:00,2019-02-02,2019-02-01,2019-02-01,Employees/Designated Employees,Market Sale,Sell,Equity Shares,5000.0,0.0,0.0,0.0,0.0,10000.0,0.0,5000.0,0.0
BAJFINANCE,2019-02-04 18:42:00,2019-02-02,2019-02-01,2019-02-01,Employees/Designated Employees,ESOP,Buy,Equity Shares,10000.0,0.0,0.0,0.0,0.0,,0.0,10000.0,0.0
BAJFINANCE,2019-02-04 18:42:00,2019-02-02,2019-02-01,2019-02-01,Promoter Group,Market Purchase,Buy,Debentures,2000.0,0.0,0.0,0.0,0.0,,0.0,2000.0,0.0
BAJFINANCE,2019-02-06 17:36:00,2019-02-06,2019-02-06,2019-02-06,Employees/Designated Employees,Market Sale,Sell,Equity Shares,7136.0,0.0,0.0,0.0,0.0,7136.0,0.0,,0.0
BAJFINANCE,2019-02-06 17:36:00,2019-02-05,2019-02-04,2019-02-04,Employees/Designated Employees,ESOP,Buy,Equity Shares,31236.0,0.0,0.0,0.0,0.0,,0.0,31236.0,0.01
BAJFINANCE,2019-02-06 17:36:00,2019-02-05,2019-02-05,2019-02-05,Employees/Designated Employees,Market Sale,Sell,Equity Shares,31236.0,0.0,0.0,0.0,0.0,31236.0,0.01,,0.0
BAJFINANCE,2019-02-06 17:36:00,2019-02-06,2019-02-06,2019-02-06,Director,Market Sale,Sell,Equity Shares,19246.0,0.0,0.0,0.0,0.0,19246.0,0.0,,0.0
BAJFINANCE,2019-02-06 17:36:00,2019-02-06,2019-02-05,2019-02-05,Director,Market Sale,Sell,Equity Shares,12887.0,0.0,0.0,0.0,0.0,32133.0,0.01,19246.0,0.0
BAJFINANCE,2019-02-06 17:36:00,2019-02-06,2019-02-05,2019-02-05,Director,Market Sale,Sell,Equity Shares,155067.0,0.0,0.0,0.0,0.0,187200.0,0.03,32133.0,0.01
BAJFINANCE,2019-02-06 17:36:00,2019-02-06,2019-02-05,2019-02-05,Director,ESOP,Buy,Equity Shares,187200.0,0.0,0.0,0.0,0.0,,0.0,187200.0,0.03
BAJFINANCE,2019-02-06 17:36:00,2019-02-06,2019-02-05,2019-02-05,Employees/Designated Employees,ESOP,Buy,Equity Shares,7136.0,0.0,0.0,0.0,0.0,,0.0,7136.0,0.0
BAJFINANCE,2019-02-08 19:02:00,2019-02-06,2019-02-06,2019-02-06,Employees/Designated Employees,Market Sale,Sell,Equity Shares,3000.0,0.0,0.0,0.0,0.0,73502.0,0.01,70502.0,0.01
BAJFINANCE,2019-02-08 19:02:00,2019-02-07,2019-02-07,2019-02-07,Promoter Group,Market Purchase,Buy,Debentures,6250.0,0.0,0.0,0.0,0.0,10000.0,0.0,16250.0,0.0
BAJFINANCE,2019-02-11 16:26:00,2019-02-07,2019-02-05,2019-02-05,Promoter Group,Inter-se-Transfer,Buy,Equity Shares,63104.0,0.0,0.0,0.0,0.0,,0.0,63104.0,0.01
BAJFINANCE,2019-02-11 16:26:00,2019-02-07,2019-02-05,2019-02-05,Promoter Group,Inter-se-Transfer,Buy,Equity Shares,63104.0,0.0,0.0,0.0,0.0,,0.0,63104.0,0.01
BAJFINANCE,2019-02-11 16:26:00,2019-02-07,2019-02-05,2019-02-05,Promoter Group,Inter-se-Transfer,Buy,Equity Shares,63104.0,0.0,0.0,0.0,0.0,,0.0,63104.0,0.01
BAJFINANCE,2019-02-11 16:26:00,2019-02-08,2019-02-06,2019-02-06,Promoter Group,Market Purchase,Buy,Equity Shares,100000.0,0.0,0.0,0.0,0.0,100000.0,0.02,200000.0,0.03
BAJFINANCE,2019-02-11 16:26:00,2019-02-07,2019-02-05,2019-02-05,Promoter Group,Inter-se-Transfer,Sell,Equity Shares,189312.0,0.0,0.0,0.0,0.0,482000.0,0.08,292688.0,0.01
BAJFINANCE,2019-02-13 14:47:00,2019-02-12,2019-02-08,2019-02-08,Employees/Designated Employees,Market Sale,Sell,Equity Shares,2500.0,0.0,0.0,0.0,0.0,5000.0,0.0,2500.0,0.0
BAJFINANCE,2019-02-13 14:47:00,2019-02-11,2019-02-08,2019-02-08,Employees/Designated Employees,Market Sale,Sell,Equity Shares,1110.0,0.0,0.0,0.0,0.0,4025.0,0.0,2915.0,0.0
BAJFINANCE,2019-02-14 17:53:00,2019-02-13,2019-02-12,2019-02-12,Employees/Designated Employees,Market Sale,Sell,Equity Shares,1200.0,0.0,0.0,0.0,0.0,68694.0,0.01,67494.0,0.01
BAJFINANCE,2019-02-19 12:37:00,2019-02-18,2019-02-18,2019-02-18,Employees/Designated Employees,ESOP,Buy,Equity Shares,2536.0,0.0,0.0,0.0,0.0,,0.0,2536.0,0.0
BAJFINANCE,2019-02-19 12:37:00,2019-02-15,2019-02-13,2019-02-13,Employees/Designated Employees,ESOP,Buy,Equity Shares,1250.0,0.0,0.0,0.0,0.0,28835.0,0.0,30085.0,0.01
BAJFINANCE,2019-02-22 12:25:00,2019-02-20,2019-02-20,2019-02-20,Employees/Designated Employees,Market Sale,Sell,Equity Shares,1500.0,0.0,0.0,0.0,0.0,67494.0,0.01,65994.0,0.01
BAJFINANCE,2019-02-25 14:45:00,2019-02-25,2019-02-25,2019-02-25,Employees/Designated Employees,ESOP,Buy,Equity Shares,6500.0,0.0,0.0,0.0,0.0,2220.0,0.0,8720.0,0.0
BAJFINANCE,2019-02-25 14:45:00,2019-02-22,2019-02-22,2019-02-22,Employees/Designated Employees,ESOP,Buy,Equity Shares,3000.0,0.0,0.0,0.0,0.0,12000.0,0.0,15000.0,0.0
BAJFINANCE,2019-02-25 14:45:00,2019-02-25,2019-02-22,2019-02-22,Employees/Designated Employees,ESOP,Buy,Equity Shares,2875.0,0.0,0.0,0.0,0.0,70502.0,0.01,73377.0,0.01
BAJFINANCE,2019-02-28 13:20:00,2019-02-26,2019-02-26,2019-02-26,Employees/Designated Employees,Market Sale,Sell,Equity Shares,2572.0,0.0,0.0,0.0,0.0,8720.0,0.0,6148.0,0.0
BAJFINANCE,2019-03-04 17:30:00,2019-03-01,2019-02-28,2019-02-28,Employees/Designated Employees,ESOP,Buy,Equity Shares,1836.0,0.0,0.0,0.0,0.0,65994.0,0.01,67830.0,0.01
BAJFINANCE,2019-03-11 18:34:00,2019-03-11,2019-03-08,2019-03-08,Employees/Designated Employees,Market Sale,Sell,Equity Shares,2500.0,0.0,0.0,0.0,0.0,2500.0,0.0,,0.0
BAJFINANCE,2019-03-11 18:34:00,2019-03-08,2019-03-08,2019-03-08,Employees/Designated Employees,Market Sale,Sell,Equity Shares,500.0,0.0,0.0,0.0,0.0,73377.0,0.01,72877.0,0.01
BAJFINANCE,2019-03-11 18:34:00,2019-03-11,2019-03-11,2019-03-11,Employees/Designated Employees,Market Sale,Sell,Equity Shares,1000.0,0.0,0.0,0.0,0.0,72877.0,0.01,71877.0,0.01
BAJFINANCE,2019-03-15 13:29:00,2019-03-14,2019-03-13,2019-03-13,Employees/Designated Employees,Market Sale,Sell,Equity Shares,2000.0,0.0,0.0,0.0,0.0,67830.0,0.01,65830.0,0.01
BAJFINANCE,2019-03-15 13:29:00,2019-03-13,2019-03-13,2019-03-13,Employees/Designated Employees,Market Sale,Sell,Equity Shares,1000.0,0.0,0.0,0.0,0.0,71877.0,0.01,70877.0,0.01
BAJFINANCE,2019-03-19 15:09:00,2019-03-18,2019-03-18,2019-03-18,Employees/Designated Employees,Market Sale,Sell,Equity Shares,1500.0,0.0,0.0,0.0,0.0,69877.0,0.01,68377.0,0.01
BAJFINANCE,2019-03-19 15:09:00,2019-03-19,2019-03-18,2019-03-18,Employees/Designated Employees,Market Sale,Sell,Equity Shares,20000.0,0.0,0.0,0.0,0.0,113950.0,0.02,93950.0,0.02
BAJFINANCE,2019-03-19 15:09:00,2019-03-15,2019-03-15,2019-03-15,Employees/Designated Employees,Market Sale,Sell,Equity Shares,1000.0,0.0,0.0,0.0,0.0,70877.0,0.01,69877.0,0.01
BAJFINANCE,2019-03-20 14:45:00,2019-03-19,2019-03-18,2019-03-18,Employees/Designated Employees,Market Sale,Sell,Equity Shares,3050.0,0.0,0.0,0.0,0.0,108836.0,0.02,105786.0,0.02
BAJFINANCE,2019-03-20 14:45:00,2019-03-19,2019-03-19,2019-03-19,Employees/Designated Employees,Market Sale,Sell,Equity Shares,600.0,0.0,0.0,0.0,0.0,105786.0,0.02,105186.0,0.02
BAJFINANCE,2019-03-28 19:59:00,2019-03-27,2019-03-27,2019-03-27,Employees/Designated Employees,Market Sale,Sell,Equity Shares,3700.0,0.0,0.0,0.0,0.0,102986.0,0.02,99286.0,0.02
BAJFINANCE,2019-03-28 19:59:00,2019-03-27,2019-03-26,2019-03-27,Employees/Designated Employees,Market Sale,Sell,Equity Shares,9000.0,0.0,0.0,0.0,0.0,67100.0,0.01,58100.0,0.01
BAJFINANCE,2019-03-28 19:59:00,2019-03-27,2019-03-27,2019-03-27,Employees/Designated Employees,Market Sale,Sell,Equity Shares,1500.0,0.0,0.0,0.0,0.0,54900.0,0.01,53400.0,0.01
BAJFINANCE,2019-03-28 19:59:00,2019-03-27,2019-03-26,2019-03-26,Employees/Designated Employees,Market Sale,Sell,Equity Shares,2200.0,0.0,0.0,0.0,0.0,105186.0,0.02,102986.0,0.02
BAJFINANCE,2019-03-30 14:30:00,2019-03-29,2019-03-28,2019-03-28,Employees/Designated Employees,Market Sale,Sell,Equity Shares,1450.0,0.0,0.0,0.0,0.0,99286.0,0.02,97836.0,0.02
BAJFINANCE,2019-03-30 14:30:00,2019-03-29,2019-03-29,2019-03-29,Employees/Designated Employees,Market Sale,Sell,Equity Shares,1500.0,0.0,0.0,0.0,0.0,97836.0,0.02,96336.0,0.02
BAJFINANCE,2019-03-30 14:30:00,2019-03-29,2019-03-28,2019-03-29,Employees/Designated Employees,Market Sale,Sell,Equity Shares,3400.0,0.0,0.0,0.0,0.0,53400.0,0.01,50000.0,0.01
BAJFINANCE,2019-04-02 14:59:00,2019-04-01,2019-04-01,2019-04-01,Employees/Designated Employees,Market Sale,Sell,Equity Shares,1000.0,0.0,0.0,0.0,0.0,68377.0,0.01,67377.0,0.01
BAJFINANCE,2019-04-03 20:26:00,2019-04-03,2019-04-02,2019-04-02,Employees/Designated Employees,Market Sale,Sell,Equity Shares,2600.0,0.0,0.0,0.0,0.0,95836.0,0.02,93236.0,0.02
BAJFINANCE,2019-04-03 20:26:00,2019-04-03,2019-04-01,2019-04-01,Employees/Designated Employees,Market Sale,Sell,Equity Shares,500.0,0.0,0.0,0.0,0.0,96336.0,0.02,95836.0,0.02
BAJFINANCE,2019-04-03 20:26:00,2019-04-02,2019-04-02,2019-04-02,Employees/Designated Employees,Market Sale,Sell,Equity Shares,2000.0,0.0,0.0,0.0,0.0,67377.0,0.01,65377.0,0.01
BAJFINANCE,2019-04-03 20:26:00,2019-04-03,2019-04-03,2019-04-03,Employees/Designated Employees,Market Sale,Sell,Equity Shares,500.0,0.0,0.0,0.0,0.0,93236.0,0.02,92736.0,0.02
BAJFINANCE,2019-04-03 20:26:00,2019-04-03,2019-04-02,2019-04-02,Employees/Designated Employees,Market Sale,Sell,Equity Shares,7000.0,0.0,0.0,0.0,0.0,30085.0,0.01,23085.0,0.0
BAJFINANCE,2019-05-03 20:11:00,2019-04-30,2019-04-30,2019-04-30,Employees/Designated Employees,ESOP,Buy,Equity Shares,1000.0,0.0,0.0,0.0,0.0,23085.0,0.0,24085.0,0.0
BAJFINANCE,2019-05-09 16:17:00,2019-05-07,2019-05-06,2019-05-06,Employees/Designated Employees,ESOP,Buy,Equity Shares,2250.0,0.0,0.0,0.0,0.0,25835.0,0.0,28085.0,0.0
BAJFINANCE,2019-05-09 16:17:00,2019-05-07,2019-05-06,2019-05-06,Employees/Designated Employees,ESOP,Buy,Equity Shares,1750.0,0.0,0.0,0.0,0.0,24085.0,0.0,25835.0,0.0
BAJFINANCE,2019-05-15 11:23:00,2019-05-13,2019-05-13,2019-05-13,Employees/Designated Employees,ESOP,Buy,Equity Shares,2200.0,0.0,0.0,0.0,0.0,30800.0,0.01,33000.0,0.01
BAJFINANCE,2019-05-15 11:23:00,2019-05-14,2019-05-14,2019-05-14,Employees/Designated Employees,ESOP,Buy,Equity Shares,25500.0,0.0,0.0,0.0,0.0,92736.0,0.02,118236.0,0.02
BAJFINANCE,2019-05-15 11:23:00,2019-05-14,2019-05-13,2019-05-13,Employees/Designated Employees,ESOP,Buy,Equity Shares,9750.0,0.0,0.0,0.0,0.0,35500.0,0.01,45250.0,0.01
BAJFINANCE,2019-05-15 11:23:00,2019-05-13,2019-05-13,2019-05-13,Employees/Designated Employees,ESOP,Buy,Equity Shares,6000.0,0.0,0.0,0.0,0.0,24800.0,0.0,30800.0,0.01
BAJFINANCE,2019-05-15 11:23:00,2019-05-13,2019-04-16,2019-04-16,Employees/Designated Employees,ESOP,Buy,Equity Shares,4300.0,0.0,0.0,0.0,0.0,20500.0,0.0,24800.0,0.0
BAJFINANCE,2019-05-15 11:23:00,2019-05-14,2019-05-13,2019-05-13,Employees/Designated Employees,ESOP,Buy,Equity Shares,13500.0,0.0,0.0,0.0,0.0,45250.0,0.01,58750.0,0.01
BAJFINANCE,2019-05-21 21:05:00,2019-05-21,2019-05-20,2019-05-20,Employees/Designated Employees,Market Sale,Sell,Equity Shares,1000.0,0.0,0.0,0.0,0.0,28085.0,0.0,27085.0,0.0
BAJFINANCE,2019-05-21 21:05:00,2019-05-20,2019-05-20,2019-05-20,Employees/Designated Employees,Market Sale,Sell,Equity Shares,1500.0,0.0,0.0,0.0,0.0,65377.0,0.01,63877.0,0.01
BAJFINANCE,2019-05-21 21:05:00,2019-05-21,2019-05-20,2019-05-20,Employees/Designated Employees,Market Sale,Sell,Equity Shares,250.0,0.0,0.0,0.0,0.0,6750.0,0.0,6500.0,0.0
BAJFINANCE,2019-05-21 21:05:00,2019-05-21,2019-05-21,2019-05-21,Employees/Designated Employees,Market Sale,Sell,Equity Shares,250.0,0.0,0.0,0.0,0.0,6500.0,0.0,6250.0,0.0
BAJFINANCE,2019-05-21 21:05:00,2019-05-21,2019-05-21,2019-05-21,Employees/Designated Employees,Market Sale,Sell,Equity Shares,200.0,0.0,0.0,0.0,0.0,6250.0,0.0,6050.0,0.0
BAJFINANCE,2019-05-21 21:05:00,2019-05-21,2019-05-21,2019-05-21,Employees/Designated Employees,Market Sale,Sell,Equity Shares,9624.0,0.0,0.0,0.0,0.0,9624.0,0.0,,0.0
BAJFINANCE,2019-05-21 21:05:00,2019-05-21,2019-05-21,2019-05-21,Employees/Designated Employees,Market Sale,Sell,Equity Shares,500.0,0.0,0.0,0.0,0.0,63877.0,0.01,63377.0,0.01
BAJFINANCE,2019-05-21 21:05:00,2019-05-20,2019-05-20,2019-05-20,Employees/Designated Employees,Market Sale,Sell,Equity Shares,5150.0,0.0,0.0,0.0,0.0,5150.0,0.0,,0.0
BAJFINANCE,2019-05-21 21:05:00,2019-05-21,2019-05-20,2019-05-20,Employees/Designated Employees,Market Sale,Sell,Equity Shares,4000.0,0.0,0.0,0.0,0.0,58100.0,0.01,54100.0,0.01
BAJFINANCE,2019-05-21 21:05:00,2019-05-21,2019-05-21,2019-05-21,Employees/Designated Employees,ESOP,Buy,Equity Shares,4238.0,0.0,0.0,0.0,0.0,,0.0,4238.0,0.0
BAJFINANCE,2019-05-21 21:05:00,2019-05-17,2019-05-15,2019-05-15,Employees/Designated Employees,ESOP,Buy,Equity Shares,5150.0,0.0,0.0,0.0,0.0,,0.0,5150.0,0.0
BAJFINANCE,2019-05-21 21:05:00,2019-05-21,2019-05-21,2019-05-21,Employees/Designated Employees,ESOP,Buy,Equity Shares,1875.0,0.0,0.0,0.0,0.0,,0.0,1875.0,0.0
BAJFINANCE,2019-05-21 21:05:00,2019-05-21,2019-05-21,2019-05-21,Employees/Designated Employees,ESOP,Buy,Equity Shares,1125.0,0.0,0.0,0.0,0.0,1875.0,0.0,3000.0,0.0
BAJFINANCE,2019-05-21 21:05:00,2019-05-21,2019-05-20,2019-05-20,Employees/Designated Employees,Market Sale,Sell,Equity Shares,7780.0,0.0,0.0,0.0,0.0,58750.0,0.01,50970.0,0.01
BAJFINANCE,2019-05-21 21:05:00,2019-05-21,2019-05-21,2019-05-21,Employees/Designated Employees,Market Sale,Sell,Equity Shares,1000.0,0.0,0.0,0.0,0.0,54100.0,0.01,53100.0,0.01
BAJFINANCE,2019-05-21 21:05:00,2019-05-20,2019-05-20,2019-05-20,Employees/Designated Employees,Market Sale,Sell,Equity Shares,10000.0,0.0,0.0,0.0,0.0,50000.0,0.01,40000.0,0.01
BAJFINANCE,2019-05-21 21:05:00,2019-05-21,2019-05-15,2019-05-15,Employees/Designated Employees,ESOP,Buy,Equity Shares,6500.0,0.0,0.0,0.0,0.0,250.0,0.0,6750.0,0.0
BAJFINANCE,2019-05-21 21:05:00,2019-05-21,2019-05-21,2019-05-21,Employees/Designated Employees,ESOP,Buy,Equity Shares,2000.0,0.0,0.0,0.0,0.0,26085.0,0.0,28085.0,0.0
BAJFINANCE,2019-05-21 21:05:00,2019-05-21,2019-05-21,2019-05-21,Employees/Designated Employees,Market Sale,Sell,Equity Shares,1000.0,0.0,0.0,0.0,0.0,27085.0,0.0,26085.0,0.0
BAJFINANCE,2019-05-21 21:05:00,2019-05-21,2019-05-21,2019-05-21,Employees/Designated Employees,ESOP,Buy,Equity Shares,5386.0,0.0,0.0,0.0,0.0,4238.0,0.0,9624.0,0.0
BAJFINANCE,2019-05-23 19:33:00,2019-05-23,2019-05-23,2019-05-23,Employees/Designated Employees,Market Sale,Sell,Equity Shares,7000.0,0.0,0.0,0.0,0.0,7000.0,0.0,,0.0
BAJFINANCE,2019-05-23 19:33:00,2019-05-23,2019-05-21,2019-05-21,Employees/Designated Employees,Market Sale,Sell,Equity Shares,200.0,0.0,0.0,0.0,0.0,6050.0,0.0,5850.0,0.0
BAJFINANCE,2019-05-23 19:33:00,2019-05-22,2019-05-22,2019-05-22,Employees/Designated Employees,ESOP,Buy,Equity Shares,7000.0,0.0,0.0,0.0,0.0,,0.0,7000.0,0.0
BAJFINANCE,2019-05-23 19:33:00,2019-05-22,2019-05-22,2019-05-22,Employees/Designated Employees,Market Sale,Sell,Equity Shares,5000.0,0.0,0.0,0.0,0.0,40000.0,0.01,35000.0,0.01
BAJFINANCE,2019-05-23 19:33:00,2019-05-22,2019-05-22,2019-05-22,Employees/Designated Employees,Market Sale,Sell,Equity Shares,4750.0,0.0,0.0,0.0,0.0,4750.0,0.0,,0.0
BAJFINANCE,2019-05-23 19:33:00,2019-05-22,2019-05-22,2019-05-22,Employees/Designated Employees,Market Sale,Sell,Equity Shares,1000.0,0.0,0.0,0.0,0.0,28085.0,0.0,27085.0,0.0
BAJFINANCE,2019-05-23 19:33:00,2019-05-21,2019-05-21,2019-05-21,Employees/Designated Employees,Market Sale,Sell,Equity Shares,4219.0,0.0,0.0,0.0,0.0,65830.0,0.01,61611.0,0.01
BAJFINANCE,2019-05-23 19:33:00,2019-05-23,2019-05-23,2019-05-23,Employees/Designated Employees,Market Sale,Sell,Equity Shares,1000.0,0.0,0.0,0.0,0.0,53100.0,0.01,52100.0,0.01
BAJFINANCE,2019-05-23 19:33:00,2019-05-23,2019-05-22,2019-05-22,Employees/Designated Employees,Market Sale,Sell,Equity Shares,400.0,0.0,0.0,0.0,0.0,118125.0,0.02,117725.0,0.02
BAJFINANCE,2019-05-23 19:33:00,2019-05-23,2019-05-23,2019-05-23,Employees/Designated Employees,Market Sale,Sell,Equity Shares,3000.0,0.0,0.0,0.0,0.0,59111.0,0.01,56111.0,0.01
BAJFINANCE,2019-05-23 19:33:00,2019-05-22,2019-05-22,2019-05-22,Employees/Designated Employees,Market Sale,Sell,Equity Shares,2500.0,0.0,0.0,0.0,0.0,61611.0,0.01,59111.0,0.01
BAJFINANCE,2019-05-23 19:33:00,2019-05-22,2019-05-21,2019-05-21,Employees/Designated Employees,ESOP,Buy,Equity Shares,1750.0,0.0,0.0,0.0,0.0,3000.0,0.0,4750.0,0.0
BAJFINANCE,2019-05-23 19:33:00,2019-05-23,2019-05-23,2019-05-23,Employees/Designated Employees,Market Sale,Sell,Equity Shares,3000.0,0.0,0.0,0.0,0.0,35000.0,0.01,32000.0,0.01
BAJFINANCE,2019-05-23 19:33:00,2019-05-23,2019-05-21,2019-05-21,Employees/Designated Employees,Market Sale,Sell,Equity Shares,111.0,0.0,0.0,0.0,0.0,118236.0,0.02,118125.0,0.02
BAJFINANCE,2019-05-23 19:33:00,2019-05-23,2019-05-23,2019-05-23,Employees/Designated Employees,Market Sale,Sell,Equity Shares,1000.0,0.0,0.0,0.0,0.0,63377.0,0.01,62377.0,0.01
BAJFINANCE,2019-05-23 19:33:00,2019-05-23,2019-05-23,2019-05-23,Employees/Designated Employees,Market Sale,Sell,Equity Shares,500.0,0.0,0.0,0.0,0.0,4350.0,0.0,3850.0,0.0
BAJFINANCE,2019-05-23 19:33:00,2019-05-23,2019-05-23,2019-05-23,Employees/Designated Employees,Market Sale,Sell,Equity Shares,1000.0,0.0,0.0,0.0,0.0,5350.0,0.0,4350.0,0.0
BAJFINANCE,2019-05-23 19:33:00,2019-05-23,2019-05-23,2019-05-23,Employees/Designated Employees,Market Sale,Sell,Equity Shares,500.0,0.0,0.0,0.0,0.0,5850.0,0.0,5350.0,0.0
BAJFINANCE,2019-05-24 20:11:00,2019-05-23,2019-05-23,2019-05-23,Employees/Designated Employees,Market Sale,Sell,Equity Shares,23639.0,0.0,0.0,0.0,0.0,93950.0,0.01,70311.0,0.01
BAJFINANCE,2019-05-24 20:11:00,2019-05-23,2019-05-23,2019-05-23,Promoter Group,Market Purchase,Buy,Debentures,5000.0,0.0,0.0,0.0,0.0,16250.0,0.0,21250.0,0.0
BAJFINANCE,2019-05-24 20:11:00,2019-05-24,2019-05-24,2019-05-24,Employees/Designated Employees,Market Sale,Sell,Equity Shares,6311.0,0.0,0.0,0.0,0.0,70311.0,0.01,64000.0,0.01
BAJFINANCE,2019-05-27 20:30:00,2019-05-27,2019-05-27,2019-05-27,Employees/Designated Employees,ESOP,Buy,Equity Shares,1886.0,0.0,0.0,0.0,0.0,2588.0,0.0,4474.0,0.0
BAJFINANCE,2019-05-27 20:30:00,2019-05-27,2019-05-27,2019-05-27,Employees/Designated Employees,ESOP,Buy,Equity Shares,3500.0,0.0,0.0,0.0,0.0,33361.0,0.0,36861.0,0.01
BAJFINANCE,2019-05-27 20:30:00,2019-05-27,2019-05-27,2019-05-27,Employees/Designated Employees,ESOP,Buy,Equity Shares,2875.0,0.0,0.0,0.0,0.0,36861.0,0.01,39736.0,0.01
BAJFINANCE,2019-05-27 20:30:00,2019-05-27,2019-05-27,2019-05-27,Employees/Designated Employees,ESOP,Buy,Equity Shares,2525.0,0.0,0.0,0.0,0.0,29000.0,0.0,31525.0,0.0
BAJFINANCE,2019-05-27 20:30:00,2019-05-27,2019-05-27,2019-05-27,Employees/Designated Employees,ESOP,Buy,Equity Shares,1836.0,0.0,0.0,0.0,0.0,31525.0,0.0,33361.0,0.0
BAJFINANCE,2019-05-27 20:30:00,2019-05-27,2019-05-27,2019-05-27,Immediate relative,Market Sale,Sell,Equity Shares,145.0,0.0,0.0,0.0,0.0,145.0,0.0,,0.0
BAJFINANCE,2019-05-27 20:30:00,2019-05-27,2019-05-27,2019-05-27,Employees/Designated Employees,Market Sale,Sell,Equity Shares,10000.0,0.0,0.0,0.0,0.0,27085.0,0.0,17085.0,0.0
BAJFINANCE,2019-05-27 20:30:00,2019-05-27,2019-05-27,2019-05-27,Employees/Designated Employees,Market Sale,Sell,Equity Shares,1000.0,0.0,0.0,0.0,0.0,52100.0,0.01,51100.0,0.01
BAJFINANCE,2019-05-27 20:30:00,2019-05-27,2019-05-27,2019-05-27,Employees/Designated Employees,ESOP,Buy,Equity Shares,3750.0,0.0,0.0,0.0,0.0,4474.0,0.0,8224.0,0.0
BAJFINANCE,2019-05-27 20:30:00,2019-05-27,2019-05-27,2019-05-27,Employees/Designated Employees,ESOP,Buy,Equity Shares,1200.0,0.0,0.0,0.0,0.0,48459.0,0.01,49659.0,0.01
BAJFINANCE,2019-05-27 20:30:00,2019-05-27,2019-05-27,2019-05-27,Employees/Designated Employees,ESOP,Buy,Equity Shares,2500.0,0.0,0.0,0.0,0.0,49659.0,0.01,52159.0,0.01
BAJFINANCE,2019-05-27 20:30:00,2019-05-27,2019-05-27,2019-05-27,Employees/Designated Employees,ESOP,Buy,Equity Shares,2375.0,0.0,0.0,0.0,0.0,52159.0,0.01,54534.0,0.01
BAJFINANCE,2019-05-27 20:30:00,2019-05-27,2019-05-24,2019-05-24,Employees/Designated Employees,Market Sale,Sell,Equity Shares,1275.0,0.0,0.0,0.0,0.0,117725.0,0.02,116450.0,0.02
BAJFINANCE,2019-05-27 20:30:00,2019-05-27,2019-05-27,2019-05-27,Employees/Designated Employees,Market Sale,Sell,Equity Shares,450.0,0.0,0.0,0.0,0.0,116450.0,0.02,116000.0,0.02
BAJFINANCE,2019-05-27 20:30:00,2019-05-27,2019-05-27,2019-05-27,Employees/Designated Employees,ESOP,Buy,Equity Shares,2588.0,0.0,0.0,0.0,0.0,,0.0,2588.0,0.0
BAJFINANCE,2019-05-28 18:27:00,2019-05-28,2019-05-28,2019-05-28,Employees/Designated Employees,ESOP,Buy,Equity Shares,7000.0,0.0,0.0,0.0,0.0,,0.0,7000.0,0.0
BAJFINANCE,2019-05-28 18:27:00,2019-05-28,2019-05-28,2019-05-28,Employees/Designated Employees,Market Sale,Sell,Equity Shares,8224.0,0.0,0.0,0.0,0.0,8224.0,0.0,,0.0
BAJFINANCE,2019-05-30 18:56:00,2019-05-30,2019-05-30,2019-05-30,Employees/Designated Employees,Market Sale,Sell,Equity Shares,1925.0,0.0,0.0,0.0,0.0,116000.0,0.02,114075.0,0.02
BAJFINANCE,2019-05-30 18:56:00,2019-05-30,2019-05-29,2019-05-29,Employees/Designated Employees,Market Sale,Sell,Equity Shares,5948.0,0.0,0.0,0.0,0.0,39736.0,0.01,33788.0,0.0
BAJFINANCE,2019-05-31 18:47:00,2019-05-31,2019-05-31,2019-05-31,Employees/Designated Employees,Market Sale,Sell,Equity Shares,500.0,0.0,0.0,0.0,0.0,3350.0,0.0,2850.0,0.0
BAJFINANCE,2019-05-31 18:47:00,2019-05-31,2019-05-30,2019-05-30,Employees/Designated Employees,Market Sale,Sell,Equity Shares,7000.0,0.0,0.0,0.0,0.0,7000.0,0.0,,0.0
BAJFINANCE,2019-05-31 18:47:00,2019-05-31,2019-05-31,2019-05-31,Employees/Designated Employees,Market Sale,Sell,Equity Shares,500.0,0.0,0.0,0.0,0.0,3850.0,0.0,3350.0,0.0
BAJFINANCE,2019-06-04 17:56:00,2019-06-03,2019-05-31,2019-05-31,Employees/Designated Employees,Market Sale,Sell,Equity Shares,850.0,0.0,0.0,0.0,0.0,114075.0,0.02,113225.0,0.02
BAJFINANCE,2019-06-04 17:56:00,2019-06-03,2019-06-03,2019-06-03,Employees/Designated Employees,Market Sale,Sell,Equity Shares,500.0,0.0,0.0,0.0,0.0,2350.0,0.0,1850.0,0.0
BAJFINANCE,2019-06-04 17:56:00,2019-06-03,2019-06-03,2019-06-03,Employees/Designated Employees,Market Sale,Sell,Equity Shares,500.0,0.0,0.0,0.0,0.0,2850.0,0.0,2350.0,0.0
BAJFINANCE,2019-06-04 17:56:00,2019-06-03,2019-06-03,2019-06-03,Employees/Designated Employees,Market Sale,Sell,Equity Shares,500.0,0.0,0.0,0.0,0.0,113225.0,0.02,112725.0,0.02
BAJFINANCE,2019-06-04 17:56:00,2019-05-31,2019-05-29,2019-05-29,Employees/Designated Employees,Market Sale,Sell,Equity Shares,3225.0,0.0,0.0,0.0,0.0,54534.0,0.01,51309.0,0.01
BAJFINANCE,2019-06-04 17:56:00,2019-06-03,2019-06-03,2019-06-03,Employees/Designated Employees,Market Sale,Sell,Equity Shares,500.0,0.0,0.0,0.0,0.0,1850.0,0.0,1350.0,0.0
BAJFINANCE,2019-06-04 18:06:00,2019-06-04,2019-06-04,2019-06-04,Employees/Designated Employees,Market Sale,Sell,Equity Shares,500.0,0.0,0.0,0.0,0.0,1000.0,0.0,500.0,0.0
BAJFINANCE,2019-06-04 18:06:00,2019-06-04,2019-06-04,2019-06-04,Employees/Designated Employees,Market Sale,Sell,Equity Shares,350.0,0.0,0.0,0.0,0.0,1350.0,0.0,1000.0,0.0
BAJFINANCE,2019-06-04 18:06:00,2019-06-04,2019-06-04,2019-06-04,Employees/Designated Employees,ESOP,Buy,Equity Shares,3875.0,0.0,0.0,0.0,0.0,69177.0,0.01,73052.0,0.01
BAJFINANCE,2019-06-04 18:06:00,2019-06-04,2019-06-04,2019-06-04,Employees/Designated Employees,ESOP,Buy,Equity Shares,5250.0,0.0,0.0,0.0,0.0,63927.0,0.01,69177.0,0.01
BAJFINANCE,2019-06-04 18:06:00,2019-06-04,2019-06-04,2019-06-04,Employees/Designated Employees,ESOP,Buy,Equity Shares,1550.0,0.0,0.0,0.0,0.0,62377.0,0.01,63927.0,0.01
BAJFINANCE,2019-06-04 18:46:00,2019-06-04,2019-06-04,2019-06-04,Employees/Designated Employees,Market Sale,Sell,Equity Shares,350.0,0.0,0.0,0.0,0.0,112725.0,0.02,112375.0,0.02
BAJFINANCE,2019-06-05 18:53:00,2019-06-05,2019-06-04,2019-06-04,Employees/Designated Employees,ESOP,Buy,Equity Shares,28000.0,0.0,0.0,0.0,0.0,,0.0,28000.0,0.0
BAJFINANCE,2019-06-05 18:53:00,2019-06-05,2019-06-04,2019-06-04,Employees/Designated Employees,ESOP,Buy,Equity Shares,70000.0,0.0,0.0,0.0,0.0,28000.0,0.0,98000.0,0.02
BAJFINANCE,2019-06-07 15:33:00,2019-06-07,2019-06-06,2019-06-06,Employees/Designated Employees,Market Sale,Sell,Equity Shares,35934.0,0.0,0.0,0.0,0.0,98000.0,0.01,62066.0,0.01
BAJFINANCE,2019-06-07 18:51:00,2019-06-07,2019-06-07,2019-06-07,Employees/Designated Employees,Market Sale,Sell,Equity Shares,14000.0,0.0,0.0,0.0,0.0,62066.0,0.01,48066.0,0.0
BAJFINANCE,2019-06-11 18:30:00,2019-06-10,2019-06-10,2019-06-10,Employees/Designated Employees,Market Sale,Sell,Equity Shares,2800.0,0.0,0.0,0.0,0.0,33000.0,0.0,30200.0,0.0
BAJFINANCE,2019-06-11 18:30:00,2019-06-11,2019-06-11,2019-06-11,Employees/Designated Employees,Market Sale,Sell,Equity Shares,18143.0,0.0,0.0,0.0,0.0,18143.0,0.0,,0.0
BAJFINANCE,2019-06-11 18:30:00,2019-06-11,2019-06-10,2019-06-10,Employees/Designated Employees,Market Sale,Sell,Equity Shares,29923.0,0.0,0.0,0.0,0.0,48066.0,0.01,18143.0,0.0
BAJFINANCE,2019-06-11 18:30:00,2019-06-11,2019-06-10,2019-06-10,Employees/Designated Employees,Market Sale,Sell,Equity Shares,500.0,0.0,0.0,0.0,0.0,112375.0,0.02,111875.0,0.02
BAJFINANCE,2019-06-12 17:55:00,2019-06-12,2019-06-11,2019-06-11,Employees/Designated Employees,Market Sale,Sell,Equity Shares,1000.0,0.0,0.0,0.0,0.0,73052.0,0.01,72052.0,0.01
BAJFINANCE,2019-06-12 17:55:00,2019-06-12,2019-06-11,2019-06-11,Employees/Designated Employees,ESOP,Buy,Equity Shares,8000.0,0.0,0.0,0.0,0.0,18549.0,0.0,26549.0,0.0
BAJFINANCE,2019-06-12 17:55:00,2019-06-12,2019-06-12,2019-06-12,Employees/Designated Employees,Market Sale,Sell,Equity Shares,4050.0,0.0,0.0,0.0,0.0,26549.0,0.0,22499.0,0.0
BAJFINANCE,2019-06-12 17:55:00,2019-06-12,2019-06-11,2019-06-11,Employees/Designated Employees,ESOP,Buy,Equity Shares,8000.0,0.0,0.0,0.0,0.0,10549.0,0.0,18549.0,0.0
BAJFINANCE,2019-06-12 17:55:00,2019-06-12,2019-06-11,2019-06-11,Employees/Designated Employees,ESOP,Buy,Equity Shares,5711.0,0.0,0.0,0.0,0.0,4838.0,0.0,10549.0,0.0
BAJFINANCE,2019-06-12 17:55:00,2019-06-12,2019-06-11,2019-06-11,Employees/Designated Employees,ESOP,Buy,Equity Shares,4838.0,0.0,0.0,0.0,0.0,,0.0,4838.0,0.0
BAJFINANCE,2019-06-13 18:20:00,2019-06-13,2019-06-12,2019-06-12,Employees/Designated Employees,Market Sale,Sell,Equity Shares,10.0,0.0,0.0,0.0,0.0,22499.0,0.0,22489.0,0.0
BAJFINANCE,2019-06-13 18:20:00,2019-06-13,2019-06-13,2019-06-13,Employees/Designated Employees,Market Sale,Sell,Equity Shares,22489.0,0.0,0.0,0.0,0.0,22489.0,0.0,,0.0
BAJFINANCE,2019-06-13 18:20:00,2019-06-13,2019-06-13,2019-06-13,Employees/Designated Employees,ESOP,Buy,Equity Shares,2650.0,0.0,0.0,0.0,0.0,200.0,0.0,2850.0,0.0
BAJFINANCE,2019-06-13 18:20:00,2019-06-13,2019-06-13,2019-06-13,Employees/Designated Employees,ESOP,Buy,Equity Shares,1261.0,0.0,0.0,0.0,0.0,2850.0,0.0,4111.0,0.0
BAJFINANCE,2019-06-13 18:20:00,2019-06-13,2019-06-13,2019-06-13,Employees/Designated Employees,ESOP,Buy,Equity Shares,3025.0,0.0,0.0,0.0,0.0,,0.0,3025.0,0.0
BAJFINANCE,2019-06-13 18:20:00,2019-06-13,2019-06-13,2019-06-13,Employees/Designated Employees,ESOP,Buy,Equity Shares,6375.0,0.0,0.0,0.0,0.0,3025.0,0.0,9400.0,0.0
BAJFINANCE,2019-06-13 18:20:00,2019-06-13,2019-06-13,2019-06-13,Employees/Designated Employees,Market Sale,Sell,Equity Shares,9400.0,0.0,0.0,0.0,0.0,9400.0,0.0,,0.0
BAJFINANCE,2019-06-18 17:33:00,2019-06-18,2019-06-18,2019-06-18,Employees/Designated Employees,Market Sale,Sell,Equity Shares,250.0,0.0,0.0,0.0,0.0,250.0,0.0,,0.0
BAJFINANCE,2019-06-18 17:33:00,2019-06-18,2019-06-18,2019-06-18,Employees/Designated Employees,Market Sale,Sell,Equity Shares,2000.0,0.0,0.0,0.0,0.0,32000.0,0.0,30000.0,0.0
BAJFINANCE,2019-06-18 17:33:00,2019-06-18,2019-06-11,2019-06-11,Employees/Designated Employees,Market Sale,Sell,Equity Shares,250.0,0.0,0.0,0.0,0.0,500.0,0.0,250.0,0.0
BAJFINANCE,2019-06-18 17:33:00,2019-06-18,2019-06-14,2019-06-14,Employees/Designated Employees,ESOP,Buy,Equity Shares,4000.0,0.0,0.0,0.0,0.0,15000.0,0.0,19000.0,0.0
BAJFINANCE,2019-06-21 16:05:00,2019-06-20,2019-06-19,2019-06-19,Employees/Designated Employees,Market Sale,Sell,Equity Shares,900.0,0.0,0.0,0.0,0.0,111875.0,0.02,110975.0,0.02
BAJFINANCE,2019-06-21 16:05:00,2019-06-20,2019-06-20,2019-06-20,Employees/Designated Employees,Market Sale,Sell,Equity Shares,10000.0,0.0,0.0,0.0,0.0,27000.0,0.0,17000.0,0.0
BAJFINANCE,2019-06-21 16:05:00,2019-06-20,2019-06-19,2019-06-19,Employees/Designated Employees,ESOP,Buy,Equity Shares,1000.0,0.0,0.0,0.0,0.0,,0.0,1000.0,0.0
BAJFINANCE,2019-06-21 16:05:00,2019-06-20,2019-06-20,2019-06-20,Employees/Designated Employees,Market Sale,Sell,Equity Shares,2150.0,0.0,0.0,0.0,0.0,110975.0,0.02,108825.0,0.02
BAJFINANCE,2019-06-21 16:05:00,2019-06-20,2019-06-20,2019-06-20,Employees/Designated Employees,Market Sale,Sell,Equity Shares,1000.0,0.0,0.0,0.0,0.0,1000.0,0.0,,0.0
BAJFINANCE,2019-06-21 16:05:00,2019-06-20,2019-06-19,2019-06-19,Employees/Designated Employees,ESOP,Buy,Equity Shares,1000.0,0.0,0.0,0.0,0.0,,0.0,1000.0,0.0
BAJFINANCE,2019-06-21 16:05:00,2019-06-19,2019-06-19,2019-06-19,Employees/Designated Employees,Market Sale,Sell,Equity Shares,3000.0,0.0,0.0,0.0,0.0,30000.0,0.0,27000.0,0.0
BAJFINANCE,2019-06-21 16:05:00,2019-06-21,2019-06-20,2019-06-20,Employees/Designated Employees,Market Sale,Sell,Equity Shares,2000.0,0.0,0.0,0.0,0.0,72052.0,0.01,70052.0,0.01
BAJFINANCE,2019-06-21 16:05:00,2019-06-20,2019-06-20,2019-06-20,Employees/Designated Employees,Market Sale,Sell,Equity Shares,1000.0,0.0,0.0,0.0,0.0,1000.0,0.0,,0.0
BAJFINANCE,2019-06-24 17:22:00,2019-06-22,2019-06-21,2019-06-21,Employees/Designated Employees,ESOP,Buy,Equity Shares,4000.0,0.0,0.0,0.0,0.0,4490.0,0.0,8490.0,0.0
BAJFINANCE,2019-06-24 17:22:00,2019-06-24,2019-06-24,2019-06-24,Employees/Designated Employees,Market Sale,Sell,Equity Shares,11100.0,0.0,0.0,0.0,0.0,80720.0,0.01,69620.0,0.01
BAJFINANCE,2019-06-24 17:22:00,2019-06-24,2019-06-21,2019-06-21,Employees/Designated Employees,ESOP,Buy,Equity Shares,17250.0,0.0,0.0,0.0,0.0,63470.0,0.01,80720.0,0.01
BAJFINANCE,2019-06-24 17:22:00,2019-06-24,2019-06-21,2019-06-21,Employees/Designated Employees,ESOP,Buy,Equity Shares,12500.0,0.0,0.0,0.0,0.0,50970.0,0.01,63470.0,0.01
BAJFINANCE,2019-06-24 17:22:00,2019-06-22,2019-06-21,2019-06-21,Employees/Designated Employees,ESOP,Buy,Equity Shares,1700.0,0.0,0.0,0.0,0.0,8490.0,0.0,10190.0,0.0
BAJFINANCE,2019-06-24 17:22:00,2019-06-21,2019-06-20,2019-06-20,Employees/Designated Employees,ESOP,Buy,Equity Shares,10000.0,0.0,0.0,0.0,0.0,12500.0,0.0,22500.0,0.0
BAJFINANCE,2019-06-24 17:22:00,2019-06-21,2019-06-20,2019-06-20,Employees/Designated Employees,ESOP,Buy,Equity Shares,12500.0,0.0,0.0,0.0,0.0,,0.0,12500.0,0.0
BAJFINANCE,2019-06-25 20:36:00,2019-06-25,2019-06-25,2019-06-25,Employees/Designated Employees,Market Sale,Sell,Equity Shares,1000.0,0.0,0.0,0.0,0.0,4550.0,0.0,3550.0,0.0
BAJFINANCE,2019-06-25 20:36:00,2019-06-25,2019-06-25,2019-06-25,Employees/Designated Employees,Market Sale,Sell,Equity Shares,1000.0,0.0,0.0,0.0,0.0,5550.0,0.0,4550.0,0.0
BAJFINANCE,2019-06-25 20:36:00,2019-06-25,2019-06-25,2019-06-25,Employees/Designated Employees,ESOP,Buy,Equity Shares,1911.0,0.0,0.0,0.0,0.0,3639.0,0.0,5550.0,0.0
BAJFINANCE,2019-06-25 20:36:00,2019-06-25,2019-06-25,2019-06-25,Employees/Designated Employees,ESOP,Buy,Equity Shares,3639.0,0.0,0.0,0.0,0.0,,0.0,3639.0,0.0
BAJFINANCE,2019-06-25 20:36:00,2019-06-25,2019-06-25,2019-06-25,Employees/Designated Employees,Market Sale,Sell,Equity Shares,1000.0,0.0,0.0,0.0,0.0,3550.0,0.0,2550.0,0.0
BAJFINANCE,2019-06-26 18:51:00,2019-06-26,2019-06-26,2019-06-26,Employees/Designated Employees,Market Sale,Sell,Equity Shares,1000.0,0.0,0.0,0.0,0.0,2000.0,0.0,1000.0,0.0
BAJFINANCE,2019-06-26 18:51:00,2019-06-26,2019-06-26,2019-06-26,Employees/Designated Employees,Market Sale,Sell,Equity Shares,1000.0,0.0,0.0,0.0,0.0,1000.0,0.0,,0.0
BAJFINANCE,2019-06-26 18:51:00,2019-06-26,2019-06-25,2019-06-25,Employees/Designated Employees,Market Sale,Sell,Equity Shares,8300.0,0.0,0.0,0.0,0.0,22500.0,0.0,14200.0,0.0
BAJFINANCE,2019-06-26 18:51:00,2019-06-26,2019-06-26,2019-06-26,Employees/Designated Employees,Market Sale,Sell,Equity Shares,550.0,0.0,0.0,0.0,0.0,2550.0,0.0,2000.0,0.0
BAJFINANCE,2019-06-28 09:50:00,2019-06-27,2019-06-27,2019-06-27,Employees/Designated Employees,ESOP,Buy,Equity Shares,4086.0,0.0,0.0,0.0,0.0,,0.0,4086.0,0.0
BAJFINANCE,2019-06-28 09:50:00,2019-06-27,2019-06-27,2019-06-27,Employees/Designated Employees,ESOP,Buy,Equity Shares,7000.0,0.0,0.0,0.0,0.0,1235.0,0.0,8235.0,0.0
BAJFINANCE,2019-06-28 09:50:00,2019-06-27,2019-06-27,2019-06-27,Employees/Designated Employees,ESOP,Buy,Equity Shares,1235.0,0.0,0.0,0.0,0.0,,0.0,1235.0,0.0
BAJFINANCE,2019-06-28 09:50:00,2019-06-27,2019-06-27,2019-06-27,Employees/Designated Employees,Market Sale,Sell,Equity Shares,1235.0,0.0,0.0,0.0,0.0,8235.0,0.0,7000.0,0.0
BAJFINANCE,2019-06-28 09:50:00,2019-06-27,2019-06-27,2019-06-27,Employees/Designated Employees,Market Sale,Sell,Equity Shares,4086.0,0.0,0.0,0.0,0.0,4086.0,0.0,,0.0
BAJFINANCE,2019-06-28 18:57:00,2019-06-28,2019-06-28,2019-06-28,Employees/Designated Employees,Market Sale,Sell,Equity Shares,500.0,0.0,0.0,0.0,0.0,3000.0,0.0,2500.0,0.0
BAJFINANCE,2019-06-28 18:57:00,2019-06-28,2019-06-28,2019-06-28,Employees/Designated Employees,Market Sale,Sell,Equity Shares,500.0,0.0,0.0,0.0,0.0,3500.0,0.0,3000.0,0.0
BAJFINANCE,2019-06-28 18:57:00,2019-06-28,2019-06-28,2019-06-28,Employees/Designated Employees,Market Sale,Sell,Equity Shares,1000.0,0.0,0.0,0.0,0.0,4500.0,0.0,3500.0,0.0
BAJFINANCE,2019-06-28 18:57:00,2019-06-28,2019-06-28,2019-06-28,Employees/Designated Employees,Market Sale,Sell,Equity Shares,1000.0,0.0,0.0,0.0,0.0,5500.0,0.0,4500.0,0.0
BAJFINANCE,2019-06-28 18:57:00,2019-06-28,2019-06-28,2019-06-28,Employees/Designated Employees,Market Sale,Sell,Equity Shares,500.0,0.0,0.0,0.0,0.0,6000.0,0.0,5500.0,0.0
BAJFINANCE,2019-06-28 18:57:00,2019-06-28,2019-06-28,2019-06-28,Employees/Designated Employees,Market Sale,Sell,Equity Shares,500.0,0.0,0.0,0.0,0.0,6500.0,0.0,6000.0,0.0
BAJFINANCE,2019-06-28 18:57:00,2019-06-28,2019-06-28,2019-06-28,Employees/Designated Employees,Market Sale,Sell,Equity Shares,500.0,0.0,0.0,0.0,0.0,7000.0,0.0,6500.0,0.0
BAJFINANCE,2019-07-12 19:22:00,2019-07-11,2019-07-11,2019-07-11,Employees/Designated Employees,ESOP,Buy,Equity Shares,30250.0,0.0,0.0,0.0,0.0,144445.0,0.02,174695.0,0.03
BAJFINANCE,2019-07-12 19:22:00,2019-07-11,2019-07-11,2019-07-11,Employees/Designated Employees,ESOP,Buy,Equity Shares,35620.0,0.0,0.0,0.0,0.0,108825.0,0.02,144445.0,0.02
BAJFINANCE,2019-07-24 09:42:00,2019-07-23,2019-07-22,2019-07-22,Employees/Designated Employees,ESOP,Buy,Equity Shares,5750.0,0.0,0.0,0.0,0.0,56111.0,0.01,61861.0,0.01
BAJFINANCE,2019-08-01 15:44:00,2019-07-30,2019-07-29,2019-07-29,Employees/Designated Employees,Market Sale,Sell,Equity Shares,5000.0,0.0,0.0,0.0,0.0,61861.0,0.01,56861.0,0.0
BAJFINANCE,2019-08-01 15:44:00,2019-07-30,2019-07-30,2019-07-30,Employees/Designated Employees,Market Sale,Sell,Equity Shares,5000.0,0.0,0.0,0.0,0.0,56861.0,0.0,51861.0,0.0
BAJFINANCE,2019-08-01 15:44:00,2019-08-01,2019-07-31,2019-07-31,Employees/Designated Employees,Market Sale,Sell,Equity Shares,10000.0,0.0,0.0,0.0,0.0,14200.0,0.0,4200.0,0.0
BAJFINANCE,2019-08-02 19:11:00,2019-08-02,2019-07-31,2019-07-31,Immediate relative,Market Purchase,Buy,Equity Shares,1500.0,0.0,0.0,0.0,0.0,4000.0,0.0,5500.0,0.0
BAJFINANCE,2019-08-02 19:11:00,2019-08-01,2019-07-31,2019-07-31,Employees/Designated Employees,Market Purchase,Buy,Equity Shares,308.0,0.0,0.0,0.0,0.0,,0.0,308.0,0.0
BAJFINANCE,2019-08-02 19:11:00,2019-08-01,2019-08-01,2019-08-01,Employees/Designated Employees,Market Purchase,Buy,Equity Shares,150.0,0.0,0.0,0.0,0.0,308.0,0.0,458.0,0.0
BAJFINANCE,2019-08-09 12:01:00,2019-08-08,2019-08-07,2019-08-07,Employees/Designated Employees,ESOP,Buy,Equity Shares,4125.0,0.0,0.0,0.0,0.0,51861.0,0.0,55986.0,0.0
BAJFINANCE,2019-08-09 12:01:00,2019-08-09,2019-08-08,2019-08-08,Employees/Designated Employees,Market Sale,Sell,Equity Shares,8000.0,0.0,0.0,0.0,0.0,33788.0,0.0,25788.0,0.0
BAJFINANCE,2019-08-13 17:33:00,2019-08-13,2019-08-13,2019-08-13,Employees/Designated Employees,ESOP,Buy,Equity Shares,99085.0,0.0,0.0,0.0,0.0,64000.0,0.01,163085.0,0.03
BAJFINANCE,2019-08-14 18:35:00,2019-08-14,2019-08-13,2019-08-13,Employees/Designated Employees,Market Sale,Sell,Equity Shares,34390.0,0.0,0.0,0.0,0.0,163085.0,0.03,128695.0,0.02
BAJFINANCE,2019-08-16 14:59:00,2019-08-14,2019-08-14,2019-08-14,Employees/Designated Employees,Market Sale,Sell,Equity Shares,12685.0,0.0,0.0,0.0,0.0,128695.0,0.02,116010.0,0.02
BAJFINANCE,2019-08-19 18:17:00,2019-08-17,2019-08-16,2019-08-16,Employees/Designated Employees,ESOP,Buy,Equity Shares,2500.0,0.0,0.0,0.0,0.0,17085.0,0.0,19585.0,0.0
BAJFINANCE,2019-08-19 18:17:00,2019-08-19,2019-08-14,2019-08-14,Immediate relative,Market Purchase,Buy,Equity Shares,1500.0,0.0,0.0,0.0,0.0,4000.0,0.0,5500.0,0.0
BAJFINANCE,2019-08-20 19:12:00,2019-08-20,2019-08-19,2019-08-19,Employees/Designated Employees,ESOP,Buy,Equity Shares,6000.0,0.0,0.0,0.0,0.0,,0.0,6000.0,0.0
BAJFINANCE,2019-08-26 18:30:00,2019-08-26,2019-08-26,2019-08-26,Employees/Designated Employees,Market Sale,Sell,Equity Shares,1515.0,0.0,0.0,0.0,0.0,51309.0,0.0,49794.0,0.0
BAJFINANCE,2019-08-26 18:30:00,2019-08-22,2019-08-21,2019-08-21,Employees/Designated Employees,Market Purchase,Buy,Equity Shares,600.0,0.0,0.0,0.0,0.0,708.0,0.0,1308.0,0.0
BAJFINANCE,2019-08-26 18:30:00,2019-08-22,2019-08-16,2019-08-16,Employees/Designated Employees,Market Purchase,Buy,Equity Shares,250.0,0.0,0.0,0.0,0.0,458.0,0.0,708.0,0.0
BAJFINANCE,2019-08-29 17:07:00,2019-08-28,2019-08-28,2019-08-28,Immediate relative,Market Sale,Sell,Equity Shares,410.0,0.0,0.0,0.0,0.0,410.0,0.0,,0.0
BAJFINANCE,2019-08-30 11:53:00,2019-08-29,2019-08-28,2019-08-28,Employees/Designated Employees,ESOP,Buy,Equity Shares,25500.0,0.0,0.0,0.0,0.0,17000.0,0.0,42500.0,0.0
BAJFINANCE,2019-09-21 14:00:00,2019-09-20,2019-09-20,2019-09-20,Employees/Designated Employees,Market Sale,Sell,Equity Shares,3000.0,0.0,0.0,0.0,0.0,54486.0,0.0,51486.0,0.0
BAJFINANCE,2019-09-21 14:00:00,2019-09-20,2019-09-20,2019-09-20,Employees/Designated Employees,Market Sale,Sell,Equity Shares,2000.0,0.0,0.0,0.0,0.0,51486.0,0.0,49486.0,0.0
BAJFINANCE,2019-09-21 14:00:00,2019-09-21,2019-09-20,2019-09-20,Employees/Designated Employees,Market Sale,Sell,Equity Shares,4000.0,0.0,0.0,0.0,0.0,4200.0,0.0,200.0,0.0
BAJFINANCE,2019-09-21 14:00:00,2019-09-20,2019-09-20,2019-09-20,Employees/Designated Employees,Market Sale,Sell,Equity Shares,1500.0,0.0,0.0,0.0,0.0,55986.0,0.0,54486.0,0.0
BAJFINANCE,2019-09-24 15:08:00,2019-09-23,2019-09-23,2019-09-23,Employees/Designated Employees,Market Sale,Sell,Equity Shares,9000.0,0.0,0.0,0.0,0.0,42500.0,0.0,33500.0,0.0
BAJFINANCE,2019-09-24 15:08:00,2019-09-23,2019-09-23,2019-09-23,Employees/Designated Employees,Market Sale,Sell,Equity Shares,6842.0,0.0,0.0,0.0,0.0,20927.0,0.0,14085.0,0.0
BAJFINANCE,2019-09-24 15:08:00,2019-09-23,2019-09-23,2019-09-23,Employees/Designated Employees,Market Sale,Sell,Equity Shares,158.0,0.0,0.0,0.0,0.0,21085.0,0.0,20927.0,0.0
BAJFINANCE,2019-09-24 15:08:00,2019-09-23,2019-08-31,2019-08-31,Employees/Designated Employees,ESOP,Buy,Equity Shares,1500.0,0.0,0.0,0.0,0.0,19585.0,0.0,21085.0,0.0
BAJFINANCE,2019-09-27 15:34:00,2019-09-26,2019-09-26,2019-09-26,Employees/Designated Employees,Market Sale,Sell,Equity Shares,1000.0,0.0,0.0,0.0,0.0,33500.0,0.0,32500.0,0.0
BAJFINANCE,2019-09-27 15:34:00,2019-09-25,2019-09-23,2019-09-23,Employees/Designated Employees,Market Sale,Sell,Equity Shares,145.0,0.0,0.0,0.0,0.0,840.0,0.0,695.0,0.0
BAJFINANCE,2019-09-27 15:34:00,2019-09-25,2019-09-23,2019-09-23,Employees/Designated Employees,Market Sale,Sell,Equity Shares,10000.0,0.0,0.0,0.0,0.0,29745.0,0.0,19745.0,0.0
BAJFINANCE,2019-09-27 15:34:00,2019-09-25,2019-09-05,2019-09-05,Employees/Designated Employees,Market Sale,Sell,Equity Shares,60.0,0.0,0.0,0.0,0.0,900.0,0.0,840.0,0.0
BAJFINANCE,2019-09-27 15:34:00,2019-09-25,2019-08-27,2019-08-27,Employees/Designated Employees,ESOP,Buy,Equity Shares,100.0,0.0,0.0,0.0,0.0,800.0,0.0,900.0,0.0
BAJFINANCE,2019-09-27 15:34:00,2019-09-25,2019-07-04,2019-07-04,Employees/Designated Employees,ESOP,Buy,Equity Shares,500.0,0.0,0.0,0.0,0.0,300.0,0.0,800.0,0.0
BAJFINANCE,2019-09-27 15:34:00,2019-09-25,2019-09-24,2019-09-24,Employees/Designated Employees,ESOP,Buy,Equity Shares,2750.0,0.0,0.0,0.0,0.0,4750.0,0.0,7500.0,0.0
BAJFINANCE,2019-09-27 15:34:00,2019-09-26,2019-09-26,2019-09-26,Employees/Designated Employees,Market Sale,Sell,Equity Shares,1500.0,0.0,0.0,0.0,0.0,49486.0,0.0,47986.0,0.0
BAJFINANCE,2019-09-27 15:34:00,2019-09-25,2019-09-24,2019-09-24,Employees/Designated Employees,ESOP,Buy,Equity Shares,4750.0,0.0,0.0,0.0,0.0,,0.0,4750.0,0.0
BAJFINANCE,2019-09-28 15:34:00,2019-09-27,2019-09-26,2019-09-26,Employees/Designated Employees,Market Sale,Sell,Equity Shares,7500.0,0.0,0.0,0.0,0.0,7500.0,0.0,,0.0
BAJFINANCE,2019-09-28 15:34:00,2019-09-27,2019-09-27,2019-09-27,Employees/Designated Employees,Market Sale,Sell,Equity Shares,1000.0,0.0,0.0,0.0,0.0,6148.0,0.0,5148.0,0.0
BAJFINANCE,2019-09-28 15:34:00,2019-09-27,2019-09-27,2019-09-27,Employees/Designated Employees,ESOP,Buy,Equity Shares,10000.0,0.0,0.0,0.0,0.0,200.0,0.0,10200.0,0.0
BAJFINANCE,2019-09-28 15:34:00,2019-09-27,2019-09-27,2019-09-27,Employees/Designated Employees,Market Sale,Sell,Equity Shares,200.0,0.0,0.0,0.0,0.0,10200.0,0.0,10000.0,0.0
BAJFINANCE,2019-09-28 15:34:00,2019-09-27,2019-09-27,2019-09-27,Employees/Designated Employees,Market Sale,Sell,Equity Shares,9800.0,0.0,0.0,0.0,0.0,10000.0,0.0,200.0,0.0
BAJFINANCE,2019-09-30 18:43:00,2019-09-30,2019-09-30,2019-09-30,Employees/Designated Employees,Market Sale,Sell,Equity Shares,5000.0,0.0,0.0,0.0,0.0,6000.0,0.0,1000.0,0.0
BAJFINANCE,2019-10-03 15:00:00,,,,Employees/Designated Employees,-,-,,,3000.0,3000.0,9930351.0,11837275.0,,0.0,,
BAJFINANCE,2019-10-28 20:08:00,2019-10-26,2019-10-25,2019-10-25,Employees/Designated Employees,Market Sale,Sell,Equity Shares,7000.0,0.0,0.0,0.0,0.0,74830.0,0.01,67830.0,0.01
BAJFINANCE,2019-10-28 20:09:00,2019-10-26,2019-10-25,2019-10-25,Employees/Designated Employees,Market Sale,Sell,Equity Shares,7000.0,0.0,0.0,0.0,0.0,74830.0,0.01,67830.0,0.01
BAJFINANCE,2019-10-30 15:06:00,2019-10-30,2019-10-29,2019-10-29,Employees/Designated Employees,Market Sale,Sell,Equity Shares,57653.0,0.0,0.0,0.0,0.0,67830.0,0.01,10177.0,0.0
BAJFINANCE,2019-11-04 08:54:00,2019-11-01,2019-11-01,2019-11-01,Employees/Designated Employees,ESOP,Buy,Equity Shares,2361.0,0.0,0.0,0.0,0.0,,0.0,2361.0,0.0
BAJFINANCE,2019-11-04 08:54:00,2019-11-01,2019-11-01,2019-11-01,Employees/Designated Employees,Market Sale,Sell,Equity Shares,2361.0,0.0,0.0,0.0,0.0,2361.0,0.0,,0.0
BAJFINANCE,2019-11-05 19:32:00,2019-11-05,2019-11-01,2019-11-01,Employees/Designated Employees,Market Sale,Sell,Equity Shares,600.0,0.0,0.0,0.0,0.0,699.0,0.0,99.0,0.0
BAJFINANCE,2019-11-05 19:32:00,2019-11-04,2019-10-31,2019-10-31,Employees/Designated Employees,Market Sale,Sell,Equity Shares,15040.0,0.0,0.0,0.0,0.0,15040.0,0.0,,0.0
BAJFINANCE,2019-12-05 16:09:00,2019-12-04,2019-11-25,2019-11-25,Employees/Designated Employees,ESOP,Buy,Equity Shares,250.0,0.0,0.0,0.0,0.0,1024.0,0.0,1274.0,0.0
BAJFINANCE,2019-12-05 16:09:00,2019-12-05,2019-12-04,2019-12-04,Employees/Designated Employees,Market Sale,Sell,Equity Shares,350.0,0.0,0.0,0.0,0.0,49794.0,0.0,49444.0,0.0
BAJFINANCE,2019-12-05 16:09:00,2019-12-04,2019-12-02,2019-12-02,Employees/Designated Employees,ESOP,Buy,Equity Shares,250.0,0.0,0.0,0.0,0.0,1274.0,0.0,1524.0,0.0
BAJFINANCE,2019-12-05 16:09:00,2019-12-04,2019-11-13,2019-11-13,Employees/Designated Employees,ESOP,Buy,Equity Shares,925.0,0.0,0.0,0.0,0.0,99.0,0.0,1024.0,0.0
BAJFINANCE,2019-12-05 16:31:00,2019-12-04,2019-12-04,2019-12-04,Promoter Group,Market Purchase,Buy,Debentures,1000.0,0.0,0.0,0.0,0.0,,0.0,1000.0,0.0
BAJFINANCE,2019-12-12 18:30:00,2019-12-11,2019-12-11,2019-12-11,Promoter Group,Market Purchase,Buy,Debentures,100.0,0.0,0.0,0.0,0.0,1000.0,0.0,1100.0,0.0
BAJFINANCE,2019-12-12 18:38:00,2019-12-12,2019-12-12,2019-12-12,Employees/Designated Employees,ESOP,Buy,Equity Shares,1336.0,0.0,0.0,0.0,0.0,47986.0,0.0,49322.0,0.0
BAJFINANCE,2019-12-24 18:54:00,2019-12-24,2019-12-24,2019-12-24,Director,Market Sale,Sell,Equity Shares,150750.0,0.0,0.0,0.0,0.0,153750.0,0.02,3000.0,0.0
BAJFINANCE,2019-12-24 18:54:00,2019-12-24,2019-12-24,2019-12-24,Director,ESOP,Buy,Equity Shares,60000.0,0.0,0.0,0.0,0.0,,0.0,60000.0,0.0
BAJFINANCE,2019-12-24 18:54:00,2019-12-24,2019-12-24,2019-12-24,Director,ESOP,Buy,Equity Shares,93750.0,0.0,0.0,0.0,0.0,60000.0,0.0,153750.0,0.02
BAJFINANCE,2019-12-31 18:14:00,2019-12-30,2019-11-13,2019-11-13,Employees/Designated Employees,ESOP,Buy,Equity Shares,2000.0,0.0,0.0,0.0,0.0,14085.0,0.0,16085.0,0.0
BAJFINANCE,2019-12-31 18:14:00,2019-12-30,2019-12-30,2019-12-30,Employees/Designated Employees,Market Sale,Sell,Equity Shares,2500.0,0.0,0.0,0.0,0.0,17085.0,0.0,14585.0,0.0
BAJFINANCE,2019-12-31 18:14:00,2019-12-30,2019-12-30,2019-12-30,Employees/Designated Employees,ESOP,Buy,Equity Shares,500.0,0.0,0.0,0.0,0.0,16585.0,0.0,17085.0,0.0
BAJFINANCE,2019-12-31 18:14:00,2019-12-30,2019-12-30,2019-12-30,Employees/Designated Employees,ESOP,Buy,Equity Shares,500.0,0.0,0.0,0.0,0.0,16085.0,0.0,16585.0,0.0
BAJFINANCE,2020-01-13 19:33:00,2020-01-09,2020-01-07,2020-01-07,Promoter Group,Inter-se-Transfer,Buy,Equity Shares,176000.0,0.0,0.0,0.0,0.0,,0.0,176000.0,0.0
BAJFINANCE,2020-01-13 19:33:00,2020-01-09,2020-01-07,2020-01-07,Promoters,Inter-se-Transfer,Sell,Equity Shares,176000.0,0.0,0.0,0.0,0.0,186000.0,0.03,10000.0,0.0
BAJFINANCE,2020-02-04 21:38:00,2020-02-04,2020-02-04,2020-02-04,Employees/Designated Employees,Market Sale,Sell,Equity Shares,500.0,0.0,0.0,0.0,0.0,44822.0,0.0,44322.0,0.0
BAJFINANCE,2020-02-04 21:38:00,2020-02-04,2020-02-04,2020-02-04,Employees/Designated Employees,Market Sale,Sell,Equity Shares,500.0,0.0,0.0,0.0,0.0,45322.0,0.0,44822.0,0.0
BAJFINANCE,2020-02-04 21:38:00,2020-02-03,2020-02-03,2020-02-03,Employees/Designated Employees,Market Sale,Sell,Equity Shares,2000.0,0.0,0.0,0.0,0.0,47322.0,0.0,45322.0,0.0
BAJFINANCE,2020-02-04 21:38:00,2020-02-03,2020-02-03,2020-02-03,Employees/Designated Employees,Market Sale,Sell,Equity Shares,2000.0,0.0,0.0,0.0,0.0,49322.0,0.0,47322.0,0.0
BAJFINANCE,2020-02-11 18:14:00,2020-02-11,2020-02-10,2020-02-10,Employees/Designated Employees,Market Sale,Sell,Equity Shares,4100.0,0.0,0.0,0.0,0.0,49444.0,0.0,45344.0,0.0
BAJFINANCE,2020-02-26 18:50:00,2020-02-26,2020-02-25,2020-02-26,Promoter Group,Market Purchase,Buy,Debentures,2000.0,0.0,0.0,0.0,0.0,,0.0,2000.0,0.0
BAJFINANCE,2020-03-06 20:05:00,2020-03-06,2020-03-04,2020-03-04,Employees/Designated Employees,Market Sale,Sell,Equity Shares,350.0,0.0,0.0,0.0,0.0,25600.0,0.0,25250.0,0.0
BAJFINANCE,2020-03-06 20:05:00,2020-03-06,2020-03-05,2020-03-05,Employees/Designated Employees,Market Sale,Sell,Equity Shares,358.0,0.0,0.0,0.0,0.0,43822.0,0.0,43464.0,0.0
BAJFINANCE,2020-03-06 20:05:00,2020-03-06,2020-03-05,2020-03-05,Employees/Designated Employees,Market Sale,Sell,Equity Shares,250.0,0.0,0.0,0.0,0.0,9690.0,0.0,9440.0,0.0
BAJFINANCE,2020-03-06 20:06:00,2020-03-04,2020-03-03,2020-03-03,Employees/Designated Employees,Market Sale,Sell,Equity Shares,500.0,0.0,0.0,0.0,0.0,10190.0,0.0,9690.0,0.0
BAJFINANCE,2020-03-06 20:06:00,2020-03-04,2020-03-03,2020-03-03,Employees/Designated Employees,Market Purchase,Buy,Equity Shares,85.0,0.0,0.0,0.0,0.0,797.0,0.0,882.0,0.0
BAJFINANCE,2020-03-06 20:06:00,2020-03-05,2020-03-04,2020-03-04,Employees/Designated Employees,Market Sale,Sell,Equity Shares,500.0,0.0,0.0,0.0,0.0,44322.0,0.0,43822.0,0.0
BAJFINANCE,2020-03-06 20:06:00,2020-03-04,2020-02-28,2020-02-28,Employees/Designated Employees,Market Purchase,Buy,Equity Shares,155.0,0.0,0.0,0.0,0.0,642.0,0.0,797.0,0.0
BAJFINANCE,2020-03-11 11:23:00,2020-03-06,2020-03-05,2020-03-05,Employees/Designated Employees,ESOP,Buy,Equity Shares,2000.0,0.0,0.0,0.0,0.0,5630.0,0.0,7630.0,0.0
BAJFINANCE,2020-03-11 11:23:00,2020-03-06,2020-03-05,2020-03-05,Employees/Designated Employees,ESOP,Buy,Equity Shares,4000.0,0.0,0.0,0.0,0.0,1630.0,0.0,5630.0,0.0
BAJFINANCE,2020-03-16 12:49:00,2020-03-13,2020-03-13,2020-03-13,Employees/Designated Employees,Market Sale,Sell,Equity Shares,1308.0,0.0,0.0,0.0,0.0,1308.0,0.0,,0.0
BAJFINANCE,2020-03-16 12:49:00,2020-03-15,2020-03-12,2020-03-12,Employees/Designated Employees,Off Market,Pledge Revoke,Equity Shares,1630.0,0.0,0.0,0.0,0.0,7630.0,0.0,7630.0,0.0
BAJFINANCE,2020-03-18 14:22:00,2020-03-18,2020-03-16,2020-03-16,Promoter Group,Market Purchase,Buy,Equity Shares,54700.0,0.0,0.0,0.0,0.0,940.0,0.0,55640.0,0.0
BAJFINANCE,2020-03-18 14:22:00,2020-03-17,2020-03-16,2020-03-16,Employees/Designated Employees,Market Sale,Sell,Equity Shares,1000.0,0.0,0.0,0.0,0.0,43464.0,0.0,42464.0,0.0
BAJFINANCE,2020-03-19 19:43:00,2020-03-18,2020-03-16,2020-03-16,Promoter Group,Market Purchase,Buy,Equity Shares,63000.0,0.0,0.0,0.0,0.0,,0.0,63000.0,0.01
BAJFINANCE,2020-03-19 19:43:00,2020-03-18,2020-03-17,2020-03-17,Promoter Group,Market Purchase,Buy,Equity Shares,19100.0,0.0,0.0,0.0,0.0,63000.0,0.0,82100.0,0.01
BAJFINANCE,2020-03-21 16:54:00,2020-03-20,2020-03-19,2020-03-19,Promoter Group,Market Purchase,Buy,Equity Shares,72000.0,0.0,0.0,0.0,0.0,,0.0,72000.0,0.01
BAJFINANCE,2020-03-21 16:54:00,2020-03-20,2020-03-19,2020-03-19,Promoter Group,Market Purchase,Buy,Equity Shares,35500.0,0.0,0.0,0.0,0.0,82100.0,0.01,117600.0,0.02
BAJFINANCE,2020-03-21 16:54:00,2020-03-20,2020-03-19,2020-03-19,Promoter Group,Market Purchase,Buy,Equity Shares,72000.0,0.0,0.0,0.0,0.0,55640.0,0.0,127640.0,0.02
BAJFINANCE,2020-03-21 16:54:00,2020-03-19,2020-03-19,2020-03-19,Employees/Designated Employees,Market Purchase,Buy,Equity Shares,250.0,0.0,0.0,0.0,0.0,4050.0,0.0,4300.0,0.0
BAJFINANCE,2020-03-21 16:54:00,2020-03-19,2020-03-19,2020-03-19,Employees/Designated Employees,Market Purchase,Buy,Equity Shares,150.0,0.0,0.0,0.0,0.0,3900.0,0.0,4050.0,0.0
BAJFINANCE,2020-03-21 16:54:00,2020-03-19,2020-03-17,2020-03-17,Employees/Designated Employees,Market Purchase,Buy,Equity Shares,250.0,0.0,0.0,0.0,0.0,2500.0,0.0,2750.0,0.0
BAJFINANCE,2020-03-21 16:54:00,2020-03-19,2020-03-18,2020-03-18,Employees/Designated Employees,Market Purchase,Buy,Equity Shares,250.0,0.0,0.0,0.0,0.0,3500.0,0.0,3750.0,0.0
BAJFINANCE,2020-03-21 16:54:00,2020-03-19,2020-03-18,2020-03-18,Employees/Designated Employees,Market Purchase,Buy,Equity Shares,250.0,0.0,0.0,0.0,0.0,3250.0,0.0,3500.0,0.0
BAJFINANCE,2020-03-21 16:54:00,2020-03-19,2020-03-18,2020-03-18,Employees/Designated Employees,Market Purchase,Buy,Equity Shares,250.0,0.0,0.0,0.0,0.0,3000.0,0.0,3250.0,0.0
BAJFINANCE,2020-03-21 16:54:00,2020-03-19,2020-03-18,2020-03-18,Employees/Designated Employees,Market Purchase,Buy,Equity Shares,250.0,0.0,0.0,0.0,0.0,2750.0,0.0,3000.0,0.0
BAJFINANCE,2020-03-21 16:54:00,2020-03-19,2020-03-19,2020-03-19,Employees/Designated Employees,Market Purchase,Buy,Equity Shares,150.0,0.0,0.0,0.0,0.0,3750.0,0.0,3900.0,0.0
BAJFINANCE,2020-03-24 19:15:00,2020-03-24,2020-03-23,2020-03-23,Employees/Designated Employees,Market Purchase,Buy,Equity Shares,3100.0,0.0,0.0,0.0,0.0,,0.0,3100.0,0.0
BAJFINANCE,2020-03-24 19:15:00,2020-03-23,2020-03-19,2020-03-19,Employees/Designated Employees,Market Purchase,Buy,Equity Shares,250.0,0.0,0.0,0.0,0.0,4300.0,0.0,4550.0,0.0
BAJFINANCE,2020-03-24 19:15:00,2020-03-23,2020-03-23,2020-03-23,Employees/Designated Employees,Market Purchase,Buy,Equity Shares,2000.0,0.0,0.0,0.0,0.0,4550.0,0.0,6550.0,0.0
BAJFINANCE,2020-03-27 19:37:00,2020-03-27,2020-03-27,2020-03-27,Employees/Designated Employees,Market Sale,Sell,Equity Shares,11000.0,0.0,0.0,0.0,0.0,73100.0,0.01,62100.0,0.01
BAJFINANCE,2020-03-27 19:37:00,2020-03-27,2020-03-26,2020-03-26,Employees/Designated Employees,ESOP,Buy,Equity Shares,1838.0,0.0,0.0,0.0,0.0,42464.0,0.0,44302.0,0.0
BAJFINANCE,2020-03-27 19:37:00,2020-03-26,2020-03-24,2020-03-24,Employees/Designated Employees,Market Sale,Sell,Equity Shares,2000.0,0.0,0.0,0.0,0.0,7630.0,0.0,5630.0,0.0
BAJFINANCE,2020-03-27 19:37:00,2020-03-27,2020-03-27,2020-03-27,Employees/Designated Employees,ESOP,Buy,Equity Shares,15000.0,0.0,0.0,0.0,0.0,51100.0,0.0,66100.0,0.01
BAJFINANCE,2020-03-27 19:37:00,2020-03-27,2020-03-27,2020-03-27,Employees/Designated Employees,ESOP,Buy,Equity Shares,7000.0,0.0,0.0,0.0,0.0,66100.0,0.01,73100.0,0.01
BAJFINANCE,2020-04-01 19:13:00,2020-03-31,2020-03-31,2020-03-31,Employees/Designated Employees,Market Sale,Sell,Equity Shares,1000.0,0.0,0.0,0.0,0.0,5130.0,0.0,4130.0,0.0
BAJFINANCE,2020-04-01 19:13:00,2020-03-31,2020-03-30,2020-03-30,Employees/Designated Employees,Market Sale,Sell,Equity Shares,500.0,0.0,0.0,0.0,0.0,5630.0,0.0,5130.0,0.0
BAJFINANCE,2020-04-01 19:13:00,2020-03-31,2020-03-31,2020-03-31,Employees/Designated Employees,Market Purchase,Buy,Equity Shares,688.0,0.0,0.0,0.0,0.0,,0.0,688.0,0.0
BAJFINANCE,2020-04-08 21:40:00,2020-04-06,2020-03-04,2020-03-04,Immediate relative,Market Purchase,Buy,Equity Shares,25.0,0.0,0.0,0.0,0.0,1075.0,0.0,1100.0,0.0
BAJFINANCE,2020-04-08 21:40:00,2020-04-06,2020-03-02,2020-03-02,Immediate relative,Market Purchase,Buy,Equity Shares,75.0,0.0,0.0,0.0,0.0,1000.0,0.0,1075.0,0.0
BAJFINANCE,2020-04-08 21:40:00,2020-04-06,2020-03-02,2020-03-02,Employees/Designated Employees,Market Purchase,Buy,Equity Shares,75.0,0.0,0.0,0.0,0.0,4718.0,0.0,4793.0,0.0
BAJFINANCE,2020-04-08 21:40:00,2020-04-06,2020-03-23,2020-03-23,Employees/Designated Employees,Market Purchase,Buy,Equity Shares,75.0,0.0,0.0,0.0,0.0,4843.0,0.0,4918.0,0.0
BAJFINANCE,2020-04-08 21:40:00,2020-04-06,2020-03-12,2020-03-12,Employees/Designated Employees,Market Purchase,Buy,Equity Shares,25.0,0.0,0.0,0.0,0.0,4793.0,0.0,4818.0,0.0
BAJFINANCE,2020-04-08 21:40:00,2020-04-06,2020-03-19,2020-03-19,Employees/Designated Employees,Market Purchase,Buy,Equity Shares,15.0,0.0,0.0,0.0,0.0,4828.0,0.0,4843.0,0.0
BAJFINANCE,2020-04-08 21:40:00,2020-04-06,2020-03-18,2020-03-18,Employees/Designated Employees,Market Purchase,Buy,Equity Shares,10.0,0.0,0.0,0.0,0.0,4818.0,0.0,4828.0,0.0
BAJFINANCE,2020-04-13 17:01:00,2020-04-11,2020-03-19,2020-03-19,Employees/Designated Employees,Market Sale,Sell,Equity Shares,380.0,0.0,0.0,0.0,0.0,380.0,0.0,,0.0
BAJFINANCE,2020-04-17 15:15:00,2020-04-16,2020-04-15,2020-04-15,Employees/Designated Employees,ESOP,Buy,Equity Shares,21500.0,0.0,0.0,0.0,0.0,174695.0,0.02,196195.0,0.03
BAJFINANCE,2020-04-17 15:15:00,2020-04-17,2020-04-16,2020-04-16,Employees/Designated Employees,ESOP,Buy,Equity Shares,22000.0,0.0,0.0,0.0,0.0,32500.0,0.0,54500.0,0.01
BAJFINANCE,2020-05-14 20:45:00,2020-05-11,2020-05-11,2020-05-11,Employees/Designated Employees,ESOP,Buy,Equity Shares,6500.0,0.0,0.0,0.0,0.0,11148.0,0.0,17648.0,0.0
BAJFINANCE,2020-05-14 20:45:00,2020-05-14,2020-05-13,2020-05-13,Employees/Designated Employees,Off Market,Pledge,Equity Shares,23250.0,0.0,0.0,0.0,0.0,92870.0,0.02,92870.0,0.02
BAJFINANCE,2020-05-14 20:45:00,2020-05-13,2020-05-13,2020-05-13,Employees/Designated Employees,ESOP,Buy,Equity Shares,13500.0,0.0,0.0,0.0,0.0,79370.0,0.01,92870.0,0.02
BAJFINANCE,2020-05-14 20:45:00,2020-05-13,2020-05-11,2020-05-11,Employees/Designated Employees,ESOP,Buy,Equity Shares,6000.0,0.0,0.0,0.0,0.0,5148.0,0.0,11148.0,0.0
BAJFINANCE,2020-05-14 20:45:00,2020-05-13,2020-05-13,2020-05-13,Employees/Designated Employees,ESOP,Buy,Equity Shares,9750.0,0.0,0.0,0.0,0.0,69260.0,0.01,79010.0,0.01
BAJFINANCE,2020-05-20 20:03:00,2020-05-19,2020-05-19,2020-05-19,Director,ESOP,Buy,Equity Shares,49700.0,0.0,0.0,0.0,0.0,3000.0,0.0,52700.0,0.0
BAJFINANCE,2020-05-23 15:30:00,2020-05-22,2020-05-20,2020-05-20,Employees/Designated Employees,ESOP,Buy,Equity Shares,6500.0,0.0,0.0,0.0,0.0,6800.0,0.0,13300.0,0.0
BAJFINANCE,2020-05-23 15:30:00,2020-05-22,2020-05-20,2020-05-20,Employees/Designated Employees,ESOP,Buy,Equity Shares,1800.0,0.0,0.0,0.0,0.0,13300.0,0.0,15100.0,0.0
BAJFINANCE,2020-05-27 20:39:00,2020-05-27,2020-05-26,2020-05-26,Employees/Designated Employees,Off Market,Pledge Revoke,Equity Shares,3850.0,0.0,0.0,0.0,0.0,92870.0,0.01,92870.0,0.01
BAJFINANCE,2020-05-27 20:39:00,2020-05-27,2020-05-26,2020-05-26,Employees/Designated Employees,Market Sale,Sell,Equity Shares,3850.0,0.0,0.0,0.0,0.0,92870.0,0.01,89020.0,0.01
BAJFINANCE,2020-05-27 20:39:00,2020-05-27,2020-05-27,2020-05-27,Employees/Designated Employees,Off Market,Pledge Revoke,Equity Shares,7700.0,0.0,0.0,0.0,0.0,89020.0,0.01,89020.0,0.01
BAJFINANCE,2020-05-27 20:39:00,2020-05-27,2020-05-27,2020-05-27,Employees/Designated Employees,Market Sale,Sell,Equity Shares,7700.0,0.0,0.0,0.0,0.0,89020.0,0.01,81320.0,0.01
BAJFINANCE,2020-05-27 20:39:00,2020-05-24,2020-05-22,2020-05-22,Employees/Designated Employees,Market Sale,Sell,Equity Shares,1500.0,0.0,0.0,0.0,0.0,44302.0,0.0,42802.0,0.0
BAJFINANCE,2020-05-27 20:39:00,2020-05-27,2020-05-26,2020-05-26,Employees/Designated Employees,ESOP,Buy,Equity Shares,2500.0,0.0,0.0,0.0,0.0,19000.0,0.0,21500.0,0.0
BAJFINANCE,2020-05-27 20:39:00,2020-05-27,2020-05-26,2020-05-26,Employees/Designated Employees,ESOP,Buy,Equity Shares,6500.0,0.0,0.0,0.0,0.0,37450.0,0.0,43950.0,0.0
BAJFINANCE,2020-05-27 20:39:00,2020-05-27,2020-05-26,2020-05-26,Employees/Designated Employees,ESOP,Buy,Equity Shares,6000.0,0.0,0.0,0.0,0.0,43950.0,0.0,49950.0,0.0
BAJFINANCE,2020-06-01 19:41:00,2020-05-30,2020-05-29,2020-05-29,Employees/Designated Employees,Market Sale,Sell,Equity Shares,1500.0,0.0,0.0,0.0,0.0,42802.0,0.0,41302.0,0.0
BAJFINANCE,2020-06-01 19:41:00,2020-05-29,2020-05-27,2020-05-27,Immediate relative,Market Sale,Sell,Equity Shares,7250.0,0.0,0.0,0.0,0.0,33530.0,0.0,26280.0,0.0
BAJFINANCE,2020-06-01 19:41:00,2020-06-01,2020-05-29,2020-05-29,Immediate relative,Market Sale,Sell,Equity Shares,2250.0,0.0,0.0,0.0,0.0,24780.0,0.0,22530.0,0.0
BAJFINANCE,2020-06-01 19:41:00,2020-05-29,2020-05-28,2020-05-28,Immediate relative,Market Sale,Sell,Equity Shares,1500.0,0.0,0.0,0.0,0.0,26280.0,0.0,24780.0,0.0
BAJFINANCE,2020-06-03 17:35:00,2020-06-02,2020-05-29,2020-05-29,Employees/Designated Employees,ESOP,Buy,Equity Shares,13000.0,0.0,0.0,0.0,0.0,2150.0,0.0,15150.0,0.0
BAJFINANCE,2020-06-03 17:35:00,2020-06-02,2020-05-29,2020-05-29,Employees/Designated Employees,ESOP,Buy,Equity Shares,2150.0,0.0,0.0,0.0,0.0,,0.0,2150.0,0.0
BAJFINANCE,2020-06-03 17:35:00,2020-06-02,2020-06-01,2020-06-01,Immediate relative,Market Sale,Sell,Equity Shares,1000.0,0.0,0.0,0.0,0.0,22530.0,0.0,21530.0,0.0
BAJFINANCE,2020-06-08 19:29:00,2020-06-08,2020-06-08,2020-06-08,Director,ESOP,Buy,Equity Shares,101250.0,0.0,0.0,0.0,0.0,52700.0,0.0,153950.0,0.02
BAJFINANCE,2020-06-08 19:29:00,2020-06-08,2020-06-08,2020-06-08,Employees/Designated Employees,Revokation of Pledge,Pledge Revoke,Equity Shares,9500.0,0.0,0.0,0.0,0.0,14526.0,0.0,14526.0,0.0
BAJFINANCE,2020-06-08 19:29:00,2020-06-08,2020-06-08,2020-06-08,Director,Revokation of Pledge,Pledge Revoke,Equity Shares,50300.0,0.0,0.0,0.0,0.0,153950.0,0.02,153950.0,0.03
BAJFINANCE,2020-06-08 19:29:00,2020-06-08,2020-06-08,2020-06-08,Director,Pledge Creation,Pledge,Equity Shares,101250.0,0.0,0.0,0.0,0.0,153950.0,0.02,153950.0,0.02
BAJFINANCE,2020-06-08 19:29:00,2020-06-08,2020-06-08,2020-06-08,Employees/Designated Employees,Market Sale,Sell,Equity Shares,9500.0,0.0,0.0,0.0,0.0,14526.0,0.0,5026.0,0.0
BAJFINANCE,2020-06-08 19:29:00,2020-06-08,2020-06-08,2020-06-08,Director,Market Sale,Sell,Equity Shares,50300.0,0.0,0.0,0.0,0.0,104250.0,0.02,53950.0,0.0
BAJFINANCE,2020-06-08 19:29:00,2020-06-08,2020-06-08,2020-06-08,Director,Market Sale,Sell,Equity Shares,49700.0,0.0,0.0,0.0,0.0,153950.0,0.02,104250.0,0.01
BAJFINANCE,2020-06-08 20:09:00,2020-06-06,2020-06-05,2020-06-05,Employees/Designated Employees,Pledge Creation,Pledge,Equity Shares,14526.0,0.0,0.0,0.0,0.0,14526.0,0.0,14526.0,0.0
BAJFINANCE,2020-06-08 20:09:00,2020-06-06,2020-06-05,2020-06-05,Employees/Designated Employees,ESOP,Buy,Equity Shares,2388.0,0.0,0.0,0.0,0.0,9750.0,0.0,12138.0,0.0
BAJFINANCE,2020-06-08 20:09:00,2020-06-04,2020-06-03,2020-06-03,Employees/Designated Employees,Revokation of Pledge,Pledge Revoke,Equity Shares,1630.0,0.0,0.0,0.0,0.0,4130.0,0.0,4130.0,0.0
BAJFINANCE,2020-06-08 20:09:00,2020-06-06,2020-06-05,2020-06-05,Employees/Designated Employees,ESOP,Buy,Equity Shares,2388.0,0.0,0.0,0.0,0.0,12138.0,0.0,14526.0,0.0
BAJFINANCE,2020-06-08 20:09:00,2020-06-06,2020-06-05,2020-06-05,Employees/Designated Employees,ESOP,Buy,Equity Shares,9750.0,0.0,0.0,0.0,0.0,,0.0,9750.0,0.0
BAJFINANCE,2020-06-09 21:09:00,2020-06-09,2020-06-09,2020-06-09,Director,Revokation of Pledge,Pledge Revoke,Equity Shares,50950.0,0.0,0.0,0.0,0.0,53950.0,0.0,53950.0,0.0
BAJFINANCE,2020-06-09 21:09:00,2020-06-09,2020-06-04,2020-06-04,Employees/Designated Employees,ESOP,Buy,Equity Shares,1200.0,0.0,0.0,0.0,0.0,41302.0,0.0,42502.0,0.0
BAJFINANCE,2020-06-09 21:09:00,2020-06-08,2020-06-08,2020-06-08,Employees/Designated Employees,Market Sale,Sell,Equity Shares,1000.0,0.0,0.0,0.0,0.0,42502.0,0.0,41502.0,0.0
BAJFINANCE,2020-06-09 21:09:00,2020-06-09,2020-06-09,2020-06-09,Employees/Designated Employees,Revokation of Pledge,Pledge Revoke,Equity Shares,5026.0,0.0,0.0,0.0,0.0,5026.0,0.0,5026.0,0.0
BAJFINANCE,2020-06-09 21:09:00,2020-06-09,2020-06-09,2020-06-09,Employees/Designated Employees,Market Sale,Sell,Equity Shares,6150.0,0.0,0.0,0.0,0.0,15150.0,0.0,9000.0,0.0
BAJFINANCE,2020-06-12 14:21:00,2020-06-10,2020-06-09,2020-06-09,Employees/Designated Employees,ESOP,Buy,Equity Shares,1200.0,0.0,0.0,0.0,0.0,45344.0,0.0,46544.0,0.0
BAJFINANCE,2020-06-12 14:21:00,2020-06-12,2020-06-10,2020-06-10,Employees/Designated Employees,Revokation of Pledge,Pledge Revoke,Equity Shares,11700.0,0.0,0.0,0.0,0.0,81320.0,0.01,81320.0,0.01
BAJFINANCE,2020-06-17 19:43:00,2020-06-17,2020-06-17,2020-06-17,Employees/Designated Employees,Market Sale,Sell,Equity Shares,11000.0,0.0,0.0,0.0,0.0,62100.0,0.01,51100.0,0.0
BAJFINANCE,2020-06-17 19:43:00,2020-06-17,2020-06-17,2020-06-17,Employees/Designated Employees,ESOP,Buy,Equity Shares,2375.0,0.0,0.0,0.0,0.0,46544.0,0.0,48919.0,0.0
BAJFINANCE,2020-06-17 19:43:00,2020-06-17,2020-06-17,2020-06-17,Employees/Designated Employees,Market Sale,Sell,Equity Shares,4100.0,0.0,0.0,0.0,0.0,8230.0,0.0,4130.0,0.0
BAJFINANCE,2020-06-17 19:43:00,2020-06-17,2020-06-17,2020-06-17,Employees/Designated Employees,Market Sale,Sell,Equity Shares,374.0,0.0,0.0,0.0,0.0,8604.0,0.0,8230.0,0.0
BAJFINANCE,2020-06-17 19:43:00,2020-06-17,2020-06-17,2020-06-17,Employees/Designated Employees,ESOP,Buy,Equity Shares,4474.0,0.0,0.0,0.0,0.0,4130.0,0.0,8604.0,0.0
BAJFINANCE,2020-06-17 19:43:00,2020-06-16,2020-06-15,2020-06-15,Employees/Designated Employees,Market Sale,Sell,Equity Shares,1000.0,0.0,0.0,0.0,0.0,42802.0,0.0,41802.0,0.0
BAJFINANCE,2020-06-17 19:43:00,2020-06-16,2020-06-12,2020-06-12,Employees/Designated Employees,ESOP,Buy,Equity Shares,1300.0,0.0,0.0,0.0,0.0,41502.0,0.0,42802.0,0.0
BAJFINANCE,2020-06-17 19:43:00,2020-06-16,2020-06-16,2020-06-16,Employees/Designated Employees,Market Sale,Sell,Equity Shares,1500.0,0.0,0.0,0.0,0.0,41802.0,0.0,40302.0,0.0
BAJFINANCE,2020-06-19 13:08:00,2020-06-18,2020-06-18,2020-06-18,Employees/Designated Employees,Market Sale,Sell,Equity Shares,5026.0,0.0,0.0,0.0,0.0,5026.0,0.0,,0.0
BAJFINANCE,2020-06-19 13:08:00,2020-06-18,2020-06-18,2020-06-18,Employees/Designated Employees,Market Sale,Sell,Equity Shares,7000.0,0.0,0.0,0.0,0.0,54500.0,0.0,47500.0,0.0
BAJFINANCE,2020-06-22 10:22:00,2020-06-19,2020-06-19,2020-06-19,Employees/Designated Employees,Market Sale,Sell,Equity Shares,1000.0,0.0,0.0,0.0,0.0,78320.0,0.01,77320.0,0.01
BAJFINANCE,2020-06-22 10:22:00,2020-06-19,2020-06-18,2020-06-18,Employees/Designated Employees,Market Sale,Sell,Equity Shares,3000.0,0.0,0.0,0.0,0.0,81320.0,0.01,78320.0,0.01
BAJFINANCE,2020-06-22 10:22:00,2020-06-19,2020-06-19,2020-06-19,Employees/Designated Employees,Market Sale,Sell,Equity Shares,5000.0,0.0,0.0,0.0,0.0,9000.0,0.0,4000.0,0.0
BAJFINANCE,2020-06-22 10:22:00,2020-06-19,2020-06-19,2020-06-19,Employees/Designated Employees,Market Sale,Sell,Equity Shares,3750.0,0.0,0.0,0.0,0.0,3750.0,0.0,,0.0
BAJFINANCE,2020-06-22 10:22:00,2020-06-19,2020-06-18,2020-06-18,Employees/Designated Employees,ESOP,Buy,Equity Shares,3750.0,0.0,0.0,0.0,0.0,,0.0,3750.0,0.0
BAJFINANCE,2020-06-22 10:22:00,2020-06-19,2020-06-19,2020-06-19,Employees/Designated Employees,Market Sale,Sell,Equity Shares,3000.0,0.0,0.0,0.0,0.0,47500.0,0.0,44500.0,0.0
BAJFINANCE,2020-06-22 10:22:00,2020-06-20,2020-06-19,2020-06-19,Employees/Designated Employees,Market Sale,Sell,Equity Shares,1750.0,0.0,0.0,0.0,0.0,1750.0,0.0,,0.0
BAJFINANCE,2020-06-23 09:29:00,2020-06-22,2020-05-11,2020-05-11,Employees/Designated Employees,ESOP,Buy,Equity Shares,5250.0,0.0,0.0,0.0,0.0,200195.0,0.03,205445.0,0.03
BAJFINANCE,2020-06-23 09:29:00,2020-06-22,2020-05-11,2020-05-11,Employees/Designated Employees,ESOP,Buy,Equity Shares,4000.0,0.0,0.0,0.0,0.0,196195.0,0.03,200195.0,0.03
BAJFINANCE,2020-06-23 09:29:00,2020-06-22,2020-06-19,2020-06-19,Employees/Designated Employees,Market Sale,Sell,Equity Shares,1800.0,0.0,0.0,0.0,0.0,205445.0,0.03,203645.0,0.03
BAJFINANCE,2020-06-23 09:29:00,2020-06-22,2020-06-22,2020-06-22,Employees/Designated Employees,Market Sale,Sell,Equity Shares,2850.0,0.0,0.0,0.0,0.0,203645.0,0.03,200795.0,0.03
BAJFINANCE,2020-06-24 10:03:00,2020-06-23,2020-06-23,2020-06-23,Employees/Designated Employees,ESOP,Buy,Equity Shares,8000.0,0.0,0.0,0.0,0.0,10551.0,0.0,18551.0,0.0
BAJFINANCE,2020-06-24 10:03:00,2020-06-23,2020-06-23,2020-06-23,Employees/Designated Employees,Market Sale,Sell,Equity Shares,4800.0,0.0,0.0,0.0,0.0,200795.0,0.03,195995.0,0.03
BAJFINANCE,2020-06-24 10:03:00,2020-06-23,2020-05-15,2020-05-15,Employees/Designated Employees,ESOP,Buy,Equity Shares,700.0,0.0,0.0,0.0,0.0,930.0,0.0,1630.0,0.0
BAJFINANCE,2020-06-24 10:03:00,2020-06-23,2020-05-27,2020-05-27,Employees/Designated Employees,Market Sale,Sell,Equity Shares,89.0,0.0,0.0,0.0,0.0,1630.0,0.0,1541.0,0.0
BAJFINANCE,2020-06-24 10:03:00,2020-06-23,2020-05-28,2020-05-28,Employees/Designated Employees,Market Sale,Sell,Equity Shares,111.0,0.0,0.0,0.0,0.0,1541.0,0.0,1430.0,0.0
BAJFINANCE,2020-06-24 10:03:00,2020-06-23,2020-06-01,2020-06-01,Employees/Designated Employees,Market Sale,Sell,Equity Shares,25.0,0.0,0.0,0.0,0.0,1430.0,0.0,1405.0,0.0
BAJFINANCE,2020-06-24 10:03:00,2020-06-23,2020-06-23,2020-06-23,Employees/Designated Employees,Market Sale,Sell,Equity Shares,45.0,0.0,0.0,0.0,0.0,1345.0,0.0,1300.0,0.0
BAJFINANCE,2020-06-24 10:03:00,2020-06-23,2020-06-23,2020-06-23,Employees/Designated Employees,Market Sale,Sell,Equity Shares,3000.0,0.0,0.0,0.0,0.0,73320.0,0.01,70320.0,0.01
BAJFINANCE,2020-06-24 10:03:00,2020-06-23,2020-06-23,2020-06-23,Employees/Designated Employees,ESOP,Buy,Equity Shares,4838.0,0.0,0.0,0.0,0.0,,0.0,4838.0,0.0
BAJFINANCE,2020-06-24 10:03:00,2020-06-23,2020-06-23,2020-06-23,Employees/Designated Employees,ESOP,Buy,Equity Shares,5713.0,0.0,0.0,0.0,0.0,4838.0,0.0,10551.0,0.0
BAJFINANCE,2020-06-24 10:03:00,2020-06-23,2020-06-02,2020-06-02,Employees/Designated Employees,Market Sale,Sell,Equity Shares,25.0,0.0,0.0,0.0,0.0,1405.0,0.0,1380.0,0.0
BAJFINANCE,2020-06-24 10:03:00,2020-06-23,2020-06-19,2020-06-19,Employees/Designated Employees,Market Sale,Sell,Equity Shares,10.0,0.0,0.0,0.0,0.0,1380.0,0.0,1370.0,0.0
BAJFINANCE,2020-06-24 10:03:00,2020-06-23,2020-06-22,2020-06-22,Employees/Designated Employees,Market Sale,Sell,Equity Shares,25.0,0.0,0.0,0.0,0.0,1370.0,0.0,1345.0,0.0
BAJFINANCE,2020-06-24 10:03:00,2020-06-23,2020-06-22,2020-06-22,Employees/Designated Employees,Market Sale,Sell,Equity Shares,4000.0,0.0,0.0,0.0,0.0,77320.0,0.01,73320.0,0.01
BAJFINANCE,2020-06-25 10:13:00,2020-06-24,2020-06-23,2020-06-23,Employees/Designated Employees,Market Sale,Sell,Equity Shares,700.0,0.0,0.0,0.0,0.0,40302.0,0.0,39602.0,0.0
BAJFINANCE,2020-06-25 10:13:00,2020-06-24,2020-06-23,2020-06-23,Employees/Designated Employees,Market Sale,Sell,Equity Shares,800.0,0.0,0.0,0.0,0.0,39602.0,0.0,38802.0,0.0
BAJFINANCE,2020-06-25 10:13:00,2020-06-24,2020-06-23,2020-06-23,Employees/Designated Employees,Market Sale,Sell,Equity Shares,3500.0,0.0,0.0,0.0,0.0,6385.0,0.0,2885.0,0.0
BAJFINANCE,2020-06-25 10:13:00,2020-06-24,2020-06-24,2020-06-24,Employees/Designated Employees,ESOP,Buy,Equity Shares,2200.0,0.0,0.0,0.0,0.0,4130.0,0.0,6330.0,0.0
BAJFINANCE,2020-06-25 10:13:00,2020-06-24,2020-06-24,2020-06-24,Employees/Designated Employees,Market Sale,Sell,Equity Shares,2200.0,0.0,0.0,0.0,0.0,6330.0,0.0,4130.0,0.0
BAJFINANCE,2020-06-25 10:13:00,2020-06-24,2020-06-24,2020-06-24,Employees/Designated Employees,ESOP,Buy,Equity Shares,7000.0,0.0,0.0,0.0,0.0,,0.0,7000.0,0.0
BAJFINANCE,2020-06-25 10:13:00,2020-06-24,2020-06-24,2020-06-24,Employees/Designated Employees,Pledge Creation,Pledge,Equity Shares,7000.0,0.0,0.0,0.0,0.0,7000.0,0.0,7000.0,0.0
BAJFINANCE,2020-06-25 10:13:00,2020-06-24,2020-06-24,2020-06-24,Employees/Designated Employees,Market Sale,Sell,Equity Shares,18551.0,0.0,0.0,0.0,0.0,18551.0,0.0,,0.0
BAJFINANCE,2020-06-25 10:13:00,2020-06-24,2020-06-24,2020-06-24,Employees/Designated Employees,Market Sale,Sell,Equity Shares,1150.0,0.0,0.0,0.0,0.0,195995.0,0.03,194845.0,0.03
BAJFINANCE,2020-06-26 16:50:00,2020-06-25,2020-06-25,2020-06-25,Employees/Designated Employees,ESOP,Buy,Equity Shares,7250.0,0.0,0.0,0.0,0.0,53950.0,0.0,61200.0,0.01
BAJFINANCE,2020-06-26 16:50:00,2020-06-25,2020-06-25,2020-06-25,Employees/Designated Employees,ESOP,Buy,Equity Shares,3200.0,0.0,0.0,0.0,0.0,14585.0,0.0,17785.0,0.0
BAJFINANCE,2020-06-26 16:50:00,2020-06-25,2020-06-25,2020-06-25,Employees/Designated Employees,ESOP,Buy,Equity Shares,2500.0,0.0,0.0,0.0,0.0,,0.0,2500.0,0.0
BAJFINANCE,2020-06-26 16:50:00,2020-06-25,2020-06-25,2020-06-25,Employees/Designated Employees,ESOP,Buy,Equity Shares,1950.0,0.0,0.0,0.0,0.0,2500.0,0.0,4450.0,0.0
BAJFINANCE,2020-06-26 16:50:00,2020-06-25,2020-06-25,2020-06-25,Employees/Designated Employees,Pledge Creation,Pledge,Equity Shares,4450.0,0.0,0.0,0.0,0.0,4450.0,0.0,4450.0,0.0
BAJFINANCE,2020-06-26 16:50:00,2020-06-25,2020-06-25,2020-06-25,Employees/Designated Employees,Revokation of Pledge,Pledge Revoke,Equity Shares,4450.0,0.0,0.0,0.0,0.0,4450.0,0.0,4450.0,0.0
BAJFINANCE,2020-06-26 16:50:00,2020-06-25,2020-06-25,2020-06-25,Employees/Designated Employees,Market Sale,Sell,Equity Shares,1800.0,0.0,0.0,0.0,0.0,4450.0,0.0,2650.0,0.0
BAJFINANCE,2020-06-26 16:50:00,2020-06-25,2020-06-25,2020-06-25,Employees/Designated Employees,Market Sale,Sell,Equity Shares,2650.0,0.0,0.0,0.0,0.0,2650.0,0.0,,0.0
BAJFINANCE,2020-06-26 16:50:00,2020-06-25,2020-06-25,2020-06-25,Employees/Designated Employees,Revokation of Pledge,Pledge Revoke,Equity Shares,7000.0,0.0,0.0,0.0,0.0,7000.0,0.0,7000.0,0.0
BAJFINANCE,2020-06-26 16:50:00,2020-06-25,2020-06-25,2020-06-25,Employees/Designated Employees,Market Sale,Sell,Equity Shares,7000.0,0.0,0.0,0.0,0.0,7000.0,0.0,,0.0
BAJFINANCE,2020-06-26 16:50:00,2020-06-25,2020-06-25,2020-06-25,Employees/Designated Employees,Market Sale,Sell,Equity Shares,500.0,0.0,0.0,0.0,0.0,38802.0,0.0,38302.0,0.0
BAJFINANCE,2020-06-26 16:50:00,2020-06-25,2020-06-25,2020-06-25,Employees/Designated Employees,Market Sale,Sell,Equity Shares,950.0,0.0,0.0,0.0,0.0,194845.0,0.03,193895.0,0.03
BAJFINANCE,2020-06-26 16:50:00,2020-06-25,2020-06-25,2020-06-25,Employees/Designated Employees,ESOP,Buy,Equity Shares,4000.0,0.0,0.0,0.0,0.0,49950.0,0.0,53950.0,0.0
BAJFINANCE,2020-06-26 16:50:00,2020-06-25,2020-06-24,2020-06-24,Employees/Designated Employees,Market Sale,Sell,Equity Shares,2885.0,0.0,0.0,0.0,0.0,2885.0,0.0,,0.0
BAJFINANCE,2020-06-26 16:50:00,2020-06-25,2020-06-24,2020-06-24,Employees/Designated Employees,Market Sale,Sell,Equity Shares,10000.0,0.0,0.0,0.0,0.0,48919.0,0.0,38919.0,0.0
BAJFINANCE,2020-06-30 16:45:00,2020-06-26,2020-06-26,2020-06-26,Employees/Designated Employees,ESOP,Buy,Equity Shares,1980.0,0.0,0.0,0.0,0.0,4130.0,0.0,6110.0,0.0
BAJFINANCE,2020-06-30 16:45:00,2020-06-26,2020-06-26,2020-06-26,Employees/Designated Employees,Market Sale,Sell,Equity Shares,1980.0,0.0,0.0,0.0,0.0,6110.0,0.0,4130.0,0.0
BAJFINANCE,2020-07-02 18:03:00,2020-07-01,2020-06-30,2020-06-30,Employees/Designated Employees,Market Sale,Sell,Equity Shares,3000.0,0.0,0.0,0.0,0.0,23390.0,0.0,20390.0,0.0
BAJFINANCE,2020-07-02 18:03:00,2020-06-30,2020-06-30,2020-06-30,Employees/Designated Employees,ESOP,Buy,Equity Shares,736.0,0.0,0.0,0.0,0.0,100.0,0.0,836.0,0.0
BAJFINANCE,2020-07-02 18:03:00,2020-07-01,2020-06-24,2020-06-24,Employees/Designated Employees,Market Sale,Sell,Equity Shares,30.0,0.0,0.0,0.0,0.0,70320.0,0.01,70290.0,0.01
BAJFINANCE,2020-07-02 18:03:00,2020-07-01,2020-06-30,2020-06-30,Employees/Designated Employees,Market Sale,Sell,Equity Shares,340.0,0.0,0.0,0.0,0.0,69990.0,0.01,69650.0,0.01
BAJFINANCE,2020-07-02 18:03:00,2020-07-01,2020-06-25,2020-06-25,Employees/Designated Employees,Market Sale,Sell,Equity Shares,300.0,0.0,0.0,0.0,0.0,70290.0,0.01,69990.0,0.01
BAJFINANCE,2020-07-02 18:03:00,2020-07-01,2020-06-30,2020-06-30,Employees/Designated Employees,Market Sale,Sell,Equity Shares,600.0,0.0,0.0,0.0,0.0,69650.0,0.01,69050.0,0.01
BAJFINANCE,2020-07-02 18:03:00,2020-07-01,2020-06-29,2020-06-29,Employees/Designated Employees,Market Sale,Sell,Equity Shares,2000.0,0.0,0.0,0.0,0.0,25390.0,0.0,23390.0,0.0
BAJFINANCE,2020-07-02 18:03:00,2020-06-30,2020-06-11,2020-06-11,Employees/Designated Employees,Market Purchase,Buy,Equity Shares,100.0,0.0,0.0,0.0,0.0,,0.0,100.0,0.0
BAJFINANCE,2020-07-10 12:51:00,2020-07-08,2020-07-07,2020-07-07,Employees/Designated Employees,ESOP,Buy,Equity Shares,25000.0,0.0,0.0,0.0,0.0,193795.0,0.03,218795.0,0.03
BAJFINANCE,2020-07-14 18:28:00,2020-07-11,2020-07-10,2020-07-10,Employees/Designated Employees,ESOP,Buy,Equity Shares,14750.0,0.0,0.0,0.0,0.0,44500.0,0.0,59250.0,0.0
BAJFINANCE,2020-07-14 18:28:00,2020-07-14,2020-07-14,2020-07-14,Employees/Designated Employees,ESOP,Buy,Equity Shares,10000.0,0.0,0.0,0.0,0.0,4000.0,0.0,14000.0,0.0
BAJFINANCE,2020-07-21 16:12:00,2020-07-18,2020-07-17,2020-07-17,Employees/Designated Employees,ESOP,Buy,Equity Shares,9750.0,0.0,0.0,0.0,0.0,69050.0,0.01,78800.0,0.01
BAJFINANCE,2020-07-21 16:12:00,2020-07-20,2020-07-17,2020-07-17,Employees/Designated Employees,ESOP,Buy,Equity Shares,5750.0,0.0,0.0,0.0,0.0,15100.0,0.0,20850.0,0.0
BAJFINANCE,2020-07-27 13:13:00,2020-07-24,2020-07-24,2020-07-24,Employees/Designated Employees,Market Sale,Sell,Equity Shares,1000.0,0.0,0.0,0.0,0.0,59250.0,0.0,58250.0,0.0
BAJFINANCE,2020-07-27 13:13:00,2020-07-24,2020-07-02,2020-07-02,Employees/Designated Employees,ESOP,Buy,Equity Shares,1000.0,0.0,0.0,0.0,0.0,38302.0,0.0,39302.0,0.0
BAJFINANCE,2020-07-27 13:13:00,2020-07-24,2020-07-24,2020-07-24,Employees/Designated Employees,Market Sale,Sell,Equity Shares,1000.0,0.0,0.0,0.0,0.0,39302.0,0.0,38302.0,0.0
BAJFINANCE,2020-07-30 14:08:00,2020-07-29,2020-07-29,2020-07-29,Employees/Designated Employees,ESOP,Buy,Equity Shares,3750.0,0.0,0.0,0.0,0.0,,0.0,3750.0,0.0
BAJFINANCE,2020-07-30 14:08:00,2020-07-29,2020-07-29,2020-07-29,Employees/Designated Employees,ESOP,Buy,Equity Shares,1888.0,0.0,0.0,0.0,0.0,3750.0,0.0,5638.0,0.0
BAJFINANCE,2020-07-30 14:08:00,2020-07-29,2020-07-28,2020-07-28,Employees/Designated Employees,ESOP,Buy,Equity Shares,17250.0,0.0,0.0,0.0,0.0,78800.0,0.01,96050.0,0.01
BAJFINANCE,2020-07-30 14:08:00,2020-07-29,2020-07-29,2020-07-29,Employees/Designated Employees,Market Sale,Sell,Equity Shares,2000.0,0.0,0.0,0.0,0.0,58250.0,0.0,56250.0,0.0
BAJFINANCE,2020-07-30 14:08:00,2020-07-29,2020-07-29,2020-07-29,Employees/Designated Employees,ESOP,Buy,Equity Shares,2588.0,0.0,0.0,0.0,0.0,5638.0,0.0,8226.0,0.0
BAJFINANCE,2020-08-03 17:13:00,2020-07-30,2020-07-29,2020-07-29,Employees/Designated Employees,Pledge Creation,Pledge,Equity Shares,8226.0,0.0,0.0,0.0,0.0,8226.0,0.0,8226.0,0.0
BAJFINANCE,2020-08-03 17:13:00,2020-07-30,2020-07-30,2020-07-30,Employees/Designated Employees,Revokation of Pledge,Pledge Revoke,Equity Shares,8226.0,0.0,0.0,0.0,0.0,8226.0,0.0,8226.0,0.0
BAJFINANCE,2020-08-03 17:13:00,2020-07-30,2020-07-30,2020-07-30,Employees/Designated Employees,Market Sale,Sell,Equity Shares,8226.0,0.0,0.0,0.0,0.0,8226.0,0.0,,0.0
BAJFINANCE,2020-08-03 17:13:00,2020-07-31,2020-07-28,2020-07-28,Employees/Designated Employees,Market Sale,Sell,Equity Shares,200.0,0.0,0.0,0.0,0.0,435.0,0.0,235.0,0.0
BAJFINANCE,2020-08-03 17:13:00,2020-08-01,2020-07-31,2020-07-31,Employees/Designated Employees,ESOP,Buy,Equity Shares,2500.0,0.0,0.0,0.0,0.0,228.0,0.0,2728.0,0.0
BAJFINANCE,2020-08-03 17:13:00,2020-07-31,2020-07-31,2020-07-31,Employees/Designated Employees,Market Sale,Sell,Equity Shares,235.0,0.0,0.0,0.0,0.0,235.0,0.0,,0.0
BAJFINANCE,2020-08-06 17:16:00,2020-08-05,2020-08-04,2020-08-05,Promoters,Market Purchase,Buy,Debentures,750.0,0.0,0.0,0.0,0.0,,0.0,750.0,0.0
BAJFINANCE,2020-08-06 18:32:00,2020-08-04,2020-08-04,2020-08-04,Employees/Designated Employees,Market Sale,Sell,Equity Shares,2500.0,0.0,0.0,0.0,0.0,2728.0,0.0,228.0,0.0
BAJFINANCE,2020-08-10 15:15:00,2020-08-07,2020-08-07,2020-08-07,Employees/Designated Employees,Market Sale,Sell,Equity Shares,3000.0,0.0,0.0,0.0,0.0,56250.0,0.0,53250.0,0.0
BAJFINANCE,2020-08-10 15:15:00,2020-08-07,2020-07-29,2020-07-29,Employees/Designated Employees,Market Sale,Sell,Equity Shares,30.0,0.0,0.0,0.0,0.0,96050.0,0.01,96020.0,0.01
BAJFINANCE,2020-08-10 15:15:00,2020-08-07,2020-08-06,2020-08-06,Employees/Designated Employees,Market Sale,Sell,Equity Shares,300.0,0.0,0.0,0.0,0.0,96020.0,0.01,95720.0,0.01
BAJFINANCE,2020-08-10 15:15:00,2020-08-10,2020-08-05,2020-08-05,Employees/Designated Employees,Market Sale,Sell,Equity Shares,228.0,0.0,0.0,0.0,0.0,228.0,0.0,,0.0
BAJFINANCE,2020-08-10 15:15:00,2020-08-10,2020-08-07,2020-08-07,Employees/Designated Employees,ESOP,Buy,Equity Shares,1000.0,0.0,0.0,0.0,0.0,,0.0,1000.0,0.0
BAJFINANCE,2020-08-10 15:15:00,2020-08-10,2020-08-07,2020-08-07,Employees/Designated Employees,ESOP,Buy,Equity Shares,1625.0,0.0,0.0,0.0,0.0,1000.0,0.0,2625.0,0.0
BAJFINANCE,2020-08-12 15:14:00,2020-08-11,2020-08-10,2020-08-10,Employees/Designated Employees,Market Sale,Sell,Equity Shares,2625.0,0.0,0.0,0.0,0.0,2625.0,0.0,,0.0
BAJFINANCE,2020-08-12 15:14:00,2020-08-10,2020-08-10,2020-08-10,Employees/Designated Employees,Market Sale,Sell,Equity Shares,500.0,0.0,0.0,0.0,0.0,53250.0,0.0,52750.0,0.0
BAJFINANCE,2020-08-12 16:30:00,2020-08-12,2020-06-23,2020-06-23,Employees/Designated Employees,Market Sale,Sell,Equity Shares,5000.0,0.0,0.0,0.0,0.0,25250.0,0.0,20250.0,0.0
BAJFINANCE,2020-08-17 11:20:00,2020-08-14,2020-08-14,2020-08-14,Employees/Designated Employees,Market Sale,Sell,Equity Shares,1500.0,0.0,0.0,0.0,0.0,26500.0,0.0,25000.0,0.0
BAJFINANCE,2020-08-17 11:20:00,2020-08-13,2020-08-13,2020-08-13,Employees/Designated Employees,ESOP,Buy,Equity Shares,5000.0,0.0,0.0,0.0,0.0,21500.0,0.0,26500.0,0.0
BAJFINANCE,2020-08-25 14:06:00,2020-08-24,2020-08-21,2020-08-21,Employees/Designated Employees,ESOP,Buy,Equity Shares,4800.0,0.0,0.0,0.0,0.0,,0.0,4800.0,0.0
BAJFINANCE,2020-08-25 18:16:00,2020-08-25,2020-08-24,2020-08-24,Promoter Group,Market Purchase,Buy,Debentures,500.0,0.0,0.0,0.0,0.0,,0.0,500.0,0.0
BAJFINANCE,2020-08-25 18:16:00,2020-08-24,2020-08-21,2020-08-21,Promoters,Market Purchase,Buy,Debentures,750.0,0.0,0.0,0.0,0.0,,0.0,750.0,0.0
BAJFINANCE,2020-08-27 13:16:00,2020-08-27,2020-08-26,2020-08-26,Employees/Designated Employees,Market Sale,Sell,Equity Shares,1058.0,0.0,0.0,0.0,0.0,5188.0,0.0,4130.0,0.0
BAJFINANCE,2020-08-27 13:16:00,2020-08-26,2020-08-25,2020-08-25,Employees/Designated Employees,Market Sale,Sell,Equity Shares,5107.0,0.0,0.0,0.0,0.0,218795.0,0.03,213688.0,0.03
BAJFINANCE,2020-08-27 13:16:00,2020-08-27,2020-08-26,2020-08-26,Employees/Designated Employees,ESOP,Buy,Equity Shares,58.0,0.0,0.0,0.0,0.0,5130.0,0.0,5188.0,0.0
BAJFINANCE,2020-08-27 13:16:00,2020-08-26,2020-08-26,2020-08-26,Employees/Designated Employees,ESOP,Buy,Equity Shares,1000.0,0.0,0.0,0.0,0.0,4130.0,0.0,5130.0,0.0
BAJFINANCE,2020-08-27 13:16:00,2020-08-26,2020-08-26,2020-08-26,Employees/Designated Employees,Market Sale,Sell,Equity Shares,1000.0,0.0,0.0,0.0,0.0,25000.0,0.0,24000.0,0.0
BAJFINANCE,2020-08-27 13:16:00,2020-08-26,2020-08-26,2020-08-26,Employees/Designated Employees,Pledge Creation,Pledge,Equity Shares,4800.0,0.0,0.0,0.0,0.0,4800.0,0.0,4800.0,0.0
BAJFINANCE,2020-08-27 13:16:00,2020-08-25,2020-08-25,2020-08-25,Employees/Designated Employees,Market Sale,Sell,Equity Shares,3000.0,0.0,0.0,0.0,0.0,52750.0,0.0,49750.0,0.0
BAJFINANCE,2020-08-28 11:55:00,2020-08-27,2020-08-27,2020-08-27,Director,Market Sale,Sell,Equity Shares,27500.0,0.0,0.0,0.0,0.0,53950.0,0.0,26450.0,0.0
BAJFINANCE,2020-08-31 14:57:00,2020-08-28,2020-08-26,2020-08-26,Employees/Designated Employees,Market Sale,Sell,Equity Shares,200.0,0.0,0.0,0.0,0.0,213688.0,0.03,213488.0,0.03
BAJFINANCE,2020-08-31 14:57:00,2020-08-28,2020-08-28,2020-08-28,Employees/Designated Employees,Market Sale,Sell,Equity Shares,1000.0,0.0,0.0,0.0,0.0,213488.0,0.03,212488.0,0.03
BAJFINANCE,2020-08-31 14:57:00,2020-08-28,2020-08-27,2020-08-27,Employees/Designated Employees,Market Sale,Sell,Equity Shares,500.0,0.0,0.0,0.0,0.0,51100.0,0.0,50600.0,0.0
BAJFINANCE,2020-08-31 14:57:00,2020-08-28,2020-08-28,2020-08-28,Employees/Designated Employees,Market Sale,Sell,Equity Shares,2000.0,0.0,0.0,0.0,0.0,50600.0,0.0,48600.0,0.0
BAJFINANCE,2020-09-02 10:15:00,2020-09-01,2020-09-01,2020-09-01,Employees/Designated Employees,Market Sale,Sell,Equity Shares,2500.0,0.0,0.0,0.0,0.0,46600.0,0.0,44100.0,0.0
BAJFINANCE,2020-09-02 10:15:00,2020-08-31,2020-08-31,2020-08-31,Employees/Designated Employees,Market Sale,Sell,Equity Shares,2000.0,0.0,0.0,0.0,0.0,48600.0,0.0,46600.0,0.0
BAJFINANCE,2020-09-02 10:15:00,2020-09-01,2020-08-31,2020-08-31,Employees/Designated Employees,Market Sale,Sell,Equity Shares,200.0,0.0,0.0,0.0,0.0,212488.0,0.03,212288.0,0.03
BAJFINANCE,2020-09-02 10:15:00,2020-09-01,2020-09-01,2020-09-01,Employees/Designated Employees,Market Sale,Sell,Equity Shares,1029.0,0.0,0.0,0.0,0.0,212288.0,0.03,211259.0,0.03
BAJFINANCE,2020-09-04 10:22:00,2020-09-03,2020-08-05,2020-08-05,Employees/Designated Employees,ESOP,Buy,Equity Shares,625.0,0.0,0.0,0.0,0.0,38302.0,0.0,38927.0,0.0
BAJFINANCE,2020-09-04 10:22:00,2020-09-03,2020-09-03,2020-09-03,Employees/Designated Employees,Market Sale,Sell,Equity Shares,800.0,0.0,0.0,0.0,0.0,38927.0,0.0,38127.0,0.0
BAJFINANCE,2020-09-04 10:22:00,2020-09-03,2020-09-02,2020-09-02,Employees/Designated Employees,Market Sale,Sell,Equity Shares,1000.0,0.0,0.0,0.0,0.0,211259.0,0.03,210259.0,0.03
BAJFINANCE,2020-09-04 10:22:00,2020-09-03,2020-09-03,2020-09-03,Employees/Designated Employees,Market Sale,Sell,Equity Shares,500.0,0.0,0.0,0.0,0.0,42600.0,0.0,42100.0,0.0
BAJFINANCE,2020-09-04 10:22:00,2020-09-02,2020-09-02,2020-09-02,Employees/Designated Employees,Market Sale,Sell,Equity Shares,1500.0,0.0,0.0,0.0,0.0,44100.0,0.0,42600.0,0.0
BAJFINANCE,2020-09-07 13:38:00,2020-09-04,2020-09-04,2020-09-04,Employees/Designated Employees,Market Sale,Sell,Equity Shares,1500.0,0.0,0.0,0.0,0.0,24000.0,0.0,22500.0,0.0
BAJFINANCE,2020-09-07 13:38:00,2020-09-07,2020-09-04,2020-09-04,Employees/Designated Employees,ESOP,Buy,Equity Shares,3250.0,0.0,0.0,0.0,0.0,500.0,0.0,3750.0,0.0
BAJFINANCE,2020-09-07 13:38:00,2020-09-07,2020-09-04,2020-09-04,Employees/Designated Employees,ESOP,Buy,Equity Shares,500.0,0.0,0.0,0.0,0.0,,0.0,500.0,0.0
BAJFINANCE,2020-09-10 10:25:00,2020-09-09,2020-09-08,2020-09-08,Employees/Designated Employees,ESOP,Buy,Equity Shares,1000.0,0.0,0.0,0.0,0.0,22500.0,0.0,23500.0,0.0
BAJFINANCE,2020-09-10 10:25:00,2020-09-09,2020-09-08,2020-09-08,Employees/Designated Employees,ESOP,Buy,Equity Shares,2000.0,0.0,0.0,0.0,0.0,23500.0,0.0,25500.0,0.0
BAJFINANCE,2020-09-10 10:25:00,2020-09-09,2020-09-08,2020-09-08,Employees/Designated Employees,Market Sale,Sell,Equity Shares,3750.0,0.0,0.0,0.0,0.0,3750.0,0.0,,0.0
BAJFINANCE,2020-09-25 14:05:00,2020-09-24,2020-09-24,2020-09-24,Employees/Designated Employees,ESOP,Buy,Equity Shares,4800.0,0.0,0.0,0.0,0.0,4800.0,0.0,9600.0,0.0
BAJFINANCE,2020-09-30 16:16:00,2020-09-28,2020-09-28,2020-09-28,Employees/Designated Employees,Pledge Creation,Pledge,Equity Shares,4800.0,0.0,0.0,0.0,0.0,9600.0,0.0,9600.0,0.0
BAJFINANCE,2020-09-30 16:16:00,2020-09-30,2020-09-29,2020-09-29,Promoter Group,Inter-se-Transfer,Sell,Equity Shares,175000.0,0.0,0.0,0.0,0.0,176000.0,0.03,1000.0,0.0
BAJFINANCE,2020-09-30 16:16:00,2020-09-30,2020-09-29,2020-09-29,Promoter Group,Inter-se-Transfer,Buy,Equity Shares,175000.0,0.0,0.0,0.0,0.0,292688.0,0.05,467688.0,0.08
BAJFINANCE,2020-10-05 16:04:00,2020-10-03,2020-09-30,2020-09-30,Employees/Designated Employees,Market Sale,Sell,Equity Shares,990.0,0.0,0.0,0.0,0.0,36295.0,0.0,35305.0,0.0
BAJFINANCE,2020-10-22 15:56:00,2020-10-21,2020-10-19,2020-10-19,Employees/Designated Employees,ESOP,Buy,Equity Shares,2000.0,0.0,0.0,0.0,0.0,11564.0,0.0,13564.0,0.0
BAJFINANCE,2020-10-22 15:56:00,2020-10-21,2020-10-19,2020-10-19,Employees/Designated Employees,ESOP,Buy,Equity Shares,2124.0,0.0,0.0,0.0,0.0,9440.0,0.0,11564.0,0.0
BAJFINANCE,2020-10-28 15:11:00,2020-10-28,2020-10-27,2020-10-27,Employees/Designated Employees,ESOP,Buy,Equity Shares,8500.0,0.0,0.0,0.0,0.0,49750.0,0.0,58250.0,0.0
BAJFINANCE,2020-10-28 15:11:00,2020-10-27,2020-10-27,2020-10-27,Employees/Designated Employees,Market Sale,Sell,Equity Shares,5250.0,0.0,0.0,0.0,0.0,20250.0,0.0,15000.0,0.0
BAJFINANCE,2020-11-04 17:25:00,2020-11-03,2020-11-02,2020-11-02,Employees/Designated Employees,Market Sale,Sell,Equity Shares,700.0,0.0,0.0,0.0,0.0,35305.0,0.0,34605.0,0.0
BAJFINANCE,2020-11-04 17:25:00,2020-11-04,2020-11-03,2020-11-03,Employees/Designated Employees,Market Sale,Sell,Equity Shares,1000.0,0.0,0.0,0.0,0.0,34605.0,0.0,33605.0,0.0
BAJFINANCE,2020-11-05 18:53:00,2020-11-05,2020-11-04,2020-11-04,Employees/Designated Employees,Market Purchase,Buy,Equity Shares,1000.0,0.0,0.0,0.0,0.0,24840.0,0.0,25840.0,0.0
BAJFINANCE,2020-11-10 11:14:00,2020-11-07,2020-11-06,2020-11-06,Employees/Designated Employees,Market Sale,Sell,Equity Shares,2500.0,0.0,0.0,0.0,0.0,25000.0,0.0,22500.0,0.0
BAJFINANCE,2020-11-10 11:14:00,2020-11-07,2020-11-06,2020-11-06,Employees/Designated Employees,Market Sale,Sell,Equity Shares,300.0,0.0,0.0,0.0,0.0,33105.0,0.0,32805.0,0.0
BAJFINANCE,2020-11-10 11:14:00,2020-11-06,2020-11-06,2020-11-06,Employees/Designated Employees,Market Sale,Sell,Equity Shares,4000.0,0.0,0.0,0.0,0.0,58250.0,0.0,54250.0,0.0
BAJFINANCE,2020-11-10 11:14:00,2020-11-06,2020-11-05,2020-11-05,Employees/Designated Employees,Market Sale,Sell,Equity Shares,2500.0,0.0,0.0,0.0,0.0,27500.0,0.0,25000.0,0.0
BAJFINANCE,2020-11-10 11:14:00,2020-11-06,2020-11-04,2020-11-04,Employees/Designated Employees,Market Sale,Sell,Equity Shares,200.0,0.0,0.0,0.0,0.0,33605.0,0.0,33405.0,0.0
BAJFINANCE,2020-11-10 11:14:00,2020-11-06,2020-11-05,2020-11-05,Employees/Designated Employees,Market Sale,Sell,Equity Shares,300.0,0.0,0.0,0.0,0.0,33405.0,0.0,33105.0,0.0
BAJFINANCE,2020-11-11 11:46:00,2020-11-10,2020-11-10,2020-11-10,Employees/Designated Employees,Market Sale,Sell,Equity Shares,2000.0,0.0,0.0,0.0,0.0,53250.0,0.0,51250.0,0.0
BAJFINANCE,2020-11-11 11:46:00,2020-11-10,2020-11-09,2020-11-09,Employees/Designated Employees,Market Sale,Sell,Equity Shares,400.0,0.0,0.0,0.0,0.0,32805.0,0.0,32405.0,0.0
BAJFINANCE,2020-11-11 11:46:00,2020-11-10,2020-11-10,2020-11-10,Employees/Designated Employees,Market Sale,Sell,Equity Shares,2500.0,0.0,0.0,0.0,0.0,22500.0,0.0,20000.0,0.0
BAJFINANCE,2020-11-11 11:46:00,2020-11-10,2020-11-09,2020-11-09,Employees/Designated Employees,ESOP,Buy,Equity Shares,936.0,0.0,0.0,0.0,0.0,20.0,0.0,956.0,0.0
BAJFINANCE,2020-11-11 11:46:00,2020-11-09,2020-11-09,2020-11-09,Employees/Designated Employees,Market Sale,Sell,Equity Shares,1000.0,0.0,0.0,0.0,0.0,54250.0,0.0,53250.0,0.0
BAJFINANCE,2020-11-11 11:46:00,2020-11-10,2020-11-09,2020-11-09,Employees/Designated Employees,Pledge Creation,Pledge,Equity Shares,936.0,0.0,0.0,0.0,0.0,956.0,0.0,956.0,0.0
BAJFINANCE,2020-11-12 09:56:00,2020-11-11,2020-11-10,2020-11-10,Employees/Designated Employees,Market Sale,Sell,Equity Shares,900.0,0.0,0.0,0.0,0.0,32405.0,0.0,31505.0,0.0
BAJFINANCE,2020-11-12 09:56:00,2020-11-11,2020-11-10,2020-11-10,Employees/Designated Employees,Revokation of Pledge,Pledge Revoke,Equity Shares,936.0,0.0,0.0,0.0,0.0,956.0,0.0,956.0,0.0
BAJFINANCE,2020-11-12 09:56:00,2020-11-11,2020-11-11,2020-11-11,Employees/Designated Employees,Market Sale,Sell,Equity Shares,2000.0,0.0,0.0,0.0,0.0,20000.0,0.0,18000.0,0.0
BAJFINANCE,2020-11-12 09:56:00,2020-11-11,2020-11-10,2020-11-10,Employees/Designated Employees,Market Sale,Sell,Equity Shares,936.0,0.0,0.0,0.0,0.0,956.0,0.0,20.0,0.0
BAJFINANCE,2020-11-12 09:56:00,2020-11-11,2020-11-09,2020-11-09,Employees/Designated Employees,ESOP,Buy,Equity Shares,1436.0,0.0,0.0,0.0,0.0,,0.0,1436.0,0.0
BAJFINANCE,2020-11-13 09:49:00,2020-11-12,2020-11-11,2020-11-11,Employees/Designated Employees,ESOP,Buy,Equity Shares,300.0,0.0,0.0,0.0,0.0,38627.0,0.0,38927.0,0.0
BAJFINANCE,2020-11-13 09:49:00,2020-11-12,2020-11-11,2020-11-11,Employees/Designated Employees,ESOP,Buy,Equity Shares,4750.0,0.0,0.0,0.0,0.0,,0.0,4750.0,0.0
BAJFINANCE,2020-11-13 09:49:00,2020-11-12,2020-11-11,2020-11-11,Employees/Designated Employees,ESOP,Buy,Equity Shares,2750.0,0.0,0.0,0.0,0.0,4750.0,0.0,7500.0,0.0
BAJFINANCE,2020-11-13 09:49:00,2020-11-12,2020-11-11,2020-11-11,Employees/Designated Employees,ESOP,Buy,Equity Shares,4800.0,0.0,0.0,0.0,0.0,7500.0,0.0,12300.0,0.0
BAJFINANCE,2020-11-13 09:49:00,2020-11-12,2020-11-11,2020-11-11,Employees/Designated Employees,ESOP,Buy,Equity Shares,1750.0,0.0,0.0,0.0,0.0,12300.0,0.0,14050.0,0.0
BAJFINANCE,2020-11-13 09:49:00,2020-11-12,2020-11-12,2020-11-12,Employees/Designated Employees,Pledge Creation,Pledge,Equity Shares,14050.0,0.0,0.0,0.0,0.0,14050.0,0.0,14050.0,0.0
BAJFINANCE,2020-11-13 09:49:00,2020-11-12,2020-11-11,2020-11-11,Employees/Designated Employees,Market Sale,Sell,Equity Shares,2000.0,0.0,0.0,0.0,0.0,38919.0,0.0,36919.0,0.0
BAJFINANCE,2020-11-13 09:49:00,2020-11-12,2020-11-12,2020-11-12,Employees/Designated Employees,Revokation of Pledge,Pledge Revoke,Equity Shares,14050.0,0.0,0.0,0.0,0.0,14050.0,0.0,14050.0,0.0
BAJFINANCE,2020-11-13 09:49:00,2020-11-12,2020-11-12,2020-11-12,Employees/Designated Employees,Market Sale,Sell,Equity Shares,14050.0,0.0,0.0,0.0,0.0,14050.0,0.0,,0.0
BAJFINANCE,2020-11-13 09:49:00,2020-11-12,2020-11-12,2020-11-12,Employees/Designated Employees,Market Sale,Sell,Equity Shares,1000.0,0.0,0.0,0.0,0.0,24000.0,0.0,23000.0,0.0
BAJFINANCE,2020-11-13 09:49:00,2020-11-12,2020-11-04,2020-11-04,Employees/Designated Employees,ESOP,Buy,Equity Shares,500.0,0.0,0.0,0.0,0.0,38127.0,0.0,38627.0,0.0
BAJFINANCE,2020-11-16 21:02:00,2020-11-16,2020-11-13,2020-11-13,Employees/Designated Employees,Market Sale,Sell,Equity Shares,5256.0,0.0,0.0,0.0,0.0,23638.0,0.0,18382.0,0.0
BAJFINANCE,2020-11-16 21:02:00,2020-11-13,2020-11-13,2020-11-13,Employees/Designated Employees,Pledge Creation,Pledge,Equity Shares,8638.0,0.0,0.0,0.0,0.0,23638.0,0.0,23638.0,0.0
BAJFINANCE,2020-11-16 21:02:00,2020-11-13,2020-11-12,2020-11-12,Employees/Designated Employees,ESOP,Buy,Equity Shares,1400.0,0.0,0.0,0.0,0.0,22238.0,0.0,23638.0,0.0
BAJFINANCE,2020-11-16 21:02:00,2020-11-16,2020-11-13,2020-11-13,Employees/Designated Employees,Revokation of Pledge,Pledge Revoke,Equity Shares,8638.0,0.0,0.0,0.0,0.0,23638.0,0.0,23638.0,0.0
BAJFINANCE,2020-11-16 21:02:00,2020-11-13,2020-11-12,2020-11-12,Employees/Designated Employees,ESOP,Buy,Equity Shares,2875.0,0.0,0.0,0.0,0.0,15000.0,0.0,17875.0,0.0
BAJFINANCE,2020-11-16 21:02:00,2020-11-13,2020-11-12,2020-11-12,Employees/Designated Employees,ESOP,Buy,Equity Shares,2525.0,0.0,0.0,0.0,0.0,17875.0,0.0,20400.0,0.0
BAJFINANCE,2020-11-16 21:02:00,2020-11-13,2020-11-12,2020-11-12,Employees/Designated Employees,ESOP,Buy,Equity Shares,1838.0,0.0,0.0,0.0,0.0,20400.0,0.0,22238.0,0.0
BAJFINANCE,2020-11-16 21:19:00,2020-11-14,2020-11-13,2020-11-13,Employees/Designated Employees,Market Sale,Sell,Equity Shares,200.0,0.0,0.0,0.0,0.0,31305.0,0.0,31105.0,0.0
BAJFINANCE,2020-11-16 21:19:00,2020-11-16,2020-11-13,2020-11-13,Employees/Designated Employees,ESOP,Buy,Equity Shares,1438.0,0.0,0.0,0.0,0.0,1436.0,0.0,2874.0,0.0
BAJFINANCE,2020-11-16 21:19:00,2020-11-14,2020-11-11,2020-11-11,Employees/Designated Employees,Market Sale,Sell,Equity Shares,200.0,0.0,0.0,0.0,0.0,31505.0,0.0,31305.0,0.0
BAJFINANCE,2020-11-16 21:19:00,2020-11-13,2020-11-06,2020-11-06,Employees/Designated Employees,ESOP,Buy,Equity Shares,1750.0,0.0,0.0,0.0,0.0,,0.0,1750.0,0.0
BAJFINANCE,2020-11-16 21:19:00,2020-11-13,2020-11-13,2020-11-13,Employees/Designated Employees,Market Sale,Sell,Equity Shares,250.0,0.0,0.0,0.0,0.0,1750.0,0.0,1500.0,0.0
BAJFINANCE,2020-11-16 21:27:00,2020-11-13,2020-11-12,2020-11-12,Employees/Designated Employees,Market Sale,Sell,Equity Shares,1000.0,0.0,0.0,0.0,0.0,36919.0,0.0,35919.0,0.0
BAJFINANCE,2020-11-16 21:27:00,2020-11-13,2020-11-12,2020-11-12,Employees/Designated Employees,Market Sale,Sell,Equity Shares,200.0,0.0,0.0,0.0,0.0,210259.0,0.03,210059.0,0.03
BAJFINANCE,2020-11-16 21:27:00,2020-11-13,2020-11-13,2020-11-13,Employees/Designated Employees,Market Sale,Sell,Equity Shares,550.0,0.0,0.0,0.0,0.0,38927.0,0.0,38377.0,0.0
BAJFINANCE,2020-11-16 21:27:00,2020-11-13,2020-11-13,2020-11-13,Employees/Designated Employees,Market Sale,Sell,Equity Shares,1250.0,0.0,0.0,0.0,0.0,210059.0,0.03,208809.0,0.03
BAJFINANCE,2020-11-17 17:52:00,2020-11-13,2020-11-12,2020-11-12,Employees/Designated Employees,Market Sale,Sell,Equity Shares,300.0,0.0,0.0,0.0,0.0,9400.0,0.0,9100.0,0.0
BAJFINANCE,2020-11-17 17:52:00,2020-11-13,2020-11-13,2020-11-13,Employees/Designated Employees,Market Sale,Sell,Equity Shares,300.0,0.0,0.0,0.0,0.0,9100.0,0.0,8800.0,0.0
BAJFINANCE,2020-11-17 17:52:00,2020-11-17,2020-11-17,2020-11-17,Employees/Designated Employees,Market Sale,Sell,Equity Shares,1200.0,0.0,0.0,0.0,0.0,8800.0,0.0,7600.0,0.0
BAJFINANCE,2020-11-17 17:52:00,2020-11-17,2020-11-17,2020-11-17,Employees/Designated Employees,Market Sale,Sell,Equity Shares,350.0,0.0,0.0,0.0,0.0,38377.0,0.0,38027.0,0.0
BAJFINANCE,2020-11-17 17:52:00,2020-11-17,2020-11-17,2020-11-17,Employees/Designated Employees,Market Sale,Sell,Equity Shares,750.0,0.0,0.0,0.0,0.0,1500.0,0.0,750.0,0.0
BAJFINANCE,2020-11-17 17:52:00,2020-11-17,2020-11-14,2020-11-14,Employees/Designated Employees,Market Sale,Sell,Equity Shares,200.0,0.0,0.0,0.0,0.0,208809.0,0.03,208609.0,0.03
BAJFINANCE,2020-11-17 17:52:00,2020-11-17,2020-11-17,2020-11-17,Employees/Designated Employees,Market Sale,Sell,Equity Shares,5500.0,0.0,0.0,0.0,0.0,208609.0,0.03,203109.0,0.03
BAJFINANCE,2020-11-17 17:52:00,2020-11-13,2020-11-12,2020-11-12,Employees/Designated Employees,Market Sale,Sell,Equity Shares,200.0,0.0,0.0,0.0,0.0,9600.0,0.0,9400.0,0.0
BAJFINANCE,2020-11-19 18:21:00,2020-11-18,2020-11-18,2020-11-18,Employees/Designated Employees,Market Sale,Sell,Equity Shares,250.0,0.0,0.0,0.0,0.0,750.0,0.0,500.0,0.0
BAJFINANCE,2020-11-19 18:21:00,2020-11-18,2020-11-14,2020-11-14,Employees/Designated Employees,Market Sale,Sell,Equity Shares,100.0,0.0,0.0,0.0,0.0,31105.0,0.0,31005.0,0.0
BAJFINANCE,2020-11-19 18:21:00,2020-11-18,2020-11-18,2020-11-18,Employees/Designated Employees,Market Sale,Sell,Equity Shares,1000.0,0.0,0.0,0.0,0.0,50250.0,0.0,49250.0,0.0
BAJFINANCE,2020-11-19 18:21:00,2020-11-18,2020-11-18,2020-11-18,Employees/Designated Employees,Market Sale,Sell,Equity Shares,4458.0,0.0,0.0,0.0,0.0,203109.0,0.03,198651.0,0.03
BAJFINANCE,2020-11-19 18:21:00,2020-11-18,2020-11-18,2020-11-18,Employees/Designated Employees,Market Sale,Sell,Equity Shares,3576.0,0.0,0.0,0.0,0.0,3576.0,0.0,,0.0
BAJFINANCE,2020-11-19 18:21:00,2020-11-18,2020-11-18,2020-11-18,Employees/Designated Employees,Market Sale,Sell,Equity Shares,6050.0,0.0,0.0,0.0,0.0,9626.0,0.0,3576.0,0.0
BAJFINANCE,2020-11-19 18:21:00,2020-11-18,2020-11-18,2020-11-18,Employees/Designated Employees,Revokation of Pledge,Pledge Revoke,Equity Shares,9626.0,0.0,0.0,0.0,0.0,9626.0,0.0,9626.0,0.0
BAJFINANCE,2020-11-19 18:21:00,2020-11-18,2020-11-18,2020-11-18,Employees/Designated Employees,Pledge Creation,Pledge,Equity Shares,9626.0,0.0,0.0,0.0,0.0,9626.0,0.0,9626.0,0.0
BAJFINANCE,2020-11-19 18:21:00,2020-11-18,2020-11-18,2020-11-18,Employees/Designated Employees,ESOP,Buy,Equity Shares,5388.0,0.0,0.0,0.0,0.0,4238.0,0.0,9626.0,0.0
BAJFINANCE,2020-11-19 18:21:00,2020-11-18,2020-11-18,2020-11-18,Employees/Designated Employees,ESOP,Buy,Equity Shares,4238.0,0.0,0.0,0.0,0.0,,0.0,4238.0,0.0
BAJFINANCE,2020-11-19 18:21:00,2020-11-18,2020-11-18,2020-11-18,Employees/Designated Employees,Market Sale,Sell,Equity Shares,2473.0,0.0,0.0,0.0,0.0,2473.0,0.0,,0.0
BAJFINANCE,2020-11-19 18:21:00,2020-11-18,2020-11-17,2020-11-17,Employees/Designated Employees,Market Sale,Sell,Equity Shares,2000.0,0.0,0.0,0.0,0.0,35919.0,0.0,33919.0,0.0
BAJFINANCE,2020-11-19 18:21:00,2020-11-18,2020-11-17,2020-11-17,Employees/Designated Employees,Market Sale,Sell,Equity Shares,500.0,0.0,0.0,0.0,0.0,31005.0,0.0,30505.0,0.0
BAJFINANCE,2020-11-19 18:21:00,2020-11-17,2020-11-17,2020-11-17,Employees/Designated Employees,Market Sale,Sell,Equity Shares,1000.0,0.0,0.0,0.0,0.0,51250.0,0.0,50250.0,0.0
BAJFINANCE,2020-11-20 22:03:00,2020-11-19,2020-11-18,2020-11-18,Employees/Designated Employees,Market Sale,Sell,Equity Shares,200.0,0.0,0.0,0.0,0.0,2411.0,0.0,2211.0,0.0
BAJFINANCE,2020-11-20 22:03:00,2020-11-19,2020-11-17,2020-11-17,Employees/Designated Employees,ESOP,Buy,Equity Shares,1275.0,0.0,0.0,0.0,0.0,33919.0,0.0,35194.0,0.0
BAJFINANCE,2020-11-20 22:03:00,2020-11-19,2020-11-19,2020-11-19,Employees/Designated Employees,Market Sale,Sell,Equity Shares,3500.0,0.0,0.0,0.0,0.0,198651.0,0.03,195151.0,0.03
BAJFINANCE,2020-11-20 22:03:00,2020-11-19,2020-11-19,2020-11-19,Employees/Designated Employees,Market Sale,Sell,Equity Shares,1000.0,0.0,0.0,0.0,0.0,42100.0,0.0,41100.0,0.0
BAJFINANCE,2020-11-20 22:03:00,2020-11-19,2020-11-19,2020-11-19,Employees/Designated Employees,ESOP,Buy,Equity Shares,1750.0,0.0,0.0,0.0,0.0,,0.0,1750.0,0.0
BAJFINANCE,2020-11-20 22:03:00,2020-11-19,2020-11-19,2020-11-19,Employees/Designated Employees,ESOP,Buy,Equity Shares,1350.0,0.0,0.0,0.0,0.0,1750.0,0.0,3100.0,0.0
BAJFINANCE,2020-11-20 22:03:00,2020-11-19,2020-11-19,2020-11-19,Employees/Designated Employees,ESOP,Buy,Equity Shares,2050.0,0.0,0.0,0.0,0.0,3100.0,0.0,5150.0,0.0
BAJFINANCE,2020-11-20 22:03:00,2020-11-19,2020-11-19,2020-11-19,Employees/Designated Employees,Pledge Creation,Pledge,Equity Shares,5150.0,0.0,0.0,0.0,0.0,5150.0,0.0,5150.0,0.0
BAJFINANCE,2020-11-20 22:03:00,2020-11-19,2020-11-19,2020-11-19,Employees/Designated Employees,Market Sale,Sell,Equity Shares,1000.0,0.0,0.0,0.0,0.0,19000.0,0.0,18000.0,0.0
BAJFINANCE,2020-11-20 22:03:00,2020-11-18,2020-11-18,2020-11-18,Employees/Designated Employees,Market Sale,Sell,Equity Shares,4000.0,0.0,0.0,0.0,0.0,23000.0,0.0,19000.0,0.0
BAJFINANCE,2020-11-20 22:03:00,2020-11-19,2020-11-18,2020-11-18,Employees/Designated Employees,Market Sale,Sell,Equity Shares,2500.0,0.0,0.0,0.0,0.0,18000.0,0.0,15500.0,0.0
BAJFINANCE,2020-11-20 22:03:00,2020-11-19,2020-11-18,2020-11-18,Employees/Designated Employees,Market Sale,Sell,Equity Shares,500.0,0.0,0.0,0.0,0.0,30505.0,0.0,30005.0,0.0
BAJFINANCE,2020-11-20 22:03:00,2020-11-19,2020-11-17,2020-11-17,Employees/Designated Employees,Market Sale,Sell,Equity Shares,200.0,0.0,0.0,0.0,0.0,2611.0,0.0,2411.0,0.0
BAJFINANCE,2020-11-20 22:03:00,2020-11-19,2020-11-11,2020-11-11,Employees/Designated Employees,Market Sale,Sell,Equity Shares,200.0,0.0,0.0,0.0,0.0,2811.0,0.0,2611.0,0.0
BAJFINANCE,2020-11-20 22:03:00,2020-11-19,2020-11-19,2020-11-19,Employees/Designated Employees,Market Sale,Sell,Equity Shares,200.0,0.0,0.0,0.0,0.0,2211.0,0.0,2011.0,0.0
BAJFINANCE,2020-11-21 17:56:00,2020-11-20,2020-11-20,2020-11-20,Employees/Designated Employees,Revokation of Pledge,Pledge Revoke,Equity Shares,1070.0,0.0,0.0,0.0,0.0,6175.0,0.0,6175.0,0.0
BAJFINANCE,2020-11-21 17:56:00,2020-11-20,2020-11-20,2020-11-20,Employees/Designated Employees,Revokation of Pledge,Pledge Revoke,Equity Shares,5150.0,0.0,0.0,0.0,0.0,5150.0,0.0,5150.0,0.0
BAJFINANCE,2020-11-21 17:56:00,2020-11-20,2020-11-20,2020-11-20,Employees/Designated Employees,Market Sale,Sell,Equity Shares,5105.0,0.0,0.0,0.0,0.0,5105.0,0.0,,0.0
BAJFINANCE,2020-11-21 17:56:00,2020-11-21,2020-11-20,2020-11-20,Employees/Designated Employees,Revokation of Pledge,Pledge Revoke,Equity Shares,20430.0,0.0,0.0,0.0,0.0,43050.0,0.0,43050.0,0.0
BAJFINANCE,2020-11-21 17:56:00,2020-11-21,2020-11-20,2020-11-20,Employees/Designated Employees,Market Sale,Sell,Equity Shares,20430.0,0.0,0.0,0.0,0.0,43050.0,0.0,22620.0,0.0
BAJFINANCE,2020-11-21 17:56:00,2020-11-21,2020-11-20,2020-11-20,Employees/Designated Employees,Market Sale,Sell,Equity Shares,19520.0,0.0,0.0,0.0,0.0,22620.0,0.0,3100.0,0.0
BAJFINANCE,2020-11-21 17:56:00,2020-11-21,2020-11-20,2020-11-20,Employees/Designated Employees,Market Sale,Sell,Equity Shares,5150.0,0.0,0.0,0.0,0.0,5150.0,0.0,,0.0
BAJFINANCE,2020-11-21 17:56:00,2020-11-20,2020-11-20,2020-11-20,Employees/Designated Employees,ESOP,Buy,Equity Shares,10875.0,0.0,0.0,0.0,0.0,2915.0,0.0,13790.0,0.0
BAJFINANCE,2020-11-21 17:56:00,2020-11-20,2020-11-20,2020-11-20,Employees/Designated Employees,ESOP,Buy,Equity Shares,6175.0,0.0,0.0,0.0,0.0,,0.0,6175.0,0.0
BAJFINANCE,2020-11-21 17:56:00,2020-11-20,2020-11-20,2020-11-20,Employees/Designated Employees,Pledge Creation,Pledge,Equity Shares,10875.0,0.0,0.0,0.0,0.0,13790.0,0.0,13790.0,0.0
BAJFINANCE,2020-11-21 17:56:00,2020-11-20,2020-11-20,2020-11-20,Employees/Designated Employees,ESOP,Buy,Equity Shares,1000.0,0.0,0.0,0.0,0.0,4130.0,0.0,5130.0,0.0
BAJFINANCE,2020-11-21 17:56:00,2020-11-20,2020-11-20,2020-11-20,Employees/Designated Employees,Market Sale,Sell,Equity Shares,1000.0,0.0,0.0,0.0,0.0,5130.0,0.0,4130.0,0.0
BAJFINANCE,2020-11-21 17:56:00,2020-11-20,2020-11-20,2020-11-20,Employees/Designated Employees,ESOP,Buy,Equity Shares,30000.0,0.0,0.0,0.0,0.0,3100.0,0.0,33100.0,0.0
BAJFINANCE,2020-11-21 17:56:00,2020-11-20,2020-11-20,2020-11-20,Employees/Designated Employees,ESOP,Buy,Equity Shares,9950.0,0.0,0.0,0.0,0.0,33100.0,0.0,43050.0,0.0
BAJFINANCE,2020-11-21 17:56:00,2020-11-20,2020-11-20,2020-11-20,Employees/Designated Employees,Pledge Creation,Pledge,Equity Shares,20430.0,0.0,0.0,0.0,0.0,43050.0,0.0,43050.0,0.0
BAJFINANCE,2020-11-21 17:56:00,2020-11-20,2020-11-20,2020-11-20,Employees/Designated Employees,Pledge Creation,Pledge,Equity Shares,1070.0,0.0,0.0,0.0,0.0,6175.0,0.0,6175.0,0.0
BAJFINANCE,2020-11-21 17:56:00,2020-11-20,2020-11-20,2020-11-20,Employees/Designated Employees,Revokation of Pledge,Pledge Revoke,Equity Shares,4370.0,0.0,0.0,0.0,0.0,13790.0,0.0,13790.0,0.0
BAJFINANCE,2020-11-21 17:56:00,2020-11-20,2020-11-20,2020-11-20,Employees/Designated Employees,Market Sale,Sell,Equity Shares,4730.0,0.0,0.0,0.0,0.0,13790.0,0.0,9060.0,0.0
BAJFINANCE,2020-11-21 17:56:00,2020-11-20,2020-11-20,2020-11-20,Employees/Designated Employees,Market Sale,Sell,Equity Shares,2000.0,0.0,0.0,0.0,0.0,41100.0,0.0,39100.0,0.0
BAJFINANCE,2020-11-21 17:56:00,2020-11-20,2020-11-20,2020-11-20,Employees/Designated Employees,Market Sale,Sell,Equity Shares,500.0,0.0,0.0,0.0,0.0,49250.0,0.0,48750.0,0.0
BAJFINANCE,2020-11-21 17:56:00,2020-11-20,2020-11-20,2020-11-20,Employees/Designated Employees,Market Sale,Sell,Equity Shares,250.0,0.0,0.0,0.0,0.0,500.0,0.0,250.0,0.0
BAJFINANCE,2020-11-21 17:56:00,2020-11-20,2020-11-20,2020-11-20,Employees/Designated Employees,Revokation of Pledge,Pledge Revoke,Equity Shares,6145.0,0.0,0.0,0.0,0.0,9060.0,0.0,9060.0,0.0
BAJFINANCE,2020-11-21 17:56:00,2020-11-20,2020-11-20,2020-11-20,Employees/Designated Employees,Market Sale,Sell,Equity Shares,1070.0,0.0,0.0,0.0,0.0,6175.0,0.0,5105.0,0.0
BAJFINANCE,2020-11-23 19:22:00,2020-11-20,2020-11-19,2020-11-19,Employees/Designated Employees,Market Sale,Sell,Equity Shares,500.0,0.0,0.0,0.0,0.0,7600.0,0.0,7100.0,0.0
BAJFINANCE,2020-11-23 19:22:00,2020-11-21,2020-11-21,2020-11-21,Employees/Designated Employees,ESOP,Buy,Equity Shares,1538.0,0.0,0.0,0.0,0.0,2485.0,0.0,4023.0,0.0
BAJFINANCE,2020-11-23 19:22:00,2020-11-21,2020-11-21,2020-11-21,Employees/Designated Employees,ESOP,Buy,Equity Shares,2125.0,0.0,0.0,0.0,0.0,360.0,0.0,2485.0,0.0
BAJFINANCE,2020-11-23 19:22:00,2020-11-21,2020-11-21,2020-11-21,Employees/Designated Employees,ESOP,Buy,Equity Shares,1350.0,0.0,0.0,0.0,0.0,5948.0,0.0,7298.0,0.0
BAJFINANCE,2020-11-23 19:22:00,2020-11-22,2020-11-19,2020-11-19,Employees/Designated Employees,Market Sale,Sell,Equity Shares,3000.0,0.0,0.0,0.0,0.0,15500.0,0.0,12500.0,0.0
BAJFINANCE,2020-11-23 19:22:00,2020-11-21,2020-11-21,2020-11-21,Employees/Designated Employees,ESOP,Buy,Equity Shares,1925.0,0.0,0.0,0.0,0.0,4023.0,0.0,5948.0,0.0
BAJFINANCE,2020-11-24 20:44:00,2020-11-24,2020-11-23,2020-11-23,Employees/Designated Employees,ESOP,Buy,Equity Shares,1300.0,0.0,0.0,0.0,0.0,32991.0,0.0,34291.0,0.0
BAJFINANCE,2020-11-24 20:44:00,2020-11-24,2020-11-23,2020-11-23,Employees/Designated Employees,ESOP,Buy,Equity Shares,1411.0,0.0,0.0,0.0,0.0,31580.0,0.0,32991.0,0.0
BAJFINANCE,2020-11-24 20:44:00,2020-11-23,2020-11-23,2020-11-23,Employees/Designated Employees,Market Sale,Sell,Equity Shares,1016.0,0.0,0.0,0.0,0.0,1016.0,0.0,,0.0
BAJFINANCE,2020-11-24 20:44:00,2020-11-24,2020-11-23,2020-11-23,Employees/Designated Employees,Pledge Creation,Pledge,Equity Shares,8486.0,0.0,0.0,0.0,0.0,38291.0,0.0,38291.0,0.0
BAJFINANCE,2020-11-24 20:44:00,2020-11-24,2020-11-24,2020-11-24,Employees/Designated Employees,Market Sale,Sell,Equity Shares,3100.0,0.0,0.0,0.0,0.0,3100.0,0.0,,0.0
BAJFINANCE,2020-11-24 20:44:00,2020-11-20,2020-11-18,2020-11-18,Employees/Designated Employees,Market Sale,Sell,Equity Shares,628.0,0.0,0.0,0.0,0.0,1644.0,0.0,1016.0,0.0
BAJFINANCE,2020-11-24 20:44:00,2020-11-23,2020-11-20,2020-11-20,Employees/Designated Employees,ESOP,Buy,Equity Shares,1686.0,0.0,0.0,0.0,0.0,,0.0,1686.0,0.0
BAJFINANCE,2020-11-24 20:44:00,2020-11-23,2020-11-23,2020-11-23,Employees/Designated Employees,Market Sale,Sell,Equity Shares,5000.0,0.0,0.0,0.0,0.0,21648.0,0.0,16648.0,0.0
BAJFINANCE,2020-11-24 20:44:00,2020-11-23,2020-11-23,2020-11-23,Employees/Designated Employees,Market Sale,Sell,Equity Shares,418.0,0.0,0.0,0.0,0.0,1686.0,0.0,1268.0,0.0
BAJFINANCE,2020-11-24 20:44:00,2020-11-23,2020-11-23,2020-11-23,Employees/Designated Employees,Market Sale,Sell,Equity Shares,2000.0,0.0,0.0,0.0,0.0,9060.0,0.0,7060.0,0.0
BAJFINANCE,2020-11-24 20:44:00,2020-11-23,2020-11-23,2020-11-23,Employees/Designated Employees,Market Sale,Sell,Equity Shares,2000.0,0.0,0.0,0.0,0.0,39100.0,0.0,37100.0,0.0
BAJFINANCE,2020-11-24 20:44:00,2020-11-23,2020-11-23,2020-11-23,Employees/Designated Employees,Market Sale,Sell,Equity Shares,2450.0,0.0,0.0,0.0,0.0,48750.0,0.0,46300.0,0.0
BAJFINANCE,2020-11-24 20:44:00,2020-11-24,2020-11-23,2020-11-23,Employees/Designated Employees,Market Sale,Sell,Equity Shares,1500.0,0.0,0.0,0.0,0.0,18000.0,0.0,16500.0,0.0
BAJFINANCE,2020-11-24 20:44:00,2020-11-24,2020-11-23,2020-11-23,Employees/Designated Employees,ESOP,Buy,Equity Shares,1775.0,0.0,0.0,0.0,0.0,29805.0,0.0,31580.0,0.0
BAJFINANCE,2020-11-24 20:44:00,2020-11-24,2020-11-19,2020-11-19,Employees/Designated Employees,Market Sale,Sell,Equity Shares,200.0,0.0,0.0,0.0,0.0,30005.0,0.0,29805.0,0.0
BAJFINANCE,2020-11-24 20:44:00,2020-11-24,2020-11-23,2020-11-23,Employees/Designated Employees,ESOP,Buy,Equity Shares,4000.0,0.0,0.0,0.0,0.0,34291.0,0.0,38291.0,0.0
BAJFINANCE,2020-11-25 17:46:00,2020-11-24,2020-11-23,2020-11-23,Employees/Designated Employees,Market Sale,Sell,Equity Shares,2500.0,0.0,0.0,0.0,0.0,17785.0,0.0,15285.0,0.0
BAJFINANCE,2020-11-25 17:46:00,2020-11-24,2020-11-24,2020-11-24,Employees/Designated Employees,ESOP,Buy,Equity Shares,1000.0,0.0,0.0,0.0,0.0,4130.0,0.0,5130.0,0.0
BAJFINANCE,2020-11-25 17:46:00,2020-11-24,2020-11-24,2020-11-24,Employees/Designated Employees,Market Sale,Sell,Equity Shares,1000.0,0.0,0.0,0.0,0.0,5130.0,0.0,4130.0,0.0
BAJFINANCE,2020-11-25 17:46:00,2020-11-25,2020-11-24,2020-11-24,Employees/Designated Employees,Market Sale,Sell,Equity Shares,2500.0,0.0,0.0,0.0,0.0,38291.0,0.0,35791.0,0.0
BAJFINANCE,2020-11-25 17:46:00,2020-11-25,2020-11-24,2020-11-24,Employees/Designated Employees,Revokation of Pledge,Pledge Revoke,Equity Shares,2500.0,0.0,0.0,0.0,0.0,38291.0,0.0,38291.0,0.0
BAJFINANCE,2020-11-25 17:46:00,2020-11-24,2020-11-23,2020-11-23,Employees/Designated Employees,Market Sale,Sell,Equity Shares,2874.0,0.0,0.0,0.0,0.0,2874.0,0.0,,0.0
BAJFINANCE,2020-11-25 17:46:00,2020-11-24,2020-11-24,2020-11-24,Employees/Designated Employees,Market Sale,Sell,Equity Shares,500.0,0.0,0.0,0.0,0.0,46300.0,0.0,45800.0,0.0
BAJFINANCE,2020-11-25 17:46:00,2020-11-25,2020-11-23,2020-11-23,Employees/Designated Employees,Market Sale,Sell,Equity Shares,6938.0,0.0,0.0,0.0,0.0,7298.0,0.0,360.0,0.0
BAJFINANCE,2020-11-25 17:46:00,2020-11-24,2020-11-23,2020-11-23,Employees/Designated Employees,Market Sale,Sell,Equity Shares,3550.0,0.0,0.0,0.0,0.0,195151.0,0.03,191601.0,0.03
BAJFINANCE,2020-11-27 18:43:00,2020-11-25,2020-11-25,2020-11-25,Employees/Designated Employees,Market Sale,Sell,Equity Shares,1000.0,0.0,0.0,0.0,0.0,5130.0,0.0,4130.0,0.0
BAJFINANCE,2020-11-27 18:43:00,2020-11-25,2020-11-25,2020-11-25,Employees/Designated Employees,ESOP,Buy,Equity Shares,1000.0,0.0,0.0,0.0,0.0,4130.0,0.0,5130.0,0.0
BAJFINANCE,2020-11-27 18:43:00,2020-11-26,2020-11-25,2020-11-25,Employees/Designated Employees,Revokation of Pledge,Pledge Revoke,Equity Shares,1500.0,0.0,0.0,0.0,0.0,35791.0,0.0,35791.0,0.0
BAJFINANCE,2020-11-27 18:43:00,2020-11-26,2020-11-25,2020-11-25,Employees/Designated Employees,Market Sale,Sell,Equity Shares,1500.0,0.0,0.0,0.0,0.0,35791.0,0.0,34291.0,0.0
BAJFINANCE,2020-11-27 18:43:00,2020-11-25,2020-11-23,2020-11-23,Employees/Designated Employees,Market Sale,Sell,Equity Shares,200.0,0.0,0.0,0.0,0.0,1811.0,0.0,1611.0,0.0
BAJFINANCE,2020-11-27 18:43:00,2020-11-27,2020-11-26,2020-11-26,Employees/Designated Employees,Market Sale,Sell,Equity Shares,1000.0,0.0,0.0,0.0,0.0,34291.0,0.0,33291.0,0.0
BAJFINANCE,2020-11-27 18:43:00,2020-11-26,2020-11-26,2020-11-26,Employees/Designated Employees,Market Sale,Sell,Equity Shares,800.0,0.0,0.0,0.0,0.0,191501.0,0.03,190701.0,0.03
BAJFINANCE,2020-11-27 18:43:00,2020-11-26,2020-11-24,2020-11-24,Employees/Designated Employees,Market Sale,Sell,Equity Shares,100.0,0.0,0.0,0.0,0.0,191601.0,0.03,191501.0,0.03
BAJFINANCE,2020-11-27 18:43:00,2020-11-26,2020-11-26,2020-11-26,Employees/Designated Employees,Market Sale,Sell,Equity Shares,2000.0,0.0,0.0,0.0,0.0,16500.0,0.0,14500.0,0.0
BAJFINANCE,2020-11-27 18:43:00,2020-11-27,2020-11-26,2020-11-26,Employees/Designated Employees,Revokation of Pledge,Pledge Revoke,Equity Shares,1000.0,0.0,0.0,0.0,0.0,34291.0,0.0,34291.0,0.0
BAJFINANCE,2020-11-27 18:43:00,2020-11-25,2020-11-20,2020-11-20,Employees/Designated Employees,Market Sale,Sell,Equity Shares,200.0,0.0,0.0,0.0,0.0,2011.0,0.0,1811.0,0.0
BAJFINANCE,2020-12-04 09:51:00,2020-12-03,2020-12-01,2020-12-01,Employees/Designated Employees,Revokation of Pledge,Pledge Revoke,Equity Shares,3486.0,0.0,0.0,0.0,0.0,33291.0,0.0,33291.0,0.0
BAJFINANCE,2020-12-09 17:43:00,2020-12-09,2020-12-08,2020-12-08,Employees/Designated Employees,Market Sale,Sell,Equity Shares,250.0,0.0,0.0,0.0,0.0,38027.0,0.0,37777.0,0.0
BAJFINANCE,2020-12-10 17:29:00,2020-12-10,2020-12-09,2020-12-09,Employees/Designated Employees,Market Sale,Sell,Equity Shares,300.0,0.0,0.0,0.0,0.0,33291.0,0.0,32991.0,0.0
BAJFINANCE,2020-12-10 17:29:00,2020-12-10,2020-12-09,2020-12-09,Employees/Designated Employees,Market Sale,Sell,Equity Shares,350.0,0.0,0.0,0.0,0.0,37777.0,0.0,37427.0,0.0
BAJFINANCE,2020-12-14 17:46:00,2020-12-11,2020-12-11,2020-12-11,Employees/Designated Employees,Market Sale,Sell,Equity Shares,2000.0,0.0,0.0,0.0,0.0,37100.0,0.0,35100.0,0.0
BAJFINANCE,2020-12-14 17:46:00,2020-12-11,2020-12-11,2020-12-11,Employees/Designated Employees,ESOP,Buy,Equity Shares,2800.0,0.0,0.0,0.0,0.0,35100.0,0.0,37900.0,0.0
BAJFINANCE,2020-12-14 17:46:00,2020-12-12,2020-12-11,2020-12-11,Employees/Designated Employees,Market Sale,Sell,Equity Shares,350.0,0.0,0.0,0.0,0.0,37427.0,0.0,37077.0,0.0
BAJFINANCE,2020-12-14 17:46:00,2020-12-11,2020-12-11,2020-12-11,Employees/Designated Employees,Market Sale,Sell,Equity Shares,2000.0,0.0,0.0,0.0,0.0,45800.0,0.0,43800.0,0.0
BAJFINANCE,2020-12-14 17:46:00,2020-12-12,2020-12-11,2020-12-11,Employees/Designated Employees,Market Sale,Sell,Equity Shares,400.0,0.0,0.0,0.0,0.0,32591.0,0.0,32191.0,0.0
BAJFINANCE,2020-12-14 17:46:00,2020-12-14,2020-12-12,2020-12-12,Employees/Designated Employees,ESOP,Buy,Equity Shares,1211.0,0.0,0.0,0.0,0.0,,0.0,1211.0,0.0
BAJFINANCE,2020-12-14 17:46:00,2020-12-11,2020-12-10,2020-12-10,Employees/Designated Employees,Market Sale,Sell,Equity Shares,400.0,0.0,0.0,0.0,0.0,32991.0,0.0,32591.0,0.0
BAJFINANCE,2020-12-16 19:53:00,2020-12-15,2020-12-14,2020-12-14,Employees/Designated Employees,Market Sale,Sell,Equity Shares,600.0,0.0,0.0,0.0,0.0,32191.0,0.0,31591.0,0.0
BAJFINANCE,2020-12-16 19:53:00,2020-12-14,2020-12-14,2020-12-14,Employees/Designated Employees,Market Sale,Sell,Equity Shares,4000.0,0.0,0.0,0.0,0.0,43800.0,0.0,39800.0,0.0
BAJFINANCE,2020-12-16 19:53:00,2020-12-14,2020-12-14,2020-12-14,Employees/Designated Employees,Market Sale,Sell,Equity Shares,2500.0,0.0,0.0,0.0,0.0,37900.0,0.0,35400.0,0.0
BAJFINANCE,2020-12-16 19:53:00,2020-12-14,2020-12-14,2020-12-14,Employees/Designated Employees,Market Sale,Sell,Equity Shares,500.0,0.0,0.0,0.0,0.0,14500.0,0.0,14000.0,0.0
BAJFINANCE,2020-12-16 19:53:00,2020-12-16,2020-12-15,2020-12-15,Employees/Designated Employees,Market Sale,Sell,Equity Shares,225.0,0.0,0.0,0.0,0.0,37077.0,0.0,36852.0,0.0
BAJFINANCE,2020-12-16 19:53:00,2020-12-16,2020-12-15,2020-12-15,Employees/Designated Employees,Market Sale,Sell,Equity Shares,400.0,0.0,0.0,0.0,0.0,31291.0,0.0,30891.0,0.0
BAJFINANCE,2020-12-16 19:53:00,2020-12-16,2020-12-15,2020-12-15,Employees/Designated Employees,Market Sale,Sell,Equity Shares,300.0,0.0,0.0,0.0,0.0,31591.0,0.0,31291.0,0.0
BAJFINANCE,2020-12-16 19:53:00,2020-12-15,2020-12-15,2020-12-15,Employees/Designated Employees,Market Sale,Sell,Equity Shares,3000.0,0.0,0.0,0.0,0.0,14000.0,0.0,11000.0,0.0
BAJFINANCE,2020-12-16 19:53:00,2020-12-15,2020-12-15,2020-12-15,Employees/Designated Employees,Market Sale,Sell,Equity Shares,4000.0,0.0,0.0,0.0,0.0,39800.0,0.0,35800.0,0.0
BAJFINANCE,2020-12-16 19:53:00,2020-12-15,2020-12-15,2020-12-15,Employees/Designated Employees,Market Sale,Sell,Equity Shares,500.0,0.0,0.0,0.0,0.0,35400.0,0.0,34900.0,0.0
BAJFINANCE,2020-12-16 19:53:00,2020-12-16,2020-12-15,2020-12-15,Employees/Designated Employees,ESOP,Buy,Equity Shares,3450.0,0.0,0.0,0.0,0.0,34900.0,0.0,38350.0,0.0
BAJFINANCE,2020-12-16 19:53:00,2020-12-16,2020-12-15,2020-12-15,Employees/Designated Employees,Market Sale,Sell,Equity Shares,200.0,0.0,0.0,0.0,0.0,36852.0,0.0,36652.0,0.0
BAJFINANCE,2020-12-16 19:53:00,2020-12-15,2020-12-15,2020-12-15,Employees/Designated Employees,Market Sale,Sell,Equity Shares,5000.0,0.0,0.0,0.0,0.0,12500.0,0.0,7500.0,0.0
BAJFINANCE,2020-12-18 21:51:00,2020-12-16,2020-12-16,2020-12-16,Employees/Designated Employees,ESOP,Buy,Equity Shares,1438.0,0.0,0.0,0.0,0.0,,0.0,1438.0,0.0
BAJFINANCE,2020-12-18 21:51:00,2020-12-18,2020-11-26,2020-11-26,Employees/Designated Employees,Market Sale,Sell,Equity Shares,200.0,0.0,0.0,0.0,0.0,1611.0,0.0,1411.0,0.0
BAJFINANCE,2020-12-18 21:51:00,2020-12-18,2020-12-17,2020-12-17,Employees/Designated Employees,Revokation of Pledge,Pledge Revoke,Equity Shares,9250.0,0.0,0.0,0.0,0.0,9250.0,0.0,9250.0,0.0
BAJFINANCE,2020-12-18 21:51:00,2020-12-18,2020-12-17,2020-12-17,Employees/Designated Employees,Market Sale,Sell,Equity Shares,200.0,0.0,0.0,0.0,0.0,1411.0,0.0,1211.0,0.0
BAJFINANCE,2020-12-18 21:51:00,2020-12-18,2020-12-17,2020-12-17,Employees/Designated Employees,Market Sale,Sell,Equity Shares,3500.0,0.0,0.0,0.0,0.0,10500.0,0.0,7000.0,0.0
BAJFINANCE,2020-12-18 21:51:00,2020-12-17,2020-12-17,2020-12-17,Employees/Designated Employees,Market Sale,Sell,Equity Shares,3700.0,0.0,0.0,0.0,0.0,189965.0,0.03,186265.0,0.03
BAJFINANCE,2020-12-18 21:51:00,2020-12-17,2020-12-16,2020-12-16,Employees/Designated Employees,Market Sale,Sell,Equity Shares,736.0,0.0,0.0,0.0,0.0,190701.0,0.03,189965.0,0.03
BAJFINANCE,2020-12-18 21:51:00,2020-12-17,2020-12-17,2020-12-17,Employees/Designated Employees,Market Sale,Sell,Equity Shares,2000.0,0.0,0.0,0.0,0.0,35800.0,0.0,33800.0,0.0
BAJFINANCE,2020-12-18 21:51:00,2020-12-16,2020-12-16,2020-12-16,Employees/Designated Employees,ESOP,Buy,Equity Shares,2750.0,0.0,0.0,0.0,0.0,4750.0,0.0,7500.0,0.0
BAJFINANCE,2020-12-18 21:51:00,2020-12-16,2020-12-16,2020-12-16,Employees/Designated Employees,ESOP,Buy,Equity Shares,4750.0,0.0,0.0,0.0,0.0,,0.0,4750.0,0.0
BAJFINANCE,2020-12-18 21:51:00,2020-12-16,2020-12-16,2020-12-16,Employees/Designated Employees,Market Sale,Sell,Equity Shares,1211.0,0.0,0.0,0.0,0.0,1211.0,0.0,,0.0
BAJFINANCE,2020-12-18 21:51:00,2020-12-17,2020-12-16,2020-12-16,Employees/Designated Employees,ESOP,Buy,Equity Shares,1750.0,0.0,0.0,0.0,0.0,7500.0,0.0,9250.0,0.0
BAJFINANCE,2020-12-18 21:51:00,2020-12-17,2020-12-17,2020-12-17,Employees/Designated Employees,Pledge Creation,Pledge,Equity Shares,9250.0,0.0,0.0,0.0,0.0,9250.0,0.0,9250.0,0.0
BAJFINANCE,2020-12-18 21:51:00,2020-12-17,2020-12-16,2020-12-16,Employees/Designated Employees,Market Sale,Sell,Equity Shares,500.0,0.0,0.0,0.0,0.0,11000.0,0.0,10500.0,0.0
BAJFINANCE,2020-12-18 21:51:00,2020-12-18,2020-12-17,2020-12-17,Employees/Designated Employees,Market Sale,Sell,Equity Shares,9250.0,0.0,0.0,0.0,0.0,9250.0,0.0,,0.0
BAJFINANCE,2020-12-21 19:12:00,2020-12-21,2020-12-21,2020-12-21,Employees/Designated Employees,Market Sale,Sell,Equity Shares,2622.0,0.0,0.0,0.0,0.0,2623.0,0.0,1.0,0.0
BAJFINANCE,2020-12-21 19:12:00,2020-12-21,2020-12-21,2020-12-21,Employees/Designated Employees,ESOP,Buy,Equity Shares,2137.0,0.0,0.0,0.0,0.0,,0.0,2137.0,0.0
BAJFINANCE,2020-12-21 19:12:00,2020-12-21,2020-12-21,2020-12-21,Employees/Designated Employees,ESOP,Buy,Equity Shares,486.0,0.0,0.0,0.0,0.0,2137.0,0.0,2623.0,0.0
BAJFINANCE,2020-12-21 19:12:00,2020-12-21,2020-12-16,2020-12-16,Employees/Designated Employees,ESOP,Buy,Equity Shares,86.0,0.0,0.0,0.0,0.0,4130.0,0.0,4216.0,0.0
BAJFINANCE,2020-12-21 19:12:00,2020-12-21,2020-12-16,2020-12-16,Employees/Designated Employees,Market Sale,Sell,Equity Shares,86.0,0.0,0.0,0.0,0.0,4216.0,0.0,4130.0,0.0
BAJFINANCE,2020-12-21 19:12:00,2020-12-21,2020-12-19,2020-12-19,Employees/Designated Employees,ESOP,Buy,Equity Shares,88.0,0.0,0.0,0.0,0.0,4130.0,0.0,4218.0,0.0
BAJFINANCE,2020-12-21 19:12:00,2020-12-19,2020-12-18,2020-12-18,Employees/Designated Employees,Market Sale,Sell,Equity Shares,250.0,0.0,0.0,0.0,0.0,36652.0,0.0,36402.0,0.0
BAJFINANCE,2020-12-21 19:12:00,2020-12-21,2020-12-21,2020-12-21,Employees/Designated Employees,Market Sale,Sell,Equity Shares,88.0,0.0,0.0,0.0,0.0,4218.0,0.0,4130.0,0.0
BAJFINANCE,2020-12-23 17:42:00,2020-12-23,2020-12-21,2020-12-21,Employees/Designated Employees,Market Sale,Sell,Equity Shares,200.0,0.0,0.0,0.0,0.0,200.0,0.0,,0.0
BAJFINANCE,2020-12-23 17:42:00,2020-12-23,2020-12-15,2020-12-15,Employees/Designated Employees,Market Sale,Sell,Equity Shares,125.0,0.0,0.0,0.0,0.0,325.0,0.0,200.0,0.0
BAJFINANCE,2020-12-23 17:42:00,2020-12-23,2020-12-23,2020-12-23,Employees/Designated Employees,Market Sale,Sell,Equity Shares,270.0,0.0,0.0,0.0,0.0,36402.0,0.0,36132.0,0.0
BAJFINANCE,2020-12-24 20:40:00,2020-12-24,2020-12-24,2020-12-24,Employees/Designated Employees,Market Sale,Sell,Equity Shares,100.0,0.0,0.0,0.0,0.0,30791.0,0.0,30691.0,0.0
BAJFINANCE,2020-12-24 20:40:00,2020-12-24,2020-12-24,2020-12-24,Employees/Designated Employees,Market Sale,Sell,Equity Shares,500.0,0.0,0.0,0.0,0.0,4630.0,0.0,4130.0,0.0
BAJFINANCE,2020-12-24 20:40:00,2020-12-24,2020-12-17,2020-12-17,Employees/Designated Employees,Market Sale,Sell,Equity Shares,100.0,0.0,0.0,0.0,0.0,30891.0,0.0,30791.0,0.0
BAJFINANCE,2020-12-24 20:40:00,2020-12-24,2020-12-24,2020-12-24,Employees/Designated Employees,ESOP,Buy,Equity Shares,500.0,0.0,0.0,0.0,0.0,4130.0,0.0,4630.0,0.0
BAJFINANCE,2020-12-28 10:22:00,2020-12-24,2020-12-16,2020-12-16,Employees/Designated Employees,Market Sale,Sell,Equity Shares,15.0,0.0,0.0,0.0,0.0,1290.0,0.0,1275.0,0.0
BAJFINANCE,2020-12-28 10:22:00,2020-12-24,2020-11-05,2020-11-05,Employees/Designated Employees,Market Purchase,Buy,Equity Shares,15.0,0.0,0.0,0.0,0.0,1275.0,0.0,1290.0,0.0
BAJFINANCE,2020-12-28 10:22:00,2020-12-24,2020-12-23,2020-12-23,Employees/Designated Employees,Market Sale,Sell,Equity Shares,60.0,0.0,0.0,0.0,0.0,1195.0,0.0,1135.0,0.0
BAJFINANCE,2020-12-28 10:22:00,2020-12-24,2020-12-24,2020-12-24,Employees/Designated Employees,Market Sale,Sell,Equity Shares,120.0,0.0,0.0,0.0,0.0,1135.0,0.0,1015.0,0.0
BAJFINANCE,2020-12-28 10:22:00,2020-12-24,2020-12-22,2020-12-22,Employees/Designated Employees,Market Sale,Sell,Equity Shares,80.0,0.0,0.0,0.0,0.0,1275.0,0.0,1195.0,0.0
BAJFINANCE,2020-12-28 10:22:00,2020-12-24,2020-11-05,2020-11-05,Employees/Designated Employees,Market Sale,Sell,Equity Shares,25.0,0.0,0.0,0.0,0.0,1300.0,0.0,1275.0,0.0
BAJFINANCE,2020-12-28 10:22:00,2020-12-24,2020-12-24,2020-12-24,Employees/Designated Employees,Market Sale,Sell,Equity Shares,1000.0,0.0,0.0,0.0,0.0,186265.0,0.03,185265.0,0.03
BAJFINANCE,2021-02-01 11:35:00,2021-01-28,2021-01-25,2021-01-25,Promoter Group,Inter-se-Transfer,Buy,Equity Shares,61000.0,0.0,0.0,0.0,0.0,,0.0,61000.0,0.01
BAJFINANCE,2021-02-01 11:35:00,2021-01-28,2021-01-25,2021-01-25,Promoter Group,Inter-se-Transfer,Buy,Equity Shares,61000.0,0.0,0.0,0.0,0.0,,0.0,61000.0,0.01
BAJFINANCE,2021-02-01 11:35:00,2021-01-28,2021-01-25,2021-01-25,Promoter Group,Inter-se-Transfer,Sell,Equity Shares,122000.0,0.0,0.0,0.0,0.0,186000.0,0.03,64000.0,0.01
BAJFINANCE,2021-02-03 17:45:00,2021-02-01,2021-02-01,2021-02-01,Employees/Designated Employees,ESOP,Buy,Equity Shares,250.0,0.0,0.0,0.0,0.0,16535.0,0.0,16785.0,0.0
BAJFINANCE,2021-02-03 17:45:00,2021-02-01,2021-01-30,2021-01-30,Employees/Designated Employees,ESOP,Buy,Equity Shares,250.0,0.0,0.0,0.0,0.0,16285.0,0.0,16535.0,0.0
BAJFINANCE,2021-02-03 17:45:00,2021-02-01,2021-01-20,2021-01-20,Employees/Designated Employees,ESOP,Buy,Equity Shares,250.0,0.0,0.0,0.0,0.0,16035.0,0.0,16285.0,0.0
BAJFINANCE,2021-02-03 17:45:00,2021-02-01,2021-01-19,2021-01-19,Employees/Designated Employees,ESOP,Buy,Equity Shares,750.0,0.0,0.0,0.0,0.0,15285.0,0.0,16035.0,0.0
BAJFINANCE,2021-02-03 17:47:00,2021-02-02,2021-02-01,2021-02-01,Employees/Designated Employees,ESOP,Buy,Equity Shares,4100.0,0.0,0.0,0.0,0.0,185265.0,0.03,189365.0,0.03
BAJFINANCE,2021-02-03 17:47:00,2021-02-02,2021-02-01,2021-02-01,Employees/Designated Employees,ESOP,Buy,Equity Shares,9800.0,0.0,0.0,0.0,0.0,189365.0,0.03,199165.0,0.03
BAJFINANCE,2021-02-08 18:18:00,2021-02-08,2021-02-08,2021-02-08,Director,Market Sale,Sell,Equity Shares,120000.0,0.0,0.0,0.0,0.0,293900.0,0.05,173900.0,0.03
BAJFINANCE,2021-02-08 18:18:00,2021-02-08,2021-02-08,2021-02-08,Director,Revokation of Pledge,Pledge Revoke,Equity Shares,267450.0,0.0,0.0,0.0,0.0,293900.0,0.05,293900.0,0.05
BAJFINANCE,2021-02-08 18:18:00,2021-02-08,2021-02-08,2021-02-08,Director,Pledge Creation,Pledge,Equity Shares,267450.0,0.0,0.0,0.0,0.0,293900.0,0.05,293900.0,0.05
BAJFINANCE,2021-02-08 18:18:00,2021-02-08,2021-02-08,2021-02-08,Director,Market Sale,Sell,Equity Shares,111450.0,0.0,0.0,0.0,0.0,173900.0,0.03,62450.0,0.01
BAJFINANCE,2021-02-08 18:18:00,2021-02-08,2021-02-08,2021-02-08,Director,ESOP,Buy,Equity Shares,109700.0,0.0,0.0,0.0,0.0,26450.0,0.0,136150.0,0.02
BAJFINANCE,2021-02-08 18:18:00,2021-02-08,2021-02-08,2021-02-08,Director,ESOP,Buy,Equity Shares,93750.0,0.0,0.0,0.0,0.0,136150.0,0.02,229900.0,0.04
BAJFINANCE,2021-02-08 18:18:00,2021-02-08,2021-02-08,2021-02-08,Director,ESOP,Buy,Equity Shares,64000.0,0.0,0.0,0.0,0.0,229900.0,0.04,293900.0,0.05
BAJFINANCE,2021-02-09 19:40:00,2021-02-08,2021-02-08,2021-02-08,Employees/Designated Employees,Market Sale,Sell,Equity Shares,500.0,0.0,0.0,0.0,0.0,33800.0,0.01,33300.0,0.01
BAJFINANCE,2021-02-09 19:40:00,2021-02-08,2021-02-08,2021-02-08,Employees/Designated Employees,Market Sale,Sell,Equity Shares,7500.0,0.0,0.0,0.0,0.0,7500.0,0.0,,0.0
BAJFINANCE,2021-02-09 19:40:00,2021-02-09,2021-02-08,2021-02-08,Employees/Designated Employees,Market Sale,Sell,Equity Shares,500.0,0.0,0.0,0.0,0.0,36132.0,0.01,35632.0,0.01
BAJFINANCE,2021-02-09 19:40:00,2021-02-06,2021-02-03,2021-02-03,Employees/Designated Employees,ESOP,Buy,Equity Shares,4500.0,0.0,0.0,0.0,0.0,23850.0,0.0,28350.0,0.0
BAJFINANCE,2021-02-09 19:40:00,2021-02-06,2021-02-03,2021-02-03,Employees/Designated Employees,ESOP,Buy,Equity Shares,3000.0,0.0,0.0,0.0,0.0,20850.0,0.0,23850.0,0.0
BAJFINANCE,2021-02-09 19:40:00,2021-02-08,2021-02-08,2021-02-08,Employees/Designated Employees,Market Sale,Sell,Equity Shares,2000.0,0.0,0.0,0.0,0.0,38350.0,0.01,36350.0,0.01
BAJFINANCE,2021-02-11 18:42:00,2021-02-10,2021-02-09,2021-02-09,Employees/Designated Employees,Market Sale,Sell,Equity Shares,1438.0,0.0,0.0,0.0,0.0,1438.0,0.0,,0.0
BAJFINANCE,2021-02-11 18:42:00,2021-02-10,2021-02-10,2021-02-10,Employees/Designated Employees,ESOP,Buy,Equity Shares,25500.0,0.0,0.0,0.0,0.0,33300.0,0.01,58800.0,0.01
BAJFINANCE,2021-02-11 18:42:00,2021-02-11,2021-02-10,2021-02-10,Employees/Designated Employees,Market Sale,Sell,Equity Shares,4000.0,0.0,0.0,0.0,0.0,58800.0,0.01,54800.0,0.01
BAJFINANCE,2021-02-11 18:42:00,2021-02-11,2021-02-10,2021-02-10,Employees/Designated Employees,Revokation of Pledge,Pledge Revoke,Equity Shares,4000.0,0.0,0.0,0.0,0.0,58800.0,0.01,58800.0,0.01
BAJFINANCE,2021-02-11 18:42:00,2021-02-11,2021-02-10,2021-02-10,Employees/Designated Employees,Market Sale,Sell,Equity Shares,600.0,0.0,0.0,0.0,0.0,35632.0,0.01,35032.0,0.01
BAJFINANCE,2021-02-11 18:42:00,2021-02-10,2021-02-10,2021-02-10,Employees/Designated Employees,Pledge Creation,Pledge,Equity Shares,25500.0,0.0,0.0,0.0,0.0,58800.0,0.01,58800.0,0.01
BAJFINANCE,2021-02-12 19:33:00,2021-02-12,2021-02-12,2021-02-12,Employees/Designated Employees,ESOP,Buy,Equity Shares,5886.0,0.0,0.0,0.0,0.0,6088.0,0.0,11974.0,0.0
BAJFINANCE,2021-02-12 19:33:00,2021-02-12,2021-02-12,2021-02-12,Employees/Designated Employees,ESOP,Buy,Equity Shares,5088.0,0.0,0.0,0.0,0.0,1000.0,0.0,6088.0,0.0
BAJFINANCE,2021-02-12 19:33:00,2021-02-12,2021-02-11,2021-02-11,Employees/Designated Employees,Revokation of Pledge,Pledge Revoke,Equity Shares,21262.0,0.0,0.0,0.0,0.0,41007.0,0.01,41007.0,0.01
BAJFINANCE,2021-02-12 19:33:00,2021-02-12,2021-02-11,2021-02-11,Employees/Designated Employees,Market Sale,Sell,Equity Shares,23500.0,0.0,0.0,0.0,0.0,64507.0,0.01,41007.0,0.01
BAJFINANCE,2021-02-12 19:33:00,2021-02-12,2021-02-11,2021-02-11,Employees/Designated Employees,Revokation of Pledge,Pledge Revoke,Equity Shares,23500.0,0.0,0.0,0.0,0.0,64507.0,0.01,64507.0,0.01
BAJFINANCE,2021-02-12 19:33:00,2021-02-12,2021-02-11,2021-02-11,Employees/Designated Employees,Revokation of Pledge,Pledge Revoke,Equity Shares,21500.0,0.0,0.0,0.0,0.0,54800.0,0.01,54800.0,0.01
BAJFINANCE,2021-02-12 19:33:00,2021-02-11,2021-02-11,2021-02-11,Employees/Designated Employees,Pledge Creation,Pledge,Equity Shares,44762.0,0.0,0.0,0.0,0.0,64507.0,0.01,64507.0,0.01
BAJFINANCE,2021-02-12 19:33:00,2021-02-11,2021-02-11,2021-02-11,Employees/Designated Employees,ESOP,Buy,Equity Shares,2700.0,0.0,0.0,0.0,0.0,25495.0,0.0,28195.0,0.0
BAJFINANCE,2021-02-12 19:33:00,2021-02-11,2021-02-11,2021-02-11,Employees/Designated Employees,ESOP,Buy,Equity Shares,5750.0,0.0,0.0,0.0,0.0,19745.0,0.0,25495.0,0.0
BAJFINANCE,2021-02-12 19:33:00,2021-02-11,2021-02-11,2021-02-11,Employees/Designated Employees,ESOP,Buy,Equity Shares,12750.0,0.0,0.0,0.0,0.0,51757.0,0.01,64507.0,0.01
BAJFINANCE,2021-02-12 19:33:00,2021-02-11,2021-02-11,2021-02-11,Employees/Designated Employees,ESOP,Buy,Equity Shares,9562.0,0.0,0.0,0.0,0.0,28195.0,0.0,37757.0,0.01
BAJFINANCE,2021-02-12 19:33:00,2021-02-11,2021-02-11,2021-02-11,Employees/Designated Employees,ESOP,Buy,Equity Shares,4500.0,0.0,0.0,0.0,0.0,37757.0,0.01,42257.0,0.01
BAJFINANCE,2021-02-12 19:33:00,2021-02-11,2021-02-11,2021-02-11,Employees/Designated Employees,ESOP,Buy,Equity Shares,9500.0,0.0,0.0,0.0,0.0,42257.0,0.01,51757.0,0.01
BAJFINANCE,2021-02-17 15:47:00,2021-02-15,2021-02-12,2021-02-12,Employees/Designated Employees,Market Sale,Sell,Equity Shares,15.0,0.0,0.0,0.0,0.0,880.0,0.0,865.0,0.0
BAJFINANCE,2021-02-17 15:47:00,2021-02-15,2021-02-15,2021-02-15,Employees/Designated Employees,Market Sale,Sell,Equity Shares,45.0,0.0,0.0,0.0,0.0,865.0,0.0,820.0,0.0
BAJFINANCE,2021-02-17 15:47:00,2021-02-15,2021-02-09,2021-02-09,Employees/Designated Employees,Market Sale,Sell,Equity Shares,15.0,0.0,0.0,0.0,0.0,1015.0,0.0,1000.0,0.0
BAJFINANCE,2021-02-17 15:47:00,2021-02-16,2021-02-15,2021-02-15,Employees/Designated Employees,Market Sale,Sell,Equity Shares,1000.0,0.0,0.0,0.0,0.0,11974.0,0.0,10974.0,0.0
BAJFINANCE,2021-02-17 15:47:00,2021-02-15,2021-02-15,2021-02-15,Employees/Designated Employees,Market Sale,Sell,Equity Shares,5500.0,0.0,0.0,0.0,0.0,54800.0,0.01,49300.0,0.01
BAJFINANCE,2021-02-17 15:47:00,2021-02-15,2021-02-15,2021-02-15,Employees/Designated Employees,Market Sale,Sell,Equity Shares,3000.0,0.0,0.0,0.0,0.0,36350.0,0.01,33350.0,0.01
BAJFINANCE,2021-02-17 15:47:00,2021-02-15,2021-02-10,2021-02-10,Employees/Designated Employees,Market Sale,Sell,Equity Shares,80.0,0.0,0.0,0.0,0.0,1000.0,0.0,920.0,0.0
BAJFINANCE,2021-02-17 15:47:00,2021-02-15,2021-02-11,2021-02-11,Employees/Designated Employees,Market Sale,Sell,Equity Shares,40.0,0.0,0.0,0.0,0.0,920.0,0.0,880.0,0.0
BAJFINANCE,2021-02-17 15:47:00,2021-02-16,2021-02-15,2021-02-15,Employees/Designated Employees,Market Sale,Sell,Equity Shares,600.0,0.0,0.0,0.0,0.0,199165.0,0.03,198565.0,0.03
BAJFINANCE,2021-02-17 15:50:00,2021-02-16,2021-02-16,2021-02-16,Employees/Designated Employees,ESOP,Buy,Equity Shares,700.0,0.0,0.0,0.0,0.0,4130.0,0.0,4830.0,0.0
BAJFINANCE,2021-02-19 10:29:00,2021-02-18,2021-02-17,2021-02-17,Employees/Designated Employees,Market Sale,Sell,Equity Shares,700.0,0.0,0.0,0.0,0.0,4830.0,0.0,4130.0,0.0
BAJFINANCE,2021-02-19 10:29:00,2021-02-18,2021-02-17,2021-02-17,Employees/Designated Employees,Market Sale,Sell,Equity Shares,200.0,0.0,0.0,0.0,0.0,30691.0,0.01,30491.0,0.01
BAJFINANCE,2021-02-19 10:29:00,2021-02-18,2021-02-17,2021-02-17,Employees/Designated Employees,Market Sale,Sell,Equity Shares,1000.0,0.0,0.0,0.0,0.0,8974.0,0.0,7974.0,0.0
BAJFINANCE,2021-02-19 10:29:00,2021-02-17,2021-02-17,2021-02-17,Employees/Designated Employees,Market Sale,Sell,Equity Shares,500.0,0.0,0.0,0.0,0.0,49300.0,0.01,48800.0,0.01
BAJFINANCE,2021-02-19 10:29:00,2021-02-17,2021-02-17,2021-02-17,Employees/Designated Employees,ESOP,Buy,Equity Shares,700.0,0.0,0.0,0.0,0.0,4130.0,0.0,4830.0,0.0
BAJFINANCE,2021-02-19 10:29:00,2021-02-17,2021-02-16,2021-02-16,Employees/Designated Employees,Market Sale,Sell,Equity Shares,2000.0,0.0,0.0,0.0,0.0,10974.0,0.0,8974.0,0.0
BAJFINANCE,2021-02-19 10:29:00,2021-02-17,2021-02-16,2021-02-16,Employees/Designated Employees,Market Sale,Sell,Equity Shares,700.0,0.0,0.0,0.0,0.0,4830.0,0.0,4130.0,0.0
BAJFINANCE,2021-02-20 12:31:00,2021-02-19,2021-02-16,2021-02-16,Employees/Designated Employees,ESOP,Buy,Equity Shares,450.0,0.0,0.0,0.0,0.0,35032.0,0.01,35482.0,0.01
BAJFINANCE,2021-02-20 12:31:00,2021-02-19,2021-02-18,2021-02-18,Employees/Designated Employees,ESOP,Buy,Equity Shares,575.0,0.0,0.0,0.0,0.0,35482.0,0.01,36057.0,0.01
BAJFINANCE,2021-02-25 11:20:00,2021-02-24,2021-02-24,2021-02-24,Employees/Designated Employees,Revokation of Pledge,Pledge Revoke,Equity Shares,12000.0,0.0,0.0,0.0,0.0,75550.0,0.01,75550.0,0.01
BAJFINANCE,2021-02-25 11:20:00,2021-02-25,2021-02-24,2021-02-24,Employees/Designated Employees,Market Sale,Sell,Equity Shares,1500.0,0.0,0.0,0.0,0.0,6474.0,0.0,4974.0,0.0
BAJFINANCE,2021-02-25 11:20:00,2021-02-25,2021-02-24,2021-02-24,Employees/Designated Employees,Market Sale,Sell,Equity Shares,500.0,0.0,0.0,0.0,0.0,4974.0,0.0,4474.0,0.0
BAJFINANCE,2021-02-25 11:20:00,2021-02-25,2021-02-24,2021-02-24,Employees/Designated Employees,Market Sale,Sell,Equity Shares,2000.0,0.0,0.0,0.0,0.0,4474.0,0.0,2474.0,0.0
BAJFINANCE,2021-02-25 11:20:00,2021-02-23,2021-02-23,2021-02-23,Employees/Designated Employees,Market Sale,Sell,Equity Shares,10000.0,0.0,0.0,0.0,0.0,85550.0,0.01,75550.0,0.01
BAJFINANCE,2021-02-25 11:20:00,2021-02-24,2021-02-23,2021-02-23,Employees/Designated Employees,Market Sale,Sell,Equity Shares,200.0,0.0,0.0,0.0,0.0,30491.0,0.01,30291.0,0.01
BAJFINANCE,2021-02-25 11:20:00,2021-02-24,2021-02-23,2021-02-23,Employees/Designated Employees,Market Sale,Sell,Equity Shares,1500.0,0.0,0.0,0.0,0.0,7974.0,0.0,6474.0,0.0
BAJFINANCE,2021-02-25 11:20:00,2021-02-23,2021-02-23,2021-02-23,Employees/Designated Employees,Revokation of Pledge,Pledge Revoke,Equity Shares,10000.0,0.0,0.0,0.0,0.0,85550.0,0.01,85550.0,0.01
BAJFINANCE,2021-02-25 11:20:00,2021-02-24,2021-02-24,2021-02-24,Employees/Designated Employees,Market Sale,Sell,Equity Shares,500.0,0.0,0.0,0.0,0.0,13564.0,0.0,13064.0,0.0
BAJFINANCE,2021-02-25 11:20:00,2021-02-23,2021-02-23,2021-02-23,Employees/Designated Employees,Pledge Creation,Pledge,Equity Shares,22000.0,0.0,0.0,0.0,0.0,85550.0,0.01,85550.0,0.01
BAJFINANCE,2021-02-25 11:20:00,2021-02-24,2021-02-24,2021-02-24,Employees/Designated Employees,Market Sale,Sell,Equity Shares,500.0,0.0,0.0,0.0,0.0,13064.0,0.0,12564.0,0.0
BAJFINANCE,2021-02-25 11:20:00,2021-02-23,2021-02-23,2021-02-23,Employees/Designated Employees,ESOP,Buy,Equity Shares,14750.0,0.0,0.0,0.0,0.0,48800.0,0.01,63550.0,0.01
BAJFINANCE,2021-02-25 11:20:00,2021-02-23,2021-02-23,2021-02-23,Employees/Designated Employees,ESOP,Buy,Equity Shares,22000.0,0.0,0.0,0.0,0.0,63550.0,0.01,85550.0,0.01
BAJFINANCE,2021-02-27 15:57:00,2021-02-25,2021-02-25,2021-02-25,Employees/Designated Employees,ESOP,Buy,Equity Shares,736.0,0.0,0.0,0.0,0.0,4130.0,0.0,4866.0,0.0
BAJFINANCE,2021-02-27 15:57:00,2021-02-26,2021-02-24,2021-02-24,Employees/Designated Employees,Market Sale,Sell,Equity Shares,100.0,0.0,0.0,0.0,0.0,30291.0,0.01,30191.0,0.01
BAJFINANCE,2021-02-27 15:57:00,2021-02-26,2021-02-25,2021-02-25,Employees/Designated Employees,Market Sale,Sell,Equity Shares,200.0,0.0,0.0,0.0,0.0,30191.0,0.01,29991.0,0.0
BAJFINANCE,2021-02-27 15:57:00,2021-02-26,2021-02-25,2021-02-25,Employees/Designated Employees,Market Sale,Sell,Equity Shares,736.0,0.0,0.0,0.0,0.0,4866.0,0.0,4130.0,0.0
BAJFINANCE,2021-03-12 23:58:00,2021-03-10,2021-03-10,2021-03-10,Employees/Designated Employees,ESOP,Buy,Equity Shares,5000.0,0.0,0.0,0.0,0.0,33350.0,0.01,38350.0,0.01
BAJFINANCE,2021-03-12 23:58:00,2021-03-11,2021-03-10,2021-03-10,Employees/Designated Employees,ESOP,Buy,Equity Shares,9750.0,0.0,0.0,0.0,0.0,126220.0,0.02,135970.0,0.02
BAJFINANCE,2021-03-12 23:58:00,2021-03-11,2021-03-10,2021-03-10,Employees/Designated Employees,Market Sale,Sell,Equity Shares,400.0,0.0,0.0,0.0,0.0,29991.0,0.0,29591.0,0.0
BAJFINANCE,2021-03-12 23:58:00,2021-03-10,2021-03-10,2021-03-10,Employees/Designated Employees,ESOP,Buy,Equity Shares,2500.0,0.0,0.0,0.0,0.0,38350.0,0.01,40850.0,0.01
BAJFINANCE,2021-03-12 23:58:00,2021-03-11,2021-03-10,2021-03-10,Employees/Designated Employees,ESOP,Buy,Equity Shares,13500.0,0.0,0.0,0.0,0.0,95720.0,0.02,109220.0,0.02
BAJFINANCE,2021-03-12 23:58:00,2021-03-11,2021-03-10,2021-03-10,Employees/Designated Employees,Off Market,Pledge,Equity Shares,40250.0,0.0,0.0,0.0,0.0,135970.0,0.02,135970.0,0.02
BAJFINANCE,2021-03-12 23:58:00,2021-03-11,2021-03-10,2021-03-10,Employees/Designated Employees,ESOP,Buy,Equity Shares,7250.0,0.0,0.0,0.0,0.0,118970.0,0.02,126220.0,0.02
BAJFINANCE,2021-03-12 23:58:00,2021-03-11,2021-03-10,2021-03-10,Employees/Designated Employees,ESOP,Buy,Equity Shares,9750.0,0.0,0.0,0.0,0.0,109220.0,0.02,118970.0,0.02
BAJFINANCE,2021-03-16 19:42:00,2021-03-14,2021-03-12,2021-03-12,Employees/Designated Employees,Revokation of Pledge,Pledge Revoke,Equity Shares,6000.0,0.0,0.0,0.0,0.0,135970.0,0.02,135970.0,0.02
BAJFINANCE,2021-03-16 19:42:00,2021-03-13,2021-03-12,2021-03-12,Employees/Designated Employees,Market Sale,Sell,Equity Shares,500.0,0.0,0.0,0.0,0.0,29591.0,0.0,29091.0,0.0
BAJFINANCE,2021-03-16 19:42:00,2021-03-12,2021-03-12,2021-03-12,Employees/Designated Employees,Market Sale,Sell,Equity Shares,500.0,0.0,0.0,0.0,0.0,40850.0,0.01,40350.0,0.01
BAJFINANCE,2021-03-16 19:42:00,2021-03-14,2021-03-12,2021-03-12,Employees/Designated Employees,Market Sale,Sell,Equity Shares,6000.0,0.0,0.0,0.0,0.0,135970.0,0.02,129970.0,0.02
BAJFINANCE,2021-03-18 15:58:00,2021-03-17,2021-03-17,2021-03-17,Employees/Designated Employees,ESOP,Buy,Equity Shares,3088.0,0.0,0.0,0.0,0.0,2474.0,0.0,5562.0,0.0
BAJFINANCE,2021-03-18 15:58:00,,2021-03-12,2021-03-16,Employees/Designated Employees,Market Sale,Sell,Equity Shares,500.0,0.0,0.0,0.0,0.0,12564.0,0.0,12064.0,0.0
BAJFINANCE,2021-03-18 15:58:00,2021-03-17,2021-03-17,2021-03-17,Employees/Designated Employees,ESOP,Buy,Equity Shares,7000.0,0.0,0.0,0.0,0.0,5562.0,0.0,12562.0,0.0
BAJFINANCE,2021-03-20 19:37:00,2021-03-18,2021-03-18,2021-03-18,Employees/Designated Employees,Market Sale,Sell,Equity Shares,500.0,0.0,0.0,0.0,0.0,8562.0,0.0,8062.0,0.0
BAJFINANCE,2021-03-20 19:37:00,2021-03-18,2021-03-18,2021-03-18,Employees/Designated Employees,Market Sale,Sell,Equity Shares,250.0,0.0,0.0,0.0,0.0,12064.0,0.0,11814.0,0.0
BAJFINANCE,2021-03-20 19:37:00,2021-03-18,2021-03-18,2021-03-18,Employees/Designated Employees,Market Sale,Sell,Equity Shares,3000.0,0.0,0.0,0.0,0.0,12562.0,0.0,9562.0,0.0
BAJFINANCE,2021-03-20 19:37:00,2021-03-18,2021-03-18,2021-03-18,Employees/Designated Employees,Market Sale,Sell,Equity Shares,1550.0,0.0,0.0,0.0,0.0,75550.0,0.01,74000.0,0.01
BAJFINANCE,2021-03-20 19:37:00,2021-03-18,2021-03-18,2021-03-18,Employees/Designated Employees,Market Sale,Sell,Equity Shares,500.0,0.0,0.0,0.0,0.0,8062.0,0.0,7562.0,0.0
BAJFINANCE,2021-03-20 19:37:00,2021-03-18,2021-03-18,2021-03-18,Employees/Designated Employees,Market Sale,Sell,Equity Shares,1000.0,0.0,0.0,0.0,0.0,9562.0,0.0,8562.0,0.0
BAJFINANCE,2021-03-20 19:37:00,2021-03-19,2021-03-18,2021-03-18,Employees/Designated Employees,Market Sale,Sell,Equity Shares,6000.0,0.0,0.0,0.0,0.0,7000.0,0.0,1000.0,0.0
BAJFINANCE,2021-03-22 20:02:00,2021-03-19,2021-02-17,2021-02-17,Employees/Designated Employees,Market Sale,Sell,Equity Shares,5.0,0.0,0.0,0.0,0.0,810.0,0.0,805.0,0.0
BAJFINANCE,2021-03-22 20:02:00,2021-03-19,2021-03-19,2021-03-19,Employees/Designated Employees,Market Sale,Sell,Equity Shares,76.0,0.0,0.0,0.0,0.0,711.0,0.0,635.0,0.0
BAJFINANCE,2021-03-22 20:02:00,2021-03-19,2021-02-23,2021-02-23,Employees/Designated Employees,Market Sale,Sell,Equity Shares,12.0,0.0,0.0,0.0,0.0,785.0,0.0,773.0,0.0
BAJFINANCE,2021-03-22 20:02:00,2021-03-19,2021-02-16,2021-02-16,Employees/Designated Employees,Market Sale,Sell,Equity Shares,10.0,0.0,0.0,0.0,0.0,820.0,0.0,810.0,0.0
BAJFINANCE,2021-03-22 20:02:00,2021-03-19,2021-02-19,2021-02-19,Employees/Designated Employees,Market Sale,Sell,Equity Shares,20.0,0.0,0.0,0.0,0.0,805.0,0.0,785.0,0.0
BAJFINANCE,2021-03-22 20:02:00,2021-03-19,2021-03-12,2021-03-12,Employees/Designated Employees,Market Sale,Sell,Equity Shares,39.0,0.0,0.0,0.0,0.0,755.0,0.0,716.0,0.0
BAJFINANCE,2021-03-22 20:02:00,2021-03-19,2021-03-10,2021-03-10,Employees/Designated Employees,Market Sale,Sell,Equity Shares,5.0,0.0,0.0,0.0,0.0,760.0,0.0,755.0,0.0
BAJFINANCE,2021-03-22 20:02:00,2021-03-19,2021-03-16,2021-03-16,Employees/Designated Employees,Market Sale,Sell,Equity Shares,5.0,0.0,0.0,0.0,0.0,716.0,0.0,711.0,0.0
BAJFINANCE,2021-03-22 20:02:00,2021-03-19,2021-02-24,2021-02-24,Employees/Designated Employees,Market Sale,Sell,Equity Shares,13.0,0.0,0.0,0.0,0.0,773.0,0.0,760.0,0.0
BAJFINANCE,2021-03-24 11:57:00,2021-03-22,2021-03-22,2021-03-22,Employees/Designated Employees,Market Sale,Sell,Equity Shares,10162.0,0.0,0.0,0.0,0.0,74000.0,0.01,63838.0,0.01
BAJFINANCE,2021-03-24 14:01:00,2021-03-22,2021-03-22,2021-03-22,Employees/Designated Employees,Off Market,Pledge Revoke,Equity Shares,3000.0,0.0,0.0,0.0,0.0,129970.0,0.02,129970.0,0.02
BAJFINANCE,2021-03-24 14:01:00,2021-03-22,2021-03-22,2021-03-22,Employees/Designated Employees,Market Sale,Sell,Equity Shares,3000.0,0.0,0.0,0.0,0.0,129970.0,0.02,126970.0,0.02
BAJFINANCE,2021-03-27 14:53:00,2021-03-25,2021-03-23,2021-03-23,Employees/Designated Employees,Market Sale,Sell,Equity Shares,1500.0,0.0,0.0,0.0,0.0,126970.0,0.02,125470.0,0.02
BAJFINANCE,2021-03-27 14:53:00,2021-03-25,2021-03-24,2021-03-24,Employees/Designated Employees,Market Sale,Sell,Equity Shares,2500.0,0.0,0.0,0.0,0.0,7562.0,0.0,5062.0,0.0
BAJFINANCE,2021-03-27 14:53:00,2021-03-25,2021-03-23,2021-03-23,Employees/Designated Employees,Off Market,Pledge Revoke,Equity Shares,1500.0,0.0,0.0,0.0,0.0,126970.0,0.02,126970.0,0.02
BAJFINANCE,2021-03-30 20:23:00,2021-03-26,2021-03-24,2021-03-24,-,ESOP,Buy,Equity Shares,2350.0,0.0,0.0,0.0,0.0,2350.0,0.0,4700.0,0.0
BAJFINANCE,2021-03-30 20:23:00,2021-03-26,2021-03-26,2021-03-26,-,Market Sale,Sell,Equity Shares,250.0,0.0,0.0,0.0,0.0,11814.0,0.0,11564.0,0.0
BAJFINANCE,2021-03-30 20:23:00,2021-03-27,2021-03-26,2021-03-26,-,Off Market,Pledge Revoke,Equity Shares,4700.0,0.0,0.0,0.0,0.0,4700.0,0.0,4700.0,0.0
BAJFINANCE,2021-03-30 20:23:00,2021-03-26,2021-03-24,2021-03-24,-,ESOP,Buy,Equity Shares,2350.0,0.0,0.0,0.0,0.0,,0.0,2350.0,0.0
BAJFINANCE,2021-03-30 20:23:00,2021-03-26,2021-03-24,2021-03-24,-,Off Market,Pledge,Equity Shares,4700.0,0.0,0.0,0.0,0.0,4700.0,0.0,4700.0,0.0
BAJFINANCE,2021-03-30 20:23:00,2021-03-27,2021-03-26,2021-03-26,-,Market Sale,Sell,Equity Shares,2100.0,0.0,0.0,0.0,0.0,4700.0,0.0,2600.0,0.0
BAJFINANCE,2021-03-31 19:17:00,2021-03-31,2021-03-30,2021-03-30,Employees/Designated Employees,Market Sale,Sell,Equity Shares,2500.0,0.0,0.0,0.0,0.0,4130.0,0.0,1630.0,0.0
BAJFINANCE,2021-04-20 16:41:00,2021-04-17,2021-04-16,2021-04-16,-,ESOP,Buy,Equity Shares,538.0,0.0,0.0,0.0,0.0,36057.0,0.0,36595.0,0.0
BAJFINANCE,2021-04-20 16:41:00,2021-04-16,2021-04-16,2021-04-16,-,ESOP,Buy,Equity Shares,18000.0,0.0,0.0,0.0,0.0,198565.0,0.03,216565.0,0.04
BAJFINANCE,2021-05-05 15:56:00,2021-05-04,2021-04-17,2021-04-17,Employees/Designated Employees,ESOP,Buy,Equity Shares,4000.0,0.0,0.0,0.0,0.0,28350.0,0.0,32350.0,0.01
BAJFINANCE,2021-05-05 15:56:00,2021-05-03,2021-05-03,2021-05-03,Employees/Designated Employees,ESOP,Buy,Equity Shares,3500.0,0.0,0.0,0.0,0.0,67700.0,0.01,71200.0,0.01
BAJFINANCE,2021-05-05 15:56:00,2021-05-04,2021-04-17,2021-04-17,Employees/Designated Employees,ESOP,Buy,Equity Shares,3500.0,0.0,0.0,0.0,0.0,32350.0,0.01,35850.0,0.01
BAJFINANCE,2021-05-05 15:56:00,2021-05-04,2021-05-03,2021-05-03,Employees/Designated Employees,ESOP,Buy,Equity Shares,2000.0,0.0,0.0,0.0,0.0,35850.0,0.01,37850.0,0.01
BAJFINANCE,2021-05-05 15:56:00,2021-05-04,2021-05-03,2021-05-03,Employees/Designated Employees,ESOP,Buy,Equity Shares,1000.0,0.0,0.0,0.0,0.0,37850.0,0.01,38850.0,0.01
BAJFINANCE,2021-05-05 15:56:00,2021-05-03,2021-05-03,2021-05-03,Employees/Designated Employees,ESOP,Buy,Equity Shares,6500.0,0.0,0.0,0.0,0.0,61200.0,0.01,67700.0,0.01
BAJFINANCE,2021-05-05 17:50:00,2021-05-03,2021-04-29,2021-04-29,Other,Others,Buy,Equity Shares,1007006.0,0.0,0.0,0.0,0.0,991128.0,0.16,1998134.0,0.33
BAJFINANCE,2021-05-07 15:14:00,2021-05-05,2021-05-04,2021-05-04,Employees/Designated Employees,Gift,Sell,Equity Shares,17700.0,0.0,0.0,0.0,0.0,71200.0,0.01,53500.0,0.01
BAJFINANCE,2021-05-10 21:39:00,2021-05-07,2021-05-06,2021-05-06,Employees/Designated Employees,ESOP,Buy,Equity Shares,2375.0,0.0,0.0,0.0,0.0,,0.0,2375.0,0.0
BAJFINANCE,2021-05-11 14:48:00,2021-05-10,2021-05-10,2021-05-10,Employees/Designated Employees,Market Sale,Sell,Equity Shares,2375.0,0.0,0.0,0.0,0.0,2375.0,0.0,,0.0
BAJFINANCE,2021-05-11 14:48:00,2021-05-10,2021-05-10,2021-05-10,Employees/Designated Employees,Market Sale,Sell,Equity Shares,50000.0,0.0,0.0,0.0,0.0,63838.0,0.01,13838.0,0.0
BAJFINANCE,2021-05-11 14:48:00,2021-05-10,2021-05-10,2021-05-10,Employees/Designated Employees,Market Sale,Sell,Equity Shares,382.0,0.0,0.0,0.0,0.0,18382.0,0.0,18000.0,0.0
BAJFINANCE,2021-05-11 14:48:00,2021-05-10,2021-05-10,2021-05-10,Employees/Designated Employees,Market Sale,Sell,Equity Shares,500.0,0.0,0.0,0.0,0.0,11564.0,0.0,11064.0,0.0
BAJFINANCE,2021-05-11 18:51:00,2021-05-11,2021-05-10,2021-05-10,Employees/Designated Employees,Market Sale,Sell,Equity Shares,300.0,0.0,0.0,0.0,0.0,29091.0,0.0,28791.0,0.0
BAJFINANCE,2021-05-11 18:51:00,2021-05-10,2021-05-10,2021-05-10,Employees/Designated Employees,Market Sale,Sell,Equity Shares,3000.0,0.0,0.0,0.0,0.0,5062.0,0.0,2062.0,0.0
BAJFINANCE,2021-05-11 18:51:00,2021-05-10,2021-05-10,2021-05-10,Employees/Designated Employees,Market Sale,Sell,Equity Shares,1250.0,0.0,0.0,0.0,0.0,216565.0,0.04,215315.0,0.04
BAJFINANCE,2021-05-12 13:15:00,2021-05-11,2021-04-20,2021-04-20,Employees/Designated Employees,ESOP,Buy,Equity Shares,500.0,0.0,0.0,0.0,0.0,36595.0,0.01,37095.0,0.01
BAJFINANCE,2021-05-12 13:15:00,2021-05-11,2021-05-10,2021-05-10,Employees/Designated Employees,Market Sale,Sell,Equity Shares,1000.0,0.0,0.0,0.0,0.0,37095.0,0.01,36095.0,0.01
BAJFINANCE,2021-05-12 13:15:00,2021-05-11,2021-05-10,2021-05-10,Employees/Designated Employees,Market Sale,Sell,Equity Shares,1000.0,0.0,0.0,0.0,0.0,37095.0,0.01,36095.0,0.01
BAJFINANCE,2021-05-12 13:15:00,2021-05-11,2021-04-20,2021-04-20,Employees/Designated Employees,ESOP,Buy,Equity Shares,500.0,0.0,0.0,0.0,0.0,36595.0,0.01,37095.0,0.01
BAJFINANCE,2021-05-12 15:24:00,2021-05-11,2021-05-11,2021-05-11,Employees/Designated Employees,Market Sale,Sell,Equity Shares,6000.0,0.0,0.0,0.0,0.0,219315.0,0.04,213315.0,0.04
BAJFINANCE,2021-05-12 15:24:00,2021-05-11,2021-05-10,2021-05-10,Employees/Designated Employees,Market Sale,Sell,Equity Shares,1000.0,0.0,0.0,0.0,0.0,53500.0,0.01,52500.0,0.01
BAJFINANCE,2021-05-12 15:24:00,2021-05-11,2021-05-10,2021-05-10,Employees/Designated Employees,ESOP,Buy,Equity Shares,4000.0,0.0,0.0,0.0,0.0,215315.0,0.04,219315.0,0.04
BAJFINANCE,2021-05-12 18:16:00,2021-05-12,2021-05-12,2021-05-12,Director,Market Sale,Sell,Equity Shares,46250.0,0.0,0.0,0.0,0.0,163700.0,0.03,117450.0,0.02
BAJFINANCE,2021-05-12 18:16:00,2021-05-12,2021-05-12,2021-05-12,Director,ESOP,Buy,Equity Shares,101250.0,0.0,0.0,0.0,0.0,62450.0,0.01,163700.0,0.03
BAJFINANCE,2021-05-12 18:16:00,2021-05-12,2021-05-12,2021-05-12,Director,Pledge Creation,Pledge,Equity Shares,101250.0,0.0,0.0,0.0,0.0,163700.0,0.03,163700.0,0.03
BAJFINANCE,2021-05-12 18:16:00,2021-05-12,2021-05-12,2021-05-12,Director,Revokation of Pledge,Pledge Revoke,Equity Shares,55000.0,0.0,0.0,0.0,0.0,117450.0,0.02,117450.0,0.02
BAJFINANCE,2021-05-12 18:16:00,2021-05-12,2021-05-12,2021-05-12,Director,Revokation of Pledge,Pledge Revoke,Equity Shares,46250.0,0.0,0.0,0.0,0.0,163700.0,0.03,163700.0,0.03
BAJFINANCE,2021-05-13 14:08:00,2021-05-12,2021-05-12,2021-05-12,Employees/Designated Employees,Pledge Creation,Pledge,Equity Shares,25000.0,0.0,0.0,0.0,0.0,52500.0,0.01,52500.0,0.01
BAJFINANCE,2021-05-13 17:02:00,2021-05-12,2021-05-11,2021-05-11,Employees/Designated Employees,ESOP,Buy,Equity Shares,6000.0,0.0,0.0,0.0,0.0,16648.0,0.0,22648.0,0.0
BAJFINANCE,2021-05-13 17:02:00,2021-05-12,2021-05-11,2021-05-11,Employees/Designated Employees,ESOP,Buy,Equity Shares,6500.0,0.0,0.0,0.0,0.0,22648.0,0.0,29148.0,0.0
BAJFINANCE,2021-05-13 17:02:00,2021-05-12,2021-05-12,2021-05-12,Employees/Designated Employees,Pledge Creation,Pledge,Equity Shares,12500.0,0.0,0.0,0.0,0.0,29148.0,0.0,29148.0,0.0
BAJFINANCE,2021-05-13 17:02:00,2021-05-12,2021-05-10,2021-05-10,Employees/Designated Employees,Market Sale,Sell,Equity Shares,3000.0,0.0,0.0,0.0,0.0,125470.0,0.02,122470.0,0.02
BAJFINANCE,2021-05-13 17:02:00,2021-05-12,2021-05-10,2021-05-10,Employees/Designated Employees,Revokation of Pledge,Pledge Revoke,Equity Shares,3000.0,0.0,0.0,0.0,0.0,125470.0,0.02,125470.0,0.02
BAJFINANCE,2021-05-17 20:56:00,2021-05-14,2021-05-14,2021-05-14,Employees/Designated Employees,Market Sale,Sell,Equity Shares,1000.0,0.0,0.0,0.0,0.0,40350.0,0.01,39350.0,0.01
BAJFINANCE,2021-05-17 20:56:00,2021-05-14,2021-05-14,2021-05-14,Employees/Designated Employees,Market Sale,Sell,Equity Shares,5760.0,0.0,0.0,0.0,0.0,29148.0,0.0,23388.0,0.0
BAJFINANCE,2021-05-17 20:56:00,2021-05-14,2021-05-14,2021-05-14,Employees/Designated Employees,ESOP,Buy,Equity Shares,13000.0,0.0,0.0,0.0,0.0,1000.0,0.0,14000.0,0.0
BAJFINANCE,2021-05-17 20:56:00,2021-05-14,2021-05-14,2021-05-14,Employees/Designated Employees,ESOP,Buy,Equity Shares,12550.0,0.0,0.0,0.0,0.0,14000.0,0.0,26550.0,0.0
BAJFINANCE,2021-05-17 20:56:00,2021-05-14,2021-05-14,2021-05-14,Employees/Designated Employees,Market Sale,Sell,Equity Shares,661.0,0.0,0.0,0.0,0.0,661.0,0.0,,0.0
BAJFINANCE,2021-05-17 20:56:00,2021-05-14,2021-05-14,2021-05-14,Employees/Designated Employees,Revokation of Pledge,Pledge Revoke,Equity Shares,12500.0,0.0,0.0,0.0,0.0,29148.0,0.0,29148.0,0.0
BAJFINANCE,2021-05-17 20:56:00,2021-05-14,2021-05-14,2021-05-14,Employees/Designated Employees,ESOP,Buy,Equity Shares,6750.0,0.0,0.0,0.0,0.0,26550.0,0.0,33300.0,0.01
BAJFINANCE,2021-05-17 20:56:00,2021-05-14,2021-05-12,2021-05-12,Employees/Designated Employees,ESOP,Buy,Equity Shares,661.0,0.0,0.0,0.0,0.0,,0.0,661.0,0.0
BAJFINANCE,2021-05-17 20:57:00,2021-05-15,2021-05-14,2021-05-14,Employees/Designated Employees,ESOP,Buy,Equity Shares,2625.0,0.0,0.0,0.0,0.0,11900.0,0.0,14525.0,0.0
BAJFINANCE,2021-05-17 20:57:00,2021-05-15,2021-05-14,2021-05-14,Employees/Designated Employees,ESOP,Buy,Equity Shares,6574.0,0.0,0.0,0.0,0.0,14525.0,0.0,21099.0,0.0
BAJFINANCE,2021-05-17 20:57:00,2021-05-15,2021-05-14,2021-05-14,Employees/Designated Employees,ESOP,Buy,Equity Shares,4800.0,0.0,0.0,0.0,0.0,7100.0,0.0,11900.0,0.0
BAJFINANCE,2021-05-17 20:57:00,2021-05-15,2021-05-15,2021-05-15,Employees/Designated Employees,Pledge Creation,Pledge,Equity Shares,13999.0,0.0,0.0,0.0,0.0,21099.0,0.0,21099.0,0.0
BAJFINANCE,2021-05-19 17:22:00,2021-05-17,2021-05-17,2021-05-17,Employees/Designated Employees,Market Sale,Sell,Equity Shares,13000.0,0.0,0.0,0.0,0.0,33300.0,0.01,20300.0,0.0
BAJFINANCE,2021-05-19 17:22:00,2021-05-17,2021-05-17,2021-05-17,Employees/Designated Employees,Market Sale,Sell,Equity Shares,1500.0,0.0,0.0,0.0,0.0,122470.0,0.02,120970.0,0.02
BAJFINANCE,2021-05-19 17:22:00,2021-05-17,2021-05-17,2021-05-17,Employees/Designated Employees,Market Sale,Sell,Equity Shares,3000.0,0.0,0.0,0.0,0.0,39350.0,0.01,36350.0,0.01
BAJFINANCE,2021-05-19 17:22:00,2021-05-17,2021-05-17,2021-05-17,Employees/Designated Employees,Revokation of Pledge,Pledge Revoke,Equity Shares,1500.0,0.0,0.0,0.0,0.0,122470.0,0.02,122470.0,0.02
BAJFINANCE,2021-05-20 19:21:00,2021-05-18,2021-05-18,2021-05-18,Employees/Designated Employees,ESOP,Buy,Equity Shares,2600.0,0.0,0.0,0.0,0.0,5426.0,0.0,8026.0,0.0
BAJFINANCE,2021-05-20 19:21:00,2021-05-18,2021-05-18,2021-05-18,Employees/Designated Employees,ESOP,Buy,Equity Shares,2713.0,0.0,0.0,0.0,0.0,,0.0,2713.0,0.0
BAJFINANCE,2021-05-20 19:21:00,2021-05-18,2021-05-18,2021-05-18,Employees/Designated Employees,ESOP,Buy,Equity Shares,2713.0,0.0,0.0,0.0,0.0,2713.0,0.0,5426.0,0.0
BAJFINANCE,2021-05-20 19:27:00,2021-05-18,2021-05-18,2021-05-18,Employees/Designated Employees,ESOP,Buy,Equity Shares,6175.0,0.0,0.0,0.0,0.0,,0.0,6175.0,0.0
BAJFINANCE,2021-05-20 19:27:00,2021-05-18,2021-05-18,2021-05-18,Employees/Designated Employees,ESOP,Buy,Equity Shares,4238.0,0.0,0.0,0.0,0.0,6175.0,0.0,10413.0,0.0
BAJFINANCE,2021-05-20 19:35:00,2021-05-18,2021-05-18,2021-05-18,Employees/Designated Employees,Market Sale,Sell,Equity Shares,1000.0,0.0,0.0,0.0,0.0,20599.0,0.0,19599.0,0.0
BAJFINANCE,2021-05-20 19:35:00,2021-05-18,2021-05-17,2021-05-17,Employees/Designated Employees,Revokation of Pledge,Pledge Revoke,Equity Shares,500.0,0.0,0.0,0.0,0.0,21099.0,0.0,21099.0,0.0
BAJFINANCE,2021-05-20 19:35:00,2021-05-18,2021-05-18,2021-05-18,Employees/Designated Employees,Revokation of Pledge,Pledge Revoke,Equity Shares,1000.0,0.0,0.0,0.0,0.0,20599.0,0.0,20599.0,0.0
BAJFINANCE,2021-05-20 19:35:00,2021-05-18,2021-05-17,2021-05-17,Employees/Designated Employees,Market Sale,Sell,Equity Shares,500.0,0.0,0.0,0.0,0.0,21099.0,0.0,20599.0,0.0
BAJFINANCE,2021-05-20 19:40:00,2021-05-18,2021-05-18,2021-05-18,Employees/Designated Employees,Market Sale,Sell,Equity Shares,1000.0,0.0,0.0,0.0,0.0,19599.0,0.0,18599.0,0.0
BAJFINANCE,2021-05-20 19:40:00,2021-05-18,2021-05-18,2021-05-18,Employees/Designated Employees,Revokation of Pledge,Pledge Revoke,Equity Shares,1000.0,0.0,0.0,0.0,0.0,19599.0,0.0,19599.0,0.0
BAJFINANCE,2021-05-20 19:49:00,2021-05-18,2021-05-18,2021-05-18,Employees/Designated Employees,Market Sale,Sell,Equity Shares,7750.0,0.0,0.0,0.0,0.0,223315.0,0.04,215565.0,0.04
BAJFINANCE,2021-05-20 19:49:00,2021-05-18,2021-05-14,2021-05-14,Employees/Designated Employees,ESOP,Buy,Equity Shares,10000.0,0.0,0.0,0.0,0.0,213315.0,0.04,223315.0,0.04
BAJFINANCE,2021-05-20 20:40:00,2021-05-18,2021-05-18,2021-05-18,Employees/Designated Employees,Market Sale,Sell,Equity Shares,3000.0,0.0,0.0,0.0,0.0,36350.0,0.01,33350.0,0.01
BAJFINANCE,2021-05-20 20:40:00,2021-05-18,2021-05-18,2021-05-18,Employees/Designated Employees,Market Sale,Sell,Equity Shares,930.0,0.0,0.0,0.0,0.0,36095.0,0.01,35165.0,0.01
BAJFINANCE,2021-05-20 20:40:00,2021-05-18,2021-05-18,2021-05-18,Employees/Designated Employees,Market Sale,Sell,Equity Shares,2062.0,0.0,0.0,0.0,0.0,2062.0,0.0,,0.0
BAJFINANCE,2021-05-20 20:40:00,2021-05-18,2021-05-18,2021-05-18,Employees/Designated Employees,Market Sale,Sell,Equity Shares,5000.0,0.0,0.0,0.0,0.0,13838.0,0.0,8838.0,0.01
BAJFINANCE,2021-05-20 21:54:00,2021-05-18,2021-05-18,2021-05-18,Employees/Designated Employees,ESOP,Buy,Equity Shares,2588.0,0.0,0.0,0.0,0.0,800.0,0.0,3388.0,0.0
BAJFINANCE,2021-05-20 21:54:00,2021-05-18,2021-05-18,2021-05-18,Employees/Designated Employees,ESOP,Buy,Equity Shares,1888.0,0.0,0.0,0.0,0.0,3388.0,0.0,5276.0,0.0
BAJFINANCE,2021-05-20 21:54:00,2021-05-18,2021-05-18,2021-05-18,Employees/Designated Employees,ESOP,Buy,Equity Shares,800.0,0.0,0.0,0.0,0.0,,0.0,800.0,0.0
BAJFINANCE,2021-05-20 22:08:00,2021-05-18,2021-05-18,2021-05-18,Employees/Designated Employees,Market Sale,Sell,Equity Shares,8026.0,0.0,0.0,0.0,0.0,8026.0,0.0,,0.0
BAJFINANCE,2021-05-20 22:08:00,2021-05-18,2021-05-18,2021-05-18,Employees/Designated Employees,ESOP,Buy,Equity Shares,5388.0,0.0,0.0,0.0,0.0,10413.0,0.0,15801.0,0.0
BAJFINANCE,2021-05-20 22:08:00,2021-05-18,2021-05-18,2021-05-18,Employees/Designated Employees,Pledge Creation,Pledge,Equity Shares,15801.0,0.0,0.0,0.0,0.0,15801.0,0.0,15801.0,0.0
BAJFINANCE,2021-05-21 18:24:00,2021-05-19,2021-05-19,2021-05-19,Employees/Designated Employees,ESOP,Buy,Equity Shares,4238.0,0.0,0.0,0.0,0.0,1630.0,0.0,5868.0,0.0
BAJFINANCE,2021-05-21 18:24:00,2021-05-19,2021-05-18,2021-05-18,Employees/Designated Employees,Market Sale,Sell,Equity Shares,200.0,0.0,0.0,0.0,0.0,28741.0,0.0,28541.0,0.0
BAJFINANCE,2021-05-21 18:24:00,2021-05-19,2021-05-18,2021-05-18,Employees/Designated Employees,Market Sale,Sell,Equity Shares,5000.0,0.0,0.0,0.0,0.0,52500.0,0.01,47500.0,0.01
BAJFINANCE,2021-05-21 18:24:00,2021-05-19,2021-05-18,2021-05-18,Employees/Designated Employees,Market Sale,Sell,Equity Shares,50.0,0.0,0.0,0.0,0.0,28791.0,0.0,28741.0,0.0
BAJFINANCE,2021-05-21 18:25:00,2021-05-19,2021-05-19,2021-05-19,Employees/Designated Employees,ESOP,Buy,Equity Shares,5713.0,0.0,0.0,0.0,0.0,4838.0,0.0,10551.0,0.0
BAJFINANCE,2021-05-21 18:25:00,2021-05-19,2021-05-19,2021-05-19,Employees/Designated Employees,ESOP,Buy,Equity Shares,4838.0,0.0,0.0,0.0,0.0,,0.0,4838.0,0.0
BAJFINANCE,2021-05-21 18:25:00,2021-05-19,2021-05-19,2021-05-19,Employees/Designated Employees,Market Sale,Sell,Equity Shares,10551.0,0.0,0.0,0.0,0.0,10551.0,0.0,,0.0
BAJFINANCE,2021-05-21 18:25:00,2021-05-19,2021-05-19,2021-05-19,Employees/Designated Employees,Market Sale,Sell,Equity Shares,1000.0,0.0,0.0,0.0,0.0,8838.0,0.0,7838.0,0.0
BAJFINANCE,2021-05-21 18:25:00,2021-05-19,2021-05-19,2021-05-19,Employees/Designated Employees,Market Sale,Sell,Equity Shares,1500.0,0.0,0.0,0.0,0.0,18599.0,0.0,17099.0,0.0
BAJFINANCE,2021-05-21 18:25:00,2021-05-19,2021-05-19,2021-05-19,Employees/Designated Employees,Market Sale,Sell,Equity Shares,1000.0,0.0,0.0,0.0,0.0,17099.0,0.0,16099.0,0.0
BAJFINANCE,2021-05-21 18:25:00,2021-05-19,2021-05-18,2021-05-18,Employees/Designated Employees,Revokation of Pledge,Pledge Revoke,Equity Shares,2500.0,0.0,0.0,0.0,0.0,120970.0,0.02,120970.0,0.02
BAJFINANCE,2021-05-21 18:25:00,2021-05-19,2021-05-18,2021-05-18,Employees/Designated Employees,Market Sale,Sell,Equity Shares,2500.0,0.0,0.0,0.0,0.0,120970.0,0.02,118470.0,0.02
BAJFINANCE,2021-05-21 18:25:00,2021-05-19,2021-05-19,2021-05-19,Employees/Designated Employees,Revokation of Pledge,Pledge Revoke,Equity Shares,1000.0,0.0,0.0,0.0,0.0,17099.0,0.0,17099.0,0.0
BAJFINANCE,2021-05-21 18:25:00,2021-05-19,2021-05-19,2021-05-19,Employees/Designated Employees,Revokation of Pledge,Pledge Revoke,Equity Shares,1500.0,0.0,0.0,0.0,0.0,18599.0,0.0,18599.0,0.0
BAJFINANCE,2021-05-21 18:26:00,2021-05-19,2021-05-19,2021-05-19,Employees/Designated Employees,Market Sale,Sell,Equity Shares,7220.0,0.0,0.0,0.0,0.0,15801.0,0.0,8581.0,0.0
BAJFINANCE,2021-05-21 18:26:00,2021-05-19,2021-05-19,2021-05-19,Employees/Designated Employees,Market Sale,Sell,Equity Shares,500.0,0.0,0.0,0.0,0.0,231065.0,0.04,230565.0,0.04
BAJFINANCE,2021-05-21 18:26:00,2021-05-19,2021-05-18,2021-05-18,Employees/Designated Employees,Pledge Creation,Pledge,Equity Shares,5276.0,0.0,0.0,0.0,0.0,5276.0,0.0,5276.0,0.0
BAJFINANCE,2021-05-21 18:26:00,2021-05-19,2021-05-19,2021-05-19,Employees/Designated Employees,ESOP,Buy,Equity Shares,15500.0,0.0,0.0,0.0,0.0,215565.0,0.04,231065.0,0.04
BAJFINANCE,2021-05-21 18:43:00,2021-05-19,2021-05-19,2021-05-19,Employees/Designated Employees,Market Sale,Sell,Equity Shares,8581.0,0.0,0.0,0.0,0.0,8581.0,0.0,,0.0
BAJFINANCE,2021-05-23 11:43:00,2021-05-20,2021-05-19,2021-05-19,Employees/Designated Employees,Market Sale,Sell,Equity Shares,4238.0,0.0,0.0,0.0,0.0,5868.0,0.0,1630.0,0.0
BAJFINANCE,2021-05-23 11:43:00,2021-05-20,2021-05-20,2021-05-20,Employees/Designated Employees,ESOP,Buy,Equity Shares,3088.0,0.0,0.0,0.0,0.0,1630.0,0.0,4718.0,0.0
BAJFINANCE,2021-05-23 11:43:00,2021-05-20,2021-05-19,2021-05-19,Employees/Designated Employees,Revokation of Pledge,Pledge Revoke,Equity Shares,5276.0,0.0,0.0,0.0,0.0,5276.0,0.0,5276.0,0.0
BAJFINANCE,2021-05-23 11:43:00,2021-05-20,2021-05-19,2021-05-19,Employees/Designated Employees,Market Sale,Sell,Equity Shares,5276.0,0.0,0.0,0.0,0.0,5276.0,0.0,,0.0
BAJFINANCE,2021-05-23 11:44:00,2021-05-20,2021-05-20,2021-05-20,Employees/Designated Employees,ESOP,Buy,Equity Shares,3188.0,0.0,0.0,0.0,0.0,43707.0,0.01,46895.0,0.01
BAJFINANCE,2021-05-23 11:44:00,2021-05-20,2021-05-20,2021-05-20,Employees/Designated Employees,ESOP,Buy,Equity Shares,2250.0,0.0,0.0,0.0,0.0,46895.0,0.01,49145.0,0.01
BAJFINANCE,2021-05-23 11:44:00,2021-05-20,2021-05-20,2021-05-20,Employees/Designated Employees,ESOP,Buy,Equity Shares,2700.0,0.0,0.0,0.0,0.0,41007.0,0.01,43707.0,0.01
BAJFINANCE,2021-05-23 11:44:00,2021-05-20,2021-05-20,2021-05-20,Employees/Designated Employees,Pledge Creation,Pledge,Equity Shares,13000.0,0.0,0.0,0.0,0.0,54007.0,0.01,54007.0,0.01
BAJFINANCE,2021-05-23 11:44:00,2021-05-20,2021-05-20,2021-05-20,Employees/Designated Employees,ESOP,Buy,Equity Shares,4862.0,0.0,0.0,0.0,0.0,49145.0,0.01,54007.0,0.01
BAJFINANCE,2021-05-23 11:44:00,2021-05-20,2021-05-20,2021-05-20,Employees/Designated Employees,Pledge Creation,Pledge,Equity Shares,9262.0,0.0,0.0,0.0,0.0,9262.0,0.0,9262.0,0.0
BAJFINANCE,2021-05-23 11:44:00,2021-05-20,2021-05-20,2021-05-20,Employees/Designated Employees,ESOP,Buy,Equity Shares,9262.0,0.0,0.0,0.0,0.0,,0.0,9262.0,0.0
BAJFINANCE,2021-05-23 11:44:00,2021-05-20,2021-05-20,2021-05-20,Employees/Designated Employees,Market Sale,Sell,Equity Shares,9262.0,0.0,0.0,0.0,0.0,9262.0,0.0,,0.0
BAJFINANCE,2021-05-23 11:44:00,2021-05-20,2021-05-19,2021-05-19,Employees/Designated Employees,Revokation of Pledge,Pledge Revoke,Equity Shares,15801.0,0.0,0.0,0.0,0.0,15801.0,0.0,15801.0,0.0
BAJFINANCE,2021-05-23 11:44:00,2021-05-20,2021-05-20,2021-05-20,Employees/Designated Employees,Revokation of Pledge,Pledge Revoke,Equity Shares,9262.0,0.0,0.0,0.0,0.0,9262.0,0.0,9262.0,0.0
BAJFINANCE,2021-05-25 19:20:00,2021-05-21,2021-05-18,2021-05-18,Employees/Designated Employees,Market Sale,Sell,Equity Shares,40.0,0.0,0.0,0.0,0.0,500.0,0.0,460.0,0.0
BAJFINANCE,2021-05-25 19:20:00,2021-05-21,2021-05-11,2021-05-11,Employees/Designated Employees,Market Sale,Sell,Equity Shares,20.0,0.0,0.0,0.0,0.0,635.0,0.0,615.0,0.0
BAJFINANCE,2021-05-25 19:20:00,2021-05-21,2021-05-12,2021-05-12,Employees/Designated Employees,Market Sale,Sell,Equity Shares,15.0,0.0,0.0,0.0,0.0,615.0,0.0,600.0,0.0
BAJFINANCE,2021-05-25 19:20:00,2021-05-21,2021-05-14,2021-05-14,Employees/Designated Employees,Market Sale,Sell,Equity Shares,100.0,0.0,0.0,0.0,0.0,600.0,0.0,500.0,0.0
BAJFINANCE,2021-05-25 19:20:00,2021-05-21,2021-05-21,2021-05-21,Employees/Designated Employees,Market Sale,Sell,Equity Shares,100.0,0.0,0.0,0.0,0.0,460.0,0.0,360.0,0.0
BAJFINANCE,2021-05-25 19:20:00,2021-05-21,2021-05-20,2021-05-20,Employees/Designated Employees,Market Sale,Sell,Equity Shares,3088.0,0.0,0.0,0.0,0.0,4718.0,0.0,1630.0,0.0
BAJFINANCE,2021-05-25 19:20:00,2021-05-21,2021-05-21,2021-05-21,Employees/Designated Employees,ESOP,Buy,Equity Shares,2500.0,0.0,0.0,0.0,0.0,1630.0,0.0,4130.0,0.0
BAJFINANCE,2021-05-25 19:20:00,2021-05-21,2021-05-21,2021-05-21,Employees/Designated Employees,ESOP,Buy,Equity Shares,3750.0,0.0,0.0,0.0,0.0,50000.0,0.01,53750.0,0.01
BAJFINANCE,2021-05-25 19:20:00,2021-05-22,2021-05-21,2021-05-21,Employees/Designated Employees,Market Sale,Sell,Equity Shares,2500.0,0.0,0.0,0.0,0.0,4130.0,0.0,1630.0,0.0
BAJFINANCE,2021-05-25 19:20:00,2021-05-21,2021-05-19,2021-05-19,Employees/Designated Employees,ESOP,Buy,Equity Shares,2500.0,0.0,0.0,0.0,0.0,47500.0,0.01,50000.0,0.01
BAJFINANCE,2021-05-25 19:21:00,2021-05-21,2021-05-21,2021-05-21,Employees/Designated Employees,Market Sale,Sell,Equity Shares,750.0,0.0,0.0,0.0,0.0,11064.0,0.0,10314.0,0.0
BAJFINANCE,2021-05-25 19:21:00,2021-05-21,2021-05-21,2021-05-21,Employees/Designated Employees,Market Sale,Sell,Equity Shares,950.0,0.0,0.0,0.0,0.0,230565.0,0.04,229615.0,0.04
BAJFINANCE,2021-05-25 19:21:00,2021-05-21,2021-05-21,2021-05-21,Employees/Designated Employees,Market Sale,Sell,Equity Shares,1000.0,0.0,0.0,0.0,0.0,23388.0,0.0,22388.0,0.0
BAJFINANCE,2021-05-25 19:21:00,2021-05-21,2021-05-19,2021-05-19,Employees/Designated Employees,Market Sale,Sell,Equity Shares,250.0,0.0,0.0,0.0,0.0,118470.0,0.02,118220.0,0.02
BAJFINANCE,2021-05-25 19:21:00,2021-05-21,2021-05-19,2021-05-19,Employees/Designated Employees,Revokation of Pledge,Pledge Revoke,Equity Shares,250.0,0.0,0.0,0.0,0.0,118470.0,0.02,118470.0,0.02
BAJFINANCE,2021-05-25 19:21:00,2021-05-21,2021-05-21,2021-05-21,Employees/Designated Employees,Pledge Creation,Pledge,Equity Shares,2738.0,0.0,0.0,0.0,0.0,2758.0,0.0,2758.0,0.0
BAJFINANCE,2021-05-25 19:21:00,2021-05-21,2021-05-20,2021-05-20,Employees/Designated Employees,ESOP,Buy,Equity Shares,938.0,0.0,0.0,0.0,0.0,20.0,0.0,958.0,0.0
BAJFINANCE,2021-05-25 19:21:00,2021-05-21,2021-05-20,2021-05-20,Employees/Designated Employees,ESOP,Buy,Equity Shares,1800.0,0.0,0.0,0.0,0.0,958.0,0.0,2758.0,0.0
BAJFINANCE,2021-05-25 19:22:00,2021-05-21,2021-05-21,2021-05-21,Employees/Designated Employees,Market Sale,Sell,Equity Shares,8250.0,0.0,0.0,0.0,0.0,54007.0,0.01,45757.0,0.01
BAJFINANCE,2021-05-25 19:22:00,2021-05-21,2021-05-21,2021-05-21,Employees/Designated Employees,Revokation of Pledge,Pledge Revoke,Equity Shares,8250.0,0.0,0.0,0.0,0.0,54007.0,0.01,54007.0,0.01
BAJFINANCE,2021-05-25 19:22:00,2021-05-21,2021-05-21,2021-05-21,Employees/Designated Employees,Revokation of Pledge,Pledge Revoke,Equity Shares,4750.0,0.0,0.0,0.0,0.0,45757.0,0.01,45757.0,0.01
BAJFINANCE,2021-05-25 19:35:00,2021-05-21,2021-05-20,2021-05-20,Employees/Designated Employees,ESOP,Buy,Equity Shares,825.0,0.0,0.0,0.0,0.0,1574.0,0.0,2399.0,0.0
BAJFINANCE,2021-05-25 19:35:00,2021-05-21,2021-05-20,2021-05-20,Employees/Designated Employees,ESOP,Buy,Equity Shares,688.0,0.0,0.0,0.0,0.0,2399.0,0.0,3087.0,0.0
BAJFINANCE,2021-05-25 19:35:00,2021-05-21,2021-05-20,2021-05-20,Employees/Designated Employees,ESOP,Buy,Equity Shares,1437.0,0.0,0.0,0.0,0.0,3087.0,0.0,4524.0,0.0
BAJFINANCE,2021-05-25 19:35:00,2021-05-21,2021-05-20,2021-05-20,Employees/Designated Employees,ESOP,Buy,Equity Shares,786.0,0.0,0.0,0.0,0.0,,0.0,786.0,0.0
BAJFINANCE,2021-05-25 19:35:00,2021-05-21,2021-05-20,2021-05-20,Employees/Designated Employees,ESOP,Buy,Equity Shares,788.0,0.0,0.0,0.0,0.0,786.0,0.0,1574.0,0.0
BAJFINANCE,2021-05-25 19:35:00,2021-05-21,2021-05-21,2021-05-21,Employees/Designated Employees,Pledge Creation,Pledge,Equity Shares,4524.0,0.0,0.0,0.0,0.0,4524.0,0.0,4524.0,0.0
BAJFINANCE,2021-05-26 15:41:00,2021-05-24,2021-05-24,2021-05-24,Employees/Designated Employees,Market Sale,Sell,Equity Shares,250.0,0.0,0.0,0.0,0.0,229615.0,0.04,229365.0,0.04
BAJFINANCE,2021-05-26 15:41:00,2021-05-24,2021-05-24,2021-05-24,Employees/Designated Employees,Market Sale,Sell,Equity Shares,330.0,0.0,0.0,0.0,0.0,360.0,0.0,30.0,0.0
BAJFINANCE,2021-05-26 15:41:00,2021-05-24,2021-05-24,2021-05-24,Employees/Designated Employees,ESOP,Buy,Equity Shares,4287.0,0.0,0.0,0.0,0.0,1630.0,0.0,5917.0,0.0
BAJFINANCE,2021-05-27 11:15:00,2021-05-25,2021-05-14,2021-05-14,Employees/Designated Employees,ESOP,Buy,Equity Shares,1500.0,0.0,0.0,0.0,0.0,1250.0,0.0,2750.0,0.0
BAJFINANCE,2021-05-27 11:15:00,2021-05-25,2021-05-25,2021-05-25,Employees/Designated Employees,Market Sale,Sell,Equity Shares,9187.0,0.0,0.0,0.0,0.0,9187.0,0.0,,0.0
BAJFINANCE,2021-05-27 11:15:00,2021-05-25,2021-05-25,2021-05-25,Employees/Designated Employees,ESOP,Buy,Equity Shares,9187.0,0.0,0.0,0.0,0.0,,0.0,9187.0,0.0
BAJFINANCE,2021-05-27 11:15:00,2021-05-25,2021-05-25,2021-05-25,Employees/Designated Employees,Market Sale,Sell,Equity Shares,500.0,0.0,0.0,0.0,0.0,10314.0,0.0,9814.0,0.0
BAJFINANCE,2021-05-27 11:15:00,2021-05-25,2021-05-24,2021-05-24,Employees/Designated Employees,Market Sale,Sell,Equity Shares,5750.0,0.0,0.0,0.0,0.0,45757.0,0.01,40007.0,0.01
BAJFINANCE,2021-05-27 11:15:00,2021-05-25,2021-05-24,2021-05-24,Employees/Designated Employees,Market Sale,Sell,Equity Shares,200.0,0.0,0.0,0.0,0.0,2750.0,0.0,2550.0,0.0
BAJFINANCE,2021-05-27 11:15:00,2021-05-25,2021-05-24,2021-05-24,Employees/Designated Employees,Market Sale,Sell,Equity Shares,4750.0,0.0,0.0,0.0,0.0,40007.0,0.01,35257.0,0.01
BAJFINANCE,2021-05-27 11:16:00,2021-05-25,2021-05-25,2021-05-25,Employees/Designated Employees,ESOP,Buy,Equity Shares,1200.0,0.0,0.0,0.0,0.0,35194.0,0.01,36394.0,0.01
BAJFINANCE,2021-05-27 11:16:00,2021-05-25,2021-05-25,2021-05-25,Employees/Designated Employees,ESOP,Buy,Equity Shares,1375.0,0.0,0.0,0.0,0.0,37669.0,0.01,39044.0,0.01
BAJFINANCE,2021-05-27 11:16:00,2021-05-25,2021-05-25,2021-05-25,Employees/Designated Employees,Pledge Creation,Pledge,Equity Shares,3850.0,0.0,0.0,0.0,0.0,39044.0,0.01,39044.0,0.01
BAJFINANCE,2021-05-27 11:16:00,2021-05-25,2021-05-25,2021-05-25,Employees/Designated Employees,ESOP,Buy,Equity Shares,1275.0,0.0,0.0,0.0,0.0,36394.0,0.01,37669.0,0.01
BAJFINANCE,2021-05-28 18:19:00,2021-05-26,2021-05-25,2021-05-25,Employees/Designated Employees,Market Sale,Sell,Equity Shares,4287.0,0.0,0.0,0.0,0.0,5917.0,0.0,1630.0,0.0
BAJFINANCE,2021-05-28 18:19:00,2021-05-26,2021-05-25,2021-05-25,Employees/Designated Employees,Market Sale,Sell,Equity Shares,800.0,0.0,0.0,0.0,0.0,35165.0,0.01,34365.0,0.01
BAJFINANCE,2021-05-28 18:19:00,2021-05-26,2021-05-26,2021-05-26,Employees/Designated Employees,Market Sale,Sell,Equity Shares,2810.0,0.0,0.0,0.0,0.0,4524.0,0.0,1714.0,0.0
BAJFINANCE,2021-05-28 18:19:00,2021-05-26,2021-05-26,2021-05-26,Employees/Designated Employees,Revokation of Pledge,Pledge Revoke,Equity Shares,2810.0,0.0,0.0,0.0,0.0,4524.0,0.0,4524.0,0.0
BAJFINANCE,2021-05-28 18:20:00,2021-05-26,2021-05-26,2021-05-26,Employees/Designated Employees,Market Sale,Sell,Equity Shares,1000.0,0.0,0.0,0.0,0.0,27007.0,0.0,26007.0,0.0
BAJFINANCE,2021-05-28 18:20:00,2021-05-26,2021-05-25,2021-05-25,Employees/Designated Employees,Market Sale,Sell,Equity Shares,5000.0,0.0,0.0,0.0,0.0,35257.0,0.01,30257.0,0.01
BAJFINANCE,2021-05-28 18:20:00,2021-05-26,2021-05-24,2021-05-24,Employees/Designated Employees,Pledge Creation,Pledge,Equity Shares,13000.0,0.0,0.0,0.0,0.0,35257.0,0.01,35257.0,0.01
BAJFINANCE,2021-05-28 18:20:00,2021-05-26,2021-05-25,2021-05-25,Employees/Designated Employees,Market Sale,Sell,Equity Shares,3250.0,0.0,0.0,0.0,0.0,30257.0,0.01,27007.0,0.0
BAJFINANCE,2021-05-28 18:20:00,2021-05-26,2021-05-26,2021-05-26,Employees/Designated Employees,Market Sale,Sell,Equity Shares,1000.0,0.0,0.0,0.0,0.0,22388.0,0.0,21388.0,0.0
BAJFINANCE,2021-05-28 18:20:00,2021-05-26,2021-05-26,2021-05-26,Employees/Designated Employees,Market Sale,Sell,Equity Shares,200.0,0.0,0.0,0.0,0.0,229.0,0.0,29.0,0.0
BAJFINANCE,2021-05-28 18:20:00,2021-05-26,2021-05-26,2021-05-26,Employees/Designated Employees,Market Sale,Sell,Equity Shares,400.0,0.0,0.0,0.0,0.0,2550.0,0.0,2150.0,0.0
BAJFINANCE,2021-05-28 18:20:00,2021-05-26,2021-05-26,2021-05-26,Employees/Designated Employees,Market Sale,Sell,Equity Shares,2000.0,0.0,0.0,0.0,0.0,53750.0,0.01,51750.0,0.01
BAJFINANCE,2021-05-28 18:21:00,2021-05-26,2021-05-25,2021-05-25,Employees/Designated Employees,Revokation of Pledge,Pledge Revoke,Equity Shares,2500.0,0.0,0.0,0.0,0.0,39044.0,0.01,39044.0,0.01
BAJFINANCE,2021-05-28 18:21:00,2021-05-26,2021-05-25,2021-05-25,Employees/Designated Employees,Market Sale,Sell,Equity Shares,2500.0,0.0,0.0,0.0,0.0,39044.0,0.01,36544.0,0.01
BAJFINANCE,2021-05-28 18:21:00,2021-05-26,2021-05-26,2021-05-26,Employees/Designated Employees,Market Sale,Sell,Equity Shares,13650.0,0.0,0.0,0.0,0.0,229365.0,0.04,215715.0,0.04
BAJFINANCE,2021-05-28 18:21:00,2021-05-26,2021-05-26,2021-05-26,Employees/Designated Employees,Revokation of Pledge,Pledge Revoke,Equity Shares,1350.0,0.0,0.0,0.0,0.0,36544.0,0.01,36544.0,0.01
BAJFINANCE,2021-05-28 18:21:00,2021-05-26,2021-05-26,2021-05-26,Employees/Designated Employees,Market Sale,Sell,Equity Shares,2000.0,0.0,0.0,0.0,0.0,16099.0,0.0,14099.0,0.0
BAJFINANCE,2021-05-28 18:21:00,2021-05-26,2021-05-26,2021-05-26,Employees/Designated Employees,Revokation of Pledge,Pledge Revoke,Equity Shares,2000.0,0.0,0.0,0.0,0.0,16099.0,0.0,16099.0,0.0
BAJFINANCE,2021-05-28 18:21:00,2021-05-26,2021-05-26,2021-05-26,Employees/Designated Employees,Market Sale,Sell,Equity Shares,2999.0,0.0,0.0,0.0,0.0,14099.0,0.0,11100.0,0.0
BAJFINANCE,2021-05-28 18:21:00,2021-05-26,2021-05-26,2021-05-26,Employees/Designated Employees,Revokation of Pledge,Pledge Revoke,Equity Shares,2999.0,0.0,0.0,0.0,0.0,14099.0,0.0,14099.0,0.0
BAJFINANCE,2021-05-31 17:54:00,2021-05-27,2021-05-26,2021-05-26,Employees/Designated Employees,Revokation of Pledge,Pledge Revoke,Equity Shares,1714.0,0.0,0.0,0.0,0.0,1714.0,0.0,1714.0,0.0
BAJFINANCE,2021-05-31 17:54:00,2021-05-27,2021-05-26,2021-05-26,Employees/Designated Employees,Market Sale,Sell,Equity Shares,1400.0,0.0,0.0,0.0,0.0,2758.0,0.0,1358.0,0.0
BAJFINANCE,2021-05-31 17:54:00,2021-05-27,2021-05-26,2021-05-26,Employees/Designated Employees,Market Sale,Sell,Equity Shares,250.0,0.0,0.0,0.0,0.0,34365.0,0.01,34115.0,0.01
BAJFINANCE,2021-05-31 17:54:00,2021-05-27,2021-05-26,2021-05-26,Employees/Designated Employees,Revokation of Pledge,Pledge Revoke,Equity Shares,1400.0,0.0,0.0,0.0,0.0,2758.0,0.0,2758.0,0.0
BAJFINANCE,2021-06-02 16:19:00,2021-06-01,2021-05-28,2021-05-28,Employees/Designated Employees,Revokation of Pledge,Pledge Revoke,Equity Shares,22500.0,0.0,0.0,0.0,0.0,118220.0,0.02,118220.0,0.02
BAJFINANCE,2021-06-02 16:19:00,2021-06-01,2021-05-31,2021-05-31,Employees/Designated Employees,ESOP,Buy,Equity Shares,875.0,0.0,0.0,0.0,0.0,,0.0,875.0,0.0
BAJFINANCE,2021-06-04 18:09:00,2021-06-03,2021-06-01,2021-06-01,Employees/Designated Employees,ESOP,Buy,Equity Shares,2500.0,0.0,0.0,0.0,0.0,,0.0,2500.0,0.0
BAJFINANCE,2021-06-11 10:07:00,2021-06-09,2021-06-09,2021-06-09,Employees/Designated Employees,ESOP,Buy,Equity Shares,14750.0,0.0,0.0,0.0,0.0,29838.0,0.0,44588.0,0.01
BAJFINANCE,2021-06-11 10:07:00,2021-06-09,2021-06-09,2021-06-09,Employees/Designated Employees,ESOP,Buy,Equity Shares,8500.0,0.0,0.0,0.0,0.0,44588.0,0.01,53088.0,0.01
BAJFINANCE,2021-06-11 10:07:00,2021-06-09,2021-06-09,2021-06-09,Employees/Designated Employees,Revokation of Pledge,Pledge Revoke,Equity Shares,24100.0,0.0,0.0,0.0,0.0,59838.0,0.01,59838.0,0.01
BAJFINANCE,2021-06-11 10:07:00,2021-06-09,2021-06-09,2021-06-09,Employees/Designated Employees,Pledge Creation,Pledge,Equity Shares,52000.0,0.0,0.0,0.0,0.0,59838.0,0.01,59838.0,0.01
BAJFINANCE,2021-06-11 10:07:00,2021-06-09,2021-06-09,2021-06-09,Employees/Designated Employees,Market Sale,Sell,Equity Shares,24100.0,0.0,0.0,0.0,0.0,59838.0,0.01,35738.0,0.01
BAJFINANCE,2021-06-11 10:07:00,2021-06-09,2021-06-09,2021-06-09,Employees/Designated Employees,ESOP,Buy,Equity Shares,6750.0,0.0,0.0,0.0,0.0,53088.0,0.01,59838.0,0.01
BAJFINANCE,2021-06-11 10:07:00,2021-06-09,2021-06-09,2021-06-09,Employees/Designated Employees,ESOP,Buy,Equity Shares,22000.0,0.0,0.0,0.0,0.0,7838.0,0.0,29838.0,0.0
BAJFINANCE,2021-06-11 10:07:00,2021-06-09,2021-05-25,2021-05-25,Employees/Designated Employees,Market Sale,Sell,Equity Shares,30.0,0.0,0.0,0.0,0.0,30.0,0.0,,0.0
BAJFINANCE,2021-06-11 10:07:00,2021-06-09,2021-06-08,2021-06-08,Employees/Designated Employees,ESOP,Buy,Equity Shares,500.0,0.0,0.0,0.0,0.0,,0.0,500.0,0.0
BAJFINANCE,2021-06-11 10:07:00,2021-06-09,2021-06-09,2021-06-09,Employees/Designated Employees,ESOP,Buy,Equity Shares,975.0,0.0,0.0,0.0,0.0,,0.0,975.0,0.0
BAJFINANCE,2021-06-11 10:07:00,2021-06-09,2021-06-08,2021-06-08,Employees/Designated Employees,ESOP,Buy,Equity Shares,10000.0,0.0,0.0,0.0,0.0,500.0,0.0,10500.0,0.0
BAJFINANCE,2021-06-11 10:08:00,2021-06-09,2021-06-08,2021-06-08,Immediate relative,Pledge Creation,Pledge,Equity Shares,437.0,0.0,0.0,0.0,0.0,437.0,0.0,437.0,0.0
BAJFINANCE,2021-06-11 10:08:00,2021-06-09,2021-06-08,2021-06-08,Immediate relative,Revokation of Pledge,Pledge Revoke,Equity Shares,437.0,0.0,0.0,0.0,0.0,437.0,0.0,437.0,0.0
BAJFINANCE,2021-06-11 10:08:00,2021-06-09,2021-06-08,2021-06-08,Immediate relative,ESOP,Buy,Equity Shares,437.0,0.0,0.0,0.0,0.0,,0.0,437.0,0.0
BAJFINANCE,2021-06-11 10:08:00,2021-06-09,2021-06-08,2021-06-08,Immediate relative,Market Sale,Sell,Equity Shares,265.0,0.0,0.0,0.0,0.0,437.0,0.0,172.0,0.0
BAJFINANCE,2021-06-14 19:37:00,2021-06-10,2021-06-09,2021-06-09,Employees/Designated Employees,ESOP,Buy,Equity Shares,1775.0,0.0,0.0,0.0,0.0,28516.0,0.0,30291.0,0.01
BAJFINANCE,2021-06-14 19:37:00,2021-06-10,2021-06-09,2021-06-09,Employees/Designated Employees,ESOP,Buy,Equity Shares,2075.0,0.0,0.0,0.0,0.0,33004.0,0.01,35079.0,0.01
BAJFINANCE,2021-06-14 19:37:00,2021-06-10,2021-05-19,2021-05-19,Employees/Designated Employees,Market Sale,Sell,Equity Shares,25.0,0.0,0.0,0.0,0.0,28541.0,0.0,28516.0,0.0
BAJFINANCE,2021-06-14 19:37:00,2021-06-10,2021-06-09,2021-06-09,Employees/Designated Employees,ESOP,Buy,Equity Shares,1300.0,0.0,0.0,0.0,0.0,31704.0,0.01,33004.0,0.01
BAJFINANCE,2021-06-14 19:37:00,2021-06-10,2021-06-09,2021-06-09,Employees/Designated Employees,ESOP,Buy,Equity Shares,1413.0,0.0,0.0,0.0,0.0,30291.0,0.01,31704.0,0.01
BAJFINANCE,2021-06-14 19:37:00,2021-06-11,2021-06-09,2021-06-09,Employees/Designated Employees,Pledge Creation,Pledge,Equity Shares,6563.0,0.0,0.0,0.0,0.0,35079.0,0.01,35079.0,0.01
BAJFINANCE,2021-06-14 19:38:00,2021-06-10,2021-06-10,2021-06-10,Employees/Designated Employees,Market Sale,Sell,Equity Shares,165.0,0.0,0.0,0.0,0.0,1815.0,0.0,1650.0,0.0
BAJFINANCE,2021-06-14 19:38:00,2021-06-11,2021-06-11,2021-06-11,Employees/Designated Employees,Market Sale,Sell,Equity Shares,1000.0,0.0,0.0,0.0,0.0,33350.0,0.01,32350.0,0.01
BAJFINANCE,2021-06-14 19:38:00,2021-06-11,2021-06-11,2021-06-11,Employees/Designated Employees,Market Sale,Sell,Equity Shares,10500.0,0.0,0.0,0.0,0.0,10500.0,0.0,,0.0
BAJFINANCE,2021-06-14 19:38:00,2021-06-11,2021-06-10,2021-06-10,Employees/Designated Employees,Market Sale,Sell,Equity Shares,400.0,0.0,0.0,0.0,0.0,1358.0,0.0,958.0,0.0
BAJFINANCE,2021-06-14 19:38:00,2021-06-10,2021-05-26,2021-05-26,Employees/Designated Employees,ESOP,Buy,Equity Shares,1000.0,0.0,0.0,0.0,0.0,815.0,0.0,1815.0,0.0
BAJFINANCE,2021-06-14 19:38:00,2021-06-11,2021-06-10,2021-06-10,Employees/Designated Employees,Revokation of Pledge,Pledge Revoke,Equity Shares,1338.0,0.0,0.0,0.0,0.0,1358.0,0.0,1358.0,0.0
BAJFINANCE,2021-06-15 17:53:00,2021-06-12,2021-06-11,2021-06-11,Employees/Designated Employees,Market Sale,Sell,Equity Shares,1500.0,0.0,0.0,0.0,0.0,31029.0,0.01,29529.0,0.0
BAJFINANCE,2021-06-15 17:53:00,2021-06-12,2021-06-10,2021-06-10,Employees/Designated Employees,Revokation of Pledge,Pledge Revoke,Equity Shares,4050.0,0.0,0.0,0.0,0.0,35079.0,0.01,35079.0,0.01
BAJFINANCE,2021-06-15 17:53:00,2021-06-12,2021-06-10,2021-06-10,Employees/Designated Employees,Market Sale,Sell,Equity Shares,4050.0,0.0,0.0,0.0,0.0,35079.0,0.01,31029.0,0.01
BAJFINANCE,2021-06-15 17:53:00,2021-06-14,2021-06-14,2021-06-14,Employees/Designated Employees,Market Sale,Sell,Equity Shares,4000.0,0.0,0.0,0.0,0.0,32350.0,0.01,28350.0,0.0
BAJFINANCE,2021-06-15 17:53:00,2021-06-13,2021-06-11,2021-06-11,Employees/Designated Employees,Market Sale,Sell,Equity Shares,1524.0,0.0,0.0,0.0,0.0,1524.0,0.0,,0.0
BAJFINANCE,2021-06-15 17:53:00,2021-06-12,2021-06-11,2021-06-11,Employees/Designated Employees,ESOP,Buy,Equity Shares,11388.0,0.0,0.0,0.0,0.0,,0.0,11388.0,0.0
BAJFINANCE,2021-06-15 17:53:00,2021-06-14,2021-06-14,2021-06-14,Employees/Designated Employees,Market Sale,Sell,Equity Shares,2000.0,0.0,0.0,0.0,0.0,215715.0,0.04,213715.0,0.04
BAJFINANCE,2021-06-15 17:53:00,2021-06-11,2021-06-11,2021-06-11,Employees/Designated Employees,Revokation of Pledge,Pledge Revoke,Equity Shares,27900.0,0.0,0.0,0.0,0.0,35738.0,0.01,35738.0,0.01
BAJFINANCE,2021-06-15 17:54:00,2021-06-14,2021-06-14,2021-06-14,Employees/Designated Employees,Market Sale,Sell,Equity Shares,875.0,0.0,0.0,0.0,0.0,875.0,0.0,,0.0
BAJFINANCE,2021-06-15 17:54:00,2021-06-14,2021-06-14,2021-06-14,Employees/Designated Employees,ESOP,Buy,Equity Shares,550.0,0.0,0.0,0.0,0.0,100.0,0.0,650.0,0.0
BAJFINANCE,2021-06-15 17:54:00,2021-06-14,2021-06-14,2021-06-14,Employees/Designated Employees,ESOP,Buy,Equity Shares,100.0,0.0,0.0,0.0,0.0,,0.0,100.0,0.0
BAJFINANCE,2021-06-16 19:37:00,2021-06-15,2021-06-15,2021-06-15,Employees/Designated Employees,Market Sale,Sell,Equity Shares,650.0,0.0,0.0,0.0,0.0,650.0,0.0,,0.0
BAJFINANCE,2021-06-16 19:37:00,2021-06-15,2021-06-14,2021-06-14,Employees/Designated Employees,Revokation of Pledge,Pledge Revoke,Equity Shares,2513.0,0.0,0.0,0.0,0.0,29229.0,0.0,29229.0,0.0
BAJFINANCE,2021-06-16 19:37:00,2021-06-15,2021-06-14,2021-06-14,Employees/Designated Employees,Market Sale,Sell,Equity Shares,1500.0,0.0,0.0,0.0,0.0,20300.0,0.0,18800.0,0.0
BAJFINANCE,2021-06-16 19:37:00,2021-06-15,2021-06-15,2021-06-15,Employees/Designated Employees,Market Sale,Sell,Equity Shares,695.0,0.0,0.0,0.0,0.0,213715.0,0.04,213020.0,0.04
BAJFINANCE,2021-06-16 19:37:00,2021-06-15,2021-06-15,2021-06-15,Employees/Designated Employees,ESOP,Buy,Equity Shares,12250.0,0.0,0.0,0.0,0.0,10177.0,0.0,22427.0,0.0
BAJFINANCE,2021-06-16 19:37:00,2021-06-15,2021-06-14,2021-06-14,Employees/Designated Employees,Market Sale,Sell,Equity Shares,300.0,0.0,0.0,0.0,0.0,29529.0,0.0,29229.0,0.0
BAJFINANCE,2021-06-16 19:38:00,2021-06-15,2021-06-14,2021-06-14,Employees/Designated Employees,ESOP,Buy,Equity Shares,6125.0,0.0,0.0,0.0,0.0,,0.0,6125.0,0.0
BAJFINANCE,2021-06-16 19:38:00,2021-06-15,2021-05-21,2021-05-21,Employees/Designated Employees,Market Sale,Sell,Equity Shares,150.0,0.0,0.0,0.0,0.0,3755.0,0.0,3605.0,0.0
BAJFINANCE,2021-06-16 19:38:00,2021-06-15,2021-06-15,2021-06-15,Employees/Designated Employees,Market Sale,Sell,Equity Shares,6125.0,0.0,0.0,0.0,0.0,6125.0,0.0,,0.0
BAJFINANCE,2021-06-16 19:38:00,2021-06-15,2021-06-14,2021-06-14,Employees/Designated Employees,Market Sale,Sell,Equity Shares,900.0,0.0,0.0,0.0,0.0,3605.0,0.0,2705.0,0.0
BAJFINANCE,2021-06-16 19:38:00,2021-06-14,2021-06-14,2021-06-14,Employees/Designated Employees,ESOP,Buy,Equity Shares,4750.0,0.0,0.0,0.0,0.0,38850.0,0.01,43600.0,0.01
BAJFINANCE,2021-06-16 19:38:00,2021-06-15,2021-06-15,2021-06-15,Employees/Designated Employees,Market Sale,Sell,Equity Shares,250.0,0.0,0.0,0.0,0.0,1138.0,0.0,888.0,0.0
BAJFINANCE,2021-06-16 19:38:00,2021-06-14,2021-06-14,2021-06-14,Employees/Designated Employees,Market Sale,Sell,Equity Shares,10250.0,0.0,0.0,0.0,0.0,11388.0,0.0,1138.0,0.0
BAJFINANCE,2021-06-17 16:42:00,2021-06-17,2021-06-15,2021-06-15,Employees/Designated Employees,ESOP,Buy,Equity Shares,11000.0,0.0,0.0,0.0,0.0,4500.0,0.0,15500.0,0.0
BAJFINANCE,2021-06-17 16:42:00,2021-06-17,2021-06-15,2021-06-15,Employees/Designated Employees,ESOP,Buy,Equity Shares,4500.0,0.0,0.0,0.0,0.0,,0.0,4500.0,0.0
BAJFINANCE,2021-06-17 16:42:00,2021-06-15,2021-06-15,2021-06-15,Employees/Designated Employees,Market Sale,Sell,Equity Shares,250.0,0.0,0.0,0.0,0.0,888.0,0.0,638.0,0.0
BAJFINANCE,2021-06-17 16:42:00,2021-06-15,2021-06-15,2021-06-15,Employees/Designated Employees,Pledge Creation,Pledge,Equity Shares,12250.0,0.0,0.0,0.0,0.0,22427.0,0.0,22427.0,0.0
BAJFINANCE,2021-06-22 16:19:00,2021-06-21,2021-06-21,2021-06-21,Employees/Designated Employees,Market Sale,Sell,Equity Shares,3500.0,0.0,0.0,0.0,0.0,15500.0,0.0,12000.0,0.0
BAJFINANCE,2021-06-22 16:30:00,2021-06-21,2021-06-21,2021-06-21,Employees/Designated Employees,Market Sale,Sell,Equity Shares,638.0,0.0,0.0,0.0,0.0,638.0,0.0,,0.0
BAJFINANCE,2021-06-23 11:08:00,2021-06-22,2021-06-21,2021-06-21,-,Market Sale,Sell,Equity Shares,5000.0,0.0,0.0,0.0,0.0,22427.0,0.0,17427.0,0.0
BAJFINANCE,2021-06-23 11:08:00,2021-06-22,2021-06-21,2021-06-21,-,Revokation of Pledge,Pledge Revoke,Equity Shares,5000.0,0.0,0.0,0.0,0.0,22427.0,0.0,22427.0,0.0
BAJFINANCE,2021-06-25 17:39:00,2021-06-23,2021-06-23,2021-06-23,Employees/Designated Employees,Market Sale,Sell,Equity Shares,125.0,0.0,0.0,0.0,0.0,615.0,0.0,490.0,0.0
BAJFINANCE,2021-06-25 17:39:00,2021-06-23,2021-06-18,2021-06-18,Employees/Designated Employees,Market Sale,Sell,Equity Shares,160.0,0.0,0.0,0.0,0.0,775.0,0.0,615.0,0.0
BAJFINANCE,2021-06-26 22:16:00,2021-06-25,2021-06-25,2021-06-25,Employees/Designated Employees,Market Sale,Sell,Equity Shares,2000.0,0.0,0.0,0.0,0.0,12000.0,0.0,10000.0,0.0
BAJFINANCE,2021-06-26 22:16:00,2021-06-24,2021-06-24,2021-06-24,Employees/Designated Employees,Revokation of Pledge,Pledge Revoke,Equity Shares,7250.0,0.0,0.0,0.0,0.0,17427.0,0.0,17427.0,0.0
BAJFINANCE,2021-06-26 22:16:00,2021-06-25,2021-06-24,2021-06-24,Employees/Designated Employees,Market Sale,Sell,Equity Shares,200.0,0.0,0.0,0.0,0.0,490.0,0.0,290.0,0.0
BAJFINANCE,2021-06-28 19:01:00,2021-06-28,2021-06-10,2021-06-10,Employees/Designated Employees,Market Sale,Sell,Equity Shares,150.0,0.0,0.0,0.0,0.0,975.0,0.0,825.0,0.0
BAJFINANCE,2021-06-28 19:01:00,2021-06-28,2021-06-11,2021-06-11,Employees/Designated Employees,Market Sale,Sell,Equity Shares,50.0,0.0,0.0,0.0,0.0,825.0,0.0,775.0,0.0
BAJFINANCE,2021-07-13 13:24:00,2021-07-09,2021-07-09,2021-07-09,Employees/Designated Employees,ESOP,Buy,Equity Shares,13750.0,0.0,0.0,0.0,0.0,213020.0,0.04,226770.0,0.04
BAJFINANCE,2021-07-14 18:38:00,2021-07-13,2021-07-09,2021-07-09,Employees/Designated Employees,ESOP,Buy,Equity Shares,10000.0,0.0,0.0,0.0,0.0,18800.0,0.0,28800.0,0.0
BAJFINANCE,2021-07-25 10:12:00,2021-07-23,2021-07-23,2021-07-23,Employees/Designated Employees,Market Sale,Sell,Equity Shares,2110.0,0.0,0.0,0.0,0.0,3739.0,0.0,1629.0,0.0
BAJFINANCE,2021-07-25 10:12:00,2021-07-23,2021-07-23,2021-07-23,Employees/Designated Employees,ESOP,Buy,Equity Shares,988.0,0.0,0.0,0.0,0.0,,0.0,988.0,0.0
BAJFINANCE,2021-07-25 10:12:00,2021-07-23,2021-07-23,2021-07-23,Employees/Designated Employees,Revokation of Pledge,Pledge Revoke,Equity Shares,3739.0,0.0,0.0,0.0,0.0,3739.0,0.0,3739.0,0.0
BAJFINANCE,2021-07-25 10:12:00,2021-07-23,2021-07-23,2021-07-23,Employees/Designated Employees,Pledge Creation,Pledge,Equity Shares,3739.0,0.0,0.0,0.0,0.0,3739.0,0.0,3739.0,0.0
BAJFINANCE,2021-07-25 10:12:00,2021-07-23,2021-07-23,2021-07-23,Employees/Designated Employees,ESOP,Buy,Equity Shares,1250.0,0.0,0.0,0.0,0.0,2489.0,0.0,3739.0,0.0
BAJFINANCE,2021-07-25 10:12:00,2021-07-23,2021-07-23,2021-07-23,Employees/Designated Employees,ESOP,Buy,Equity Shares,763.0,0.0,0.0,0.0,0.0,1726.0,0.0,2489.0,0.0
BAJFINANCE,2021-07-25 10:12:00,2021-07-23,2021-07-23,2021-07-23,Employees/Designated Employees,ESOP,Buy,Equity Shares,738.0,0.0,0.0,0.0,0.0,988.0,0.0,1726.0,0.0
BAJFINANCE,2021-07-25 10:12:00,2021-07-22,2021-07-20,2021-07-20,Employees/Designated Employees,ESOP,Buy,Equity Shares,575.0,0.0,0.0,0.0,0.0,,0.0,575.0,0.0
BAJFINANCE,2021-07-25 10:13:00,2021-07-23,2021-07-23,2021-07-23,Employees/Designated Employees,ESOP,Buy,Equity Shares,2313.0,0.0,0.0,0.0,0.0,116010.0,0.02,118323.0,0.02
BAJFINANCE,2021-07-25 10:13:00,2021-07-23,2021-07-23,2021-07-23,Employees/Designated Employees,Pledge Creation,Pledge,Equity Shares,25288.0,0.0,0.0,0.0,0.0,141298.0,0.02,141298.0,0.02
BAJFINANCE,2021-07-25 10:13:00,2021-07-23,2021-07-23,2021-07-23,Employees/Designated Employees,Market Sale,Sell,Equity Shares,15000.0,0.0,0.0,0.0,0.0,141298.0,0.02,126298.0,0.02
BAJFINANCE,2021-07-25 10:13:00,2021-07-23,2021-07-23,2021-07-23,Employees/Designated Employees,ESOP,Buy,Equity Shares,5976.0,0.0,0.0,0.0,0.0,118323.0,0.02,124299.0,0.02
BAJFINANCE,2021-07-25 10:13:00,2021-07-23,2021-07-23,2021-07-23,Employees/Designated Employees,Revokation of Pledge,Pledge Revoke,Equity Shares,25288.0,0.0,0.0,0.0,0.0,141298.0,0.02,141298.0,0.02
BAJFINANCE,2021-07-25 10:13:00,2021-07-23,2021-07-23,2021-07-23,Employees/Designated Employees,ESOP,Buy,Equity Shares,2311.0,0.0,0.0,0.0,0.0,138987.0,0.02,141298.0,0.02
BAJFINANCE,2021-07-25 10:13:00,2021-07-23,2021-07-23,2021-07-23,Employees/Designated Employees,ESOP,Buy,Equity Shares,4500.0,0.0,0.0,0.0,0.0,134487.0,0.02,138987.0,0.02
BAJFINANCE,2021-07-25 10:13:00,2021-07-23,2021-07-23,2021-07-23,Employees/Designated Employees,ESOP,Buy,Equity Shares,5962.0,0.0,0.0,0.0,0.0,128525.0,0.02,134487.0,0.02
BAJFINANCE,2021-07-25 10:13:00,2021-07-23,2021-07-23,2021-07-23,Employees/Designated Employees,ESOP,Buy,Equity Shares,4226.0,0.0,0.0,0.0,0.0,124299.0,0.02,128525.0,0.02
BAJFINANCE,2021-07-27 12:01:00,2021-07-26,2021-07-26,2021-07-26,Employees/Designated Employees,Market Sale,Sell,Equity Shares,575.0,0.0,0.0,0.0,0.0,575.0,0.0,,0.0
BAJFINANCE,2021-07-27 12:01:00,2021-07-26,2021-07-26,2021-07-26,Employees/Designated Employees,Market Sale,Sell,Equity Shares,3000.0,0.0,0.0,0.0,0.0,28350.0,0.0,25350.0,0.0
BAJFINANCE,2021-07-27 12:01:00,2021-07-26,2021-07-23,2021-07-23,Employees/Designated Employees,Market Sale,Sell,Equity Shares,350.0,0.0,0.0,0.0,0.0,29229.0,0.0,28879.0,0.0
BAJFINANCE,2021-07-28 11:32:00,2021-07-27,2021-07-26,2021-07-26,Employees/Designated Employees,Revokation of Pledge,Pledge Revoke,Equity Shares,2000.0,0.0,0.0,0.0,0.0,2000.0,0.0,2000.0,0.0
BAJFINANCE,2021-07-28 11:32:00,2021-07-27,2021-07-26,2021-07-26,Employees/Designated Employees,Pledge Creation,Pledge,Equity Shares,2000.0,0.0,0.0,0.0,0.0,2000.0,0.0,2000.0,0.0
BAJFINANCE,2021-07-28 11:32:00,2021-07-27,2021-07-26,2021-07-26,Employees/Designated Employees,ESOP,Buy,Equity Shares,2000.0,0.0,0.0,0.0,0.0,,0.0,2000.0,0.0
BAJFINANCE,2021-07-28 11:32:00,2021-07-27,2021-07-26,2021-07-26,Employees/Designated Employees,Market Sale,Sell,Equity Shares,2000.0,0.0,0.0,0.0,0.0,2000.0,0.0,,0.0
BAJFINANCE,2021-07-28 11:33:00,2021-07-27,2021-07-26,2021-07-26,Employees/Designated Employees,Market Sale,Sell,Equity Shares,150.0,0.0,0.0,0.0,0.0,28879.0,0.0,28729.0,0.0
BAJFINANCE,2021-07-28 11:33:00,2021-07-27,2021-07-26,2021-07-26,Employees/Designated Employees,Market Sale,Sell,Equity Shares,160.0,0.0,0.0,0.0,0.0,28729.0,0.0,28569.0,0.0
BAJFINANCE,2021-07-28 18:36:00,2021-07-28,2021-07-27,2021-07-27,Employees/Designated Employees,ESOP,Buy,Equity Shares,8750.0,0.0,0.0,0.0,0.0,28886.0,0.0,37636.0,0.01
BAJFINANCE,2021-07-28 18:36:00,2021-07-28,2021-07-27,2021-07-27,Employees/Designated Employees,ESOP,Buy,Equity Shares,3536.0,0.0,0.0,0.0,0.0,25350.0,0.0,28886.0,0.0
BAJFINANCE,2021-08-05 17:04:00,2021-08-04,2021-08-04,2021-08-04,Employees/Designated Employees,ESOP,Buy,Equity Shares,7538.0,0.0,0.0,0.0,0.0,37636.0,0.01,45174.0,0.01
BAJFINANCE,2021-08-07 16:36:00,2021-08-05,2021-08-05,2021-08-05,Employees/Designated Employees,ESOP,Buy,Equity Shares,5074.0,0.0,0.0,0.0,0.0,,0.0,5074.0,0.0
BAJFINANCE,2021-08-07 16:36:00,2021-08-05,2021-08-05,2021-08-05,Employees/Designated Employees,ESOP,Buy,Equity Shares,2600.0,0.0,0.0,0.0,0.0,5074.0,0.0,7674.0,0.0
BAJFINANCE,2021-08-07 16:36:00,2021-08-05,2021-08-05,2021-08-05,Employees/Designated Employees,ESOP,Buy,Equity Shares,2537.0,0.0,0.0,0.0,0.0,7674.0,0.0,10211.0,0.0
BAJFINANCE,2021-08-10 11:28:00,2021-08-09,2021-08-09,2021-08-09,Employees/Designated Employees,Market Sale,Sell,Equity Shares,10211.0,0.0,0.0,0.0,0.0,10211.0,0.0,,0.0
BAJFINANCE,2021-08-11 14:13:00,2021-08-10,2021-08-10,2021-08-10,Employees/Designated Employees,Market Sale,Sell,Equity Shares,1000.0,0.0,0.0,0.0,0.0,45174.0,0.01,44174.0,0.01
BAJFINANCE,2021-08-12 18:29:00,2021-08-11,2021-08-11,2021-08-11,Employees/Designated Employees,ESOP,Buy,Equity Shares,10000.0,0.0,0.0,0.0,0.0,7338.0,0.0,17338.0,0.0
BAJFINANCE,2021-08-12 18:29:00,2021-08-11,2021-08-11,2021-08-11,Employees/Designated Employees,Market Sale,Sell,Equity Shares,2000.0,0.0,0.0,0.0,0.0,44174.0,0.01,42174.0,0.0
BAJFINANCE,2021-08-12 18:29:00,2021-08-11,2021-08-11,2021-08-11,Employees/Designated Employees,ESOP,Buy,Equity Shares,7338.0,0.0,0.0,0.0,0.0,,0.0,7338.0,0.0
BAJFINANCE,2021-08-16 19:25:00,2021-08-13,2021-08-12,2021-08-12,Employees/Designated Employees,Market Sale,Sell,Equity Shares,6000.0,0.0,0.0,0.0,0.0,17427.0,0.0,11427.0,0.0
BAJFINANCE,2021-08-16 19:25:00,2021-08-13,2021-08-12,2021-08-12,Employees/Designated Employees,Market Sale,Sell,Equity Shares,3000.0,0.0,0.0,0.0,0.0,18000.0,0.0,15000.0,0.0
BAJFINANCE,2021-08-16 19:25:00,2021-08-13,2021-08-10,2021-08-10,Employees/Designated Employees,Market Sale,Sell,Equity Shares,150.0,0.0,0.0,0.0,0.0,28569.0,0.0,28419.0,0.0
BAJFINANCE,2021-08-16 19:25:00,2021-08-13,2021-08-12,2021-08-12,Employees/Designated Employees,Market Sale,Sell,Equity Shares,100.0,0.0,0.0,0.0,0.0,28419.0,0.0,28319.0,0.0
BAJFINANCE,2021-08-16 19:25:00,2021-08-12,2021-08-12,2021-08-12,Employees/Designated Employees,Market Sale,Sell,Equity Shares,290.0,0.0,0.0,0.0,0.0,290.0,0.0,,0.0
BAJFINANCE,2021-08-16 19:25:00,2021-08-12,2021-08-11,2021-08-11,Employees/Designated Employees,ESOP,Buy,Equity Shares,4200.0,0.0,0.0,0.0,0.0,10500.0,0.0,14700.0,0.0
BAJFINANCE,2021-08-16 19:25:00,2021-08-12,2021-08-11,2021-08-11,Employees/Designated Employees,ESOP,Buy,Equity Shares,500.0,0.0,0.0,0.0,0.0,10000.0,0.0,10500.0,0.0
BAJFINANCE,2021-08-16 19:26:00,2021-08-12,2021-08-12,2021-08-12,Employees/Designated Employees,Market Sale,Sell,Equity Shares,2000.0,0.0,0.0,0.0,0.0,42174.0,0.01,40174.0,0.01
BAJFINANCE,2021-08-18 19:02:00,2021-08-16,2021-08-16,2021-08-16,Employees/Designated Employees,Market Sale,Sell,Equity Shares,2000.0,0.0,0.0,0.0,0.0,12000.0,0.0,10000.0,0.0
BAJFINANCE,2021-08-18 19:02:00,2021-08-16,2021-08-16,2021-08-16,Employees/Designated Employees,Market Sale,Sell,Equity Shares,2700.0,0.0,0.0,0.0,0.0,14700.0,0.0,12000.0,0.0
BAJFINANCE,2021-08-18 19:02:00,2021-08-16,2021-08-16,2021-08-16,Employees/Designated Employees,Market Sale,Sell,Equity Shares,4688.0,0.0,0.0,0.0,0.0,4688.0,0.0,,0.0
BAJFINANCE,2021-08-18 19:02:00,2021-08-16,2021-08-16,2021-08-16,Employees/Designated Employees,Market Sale,Sell,Equity Shares,8500.0,0.0,0.0,0.0,0.0,17338.0,0.0,8838.0,0.0
BAJFINANCE,2021-08-18 19:02:00,2021-08-16,2021-08-13,2021-08-13,Employees/Designated Employees,ESOP,Buy,Equity Shares,4000.0,0.0,0.0,0.0,0.0,688.0,0.0,4688.0,0.0
BAJFINANCE,2021-08-20 10:45:00,2021-08-18,2021-08-18,2021-08-18,Employees/Designated Employees,Market Sale,Sell,Equity Shares,3400.0,0.0,0.0,0.0,0.0,6738.0,0.0,3338.0,0.0
BAJFINANCE,2021-08-20 10:45:00,2021-08-17,2021-08-16,2021-08-16,Employees/Designated Employees,Market Sale,Sell,Equity Shares,1000.0,0.0,0.0,0.0,0.0,36544.0,0.01,35544.0,0.01
BAJFINANCE,2021-08-20 10:45:00,2021-08-17,2021-08-16,2021-08-16,Employees/Designated Employees,Market Sale,Sell,Equity Shares,1000.0,0.0,0.0,0.0,0.0,28800.0,0.0,27800.0,0.0
BAJFINANCE,2021-08-20 10:45:00,2021-08-17,2021-08-17,2021-08-17,Employees/Designated Employees,Market Sale,Sell,Equity Shares,2100.0,0.0,0.0,0.0,0.0,8838.0,0.0,6738.0,0.0
BAJFINANCE,2021-08-20 10:46:00,2021-08-18,2021-08-18,2021-08-18,Employees/Designated Employees,Market Sale,Sell,Equity Shares,2000.0,0.0,0.0,0.0,0.0,8000.0,0.0,6000.0,0.0
BAJFINANCE,2021-08-20 10:46:00,2021-08-18,2021-08-18,2021-08-18,Employees/Designated Employees,Market Sale,Sell,Equity Shares,3000.0,0.0,0.0,0.0,0.0,3000.0,0.0,,0.0
BAJFINANCE,2021-08-20 10:46:00,2021-08-18,2021-08-18,2021-08-18,Employees/Designated Employees,Market Sale,Sell,Equity Shares,3000.0,0.0,0.0,0.0,0.0,6000.0,0.0,3000.0,0.0
BAJFINANCE,2021-08-20 10:46:00,2021-08-17,2021-08-17,2021-08-17,Employees/Designated Employees,Market Sale,Sell,Equity Shares,2000.0,0.0,0.0,0.0,0.0,10000.0,0.0,8000.0,0.0
BAJFINANCE,2021-08-23 17:37:00,2021-08-19,2021-07-23,2021-07-23,Employees/Designated Employees,ESOP,Buy,Equity Shares,4000.0,0.0,0.0,0.0,0.0,51750.0,0.01,55750.0,0.01
BAJFINANCE,2021-08-23 17:37:00,2021-08-19,2021-08-18,2021-08-18,Employees/Designated Employees,Market Sale,Sell,Equity Shares,2000.0,0.0,0.0,0.0,0.0,55750.0,0.01,53750.0,0.01
BAJFINANCE,2021-08-25 11:18:00,2021-08-23,2021-08-23,2021-08-23,Employees/Designated Employees,Market Sale,Sell,Equity Shares,2400.0,0.0,0.0,0.0,0.0,3338.0,0.0,938.0,0.0
BAJFINANCE,2021-08-26 09:12:00,2021-08-24,2021-07-23,2021-07-23,Employees/Designated Employees,Market Sale,Sell,Equity Shares,40.0,0.0,0.0,0.0,0.0,1650.0,0.0,1610.0,0.0
BAJFINANCE,2021-08-26 09:12:00,2021-08-24,2021-08-20,2021-08-20,Employees/Designated Employees,Market Sale,Sell,Equity Shares,100.0,0.0,0.0,0.0,0.0,1610.0,0.0,1510.0,0.0
BAJFINANCE,2021-08-26 09:12:00,2021-08-24,2021-08-23,2021-08-23,Employees/Designated Employees,Market Sale,Sell,Equity Shares,10.0,0.0,0.0,0.0,0.0,1510.0,0.0,1500.0,0.0
BAJFINANCE,2021-08-26 09:12:00,2021-08-24,2021-08-24,2021-08-24,Employees/Designated Employees,Market Sale,Sell,Equity Shares,40.0,0.0,0.0,0.0,0.0,1500.0,0.0,1460.0,0.0
BAJFINANCE,2021-08-26 09:13:00,2021-08-24,2021-08-20,2021-08-20,Employees/Designated Employees,ESOP,Buy,Equity Shares,417.0,0.0,0.0,0.0,0.0,,0.0,417.0,0.0
BAJFINANCE,2021-08-26 09:13:00,2021-08-24,2021-08-24,2021-08-24,Employees/Designated Employees,Market Sale,Sell,Equity Shares,417.0,0.0,0.0,0.0,0.0,417.0,0.0,,0.0
BAJFINANCE,2021-08-26 09:13:00,2021-08-24,2021-08-24,2021-08-24,Employees/Designated Employees,Market Sale,Sell,Equity Shares,6100.0,0.0,0.0,0.0,0.0,226770.0,0.04,220670.0,0.04
BAJFINANCE,2021-08-26 09:13:00,2021-08-24,2021-08-24,2021-08-24,Employees/Designated Employees,Market Sale,Sell,Equity Shares,938.0,0.0,0.0,0.0,0.0,938.0,0.0,,0.0
BAJFINANCE,2021-08-26 09:13:00,2021-08-24,2021-08-23,2021-08-23,Employees/Designated Employees,Market Sale,Sell,Equity Shares,332.0,0.0,0.0,0.0,0.0,34428.0,0.01,34096.0,0.01
BAJFINANCE,2021-08-26 09:13:00,2021-08-24,2021-07-26,2021-07-26,Employees/Designated Employees,ESOP,Buy,Equity Shares,313.0,0.0,0.0,0.0,0.0,34115.0,0.01,34428.0,0.01
BAJFINANCE,2021-08-26 09:13:00,2021-08-24,2021-08-23,2021-08-23,Employees/Designated Employees,Market Sale,Sell,Equity Shares,500.0,0.0,0.0,0.0,0.0,27800.0,0.0,27300.0,0.0
BAJFINANCE,2021-08-26 09:13:00,2021-08-24,2021-08-17,2021-08-17,Employees/Designated Employees,Market Sale,Sell,Equity Shares,50.0,0.0,0.0,0.0,0.0,28319.0,0.0,28269.0,0.0
BAJFINANCE,2021-08-26 09:13:00,2021-08-24,2021-08-23,2021-08-23,Employees/Designated Employees,Market Sale,Sell,Equity Shares,200.0,0.0,0.0,0.0,0.0,28269.0,0.0,28069.0,0.0
BAJFINANCE,2021-08-26 18:10:00,2021-08-25,2021-08-24,2021-08-24,Employees/Designated Employees,Market Sale,Sell,Equity Shares,1500.0,0.0,0.0,0.0,0.0,53750.0,0.01,52250.0,0.01
BAJFINANCE,2021-08-26 18:10:00,2021-08-25,2021-08-25,2021-08-25,Employees/Designated Employees,Market Sale,Sell,Equity Shares,900.0,0.0,0.0,0.0,0.0,220670.0,0.04,219770.0,0.04
BAJFINANCE,2021-08-26 18:10:00,2021-08-25,2021-08-24,2021-08-24,Employees/Designated Employees,Market Sale,Sell,Equity Shares,2000.0,0.0,0.0,0.0,0.0,35544.0,0.01,33544.0,0.01
BAJFINANCE,2021-08-26 18:10:00,2021-08-25,2021-08-24,2021-08-24,Employees/Designated Employees,Market Sale,Sell,Equity Shares,250.0,0.0,0.0,0.0,0.0,2150.0,0.0,1900.0,0.0
BAJFINANCE,2021-08-26 18:10:00,2021-08-25,2021-08-24,2021-08-24,Employees/Designated Employees,Market Sale,Sell,Equity Shares,400.0,0.0,0.0,0.0,0.0,34096.0,0.01,33696.0,0.01
BAJFINANCE,2021-08-26 18:11:00,2021-08-25,2021-08-24,2021-08-24,Employees/Designated Employees,ESOP,Buy,Equity Shares,2000.0,0.0,0.0,0.0,0.0,,0.0,2000.0,0.0
BAJFINANCE,2021-08-26 18:11:00,2021-08-25,2021-08-25,2021-08-25,Employees/Designated Employees,Pledge Creation,Pledge,Equity Shares,2000.0,0.0,0.0,0.0,0.0,2000.0,0.0,2000.0,0.0
BAJFINANCE,2021-08-26 18:11:00,2021-08-25,2021-08-25,2021-08-25,Employees/Designated Employees,Market Sale,Sell,Equity Shares,2000.0,0.0,0.0,0.0,0.0,2000.0,0.0,,0.0
BAJFINANCE,2021-08-26 18:11:00,2021-08-25,2021-08-25,2021-08-25,Employees/Designated Employees,Revokation of Pledge,Pledge Revoke,Equity Shares,2000.0,0.0,0.0,0.0,0.0,2000.0,0.0,2000.0,0.0
BAJFINANCE,2021-08-26 18:11:00,2021-08-25,2021-08-25,2021-08-25,Employees/Designated Employees,ESOP,Buy,Equity Shares,3500.0,0.0,0.0,0.0,0.0,2750.0,0.0,6250.0,0.0
BAJFINANCE,2021-08-26 18:11:00,2021-08-25,2021-08-25,2021-08-25,Employees/Designated Employees,ESOP,Buy,Equity Shares,2750.0,0.0,0.0,0.0,0.0,,0.0,2750.0,0.0
BAJFINANCE,2021-08-26 18:11:00,2021-08-25,2021-08-25,2021-08-25,Employees/Designated Employees,ESOP,Buy,Equity Shares,650.0,0.0,0.0,0.0,0.0,,0.0,650.0,0.0
BAJFINANCE,2021-08-26 18:11:00,2021-08-25,2021-08-25,2021-08-25,Employees/Designated Employees,ESOP,Buy,Equity Shares,825.0,0.0,0.0,0.0,0.0,650.0,0.0,1475.0,0.0
BAJFINANCE,2021-08-27 17:54:00,2021-08-25,2021-08-25,2021-08-25,Employees/Designated Employees,ESOP,Buy,Equity Shares,6050.0,0.0,0.0,0.0,0.0,,0.0,6050.0,0.0
BAJFINANCE,2021-08-27 17:54:00,2021-08-26,2021-08-26,2021-08-26,Employees/Designated Employees,Market Sale,Sell,Equity Shares,225.0,0.0,0.0,0.0,0.0,1475.0,0.0,1250.0,0.0
BAJFINANCE,2021-08-27 17:54:00,2021-08-26,2021-08-25,2021-08-25,Employees/Designated Employees,Market Sale,Sell,Equity Shares,300.0,0.0,0.0,0.0,0.0,33696.0,0.01,33396.0,0.01
BAJFINANCE,2021-08-27 17:54:00,2021-08-26,2021-08-26,2021-08-26,Employees/Designated Employees,Revokation of Pledge,Pledge Revoke,Equity Shares,3050.0,0.0,0.0,0.0,0.0,6250.0,0.0,6250.0,0.0
BAJFINANCE,2021-08-27 17:54:00,2021-08-26,2021-08-26,2021-08-26,Employees/Designated Employees,Market Sale,Sell,Equity Shares,3050.0,0.0,0.0,0.0,0.0,6250.0,0.0,3200.0,0.0
BAJFINANCE,2021-08-27 17:54:00,2021-08-26,2021-08-26,2021-08-26,Employees/Designated Employees,Market Sale,Sell,Equity Shares,3200.0,0.0,0.0,0.0,0.0,3200.0,0.0,,0.0
BAJFINANCE,2021-08-27 17:54:00,2021-08-26,2021-08-26,2021-08-26,Employees/Designated Employees,Revokation of Pledge,Pledge Revoke,Equity Shares,150.0,0.0,0.0,0.0,0.0,6250.0,0.0,6250.0,0.0
BAJFINANCE,2021-08-27 17:54:00,2021-08-26,2021-08-25,2021-08-25,Employees/Designated Employees,Pledge Creation,Pledge,Equity Shares,6250.0,0.0,0.0,0.0,0.0,6250.0,0.0,6250.0,0.0
BAJFINANCE,2021-08-31 18:58:00,2021-08-27,2021-08-26,2021-08-26,Employees/Designated Employees,Revokation of Pledge,Pledge Revoke,Equity Shares,3050.0,0.0,0.0,0.0,0.0,6250.0,0.0,6250.0,0.0
BAJFINANCE,2021-08-31 18:58:00,2021-08-27,2021-08-26,2021-08-26,Employees/Designated Employees,Market Sale,Sell,Equity Shares,3100.0,0.0,0.0,0.0,0.0,3100.0,0.0,,0.0
BAJFINANCE,2021-08-31 18:58:00,2021-08-27,2021-08-25,2021-08-25,Employees/Designated Employees,Pledge Creation,Pledge,Equity Shares,6050.0,0.0,0.0,0.0,0.0,6050.0,0.0,6050.0,0.0
BAJFINANCE,2021-08-31 18:58:00,2021-08-27,2021-08-26,2021-08-26,Employees/Designated Employees,Revokation of Pledge,Pledge Revoke,Equity Shares,6050.0,0.0,0.0,0.0,0.0,6050.0,0.0,6050.0,0.0
BAJFINANCE,2021-08-31 18:58:00,2021-08-27,2021-08-26,2021-08-26,Employees/Designated Employees,Market Sale,Sell,Equity Shares,2950.0,0.0,0.0,0.0,0.0,6050.0,0.0,3100.0,0.0
BAJFINANCE,2021-08-31 19:46:00,2021-08-30,2021-08-26,2021-08-26,Promoter Group,Market Purchase,Buy,Equity Shares,47000.0,0.0,0.0,0.0,0.0,200000.0,0.03,247000.0,0.04
BAJFINANCE,2021-09-08 17:39:00,2021-09-07,2021-09-07,2021-09-07,Employees/Designated Employees,ESOP,Buy,Equity Shares,2000.0,0.0,0.0,0.0,0.0,4200.0,0.0,6200.0,0.0
BAJFINANCE,2021-09-08 17:39:00,2021-09-07,2021-09-07,2021-09-07,Employees/Designated Employees,ESOP,Buy,Equity Shares,4200.0,0.0,0.0,0.0,0.0,,0.0,4200.0,0.0
BAJFINANCE,2021-09-08 17:39:00,2021-09-07,2021-09-07,2021-09-07,Employees/Designated Employees,ESOP,Buy,Equity Shares,10000.0,0.0,0.0,0.0,0.0,14200.0,0.0,24200.0,0.0
BAJFINANCE,2021-09-08 17:39:00,2021-09-07,2021-09-07,2021-09-07,Employees/Designated Employees,ESOP,Buy,Equity Shares,8000.0,0.0,0.0,0.0,0.0,6200.0,0.0,14200.0,0.0
BAJFINANCE,2021-09-11 14:38:00,2021-09-09,2021-09-08,2021-09-08,Employees/Designated Employees,Market Sale,Sell,Equity Shares,300.0,0.0,0.0,0.0,0.0,1711.0,0.0,1411.0,0.0
BAJFINANCE,2021-09-11 14:38:00,2021-09-09,2021-09-08,2021-09-08,Employees/Designated Employees,Market Sale,Sell,Equity Shares,10000.0,0.0,0.0,0.0,0.0,24200.0,0.0,14200.0,0.0
BAJFINANCE,2021-09-11 14:38:00,2021-09-08,2021-09-08,2021-09-08,Employees/Designated Employees,Market Sale,Sell,Equity Shares,150.0,0.0,0.0,0.0,0.0,1250.0,0.0,1100.0,0.0
BAJFINANCE,2021-09-11 14:38:00,2021-09-09,2021-09-08,2021-09-08,Employees/Designated Employees,Market Sale,Sell,Equity Shares,1000.0,0.0,0.0,0.0,0.0,24300.0,0.0,23300.0,0.0
BAJFINANCE,2021-09-11 14:38:00,2021-09-08,2021-09-08,2021-09-08,Employees/Designated Employees,Market Sale,Sell,Equity Shares,2000.0,0.0,0.0,0.0,0.0,40174.0,0.01,38174.0,0.01
BAJFINANCE,2021-09-13 16:19:00,2021-09-10,2021-09-09,2021-09-09,Employees/Designated Employees,Market Sale,Sell,Equity Shares,50.0,0.0,0.0,0.0,0.0,27969.0,0.0,27919.0,0.0
BAJFINANCE,2021-09-13 16:19:00,2021-09-10,2021-08-24,2021-08-24,Employees/Designated Employees,Market Sale,Sell,Equity Shares,100.0,0.0,0.0,0.0,0.0,28069.0,0.0,27969.0,0.0
BAJFINANCE,2021-09-14 18:51:00,2021-09-13,2021-09-09,2021-09-09,Employees/Designated Employees,ESOP,Buy,Equity Shares,6000.0,0.0,0.0,0.0,0.0,,0.0,6000.0,0.0
BAJFINANCE,2021-09-14 18:51:00,2021-09-09,2021-09-09,2021-09-09,Employees/Designated Employees,Market Sale,Sell,Equity Shares,3200.0,0.0,0.0,0.0,0.0,14200.0,0.0,11000.0,0.0
BAJFINANCE,2021-09-14 18:51:00,2021-09-13,2021-09-13,2021-09-13,Employees/Designated Employees,Market Sale,Sell,Equity Shares,3000.0,0.0,0.0,0.0,0.0,11000.0,0.0,8000.0,0.0
BAJFINANCE,2021-09-14 18:51:00,2021-09-09,2021-09-09,2021-09-09,Employees/Designated Employees,Market Sale,Sell,Equity Shares,500.0,0.0,0.0,0.0,0.0,38174.0,0.01,37674.0,0.01
BAJFINANCE,2021-09-14 18:51:00,2021-09-13,2021-09-13,2021-09-13,Employees/Designated Employees,Market Sale,Sell,Equity Shares,1000.0,0.0,0.0,0.0,0.0,37674.0,0.01,36674.0,0.01
BAJFINANCE,2021-09-15 19:33:00,2021-09-14,2021-09-14,2021-09-14,Employees/Designated Employees,Market Sale,Sell,Equity Shares,213.0,0.0,0.0,0.0,0.0,1700.0,0.0,1487.0,0.0
BAJFINANCE,2021-09-15 19:33:00,2021-09-14,2021-09-14,2021-09-14,Employees/Designated Employees,Market Sale,Sell,Equity Shares,1700.0,0.0,0.0,0.0,0.0,6000.0,0.0,4300.0,0.0
BAJFINANCE,2021-09-15 19:33:00,2021-09-14,2021-09-14,2021-09-14,Employees/Designated Employees,ESOP,Buy,Equity Shares,600.0,0.0,0.0,0.0,0.0,1100.0,0.0,1700.0,0.0
BAJFINANCE,2021-09-17 19:45:00,2021-09-16,2021-09-14,2021-09-14,Employees/Designated Employees,Market Sale,Sell,Equity Shares,1000.0,0.0,0.0,0.0,0.0,23300.0,0.0,22300.0,0.0
BAJFINANCE,2021-09-17 19:45:00,2021-09-15,2021-09-15,2021-09-15,Employees/Designated Employees,Market Sale,Sell,Equity Shares,970.0,0.0,0.0,0.0,0.0,1737.0,0.0,767.0,0.0
BAJFINANCE,2021-09-17 19:45:00,2021-09-15,2021-09-15,2021-09-15,Employees/Designated Employees,Revokation of Pledge,Pledge Revoke,Equity Shares,767.0,0.0,0.0,0.0,0.0,767.0,0.0,767.0,0.0
BAJFINANCE,2021-09-17 19:45:00,2021-09-15,2021-09-15,2021-09-15,Employees/Designated Employees,Revokation of Pledge,Pledge Revoke,Equity Shares,970.0,0.0,0.0,0.0,0.0,1737.0,0.0,1737.0,0.0
BAJFINANCE,2021-09-17 19:45:00,2021-09-15,2021-09-14,2021-09-14,Employees/Designated Employees,Pledge Creation,Pledge,Equity Shares,1737.0,0.0,0.0,0.0,0.0,1737.0,0.0,1737.0,0.0
BAJFINANCE,2021-09-17 19:45:00,2021-09-15,2021-09-15,2021-09-15,Employees/Designated Employees,Market Sale,Sell,Equity Shares,1500.0,0.0,0.0,0.0,0.0,36674.0,0.01,35174.0,0.01
BAJFINANCE,2021-09-17 19:45:00,2021-09-16,2021-08-24,2021-08-24,Employees/Designated Employees,Market Sale,Sell,Equity Shares,100.0,0.0,0.0,0.0,0.0,150.0,0.0,50.0,0.0
BAJFINANCE,2021-09-17 19:45:00,2021-09-15,2021-09-14,2021-09-14,Employees/Designated Employees,ESOP,Buy,Equity Shares,1737.0,0.0,0.0,0.0,0.0,,0.0,1737.0,0.0
BAJFINANCE,2021-09-17 19:45:00,2021-09-16,2021-09-14,2021-09-14,Employees/Designated Employees,ESOP,Buy,Equity Shares,400.0,0.0,0.0,0.0,0.0,50.0,0.0,450.0,0.0
BAJFINANCE,2021-09-21 11:06:00,2021-09-18,2021-09-17,2021-09-17,Employees/Designated Employees,Market Sale,Sell,Equity Shares,3000.0,0.0,0.0,0.0,0.0,33544.0,0.01,30544.0,0.01
BAJFINANCE,2021-09-21 11:06:00,2021-09-17,2021-09-17,2021-09-17,Employees/Designated Employees,Market Sale,Sell,Equity Shares,1000.0,0.0,0.0,0.0,0.0,16585.0,0.0,15585.0,0.0
BAJFINANCE,2021-09-21 11:06:00,2021-09-17,2021-09-17,2021-09-17,Employees/Designated Employees,Market Sale,Sell,Equity Shares,3000.0,0.0,0.0,0.0,0.0,19585.0,0.0,16585.0,0.0
BAJFINANCE,2021-09-21 11:06:00,2021-09-17,2021-07-22,2021-07-22,Employees/Designated Employees,ESOP,Buy,Equity Shares,1000.0,0.0,0.0,0.0,0.0,18585.0,0.0,19585.0,0.0
BAJFINANCE,2021-09-21 11:07:00,2021-09-17,2021-09-17,2021-09-17,Employees/Designated Employees,Market Sale,Sell,Equity Shares,3500.0,0.0,0.0,0.0,0.0,219770.0,0.04,216270.0,0.04
BAJFINANCE,2021-09-21 11:07:00,2021-09-17,2021-09-15,2021-09-15,Employees/Designated Employees,Market Sale,Sell,Equity Shares,100.0,0.0,0.0,0.0,0.0,1487.0,0.0,1387.0,0.0
BAJFINANCE,2021-09-21 11:07:00,2021-09-17,2021-09-17,2021-09-17,Employees/Designated Employees,Market Sale,Sell,Equity Shares,4300.0,0.0,0.0,0.0,0.0,4300.0,0.0,,0.0
BAJFINANCE,2021-09-21 11:07:00,2021-09-17,2021-09-17,2021-09-17,Employees/Designated Employees,ESOP,Buy,Equity Shares,600.0,0.0,0.0,0.0,0.0,1387.0,0.0,1987.0,0.0
BAJFINANCE,2021-09-22 16:53:00,2021-09-20,2021-09-20,2021-09-20,Employees/Designated Employees,Market Sale,Sell,Equity Shares,1200.0,0.0,0.0,0.0,0.0,216270.0,0.04,215070.0,0.04
BAJFINANCE,2021-09-22 18:37:00,2021-09-22,2021-09-21,2021-09-21,Employees/Designated Employees,ESOP,Buy,Equity Shares,400.0,0.0,0.0,0.0,0.0,3674.0,0.0,4074.0,0.0
BAJFINANCE,2021-09-22 18:37:00,2021-09-21,2021-09-21,2021-09-21,Employees/Designated Employees,ESOP,Buy,Equity Shares,1161.0,0.0,0.0,0.0,0.0,,0.0,1161.0,0.0
BAJFINANCE,2021-09-22 18:37:00,2021-09-21,2021-09-21,2021-09-21,Employees/Designated Employees,Market Sale,Sell,Equity Shares,400.0,0.0,0.0,0.0,0.0,450.0,0.0,50.0,0.0
BAJFINANCE,2021-09-22 18:37:00,2021-09-21,2021-09-21,2021-09-21,Employees/Designated Employees,ESOP,Buy,Equity Shares,1350.0,0.0,0.0,0.0,0.0,2324.0,0.0,3674.0,0.0
BAJFINANCE,2021-09-22 18:37:00,2021-09-21,2021-09-21,2021-09-21,Employees/Designated Employees,ESOP,Buy,Equity Shares,1163.0,0.0,0.0,0.0,0.0,1161.0,0.0,2324.0,0.0
BAJFINANCE,2021-09-23 18:19:00,2021-09-21,2021-09-21,2021-09-21,Employees/Designated Employees,Market Sale,Sell,Equity Shares,160.0,0.0,0.0,0.0,0.0,1460.0,0.0,1300.0,0.0
BAJFINANCE,2021-09-23 18:19:00,2021-09-22,2021-09-22,2021-09-22,Employees/Designated Employees,Market Sale,Sell,Equity Shares,100.0,0.0,0.0,0.0,0.0,667.0,0.0,567.0,0.0
BAJFINANCE,2021-09-23 18:19:00,2021-09-22,2021-09-21,2021-09-21,Employees/Designated Employees,Market Sale,Sell,Equity Shares,100.0,0.0,0.0,0.0,0.0,767.0,0.0,667.0,0.0
BAJFINANCE,2021-09-23 18:19:00,2021-09-21,2021-09-21,2021-09-21,Employees/Designated Employees,Market Sale,Sell,Equity Shares,11600.0,0.0,0.0,0.0,0.0,215070.0,0.04,203470.0,0.03
BAJFINANCE,2021-09-23 18:19:00,2021-09-22,2021-09-22,2021-09-22,Employees/Designated Employees,Market Sale,Sell,Equity Shares,900.0,0.0,0.0,0.0,0.0,203470.0,0.03,202570.0,0.03
BAJFINANCE,2021-09-23 18:19:00,2021-09-22,2021-09-21,2021-09-21,Employees/Designated Employees,Market Sale,Sell,Equity Shares,8000.0,0.0,0.0,0.0,0.0,8000.0,0.0,,0.0
BAJFINANCE,2021-09-23 18:19:00,2021-09-22,2021-09-22,2021-09-22,Employees/Designated Employees,Pledge Creation,Pledge,Equity Shares,4074.0,0.0,0.0,0.0,0.0,4074.0,0.0,4074.0,0.0
BAJFINANCE,2021-09-27 19:52:00,2021-09-23,2021-09-23,2021-09-23,Employees/Designated Employees,Market Sale,Sell,Equity Shares,4400.0,0.0,0.0,0.0,0.0,202570.0,0.03,198170.0,0.03
BAJFINANCE,2021-09-27 19:52:00,2021-09-24,2021-09-23,2021-09-23,Employees/Designated Employees,Market Sale,Sell,Equity Shares,3000.0,0.0,0.0,0.0,0.0,22300.0,0.0,19300.0,0.0
BAJFINANCE,2021-09-27 19:53:00,2021-09-24,2021-09-24,2021-09-24,Employees/Designated Employees,Market Sale,Sell,Equity Shares,1400.0,0.0,0.0,0.0,0.0,198170.0,0.03,196770.0,0.03
BAJFINANCE,2021-09-27 19:53:00,2021-09-24,2021-09-23,2021-09-23,Employees/Designated Employees,Market Sale,Sell,Equity Shares,1872.0,0.0,0.0,0.0,0.0,1872.0,0.0,,0.0
BAJFINANCE,2021-09-27 19:53:00,2021-09-24,2021-09-22,2021-09-22,Employees/Designated Employees,Market Sale,Sell,Equity Shares,2202.0,0.0,0.0,0.0,0.0,4074.0,0.0,1872.0,0.0
BAJFINANCE,2021-09-27 19:53:00,2021-09-24,2021-09-22,2021-09-22,Employees/Designated Employees,Revokation of Pledge,Pledge Revoke,Equity Shares,4074.0,0.0,0.0,0.0,0.0,4074.0,0.0,4074.0,0.0
BAJFINANCE,2021-09-28 18:35:00,2021-09-27,2021-09-06,2021-09-06,Employees/Designated Employees,ESOP,Buy,Equity Shares,500.0,0.0,0.0,0.0,0.0,33396.0,0.01,33896.0,0.01
BAJFINANCE,2021-09-28 18:35:00,2021-09-27,2021-09-27,2021-09-27,Employees/Designated Employees,Market Sale,Sell,Equity Shares,350.0,0.0,0.0,0.0,0.0,33896.0,0.01,33546.0,0.01
BAJFINANCE,2021-10-20 20:23:00,2021-10-18,2021-10-13,2021-10-13,Employees/Designated Employees,ESOP,Buy,Equity Shares,4087.0,0.0,0.0,0.0,0.0,21813.0,0.0,25900.0,0.0
BAJFINANCE,2021-10-20 20:23:00,2021-10-18,2021-10-13,2021-10-13,Employees/Designated Employees,ESOP,Buy,Equity Shares,4800.0,0.0,0.0,0.0,0.0,13725.0,0.0,18525.0,0.0
BAJFINANCE,2021-10-20 20:23:00,2021-10-18,2021-10-13,2021-10-13,Employees/Designated Employees,ESOP,Buy,Equity Shares,2625.0,0.0,0.0,0.0,0.0,11100.0,0.0,13725.0,0.0
BAJFINANCE,2021-10-20 20:23:00,2021-10-18,2021-10-13,2021-10-13,Employees/Designated Employees,ESOP,Buy,Equity Shares,3288.0,0.0,0.0,0.0,0.0,18525.0,0.0,21813.0,0.0
BAJFINANCE,2021-10-29 18:51:00,2021-10-28,2021-10-26,2021-10-26,Employees/Designated Employees,ESOP,Buy,Equity Shares,500.0,0.0,0.0,0.0,0.0,,0.0,500.0,0.0
BAJFINANCE,2021-10-29 18:51:00,2021-10-28,2021-10-28,2021-10-28,Employees/Designated Employees,ESOP,Buy,Equity Shares,1400.0,0.0,0.0,0.0,0.0,15585.0,0.0,16985.0,0.0
BAJFINANCE,2021-11-02 17:37:00,2021-11-01,2021-10-30,2021-10-30,Employees/Designated Employees,Pledge Creation,Pledge,Equity Shares,15000.0,0.0,0.0,0.0,0.0,52250.0,0.01,52250.0,0.01
BAJFINANCE,2021-11-05 17:50:00,2021-11-04,2021-11-03,2021-11-03,Employees/Designated Employees,ESOP,Buy,Equity Shares,4088.0,0.0,0.0,0.0,0.0,,0.0,4088.0,0.0
BAJFINANCE,2021-11-05 17:50:00,2021-11-04,2021-11-03,2021-11-03,Employees/Designated Employees,ESOP,Buy,Equity Shares,8000.0,0.0,0.0,0.0,0.0,4138.0,0.0,12138.0,0.0
BAJFINANCE,2021-11-05 17:50:00,2021-11-04,2021-11-03,2021-11-03,Employees/Designated Employees,ESOP,Buy,Equity Shares,12000.0,0.0,0.0,0.0,0.0,196770.0,0.03,208770.0,0.03
BAJFINANCE,2021-11-05 17:50:00,2021-11-04,2021-11-03,2021-11-03,Employees/Designated Employees,ESOP,Buy,Equity Shares,50.0,0.0,0.0,0.0,0.0,4088.0,0.0,4138.0,0.0
BAJFINANCE,2021-11-05 17:57:00,2021-11-03,2021-10-29,2021-10-29,Employees/Designated Employees,ESOP,Buy,Equity Shares,250.0,0.0,0.0,0.0,0.0,33546.0,0.01,33796.0,0.01
BAJFINANCE,2021-11-05 17:57:00,2021-11-03,2021-11-02,2021-11-02,Employees/Designated Employees,Market Sale,Sell,Equity Shares,500.0,0.0,0.0,0.0,0.0,33796.0,0.01,33296.0,0.01
BAJFINANCE,2021-11-08 18:42:00,2021-11-04,2021-11-02,2021-11-02,Employees/Designated Employees,ESOP,Buy,Equity Shares,3700.0,0.0,0.0,0.0,0.0,111.0,0.0,3811.0,0.0
BAJFINANCE,2021-11-10 19:31:00,2021-11-09,2021-11-09,2021-11-09,Director,Pledge Creation,Pledge,Equity Shares,210950.0,0.0,0.0,0.0,0.0,328400.0,0.05,328400.0,0.05
BAJFINANCE,2021-11-10 19:31:00,2021-11-10,2021-11-10,2021-11-10,Director,Revokation of Pledge,Pledge Revoke,Equity Shares,47826.0,0.0,0.0,0.0,0.0,165276.0,0.03,165276.0,0.03
BAJFINANCE,2021-11-10 19:31:00,2021-11-10,2021-11-10,2021-11-10,Director,Market Sale,Sell,Equity Shares,47826.0,0.0,0.0,0.0,0.0,165276.0,0.03,117450.0,0.02
BAJFINANCE,2021-11-10 19:31:00,2021-11-09,2021-11-09,2021-11-09,Director,ESOP,Buy,Equity Shares,109700.0,0.0,0.0,0.0,0.0,117450.0,0.02,227150.0,0.04
BAJFINANCE,2021-11-10 19:31:00,2021-11-09,2021-11-09,2021-11-09,Director,Market Sale,Sell,Equity Shares,163124.0,0.0,0.0,0.0,0.0,328400.0,0.05,165276.0,0.03
BAJFINANCE,2021-11-10 19:31:00,2021-11-09,2021-11-09,2021-11-09,Director,Revokation of Pledge,Pledge Revoke,Equity Shares,163124.0,0.0,0.0,0.0,0.0,328400.0,0.05,328400.0,0.05
BAJFINANCE,2021-11-10 19:31:00,2021-11-09,2021-11-09,2021-11-09,Director,ESOP,Buy,Equity Shares,101250.0,0.0,0.0,0.0,0.0,227150.0,0.04,328400.0,0.05
BAJFINANCE,2021-11-10 19:31:00,2021-11-08,2021-11-08,2021-11-08,Employees/Designated Employees,Market Sale,Sell,Equity Shares,5000.0,0.0,0.0,0.0,0.0,35174.0,0.01,30174.0,0.0
BAJFINANCE,2021-11-11 15:25:00,2021-11-09,2021-11-08,2021-11-09,Employees/Designated Employees,Market Sale,Sell,Equity Shares,180.0,0.0,0.0,0.0,0.0,1900.0,0.0,1720.0,0.0
BAJFINANCE,2021-11-11 15:25:00,2021-11-09,2021-11-09,2021-11-09,Employees/Designated Employees,ESOP,Buy,Equity Shares,17261.0,0.0,0.0,0.0,0.0,,0.0,17261.0,0.0
BAJFINANCE,2021-11-11 15:25:00,2021-11-09,2021-11-08,2021-11-08,Employees/Designated Employees,Market Sale,Sell,Equity Shares,175.0,0.0,0.0,0.0,0.0,27819.0,0.0,27644.0,0.0
BAJFINANCE,2021-11-11 15:25:00,2021-11-09,2021-11-03,2021-11-03,Employees/Designated Employees,ESOP,Buy,Equity Shares,1000.0,0.0,0.0,0.0,0.0,16985.0,0.0,17985.0,0.0
BAJFINANCE,2021-11-11 15:25:00,2021-11-09,2021-11-08,2021-11-08,Employees/Designated Employees,ESOP,Buy,Equity Shares,700.0,0.0,0.0,0.0,0.0,17985.0,0.0,18685.0,0.0
BAJFINANCE,2021-11-15 18:34:00,2021-11-12,2021-11-10,2021-11-12,Employees/Designated Employees,Market Sale,Sell,Equity Shares,200.0,0.0,0.0,0.0,0.0,1720.0,0.0,1520.0,0.0
BAJFINANCE,2021-11-15 18:34:00,2021-11-15,2021-11-15,2021-11-15,Employees/Designated Employees,ESOP,Buy,Equity Shares,34625.0,0.0,0.0,0.0,0.0,35738.0,0.01,70363.0,0.01
BAJFINANCE,2021-11-15 18:34:00,2021-11-15,2021-11-15,2021-11-15,Employees/Designated Employees,Pledge Creation,Pledge,Equity Shares,34625.0,0.0,0.0,0.0,0.0,70363.0,0.01,70363.0,0.01
BAJFINANCE,2021-11-17 18:25:00,2021-11-17,2021-11-16,2021-11-16,Employees/Designated Employees,Market Sale,Sell,Equity Shares,500.0,0.0,0.0,0.0,0.0,33696.0,0.01,33196.0,0.01
BAJFINANCE,2021-11-17 18:25:00,2021-11-17,2021-11-16,2021-11-16,Employees/Designated Employees,Market Sale,Sell,Equity Shares,100.0,0.0,0.0,0.0,0.0,27519.0,0.0,27419.0,0.0
BAJFINANCE,2021-11-17 18:25:00,2021-11-17,2021-11-12,2021-11-12,Employees/Designated Employees,ESOP,Buy,Equity Shares,400.0,0.0,0.0,0.0,0.0,33296.0,0.01,33696.0,0.01
BAJFINANCE,2021-11-17 18:25:00,2021-11-17,2021-11-15,2021-11-15,Employees/Designated Employees,Market Sale,Sell,Equity Shares,125.0,0.0,0.0,0.0,0.0,27644.0,0.0,27519.0,0.0
BAJFINANCE,2021-11-17 18:25:00,2021-11-16,2021-11-16,2021-11-16,Employees/Designated Employees,Market Sale,Sell,Equity Shares,6000.0,0.0,0.0,0.0,0.0,12138.0,0.0,6138.0,0.0
BAJFINANCE,2021-11-17 18:25:00,2021-11-16,2021-11-16,2021-11-16,Employees/Designated Employees,ESOP,Buy,Equity Shares,7750.0,0.0,0.0,0.0,0.0,30674.0,0.01,38424.0,0.01
BAJFINANCE,2021-11-17 18:25:00,2021-11-16,2021-11-16,2021-11-16,Employees/Designated Employees,ESOP,Buy,Equity Shares,3500.0,0.0,0.0,0.0,0.0,27174.0,0.0,30674.0,0.01
BAJFINANCE,2021-11-17 18:25:00,2021-11-16,2021-11-16,2021-11-16,Employees/Designated Employees,Market Sale,Sell,Equity Shares,1000.0,0.0,0.0,0.0,0.0,28174.0,0.0,27174.0,0.0
BAJFINANCE,2021-11-17 18:25:00,2021-11-15,2021-11-15,2021-11-15,Employees/Designated Employees,Market Sale,Sell,Equity Shares,2000.0,0.0,0.0,0.0,0.0,30174.0,0.0,28174.0,0.0
BAJFINANCE,2021-11-17 18:25:00,2021-11-15,2021-11-11,2021-11-11,Employees/Designated Employees,ESOP,Buy,Equity Shares,1325.0,0.0,0.0,0.0,0.0,,0.0,1325.0,0.0
BAJFINANCE,2021-11-19 11:25:00,2021-11-17,2021-11-17,2021-11-17,Employees/Designated Employees,Revokation of Pledge,Pledge Revoke,Equity Shares,500.0,0.0,0.0,0.0,0.0,25900.0,0.0,25900.0,0.0
BAJFINANCE,2021-11-19 11:25:00,2021-11-17,2021-11-15,2021-11-15,Employees/Designated Employees,Pledge Creation,Pledge,Equity Shares,14800.0,0.0,0.0,0.0,0.0,25900.0,0.0,25900.0,0.0
BAJFINANCE,2021-11-19 11:25:00,2021-11-17,2021-11-17,2021-11-17,Employees/Designated Employees,Revokation of Pledge,Pledge Revoke,Equity Shares,34625.0,0.0,0.0,0.0,0.0,70363.0,0.01,70363.0,0.01
BAJFINANCE,2021-11-19 11:25:00,2021-11-17,2021-11-17,2021-11-17,Employees/Designated Employees,Market Sale,Sell,Equity Shares,500.0,0.0,0.0,0.0,0.0,25900.0,0.0,25400.0,0.0
BAJFINANCE,2021-11-19 11:25:00,2021-11-18,2021-11-18,2021-11-18,Employees/Designated Employees,Market Sale,Sell,Equity Shares,2000.0,0.0,0.0,0.0,0.0,6138.0,0.0,4138.0,0.0
BAJFINANCE,2022-02-11 11:21:00,2022-02-09,2022-02-07,2022-02-07,Promoter Group,Inter-se-Transfer,Buy,Equity Shares,2000.0,0.0,0.0,0.0,0.0,,0.0,2000.0,0.0
BAJFINANCE,2022-02-11 11:21:00,2022-02-09,2022-02-07,2022-02-07,Promoter Group,Inter-se-Transfer,Sell,Equity Shares,62000.0,0.0,0.0,0.0,0.0,64000.0,0.01,2000.0,0.0
BAJFINANCE,2022-02-11 11:21:00,2022-02-09,2022-02-07,2022-02-07,Promoter Group,Inter-se-Transfer,Buy,Equity Shares,15000.0,0.0,0.0,0.0,0.0,,0.0,15000.0,0.0
BAJFINANCE,2022-02-11 11:21:00,2022-02-09,2022-02-07,2022-02-07,Promoter Group,Inter-se-Transfer,Buy,Equity Shares,15000.0,0.0,0.0,0.0,0.0,,0.0,15000.0,0.0
BAJFINANCE,2022-02-11 11:21:00,2022-02-09,2022-02-07,2022-02-07,Promoter Group,Inter-se-Transfer,Buy,Equity Shares,15000.0,0.0,0.0,0.0,0.0,,0.0,15000.0,0.0
BAJFINANCE,2022-02-11 11:21:00,2022-02-09,2022-02-07,2022-02-07,Promoter Group,Inter-se-Transfer,Buy,Equity Shares,15000.0,0.0,0.0,0.0,0.0,,0.0,15000.0,0.0
BAJFINANCE,2022-02-15 19:44:00,2022-02-11,2022-02-11,2022-02-11,Director,Pledge Creation,Pledge,Equity Shares,115500.0,0.0,0.0,0.0,0.0,232950.0,0.04,232950.0,0.04
BAJFINANCE,2022-02-15 19:44:00,2022-02-11,2022-02-11,2022-02-11,Director,ESOP,Buy,Equity Shares,115500.0,0.0,0.0,0.0,0.0,117450.0,0.02,232950.0,0.04
BAJFINANCE,2022-02-15 19:44:00,2022-02-11,2022-02-11,2022-02-11,Director,Revokation of Pledge,Pledge Revoke,Equity Shares,44362.0,0.0,0.0,0.0,0.0,232950.0,0.04,232950.0,0.04
BAJFINANCE,2022-02-15 19:44:00,2022-02-11,2022-02-11,2022-02-11,Director,Market Sale,Sell,Equity Shares,44362.0,0.0,0.0,0.0,0.0,232950.0,0.04,188588.0,0.03
BAJFINANCE,2022-02-15 19:44:00,2022-02-14,2022-02-14,2022-02-14,Director,Revokation of Pledge,Pledge Revoke,Equity Shares,18638.0,0.0,0.0,0.0,0.0,188588.0,0.03,188588.0,0.03
BAJFINANCE,2022-02-15 19:44:00,2022-02-14,2022-02-14,2022-02-14,Director,Market Sale,Sell,Equity Shares,18638.0,0.0,0.0,0.0,0.0,188588.0,0.03,169950.0,0.03
BAJFINANCE,2022-02-18 19:09:00,2022-02-16,2022-02-15,2022-02-15,Director,Revokation of Pledge,Pledge Revoke,Equity Shares,52500.0,0.0,0.0,0.0,0.0,169950.0,0.03,169950.0,0.03
BAJFINANCE,2022-03-21 20:37:00,2022-03-17,2022-03-17,2022-03-17,Other,Others,Buy,Equity Shares,1834888.0,0.0,0.0,0.0,0.0,316229.0,0.05,2151117.0,0.36
BAJFINANCE,2022-06-29 19:05:00,2022-06-28,2022-06-24,2022-06-24,Promoter Group,Others,Sell,Equity Shares,10000.0,0.0,0.0,0.0,0.0,10000.0,0.0,,0.0
BAJFINANCE,2022-06-29 19:05:00,2022-06-28,2022-06-24,2022-06-24,Promoter Group,Others,Buy,Equity Shares,10000.0,0.0,0.0,0.0,0.0,,0.0,10000.0,0.0
BAJFINANCE,2022-08-18 14:23:00,2022-08-17,2022-08-17,2022-08-17,Director,Pledge Creation,Pledge,Equity Shares,165250.0,0.0,0.0,0.0,0.0,335200.0,0.06,335200.0,0.06
BAJFINANCE,2022-08-18 14:23:00,2022-08-17,2022-08-17,2022-08-17,Director,Market Sale,Sell,Equity Shares,124927.0,0.0,0.0,0.0,0.0,335200.0,0.06,210273.0,0.03
BAJFINANCE,2022-08-18 14:23:00,2022-08-17,2022-08-17,2022-08-17,Director,ESOP,Buy,Equity Shares,165250.0,0.0,0.0,0.0,0.0,169950.0,0.03,335200.0,0.06
BAJFINANCE,2022-08-18 14:23:00,2022-08-17,2022-08-17,2022-08-17,Director,Revokation of Pledge,Pledge Revoke,Equity Shares,124927.0,0.0,0.0,0.0,0.0,335200.0,0.06,335200.0,0.06
BAJFINANCE,2022-08-18 16:57:00,2022-08-18,2022-08-17,2022-08-17,Employees/Designated Employees,Market Sale,Sell,Equity Shares,2000.0,0.0,0.0,0.0,0.0,4138.0,0.0,2138.0,0.0
BAJFINANCE,2022-08-18 16:57:00,2022-08-18,2022-08-17,2022-08-17,Employees/Designated Employees,ESOP,Buy,Equity Shares,9076.0,0.0,0.0,0.0,0.0,34174.0,0.01,43250.0,0.01
BAJFINANCE,2022-08-18 16:57:00,2022-08-18,2022-08-17,2022-08-17,Employees/Designated Employees,Market Sale,Sell,Equity Shares,5000.0,0.0,0.0,0.0,0.0,50250.0,0.01,45250.0,0.01
BAJFINANCE,2022-08-18 16:57:00,2022-08-18,2022-08-17,2022-08-17,Employees/Designated Employees,ESOP,Buy,Equity Shares,7000.0,0.0,0.0,0.0,0.0,43250.0,0.01,50250.0,0.01
BAJFINANCE,2022-08-20 18:42:00,2022-08-19,2022-08-18,2022-08-18,Director,Market Sale,Sell,Equity Shares,40323.0,0.0,0.0,0.0,0.0,210273.0,0.03,169950.0,0.03
BAJFINANCE,2022-08-20 18:42:00,2022-08-19,2022-08-18,2022-08-18,Director,Revokation of Pledge,Pledge Revoke,Equity Shares,40323.0,0.0,0.0,0.0,0.0,210273.0,0.03,210273.0,0.03
BAJFINANCE,2022-08-24 14:55:00,2022-08-22,2022-08-19,2022-08-19,Employees/Designated Employees,ESOP,Buy,Equity Shares,10016.0,0.0,0.0,0.0,0.0,,0.0,10016.0,0.0
BAJFINANCE,2022-08-25 18:39:00,2022-08-23,2022-08-23,2022-08-23,Employees/Designated Employees,Market Sale,Sell,Equity Shares,2516.0,0.0,0.0,0.0,0.0,7516.0,0.0,5000.0,0.0
BAJFINANCE,2022-08-25 18:39:00,2022-08-24,2022-08-22,2022-08-22,Employees/Designated Employees,Market Sale,Sell,Equity Shares,2500.0,0.0,0.0,0.0,0.0,10016.0,0.0,7516.0,0.0
BAJFINANCE,2022-09-16 14:52:00,2022-09-14,2022-09-14,2022-09-14,Employees/Designated Employees,Market Sale,Sell,Equity Shares,5000.0,0.0,0.0,0.0,0.0,5000.0,0.0,,0.0
BAJFINANCE,2022-09-22 18:24:00,2022-09-20,2022-09-20,2022-09-20,Employees/Designated Employees,Market Sale,Sell,Equity Shares,5000.0,0.0,0.0,0.0,0.0,45250.0,0.0,40250.0,0.0
BAJFINANCE,2022-11-14 19:44:00,2022-11-14,2022-10-27,2022-10-27,Immediate relative,Market Sale,Sell,Equity Shares,150.0,0.0,0.0,0.0,0.0,186.0,0.0,36.0,0.0
BAJFINANCE,2022-11-14 19:44:00,2022-11-14,2022-10-25,2022-10-25,Immediate relative,Market Sale,Sell,Equity Shares,200.0,0.0,0.0,0.0,0.0,386.0,0.0,186.0,0.0
BAJFINANCE,2022-12-29 18:27:00,2022-12-29,2022-12-28,2022-12-28,Promoter Group,Market Purchase,Buy,Equity Shares,60000.0,0.0,0.0,0.0,0.0,225000.0,0.04,285000.0,0.05
BAJFINANCE,2022-12-29 18:27:00,2022-12-29,2022-12-27,2022-12-27,Promoter Group,Market Purchase,Buy,Equity Shares,225000.0,0.0,0.0,0.0,0.0,,0.0,225000.0,0.04
BAJFINANCE,2022-12-30 16:57:00,2022-12-30,2022-12-29,2022-12-29,Promoter Group,Market Purchase,Buy,Equity Shares,23500.0,0.0,0.0,0.0,0.0,285000.0,0.05,308500.0,0.05
BAJFINANCE,2023-05-09 17:31:00,2023-05-09,2023-05-09,2023-05-09,Director,Pledge Creation,Pledge,Equity Shares,242874.0,0.0,0.0,0.0,0.0,412824.0,0.07,412824.0,0.07
BAJFINANCE,2023-05-09 17:31:00,2023-05-09,2023-05-09,2023-05-09,Director,Revokation of Pledge,Pledge Revoke,Equity Shares,242874.0,0.0,0.0,0.0,0.0,412824.0,0.07,412824.0,0.07
BAJFINANCE,2023-05-09 17:31:00,2023-05-09,2023-05-09,2023-05-09,Director,Market Sale,Sell,Equity Shares,32000.0,0.0,0.0,0.0,0.0,47375.0,0.01,15375.0,0.0
BAJFINANCE,2023-05-09 17:31:00,2023-05-08,2023-05-08,2023-05-08,Employees/Designated Employees,Market Sale,Sell,Equity Shares,5500.0,0.0,0.0,0.0,0.0,40250.0,0.01,34750.0,0.01
BAJFINANCE,2023-05-09 17:31:00,2023-05-09,2023-05-09,2023-05-09,Director,ESOP,Buy,Equity Shares,242874.0,0.0,0.0,0.0,0.0,169950.0,0.03,412824.0,0.07
BAJFINANCE,2023-05-09 17:31:00,2023-05-09,2023-05-09,2023-05-09,Employees/Designated Employees,Market Sale,Sell,Equity Shares,3000.0,0.0,0.0,0.0,0.0,34750.0,0.01,31750.0,0.01
BAJFINANCE,2023-05-09 17:31:00,2023-05-09,2023-05-09,2023-05-09,Director,Market Sale,Sell,Equity Shares,242874.0,0.0,0.0,0.0,0.0,412824.0,0.07,169950.0,0.03
BAJFINANCE,2023-05-10 19:58:00,2023-05-10,2023-05-09,2023-05-09,Employees/Designated Employees,ESOP,Buy,Equity Shares,8675.0,0.0,0.0,0.0,0.0,31750.0,0.01,40425.0,0.01
BAJFINANCE,2023-05-10 19:58:00,2023-05-10,2023-05-10,2023-05-10,Employees/Designated Employees,Market Sale,Sell,Equity Shares,5000.0,0.0,0.0,0.0,0.0,40425.0,0.01,35425.0,0.01
BAJFINANCE,2023-05-12 18:41:00,2023-05-11,2023-05-11,2023-05-11,Employees/Designated Employees,ESOP,Buy,Equity Shares,6325.0,0.0,0.0,0.0,0.0,35425.0,0.01,41750.0,0.01
BAJFINANCE,2023-05-12 18:41:00,2023-05-12,2023-05-11,2023-05-11,Director,ESOP,Buy,Equity Shares,72411.0,0.0,0.0,0.0,0.0,15375.0,0.0,87786.0,0.01
BAJFINANCE,2023-06-06 18:01:00,2023-06-06,2023-06-02,2023-06-02,Other,ESOP,Buy,Equity Shares,489305.0,0.0,0.0,0.0,0.0,420774.0,0.07,910079.0,0.15
BAJFINANCE,2023-06-23 10:28:00,2023-06-21,2023-06-19,2023-06-19,Promoter Group,Off Market,Buy,Equity Shares,2000.0,0.0,0.0,0.0,0.0,,0.0,2000.0,0.0
BAJFINANCE,2023-06-23 10:28:00,2023-06-21,2023-06-19,2023-06-19,Promoter Group,Off Market,Buy,Equity Shares,2000.0,0.0,0.0,0.0,0.0,63104.0,0.01,65104.0,0.01
BAJFINANCE,2023-06-23 10:28:00,2023-06-21,2023-06-19,2023-06-19,Promoter Group,Off Market,Buy,Equity Shares,2000.0,0.0,0.0,0.0,0.0,,0.0,2000.0,0.0
BAJFINANCE,2023-06-23 10:28:00,2023-06-21,2023-06-19,2023-06-19,Promoter Group,Off Market,Sell,Equity Shares,10000.0,0.0,0.0,0.0,0.0,10000.0,0.0,,0.0
BAJFINANCE,2023-06-23 10:28:00,2023-06-21,2023-06-19,2023-06-19,Promoter Group,Off Market,Buy,Equity Shares,2000.0,0.0,0.0,0.0,0.0,63104.0,0.01,65104.0,0.01
BAJFINANCE,2023-06-23 10:28:00,2023-06-21,2023-06-19,2023-06-19,Promoter Group,Off Market,Buy,Equity Shares,2000.0,0.0,0.0,0.0,0.0,,0.0,2000.0,0.0
BAJFINANCE,2024-03-04 20:20:00,2024-03-04,2024-03-01,2024-03-01,Other,ESOP,Buy,Equity Shares,973243.0,0.0,0.0,0.0,0.0,249431.0,0.04,1222674.0,0.2
BAJFINANCE,2024-03-12 20:24:00,2024-03-11,2024-03-11,2024-03-11,Director,Revokation of Pledge,Pledge Revoke,Equity Shares,185074.0,0.0,0.0,0.0,0.0,355024.0,0.06,355024.0,0.06
BAJFINANCE,2024-03-12 20:24:00,2024-03-11,2024-03-11,2024-03-11,Director,Pledge Creation,Pledge,Equity Shares,185074.0,0.0,0.0,0.0,0.0,355024.0,0.06,355024.0,0.06
BAJFINANCE,2024-03-12 20:24:00,2024-03-11,2024-03-11,2024-03-11,Director,ESOP,Buy,Equity Shares,185074.0,0.0,0.0,0.0,0.0,169950.0,0.03,355024.0,0.06
BAJFINANCE,2024-03-12 20:24:00,2024-03-11,2024-03-11,2024-03-11,Director,Market Sale,Sell,Equity Shares,185074.0,0.0,0.0,0.0,0.0,355024.0,0.06,169950.0,0.03
BAJFINANCE,2024-03-22 15:46:00,2024-03-21,2024-03-20,2024-03-20,Promoter Group,Market Purchase,Buy,Debentures,5000.0,0.0,0.0,0.0,0.0,,0.0,5000.0,0.0
BAJFINANCE,2024-04-02 20:05:00,2024-04-01,2024-03-27,2024-03-27,Promoter Group,Market Purchase,Buy,Debentures,15000.0,0.0,0.0,0.0,0.0,,0.0,15000.0,0.0
BAJFINANCE,2024-05-13 15:35:00,2024-05-09,2024-05-07,2024-05-07,Promoters,Market Purchase,Buy,Debentures,30000.0,0.0,0.0,0.0,0.0,,0.0,30000.0,0.0
BAJFINANCE,2024-05-15 12:22:00,2024-05-13,2024-05-10,2024-05-10,Promoter Group,Market Purchase,Buy,Debentures,15000.0,0.0,0.0,0.0,0.0,,0.0,15000.0,0.0
BAJFINANCE,2024-06-14 18:05:00,2024-06-13,2024-06-13,2024-06-13,Promoter Group,Market Purchase,Buy,Equity Shares,34000.0,0.0,0.0,0.0,0.0,14000.0,0.0,48000.0,0.01
BAJFINANCE,2024-06-14 18:05:00,2024-06-13,2024-06-12,2024-06-12,Promoter Group,Market Purchase,Buy,Equity Shares,14000.0,0.0,0.0,0.0,0.0,,0.0,14000.0,0.0
BAJFINANCE,2024-06-20 19:06:00,2024-06-18,2024-06-13,2024-06-13,Immediate relative,Market Sale,Sell,Equity Shares,200.0,0.0,0.0,0.0,0.0,3470.0,0.0,3270.0,0.0
BAJFINANCE,2024-08-08 10:57:00,2024-08-07,2024-08-06,2024-08-06,Promoter Group,Market Purchase,Buy,Debentures,15000.0,0.0,0.0,0.0,0.0,,0.0,15000.0,0.0
BAJFINANCE,2025-02-05 18:21:00,2025-02-05,2025-02-05,2025-02-05,Other,Others,Buy,Equity Shares,882182.0,0.0,0.0,0.0,0.0,169555.0,0.03,1051737.0,0.17
BAJFINANCE,2025-02-10 16:42:00,2025-02-10,2025-02-10,2025-02-10,Director,Market Sale,Sell,Equity Shares,221138.0,0.0,0.0,0.0,0.0,391088.0,0.06,169950.0,0.03
BAJFINANCE,2025-02-10 16:42:00,2025-02-10,2025-02-10,2025-02-10,Director,Revokation of Pledge,Pledge Revoke,Equity Shares,221138.0,0.0,0.0,0.0,0.0,391088.0,0.06,391088.0,0.06
BAJFINANCE,2025-02-10 16:42:00,2025-02-10,2025-02-10,2025-02-10,Director,Pledge Creation,Pledge,Equity Shares,221138.0,0.0,0.0,0.0,0.0,391088.0,0.06,391088.0,0.06
BAJFINANCE,2025-02-10 16:42:00,2025-02-10,2025-02-10,2025-02-10,Director,ESOP,Buy,Equity Shares,221138.0,0.0,0.0,0.0,0.0,169950.0,0.03,391088.0,0.06
BAJFINANCE,2025-03-20 15:11:00,2025-03-19,2025-03-19,2025-03-19,Immediate relative,Market Sale,Sell,Equity Shares,4000.0,0.0,0.0,0.0,0.0,17700.0,0.0,13700.0,0.0
BAJFINANCE,2025-03-25 16:09:00,2025-03-24,2025-03-24,2025-03-24,Immediate relative,Market Sale,Sell,Equity Shares,6700.0,0.0,0.0,0.0,0.0,13700.0,0.0,7000.0,0.0
BAJFINANCE,2025-05-26 15:44:00,2025-05-23,2025-05-23,2025-05-23,Promoter Group,Market Purchase,Buy,Debentures,10000.0,0.0,0.0,0.0,0.0,,0.0,10000.0,0.0
BAJFINANCE,2025-06-18 18:56:00,2025-06-17,2025-06-13,2025-06-13,Promoter Group,Others,Buy,Equity Shares,2000.0,0.0,0.0,0.0,0.0,2000.0,0.0,4000.0,0.0
BAJFINANCE,2025-06-18 18:56:00,2025-06-17,2025-06-13,2025-06-13,Promoter Group,Others,Sell,Equity Shares,2000.0,0.0,0.0,0.0,0.0,2000.0,0.0,,0.0
BAJFINANCE,2025-08-26 15:25:00,2025-08-25,2025-08-25,2025-08-25,Other,Others,Buy,Equity Shares,8195345.0,0.0,0.0,0.0,0.0,661195.0,0.01,8856540.0,0.14
BAJFINANCE,2025-09-26 19:25:00,2025-09-24,2025-09-24,2025-09-24,Promoter Group,Market Purchase,Buy,Equity Shares,97000.0,0.0,0.0,0.0,0.0,480000.0,0.01,577000.0,0.01
BAJFINANCE,2025-09-30 12:39:00,2025-09-29,2025-09-29,2025-09-29,Promoter Group,Market Purchase,Buy,Equity Shares,153000.0,0.0,0.0,0.0,0.0,577000.0,0.01,730000.0,0.01
BAJFINANCE,2025-10-03 19:11:00,2025-10-01,2025-09-29,2025-09-29,Promoter Group,Off Market,Sell,Equity Shares,610000.0,0.0,0.0,0.0,0.0,610000.0,0.01,,0.0
BAJFINANCE,2025-10-03 19:11:00,2025-10-01,2025-09-29,2025-09-29,Promoter Group,Off Market,Buy,Equity Shares,610000.0,0.0,0.0,0.0,0.0,,0.0,610000.0,0.01
BAJFINANCE,2025-10-03 19:11:00,2025-10-01,2025-09-29,2025-09-29,Promoter Group,Off Market,Sell,Equity Shares,610000.0,0.0,0.0,0.0,0.0,610000.0,0.01,,0.0
BAJFINANCE,2025-10-03 19:11:00,2025-10-01,2025-09-29,2025-09-29,Promoter Group,Off Market,Buy,Equity Shares,610000.0,0.0,0.0,0.0,0.0,,0.0,610000.0,0.01
BAJFINANCE,2025-10-03 19:11:00,2025-10-01,2025-09-29,2025-09-29,Promoter Group,Off Market,Buy,Equity Shares,150000.0,0.0,0.0,0.0,0.0,,0.0,150000.0,0.0
BAJFINANCE,2025-10-03 19:11:00,2025-10-01,2025-09-29,2025-09-29,Promoter Group,Off Market,Sell,Equity Shares,150000.0,0.0,0.0,0.0,0.0,150000.0,0.0,,0.0
BAJFINANCE,2025-10-03 19:11:00,2025-10-01,2025-09-29,2025-09-29,Promoter Group,Off Market,Sell,Equity Shares,150000.0,0.0,0.0,0.0,0.0,150000.0,0.0,,0.0
BAJFINANCE,2025-10-03 19:11:00,2025-10-01,2025-09-29,2025-09-29,Promoter Group,Off Market,Buy,Equity Shares,150000.0,0.0,0.0,0.0,0.0,,0.0,150000.0,0.0
BAJFINANCE,2025-12-06 15:15:00,2025-12-05,2025-12-05,2025-12-05,Promoter Group,Market Purchase,Buy,Equity Shares,191000.0,0.0,0.0,0.0,0.0,730000.0,0.01,921000.0,0.01
BAJFINANCE,2025-12-29 19:32:00,2025-12-29,2025-12-29,2025-12-29,Promoter Group,Market Purchase,Buy,Equity Shares,902500.0,0.0,0.0,0.0,0.0,651040.0,0.01,1553540.0,0.02
BAJFINANCE,2025-12-29 19:32:00,2025-12-29,2025-12-29,2025-12-29,Promoter Group,Market Purchase,Buy,Equity Shares,902000.0,0.0,0.0,0.0,0.0,651040.0,0.01,1553040.0,0.02
BAJFINANCE,2026-01-02 15:35:00,2025-12-31,2025-12-29,2025-12-29,Promoter Group,Market Purchase,Buy,Debentures,2500.0,0.0,0.0,0.0,0.0,,0.0,2500.0,0.0
BAJFINANCE,2026-01-02 15:35:00,2025-12-31,2025-12-29,2025-12-29,Promoter Group,Market Purchase,Buy,Debentures,5000.0,0.0,0.0,0.0,0.0,,0.0,5000.0,0.0
BAJFINANCE,2026-03-10 16:57:00,2026-03-06,2026-03-05,2026-03-05,Promoter Group,Market Purchase,Buy,Debentures,7480.0,0.0,0.0,0.0,0.0,,0.0,7480.0,0.0
BAJFINANCE,2026-03-30 20:26:00,2026-03-26,2026-03-25,2026-03-25,Promoter Group,Market Purchase,Buy,Equity Shares,245000.0,0.0,0.0,0.0,0.0,189746600.0,3.05,189991600.0,3.05
BAJFINANCE,2026-04-02 20:18:00,2026-04-01,2026-03-27,2026-03-27,Promoter Group,Market Purchase,Buy,Equity Shares,270000.0,0.0,0.0,0.0,0.0,189991600.0,3.05,190261600.0,3.06
BAJFINANCE,2026-04-02 20:18:00,,,,-,-,-,,,0.0,0.0,0.0,0.0,,0.0,,
BAJFINANCE,2026-04-09 19:42:00,2026-04-07,2026-04-07,2026-04-07,Other,Others,Buy,Equity Shares,3472439.0,0.0,0.0,0.0,0.0,4605029.0,0.07,8077468.0,0.13
