symbol,filing_date,intim_date,acq_from_date,acq_to_date,person_category,acq_mode,transaction_type,sec_type,security_acquired_disposed,buy_quantity,sell_quantity,buy_value,sell_value,shares_before_no,shares_before_pct,shares_after_no,shares_after_pct
DISHTV,2015-12-01 11:27:00,2015-11-20,2015-11-18,2015-11-18,Employees/Designated Employees,Market Sale,Sell,Equity Shares,10000.0,0.0,0.0,0.0,0.0,36450.0,0.003,26450.0,0.0025
DISHTV,2015-12-01 11:27:00,2015-11-19,2015-11-17,2015-11-17,Employees/Designated Employees,Market Sale,Sell,Equity Shares,1500.0,0.0,0.0,0.0,0.0,3541.0,0.0003,2041.0,0.0002
DISHTV,2015-12-02 12:34:00,2015-11-30,2015-11-27,2015-11-27,Employees/Designated Employees,Market Sale,Sell,Equity Shares,15000.0,0.0,0.0,0.0,0.0,26450.0,0.0025,11450.0,0.0011
DISHTV,2015-12-29 18:21:00,2015-12-24,2015-12-23,2015-12-23,Employees/Designated Employees,ESOP,-,Equity Shares,8580.0,0.0,0.0,0.0,0.0,,0.0,8580.0,0.0008
DISHTV,2015-12-29 18:21:00,2015-12-28,2015-12-23,2015-12-23,Employees/Designated Employees,ESOP,-,Equity Shares,19280.0,0.0,0.0,0.0,0.0,,0.0,19280.0,0.0018
DISHTV,2015-12-29 18:21:00,2015-11-27,2015-11-27,2015-11-27,Employees/Designated Employees,Market Sale,Sell,Equity Shares,4280.0,0.0,0.0,0.0,0.0,4280.0,0.0004,,0.0
DISHTV,2015-12-29 18:21:00,2015-11-19,2015-11-17,2015-11-17,Employees/Designated Employees,Market Sale,Sell,Equity Shares,5000.0,0.0,0.0,0.0,0.0,9280.0,0.0009,4280.0,0.0004
DISHTV,2015-12-29 18:21:00,2015-12-28,2015-12-23,2015-12-23,Employees/Designated Employees,ESOP,-,Equity Shares,10920.0,0.0,0.0,0.0,0.0,,0.0,10920.0,0.001
DISHTV,2015-12-30 09:09:00,2015-12-28,2015-12-23,2015-12-23,Employees/Designated Employees,ESOP,Buy,Equity Shares,19280.0,0.0,0.0,0.0,0.0,,0.0,19280.0,
DISHTV,2015-12-30 09:09:00,2015-12-27,2015-11-27,2015-11-27,Employees/Designated Employees,Market Sale,Sell,Equity Shares,4280.0,0.0,0.0,0.0,0.0,4280.0,0.0004,,0.0
DISHTV,2015-12-30 09:09:00,2015-11-19,2015-11-17,2015-11-17,Employees/Designated Employees,Market Sale,Sell,Equity Shares,5000.0,0.0,0.0,0.0,0.0,9280.0,0.0009,4280.0,0.0004
DISHTV,2015-12-30 09:09:00,2015-12-28,2015-12-23,2015-12-23,Employees/Designated Employees,ESOP,Buy,Equity Shares,10920.0,0.0,0.0,0.0,0.0,,0.0,10920.0,
DISHTV,2015-12-30 09:09:00,2015-12-24,2015-12-23,2015-12-23,Employees/Designated Employees,ESOP,Buy,Equity Shares,8580.0,0.0,0.0,0.0,0.0,,0.0,8580.0,
DISHTV,2015-12-31 16:15:00,2015-12-30,2015-12-30,2015-12-30,Employees/Designated Employees,Market Sale,Sell,Equity Shares,10920.0,0.0,0.0,0.0,0.0,10920.0,0.001,,0.0
DISHTV,2015-12-31 16:15:00,2015-12-30,2015-12-30,2015-12-30,Employees/Designated Employees,Market Sale,Sell,Equity Shares,8580.0,0.0,0.0,0.0,0.0,8580.0,0.0008,,0.0
DISHTV,2016-01-18 15:25:00,2016-01-13,2016-01-11,2016-01-11,Promoters,Pledge Creation,Pledge,Equity Shares,300000.0,0.0,0.0,0.0,0.0,457212260.0,42.94,457212260.0,42.94
DISHTV,2016-01-18 15:25:00,2016-01-13,2016-01-08,2016-01-08,Promoters,Pledge Creation,Pledge,Equity Shares,2500000.0,0.0,0.0,0.0,0.0,180000000.0,16.9,180000000.0,16.9
DISHTV,2016-01-18 15:25:00,2016-01-14,2016-01-13,2016-01-13,Promoters,Pledge Creation,Pledge,Equity Shares,1240000.0,0.0,0.0,0.0,0.0,457212260.0,42.94,457212260.0,42.94
DISHTV,2016-01-20 15:13:00,2016-01-18,2016-01-18,2016-01-18,Promoters,Pledge Creation,Pledge,Equity Shares,2800000.0,0.0,0.0,0.0,0.0,457212260.0,42.94,457212260.0,42.94
DISHTV,2016-01-20 15:13:00,2016-01-18,2016-01-15,2016-01-15,Promoters,Pledge Creation,Pledge,Equity Shares,6350000.0,0.0,0.0,0.0,0.0,180000000.0,16.9,180000000.0,16.9
DISHTV,2016-01-21 19:47:00,2016-01-20,2016-01-19,2016-01-19,Promoters,Pledge Creation,Pledge,Equity Shares,6041000.0,0.0,0.0,0.0,0.0,180000000.0,16.9,180000000.0,16.9
DISHTV,2016-01-21 19:47:00,2016-01-20,2016-01-18,2016-01-18,Promoters,Pledge Creation,Pledge,Equity Shares,4466000.0,0.0,0.0,0.0,0.0,180000000.0,16.9,180000000.0,16.9
DISHTV,2016-01-21 19:47:00,2016-01-20,2016-01-19,2016-01-19,Promoters,Pledge Creation,Pledge,Equity Shares,32530000.0,0.0,0.0,0.0,0.0,457212260.0,42.94,457212260.0,42.94
DISHTV,2016-01-28 18:30:00,2016-01-22,2016-01-20,2016-01-20,Promoters,Pledge Creation,Pledge,Equity Shares,7185000.0,0.0,0.0,0.0,0.0,457212260.0,42.9,457212260.0,42.9
DISHTV,2016-01-28 18:45:00,2016-01-25,2016-01-22,2016-01-22,Promoters,Pledge Creation,Pledge,Equity Shares,125000.0,0.0,0.0,0.0,0.0,180000000.0,16.9,180000000.0,16.9
DISHTV,2016-01-28 18:45:00,2016-01-25,2016-01-21,2016-01-21,Promoters,Pledge Creation,Pledge,Equity Shares,400000.0,0.0,0.0,0.0,0.0,180000000.0,16.9,180000000.0,16.9
DISHTV,2016-01-28 18:45:00,2016-01-25,2016-01-21,2016-01-21,Promoters,Pledge Creation,Pledge,Equity Shares,2450000.0,0.0,0.0,0.0,0.0,457212260.0,42.9,457212260.0,42.9
DISHTV,2016-02-04 18:41:00,2016-01-29,2016-01-29,2016-01-29,Promoters,Pledge Creation,Pledge,Equity Shares,2600000.0,0.0,0.0,0.0,0.0,457212260.0,42.9,457212260.0,42.9
DISHTV,2016-02-04 18:41:00,2016-01-29,2016-01-28,2016-01-28,Promoters,Pledge Creation,Pledge,Equity Shares,2899000.0,0.0,0.0,0.0,0.0,180000000.0,16.89,180000000.0,16.89
DISHTV,2016-02-09 10:17:00,2016-02-05,2016-02-03,2016-02-03,Promoters,Pledge Creation,Pledge,Equity Shares,5381000.0,0.0,0.0,0.0,0.0,180000000.0,16.89,180000000.0,16.89
DISHTV,2016-02-16 09:47:00,2016-02-09,2016-02-05,2016-02-05,Promoters,Pledge Creation,Pledge,Equity Shares,2875000.0,0.0,0.0,0.0,0.0,457212260.0,42.9,457212260.0,42.9
DISHTV,2016-02-17 17:07:00,2016-02-15,2016-02-11,2016-02-11,Promoters,Pledge Creation,Pledge,Equity Shares,1525000.0,0.0,0.0,0.0,0.0,180000000.0,16.89,180000000.0,16.89
DISHTV,2016-02-17 17:07:00,2016-02-15,2016-02-12,2016-02-12,Promoters,Pledge Creation,Pledge,Equity Shares,4380000.0,0.0,0.0,0.0,0.0,180000000.0,16.89,180000000.0,16.89
DISHTV,2016-02-17 17:07:00,2016-02-15,2016-02-11,2016-02-11,Promoters,Pledge Creation,Pledge,Equity Shares,12418000.0,0.0,0.0,0.0,0.0,457212260.0,42.9,457212260.0,42.9
DISHTV,2016-02-17 17:07:00,2016-02-15,2016-02-12,2016-02-12,Promoters,Pledge Creation,Pledge,Equity Shares,14802000.0,0.0,0.0,0.0,0.0,457212260.0,42.9,457212260.0,42.9
DISHTV,2016-02-17 17:07:00,2016-02-15,2016-02-15,2016-02-15,Promoters,Pledge Creation,Pledge,Equity Shares,6480000.0,0.0,0.0,0.0,0.0,457212260.0,42.9,457212260.0,42.9
DISHTV,2016-02-24 18:59:00,2016-02-22,2016-02-18,2016-02-18,Promoters,Pledge Creation,Pledge,Equity Shares,38000.0,0.0,0.0,0.0,0.0,180000000.0,16.89,180000000.0,16.89
DISHTV,2016-02-26 11:25:00,2016-02-19,2016-02-17,2016-02-17,Promoters,Pledge Creation,Pledge,Equity Shares,523000.0,0.0,0.0,0.0,0.0,180000000.0,16.89,180000000.0,16.89
DISHTV,2016-02-26 11:25:00,2016-02-19,2016-02-17,2016-02-17,Promoters,Pledge Creation,Pledge,Equity Shares,3910000.0,0.0,0.0,0.0,0.0,457212260.0,42.9,457212260.0,42.9
DISHTV,2016-02-26 11:25:00,2016-02-19,2016-02-18,2016-02-18,Promoters,Pledge Creation,Pledge,Equity Shares,4744000.0,0.0,0.0,0.0,0.0,457212260.0,42.9,457212260.0,42.9
DISHTV,2016-02-26 11:40:00,2016-02-23,2016-02-23,2016-02-23,Promoters,Revokation of Pledge,Pledge,Equity Shares,13290000.0,0.0,0.0,0.0,0.0,457212260.0,42.9,457212260.0,42.9
DISHTV,2016-02-26 11:40:00,2016-02-23,2016-02-20,2016-02-22,Promoters,Pledge Creation,Pledge,Equity Shares,996000.0,0.0,0.0,0.0,0.0,180000000.0,16.89,180000000.0,16.89
DISHTV,2016-02-26 11:40:00,2016-02-23,2016-02-20,2016-02-22,Promoters,Pledge Creation,Pledge,Equity Shares,2422000.0,0.0,0.0,0.0,0.0,457212260.0,42.9,457212260.0,42.9
DISHTV,2016-02-29 20:03:00,2016-02-26,2016-02-24,2016-02-24,Promoters,Pledge Creation,Pledge,Equity Shares,800000.0,0.0,0.0,0.0,0.0,180000000.0,16.89,180000000.0,16.89
DISHTV,2016-03-04 15:01:00,2016-03-01,2016-02-26,2016-02-26,Promoters,Pledge Creation,Pledge,Equity Shares,49165000.0,0.0,0.0,0.0,0.0,457212260.0,42.9,457212260.0,42.9
DISHTV,2016-03-04 15:01:00,2016-03-01,2016-02-26,2016-02-26,Promoters,Revokation of Pledge,Pledge,Equity Shares,6700000.0,0.0,0.0,0.0,0.0,457212260.0,42.9,457212260.0,42.9
DISHTV,2016-03-04 15:01:00,2016-03-01,2016-02-29,2016-02-29,Promoters,Revokation of Pledge,Pledge,Equity Shares,7185000.0,0.0,0.0,0.0,0.0,457212260.0,42.9,457212260.0,42.9
DISHTV,2016-03-04 15:01:00,2016-03-01,2016-02-29,2016-02-29,Promoters,Pledge Creation,Pledge,Equity Shares,1980000.0,0.0,0.0,0.0,0.0,457212260.0,42.9,457212260.0,42.9
DISHTV,2016-03-09 11:41:00,2016-03-03,2016-03-02,2016-03-02,Promoters,Pledge Creation,Pledge,Equity Shares,1647000.0,0.0,0.0,0.0,0.0,457212260.0,42.9,457212260.0,42.9
DISHTV,2016-03-09 11:41:00,2016-03-04,2016-03-03,2016-03-03,Promoters,Pledge Creation,Pledge,Equity Shares,1699000.0,0.0,0.0,0.0,0.0,180000000.0,16.89,180000000.0,16.89
DISHTV,2016-03-09 11:41:00,2016-03-03,2016-03-01,2016-03-01,Promoters,Revokation of Pledge,Pledge,Equity Shares,22700000.0,0.0,0.0,0.0,0.0,457212260.0,42.9,457212260.0,42.9
DISHTV,2016-03-16 19:59:00,2016-03-15,2016-03-11,2016-03-11,Promoters,Pledge Creation,Pledge,Equity Shares,9281000.0,0.0,0.0,0.0,0.0,457212260.0,42.9,457212260.0,42.9
DISHTV,2016-03-21 09:44:00,2016-03-16,2016-03-08,2016-03-08,Promoters,Pledge Creation,Pledge,Equity Shares,3610000.0,0.0,0.0,0.0,0.0,457212260.0,42.9,457212260.0,42.9
DISHTV,2016-03-21 15:12:00,2016-03-18,2016-03-16,2016-03-16,Promoters,Revokation of Pledge,Pledge,Equity Shares,500000.0,0.0,0.0,0.0,0.0,180000000.0,16.89,180000000.0,16.89
DISHTV,2016-03-21 15:12:00,2016-03-18,2016-03-16,2016-03-16,Promoters,Revokation of Pledge,Pledge,Equity Shares,2900000.0,0.0,0.0,0.0,0.0,457212260.0,42.9,457212260.0,42.9
DISHTV,2016-03-31 10:51:00,2016-03-29,2016-03-23,2016-03-23,Promoters,Revokation of Pledge,Pledge,Equity Shares,300000.0,0.0,0.0,0.0,0.0,180000000.0,16.89,180000000.0,16.89
DISHTV,2016-03-31 10:51:00,2016-03-28,2016-03-28,2016-03-28,Promoters,Pledge Creation,Pledge,Equity Shares,281000.0,0.0,0.0,0.0,0.0,457212260.0,42.9,457212260.0,42.9
DISHTV,2016-03-31 10:51:00,2016-03-28,2016-03-23,2016-03-23,Promoters,Pledge Creation,Pledge,Equity Shares,6047000.0,0.0,0.0,0.0,0.0,457212260.0,42.9,457212260.0,42.9
DISHTV,2016-03-31 10:51:00,2016-03-28,2016-03-22,2016-03-22,Promoters,Revokation of Pledge,Pledge,Equity Shares,4555000.0,0.0,0.0,0.0,0.0,457212260.0,42.9,457212260.0,42.9
DISHTV,2016-04-07 20:09:00,2016-03-31,2016-03-23,2016-03-23,Promoters,Revokation of Pledge,Pledge,Equity Shares,4800000.0,0.0,0.0,0.0,0.0,457212260.0,42.9,457212260.0,42.9
DISHTV,2016-04-07 20:09:00,2016-04-01,2016-03-30,2016-03-30,Promoters,Revokation of Pledge,Pledge,Equity Shares,1000000.0,0.0,0.0,0.0,0.0,180000000.0,16.89,180000000.0,16.89
DISHTV,2016-04-08 18:33:00,2016-04-07,2016-04-06,2016-04-06,Promoters,Pledge Creation,Pledge,Equity Shares,261000.0,0.0,0.0,0.0,0.0,180000000.0,16.89,180000000.0,16.89
DISHTV,2016-04-11 19:55:00,2016-04-06,2016-04-05,2016-04-05,Promoters,Revokation of Pledge,Pledge,Equity Shares,2300000.0,0.0,0.0,0.0,0.0,457212260.0,42.9,457212260.0,42.9
DISHTV,2016-04-11 19:55:00,2016-04-06,2016-04-05,2016-04-05,Promoters,Revokation of Pledge,Pledge,Equity Shares,1700000.0,0.0,0.0,0.0,0.0,180000000.0,16.89,180000000.0,16.89
DISHTV,2016-04-11 19:55:00,2016-04-05,2016-04-01,2016-04-01,Promoters,Revokation of Pledge,Pledge,Equity Shares,1840000.0,0.0,0.0,0.0,0.0,180000000.0,16.89,180000000.0,16.89
DISHTV,2016-04-11 20:01:00,2016-04-04,2016-03-31,2016-03-31,Promoters,Revokation of Pledge,Pledge,Equity Shares,35499000.0,0.0,0.0,0.0,0.0,457212260.0,42.9,457212260.0,42.9
DISHTV,2016-04-11 20:01:00,2016-04-04,2016-03-31,2016-03-31,Promoters,Pledge Creation,Pledge,Equity Shares,236000.0,0.0,0.0,0.0,0.0,457212260.0,42.9,457212260.0,42.9
DISHTV,2016-04-15 17:09:00,2016-04-12,2016-04-11,2016-04-11,Promoters,Pledge Creation,Pledge,Equity Shares,7900000.0,0.0,0.0,0.0,0.0,457212260.0,42.9,457212260.0,42.9
DISHTV,2016-04-25 19:03:00,2016-04-22,2016-04-21,2016-04-21,Promoters,Revokation of Pledge,Pledge,Equity Shares,4968000.0,0.0,0.0,0.0,0.0,457212260.0,42.9,457212260.0,42.9
DISHTV,2016-04-25 19:03:00,2016-04-22,2016-04-20,2016-04-20,Promoters,Revokation of Pledge,Pledge,Equity Shares,14206000.0,0.0,0.0,0.0,0.0,457212260.0,42.9,457212260.0,42.9
DISHTV,2016-04-25 19:03:00,2016-04-22,2016-04-21,2016-04-21,Promoters,Revokation of Pledge,Pledge,Equity Shares,1700000.0,0.0,0.0,0.0,0.0,180000000.0,16.89,180000000.0,16.89
DISHTV,2016-04-28 20:26:00,2016-04-26,2016-04-22,2016-04-22,Promoters,Revokation of Pledge,Pledge,Equity Shares,400000.0,0.0,0.0,0.0,0.0,457212260.0,42.9,457212260.0,42.9
DISHTV,2016-04-29 12:56:00,2016-04-27,2016-04-26,2016-04-26,Promoters,Revokation of Pledge,Pledge,Equity Shares,2300000.0,0.0,0.0,0.0,0.0,180000000.0,16.89,180000000.0,16.89
DISHTV,2016-04-29 12:56:00,2016-04-27,2016-04-25,2016-04-25,Promoters,Revokation of Pledge,Pledge,Equity Shares,2480000.0,0.0,0.0,0.0,0.0,457212260.0,42.9,457212260.0,42.9
DISHTV,2016-05-03 19:57:00,2016-04-29,2016-04-27,2016-04-27,Promoters,Pledge Creation,Pledge,Equity Shares,4416000.0,0.0,0.0,0.0,0.0,457212260.0,42.9,457212260.0,42.9
DISHTV,2016-05-03 19:57:00,2016-04-29,2016-04-28,2016-04-28,Promoters,Pledge Creation,Pledge,Equity Shares,2340000.0,0.0,0.0,0.0,0.0,457212260.0,42.9,457212260.0,42.9
DISHTV,2016-05-11 10:13:00,2016-05-09,2016-05-06,2016-05-06,Promoters,Pledge Creation,Pledge,Equity Shares,262000.0,0.0,0.0,0.0,0.0,457212260.0,42.9,457212260.0,42.9
DISHTV,2016-05-13 17:58:00,2016-05-12,2016-05-10,2016-05-10,Promoters,Revokation of Pledge,Pledge,Equity Shares,1800000.0,0.0,0.0,0.0,0.0,457212260.0,42.9,457212260.0,42.9
DISHTV,2016-05-13 17:58:00,2016-05-12,2016-05-10,2016-05-10,Promoters,Pledge Creation,Pledge,Equity Shares,10700000.0,0.0,0.0,0.0,0.0,457212260.0,42.9,457212260.0,42.9
DISHTV,2016-05-13 18:01:00,2016-05-11,2016-05-09,2016-05-09,Promoters,Revokation of Pledge,Pledge,Equity Shares,592000.0,0.0,0.0,0.0,0.0,180000000.0,16.89,180000000.0,16.89
DISHTV,2016-05-13 18:01:00,2016-05-11,2016-05-09,2016-05-09,Promoters,Revokation of Pledge,Pledge,Equity Shares,1174000.0,0.0,0.0,0.0,0.0,457212260.0,42.9,457212260.0,42.9
DISHTV,2016-05-17 19:42:00,2016-05-16,2016-05-12,2016-05-12,Promoters,Revokation of Pledge,Pledge,Equity Shares,8897000.0,0.0,0.0,0.0,0.0,457212260.0,42.9,457212260.0,42.9
DISHTV,2016-05-23 09:58:00,2016-05-18,2016-05-17,2016-05-17,Promoters,Revokation of Pledge,Pledge,Equity Shares,4295000.0,0.0,0.0,0.0,0.0,457212260.0,42.9,457212260.0,42.9
DISHTV,2016-05-23 09:58:00,2016-05-18,2016-05-16,2016-05-16,Promoters,Revokation of Pledge,Pledge,Equity Shares,2000000.0,0.0,0.0,0.0,0.0,457212260.0,42.9,457212260.0,42.9
DISHTV,2016-05-23 09:58:00,2016-05-18,2016-05-17,2016-05-17,Promoters,Revokation of Pledge,Pledge,Equity Shares,288000.0,0.0,0.0,0.0,0.0,180000000.0,16.89,180000000.0,16.89
DISHTV,2016-05-23 09:58:00,2016-05-18,2016-05-16,2016-05-16,Promoters,Revokation of Pledge,Pledge,Equity Shares,3635000.0,0.0,0.0,0.0,0.0,180000000.0,16.89,180000000.0,16.89
DISHTV,2016-05-23 09:58:00,2016-05-20,2016-05-18,2016-05-18,Promoters,Revokation of Pledge,Pledge,Equity Shares,5014000.0,0.0,0.0,0.0,0.0,457212260.0,42.9,457212260.0,42.9
DISHTV,2016-05-23 09:58:00,2016-05-20,2016-05-18,2016-05-18,Promoters,Revokation of Pledge,Pledge,Equity Shares,5014000.0,0.0,0.0,0.0,0.0,457212260.0,42.9,457212260.0,42.9
DISHTV,2016-05-23 10:11:00,2016-05-20,2016-05-18,2016-05-18,Promoters,Revokation of Pledge,Pledge,Equity Shares,5014000.0,0.0,0.0,0.0,0.0,457212260.0,42.9,457212260.0,42.9
DISHTV,2016-05-23 10:11:00,2016-05-20,2016-05-18,2016-05-18,Promoters,Revokation of Pledge,Pledge,Equity Shares,5014000.0,0.0,0.0,0.0,0.0,457212260.0,42.9,457212260.0,42.9
DISHTV,2016-05-25 19:11:00,2016-05-20,2016-05-18,2016-05-18,Promoters,Revokation of Pledge,Pledge,Equity Shares,2330000.0,0.0,0.0,0.0,0.0,457212260.0,42.9,457212260.0,42.9
DISHTV,2016-05-27 17:53:00,2016-05-25,2016-05-24,2016-05-24,Promoters,Pledge Creation,Pledge,Equity Shares,423000.0,0.0,0.0,0.0,0.0,457212260.0,42.9,457212260.0,42.9
DISHTV,2016-05-27 17:53:00,2016-05-25,2016-05-23,2016-05-23,Promoters,Pledge Creation,Pledge,Equity Shares,256000.0,0.0,0.0,0.0,0.0,457212260.0,42.9,457212260.0,42.9
DISHTV,2016-05-27 17:53:00,2016-05-24,2016-05-20,2016-05-20,Promoters,Revokation of Pledge,Pledge,Equity Shares,3800000.0,0.0,0.0,0.0,0.0,457212260.0,42.9,457212260.0,42.9
DISHTV,2016-05-27 17:53:00,2016-05-24,2016-05-20,2016-05-20,Promoters,Pledge Creation,Pledge,Equity Shares,291000.0,0.0,0.0,0.0,0.0,457212260.0,42.9,457212260.0,42.9
DISHTV,2016-05-27 17:53:00,2016-05-24,2016-05-20,2016-05-20,Promoters,Revokation of Pledge,Pledge,Equity Shares,5400000.0,0.0,0.0,0.0,0.0,180000000.0,16.89,180000000.0,16.89
DISHTV,2016-05-30 20:20:00,2016-05-27,2016-05-25,2016-05-25,Promoters,Pledge Creation,Pledge,Equity Shares,4870000.0,0.0,0.0,0.0,0.0,457212260.0,42.9,457212260.0,42.9
DISHTV,2016-06-01 19:25:00,2016-05-31,2016-05-27,2016-05-27,Promoters,Revokation of Pledge,Pledge,Equity Shares,521000.0,0.0,0.0,0.0,0.0,457212260.0,42.9,457212260.0,42.9
DISHTV,2016-06-02 17:54:00,2016-06-01,2016-05-30,2016-05-30,Promoters,Pledge Creation,Pledge,Equity Shares,250000.0,0.0,0.0,0.0,0.0,457212260.0,42.9,457212260.0,42.9
DISHTV,2016-06-02 17:54:00,2016-06-01,2016-05-31,2016-05-31,Promoters,Pledge Creation,Pledge,Equity Shares,35000.0,0.0,0.0,0.0,0.0,457212260.0,42.9,457212260.0,42.9
DISHTV,2016-06-06 16:32:00,2016-06-03,2016-06-01,2016-06-01,Promoters,Pledge Creation,Pledge,Equity Shares,175000.0,0.0,0.0,0.0,0.0,457212260.0,42.9,457212260.0,42.9
DISHTV,2016-06-15 19:23:00,2016-06-14,2016-06-13,2016-06-13,Promoters,Revokation of Pledge,Pledge,Equity Shares,295000.0,0.0,0.0,0.0,0.0,180000000.0,16.89,180000000.0,16.89
DISHTV,2016-06-15 19:23:00,2016-06-14,2016-06-13,2016-06-13,Promoters,Revokation of Pledge,Pledge,Equity Shares,4200000.0,0.0,0.0,0.0,0.0,457212260.0,42.9,457212260.0,42.9
DISHTV,2016-06-17 17:47:00,2016-06-16,2016-06-14,2016-06-14,Promoters,Revokation of Pledge,Pledge Revoke,Equity Shares,2590000.0,0.0,0.0,0.0,0.0,457212260.0,42.9,457212260.0,42.9
DISHTV,2016-06-17 17:47:00,2016-06-16,2016-06-15,2016-06-15,Promoters,Revokation of Pledge,Pledge Revoke,Equity Shares,2700000.0,0.0,0.0,0.0,0.0,457212260.0,42.9,457212260.0,42.9
DISHTV,2016-06-17 17:47:00,2016-06-16,2016-06-15,2016-06-15,Promoters,Revokation of Pledge,Pledge Revoke,Equity Shares,385000.0,0.0,0.0,0.0,0.0,180000000.0,16.89,180000000.0,16.89
DISHTV,2016-06-27 10:22:00,2016-06-22,2016-06-21,2016-06-21,Promoters,Pledge Creation,Pledge,Equity Shares,8250000.0,0.0,0.0,0.0,0.0,457212260.0,42.9,457212260.0,42.9
DISHTV,2016-06-28 09:14:00,2016-06-24,2016-06-22,2016-06-22,Promoters,Revokation of Pledge,Pledge,Equity Shares,2725000.0,0.0,0.0,0.0,0.0,457212260.0,42.9,457212260.0,42.9
DISHTV,2016-06-29 16:36:00,2016-06-28,2016-06-24,2016-06-24,Promoters,Revokation of Pledge,Pledge,Equity Shares,70000.0,0.0,0.0,0.0,0.0,180000000.0,16.89,180000000.0,16.89
DISHTV,2016-07-05 16:32:00,2016-07-04,2016-06-30,2016-06-30,Promoters,Revokation of Pledge,Pledge,Equity Shares,820000.0,0.0,0.0,0.0,0.0,457212260.0,42.9,457212260.0,42.9
DISHTV,2016-07-13 19:11:00,2016-07-12,2016-07-08,2016-07-08,Promoters,Revokation of Pledge,Pledge,Equity Shares,630000.0,0.0,0.0,0.0,0.0,180000000.0,16.89,180000000.0,16.89
DISHTV,2016-07-13 19:11:00,2016-07-11,2016-07-07,2016-07-07,Promoters,Pledge Creation,Pledge,Equity Shares,5150000.0,0.0,0.0,0.0,0.0,457212260.0,42.9,457212260.0,42.9
DISHTV,2016-07-13 19:11:00,2016-07-12,2016-07-08,2016-07-08,Promoters,Revokation of Pledge,Pledge,Equity Shares,6200000.0,0.0,0.0,0.0,0.0,457212260.0,42.9,457212260.0,42.9
DISHTV,2016-07-18 17:45:00,2016-07-15,2016-07-14,2016-07-14,Promoters,Pledge Creation,Pledge,Equity Shares,11685000.0,0.0,0.0,0.0,0.0,457212260.0,42.9,457212260.0,42.9
DISHTV,2016-07-20 17:57:00,2016-07-19,2016-07-15,2016-07-15,Promoters,Revokation of Pledge,Pledge,Equity Shares,2200000.0,0.0,0.0,0.0,0.0,457212260.0,42.9,457212260.0,42.9
DISHTV,2016-07-26 09:40:00,2016-07-22,2016-07-20,2016-07-20,Promoters,Revokation of Pledge,Pledge,Equity Shares,2611000.0,0.0,0.0,0.0,0.0,457212260.0,42.9,457212260.0,42.9
DISHTV,2016-07-26 18:12:00,2016-07-25,2016-07-22,2016-07-22,Promoters,Pledge Creation,Pledge,Equity Shares,7215000.0,0.0,0.0,0.0,0.0,457212260.0,42.9,457212260.0,42.9
DISHTV,2016-07-26 18:12:00,2016-07-25,2016-07-22,2016-07-22,Promoters,Revokation of Pledge,Pledge,Equity Shares,7215000.0,0.0,0.0,0.0,0.0,180000000.0,16.89,180000000.0,16.89
DISHTV,2016-07-29 09:17:00,2016-07-27,2016-07-26,2016-07-26,Promoters,Pledge Creation,Pledge,Equity Shares,3000000.0,0.0,0.0,0.0,0.0,457212260.0,42.9,457212260.0,42.9
DISHTV,2016-07-29 09:17:00,2016-07-27,2016-07-25,2016-07-25,Promoters,Revokation of Pledge,Pledge,Equity Shares,2480000.0,0.0,0.0,0.0,0.0,180000000.0,16.89,180000000.0,16.89
DISHTV,2016-07-29 09:17:00,2016-07-27,2016-07-26,2016-07-26,Promoters,Revokation of Pledge,Pledge,Equity Shares,3800000.0,0.0,0.0,0.0,0.0,457212260.0,42.9,457212260.0,42.9
DISHTV,2016-07-29 09:17:00,2016-07-27,2016-07-25,2016-07-25,Promoters,Pledge Creation,Pledge,Equity Shares,10530000.0,0.0,0.0,0.0,0.0,457212260.0,42.9,457212260.0,42.9
DISHTV,2016-07-29 09:17:00,2016-07-27,2016-07-26,2016-07-26,Promoters,Revokation of Pledge,Pledge,Equity Shares,11050000.0,0.0,0.0,0.0,0.0,180000000.0,16.89,180000000.0,16.89
DISHTV,2016-08-02 19:06:00,2016-07-29,2016-07-27,2016-07-27,Promoters,Revokation of Pledge,Pledge,Equity Shares,2442000.0,0.0,0.0,0.0,0.0,457212260.0,42.9,457212260.0,42.9
DISHTV,2016-08-02 19:06:00,2016-07-29,2016-07-27,2016-07-27,Promoters,Revokation of Pledge,Pledge,Equity Shares,65000.0,0.0,0.0,0.0,0.0,180000000.0,16.89,180000000.0,16.89
DISHTV,2016-08-04 08:54:00,2016-08-02,2016-07-29,2016-07-29,Promoters,Revokation of Pledge,Pledge,Equity Shares,16229000.0,0.0,0.0,0.0,0.0,180000000.0,16.89,180000000.0,16.89
DISHTV,2016-08-04 08:54:00,2016-08-02,2016-07-29,2016-07-30,Promoters,Pledge Creation,Pledge,Equity Shares,5000000.0,0.0,0.0,0.0,0.0,457212260.0,42.9,457212260.0,42.9
DISHTV,2016-08-05 18:25:00,2016-08-04,2016-08-03,2016-08-03,Promoters,Revokation of Pledge,Pledge,Equity Shares,1480000.0,0.0,0.0,0.0,0.0,457212260.0,42.9,457212260.0,42.9
DISHTV,2016-08-09 09:07:00,2016-08-04,2016-07-28,2016-07-28,Promoters,Pledge Creation,Pledge,Equity Shares,16229000.0,0.0,0.0,0.0,0.0,457212260.0,42.9,457212260.0,42.9
DISHTV,2016-08-09 19:51:00,2016-08-08,2016-08-04,2016-08-04,Promoters,Pledge Creation,Pledge,Equity Shares,1350000.0,0.0,0.0,0.0,0.0,457212260.0,42.89,457212260.0,42.89
DISHTV,2016-08-09 19:51:00,2016-08-08,2016-08-04,2016-08-04,Promoters,Revokation of Pledge,Pledge,Equity Shares,1860000.0,0.0,0.0,0.0,0.0,180000000.0,16.89,180000000.0,16.89
DISHTV,2016-08-09 19:51:00,2016-08-08,2016-08-05,2016-08-05,Promoters,Revokation of Pledge,Pledge,Equity Shares,3400000.0,0.0,0.0,0.0,0.0,457212260.0,42.89,457212260.0,42.89
DISHTV,2016-08-11 19:35:00,2016-08-10,2016-08-08,2016-08-08,Promoters,Pledge Creation,Pledge,Equity Shares,960000.0,0.0,0.0,0.0,0.0,457212260.0,42.89,457212260.0,42.89
DISHTV,2016-08-11 19:35:00,2016-08-10,2016-08-09,2016-08-09,Promoters,Revokation of Pledge,Pledge,Equity Shares,570000.0,0.0,0.0,0.0,0.0,180000000.0,16.89,180000000.0,16.89
DISHTV,2016-08-12 16:10:00,2016-08-10,2016-08-08,2016-08-08,Employees/Designated Employees,ESOP,Buy,Equity Shares,28290.0,0.0,0.0,0.0,0.0,2541.0,0.0002,30831.0,0.003
DISHTV,2016-08-12 16:10:00,2016-08-10,2016-08-08,2016-08-08,Employees/Designated Employees,ESOP,Buy,Equity Shares,28290.0,0.0,0.0,0.0,0.0,2541.0,0.0002,30831.0,0.003
DISHTV,2016-08-12 16:11:00,2016-08-10,2016-08-08,2016-08-08,Employees/Designated Employees,ESOP,Buy,Equity Shares,28290.0,0.0,0.0,0.0,0.0,2541.0,0.0002,30831.0,0.003
DISHTV,2016-08-12 16:11:00,2016-08-10,2016-08-08,2016-08-08,Employees/Designated Employees,ESOP,Buy,Equity Shares,28290.0,0.0,0.0,0.0,0.0,2541.0,0.0002,30831.0,0.003
DISHTV,2016-08-17 19:13:00,2016-08-12,2016-08-10,2016-08-10,Promoters,Pledge Creation,Pledge,Equity Shares,13045000.0,0.0,0.0,0.0,0.0,457212260.0,42.89,457212260.0,42.89
DISHTV,2016-08-17 19:13:00,2016-08-12,2016-08-10,2016-08-10,Promoters,Pledge Creation,Pledge,Equity Shares,400000.0,0.0,0.0,0.0,0.0,180000000.0,16.89,180000000.0,16.89
DISHTV,2016-08-19 17:45:00,2016-08-17,2016-08-16,2016-08-16,Promoters,Pledge Creation,Pledge,Equity Shares,500000.0,0.0,0.0,0.0,0.0,180000000.0,16.89,180000000.0,16.89
DISHTV,2016-08-19 17:45:00,2016-08-17,2016-08-16,2016-08-16,Promoters,Pledge Creation,Pledge,Equity Shares,210000.0,0.0,0.0,0.0,0.0,457212260.0,42.89,457212260.0,42.89
DISHTV,2016-08-23 09:35:00,2016-08-19,2016-08-18,2016-08-18,Promoters,Pledge Creation,Pledge,Equity Shares,650000.0,0.0,0.0,0.0,0.0,180000000.0,16.89,180000000.0,16.89
DISHTV,2016-08-24 18:38:00,2016-08-23,2016-08-19,2016-08-19,Promoters,Revokation of Pledge,Pledge,Equity Shares,8622000.0,0.0,0.0,0.0,0.0,457212260.0,42.89,457212260.0,42.89
DISHTV,2016-08-29 17:15:00,2016-08-25,2016-08-23,2016-08-23,Promoters,Pledge Creation,Pledge,Equity Shares,800000.0,0.0,0.0,0.0,0.0,457212260.0,42.89,457212260.0,42.89
DISHTV,2016-08-30 19:33:00,2016-08-29,2016-08-25,2016-08-25,Promoters,Pledge Creation,Pledge,Equity Shares,32100000.0,0.0,0.0,0.0,0.0,457212260.0,42.89,457212260.0,42.89
DISHTV,2016-09-01 20:01:00,2016-08-31,2016-08-30,2016-08-30,Promoters,Pledge Creation,Pledge,Equity Shares,2120000.0,0.0,0.0,0.0,0.0,457212260.0,42.89,457212260.0,42.89
DISHTV,2016-09-08 17:28:00,2016-09-07,2016-09-06,2016-09-06,Promoters,Revokation of Pledge,Pledge,Equity Shares,700000.0,0.0,0.0,0.0,0.0,457212260.0,42.89,457212260.0,42.89
DISHTV,2016-09-12 18:54:00,2016-09-08,2016-09-02,2016-09-02,Employees/Designated Employees,Market Sale,Sell,Equity Shares,8000.0,0.0,0.0,0.0,0.0,8000.0,0.001,,0.0
DISHTV,2016-09-12 18:54:00,2016-08-08,2016-08-08,2016-08-08,Employees/Designated Employees,ESOP,Buy,Equity Shares,8000.0,0.0,0.0,0.0,0.0,,0.0,8000.0,0.001
DISHTV,2016-09-15 16:49:00,2016-09-14,2016-09-09,2016-09-09,Promoters,Revokation of Pledge,Pledge,Equity Shares,1280000.0,0.0,0.0,0.0,0.0,457212260.0,42.89,457212260.0,42.89
DISHTV,2016-09-19 16:53:00,2016-09-16,2016-09-15,2016-09-15,Promoters,Pledge Creation,Pledge,Equity Shares,660000.0,0.0,0.0,0.0,0.0,457212260.0,42.89,457212260.0,42.89
DISHTV,2016-09-19 16:53:00,2016-09-16,2016-09-14,2016-09-14,Promoters,Revokation of Pledge,Pledge,Equity Shares,285000.0,0.0,0.0,0.0,0.0,457212260.0,42.89,457212260.0,42.89
DISHTV,2016-09-19 16:53:00,2016-09-15,2016-09-15,2016-09-15,Employees/Designated Employees,Market Sale,Sell,Equity Shares,5000.0,0.0,0.0,0.0,0.0,30831.0,0.003,25831.0,0.002
DISHTV,2016-09-20 16:12:00,2016-09-20,2016-09-19,2016-09-19,Employees/Designated Employees,Market Sale,Sell,Equity Shares,2500.0,0.0,0.0,0.0,0.0,25831.0,0.002,23331.0,0.002
DISHTV,2016-09-21 17:19:00,2016-09-20,2016-09-16,2016-09-16,Promoters,Revokation of Pledge,Pledge,Equity Shares,11433000.0,0.0,0.0,0.0,0.0,457212260.0,42.89,457212260.0,42.89
DISHTV,2016-09-26 16:27:00,2016-09-22,2016-09-21,2016-09-21,Promoters,Revokation of Pledge,Pledge,Equity Shares,400000.0,0.0,0.0,0.0,0.0,457212260.0,42.89,457212260.0,42.89
DISHTV,2016-09-26 16:27:00,2016-09-23,2016-09-23,2016-09-23,Employees/Designated Employees,Market Sale,Sell,Equity Shares,2500.0,0.0,0.0,0.0,0.0,23331.0,0.002,20831.0,0.002
DISHTV,2016-09-27 16:46:00,2016-09-26,2016-09-23,2016-09-23,Promoters,Revokation of Pledge,Pledge,Equity Shares,290000.0,0.0,0.0,0.0,0.0,180000000.0,16.89,180000000.0,16.89
DISHTV,2016-09-27 16:46:00,2016-09-26,2016-09-22,2016-09-22,Promoters,Revokation of Pledge,Pledge,Equity Shares,750000.0,0.0,0.0,0.0,0.0,457212260.0,42.89,457212260.0,42.89
DISHTV,2016-09-30 13:31:00,2016-09-28,2016-09-27,2016-09-27,Promoters,Revokation of Pledge,Pledge,Equity Shares,730000.0,0.0,0.0,0.0,0.0,457212260.0,42.89,457212260.0,42.89
DISHTV,2016-09-30 13:31:00,2016-09-28,2016-09-26,2016-09-26,Promoters,Pledge Creation,Pledge,Equity Shares,40000.0,0.0,0.0,0.0,0.0,457212260.0,42.89,457212260.0,42.89
DISHTV,2016-10-03 15:50:00,2016-09-30,2016-09-29,2016-09-29,Promoters,Revokation of Pledge,Pledge,Equity Shares,7551000.0,0.0,0.0,0.0,0.0,180000000.0,16.89,180000000.0,16.89
DISHTV,2016-10-03 15:50:00,2016-09-30,2016-09-29,2016-09-29,Promoters,Revokation of Pledge,Pledge,Equity Shares,6691125.0,0.0,0.0,0.0,0.0,457212260.0,42.89,457212260.0,42.89
DISHTV,2016-10-03 15:50:00,2016-09-30,2016-09-28,2016-09-28,Promoters,Revokation of Pledge,Pledge,Equity Shares,2106000.0,0.0,0.0,0.0,0.0,457212260.0,42.89,457212260.0,42.89
DISHTV,2016-10-05 16:03:00,2016-10-03,2016-09-30,2016-09-30,Promoters,Revokation of Pledge,Pledge,Equity Shares,9825000.0,0.0,0.0,0.0,0.0,457212260.0,42.89,457212260.0,42.89
DISHTV,2016-10-07 15:48:00,2016-10-05,2016-10-03,2016-10-03,Promoters,Pledge Creation,Pledge,Equity Shares,3000000.0,0.0,0.0,0.0,0.0,457212260.0,42.89,457212260.0,42.89
DISHTV,2016-10-17 16:19:00,2016-10-13,2016-10-10,2016-10-10,Promoters,Revokation of Pledge,Pledge,Equity Shares,1280000.0,0.0,0.0,0.0,0.0,457212260.0,42.89,457212260.0,42.89
DISHTV,2016-10-19 16:24:00,2016-10-17,2016-10-14,2016-10-14,Promoters,Pledge Creation,Pledge,Equity Shares,8200000.0,0.0,0.0,0.0,0.0,457212260.0,42.89,457212260.0,42.89
DISHTV,2016-10-21 14:44:00,2016-10-19,2016-10-18,2016-10-18,Promoters,Pledge Creation,Pledge,Equity Shares,670000.0,0.0,0.0,0.0,0.0,180000000.0,16.89,180000000.0,16.89
DISHTV,2016-10-21 14:44:00,2016-10-19,2016-10-18,2016-10-18,Promoters,Pledge Creation,Pledge,Equity Shares,835000.0,0.0,0.0,0.0,0.0,457212260.0,42.89,457212260.0,42.89
DISHTV,2016-10-21 14:44:00,2016-10-19,2016-10-17,2016-10-17,Promoters,Pledge Creation,Pledge,Equity Shares,1000000.0,0.0,0.0,0.0,0.0,457212260.0,42.89,457212260.0,42.89
DISHTV,2016-10-25 12:29:00,2016-10-21,2016-10-20,2016-10-20,Promoters,Pledge Creation,Pledge,Equity Shares,395000.0,0.0,0.0,0.0,0.0,457212260.0,42.89,457212260.0,42.89
DISHTV,2016-10-25 12:29:00,2016-10-21,2016-10-19,2016-10-19,Promoters,Pledge Creation,Pledge,Equity Shares,2030000.0,0.0,0.0,0.0,0.0,457212260.0,42.89,457212260.0,42.89
DISHTV,2016-11-08 15:45:00,2016-11-07,2016-11-04,2016-11-04,Promoters,Pledge Creation,Pledge,Equity Shares,360000.0,0.0,0.0,0.0,0.0,180000000.0,16.89,180000000.0,16.89
DISHTV,2016-11-08 15:45:00,2016-11-07,2016-11-04,2016-11-05,Promoters,Pledge Creation,Pledge,Equity Shares,370000.0,0.0,0.0,0.0,0.0,180000000.0,16.89,180000000.0,16.89
DISHTV,2016-11-08 15:45:00,2016-11-07,2016-11-04,2016-11-05,Promoters,Pledge Creation,Pledge,Equity Shares,1855000.0,0.0,0.0,0.0,0.0,457212260.0,42.89,457212260.0,42.89
DISHTV,2016-11-10 15:34:00,2016-11-09,2016-11-07,2016-11-07,Promoter Group,Pledge Creation,Pledge,Equity Shares,1180000.0,0.0,0.0,0.0,0.0,457212260.0,42.89,457212260.0,42.89
DISHTV,2016-11-10 15:34:00,2016-11-09,2016-11-08,2016-11-08,Promoters,Pledge Creation,Pledge,Equity Shares,250000.0,0.0,0.0,0.0,0.0,457212260.0,42.89,457212260.0,42.89
DISHTV,2016-11-16 19:12:00,2016-11-16,2016-11-15,2016-11-15,Promoters,Pledge Creation,Pledge,Equity Shares,8740000.0,0.0,0.0,0.0,0.0,457212260.0,42.89,457212260.0,42.89
DISHTV,2016-11-16 19:12:00,2016-11-16,2016-11-11,2016-11-11,Promoters,Pledge Creation,Pledge,Equity Shares,415000.0,0.0,0.0,0.0,0.0,457212260.0,42.89,457212260.0,42.89
DISHTV,2016-11-21 16:15:00,2016-11-18,2016-11-17,2016-11-17,Promoters,Pledge Creation,Pledge,Equity Shares,110000.0,0.0,0.0,0.0,0.0,457212260.0,42.89,457212260.0,42.89
DISHTV,2016-11-21 16:15:00,2016-11-18,2016-11-16,2016-11-16,Promoters,Pledge Creation,Pledge,Equity Shares,415000.0,0.0,0.0,0.0,0.0,180000000.0,16.89,180000000.0,16.89
DISHTV,2016-11-21 16:15:00,2016-11-18,2016-11-16,2016-11-16,Promoters,Pledge Creation,Pledge,Equity Shares,7030000.0,0.0,0.0,0.0,0.0,457212260.0,42.89,457212260.0,42.89
DISHTV,2016-11-21 18:41:00,2016-11-17,2016-11-09,2016-11-09,Promoters,Pledge Creation,Pledge,Equity Shares,690000.0,0.0,0.0,0.0,0.0,457212260.0,42.89,457212260.0,42.89
DISHTV,2016-11-23 16:16:00,2016-11-22,2016-11-21,2016-11-21,Promoters,Revokation of Pledge,Pledge,Equity Shares,9220000.0,0.0,0.0,0.0,0.0,457212260.0,42.89,457212260.0,42.89
DISHTV,2016-11-23 16:16:00,2016-11-22,2016-11-19,2016-11-21,Promoters,Pledge Creation,Pledge,Equity Shares,130000.0,0.0,0.0,0.0,0.0,457212260.0,42.89,457212260.0,42.89
DISHTV,2016-11-23 16:16:00,2016-11-22,2016-11-21,2016-11-21,Promoters,Pledge Creation,Pledge,Equity Shares,610000.0,0.0,0.0,0.0,0.0,457212260.0,42.89,457212260.0,42.89
DISHTV,2016-11-25 12:17:00,2016-11-24,2016-11-22,2016-11-22,Promoters,Pledge Creation,Pledge,Equity Shares,8666000.0,0.0,0.0,0.0,0.0,457212260.0,42.89,457212260.0,42.89
DISHTV,2016-11-25 12:17:00,2016-11-24,2016-11-22,2016-11-22,Promoters,Pledge Creation,Pledge,Equity Shares,175000.0,0.0,0.0,0.0,0.0,180000000.0,16.89,180000000.0,16.89
DISHTV,2016-11-25 12:17:00,2016-11-24,2016-11-22,2016-11-22,Promoters,Revokation of Pledge,Pledge,Equity Shares,4200000.0,0.0,0.0,0.0,0.0,457212260.0,42.89,457212260.0,42.89
DISHTV,2016-11-25 12:17:00,2016-11-24,2016-11-23,2016-11-23,Promoters,Pledge Creation,Pledge,Equity Shares,12600000.0,0.0,0.0,0.0,0.0,457212260.0,42.89,457212260.0,42.89
DISHTV,2016-11-29 13:03:00,2016-11-28,2016-11-24,2016-11-24,Promoters,Pledge Creation,Pledge,Equity Shares,240000.0,0.0,0.0,0.0,0.0,457212260.0,42.89,457212260.0,42.89
DISHTV,2016-11-29 13:03:00,2016-11-28,2016-11-25,2016-11-25,Promoters,Pledge Creation,Pledge,Equity Shares,3575000.0,0.0,0.0,0.0,0.0,457212260.0,42.89,457212260.0,42.89
DISHTV,2016-11-29 13:03:00,2016-11-28,2016-11-25,2016-11-25,Promoters,Revokation of Pledge,Pledge,Equity Shares,18753000.0,0.0,0.0,0.0,0.0,457212260.0,42.89,457212260.0,42.89
DISHTV,2016-12-01 15:20:00,2016-11-30,2016-11-28,2016-11-28,Promoters,Pledge Creation,Pledge,Equity Shares,1085000.0,0.0,0.0,0.0,0.0,457212260.0,42.89,457212260.0,42.89
DISHTV,2016-12-01 15:20:00,2016-11-30,2016-11-28,2016-11-28,Promoters,Pledge Creation,Pledge,Equity Shares,175000.0,0.0,0.0,0.0,0.0,180000000.0,16.89,180000000.0,16.89
DISHTV,2016-12-01 15:20:00,2016-11-30,2016-11-29,2016-11-29,Promoters,Pledge Creation,Pledge,Equity Shares,1425000.0,0.0,0.0,0.0,0.0,457212260.0,42.89,457212260.0,42.89
DISHTV,2016-12-05 13:03:00,2016-12-02,2016-12-01,2016-12-01,Promoters,Revokation of Pledge,Pledge,Equity Shares,30000.0,0.0,0.0,0.0,0.0,180000000.0,16.89,180000000.0,16.89
DISHTV,2016-12-05 13:03:00,2016-12-02,2016-12-01,2016-12-01,Promoters,Revokation of Pledge,Pledge,Equity Shares,99000.0,0.0,0.0,0.0,0.0,457212260.0,42.89,457212260.0,42.89
DISHTV,2016-12-05 13:03:00,2016-12-02,2016-11-30,2016-11-30,Promoters,Pledge Creation,Pledge,Equity Shares,29167200.0,0.0,0.0,0.0,0.0,457212260.0,42.89,457212260.0,42.89
DISHTV,2016-12-05 13:03:00,2016-12-02,2016-11-30,2016-11-30,Promoters,Revokation of Pledge,Pledge,Equity Shares,29167200.0,0.0,0.0,0.0,0.0,180000000.0,16.89,180000000.0,16.89
DISHTV,2016-12-07 15:56:00,2016-12-06,2016-12-02,2016-12-02,Promoters,Revokation of Pledge,Pledge,Equity Shares,1400000.0,0.0,0.0,0.0,0.0,180000000.0,16.89,180000000.0,16.89
DISHTV,2016-12-07 15:56:00,2016-12-06,2016-12-05,2016-12-05,Promoters,Pledge Creation,Pledge,Equity Shares,10945000.0,0.0,0.0,0.0,0.0,457212260.0,42.89,457212260.0,42.89
DISHTV,2016-12-07 15:56:00,2016-12-06,2016-12-02,2016-12-02,Promoters,Pledge Creation,Pledge,Equity Shares,2944000.0,0.0,0.0,0.0,0.0,457212260.0,42.89,457212260.0,42.89
DISHTV,2016-12-09 13:11:00,2016-12-08,2016-12-06,2016-12-06,Promoters,Revokation of Pledge,Pledge,Equity Shares,55000.0,0.0,0.0,0.0,0.0,457212260.0,42.89,457212260.0,42.89
DISHTV,2016-12-09 13:11:00,2016-12-08,2016-12-06,2016-12-06,Promoters,Revokation of Pledge,Pledge,Equity Shares,10000000.0,0.0,0.0,0.0,0.0,180000000.0,16.89,180000000.0,16.89
DISHTV,2016-12-20 16:30:00,2016-12-19,2016-12-16,2016-12-16,Promoters,Pledge Creation,Pledge,Equity Shares,300000.0,0.0,0.0,0.0,0.0,457212260.0,42.89,457212260.0,42.89
DISHTV,2016-12-22 15:53:00,2016-12-21,2016-12-20,2016-12-20,Promoters,Pledge Creation,Pledge,Equity Shares,870000.0,0.0,0.0,0.0,0.0,457212260.0,42.89,457212260.0,42.89
DISHTV,2016-12-22 15:53:00,2016-12-21,2016-12-20,2016-12-20,Promoters,Revokation of Pledge,Pledge,Equity Shares,28000.0,0.0,0.0,0.0,0.0,457212260.0,42.89,457212260.0,42.89
DISHTV,2016-12-26 16:06:00,2016-12-23,2016-12-21,2016-12-21,Promoters,Pledge Creation,Pledge,Equity Shares,245000.0,0.0,0.0,0.0,0.0,457212260.0,42.89,457212260.0,42.89
DISHTV,2016-12-28 15:57:00,2016-12-27,2016-12-26,2016-12-26,Promoters,Pledge Creation,Pledge,Equity Shares,30000.0,0.0,0.0,0.0,0.0,457212260.0,42.89,457212260.0,42.89
DISHTV,2016-12-28 15:57:00,2016-12-27,2016-12-23,2016-12-23,Promoters,Pledge Creation,Pledge,Equity Shares,5500.0,0.0,0.0,0.0,0.0,457212260.0,42.89,457212260.0,42.89
DISHTV,2016-12-30 12:54:00,2016-12-29,2016-12-27,2016-12-27,Promoters,Pledge Creation,Pledge,Equity Shares,990000.0,0.0,0.0,0.0,0.0,457212260.0,42.89,457212260.0,42.89
DISHTV,2016-12-30 12:54:00,2016-12-29,2016-12-28,2016-12-28,Promoters,Pledge Creation,Pledge,Equity Shares,1495000.0,0.0,0.0,0.0,0.0,457212260.0,42.89,457212260.0,42.89
DISHTV,2017-01-03 16:34:00,2017-01-02,2016-12-30,2016-12-31,Promoters,Revokation of Pledge,Pledge,Equity Shares,705000.0,0.0,0.0,0.0,0.0,457212260.0,42.89,457212260.0,42.89
DISHTV,2017-01-03 16:34:00,2017-01-02,2016-12-30,2016-12-30,Promoters,Revokation of Pledge,Pledge,Equity Shares,7088000.0,0.0,0.0,0.0,0.0,457212260.0,42.89,457212260.0,42.89
DISHTV,2017-01-03 16:34:00,2017-01-02,2016-12-29,2016-12-29,Promoters,Revokation of Pledge,Pledge,Equity Shares,6151500.0,0.0,0.0,0.0,0.0,457212260.0,42.89,457212260.0,42.89
DISHTV,2017-01-10 17:04:00,2017-01-09,2017-01-05,2017-01-05,Promoters,Pledge Creation,Pledge,Equity Shares,590000.0,0.0,0.0,0.0,0.0,457212260.0,42.89,457212260.0,42.89
DISHTV,2017-01-24 18:19:00,2017-01-23,2017-01-20,2017-01-20,Promoters,Revokation of Pledge,Pledge,Equity Shares,320000.0,0.0,0.0,0.0,0.0,457212260.0,42.89,457212260.0,42.89
DISHTV,2017-02-02 15:57:00,2017-02-01,2017-01-30,2017-01-30,Employees/Designated Employees,ESOP,Buy,Equity Shares,31260.0,0.0,0.0,0.0,0.0,,0.0,31260.0,0.003
DISHTV,2017-02-02 15:57:00,2017-02-01,2017-01-31,2017-01-31,Promoters,Revokation of Pledge,Pledge,Equity Shares,1385000.0,0.0,0.0,0.0,0.0,457212260.0,42.89,457212260.0,42.89
DISHTV,2017-02-06 13:48:00,2017-02-03,2017-02-02,2017-02-02,Promoters,Pledge Creation,Pledge,Equity Shares,1150000.0,0.0,0.0,0.0,0.0,457212260.0,42.89,457212260.0,42.89
DISHTV,2017-02-08 12:43:00,2017-02-07,2017-02-03,2017-02-03,Promoters,Pledge Creation,Pledge,Equity Shares,10725000.0,0.0,0.0,0.0,0.0,180000000.0,16.89,180000000.0,16.89
DISHTV,2017-02-13 11:08:00,2017-02-09,2017-02-08,2017-02-08,Promoters,Revokation of Pledge,Pledge,Equity Shares,3563000.0,0.0,0.0,0.0,0.0,457212260.0,42.89,457212260.0,42.89
DISHTV,2017-02-14 17:42:00,2017-02-13,2017-02-10,2017-02-10,Promoters,Revokation of Pledge,Pledge,Equity Shares,26639000.0,0.0,0.0,0.0,0.0,457212260.0,42.89,457212260.0,42.89
DISHTV,2017-02-15 13:45:00,2017-02-14,2017-02-13,2017-02-13,Promoters,Market Purchase,Buy,Equity Shares,80000000.0,0.0,0.0,0.0,0.0,100.0,0.0,80000100.0,7.51
DISHTV,2017-02-15 13:45:00,2017-02-14,2017-02-13,2017-02-13,Promoters,Market Sale,Sell,Equity Shares,80000000.0,0.0,0.0,0.0,0.0,180000000.0,16.89,100000000.0,9.38
DISHTV,2017-02-16 14:14:00,2017-02-15,2017-02-13,2017-02-13,Promoters,Revokation of Pledge,Pledge Revoke,Equity Shares,210000.0,0.0,0.0,0.0,0.0,457212260.0,42.89,457212260.0,42.89
DISHTV,2017-02-20 13:09:00,2017-02-17,2017-02-15,2017-02-15,Promoters,Pledge Creation,Pledge,Equity Shares,10905000.0,0.0,0.0,0.0,0.0,457212260.0,42.89,457212260.0,42.89
DISHTV,2017-02-20 13:09:00,2017-02-17,2017-02-16,2017-02-16,Promoters,Pledge Creation,Pledge,Equity Shares,8295000.0,0.0,0.0,0.0,0.0,100000000.0,9.38,100000000.0,9.38
DISHTV,2017-02-22 13:47:00,2017-02-21,2017-02-17,2017-02-17,Promoters,Revokation of Pledge,Pledge,Equity Shares,605000.0,0.0,0.0,0.0,0.0,457212260.0,42.89,457212260.0,42.89
DISHTV,2017-03-02 17:02:00,2017-03-01,2017-02-27,2017-02-27,Promoters,Pledge Creation,Pledge,Equity Shares,7400000.0,0.0,0.0,0.0,0.0,80000100.0,7.51,80000100.0,7.51
DISHTV,2017-03-14 15:01:00,2017-03-09,2017-03-09,2017-03-09,Employees/Designated Employees,Market Sale,Sell,Equity Shares,2500.0,0.0,0.0,0.0,0.0,10500.0,0.001,8000.0,0.001
DISHTV,2017-03-14 15:01:00,2017-03-14,2017-03-14,2017-03-14,Employees/Designated Employees,Market Sale,Sell,Equity Shares,3000.0,0.0,0.0,0.0,0.0,8000.0,0.001,5000.0,0.0
DISHTV,2017-03-14 15:01:00,2017-02-13,2017-02-13,2017-02-13,Employees/Designated Employees,Market Sale,Sell,Equity Shares,2500.0,0.0,0.0,0.0,0.0,20831.0,0.002,18331.0,0.002
DISHTV,2017-03-14 15:01:00,2017-02-20,2017-02-20,2017-02-20,Employees/Designated Employees,Market Sale,Sell,Equity Shares,2500.0,0.0,0.0,0.0,0.0,18331.0,0.002,15831.0,0.001
DISHTV,2017-03-14 15:01:00,2017-02-21,2017-02-21,2017-02-21,Employees/Designated Employees,Market Sale,Sell,Equity Shares,2831.0,0.0,0.0,0.0,0.0,15831.0,0.001,13000.0,0.001
DISHTV,2017-03-14 15:01:00,2017-02-27,2017-02-27,2017-02-27,Employees/Designated Employees,Market Sale,Sell,Equity Shares,2500.0,0.0,0.0,0.0,0.0,13000.0,0.001,10500.0,0.001
DISHTV,2017-03-15 18:37:00,2017-03-15,2017-03-15,2017-03-15,Promoters,Market Sale,Sell,Equity Shares,6094722.0,0.0,0.0,0.0,0.0,100000000.0,9.38,93905278.0,8.81
DISHTV,2017-03-15 18:37:00,2017-03-15,2017-03-15,2017-03-15,Promoters,Market Purchase,Buy,Equity Shares,6094722.0,0.0,0.0,0.0,0.0,80000100.0,7.51,86094822.0,8.08
DISHTV,2017-03-17 13:12:00,2017-03-15,2017-03-15,2017-03-15,Employees/Designated Employees,Market Sale,Sell,Equity Shares,2500.0,0.0,0.0,0.0,0.0,5000.0,0.0,2500.0,0.0
DISHTV,2017-03-22 16:08:00,2017-03-20,2017-03-17,2017-03-17,Promoters,Revokation of Pledge,Pledge,Equity Shares,6100000.0,0.0,0.0,0.0,0.0,457212260.0,42.89,457212260.0,42.89
DISHTV,2017-03-23 16:59:00,2017-03-22,2017-03-21,2017-03-21,Promoters,Pledge Creation,Pledge,Equity Shares,7511400.0,0.0,0.0,0.0,0.0,86094822.0,8.08,86094822.0,8.08
DISHTV,2017-03-23 16:59:00,2017-03-22,2017-03-20,2017-03-20,Promoters,Revokation of Pledge,Pledge,Equity Shares,4455000.0,0.0,0.0,0.0,0.0,457212260.0,42.89,457212260.0,42.89
DISHTV,2017-03-27 16:41:00,2017-03-27,2017-03-23,2017-03-23,Employees/Designated Employees,Market Sale,Sell,Equity Shares,2500.0,0.0,0.0,0.0,0.0,2500.0,0.0,,0.0
DISHTV,2017-03-28 14:28:00,2017-03-24,2017-03-22,2017-03-22,Promoters,Revokation of Pledge,Pledge,Equity Shares,35281000.0,0.0,0.0,0.0,0.0,457212260.0,42.89,457212260.0,42.89
DISHTV,2017-03-28 14:28:00,2017-03-24,2017-03-23,2017-03-23,Promoters,Revokation of Pledge,Pledge,Equity Shares,5150000.0,0.0,0.0,0.0,0.0,457212260.0,42.89,457212260.0,42.89
DISHTV,2017-03-28 14:28:00,2017-03-24,2017-03-22,2017-03-22,Promoters,Pledge Creation,Pledge,Equity Shares,33381000.0,0.0,0.0,0.0,0.0,86094822.0,8.08,86094822.0,8.08
DISHTV,2017-03-30 18:33:00,2017-03-28,2017-03-27,2017-03-27,Promoters,Market Purchase,Buy,Equity Shares,17000000.0,0.0,0.0,0.0,0.0,,0.0,17000000.0,1.59
DISHTV,2017-03-30 18:33:00,2017-03-28,2017-03-27,2017-03-27,Promoters,Market Sale,Sell,Equity Shares,17000000.0,0.0,0.0,0.0,0.0,93905278.0,8.81,76905278.0,7.21
DISHTV,2017-03-30 18:33:00,2017-03-28,2017-03-24,2017-03-24,Promoters,Revokation of Pledge,Pledge,Equity Shares,12120000.0,0.0,0.0,0.0,0.0,76905278.0,7.21,76905278.0,7.21
DISHTV,2017-03-30 18:33:00,2017-03-29,2017-03-27,2017-03-27,Promoters,Revokation of Pledge,Pledge,Equity Shares,780000.0,0.0,0.0,0.0,0.0,76905278.0,7.21,76905278.0,7.21
DISHTV,2017-03-30 18:33:00,2017-03-28,2017-03-24,2017-03-24,Promoters,Revokation of Pledge,Pledge,Equity Shares,1110000.0,0.0,0.0,0.0,0.0,457212260.0,42.89,457212260.0,42.89
DISHTV,2017-03-30 18:33:00,2017-03-29,2017-03-28,2017-03-28,Promoters,Revokation of Pledge,Pledge,Equity Shares,2500000.0,0.0,0.0,0.0,0.0,457212260.0,42.89,457212260.0,42.89
DISHTV,2017-03-30 18:33:00,2017-03-29,2017-03-28,2017-03-28,Promoters,Revokation of Pledge,Pledge,Equity Shares,1000000.0,0.0,0.0,0.0,0.0,86094822.0,8.08,86094822.0,8.08
DISHTV,2017-04-05 18:58:00,2017-03-31,2017-03-30,2017-03-30,Promoters,Revokation of Pledge,Pledge,Equity Shares,4100000.0,0.0,0.0,0.0,0.0,457212260.0,42.89,457212260.0,42.89
DISHTV,2017-04-05 18:58:00,2017-03-31,2017-03-29,2017-03-29,Promoters,Revokation of Pledge,Pledge,Equity Shares,3350000.0,0.0,0.0,0.0,0.0,457212260.0,42.89,457212260.0,42.89
DISHTV,2017-04-06 19:19:00,2017-04-05,2017-03-31,2017-03-31,Promoters,Revokation of Pledge,Pledge,Equity Shares,11368000.0,0.0,0.0,0.0,0.0,457212260.0,42.89,457212260.0,42.89
DISHTV,2017-04-06 19:19:00,2017-04-05,2017-04-01,2017-04-03,Promoters,Revokation of Pledge,Pledge,Equity Shares,1907000.0,0.0,0.0,0.0,0.0,457212260.0,42.89,457212260.0,42.89
DISHTV,2017-04-10 16:28:00,2017-04-07,2017-04-06,2017-04-06,Promoters,Pledge Creation,Pledge,Equity Shares,400000.0,0.0,0.0,0.0,0.0,457212260.0,42.89,457212260.0,42.89
DISHTV,2017-04-10 16:28:00,2017-04-07,2017-04-05,2017-04-05,Promoters,Pledge Creation,Pledge,Equity Shares,460000.0,0.0,0.0,0.0,0.0,457212260.0,42.89,457212260.0,42.89
DISHTV,2017-04-14 17:53:00,2017-04-13,2017-04-12,2017-04-12,Promoters,Pledge Creation,Pledge,Equity Shares,900000.0,0.0,0.0,0.0,0.0,457212260.0,42.89,457212260.0,42.89
DISHTV,2017-04-14 17:53:00,2017-04-13,2017-04-11,2017-04-11,Promoters,Pledge Creation,Pledge,Equity Shares,190000.0,0.0,0.0,0.0,0.0,457212260.0,42.89,457212260.0,42.89
DISHTV,2017-04-20 18:19:00,2017-04-18,2017-04-13,2017-04-13,Promoters,Pledge Creation,Pledge,Equity Shares,150000.0,0.0,0.0,0.0,0.0,457212260.0,42.89,457212260.0,42.89
DISHTV,2017-04-24 17:35:00,2017-04-20,2017-04-19,2017-04-19,Promoters,Pledge Creation,Pledge,Equity Shares,2800000.0,0.0,0.0,0.0,0.0,457212260.0,42.89,457212260.0,42.89
DISHTV,2017-04-24 17:35:00,2017-04-20,2017-04-18,2017-04-18,Promoters,Pledge Creation,Pledge,Equity Shares,800000.0,0.0,0.0,0.0,0.0,457212260.0,42.89,457212260.0,42.89
DISHTV,2017-04-25 16:29:00,2017-04-24,2017-04-20,2017-04-20,Promoters,Pledge Creation,Pledge,Equity Shares,455000.0,0.0,0.0,0.0,0.0,457212260.0,42.89,457212260.0,42.89
DISHTV,2017-04-27 13:55:00,2017-04-26,2017-04-25,2017-04-25,Promoters,Pledge Creation,Pledge,Equity Shares,750000.0,0.0,0.0,0.0,0.0,457212260.0,42.89,457212260.0,42.89
DISHTV,2017-04-27 13:55:00,2017-04-26,2017-04-25,2017-04-25,Promoters,Pledge Creation,Pledge,Equity Shares,3100000.0,0.0,0.0,0.0,0.0,86094822.0,8.08,86094822.0,8.08
DISHTV,2017-05-01 18:29:00,2017-04-28,2017-04-26,2017-04-26,Promoters,Pledge Creation,Pledge,Equity Shares,580000.0,0.0,0.0,0.0,0.0,86094822.0,8.08,86094822.0,8.08
DISHTV,2017-05-01 18:29:00,2017-04-28,2017-04-27,2017-04-27,Promoters,Pledge Creation,Pledge,Equity Shares,270000.0,0.0,0.0,0.0,0.0,457212260.0,42.89,457212260.0,42.89
DISHTV,2017-05-01 18:29:00,2017-04-28,2017-04-26,2017-04-26,Promoters,Pledge Creation,Pledge,Equity Shares,3485000.0,0.0,0.0,0.0,0.0,457212260.0,42.89,457212260.0,42.89
DISHTV,2017-05-04 18:38:00,2017-05-03,2017-04-28,2017-04-28,Promoters,Pledge Creation,Pledge,Equity Shares,850000.0,0.0,0.0,0.0,0.0,457212260.0,42.89,457212260.0,42.89
DISHTV,2017-05-04 18:38:00,2017-05-03,2017-05-02,2017-05-02,Promoters,Pledge Creation,Pledge,Equity Shares,1700000.0,0.0,0.0,0.0,0.0,86094822.0,8.08,86094822.0,8.08
DISHTV,2017-05-04 18:38:00,2017-05-03,2017-04-28,2017-04-28,Promoters,Revokation of Pledge,Pledge,Equity Shares,2130000.0,0.0,0.0,0.0,0.0,457212260.0,42.89,457212260.0,42.89
DISHTV,2017-05-08 19:02:00,2017-05-05,2017-05-04,2017-05-04,Promoters,Pledge Creation,Pledge,Equity Shares,17120000.0,0.0,0.0,0.0,0.0,76905278.0,7.21,76905278.0,7.21
DISHTV,2017-05-11 13:50:00,2017-05-09,2017-05-05,2017-05-05,Promoters,Revokation of Pledge,Pledge,Equity Shares,6120000.0,0.0,0.0,0.0,0.0,76905278.0,7.21,76905278.0,7.21
DISHTV,2017-05-12 17:19:00,2017-05-11,2017-05-09,2017-05-09,Promoters,Pledge Creation,Pledge,Equity Shares,1005000.0,0.0,0.0,0.0,0.0,457212260.0,42.89,457212260.0,42.89
DISHTV,2017-05-16 19:17:00,2017-05-15,2017-05-11,2017-05-11,Promoters,Pledge Creation,Pledge,Equity Shares,7470000.0,0.0,0.0,0.0,0.0,457212260.0,42.89,457212260.0,42.89
DISHTV,2017-05-25 17:02:00,2017-05-23,2017-05-19,2017-05-19,Promoters,Pledge Creation,Pledge,Equity Shares,1310000.0,0.0,0.0,0.0,0.0,457212260.0,42.89,457212260.0,42.89
DISHTV,2017-05-25 17:02:00,2017-05-23,2017-05-22,2017-05-22,Promoters,Revokation of Pledge,Pledge,Equity Shares,900000.0,0.0,0.0,0.0,0.0,457212260.0,42.89,457212260.0,42.89
DISHTV,2017-05-26 13:10:00,2017-05-25,2017-05-24,2017-05-24,Promoters,Pledge Creation,Pledge,Equity Shares,3200000.0,0.0,0.0,0.0,0.0,457212260.0,42.89,457212260.0,42.89
DISHTV,2017-05-30 11:23:00,2017-05-29,2017-05-26,2017-05-26,Promoters,Pledge Creation,Pledge,Equity Shares,1175000.0,0.0,0.0,0.0,0.0,76905278.0,7.21,76905278.0,7.21
DISHTV,2017-05-30 11:23:00,2017-05-29,2017-05-26,2017-05-26,Promoters,Pledge Creation,Pledge,Equity Shares,20855000.0,0.0,0.0,0.0,0.0,457212260.0,42.89,457212260.0,42.89
DISHTV,2017-06-02 18:00:00,2017-05-31,2017-05-29,2017-05-29,Promoters,Pledge Creation,Pledge,Equity Shares,3545000.0,0.0,0.0,0.0,0.0,86094822.0,8.08,86094822.0,8.08
DISHTV,2017-06-02 18:00:00,2017-06-02,2017-06-01,2017-06-01,Promoters,Pledge Creation,Pledge,Equity Shares,1440000.0,0.0,0.0,0.0,0.0,457212260.0,42.89,457212260.0,42.89
DISHTV,2017-06-02 18:00:00,2017-06-02,2017-05-31,2017-05-31,Promoters,Pledge Creation,Pledge,Equity Shares,1255000.0,0.0,0.0,0.0,0.0,457212260.0,42.89,457212260.0,42.89
DISHTV,2017-06-02 18:00:00,2017-05-31,2017-05-29,2017-05-29,Promoters,Pledge Creation,Pledge,Equity Shares,1920000.0,0.0,0.0,0.0,0.0,457212260.0,42.89,457212260.0,42.89
DISHTV,2017-06-02 18:00:00,2017-05-31,2017-05-30,2017-05-30,Promoters,Pledge Creation,Pledge,Equity Shares,550000.0,0.0,0.0,0.0,0.0,76905278.0,7.21,76905278.0,7.21
DISHTV,2017-06-08 13:55:00,2017-06-06,2017-06-02,2017-06-02,Promoters,Pledge Creation,Pledge,Equity Shares,3045000.0,0.0,0.0,0.0,0.0,457212260.0,42.89,457212260.0,42.89
DISHTV,2017-06-09 17:40:00,2017-06-08,2017-06-06,2017-06-06,Promoters,Pledge Creation,Pledge,Equity Shares,205000.0,0.0,0.0,0.0,0.0,76905278.0,7.21,76905278.0,7.21
DISHTV,2017-06-09 17:40:00,2017-06-08,2017-06-07,2017-06-07,Promoters,Pledge Creation,Pledge,Equity Shares,620000.0,0.0,0.0,0.0,0.0,457212260.0,42.89,457212260.0,42.89
DISHTV,2017-06-09 17:40:00,2017-06-08,2017-06-06,2017-06-06,Promoters,Pledge Creation,Pledge,Equity Shares,230000.0,0.0,0.0,0.0,0.0,457212260.0,42.89,457212260.0,42.89
DISHTV,2017-06-16 11:11:00,2017-06-14,2017-06-13,2017-06-13,Promoters,Pledge Creation,Pledge,Equity Shares,110000.0,0.0,0.0,0.0,0.0,86094822.0,8.08,86094822.0,8.08
DISHTV,2017-06-16 11:11:00,2017-06-14,2017-06-13,2017-06-13,Promoters,Pledge Creation,Pledge,Equity Shares,550000.0,0.0,0.0,0.0,0.0,457212260.0,42.89,457212260.0,42.89
DISHTV,2017-06-19 19:23:00,2017-06-16,2017-06-15,2017-06-15,Promoters,Pledge Creation,Pledge,Equity Shares,6240000.0,0.0,0.0,0.0,0.0,457212260.0,42.89,457212260.0,42.89
DISHTV,2017-06-19 19:23:00,2017-06-16,2017-06-14,2017-06-14,Promoters,Pledge Creation,Pledge,Equity Shares,1735000.0,0.0,0.0,0.0,0.0,457212260.0,42.89,457212260.0,42.89
DISHTV,2017-06-21 14:26:00,2017-06-20,2017-06-19,2017-06-19,Promoters,Pledge Creation,Pledge,Equity Shares,4280000.0,0.0,0.0,0.0,0.0,86094822.0,8.08,86094822.0,8.08
DISHTV,2017-06-21 14:26:00,2017-06-20,2017-06-19,2017-06-19,Promoters,Pledge Creation,Pledge,Equity Shares,6540000.0,0.0,0.0,0.0,0.0,457212260.0,42.89,457212260.0,42.89
DISHTV,2017-06-21 14:26:00,2017-06-20,2017-06-16,2017-06-16,Promoters,Pledge Creation,Pledge,Equity Shares,170000.0,0.0,0.0,0.0,0.0,457212260.0,42.89,457212260.0,42.89
DISHTV,2017-06-22 19:34:00,2017-06-22,2017-06-21,2017-06-21,Promoters,Pledge Creation,Pledge,Equity Shares,1875000.0,0.0,0.0,0.0,0.0,457212260.0,42.89,457212260.0,42.89
DISHTV,2017-06-22 19:34:00,2017-06-22,2017-06-20,2017-06-20,Promoters,Pledge Creation,Pledge,Equity Shares,70000.0,0.0,0.0,0.0,0.0,457212260.0,42.89,457212260.0,42.89
DISHTV,2017-06-28 12:42:00,2017-06-27,2017-06-23,2017-06-23,Promoters,Pledge Creation,Pledge,Equity Shares,2405000.0,0.0,0.0,0.0,0.0,457212260.0,42.89,457212260.0,42.89
DISHTV,2017-06-28 12:42:00,2017-06-27,2017-06-22,2017-06-22,Promoters,Pledge Creation,Pledge,Equity Shares,335000.0,0.0,0.0,0.0,0.0,457212260.0,42.89,457212260.0,42.89
DISHTV,2017-06-30 17:16:00,2017-06-29,2017-06-28,2017-06-28,Promoters,Pledge Creation,Pledge,Equity Shares,5285000.0,0.0,0.0,0.0,0.0,457212260.0,42.89,457212260.0,42.89
DISHTV,2017-06-30 17:16:00,2017-06-29,2017-06-27,2017-06-27,Promoters,Pledge Creation,Pledge,Equity Shares,2353000.0,0.0,0.0,0.0,0.0,457212260.0,42.89,457212260.0,42.89
DISHTV,2017-06-30 17:16:00,2017-06-29,2017-06-27,2017-06-27,Promoters,Pledge Creation,Pledge,Equity Shares,500000.0,0.0,0.0,0.0,0.0,86094822.0,8.08,86094822.0,8.08
DISHTV,2017-07-04 17:16:00,2017-07-03,2017-06-29,2017-06-29,Promoters,Pledge Creation,Pledge,Equity Shares,3610000.0,0.0,0.0,0.0,0.0,457212260.0,42.89,457212260.0,42.89
DISHTV,2017-07-04 17:16:00,2017-07-03,2017-06-30,2017-06-30,Promoters,Pledge Creation,Pledge,Equity Shares,200000.0,0.0,0.0,0.0,0.0,457212260.0,42.89,457212260.0,42.89
DISHTV,2017-07-06 12:47:00,2017-07-05,2017-07-04,2017-07-04,Promoters,Pledge Creation,Pledge,Equity Shares,470000.0,0.0,0.0,0.0,0.0,76905278.0,7.21,76905278.0,7.21
DISHTV,2017-07-10 13:28:00,2017-07-07,2017-07-06,2017-07-06,Promoters,Pledge Creation,Pledge,Equity Shares,1720000.0,0.0,0.0,0.0,0.0,76905278.0,7.21,76905278.0,7.21
DISHTV,2017-07-12 12:30:00,2017-07-11,2017-07-07,2017-07-07,Promoters,Revokation of Pledge,Pledge,Equity Shares,3240000.0,0.0,0.0,0.0,0.0,86094822.0,8.08,86094822.0,8.08
DISHTV,2017-07-12 12:30:00,2017-07-11,2017-07-10,2017-07-10,Promoters,Pledge Creation,Pledge,Equity Shares,1320000.0,0.0,0.0,0.0,0.0,457212260.0,42.89,457212260.0,42.89
DISHTV,2017-07-18 17:22:00,2017-07-17,2017-07-14,2017-07-14,Promoters,Pledge Creation,Pledge,Equity Shares,2500000.0,0.0,0.0,0.0,0.0,86094822.0,8.08,86094822.0,8.08
DISHTV,2017-07-27 17:33:00,2017-07-25,2017-07-24,2017-07-24,Promoters,Revokation of Pledge,Pledge,Equity Shares,2445000.0,0.0,0.0,0.0,0.0,457212260.0,42.89,457212260.0,42.89
DISHTV,2017-07-28 16:42:00,2017-07-27,2017-07-26,2017-07-26,Promoters,Pledge Creation,Pledge,Equity Shares,725000.0,0.0,0.0,0.0,0.0,457212260.0,42.89,457212260.0,42.89
DISHTV,2017-07-28 16:42:00,2017-07-27,2017-07-25,2017-07-25,Promoters,Revokation of Pledge,Pledge,Equity Shares,3020000.0,0.0,0.0,0.0,0.0,457212260.0,42.89,457212260.0,42.89
DISHTV,2017-07-28 16:42:00,2017-07-27,2017-07-25,2017-07-25,Promoters,Pledge Creation,Pledge,Equity Shares,1000000.0,0.0,0.0,0.0,0.0,86094822.0,8.08,86094822.0,8.08
DISHTV,2017-08-09 13:50:00,2017-08-08,2017-08-07,2017-08-07,Promoters,Revokation of Pledge,Pledge Revoke,Equity Shares,740000.0,0.0,0.0,0.0,0.0,457212260.0,42.89,457212260.0,42.89
DISHTV,2017-08-11 16:46:00,2017-08-10,2017-08-08,2017-08-08,Promoters,Pledge Creation,Pledge,Equity Shares,1420000.0,0.0,0.0,0.0,0.0,86094822.0,8.08,86094822.0,8.08
DISHTV,2017-08-11 16:46:00,2017-08-10,2017-08-09,2017-08-09,Promoters,Pledge Creation,Pledge,Equity Shares,1335000.0,0.0,0.0,0.0,0.0,457212260.0,42.89,457212260.0,42.89
DISHTV,2017-08-11 16:46:00,2017-08-10,2017-08-08,2017-08-08,Promoters,Revokation of Pledge,Pledge Revoke,Equity Shares,370000.0,0.0,0.0,0.0,0.0,457212260.0,42.89,457212260.0,42.89
DISHTV,2017-08-16 19:17:00,2017-08-14,2017-08-11,2017-08-11,Promoters,Pledge Creation,Pledge,Equity Shares,2313000.0,0.0,0.0,0.0,0.0,457212260.0,42.89,457212260.0,42.89
DISHTV,2017-08-16 19:17:00,2017-08-16,2017-08-11,2017-08-11,Promoters,Pledge Creation,Pledge,Equity Shares,106000.0,0.0,0.0,0.0,0.0,457212260.0,42.89,457212260.0,42.89
DISHTV,2017-08-18 18:02:00,2017-08-17,2017-08-14,2017-08-14,Promoters,Pledge Creation,Pledge,Equity Shares,5085000.0,0.0,0.0,0.0,0.0,457212260.0,42.89,457212260.0,42.89
DISHTV,2017-08-21 13:48:00,2017-08-18,2017-08-16,2017-08-16,Promoters,Pledge Creation,Pledge,Equity Shares,2475000.0,0.0,0.0,0.0,0.0,76905278.0,7.21,76905278.0,7.21
DISHTV,2017-08-24 17:41:00,2017-08-22,2017-08-18,2017-08-18,Promoters,Pledge Creation,Pledge,Equity Shares,260000.0,0.0,0.0,0.0,0.0,457212260.0,42.89,457212260.0,42.89
DISHTV,2017-08-24 17:41:00,2017-08-22,2017-08-18,2017-08-18,Promoters,Pledge Creation,Pledge,Equity Shares,270000.0,0.0,0.0,0.0,0.0,86094822.0,8.08,86094822.0,8.08
DISHTV,2017-08-25 16:37:00,2017-08-24,2017-08-22,2017-08-22,Promoters,Pledge Creation,Pledge,Equity Shares,1600000.0,0.0,0.0,0.0,0.0,86094822.0,8.08,86094822.0,8.08
DISHTV,2017-08-31 12:01:00,2017-08-29,2017-08-28,2017-08-28,Promoters,Revokation of Pledge,Pledge,Equity Shares,3735000.0,0.0,0.0,0.0,0.0,457212260.0,42.89,457212260.0,42.89
DISHTV,2017-09-06 17:32:00,2017-09-05,2017-09-01,2017-09-01,Promoters,Revokation of Pledge,Pledge Revoke,Equity Shares,12030000.0,0.0,0.0,0.0,0.0,457212260.0,42.89,457212260.0,42.89
DISHTV,2017-09-13 15:51:00,2017-09-12,2017-09-08,2017-09-08,Promoters,Pledge Creation,Pledge,Equity Shares,5687000.0,0.0,0.0,0.0,0.0,457212260.0,42.89,457212260.0,42.89
DISHTV,2017-09-13 15:51:00,2017-09-12,2017-09-08,2017-09-08,Promoters,Revokation of Pledge,Pledge,Equity Shares,5687000.0,0.0,0.0,0.0,0.0,457212260.0,42.89,457212260.0,42.89
DISHTV,2017-09-19 18:09:00,2017-09-18,2017-09-14,2017-09-14,Promoters,Pledge Creation,Pledge,Equity Shares,15930000.0,0.0,0.0,0.0,0.0,17000000.0,1.59,17000000.0,1.59
DISHTV,2017-09-21 18:30:00,2017-09-20,2017-09-18,2017-09-18,Promoters,Revokation of Pledge,Pledge,Equity Shares,15930000.0,0.0,0.0,0.0,0.0,457212260.0,42.89,457212260.0,42.89
DISHTV,2017-09-25 16:48:00,2017-09-22,2017-09-20,2017-09-20,Promoters,Revokation of Pledge,Pledge,Equity Shares,900000.0,0.0,0.0,0.0,0.0,457212260.0,42.89,457212260.0,42.89
DISHTV,2017-09-26 18:45:00,2017-09-26,2017-09-22,2017-09-22,Promoters,Pledge Creation,Pledge,Equity Shares,120000.0,0.0,0.0,0.0,0.0,457212260.0,42.89,457212260.0,42.89
DISHTV,2017-10-03 17:48:00,2017-09-29,2017-09-28,2017-09-28,Promoters,Pledge Creation,Pledge,Equity Shares,2815000.0,0.0,0.0,0.0,0.0,457212260.0,42.89,457212260.0,42.89
DISHTV,2017-10-04 16:32:00,2017-10-03,2017-09-28,2017-09-28,Promoters,Revokation of Pledge,Pledge,Equity Shares,3123800.0,0.0,0.0,0.0,0.0,457212260.0,42.89,457212260.0,42.89
DISHTV,2017-10-05 18:14:00,2017-10-04,2017-09-29,2017-09-29,Promoters,Pledge Creation,Pledge,Equity Shares,10000.0,0.0,0.0,0.0,0.0,457212260.0,42.89,457212260.0,42.89
DISHTV,2017-10-09 12:04:00,2017-10-06,2017-10-05,2017-10-05,Promoters,Pledge Creation,Pledge,Equity Shares,390000.0,0.0,0.0,0.0,0.0,457212260.0,42.89,457212260.0,42.89
DISHTV,2017-10-09 12:04:00,2017-10-06,2017-10-04,2017-10-04,Promoters,Pledge Creation,Pledge,Equity Shares,330000.0,0.0,0.0,0.0,0.0,457212260.0,42.89,457212260.0,42.89
DISHTV,2017-10-11 15:12:00,2017-10-10,2017-10-06,2017-10-06,Promoters,Pledge Creation,Pledge,Equity Shares,490000.0,0.0,0.0,0.0,0.0,457212260.0,42.89,457212260.0,42.89
DISHTV,2017-10-11 15:12:00,2017-10-10,2017-10-09,2017-10-09,Promoters,Pledge Creation,Pledge,Equity Shares,90000.0,0.0,0.0,0.0,0.0,457212260.0,42.89,457212260.0,42.89
DISHTV,2017-10-13 16:47:00,2017-10-12,2017-10-10,2017-10-10,Promoters,Pledge Creation,Pledge,Equity Shares,470000.0,0.0,0.0,0.0,0.0,457212260.0,42.89,457212260.0,42.89
DISHTV,2017-10-16 18:46:00,2017-10-16,2017-10-13,2017-10-13,Promoters,Pledge Creation,Pledge,Equity Shares,20000.0,0.0,0.0,0.0,0.0,457212260.0,42.89,457212260.0,42.89
DISHTV,2017-10-16 18:46:00,2017-10-16,2017-10-12,2017-10-12,Promoters,Pledge Creation,Pledge,Equity Shares,471000.0,0.0,0.0,0.0,0.0,457212260.0,42.89,457212260.0,42.89
DISHTV,2017-10-20 14:23:00,2017-10-18,2017-10-17,2017-10-17,Promoters,Pledge Creation,Pledge,Equity Shares,910000.0,0.0,0.0,0.0,0.0,457212260.0,42.89,457212260.0,42.89
DISHTV,2017-10-24 12:43:00,2017-10-23,2017-10-18,2017-10-18,Promoters,Pledge Creation,Pledge,Equity Shares,2640000.0,0.0,0.0,0.0,0.0,457212260.0,42.89,457212260.0,42.89
DISHTV,2017-10-26 15:29:00,2017-10-25,2017-10-23,2017-10-23,Promoters,Pledge Creation,Pledge,Equity Shares,1825000.0,0.0,0.0,0.0,0.0,457212260.0,42.89,457212260.0,42.89
DISHTV,2017-10-26 15:29:00,2017-10-25,2017-10-24,2017-10-24,Promoters,Revokation of Pledge,Pledge Revoke,Equity Shares,4250000.0,0.0,0.0,0.0,0.0,457212260.0,42.89,457212260.0,42.89
DISHTV,2017-10-26 15:29:00,2017-10-25,2017-10-24,2017-10-24,Promoters,Pledge Creation,Pledge,Equity Shares,1236000.0,0.0,0.0,0.0,0.0,457212260.0,42.89,457212260.0,42.89
DISHTV,2017-10-30 13:25:00,2017-10-27,2017-10-25,2017-10-25,Promoters,Pledge Creation,Pledge,Equity Shares,6843000.0,0.0,0.0,0.0,0.0,457212260.0,42.89,457212260.0,42.89
DISHTV,2017-11-09 11:54:00,2017-11-08,2017-11-07,2017-11-07,Promoters,Revokation of Pledge,Pledge,Equity Shares,13009000.0,0.0,0.0,0.0,0.0,457212260.0,42.89,457212260.0,42.89
DISHTV,2017-11-13 18:00:00,2017-11-10,2017-11-08,2017-11-08,Promoters,Revokation of Pledge,Pledge Revoke,Equity Shares,2852000.0,0.0,0.0,0.0,0.0,457212260.0,42.89,457212260.0,42.89
DISHTV,2017-11-17 13:15:00,2017-11-16,2017-11-14,2017-11-14,Promoters,Revokation of Pledge,Pledge,Equity Shares,355000.0,0.0,0.0,0.0,0.0,457212260.0,42.89,457212260.0,42.89
DISHTV,2017-11-23 14:06:00,2017-11-22,2017-11-21,2017-11-21,Promoters,Revokation of Pledge,Pledge,Equity Shares,8190000.0,0.0,0.0,0.0,0.0,457212260.0,42.89,457212260.0,42.89
DISHTV,2017-11-23 14:06:00,2017-11-22,2017-11-21,2017-11-21,Promoters,Revokation of Pledge,Pledge,Equity Shares,705000.0,0.0,0.0,0.0,0.0,76905278.0,7.21,76905278.0,7.21
DISHTV,2017-11-28 15:39:00,2017-11-27,2017-11-23,2017-11-23,Promoters,Pledge Creation,Pledge,Equity Shares,1650000.0,0.0,0.0,0.0,0.0,457212260.0,42.89,457212260.0,42.89
DISHTV,2017-12-01 18:06:00,2017-11-30,2017-11-28,2017-11-28,Promoters,Revokation of Pledge,Pledge,Equity Shares,1210000.0,0.0,0.0,0.0,0.0,457212260.0,42.89,457212260.0,42.89
DISHTV,2017-12-05 16:29:00,2017-12-04,2017-11-30,2017-11-30,Promoters,Pledge Creation,Pledge,Equity Shares,330000.0,0.0,0.0,0.0,0.0,457212260.0,42.89,457212260.0,42.89
DISHTV,2017-12-05 16:29:00,2017-12-04,2017-11-30,2017-11-30,Promoters,Revokation of Pledge,Pledge,Equity Shares,27849400.0,0.0,0.0,0.0,0.0,457212260.0,42.89,457212260.0,42.89
DISHTV,2017-12-07 13:23:00,2017-12-06,2017-12-04,2017-12-04,Promoters,Revokation of Pledge,Pledge,Equity Shares,5445000.0,0.0,0.0,0.0,0.0,457212260.0,42.89,457212260.0,42.89
DISHTV,2017-12-07 13:23:00,2017-12-06,2017-12-05,2017-12-05,Promoters,Revokation of Pledge,Pledge,Equity Shares,1297000.0,0.0,0.0,0.0,0.0,457212260.0,42.89,457212260.0,42.89
DISHTV,2017-12-11 18:30:00,2017-12-08,2017-12-06,2017-12-06,Promoters,Pledge Creation,Pledge,Equity Shares,9400000.0,0.0,0.0,0.0,0.0,76905278.0,7.21,76905278.0,7.21
DISHTV,2017-12-13 12:24:00,2017-12-12,2017-12-08,2017-12-08,Promoters,Revokation of Pledge,Pledge,Equity Shares,9400000.0,0.0,0.0,0.0,0.0,76905278.0,7.21,76905278.0,7.21
DISHTV,2017-12-13 12:24:00,2017-12-12,2017-12-08,2017-12-08,Promoters,Revokation of Pledge,Pledge,Equity Shares,445000.0,0.0,0.0,0.0,0.0,457212260.0,42.89,457212260.0,42.89
DISHTV,2017-12-15 15:54:00,2017-12-14,2017-12-12,2017-12-12,Promoters,Revokation of Pledge,Pledge,Equity Shares,4600000.0,0.0,0.0,0.0,0.0,457212260.0,42.89,457212260.0,42.89
DISHTV,2018-01-11 11:45:00,2018-01-10,2018-01-09,2018-01-09,Promoters,Revokation of Pledge,Pledge,Equity Shares,1170000.0,0.0,0.0,0.0,0.0,457212260.0,42.89,457212260.0,42.89
DISHTV,2018-01-11 11:45:00,2018-01-10,2018-01-08,2018-01-08,Promoters,Revokation of Pledge,Pledge,Equity Shares,1000000.0,0.0,0.0,0.0,0.0,76905278.0,7.21,76905278.0,7.21
DISHTV,2018-01-15 18:45:00,2018-01-12,2018-01-10,2018-01-10,Promoters,Revokation of Pledge,Pledge,Equity Shares,590000.0,0.0,0.0,0.0,0.0,457212260.0,42.89,457212260.0,42.89
DISHTV,2018-01-18 18:28:00,2018-01-17,2018-01-15,2018-01-15,Promoters,Pledge Creation,Pledge,Equity Shares,310000.0,0.0,0.0,0.0,0.0,457212260.0,42.89,457212260.0,42.89
DISHTV,2018-01-18 18:28:00,2018-01-17,2018-01-16,2018-01-16,Promoters,Pledge Creation,Pledge,Equity Shares,700000.0,0.0,0.0,0.0,0.0,457212260.0,42.89,457212260.0,42.89
DISHTV,2018-01-24 12:39:00,2018-01-23,2018-01-19,2018-01-19,Promoters,Pledge Creation,Pledge,Equity Shares,685000.0,0.0,0.0,0.0,0.0,457212260.0,42.89,457212260.0,42.89
DISHTV,2018-01-24 12:39:00,2018-01-23,2018-01-19,2018-01-20,Promoters,Pledge Creation,Pledge,Equity Shares,1500000.0,0.0,0.0,0.0,0.0,457212260.0,42.89,457212260.0,42.89
DISHTV,2018-01-29 16:20:00,2018-01-25,2018-01-24,2018-01-24,Promoters,Pledge Creation,Pledge,Equity Shares,100000.0,0.0,0.0,0.0,0.0,457212260.0,42.89,457212260.0,42.89
DISHTV,2018-01-29 16:20:00,2018-01-25,2018-01-23,2018-01-23,Promoters,Pledge Creation,Pledge,Equity Shares,350000.0,0.0,0.0,0.0,0.0,457212260.0,42.89,457212260.0,42.89
DISHTV,2018-01-31 18:49:00,2018-01-30,2018-01-25,2018-01-25,Promoters,Pledge Creation,Pledge,Equity Shares,215000.0,0.0,0.0,0.0,0.0,457212260.0,42.89,457212260.0,42.89
DISHTV,2018-02-09 12:20:00,2018-02-07,2018-02-05,2018-02-05,Promoters,Pledge Creation,Pledge,Equity Shares,3315000.0,0.0,0.0,0.0,0.0,457212260.0,42.89,457212260.0,42.89
DISHTV,2018-02-12 16:49:00,2018-02-09,2018-02-08,2018-02-08,Promoters,Pledge Creation,Pledge,Equity Shares,635000.0,0.0,0.0,0.0,0.0,457212260.0,42.89,457212260.0,42.89
DISHTV,2018-02-12 16:49:00,2018-02-09,2018-02-07,2018-02-07,Promoters,Pledge Creation,Pledge,Equity Shares,7500000.0,0.0,0.0,0.0,0.0,457212260.0,42.89,457212260.0,42.89
DISHTV,2018-02-12 16:49:00,2018-02-08,2018-02-06,2018-02-06,Promoters,Pledge Creation,Pledge,Equity Shares,3125000.0,0.0,0.0,0.0,0.0,457212260.0,42.89,457212260.0,42.89
DISHTV,2018-02-12 16:49:00,2018-02-09,2018-02-08,2018-02-08,Promoters,Revokation of Pledge,Pledge,Equity Shares,16600.0,0.0,0.0,0.0,0.0,457212260.0,42.89,457212260.0,42.89
DISHTV,2018-02-15 14:25:00,2018-02-14,2018-02-09,2018-02-09,Promoters,Revokation of Pledge,Pledge,Equity Shares,60000.0,0.0,0.0,0.0,0.0,457212260.0,42.89,457212260.0,42.89
DISHTV,2018-02-20 16:20:00,2018-02-16,2018-02-14,2018-02-14,Promoters,Pledge Creation,Pledge,Equity Shares,2239000.0,0.0,0.0,0.0,0.0,457212260.0,42.89,457212260.0,42.89
DISHTV,2018-02-23 13:28:00,2018-02-21,2018-02-19,2018-02-19,Promoters,Pledge Creation,Pledge,Equity Shares,230000.0,0.0,0.0,0.0,0.0,457212260.0,42.89,457212260.0,42.89
DISHTV,2018-02-23 13:28:00,2018-02-22,2018-02-21,2018-02-21,Promoters,Pledge Creation,Pledge,Equity Shares,1555000.0,0.0,0.0,0.0,0.0,457212260.0,42.89,457212260.0,42.89
DISHTV,2018-02-23 13:28:00,2018-02-22,2018-02-20,2018-02-20,Promoters,Pledge Creation,Pledge,Equity Shares,6320000.0,0.0,0.0,0.0,0.0,457212260.0,42.89,457212260.0,42.89
DISHTV,2018-02-27 15:47:00,2018-02-26,2018-02-23,2018-02-23,Promoters,Revokation of Pledge,Pledge,Equity Shares,5580000.0,0.0,0.0,0.0,0.0,457212260.0,42.89,457212260.0,42.89
DISHTV,2018-02-27 15:47:00,2018-02-26,2018-02-22,2018-02-22,Promoters,Pledge Creation,Pledge,Equity Shares,515000.0,0.0,0.0,0.0,0.0,457212260.0,42.89,457212260.0,42.89
DISHTV,2018-03-01 12:37:00,2018-02-28,2018-02-27,2018-02-27,Promoters,Pledge Creation,Pledge,Equity Shares,200000.0,0.0,0.0,0.0,0.0,457212260.0,42.89,457212260.0,42.89
DISHTV,2018-03-01 12:37:00,2018-02-28,2018-02-27,2018-02-27,Promoters,Revokation of Pledge,Pledge,Equity Shares,520000.0,0.0,0.0,0.0,0.0,457212260.0,42.89,457212260.0,42.89
DISHTV,2018-03-06 18:13:00,2018-03-06,2018-03-01,2018-03-01,Promoters,Pledge Creation,Pledge,Equity Shares,1250000.0,0.0,0.0,0.0,0.0,457212260.0,42.89,457212260.0,42.89
DISHTV,2018-03-07 18:51:00,2018-03-07,2018-03-06,2018-03-06,Promoters,Pledge Creation,Pledge,Equity Shares,820000.0,0.0,0.0,0.0,0.0,457212260.0,42.89,457212260.0,42.89
DISHTV,2018-03-12 13:43:00,2018-03-09,2018-03-08,2018-03-08,Promoters,Pledge Creation,Pledge,Equity Shares,910000.0,0.0,0.0,0.0,0.0,457212260.0,42.89,457212260.0,42.89
DISHTV,2018-03-12 13:43:00,2018-03-09,2018-03-07,2018-03-07,Promoters,Pledge Creation,Pledge,Equity Shares,5125000.0,0.0,0.0,0.0,0.0,457212260.0,42.89,457212260.0,42.89
DISHTV,2018-03-12 13:43:00,2018-03-09,2018-03-07,2018-03-07,Promoters,Pledge Creation,Pledge,Equity Shares,3310000.0,0.0,0.0,0.0,0.0,86094822.0,8.08,86094822.0,8.08
DISHTV,2018-03-15 15:59:00,2018-03-13,2018-03-09,2018-03-09,Promoters,Pledge Creation,Pledge,Equity Shares,645000.0,0.0,0.0,0.0,0.0,457212260.0,42.89,457212260.0,42.89
DISHTV,2018-03-16 15:49:00,2018-03-15,2018-03-13,2018-03-13,Promoters,Pledge Creation,Pledge,Equity Shares,1000000.0,0.0,0.0,0.0,0.0,457212260.0,42.89,457212260.0,42.89
DISHTV,2018-03-16 15:49:00,2018-03-15,2018-03-13,2018-03-13,Promoters,Revokation of Pledge,Pledge,Equity Shares,11719000.0,0.0,0.0,0.0,0.0,457212260.0,42.89,457212260.0,42.89
DISHTV,2018-03-20 14:13:00,2018-03-19,2018-03-16,2018-03-16,Promoters,Pledge Creation,Pledge,Equity Shares,19300000.0,0.0,0.0,0.0,0.0,457212260.0,42.89,457212260.0,42.89
DISHTV,2018-03-21 18:37:00,2018-03-21,2018-03-19,2018-03-19,Promoters,Revokation of Pledge,Pledge,Equity Shares,14050000.0,0.0,0.0,0.0,0.0,457212260.0,42.89,457212260.0,42.89
DISHTV,2018-03-21 18:37:00,2018-03-21,2018-03-20,2018-03-20,Promoters,Revokation of Pledge,Pledge,Equity Shares,3357500.0,0.0,0.0,0.0,0.0,457212260.0,42.89,457212260.0,42.89
DISHTV,2018-03-23 19:26:00,2018-03-23,2018-03-22,2018-03-22,Promoters,Pledge Creation,Pledge,Equity Shares,11240000.0,0.0,0.0,0.0,0.0,457212260.0,42.89,457212260.0,42.89
DISHTV,2018-04-04 16:54:00,2018-04-02,2018-03-28,2018-03-28,Promoters,Revokation of Pledge,Pledge,Equity Shares,7257200.0,0.0,0.0,0.0,0.0,457212260.0,24.83,457212260.0,24.83
DISHTV,2018-04-05 18:48:00,2018-04-04,2018-04-03,2018-04-03,Promoters,Revokation of Pledge,Pledge,Equity Shares,350000.0,0.0,0.0,0.0,0.0,457212260.0,24.83,457212260.0,24.83
DISHTV,2018-04-12 16:00:00,2018-04-12,2018-04-12,2018-04-12,Promoters,Market Purchase,Buy,Equity Shares,91500000.0,0.0,0.0,0.0,0.0,100.0,0.0,91500100.0,4.97
DISHTV,2018-05-09 17:26:00,2018-05-08,2018-05-07,2018-05-07,Promoters,Revokation of Pledge,Pledge,Equity Shares,1940000.0,0.0,0.0,0.0,0.0,457212260.0,24.83,457212260.0,24.83
DISHTV,2018-05-14 17:11:00,2018-05-10,2018-05-09,2018-05-09,Promoters,Revokation of Pledge,Pledge,Equity Shares,1000000.0,0.0,0.0,0.0,0.0,457212260.0,24.83,457212260.0,24.83
DISHTV,2018-05-14 17:11:00,2018-05-10,2018-05-09,2018-05-09,Promoters,Pledge Creation,Pledge,Equity Shares,6520000.0,0.0,0.0,0.0,0.0,457212260.0,24.83,457212260.0,24.83
DISHTV,2018-05-21 15:59:00,2018-05-18,2018-05-16,2018-05-16,Promoters,Pledge Creation,Pledge,Equity Shares,1025000.0,0.0,0.0,0.0,0.0,457212260.0,24.83,457212260.0,24.83
DISHTV,2018-05-21 15:59:00,2018-05-18,2018-05-17,2018-05-17,Promoters,Pledge Creation,Pledge,Equity Shares,2480000.0,0.0,0.0,0.0,0.0,457212260.0,24.83,457212260.0,24.83
DISHTV,2018-05-25 16:15:00,2018-05-24,2018-05-23,2018-05-23,Promoters,Pledge Creation,Pledge,Equity Shares,240000.0,0.0,0.0,0.0,0.0,457212260.0,24.83,457212260.0,24.83
DISHTV,2018-05-29 15:33:00,2018-05-28,2018-05-24,2018-05-24,Promoters,Pledge Creation,Pledge,Equity Shares,240000.0,0.0,0.0,0.0,0.0,457212260.0,24.83,457212260.0,24.83
DISHTV,2018-06-01 21:48:00,2018-05-30,2018-05-23,2018-05-23,Promoters,Pledge Creation,Pledge,Equity Shares,91500000.0,0.0,0.0,0.0,0.0,91500100.0,4.97,91500100.0,4.97
DISHTV,2018-06-08 17:27:00,2018-06-07,2018-06-06,2018-06-06,Promoters,Pledge Creation,Pledge,Equity Shares,150000.0,0.0,0.0,0.0,0.0,457212260.0,24.83,457212260.0,24.83
DISHTV,2018-06-28 16:37:00,2018-06-27,2018-06-26,2018-06-26,Promoters,Pledge Creation,Pledge,Equity Shares,510000.0,0.0,0.0,0.0,0.0,457212260.0,24.83,457212260.0,24.83
DISHTV,2018-06-28 16:37:00,2018-06-27,2018-06-25,2018-06-25,Promoters,Pledge Creation,Pledge,Equity Shares,15750000.0,0.0,0.0,0.0,0.0,457212260.0,24.83,457212260.0,24.83
DISHTV,2018-07-02 13:48:00,2018-06-29,2018-06-28,2018-06-28,Promoters,Pledge Creation,Pledge,Equity Shares,15500000.0,0.0,0.0,0.0,0.0,457212260.0,24.83,457212260.0,24.83
DISHTV,2018-07-02 13:48:00,2018-06-29,2018-06-28,2018-06-28,Promoters,Pledge Creation,Pledge,Equity Shares,1600000.0,0.0,0.0,0.0,0.0,86094822.0,4.68,86094822.0,4.68
DISHTV,2018-07-05 13:19:00,2018-07-03,2018-06-29,2018-06-29,Promoters,Pledge Creation,Pledge,Equity Shares,1100000.0,0.0,0.0,0.0,0.0,457212260.0,24.83,457212260.0,24.83
DISHTV,2018-07-05 13:19:00,2018-07-03,2018-06-29,2018-06-29,Promoters,Revokation of Pledge,Pledge,Equity Shares,728253.0,0.0,0.0,0.0,0.0,457212260.0,24.83,457212260.0,24.83
DISHTV,2018-07-05 13:19:00,2018-07-03,2018-06-29,2018-06-29,Promoters,Revokation of Pledge,Pledge,Equity Shares,9043779.0,0.0,0.0,0.0,0.0,86094822.0,4.68,86094822.0,4.68
DISHTV,2018-07-06 12:16:00,2018-07-05,2018-07-04,2018-07-04,Promoters,Pledge Creation,Pledge,Equity Shares,460000.0,0.0,0.0,0.0,0.0,457212260.0,24.83,457212260.0,24.83
DISHTV,2018-07-10 14:17:00,2018-07-09,2018-07-05,2018-07-05,Promoters,Pledge Creation,Pledge,Equity Shares,480000.0,0.0,0.0,0.0,0.0,457212260.0,24.83,457212260.0,24.83
DISHTV,2018-07-12 12:31:00,2018-07-11,2018-07-10,2018-07-10,Promoters,Pledge Creation,Pledge,Equity Shares,4530000.0,0.0,0.0,0.0,0.0,457212260.0,24.83,457212260.0,24.83
DISHTV,2018-07-20 17:12:00,2018-07-19,2018-07-18,2018-07-18,Promoters,Pledge Creation,Pledge,Equity Shares,2400000.0,0.0,0.0,0.0,0.0,457212260.0,24.83,457212260.0,24.83
DISHTV,2018-07-20 17:12:00,2018-07-19,2018-07-17,2018-07-17,Promoters,Pledge Creation,Pledge,Equity Shares,6260000.0,0.0,0.0,0.0,0.0,457212260.0,24.83,457212260.0,24.83
DISHTV,2018-07-24 17:22:00,2018-07-23,2018-07-19,2018-07-19,Promoters,Pledge Creation,Pledge,Equity Shares,545000.0,0.0,0.0,0.0,0.0,457212260.0,24.83,457212260.0,24.83
DISHTV,2018-07-24 17:22:00,2018-07-23,2018-07-20,2018-07-21,Promoters,Pledge Creation,Pledge,Equity Shares,485000.0,0.0,0.0,0.0,0.0,457212260.0,24.83,457212260.0,24.83
DISHTV,2018-07-26 13:52:00,2018-07-25,2018-07-23,2018-07-23,Promoters,Pledge Creation,Pledge,Equity Shares,275000.0,0.0,0.0,0.0,0.0,457212260.0,24.83,457212260.0,24.83
DISHTV,2018-07-27 18:01:00,2018-07-26,2018-07-24,2018-07-24,Promoters,Market Purchase,Buy,Equity Shares,446238855.0,0.0,0.0,0.0,0.0,91500100.0,4.97,537738955.0,29.2
DISHTV,2018-07-31 17:59:00,2018-07-27,2018-07-26,2018-07-26,Promoters,Pledge Creation,Pledge,Equity Shares,348554852.0,0.0,0.0,0.0,0.0,537738955.0,29.2,537738955.0,29.2
DISHTV,2018-08-03 18:27:00,2018-08-02,2018-08-01,2018-08-01,Promoters,Pledge Creation,Pledge,Equity Shares,200000.0,0.0,0.0,0.0,0.0,457212260.0,24.83,457212260.0,24.83
DISHTV,2018-08-09 13:37:00,2018-08-08,2018-08-06,2018-08-06,Promoters,Pledge Creation,Pledge,Equity Shares,1640000.0,0.0,0.0,0.0,0.0,86094822.0,4.68,86094822.0,4.68
DISHTV,2018-08-09 13:37:00,2018-08-08,2018-08-06,2018-08-06,Promoters,Pledge Creation,Pledge,Equity Shares,590000.0,0.0,0.0,0.0,0.0,457212260.0,24.83,457212260.0,24.83
DISHTV,2018-08-16 18:56:00,2018-08-13,2018-08-10,2018-08-10,Immediate relative,Market Sale,Sell,Equity Shares,10000.0,0.0,0.0,0.0,0.0,153209.0,0.0,143209.0,0.0
DISHTV,2018-08-16 18:56:00,2018-08-13,2018-08-09,2018-08-09,Immediate relative,Market Sale,Sell,Equity Shares,30000.0,0.0,0.0,0.0,0.0,183209.0,0.0,153209.0,0.0
DISHTV,2018-08-20 18:28:00,2018-08-16,2018-08-13,2018-08-13,Employees/Designated Employees,Market Sale,Sell,Equity Shares,25000.0,0.0,0.0,0.0,0.0,240970.0,0.01,215970.0,0.0
DISHTV,2018-08-20 18:28:00,2018-08-17,2018-08-14,2018-08-14,Immediate relative,Market Sale,Sell,Equity Shares,30000.0,0.0,0.0,0.0,0.0,143209.0,0.0,113209.0,0.0
DISHTV,2018-08-21 16:05:00,2018-08-20,2018-08-16,2018-08-16,Promoters,Pledge Creation,Pledge,Equity Shares,4295000.0,0.0,0.0,0.0,0.0,457212260.0,24.83,457212260.0,24.83
DISHTV,2018-08-24 15:25:00,2018-08-23,2018-08-21,2018-08-22,Promoters,Pledge Creation,Pledge,Equity Shares,2715000.0,0.0,0.0,0.0,0.0,537738955.0,29.2,537738955.0,29.2
DISHTV,2018-08-24 16:01:00,2018-08-23,2018-08-23,2018-08-23,Employees/Designated Employees,Market Sale,Sell,Equity Shares,2500.0,0.0,0.0,0.0,0.0,31828.0,0.0,29328.0,0.0
DISHTV,2018-08-29 18:09:00,2018-08-27,2018-08-20,2018-08-23,Employees/Designated Employees,Market Sale,Sell,Equity Shares,14380.0,0.0,0.0,0.0,0.0,200647.0,0.0,186267.0,0.0
DISHTV,2018-08-29 18:09:00,2018-08-27,2018-08-27,2018-08-27,Employees/Designated Employees,Market Sale,Sell,Equity Shares,2000.0,0.0,0.0,0.0,0.0,173267.0,0.0,171267.0,0.0
DISHTV,2018-08-29 18:09:00,2018-08-27,2018-08-24,2018-08-24,Employees/Designated Employees,Market Sale,Sell,Equity Shares,13000.0,0.0,0.0,0.0,0.0,186267.0,0.0,173267.0,0.0
DISHTV,2018-08-29 18:09:00,2018-08-27,2018-08-20,2018-08-24,Employees/Designated Employees,Market Sale,Sell,Equity Shares,15000.0,0.0,0.0,0.0,0.0,64889.0,0.0,49889.0,0.0
DISHTV,2018-08-31 16:26:00,2018-08-29,2018-08-27,2018-08-27,Promoters,Pledge Creation,Pledge,Equity Shares,100000.0,0.0,0.0,0.0,0.0,457212260.0,24.83,457212260.0,24.83
DISHTV,2018-08-31 17:01:00,2018-08-29,2018-08-27,2018-08-27,Immediate relative,Market Sale,Sell,Equity Shares,20000.0,0.0,0.0,0.0,0.0,113209.0,0.0,93209.0,0.0
DISHTV,2018-08-31 17:01:00,2018-08-30,2018-08-30,2018-08-30,Employees/Designated Employees,Market Sale,Sell,Equity Shares,3000.0,0.0,0.0,0.0,0.0,27828.0,0.0,24828.0,0.0
DISHTV,2018-08-31 17:01:00,2018-08-30,2018-08-29,2018-08-29,Employees/Designated Employees,Market Sale,Sell,Equity Shares,1500.0,0.0,0.0,0.0,0.0,29328.0,0.0,27828.0,0.0
DISHTV,2018-08-31 17:01:00,2018-08-30,2018-08-28,2018-08-28,Employees/Designated Employees,Market Sale,Sell,Equity Shares,2000.0,0.0,0.0,0.0,0.0,49889.0,0.0,47889.0,0.0
DISHTV,2018-08-31 17:01:00,2018-08-29,2018-08-28,2018-08-28,Immediate relative,Market Sale,Sell,Equity Shares,10000.0,0.0,0.0,0.0,0.0,93209.0,0.0,83209.0,0.0
DISHTV,2018-09-04 13:01:00,2018-08-31,2018-08-29,2018-08-29,Promoters,Pledge Creation,Pledge,Equity Shares,310000.0,0.0,0.0,0.0,0.0,86094822.0,4.68,86094822.0,4.68
DISHTV,2018-09-04 17:58:00,2018-09-04,2018-08-31,2018-08-31,Employees/Designated Employees,Market Sale,Sell,Equity Shares,5000.0,0.0,0.0,0.0,0.0,171267.0,0.0,166267.0,0.0
DISHTV,2018-09-04 17:58:00,2018-09-03,2018-08-31,2018-08-31,Employees/Designated Employees,Market Sale,Sell,Equity Shares,5970.0,0.0,0.0,0.0,0.0,215970.0,0.01,210000.0,0.0
DISHTV,2018-09-04 17:58:00,2018-09-03,2018-08-31,2018-08-31,Employees/Designated Employees,Market Sale,Sell,Equity Shares,3000.0,0.0,0.0,0.0,0.0,24828.0,0.0,21828.0,0.0
DISHTV,2018-09-07 13:51:00,2018-09-06,2018-09-04,2018-09-04,Promoters,Pledge Creation,Pledge,Equity Shares,590000.0,0.0,0.0,0.0,0.0,457212260.0,24.83,457212260.0,24.83
DISHTV,2018-09-07 13:51:00,2018-09-06,2018-09-05,2018-09-05,Promoters,Pledge Creation,Pledge,Equity Shares,390000.0,0.0,0.0,0.0,0.0,457212260.0,24.83,457212260.0,24.83
DISHTV,2018-09-13 17:26:00,2018-09-12,2018-09-12,2018-09-12,Immediate relative,Market Sale,Sell,Equity Shares,15000.0,0.0,0.0,0.0,0.0,68209.0,0.0,53209.0,0.0
DISHTV,2018-09-19 15:08:00,2018-09-19,2018-09-19,2018-09-19,Promoters,Market Purchase,Buy,Equity Shares,3000000.0,0.0,0.0,0.0,0.0,537738955.0,29.2,540738955.0,29.37
DISHTV,2018-10-01 18:18:00,2018-09-28,2018-09-26,2018-09-26,Promoters,Revokation of Pledge,Pledge,Equity Shares,2200000.0,0.0,0.0,0.0,0.0,86094822.0,4.68,86094822.0,4.68
DISHTV,2018-10-01 18:18:00,2018-09-29,2018-09-27,2018-09-27,Promoters,Pledge Creation,Pledge,Equity Shares,8765000.0,0.0,0.0,0.0,0.0,86094822.0,4.68,86094822.0,4.68
DISHTV,2018-10-01 18:18:00,2018-09-28,2018-09-26,2018-09-26,Promoters,Pledge Creation,Pledge,Equity Shares,4450000.0,0.0,0.0,0.0,0.0,5407389555.0,29.37,5407389555.0,29.37
DISHTV,2018-10-01 18:18:00,2018-09-28,2018-09-26,2018-09-26,Promoters,Pledge Creation,Pledge,Equity Shares,5200000.0,0.0,0.0,0.0,0.0,86094822.0,4.68,86094822.0,4.68
DISHTV,2018-10-01 18:18:00,2018-09-29,2018-09-28,2018-09-28,Promoters,Revokation of Pledge,Pledge,Equity Shares,29914000.0,0.0,0.0,0.0,0.0,457212260.0,24.83,457212260.0,24.83
DISHTV,2018-10-01 18:18:00,2018-09-29,2018-09-27,2018-09-27,Promoters,Revokation of Pledge,Pledge,Equity Shares,1506000.0,0.0,0.0,0.0,0.0,457212260.0,24.83,457212260.0,24.83
DISHTV,2018-10-01 18:18:00,2018-09-29,2018-09-27,2018-09-27,Promoters,Pledge Creation,Pledge,Equity Shares,6505000.0,0.0,0.0,0.0,0.0,5407389555.0,29.37,5407389555.0,29.37
DISHTV,2018-10-01 18:18:00,2018-09-28,2018-09-26,2018-09-26,Promoters,Pledge Creation,Pledge,Equity Shares,19350000.0,0.0,0.0,0.0,0.0,457212260.0,24.83,457212260.0,24.83
DISHTV,2018-10-01 18:18:00,2018-09-29,2018-09-27,2018-09-27,Promoters,Pledge Creation,Pledge,Equity Shares,950000.0,0.0,0.0,0.0,0.0,457212260.0,24.83,457212260.0,24.83
DISHTV,2018-10-03 16:39:00,2018-10-01,2018-09-28,2018-09-28,Promoters,Pledge Creation,Pledge,Equity Shares,14500000.0,0.0,0.0,0.0,0.0,540738955.0,29.37,540738955.0,29.37
DISHTV,2018-10-03 16:55:00,2018-10-01,2018-09-27,2018-09-27,Immediate relative,Market Sale,Sell,Equity Shares,10000.0,0.0,0.0,0.0,0.0,53209.0,0.0,43209.0,0.0
DISHTV,2018-10-08 18:37:00,2018-10-05,2018-10-04,2018-10-04,Immediate relative,Market Sale,Sell,Equity Shares,15000.0,0.0,0.0,0.0,0.0,38209.0,0.0,23209.0,0.0
DISHTV,2018-10-08 18:37:00,2018-10-05,2018-10-05,2018-10-05,Immediate relative,Market Sale,Sell,Equity Shares,20000.0,0.0,0.0,0.0,0.0,23209.0,0.0,3209.0,0.0
DISHTV,2018-10-10 17:35:00,2018-10-09,2018-10-08,2018-10-08,Employees/Designated Employees,Market Sale,Sell,Equity Shares,105000.0,0.0,0.0,0.0,0.0,210000.0,0.01,105000.0,0.0
DISHTV,2018-10-11 17:22:00,2018-10-09,2018-10-05,2018-10-05,Promoters,Pledge Creation,Pledge,Equity Shares,2670000.0,0.0,0.0,0.0,0.0,457212260.0,24.83,457212260.0,24.83
DISHTV,2018-10-11 17:22:00,2018-10-09,2018-10-08,2018-10-08,Promoters,Revokation of Pledge,Pledge,Equity Shares,4507000.0,0.0,0.0,0.0,0.0,457212260.0,24.83,457212260.0,24.83
DISHTV,2018-10-11 17:22:00,2018-10-09,2018-10-09,2018-10-09,Promoters,Revokation of Pledge,Pledge,Equity Shares,900000.0,0.0,0.0,0.0,0.0,457212260.0,24.83,457212260.0,24.83
DISHTV,2018-10-11 17:22:00,2018-10-09,2018-10-05,2018-10-05,Promoters,Revokation of Pledge,Pledge,Equity Shares,13000000.0,0.0,0.0,0.0,0.0,86094822.0,4.68,86094822.0,4.68
DISHTV,2018-10-11 17:22:00,2018-10-09,2018-10-05,2018-10-05,Promoters,Pledge Creation,Pledge,Equity Shares,15650000.0,0.0,0.0,0.0,0.0,540738955.0,29.37,540738955.0,29.37
DISHTV,2018-10-11 17:22:00,2018-10-09,2018-10-08,2018-10-08,Promoters,Revokation of Pledge,Pledge,Equity Shares,550000.0,0.0,0.0,0.0,0.0,540738955.0,29.37,540738955.0,29.37
DISHTV,2018-10-11 17:22:00,2018-10-09,2018-10-09,2018-10-09,Promoters,Pledge Creation,Pledge,Equity Shares,290000.0,0.0,0.0,0.0,0.0,540738955.0,29.37,540738955.0,29.37
DISHTV,2018-10-17 11:55:00,2018-10-15,2018-10-11,2018-10-11,Promoters,Revokation of Pledge,Pledge,Equity Shares,550000.0,0.0,0.0,0.0,0.0,457212260.0,24.83,457212260.0,24.83
DISHTV,2018-10-17 11:55:00,2018-10-15,2018-10-11,2018-10-11,Promoters,Pledge Creation,Pledge,Equity Shares,580000.0,0.0,0.0,0.0,0.0,457212260.0,24.83,457212260.0,24.83
DISHTV,2018-10-22 16:18:00,2018-10-17,2018-10-15,2018-10-15,Promoters,Pledge Creation,Pledge,Equity Shares,1110000.0,0.0,0.0,0.0,0.0,457212260.0,24.83,457212260.0,24.83
DISHTV,2018-10-22 16:18:00,2018-10-17,2018-10-16,2018-10-16,Promoters,Revokation of Pledge,Pledge,Equity Shares,1450000.0,0.0,0.0,0.0,0.0,457212260.0,24.83,457212260.0,24.83
DISHTV,2018-10-22 16:18:00,2018-10-17,2018-10-15,2018-10-15,Promoters,Pledge Creation,Pledge,Equity Shares,600000.0,0.0,0.0,0.0,0.0,540738955.0,29.37,540738955.0,29.37
DISHTV,2018-10-23 17:18:00,2018-10-22,2018-10-17,2018-10-17,Promoters,Pledge Creation,Pledge,Equity Shares,3350000.0,0.0,0.0,0.0,0.0,540738955.0,29.37,540738955.0,29.37
DISHTV,2018-10-23 17:18:00,2018-10-22,2018-10-17,2018-10-17,Promoters,Revokation of Pledge,Pledge,Equity Shares,5294138.0,0.0,0.0,0.0,0.0,457212260.0,24.83,457212260.0,24.83
DISHTV,2018-10-23 17:18:00,2018-10-22,2018-10-17,2018-10-17,Promoters,Pledge Creation,Pledge,Equity Shares,1930000.0,0.0,0.0,0.0,0.0,457212260.0,24.83,457212260.0,24.83
DISHTV,2018-11-02 16:26:00,2018-11-01,2018-10-30,2018-10-30,Promoters,Revokation of Pledge,Pledge,Equity Shares,825000.0,0.0,0.0,0.0,0.0,86094822.0,4.68,86094822.0,4.68
DISHTV,2018-11-02 16:26:00,2018-11-01,2018-10-30,2018-10-30,Promoters,Pledge Creation,Pledge,Equity Shares,2100000.0,0.0,0.0,0.0,0.0,540738955.0,29.37,540738955.0,29.37
DISHTV,2018-11-02 16:26:00,2018-11-01,2018-10-30,2018-10-30,Promoters,Pledge Creation,Pledge,Equity Shares,830000.0,0.0,0.0,0.0,0.0,457212260.0,24.83,457212260.0,24.83
DISHTV,2018-11-02 16:26:00,2018-11-01,2018-10-30,2018-10-30,Promoters,Revokation of Pledge,Pledge,Equity Shares,1970000.0,0.0,0.0,0.0,0.0,457212260.0,24.83,457212260.0,24.83
DISHTV,2018-12-05 18:07:00,2018-12-03,2018-11-14,2018-11-14,Employees/Designated Employees,Market Sale,Sell,Equity Shares,6000.0,0.0,0.0,0.0,0.0,47889.0,0.0,41889.0,0.0
DISHTV,2018-12-05 18:07:00,2018-12-03,2018-11-15,2018-11-15,Employees/Designated Employees,Market Sale,Sell,Equity Shares,6000.0,0.0,0.0,0.0,0.0,41889.0,0.0,35889.0,0.0
DISHTV,2018-12-05 18:07:00,2018-12-03,2018-11-19,2018-11-19,Employees/Designated Employees,Market Sale,Sell,Equity Shares,10000.0,0.0,0.0,0.0,0.0,14889.0,0.0,4889.0,0.0
DISHTV,2018-12-05 18:07:00,2018-12-03,2018-11-19,2018-11-19,Employees/Designated Employees,Market Sale,Sell,Equity Shares,16000.0,0.0,0.0,0.0,0.0,30889.0,0.0,14889.0,0.0
DISHTV,2018-12-05 18:07:00,2018-12-03,2018-11-16,2018-11-16,Employees/Designated Employees,Market Sale,Sell,Equity Shares,5000.0,0.0,0.0,0.0,0.0,35889.0,0.0,30889.0,0.0
DISHTV,2018-12-11 16:25:00,2018-12-10,2018-12-06,2018-12-06,Employees/Designated Employees,Market Sale,Sell,Equity Shares,50000.0,0.0,0.0,0.0,0.0,105000.0,0.01,55000.0,0.0
DISHTV,2018-12-20 12:49:00,2018-12-18,2018-12-14,2018-12-14,Promoters,Revokation of Pledge,Pledge,Equity Shares,5610000.0,0.0,0.0,0.0,0.0,457212260.0,24.83,457212260.0,24.83
DISHTV,2018-12-20 12:49:00,2018-12-18,2018-12-14,2018-12-14,Promoters,Pledge Creation,Pledge,Equity Shares,5560000.0,0.0,0.0,0.0,0.0,457212260.0,24.83,457212260.0,24.83
DISHTV,2019-01-10 18:33:00,2019-01-09,2019-01-07,2019-01-07,Promoters,Pledge Creation,Pledge,Equity Shares,4950000.0,0.0,0.0,0.0,0.0,540738955.0,29.37,540738955.0,29.37
DISHTV,2019-01-10 18:33:00,2019-01-09,2019-01-07,2019-01-07,Promoters,Pledge Creation,Pledge,Equity Shares,600000.0,0.0,0.0,0.0,0.0,457212260.0,24.83,457212260.0,24.83
DISHTV,2019-01-10 18:33:00,2019-01-09,2019-01-07,2019-01-07,Promoters,Revokation of Pledge,Pledge,Equity Shares,7100000.0,0.0,0.0,0.0,0.0,457212260.0,24.83,457212260.0,24.83
DISHTV,2019-01-10 18:33:00,2019-01-09,2019-01-07,2019-01-07,Promoters,Pledge Creation,Pledge,Equity Shares,1500000.0,0.0,0.0,0.0,0.0,86094822.0,4.68,86094822.0,4.68
DISHTV,2019-02-04 19:09:00,2019-02-02,2019-02-01,2019-02-01,Promoters,Revokation of Pledge,Pledge,Equity Shares,1760000.0,0.0,0.0,0.0,0.0,442509788.0,24.03,442509788.0,24.03
DISHTV,2019-02-04 19:09:00,2019-02-02,2019-01-29,2019-01-29,Promoters,Pledge Creation,Pledge,Equity Shares,5939000.0,0.0,0.0,0.0,0.0,442509788.0,24.03,442509788.0,24.03
DISHTV,2019-02-04 19:09:00,2019-02-02,2019-01-29,2019-01-29,Promoters,Market Sale,Sell,Equity Shares,2140000.0,0.0,0.0,0.0,0.0,444649788.0,24.15,442509788.0,24.03
DISHTV,2019-02-04 19:09:00,2019-02-02,2019-01-28,2019-01-28,Promoters,Revokation of Pledge,Pledge,Equity Shares,3847000.0,0.0,0.0,0.0,0.0,444649788.0,24.15,444649788.0,24.15
DISHTV,2019-02-04 19:09:00,2019-02-02,2019-01-25,2019-01-25,Promoters,Market Sale,Sell,Equity Shares,12562472.0,0.0,0.0,0.0,0.0,457212260.0,24.83,444649788.0,24.15
DISHTV,2019-02-04 19:09:00,2019-02-02,2019-01-25,2019-01-25,Promoters,Revokation of Pledge,Pledge,Equity Shares,10227472.0,0.0,0.0,0.0,0.0,457212260.0,24.83,457212260.0,24.83
DISHTV,2019-02-04 19:09:00,2019-02-02,2019-01-28,2019-01-28,Promoters,Market Sale,Sell,Equity Shares,3155000.0,0.0,0.0,0.0,0.0,528027409.0,28.68,524872409.0,28.51
DISHTV,2019-02-04 19:09:00,2019-02-02,2019-01-25,2019-01-25,Promoters,Revokation of Pledge,Pledge,Equity Shares,12711546.0,0.0,0.0,0.0,0.0,540738955.0,29.37,540738955.0,29.37
DISHTV,2019-02-04 19:09:00,2019-02-02,2019-01-25,2019-01-25,Promoters,Pledge Creation,Pledge,Equity Shares,37179000.0,0.0,0.0,0.0,0.0,540738955.0,29.37,540738955.0,29.37
DISHTV,2019-02-04 19:09:00,2019-02-02,2019-01-25,2019-01-25,Promoters,Market Sale,Sell,Equity Shares,12711546.0,0.0,0.0,0.0,0.0,540738955.0,29.37,528027409.0,28.68
DISHTV,2019-02-04 19:09:00,2019-02-02,2019-01-25,2019-01-25,Promoters,Pledge Creation,Pledge,Equity Shares,22477000.0,0.0,0.0,0.0,0.0,86094822.0,4.68,86094822.0,4.68
DISHTV,2019-02-04 19:09:00,2019-02-02,2019-01-25,2019-01-25,Promoters,Revokation of Pledge,Pledge,Equity Shares,6490000.0,0.0,0.0,0.0,0.0,86094822.0,4.68,86094822.0,4.68
DISHTV,2019-02-04 19:09:00,2019-02-02,2019-01-25,2019-01-25,Promoters,Pledge Creation,Pledge,Equity Shares,87063138.0,0.0,0.0,0.0,0.0,457212260.0,24.83,457212260.0,24.83
DISHTV,2019-02-04 19:09:00,2019-02-02,2019-01-31,2019-01-31,Promoters,Revokation of Pledge,Pledge,Equity Shares,9180000.0,0.0,0.0,0.0,0.0,442509788.0,24.03,442509788.0,24.03
DISHTV,2019-02-04 19:09:00,2019-02-02,2019-01-28,2019-01-28,Promoters,Revokation of Pledge,Pledge,Equity Shares,3155000.0,0.0,0.0,0.0,0.0,528027409.0,28.68,528027409.0,28.68
DISHTV,2019-02-04 19:09:00,2019-02-02,2019-01-25,2019-01-25,Promoters,Market Sale,Sell,Equity Shares,6490000.0,0.0,0.0,0.0,0.0,86094822.0,4.68,79604822.0,4.32
DISHTV,2019-03-06 17:40:00,2019-03-05,2019-02-14,2019-02-14,Promoters,Market Sale,Sell,Equity Shares,32792.0,0.0,0.0,0.0,0.0,79162614.0,4.3,79129822.0,4.3
DISHTV,2019-03-06 17:40:00,2019-03-05,2019-02-14,2019-02-14,Promoters,Revokation of Pledge,Pledge,Equity Shares,475000.0,0.0,0.0,0.0,0.0,79604822.0,4.32,79604822.0,4.32
DISHTV,2019-03-06 17:40:00,2019-03-05,2019-02-14,2019-02-14,Promoters,Market Sale,Sell,Equity Shares,442208.0,0.0,0.0,0.0,0.0,79604822.0,4.32,79162614.0,4.3
DISHTV,2019-03-06 17:40:00,2019-03-05,2019-02-14,2019-02-14,Promoters,Revokation of Pledge,Pledge,Equity Shares,10195000.0,0.0,0.0,0.0,0.0,442509788.0,24.03,442509788.0,24.03
DISHTV,2019-03-06 17:40:00,2019-03-05,2019-02-14,2019-02-14,Promoters,Market Sale,Sell,Equity Shares,5665000.0,0.0,0.0,0.0,0.0,442509788.0,24.03,436844788.0,23.73
DISHTV,2019-03-06 17:40:00,2019-03-05,2019-02-14,2019-02-14,Promoters,Market Sale,Sell,Equity Shares,4530000.0,0.0,0.0,0.0,0.0,436844788.0,23.73,432314788.0,23.48
DISHTV,2019-03-06 17:57:00,2019-03-05,2019-02-18,2019-02-18,Employees/Designated Employees,Market Sale,Sell,Equity Shares,5000.0,0.0,0.0,0.0,0.0,158267.0,0.0,153267.0,0.0
DISHTV,2019-03-06 17:57:00,2019-03-05,2019-03-01,2019-03-01,Employees/Designated Employees,Market Sale,Sell,Equity Shares,10000.0,0.0,0.0,0.0,0.0,135900.0,0.0,125900.0,0.0
DISHTV,2019-03-06 17:57:00,2019-03-05,2019-02-28,2019-02-28,Employees/Designated Employees,Market Sale,Sell,Equity Shares,7367.0,0.0,0.0,0.0,0.0,143267.0,0.0,135900.0,0.0
DISHTV,2019-03-06 17:57:00,2019-03-05,2019-02-21,2019-02-21,Employees/Designated Employees,Market Sale,Sell,Equity Shares,5000.0,0.0,0.0,0.0,0.0,148267.0,0.0,143267.0,0.0
DISHTV,2019-03-06 17:57:00,2019-03-05,2019-02-21,2019-02-21,Employees/Designated Employees,Market Sale,Sell,Equity Shares,5000.0,0.0,0.0,0.0,0.0,153267.0,0.0,148267.0,0.0
DISHTV,2019-03-06 17:57:00,2019-03-05,2019-02-18,2019-02-18,Employees/Designated Employees,Market Sale,Sell,Equity Shares,5000.0,0.0,0.0,0.0,0.0,163267.0,0.0,158267.0,0.0
DISHTV,2019-03-06 17:57:00,2019-03-05,2019-02-14,2019-02-14,Employees/Designated Employees,Market Sale,Sell,Equity Shares,3000.0,0.0,0.0,0.0,0.0,166267.0,0.0,163267.0,0.0
DISHTV,2019-03-07 17:08:00,2019-03-06,2019-03-01,2019-03-01,Employees/Designated Employees,Market Sale,Sell,Equity Shares,25000.0,0.0,0.0,0.0,0.0,55200.0,0.01,30200.0,0.0
DISHTV,2019-04-01 12:16:00,2019-03-30,2019-03-05,2019-03-05,Promoters,Market Sale,Sell,Equity Shares,2261500.0,0.0,0.0,0.0,0.0,432314788.0,23.48,430053288.0,23.36
DISHTV,2019-04-01 12:16:00,2019-03-30,2019-03-05,2019-03-05,Promoters,Market Sale,Sell,Equity Shares,450000.0,0.0,0.0,0.0,0.0,430053288.0,23.36,429603288.0,23.33
DISHTV,2019-04-01 12:16:00,2019-03-30,2019-03-29,2019-03-30,Promoters,Revokation of Pledge,Pledge,Equity Shares,5033691.0,0.0,0.0,0.0,0.0,429603288.0,23.33,429603288.0,23.33
DISHTV,2019-04-08 14:32:00,2019-04-05,2019-03-29,2019-03-30,Promoters,Market Sale,Sell,Equity Shares,60000.0,0.0,0.0,0.0,0.0,427863288.0,23.24,427803288.0,23.23
DISHTV,2019-04-08 14:32:00,2019-04-05,2019-03-29,2019-03-30,Promoters,Market Sale,Sell,Equity Shares,840000.0,0.0,0.0,0.0,0.0,428703288.0,23.28,427863288.0,23.24
DISHTV,2019-04-08 14:32:00,2019-04-05,2019-03-29,2019-03-30,Promoters,Market Sale,Sell,Equity Shares,41000.0,0.0,0.0,0.0,0.0,428744288.0,23.29,428703288.0,23.28
DISHTV,2019-04-08 14:32:00,2019-04-05,2019-03-29,2019-03-30,Promoters,Market Sale,Sell,Equity Shares,859000.0,0.0,0.0,0.0,0.0,429603288.0,23.33,428744288.0,23.29
DISHTV,2019-04-08 14:32:00,2019-04-05,2019-03-29,2019-03-30,Promoters,Pledge Creation,Pledge,Equity Shares,3381500.0,0.0,0.0,0.0,0.0,429603288.0,23.33,429603288.0,23.33
DISHTV,2019-04-08 14:32:00,2019-04-05,2019-03-29,2019-03-30,Promoters,Revokation of Pledge,Pledge Revoke,Equity Shares,1800000.0,0.0,0.0,0.0,0.0,429603288.0,23.33,429603288.0,23.33
DISHTV,2019-08-01 13:30:00,2019-07-31,2019-05-08,2019-07-31,Promoters,Others,Buy,Equity Shares,825000.0,0.0,0.0,0.0,0.0,419143288.0,21.93,419968288.0,22.81
DISHTV,2019-08-01 13:30:00,2019-07-31,2019-05-08,2019-07-31,Promoters,Invocation of pledge,Pledge Invoke,Equity Shares,17394991.0,0.0,0.0,0.0,0.0,419968288.0,21.97,402573297.0,21.86
DISHTV,2019-08-01 13:30:00,2019-07-31,2019-05-08,2019-07-31,Promoters,Pledge Creation,Pledge,Equity Shares,825000.0,0.0,0.0,0.0,0.0,419143288.0,22.76,419143288.0,22.76
DISHTV,2019-08-01 13:30:00,2019-07-31,2019-05-08,2019-07-31,Promoters,Revokation of Pledge,Pledge Revoke,Equity Shares,905309.0,0.0,0.0,0.0,0.0,402573297.0,21.86,402573297.0,21.86
DISHTV,2019-08-01 13:30:00,2019-07-31,2019-05-14,2019-07-19,Promoters,Invocation of pledge,Pledge Invoke,Equity Shares,17871534.0,0.0,0.0,0.0,0.0,524872409.0,28.51,507000875.0,27.54
DISHTV,2019-08-01 13:30:00,2019-07-31,2019-05-08,2019-07-31,Promoters,Invocation of pledge,Pledge Invoke,Equity Shares,8660000.0,0.0,0.0,0.0,0.0,427803288.0,23.23,419143288.0,22.76
DISHTV,2019-10-09 19:08:00,2019-10-04,2019-08-07,2019-10-03,Promoters,Pledge Creation,Pledge,Equity Shares,4568000.0,0.0,0.0,0.0,0.0,402573297.0,21.86,402573297.0,21.86
DISHTV,2019-10-09 19:08:00,2019-10-04,2019-08-28,2019-09-18,Promoters,Others,Pledge,Equity Shares,119000.0,0.0,0.0,0.0,0.0,504747392.0,27.41,504747392.0,27.41
DISHTV,2019-10-09 19:08:00,2019-10-04,2019-08-07,2019-10-03,Promoters,Others,Pledge,Equity Shares,9451308.0,0.0,0.0,0.0,0.0,395213819.0,21.46,395213819.0,21.46
DISHTV,2019-10-09 19:08:00,2019-10-04,2019-08-28,2019-09-18,Promoters,Invocation of pledge,Pledge Invoke,Equity Shares,2253483.0,0.0,0.0,0.0,0.0,507000875.0,27.54,504747392.0,27.41
DISHTV,2019-10-09 19:08:00,2019-10-04,2019-08-07,2019-10-03,Promoters,Invocation of pledge,Pledge Invoke,Equity Shares,7359478.0,0.0,0.0,0.0,0.0,402573297.0,21.86,395213819.0,21.46
DISHTV,2019-10-21 14:25:00,2019-10-18,2019-10-09,2019-10-10,Promoters,Revokation of Pledge,Pledge Revoke,Equity Shares,1172000.0,0.0,0.0,0.0,0.0,394810319.0,21.44,394810319.0,21.44
DISHTV,2019-10-21 14:25:00,2019-10-18,2019-10-09,2019-10-10,Promoters,Others,Pledge,Equity Shares,1906000.0,0.0,0.0,0.0,0.0,394810319.0,21.44,394810319.0,21.44
DISHTV,2019-10-21 14:25:00,2019-10-18,2019-10-09,2019-10-10,Promoters,Invocation of pledge,Pledge Invoke,Equity Shares,403500.0,0.0,0.0,0.0,0.0,395213819.0,21.46,394810319.0,21.44
DISHTV,2019-11-28 18:26:00,2019-11-27,2019-11-20,2019-11-20,Promoters,Invocation of pledge,Pledge Invoke,Equity Shares,927000.0,0.0,0.0,0.0,0.0,79129822.0,4.3,78202822.0,4.25
DISHTV,2019-12-09 12:21:00,2019-12-06,2019-12-04,2019-12-04,Promoters,Invocation of pledge,Pledge Invoke,Equity Shares,3120000.0,0.0,0.0,0.0,0.0,395982319.0,21.51,392862319.0,21.34
DISHTV,2020-01-02 19:01:00,2020-01-01,2019-12-31,2019-12-31,Promoters,Inter-se-Transfer,Sell,Equity Shares,2142003.0,0.0,0.0,0.0,0.0,504747392.0,27.41,502605389.0,27.3
DISHTV,2020-01-02 19:01:00,2020-01-01,2019-12-31,2019-12-31,Promoters,Inter-se-Transfer,Sell,Equity Shares,89101.0,0.0,0.0,0.0,0.0,78202822.0,4.25,78113721.0,4.24
DISHTV,2020-01-02 19:01:00,2020-01-01,2019-12-30,2019-12-30,Promoters,Inter-se-Transfer,Sell,Equity Shares,24778571.0,0.0,0.0,0.0,0.0,392862319.0,21.34,368083748.0,19.99
DISHTV,2020-01-02 19:01:00,2020-01-01,2019-12-30,2019-12-31,Promoters,Inter-se-Transfer,Buy,Equity Shares,27009675.0,0.0,0.0,0.0,0.0,,0.0,27009675.0,1.47
DISHTV,2020-04-06 21:11:00,2020-04-01,2020-03-31,2020-03-31,Promoters,Invocation of pledge,Pledge Invoke,Equity Shares,7225000.0,0.0,0.0,0.0,0.0,368083748.0,19.99,360858748.0,19.6
DISHTV,2020-04-11 18:15:00,2020-04-09,2020-04-03,2020-04-07,Promoters,Invocation of pledge,Pledge Invoke,Equity Shares,62190000.0,0.0,0.0,0.0,0.0,360858748.0,19.6,298668748.0,16.22
DISHTV,2020-04-11 18:15:00,2020-04-09,2020-04-03,2020-04-07,Promoters,Invocation of pledge,Pledge Invoke,Equity Shares,16900000.0,0.0,0.0,0.0,0.0,502605389.0,27.3,485705389.0,26.38
DISHTV,2020-04-20 18:25:00,2020-04-16,2020-04-13,2020-04-13,Promoters,Invocation of pledge,Pledge Invoke,Equity Shares,16606587.0,0.0,0.0,0.0,0.0,298668748.0,16.22,282062161.0,15.32
DISHTV,2020-06-04 21:10:00,2020-06-02,2020-05-29,2020-05-29,Promoters,Invocation of pledge,Pledge Invoke,Equity Shares,5294138.0,0.0,0.0,0.0,0.0,282062161.0,15.32,276768023.0,15.03
DISHTV,2020-06-04 21:10:00,2020-06-02,2020-05-29,2020-05-29,Promoters,Invocation of pledge,Pledge Invoke,Equity Shares,440054852.0,0.0,0.0,0.0,0.0,485705389.0,26.38,45650537.0,2.48
DISHTV,2020-06-25 16:38:00,2020-06-24,2020-06-23,2020-06-23,Promoters,Invocation of pledge,Pledge Invoke,Equity Shares,11200000.0,0.0,0.0,0.0,0.0,276768023.0,15.03,265568023.0,14.42
DISHTV,2020-06-30 22:38:00,2020-06-29,2020-06-25,2020-06-26,Promoters,Invocation of pledge,Pledge Invoke,Equity Shares,1777800.0,0.0,0.0,0.0,0.0,265568023.0,14.42,263790223.0,14.33
DISHTV,2020-07-03 21:28:00,2020-07-01,2020-06-26,2020-06-26,Promoters,Invocation of pledge,Pledge Invoke,Equity Shares,14689200.0,0.0,0.0,0.0,0.0,263790223.0,14.33,249101023.0,13.53
DISHTV,2020-07-13 22:45:00,2020-07-13,2020-07-09,2020-07-09,Promoters,Invocation of pledge,Pledge Invoke,Equity Shares,10898000.0,0.0,0.0,0.0,0.0,249101023.0,13.53,238203023.0,12.94
DISHTV,2020-07-17 22:23:00,2020-07-17,2020-07-15,2020-07-15,Promoters,Invocation of pledge,Pledge Invoke,Equity Shares,840000.0,0.0,0.0,0.0,0.0,238203023.0,12.94,237363023.0,12.89
DISHTV,2020-07-17 22:23:00,2020-07-17,2020-07-15,2020-07-15,Promoters,Invocation of pledge,Pledge Invoke,Equity Shares,68771000.0,0.0,0.0,0.0,0.0,78113721.0,4.24,9342721.0,0.51
DISHTV,2020-07-21 23:11:00,2020-07-21,2020-07-17,2020-07-18,Promoters,Invocation of pledge,Pledge Invoke,Equity Shares,62511000.0,0.0,0.0,0.0,0.0,237363023.0,12.89,174852023.0,9.5
DISHTV,2020-07-29 22:13:00,2020-07-29,2020-07-27,2020-07-27,Promoters,Invocation of pledge,Pledge Invoke,Equity Shares,648517.0,0.0,0.0,0.0,0.0,45650537.0,2.48,45002020.0,2.44
DISHTV,2020-07-29 22:13:00,2020-07-29,2020-07-27,2020-07-27,Promoters,Invocation of pledge,Pledge Invoke,Equity Shares,16653269.0,0.0,0.0,0.0,0.0,174852023.0,9.5,158198754.0,8.59
DISHTV,2020-08-08 20:41:00,2020-08-07,2020-08-05,2020-08-05,Promoters,Invocation of pledge,Pledge Invoke,Equity Shares,1720528.0,0.0,0.0,0.0,0.0,158198754.0,8.59,156478226.0,8.5
DISHTV,2020-09-16 22:17:00,2020-09-16,2020-09-14,2020-09-15,Promoters,Invocation of pledge,Pledge Invoke,Equity Shares,9812610.0,0.0,0.0,0.0,0.0,45002020.0,2.44,35189410.0,1.91
DISHTV,2020-09-22 23:58:00,2020-09-22,2020-09-18,2020-09-18,Promoters,Invocation of pledge,Pledge Invoke,Equity Shares,5187390.0,0.0,0.0,0.0,0.0,156478226.0,8.5,151290836.0,8.22
DISHTV,2020-09-22 23:58:00,2020-09-22,2020-09-18,2020-09-18,Promoters,Invocation of pledge,Pledge Invoke,Equity Shares,7500000.0,0.0,0.0,0.0,0.0,35189410.0,1.91,27689410.0,1.5
DISHTV,2020-09-27 10:35:00,2020-09-25,2020-09-23,2020-09-23,Promoters,Invocation of pledge,Pledge Invoke,Equity Shares,11988000.0,0.0,0.0,0.0,0.0,27689410.0,1.5,15701410.0,0.85
DISHTV,2020-10-06 22:14:00,2020-10-05,2020-09-30,2020-09-30,Promoters,Invocation of pledge,Pledge Invoke,Equity Shares,3524310.0,0.0,0.0,0.0,0.0,15701410.0,0.85,12177100.0,0.66
DISHTV,2020-10-26 13:14:00,2020-10-24,2020-10-22,2020-10-22,Promoters,Invocation of pledge,Pledge Invoke,Equity Shares,27697000.0,0.0,0.0,0.0,0.0,151290836.0,8.22,123593836.0,6.71
DISHTV,2020-10-26 13:14:00,2020-10-24,2020-10-22,2020-10-22,Promoters,Invocation of pledge,Pledge Invoke,Equity Shares,1775000.0,0.0,0.0,0.0,0.0,12177100.0,0.66,10402100.0,0.56
DISHTV,2020-11-21 22:28:00,2020-11-20,2020-11-18,2020-11-18,Promoters,Invocation of pledge,Pledge Invoke,Equity Shares,2500000.0,0.0,0.0,0.0,0.0,10402100.0,0.56,7902100.0,0.43
DISHTV,2021-01-02 23:50:00,2020-12-31,2020-12-29,2020-12-29,Promoters,Invocation of pledge,Pledge Invoke,Equity Shares,3989000.0,0.0,0.0,0.0,0.0,9342721.0,0.51,5353721.0,0.29
DISHTV,2021-01-02 23:50:00,2020-12-31,2020-12-29,2020-12-29,Promoters,Invocation of pledge,Pledge Invoke,Equity Shares,33861000.0,0.0,0.0,0.0,0.0,123593836.0,6.71,89732836.0,4.87
DISHTV,2021-01-05 21:20:00,2021-01-01,2020-12-30,2020-12-30,Promoters,Invocation of pledge,Pledge Invoke,Equity Shares,9281000.0,0.0,0.0,0.0,0.0,89732836.0,4.87,80451836.0,4.37
DISHTV,2021-01-12 19:18:00,2021-01-11,2021-01-07,2021-01-08,Promoters,Invocation of pledge,Pledge Invoke,Equity Shares,5276000.0,0.0,0.0,0.0,0.0,5353721.0,0.29,77721.0,0.0
DISHTV,2021-01-12 19:18:00,2021-01-11,2021-01-07,2021-01-08,Promoters,Invocation of pledge,Pledge Invoke,Equity Shares,16924000.0,0.0,0.0,0.0,0.0,80451836.0,4.37,63527836.0,3.45
DISHTV,2021-05-18 21:51:00,2021-05-17,2021-05-12,2021-05-12,Promoters,Invocation of pledge,Pledge Invoke,Equity Shares,24992105.0,0.0,0.0,0.0,0.0,63527836.0,3.45,38535731.0,2.09
DISHTV,2021-06-02 19:58:00,2021-06-01,2021-05-28,2021-05-28,Promoters,Invocation of pledge,Pledge Invoke,Equity Shares,330000.0,0.0,0.0,0.0,0.0,38535731.0,2.09,38205731.0,2.07
