symbol,filing_date,intim_date,acq_from_date,acq_to_date,person_category,acq_mode,transaction_type,sec_type,security_acquired_disposed,buy_quantity,sell_quantity,buy_value,sell_value,shares_before_no,shares_before_pct,shares_after_no,shares_after_pct
INFY,2015-11-20 14:25:00,2015-11-18,2015-11-17,2015-11-17,Promoters,Market Purchase,Sell,Equity Shares,25000.0,0.0,0.0,0.0,0.0,14704928.0,0.64,14679928.0,0.639
INFY,2015-11-20 17:13:00,2015-11-18,2015-11-17,2015-11-17,Promoters,Market Sale,Sell,Equity Shares,25000.0,0.0,0.0,0.0,0.0,6044176.0,0.263,6019176.0,0.262
INFY,2015-11-20 17:13:00,2015-11-18,2015-11-17,2015-11-17,Promoters,Market Sale,Sell,Equity Shares,25000.0,0.0,0.0,0.0,0.0,9878844.0,0.43,9853844.0,0.429
INFY,2015-11-30 21:20:00,2015-11-18,2015-11-17,2015-11-17,Promoters,Market Sale,Sell,Equity Shares,25000.0,0.0,0.0,0.0,0.0,9878844.0,0.43,9853844.0,0.429
INFY,2015-11-30 21:20:00,2015-11-18,2015-11-17,2015-11-17,Promoters,Market Sale,Sell,Equity Shares,25000.0,0.0,0.0,0.0,0.0,6044176.0,0.263,6019176.0,0.262
INFY,2015-12-01 13:39:00,2015-11-24,2015-11-02,2015-11-18,Employees/Designated Employees,Market Sale,Sell,Equity Shares,1700.0,0.0,0.0,0.0,0.0,489244.0,0.0,487544.0,0.0
INFY,2015-12-01 20:06:00,2015-11-24,2015-11-23,2015-11-23,Promoters,Market Sale,Sell,Equity Shares,73.0,0.0,0.0,0.0,0.0,14679928.0,0.639,14679855.0,0.639
INFY,2015-12-01 20:06:00,2015-11-24,2015-11-23,2015-11-23,Promoters,Market Sale,Sell,Equity Shares,25000.0,0.0,0.0,0.0,0.0,9853844.0,0.429,9828844.0,0.428
INFY,2015-12-01 20:06:00,2015-11-24,2015-11-23,2015-11-23,Promoters,Market Sale,Sell,Equity Shares,25000.0,0.0,0.0,0.0,0.0,6019176.0,0.262,5994176.0,0.261
INFY,2015-12-03 19:51:00,2015-11-27,2015-11-24,2015-11-27,Employees/Designated Employees,Market Sale,Sell,Equity Shares,4680.0,0.0,0.0,0.0,0.0,18720.0,0.0,14040.0,0.0
INFY,2015-12-03 19:51:00,2015-11-27,2015-11-24,2015-11-27,Employees/Designated Employees,Market Purchase,Buy,Equity Shares,4680.0,0.0,0.0,0.0,0.0,14040.0,0.0,18720.0,0.0
INFY,2015-12-07 17:54:00,2015-12-07,2015-11-25,2015-12-03,Employees/Designated Employees,Market Sale,Sell,Equity Shares,2900.0,0.0,0.0,0.0,0.0,487544.0,0.02,484644.0,0.02
INFY,2015-12-08 09:43:00,2015-12-07,2015-11-30,2015-11-30,Employees/Designated Employees,Market Sale,Sell,Equity Shares,3000.0,0.0,0.0,0.0,0.0,49650.0,0.002,46650.0,0.002
INFY,2015-12-08 17:29:00,2015-11-23,2015-11-06,2015-11-06,Employees/Designated Employees,Market Purchase,Buy,Equity Shares,1495.0,0.0,0.0,0.0,0.0,6848.0,0.0,8343.0,0.0
INFY,2015-12-08 17:29:00,2015-11-23,2015-11-06,2015-11-06,Employees/Designated Employees,Market Sale,Sell,Equity Shares,1495.0,0.0,0.0,0.0,0.0,8343.0,0.0,6848.0,0.0
INFY,2015-12-15 17:16:00,2015-12-15,2015-12-15,2015-12-15,Employees/Designated Employees,Market Sale,Sell,Equity Shares,1500.0,0.0,0.0,0.0,0.0,73844.0,0.0,72344.0,0.0
INFY,2015-12-17 11:15:00,2015-12-16,2015-12-15,2015-12-15,Employees/Designated Employees,ESOP,Sell,Equity Shares,250.0,0.0,0.0,0.0,0.0,80609.0,0.0,80359.0,0.0
INFY,2015-12-18 15:58:00,2015-12-15,2015-10-28,2015-12-15,Employees/Designated Employees,Market Sale,Sell,Equity Shares,1100.0,0.0,0.0,0.0,0.0,29140.0,0.0,28040.0,0.0
INFY,2015-12-21 13:10:00,2015-12-18,2015-12-08,2015-12-10,Employees/Designated Employees,Market Sale,Sell,Equity Shares,1000.0,0.0,0.0,0.0,0.0,484644.0,0.0,483644.0,0.0
INFY,2016-01-13 17:27:00,2016-01-11,2016-01-08,2016-01-08,Director,ESOP,-,Equity Shares,1708.0,0.0,0.0,0.0,0.0,9116.0,0.0,10824.0,0.0
INFY,2016-01-25 13:39:00,2016-01-22,2016-01-18,2016-01-18,Employees/Designated Employees,Market Sale,Sell,Equity Shares,1000.0,0.0,0.0,0.0,0.0,46650.0,0.0,45650.0,0.0
INFY,2016-01-29 09:29:00,2016-01-28,2016-01-28,2016-01-28,Employees/Designated Employees,Market Sale,Sell,Equity Shares,10000.0,0.0,0.0,0.0,0.0,90400.0,0.0,80400.0,0.0
INFY,2016-02-01 20:05:00,2016-02-01,2016-01-30,2016-01-30,Employees/Designated Employees,Market Sale,Sell,Equity Shares,5000.0,0.0,0.0,0.0,0.0,79859.0,0.0,74859.0,0.0
INFY,2016-02-02 19:27:00,2016-02-02,2016-01-22,2016-01-22,Employees/Designated Employees,Gift,Sell,Equity Shares,3000.0,0.0,0.0,0.0,0.0,690176.0,0.0,687176.0,0.0
INFY,2016-02-02 19:27:00,2016-02-02,2016-01-29,2016-01-29,Employees/Designated Employees,Market Sale,Sell,Equity Shares,25000.0,0.0,0.0,0.0,0.0,687176.0,0.0,662176.0,0.0
INFY,2016-02-05 19:13:00,2016-02-04,2016-02-03,2016-02-03,Employees/Designated Employees,Market Sale,Sell,Equity Shares,100.0,0.0,0.0,0.0,0.0,72959.0,0.0,72859.0,0.0
INFY,2016-02-05 19:13:00,2016-02-03,2016-02-02,2016-02-02,Employees/Designated Employees,Market Sale,Sell,Equity Shares,1900.0,0.0,0.0,0.0,0.0,74859.0,0.0,72959.0,0.0
INFY,2016-02-05 19:13:00,2016-02-05,2016-01-18,2016-01-29,Employees/Designated Employees,Market Sale,Sell,Equity Shares,2000.0,0.0,0.0,0.0,0.0,28040.0,0.0,26040.0,0.0
INFY,2016-02-17 09:06:00,2016-02-15,2016-02-11,2016-02-11,Employees/Designated Employees,Market Sale,Sell,Equity Shares,1000.0,0.0,0.0,0.0,0.0,64000.0,0.0,63000.0,0.0
INFY,2016-02-26 12:18:00,2016-02-24,2016-02-24,2016-02-24,Employees/Designated Employees,Market Sale,Sell,Equity Shares,3000.0,0.0,0.0,0.0,0.0,72344.0,0.0,69344.0,0.0
INFY,2016-03-10 19:38:00,2016-03-07,2016-03-04,2016-03-04,Employees/Designated Employees,Gift,Sell,Equity Shares,5000.0,0.0,0.0,0.0,0.0,662176.0,0.0,657176.0,0.0
INFY,2016-03-14 09:29:00,2016-03-10,2016-03-10,2016-03-10,Promoters,Market Sale,Sell,Equity Shares,5000000.0,0.0,0.0,0.0,0.0,26626904.0,1.16,21626904.0,0.09
INFY,2016-03-14 09:29:00,2016-03-10,2016-03-10,2016-03-10,Promoters,Market Sale,Sell,Equity Shares,1000000.0,0.0,0.0,0.0,0.0,9828844.0,0.43,8828844.0,0.38
INFY,2016-03-14 09:29:00,2016-03-10,2016-03-10,2016-03-10,Immediate relative,Market Sale,Sell,Equity Shares,1000000.0,0.0,0.0,0.0,0.0,14687696.0,0.63,13687696.0,0.6
INFY,2016-03-14 09:29:00,2016-03-10,2016-03-10,2016-03-10,Immediate relative,Market Sale,Sell,Equity Shares,500000.0,0.0,0.0,0.0,0.0,5994176.0,0.26,5494176.0,0.23
INFY,2016-03-15 11:46:00,2016-03-11,2016-03-09,2016-03-09,Employees/Designated Employees,Market Sale,Sell,Equity Shares,5000.0,0.0,0.0,0.0,0.0,657156.0,0.0,652156.0,0.0
INFY,2016-03-17 09:08:00,2016-03-15,2016-01-29,2016-03-15,Employees/Designated Employees,Market Sale,Sell,Equity Shares,22704.0,0.0,0.0,0.0,0.0,23268.0,0.0,564.0,0.0
INFY,2016-03-17 09:08:00,2016-03-16,2016-03-15,2016-03-15,Employees/Designated Employees,Market Sale,Sell,Equity Shares,10000.0,0.0,0.0,0.0,0.0,62000.0,0.0,52000.0,0.0
INFY,2016-04-21 19:47:00,2016-04-21,2016-04-19,2016-04-19,Employees/Designated Employees,Market Sale,Sell,Equity Shares,750.0,0.0,0.0,0.0,0.0,72859.0,0.0031,72109.0,
INFY,2016-04-21 19:47:00,2016-04-21,2016-04-19,2016-04-19,Employees/Designated Employees,Market Sale,Sell,Equity Shares,750.0,0.0,0.0,0.0,0.0,72859.0,0.0032,72109.0,
INFY,2016-04-23 14:42:00,2016-04-22,2016-04-18,2016-04-18,Employees/Designated Employees,Market Purchase,Buy,Equity Shares,6360.0,0.0,0.0,0.0,0.0,564.0,0.0,6924.0,0.0
INFY,2016-05-16 11:31:00,2016-05-11,2016-05-10,2016-05-10,Employees/Designated Employees,Market Sale,Sell,Equity Shares,3000.0,0.0,0.0,0.0,0.0,38000.0,0.0,35000.0,0.0
INFY,2016-05-16 11:31:00,2016-05-12,2016-05-11,2016-05-11,Employees/Designated Employees,Market Sale,Sell,Equity Shares,3000.0,0.0,0.0,0.0,0.0,35000.0,0.0,32000.0,0.0
INFY,2016-05-16 11:31:00,2016-05-12,2016-05-12,2016-05-12,Employees/Designated Employees,Market Sale,Sell,Equity Shares,2000.0,0.0,0.0,0.0,0.0,32000.0,0.0,30000.0,0.0
INFY,2016-05-16 11:31:00,2016-05-11,2016-05-09,2016-05-09,Employees/Designated Employees,Market Sale,Sell,Equity Shares,2000.0,0.0,0.0,0.0,0.0,40000.0,0.0,38000.0,0.0
INFY,2016-06-02 17:48:00,2016-06-02,2016-05-31,2016-05-31,Employees/Designated Employees,Market Sale,Sell,Equity Shares,100.0,0.0,0.0,0.0,0.0,72109.0,0.0,72009.0,0.0
INFY,2016-06-06 11:03:00,2016-06-06,2016-06-03,2016-06-04,Employees/Designated Employees,Market Sale,Sell,Equity Shares,200.0,0.0,0.0,0.0,0.0,72009.0,0.0,71809.0,0.0
INFY,2016-06-09 17:48:00,2016-06-08,2016-06-07,2016-06-07,Employees/Designated Employees,Gift,Sell,Equity Shares,20000.0,0.0,0.0,0.0,0.0,83832.0,0.0,63832.0,0.0
INFY,2016-06-24 10:22:00,2016-06-22,,,Director,ESOP,ESOP/ESOS/ESPS,Equity Shares,12406.0,0.0,0.0,0.0,0.0,10824.0,0.0,23230.0,0.0
INFY,2016-07-05 16:30:00,2016-07-05,2016-05-25,2016-05-25,Employees/Designated Employees,Market Sale,Sell,Equity Shares,500.0,0.0,0.0,0.0,0.0,172336.0,0.0,171836.0,0.0
INFY,2016-07-05 16:30:00,2016-07-05,2016-05-26,2016-05-26,Employees/Designated Employees,Market Sale,Sell,Equity Shares,500.0,0.0,0.0,0.0,0.0,171836.0,0.0,171336.0,0.0
INFY,2016-07-05 16:30:00,2016-07-05,2016-05-27,2016-05-27,Employees/Designated Employees,Market Sale,Sell,Equity Shares,500.0,0.0,0.0,0.0,0.0,171336.0,0.0,170836.0,0.0
INFY,2016-07-05 16:30:00,2016-07-05,2016-06-03,2016-06-03,Employees/Designated Employees,Market Sale,Sell,Equity Shares,200.0,0.0,0.0,0.0,0.0,170836.0,0.0,170636.0,0.0
INFY,2016-07-29 10:30:00,2016-07-29,2016-07-18,2016-07-28,Employees/Designated Employees,Market Sale,Sell,Equity Shares,1500.0,0.0,0.0,0.0,0.0,6000.0,0.0,4500.0,0.0
INFY,2016-08-04 18:16:00,2016-08-04,2016-08-02,2016-08-04,Employees/Designated Employees,Market Sale,Sell,Equity Shares,15000.0,0.0,0.0,0.0,0.0,195348.0,0.0,180348.0,0.0
INFY,2016-08-11 19:38:00,2016-08-09,2016-08-08,2016-08-08,Employees/Designated Employees,Market Sale,Sell,Equity Shares,2400.0,0.0,0.0,0.0,0.0,18640.0,0.0,16240.0,0.0
INFY,2016-08-16 18:31:00,2016-08-16,2016-08-10,2016-08-10,Employees/Designated Employees,Market Sale,Sell,Equity Shares,15000.0,0.0,0.0,0.0,0.0,180348.0,0.0,165348.0,0.0
INFY,2016-08-16 18:31:00,2016-08-16,2016-08-11,2016-08-11,Employees/Designated Employees,Market Sale,Sell,Equity Shares,5000.0,0.0,0.0,0.0,0.0,165348.0,0.0,160348.0,0.0
INFY,2016-08-18 17:03:00,2016-08-18,2016-08-17,2016-08-17,Employees/Designated Employees,Market Sale,Sell,Equity Shares,1500.0,0.0,0.0,0.0,0.0,5452.0,0.0,3952.0,0.0
INFY,2016-08-22 10:31:00,2016-08-20,2016-08-12,2016-08-12,Employees/Designated Employees,Market Sale,Sell,Equity Shares,1000.0,0.0,0.0,0.0,0.0,1000.0,0.0,1000.0,0.0
INFY,2016-08-22 17:52:00,2016-08-22,2016-08-22,2016-08-22,Employees/Designated Employees,Market Sale,Sell,Equity Shares,3000.0,0.0,0.0,0.0,0.0,69344.0,0.0,66344.0,0.0
INFY,2016-08-23 10:15:00,2016-08-23,2016-07-01,2016-08-22,Employees/Designated Employees,Market Sale,Sell,Equity Shares,3000.0,0.0,0.0,0.0,0.0,54988.0,0.0,51988.0,0.0
INFY,2016-08-23 13:36:00,2016-08-23,2016-08-22,2016-08-22,Employees/Designated Employees,Market Sale,Sell,Equity Shares,5000.0,0.0,0.0,0.0,0.0,16240.0,0.0,11240.0,0.0
INFY,2016-08-25 11:35:00,2016-08-24,2016-08-24,2016-08-24,Employees/Designated Employees,Market Sale,Sell,Equity Shares,2000.0,0.0,0.0,0.0,0.0,66344.0,0.0,64344.0,0.0
INFY,2016-08-25 18:03:00,2016-08-25,2016-08-20,2016-08-20,Director,ESOP,-,Equity Shares,18236.0,0.0,0.0,0.0,0.0,23230.0,0.0,41466.0,0.0
INFY,2016-08-25 18:07:00,2016-08-25,2016-08-24,2016-08-24,Employees/Designated Employees,Market Sale,Sell,Equity Shares,2000.0,0.0,0.0,0.0,0.0,9968.0,0.0,7968.0,0.0
INFY,2016-08-26 10:07:00,2016-08-26,2016-08-23,2016-08-24,Employees/Designated Employees,Market Sale,Sell,Equity Shares,400.0,0.0,0.0,0.0,0.0,51988.0,0.0,51588.0,0.0
INFY,2016-08-31 14:00:00,2016-08-29,2016-08-23,2016-08-24,Employees/Designated Employees,Market Sale,Sell,Equity Shares,600.0,0.0,0.0,0.0,0.0,80836.0,0.0,80236.0,0.0
INFY,2016-08-31 14:00:00,2016-08-29,2016-08-24,2016-08-29,Employees/Designated Employees,Market Sale,Sell,Equity Shares,400.0,0.0,0.0,0.0,0.0,80236.0,0.0,79836.0,0.0
INFY,2016-08-31 14:00:00,2016-08-29,2016-08-29,2016-08-29,Employees/Designated Employees,Market Sale,Sell,Equity Shares,1000.0,0.0,0.0,0.0,0.0,79836.0,0.0,78836.0,0.0
INFY,2016-08-31 18:26:00,2016-08-31,2016-08-25,2016-08-30,Employees/Designated Employees,Market Sale,Sell,Equity Shares,5000.0,0.0,0.0,0.0,0.0,51588.0,0.0,46588.0,0.0
INFY,2016-09-02 10:48:00,2016-09-01,2016-08-31,2016-08-31,Employees/Designated Employees,Market Sale,Sell,Equity Shares,500.0,0.0,0.0,0.0,0.0,78836.0,0.0,78336.0,0.0
INFY,2016-09-06 17:03:00,2016-09-06,2016-08-31,2016-08-31,Employees/Designated Employees,Market Sale,Sell,Equity Shares,1000.0,0.0,0.0,0.0,0.0,3848.0,0.0,2848.0,0.0
INFY,2016-09-07 15:47:00,2016-09-07,2016-08-31,2016-09-06,Employees/Designated Employees,Market Sale,Sell,Equity Shares,8000.0,0.0,0.0,0.0,0.0,46588.0,0.0,38588.0,0.0
INFY,2016-09-08 16:03:00,2016-09-08,2016-09-07,2016-09-07,Employees/Designated Employees,Market Sale,Sell,Equity Shares,3000.0,0.0,0.0,0.0,0.0,38588.0,0.0,35588.0,0.0
INFY,2016-09-09 10:48:00,2016-09-08,2016-09-07,2016-09-07,Employees/Designated Employees,Market Sale,Sell,Equity Shares,400.0,0.0,0.0,0.0,0.0,78336.0,0.0,77936.0,0.0
INFY,2016-09-09 10:48:00,2016-09-08,2016-08-19,2016-09-06,Employees/Designated Employees,Market Sale,Sell,Equity Shares,1200.0,0.0,0.0,0.0,0.0,18200.0,0.0,17000.0,0.0
INFY,2016-09-14 16:33:00,2016-09-14,2016-09-12,2016-09-12,Employees/Designated Employees,Market Sale,Sell,Equity Shares,10010.0,0.0,0.0,0.0,0.0,78660.0,0.0,68650.0,0.0
INFY,2016-09-15 15:38:00,2016-09-15,2016-09-14,2016-09-14,Employees/Designated Employees,Market Sale,Sell,Equity Shares,500.0,0.0,0.0,0.0,0.0,77936.0,0.0,77436.0,0.0
INFY,2016-09-16 10:32:00,2016-09-15,2016-09-15,2016-09-15,Employees/Designated Employees,Market Sale,Sell,Equity Shares,150.0,0.0,0.0,0.0,0.0,17000.0,0.0,16850.0,0.0
INFY,2016-10-28 11:38:00,2016-10-28,2016-10-27,2016-10-27,Employees/Designated Employees,Market Sale,Sell,Equity Shares,1000.0,0.0,0.0,0.0,0.0,11240.0,0.0,10240.0,0.0
INFY,2016-11-02 11:57:00,2016-10-29,2016-10-28,2016-10-28,Employees/Designated Employees,Market Sale,Sell,Equity Shares,2684.0,0.0,0.0,0.0,0.0,10240.0,0.0,7556.0,0.0
INFY,2016-11-04 10:19:00,2016-11-04,2016-11-03,2016-11-03,Employees/Designated Employees,Market Sale,Sell,Equity Shares,5000.0,0.0,0.0,0.0,0.0,7556.0,0.0,2556.0,0.0
INFY,2016-11-10 17:26:00,2016-11-10,2016-11-09,2016-11-09,Employees/Designated Employees,Market Sale,Sell,Equity Shares,2556.0,0.0,0.0,0.0,0.0,2556.0,0.0,,0.0
INFY,2016-11-17 10:00:00,2016-11-16,2016-11-15,2016-11-15,Employees/Designated Employees,Market Sale,Sell,Equity Shares,2500.0,0.0,0.0,0.0,0.0,35588.0,0.0,33088.0,0.0
INFY,2016-12-12 13:03:00,2016-12-12,2016-12-06,2016-12-09,Employees/Designated Employees,Market Sale,Sell,Equity Shares,1600.0,0.0,0.0,0.0,0.0,62319.0,0.0,60719.0,0.0
INFY,2016-12-16 10:04:00,2016-12-16,2016-12-13,2016-12-15,Employees/Designated Employees,Market Sale,Sell,Equity Shares,3000.0,0.0,0.0,0.0,0.0,60719.0,0.0,57719.0,0.0
INFY,2016-12-20 14:42:00,2016-12-20,2016-12-15,2016-12-15,Employees/Designated Employees,Market Sale,Sell,Equity Shares,5600.0,0.0,0.0,0.0,0.0,8000.0,0.0,2400.0,0.0
INFY,2016-12-22 12:31:00,2016-12-21,2016-12-13,2016-12-13,Employees/Designated Employees,Market Sale,Sell,Equity Shares,1000.0,0.0,0.0,0.0,0.0,41050.0,0.0,40050.0,0.0
INFY,2016-12-22 12:31:00,2016-12-21,2016-12-15,2016-12-15,Employees/Designated Employees,Market Sale,Sell,Equity Shares,2000.0,0.0,0.0,0.0,0.0,38050.0,0.0,36050.0,0.0
INFY,2016-12-22 12:31:00,2016-12-21,2016-12-14,2016-12-14,Employees/Designated Employees,Market Sale,Sell,Equity Shares,2000.0,0.0,0.0,0.0,0.0,40050.0,0.0,38050.0,0.0
INFY,2016-12-22 12:31:00,2016-12-21,2016-12-12,2016-12-12,Employees/Designated Employees,Market Sale,Sell,Equity Shares,1000.0,0.0,0.0,0.0,0.0,42050.0,0.0,41050.0,0.0
INFY,2017-01-11 12:34:00,2017-01-10,2017-01-08,2017-01-08,Director,ESOP,Buy,Equity Shares,3420.0,0.0,0.0,0.0,0.0,41466.0,0.0,44886.0,0.0
INFY,2017-02-02 11:35:00,2017-02-02,2017-01-25,2017-01-25,Employees/Designated Employees,Market Sale,Sell,Equity Shares,2000.0,0.0,0.0,0.0,0.0,56951.0,0.0,54951.0,0.0
INFY,2017-02-02 11:35:00,2017-02-02,2017-01-27,2017-01-27,Employees/Designated Employees,Market Sale,Sell,Equity Shares,5000.0,0.0,0.0,0.0,0.0,54951.0,0.0,49951.0,0.0
INFY,2017-02-20 20:48:00,2017-02-20,2017-02-16,2017-02-17,Employees/Designated Employees,Market Sale,Sell,Equity Shares,2500.0,0.0,0.0,0.0,0.0,13097.0,0.0,10597.0,0.0
INFY,2017-03-06 18:17:00,2017-03-06,2017-03-03,2017-03-03,Employees/Designated Employees,Market Sale,Sell,Equity Shares,300.0,0.0,0.0,0.0,0.0,31700.0,0.0,31400.0,0.0
INFY,2017-03-06 18:17:00,2017-03-06,2017-02-27,2017-02-27,Employees/Designated Employees,Market Sale,Sell,Equity Shares,500.0,0.0,0.0,0.0,0.0,32200.0,0.0,31700.0,0.0
INFY,2017-03-06 18:17:00,2017-03-06,2017-03-03,2017-03-03,Employees/Designated Employees,Market Sale,Sell,Equity Shares,700.0,0.0,0.0,0.0,0.0,31400.0,0.0,30700.0,0.0
INFY,2017-03-09 11:07:00,2017-03-08,2017-03-02,2017-03-02,Employees/Designated Employees,Market Sale,Sell,Equity Shares,5000.0,0.0,0.0,0.0,0.0,68650.0,0.0,63650.0,0.0
INFY,2017-03-14 10:08:00,2017-03-13,2017-03-10,2017-03-10,Employees/Designated Employees,Market Sale,Sell,Equity Shares,9000.0,0.0,0.0,0.0,0.0,12800.0,0.0,3800.0,0.0
INFY,2017-03-14 15:34:00,2017-03-14,2017-03-14,2017-03-14,Employees/Designated Employees,Market Sale,Sell,Equity Shares,1200.0,0.0,0.0,0.0,0.0,30700.0,0.0,29500.0,0.0
INFY,2017-03-16 12:58:00,2017-03-15,2017-03-10,2017-03-10,Employees/Designated Employees,Market Sale,Sell,Equity Shares,700.0,0.0,0.0,0.0,0.0,170636.0,0.0,169936.0,0.0
INFY,2017-03-16 12:58:00,2017-03-15,2017-03-14,2017-03-14,Employees/Designated Employees,Market Sale,Sell,Equity Shares,500.0,0.0,0.0,0.0,0.0,169936.0,0.0,169436.0,0.0
INFY,2017-03-16 18:29:00,2017-03-16,2017-03-15,2017-03-15,Employees/Designated Employees,Market Sale,Sell,Equity Shares,500.0,0.0,0.0,0.0,0.0,169436.0,0.0,168936.0,0.0
INFY,2017-03-16 18:29:00,2017-03-16,2017-03-15,2017-03-15,Employees/Designated Employees,Market Sale,Sell,Equity Shares,2000.0,0.0,0.0,0.0,0.0,7988.0,0.0,5988.0,0.0
INFY,2017-03-16 18:29:00,2017-03-16,2017-03-15,2017-03-15,Employees/Designated Employees,Market Sale,Sell,Equity Shares,3000.0,0.0,0.0,0.0,0.0,32240.0,0.0,29240.0,0.0
INFY,2017-03-17 18:30:00,2017-03-17,2017-03-15,2017-03-15,Employees/Designated Employees,Market Sale,Sell,Equity Shares,350.0,0.0,0.0,0.0,0.0,16850.0,0.0,16500.0,0.0
INFY,2017-03-17 18:30:00,2017-03-17,2017-03-03,2017-03-03,Employees/Designated Employees,Market Sale,Sell,Equity Shares,1000.0,0.0,0.0,0.0,0.0,46320.0,0.0,45320.0,0.0
INFY,2017-03-17 18:30:00,2017-03-17,2017-03-15,2017-03-15,Employees/Designated Employees,Market Sale,Sell,Equity Shares,500.0,0.0,0.0,0.0,0.0,16500.0,0.0,16000.0,0.0
INFY,2017-03-31 10:12:00,2017-03-14,2017-03-10,2017-03-10,Employees/Designated Employees,Market Sale,Sell,Equity Shares,1000.0,0.0,0.0,0.0,0.0,14000.0,0.0,13000.0,0.0
INFY,2017-05-02 11:01:00,2017-04-27,2017-04-27,2017-04-27,Employees/Designated Employees,Market Sale,Sell,Equity Shares,5400.0,0.0,0.0,0.0,0.0,64344.0,0.0,58944.0,0.0
INFY,2017-05-08 17:50:00,2017-05-08,2017-05-08,2017-05-08,Employees/Designated Employees,Market Sale,Sell,Equity Shares,1000.0,0.0,0.0,0.0,0.0,28000.0,0.0,27000.0,0.0
INFY,2017-05-08 17:50:00,2017-05-08,2017-05-08,2017-05-08,Employees/Designated Employees,Market Sale,Sell,Equity Shares,1500.0,0.0,0.0,0.0,0.0,29500.0,0.0,28000.0,0.0
INFY,2017-05-12 18:24:00,2017-05-12,2017-05-12,2017-05-12,Employees/Designated Employees,Market Sale,Sell,Equity Shares,2648.0,0.0,0.0,0.0,0.0,58944.0,0.0,56296.0,0.0
INFY,2017-06-08 11:03:00,2017-06-07,2017-06-02,2017-06-02,Employees/Designated Employees,Market Sale,Sell,Equity Shares,1500.0,0.0,0.0,0.0,0.0,36376.0,0.0,34876.0,0.0
INFY,2017-06-16 16:25:00,2017-06-16,2017-06-15,2017-06-15,Employees/Designated Employees,Market Sale,Sell,Equity Shares,10000.0,0.0,0.0,0.0,0.0,63650.0,0.0,53650.0,0.0
INFY,2017-06-16 16:25:00,2017-06-16,2017-06-15,2017-06-15,Employees/Designated Employees,Market Sale,Sell,Equity Shares,3000.0,0.0,0.0,0.0,0.0,56296.0,0.0,53296.0,0.0
INFY,2017-06-30 10:40:00,2017-06-23,2017-06-23,2017-06-23,Director,Market Purchase,Buy,Equity Shares,24812.0,0.0,0.0,0.0,0.0,44886.0,0.0,69698.0,0.0
INFY,2017-07-13 17:03:00,2017-07-11,2017-06-06,2017-06-30,Employees/Designated Employees,Market Sale,Sell,Equity Shares,3000.0,0.0,0.0,0.0,0.0,154000.0,0.0,151000.0,0.0
INFY,2017-07-20 20:52:00,2017-07-20,2017-07-18,2017-07-19,Employees/Designated Employees,Market Sale,Sell,Equity Shares,2500.0,0.0,0.0,0.0,0.0,4000.0,0.0,1500.0,0.0
INFY,2017-07-20 20:52:00,2017-07-19,2017-07-18,2017-07-18,Employees/Designated Employees,Market Sale,Sell,Equity Shares,3000.0,0.0,0.0,0.0,0.0,33088.0,0.0,30088.0,0.0
INFY,2017-08-01 16:22:00,2017-07-31,2017-07-27,2017-07-27,Employees/Designated Employees,Market Sale,Sell,Equity Shares,1500.0,0.0,0.0,0.0,0.0,30088.0,0.0,28588.0,0.0
INFY,2017-08-04 16:43:00,2017-08-02,2017-08-02,2017-08-02,Director,ESOP,Buy,Equity Shares,30175.0,0.0,0.0,0.0,0.0,69698.0,0.0,99873.0,0.0
INFY,2017-08-10 16:33:00,2017-08-07,2017-07-31,2017-07-31,Employees/Designated Employees,Market Sale,Sell,Equity Shares,1500.0,0.0,0.0,0.0,0.0,4084.0,0.0,2584.0,0.0
INFY,2017-09-01 17:04:00,2017-09-01,2017-07-17,2017-07-31,Employees/Designated Employees,Market Sale,Sell,Equity Shares,14300.0,0.0,0.0,0.0,0.0,151000.0,0.0,136700.0,0.0
INFY,2017-11-03 16:14:00,2017-11-02,2017-10-31,2017-10-31,Employees/Designated Employees,Revokation of Pledge,Pledge Revoke,Equity Shares,4000.0,0.0,0.0,0.0,0.0,4278.0,0.0,4278.0,0.0
INFY,2017-11-21 14:25:00,2017-11-21,2017-11-17,2017-11-17,Employees/Designated Employees,ESOP,Buy,Equity Shares,2300.0,0.0,0.0,0.0,0.0,13056.0,0.0,15356.0,0.0
INFY,2017-11-21 14:25:00,2017-11-21,2017-11-17,2017-11-17,Employees/Designated Employees,ESOP,Buy,Equity Shares,2187.0,0.0,0.0,0.0,0.0,88.0,0.0,2275.0,0.0
INFY,2017-11-21 14:25:00,2017-11-21,2017-11-17,2017-11-17,Employees/Designated Employees,ESOP,Buy,Equity Shares,1412.0,0.0,0.0,0.0,0.0,8756.0,0.0,10168.0,0.0
INFY,2017-11-21 14:25:00,2017-11-21,2017-11-17,2017-11-17,Employees/Designated Employees,ESOP,Buy,Equity Shares,1562.0,0.0,0.0,0.0,0.0,100000.0,0.0,101562.0,0.0
INFY,2017-11-21 14:25:00,2017-11-21,2017-11-17,2017-11-17,Employees/Designated Employees,ESOP,Buy,Equity Shares,1187.0,0.0,0.0,0.0,0.0,56.0,0.0,1243.0,0.0
INFY,2017-11-21 14:25:00,2017-11-21,2017-11-17,2017-11-17,Employees/Designated Employees,ESOP,Buy,Equity Shares,1075.0,0.0,0.0,0.0,0.0,,0.0,1075.0,0.0
INFY,2017-11-21 14:25:00,2017-11-21,2017-11-17,2017-11-17,Employees/Designated Employees,ESOP,Buy,Equity Shares,2137.0,0.0,0.0,0.0,0.0,44000.0,0.0,46137.0,0.0
INFY,2017-11-23 12:58:00,2017-11-23,2017-11-23,2017-11-23,Key Managerial Personnel,Others,Pledge,Equity Shares,4500.0,0.0,0.0,0.0,0.0,9256.0,0.0,9256.0,0.0
INFY,2017-11-29 17:45:00,2017-11-29,2017-11-27,2017-11-27,Employees/Designated Employees,ESOP,Buy,Equity Shares,2475.0,0.0,0.0,0.0,0.0,1263828.0,0.06,1266303.0,0.06
INFY,2017-11-29 17:45:00,2017-11-29,2017-11-27,2017-11-27,Employees/Designated Employees,ESOP,Buy,Equity Shares,1212.0,0.0,0.0,0.0,0.0,160348.0,0.01,161560.0,0.01
INFY,2017-11-29 17:45:00,2017-11-29,2017-11-27,2017-11-27,Employees/Designated Employees,ESOP,Buy,Equity Shares,3287.0,0.0,0.0,0.0,0.0,480.0,0.0,3767.0,0.0
INFY,2017-11-29 17:45:00,2017-11-29,2017-11-27,2017-11-27,Employees/Designated Employees,ESOP,Buy,Equity Shares,1037.0,0.0,0.0,0.0,0.0,24.0,0.0,1061.0,0.0
INFY,2017-12-12 12:26:00,2017-12-08,2017-12-06,2017-12-06,Key Managerial Personnel,ESOP,Buy,Equity Shares,7662.0,0.0,0.0,0.0,0.0,9256.0,0.0,16918.0,0.0
INFY,2017-12-12 12:26:00,2017-12-08,2017-12-06,2017-12-06,Employees/Designated Employees,ESOP,Buy,Equity Shares,1625.0,0.0,0.0,0.0,0.0,60.0,0.0,1685.0,0.0
INFY,2017-12-12 12:26:00,2017-12-08,2017-12-06,2017-12-06,Employees/Designated Employees,ESOP,Buy,Equity Shares,1325.0,0.0,0.0,0.0,0.0,48516.0,0.0,49841.0,0.0
INFY,2017-12-12 12:26:00,2017-12-08,2017-12-06,2017-12-06,Employees/Designated Employees,ESOP,Buy,Equity Shares,1362.0,0.0,0.0,0.0,0.0,4056.0,0.0,5418.0,0.0
INFY,2017-12-12 12:26:00,2017-12-08,2017-12-06,2017-12-06,Employees/Designated Employees,ESOP,Buy,Equity Shares,1025.0,0.0,0.0,0.0,0.0,4278.0,0.0,5303.0,0.0
INFY,2017-12-15 16:27:00,2017-12-15,2017-12-14,2017-12-15,Employees/Designated Employees,Market Sale,Sell,Equity Shares,2500.0,0.0,0.0,0.0,0.0,33249.0,0.0,30749.0,0.0
INFY,2017-12-19 16:47:00,2017-12-18,2017-12-15,2017-12-15,Employees/Designated Employees,Market Sale,Sell,Equity Shares,8000.0,0.0,0.0,0.0,0.0,108000.0,0.0,100000.0,0.0
INFY,2017-12-22 15:44:00,2017-12-22,2017-12-20,2017-12-20,Employees/Designated Employees,ESOP,Buy,Equity Shares,1287.0,0.0,0.0,0.0,0.0,,0.0,1287.0,0.0
INFY,2017-12-22 15:44:00,2017-12-22,2017-12-20,2017-12-20,Employees/Designated Employees,ESOP,Buy,Equity Shares,3012.0,0.0,0.0,0.0,0.0,,0.0,3012.0,0.0
INFY,2017-12-28 12:55:00,2017-12-27,2017-12-22,2017-12-22,Promoters,Others,Sell,Equity Shares,176658.0,0.0,0.0,0.0,0.0,4000000.0,0.17,3823342.0,0.18
INFY,2017-12-28 12:55:00,2017-12-27,2017-12-22,2017-12-22,Promoters,Others,Sell,Equity Shares,330583.0,0.0,0.0,0.0,0.0,6663164.0,0.29,6332581.0,0.29
INFY,2017-12-28 12:55:00,2017-12-27,2017-12-22,2017-12-22,Promoters,Others,Sell,Equity Shares,245211.0,0.0,0.0,0.0,0.0,5494176.0,0.24,5248965.0,0.24
INFY,2017-12-28 12:55:00,2017-12-27,2017-12-22,2017-12-22,Promoters,Others,Sell,Equity Shares,900276.0,0.0,0.0,0.0,0.0,20189928.0,0.88,19289652.0,0.88
INFY,2017-12-28 12:55:00,2017-12-27,2017-12-22,2017-12-22,Promoters,Others,Sell,Equity Shares,176658.0,0.0,0.0,0.0,0.0,4000000.0,0.17,3823342.0,0.18
INFY,2017-12-28 12:55:00,2017-12-27,2017-12-22,2017-12-22,Promoters,Others,Sell,Equity Shares,1500000.0,0.0,0.0,0.0,0.0,49178500.0,2.14,47678500.0,2.18
INFY,2017-12-28 12:55:00,2017-12-27,2017-12-22,2017-12-22,Promoters,Others,Sell,Equity Shares,783327.0,0.0,0.0,0.0,0.0,18058640.0,0.79,17275313.0,0.79
INFY,2017-12-28 12:55:00,2017-12-27,2017-12-22,2017-12-22,Director,Others,Sell,Equity Shares,25484.0,0.0,0.0,0.0,0.0,555520.0,0.02,530036.0,0.02
INFY,2017-12-28 12:55:00,2017-12-27,2017-12-22,2017-12-22,Director,Others,Sell,Equity Shares,55625.0,0.0,0.0,0.0,0.0,1151720.0,0.05,1096095.0,0.05
INFY,2017-12-28 12:55:00,2017-12-27,2017-12-22,2017-12-22,Other,Others,Sell,Equity Shares,483.0,0.0,0.0,0.0,0.0,10000.0,0.0,9517.0,0.0
INFY,2017-12-28 12:55:00,2017-12-27,2017-12-22,2017-12-22,Immediate relative,Others,Sell,Equity Shares,3349.0,0.0,0.0,0.0,0.0,69260.0,0.0,65911.0,0.0
INFY,2017-12-28 12:55:00,2017-12-27,2017-12-22,2017-12-22,Promoters,Others,Sell,Equity Shares,1392682.0,0.0,0.0,0.0,0.0,31799128.0,1.38,30406446.0,1.39
INFY,2017-12-28 12:55:00,2017-12-27,2017-12-22,2017-12-22,Promoters,Others,Sell,Equity Shares,837150.0,0.0,0.0,0.0,0.0,18004696.0,0.78,17167546.0,0.79
INFY,2017-12-28 12:55:00,2017-12-27,2017-12-22,2017-12-22,Promoters,Others,Sell,Equity Shares,700000.0,0.0,0.0,0.0,0.0,21626904.0,0.94,20926904.0,0.96
INFY,2017-12-28 12:55:00,2017-12-27,2017-12-22,2017-12-22,Promoters,Others,Sell,Equity Shares,655180.0,0.0,0.0,0.0,0.0,14679855.0,0.64,14024675.0,0.64
INFY,2017-12-28 12:55:00,2017-12-27,2017-12-22,2017-12-22,Promoters,Others,Sell,Equity Shares,947100.0,0.0,0.0,0.0,0.0,20425648.0,0.89,19478548.0,0.89
INFY,2017-12-28 12:55:00,2017-12-27,2017-12-22,2017-12-22,Promoters,Others,Sell,Equity Shares,746353.0,0.0,0.0,0.0,0.0,16986148.0,0.74,16239795.0,0.74
INFY,2017-12-28 12:55:00,2017-12-27,2017-12-22,2017-12-22,Promoters,Others,Sell,Equity Shares,991899.0,0.0,0.0,0.0,0.0,21383480.0,0.93,20391581.0,0.93
INFY,2017-12-28 12:55:00,2017-12-27,2017-12-22,2017-12-22,Promoters,Others,Sell,Equity Shares,324364.0,0.0,0.0,0.0,0.0,6663240.0,0.29,6338876.0,0.29
INFY,2017-12-28 12:55:00,2017-12-27,2017-12-22,2017-12-22,Promoters,Others,Sell,Equity Shares,395869.0,0.0,0.0,0.0,0.0,8718688.0,0.38,8322819.0,0.38
INFY,2017-12-28 19:22:00,2017-12-26,2017-11-28,2017-11-28,Employees/Designated Employees,Market Sale,Sell,Equity Shares,1000.0,0.0,0.0,0.0,0.0,27000.0,0.0,26000.0,0.0
INFY,2017-12-28 19:22:00,2017-12-26,2017-12-14,2017-12-15,Employees/Designated Employees,Market Purchase,Buy,Equity Shares,1471.0,0.0,0.0,0.0,0.0,34252.0,0.0,35723.0,0.0
INFY,2017-12-28 19:22:00,2017-12-27,2017-12-22,2017-12-22,Employees/Designated Employees,Market Sale,Sell,Equity Shares,1184.0,0.0,0.0,0.0,0.0,25918.0,0.0,24734.0,0.0
INFY,2018-01-02 18:42:00,2018-01-01,2017-11-24,2017-11-24,Employees/Designated Employees,Market Sale,Sell,Equity Shares,1500.0,0.0,0.0,0.0,0.0,38848.0,0.0,37348.0,0.0
INFY,2018-01-02 18:42:00,2018-01-01,2017-12-22,2017-12-22,Employees/Designated Employees,Others,Sell,Equity Shares,1720.0,0.0,0.0,0.0,0.0,35348.0,0.0,33628.0,0.0
INFY,2018-01-02 18:42:00,2018-01-01,2017-12-22,2017-12-22,Employees/Designated Employees,Market Sale,Sell,Equity Shares,2000.0,0.0,0.0,0.0,0.0,37348.0,0.0,35348.0,0.0
INFY,2018-01-05 12:36:00,2017-12-27,2017-12-22,2017-12-22,Employees/Designated Employees,Others,Sell,Equity Shares,1010.0,0.0,0.0,0.0,0.0,23525.0,0.0,22515.0,0.0
INFY,2018-01-05 12:36:00,2017-12-27,2017-12-22,2017-12-22,Employees/Designated Employees,Others,Sell,Equity Shares,1858.0,0.0,0.0,0.0,0.0,43284.0,0.0,41426.0,0.0
INFY,2018-01-05 12:36:00,2017-12-27,2017-12-22,2017-12-22,Employees/Designated Employees,Others,Sell,Equity Shares,3681.0,0.0,0.0,0.0,0.0,73700.0,0.0,70019.0,0.0
INFY,2018-01-05 12:36:00,2017-12-27,2017-12-22,2017-12-22,Employees/Designated Employees,Others,Sell,Equity Shares,1570.0,0.0,0.0,0.0,0.0,30092.0,0.0,28522.0,0.0
INFY,2018-01-05 12:36:00,2017-12-27,2017-12-22,2017-12-22,Employees/Designated Employees,Others,Sell,Equity Shares,1327.0,0.0,0.0,0.0,0.0,30632.0,0.0,29305.0,0.0
INFY,2018-01-05 12:36:00,2017-12-27,2017-12-22,2017-12-22,Employees/Designated Employees,Others,Sell,Equity Shares,1957.0,0.0,0.0,0.0,0.0,33150.0,0.0,31193.0,0.0
INFY,2018-01-05 12:36:00,2017-12-27,2017-12-22,2017-12-22,Employees/Designated Employees,Others,Sell,Equity Shares,58778.0,0.0,0.0,0.0,0.0,1266303.0,0.0,1207525.0,0.0
INFY,2018-01-05 12:36:00,2017-12-27,2017-12-22,2017-12-22,Employees/Designated Employees,Others,Sell,Equity Shares,6745.0,0.0,0.0,0.0,0.0,150215.0,0.0,143470.0,0.0
INFY,2018-01-05 12:36:00,2017-12-27,2017-12-22,2017-12-22,Employees/Designated Employees,Others,Sell,Equity Shares,3695.0,0.0,0.0,0.0,0.0,36250.0,0.0,32555.0,0.0
INFY,2018-01-05 12:36:00,2017-12-27,2017-12-22,2017-12-22,Employees/Designated Employees,Others,Sell,Equity Shares,1335.0,0.0,0.0,0.0,0.0,19248.0,0.0,17913.0,0.0
INFY,2018-01-05 12:36:00,2017-12-27,2017-12-22,2017-12-22,Employees/Designated Employees,Others,Sell,Equity Shares,4483.0,0.0,0.0,0.0,0.0,47600.0,0.0,43117.0,0.0
INFY,2018-01-05 12:36:00,2017-12-27,2017-12-22,2017-12-22,Employees/Designated Employees,Others,Sell,Equity Shares,982.0,0.0,0.0,0.0,0.0,22868.0,0.0,21886.0,0.0
INFY,2018-01-05 12:36:00,2017-12-27,2017-12-22,2017-12-22,Employees/Designated Employees,Others,Sell,Equity Shares,921.0,0.0,0.0,0.0,0.0,9962.0,0.0,9041.0,0.0
INFY,2018-01-05 12:36:00,2017-12-27,2017-12-22,2017-12-22,Employees/Designated Employees,Others,Sell,Equity Shares,1116.0,0.0,0.0,0.0,0.0,20000.0,0.0,18884.0,0.0
INFY,2018-01-05 12:36:00,2017-12-27,2017-12-22,2017-12-22,Employees/Designated Employees,Others,Sell,Equity Shares,1690.0,0.0,0.0,0.0,0.0,16490.0,0.0,14800.0,0.0
INFY,2018-01-05 12:36:00,2017-12-27,2017-12-22,2017-12-22,Employees/Designated Employees,Others,Sell,Equity Shares,2686.0,0.0,0.0,0.0,0.0,50052.0,0.0,47366.0,0.0
INFY,2018-01-05 12:36:00,2017-12-27,2017-12-22,2017-12-22,Employees/Designated Employees,Others,Sell,Equity Shares,980.0,0.0,0.0,0.0,0.0,10000.0,0.0,9020.0,0.0
INFY,2018-01-05 12:36:00,2017-12-26,2017-12-22,2017-12-22,Employees/Designated Employees,Others,Sell,Equity Shares,6790.0,0.0,0.0,0.0,0.0,158088.0,0.0,151298.0,0.0
INFY,2018-01-05 12:36:00,2017-12-27,2017-12-22,2017-12-22,Employees/Designated Employees,Others,Sell,Equity Shares,2422.0,0.0,0.0,0.0,0.0,56400.0,0.0,53978.0,0.0
INFY,2018-01-05 12:36:00,2017-12-27,2017-12-22,2017-12-22,Employees/Designated Employees,Others,Sell,Equity Shares,1004.0,0.0,0.0,0.0,0.0,22452.0,0.0,21448.0,0.0
INFY,2018-01-05 12:36:00,2017-12-27,2017-12-22,2017-12-22,Employees/Designated Employees,Others,Sell,Equity Shares,6600.0,0.0,0.0,0.0,0.0,161560.0,0.0,154960.0,0.0
INFY,2018-01-05 12:36:00,2017-12-27,2017-12-22,2017-12-22,Employees/Designated Employees,Others,Sell,Equity Shares,961.0,0.0,0.0,0.0,0.0,13844.0,0.0,12883.0,0.0
INFY,2018-01-05 12:36:00,2017-12-27,2017-12-22,2017-12-22,Employees/Designated Employees,Others,Sell,Equity Shares,1033.0,0.0,0.0,0.0,0.0,24064.0,0.0,23031.0,0.0
INFY,2018-01-05 12:36:00,2017-12-27,2017-12-22,2017-12-22,Employees/Designated Employees,Others,Sell,Equity Shares,934.0,0.0,0.0,0.0,0.0,9125.0,0.0,8191.0,0.0
INFY,2018-01-05 12:36:00,2017-12-27,2017-12-22,2017-12-22,Employees/Designated Employees,Others,Sell,Equity Shares,960.0,0.0,0.0,0.0,0.0,9370.0,0.0,8410.0,0.0
INFY,2018-01-05 12:36:00,2017-12-27,2017-12-22,2017-12-22,Employees/Designated Employees,Others,Sell,Equity Shares,1376.0,0.0,0.0,0.0,0.0,28000.0,0.0,26624.0,0.0
INFY,2018-01-05 12:36:00,2017-12-27,2017-12-22,2017-12-22,Employees/Designated Employees,Others,Sell,Equity Shares,1638.0,0.0,0.0,0.0,0.0,15980.0,0.0,14342.0,0.0
INFY,2018-01-05 12:36:00,2017-12-26,2017-12-22,2017-12-22,Employees/Designated Employees,Others,Sell,Equity Shares,970.0,0.0,0.0,0.0,0.0,36000.0,0.0,35030.0,0.0
INFY,2018-01-05 12:36:00,2017-12-27,2017-12-22,2017-12-22,Employees/Designated Employees,Others,Sell,Equity Shares,2362.0,0.0,0.0,0.0,0.0,30749.0,0.0,28387.0,0.0
INFY,2018-01-05 12:36:00,2017-12-27,2017-12-22,2017-12-22,Employees/Designated Employees,Others,Sell,Equity Shares,1725.0,0.0,0.0,0.0,0.0,19658.0,0.0,17933.0,0.0
INFY,2018-01-05 12:36:00,2017-12-27,2017-12-22,2017-12-22,Employees/Designated Employees,Others,Sell,Equity Shares,969.0,0.0,0.0,0.0,0.0,21816.0,0.0,20847.0,0.0
INFY,2018-01-05 12:36:00,2017-12-27,2017-12-22,2017-12-22,Employees/Designated Employees,Others,Sell,Equity Shares,2402.0,0.0,0.0,0.0,0.0,33660.0,0.0,31258.0,0.0
INFY,2018-01-05 12:36:00,2017-12-27,2017-12-22,2017-12-22,Employees/Designated Employees,Others,Sell,Equity Shares,1763.0,0.0,0.0,0.0,0.0,57969.0,0.0,56206.0,0.0
INFY,2018-01-05 12:36:00,2017-12-27,2017-12-22,2017-12-22,Employees/Designated Employees,Others,Sell,Equity Shares,1921.0,0.0,0.0,0.0,0.0,40000.0,0.0,38079.0,0.0
INFY,2018-01-05 12:36:00,2017-12-27,2017-12-22,2017-12-22,Employees/Designated Employees,Others,Sell,Equity Shares,1412.0,0.0,0.0,0.0,0.0,10000.0,0.0,8588.0,0.0
INFY,2018-01-05 12:36:00,2017-12-27,2017-12-22,2017-12-22,Employees/Designated Employees,Others,Sell,Equity Shares,1275.0,0.0,0.0,0.0,0.0,12440.0,0.0,11165.0,0.0
INFY,2018-01-05 12:36:00,2017-12-27,2017-12-22,2017-12-22,Employees/Designated Employees,Others,Sell,Equity Shares,1159.0,0.0,0.0,0.0,0.0,22240.0,0.0,21081.0,0.0
INFY,2018-01-05 12:36:00,2017-12-27,2017-12-22,2017-12-22,Employees/Designated Employees,Others,Sell,Equity Shares,1570.0,0.0,0.0,0.0,0.0,35450.0,0.0,33880.0,0.0
INFY,2018-01-05 12:36:00,2017-12-27,2017-12-22,2017-12-22,Employees/Designated Employees,Others,Sell,Equity Shares,896.0,0.0,0.0,0.0,0.0,19202.0,0.0,18306.0,0.0
INFY,2018-01-05 12:36:00,2017-12-27,2017-12-22,2017-12-22,Employees/Designated Employees,Others,Sell,Equity Shares,1190.0,0.0,0.0,0.0,0.0,24076.0,0.0,22886.0,0.0
INFY,2018-01-05 12:36:00,2017-12-26,2017-12-22,2017-12-22,Employees/Designated Employees,Others,Sell,Equity Shares,3112.0,0.0,0.0,0.0,0.0,100172.0,0.0,97060.0,0.0
INFY,2018-01-05 12:36:00,2017-12-26,2017-12-22,2017-12-22,Employees/Designated Employees,Others,Sell,Equity Shares,2243.0,0.0,0.0,0.0,0.0,52264.0,0.0,50021.0,0.0
INFY,2018-01-05 12:36:00,2017-12-27,2017-12-22,2017-12-22,Employees/Designated Employees,Others,Sell,Equity Shares,1567.0,0.0,0.0,0.0,0.0,23847.0,0.0,22280.0,0.0
INFY,2018-01-05 12:36:00,2017-12-27,2017-12-22,2017-12-22,Employees/Designated Employees,Others,Sell,Equity Shares,1134.0,0.0,0.0,0.0,0.0,27516.0,0.0,26382.0,0.0
INFY,2018-01-05 12:36:00,2017-12-27,2017-12-22,2017-12-22,Employees/Designated Employees,Others,Sell,Equity Shares,2055.0,0.0,0.0,0.0,0.0,20955.0,0.0,18900.0,0.0
INFY,2018-01-05 12:36:00,2017-12-27,2017-12-22,2017-12-22,Employees/Designated Employees,Others,Sell,Equity Shares,2471.0,0.0,0.0,0.0,0.0,48940.0,0.0,46469.0,0.0
INFY,2018-01-05 12:36:00,2017-12-27,2017-12-22,2017-12-22,Employees/Designated Employees,Others,Sell,Equity Shares,1099.0,0.0,0.0,0.0,0.0,96004.0,0.0,94905.0,0.0
INFY,2018-01-05 12:36:00,2017-12-27,2017-12-22,2017-12-22,Employees/Designated Employees,Others,Sell,Equity Shares,884.0,0.0,0.0,0.0,0.0,17372.0,0.0,16488.0,0.0
INFY,2018-01-05 12:36:00,2017-12-27,2017-12-22,2017-12-22,Employees/Designated Employees,Others,Sell,Equity Shares,1590.0,0.0,0.0,0.0,0.0,34894.0,0.0,33304.0,0.0
INFY,2018-01-05 12:36:00,2017-12-26,2017-12-22,2017-12-22,Employees/Designated Employees,Others,Sell,Equity Shares,872.0,0.0,0.0,0.0,0.0,8513.0,0.0,7641.0,0.0
INFY,2018-01-05 12:36:00,2017-12-27,2017-12-22,2017-12-22,Employees/Designated Employees,Others,Sell,Equity Shares,2348.0,0.0,0.0,0.0,0.0,29140.0,0.0,26792.0,0.0
INFY,2018-01-05 12:36:00,2017-12-27,2017-12-22,2017-12-22,Employees/Designated Employees,Others,Sell,Equity Shares,2137.0,0.0,0.0,0.0,0.0,20860.0,0.0,18723.0,0.0
INFY,2018-01-05 12:36:00,2017-12-27,2017-12-22,2017-12-22,Employees/Designated Employees,Others,Sell,Equity Shares,1332.0,0.0,0.0,0.0,0.0,12993.0,0.0,11661.0,0.0
INFY,2018-01-05 12:36:00,2017-12-27,2017-12-22,2017-12-22,Employees/Designated Employees,Others,Sell,Equity Shares,1230.0,0.0,0.0,0.0,0.0,12000.0,0.0,10770.0,0.0
INFY,2018-01-05 12:36:00,2017-12-27,2017-12-22,2017-12-22,Employees/Designated Employees,Others,Sell,Equity Shares,6417.0,0.0,0.0,0.0,0.0,169158.0,0.0,162741.0,0.0
INFY,2018-01-05 12:36:00,2017-12-27,2017-12-22,2017-12-22,Employees/Designated Employees,Others,Sell,Equity Shares,5586.0,0.0,0.0,0.0,0.0,56552.0,0.0,50966.0,0.0
INFY,2018-01-05 12:36:00,2017-12-26,2017-12-22,2017-12-22,Employees/Designated Employees,Others,Sell,Equity Shares,1376.0,0.0,0.0,0.0,0.0,26847.0,0.0,25471.0,0.0
INFY,2018-01-05 12:36:00,2017-12-27,2017-12-22,2017-12-22,Employees/Designated Employees,Others,Sell,Equity Shares,962.0,0.0,0.0,0.0,0.0,22400.0,0.0,21438.0,0.0
INFY,2018-01-05 12:36:00,2017-12-26,2017-12-22,2017-12-22,Employees/Designated Employees,Others,Sell,Equity Shares,1604.0,0.0,0.0,0.0,0.0,15725.0,0.0,14121.0,0.0
INFY,2018-01-05 12:36:00,2017-12-27,2017-12-22,2017-12-22,Employees/Designated Employees,Others,Sell,Equity Shares,1113.0,0.0,0.0,0.0,0.0,48772.0,0.0,47659.0,0.0
INFY,2018-01-05 12:36:00,2017-12-27,2017-12-22,2017-12-22,Employees/Designated Employees,Others,Sell,Equity Shares,1036.0,0.0,0.0,0.0,0.0,18020.0,0.0,16984.0,0.0
INFY,2018-01-05 12:36:00,2017-12-27,2017-12-22,2017-12-22,Employees/Designated Employees,Others,Sell,Equity Shares,1742.0,0.0,0.0,0.0,0.0,17000.0,0.0,15258.0,0.0
INFY,2018-01-05 12:36:00,2017-12-27,2017-12-22,2017-12-22,Employees/Designated Employees,Others,Sell,Equity Shares,1618.0,0.0,0.0,0.0,0.0,45000.0,0.0,43382.0,0.0
INFY,2018-01-05 12:36:00,2017-12-27,2017-12-22,2017-12-22,Employees/Designated Employees,Others,Sell,Equity Shares,1501.0,0.0,0.0,0.0,0.0,59100.0,0.0,57599.0,0.0
INFY,2018-01-05 12:36:00,2017-12-26,2017-12-22,2017-12-22,Employees/Designated Employees,Others,Sell,Equity Shares,50535.0,0.0,0.0,0.0,0.0,1169784.0,0.0,1119249.0,0.0
INFY,2018-01-05 12:36:00,2017-12-27,2017-12-22,2017-12-22,Employees/Designated Employees,Others,Sell,Equity Shares,1526.0,0.0,0.0,0.0,0.0,22450.0,0.0,20924.0,0.0
INFY,2018-01-05 12:36:00,2017-12-27,2017-12-22,2017-12-22,Employees/Designated Employees,Others,Sell,Equity Shares,952.0,0.0,0.0,0.0,0.0,19000.0,0.0,18048.0,0.0
INFY,2018-01-05 12:36:00,2017-12-27,2017-12-22,2017-12-22,Employees/Designated Employees,Others,Sell,Equity Shares,1056.0,0.0,0.0,0.0,0.0,27234.0,0.0,26178.0,0.0
INFY,2018-01-05 12:36:00,2017-12-26,2017-12-22,2017-12-22,Employees/Designated Employees,Others,Sell,Equity Shares,975.0,0.0,0.0,0.0,0.0,10745.0,0.0,9770.0,0.0
INFY,2018-01-05 12:36:00,2017-12-27,2017-12-22,2017-12-22,Employees/Designated Employees,Others,Sell,Equity Shares,1972.0,0.0,0.0,0.0,0.0,19252.0,0.0,17280.0,0.0
INFY,2018-01-05 12:36:00,2017-12-27,2017-12-22,2017-12-22,Employees/Designated Employees,Others,Sell,Equity Shares,2050.0,0.0,0.0,0.0,0.0,43226.0,0.0,41176.0,0.0
INFY,2018-01-05 12:36:00,2017-12-27,2017-12-22,2017-12-22,Employees/Designated Employees,Others,Sell,Equity Shares,1172.0,0.0,0.0,0.0,0.0,20000.0,0.0,18828.0,0.0
INFY,2018-01-05 12:36:00,2017-12-26,2017-12-22,2017-12-22,Employees/Designated Employees,Others,Sell,Equity Shares,267.0,0.0,0.0,0.0,0.0,6192.0,0.0,5925.0,0.0
INFY,2018-01-05 12:36:00,2017-12-27,2017-12-22,2017-12-22,Employees/Designated Employees,Others,Sell,Equity Shares,1517.0,0.0,0.0,0.0,0.0,16060.0,0.0,14543.0,0.0
INFY,2018-01-05 12:36:00,2017-12-27,2017-12-22,2017-12-22,Employees/Designated Employees,Others,Sell,Equity Shares,1337.0,0.0,0.0,0.0,0.0,25504.0,0.0,24167.0,0.0
INFY,2018-01-05 12:36:00,2017-12-27,2017-12-22,2017-12-22,Employees/Designated Employees,Others,Sell,Equity Shares,2395.0,0.0,0.0,0.0,0.0,23373.0,0.0,20978.0,0.0
INFY,2018-01-05 12:36:00,2017-12-26,2017-12-22,2017-12-22,Employees/Designated Employees,Others,Sell,Equity Shares,1242.0,0.0,0.0,0.0,0.0,26375.0,0.0,25133.0,0.0
INFY,2018-01-05 12:36:00,2017-12-27,2017-12-22,2017-12-22,Employees/Designated Employees,Others,Sell,Equity Shares,6413.0,0.0,0.0,0.0,0.0,217517.0,0.0,211104.0,0.0
INFY,2018-01-05 12:36:00,2017-12-27,2017-12-22,2017-12-22,Employees/Designated Employees,Others,Sell,Equity Shares,2104.0,0.0,0.0,0.0,0.0,31548.0,0.0,29444.0,0.0
INFY,2018-01-05 12:36:00,2017-12-26,2017-12-22,2017-12-22,Employees/Designated Employees,Others,Sell,Equity Shares,1316.0,0.0,0.0,0.0,0.0,12848.0,0.0,11532.0,0.0
INFY,2018-01-05 12:36:00,2017-12-27,2017-12-22,2017-12-22,Employees/Designated Employees,Others,Sell,Equity Shares,4294.0,0.0,0.0,0.0,0.0,101562.0,0.0,97268.0,0.0
INFY,2018-01-05 12:36:00,2017-12-27,2017-12-22,2017-12-22,Employees/Designated Employees,Others,Sell,Equity Shares,4055.0,0.0,0.0,0.0,0.0,39570.0,0.0,35515.0,0.0
INFY,2018-01-05 12:36:00,2017-12-27,2017-12-22,2017-12-22,Employees/Designated Employees,Others,Sell,Equity Shares,1301.0,0.0,0.0,0.0,0.0,29902.0,0.0,28601.0,0.0
INFY,2018-01-05 12:36:00,2017-12-27,2017-12-22,2017-12-22,Employees/Designated Employees,Others,Sell,Equity Shares,1154.0,0.0,0.0,0.0,0.0,27109.0,0.0,25955.0,0.0
INFY,2018-01-05 12:36:00,2017-12-27,2017-12-22,2017-12-22,Employees/Designated Employees,Others,Sell,Equity Shares,1136.0,0.0,0.0,0.0,0.0,26690.0,0.0,25554.0,0.0
INFY,2018-01-05 12:36:00,2017-12-26,2017-12-22,2017-12-22,Employees/Designated Employees,Others,Sell,Equity Shares,872.0,0.0,0.0,0.0,0.0,8518.0,0.0,7646.0,0.0
INFY,2018-01-05 12:36:00,2017-12-27,2017-12-22,2017-12-22,Employees/Designated Employees,Others,Sell,Equity Shares,4612.0,0.0,0.0,0.0,0.0,45612.0,0.0,41000.0,0.0
INFY,2018-01-05 12:36:00,2017-12-26,2017-12-22,2017-12-22,Employees/Designated Employees,Others,Sell,Equity Shares,1089.0,0.0,0.0,0.0,0.0,11614.0,0.0,10525.0,0.0
INFY,2018-01-05 12:36:00,2017-12-27,2017-12-22,2017-12-22,Employees/Designated Employees,Others,Sell,Equity Shares,2235.0,0.0,0.0,0.0,0.0,36970.0,0.0,34735.0,0.0
INFY,2018-01-05 12:36:00,2017-12-27,2017-12-22,2017-12-22,Employees/Designated Employees,Others,Sell,Equity Shares,2083.0,0.0,0.0,0.0,0.0,49841.0,0.0,47758.0,0.0
INFY,2018-01-05 12:36:00,2017-12-27,2017-12-22,2017-12-22,Employees/Designated Employees,Others,Sell,Equity Shares,1711.0,0.0,0.0,0.0,0.0,51400.0,0.0,49689.0,0.0
INFY,2018-01-05 12:36:00,2017-12-27,2017-12-22,2017-12-22,Employees/Designated Employees,Others,Sell,Equity Shares,2580.0,0.0,0.0,0.0,0.0,57615.0,0.0,55035.0,0.0
INFY,2018-01-05 12:36:00,2017-12-27,2017-12-22,2017-12-22,Employees/Designated Employees,Others,Sell,Equity Shares,2055.0,0.0,0.0,0.0,0.0,20056.0,0.0,18001.0,0.0
INFY,2018-01-05 12:36:00,2017-12-27,2017-12-22,2017-12-22,Employees/Designated Employees,Others,Sell,Equity Shares,3056.0,0.0,0.0,0.0,0.0,53671.0,0.0,50615.0,0.0
INFY,2018-01-05 12:36:00,2017-12-27,2017-12-22,2017-12-22,Employees/Designated Employees,Others,Sell,Equity Shares,1559.0,0.0,0.0,0.0,0.0,15220.0,0.0,13661.0,0.0
INFY,2018-01-05 12:36:00,2017-12-26,2017-12-22,2017-12-22,Employees/Designated Employees,Others,Sell,Equity Shares,1471.0,0.0,0.0,0.0,0.0,35723.0,0.0,34252.0,0.0
INFY,2018-01-05 12:36:00,2017-12-27,2017-12-22,2017-12-22,Employees/Designated Employees,Others,Sell,Equity Shares,944.0,0.0,0.0,0.0,0.0,30848.0,0.0,29904.0,0.0
INFY,2018-01-05 12:36:00,2017-12-26,2017-12-22,2017-12-22,Employees/Designated Employees,Others,Sell,Equity Shares,17000.0,0.0,0.0,0.0,0.0,831868.0,0.0,814868.0,0.0
INFY,2018-01-05 12:36:00,2017-12-27,2017-12-22,2017-12-22,Employees/Designated Employees,Others,Sell,Equity Shares,1156.0,0.0,0.0,0.0,0.0,21000.0,0.0,19844.0,0.0
INFY,2018-01-05 12:36:00,2017-12-27,2017-12-22,2017-12-22,Employees/Designated Employees,Others,Sell,Equity Shares,1407.0,0.0,0.0,0.0,0.0,13736.0,0.0,12329.0,0.0
INFY,2018-01-05 12:36:00,2017-12-27,2017-12-22,2017-12-22,Employees/Designated Employees,Others,Sell,Equity Shares,1995.0,0.0,0.0,0.0,0.0,46137.0,0.0,44142.0,0.0
INFY,2018-01-05 12:36:00,2017-12-26,2017-12-22,2017-12-22,Employees/Designated Employees,Others,Sell,Equity Shares,4313.0,0.0,0.0,0.0,0.0,131890.0,0.0,127577.0,0.0
INFY,2018-01-05 12:36:00,2017-12-27,2017-12-22,2017-12-22,Employees/Designated Employees,Others,Sell,Equity Shares,1647.0,0.0,0.0,0.0,0.0,16068.0,0.0,14421.0,0.0
INFY,2018-01-05 12:36:00,2017-12-27,2017-12-22,2017-12-22,Employees/Designated Employees,Others,Sell,Equity Shares,1046.0,0.0,0.0,0.0,0.0,45320.0,0.0,44274.0,0.0
INFY,2018-01-08 19:00:00,2018-01-05,2017-12-05,2017-12-05,Employees/Designated Employees,Market Sale,Sell,Equity Shares,400.0,0.0,0.0,0.0,0.0,12300.0,0.0,11900.0,0.0
INFY,2018-01-08 19:00:00,2018-01-05,2017-12-22,2017-12-22,Employees/Designated Employees,Others,Sell,Equity Shares,528.0,0.0,0.0,0.0,0.0,11900.0,0.0,11372.0,0.0
INFY,2018-01-18 18:46:00,2018-01-17,2018-01-16,2018-01-17,Immediate relative,Market Sale,Sell,Equity Shares,10911.0,0.0,0.0,0.0,0.0,65911.0,0.0,55000.0,0.0
INFY,2018-01-18 18:46:00,2018-01-18,2018-01-16,2018-01-17,Employees/Designated Employees,Market Sale,Sell,Equity Shares,2500.0,0.0,0.0,0.0,0.0,130638.0,0.0,128138.0,0.0
INFY,2018-01-18 18:46:00,2018-01-18,2018-01-17,2018-01-17,Employees/Designated Employees,Market Sale,Sell,Equity Shares,2000.0,0.0,0.0,0.0,0.0,7540.0,0.0,5540.0,0.0
INFY,2018-01-22 18:54:00,2018-01-18,2018-01-16,2018-01-16,Employees/Designated Employees,Market Sale,Sell,Equity Shares,1294.0,0.0,0.0,0.0,0.0,1356.0,0.0,62.0,0.0
INFY,2018-01-22 18:54:00,2018-01-22,2018-01-18,2018-01-18,Employees/Designated Employees,Market Sale,Sell,Equity Shares,20000.0,0.0,0.0,0.0,0.0,153236.0,0.0,133236.0,0.0
INFY,2018-01-22 18:54:00,2018-01-19,2018-01-17,2018-01-17,Employees/Designated Employees,Market Sale,Sell,Equity Shares,1000.0,0.0,0.0,0.0,0.0,12944.0,0.0,11944.0,0.0
INFY,2018-01-22 18:54:00,2018-01-19,2018-01-17,2018-01-17,Employees/Designated Employees,Market Sale,Sell,Equity Shares,1000.0,0.0,0.0,0.0,0.0,9000.0,0.0,8000.0,0.0
INFY,2018-01-22 18:54:00,2018-01-19,2018-01-16,2018-01-16,Employees/Designated Employees,Market Sale,Sell,Equity Shares,1000.0,0.0,0.0,0.0,0.0,2984.0,0.0,1984.0,0.0
INFY,2018-01-22 18:54:00,2018-01-19,2018-01-16,2018-01-18,Employees/Designated Employees,Market Sale,Sell,Equity Shares,888.0,0.0,0.0,0.0,0.0,888.0,0.0,,0.0
INFY,2018-01-22 18:54:00,2018-01-19,2018-01-18,2018-01-18,Immediate relative,Market Sale,Sell,Equity Shares,5000.0,0.0,0.0,0.0,0.0,55000.0,0.0,50000.0,0.0
INFY,2018-01-22 18:54:00,2018-01-18,2018-01-18,2018-01-18,Employees/Designated Employees,Market Sale,Sell,Equity Shares,1000.0,0.0,0.0,0.0,0.0,2584.0,0.0,1584.0,0.0
INFY,2018-01-22 18:54:00,2018-01-19,2018-01-17,2018-01-18,Employees/Designated Employees,Market Sale,Sell,Equity Shares,1500.0,0.0,0.0,0.0,0.0,2229.0,0.0,729.0,0.0
INFY,2018-01-22 18:54:00,2018-01-22,2017-12-18,2017-12-18,Employees/Designated Employees,Market Sale,Sell,Equity Shares,1200.0,0.0,0.0,0.0,0.0,1200.0,0.0,,0.0
INFY,2018-01-22 18:54:00,2018-01-18,2018-01-18,2018-01-18,Employees/Designated Employees,Market Sale,Sell,Equity Shares,2757.0,0.0,0.0,0.0,0.0,42757.0,0.0,40000.0,0.0
INFY,2018-01-22 18:54:00,2018-01-19,2018-01-17,2018-01-17,Employees/Designated Employees,Market Sale,Sell,Equity Shares,1000.0,0.0,0.0,0.0,0.0,4257.0,0.0,3257.0,0.0
INFY,2018-01-22 18:54:00,2018-01-19,2018-01-16,2018-01-17,Employees/Designated Employees,Market Sale,Sell,Equity Shares,3000.0,0.0,0.0,0.0,0.0,24734.0,0.0,21734.0,0.0
INFY,2018-01-23 22:16:00,2018-01-23,2018-01-23,2018-01-23,Employees/Designated Employees,Market Sale,Sell,Equity Shares,2000.0,0.0,0.0,0.0,0.0,6000.0,0.0,4000.0,0.0
INFY,2018-01-23 22:16:00,2018-01-22,2018-01-22,2018-01-22,Employees/Designated Employees,Market Purchase,Buy,Equity Shares,1000.0,0.0,0.0,0.0,0.0,25471.0,0.0,26471.0,0.0
INFY,2018-01-23 22:16:00,2018-01-23,2018-01-23,2018-01-23,Employees/Designated Employees,Market Sale,Sell,Equity Shares,2560.0,0.0,0.0,0.0,0.0,2560.0,0.0,,0.0
INFY,2018-01-23 22:16:00,2018-01-23,2018-01-23,2018-01-23,Employees/Designated Employees,Market Sale,Sell,Equity Shares,500.0,0.0,0.0,0.0,0.0,42550.0,0.0,42050.0,0.0
INFY,2018-01-23 22:16:00,2018-01-22,2018-01-16,2018-01-22,Employees/Designated Employees,Market Sale,Sell,Equity Shares,1010.0,0.0,0.0,0.0,0.0,43560.0,0.0,42550.0,0.0
INFY,2018-01-24 17:14:00,2018-01-24,2018-01-24,2018-01-24,Employees/Designated Employees,Market Sale,Sell,Equity Shares,914.0,0.0,0.0,0.0,0.0,12414.0,0.0,11500.0,0.0
INFY,2018-01-24 17:14:00,2018-01-24,2018-01-23,2018-01-23,Employees/Designated Employees,Market Sale,Sell,Equity Shares,3000.0,0.0,0.0,0.0,0.0,128138.0,0.0,125138.0,0.0
INFY,2018-01-24 17:14:00,2018-01-23,2018-01-22,2018-01-22,Employees/Designated Employees,Market Sale,Sell,Equity Shares,1000.0,0.0,0.0,0.0,0.0,1584.0,0.0,584.0,0.0
INFY,2018-01-24 17:14:00,2018-01-23,2018-01-16,2018-01-23,Employees/Designated Employees,Market Sale,Sell,Equity Shares,1136.0,0.0,0.0,0.0,0.0,5536.0,0.0,4400.0,0.0
INFY,2018-01-24 17:14:00,2018-01-24,2018-01-22,2018-01-22,Employees/Designated Employees,Market Sale,Sell,Equity Shares,10000.0,0.0,0.0,0.0,0.0,133236.0,0.0,123236.0,0.0
INFY,2018-01-29 18:54:00,2018-01-29,2018-01-16,2018-01-16,Employees/Designated Employees,Market Sale,Sell,Equity Shares,3500.0,0.0,0.0,0.0,0.0,6625.0,0.0,3125.0,0.0
INFY,2018-01-29 18:54:00,2018-01-29,2018-01-24,2018-01-24,Employees/Designated Employees,Market Sale,Sell,Equity Shares,2250.0,0.0,0.0,0.0,0.0,25133.0,0.0,22883.0,0.0
INFY,2018-01-29 18:54:00,2018-01-26,2018-01-24,2018-01-24,Employees/Designated Employees,Market Sale,Sell,Equity Shares,5746.0,0.0,0.0,0.0,0.0,49746.0,0.0,44000.0,0.0
INFY,2018-01-29 18:54:00,2018-01-25,2018-01-23,2018-01-24,Employees/Designated Employees,Market Sale,Sell,Equity Shares,1000.0,0.0,0.0,0.0,0.0,21734.0,0.0,20734.0,0.0
INFY,2018-01-29 18:54:00,2018-01-28,2017-06-09,2017-06-15,Employees/Designated Employees,Market Sale,Sell,Equity Shares,6110.0,0.0,0.0,0.0,0.0,7796.0,0.0,1686.0,0.0
INFY,2018-02-02 17:43:00,2018-02-02,2018-01-31,2018-01-31,Employees/Designated Employees,Market Purchase,Buy,Equity Shares,2000.0,0.0,0.0,0.0,0.0,,0.0,2000.0,0.0
INFY,2018-02-02 17:43:00,2018-02-02,2018-01-17,2018-01-24,Employees/Designated Employees,Market Sale,Sell,Equity Shares,2028.0,0.0,0.0,0.0,0.0,2028.0,0.0,,0.0
INFY,2018-02-02 17:43:00,2018-02-02,2018-01-31,2018-01-31,Employees/Designated Employees,Market Sale,Sell,Equity Shares,2471.0,0.0,0.0,0.0,0.0,20363.0,0.0,17892.0,0.0
INFY,2018-02-02 17:43:00,2018-01-31,2018-01-29,2018-01-29,Employees/Designated Employees,Market Sale,Sell,Equity Shares,1000.0,0.0,0.0,0.0,0.0,18723.0,0.0,17723.0,0.0
INFY,2018-02-05 18:24:00,2018-02-01,2018-01-30,2018-01-30,Employees/Designated Employees,ESOP,Buy,ADR/GDR/FCCB,1700.0,0.0,0.0,0.0,0.0,,0.0,1700.0,0.0
INFY,2018-02-05 18:24:00,2018-02-01,2018-01-30,2018-01-30,Employees/Designated Employees,ESOP,Buy,ADR/GDR/FCCB,2137.0,0.0,0.0,0.0,0.0,,0.0,2137.0,0.0
INFY,2018-02-05 18:24:00,2018-02-01,2018-01-30,2018-01-30,Employees/Designated Employees,ESOP,Buy,ADR/GDR/FCCB,1225.0,0.0,0.0,0.0,0.0,,0.0,1225.0,0.0
INFY,2018-02-05 18:24:00,2018-02-01,2018-01-30,2018-01-30,Employees/Designated Employees,ESOP,Buy,ADR/GDR/FCCB,3625.0,0.0,0.0,0.0,0.0,,0.0,3625.0,0.0
INFY,2018-02-05 18:24:00,2018-02-01,2018-01-30,2018-01-30,Employees/Designated Employees,ESOP,Buy,ADR/GDR/FCCB,1362.0,0.0,0.0,0.0,0.0,,0.0,1362.0,0.0
INFY,2018-02-05 18:24:00,2018-02-01,2018-01-30,2018-01-30,Employees/Designated Employees,ESOP,Buy,ADR/GDR/FCCB,13087.0,0.0,0.0,0.0,0.0,,0.0,13087.0,0.0
INFY,2018-02-05 18:24:00,2018-02-01,2018-01-30,2018-01-30,Employees/Designated Employees,ESOP,Buy,ADR/GDR/FCCB,4150.0,0.0,0.0,0.0,0.0,,0.0,4150.0,0.0
INFY,2018-02-05 18:24:00,2018-02-01,2018-01-30,2018-01-30,Employees/Designated Employees,ESOP,Buy,ADR/GDR/FCCB,2075.0,0.0,0.0,0.0,0.0,,0.0,2075.0,0.0
INFY,2018-02-05 18:24:00,2018-02-01,2018-01-30,2018-01-30,Employees/Designated Employees,ESOP,Buy,ADR/GDR/FCCB,1962.0,0.0,0.0,0.0,0.0,,0.0,1962.0,0.0
INFY,2018-02-05 18:24:00,2018-02-01,2018-01-30,2018-01-30,Employees/Designated Employees,ESOP,Buy,ADR/GDR/FCCB,2100.0,0.0,0.0,0.0,0.0,,0.0,2100.0,0.0
INFY,2018-02-05 18:24:00,2018-02-01,2018-01-30,2018-01-30,Employees/Designated Employees,ESOP,Buy,ADR/GDR/FCCB,13087.0,0.0,0.0,0.0,0.0,,0.0,13087.0,0.0
INFY,2018-02-05 18:24:00,2018-02-01,2018-01-30,2018-01-30,Employees/Designated Employees,ESOP,Buy,ADR/GDR/FCCB,1950.0,0.0,0.0,0.0,0.0,,0.0,1950.0,0.0
INFY,2018-02-05 18:24:00,2018-02-01,2018-01-30,2018-01-30,Employees/Designated Employees,ESOP,Buy,ADR/GDR/FCCB,2312.0,0.0,0.0,0.0,0.0,,0.0,2312.0,0.0
INFY,2018-02-05 18:24:00,2018-02-01,2018-01-30,2018-01-30,Employees/Designated Employees,ESOP,Buy,ADR/GDR/FCCB,28187.0,0.0,0.0,0.0,0.0,,0.0,28187.0,0.0
INFY,2018-02-05 18:24:00,2018-02-01,2018-01-30,2018-01-30,Employees/Designated Employees,ESOP,Buy,ADR/GDR/FCCB,24225.0,0.0,0.0,0.0,0.0,,0.0,24225.0,0.0
INFY,2018-02-05 18:24:00,2018-02-05,2018-01-16,2018-01-24,Employees/Designated Employees,Market Sale,Sell,Equity Shares,2400.0,0.0,0.0,0.0,0.0,18900.0,0.0,16500.0,0.0
INFY,2018-02-05 18:24:00,2018-02-01,2018-01-30,2018-01-30,Employees/Designated Employees,ESOP,Buy,ADR/GDR/FCCB,2425.0,0.0,0.0,0.0,0.0,,0.0,2425.0,0.0
INFY,2018-02-05 18:24:00,2018-02-01,2018-01-30,2018-01-30,Employees/Designated Employees,ESOP,Buy,ADR/GDR/FCCB,2025.0,0.0,0.0,0.0,0.0,,0.0,2025.0,0.0
INFY,2018-02-05 18:24:00,2018-02-01,2018-01-30,2018-01-30,Employees/Designated Employees,ESOP,Buy,ADR/GDR/FCCB,3400.0,0.0,0.0,0.0,0.0,,0.0,3400.0,0.0
INFY,2018-02-05 18:24:00,2018-02-01,2018-01-30,2018-01-30,Employees/Designated Employees,ESOP,Buy,ADR/GDR/FCCB,11250.0,0.0,0.0,0.0,0.0,,0.0,11250.0,0.0
INFY,2018-02-05 18:24:00,2018-02-01,2018-01-30,2018-01-30,Employees/Designated Employees,ESOP,Buy,ADR/GDR/FCCB,3612.0,0.0,0.0,0.0,0.0,,0.0,3612.0,0.0
INFY,2018-02-12 18:04:00,2018-02-08,2018-02-06,2018-02-06,Employees/Designated Employees,Market Sale,Sell,ADR/GDR/FCCB,2025.0,0.0,0.0,0.0,0.0,2025.0,0.0,,0.0
INFY,2018-02-12 18:04:00,2018-02-08,2018-02-06,2018-02-06,Employees/Designated Employees,Market Sale,Sell,ADR/GDR/FCCB,1362.0,0.0,0.0,0.0,0.0,1362.0,0.0,,0.0
INFY,2018-02-12 18:04:00,2018-02-08,2018-02-06,2018-02-06,Employees/Designated Employees,Market Sale,Sell,ADR/GDR/FCCB,2075.0,0.0,0.0,0.0,0.0,2075.0,0.0,,0.0
INFY,2018-02-12 18:04:00,2018-02-08,2018-02-06,2018-02-06,Employees/Designated Employees,Market Sale,Sell,ADR/GDR/FCCB,1962.0,0.0,0.0,0.0,0.0,1962.0,0.0,,0.0
INFY,2018-02-12 18:04:00,2018-02-08,2018-02-06,2018-02-06,Employees/Designated Employees,Market Sale,Sell,ADR/GDR/FCCB,2100.0,0.0,0.0,0.0,0.0,2100.0,0.0,,0.0
INFY,2018-02-12 18:04:00,2018-02-08,2018-02-06,2018-02-06,Employees/Designated Employees,Market Sale,Sell,ADR/GDR/FCCB,13087.0,0.0,0.0,0.0,0.0,13087.0,0.0,,0.0
INFY,2018-02-12 18:04:00,2018-02-08,2018-02-06,2018-02-06,Employees/Designated Employees,Market Sale,Sell,ADR/GDR/FCCB,11250.0,0.0,0.0,0.0,0.0,11250.0,0.0,,0.0
INFY,2018-02-12 18:04:00,2018-02-08,2018-02-06,2018-02-06,Employees/Designated Employees,Market Sale,Sell,ADR/GDR/FCCB,3612.0,0.0,0.0,0.0,0.0,3612.0,0.0,,0.0
INFY,2018-02-12 18:04:00,2018-02-08,2018-02-06,2018-02-06,Employees/Designated Employees,Market Sale,Sell,ADR/GDR/FCCB,3400.0,0.0,0.0,0.0,0.0,3400.0,0.0,,0.0
INFY,2018-02-12 18:04:00,2018-02-08,2018-02-06,2018-02-06,Employees/Designated Employees,Market Sale,Sell,ADR/GDR/FCCB,3625.0,0.0,0.0,0.0,0.0,3625.0,0.0,,0.0
INFY,2018-02-12 18:04:00,2018-02-08,2018-02-06,2018-02-06,Employees/Designated Employees,Market Sale,Sell,ADR/GDR/FCCB,1225.0,0.0,0.0,0.0,0.0,1225.0,0.0,,0.0
INFY,2018-02-12 18:04:00,2018-02-08,2018-02-06,2018-02-06,Employees/Designated Employees,Market Sale,Sell,ADR/GDR/FCCB,2137.0,0.0,0.0,0.0,0.0,2137.0,0.0,,0.0
INFY,2018-02-12 18:04:00,2018-02-08,2018-02-06,2018-02-06,Employees/Designated Employees,Market Sale,Sell,ADR/GDR/FCCB,13087.0,0.0,0.0,0.0,0.0,13087.0,0.0,,0.0
INFY,2018-02-12 18:04:00,2018-02-08,2018-02-06,2018-02-06,Employees/Designated Employees,Market Sale,Sell,ADR/GDR/FCCB,4150.0,0.0,0.0,0.0,0.0,4150.0,0.0,,0.0
INFY,2018-02-12 18:04:00,2018-02-08,2018-02-06,2018-02-06,Employees/Designated Employees,Market Sale,Sell,ADR/GDR/FCCB,2312.0,0.0,0.0,0.0,0.0,2312.0,0.0,,0.0
INFY,2018-02-12 18:04:00,2018-02-08,2018-02-06,2018-02-06,Employees/Designated Employees,Market Sale,Sell,ADR/GDR/FCCB,1950.0,0.0,0.0,0.0,0.0,1950.0,0.0,,0.0
INFY,2018-02-12 18:04:00,2018-02-08,2018-02-06,2018-02-06,Employees/Designated Employees,Market Sale,Sell,ADR/GDR/FCCB,1700.0,0.0,0.0,0.0,0.0,1700.0,0.0,,0.0
INFY,2018-02-12 18:04:00,2018-02-08,2018-02-06,2018-02-06,Employees/Designated Employees,Market Sale,Sell,ADR/GDR/FCCB,28187.0,0.0,0.0,0.0,0.0,28187.0,0.0,,0.0
INFY,2018-02-12 18:04:00,2018-02-08,2018-02-06,2018-02-06,Employees/Designated Employees,Market Sale,Sell,ADR/GDR/FCCB,24225.0,0.0,0.0,0.0,0.0,24225.0,0.0,,0.0
INFY,2018-02-12 18:04:00,2018-02-09,2018-02-08,2018-02-08,Employees/Designated Employees,Market Sale,Sell,Equity Shares,3068.0,0.0,0.0,0.0,0.0,4068.0,0.0,1000.0,0.0
INFY,2018-02-12 18:04:00,2018-02-08,2018-02-06,2018-02-06,Employees/Designated Employees,Market Sale,Sell,ADR/GDR/FCCB,2425.0,0.0,0.0,0.0,0.0,2425.0,0.0,,0.0
INFY,2018-02-20 18:27:00,2018-02-16,2018-02-14,2018-02-14,Employees/Designated Employees,ESOP,Buy,ADR/GDR/FCCB,1125.0,0.0,0.0,0.0,0.0,,0.0,1125.0,0.0
INFY,2018-02-20 18:27:00,2018-02-16,2018-02-14,2018-02-14,Employees/Designated Employees,ESOP,Buy,ADR/GDR/FCCB,2912.0,0.0,0.0,0.0,0.0,,0.0,2912.0,0.0
INFY,2018-02-20 18:27:00,2018-02-16,2018-02-14,2018-02-14,Employees/Designated Employees,ESOP,Buy,ADR/GDR/FCCB,2550.0,0.0,0.0,0.0,0.0,,0.0,2550.0,0.0
INFY,2018-02-20 18:27:00,2018-02-16,2018-02-14,2018-02-14,Employees/Designated Employees,ESOP,Buy,ADR/GDR/FCCB,1450.0,0.0,0.0,0.0,0.0,,0.0,1450.0,0.0
INFY,2018-02-20 18:27:00,2018-02-16,2018-02-14,2018-02-14,Employees/Designated Employees,ESOP,Buy,ADR/GDR/FCCB,1125.0,0.0,0.0,0.0,0.0,,0.0,1125.0,0.0
INFY,2018-02-21 19:51:00,2018-02-21,2018-02-21,2018-02-21,Promoters,Gift,Sell,Equity Shares,12318927.0,0.0,0.0,0.0,0.0,13687696.0,0.63,1368769.0,0.06
INFY,2018-02-21 19:51:00,2018-02-21,2018-02-21,2018-02-21,Promoters,Gift,Sell,Equity Shares,7945960.0,0.0,0.0,0.0,0.0,8828844.0,0.4,882884.0,0.04
INFY,2018-02-22 14:12:00,2018-02-21,2018-02-21,2018-02-21,Promoter Group,Gift,Buy,Equity Shares,8573973.0,0.0,0.0,0.0,0.0,,0.0,8573973.0,0.39
INFY,2018-02-22 14:12:00,2018-02-21,2018-02-21,2018-02-21,Promoter Group,Gift,Buy,Equity Shares,7717934.0,0.0,0.0,0.0,0.0,,0.0,7717934.0,0.35
INFY,2018-02-22 14:12:00,2018-02-21,2018-02-21,2018-02-21,Promoter Group,Gift,Buy,Equity Shares,3972980.0,0.0,0.0,0.0,0.0,,0.0,3972980.0,0.18
INFY,2018-02-22 14:12:00,2018-02-21,2018-02-20,2018-02-20,Employees/Designated Employees,Market Sale,Sell,Equity Shares,1500.0,0.0,0.0,0.0,0.0,1915.0,0.0,415.0,0.0
INFY,2018-02-22 14:12:00,2018-02-20,2018-02-19,2018-02-19,Employees/Designated Employees,Market Sale,Sell,Equity Shares,3000.0,0.0,0.0,0.0,0.0,3005.0,0.0,5.0,0.0
INFY,2018-02-27 18:16:00,2018-02-26,2018-02-17,2018-02-22,Employees/Designated Employees,Market Sale,Sell,Equity Shares,3700.0,0.0,0.0,0.0,0.0,22150.0,0.0,18450.0,0.0
INFY,2018-02-27 18:16:00,2018-02-23,2018-02-21,2018-02-21,Immediate relative,Market Sale,Sell,Equity Shares,1000.0,0.0,0.0,0.0,0.0,18828.0,0.0,17828.0,0.0
INFY,2018-02-27 18:16:00,2018-02-26,2018-02-21,2018-02-22,Employees/Designated Employees,Market Sale,Sell,Equity Shares,3000.0,0.0,0.0,0.0,0.0,11944.0,0.0,8944.0,0.0
INFY,2018-02-27 18:16:00,2018-02-26,2018-02-23,2018-02-23,Employees/Designated Employees,Market Sale,Sell,Equity Shares,4856.0,0.0,0.0,0.0,0.0,4856.0,0.0,,0.0
INFY,2018-02-27 18:16:00,2018-02-27,2018-02-26,2018-02-26,Employees/Designated Employees,Market Sale,Sell,Equity Shares,4000.0,0.0,0.0,0.0,0.0,55423.0,0.0,51423.0,0.0
INFY,2018-03-01 18:15:00,2018-03-01,2018-02-28,2018-02-28,Employees/Designated Employees,Market Sale,Sell,Equity Shares,1500.0,0.0,0.0,0.0,0.0,124638.0,0.01,123138.0,0.01
INFY,2018-03-01 18:15:00,2018-02-28,2018-02-28,2018-02-28,Employees/Designated Employees,Market Sale,Sell,Equity Shares,958.0,0.0,0.0,0.0,0.0,958.0,0.0,,0.0
INFY,2018-03-01 18:15:00,2018-03-01,2018-02-28,2018-02-28,Employees/Designated Employees,Market Sale,Sell,Equity Shares,1000.0,0.0,0.0,0.0,0.0,20734.0,0.0,19734.0,0.0
INFY,2018-03-01 18:15:00,2018-03-01,2018-02-28,2018-02-28,Employees/Designated Employees,Market Sale,Sell,Equity Shares,3000.0,0.0,0.0,0.0,0.0,18450.0,0.0,15450.0,0.0
INFY,2018-03-06 18:43:00,2018-03-02,2018-02-28,2018-02-28,Employees/Designated Employees,Market Sale,Sell,Equity Shares,2154.0,0.0,0.0,0.0,0.0,2154.0,0.0,,0.0
INFY,2018-03-06 18:43:00,2018-03-03,2018-02-28,2018-02-28,Immediate relative,Market Sale,Sell,Equity Shares,1500.0,0.0,0.0,0.0,0.0,17828.0,0.0,16328.0,0.0
INFY,2018-03-12 18:23:00,2018-03-09,2018-03-09,2018-03-09,Employees/Designated Employees,Market Sale,Sell,Equity Shares,1500.0,0.0,0.0,0.0,0.0,10815.0,0.0,9315.0,0.0
INFY,2018-03-12 18:23:00,2018-03-09,2018-03-09,2018-03-09,Employees/Designated Employees,Market Sale,Sell,Equity Shares,1999.0,0.0,0.0,0.0,0.0,2000.0,0.0,1.0,0.0
INFY,2018-03-14 18:34:00,2018-03-13,2018-03-12,2018-03-12,Employees/Designated Employees,Market Sale,Sell,Equity Shares,1760.0,0.0,0.0,0.0,0.0,1760.0,0.0,,0.0
INFY,2018-03-14 18:34:00,2018-03-13,2018-03-12,2018-03-12,Employees/Designated Employees,Market Sale,Sell,Equity Shares,6944.0,0.0,0.0,0.0,0.0,6944.0,0.0,,0.0
INFY,2018-03-14 18:34:00,2018-03-12,2018-03-09,2018-03-09,Employees/Designated Employees,Market Sale,Sell,Equity Shares,1000.0,0.0,0.0,0.0,0.0,11372.0,0.0,10372.0,0.0
INFY,2018-03-14 18:34:00,2018-03-13,2018-03-12,2018-03-12,Employees/Designated Employees,Market Sale,Sell,Equity Shares,3000.0,0.0,0.0,0.0,0.0,22883.0,0.0,19883.0,0.0
INFY,2018-03-14 18:34:00,2018-03-14,2018-03-12,2018-03-12,Employees/Designated Employees,Market Sale,Sell,Equity Shares,1400.0,0.0,0.0,0.0,0.0,9315.0,0.0,7915.0,0.0
INFY,2018-03-15 17:52:00,2018-03-15,2018-03-14,2018-03-15,Employees/Designated Employees,Market Sale,Sell,Equity Shares,1500.0,0.0,0.0,0.0,0.0,123138.0,0.0,121638.0,0.0
INFY,2018-03-15 17:52:00,2018-03-14,2018-01-30,2018-01-31,Employees/Designated Employees,Market Sale,Sell,Equity Shares,41000.0,0.0,0.0,0.0,0.0,41000.0,0.0,,0.0
INFY,2018-03-19 18:39:00,2018-03-16,2018-03-14,2018-03-14,Employees/Designated Employees,Market Sale,Sell,Equity Shares,2000.0,0.0,0.0,0.0,0.0,26624.0,0.0,24624.0,0.0
INFY,2018-04-27 16:02:00,2018-04-25,2018-04-23,2018-04-23,Employees/Designated Employees,ESOP,Buy,ADR/GDR/FCCB,2050.0,0.0,0.0,0.0,0.0,,0.0,2050.0,0.0
INFY,2018-04-27 16:02:00,2018-04-25,2018-04-23,2018-04-23,Employees/Designated Employees,ESOP,Buy,ADR/GDR/FCCB,2262.0,0.0,0.0,0.0,0.0,,0.0,2262.0,0.0
INFY,2018-04-27 16:02:00,2018-04-25,2018-04-23,2018-04-23,Employees/Designated Employees,Market Sale,Sell,Equity Shares,5000.0,0.0,0.0,0.0,0.0,10789.0,0.0,5789.0,0.0
INFY,2018-05-25 15:52:00,2018-05-23,2018-05-22,2018-05-22,Employees/Designated Employees,ESOP,Buy,Equity Shares,1125.0,0.0,0.0,0.0,0.0,33866.0,0.0,34991.0,0.0
INFY,2018-05-25 15:52:00,2018-05-25,2018-05-22,2018-05-23,Employees/Designated Employees,Market Sale,Sell,Equity Shares,2000.0,0.0,0.0,0.0,0.0,24624.0,0.0,22624.0,0.0
INFY,2018-05-25 15:52:00,2018-05-23,2018-05-22,2018-05-22,Director,ESOP,Buy,Equity Shares,6812.0,0.0,0.0,0.0,0.0,530036.0,0.02,536848.0,0.02
INFY,2018-05-30 15:42:00,2018-05-28,2018-05-23,2018-05-25,Employees/Designated Employees,Market Sale,Sell,Equity Shares,2000.0,0.0,0.0,0.0,0.0,19734.0,0.0,17734.0,0.0
INFY,2018-05-30 15:42:00,2018-05-28,2018-05-25,2018-05-25,Employees/Designated Employees,Market Sale,Sell,Equity Shares,2835.0,0.0,0.0,0.0,0.0,2835.0,0.0,,0.0
INFY,2018-06-08 18:19:00,2018-06-08,2018-06-07,2018-06-07,Employees/Designated Employees,Gift,Sell,Equity Shares,20000.0,0.0,0.0,0.0,0.0,60330.0,0.0,40330.0,0.0
INFY,2018-06-08 18:19:00,2018-06-07,2018-06-07,2018-06-07,Employees/Designated Employees,Market Sale,Sell,Equity Shares,990.0,0.0,0.0,0.0,0.0,2027.0,0.0,1037.0,0.0
INFY,2018-06-08 18:19:00,2018-06-06,2018-06-04,2018-06-04,Employees/Designated Employees,Market Sale,Sell,Equity Shares,2200.0,0.0,0.0,0.0,0.0,19833.0,0.0,17633.0,0.0
INFY,2018-06-08 18:19:00,2018-06-08,2018-06-06,2018-06-07,Employees/Designated Employees,Market Sale,Sell,Equity Shares,1000.0,0.0,0.0,0.0,0.0,121638.0,0.01,120638.0,0.01
INFY,2018-06-12 17:59:00,2018-06-11,2018-05-11,2018-05-11,Employees/Designated Employees,Market Sale,Sell,Equity Shares,1130.0,0.0,0.0,0.0,0.0,14625.0,0.0,13495.0,0.0
INFY,2018-06-12 17:59:00,2018-06-08,2018-06-07,2018-06-07,Employees/Designated Employees,Market Sale,Sell,Equity Shares,800.0,0.0,0.0,0.0,0.0,17683.0,0.0,16883.0,0.0
INFY,2018-06-14 15:42:00,2018-06-13,2018-06-13,2018-06-13,Employees/Designated Employees,Market Sale,Sell,Equity Shares,1000.0,0.0,0.0,0.0,0.0,14762.0,0.0,13762.0,0.0
INFY,2018-06-18 18:22:00,2018-06-15,2018-06-13,2018-06-13,Employees/Designated Employees,ESOP,Buy,Equity Shares,962.0,0.0,0.0,0.0,0.0,,0.0,962.0,0.0
INFY,2018-07-04 19:31:00,2018-07-02,2018-06-29,2018-06-29,Employees/Designated Employees,Market Sale,Sell,Equity Shares,1000.0,0.0,0.0,0.0,0.0,17234.0,0.0,16234.0,0.0
INFY,2018-07-09 17:48:00,2018-07-06,2018-07-05,2018-07-05,Employees/Designated Employees,ESOP,Buy,Equity Shares,1800.0,0.0,0.0,0.0,0.0,34991.0,0.0,36791.0,0.0
INFY,2018-07-23 17:09:00,2018-07-20,2018-06-26,2018-07-02,Employees/Designated Employees,Market Sale,Sell,Equity Shares,3250.0,0.0,0.0,0.0,0.0,5476.0,0.0,2226.0,0.0
INFY,2018-07-23 17:09:00,2018-07-23,2018-05-11,2018-07-03,Employees/Designated Employees,Market Sale,Sell,Equity Shares,2000.0,0.0,0.0,0.0,0.0,2000.0,0.0,,0.0
INFY,2018-07-23 17:09:00,2018-07-23,2018-07-20,2018-07-23,Employees/Designated Employees,Market Sale,Sell,Equity Shares,1500.0,0.0,0.0,0.0,0.0,7554.0,0.0,6054.0,0.0
INFY,2018-07-23 17:09:00,2018-07-22,2018-06-15,2018-06-15,Employees/Designated Employees,Market Sale,Sell,Equity Shares,1900.0,0.0,0.0,0.0,0.0,2184.0,0.0,284.0,0.0
INFY,2018-07-23 17:09:00,2018-07-23,2018-05-08,2018-06-15,Employees/Designated Employees,Market Purchase,Buy,Equity Shares,2000.0,0.0,0.0,0.0,0.0,,0.0,2000.0,0.0
INFY,2018-07-25 18:09:00,2018-07-24,2018-07-24,2018-07-24,Employees/Designated Employees,Market Sale,Sell,Equity Shares,1000.0,0.0,0.0,0.0,0.0,6054.0,0.0,5054.0,0.0
INFY,2018-07-27 17:10:00,2018-07-27,2018-07-27,2018-07-27,Employees/Designated Employees,Market Sale,Sell,Equity Shares,554.0,0.0,0.0,0.0,0.0,5054.0,0.0,4500.0,0.0
INFY,2018-08-01 16:46:00,2018-07-31,2018-07-31,2018-07-31,Employees/Designated Employees,Market Sale,Sell,Equity Shares,500.0,0.0,0.0,0.0,0.0,4500.0,0.0,4000.0,0.0
INFY,2018-08-10 19:10:00,2018-08-10,2018-08-08,2018-08-10,Promoter Group,Market Sale,Sell,Equity Shares,805860.0,0.0,0.0,0.0,0.0,3972980.0,0.18,3167120.0,0.14
INFY,2018-08-10 19:10:00,2018-08-10,2018-08-08,2018-08-10,Promoter Group,Market Sale,Sell,Equity Shares,805860.0,0.0,0.0,0.0,0.0,8573973.0,0.39,7768113.0,0.35
INFY,2018-08-14 15:02:00,2018-08-10,2018-08-06,2018-08-08,Employees/Designated Employees,Market Sale,Sell,Equity Shares,1000.0,0.0,0.0,0.0,0.0,206411.0,0.01,205411.0,0.01
INFY,2018-08-22 16:27:00,2018-08-20,2018-05-28,2018-05-28,Employees/Designated Employees,Market Sale,Sell,Equity Shares,4000.0,0.0,0.0,0.0,0.0,8248.0,0.0,4248.0,0.0
INFY,2018-08-22 16:27:00,2018-08-20,2018-06-07,2018-06-07,Employees/Designated Employees,Market Sale,Sell,Equity Shares,4248.0,0.0,0.0,0.0,0.0,4248.0,0.0,,0.0
INFY,2018-08-22 16:27:00,2018-08-20,2018-08-16,2018-08-16,Immediate relative,Market Sale,Sell,Equity Shares,1000.0,0.0,0.0,0.0,0.0,3208.0,0.0,2208.0,0.0
INFY,2018-08-24 16:17:00,2018-08-22,2018-05-31,2018-06-08,Employees/Designated Employees,Market Sale,Sell,Equity Shares,4000.0,0.0,0.0,0.0,0.0,29305.0,0.0,25305.0,0.0
INFY,2018-08-29 18:07:00,2018-08-27,2018-08-27,2018-08-27,Employees/Designated Employees,Market Sale,Sell,Equity Shares,1842.0,0.0,0.0,0.0,0.0,1842.0,0.0,,0.0
INFY,2018-08-31 17:45:00,2018-08-29,2018-04-10,2018-04-10,Employees/Designated Employees,Market Sale,Sell,Equity Shares,2080.0,0.0,0.0,0.0,0.0,2080.0,0.0,,0.0
INFY,2018-08-31 17:45:00,2018-08-31,2018-08-29,2018-08-29,Employees/Designated Employees,Market Sale,Sell,Equity Shares,12000.0,0.0,0.0,0.0,0.0,28082.0,0.0,16082.0,0.0
INFY,2018-08-31 17:45:00,2018-08-30,2017-12-21,2018-01-02,Employees/Designated Employees,Market Sale,Sell,Equity Shares,4866.0,0.0,0.0,0.0,0.0,11166.0,0.0,6300.0,0.0
INFY,2018-09-04 17:09:00,2018-09-01,2018-08-29,2018-08-30,Immediate relative,Market Sale,Sell,Equity Shares,2208.0,0.0,0.0,0.0,0.0,2208.0,0.0,,0.0
INFY,2018-09-04 17:09:00,2018-09-03,2018-09-03,2018-09-03,Employees/Designated Employees,Market Sale,Sell,Equity Shares,3140.0,0.0,0.0,0.0,0.0,3140.0,0.0,,0.0
INFY,2018-09-06 19:29:00,2018-09-04,2018-08-31,2018-09-04,Employees/Designated Employees,Market Sale,Sell,Equity Shares,1975.0,0.0,0.0,0.0,0.0,4625.0,0.0,2650.0,0.0
INFY,2018-09-06 19:29:00,2018-09-04,2018-08-31,2018-09-03,Employees/Designated Employees,Market Sale,Sell,Equity Shares,5000.0,0.0,0.0,0.0,0.0,161233.0,0.01,156233.0,0.01
INFY,2018-09-06 19:29:00,2018-09-04,2018-09-04,2018-09-04,Employees/Designated Employees,Market Sale,Sell,Equity Shares,1200.0,0.0,0.0,0.0,0.0,12907.0,0.0,11707.0,0.0
INFY,2018-09-06 19:29:00,2018-09-06,2018-09-06,2018-09-06,Employees/Designated Employees,Market Sale,Sell,Equity Shares,1400.0,0.0,0.0,0.0,0.0,16152.0,0.0,14752.0,0.0
INFY,2018-09-06 19:29:00,2018-09-06,2018-07-03,2018-09-03,Employees/Designated Employees,Market Purchase,Buy,Equity Shares,5000.0,0.0,0.0,0.0,0.0,5.0,0.0,5005.0,0.0
INFY,2018-09-06 19:29:00,2018-09-06,2018-07-03,2018-08-28,Employees/Designated Employees,Market Sale,Sell,Equity Shares,850.0,0.0,0.0,0.0,0.0,15950.0,0.0,15100.0,0.0
INFY,2018-09-06 19:29:00,2018-09-06,2018-08-31,2018-09-03,Employees/Designated Employees,Market Sale,Sell,Equity Shares,15095.0,0.0,0.0,0.0,0.0,15100.0,0.0,5.0,0.0
INFY,2018-09-11 18:35:00,2018-09-07,2018-09-03,2018-09-03,Employees/Designated Employees,Market Sale,Sell,Equity Shares,7000.0,0.0,0.0,0.0,0.0,7000.0,0.0,,0.0
INFY,2018-09-17 18:21:00,2018-09-12,2018-09-11,2018-09-12,Employees/Designated Employees,Market Sale,Sell,Equity Shares,9312.0,0.0,0.0,0.0,0.0,23572.0,0.0,14260.0,0.0
INFY,2018-09-17 18:21:00,2018-09-14,2018-09-11,2018-09-11,Employees/Designated Employees,Market Sale,Sell,Equity Shares,2000.0,0.0,0.0,0.0,0.0,45248.0,0.0,43248.0,0.0
INFY,2018-09-27 18:42:00,2018-09-25,2018-09-03,2018-09-03,Employees/Designated Employees,Market Sale,Sell,Equity Shares,1424.0,0.0,0.0,0.0,0.0,7536.0,0.0,6112.0,0.0
INFY,2018-09-27 18:42:00,2018-09-27,2018-07-23,2018-07-23,Employees/Designated Employees,Market Sale,Sell,Equity Shares,1146.0,0.0,0.0,0.0,0.0,8976.0,0.0,7830.0,0.0
INFY,2018-09-27 18:42:00,2018-09-27,2018-08-31,2018-09-03,Employees/Designated Employees,Market Sale,Sell,Equity Shares,2967.0,0.0,0.0,0.0,0.0,51423.0,0.0,48456.0,0.0
INFY,2018-10-03 17:06:00,2018-10-01,2018-09-12,2018-09-12,Employees/Designated Employees,Market Sale,Sell,Equity Shares,6000.0,0.0,0.0,0.0,0.0,183764.0,0.0,177764.0,0.0
INFY,2018-10-24 18:17:00,2018-10-23,2018-10-17,2018-10-17,Immediate relative,Market Purchase,Buy,Equity Shares,3000.0,0.0,0.0,0.0,0.0,,0.0,3000.0,0.0
INFY,2018-10-30 13:14:00,2018-10-26,2018-10-04,2018-10-24,Employees/Designated Employees,Market Purchase,Buy,Equity Shares,1500.0,0.0,0.0,0.0,0.0,10010.0,0.0,11510.0,0.0
INFY,2018-10-31 18:25:00,2018-10-31,2018-10-19,2018-10-23,Employees/Designated Employees,Market Purchase,Buy,Equity Shares,1500.0,0.0,0.0,0.0,0.0,12224.0,0.0,13724.0,0.0
INFY,2018-11-07 13:15:00,2018-11-05,2018-09-12,2018-09-25,Employees/Designated Employees,Market Sale,Sell,Equity Shares,3000.0,0.0,0.0,0.0,0.0,13860.0,0.0,10860.0,0.0
INFY,2018-11-15 09:30:00,2018-11-14,2018-11-13,2018-11-13,Employees/Designated Employees,ESOP,Buy,Equity Shares,1850.0,0.0,0.0,0.0,0.0,2400.0,0.0,4250.0,0.0
INFY,2018-11-15 09:30:00,2018-11-14,2018-11-13,2018-11-13,Key Managerial Personnel,ESOP,Buy,Equity Shares,6026.0,0.0,0.0,0.0,0.0,6024.0,0.0,12050.0,0.0
INFY,2018-11-15 09:30:00,2018-11-14,2018-11-13,2018-11-13,Key Managerial Personnel,ESOP,Buy,Equity Shares,15326.0,0.0,0.0,0.0,0.0,33767.0,0.0,49093.0,0.0
INFY,2018-11-19 16:37:00,2018-11-16,2018-11-16,2018-11-16,Employees/Designated Employees,ESOP,Buy,Equity Shares,32000.0,0.0,0.0,0.0,0.0,49093.0,0.0,81093.0,0.0
INFY,2018-11-21 15:28:00,2018-11-19,2018-11-15,2018-11-15,Employees/Designated Employees,ESOP,Buy,Equity Shares,2150.0,0.0,0.0,0.0,0.0,2150.0,0.0,4300.0,0.0
INFY,2018-11-21 15:28:00,2018-11-19,2018-11-15,2018-11-15,Employees/Designated Employees,ESOP,Buy,Equity Shares,3126.0,0.0,0.0,0.0,0.0,194536.0,0.0,197662.0,0.0
INFY,2018-11-21 15:28:00,2018-11-19,2018-11-15,2018-11-15,Employees/Designated Employees,ESOP,Buy,Equity Shares,4600.0,0.0,0.0,0.0,0.0,27524.0,0.0,32124.0,0.0
INFY,2018-11-21 15:28:00,2018-11-19,2018-11-15,2018-11-15,Employees/Designated Employees,ESOP,Buy,Equity Shares,2826.0,0.0,0.0,0.0,0.0,19584.0,0.0,22410.0,0.0
INFY,2018-11-21 15:28:00,2018-11-19,2018-11-15,2018-11-15,Employees/Designated Employees,ESOP,Buy,Equity Shares,1900.0,0.0,0.0,0.0,0.0,1900.0,0.0,3800.0,0.0
INFY,2018-11-21 15:28:00,2018-11-19,2018-11-15,2018-11-15,Employees/Designated Employees,ESOP,Buy,Equity Shares,1926.0,0.0,0.0,0.0,0.0,3150.0,0.0,5076.0,0.0
INFY,2018-11-21 15:28:00,2018-11-19,2018-11-15,2018-11-15,Employees/Designated Employees,ESOP,Buy,Equity Shares,1226.0,0.0,0.0,0.0,0.0,1924.0,0.0,3150.0,0.0
INFY,2018-11-21 15:28:00,2018-11-19,2018-11-15,2018-11-15,Employees/Designated Employees,ESOP,Buy,Equity Shares,2426.0,0.0,0.0,0.0,0.0,246472.0,0.0,248898.0,0.0
INFY,2018-11-28 17:31:00,2018-11-26,2018-11-23,2018-11-23,Employees/Designated Employees,ESOP,Buy,ADR/GDR/FCCB,4200.0,0.0,0.0,0.0,0.0,,0.0,4200.0,0.0
INFY,2018-11-28 17:31:00,2018-11-26,2018-11-23,2018-11-23,Employees/Designated Employees,ESOP,Buy,ADR/GDR/FCCB,4850.0,0.0,0.0,0.0,0.0,2676.0,0.0,7526.0,0.0
INFY,2018-11-28 17:31:00,2018-11-26,2018-11-23,2018-11-23,Employees/Designated Employees,ESOP,Buy,ADR/GDR/FCCB,2250.0,0.0,0.0,0.0,0.0,,0.0,2250.0,0.0
INFY,2018-11-28 17:31:00,2018-11-26,2018-11-23,2018-11-23,Employees/Designated Employees,ESOP,Buy,ADR/GDR/FCCB,3926.0,0.0,0.0,0.0,0.0,,0.0,3926.0,0.0
INFY,2018-11-28 17:31:00,2018-11-26,2018-11-23,2018-11-23,Employees/Designated Employees,ESOP,Buy,ADR/GDR/FCCB,6800.0,0.0,0.0,0.0,0.0,4208.0,0.0,11008.0,0.0
INFY,2018-11-28 17:31:00,2018-11-26,2018-11-23,2018-11-23,Employees/Designated Employees,ESOP,Buy,ADR/GDR/FCCB,4050.0,0.0,0.0,0.0,0.0,,0.0,4050.0,0.0
INFY,2018-11-28 17:31:00,2018-11-26,2018-11-23,2018-11-23,Employees/Designated Employees,ESOP,Buy,ADR/GDR/FCCB,4626.0,0.0,0.0,0.0,0.0,,0.0,4626.0,0.0
INFY,2018-11-28 17:31:00,2018-11-26,2018-11-23,2018-11-23,Employees/Designated Employees,ESOP,Buy,ADR/GDR/FCCB,3900.0,0.0,0.0,0.0,0.0,,0.0,3900.0,0.0
INFY,2018-11-28 17:31:00,2018-11-26,2018-11-23,2018-11-23,Employees/Designated Employees,ESOP,Buy,ADR/GDR/FCCB,2726.0,0.0,0.0,0.0,0.0,,0.0,2726.0,0.0
INFY,2018-11-28 17:31:00,2018-11-26,2018-11-23,2018-11-23,Employees/Designated Employees,ESOP,Buy,ADR/GDR/FCCB,2900.0,0.0,0.0,0.0,0.0,2900.0,0.0,5800.0,0.0
INFY,2018-11-28 17:31:00,2018-11-26,2018-11-23,2018-11-23,Employees/Designated Employees,ESOP,Buy,ADR/GDR/FCCB,56376.0,0.0,0.0,0.0,0.0,26176.0,0.0,82552.0,0.0
INFY,2018-11-28 17:31:00,2018-11-26,2018-11-23,2018-11-23,Employees/Designated Employees,ESOP,Buy,ADR/GDR/FCCB,26176.0,0.0,0.0,0.0,0.0,,0.0,26176.0,0.0
INFY,2018-11-28 17:31:00,2018-11-26,2018-11-23,2018-11-23,Employees/Designated Employees,ESOP,Buy,ADR/GDR/FCCB,5100.0,0.0,0.0,0.0,0.0,200.0,0.0,5300.0,0.0
INFY,2018-11-28 17:31:00,2018-11-26,2018-11-23,2018-11-23,Employees/Designated Employees,ESOP,Buy,ADR/GDR/FCCB,3400.0,0.0,0.0,0.0,0.0,,0.0,3400.0,0.0
INFY,2018-11-28 17:31:00,2018-11-26,2018-11-23,2018-11-23,Employees/Designated Employees,ESOP,Buy,ADR/GDR/FCCB,7250.0,0.0,0.0,0.0,0.0,,0.0,7250.0,0.0
INFY,2018-11-28 17:31:00,2018-11-26,2018-11-23,2018-11-23,Employees/Designated Employees,ESOP,Buy,ADR/GDR/FCCB,26176.0,0.0,0.0,0.0,0.0,,0.0,26176.0,0.0
INFY,2018-11-30 18:05:00,2018-11-28,2018-11-14,2018-11-15,Employees/Designated Employees,Market Sale,Sell,Equity Shares,2600.0,0.0,0.0,0.0,0.0,68504.0,0.0,65904.0,0.0
INFY,2018-11-30 18:05:00,2018-11-30,2018-11-19,2018-11-20,Employees/Designated Employees,Market Sale,Sell,Equity Shares,4000.0,0.0,0.0,0.0,0.0,22194.0,0.0,18194.0,0.0
INFY,2018-12-04 16:55:00,2018-11-30,2018-11-28,2018-11-28,Employees/Designated Employees,ESOP,Buy,Equity Shares,2376.0,0.0,0.0,0.0,0.0,2486.0,0.0,4862.0,0.0
INFY,2018-12-04 16:55:00,2018-11-30,2018-11-28,2018-11-28,Employees/Designated Employees,ESOP,Buy,Equity Shares,1550.0,0.0,0.0,0.0,0.0,1550.0,0.0,3100.0,0.0
INFY,2018-12-04 16:55:00,2018-11-30,2018-11-28,2018-11-28,Employees/Designated Employees,ESOP,Buy,Equity Shares,4950.0,0.0,0.0,0.0,0.0,2415048.0,0.0,2419998.0,0.0
INFY,2018-12-04 16:55:00,2018-11-28,2018-11-28,2018-11-28,Employees/Designated Employees,ESOP,Buy,Equity Shares,1676.0,0.0,0.0,0.0,0.0,407022.0,0.0,408698.0,0.0
INFY,2018-12-04 16:55:00,2018-11-30,2018-11-28,2018-11-28,Employees/Designated Employees,ESOP,Buy,Equity Shares,4276.0,0.0,0.0,0.0,0.0,88284.0,0.0,92560.0,0.0
INFY,2018-12-04 16:55:00,2018-11-30,2018-11-28,2018-11-28,Employees/Designated Employees,ESOP,Buy,Equity Shares,6576.0,0.0,0.0,0.0,0.0,7534.0,0.0,14110.0,0.0
INFY,2018-12-04 16:55:00,2018-11-30,2018-11-27,2018-11-28,Employees/Designated Employees,Market Sale,Sell,Equity Shares,4600.0,0.0,0.0,0.0,0.0,65904.0,0.0,61304.0,0.0
INFY,2018-12-11 19:22:00,2018-12-10,2018-12-07,2018-12-07,Employees/Designated Employees,ESOP,Sell,ADR/GDR/FCCB,2500.0,0.0,0.0,0.0,0.0,7526.0,0.0,5026.0,0.0
INFY,2018-12-11 19:22:00,2018-12-10,2018-12-07,2018-12-07,Employees/Designated Employees,ESOP,Sell,ADR/GDR/FCCB,2200.0,0.0,0.0,0.0,0.0,11008.0,0.0,8808.0,0.0
INFY,2018-12-11 19:22:00,2018-12-10,2018-12-07,2018-12-07,Employees/Designated Employees,ESOP,Sell,ADR/GDR/FCCB,2250.0,0.0,0.0,0.0,0.0,2250.0,0.0,,0.0
INFY,2018-12-11 19:22:00,2018-12-10,2018-12-07,2018-12-07,Employees/Designated Employees,ESOP,Sell,ADR/GDR/FCCB,4626.0,0.0,0.0,0.0,0.0,4626.0,0.0,,0.0
INFY,2018-12-11 19:22:00,2018-12-10,2018-12-04,2018-12-07,Employees/Designated Employees,Market Sale,Sell,Equity Shares,8730.0,0.0,0.0,0.0,0.0,61304.0,0.0,52574.0,0.0
INFY,2018-12-11 19:22:00,2018-12-07,2018-12-05,2018-12-05,Employees/Designated Employees,ESOP,Buy,Equity Shares,1776.0,0.0,0.0,0.0,0.0,1774.0,0.0,3550.0,0.0
INFY,2018-12-11 19:22:00,2018-12-07,2018-12-05,2018-12-05,Employees/Designated Employees,ESOP,Buy,Equity Shares,2050.0,0.0,0.0,0.0,0.0,9730.0,0.0,11780.0,0.0
INFY,2018-12-11 19:22:00,2018-12-07,2018-12-05,2018-12-05,Employees/Designated Employees,ESOP,Buy,Equity Shares,2576.0,0.0,0.0,0.0,0.0,2574.0,0.0,5150.0,0.0
INFY,2018-12-11 19:22:00,2018-12-07,2018-12-05,2018-12-05,Employees/Designated Employees,ESOP,Buy,Equity Shares,2650.0,0.0,0.0,0.0,0.0,95516.0,0.0,98166.0,0.0
INFY,2018-12-11 19:22:00,2018-12-07,2018-12-05,2018-12-05,Employees/Designated Employees,ESOP,Buy,Equity Shares,2076.0,0.0,0.0,0.0,0.0,2122.0,0.0,4198.0,0.0
INFY,2018-12-11 19:22:00,2018-12-07,2018-12-05,2018-12-05,Employees/Designated Employees,ESOP,Buy,Equity Shares,4376.0,0.0,0.0,0.0,0.0,4458.0,0.0,8834.0,0.0
INFY,2018-12-11 19:22:00,2018-12-07,2018-12-05,2018-12-05,Employees/Designated Employees,ESOP,Buy,Equity Shares,2726.0,0.0,0.0,0.0,0.0,10836.0,0.0,13562.0,0.0
INFY,2018-12-11 19:22:00,2018-12-10,2018-12-07,2018-12-07,Employees/Designated Employees,ESOP,Sell,ADR/GDR/FCCB,3900.0,0.0,0.0,0.0,0.0,3900.0,0.0,,0.0
INFY,2018-12-11 19:22:00,2018-12-07,2018-12-05,2018-12-05,Employees/Designated Employees,ESOP,Buy,Equity Shares,1650.0,0.0,0.0,0.0,0.0,56774.0,0.0,58424.0,0.0
INFY,2018-12-11 19:22:00,2018-12-07,2018-12-05,2018-12-05,Employees/Designated Employees,ESOP,Buy,Equity Shares,1650.0,0.0,0.0,0.0,0.0,26990.0,0.0,28640.0,0.0
INFY,2018-12-11 19:22:00,2018-12-10,2018-12-07,2018-12-07,Employees/Designated Employees,ESOP,Sell,ADR/GDR/FCCB,2726.0,0.0,0.0,0.0,0.0,2726.0,0.0,,0.0
INFY,2018-12-11 19:22:00,2018-12-07,2018-12-07,2018-12-07,Employees/Designated Employees,ESOP,Sell,ADR/GDR/FCCB,82552.0,0.0,0.0,0.0,0.0,82552.0,0.0,,0.0
INFY,2018-12-11 19:22:00,2018-12-10,2018-12-07,2018-12-07,Employees/Designated Employees,ESOP,Sell,ADR/GDR/FCCB,13500.0,0.0,0.0,0.0,0.0,26176.0,0.0,12676.0,0.0
INFY,2018-12-11 19:22:00,2018-12-10,2018-12-07,2018-12-07,Employees/Designated Employees,ESOP,Sell,ADR/GDR/FCCB,1850.0,0.0,0.0,0.0,0.0,4200.0,0.0,2350.0,0.0
INFY,2018-12-11 19:22:00,2018-12-10,2018-12-07,2018-12-07,Employees/Designated Employees,ESOP,Sell,ADR/GDR/FCCB,3775.0,0.0,0.0,0.0,0.0,7250.0,0.0,3475.0,0.0
INFY,2018-12-12 18:34:00,2018-12-10,2018-12-07,2018-12-07,Employees/Designated Employees,ESOP,Sell,ADR/GDR/FCCB,1760.0,0.0,0.0,0.0,0.0,3400.0,0.0,1640.0,0.0
INFY,2018-12-12 18:34:00,2018-12-10,2018-12-07,2018-12-07,Employees/Designated Employees,ESOP,Sell,ADR/GDR/FCCB,1725.0,0.0,0.0,0.0,0.0,3926.0,0.0,2201.0,0.0
INFY,2018-12-13 18:22:00,2018-12-12,2018-11-20,2018-11-20,Employees/Designated Employees,ESOP,Buy,Equity Shares,426.0,0.0,0.0,0.0,0.0,5988.0,0.0,6414.0,0.0
INFY,2018-12-13 18:22:00,2018-12-12,2018-12-11,2018-12-11,Employees/Designated Employees,Market Sale,Sell,Equity Shares,300.0,0.0,0.0,0.0,0.0,6414.0,0.0,6114.0,0.0
INFY,2018-12-13 18:22:00,2018-12-12,2018-10-22,2018-11-11,Employees/Designated Employees,Market Sale,Sell,Equity Shares,2000.0,0.0,0.0,0.0,0.0,7988.0,0.0,5988.0,0.0
INFY,2018-12-18 17:56:00,2018-12-17,2018-12-06,2018-12-06,Employees/Designated Employees,Gift,Sell,Equity Shares,296004.0,0.0,0.0,0.0,0.0,303156.0,0.0,7152.0,0.0
INFY,2018-12-18 17:56:00,2018-12-15,2018-12-13,2018-12-13,Employees/Designated Employees,Market Sale,Sell,Equity Shares,1200.0,0.0,0.0,0.0,0.0,2400.0,0.0,1200.0,0.0
INFY,2018-12-18 17:56:00,2018-12-15,2018-11-12,2018-11-12,Employees/Designated Employees,Market Sale,Sell,Equity Shares,500.0,0.0,0.0,0.0,0.0,500.0,0.0,,0.0
INFY,2018-12-20 18:24:00,2018-12-18,2018-12-15,2018-12-15,Employees/Designated Employees,ESOP,Buy,Equity Shares,8300.0,0.0,0.0,0.0,0.0,,0.0,8300.0,0.0
INFY,2018-12-20 18:24:00,2018-12-18,2018-12-15,2018-12-15,Employees/Designated Employees,ESOP,Buy,Equity Shares,4526.0,0.0,0.0,0.0,0.0,4524.0,0.0,9050.0,0.0
INFY,2018-12-20 18:24:00,2018-12-19,2018-12-11,2018-12-13,Employees/Designated Employees,Market Sale,Sell,Equity Shares,2574.0,0.0,0.0,0.0,0.0,52574.0,0.0,50000.0,0.0
INFY,2018-12-20 18:24:00,2018-12-18,2018-12-15,2018-12-15,Employees/Designated Employees,ESOP,Buy,Equity Shares,5826.0,0.0,0.0,0.0,0.0,5824.0,0.0,11650.0,0.0
INFY,2018-12-21 18:24:00,2018-12-19,2018-12-05,2018-12-17,Employees/Designated Employees,ESOP,Buy,Equity Shares,13450.0,0.0,0.0,0.0,0.0,3370.0,0.0,16820.0,0.0
INFY,2018-12-28 16:53:00,2018-12-28,2018-12-15,2018-12-15,Employees/Designated Employees,ESOP,Buy,ADR/GDR/FCCB,4100.0,0.0,0.0,0.0,0.0,41600.0,0.0,45700.0,0.0
INFY,2019-01-03 17:28:00,2019-01-02,2018-12-13,2018-12-13,Employees/Designated Employees,Market Sale,Sell,Equity Shares,12544.0,0.0,0.0,0.0,0.0,12544.0,0.0,,0.0
INFY,2019-01-24 16:48:00,2019-01-24,2019-01-24,2019-01-24,Employees/Designated Employees,ESOP,Buy,Equity Shares,5850.0,0.0,0.0,0.0,0.0,4250.0,0.0,10100.0,0.0
INFY,2019-01-24 16:48:00,2019-01-22,2019-01-22,2019-01-22,Key Managerial Personnel,Market Sale,Sell,Equity Shares,2229.0,0.0,0.0,0.0,0.0,8834.0,0.0,6605.0,0.0
INFY,2019-01-29 17:28:00,2019-01-25,2019-01-25,2019-01-25,Key Managerial Personnel,Market Sale,Sell,Equity Shares,3771.0,0.0,0.0,0.0,0.0,6605.0,0.0,2834.0,0.0
INFY,2019-01-31 23:13:00,2019-01-29,2019-01-17,2019-01-17,Employees/Designated Employees,Market Sale,Sell,Equity Shares,9600.0,0.0,0.0,0.0,0.0,14820.0,0.0,5220.0,0.0
INFY,2019-01-31 23:13:00,2019-01-31,2019-01-16,2019-01-28,Employees/Designated Employees,Market Sale,Sell,Equity Shares,1500.0,0.0,0.0,0.0,0.0,1500.0,0.0,,0.0
INFY,2019-01-31 23:13:00,2019-01-29,2019-01-25,2019-01-25,Employees/Designated Employees,ESOP,Buy,Equity Shares,2374.0,0.0,0.0,0.0,0.0,2998.0,0.0,5372.0,0.0
INFY,2019-02-06 18:42:00,2019-02-04,2019-01-31,2019-02-01,Employees/Designated Employees,Market Sale,Sell,Equity Shares,8000.0,0.0,0.0,0.0,0.0,90750.0,0.0,82750.0,0.0
INFY,2019-02-06 18:42:00,2019-02-05,2019-01-31,2019-02-01,Employees/Designated Employees,Market Sale,Sell,Equity Shares,2000.0,0.0,0.0,0.0,0.0,42000.0,0.0,40000.0,0.0
INFY,2019-02-12 16:20:00,2019-02-08,2019-02-06,2019-02-08,Employees/Designated Employees,Market Sale,Sell,Equity Shares,1500.0,0.0,0.0,0.0,0.0,82700.0,0.0,81200.0,0.0
INFY,2019-02-12 16:20:00,2019-02-08,2019-01-11,2019-02-06,Employees/Designated Employees,Market Sale,Sell,Equity Shares,1750.0,0.0,0.0,0.0,0.0,4044.0,0.0,2294.0,0.0
INFY,2019-02-12 16:20:00,2019-02-12,2019-02-01,2019-02-01,Employees/Designated Employees,Market Sale,Sell,Equity Shares,1500.0,0.0,0.0,0.0,0.0,34632.0,0.0,33132.0,0.0
INFY,2019-02-18 19:03:00,2019-02-15,2019-02-08,2019-02-13,Employees/Designated Employees,Market Sale,Sell,Equity Shares,2000.0,0.0,0.0,0.0,0.0,34516.0,0.0,32516.0,0.0
INFY,2019-02-18 19:03:00,2019-02-18,2019-02-15,2019-02-15,Employees/Designated Employees,Market Sale,Sell,Equity Shares,2000.0,0.0,0.0,0.0,0.0,3292.0,0.0,1292.0,0.0
INFY,2019-02-19 18:47:00,2019-02-18,2019-02-06,2019-02-06,Employees/Designated Employees,Market Sale,Sell,Equity Shares,3550.0,0.0,0.0,0.0,0.0,37114.0,0.0,33564.0,0.0
INFY,2019-02-19 18:47:00,2019-02-18,2019-01-25,2019-02-16,Other,ESOP,Sell,Equity Shares,11792.0,0.0,0.0,0.0,0.0,20709738.0,0.47,20697946.0,0.47
INFY,2019-02-21 17:59:00,2019-02-19,2019-01-28,2019-01-28,Director,Market Sale,Sell,Equity Shares,1600.0,0.0,0.0,0.0,0.0,1600.0,0.0,,0.0
INFY,2019-03-01 13:19:00,2019-02-28,2019-02-25,2019-02-26,Employees/Designated Employees,Market Sale,Sell,Equity Shares,6300.0,0.0,0.0,0.0,0.0,32516.0,0.0,26216.0,0.0
INFY,2019-03-07 19:57:00,2019-03-06,2019-03-01,2019-03-01,Employees/Designated Employees,ESOP,Sell,Equity Shares,557.0,0.0,0.0,0.0,0.0,60052.0,0.0,59495.0,0.0
INFY,2019-03-07 19:57:00,2019-03-06,2019-03-01,2019-03-01,Employees/Designated Employees,ESOP,Sell,Equity Shares,2624.0,0.0,0.0,0.0,0.0,2624.0,0.0,,0.0
INFY,2019-03-07 19:57:00,2019-03-06,2019-03-01,2019-03-01,Employees/Designated Employees,ESOP,Buy,Equity Shares,1524.0,0.0,0.0,0.0,0.0,58528.0,0.0,60052.0,0.0
INFY,2019-03-07 19:57:00,2019-03-06,2019-03-01,2019-03-01,Employees/Designated Employees,ESOP,Sell,Equity Shares,567.0,0.0,0.0,0.0,0.0,4650.0,0.0,4083.0,0.0
INFY,2019-03-07 19:57:00,2019-03-06,2019-03-01,2019-03-01,Employees/Designated Employees,ESOP,Buy,Equity Shares,1550.0,0.0,0.0,0.0,0.0,3100.0,0.0,4650.0,0.0
INFY,2019-03-07 19:57:00,2019-03-07,2019-02-26,2019-02-26,Employees/Designated Employees,Market Sale,Sell,Equity Shares,2000.0,0.0,0.0,0.0,0.0,5372.0,0.0,3372.0,0.0
INFY,2019-03-07 19:57:00,2019-03-05,2019-03-05,2019-03-05,Employees/Designated Employees,Market Sale,Sell,Equity Shares,1300.0,0.0,0.0,0.0,0.0,63010.0,0.0,61710.0,0.0
INFY,2019-03-07 19:57:00,2019-03-06,2019-03-01,2019-03-01,Director,ESOP,Sell,Equity Shares,37834.0,0.0,0.0,0.0,0.0,103604.0,0.0,65770.0,0.0
INFY,2019-03-07 19:57:00,2019-03-06,2019-03-01,2019-03-01,Director,ESOP,Buy,Equity Shares,103604.0,0.0,0.0,0.0,0.0,,0.0,103604.0,0.0
INFY,2019-03-07 19:57:00,2019-03-06,2019-03-01,2019-03-01,Employees/Designated Employees,ESOP,Sell,Equity Shares,2050.0,0.0,0.0,0.0,0.0,22984.0,0.0,20934.0,0.0
INFY,2019-03-07 19:57:00,2019-03-06,2019-03-01,2019-03-01,Employees/Designated Employees,ESOP,Buy,Equity Shares,2050.0,0.0,0.0,0.0,0.0,20934.0,0.0,22984.0,0.0
INFY,2019-03-07 19:57:00,2019-03-06,2019-03-01,2019-03-01,Employees/Designated Employees,ESOP,Sell,Equity Shares,3150.0,0.0,0.0,0.0,0.0,14930.0,0.0,11780.0,0.0
INFY,2019-03-07 19:57:00,2019-03-06,2019-03-01,2019-03-01,Employees/Designated Employees,ESOP,Buy,Equity Shares,3150.0,0.0,0.0,0.0,0.0,11780.0,0.0,14930.0,0.0
INFY,2019-03-07 19:57:00,2019-03-06,2019-03-01,2019-03-01,Employees/Designated Employees,ESOP,Sell,Equity Shares,6200.0,0.0,0.0,0.0,0.0,18250.0,0.0,12050.0,0.0
INFY,2019-03-07 19:57:00,2019-03-06,2019-03-01,2019-03-01,Employees/Designated Employees,ESOP,Buy,Equity Shares,6200.0,0.0,0.0,0.0,0.0,12050.0,0.0,18250.0,0.0
INFY,2019-03-07 19:57:00,2019-03-06,2019-03-01,2019-03-01,Employees/Designated Employees,ESOP,Sell,Equity Shares,7550.0,0.0,0.0,0.0,0.0,21660.0,0.0,14110.0,0.0
INFY,2019-03-07 19:57:00,2019-03-06,2019-03-01,2019-03-01,Other,Market Sale,Sell,Equity Shares,77604.0,0.0,0.0,0.0,0.0,20697946.0,0.47,20620342.0,0.47
INFY,2019-03-07 19:57:00,2019-03-06,2019-03-01,2019-03-01,Employees/Designated Employees,ESOP,Buy,Equity Shares,7550.0,0.0,0.0,0.0,0.0,14110.0,0.0,21660.0,0.0
INFY,2019-03-07 19:57:00,2019-03-06,2019-03-01,2019-03-01,Employees/Designated Employees,ESOP,Buy,Equity Shares,2624.0,0.0,0.0,0.0,0.0,,0.0,2624.0,0.0
INFY,2019-03-11 17:01:00,2019-03-07,2019-03-05,2019-03-05,Employees/Designated Employees,ESOP,Buy,Equity Shares,3950.0,0.0,0.0,0.0,0.0,1640.0,0.0,5590.0,0.0
INFY,2019-03-11 17:01:00,2019-03-07,2019-03-05,2019-03-05,Employees/Designated Employees,ESOP,Buy,Equity Shares,5700.0,0.0,0.0,0.0,0.0,5300.0,0.0,11000.0,0.0
INFY,2019-03-11 17:01:00,2019-03-07,2019-03-05,2019-03-05,Employees/Designated Employees,ESOP,Buy,Equity Shares,4374.0,0.0,0.0,0.0,0.0,,0.0,4374.0,0.0
INFY,2019-03-11 17:01:00,2019-03-07,2019-03-05,2019-03-05,Employees/Designated Employees,ESOP,Buy,Equity Shares,8950.0,0.0,0.0,0.0,0.0,,0.0,8950.0,0.0
INFY,2019-03-11 17:01:00,2019-03-07,2019-03-05,2019-03-05,Employees/Designated Employees,ESOP,Buy,Equity Shares,4150.0,0.0,0.0,0.0,0.0,,0.0,4150.0,0.0
INFY,2019-03-11 17:01:00,2019-03-07,2019-03-05,2019-03-05,Employees/Designated Employees,ESOP,Buy,Equity Shares,6550.0,0.0,0.0,0.0,0.0,,0.0,6550.0,0.0
INFY,2019-03-11 17:01:00,2019-03-07,2019-03-05,2019-03-05,Employees/Designated Employees,ESOP,Buy,Equity Shares,4650.0,0.0,0.0,0.0,0.0,4025.0,0.0,8675.0,0.0
INFY,2019-03-11 17:01:00,2019-03-07,2019-03-05,2019-03-05,Employees/Designated Employees,ESOP,Buy,Equity Shares,4650.0,0.0,0.0,0.0,0.0,1031.0,0.0,5681.0,0.0
INFY,2019-03-11 17:01:00,2019-03-07,2019-03-05,2019-03-05,Employees/Designated Employees,ESOP,Buy,Equity Shares,2500.0,0.0,0.0,0.0,0.0,,0.0,2500.0,0.0
INFY,2019-03-11 17:01:00,2019-03-07,2019-03-05,2019-03-05,Employees/Designated Employees,ESOP,Buy,Equity Shares,6800.0,0.0,0.0,0.0,0.0,8808.0,0.0,15608.0,0.0
INFY,2019-03-11 17:01:00,2019-03-07,2019-03-05,2019-03-05,Employees/Designated Employees,ESOP,Buy,Equity Shares,3124.0,0.0,0.0,0.0,0.0,2350.0,0.0,5474.0,0.0
INFY,2019-03-11 17:01:00,2019-03-07,2019-03-05,2019-03-05,Employees/Designated Employees,ESOP,Buy,Equity Shares,3874.0,0.0,0.0,0.0,0.0,,0.0,3874.0,0.0
INFY,2019-03-11 17:01:00,2019-03-07,2019-03-05,2019-03-05,Employees/Designated Employees,ESOP,Buy,Equity Shares,4624.0,0.0,0.0,0.0,0.0,1220.0,0.0,5844.0,0.0
INFY,2019-03-11 17:01:00,2019-03-07,2019-03-05,2019-03-05,Employees/Designated Employees,ESOP,Buy,Equity Shares,10150.0,0.0,0.0,0.0,0.0,3475.0,0.0,13625.0,0.0
INFY,2019-03-11 17:01:00,2019-03-07,2019-03-05,2019-03-05,Employees/Designated Employees,ESOP,Buy,Equity Shares,33424.0,0.0,0.0,0.0,0.0,,0.0,33424.0,0.0
INFY,2019-03-11 17:01:00,2019-03-07,2019-03-05,2019-03-05,Employees/Designated Employees,ESOP,Buy,Equity Shares,5324.0,0.0,0.0,0.0,0.0,2201.0,0.0,7525.0,0.0
INFY,2019-03-11 17:01:00,2019-03-07,2019-03-05,2019-03-05,Employees/Designated Employees,ESOP,Buy,Equity Shares,2850.0,0.0,0.0,0.0,0.0,2437.0,0.0,5287.0,0.0
INFY,2019-03-11 17:01:00,2019-03-07,2019-03-05,2019-03-05,Employees/Designated Employees,ESOP,Buy,Equity Shares,4574.0,0.0,0.0,0.0,0.0,45700.0,0.0,50274.0,0.0
INFY,2019-03-11 17:01:00,2019-03-07,2019-03-05,2019-03-05,Employees/Designated Employees,ESOP,Buy,Equity Shares,33424.0,0.0,0.0,0.0,0.0,12676.0,0.0,46100.0,0.0
INFY,2019-03-11 17:01:00,2019-03-07,2019-03-05,2019-03-05,Employees/Designated Employees,ESOP,Buy,Equity Shares,5724.0,0.0,0.0,0.0,0.0,9050.0,0.0,14774.0,0.0
INFY,2019-03-11 17:01:00,2019-03-11,2019-02-25,2019-03-01,Employees/Designated Employees,Market Sale,Sell,Equity Shares,3000.0,0.0,0.0,0.0,0.0,109396.0,0.0,106396.0,0.0
INFY,2019-03-11 17:01:00,2019-03-07,2019-03-05,2019-03-05,Employees/Designated Employees,ESOP,Buy,Equity Shares,5300.0,0.0,0.0,0.0,0.0,5026.0,0.0,10326.0,0.0
INFY,2019-03-11 17:01:00,2019-03-07,2019-03-05,2019-03-05,Employees/Designated Employees,ESOP,Buy,Equity Shares,4300.0,0.0,0.0,0.0,0.0,1218.0,0.0,5518.0,0.0
INFY,2019-03-11 17:01:00,2019-03-07,2019-03-05,2019-03-05,Employees/Designated Employees,ESOP,Buy,Equity Shares,8650.0,0.0,0.0,0.0,0.0,,0.0,8650.0,0.0
INFY,2019-03-11 17:01:00,2019-03-07,2019-03-05,2019-03-05,Employees/Designated Employees,ESOP,Buy,Equity Shares,6524.0,0.0,0.0,0.0,0.0,11650.0,0.0,18174.0,0.0
INFY,2019-03-11 17:01:00,2019-03-07,2019-03-05,2019-03-05,Employees/Designated Employees,ESOP,Buy,Equity Shares,3624.0,0.0,0.0,0.0,0.0,5800.0,0.0,9424.0,0.0
INFY,2019-03-11 17:01:00,2019-03-07,2019-03-05,2019-03-05,Employees/Designated Employees,ESOP,Buy,Equity Shares,4574.0,0.0,0.0,0.0,0.0,1750.0,0.0,6324.0,0.0
INFY,2019-03-11 17:01:00,2019-03-11,2019-03-07,2019-03-07,Other,ESOP,Sell,Equity Shares,72574.0,0.0,0.0,0.0,0.0,20620342.0,0.47,20547768.0,0.47
INFY,2019-03-13 15:59:00,2019-03-07,2019-03-06,2019-03-06,Employees/Designated Employees,Market Sale,Sell,Equity Shares,1500.0,0.0,0.0,0.0,0.0,32124.0,0.0,30624.0,0.0
INFY,2019-03-13 15:59:00,2019-03-12,2019-03-05,2019-03-05,Employees/Designated Employees,Market Sale,Sell,Equity Shares,500.0,0.0,0.0,0.0,0.0,1292.0,0.0,792.0,0.0
INFY,2019-03-13 15:59:00,2019-03-12,2019-03-05,2019-03-08,Employees/Designated Employees,ESOP,Sell,Equity Shares,7395.0,0.0,0.0,0.0,0.0,28640.0,0.0,21245.0,0.0
INFY,2019-03-14 16:57:00,2019-03-14,2019-03-13,2019-03-13,Employees/Designated Employees,ESOP,Sell,Equity Shares,8950.0,0.0,0.0,0.0,0.0,8950.0,0.0,,0.0
INFY,2019-03-14 16:57:00,2019-03-14,2019-03-13,2019-03-13,Employees/Designated Employees,ESOP,Sell,Equity Shares,4374.0,0.0,0.0,0.0,0.0,4374.0,0.0,,0.0
INFY,2019-03-14 16:57:00,2019-03-14,2019-03-13,2019-03-13,Employees/Designated Employees,ESOP,Sell,Equity Shares,1784.0,0.0,0.0,0.0,0.0,5518.0,0.0,3734.0,0.0
INFY,2019-03-14 16:57:00,2019-03-14,2019-03-13,2019-03-13,Employees/Designated Employees,ESOP,Sell,Equity Shares,1939.0,0.0,0.0,0.0,0.0,5590.0,0.0,3651.0,0.0
INFY,2019-03-14 16:57:00,2019-03-14,2019-03-13,2019-03-13,Employees/Designated Employees,ESOP,Sell,Equity Shares,5724.0,0.0,0.0,0.0,0.0,14774.0,0.0,9050.0,0.0
INFY,2019-03-14 16:57:00,2019-03-14,2019-03-13,2019-03-13,Employees/Designated Employees,ESOP,Sell,Equity Shares,16050.0,0.0,0.0,0.0,0.0,46100.0,0.0,30050.0,0.0
INFY,2019-03-14 16:57:00,2019-03-14,2019-03-13,2019-03-13,Employees/Designated Employees,ESOP,Sell,Equity Shares,4574.0,0.0,0.0,0.0,0.0,50274.0,0.0,45700.0,0.0
INFY,2019-03-14 16:57:00,2019-03-14,2019-03-13,2019-03-13,Employees/Designated Employees,ESOP,Sell,Equity Shares,1399.0,0.0,0.0,0.0,0.0,5287.0,0.0,3888.0,0.0
INFY,2019-03-14 16:57:00,2019-03-14,2019-03-13,2019-03-13,Employees/Designated Employees,ESOP,Sell,Equity Shares,2209.0,0.0,0.0,0.0,0.0,7525.0,0.0,5316.0,0.0
INFY,2019-03-14 16:57:00,2019-03-14,2019-03-13,2019-03-13,Employees/Designated Employees,ESOP,Sell,Equity Shares,33424.0,0.0,0.0,0.0,0.0,33424.0,0.0,,0.0
INFY,2019-03-14 16:57:00,2019-03-14,2019-03-13,2019-03-13,Employees/Designated Employees,ESOP,Sell,Equity Shares,10150.0,0.0,0.0,0.0,0.0,13625.0,0.0,3475.0,0.0
INFY,2019-03-14 16:57:00,2019-03-14,2019-03-13,2019-03-13,Employees/Designated Employees,ESOP,Sell,Equity Shares,1967.0,0.0,0.0,0.0,0.0,5844.0,0.0,3877.0,0.0
INFY,2019-03-14 16:57:00,2019-03-14,2019-03-13,2019-03-13,Employees/Designated Employees,ESOP,Sell,Equity Shares,3874.0,0.0,0.0,0.0,0.0,3874.0,0.0,,0.0
INFY,2019-03-14 16:57:00,2019-03-14,2019-03-13,2019-03-13,Employees/Designated Employees,ESOP,Sell,Equity Shares,1329.0,0.0,0.0,0.0,0.0,5474.0,0.0,4145.0,0.0
INFY,2019-03-14 16:57:00,2019-03-14,2019-03-13,2019-03-13,Employees/Designated Employees,ESOP,Sell,Equity Shares,2118.0,0.0,0.0,0.0,0.0,15608.0,0.0,13490.0,0.0
INFY,2019-03-14 16:57:00,2019-03-14,2019-03-13,2019-03-13,Employees/Designated Employees,ESOP,Sell,Equity Shares,1064.0,0.0,0.0,0.0,0.0,2500.0,0.0,1436.0,0.0
INFY,2019-03-14 16:57:00,2019-03-14,2019-03-13,2019-03-13,Employees/Designated Employees,ESOP,Sell,Equity Shares,1449.0,0.0,0.0,0.0,0.0,5681.0,0.0,4232.0,0.0
INFY,2019-03-14 16:57:00,2019-03-14,2019-03-13,2019-03-13,Employees/Designated Employees,ESOP,Sell,Equity Shares,24.0,0.0,0.0,0.0,0.0,8675.0,0.0,8651.0,0.0
INFY,2019-03-14 16:57:00,2019-03-14,2019-03-13,2019-03-13,Employees/Designated Employees,ESOP,Sell,Equity Shares,6550.0,0.0,0.0,0.0,0.0,6550.0,0.0,,0.0
INFY,2019-03-14 16:57:00,2019-03-14,2019-03-13,2019-03-13,Employees/Designated Employees,ESOP,Sell,Equity Shares,1975.0,0.0,0.0,0.0,0.0,4150.0,0.0,2175.0,0.0
INFY,2019-03-14 16:57:00,2019-03-14,2019-03-13,2019-03-13,Employees/Designated Employees,ESOP,Sell,Equity Shares,2513.0,0.0,0.0,0.0,0.0,10326.0,0.0,7813.0,0.0
INFY,2019-03-19 17:47:00,2019-03-15,2019-03-14,2019-03-14,Other,ESOP,Sell,Equity Shares,222786.0,0.0,0.0,0.0,0.0,20547768.0,0.47,20324982.0,0.47
INFY,2019-03-19 17:47:00,2019-03-18,2019-03-14,2019-03-14,Employees/Designated Employees,ESOP,Buy,Equity Shares,4800.0,0.0,0.0,0.0,0.0,197662.0,0.0,202462.0,0.0
INFY,2019-03-19 17:47:00,2019-03-18,2019-03-14,2019-03-14,Employees/Designated Employees,ESOP,Buy,Equity Shares,4900.0,0.0,0.0,0.0,0.0,92560.0,0.0,97460.0,0.0
INFY,2019-03-19 17:47:00,2019-03-18,2019-03-14,2019-03-14,Employees/Designated Employees,ESOP,Buy,Equity Shares,6350.0,0.0,0.0,0.0,0.0,30624.0,0.0,36974.0,0.0
INFY,2019-03-19 17:47:00,2019-03-18,2019-03-14,2019-03-14,Employees/Designated Employees,ESOP,Buy,Equity Shares,1424.0,0.0,0.0,0.0,0.0,13100.0,0.0,14524.0,0.0
INFY,2019-03-19 17:47:00,2019-03-18,2019-03-14,2019-03-14,Employees/Designated Employees,ESOP,Buy,Equity Shares,1950.0,0.0,0.0,0.0,0.0,1120.0,0.0,3070.0,0.0
INFY,2019-03-19 17:47:00,2019-03-17,2019-02-05,2019-02-05,Employees/Designated Employees,Market Sale,Sell,Equity Shares,10000.0,0.0,0.0,0.0,0.0,76158.0,0.0,66158.0,0.0
INFY,2019-03-19 17:47:00,2019-03-18,2019-03-14,2019-03-14,Employees/Designated Employees,ESOP,Buy,Equity Shares,2424.0,0.0,0.0,0.0,0.0,73582.0,0.0,76006.0,0.0
INFY,2019-03-19 17:47:00,2019-03-18,2019-03-14,2019-03-14,Employees/Designated Employees,ESOP,Buy,Equity Shares,2550.0,0.0,0.0,0.0,0.0,8900.0,0.0,11450.0,0.0
INFY,2019-03-19 17:47:00,2019-03-18,2019-03-14,2019-03-14,Employees/Designated Employees,ESOP,Buy,Equity Shares,2774.0,0.0,0.0,0.0,0.0,248898.0,0.0,251672.0,0.0
INFY,2019-03-19 17:47:00,2019-03-18,2019-03-14,2019-03-14,Employees/Designated Employees,ESOP,Buy,Equity Shares,2824.0,0.0,0.0,0.0,0.0,4300.0,0.0,7124.0,0.0
INFY,2019-03-19 17:47:00,2019-03-18,2019-03-14,2019-03-14,Employees/Designated Employees,ESOP,Buy,Equity Shares,1724.0,0.0,0.0,0.0,0.0,3372.0,0.0,5096.0,0.0
INFY,2019-03-19 17:47:00,2019-03-18,2019-03-14,2019-03-14,Employees/Designated Employees,ESOP,Buy,Equity Shares,1774.0,0.0,0.0,0.0,0.0,21245.0,0.0,23019.0,0.0
INFY,2019-03-19 17:47:00,2019-03-18,2019-03-14,2019-03-14,Employees/Designated Employees,ESOP,Buy,Equity Shares,2174.0,0.0,0.0,0.0,0.0,3800.0,0.0,5974.0,0.0
INFY,2019-04-25 16:59:00,2019-04-24,2019-04-23,2019-04-23,Employees/Designated Employees,Market Sale,Sell,Equity Shares,2000.0,0.0,0.0,0.0,0.0,36974.0,0.0,34974.0,0.0
INFY,2019-04-25 16:59:00,2019-04-24,2019-04-15,2019-04-15,Other,Off Market,Sell,Equity Shares,192660.0,0.0,0.0,0.0,0.0,20324982.0,0.47,20132322.0,0.46
INFY,2019-05-03 17:05:00,2019-04-30,2019-04-20,2019-04-20,Employees/Designated Employees,ESOP,Buy,Equity Shares,3550.0,0.0,0.0,0.0,0.0,13562.0,0.0,17112.0,0.0
INFY,2019-05-03 17:05:00,2019-04-30,2019-04-20,2019-04-20,Employees/Designated Employees,ESOP,Buy,Equity Shares,6374.0,0.0,0.0,0.0,0.0,2834.0,0.0,9208.0,0.0
INFY,2019-05-03 17:05:00,2019-04-30,2019-04-20,2019-04-20,Employees/Designated Employees,ESOP,Buy,Equity Shares,5674.0,0.0,0.0,0.0,0.0,2419998.0,0.0,2425672.0,0.0
INFY,2019-05-03 17:05:00,2019-04-30,2019-04-20,2019-04-20,Employees/Designated Employees,ESOP,Buy,Equity Shares,3450.0,0.0,0.0,0.0,0.0,22410.0,0.0,25860.0,0.0
INFY,2019-05-03 17:05:00,2019-04-30,2019-04-20,2019-04-20,Employees/Designated Employees,ESOP,Buy,Equity Shares,3050.0,0.0,0.0,0.0,0.0,98166.0,0.0,101216.0,0.0
INFY,2019-05-03 17:05:00,2019-04-30,2019-04-20,2019-04-20,Employees/Designated Employees,ESOP,Buy,Equity Shares,3150.0,0.0,0.0,0.0,0.0,5150.0,0.0,8300.0,0.0
INFY,2019-05-03 17:05:00,2019-04-30,2019-04-20,2019-04-20,Employees/Designated Employees,ESOP,Buy,Equity Shares,2124.0,0.0,0.0,0.0,0.0,58424.0,0.0,60548.0,0.0
INFY,2019-05-03 17:05:00,2019-04-30,2019-04-20,2019-04-20,Employees/Designated Employees,ESOP,Buy,Equity Shares,1500.0,0.0,0.0,0.0,0.0,5076.0,0.0,6576.0,0.0
INFY,2019-05-03 17:05:00,2019-04-30,2019-04-20,2019-04-20,Employees/Designated Employees,ESOP,Buy,Equity Shares,1400.0,0.0,0.0,0.0,0.0,2530.0,0.0,3930.0,0.0
INFY,2019-05-08 12:17:00,2019-05-07,2019-05-03,2019-05-03,Employees/Designated Employees,Market Sale,Sell,Equity Shares,4000.0,0.0,0.0,0.0,0.0,14110.0,0.0,10110.0,0.0
INFY,2019-05-08 12:17:00,2019-05-07,2019-05-06,2019-05-06,Other,Off Market,Sell,Equity Shares,7358.0,0.0,0.0,0.0,0.0,20132322.0,0.46,20124964.0,0.46
INFY,2019-05-14 10:36:00,2019-05-13,2019-05-09,2019-05-10,Other,Off Market,Sell,Equity Shares,3436.0,0.0,0.0,0.0,0.0,20124964.0,0.46,20121528.0,0.46
INFY,2019-05-21 18:16:00,2019-05-20,2019-05-17,2019-05-17,Employees/Designated Employees,ESOP,Buy,Equity Shares,9500.0,0.0,0.0,0.0,0.0,12050.0,0.0,21550.0,0.0
INFY,2019-05-21 18:16:00,2019-05-17,2019-05-16,2019-05-16,Employees/Designated Employees,Market Sale,Sell,Equity Shares,3000.0,0.0,0.0,0.0,0.0,34974.0,0.0,31974.0,0.0
INFY,2019-05-21 18:16:00,2019-05-21,2019-05-17,2019-05-17,Other,Off Market,Sell,Equity Shares,13100.0,0.0,0.0,0.0,0.0,20121528.0,0.46,20108428.0,0.46
INFY,2019-05-24 10:45:00,2019-05-23,2019-05-22,2019-05-22,Other,Off Market,Sell,Equity Shares,13626.0,0.0,0.0,0.0,0.0,20108428.0,0.46,20094802.0,0.46
INFY,2019-05-24 10:45:00,2019-05-23,2019-05-22,2019-05-22,Director,ESOP,Buy,Equity Shares,13626.0,0.0,0.0,0.0,0.0,1073696.0,0.02,1087322.0,0.02
INFY,2019-06-03 15:54:00,2019-06-03,2019-05-30,2019-05-30,Employees/Designated Employees,Market Sale,Sell,Equity Shares,2000.0,0.0,0.0,0.0,0.0,10110.0,0.0,8110.0,0.0
INFY,2019-06-06 11:40:00,2019-06-04,2019-06-03,2019-06-03,Employees/Designated Employees,Market Sale,Sell,Equity Shares,2000.0,0.0,0.0,0.0,0.0,31974.0,0.0,29974.0,0.0
INFY,2019-06-19 17:44:00,2019-06-17,2019-06-13,2019-06-14,Employees/Designated Employees,Market Sale,Sell,Equity Shares,4800.0,0.0,0.0,0.0,0.0,11780.0,0.0,6980.0,0.0
INFY,2019-06-19 17:44:00,2019-06-18,2019-06-10,2019-06-11,Employees/Designated Employees,Market Sale,Sell,Equity Shares,2675.0,0.0,0.0,0.0,0.0,34656.0,0.0,31981.0,0.0
INFY,2019-06-24 15:55:00,2019-06-21,2019-06-20,2019-06-20,Other,Off Market,Sell,Equity Shares,372.0,0.0,0.0,0.0,0.0,20094802.0,0.46,20094430.0,0.46
INFY,2019-07-19 13:15:00,2019-07-18,2019-07-18,2019-07-18,Other,Market Sale,Sell,Equity Shares,13800.0,0.0,0.0,0.0,0.0,20017594.0,0.47,20003794.0,0.47
INFY,2019-07-19 13:15:00,2019-07-18,2019-07-16,2019-07-16,Other,Off Market,Sell,Equity Shares,2836.0,0.0,0.0,0.0,0.0,20094430.0,0.47,20091594.0,0.47
INFY,2019-07-19 13:15:00,2019-07-18,2019-07-17,2019-07-17,Other,Market Sale,Sell,Equity Shares,74000.0,0.0,0.0,0.0,0.0,20091594.0,0.47,20017594.0,0.47
INFY,2019-07-22 18:50:00,2019-07-22,2019-07-17,2019-07-22,Director,ESOP,Sell,Equity Shares,87800.0,0.0,0.0,0.0,0.0,282970.0,0.0,195170.0,0.0
INFY,2019-07-22 18:50:00,2019-07-22,2019-07-17,2019-07-22,Director,ESOP,Buy,Equity Shares,217200.0,0.0,0.0,0.0,0.0,65770.0,0.0,282970.0,0.0
INFY,2019-07-23 16:30:00,2019-07-22,2019-07-22,2019-07-22,Other,Off Market,Sell,Equity Shares,129400.0,0.0,0.0,0.0,0.0,20003794.0,0.46,19874394.0,0.46
INFY,2019-07-23 16:30:00,2019-07-22,2019-07-19,2019-07-19,Employees/Designated Employees,Market Sale,Sell,Equity Shares,1000.0,0.0,0.0,0.0,0.0,31981.0,0.0,30981.0,0.0
INFY,2019-07-23 16:30:00,2019-07-22,2019-07-19,2019-07-19,Employees/Designated Employees,Market Sale,Sell,Equity Shares,1000.0,0.0,0.0,0.0,0.0,30981.0,0.0,29981.0,0.0
INFY,2019-07-25 17:51:00,2019-07-25,2019-07-23,2019-07-23,Employees/Designated Employees,Market Sale,Sell,Equity Shares,1000.0,0.0,0.0,0.0,0.0,28981.0,0.0,27981.0,0.0
INFY,2019-07-25 17:51:00,2019-07-25,2019-07-23,2019-07-23,Employees/Designated Employees,Market Sale,Sell,Equity Shares,1000.0,0.0,0.0,0.0,0.0,27981.0,0.0,26981.0,0.0
INFY,2019-07-25 17:51:00,2019-07-25,2019-07-23,2019-07-23,Employees/Designated Employees,Market Sale,Sell,Equity Shares,1000.0,0.0,0.0,0.0,0.0,29981.0,0.0,28981.0,0.0
INFY,2019-07-30 19:48:00,2019-07-30,2019-07-29,2019-07-29,Immediate relative,Market Sale,Sell,Equity Shares,20000.0,0.0,0.0,0.0,0.0,100000.0,0.0,80000.0,0.0
INFY,2019-07-31 17:00:00,2019-07-30,2019-07-29,2019-07-29,Employees/Designated Employees,Market Sale,Sell,Equity Shares,12462.0,0.0,0.0,0.0,0.0,202462.0,0.0,190000.0,0.0
INFY,2019-08-01 20:50:00,2019-07-31,2019-07-31,2019-07-31,Immediate relative,Market Sale,Sell,Equity Shares,5000.0,0.0,0.0,0.0,0.0,80000.0,0.0,75000.0,0.0
INFY,2019-08-01 20:50:00,2019-07-30,2019-07-30,2019-07-30,Employees/Designated Employees,Market Sale,Sell,Equity Shares,2000.0,0.0,0.0,0.0,0.0,405822.0,0.0,403822.0,0.0
INFY,2019-08-01 20:50:00,2019-07-31,2019-07-31,2019-07-31,Immediate relative,Market Sale,Sell,Equity Shares,5000.0,0.0,0.0,0.0,0.0,75000.0,0.0,70000.0,0.0
INFY,2019-08-02 15:20:00,2019-07-30,2019-07-30,2019-07-30,Employees/Designated Employees,Market Sale,Sell,Equity Shares,2000.0,0.0,0.0,0.0,0.0,410598.0,0.02,408598.0,0.02
INFY,2019-08-08 16:46:00,2019-08-06,2019-08-02,2019-08-06,Employees/Designated Employees,Market Sale,Sell,Equity Shares,1300.0,0.0,0.0,0.0,0.0,5874.0,0.0,4574.0,0.0
INFY,2019-08-08 16:46:00,2019-08-06,2019-08-06,2019-08-06,Employees/Designated Employees,Market Sale,Sell,Equity Shares,100.0,0.0,0.0,0.0,0.0,4574.0,0.0,4474.0,0.0
INFY,2019-08-08 16:46:00,2019-08-06,2019-08-06,2019-08-06,Employees/Designated Employees,Market Sale,Sell,Equity Shares,200.0,0.0,0.0,0.0,0.0,4474.0,0.0,4274.0,0.0
INFY,2019-08-08 16:46:00,2019-08-02,2019-08-01,2019-08-01,Employees/Designated Employees,Market Sale,Sell,Equity Shares,100.0,0.0,0.0,0.0,0.0,5974.0,0.0,5874.0,0.0
INFY,2019-08-09 14:58:00,2019-08-07,2019-08-05,2019-08-05,Other,Market Sale,Sell,Equity Shares,89290.0,0.0,0.0,0.0,0.0,19874394.0,0.46,19785104.0,0.46
INFY,2019-08-12 17:54:00,2019-08-08,2019-08-08,2019-08-08,Employees/Designated Employees,Market Sale,Sell,Equity Shares,200.0,0.0,0.0,0.0,0.0,4274.0,0.0,4074.0,0.0
INFY,2019-08-13 12:43:00,2019-08-12,2019-08-09,2019-08-09,Employees/Designated Employees,Market Sale,Sell,Equity Shares,1000.0,0.0,0.0,0.0,0.0,408598.0,0.0,407598.0,0.0
INFY,2019-08-19 17:32:00,2019-08-16,2019-08-14,2019-08-16,Other,Off Market,Sell,Equity Shares,34618.0,0.0,0.0,0.0,0.0,19785104.0,0.46,19750486.0,0.46
INFY,2019-08-19 17:32:00,2019-08-19,2019-08-14,2019-08-14,Employees/Designated Employees,ESOP,Buy,Equity Shares,6450.0,0.0,0.0,0.0,0.0,6980.0,0.0,13430.0,0.0
INFY,2019-08-19 17:32:00,2019-08-19,2019-08-16,2019-08-16,Employees/Designated Employees,Market Sale,Sell,Equity Shares,1000.0,0.0,0.0,0.0,0.0,13430.0,0.0,12430.0,0.0
INFY,2019-08-21 14:37:00,2019-08-20,2019-08-20,2019-08-20,Employees/Designated Employees,Market Sale,Sell,Equity Shares,4450.0,0.0,0.0,0.0,0.0,11450.0,0.0,7000.0,0.0
INFY,2019-08-21 14:37:00,2019-08-20,2019-08-16,2019-08-16,Other,Off Market,Sell,Equity Shares,304380.0,0.0,0.0,0.0,0.0,19750486.0,0.46,19446106.0,0.46
INFY,2019-08-22 18:16:00,2019-08-22,2019-08-21,2019-08-21,Immediate relative,Market Sale,Sell,Equity Shares,10000.0,0.0,0.0,0.0,0.0,70000.0,0.0,60000.0,0.0
INFY,2019-08-22 18:16:00,2019-08-22,2019-08-21,2019-08-21,Director,Market Sale,Sell,Equity Shares,10000.0,0.0,0.0,0.0,0.0,2192190.0,0.05,2182190.0,0.05
INFY,2019-08-22 18:16:00,2019-08-20,2019-08-19,2019-08-19,Employees/Designated Employees,Market Sale,Sell,Equity Shares,1000.0,0.0,0.0,0.0,0.0,12430.0,0.0,11430.0,0.0
INFY,2019-08-22 18:16:00,2019-08-22,2019-08-21,2019-08-21,Other,Market Sale,Sell,Equity Shares,9517.0,0.0,0.0,0.0,0.0,19034.0,0.0,9517.0,0.0
INFY,2019-08-26 18:01:00,2019-08-23,2019-08-23,2019-08-23,Director,Market Sale,Sell,Equity Shares,15000.0,0.0,0.0,0.0,0.0,2182190.0,0.05,2167190.0,0.05
INFY,2019-08-26 18:01:00,2019-08-24,2019-08-23,2019-08-23,Employees/Designated Employees,Market Sale,Sell,Equity Shares,20460.0,0.0,0.0,0.0,0.0,97460.0,0.0,77000.0,0.0
INFY,2019-08-26 18:01:00,2019-08-26,2019-08-21,2019-08-21,Employees/Designated Employees,Market Sale,Sell,Equity Shares,1000.0,0.0,0.0,0.0,0.0,407598.0,0.0,406598.0,0.0
INFY,2019-08-26 18:01:00,2019-08-23,2019-08-23,2019-08-23,Immediate relative,Market Sale,Sell,Equity Shares,10000.0,0.0,0.0,0.0,0.0,60000.0,0.0,50000.0,0.0
INFY,2019-08-28 17:25:00,2019-08-28,2019-08-28,2019-08-28,Director,Market Sale,Sell,Equity Shares,60000.0,0.0,0.0,0.0,0.0,2167190.0,0.05,2107190.0,0.05
INFY,2019-08-29 17:40:00,2019-08-29,2019-08-29,2019-08-29,Director,Market Sale,Sell,Equity Shares,100000.0,0.0,0.0,0.0,0.0,2107190.0,0.05,2007190.0,0.05
INFY,2019-08-30 17:01:00,2019-08-29,2019-08-28,2019-08-28,Employees/Designated Employees,Market Sale,Sell,Equity Shares,2500.0,0.0,0.0,0.0,0.0,29974.0,0.0,27474.0,0.0
INFY,2019-08-30 17:01:00,2019-08-30,2019-08-28,2019-08-28,Other,Off Market,Sell,Equity Shares,256994.0,0.0,0.0,0.0,0.0,19446106.0,0.45,19189112.0,0.45
INFY,2019-09-03 18:20:00,2019-09-03,2019-08-30,2019-08-30,Employees/Designated Employees,Market Sale,Sell,Equity Shares,1000.0,0.0,0.0,0.0,0.0,26981.0,0.0,25981.0,0.0
INFY,2019-09-03 18:20:00,2019-09-03,2019-08-30,2019-08-30,Employees/Designated Employees,Market Sale,Sell,Equity Shares,1000.0,0.0,0.0,0.0,0.0,25981.0,0.0,24981.0,0.0
INFY,2019-09-03 18:20:00,2019-09-03,2019-08-29,2019-09-03,Employees/Designated Employees,Market Sale,Sell,Equity Shares,1598.0,0.0,0.0,0.0,0.0,406598.0,0.01,405000.0,0.01
INFY,2019-09-03 18:20:00,2019-08-30,2019-08-30,2019-08-30,Director,Market Sale,Sell,Equity Shares,140000.0,0.0,0.0,0.0,0.0,2007190.0,0.05,1867190.0,0.04
INFY,2019-09-03 18:20:00,2019-09-03,2019-09-03,2019-09-03,Director,Market Sale,Sell,Equity Shares,40000.0,0.0,0.0,0.0,0.0,1867190.0,0.04,1827190.0,0.04
INFY,2019-09-05 17:36:00,2019-09-05,2019-09-05,2019-09-05,Employees/Designated Employees,Market Sale,Sell,Equity Shares,2500.0,0.0,0.0,0.0,0.0,27474.0,0.0,24974.0,0.0
INFY,2019-09-05 17:36:00,2019-09-05,2019-09-05,2019-09-05,Employees/Designated Employees,Market Sale,Sell,Equity Shares,400.0,0.0,0.0,0.0,0.0,405000.0,0.01,404600.0,0.01
INFY,2019-09-05 17:36:00,2019-09-04,2019-09-04,2019-09-04,Director,Market Sale,Sell,Equity Shares,110000.0,0.0,0.0,0.0,0.0,1827190.0,0.04,1717190.0,0.04
INFY,2019-09-11 11:05:00,2019-09-09,2019-09-06,2019-09-06,Employees/Designated Employees,Market Sale,Sell,Equity Shares,1000.0,0.0,0.0,0.0,0.0,23981.0,0.0,22981.0,0.0
INFY,2019-09-11 11:05:00,2019-09-09,2019-09-05,2019-09-05,Employees/Designated Employees,Market Sale,Sell,Equity Shares,1000.0,0.0,0.0,0.0,0.0,24981.0,0.0,23981.0,0.0
INFY,2019-09-13 10:31:00,2019-09-12,2019-09-11,2019-09-11,Other,Market Sale,Sell,Equity Shares,15698.0,0.0,0.0,0.0,0.0,19189112.0,0.45,19173414.0,0.45
INFY,2019-09-13 10:31:00,2019-09-12,2019-09-12,2019-09-12,Other,Off Market,Sell,Equity Shares,242140.0,0.0,0.0,0.0,0.0,19173414.0,0.45,18931274.0,0.45
INFY,2019-09-17 09:43:00,2019-09-16,2019-09-13,2019-09-13,Employees/Designated Employees,Market Sale,Sell,Equity Shares,526.0,0.0,0.0,0.0,0.0,30026.0,0.0,29500.0,0.0
INFY,2019-09-17 09:43:00,2019-09-16,2019-09-12,2019-09-12,Employees/Designated Employees,Market Sale,Sell,Equity Shares,600.0,0.0,0.0,0.0,0.0,30626.0,0.0,30026.0,0.0
INFY,2019-09-17 09:43:00,2019-09-16,2019-09-13,2019-09-13,Employees/Designated Employees,Market Sale,Sell,Equity Shares,500.0,0.0,0.0,0.0,0.0,29500.0,0.0,29000.0,0.0
INFY,2019-09-23 14:48:00,2019-09-20,2019-09-19,2019-09-19,Other,Off Market,Sell,Equity Shares,1638.0,0.0,0.0,0.0,0.0,18931274.0,0.44,18929636.0,0.44
INFY,2019-09-27 10:23:00,2019-09-26,2019-09-25,2019-09-25,Other,Off Market,Sell,Equity Shares,124.0,0.0,0.0,0.0,0.0,18929636.0,0.44,18929512.0,0.44
INFY,2019-10-21 11:12:00,2019-10-17,2019-10-16,2019-10-17,Other,Off Market,Sell,Equity Shares,2756.0,0.0,0.0,0.0,0.0,18929512.0,0.44,18926756.0,0.44
INFY,2019-10-30 13:26:00,2019-10-29,2019-10-25,2019-10-25,Other,Off Market,Sell,Equity Shares,2002.0,0.0,0.0,0.0,0.0,18926756.0,0.44,18924754.0,0.44
INFY,2019-11-12 16:59:00,2019-11-11,2019-11-08,2019-11-08,Other,Market Sale,Sell,Equity Shares,2087.0,0.0,0.0,0.0,0.0,18920598.0,0.44,18918511.0,0.44
INFY,2019-11-12 16:59:00,2019-11-08,2019-11-08,2019-11-08,Employees/Designated Employees,ESOP,Buy,Equity Shares,2924.0,0.0,0.0,0.0,0.0,7000.0,0.0,9924.0,0.0
INFY,2019-11-12 16:59:00,2019-11-11,2019-11-08,2019-11-08,Other,Off Market,Sell,Equity Shares,4156.0,0.0,0.0,0.0,0.0,18924754.0,0.44,18920598.0,0.44
INFY,2019-11-18 17:33:00,2019-11-15,2019-11-13,2019-11-13,Employees/Designated Employees,ESOP,Buy,Equity Shares,1850.0,0.0,0.0,0.0,0.0,9924.0,0.0,11774.0,0.0
INFY,2019-11-18 17:33:00,2019-11-15,2019-11-13,2019-11-13,Employees/Designated Employees,ESOP,Buy,Equity Shares,4374.0,0.0,0.0,0.0,0.0,9208.0,0.0,13582.0,0.0
INFY,2019-11-18 17:33:00,2019-11-15,2019-11-13,2019-11-13,Employees/Designated Employees,ESOP,Buy,Equity Shares,2150.0,0.0,0.0,0.0,0.0,7124.0,0.0,9274.0,0.0
INFY,2019-11-18 17:33:00,2019-11-15,2019-11-13,2019-11-13,Employees/Designated Employees,ESOP,Buy,Equity Shares,3148.0,0.0,0.0,0.0,0.0,6576.0,0.0,9724.0,0.0
INFY,2019-11-18 17:33:00,2019-11-15,2019-11-13,2019-11-13,Employees/Designated Employees,ESOP,Buy,Equity Shares,5274.0,0.0,0.0,0.0,0.0,11430.0,0.0,16704.0,0.0
INFY,2019-11-18 17:33:00,2019-11-15,2019-11-13,2019-11-13,Employees/Designated Employees,ESOP,Buy,Equity Shares,2550.0,0.0,0.0,0.0,0.0,14524.0,0.0,17074.0,0.0
INFY,2019-11-18 17:33:00,2019-11-15,2019-11-13,2019-11-13,Employees/Designated Employees,ESOP,Buy,Equity Shares,2724.0,0.0,0.0,0.0,0.0,17112.0,0.0,19836.0,0.0
INFY,2019-11-18 17:33:00,2019-11-15,2019-11-13,2019-11-13,Employees/Designated Employees,ESOP,Buy,Equity Shares,4274.0,0.0,0.0,0.0,0.0,77000.0,0.0,81274.0,0.0
INFY,2019-11-18 17:33:00,2019-11-15,2019-11-13,2019-11-13,Employees/Designated Employees,ESOP,Buy,Equity Shares,2424.0,0.0,0.0,0.0,0.0,251672.0,0.0,254096.0,0.0
INFY,2019-11-18 17:33:00,2019-11-15,2019-11-13,2019-11-13,Employees/Designated Employees,ESOP,Buy,Equity Shares,1900.0,0.0,0.0,0.0,0.0,4074.0,0.0,5974.0,0.0
INFY,2019-11-18 17:33:00,2019-11-15,2019-11-13,2019-11-13,Other,Off Market,Sell,Equity Shares,60386.0,0.0,0.0,0.0,0.0,18918511.0,0.44,18858125.0,0.44
INFY,2019-11-25 18:34:00,2019-11-22,2019-11-21,2019-11-21,Employees/Designated Employees,ESOP,Buy,Equity Shares,1674.0,0.0,0.0,0.0,0.0,404600.0,0.01,406274.0,0.01
INFY,2019-11-25 18:34:00,2019-11-22,2019-11-21,2019-11-21,Employees/Designated Employees,ESOP,Buy,Equity Shares,2650.0,0.0,0.0,0.0,0.0,101216.0,0.0,103866.0,0.0
INFY,2019-11-25 18:34:00,2019-11-22,2019-11-21,2019-11-21,Employees/Designated Employees,ESOP,Buy,Equity Shares,4600.0,0.0,0.0,0.0,0.0,24974.0,0.0,29574.0,0.0
INFY,2019-11-25 18:34:00,2019-11-22,2019-11-21,2019-11-21,Employees/Designated Employees,ESOP,Buy,Equity Shares,3124.0,0.0,0.0,0.0,0.0,190000.0,0.0,193124.0,0.0
INFY,2019-11-25 18:34:00,2019-11-22,2019-11-21,2019-11-21,Other,Off Market,Sell,Equity Shares,37995.0,0.0,0.0,0.0,0.0,18858125.0,0.44,18820130.0,0.44
INFY,2019-11-25 18:34:00,2019-11-22,2019-11-21,2019-11-21,Employees/Designated Employees,ESOP,Buy,Equity Shares,1500.0,0.0,0.0,0.0,0.0,5096.0,0.0,6596.0,0.0
INFY,2019-12-02 17:14:00,2019-11-29,2019-11-27,2019-11-27,Employees/Designated Employees,ESOP,Buy,Equity Shares,4950.0,0.0,0.0,0.0,0.0,2425672.0,0.0,2430622.0,0.0
INFY,2019-12-02 17:14:00,2019-11-29,2019-11-27,2019-11-27,Employees/Designated Employees,ESOP,Buy,Equity Shares,2824.0,0.0,0.0,0.0,0.0,24360.0,0.0,27184.0,0.0
INFY,2019-12-02 17:14:00,2019-11-29,2019-11-27,2019-11-27,Employees/Designated Employees,ESOP,Buy,Equity Shares,1650.0,0.0,0.0,0.0,0.0,23019.0,0.0,24669.0,0.0
INFY,2019-12-02 17:14:00,2019-11-28,2019-11-27,2019-11-27,Other,Off Market,Sell,Equity Shares,17370.0,0.0,0.0,0.0,0.0,18820130.0,0.44,18802760.0,0.44
INFY,2019-12-16 18:03:00,2019-12-16,2019-12-13,2019-12-13,Other,Off Market,Sell,Equity Shares,15170.0,0.0,0.0,0.0,0.0,18802760.0,0.44,18787590.0,0.44
INFY,2019-12-16 18:03:00,2019-12-16,2019-12-13,2019-12-13,Other,Market Sale,Sell,Equity Shares,4593.0,0.0,0.0,0.0,0.0,18787590.0,0.44,18782997.0,0.44
INFY,2019-12-16 18:03:00,2019-12-16,2019-12-13,2019-12-13,Employees/Designated Employees,ESOP,Buy,Equity Shares,1650.0,0.0,0.0,0.0,0.0,60548.0,0.0,62198.0,0.0
INFY,2019-12-16 18:03:00,2019-12-16,2019-12-13,2019-12-13,Employees/Designated Employees,ESOP,Buy,Equity Shares,6024.0,0.0,0.0,0.0,0.0,21550.0,0.0,27574.0,0.0
INFY,2019-12-17 20:42:00,2019-12-16,2019-12-12,2019-12-12,Employees/Designated Employees,ESOP,Buy,ADR/GDR/FCCB,6800.0,0.0,0.0,0.0,0.0,13490.0,0.0,20290.0,0.0
INFY,2019-12-17 20:42:00,2019-12-16,2019-12-13,2019-12-13,Employees/Designated Employees,ESOP,Sell,ADR/GDR/FCCB,1830.0,0.0,0.0,0.0,0.0,20290.0,0.0,18460.0,0.0
INFY,2019-12-17 20:42:00,2019-12-16,2019-12-13,2019-12-13,Employees/Designated Employees,ESOP,Sell,ADR/GDR/FCCB,22.0,0.0,0.0,0.0,0.0,12701.0,0.0,12679.0,0.0
INFY,2019-12-17 20:42:00,2019-12-16,2019-12-12,2019-12-12,Employees/Designated Employees,ESOP,Buy,ADR/GDR/FCCB,4050.0,0.0,0.0,0.0,0.0,8651.0,0.0,12701.0,0.0
INFY,2019-12-17 20:42:00,2019-12-16,2019-12-13,2019-12-13,Employees/Designated Employees,ESOP,Sell,ADR/GDR/FCCB,2415.0,0.0,0.0,0.0,0.0,4624.0,0.0,2209.0,0.0
INFY,2019-12-17 20:42:00,2019-12-16,2019-12-12,2019-12-12,Employees/Designated Employees,ESOP,Buy,ADR/GDR/FCCB,4624.0,0.0,0.0,0.0,0.0,,0.0,4624.0,0.0
INFY,2019-12-17 20:42:00,2019-12-16,2019-12-13,2019-12-13,Employees/Designated Employees,ESOP,Sell,ADR/GDR/FCCB,1475.0,0.0,0.0,0.0,0.0,9240.0,0.0,7765.0,0.0
INFY,2019-12-17 20:42:00,2019-12-16,2019-12-12,2019-12-12,Employees/Designated Employees,ESOP,Buy,ADR/GDR/FCCB,7250.0,0.0,0.0,0.0,0.0,3475.0,0.0,10725.0,0.0
INFY,2019-12-17 20:42:00,2019-12-16,2019-12-13,2019-12-13,Employees/Designated Employees,ESOP,Sell,ADR/GDR/FCCB,7250.0,0.0,0.0,0.0,0.0,10725.0,0.0,3475.0,0.0
INFY,2019-12-17 20:42:00,2019-12-16,2019-12-12,2019-12-12,Employees/Designated Employees,ESOP,Buy,ADR/GDR/FCCB,3924.0,0.0,0.0,0.0,0.0,5316.0,0.0,9240.0,0.0
INFY,2019-12-26 14:54:00,2019-12-23,2019-12-20,2019-12-20,Other,Off Market,Sell,Equity Shares,100.0,0.0,0.0,0.0,0.0,18782997.0,0.44,18782897.0,0.44
INFY,2019-12-27 16:22:00,2019-12-24,2019-12-20,2019-12-20,Employees/Designated Employees,ESOP,Buy,ADR/GDR/FCCB,5824.0,0.0,0.0,0.0,0.0,18174.0,0.0,23998.0,0.0
INFY,2019-12-27 16:22:00,2019-12-24,2019-12-20,2019-12-20,Employees/Designated Employees,ESOP,Buy,ADR/GDR/FCCB,2724.0,0.0,0.0,0.0,0.0,,0.0,2724.0,0.0
INFY,2019-12-27 16:22:00,2019-12-24,2019-12-20,2019-12-20,Employees/Designated Employees,ESOP,Buy,ADR/GDR/FCCB,2450.0,0.0,0.0,0.0,0.0,3888.0,0.0,6338.0,0.0
INFY,2019-12-27 16:22:00,2019-12-24,2019-12-20,2019-12-20,Employees/Designated Employees,ESOP,Buy,ADR/GDR/FCCB,4524.0,0.0,0.0,0.0,0.0,9050.0,0.0,13574.0,0.0
INFY,2019-12-27 16:22:00,2019-12-24,2019-12-20,2019-12-20,Employees/Designated Employees,ESOP,Buy,ADR/GDR/FCCB,2900.0,0.0,0.0,0.0,0.0,9424.0,0.0,12324.0,0.0
INFY,2020-01-13 18:13:00,2020-01-09,2020-01-07,2020-01-07,Other,Off Market,Sell,Equity Shares,2074.0,0.0,0.0,0.0,0.0,18782897.0,0.44,18780823.0,0.44
INFY,2020-01-16 16:09:00,2020-01-14,2020-01-14,2020-01-14,Employees/Designated Employees,ESOP,Buy,Equity Shares,26174.0,0.0,0.0,0.0,0.0,30050.0,0.0,56224.0,0.0
INFY,2020-01-16 16:09:00,2020-01-13,2020-01-09,2020-01-09,Other,Off Market,Sell,Equity Shares,1333.0,0.0,0.0,0.0,0.0,18780823.0,0.44,18779490.0,0.44
INFY,2020-01-16 16:09:00,2020-01-14,2020-01-14,2020-01-14,Employees/Designated Employees,ESOP,Sell,Equity Shares,13669.0,0.0,0.0,0.0,0.0,56224.0,0.0,42555.0,0.0
INFY,2020-01-24 16:52:00,2020-01-23,2020-01-22,2020-01-22,Employees/Designated Employees,Market Sale,Sell,Equity Shares,3000.0,0.0,0.0,0.0,0.0,29574.0,0.0,26574.0,0.0
INFY,2020-01-30 16:51:00,2020-01-28,2020-01-27,2020-01-27,Employees/Designated Employees,ESOP,Sell,Equity Shares,37698.0,0.0,0.0,0.0,0.0,45808.0,0.0,8110.0,0.0
INFY,2020-01-30 16:51:00,2020-01-28,2020-01-27,2020-01-27,Employees/Designated Employees,ESOP,Buy,Equity Shares,2574.0,0.0,0.0,0.0,0.0,8300.0,0.0,10874.0,0.0
INFY,2020-01-30 16:51:00,2020-01-28,2020-01-27,2020-01-27,Employees/Designated Employees,ESOP,Sell,Equity Shares,826.0,0.0,0.0,0.0,0.0,10874.0,0.0,10048.0,0.0
INFY,2020-01-30 16:51:00,2020-01-28,2020-01-27,2020-01-27,Employees/Designated Employees,ESOP,Buy,Equity Shares,37698.0,0.0,0.0,0.0,0.0,8110.0,0.0,45808.0,0.0
INFY,2020-01-30 16:51:00,2020-01-28,2020-01-27,2020-01-27,Other,ESOP,Sell,Equity Shares,38524.0,0.0,0.0,0.0,0.0,18779490.0,0.44,18740966.0,0.44
INFY,2020-02-03 16:18:00,2020-01-30,2020-01-29,2020-01-29,Other,Off Market,Sell,Equity Shares,1748.0,0.0,0.0,0.0,0.0,18740966.0,0.44,18739218.0,0.44
INFY,2020-02-07 18:21:00,2020-02-06,2020-02-05,2020-02-05,Employees/Designated Employees,ESOP,Buy,Equity Shares,7050.0,0.0,0.0,0.0,0.0,8110.0,0.0,15160.0,0.0
INFY,2020-02-07 18:21:00,2020-02-06,2020-02-05,2020-02-05,Employees/Designated Employees,ESOP,Sell,Equity Shares,7050.0,0.0,0.0,0.0,0.0,15160.0,0.0,8110.0,0.0
INFY,2020-02-07 18:21:00,2020-02-06,2020-01-29,2020-02-04,Employees/Designated Employees,Market Sale,Sell,Equity Shares,900.0,0.0,0.0,0.0,0.0,5974.0,0.0,5074.0,0.0
INFY,2020-02-07 18:21:00,2020-02-06,2020-01-29,2020-02-04,Employees/Designated Employees,Market Sale,Sell,Equity Shares,308.0,0.0,0.0,0.0,0.0,5074.0,0.0,4766.0,0.0
INFY,2020-02-07 18:21:00,2020-02-06,2020-02-05,2020-02-05,Employees/Designated Employees,ESOP,Buy,Equity Shares,2362.0,0.0,0.0,0.0,0.0,4766.0,0.0,7128.0,0.0
INFY,2020-02-07 18:21:00,2020-02-06,2020-02-05,2020-02-05,Employees/Designated Employees,ESOP,Sell,Equity Shares,2362.0,0.0,0.0,0.0,0.0,7128.0,0.0,4766.0,0.0
INFY,2020-02-07 18:21:00,2020-02-06,2020-02-05,2020-02-05,Employees/Designated Employees,ESOP,Buy,Equity Shares,1500.0,0.0,0.0,0.0,0.0,20494.0,0.0,21994.0,0.0
INFY,2020-02-07 18:21:00,2020-02-06,2020-02-05,2020-02-05,Employees/Designated Employees,ESOP,Sell,Equity Shares,1500.0,0.0,0.0,0.0,0.0,21994.0,0.0,20494.0,0.0
INFY,2020-02-07 18:21:00,2020-02-06,2020-02-05,2020-02-05,Employees/Designated Employees,ESOP,Buy,Equity Shares,2200.0,0.0,0.0,0.0,0.0,11774.0,0.0,13974.0,0.0
INFY,2020-02-07 18:21:00,2020-02-06,2020-02-05,2020-02-05,Employees/Designated Employees,ESOP,Sell,Equity Shares,2200.0,0.0,0.0,0.0,0.0,13974.0,0.0,11774.0,0.0
INFY,2020-02-07 18:21:00,2020-02-06,2020-02-05,2020-02-05,Employees/Designated Employees,ESOP,Sell,Equity Shares,17062.0,0.0,0.0,0.0,0.0,1104384.0,0.02,1087322.0,0.02
INFY,2020-02-07 18:21:00,2020-02-06,2020-02-05,2020-02-05,Employees/Designated Employees,ESOP,Buy,Equity Shares,17062.0,0.0,0.0,0.0,0.0,1087322.0,0.02,1104384.0,0.02
INFY,2020-02-07 18:21:00,2020-02-06,2020-02-05,2020-02-05,Other,Market Sale,Sell,Equity Shares,45416.0,0.0,0.0,0.0,0.0,18739218.0,0.44,18693802.0,0.44
INFY,2020-02-14 16:47:00,2020-02-13,2020-02-11,2020-02-11,Employees/Designated Employees,ESOP,Buy,Equity Shares,4837.0,0.0,0.0,0.0,0.0,81274.0,0.0,86111.0,0.0
INFY,2020-02-14 16:47:00,2020-02-13,2020-02-05,2020-02-11,Director,ESOP,Buy,Equity Shares,14310.0,0.0,0.0,0.0,0.0,195170.0,0.0,209480.0,0.0
INFY,2020-02-14 16:47:00,2020-02-13,2020-02-11,2020-02-11,Employees/Designated Employees,ESOP,Buy,Equity Shares,1937.0,0.0,0.0,0.0,0.0,5154.0,0.0,7091.0,0.0
INFY,2020-02-14 16:47:00,2020-02-13,2020-02-11,2020-02-11,Employees/Designated Employees,ESOP,Buy,Equity Shares,1462.0,0.0,0.0,0.0,0.0,9724.0,0.0,11186.0,0.0
INFY,2020-02-14 16:47:00,2020-02-13,2020-02-11,2020-02-11,Employees/Designated Employees,ESOP,Buy,Equity Shares,1250.0,0.0,0.0,0.0,0.0,17074.0,0.0,18324.0,0.0
INFY,2020-02-14 16:47:00,2020-02-13,2020-02-11,2020-02-11,Employees/Designated Employees,ESOP,Buy,Equity Shares,2325.0,0.0,0.0,0.0,0.0,16704.0,0.0,19029.0,0.0
INFY,2020-02-14 16:47:00,2020-02-13,2020-02-11,2020-02-11,Employees/Designated Employees,ESOP,Buy,Equity Shares,2437.0,0.0,0.0,0.0,0.0,9274.0,0.0,11711.0,0.0
INFY,2020-02-14 16:47:00,2020-02-13,2020-02-11,2020-02-11,Employees/Designated Employees,ESOP,Buy,Equity Shares,5687.0,0.0,0.0,0.0,0.0,26574.0,0.0,32261.0,0.0
INFY,2020-02-14 16:47:00,2020-02-12,2020-02-11,2020-02-11,Other,Off Market,Sell,Equity Shares,86820.0,0.0,0.0,0.0,0.0,18693802.0,0.43,18606982.0,0.0
INFY,2020-02-14 16:47:00,2020-02-13,2020-02-05,2020-02-11,Employees/Designated Employees,ESOP,Sell,Equity Shares,607.0,0.0,0.0,0.0,0.0,8258.0,0.0,7651.0,0.0
INFY,2020-02-14 16:47:00,2020-02-13,2020-02-05,2020-02-11,Employees/Designated Employees,ESOP,Sell,Equity Shares,2471.0,0.0,0.0,0.0,0.0,19819.0,0.0,17348.0,0.0
INFY,2020-02-14 16:47:00,2020-02-13,2020-02-05,2020-02-11,Employees/Designated Employees,ESOP,Buy,Equity Shares,6237.0,0.0,0.0,0.0,0.0,13582.0,0.0,19819.0,0.0
INFY,2020-02-14 16:47:00,2020-02-13,2020-02-05,2020-02-11,Employees/Designated Employees,ESOP,Buy,Equity Shares,1662.0,0.0,0.0,0.0,0.0,6596.0,0.0,8258.0,0.0
INFY,2020-02-14 16:47:00,2020-02-13,2020-02-11,2020-02-11,Employees/Designated Employees,ESOP,Buy,Equity Shares,1587.0,0.0,0.0,0.0,0.0,27670.0,0.0,29257.0,0.0
INFY,2020-02-14 16:47:00,2020-02-13,2020-02-05,2020-02-11,Director,ESOP,Sell,Equity Shares,6202.0,0.0,0.0,0.0,0.0,209480.0,0.0,203278.0,0.0
INFY,2020-02-14 16:47:00,2020-02-13,2020-02-11,2020-02-11,Employees/Designated Employees,ESOP,Buy,Equity Shares,2737.0,0.0,0.0,0.0,0.0,254096.0,0.0,256833.0,0.0
INFY,2020-02-14 16:47:00,2020-02-13,2020-02-11,2020-02-11,Employees/Designated Employees,ESOP,Buy,Equity Shares,4600.0,0.0,0.0,0.0,0.0,193124.0,0.0,197724.0,0.0
INFY,2020-02-17 17:32:00,2020-02-13,2020-02-12,2020-02-12,Other,Off Market,Sell,Equity Shares,15430.0,0.0,0.0,0.0,0.0,18606982.0,0.43,18591552.0,0.43
INFY,2020-02-17 17:32:00,2020-02-17,2020-02-13,2020-02-13,Employees/Designated Employees,ESOP,Buy,Equity Shares,1487.0,0.0,0.0,0.0,0.0,12314.0,0.0,13801.0,0.0
INFY,2020-02-17 17:32:00,2020-02-17,2020-02-13,2020-02-13,Employees/Designated Employees,ESOP,Buy,Equity Shares,1975.0,0.0,0.0,0.0,0.0,406274.0,0.0,408249.0,0.0
INFY,2020-02-17 17:32:00,2020-02-17,2020-02-13,2020-02-13,Employees/Designated Employees,ESOP,Buy,Equity Shares,6100.0,0.0,0.0,0.0,0.0,27574.0,0.0,33674.0,0.0
INFY,2020-02-20 16:00:00,2020-02-19,2020-02-12,2020-02-18,Employees/Designated Employees,Market Purchase,Buy,Equity Shares,1639.0,0.0,0.0,0.0,0.0,1640.0,0.0,3279.0,0.0
INFY,2020-02-24 17:52:00,2020-02-20,2020-02-19,2020-02-19,Employees/Designated Employees,Market Sale,Sell,Equity Shares,11111.0,0.0,0.0,0.0,0.0,86111.0,0.0,75000.0,0.0
INFY,2020-02-25 18:08:00,2020-02-21,2020-02-20,2020-02-20,Employees/Designated Employees,ESOP,Buy,Equity Shares,1512.0,0.0,0.0,0.0,0.0,24305.0,0.0,25817.0,0.0
INFY,2020-02-25 18:08:00,2020-02-21,2020-02-20,2020-02-20,Employees/Designated Employees,ESOP,Buy,Equity Shares,1850.0,0.0,0.0,0.0,0.0,24669.0,0.0,26519.0,0.0
INFY,2020-02-25 18:08:00,2020-02-21,2020-02-20,2020-02-20,Employees/Designated Employees,ESOP,Buy,Equity Shares,3762.0,0.0,0.0,0.0,0.0,19836.0,0.0,23598.0,0.0
INFY,2020-02-25 18:08:00,2020-02-21,2020-02-20,2020-02-20,Other,Off Market,Sell,Equity Shares,11991.0,0.0,0.0,0.0,0.0,18591552.0,0.44,18579561.0,0.44
INFY,2020-03-02 17:10:00,2020-02-27,2020-02-26,2020-02-26,Employees/Designated Employees,ESOP,Buy,Equity Shares,1937.0,0.0,0.0,0.0,0.0,,0.0,1937.0,0.0
INFY,2020-03-02 17:10:00,2020-02-27,2020-02-26,2020-02-26,Employees/Designated Employees,ESOP,Buy,Equity Shares,2912.0,0.0,0.0,0.0,0.0,10048.0,0.0,12960.0,0.0
INFY,2020-03-02 17:10:00,2020-02-27,2020-02-26,2020-02-26,Employees/Designated Employees,ESOP,Buy,Equity Shares,1425.0,0.0,0.0,0.0,0.0,3630.0,0.0,5055.0,0.0
INFY,2020-03-02 17:10:00,2020-02-27,2020-02-26,2020-02-26,Employees/Designated Employees,ESOP,Buy,Equity Shares,2125.0,0.0,0.0,0.0,0.0,62198.0,0.0,64323.0,0.0
INFY,2020-03-02 17:10:00,2020-02-27,2020-02-26,2020-02-26,Employees/Designated Employees,ESOP,Buy,Equity Shares,4250.0,0.0,0.0,0.0,0.0,27184.0,0.0,31434.0,0.0
INFY,2020-03-02 17:10:00,2020-02-27,2020-02-26,2020-02-26,Other,Off Market,Sell,Equity Shares,18380.0,0.0,0.0,0.0,0.0,18579561.0,0.43,18561181.0,0.43
INFY,2020-03-03 16:44:00,2020-02-28,2020-02-26,2020-02-26,Employees/Designated Employees,ESOP,Sell,ADR/GDR/FCCB,33.0,0.0,0.0,0.0,0.0,5009.0,0.0,4976.0,0.0
INFY,2020-03-03 16:44:00,2020-02-28,2020-02-26,2020-02-26,Employees/Designated Employees,ESOP,Sell,ADR/GDR/FCCB,4825.0,0.0,0.0,0.0,0.0,17504.0,0.0,12679.0,0.0
INFY,2020-03-03 16:44:00,2020-02-28,2020-02-26,2020-02-26,Employees/Designated Employees,ESOP,Sell,ADR/GDR/FCCB,7287.0,0.0,0.0,0.0,0.0,7287.0,0.0,,0.0
INFY,2020-03-03 16:44:00,2020-02-28,2020-02-26,2020-02-26,Employees/Designated Employees,ESOP,Sell,ADR/GDR/FCCB,8668.0,0.0,0.0,0.0,0.0,18337.0,0.0,9669.0,0.0
INFY,2020-03-03 16:44:00,2020-02-28,2020-02-26,2020-02-26,Employees/Designated Employees,ESOP,Sell,ADR/GDR/FCCB,2124.0,0.0,0.0,0.0,0.0,5500.0,0.0,3376.0,0.0
INFY,2020-03-03 16:44:00,2020-02-28,2020-02-26,2020-02-26,Employees/Designated Employees,ESOP,Sell,ADR/GDR/FCCB,22650.0,0.0,0.0,0.0,0.0,22650.0,0.0,,0.0
INFY,2020-03-03 16:44:00,2020-02-28,2020-02-26,2020-02-26,Employees/Designated Employees,ESOP,Sell,ADR/GDR/FCCB,750.0,0.0,0.0,0.0,0.0,750.0,0.0,,0.0
INFY,2020-03-03 16:44:00,2020-02-28,2020-02-26,2020-02-26,Employees/Designated Employees,ESOP,Sell,ADR/GDR/FCCB,717.0,0.0,0.0,0.0,0.0,1762.0,0.0,1045.0,0.0
INFY,2020-03-03 16:44:00,2020-02-28,2020-02-26,2020-02-26,Employees/Designated Employees,ESOP,Sell,ADR/GDR/FCCB,657.0,0.0,0.0,0.0,0.0,657.0,0.0,,0.0
INFY,2020-03-03 16:44:00,2020-02-28,2020-02-26,2020-02-26,Employees/Designated Employees,ESOP,Sell,ADR/GDR/FCCB,1452.0,0.0,0.0,0.0,0.0,3818.0,0.0,2366.0,0.0
INFY,2020-03-03 16:44:00,2020-02-28,2020-02-26,2020-02-26,Employees/Designated Employees,ESOP,Sell,ADR/GDR/FCCB,46.0,0.0,0.0,0.0,0.0,4975.0,0.0,4929.0,0.0
INFY,2020-03-03 16:44:00,2020-02-28,2020-02-26,2020-02-26,Employees/Designated Employees,ESOP,Sell,ADR/GDR/FCCB,1971.0,0.0,0.0,0.0,0.0,25010.0,0.0,23039.0,0.0
INFY,2020-03-03 16:44:00,2020-02-28,2020-02-26,2020-02-26,Employees/Designated Employees,ESOP,Sell,ADR/GDR/FCCB,3537.0,0.0,0.0,0.0,0.0,3537.0,0.0,,0.0
INFY,2020-03-03 16:44:00,2020-02-28,2020-02-26,2020-02-26,Employees/Designated Employees,ESOP,Sell,ADR/GDR/FCCB,1907.0,0.0,0.0,0.0,0.0,12552.0,0.0,10645.0,0.0
INFY,2020-03-03 16:44:00,2020-02-28,2020-02-26,2020-02-26,Employees/Designated Employees,ESOP,Sell,ADR/GDR/FCCB,10287.0,0.0,0.0,0.0,0.0,13762.0,0.0,3475.0,0.0
INFY,2020-03-03 16:44:00,2020-02-28,2020-02-26,2020-02-26,Employees/Designated Employees,ESOP,Sell,ADR/GDR/FCCB,13750.0,0.0,0.0,0.0,0.0,75967.0,0.0,62217.0,0.0
INFY,2020-03-03 16:44:00,2020-02-28,2020-02-26,2020-02-26,Employees/Designated Employees,ESOP,Buy,ADR/GDR/FCCB,1250.0,0.0,0.0,0.0,0.0,,0.0,1250.0,0.0
INFY,2020-03-03 16:44:00,2020-02-28,2020-02-26,2020-02-26,Employees/Designated Employees,ESOP,Buy,ADR/GDR/FCCB,1250.0,0.0,0.0,0.0,0.0,,0.0,1250.0,0.0
INFY,2020-03-03 16:44:00,2020-02-28,2020-02-26,2020-02-26,Employees/Designated Employees,ESOP,Buy,ADR/GDR/FCCB,4975.0,0.0,0.0,0.0,0.0,,0.0,4975.0,0.0
INFY,2020-03-03 16:44:00,2020-02-28,2020-02-26,2020-02-26,Employees/Designated Employees,ESOP,Buy,ADR/GDR/FCCB,3437.0,0.0,0.0,0.0,0.0,381.0,0.0,3818.0,0.0
INFY,2020-03-03 16:44:00,2020-02-28,2020-02-26,2020-02-26,Employees/Designated Employees,ESOP,Buy,ADR/GDR/FCCB,657.0,0.0,0.0,0.0,0.0,,0.0,657.0,0.0
INFY,2020-03-03 16:44:00,2020-02-28,2020-02-26,2020-02-26,Employees/Designated Employees,ESOP,Buy,ADR/GDR/FCCB,717.0,0.0,0.0,0.0,0.0,1045.0,0.0,1762.0,0.0
INFY,2020-03-03 16:44:00,2020-02-28,2020-02-26,2020-02-26,Employees/Designated Employees,ESOP,Buy,ADR/GDR/FCCB,750.0,0.0,0.0,0.0,0.0,,0.0,750.0,0.0
INFY,2020-03-03 16:44:00,2020-02-28,2020-02-26,2020-02-26,Employees/Designated Employees,ESOP,Buy,ADR/GDR/FCCB,22650.0,0.0,0.0,0.0,0.0,,0.0,22650.0,0.0
INFY,2020-03-03 16:44:00,2020-02-28,2020-02-26,2020-02-26,Employees/Designated Employees,ESOP,Buy,ADR/GDR/FCCB,5500.0,0.0,0.0,0.0,0.0,,0.0,5500.0,0.0
INFY,2020-03-03 16:44:00,2020-02-28,2020-02-26,2020-02-26,Employees/Designated Employees,ESOP,Buy,ADR/GDR/FCCB,18337.0,0.0,0.0,0.0,0.0,,0.0,18337.0,0.0
INFY,2020-03-03 16:44:00,2020-02-28,2020-02-26,2020-02-26,Employees/Designated Employees,ESOP,Buy,ADR/GDR/FCCB,7287.0,0.0,0.0,0.0,0.0,,0.0,7287.0,0.0
INFY,2020-03-03 16:44:00,2020-02-28,2020-02-26,2020-02-26,Employees/Designated Employees,ESOP,Buy,ADR/GDR/FCCB,4825.0,0.0,0.0,0.0,0.0,12679.0,0.0,17504.0,0.0
INFY,2020-03-03 16:44:00,2020-02-28,2020-02-26,2020-02-26,Employees/Designated Employees,ESOP,Buy,ADR/GDR/FCCB,3512.0,0.0,0.0,0.0,0.0,1497.0,0.0,5009.0,0.0
INFY,2020-03-03 16:44:00,2020-02-28,2020-02-26,2020-02-26,Employees/Designated Employees,ESOP,Buy,ADR/GDR/FCCB,4787.0,0.0,0.0,0.0,0.0,7765.0,0.0,12552.0,0.0
INFY,2020-03-03 16:44:00,2020-02-28,2020-02-26,2020-02-26,Employees/Designated Employees,ESOP,Buy,ADR/GDR/FCCB,3537.0,0.0,0.0,0.0,0.0,,0.0,3537.0,0.0
INFY,2020-03-03 16:44:00,2020-02-28,2020-02-26,2020-02-26,Employees/Designated Employees,ESOP,Buy,ADR/GDR/FCCB,6550.0,0.0,0.0,0.0,0.0,18460.0,0.0,25010.0,0.0
INFY,2020-03-03 16:44:00,2020-02-28,2020-02-26,2020-02-26,Employees/Designated Employees,ESOP,Buy,ADR/GDR/FCCB,10287.0,0.0,0.0,0.0,0.0,3475.0,0.0,13762.0,0.0
INFY,2020-03-03 16:44:00,2020-02-28,2020-02-26,2020-02-26,Employees/Designated Employees,ESOP,Buy,ADR/GDR/FCCB,33412.0,0.0,0.0,0.0,0.0,42555.0,0.0,75967.0,0.0
INFY,2020-03-03 16:44:00,2020-02-28,2020-02-26,2020-02-26,Employees/Designated Employees,ESOP,Sell,ADR/GDR/FCCB,1250.0,0.0,0.0,0.0,0.0,1250.0,0.0,,0.0
INFY,2020-03-03 16:44:00,2020-02-28,2020-02-26,2020-02-26,Employees/Designated Employees,ESOP,Sell,ADR/GDR/FCCB,1250.0,0.0,0.0,0.0,0.0,1250.0,0.0,,0.0
INFY,2020-03-06 09:17:00,2020-03-04,2020-03-03,2020-03-03,Other,Off Market,Sell,Equity Shares,18101.0,0.0,0.0,0.0,0.0,18561181.0,0.43,18543080.0,0.43
INFY,2020-03-06 09:17:00,2020-03-04,2020-03-03,2020-03-03,Employees/Designated Employees,ESOP,Buy,Equity Shares,3750.0,0.0,0.0,0.0,0.0,103866.0,0.0,107616.0,0.0
INFY,2020-03-06 09:17:00,2020-03-04,2020-03-03,2020-03-03,Employees/Designated Employees,ESOP,Buy,Equity Shares,5300.0,0.0,0.0,0.0,0.0,2430622.0,0.0,2435922.0,0.0
INFY,2020-03-12 13:04:00,2020-03-09,2020-03-06,2020-03-06,Other,Off Market,Sell,Equity Shares,157104.0,0.0,0.0,0.0,0.0,18543080.0,0.43,18385976.0,0.43
INFY,2020-03-12 13:04:00,2020-03-09,2020-03-06,2020-03-06,Employees/Designated Employees,ESOP,Buy,Equity Shares,4900.0,0.0,0.0,0.0,0.0,75000.0,0.0,79900.0,0.0
INFY,2020-03-12 13:04:00,2020-03-09,2020-03-06,2020-03-06,Employees/Designated Employees,ESOP,Buy,Equity Shares,1426.0,0.0,0.0,0.0,0.0,18324.0,0.0,19750.0,0.0
INFY,2020-03-12 13:04:00,2020-03-09,2020-03-06,2020-03-06,Employees/Designated Employees,ESOP,Buy,Equity Shares,1500.0,0.0,0.0,0.0,0.0,11186.0,0.0,12686.0,0.0
INFY,2020-03-12 13:04:00,2020-03-09,2020-03-06,2020-03-06,Employees/Designated Employees,ESOP,Buy,Equity Shares,2026.0,0.0,0.0,0.0,0.0,13801.0,0.0,15827.0,0.0
INFY,2020-03-12 13:04:00,2020-03-09,2020-03-06,2020-03-06,Employees/Designated Employees,ESOP,Buy,Equity Shares,4800.0,0.0,0.0,0.0,0.0,197724.0,0.0,202524.0,0.0
INFY,2020-03-12 13:04:00,2020-03-09,2020-03-06,2020-03-06,Employees/Designated Employees,ESOP,Buy,Equity Shares,2626.0,0.0,0.0,0.0,0.0,1937.0,0.0,4563.0,0.0
INFY,2020-03-17 19:08:00,2020-03-13,2020-03-12,2020-03-12,Employees/Designated Employees,ESOP,Buy,Equity Shares,1400.0,0.0,0.0,0.0,0.0,7091.0,0.0,8491.0,0.0
INFY,2020-03-17 19:08:00,2020-03-13,2020-02-26,2020-02-26,Employees/Designated Employees,ESOP,Buy,Equity Shares,1012.0,0.0,0.0,0.0,0.0,3720.0,0.0,4732.0,0.0
INFY,2020-03-17 19:08:00,2020-03-13,2020-03-12,2020-03-12,Employees/Designated Employees,ESOP,Buy,Equity Shares,2826.0,0.0,0.0,0.0,0.0,11711.0,0.0,14537.0,0.0
INFY,2020-03-17 19:08:00,2020-03-13,2020-03-12,2020-03-12,Other,Off Market,Sell,Equity Shares,65570.0,0.0,0.0,0.0,0.0,18385976.0,0.43,18320406.0,0.43
INFY,2020-03-17 19:08:00,2020-03-13,2020-03-12,2020-03-12,Employees/Designated Employees,ESOP,Buy,Equity Shares,2776.0,0.0,0.0,0.0,0.0,256833.0,0.0,259609.0,0.0
INFY,2020-03-17 19:08:00,2020-03-13,2020-03-12,2020-03-12,Employees/Designated Employees,ESOP,Buy,Equity Shares,1050.0,0.0,0.0,0.0,0.0,4732.0,0.0,5782.0,0.0
INFY,2020-03-17 19:08:00,2020-03-13,2020-02-11,2020-02-11,Employees/Designated Employees,ESOP,Buy,Equity Shares,625.0,0.0,0.0,0.0,0.0,1750.0,0.0,2375.0,0.0
INFY,2020-03-17 19:08:00,2020-03-13,2020-03-12,2020-03-12,Employees/Designated Employees,ESOP,Buy,Equity Shares,1000.0,0.0,0.0,0.0,0.0,2375.0,0.0,3375.0,0.0
INFY,2020-03-17 19:08:00,2020-03-13,2020-02-11,2020-02-11,Employees/Designated Employees,ESOP,Buy,Equity Shares,1000.0,0.0,0.0,0.0,0.0,2660.0,0.0,3660.0,0.0
INFY,2020-03-17 19:08:00,2020-03-13,2020-03-12,2020-03-12,Employees/Designated Employees,ESOP,Buy,Equity Shares,1000.0,0.0,0.0,0.0,0.0,3660.0,0.0,4660.0,0.0
INFY,2020-03-24 17:50:00,2020-03-20,2020-03-18,2020-03-18,Employees/Designated Employees,ESOP,Buy,ADR/GDR/FCCB,3687.0,0.0,0.0,0.0,0.0,4153.0,0.0,7840.0,0.0
INFY,2020-03-24 17:50:00,2020-03-20,2020-03-18,2020-03-18,Employees/Designated Employees,ESOP,Buy,ADR/GDR/FCCB,6675.0,0.0,0.0,0.0,0.0,2165.0,0.0,8840.0,0.0
INFY,2020-03-24 17:50:00,2020-03-20,2020-03-18,2020-03-18,Employees/Designated Employees,ESOP,Sell,ADR/GDR/FCCB,1196.0,0.0,0.0,0.0,0.0,3975.0,0.0,2779.0,0.0
INFY,2020-03-24 17:50:00,2020-03-20,2020-03-18,2020-03-18,Employees/Designated Employees,ESOP,Sell,ADR/GDR/FCCB,1335.0,0.0,0.0,0.0,0.0,6054.0,0.0,4719.0,0.0
INFY,2020-03-24 17:50:00,2020-03-20,2020-03-18,2020-03-18,Employees/Designated Employees,ESOP,Sell,ADR/GDR/FCCB,1469.0,0.0,0.0,0.0,0.0,7840.0,0.0,6371.0,0.0
INFY,2020-03-24 17:50:00,2020-03-20,2020-03-18,2020-03-18,Employees/Designated Employees,ESOP,Sell,ADR/GDR/FCCB,2819.0,0.0,0.0,0.0,0.0,8840.0,0.0,6021.0,0.0
INFY,2020-03-24 17:50:00,2020-03-20,2020-03-19,2020-03-19,Other,Off Market,Sell,Equity Shares,43006.0,0.0,0.0,0.0,0.0,18320406.0,0.43,18277400.0,0.43
INFY,2020-03-24 17:50:00,2020-03-20,2020-03-19,2020-03-19,Employees/Designated Employees,ESOP,Sell,Equity Shares,6350.0,0.0,0.0,0.0,0.0,32261.0,0.0,25911.0,0.0
INFY,2020-03-24 17:50:00,2020-03-20,2020-03-18,2020-03-18,Employees/Designated Employees,ESOP,Buy,ADR/GDR/FCCB,3975.0,0.0,0.0,0.0,0.0,,0.0,3975.0,0.0
INFY,2020-03-24 17:50:00,2020-03-20,2020-03-18,2020-03-18,Employees/Designated Employees,ESOP,Buy,ADR/GDR/FCCB,3612.0,0.0,0.0,0.0,0.0,2442.0,0.0,6054.0,0.0
INFY,2020-03-31 18:16:00,2020-03-31,2020-03-26,2020-03-27,Employees/Designated Employees,ESOP,Buy,Equity Shares,3450.0,0.0,0.0,0.0,0.0,31434.0,0.0,34884.0,0.0
INFY,2020-03-31 18:16:00,2020-03-31,2020-03-26,2020-03-27,Employees/Designated Employees,ESOP,Buy,Equity Shares,1526.0,0.0,0.0,0.0,0.0,25817.0,0.0,27343.0,0.0
INFY,2020-03-31 18:16:00,2020-03-31,2020-03-26,2020-03-27,Employees/Designated Employees,ESOP,Buy,Equity Shares,3550.0,0.0,0.0,0.0,0.0,23598.0,0.0,27148.0,0.0
INFY,2020-03-31 18:16:00,2020-03-30,2020-03-26,2020-03-27,Other,Off Market,Sell,Equity Shares,38044.0,0.0,0.0,0.0,0.0,18277400.0,0.43,18239356.0,0.43
INFY,2020-04-16 13:03:00,2020-04-13,2020-04-09,2020-04-09,Employees/Designated Employees,ESOP,Buy,Equity Shares,2226.0,0.0,0.0,0.0,0.0,10471.0,0.0,12697.0,0.0
INFY,2020-04-16 13:03:00,2020-04-13,2020-04-09,2020-04-09,Other,Off Market,Sell,Equity Shares,32756.0,0.0,0.0,0.0,0.0,18239356.0,0.43,18206600.0,0.43
INFY,2020-04-16 13:03:00,2020-04-13,2020-04-09,2020-04-09,Employees/Designated Employees,ESOP,Buy,Equity Shares,1900.0,0.0,0.0,0.0,0.0,408249.0,0.0,410149.0,0.0
INFY,2020-04-16 13:03:00,2020-04-13,2020-04-09,2020-04-09,Employees/Designated Employees,ESOP,Buy,Equity Shares,1950.0,0.0,0.0,0.0,0.0,5055.0,0.0,7005.0,0.0
INFY,2020-04-17 19:12:00,2020-04-15,2020-04-09,2020-04-09,Employees/Designated Employees,ESOP,Buy,ADR/GDR/FCCB,3475.0,0.0,0.0,0.0,0.0,1500.0,0.0,4975.0,0.0
INFY,2020-04-17 19:12:00,2020-04-15,2020-04-09,2020-04-09,Employees/Designated Employees,ESOP,Buy,ADR/GDR/FCCB,6950.0,0.0,0.0,0.0,0.0,,0.0,6950.0,0.0
INFY,2020-04-17 19:12:00,2020-04-15,2020-04-09,2020-04-09,Employees/Designated Employees,ESOP,Buy,ADR/GDR/FCCB,8651.0,0.0,0.0,0.0,0.0,12324.0,0.0,20975.0,0.0
INFY,2020-04-17 19:12:00,2020-04-15,2020-04-09,2020-04-09,Employees/Designated Employees,ESOP,Buy,ADR/GDR/FCCB,8688.0,0.0,0.0,0.0,0.0,2724.0,0.0,11412.0,0.0
INFY,2020-04-17 19:12:00,2020-04-15,2020-04-09,2020-04-09,Employees/Designated Employees,ESOP,Buy,ADR/GDR/FCCB,6250.0,0.0,0.0,0.0,0.0,6338.0,0.0,12588.0,0.0
INFY,2020-04-17 19:12:00,2020-04-15,2020-04-09,2020-04-09,Employees/Designated Employees,ESOP,Buy,ADR/GDR/FCCB,15700.0,0.0,0.0,0.0,0.0,8650.0,0.0,24350.0,0.0
INFY,2020-04-23 18:22:00,2020-04-21,2020-04-17,2020-04-17,Other,Off Market,Sell,Equity Shares,1088.0,0.0,0.0,0.0,0.0,18206600.0,0.43,18205512.0,0.43
INFY,2020-04-29 18:09:00,2020-04-28,2020-04-24,2020-04-24,Other,Market Sale,Sell,Equity Shares,55825.0,0.0,0.0,0.0,0.0,18205512.0,0.43,18149687.0,0.43
INFY,2020-05-04 19:50:00,2020-04-30,2020-04-29,2020-04-29,Other,Off Market,Sell,Equity Shares,54499.0,0.0,0.0,0.0,0.0,18106376.0,0.43,18051877.0,0.43
INFY,2020-05-04 19:50:00,2020-04-30,2020-04-29,2020-04-29,Employees/Designated Employees,ESOP,Buy,Equity Shares,2176.0,0.0,0.0,0.0,0.0,4766.0,0.0,6942.0,0.0
INFY,2020-05-04 19:50:00,2020-04-30,2020-04-29,2020-04-29,Director,ESOP,Buy,Equity Shares,103606.0,0.0,0.0,0.0,0.0,203278.0,0.0,306884.0,0.0
INFY,2020-05-04 19:50:00,2020-04-30,2020-04-29,2020-04-29,Director,ESOP,Sell,Equity Shares,52933.0,0.0,0.0,0.0,0.0,306884.0,0.0,253951.0,0.0
INFY,2020-05-04 19:50:00,2020-04-30,2020-04-29,2020-04-29,Employees/Designated Employees,ESOP,Sell,Equity Shares,1016.0,0.0,0.0,0.0,0.0,6942.0,0.0,5926.0,0.0
INFY,2020-05-04 19:50:00,2020-04-29,2020-04-28,2020-04-28,Other,Market Sale,Sell,Equity Shares,43311.0,0.0,0.0,0.0,0.0,18149687.0,0.43,18106376.0,0.43
INFY,2020-05-05 18:26:00,2020-04-30,2020-04-28,2020-04-28,Employees/Designated Employees,ESOP,Buy,Equity Shares,7550.0,0.0,0.0,0.0,0.0,8110.0,0.0,15660.0,0.0
INFY,2020-05-05 18:26:00,2020-04-30,2020-04-28,2020-04-28,Employees/Designated Employees,ESOP,Sell,Equity Shares,7550.0,0.0,0.0,0.0,0.0,15660.0,0.0,8110.0,0.0
INFY,2020-05-08 17:41:00,2020-05-06,2020-05-04,2020-05-04,Employees/Designated Employees,ESOP,Buy,Equity Shares,6200.0,0.0,0.0,0.0,0.0,33674.0,0.0,39874.0,0.0
INFY,2020-05-08 17:41:00,2020-05-06,2020-05-04,2020-05-04,Employees/Designated Employees,ESOP,Sell,Equity Shares,1776.0,0.0,0.0,0.0,0.0,28295.0,0.0,26519.0,0.0
INFY,2020-05-08 17:41:00,2020-05-06,2020-05-04,2020-05-04,Employees/Designated Employees,ESOP,Buy,Equity Shares,2050.0,0.0,0.0,0.0,0.0,20494.0,0.0,22544.0,0.0
INFY,2020-05-08 17:41:00,2020-05-06,2020-05-04,2020-05-04,Employees/Designated Employees,ESOP,Buy,Equity Shares,1776.0,0.0,0.0,0.0,0.0,26519.0,0.0,28295.0,0.0
INFY,2020-05-08 17:41:00,2020-05-06,2020-05-04,2020-05-04,Employees/Designated Employees,ESOP,Sell,Equity Shares,2050.0,0.0,0.0,0.0,0.0,22544.0,0.0,20494.0,0.0
INFY,2020-05-08 17:41:00,2020-05-06,2020-05-04,2020-05-04,Employees/Designated Employees,ESOP,Sell,Equity Shares,6200.0,0.0,0.0,0.0,0.0,39874.0,0.0,33674.0,0.0
INFY,2020-05-08 17:41:00,2020-05-06,2020-05-05,2020-05-05,Other,Market Sale,Sell,Equity Shares,63937.0,0.0,0.0,0.0,0.0,18051877.0,0.42,17987940.0,0.42
INFY,2020-05-08 17:41:00,2020-05-06,2020-05-05,2020-05-05,Other,Off Market,Sell,Equity Shares,12779.0,0.0,0.0,0.0,0.0,17987940.0,0.42,17975161.0,0.42
INFY,2020-05-14 17:23:00,2020-05-13,2020-05-12,2020-05-12,Employees/Designated Employees,ESOP,Buy,Equity Shares,2550.0,0.0,0.0,0.0,0.0,11774.0,0.0,14324.0,0.0
INFY,2020-05-14 17:23:00,2020-05-13,2020-05-12,2020-05-12,Director,ESOP,Sell,Equity Shares,63937.0,0.0,0.0,0.0,0.0,396261.0,0.0,332324.0,0.0
INFY,2020-05-14 17:23:00,2020-05-13,2020-05-12,2020-05-12,Director,ESOP,Buy,Equity Shares,142310.0,0.0,0.0,0.0,0.0,253951.0,0.0,396261.0,0.0
INFY,2020-05-14 17:23:00,2020-05-12,2020-05-11,2020-05-11,Other,Off Market,Sell,Equity Shares,84457.0,0.0,0.0,0.0,0.0,17975161.0,0.42,17890704.0,0.42
INFY,2020-05-18 18:41:00,2020-05-14,2020-05-13,2020-05-13,Other,Off Market,Sell,Equity Shares,4504.0,0.0,0.0,0.0,0.0,17890704.0,0.42,17886200.0,0.42
INFY,2020-05-26 17:30:00,2020-05-25,2020-05-22,2020-05-22,Other,Off Market,Sell,Equity Shares,16211.0,0.0,0.0,0.0,0.0,17886200.0,0.42,17869989.0,0.42
INFY,2020-05-26 17:30:00,2020-05-25,2020-05-22,2020-05-22,Key Managerial Personnel,ESOP,Buy,Equity Shares,8723.0,0.0,0.0,0.0,0.0,,0.0,8723.0,0.0
INFY,2020-05-26 17:30:00,2020-05-25,2020-05-22,2020-05-22,Employees/Designated Employees,ESOP,Buy,Equity Shares,3150.0,0.0,0.0,0.0,0.0,19029.0,0.0,22179.0,0.0
INFY,2020-06-03 19:16:00,2020-06-01,2020-05-29,2020-05-29,Other,Off Market,Sell,Equity Shares,56692.0,0.0,0.0,0.0,0.0,17869989.0,0.42,17813297.0,0.42
INFY,2020-06-03 19:16:00,2020-06-02,2020-05-29,2020-05-29,Director,ESOP,Buy,Equity Shares,13624.0,0.0,0.0,0.0,0.0,1087322.0,0.0,1100946.0,0.0
INFY,2020-06-03 19:16:00,2020-06-01,2020-06-01,2020-06-01,Employees/Designated Employees,Market Sale,Sell,Equity Shares,5000.0,0.0,0.0,0.0,0.0,104848.0,0.0,99848.0,0.0
INFY,2020-06-03 19:16:00,2020-06-01,2020-06-01,2020-06-01,Employees/Designated Employees,Market Sale,Sell,Equity Shares,5000.0,0.0,0.0,0.0,0.0,99848.0,0.0,94848.0,0.0
INFY,2020-06-03 19:16:00,2020-06-02,2020-05-29,2020-05-29,Employees/Designated Employees,ESOP,Buy,Equity Shares,750.0,0.0,0.0,0.0,0.0,94848.0,0.0,95598.0,0.0
INFY,2020-06-03 19:16:00,2020-06-01,2020-05-29,2020-05-29,Employees/Designated Employees,ESOP,Buy,Equity Shares,6376.0,0.0,0.0,0.0,0.0,17348.0,0.0,23724.0,0.0
INFY,2020-06-03 19:16:00,2020-06-01,2020-05-29,2020-05-29,Employees/Designated Employees,ESOP,Buy,Equity Shares,2126.0,0.0,0.0,0.0,0.0,64323.0,0.0,66449.0,0.0
INFY,2020-06-03 19:16:00,2020-06-01,2020-05-29,2020-05-29,Employees/Designated Employees,ESOP,Buy,Equity Shares,5676.0,0.0,0.0,0.0,0.0,2435922.0,0.0,2441598.0,0.0
INFY,2020-06-03 19:16:00,2020-06-01,2020-05-29,2020-05-29,Employees/Designated Employees,ESOP,Buy,Equity Shares,3150.0,0.0,0.0,0.0,0.0,12960.0,0.0,16110.0,0.0
INFY,2020-06-03 19:16:00,2020-06-01,2020-05-29,2020-05-29,Employees/Designated Employees,ESOP,Buy,Equity Shares,3050.0,0.0,0.0,0.0,0.0,107616.0,0.0,110666.0,0.0
INFY,2020-06-03 19:16:00,2020-06-03,2020-06-02,2020-06-02,Employees/Designated Employees,Market Sale,Sell,Equity Shares,5000.0,0.0,0.0,0.0,0.0,95598.0,0.0,90598.0,0.0
INFY,2020-06-09 20:41:00,2020-06-05,2020-06-03,2020-06-03,Employees/Designated Employees,ESOP,Sell,ADR/GDR/FCCB,1971.0,0.0,0.0,0.0,0.0,29839.0,0.0,27868.0,0.0
INFY,2020-06-09 20:41:00,2020-06-05,2020-06-03,2020-06-03,Employees/Designated Employees,ESOP,Buy,ADR/GDR/FCCB,4650.0,0.0,0.0,0.0,0.0,12679.0,0.0,17329.0,0.0
INFY,2020-06-09 20:41:00,2020-06-05,2020-06-03,2020-06-03,Employees/Designated Employees,ESOP,Sell,ADR/GDR/FCCB,4650.0,0.0,0.0,0.0,0.0,17329.0,0.0,12679.0,0.0
INFY,2020-06-09 20:41:00,2020-06-05,2020-06-03,2020-06-03,Employees/Designated Employees,ESOP,Buy,ADR/GDR/FCCB,8950.0,0.0,0.0,0.0,0.0,,0.0,8950.0,0.0
INFY,2020-06-09 20:41:00,2020-06-05,2020-06-03,2020-06-03,Employees/Designated Employees,ESOP,Sell,ADR/GDR/FCCB,8950.0,0.0,0.0,0.0,0.0,8950.0,0.0,,0.0
INFY,2020-06-09 20:41:00,2020-06-05,2020-06-03,2020-06-03,Employees/Designated Employees,ESOP,Buy,ADR/GDR/FCCB,3616.0,0.0,0.0,0.0,0.0,,0.0,3616.0,0.0
INFY,2020-06-09 20:41:00,2020-06-05,2020-06-03,2020-06-03,Employees/Designated Employees,ESOP,Sell,ADR/GDR/FCCB,1716.0,0.0,0.0,0.0,0.0,3616.0,0.0,1900.0,0.0
INFY,2020-06-09 20:41:00,2020-06-05,2020-06-03,2020-06-03,Employees/Designated Employees,ESOP,Buy,ADR/GDR/FCCB,6526.0,0.0,0.0,0.0,0.0,28979.0,0.0,35505.0,0.0
INFY,2020-06-09 20:41:00,2020-06-05,2020-06-03,2020-06-03,Employees/Designated Employees,ESOP,Sell,ADR/GDR/FCCB,2500.0,0.0,0.0,0.0,0.0,35505.0,0.0,33005.0,0.0
INFY,2020-06-09 20:41:00,2020-06-05,2020-06-03,2020-06-03,Employees/Designated Employees,ESOP,Buy,ADR/GDR/FCCB,6550.0,0.0,0.0,0.0,0.0,6021.0,0.0,12571.0,0.0
INFY,2020-06-09 20:41:00,2020-06-05,2020-06-03,2020-06-03,Employees/Designated Employees,ESOP,Buy,ADR/GDR/FCCB,4650.0,0.0,0.0,0.0,0.0,7576.0,0.0,12226.0,0.0
INFY,2020-06-09 20:41:00,2020-06-05,2020-06-03,2020-06-03,Employees/Designated Employees,ESOP,Sell,ADR/GDR/FCCB,1920.0,0.0,0.0,0.0,0.0,12226.0,0.0,10306.0,0.0
INFY,2020-06-09 20:41:00,2020-06-05,2020-06-03,2020-06-03,Employees/Designated Employees,ESOP,Buy,ADR/GDR/FCCB,6800.0,0.0,0.0,0.0,0.0,23039.0,0.0,29839.0,0.0
INFY,2020-06-09 20:41:00,2020-06-05,2020-06-03,2020-06-03,Employees/Designated Employees,ESOP,Sell,ADR/GDR/FCCB,2715.0,0.0,0.0,0.0,0.0,15971.0,0.0,13256.0,0.0
INFY,2020-06-09 20:41:00,2020-06-05,2020-06-03,2020-06-03,Employees/Designated Employees,ESOP,Buy,ADR/GDR/FCCB,5326.0,0.0,0.0,0.0,0.0,10645.0,0.0,15971.0,0.0
INFY,2020-06-09 20:41:00,2020-06-05,2020-06-03,2020-06-03,Employees/Designated Employees,ESOP,Sell,ADR/GDR/FCCB,10150.0,0.0,0.0,0.0,0.0,13625.0,0.0,3475.0,0.0
INFY,2020-06-09 20:41:00,2020-06-05,2020-06-03,2020-06-03,Employees/Designated Employees,ESOP,Buy,ADR/GDR/FCCB,10150.0,0.0,0.0,0.0,0.0,3475.0,0.0,13625.0,0.0
INFY,2020-06-09 20:41:00,2020-06-05,2020-06-03,2020-06-03,Employees/Designated Employees,ESOP,Sell,ADR/GDR/FCCB,18000.0,0.0,0.0,0.0,0.0,95643.0,0.0,77643.0,0.0
INFY,2020-06-09 20:41:00,2020-06-05,2020-06-03,2020-06-03,Employees/Designated Employees,ESOP,Buy,ADR/GDR/FCCB,33426.0,0.0,0.0,0.0,0.0,62217.0,0.0,95643.0,0.0
INFY,2020-06-09 20:41:00,2020-06-08,2020-06-04,2020-06-04,Employees/Designated Employees,Market Sale,Sell,Equity Shares,8000.0,0.0,0.0,0.0,0.0,8110.0,0.0,110.0,0.0
INFY,2020-06-09 20:41:00,2020-06-05,2020-06-03,2020-06-03,Other,Market Sale,Sell,Equity Shares,2432.0,0.0,0.0,0.0,0.0,17813297.0,0.43,17810865.0,0.43
INFY,2020-06-09 20:41:00,2020-06-05,2020-06-03,2020-06-03,Employees/Designated Employees,ESOP,Sell,ADR/GDR/FCCB,3565.0,0.0,0.0,0.0,0.0,12571.0,0.0,9006.0,0.0
INFY,2020-06-09 20:41:00,2020-06-05,2020-06-03,2020-06-03,Employees/Designated Employees,ESOP,Sell,ADR/GDR/FCCB,2210.0,0.0,0.0,0.0,0.0,10671.0,0.0,8461.0,0.0
INFY,2020-06-09 20:41:00,2020-06-05,2020-06-03,2020-06-03,Employees/Designated Employees,ESOP,Buy,ADR/GDR/FCCB,4300.0,0.0,0.0,0.0,0.0,6371.0,0.0,10671.0,0.0
INFY,2020-06-11 20:59:00,2020-06-05,2020-06-03,2020-06-03,Employees/Designated Employees,ESOP,Sell,ADR/GDR/FCCB,2600.0,0.0,0.0,0.0,0.0,29839.0,0.0,27239.0,0.0
INFY,2020-06-11 21:21:00,2020-06-09,2020-06-08,2020-06-08,Employees/Designated Employees,Market Sale,Sell,Equity Shares,2500.0,0.0,0.0,0.0,0.0,90598.0,0.0,88098.0,0.0
INFY,2020-06-11 21:21:00,2020-06-09,2020-06-08,2020-06-08,Employees/Designated Employees,Market Sale,Sell,Equity Shares,1000.0,0.0,0.0,0.0,0.0,88098.0,0.0,87098.0,0.0
INFY,2020-06-15 20:54:00,2020-06-11,2020-06-10,2020-06-10,Employees/Designated Employees,Market Purchase,Buy,Equity Shares,5000.0,0.0,0.0,0.0,0.0,168.0,0.0,5168.0,0.0
INFY,2020-06-15 20:54:00,2020-06-11,2020-06-10,2020-06-10,Other,Off Market,Sell,Equity Shares,1630.0,0.0,0.0,0.0,0.0,17810865.0,0.42,17809235.0,0.42
INFY,2020-06-15 20:54:00,2020-06-15,2020-06-11,2020-06-11,Employees/Designated Employees,ESOP,Buy,Equity Shares,1726.0,0.0,0.0,0.0,0.0,7651.0,0.0,9377.0,0.0
INFY,2020-06-15 20:54:00,2020-06-15,2020-06-11,2020-06-11,Employees/Designated Employees,ESOP,Sell,Equity Shares,692.0,0.0,0.0,0.0,0.0,9377.0,0.0,8685.0,0.0
INFY,2020-06-30 16:10:00,2020-06-26,2020-06-25,2020-06-25,Employees/Designated Employees,ESOP,Sell,ADR/GDR/FCCB,40815.0,0.0,0.0,0.0,0.0,71111.0,0.0,30296.0,0.0
INFY,2020-06-30 16:10:00,2020-06-26,2020-06-25,2020-06-25,Employees/Designated Employees,ESOP,Buy,ADR/GDR/FCCB,43872.0,0.0,0.0,0.0,0.0,27239.0,0.0,71111.0,0.0
INFY,2020-07-17 21:16:00,2020-07-15,2020-07-13,2020-07-13,Director,ESOP,Buy,Equity Shares,100604.0,0.0,0.0,0.0,0.0,332324.0,0.0,432928.0,0.0
INFY,2020-07-17 21:16:00,2020-07-15,2020-07-13,2020-07-13,Director,ESOP,Buy,Equity Shares,40241.0,0.0,0.0,0.0,0.0,1100946.0,0.02,1141187.0,0.0
INFY,2020-07-17 21:16:00,2020-07-15,2020-07-13,2020-07-13,Other,Off Market,Sell,Equity Shares,1128.0,0.0,0.0,0.0,0.0,17809235.0,0.41,17808107.0,0.41
INFY,2020-07-22 20:06:00,2020-07-22,2020-07-21,2020-07-21,Employees/Designated Employees,Market Sale,Sell,Equity Shares,5000.0,0.0,0.0,0.0,0.0,16179.0,0.0,11179.0,0.0
INFY,2020-07-22 20:06:00,2020-07-22,2020-07-20,2020-07-20,Employees/Designated Employees,Market Sale,Sell,Equity Shares,6000.0,0.0,0.0,0.0,0.0,22179.0,0.0,16179.0,0.0
INFY,2020-07-22 20:06:00,2020-07-20,2020-07-20,2020-07-20,Employees/Designated Employees,Market Sale,Sell,Equity Shares,7000.0,0.0,0.0,0.0,0.0,14324.0,0.0,7324.0,0.0
INFY,2020-07-22 20:06:00,2020-07-21,2020-07-20,2020-07-20,Employees/Designated Employees,Market Sale,Sell,Equity Shares,200.0,0.0,0.0,0.0,0.0,5926.0,0.0,5726.0,0.0
INFY,2020-07-22 20:06:00,2020-07-21,2020-07-20,2020-07-20,Employees/Designated Employees,Market Sale,Sell,Equity Shares,2000.0,0.0,0.0,0.0,0.0,5726.0,0.0,3726.0,0.0
INFY,2020-07-24 21:47:00,2020-07-24,2020-07-24,2020-07-24,Employees/Designated Employees,Market Sale,Sell,Equity Shares,466.0,0.0,0.0,0.0,0.0,3726.0,0.0,3260.0,0.0
INFY,2020-07-24 21:47:00,2020-07-22,2020-07-21,2020-07-21,Employees/Designated Employees,Market Sale,Sell,Equity Shares,1773.0,0.0,0.0,0.0,0.0,410149.0,0.0,408376.0,0.0
INFY,2020-07-24 21:47:00,2020-07-24,2020-07-22,2020-07-24,Promoters,Market Sale,Sell,Equity Shares,1200000.0,0.0,0.0,0.0,0.0,10497930.0,0.25,9297930.0,0.22
INFY,2020-07-24 21:47:00,2020-07-24,2020-07-22,2020-07-24,Promoters,Market Sale,Sell,Equity Shares,4000000.0,0.0,0.0,0.0,0.0,28049350.0,0.66,24049350.0,0.56
INFY,2020-07-24 21:47:00,2020-07-24,2020-07-24,2020-07-24,Employees/Designated Employees,Market Sale,Sell,Equity Shares,200.0,0.0,0.0,0.0,0.0,3260.0,0.0,3060.0,0.0
INFY,2020-07-24 21:47:00,2020-07-24,2020-07-22,2020-07-24,Promoter Group,Market Sale,Sell,Equity Shares,1500000.0,0.0,0.0,0.0,0.0,15435868.0,0.36,13935868.0,0.33
INFY,2020-07-24 21:47:00,2020-07-24,2020-07-22,2020-07-24,Promoter Group,Market Sale,Sell,Equity Shares,1800000.0,0.0,0.0,0.0,0.0,15536226.0,0.36,13736226.0,0.32
INFY,2020-07-29 18:34:00,2020-07-29,2020-07-28,2020-07-28,Employees/Designated Employees,Market Sale,Sell,Equity Shares,500.0,0.0,0.0,0.0,0.0,407876.0,0.0,407376.0,0.0
INFY,2020-07-29 18:34:00,2020-07-29,2020-07-28,2020-07-28,Other,Market Sale,Sell,Equity Shares,1465.0,0.0,0.0,0.0,0.0,17808107.0,0.41,17806642.0,0.41
INFY,2020-07-29 18:34:00,2020-07-28,2020-07-28,2020-07-28,Employees/Designated Employees,Market Sale,Sell,Equity Shares,3000.0,0.0,0.0,0.0,0.0,23724.0,0.0,20724.0,0.0
INFY,2020-07-29 18:34:00,2020-07-28,2020-07-21,2020-07-27,Employees/Designated Employees,Market Sale,Sell,Equity Shares,300.0,0.0,0.0,0.0,0.0,33684.0,0.0,33384.0,0.0
INFY,2020-07-29 18:34:00,2020-07-28,2020-07-21,2020-07-27,Employees/Designated Employees,Market Sale,Sell,Equity Shares,1200.0,0.0,0.0,0.0,0.0,34884.0,0.0,33684.0,0.0
INFY,2020-07-29 18:34:00,2020-07-29,2020-07-28,2020-07-28,Employees/Designated Employees,Market Sale,Sell,Equity Shares,5000.0,0.0,0.0,0.0,0.0,259609.0,0.0,254609.0,0.0
INFY,2020-07-29 18:34:00,2020-07-29,2020-07-27,2020-07-27,Employees/Designated Employees,Market Sale,Sell,Equity Shares,500.0,0.0,0.0,0.0,0.0,408376.0,0.0,407876.0,0.0
INFY,2020-07-30 20:48:00,2020-07-29,2020-07-24,2020-07-29,Employees/Designated Employees,Market Sale,Sell,Equity Shares,1136.0,0.0,0.0,0.0,0.0,1136.0,0.0,,0.0
INFY,2020-08-03 22:26:00,2020-08-03,2020-07-20,2020-07-20,Employees/Designated Employees,Market Sale,Sell,ADR/GDR/FCCB,7500.0,0.0,0.0,0.0,0.0,10306.0,0.0,2806.0,0.0
INFY,2020-08-03 22:26:00,2020-08-03,2020-07-30,2020-07-30,Other,Off Market,Sell,Equity Shares,11085.0,0.0,0.0,0.0,0.0,17806642.0,0.41,17795557.0,0.41
INFY,2020-08-03 22:26:00,2020-07-31,2020-07-31,2020-07-31,Employees/Designated Employees,Market Sale,Sell,Equity Shares,2000.0,0.0,0.0,0.0,0.0,20724.0,0.0,18724.0,0.0
INFY,2020-08-03 22:26:00,2020-08-03,2020-07-31,2020-07-31,Employees/Designated Employees,ESOP,Buy,Equity Shares,9850.0,0.0,0.0,0.0,0.0,202524.0,0.0,212374.0,0.0
INFY,2020-08-03 22:26:00,2020-08-02,2020-07-31,2020-07-31,Employees/Designated Employees,Market Sale,Sell,Equity Shares,3500.0,0.0,0.0,0.0,0.0,254609.0,0.0,251109.0,0.0
INFY,2020-08-05 22:26:00,2020-08-03,2020-07-27,2020-07-27,Immediate relative,Market Purchase,Buy,Equity Shares,2754.0,0.0,0.0,0.0,0.0,,0.0,2754.0,0.0
INFY,2020-08-07 19:24:00,2020-08-06,2020-08-03,2020-08-03,Employees/Designated Employees,Market Sale,Sell,Equity Shares,500.0,0.0,0.0,0.0,0.0,407376.0,0.0,406876.0,0.0
INFY,2020-08-07 19:24:00,2020-08-06,2020-08-05,2020-08-05,Other,Market Sale,Sell,Equity Shares,89489.0,0.0,0.0,0.0,0.0,17795557.0,0.41,17706068.0,0.41
INFY,2020-08-10 19:51:00,2020-08-10,2020-08-10,2020-08-10,Employees/Designated Employees,Market Sale,Sell,Equity Shares,500.0,0.0,0.0,0.0,0.0,406876.0,0.0,406376.0,0.0
INFY,2020-08-13 19:33:00,2020-08-13,2020-08-11,2020-08-11,Employees/Designated Employees,ESOP,Sell,Equity Shares,4200.0,0.0,0.0,0.0,0.0,31543.0,0.0,27343.0,0.0
INFY,2020-08-13 19:33:00,2020-08-13,2020-08-11,2020-08-11,Employees/Designated Employees,ESOP,Buy,Equity Shares,4200.0,0.0,0.0,0.0,0.0,27343.0,0.0,31543.0,0.0
INFY,2020-08-18 18:32:00,2020-08-17,2020-08-14,2020-08-17,Employees/Designated Employees,Market Sale,Sell,Equity Shares,4400.0,0.0,0.0,0.0,0.0,26519.0,0.0,22119.0,0.0
INFY,2020-08-18 18:32:00,2020-08-17,2020-08-13,2020-08-13,Other,Off Market,Sell,Equity Shares,287070.0,0.0,0.0,0.0,0.0,17706068.0,0.41,17418998.0,0.41
INFY,2020-08-18 18:32:00,2020-08-17,2020-08-14,2020-08-14,Employees/Designated Employees,ESOP,Buy,Equity Shares,1700.0,0.0,0.0,0.0,0.0,1700.0,0.0,3400.0,0.0
INFY,2020-08-20 20:20:00,2020-08-20,2020-08-18,2020-08-18,Employees/Designated Employees,ESOP,Buy,ADR/GDR/FCCB,5250.0,0.0,0.0,0.0,0.0,12588.0,0.0,17838.0,0.0
INFY,2020-08-20 20:20:00,2020-08-20,2020-08-18,2020-08-18,Employees/Designated Employees,ESOP,Sell,ADR/GDR/FCCB,5250.0,0.0,0.0,0.0,0.0,17838.0,0.0,12588.0,0.0
INFY,2020-08-20 20:20:00,2020-08-20,2020-08-18,2020-08-18,Employees/Designated Employees,ESOP,Sell,ADR/GDR/FCCB,29924.0,0.0,0.0,0.0,0.0,38930.0,0.0,9006.0,0.0
INFY,2020-08-20 20:20:00,2020-08-20,2020-08-18,2020-08-18,Employees/Designated Employees,ESOP,Buy,ADR/GDR/FCCB,29924.0,0.0,0.0,0.0,0.0,9006.0,0.0,38930.0,0.0
INFY,2020-08-20 20:20:00,2020-08-20,2020-08-17,2020-08-17,Employees/Designated Employees,Market Sale,Sell,Equity Shares,500.0,0.0,0.0,0.0,0.0,406376.0,0.0,405876.0,0.0
INFY,2020-08-27 19:09:00,2020-08-26,2020-08-26,2020-08-26,Employees/Designated Employees,Market Sale,Sell,Equity Shares,3278.0,0.0,0.0,0.0,0.0,3279.0,0.0,1.0,0.0
INFY,2020-08-31 19:28:00,2020-08-31,2020-08-28,2020-08-28,Other,Off Market,Sell,Equity Shares,285940.0,0.0,0.0,0.0,0.0,17418998.0,0.41,17133058.0,0.41
INFY,2020-08-31 19:28:00,2020-08-29,2020-08-27,2020-08-27,Employees/Designated Employees,Market Sale,Sell,Equity Shares,3700.0,0.0,0.0,0.0,0.0,3700.0,0.0,,0.0
INFY,2020-09-03 11:22:00,2020-09-01,2020-08-28,2020-08-31,Employees/Designated Employees,Market Sale,Sell,Equity Shares,600.0,0.0,0.0,0.0,0.0,11268.0,0.0,10668.0,0.0
INFY,2020-09-03 11:22:00,2020-09-01,2020-08-28,2020-08-31,Employees/Designated Employees,Market Sale,Sell,Equity Shares,1000.0,0.0,0.0,0.0,0.0,12268.0,0.0,11268.0,0.0
INFY,2020-09-07 18:27:00,2020-09-07,2020-09-03,2020-09-03,Other,Market Sale,Sell,Equity Shares,7882.0,0.0,0.0,0.0,0.0,17133058.0,0.41,17125176.0,0.41
INFY,2020-09-07 18:27:00,2020-09-04,2020-09-03,2020-09-03,Employees/Designated Employees,Market Sale,Sell,Equity Shares,12679.0,0.0,0.0,0.0,0.0,12679.0,0.0,,0.0
INFY,2020-09-10 16:54:00,2020-09-09,2020-09-07,2020-09-07,Other,Off Market,Sell,Equity Shares,168504.0,0.0,0.0,0.0,0.0,17125176.0,0.41,16956672.0,0.41
INFY,2020-09-10 16:54:00,2020-09-08,2020-09-08,2020-09-08,Employees/Designated Employees,ESOP,Buy,Equity Shares,4924.0,0.0,0.0,0.0,0.0,212374.0,0.0,217298.0,0.0
INFY,2020-09-17 18:36:00,2020-09-15,2020-09-15,2020-09-15,Employees/Designated Employees,Market Sale,Sell,Equity Shares,1000.0,0.0,0.0,0.0,0.0,405876.0,0.0,404876.0,0.0
INFY,2020-09-17 18:36:00,2020-09-15,2020-09-15,2020-09-15,Employees/Designated Employees,Market Sale,Sell,Equity Shares,11000.0,0.0,0.0,0.0,0.0,101835.0,0.0,90835.0,0.0
INFY,2020-09-17 18:36:00,2020-09-15,2020-09-14,2020-09-15,Employees/Designated Employees,Market Sale,Sell,Equity Shares,1000.0,0.0,0.0,0.0,0.0,29000.0,0.0,28000.0,0.0
INFY,2020-09-17 18:36:00,2020-09-15,2020-09-15,2020-09-15,Employees/Designated Employees,Market Sale,Sell,Equity Shares,3000.0,0.0,0.0,0.0,0.0,27000.0,0.0,24000.0,0.0
INFY,2020-09-17 18:36:00,2020-09-15,2020-09-14,2020-09-15,Employees/Designated Employees,Market Sale,Sell,Equity Shares,1000.0,0.0,0.0,0.0,0.0,28000.0,0.0,27000.0,0.0
INFY,2020-09-17 18:36:00,2020-09-16,2020-09-15,2020-09-15,Employees/Designated Employees,Market Sale,Sell,Equity Shares,4000.0,0.0,0.0,0.0,0.0,251109.0,0.0,247109.0,0.0
INFY,2020-09-24 19:05:00,2020-09-22,2020-09-19,2020-09-21,Other,Off Market,Sell,Equity Shares,37814.0,0.0,0.0,0.0,0.0,16956672.0,0.41,16918858.0,0.41
INFY,2020-10-06 10:46:00,2020-10-01,2020-09-29,2020-09-29,Other,Off Market,Sell,Equity Shares,13296.0,0.0,0.0,0.0,0.0,16918858.0,0.41,16905562.0,0.41
INFY,2020-10-21 12:43:00,2020-10-19,2020-10-15,2020-10-15,Other,Off Market,Sell,Equity Shares,6716.0,0.0,0.0,0.0,0.0,16905562.0,0.41,16898846.0,0.41
INFY,2020-10-27 17:57:00,2020-10-23,2020-10-22,2020-10-22,Employees/Designated Employees,Market Sale,Sell,ADR/GDR/FCCB,1900.0,0.0,0.0,0.0,0.0,1900.0,0.0,,0.0
INFY,2020-10-28 17:37:00,2020-10-26,2020-10-22,2020-10-22,Other,Market Sale,Sell,Equity Shares,6928.0,0.0,0.0,0.0,0.0,16898846.0,0.4,16891918.0,0.4
INFY,2020-11-05 16:53:00,2020-11-04,2020-11-03,2020-11-03,Employees/Designated Employees,ESOP,Buy,Equity Shares,2100.0,0.0,0.0,0.0,0.0,27343.0,0.0,29443.0,0.0
INFY,2020-11-05 16:53:00,2020-11-04,2020-11-03,2020-11-03,Employees/Designated Employees,ESOP,Sell,Equity Shares,2100.0,0.0,0.0,0.0,0.0,29443.0,0.0,27343.0,0.0
INFY,2020-11-09 22:01:00,2020-11-06,2020-11-05,2020-11-05,Employees/Designated Employees,ESOP,Buy,Equity Shares,560.0,0.0,0.0,0.0,0.0,20494.0,0.0,21054.0,0.0
INFY,2020-11-09 22:01:00,2020-11-09,2020-11-05,2020-11-05,Employees/Designated Employees,ESOP,Sell,Equity Shares,718.0,0.0,0.0,0.0,0.0,13229.0,0.0,12511.0,0.0
INFY,2020-11-09 22:01:00,2020-11-06,2020-11-05,2020-11-05,Other,Market Sale,Sell,Equity Shares,147975.0,0.0,0.0,0.0,0.0,16891918.0,0.4,16743943.0,0.4
INFY,2020-11-09 22:01:00,2020-11-06,2020-11-05,2020-11-05,Employees/Designated Employees,ESOP,Buy,Equity Shares,750.0,0.0,0.0,0.0,0.0,15827.0,0.0,16577.0,0.0
INFY,2020-11-09 22:01:00,2020-11-06,2020-11-05,2020-11-05,Employees/Designated Employees,ESOP,Sell,Equity Shares,750.0,0.0,0.0,0.0,0.0,16577.0,0.0,15827.0,0.0
INFY,2020-11-09 22:01:00,2020-11-06,2020-11-05,2020-11-05,Employees/Designated Employees,ESOP,Buy,Equity Shares,4376.0,0.0,0.0,0.0,0.0,18724.0,0.0,23100.0,0.0
INFY,2020-11-09 22:01:00,2020-11-06,2020-11-05,2020-11-05,Employees/Designated Employees,ESOP,Sell,Equity Shares,1664.0,0.0,0.0,0.0,0.0,23100.0,0.0,21436.0,0.0
INFY,2020-11-09 22:01:00,2020-11-06,2020-11-05,2020-11-05,Employees/Designated Employees,ESOP,Buy,Equity Shares,1900.0,0.0,0.0,0.0,0.0,3060.0,0.0,4960.0,0.0
INFY,2020-11-09 22:01:00,2020-11-06,2020-11-05,2020-11-05,Employees/Designated Employees,ESOP,Sell,Equity Shares,1900.0,0.0,0.0,0.0,0.0,4960.0,0.0,3060.0,0.0
INFY,2020-11-09 22:01:00,2020-11-06,2020-11-05,2020-11-05,Employees/Designated Employees,ESOP,Buy,Equity Shares,750.0,0.0,0.0,0.0,0.0,2375.0,0.0,3125.0,0.0
INFY,2020-11-09 22:01:00,2020-11-06,2020-11-05,2020-11-05,Employees/Designated Employees,ESOP,Sell,Equity Shares,263.0,0.0,0.0,0.0,0.0,3125.0,0.0,2862.0,0.0
INFY,2020-11-09 22:01:00,2020-11-06,2020-11-05,2020-11-05,Employees/Designated Employees,ESOP,Buy,Equity Shares,4300.0,0.0,0.0,0.0,0.0,404876.0,0.0,409176.0,0.0
INFY,2020-11-09 22:01:00,2020-11-06,2020-11-05,2020-11-05,Employees/Designated Employees,ESOP,Sell,Equity Shares,4300.0,0.0,0.0,0.0,0.0,409176.0,0.0,404876.0,0.0
INFY,2020-11-09 22:01:00,2020-11-06,2020-11-05,2020-11-05,Employees/Designated Employees,ESOP,Sell,Equity Shares,560.0,0.0,0.0,0.0,0.0,21054.0,0.0,20494.0,0.0
INFY,2020-11-09 22:01:00,2020-11-06,2020-11-05,2020-11-05,Employees/Designated Employees,ESOP,Buy,Equity Shares,1500.0,0.0,0.0,0.0,0.0,8685.0,0.0,10185.0,0.0
INFY,2020-11-09 22:01:00,2020-11-06,2020-11-05,2020-11-05,Employees/Designated Employees,ESOP,Sell,Equity Shares,525.0,0.0,0.0,0.0,0.0,10185.0,0.0,9660.0,0.0
INFY,2020-11-09 22:01:00,2020-11-06,2020-11-05,2020-11-05,Employees/Designated Employees,ESOP,Buy,Equity Shares,4600.0,0.0,0.0,0.0,0.0,38611.0,0.0,43211.0,0.0
INFY,2020-11-09 22:01:00,2020-11-06,2020-11-05,2020-11-05,Employees/Designated Employees,ESOP,Sell,Equity Shares,4600.0,0.0,0.0,0.0,0.0,43211.0,0.0,38611.0,0.0
INFY,2020-11-09 22:01:00,2020-11-07,2020-11-05,2020-11-05,Employees/Designated Employees,ESOP,Buy,Equity Shares,580.0,0.0,0.0,0.0,0.0,36194.0,0.0,36774.0,0.0
INFY,2020-11-09 22:01:00,2020-11-07,2020-11-05,2020-11-05,Employees/Designated Employees,ESOP,Sell,Equity Shares,580.0,0.0,0.0,0.0,0.0,36774.0,0.0,36194.0,0.0
INFY,2020-11-09 22:01:00,2020-11-09,2020-11-05,2020-11-05,Employees/Designated Employees,ESOP,Buy,Equity Shares,16952.0,0.0,0.0,0.0,0.0,110.0,0.0,17062.0,0.0
INFY,2020-11-09 22:01:00,2020-11-09,2020-11-05,2020-11-05,Employees/Designated Employees,ESOP,Sell,Equity Shares,16952.0,0.0,0.0,0.0,0.0,17062.0,0.0,110.0,0.0
INFY,2020-11-09 22:01:00,2020-11-09,2020-11-05,2020-11-05,Employees/Designated Employees,ESOP,Buy,Equity Shares,7025.0,0.0,0.0,0.0,0.0,27148.0,0.0,34173.0,0.0
INFY,2020-11-09 22:01:00,2020-11-09,2020-11-05,2020-11-05,Employees/Designated Employees,ESOP,Sell,Equity Shares,3954.0,0.0,0.0,0.0,0.0,34173.0,0.0,30219.0,0.0
INFY,2020-11-09 22:01:00,2020-11-09,2020-11-05,2020-11-05,Employees/Designated Employees,ESOP,Buy,Equity Shares,2050.0,0.0,0.0,0.0,0.0,11179.0,0.0,13229.0,0.0
INFY,2020-11-11 20:43:00,2020-11-10,2020-11-09,2020-11-09,Employees/Designated Employees,Market Sale,Sell,Equity Shares,2924.0,0.0,0.0,0.0,0.0,7324.0,0.0,4400.0,0.0
INFY,2020-11-12 17:44:00,2020-11-11,2020-11-09,2020-11-09,Employees/Designated Employees,ESOP,Sell,Equity Shares,750.0,0.0,0.0,0.0,0.0,750.0,0.0,,0.0
INFY,2020-11-12 17:44:00,2020-11-11,2020-11-09,2020-11-09,Employees/Designated Employees,ESOP,Buy,Equity Shares,876.0,0.0,0.0,0.0,0.0,2806.0,0.0,3682.0,0.0
INFY,2020-11-12 17:44:00,2020-11-11,2020-11-09,2020-11-09,Employees/Designated Employees,ESOP,Sell,Equity Shares,354.0,0.0,0.0,0.0,0.0,3682.0,0.0,3328.0,0.0
INFY,2020-11-12 17:44:00,2020-11-11,2020-11-09,2020-11-09,Employees/Designated Employees,ESOP,Buy,Equity Shares,750.0,0.0,0.0,0.0,0.0,8461.0,0.0,9211.0,0.0
INFY,2020-11-12 17:44:00,2020-11-11,2020-11-09,2020-11-09,Employees/Designated Employees,ESOP,Sell,Equity Shares,750.0,0.0,0.0,0.0,0.0,9211.0,0.0,8461.0,0.0
INFY,2020-11-12 17:44:00,2020-11-11,2020-11-09,2020-11-09,Employees/Designated Employees,ESOP,Buy,Equity Shares,3926.0,0.0,0.0,0.0,0.0,13256.0,0.0,17182.0,0.0
INFY,2020-11-12 17:44:00,2020-11-11,2020-11-09,2020-11-09,Employees/Designated Employees,ESOP,Sell,Equity Shares,1837.0,0.0,0.0,0.0,0.0,17182.0,0.0,15345.0,0.0
INFY,2020-11-12 17:44:00,2020-11-11,2020-11-09,2020-11-09,Employees/Designated Employees,ESOP,Buy,Equity Shares,500.0,0.0,0.0,0.0,0.0,,0.0,500.0,0.0
INFY,2020-11-12 17:44:00,2020-11-11,2020-11-09,2020-11-09,Employees/Designated Employees,ESOP,Sell,Equity Shares,500.0,0.0,0.0,0.0,0.0,500.0,0.0,,0.0
INFY,2020-11-12 17:44:00,2020-11-10,2020-11-09,2020-11-09,Employees/Designated Employees,ESOP,Buy,Equity Shares,4050.0,0.0,0.0,0.0,0.0,,0.0,4050.0,0.0
INFY,2020-11-12 17:44:00,2020-11-10,2020-11-09,2020-11-09,Employees/Designated Employees,ESOP,Sell,Equity Shares,4050.0,0.0,0.0,0.0,0.0,4050.0,0.0,,0.0
INFY,2020-11-12 17:44:00,2020-11-11,2020-11-09,2020-11-09,Employees/Designated Employees,ESOP,Buy,Equity Shares,7250.0,0.0,0.0,0.0,0.0,3475.0,0.0,10725.0,0.0
INFY,2020-11-12 17:44:00,2020-11-11,2020-11-09,2020-11-09,Employees/Designated Employees,ESOP,Sell,Equity Shares,7250.0,0.0,0.0,0.0,0.0,10725.0,0.0,3475.0,0.0
INFY,2020-11-12 17:44:00,2020-11-11,2020-11-09,2020-11-09,Employees/Designated Employees,ESOP,Buy,Equity Shares,4626.0,0.0,0.0,0.0,0.0,9006.0,0.0,13632.0,0.0
INFY,2020-11-12 17:44:00,2020-11-11,2020-11-09,2020-11-09,Employees/Designated Employees,ESOP,Sell,Equity Shares,2568.0,0.0,0.0,0.0,0.0,13632.0,0.0,11064.0,0.0
INFY,2020-11-12 17:44:00,2020-11-11,2020-11-09,2020-11-09,Employees/Designated Employees,ESOP,Buy,Equity Shares,750.0,0.0,0.0,0.0,0.0,5104.0,0.0,5854.0,0.0
INFY,2020-11-12 17:44:00,2020-11-11,2020-11-09,2020-11-09,Employees/Designated Employees,ESOP,Sell,Equity Shares,326.0,0.0,0.0,0.0,0.0,5854.0,0.0,5528.0,0.0
INFY,2020-11-12 17:44:00,2020-11-11,2020-11-09,2020-11-09,Employees/Designated Employees,ESOP,Buy,Equity Shares,750.0,0.0,0.0,0.0,0.0,,0.0,750.0,0.0
INFY,2020-11-12 17:44:00,2020-11-11,2020-11-09,2020-11-09,Employees/Designated Employees,ESOP,Sell,Equity Shares,265.0,0.0,0.0,0.0,0.0,1795.0,0.0,1530.0,0.0
INFY,2020-11-12 17:44:00,2020-11-11,2020-11-09,2020-11-09,Employees/Designated Employees,ESOP,Buy,Equity Shares,750.0,0.0,0.0,0.0,0.0,1045.0,0.0,1795.0,0.0
INFY,2020-11-12 17:44:00,2020-11-11,2020-11-09,2020-11-09,Employees/Designated Employees,ESOP,Sell,Equity Shares,13950.0,0.0,0.0,0.0,0.0,103819.0,0.0,89869.0,0.0
INFY,2020-11-12 17:44:00,2020-11-11,2020-11-09,2020-11-09,Employees/Designated Employees,ESOP,Buy,Equity Shares,26176.0,0.0,0.0,0.0,0.0,77643.0,0.0,103819.0,0.0
INFY,2020-11-13 19:36:00,2020-11-12,2020-11-12,2020-11-12,Promoters,Gift,Sell,Equity Shares,401000.0,0.0,0.0,0.0,0.0,9297930.0,0.22,8896930.0,0.21
INFY,2020-11-13 19:36:00,2020-11-12,2020-11-12,2020-11-12,Promoters,Gift,Buy,Equity Shares,401000.0,0.0,0.0,0.0,0.0,1765768.0,0.04,2166768.0,0.05
INFY,2020-11-13 19:36:00,2020-11-13,2020-11-11,2020-11-12,Other,Off Market,Sell,Equity Shares,50438.0,0.0,0.0,0.0,0.0,16743943.0,0.4,16693505.0,0.4
INFY,2020-11-18 18:02:00,2020-11-17,2020-11-17,2020-11-17,Employees/Designated Employees,Market Sale,Sell,Equity Shares,1000.0,0.0,0.0,0.0,0.0,9660.0,0.0,8660.0,0.0
INFY,2020-11-23 16:42:00,2020-11-19,2020-11-18,2020-11-18,Employees/Designated Employees,ESOP,Buy,Equity Shares,4776.0,0.0,0.0,0.0,0.0,4400.0,0.0,9176.0,0.0
INFY,2020-11-23 16:42:00,2020-11-20,2020-11-18,2020-11-18,Employees/Designated Employees,ESOP,Buy,Equity Shares,3152.0,0.0,0.0,0.0,0.0,12686.0,0.0,15838.0,0.0
INFY,2020-11-23 16:42:00,2020-11-20,2020-11-18,2020-11-18,Employees/Designated Employees,ESOP,Buy,Equity Shares,2076.0,0.0,0.0,0.0,0.0,12697.0,0.0,14773.0,0.0
INFY,2020-11-23 16:42:00,2020-11-20,2020-11-18,2020-11-18,Employees/Designated Employees,ESOP,Buy,Equity Shares,2150.0,0.0,0.0,0.0,0.0,14537.0,0.0,16687.0,0.0
INFY,2020-11-23 16:42:00,2020-11-20,2020-11-18,2020-11-18,Other,Off Market,Sell,Equity Shares,196157.0,0.0,0.0,0.0,0.0,16693505.0,0.4,16497348.0,0.4
INFY,2020-11-23 16:42:00,2020-11-19,2020-11-18,2020-11-18,Employees/Designated Employees,ESOP,Buy,Equity Shares,4276.0,0.0,0.0,0.0,0.0,79900.0,0.0,84176.0,0.0
INFY,2020-11-23 16:42:00,2020-11-19,2020-11-18,2020-11-18,Employees/Designated Employees,ESOP,Buy,Equity Shares,3126.0,0.0,0.0,0.0,0.0,217298.0,0.0,220424.0,0.0
INFY,2020-11-23 16:42:00,2020-11-19,2020-11-18,2020-11-18,Employees/Designated Employees,ESOP,Buy,Equity Shares,1000.0,0.0,0.0,0.0,0.0,19750.0,0.0,20750.0,0.0
INFY,2020-11-26 17:28:00,2020-11-25,2020-11-23,2020-11-23,Other,Off Market,Sell,Equity Shares,50668.0,0.0,0.0,0.0,0.0,16497348.0,0.4,16446680.0,0.4
INFY,2020-11-26 17:28:00,2020-11-24,2020-11-23,2020-11-23,Employees/Designated Employees,ESOP,Buy,Equity Shares,4926.0,0.0,0.0,0.0,0.0,220424.0,0.0,225350.0,0.0
INFY,2020-11-26 17:28:00,2020-11-25,2020-11-23,2020-11-23,Employees/Designated Employees,ESOP,Buy,Equity Shares,6026.0,0.0,0.0,0.0,0.0,33674.0,0.0,39700.0,0.0
INFY,2020-11-26 17:28:00,2020-11-25,2020-11-23,2020-11-23,Employees/Designated Employees,ESOP,Buy,Equity Shares,1326.0,0.0,0.0,0.0,0.0,27343.0,0.0,28669.0,0.0
INFY,2020-11-26 17:28:00,2020-11-25,2020-11-23,2020-11-23,Employees/Designated Employees,ESOP,Buy,Equity Shares,2826.0,0.0,0.0,0.0,0.0,33384.0,0.0,36210.0,0.0
INFY,2020-11-26 17:28:00,2020-11-24,2020-11-23,2020-11-23,Employees/Designated Employees,ESOP,Buy,Equity Shares,2426.0,0.0,0.0,0.0,0.0,247109.0,0.0,249535.0,0.0
INFY,2020-12-02 17:36:00,2020-11-30,2020-11-27,2020-11-27,Other,Off Market,Sell,Equity Shares,68912.0,0.0,0.0,0.0,0.0,16435562.0,0.4,16366650.0,0.4
INFY,2020-12-02 17:36:00,2020-11-30,2020-11-27,2020-11-27,Other,Market Sale,Sell,Equity Shares,11118.0,0.0,0.0,0.0,0.0,16446680.0,0.4,16435562.0,0.4
INFY,2020-12-02 17:36:00,2020-11-30,2020-11-27,2020-11-27,Employees/Designated Employees,ESOP,Buy,Equity Shares,2576.0,0.0,0.0,0.0,0.0,15610.0,0.0,18186.0,0.0
INFY,2020-12-02 17:36:00,2020-11-30,2020-11-27,2020-11-27,Employees/Designated Employees,ESOP,Buy,Equity Shares,13000.0,0.0,0.0,0.0,0.0,14773.0,0.0,27773.0,0.0
INFY,2020-12-02 17:36:00,2020-12-01,2020-11-27,2020-11-27,Employees/Designated Employees,ESOP,Buy,Equity Shares,1226.0,0.0,0.0,0.0,0.0,8491.0,0.0,9717.0,0.0
INFY,2020-12-02 17:36:00,2020-11-30,2020-11-27,2020-11-27,Employees/Designated Employees,ESOP,Buy,Equity Shares,1650.0,0.0,0.0,0.0,0.0,22119.0,0.0,23769.0,0.0
INFY,2020-12-02 17:36:00,2020-11-30,2020-11-27,2020-11-27,Employees/Designated Employees,ESOP,Buy,Equity Shares,2100.0,0.0,0.0,0.0,0.0,28669.0,0.0,30769.0,0.0
INFY,2020-12-02 17:36:00,2020-11-30,2020-11-27,2020-11-27,Employees/Designated Employees,ESOP,Sell,Equity Shares,2100.0,0.0,0.0,0.0,0.0,30769.0,0.0,28669.0,0.0
INFY,2020-12-02 17:36:00,2020-11-30,2020-11-27,2020-11-27,Employees/Designated Employees,ESOP,Sell,Equity Shares,9018.0,0.0,0.0,0.0,0.0,27773.0,0.0,18755.0,0.0
INFY,2020-12-04 17:28:00,2020-12-02,2020-12-01,2020-12-01,Employees/Designated Employees,Market Sale,Sell,Equity Shares,500.0,0.0,0.0,0.0,0.0,28169.0,0.0,27669.0,0.0
INFY,2020-12-04 17:28:00,2020-12-02,2020-12-01,2020-12-01,Employees/Designated Employees,Market Sale,Sell,Equity Shares,500.0,0.0,0.0,0.0,0.0,28669.0,0.0,28169.0,0.0
INFY,2020-12-04 17:28:00,2020-12-02,2020-11-30,2020-11-30,Employees/Designated Employees,ESOP,Buy,Equity Shares,2726.0,0.0,0.0,0.0,0.0,11412.0,0.0,14138.0,0.0
INFY,2020-12-04 17:28:00,2020-12-02,2020-11-30,2020-11-30,Employees/Designated Employees,ESOP,Buy,Equity Shares,2900.0,0.0,0.0,0.0,0.0,20975.0,0.0,23875.0,0.0
INFY,2020-12-04 17:28:00,2020-12-02,2020-11-30,2020-11-30,Employees/Designated Employees,ESOP,Buy,Equity Shares,5826.0,0.0,0.0,0.0,0.0,33005.0,0.0,38831.0,0.0
INFY,2020-12-04 17:28:00,2020-12-02,2020-11-30,2020-11-30,Employees/Designated Employees,ESOP,Buy,Equity Shares,2450.0,0.0,0.0,0.0,0.0,12588.0,0.0,15038.0,0.0
INFY,2020-12-10 19:46:00,2020-12-09,2020-12-07,2020-12-07,Other,Off Market,Buy,Equity Shares,126.0,0.0,0.0,0.0,0.0,16366650.0,0.39,16366776.0,0.39
INFY,2020-12-11 17:08:00,2020-12-10,2020-12-08,2020-12-08,Promoters,Gift,Sell,Equity Shares,175000.0,0.0,0.0,0.0,0.0,24049350.0,0.56,23874350.0,0.56
INFY,2020-12-11 17:08:00,2020-12-10,2020-12-08,2020-12-08,Promoter Group,Gift,Buy,Equity Shares,175000.0,0.0,0.0,0.0,0.0,6334240.0,0.15,6509240.0,0.15
INFY,2020-12-15 18:07:00,2020-12-11,2020-12-10,2020-12-10,Employees/Designated Employees,ESOP,Buy,Equity Shares,34800.0,0.0,0.0,0.0,0.0,,0.0,34800.0,0.0
INFY,2020-12-15 18:07:00,2020-12-11,2020-12-10,2020-12-10,Employees/Designated Employees,ESOP,Sell,Equity Shares,34800.0,0.0,0.0,0.0,0.0,34800.0,0.0,,0.0
INFY,2020-12-16 20:35:00,2020-12-14,2020-12-08,2020-12-08,Other,Market Sale,Sell,Equity Shares,19000.0,0.0,0.0,0.0,0.0,16366776.0,0.39,16347776.0,0.39
INFY,2020-12-17 16:31:00,2020-12-16,2020-12-15,2020-12-15,Other,Off Market,Sell,Equity Shares,51372.0,0.0,0.0,0.0,0.0,16347776.0,0.38,16296404.0,0.38
INFY,2020-12-17 16:31:00,2020-12-16,2020-12-14,2020-12-14,Employees/Designated Employees,ESOP,Buy,Equity Shares,4526.0,0.0,0.0,0.0,0.0,13574.0,0.0,18100.0,0.0
INFY,2020-12-18 16:03:00,2020-12-17,2020-12-14,2020-12-15,Employees/Designated Employees,Market Sale,Sell,Equity Shares,400.0,0.0,0.0,0.0,0.0,4085.0,0.0,3685.0,0.0
INFY,2020-12-18 16:03:00,2020-12-17,2020-12-15,2020-12-15,Employees/Designated Employees,ESOP,Buy,Equity Shares,2650.0,0.0,0.0,0.0,0.0,110666.0,0.0,113316.0,0.0
INFY,2020-12-18 16:03:00,2020-12-17,2020-12-15,2020-12-15,Employees/Designated Employees,ESOP,Buy,Equity Shares,4950.0,0.0,0.0,0.0,0.0,2441598.0,0.0,2446548.0,0.0
INFY,2020-12-18 16:03:00,2020-12-17,2020-12-14,2020-12-15,Employees/Designated Employees,ESOP,Buy,Equity Shares,566.0,0.0,0.0,0.0,0.0,3685.0,0.0,4251.0,0.0
INFY,2020-12-18 16:03:00,2020-12-17,2020-12-15,2020-12-15,Employees/Designated Employees,ESOP,Buy,Equity Shares,1650.0,0.0,0.0,0.0,0.0,66449.0,0.0,68099.0,0.0
INFY,2021-01-15 17:12:00,2021-01-15,2021-01-13,2021-01-13,Other,Off Market,Sell,Equity Shares,766.0,0.0,0.0,0.0,0.0,16296404.0,0.38,16295638.0,0.38
INFY,2021-01-22 17:50:00,2021-01-21,2021-01-20,2021-01-20,Employees/Designated Employees,Market Sale,Sell,Equity Shares,1850.0,0.0,0.0,0.0,0.0,9176.0,0.0,7326.0,0.0
INFY,2021-01-22 17:50:00,2021-01-21,2021-01-21,2021-01-21,Employees/Designated Employees,Market Sale,Sell,Equity Shares,500.0,0.0,0.0,0.0,0.0,404376.0,0.0,403876.0,0.0
INFY,2021-01-22 17:50:00,2021-01-21,2021-01-21,2021-01-21,Employees/Designated Employees,Market Sale,Sell,Equity Shares,750.0,0.0,0.0,0.0,0.0,2862.0,0.0,2112.0,0.0
INFY,2021-01-22 17:50:00,2021-01-21,2021-01-21,2021-01-21,Employees/Designated Employees,Market Sale,Sell,Equity Shares,500.0,0.0,0.0,0.0,0.0,404876.0,0.0,404376.0,0.0
INFY,2021-01-25 21:42:00,2021-01-25,2021-01-22,2021-01-22,Employees/Designated Employees,Market Sale,Sell,Equity Shares,2000.0,0.0,0.0,0.0,0.0,19436.0,0.0,17436.0,0.0
INFY,2021-01-25 21:42:00,2021-01-25,2021-01-22,2021-01-22,Employees/Designated Employees,Market Sale,Sell,Equity Shares,2000.0,0.0,0.0,0.0,0.0,21436.0,0.0,19436.0,0.0
INFY,2021-01-25 21:42:00,2021-01-24,2021-01-22,2021-01-22,Employees/Designated Employees,Market Sale,Sell,Equity Shares,2550.0,0.0,0.0,0.0,0.0,7326.0,0.0,4776.0,0.0
INFY,2021-01-25 21:42:00,2021-01-25,2021-01-22,2021-01-22,Employees/Designated Employees,Market Sale,Sell,Equity Shares,85000.0,0.0,0.0,0.0,0.0,89869.0,0.0,4869.0,0.0
INFY,2021-02-01 17:51:00,2021-01-29,2021-01-27,2021-01-27,Employees/Designated Employees,Market Sale,Sell,Equity Shares,2000.0,0.0,0.0,0.0,0.0,12511.0,0.0,10511.0,0.0
INFY,2021-02-02 20:40:00,2021-01-29,2021-01-28,2021-01-28,Immediate relative,Others,Sell,Equity Shares,64000.0,0.0,0.0,0.0,0.0,64000.0,0.0,,0.0
INFY,2021-02-02 20:40:00,2021-01-29,2021-01-28,2021-01-28,Employees/Designated Employees,Others,Buy,Equity Shares,64000.0,0.0,0.0,0.0,0.0,,0.0,64000.0,0.0
INFY,2021-02-05 16:18:00,2021-02-04,2021-02-03,2021-02-03,Employees/Designated Employees,ESOP,Buy,Equity Shares,6100.0,0.0,0.0,0.0,0.0,39700.0,0.0,45800.0,0.0
INFY,2021-02-05 16:18:00,2021-02-04,2021-02-03,2021-02-03,Employees/Designated Employees,ESOP,Sell,Equity Shares,2561.0,0.0,0.0,0.0,0.0,45800.0,0.0,43239.0,0.0
INFY,2021-02-05 16:18:00,2021-02-03,2021-02-03,2021-02-03,Employees/Designated Employees,ESOP,Buy,Equity Shares,5688.0,0.0,0.0,0.0,0.0,38611.0,0.0,44299.0,0.0
INFY,2021-02-05 16:18:00,2021-02-04,2021-02-03,2021-02-03,Employees/Designated Employees,ESOP,Sell,Equity Shares,588.0,0.0,0.0,0.0,0.0,10323.0,0.0,9735.0,0.0
INFY,2021-02-05 16:18:00,2021-02-03,2021-02-03,2021-02-03,Employees/Designated Employees,ESOP,Buy,Equity Shares,7050.0,0.0,0.0,0.0,0.0,110.0,0.0,7160.0,0.0
INFY,2021-02-05 16:18:00,2021-02-03,2021-02-03,2021-02-03,Employees/Designated Employees,ESOP,Sell,Equity Shares,7050.0,0.0,0.0,0.0,0.0,7160.0,0.0,110.0,0.0
INFY,2021-02-05 16:18:00,2021-02-04,2021-02-03,2021-02-03,Employees/Designated Employees,ESOP,Buy,Equity Shares,3763.0,0.0,0.0,0.0,0.0,30219.0,0.0,33982.0,0.0
INFY,2021-02-05 16:18:00,2021-02-04,2021-02-03,2021-02-03,Employees/Designated Employees,ESOP,Sell,Equity Shares,1443.0,0.0,0.0,0.0,0.0,33982.0,0.0,32539.0,0.0
INFY,2021-02-05 16:18:00,2021-02-03,2021-02-03,2021-02-03,Employees/Designated Employees,ESOP,Buy,Equity Shares,4838.0,0.0,0.0,0.0,0.0,84176.0,0.0,89014.0,0.0
INFY,2021-02-05 16:18:00,2021-02-03,2021-02-03,2021-02-03,Employees/Designated Employees,ESOP,Sell,Equity Shares,4838.0,0.0,0.0,0.0,0.0,89014.0,0.0,84176.0,0.0
INFY,2021-02-05 16:18:00,2021-02-03,2021-02-03,2021-02-03,Employees/Designated Employees,ESOP,Buy,Equity Shares,1513.0,0.0,0.0,0.0,0.0,27669.0,0.0,29182.0,0.0
INFY,2021-02-05 16:18:00,2021-02-03,2021-02-03,2021-02-03,Employees/Designated Employees,ESOP,Sell,Equity Shares,1513.0,0.0,0.0,0.0,0.0,29182.0,0.0,27669.0,0.0
INFY,2021-02-05 16:18:00,2021-02-04,2021-02-03,2021-02-03,Employees/Designated Employees,ESOP,Buy,Equity Shares,3850.0,0.0,0.0,0.0,0.0,9717.0,0.0,13567.0,0.0
INFY,2021-02-05 16:18:00,2021-02-04,2021-02-03,2021-02-03,Employees/Designated Employees,ESOP,Sell,Equity Shares,3850.0,0.0,0.0,0.0,0.0,13567.0,0.0,9717.0,0.0
INFY,2021-02-05 16:18:00,2021-02-04,2021-02-03,2021-02-03,Employees/Designated Employees,ESOP,Buy,Equity Shares,2913.0,0.0,0.0,0.0,0.0,18186.0,0.0,21099.0,0.0
INFY,2021-02-05 16:18:00,2021-02-04,2021-02-03,2021-02-03,Employees/Designated Employees,ESOP,Sell,Equity Shares,1117.0,0.0,0.0,0.0,0.0,21099.0,0.0,19982.0,0.0
INFY,2021-02-05 16:18:00,2021-02-04,2021-02-03,2021-02-04,Director,ESOP,Buy,Equity Shares,17063.0,0.0,0.0,0.0,0.0,1141187.0,0.0,1158250.0,0.0
INFY,2021-02-05 16:18:00,2021-02-04,2021-02-03,2021-02-04,Director,ESOP,Sell,Equity Shares,7170.0,0.0,0.0,0.0,0.0,1158250.0,0.0,1151080.0,0.0
INFY,2021-02-05 16:18:00,2021-02-04,2021-02-03,2021-02-04,Director,ESOP,Buy,Equity Shares,14310.0,0.0,0.0,0.0,0.0,432928.0,0.0,447238.0,0.0
INFY,2021-02-05 16:18:00,2021-02-04,2021-02-03,2021-02-04,Director,ESOP,Sell,Equity Shares,6014.0,0.0,0.0,0.0,0.0,447238.0,0.0,441224.0,0.0
INFY,2021-02-05 16:18:00,2021-02-04,2021-02-03,2021-02-03,Employees/Designated Employees,ESOP,Buy,Equity Shares,2363.0,0.0,0.0,0.0,0.0,3060.0,0.0,5423.0,0.0
INFY,2021-02-05 16:18:00,2021-02-04,2021-02-03,2021-02-03,Employees/Designated Employees,ESOP,Sell,Equity Shares,2363.0,0.0,0.0,0.0,0.0,5423.0,0.0,3060.0,0.0
INFY,2021-02-05 16:18:00,2021-02-04,2021-02-03,2021-02-03,Employees/Designated Employees,ESOP,Buy,Equity Shares,1975.0,0.0,0.0,0.0,0.0,18755.0,0.0,20730.0,0.0
INFY,2021-02-05 16:18:00,2021-02-04,2021-02-03,2021-02-03,Employees/Designated Employees,ESOP,Sell,Equity Shares,758.0,0.0,0.0,0.0,0.0,20730.0,0.0,19972.0,0.0
INFY,2021-02-05 16:18:00,2021-02-04,2021-02-03,2021-02-04,Other,Market Sale,Sell,Equity Shares,57699.0,0.0,0.0,0.0,0.0,16295638.0,0.38,16237939.0,0.38
INFY,2021-02-05 16:18:00,2021-02-04,2021-02-03,2021-02-03,Employees/Designated Employees,ESOP,Buy,Equity Shares,6238.0,0.0,0.0,0.0,0.0,17436.0,0.0,23674.0,0.0
INFY,2021-02-05 16:18:00,2021-02-04,2021-02-03,2021-02-03,Employees/Designated Employees,ESOP,Sell,Equity Shares,2392.0,0.0,0.0,0.0,0.0,23674.0,0.0,21282.0,0.0
INFY,2021-02-05 16:18:00,2021-02-03,2021-02-03,2021-02-03,Employees/Designated Employees,ESOP,Buy,Equity Shares,625.0,0.0,0.0,0.0,0.0,2112.0,0.0,2737.0,0.0
INFY,2021-02-05 16:18:00,2021-02-03,2021-02-03,2021-02-03,Employees/Designated Employees,ESOP,Sell,Equity Shares,221.0,0.0,0.0,0.0,0.0,2737.0,0.0,2516.0,0.0
INFY,2021-02-05 16:18:00,2021-02-03,2021-02-03,2021-02-03,Employees/Designated Employees,ESOP,Sell,Equity Shares,5688.0,0.0,0.0,0.0,0.0,44299.0,0.0,38611.0,0.0
INFY,2021-02-05 16:18:00,2021-02-04,2021-02-03,2021-02-03,Employees/Designated Employees,ESOP,Buy,Equity Shares,1975.0,0.0,0.0,0.0,0.0,403876.0,0.0,405851.0,0.0
INFY,2021-02-05 16:18:00,2021-02-04,2021-02-03,2021-02-03,Employees/Designated Employees,ESOP,Sell,Equity Shares,1975.0,0.0,0.0,0.0,0.0,405851.0,0.0,403876.0,0.0
INFY,2021-02-05 16:18:00,2021-02-03,2021-02-03,2021-02-03,Employees/Designated Employees,ESOP,Buy,Equity Shares,1500.0,0.0,0.0,0.0,0.0,20494.0,0.0,21994.0,0.0
INFY,2021-02-05 16:18:00,2021-02-03,2021-02-03,2021-02-03,Employees/Designated Employees,ESOP,Sell,Equity Shares,1500.0,0.0,0.0,0.0,0.0,21994.0,0.0,20494.0,0.0
INFY,2021-02-05 16:18:00,2021-02-04,2021-02-03,2021-02-03,Employees/Designated Employees,ESOP,Buy,Equity Shares,1663.0,0.0,0.0,0.0,0.0,8660.0,0.0,10323.0,0.0
INFY,2021-02-08 21:38:00,2021-02-08,2021-02-04,2021-02-04,Employees/Designated Employees,ESOP,Buy,Equity Shares,6238.0,0.0,0.0,0.0,0.0,7813.0,0.0,14051.0,0.0
INFY,2021-02-08 21:38:00,2021-02-08,2021-02-04,2021-02-04,Employees/Designated Employees,ESOP,Sell,Equity Shares,6238.0,0.0,0.0,0.0,0.0,14051.0,0.0,7813.0,0.0
INFY,2021-02-08 21:38:00,2021-02-08,2021-02-04,2021-02-04,Employees/Designated Employees,ESOP,Buy,Equity Shares,3475.0,0.0,0.0,0.0,0.0,,0.0,3475.0,0.0
INFY,2021-02-08 21:38:00,2021-02-08,2021-02-04,2021-02-04,Employees/Designated Employees,ESOP,Buy,Equity Shares,35375.0,0.0,0.0,0.0,0.0,,0.0,35375.0,0.0
INFY,2021-02-08 21:38:00,2021-02-08,2021-02-04,2021-02-04,Employees/Designated Employees,ESOP,Sell,Equity Shares,15353.0,0.0,0.0,0.0,0.0,35375.0,0.0,20022.0,0.0
INFY,2021-02-08 21:38:00,2021-02-08,2021-02-04,2021-02-04,Employees/Designated Employees,ESOP,Buy,Equity Shares,6950.0,0.0,0.0,0.0,0.0,6950.0,0.0,13900.0,0.0
INFY,2021-02-08 21:38:00,2021-02-08,2021-02-04,2021-02-04,Employees/Designated Employees,ESOP,Sell,Equity Shares,2870.0,0.0,0.0,0.0,0.0,13900.0,0.0,11030.0,0.0
INFY,2021-02-08 21:38:00,2021-02-08,2021-02-04,2021-02-04,Employees/Designated Employees,ESOP,Buy,Equity Shares,10288.0,0.0,0.0,0.0,0.0,3475.0,0.0,13763.0,0.0
INFY,2021-02-08 21:38:00,2021-02-08,2021-02-04,2021-02-04,Employees/Designated Employees,ESOP,Sell,Equity Shares,10288.0,0.0,0.0,0.0,0.0,13763.0,0.0,3475.0,0.0
INFY,2021-02-08 21:38:00,2021-02-08,2021-02-04,2021-02-04,Employees/Designated Employees,ESOP,Buy,Equity Shares,4788.0,0.0,0.0,0.0,0.0,15345.0,0.0,20133.0,0.0
INFY,2021-02-08 21:38:00,2021-02-08,2021-02-04,2021-02-04,Employees/Designated Employees,ESOP,Sell,Equity Shares,2539.0,0.0,0.0,0.0,0.0,20133.0,0.0,17594.0,0.0
INFY,2021-02-08 21:38:00,2021-02-08,2021-02-04,2021-02-04,Employees/Designated Employees,ESOP,Buy,Equity Shares,5263.0,0.0,0.0,0.0,0.0,45700.0,0.0,50963.0,0.0
INFY,2021-02-08 21:38:00,2021-02-08,2021-02-04,2021-02-04,Employees/Designated Employees,ESOP,Sell,Equity Shares,5263.0,0.0,0.0,0.0,0.0,50963.0,0.0,45700.0,0.0
INFY,2021-02-08 21:38:00,2021-02-08,2021-02-04,2021-02-04,Employees/Designated Employees,ESOP,Buy,Equity Shares,4138.0,0.0,0.0,0.0,0.0,3651.0,0.0,7789.0,0.0
INFY,2021-02-08 21:38:00,2021-02-08,2021-02-04,2021-02-04,Employees/Designated Employees,ESOP,Buy,Equity Shares,3538.0,0.0,0.0,0.0,0.0,,0.0,3538.0,0.0
INFY,2021-02-08 21:38:00,2021-02-08,2021-02-04,2021-02-04,Employees/Designated Employees,ESOP,Sell,Equity Shares,3538.0,0.0,0.0,0.0,0.0,3538.0,0.0,,0.0
INFY,2021-02-08 21:38:00,2021-02-08,2021-02-04,2021-02-04,Employees/Designated Employees,ESOP,Buy,Equity Shares,3063.0,0.0,0.0,0.0,0.0,3750.0,0.0,6813.0,0.0
INFY,2021-02-08 21:38:00,2021-02-08,2021-02-04,2021-02-04,Employees/Designated Employees,ESOP,Sell,Equity Shares,3475.0,0.0,0.0,0.0,0.0,3475.0,0.0,,0.0
INFY,2021-02-08 21:38:00,2021-02-08,2021-02-04,2021-02-04,Employees/Designated Employees,ESOP,Buy,Equity Shares,15750.0,0.0,0.0,0.0,0.0,15038.0,0.0,30788.0,0.0
INFY,2021-02-08 21:38:00,2021-02-08,2021-02-04,2021-02-04,Employees/Designated Employees,ESOP,Sell,Equity Shares,15750.0,0.0,0.0,0.0,0.0,30788.0,0.0,15038.0,0.0
INFY,2021-02-08 21:38:00,2021-02-08,2021-02-04,2021-02-04,Employees/Designated Employees,ESOP,Buy,Equity Shares,3975.0,0.0,0.0,0.0,0.0,3328.0,0.0,7303.0,0.0
INFY,2021-02-08 21:38:00,2021-02-08,2021-02-04,2021-02-04,Employees/Designated Employees,ESOP,Sell,Equity Shares,2130.0,0.0,0.0,0.0,0.0,7303.0,0.0,5173.0,0.0
INFY,2021-02-08 21:38:00,2021-02-08,2021-02-04,2021-02-04,Employees/Designated Employees,ESOP,Buy,Equity Shares,3513.0,0.0,0.0,0.0,0.0,5474.0,0.0,8987.0,0.0
INFY,2021-02-08 21:38:00,2021-02-08,2021-02-04,2021-02-04,Employees/Designated Employees,ESOP,Sell,Equity Shares,24.0,0.0,0.0,0.0,0.0,8987.0,0.0,8963.0,0.0
INFY,2021-02-08 21:38:00,2021-02-08,2021-02-04,2021-02-04,Employees/Designated Employees,ESOP,Buy,Equity Shares,4825.0,0.0,0.0,0.0,0.0,,0.0,4825.0,0.0
INFY,2021-02-08 21:38:00,2021-02-08,2021-02-04,2021-02-04,Employees/Designated Employees,ESOP,Sell,Equity Shares,4825.0,0.0,0.0,0.0,0.0,4825.0,0.0,,0.0
INFY,2021-02-08 21:38:00,2021-02-08,2021-02-04,2021-02-04,Employees/Designated Employees,ESOP,Buy,Equity Shares,6675.0,0.0,0.0,0.0,0.0,11064.0,0.0,17739.0,0.0
INFY,2021-02-08 21:38:00,2021-02-08,2021-02-04,2021-02-04,Employees/Designated Employees,ESOP,Sell,Equity Shares,3462.0,0.0,0.0,0.0,0.0,17739.0,0.0,14277.0,0.0
INFY,2021-02-08 21:38:00,2021-02-08,2021-02-04,2021-02-04,Employees/Designated Employees,ESOP,Buy,Equity Shares,3613.0,0.0,0.0,0.0,0.0,5528.0,0.0,9141.0,0.0
INFY,2021-02-08 21:38:00,2021-02-08,2021-02-04,2021-02-04,Employees/Designated Employees,ESOP,Sell,Equity Shares,1769.0,0.0,0.0,0.0,0.0,9141.0,0.0,7372.0,0.0
INFY,2021-02-08 21:38:00,2021-02-08,2021-02-04,2021-02-04,Employees/Designated Employees,ESOP,Buy,Equity Shares,5025.0,0.0,0.0,0.0,0.0,23875.0,0.0,28900.0,0.0
INFY,2021-02-08 21:38:00,2021-02-08,2021-02-04,2021-02-04,Employees/Designated Employees,ESOP,Sell,Equity Shares,5025.0,0.0,0.0,0.0,0.0,28900.0,0.0,23875.0,0.0
INFY,2021-02-08 21:38:00,2021-02-08,2021-02-04,2021-02-04,Employees/Designated Employees,ESOP,Buy,Equity Shares,3688.0,0.0,0.0,0.0,0.0,8461.0,0.0,12149.0,0.0
INFY,2021-02-08 21:38:00,2021-02-08,2021-02-04,2021-02-04,Employees/Designated Employees,ESOP,Sell,Equity Shares,1956.0,0.0,0.0,0.0,0.0,12149.0,0.0,10193.0,0.0
INFY,2021-02-08 21:38:00,2021-02-08,2021-02-04,2021-02-04,Employees/Designated Employees,ESOP,Sell,Equity Shares,2148.0,0.0,0.0,0.0,0.0,7789.0,0.0,5641.0,0.0
INFY,2021-02-08 21:38:00,2021-02-08,2021-02-04,2021-02-04,Employees/Designated Employees,ESOP,Buy,Equity Shares,7050.0,0.0,0.0,0.0,0.0,24350.0,0.0,31400.0,0.0
INFY,2021-02-08 21:38:00,2021-02-08,2021-02-04,2021-02-04,Employees/Designated Employees,ESOP,Sell,Equity Shares,7050.0,0.0,0.0,0.0,0.0,31400.0,0.0,24350.0,0.0
INFY,2021-02-08 21:38:00,2021-02-08,2021-02-04,2021-02-04,Employees/Designated Employees,ESOP,Buy,Equity Shares,22650.0,0.0,0.0,0.0,0.0,,0.0,22650.0,0.0
INFY,2021-02-08 21:38:00,2021-02-08,2021-02-04,2021-02-04,Employees/Designated Employees,ESOP,Sell,Equity Shares,22650.0,0.0,0.0,0.0,0.0,22650.0,0.0,,0.0
INFY,2021-02-08 21:38:00,2021-02-08,2021-02-04,2021-02-04,Employees/Designated Employees,ESOP,Buy,Equity Shares,600.0,0.0,0.0,0.0,0.0,945.0,0.0,1545.0,0.0
INFY,2021-02-08 21:38:00,2021-02-08,2021-02-04,2021-02-04,Employees/Designated Employees,ESOP,Sell,Equity Shares,283.0,0.0,0.0,0.0,0.0,1545.0,0.0,1262.0,0.0
INFY,2021-02-08 21:38:00,2021-02-08,2021-02-04,2021-02-04,Employees/Designated Employees,ESOP,Buy,Equity Shares,750.0,0.0,0.0,0.0,0.0,,0.0,750.0,0.0
INFY,2021-02-08 21:38:00,2021-02-08,2021-02-04,2021-02-04,Employees/Designated Employees,ESOP,Sell,Equity Shares,750.0,0.0,0.0,0.0,0.0,750.0,0.0,,0.0
INFY,2021-02-08 21:38:00,2021-02-08,2021-02-04,2021-02-04,Employees/Designated Employees,ESOP,Buy,Equity Shares,718.0,0.0,0.0,0.0,0.0,1530.0,0.0,2248.0,0.0
INFY,2021-02-08 21:38:00,2021-02-08,2021-02-04,2021-02-04,Employees/Designated Employees,ESOP,Sell,Equity Shares,300.0,0.0,0.0,0.0,0.0,2248.0,0.0,1948.0,0.0
INFY,2021-02-08 21:38:00,2021-02-08,2021-02-04,2021-02-04,Employees/Designated Employees,ESOP,Buy,Equity Shares,658.0,0.0,0.0,0.0,0.0,,0.0,658.0,0.0
INFY,2021-02-08 21:38:00,2021-02-08,2021-02-04,2021-02-04,Employees/Designated Employees,ESOP,Sell,Equity Shares,658.0,0.0,0.0,0.0,0.0,658.0,0.0,,0.0
INFY,2021-02-08 21:38:00,2021-02-08,2021-02-04,2021-02-04,Employees/Designated Employees,ESOP,Buy,Equity Shares,600.0,0.0,0.0,0.0,0.0,500.0,0.0,1100.0,0.0
INFY,2021-02-08 21:38:00,2021-02-08,2021-02-04,2021-02-04,Employees/Designated Employees,ESOP,Sell,Equity Shares,600.0,0.0,0.0,0.0,0.0,1100.0,0.0,500.0,0.0
INFY,2021-02-08 21:38:00,2021-02-08,2021-02-04,2021-02-04,Employees/Designated Employees,ESOP,Buy,Equity Shares,3438.0,0.0,0.0,0.0,0.0,2706.0,0.0,6144.0,0.0
INFY,2021-02-08 21:38:00,2021-02-08,2021-02-04,2021-02-04,Employees/Designated Employees,ESOP,Sell,Equity Shares,1785.0,0.0,0.0,0.0,0.0,6144.0,0.0,4359.0,0.0
INFY,2021-02-08 21:38:00,2021-02-08,2021-02-04,2021-02-04,Employees/Designated Employees,ESOP,Buy,Equity Shares,4975.0,0.0,0.0,0.0,0.0,4929.0,0.0,9904.0,0.0
INFY,2021-02-08 21:38:00,2021-02-08,2021-02-04,2021-02-04,Employees/Designated Employees,ESOP,Sell,Equity Shares,33.0,0.0,0.0,0.0,0.0,9904.0,0.0,9871.0,0.0
INFY,2021-02-08 21:38:00,2021-02-08,2021-02-04,2021-02-04,Employees/Designated Employees,ESOP,Buy,Equity Shares,1250.0,0.0,0.0,0.0,0.0,,0.0,1250.0,0.0
INFY,2021-02-08 21:38:00,2021-02-08,2021-02-04,2021-02-04,Employees/Designated Employees,ESOP,Sell,Equity Shares,1250.0,0.0,0.0,0.0,0.0,1250.0,0.0,,0.0
INFY,2021-02-08 21:38:00,2021-02-08,2021-02-04,2021-02-04,Employees/Designated Employees,ESOP,Buy,Equity Shares,1250.0,0.0,0.0,0.0,0.0,,0.0,1250.0,0.0
INFY,2021-02-08 21:38:00,2021-02-08,2021-02-04,2021-02-04,Employees/Designated Employees,ESOP,Sell,Equity Shares,1250.0,0.0,0.0,0.0,0.0,1250.0,0.0,,0.0
INFY,2021-02-08 21:38:00,2021-02-08,2021-02-04,2021-02-04,Employees/Designated Employees,ESOP,Buy,Equity Shares,18338.0,0.0,0.0,0.0,0.0,9669.0,0.0,28007.0,0.0
INFY,2021-02-08 21:38:00,2021-02-08,2021-02-04,2021-02-04,Employees/Designated Employees,ESOP,Sell,Equity Shares,9509.0,0.0,0.0,0.0,0.0,28007.0,0.0,18498.0,0.0
INFY,2021-02-08 21:38:00,2021-02-08,2021-02-04,2021-02-04,Employees/Designated Employees,ESOP,Buy,Equity Shares,33413.0,0.0,0.0,0.0,0.0,4869.0,0.0,38282.0,0.0
INFY,2021-02-08 21:38:00,2021-02-08,2021-02-04,2021-02-04,Employees/Designated Employees,ESOP,Sell,Equity Shares,33413.0,0.0,0.0,0.0,0.0,38282.0,0.0,4869.0,0.0
INFY,2021-02-08 21:38:00,2021-02-08,2021-02-04,2021-02-04,Employees/Designated Employees,ESOP,Sell,Equity Shares,1390.0,0.0,0.0,0.0,0.0,6813.0,0.0,5423.0,0.0
INFY,2021-02-10 18:02:00,2021-02-09,2021-02-08,2021-02-08,Employees/Designated Employees,Market Sale,Sell,Equity Shares,2500.0,0.0,0.0,0.0,0.0,19982.0,0.0,17482.0,0.0
INFY,2021-02-11 17:01:00,2021-02-11,2021-02-10,2021-02-10,Other,Off Market,Sell,Equity Shares,72430.0,0.0,0.0,0.0,0.0,16237939.0,0.38,16165509.0,0.38
INFY,2021-02-11 17:01:00,2021-02-10,2021-02-08,2021-02-08,Employees/Designated Employees,Market Sale,Sell,Equity Shares,5000.0,0.0,0.0,0.0,0.0,225350.0,0.0,220350.0,0.0
INFY,2021-02-12 17:11:00,2021-02-12,2021-02-10,2021-02-10,Employees/Designated Employees,ESOP,Buy,Equity Shares,1250.0,0.0,0.0,0.0,0.0,20750.0,0.0,22000.0,0.0
INFY,2021-02-12 17:11:00,2021-02-12,2021-02-10,2021-02-10,Employees/Designated Employees,ESOP,Buy,Equity Shares,2438.0,0.0,0.0,0.0,0.0,16687.0,0.0,19125.0,0.0
INFY,2021-02-12 17:11:00,2021-02-12,2021-02-10,2021-02-10,Employees/Designated Employees,ESOP,Buy,Equity Shares,1463.0,0.0,0.0,0.0,0.0,15838.0,0.0,17301.0,0.0
INFY,2021-02-12 17:11:00,2021-02-12,2021-02-10,2021-02-10,Employees/Designated Employees,ESOP,Buy,Equity Shares,1488.0,0.0,0.0,0.0,0.0,15827.0,0.0,17315.0,0.0
INFY,2021-02-12 17:11:00,2021-02-12,2021-02-10,2021-02-10,Employees/Designated Employees,ESOP,Buy,Equity Shares,2738.0,0.0,0.0,0.0,0.0,249535.0,0.0,252273.0,0.0
INFY,2021-02-12 17:11:00,2021-02-12,2021-02-10,2021-02-10,Employees/Designated Employees,ESOP,Buy,Equity Shares,1525.0,0.0,0.0,0.0,0.0,91395.0,0.0,92920.0,0.0
INFY,2021-02-12 17:11:00,2021-02-12,2021-02-10,2021-02-10,Employees/Designated Employees,ESOP,Buy,Equity Shares,2200.0,0.0,0.0,0.0,0.0,4776.0,0.0,6976.0,0.0
INFY,2021-02-15 20:07:00,2021-02-11,2021-02-11,2021-02-11,Employees/Designated Employees,ESOP,Buy,Equity Shares,3975.0,0.0,0.0,0.0,0.0,3877.0,0.0,7852.0,0.0
INFY,2021-02-15 20:07:00,2021-02-11,2021-02-11,2021-02-11,Employees/Designated Employees,ESOP,Buy,Equity Shares,3400.0,0.0,0.0,0.0,0.0,15038.0,0.0,18438.0,0.0
INFY,2021-02-15 20:07:00,2021-02-13,2021-02-12,2021-02-12,Employees/Designated Employees,Market Sale,Sell,Equity Shares,1000.0,0.0,0.0,0.0,0.0,10511.0,0.0,9511.0,0.0
INFY,2021-02-15 20:07:00,2021-02-11,2021-02-11,2021-02-11,Employees/Designated Employees,ESOP,Buy,Equity Shares,6225.0,0.0,0.0,0.0,0.0,,0.0,6225.0,0.0
INFY,2021-02-16 19:01:00,2021-02-16,2021-02-15,2021-02-15,Employees/Designated Employees,Off Market,Buy,Equity Shares,250.0,0.0,0.0,0.0,0.0,16165509.0,0.38,16165759.0,0.38
INFY,2021-02-16 19:01:00,2021-02-16,2021-02-15,2021-02-15,Employees/Designated Employees,Market Sale,Sell,Equity Shares,900.0,0.0,0.0,0.0,0.0,3405.0,0.0,2505.0,0.0
INFY,2021-02-19 18:22:00,2021-02-18,2021-02-17,2021-02-17,Employees/Designated Employees,ESOP,Sell,Equity Shares,13600.0,0.0,0.0,0.0,0.0,32725.0,0.0,19125.0,0.0
INFY,2021-02-19 18:22:00,2021-02-17,2021-02-17,2021-02-17,Employees/Designated Employees,ESOP,Buy,Equity Shares,10400.0,0.0,0.0,0.0,0.0,23769.0,0.0,34169.0,0.0
INFY,2021-02-19 18:22:00,2021-02-17,2021-02-17,2021-02-17,Employees/Designated Employees,ESOP,Sell,Equity Shares,10400.0,0.0,0.0,0.0,0.0,34169.0,0.0,23769.0,0.0
INFY,2021-02-19 18:22:00,2021-02-18,2021-02-17,2021-02-17,Employees/Designated Employees,ESOP,Buy,Equity Shares,13600.0,0.0,0.0,0.0,0.0,19125.0,0.0,32725.0,0.0
INFY,2021-02-19 18:22:00,2021-02-18,2021-02-17,2021-02-17,Employees/Designated Employees,Market Sale,Sell,Equity Shares,24000.0,0.0,0.0,0.0,0.0,16165759.0,0.38,16141759.0,0.38
INFY,2021-02-23 17:55:00,2021-02-22,2021-02-03,2021-02-22,Employees/Designated Employees,Market Sale,Sell,Equity Shares,258.0,0.0,0.0,0.0,0.0,258.0,0.0,,0.0
INFY,2021-02-23 17:55:00,2021-02-22,2021-02-22,2021-02-22,Employees/Designated Employees,Off Market,Buy,Equity Shares,12900.0,0.0,0.0,0.0,0.0,32539.0,0.0,45439.0,0.0
INFY,2021-02-23 17:55:00,2021-02-22,2021-02-03,2021-02-22,Employees/Designated Employees,Off Market,Sell,Equity Shares,142.0,0.0,0.0,0.0,0.0,400.0,0.0,258.0,0.0
INFY,2021-02-23 17:55:00,2021-02-22,2021-02-03,2021-02-22,Employees/Designated Employees,Off Market,Buy,Equity Shares,400.0,0.0,0.0,0.0,0.0,,0.0,400.0,0.0
INFY,2021-02-23 17:55:00,2021-02-22,2021-02-20,2021-02-20,Employees/Designated Employees,Off Market,Buy,Equity Shares,1588.0,0.0,0.0,0.0,0.0,30007.0,0.0,31595.0,0.0
INFY,2021-02-23 17:55:00,2021-02-22,2021-02-20,2021-02-20,Employees/Designated Employees,Off Market,Buy,Equity Shares,4600.0,0.0,0.0,0.0,0.0,220350.0,0.0,224950.0,0.0
INFY,2021-02-23 17:55:00,2021-02-22,2021-02-20,2021-02-20,Other,Market Sale,Sell,Equity Shares,12900.0,0.0,0.0,0.0,0.0,16123090.0,0.38,16110190.0,0.38
INFY,2021-02-23 17:55:00,2021-02-22,2021-02-19,2021-02-19,Other,Off Market,Buy,Equity Shares,50.0,0.0,0.0,0.0,0.0,16141759.0,0.38,16141809.0,0.38
INFY,2021-02-23 17:55:00,2021-02-22,2021-02-20,2021-02-20,Other,Off Market,Sell,Equity Shares,18719.0,0.0,0.0,0.0,0.0,16141809.0,0.38,16123090.0,0.38
INFY,2021-02-23 17:55:00,2021-02-22,2021-02-22,2021-02-22,Employees/Designated Employees,Off Market,Sell,Equity Shares,12900.0,0.0,0.0,0.0,0.0,45439.0,0.0,32539.0,0.0
INFY,2021-02-26 20:06:00,2021-02-25,2021-02-24,2021-02-24,Employees/Designated Employees,ESOP,Buy,Equity Shares,1000.0,0.0,0.0,0.0,0.0,5160.0,0.0,6160.0,0.0
INFY,2021-02-26 20:06:00,2021-02-25,2021-02-24,2021-02-24,Employees/Designated Employees,ESOP,Buy,Equity Shares,1013.0,0.0,0.0,0.0,0.0,6632.0,0.0,7645.0,0.0
INFY,2021-02-26 20:06:00,2021-02-25,2021-02-24,2021-02-24,Employees/Designated Employees,ESOP,Buy,Equity Shares,1425.0,0.0,0.0,0.0,0.0,7565.0,0.0,8990.0,0.0
INFY,2021-02-26 20:06:00,2021-02-25,2021-02-24,2021-02-24,Employees/Designated Employees,ESOP,Buy,Equity Shares,375.0,0.0,0.0,0.0,0.0,2505.0,0.0,2880.0,0.0
INFY,2021-02-26 20:06:00,2021-02-25,2021-02-24,2021-02-24,Other,Off Market,Sell,Equity Shares,16215.0,0.0,0.0,0.0,0.0,16110190.0,0.38,16093975.0,0.38
INFY,2021-02-26 20:06:00,2021-02-25,2021-02-24,2021-02-24,Employees/Designated Employees,ESOP,Buy,Equity Shares,4250.0,0.0,0.0,0.0,0.0,36210.0,0.0,40460.0,0.0
INFY,2021-03-02 22:07:00,2021-03-02,2021-03-02,2021-03-02,Employees/Designated Employees,Market Sale,Sell,Equity Shares,1500.0,0.0,0.0,0.0,0.0,5641.0,0.0,4141.0,0.0
INFY,2021-03-02 22:07:00,2021-02-26,2021-02-26,2021-02-26,Employees/Designated Employees,Market Sale,Sell,Equity Shares,500.0,0.0,0.0,0.0,0.0,40460.0,0.0,39960.0,0.0
INFY,2021-03-05 20:52:00,2021-03-05,2021-03-03,2021-03-03,Employees/Designated Employees,ESOP,Sell,Equity Shares,525.0,0.0,0.0,0.0,0.0,1803.0,0.0,1278.0,0.0
INFY,2021-03-05 20:52:00,2021-03-05,2021-02-03,2021-02-03,Employees/Designated Employees,ESOP,Buy,Equity Shares,250.0,0.0,0.0,0.0,0.0,1485.0,0.0,1735.0,0.0
INFY,2021-03-05 20:52:00,2021-03-05,2021-02-03,2021-02-03,Employees/Designated Employees,ESOP,Sell,Equity Shares,80.0,0.0,0.0,0.0,0.0,1735.0,0.0,1655.0,0.0
INFY,2021-03-05 20:52:00,2021-03-05,2021-03-03,2021-03-03,Employees/Designated Employees,ESOP,Buy,Equity Shares,592.0,0.0,0.0,0.0,0.0,1655.0,0.0,2247.0,0.0
INFY,2021-03-05 20:52:00,2021-03-05,2021-03-03,2021-03-03,Employees/Designated Employees,ESOP,Sell,Equity Shares,369.0,0.0,0.0,0.0,0.0,2247.0,0.0,1878.0,0.0
INFY,2021-03-05 20:52:00,2021-03-03,2021-03-03,2021-03-03,Employees/Designated Employees,ESOP,Buy,Equity Shares,3586.0,0.0,0.0,0.0,0.0,23769.0,0.0,27355.0,0.0
INFY,2021-03-05 20:52:00,2021-03-03,2021-03-03,2021-03-03,Employees/Designated Employees,ESOP,Sell,Equity Shares,3586.0,0.0,0.0,0.0,0.0,27355.0,0.0,23769.0,0.0
INFY,2021-03-05 20:52:00,2021-03-04,2021-03-03,2021-03-03,Employees/Designated Employees,ESOP,Buy,Equity Shares,14262.0,0.0,0.0,0.0,0.0,110.0,0.0,14372.0,0.0
INFY,2021-03-05 20:52:00,2021-03-04,2021-03-03,2021-03-03,Employees/Designated Employees,ESOP,Sell,Equity Shares,14262.0,0.0,0.0,0.0,0.0,14372.0,0.0,110.0,0.0
INFY,2021-03-05 20:52:00,2021-03-05,2021-03-03,2021-03-03,Employees/Designated Employees,ESOP,Buy,Equity Shares,3287.0,0.0,0.0,0.0,0.0,9717.0,0.0,13004.0,0.0
INFY,2021-03-05 20:52:00,2021-03-05,2021-03-03,2021-03-03,Employees/Designated Employees,ESOP,Sell,Equity Shares,3287.0,0.0,0.0,0.0,0.0,13004.0,0.0,9717.0,0.0
INFY,2021-03-05 20:52:00,2021-03-05,2021-03-03,2021-03-03,Employees/Designated Employees,ESOP,Buy,Equity Shares,3049.0,0.0,0.0,0.0,0.0,27669.0,0.0,30718.0,0.0
INFY,2021-03-05 20:52:00,2021-03-05,2021-03-03,2021-03-03,Employees/Designated Employees,ESOP,Sell,Equity Shares,3049.0,0.0,0.0,0.0,0.0,30718.0,0.0,27669.0,0.0
INFY,2021-03-05 20:52:00,2021-03-05,2021-03-03,2021-03-03,Employees/Designated Employees,ESOP,Buy,Equity Shares,4374.0,0.0,0.0,0.0,0.0,19972.0,0.0,24346.0,0.0
INFY,2021-03-05 20:52:00,2021-03-05,2021-03-03,2021-03-03,Employees/Designated Employees,ESOP,Sell,Equity Shares,1641.0,0.0,0.0,0.0,0.0,24346.0,0.0,22705.0,0.0
INFY,2021-03-05 20:52:00,2021-03-03,2021-03-03,2021-03-03,Employees/Designated Employees,ESOP,Buy,Equity Shares,4212.0,0.0,0.0,0.0,0.0,403876.0,0.0,408088.0,0.0
INFY,2021-03-05 20:52:00,2021-03-03,2021-03-03,2021-03-03,Employees/Designated Employees,ESOP,Sell,Equity Shares,4212.0,0.0,0.0,0.0,0.0,408088.0,0.0,403876.0,0.0
INFY,2021-03-05 20:52:00,2021-03-05,2021-02-17,2021-02-17,Employees/Designated Employees,Market Purchase,Buy,Equity Shares,89.0,0.0,0.0,0.0,0.0,403876.0,0.0,403965.0,0.0
INFY,2021-03-05 20:52:00,2021-03-05,2021-03-01,2021-03-01,Employees/Designated Employees,Market Purchase,Buy,Equity Shares,11.0,0.0,0.0,0.0,0.0,403965.0,0.0,403976.0,0.0
INFY,2021-03-05 20:52:00,2021-03-03,2021-03-03,2021-03-03,Employees/Designated Employees,ESOP,Buy,Equity Shares,3486.0,0.0,0.0,0.0,0.0,9735.0,0.0,13221.0,0.0
INFY,2021-03-05 20:52:00,2021-03-03,2021-03-03,2021-03-03,Employees/Designated Employees,ESOP,Sell,Equity Shares,1308.0,0.0,0.0,0.0,0.0,13221.0,0.0,11913.0,0.0
INFY,2021-03-05 20:52:00,2021-03-05,2021-03-03,2021-03-03,Employees/Designated Employees,ESOP,Buy,Equity Shares,6400.0,0.0,0.0,0.0,0.0,43239.0,0.0,49639.0,0.0
INFY,2021-03-05 20:52:00,2021-03-05,2021-03-03,2021-03-03,Employees/Designated Employees,ESOP,Sell,Equity Shares,2631.0,0.0,0.0,0.0,0.0,49639.0,0.0,47008.0,0.0
INFY,2021-03-05 20:52:00,2021-03-05,2021-03-03,2021-03-03,Employees/Designated Employees,ESOP,Buy,Equity Shares,375.0,0.0,0.0,0.0,0.0,36194.0,0.0,36569.0,0.0
INFY,2021-03-05 20:52:00,2021-03-05,2021-03-03,2021-03-03,Employees/Designated Employees,ESOP,Sell,Equity Shares,375.0,0.0,0.0,0.0,0.0,36569.0,0.0,36194.0,0.0
INFY,2021-03-05 20:52:00,2021-03-03,2021-03-02,2021-03-02,Employees/Designated Employees,Market Sale,Sell,Equity Shares,200.0,0.0,0.0,0.0,0.0,39960.0,0.0,39760.0,0.0
INFY,2021-03-05 20:52:00,2021-03-03,2021-03-02,2021-03-02,Employees/Designated Employees,Market Sale,Sell,Equity Shares,300.0,0.0,0.0,0.0,0.0,39760.0,0.0,39460.0,0.0
INFY,2021-03-05 20:52:00,2021-03-04,2021-03-03,2021-03-03,Employees/Designated Employees,Market Sale,Sell,Equity Shares,200.0,0.0,0.0,0.0,0.0,39460.0,0.0,39260.0,0.0
INFY,2021-03-05 20:52:00,2021-03-04,2021-03-03,2021-03-03,Employees/Designated Employees,Market Sale,Sell,Equity Shares,300.0,0.0,0.0,0.0,0.0,39260.0,0.0,38960.0,0.0
INFY,2021-03-05 20:52:00,2021-03-03,2021-03-03,2021-03-03,Other,Market Sale,Sell,Equity Shares,113446.0,0.0,0.0,0.0,0.0,16093975.0,0.38,15980529.0,0.38
INFY,2021-03-05 20:52:00,2021-03-05,2021-03-03,2021-03-03,Employees/Designated Employees,ESOP,Buy,Equity Shares,32765.0,0.0,0.0,0.0,0.0,441224.0,0.0,473989.0,0.0
INFY,2021-03-05 20:52:00,2021-03-05,2021-03-03,2021-03-03,Employees/Designated Employees,ESOP,Sell,Equity Shares,13448.0,0.0,0.0,0.0,0.0,473989.0,0.0,460541.0,0.0
INFY,2021-03-05 20:52:00,2021-03-04,2021-03-03,2021-03-03,Employees/Designated Employees,ESOP,Buy,Equity Shares,14662.0,0.0,0.0,0.0,0.0,1151080.0,0.0,1165742.0,0.0
INFY,2021-03-05 20:52:00,2021-03-04,2021-03-03,2021-03-03,Employees/Designated Employees,ESOP,Sell,Equity Shares,6027.0,0.0,0.0,0.0,0.0,1165742.0,0.0,1159715.0,0.0
INFY,2021-03-05 20:52:00,2021-03-04,2021-03-03,2021-03-03,Employees/Designated Employees,ESOP,Buy,Equity Shares,5624.0,0.0,0.0,0.0,0.0,8723.0,0.0,14347.0,0.0
INFY,2021-03-05 20:52:00,2021-03-04,2021-03-03,2021-03-03,Employees/Designated Employees,ESOP,Sell,Equity Shares,5624.0,0.0,0.0,0.0,0.0,14347.0,0.0,8723.0,0.0
INFY,2021-03-05 20:52:00,2021-03-03,2021-03-03,2021-03-03,Employees/Designated Employees,ESOP,Buy,Equity Shares,1000.0,0.0,0.0,0.0,0.0,6160.0,0.0,7160.0,0.0
INFY,2021-03-05 20:52:00,2021-03-03,2021-03-03,2021-03-03,Employees/Designated Employees,ESOP,Sell,Equity Shares,1000.0,0.0,0.0,0.0,0.0,7160.0,0.0,6160.0,0.0
INFY,2021-03-05 20:52:00,2021-03-03,2021-03-03,2021-03-03,Employees/Designated Employees,ESOP,Buy,Equity Shares,9437.0,0.0,0.0,0.0,0.0,84176.0,0.0,93613.0,0.0
INFY,2021-03-05 20:52:00,2021-03-03,2021-03-03,2021-03-03,Employees/Designated Employees,ESOP,Sell,Equity Shares,9437.0,0.0,0.0,0.0,0.0,93613.0,0.0,84176.0,0.0
INFY,2021-03-05 20:52:00,2021-03-03,2021-03-03,2021-03-05,Employees/Designated Employees,ESOP,Buy,Equity Shares,7087.0,0.0,0.0,0.0,0.0,32539.0,0.0,39626.0,0.0
INFY,2021-03-05 20:52:00,2021-03-03,2021-03-03,2021-03-04,Employees/Designated Employees,ESOP,Buy,Equity Shares,3512.0,0.0,0.0,0.0,0.0,20494.0,0.0,24006.0,0.0
INFY,2021-03-05 20:52:00,2021-03-03,2021-03-03,2021-03-04,Employees/Designated Employees,ESOP,Sell,Equity Shares,3512.0,0.0,0.0,0.0,0.0,24006.0,0.0,20494.0,0.0
INFY,2021-03-05 20:52:00,2021-03-05,2021-02-03,2021-02-03,Employees/Designated Employees,ESOP,Buy,Equity Shares,250.0,0.0,0.0,0.0,0.0,1278.0,0.0,1528.0,0.0
INFY,2021-03-05 20:52:00,2021-03-05,2021-02-03,2021-02-03,Employees/Designated Employees,ESOP,Buy,Equity Shares,250.0,0.0,0.0,0.0,0.0,1528.0,0.0,1278.0,0.0
INFY,2021-03-05 20:52:00,2021-03-05,2021-03-03,2021-03-03,Employees/Designated Employees,ESOP,Buy,Equity Shares,525.0,0.0,0.0,0.0,0.0,1278.0,0.0,1803.0,0.0
INFY,2021-03-05 20:52:00,2021-03-03,2021-03-03,2021-03-05,Employees/Designated Employees,ESOP,Sell,Equity Shares,2657.0,0.0,0.0,0.0,0.0,39626.0,0.0,36969.0,0.0
INFY,2021-03-08 20:06:00,2021-03-05,2021-03-01,2021-03-01,Employees/Designated Employees,Market Purchase,Buy,Equity Shares,18.0,0.0,0.0,0.0,0.0,403965.0,0.0,403983.0,0.0
INFY,2021-03-09 20:01:00,2021-03-08,2021-03-05,2021-03-05,Employees/Designated Employees,ESOP,Buy,Equity Shares,13249.0,0.0,0.0,0.0,0.0,21282.0,0.0,34531.0,0.0
INFY,2021-03-09 20:01:00,2021-03-08,2021-03-05,2021-03-05,Employees/Designated Employees,ESOP,Buy,Equity Shares,3750.0,0.0,0.0,0.0,0.0,113316.0,0.0,117066.0,0.0
INFY,2021-03-09 20:01:00,2021-03-08,2021-03-05,2021-03-05,Other,Off Market,Sell,Equity Shares,205219.0,0.0,0.0,0.0,0.0,15980529.0,0.38,15775310.0,0.38
INFY,2021-03-09 20:01:00,2021-03-08,2021-03-05,2021-03-05,Employees/Designated Employees,ESOP,Buy,Equity Shares,375.0,0.0,0.0,0.0,0.0,19120.0,0.0,19495.0,0.0
INFY,2021-03-09 20:01:00,2021-03-08,2021-02-03,2021-02-03,Employees/Designated Employees,ESOP,Buy,Equity Shares,500.0,0.0,0.0,0.0,0.0,3432.0,0.0,3932.0,0.0
INFY,2021-03-09 20:01:00,2021-03-08,2021-03-05,2021-03-05,Employees/Designated Employees,ESOP,Buy,Equity Shares,2125.0,0.0,0.0,0.0,0.0,68099.0,0.0,70224.0,0.0
INFY,2021-03-09 20:01:00,2021-03-08,2021-03-05,2021-03-05,Employees/Designated Employees,ESOP,Buy,Equity Shares,1938.0,0.0,0.0,0.0,0.0,4563.0,0.0,6501.0,0.0
INFY,2021-03-09 20:01:00,2021-03-08,2021-03-05,2021-03-05,Employees/Designated Employees,ESOP,Buy,Equity Shares,1938.0,0.0,0.0,0.0,0.0,9717.0,0.0,11655.0,0.0
INFY,2021-03-09 20:01:00,2021-03-05,2021-03-04,2021-03-04,Employees/Designated Employees,Market Sale,Sell,Equity Shares,1000.0,0.0,0.0,0.0,0.0,9511.0,0.0,8511.0,0.0
INFY,2021-03-09 20:01:00,2021-03-08,2021-03-05,2021-03-05,Employees/Designated Employees,ESOP,Buy,Equity Shares,2325.0,0.0,0.0,0.0,0.0,8511.0,0.0,10836.0,0.0
INFY,2021-03-09 20:01:00,2021-03-08,2021-03-05,2021-03-05,Employees/Designated Employees,ESOP,Buy,Equity Shares,1850.0,0.0,0.0,0.0,0.0,23769.0,0.0,25619.0,0.0
INFY,2021-03-09 20:01:00,2021-03-08,2021-03-05,2021-03-05,Employees/Designated Employees,ESOP,Buy,Equity Shares,824.0,0.0,0.0,0.0,0.0,16226.0,0.0,17050.0,0.0
INFY,2021-03-09 20:01:00,2021-03-08,2021-03-05,2021-03-05,Employees/Designated Employees,ESOP,Buy,Equity Shares,3561.0,0.0,0.0,0.0,0.0,92920.0,0.0,96481.0,0.0
INFY,2021-03-09 20:01:00,2021-03-08,2021-03-05,2021-03-05,Employees/Designated Employees,ESOP,Buy,Equity Shares,2999.0,0.0,0.0,0.0,0.0,22000.0,0.0,24999.0,0.0
INFY,2021-03-09 20:01:00,2021-03-08,2021-02-03,2021-02-03,Employees/Designated Employees,ESOP,Buy,Equity Shares,500.0,0.0,0.0,0.0,0.0,18620.0,0.0,19120.0,0.0
INFY,2021-03-09 20:01:00,2021-03-08,2021-03-04,2021-03-04,Employees/Designated Employees,Market Sale,Sell,Equity Shares,10000.0,0.0,0.0,0.0,0.0,224950.0,0.0,214950.0,0.0
INFY,2021-03-09 20:01:00,2021-03-08,2021-03-05,2021-03-05,Employees/Designated Employees,ESOP,Buy,Equity Shares,950.0,0.0,0.0,0.0,0.0,3932.0,0.0,4882.0,0.0
INFY,2021-03-09 20:01:00,2021-03-08,2021-02-03,2021-02-03,Employees/Designated Employees,ESOP,Buy,Equity Shares,375.0,0.0,0.0,0.0,0.0,4875.0,0.0,5250.0,0.0
INFY,2021-03-09 20:01:00,2021-03-08,2021-03-05,2021-03-05,Employees/Designated Employees,ESOP,Buy,Equity Shares,1125.0,0.0,0.0,0.0,0.0,5250.0,0.0,6375.0,0.0
INFY,2021-03-09 20:01:00,2021-03-08,2021-02-03,2021-02-03,Employees/Designated Employees,ESOP,Buy,Equity Shares,375.0,0.0,0.0,0.0,0.0,2975.0,0.0,3350.0,0.0
INFY,2021-03-09 20:01:00,2021-03-08,2021-03-05,2021-03-05,Employees/Designated Employees,ESOP,Buy,Equity Shares,734.0,0.0,0.0,0.0,0.0,3350.0,0.0,4084.0,0.0
INFY,2021-03-09 20:01:00,2021-03-08,2021-03-05,2021-03-05,Employees/Designated Employees,ESOP,Buy,Equity Shares,500.0,0.0,0.0,0.0,0.0,2880.0,0.0,3380.0,0.0
INFY,2021-03-09 20:01:00,2021-03-08,2021-02-03,2021-02-03,Employees/Designated Employees,ESOP,Buy,Equity Shares,375.0,0.0,0.0,0.0,0.0,2825.0,0.0,3200.0,0.0
INFY,2021-03-09 20:01:00,2021-03-08,2021-03-05,2021-03-05,Employees/Designated Employees,ESOP,Buy,Equity Shares,624.0,0.0,0.0,0.0,0.0,3200.0,0.0,3824.0,0.0
INFY,2021-03-09 20:01:00,2021-03-08,2021-02-03,2021-02-03,Employees/Designated Employees,ESOP,Buy,Equity Shares,375.0,0.0,0.0,0.0,0.0,2725.0,0.0,3100.0,0.0
INFY,2021-03-09 20:01:00,2021-03-08,2021-03-05,2021-03-05,Employees/Designated Employees,ESOP,Buy,Equity Shares,624.0,0.0,0.0,0.0,0.0,3100.0,0.0,3724.0,0.0
INFY,2021-03-09 20:01:00,2021-03-08,2021-02-03,2021-02-03,Employees/Designated Employees,ESOP,Buy,Equity Shares,500.0,0.0,0.0,0.0,0.0,6172.0,0.0,6672.0,0.0
INFY,2021-03-09 20:01:00,2021-03-08,2021-03-05,2021-03-05,Employees/Designated Employees,ESOP,Buy,Equity Shares,500.0,0.0,0.0,0.0,0.0,6672.0,0.0,7172.0,0.0
INFY,2021-03-09 20:01:00,2021-03-08,2021-03-05,2021-03-05,Employees/Designated Employees,ESOP,Buy,Equity Shares,1000.0,0.0,0.0,0.0,0.0,2516.0,0.0,3516.0,0.0
INFY,2021-03-09 20:01:00,2021-03-08,2021-03-05,2021-03-05,Employees/Designated Employees,Market Sale,Sell,Equity Shares,11684.0,0.0,0.0,0.0,0.0,214950.0,0.0,203266.0,0.0
INFY,2021-03-10 20:35:00,2021-03-10,2021-03-08,2021-03-08,Employees/Designated Employees,Market Purchase,Buy,Equity Shares,16103.0,0.0,0.0,0.0,0.0,161060.0,0.0,177163.0,0.0
INFY,2021-03-10 20:35:00,2021-03-09,2021-03-09,2021-03-09,Promoters,Gift,Sell,Equity Shares,777600.0,0.0,0.0,0.0,0.0,12665162.0,0.3,11887562.0,0.28
INFY,2021-03-10 20:35:00,2021-03-09,2021-03-09,2021-03-09,Promoter Group,Gift,Buy,Equity Shares,777600.0,0.0,0.0,0.0,0.0,,0.0,777600.0,0.02
INFY,2021-03-10 20:35:00,2021-03-09,2021-03-08,2021-03-08,Employees/Designated Employees,Market Sale,Sell,Equity Shares,16103.0,0.0,0.0,0.0,0.0,203266.0,0.0,187163.0,0.0
INFY,2021-03-10 20:35:00,2021-03-09,2021-03-08,2021-03-08,Employees/Designated Employees,Market Sale,Sell,Equity Shares,10000.0,0.0,0.0,0.0,0.0,187163.0,0.0,177163.0,0.0
INFY,2021-03-10 20:35:00,2021-03-09,2021-03-08,2021-03-08,Employees/Designated Employees,Market Sale,Sell,Equity Shares,6103.0,0.0,0.0,0.0,0.0,177163.0,0.0,171060.0,0.0
INFY,2021-03-10 20:35:00,2021-03-10,2021-03-10,2021-03-10,Employees/Designated Employees,Market Sale,Sell,Equity Shares,10000.0,0.0,0.0,0.0,0.0,171060.0,0.0,161060.0,0.0
INFY,2021-03-11 21:09:00,2021-03-10,2021-03-10,2021-03-10,Employees/Designated Employees,ESOP,Sell,Equity Shares,4169.0,0.0,0.0,0.0,0.0,17360.0,0.0,13191.0,0.0
INFY,2021-03-11 21:09:00,2021-03-10,2021-03-10,2021-03-10,Employees/Designated Employees,ESOP,Buy,Equity Shares,11775.0,0.0,0.0,0.0,0.0,4141.0,0.0,15916.0,0.0
INFY,2021-03-11 21:09:00,2021-03-10,2021-03-10,2021-03-10,Employees/Designated Employees,ESOP,Sell,Equity Shares,5496.0,0.0,0.0,0.0,0.0,15916.0,0.0,10420.0,0.0
INFY,2021-03-11 21:09:00,2021-03-10,2021-03-10,2021-03-10,Employees/Designated Employees,ESOP,Buy,Equity Shares,337.0,0.0,0.0,0.0,0.0,1262.0,0.0,1599.0,0.0
INFY,2021-03-11 21:09:00,2021-03-10,2021-03-10,2021-03-10,Employees/Designated Employees,ESOP,Sell,Equity Shares,117.0,0.0,0.0,0.0,0.0,1599.0,0.0,1482.0,0.0
INFY,2021-03-11 21:09:00,2021-03-10,2021-03-10,2021-03-10,Employees/Designated Employees,ESOP,Buy,Equity Shares,1450.0,0.0,0.0,0.0,0.0,1948.0,0.0,3398.0,0.0
INFY,2021-03-11 21:09:00,2021-03-10,2021-03-10,2021-03-10,Employees/Designated Employees,ESOP,Sell,Equity Shares,135.0,0.0,0.0,0.0,0.0,3398.0,0.0,3263.0,0.0
INFY,2021-03-11 21:09:00,2021-03-10,2021-02-10,2021-02-10,Employees/Designated Employees,ESOP,Buy,Equity Shares,375.0,0.0,0.0,0.0,0.0,1392.0,0.0,1767.0,0.0
INFY,2021-03-11 21:09:00,2021-03-10,2021-02-10,2021-02-10,Employees/Designated Employees,ESOP,Sell,Equity Shares,202.0,0.0,0.0,0.0,0.0,1767.0,0.0,1565.0,0.0
INFY,2021-03-11 21:09:00,2021-03-10,2021-03-10,2021-03-10,Employees/Designated Employees,ESOP,Buy,Equity Shares,1837.0,0.0,0.0,0.0,0.0,1565.0,0.0,3402.0,0.0
INFY,2021-03-11 21:09:00,2021-03-10,2021-03-10,2021-03-10,Employees/Designated Employees,ESOP,Sell,Equity Shares,715.0,0.0,0.0,0.0,0.0,3402.0,0.0,2687.0,0.0
INFY,2021-03-11 21:09:00,2021-03-10,2021-03-10,2021-03-10,Employees/Designated Employees,ESOP,Buy,Equity Shares,6012.0,0.0,0.0,0.0,0.0,8963.0,0.0,14975.0,0.0
INFY,2021-03-11 21:09:00,2021-03-10,2021-03-10,2021-03-10,Employees/Designated Employees,ESOP,Sell,Equity Shares,34.0,0.0,0.0,0.0,0.0,14975.0,0.0,14941.0,0.0
INFY,2021-03-11 21:09:00,2021-03-10,2021-03-10,2021-03-10,Employees/Designated Employees,ESOP,Buy,Equity Shares,1375.0,0.0,0.0,0.0,0.0,,0.0,1375.0,0.0
INFY,2021-03-11 21:09:00,2021-03-10,2021-03-10,2021-03-10,Employees/Designated Employees,ESOP,Buy,Equity Shares,28450.0,0.0,0.0,0.0,0.0,32164.0,0.0,60614.0,0.0
INFY,2021-03-11 21:09:00,2021-03-10,2021-03-10,2021-03-10,Employees/Designated Employees,ESOP,Sell,Equity Shares,5316.0,0.0,0.0,0.0,0.0,60614.0,0.0,55298.0,0.0
INFY,2021-03-11 21:09:00,2021-03-10,2021-02-10,2021-02-10,Employees/Designated Employees,ESOP,Buy,Equity Shares,353.0,0.0,0.0,0.0,0.0,,0.0,353.0,0.0
INFY,2021-03-11 21:09:00,2021-03-10,2021-02-10,2021-02-10,Employees/Designated Employees,ESOP,Sell,Equity Shares,353.0,0.0,0.0,0.0,0.0,353.0,0.0,,0.0
INFY,2021-03-11 21:09:00,2021-03-10,2021-03-10,2021-03-10,Employees/Designated Employees,ESOP,Buy,Equity Shares,750.0,0.0,0.0,0.0,0.0,,0.0,750.0,0.0
INFY,2021-03-11 21:09:00,2021-03-10,2021-03-10,2021-03-10,Employees/Designated Employees,ESOP,Sell,Equity Shares,750.0,0.0,0.0,0.0,0.0,750.0,0.0,,0.0
INFY,2021-03-11 21:09:00,2021-03-10,2021-03-10,2021-03-10,Employees/Designated Employees,ESOP,Buy,Equity Shares,450.0,0.0,0.0,0.0,0.0,500.0,0.0,950.0,0.0
INFY,2021-03-11 21:09:00,2021-03-10,2021-03-10,2021-03-10,Employees/Designated Employees,ESOP,Sell,Equity Shares,450.0,0.0,0.0,0.0,0.0,950.0,0.0,500.0,0.0
INFY,2021-03-11 21:09:00,2021-03-10,2021-03-10,2021-03-10,Employees/Designated Employees,ESOP,Buy,Equity Shares,13387.0,0.0,0.0,0.0,0.0,,0.0,13387.0,0.0
INFY,2021-03-11 21:09:00,2021-03-10,2021-03-10,2021-03-10,Employees/Designated Employees,ESOP,Buy,Equity Shares,6562.0,0.0,0.0,0.0,0.0,,0.0,6562.0,0.0
INFY,2021-03-11 21:09:00,2021-03-10,2021-03-10,2021-03-10,Employees/Designated Employees,ESOP,Sell,Equity Shares,6562.0,0.0,0.0,0.0,0.0,6562.0,0.0,,0.0
INFY,2021-03-11 21:09:00,2021-03-10,2021-03-10,2021-03-10,Employees/Designated Employees,ESOP,Buy,Equity Shares,1250.0,0.0,0.0,0.0,0.0,,0.0,1250.0,0.0
INFY,2021-03-11 21:09:00,2021-03-10,2021-03-10,2021-03-10,Employees/Designated Employees,ESOP,Sell,Equity Shares,1250.0,0.0,0.0,0.0,0.0,1250.0,0.0,,0.0
INFY,2021-03-11 21:09:00,2021-03-10,2021-03-10,2021-03-10,Employees/Designated Employees,ESOP,Buy,Equity Shares,11599.0,0.0,0.0,0.0,0.0,23875.0,0.0,35474.0,0.0
INFY,2021-03-11 21:09:00,2021-03-10,2021-03-10,2021-03-10,Employees/Designated Employees,ESOP,Sell,Equity Shares,11599.0,0.0,0.0,0.0,0.0,35474.0,0.0,23875.0,0.0
INFY,2021-03-11 21:09:00,2021-03-10,2021-03-10,2021-03-10,Employees/Designated Employees,ESOP,Buy,Equity Shares,1750.0,0.0,0.0,0.0,0.0,,0.0,1750.0,0.0
INFY,2021-03-11 21:09:00,2021-03-10,2021-03-10,2021-03-10,Employees/Designated Employees,ESOP,Sell,Equity Shares,1750.0,0.0,0.0,0.0,0.0,1750.0,0.0,,0.0
INFY,2021-03-11 21:09:00,2021-03-10,2021-03-10,2021-03-10,Employees/Designated Employees,ESOP,Buy,Equity Shares,16725.0,0.0,0.0,0.0,0.0,14277.0,0.0,31002.0,0.0
INFY,2021-03-11 21:09:00,2021-03-10,2021-03-10,2021-03-10,Employees/Designated Employees,ESOP,Sell,Equity Shares,7807.0,0.0,0.0,0.0,0.0,31002.0,0.0,23195.0,0.0
INFY,2021-03-11 21:09:00,2021-03-10,2021-03-10,2021-03-10,Employees/Designated Employees,ESOP,Buy,Equity Shares,7175.0,0.0,0.0,0.0,0.0,,0.0,7175.0,0.0
INFY,2021-03-11 21:09:00,2021-03-10,2021-03-10,2021-03-10,Employees/Designated Employees,ESOP,Sell,Equity Shares,3347.0,0.0,0.0,0.0,0.0,7175.0,0.0,3828.0,0.0
INFY,2021-03-11 21:09:00,2021-03-10,2021-03-10,2021-03-10,Employees/Designated Employees,ESOP,Buy,Equity Shares,10087.0,0.0,0.0,0.0,0.0,18498.0,0.0,28585.0,0.0
INFY,2021-03-11 21:09:00,2021-03-10,2021-03-10,2021-03-10,Employees/Designated Employees,ESOP,Sell,Equity Shares,5127.0,0.0,0.0,0.0,0.0,28585.0,0.0,23458.0,0.0
INFY,2021-03-11 21:09:00,2021-03-10,2021-03-10,2021-03-10,Employees/Designated Employees,ESOP,Buy,Equity Shares,6837.0,0.0,0.0,0.0,0.0,4359.0,0.0,11196.0,0.0
INFY,2021-03-11 21:09:00,2021-03-10,2021-03-10,2021-03-10,Employees/Designated Employees,ESOP,Sell,Equity Shares,3190.0,0.0,0.0,0.0,0.0,11196.0,0.0,8006.0,0.0
INFY,2021-03-11 21:09:00,2021-03-10,2021-03-10,2021-03-10,Employees/Designated Employees,ESOP,Buy,Equity Shares,3487.0,0.0,0.0,0.0,0.0,9871.0,0.0,13358.0,0.0
INFY,2021-03-11 21:09:00,2021-03-10,2021-03-10,2021-03-10,Employees/Designated Employees,ESOP,Sell,Equity Shares,20.0,0.0,0.0,0.0,0.0,13358.0,0.0,13338.0,0.0
INFY,2021-03-11 21:09:00,2021-03-10,2021-03-10,2021-03-10,Employees/Designated Employees,ESOP,Buy,Equity Shares,12924.0,0.0,0.0,0.0,0.0,17594.0,0.0,30518.0,0.0
INFY,2021-03-11 21:09:00,2021-03-10,2021-03-10,2021-03-10,Employees/Designated Employees,ESOP,Sell,Equity Shares,5203.0,0.0,0.0,0.0,0.0,30518.0,0.0,25315.0,0.0
INFY,2021-03-11 21:09:00,2021-03-10,2021-03-10,2021-03-10,Employees/Designated Employees,ESOP,Buy,Equity Shares,12187.0,0.0,0.0,0.0,0.0,5173.0,0.0,17360.0,0.0
INFY,2021-03-11 21:09:00,2021-03-10,2021-03-10,2021-03-10,Employees/Designated Employees,ESOP,Sell,Equity Shares,487.0,0.0,0.0,0.0,0.0,1375.0,0.0,888.0,0.0
INFY,2021-03-11 21:09:00,2021-03-10,2021-03-10,2021-03-10,Employees/Designated Employees,ESOP,Buy,Equity Shares,563.0,0.0,0.0,0.0,0.0,888.0,0.0,1451.0,0.0
INFY,2021-03-11 21:09:00,2021-03-10,2021-03-10,2021-03-10,Employees/Designated Employees,ESOP,Buy,Equity Shares,6164.0,0.0,0.0,0.0,0.0,5423.0,0.0,11587.0,0.0
INFY,2021-03-11 21:09:00,2021-03-10,2021-03-10,2021-03-10,Employees/Designated Employees,ESOP,Sell,Equity Shares,2535.0,0.0,0.0,0.0,0.0,11587.0,0.0,9052.0,0.0
INFY,2021-03-11 21:09:00,2021-03-10,2021-03-10,2021-03-10,Employees/Designated Employees,ESOP,Buy,Equity Shares,10337.0,0.0,0.0,0.0,0.0,11030.0,0.0,21367.0,0.0
INFY,2021-03-11 21:09:00,2021-03-10,2021-03-10,2021-03-10,Employees/Designated Employees,ESOP,Sell,Equity Shares,3080.0,0.0,0.0,0.0,0.0,21367.0,0.0,18287.0,0.0
INFY,2021-03-11 21:09:00,2021-03-10,2021-03-10,2021-03-10,Employees/Designated Employees,ESOP,Buy,Equity Shares,10549.0,0.0,0.0,0.0,0.0,11492.0,0.0,22041.0,0.0
INFY,2021-03-11 21:09:00,2021-03-10,2021-03-10,2021-03-10,Employees/Designated Employees,ESOP,Sell,Equity Shares,4161.0,0.0,0.0,0.0,0.0,22041.0,0.0,17880.0,0.0
INFY,2021-03-11 21:09:00,2021-03-10,2021-03-10,2021-03-10,Employees/Designated Employees,ESOP,Buy,Equity Shares,3338.0,0.0,0.0,0.0,0.0,17880.0,0.0,21218.0,0.0
INFY,2021-03-11 21:09:00,2021-03-10,2021-02-10,2021-02-10,Employees/Designated Employees,ESOP,Buy,Equity Shares,375.0,0.0,0.0,0.0,0.0,2696.0,0.0,3071.0,0.0
INFY,2021-03-11 21:09:00,2021-03-10,2021-02-10,2021-02-10,Employees/Designated Employees,ESOP,Sell,Equity Shares,178.0,0.0,0.0,0.0,0.0,3071.0,0.0,2893.0,0.0
INFY,2021-03-11 21:09:00,2021-03-10,2021-03-10,2021-03-10,Employees/Designated Employees,ESOP,Buy,Equity Shares,1750.0,0.0,0.0,0.0,0.0,2893.0,0.0,4643.0,0.0
INFY,2021-03-11 21:09:00,2021-03-10,2021-03-10,2021-03-10,Employees/Designated Employees,ESOP,Sell,Equity Shares,559.0,0.0,0.0,0.0,0.0,4643.0,0.0,4084.0,0.0
INFY,2021-03-11 21:09:00,2021-03-10,2021-03-10,2021-03-10,Employees/Designated Employees,ESOP,Buy,Equity Shares,1150.0,0.0,0.0,0.0,0.0,1609.0,0.0,2759.0,0.0
INFY,2021-03-11 21:09:00,2021-03-10,2021-03-10,2021-03-10,Employees/Designated Employees,ESOP,Sell,Equity Shares,407.0,0.0,0.0,0.0,0.0,2759.0,0.0,2352.0,0.0
INFY,2021-03-11 21:09:00,2021-03-10,2021-03-10,2021-03-10,Employees/Designated Employees,ESOP,Buy,Equity Shares,6377.0,0.0,0.0,0.0,0.0,7372.0,0.0,13749.0,0.0
INFY,2021-03-11 21:09:00,2021-03-10,2021-03-10,2021-03-10,Employees/Designated Employees,ESOP,Sell,Equity Shares,2335.0,0.0,0.0,0.0,0.0,13749.0,0.0,11414.0,0.0
INFY,2021-03-11 21:09:00,2021-03-10,2021-03-10,2021-03-10,Employees/Designated Employees,ESOP,Buy,Equity Shares,10162.0,0.0,0.0,0.0,0.0,10193.0,0.0,20355.0,0.0
INFY,2021-03-11 21:09:00,2021-03-10,2021-03-10,2021-03-10,Employees/Designated Employees,ESOP,Sell,Equity Shares,13387.0,0.0,0.0,0.0,0.0,13387.0,0.0,,0.0
INFY,2021-03-11 21:09:00,2021-03-10,2021-03-10,2021-03-10,Employees/Designated Employees,ESOP,Buy,Equity Shares,13361.0,0.0,0.0,0.0,0.0,45700.0,0.0,59061.0,0.0
INFY,2021-03-11 21:09:00,2021-03-10,2021-03-10,2021-03-10,Employees/Designated Employees,ESOP,Sell,Equity Shares,13361.0,0.0,0.0,0.0,0.0,59061.0,0.0,45700.0,0.0
INFY,2021-03-11 21:09:00,2021-03-10,2021-03-10,2021-03-10,Employees/Designated Employees,ESOP,Buy,Equity Shares,16462.0,0.0,0.0,0.0,0.0,24350.0,0.0,40812.0,0.0
INFY,2021-03-11 21:09:00,2021-03-10,2021-03-10,2021-03-10,Employees/Designated Employees,ESOP,Sell,Equity Shares,16462.0,0.0,0.0,0.0,0.0,40812.0,0.0,24350.0,0.0
INFY,2021-03-11 21:09:00,2021-03-10,2021-03-10,2021-03-10,Employees/Designated Employees,ESOP,Buy,Equity Shares,14250.0,0.0,0.0,0.0,0.0,7813.0,0.0,22063.0,0.0
INFY,2021-03-11 21:09:00,2021-03-10,2021-03-10,2021-03-10,Employees/Designated Employees,ESOP,Sell,Equity Shares,14250.0,0.0,0.0,0.0,0.0,22063.0,0.0,7813.0,0.0
INFY,2021-03-11 21:09:00,2021-03-10,2021-03-10,2021-03-10,Employees/Designated Employees,ESOP,Buy,Equity Shares,27512.0,0.0,0.0,0.0,0.0,3475.0,0.0,30987.0,0.0
INFY,2021-03-11 21:09:00,2021-03-10,2021-03-10,2021-03-10,Employees/Designated Employees,ESOP,Sell,Equity Shares,27512.0,0.0,0.0,0.0,0.0,30987.0,0.0,3475.0,0.0
INFY,2021-03-11 21:09:00,2021-03-10,2021-03-10,2021-03-10,Employees/Designated Employees,ESOP,Buy,Equity Shares,13687.0,0.0,0.0,0.0,0.0,,0.0,13687.0,0.0
INFY,2021-03-11 21:09:00,2021-03-10,2021-03-10,2021-03-10,Employees/Designated Employees,ESOP,Sell,Equity Shares,13687.0,0.0,0.0,0.0,0.0,13687.0,0.0,,0.0
INFY,2021-03-11 21:09:00,2021-03-10,2021-03-10,2021-03-10,Employees/Designated Employees,ESOP,Buy,Equity Shares,6126.0,0.0,0.0,0.0,0.0,,0.0,6126.0,0.0
INFY,2021-03-11 21:09:00,2021-03-10,2021-03-10,2021-03-10,Employees/Designated Employees,ESOP,Sell,Equity Shares,6126.0,0.0,0.0,0.0,0.0,6126.0,0.0,,0.0
INFY,2021-03-11 21:09:00,2021-03-10,2021-03-10,2021-03-10,Employees/Designated Employees,ESOP,Sell,Equity Shares,4092.0,0.0,0.0,0.0,0.0,20355.0,0.0,16263.0,0.0
INFY,2021-03-11 21:09:00,2021-03-10,2021-03-10,2021-03-10,Employees/Designated Employees,ESOP,Buy,Equity Shares,82399.0,0.0,0.0,0.0,0.0,4869.0,0.0,87268.0,0.0
INFY,2021-03-11 21:09:00,2021-03-10,2021-03-10,2021-03-10,Employees/Designated Employees,ESOP,Sell,Equity Shares,82399.0,0.0,0.0,0.0,0.0,87268.0,0.0,4869.0,0.0
INFY,2021-03-11 21:09:00,2021-03-10,2021-03-09,2021-03-09,Employees/Designated Employees,Market Sale,Sell,Equity Shares,20000.0,0.0,0.0,0.0,0.0,20022.0,0.0,22.0,0.0
INFY,2021-03-11 21:09:00,2021-03-10,2021-03-10,2021-03-10,Employees/Designated Employees,ESOP,Buy,Equity Shares,79724.0,0.0,0.0,0.0,0.0,22.0,0.0,79746.0,0.0
INFY,2021-03-11 21:09:00,2021-03-10,2021-03-10,2021-03-10,Employees/Designated Employees,ESOP,Sell,Equity Shares,31500.0,0.0,0.0,0.0,0.0,79746.0,0.0,48246.0,0.0
INFY,2021-03-12 23:01:00,2021-03-10,2021-02-10,2021-02-10,Employees/Designated Employees,ESOP,Buy,Equity Shares,250.0,0.0,0.0,0.0,0.0,1298.0,0.0,1548.0,0.0
INFY,2021-03-12 23:01:00,2021-03-10,2021-03-10,2021-03-10,Employees/Designated Employees,ESOP,Buy,Equity Shares,825.0,0.0,0.0,0.0,0.0,310.0,0.0,1135.0,0.0
INFY,2021-03-12 23:01:00,2021-03-12,2021-03-10,2021-03-10,Employees/Designated Employees,Market Sale,Sell,Equity Shares,10000.0,0.0,0.0,0.0,0.0,117066.0,0.0,107066.0,0.0
INFY,2021-03-12 23:01:00,2021-03-10,2021-03-05,2021-03-05,Employees/Designated Employees,ESOP,Buy,Equity Shares,275.0,0.0,0.0,0.0,0.0,1548.0,0.0,1823.0,0.0
INFY,2021-03-12 23:01:00,2021-03-10,2021-03-10,2021-03-10,Employees/Designated Employees,ESOP,Buy,Equity Shares,500.0,0.0,0.0,0.0,0.0,1823.0,0.0,2323.0,0.0
INFY,2021-03-12 23:01:00,2021-03-10,2021-03-10,2021-03-10,Employees/Designated Employees,ESOP,Buy,Equity Shares,500.0,0.0,0.0,0.0,0.0,13920.0,0.0,14420.0,0.0
INFY,2021-03-12 23:01:00,2021-03-10,2021-02-10,2021-02-10,Employees/Designated Employees,ESOP,Buy,Equity Shares,250.0,0.0,0.0,0.0,0.0,3370.0,0.0,3620.0,0.0
INFY,2021-03-12 23:01:00,2021-03-10,2021-03-05,2021-03-05,Employees/Designated Employees,ESOP,Buy,Equity Shares,500.0,0.0,0.0,0.0,0.0,3620.0,0.0,4120.0,0.0
INFY,2021-03-12 23:01:00,2021-03-10,2021-03-10,2021-03-10,Employees/Designated Employees,ESOP,Buy,Equity Shares,400.0,0.0,0.0,0.0,0.0,4120.0,0.0,4520.0,0.0
INFY,2021-03-12 23:01:00,2021-03-10,2021-03-10,2021-03-10,Employees/Designated Employees,ESOP,Buy,Equity Shares,1000.0,0.0,0.0,0.0,0.0,7172.0,0.0,8172.0,0.0
INFY,2021-03-12 23:01:00,2021-03-10,2021-03-10,2021-03-10,Employees/Designated Employees,ESOP,Buy,Equity Shares,750.0,0.0,0.0,0.0,0.0,19495.0,0.0,20245.0,0.0
INFY,2021-03-12 23:01:00,2021-03-10,2021-02-10,2021-02-10,Employees/Designated Employees,ESOP,Buy,Equity Shares,250.0,0.0,0.0,0.0,0.0,2234.0,0.0,2484.0,0.0
INFY,2021-03-12 23:01:00,2021-03-10,2021-03-10,2021-03-10,Employees/Designated Employees,ESOP,Buy,Equity Shares,500.0,0.0,0.0,0.0,0.0,2484.0,0.0,2984.0,0.0
INFY,2021-03-12 23:01:00,2021-03-10,2021-03-10,2021-03-10,Employees/Designated Employees,ESOP,Buy,Equity Shares,3750.0,0.0,0.0,0.0,0.0,36969.0,0.0,40719.0,0.0
INFY,2021-03-12 23:01:00,2021-03-10,2021-03-10,2021-03-10,Employees/Designated Employees,ESOP,Buy,Equity Shares,1000.0,0.0,0.0,0.0,0.0,6375.0,0.0,7375.0,0.0
INFY,2021-03-12 23:01:00,2021-03-10,2021-03-10,2021-03-10,Employees/Designated Employees,ESOP,Buy,Equity Shares,1750.0,0.0,0.0,0.0,0.0,3516.0,0.0,5266.0,0.0
INFY,2021-03-12 23:01:00,2021-03-10,2021-03-10,2021-03-10,Employees/Designated Employees,ESOP,Buy,Equity Shares,2500.0,0.0,0.0,0.0,0.0,84176.0,0.0,86676.0,0.0
INFY,2021-03-12 23:01:00,2021-03-10,2021-03-10,2021-03-10,Employees/Designated Employees,Market Sale,Sell,Equity Shares,1000.0,0.0,0.0,0.0,0.0,10836.0,0.0,9836.0,0.0
INFY,2021-03-12 23:01:00,2021-03-10,2021-02-10,2021-02-10,Employees/Designated Employees,ESOP,Buy,Equity Shares,250.0,0.0,0.0,0.0,0.0,13670.0,0.0,13920.0,0.0
INFY,2021-03-12 23:01:00,2021-03-10,2021-03-10,2021-03-10,Employees/Designated Employees,ESOP,Buy,Equity Shares,4500.0,0.0,0.0,0.0,0.0,34531.0,0.0,39031.0,0.0
INFY,2021-03-12 23:01:00,2021-03-10,2021-03-10,2021-03-10,Employees/Designated Employees,ESOP,Buy,Equity Shares,1250.0,0.0,0.0,0.0,0.0,31595.0,0.0,32845.0,0.0
INFY,2021-03-12 23:01:00,2021-03-10,2021-03-10,2021-03-10,Employees/Designated Employees,ESOP,Buy,Equity Shares,750.0,0.0,0.0,0.0,0.0,2400.0,0.0,3150.0,0.0
INFY,2021-03-12 23:01:00,2021-03-10,2021-03-05,2021-03-05,Employees/Designated Employees,ESOP,Buy,Equity Shares,250.0,0.0,0.0,0.0,0.0,2150.0,0.0,2400.0,0.0
INFY,2021-03-12 23:01:00,2021-03-10,2021-02-10,2021-02-10,Employees/Designated Employees,ESOP,Buy,Equity Shares,375.0,0.0,0.0,0.0,0.0,1775.0,0.0,2150.0,0.0
INFY,2021-03-12 23:01:00,2021-03-10,2021-03-10,2021-03-10,Employees/Designated Employees,ESOP,Buy,Equity Shares,2500.0,0.0,0.0,0.0,0.0,6976.0,0.0,9476.0,0.0
INFY,2021-03-12 23:01:00,2021-03-10,2021-03-10,2021-03-10,Employees/Designated Employees,ESOP,Buy,Equity Shares,10425.0,0.0,0.0,0.0,0.0,3376.0,0.0,13801.0,0.0
INFY,2021-03-12 23:01:00,2021-03-10,2021-02-10,2021-02-10,Employees/Designated Employees,ESOP,Buy,Equity Shares,375.0,0.0,0.0,0.0,0.0,1571.0,0.0,1946.0,0.0
INFY,2021-03-12 23:01:00,2021-03-10,2021-03-10,2021-03-10,Employees/Designated Employees,ESOP,Buy,Equity Shares,4813.0,0.0,0.0,0.0,0.0,18951.0,0.0,23764.0,0.0
INFY,2021-03-12 23:01:00,2021-03-10,2021-03-10,2021-03-10,Employees/Designated Employees,ESOP,Buy,Equity Shares,11487.0,0.0,0.0,0.0,0.0,6225.0,0.0,17712.0,0.0
INFY,2021-03-12 23:01:00,2021-03-10,2021-03-10,2021-03-10,Employees/Designated Employees,ESOP,Buy,Equity Shares,3475.0,0.0,0.0,0.0,0.0,1569.0,0.0,5044.0,0.0
INFY,2021-03-12 23:01:00,2021-03-10,2021-03-10,2021-03-10,Employees/Designated Employees,ESOP,Buy,Equity Shares,9874.0,0.0,0.0,0.0,0.0,7852.0,0.0,17726.0,0.0
INFY,2021-03-12 23:01:00,2021-03-10,2021-03-10,2021-03-10,Employees/Designated Employees,ESOP,Buy,Equity Shares,7125.0,0.0,0.0,0.0,0.0,38831.0,0.0,45956.0,0.0
INFY,2021-03-12 23:01:00,2021-03-10,2021-03-10,2021-03-10,Employees/Designated Employees,ESOP,Buy,Equity Shares,2000.0,0.0,0.0,0.0,0.0,19125.0,0.0,21125.0,0.0
INFY,2021-03-12 23:01:00,2021-03-10,2021-03-10,2021-03-10,Employees/Designated Employees,ESOP,Buy,Equity Shares,500.0,0.0,0.0,0.0,0.0,2196.0,0.0,2696.0,0.0
INFY,2021-03-12 23:01:00,2021-03-10,2021-03-05,2021-03-05,Employees/Designated Employees,ESOP,Buy,Equity Shares,250.0,0.0,0.0,0.0,0.0,1946.0,0.0,2196.0,0.0
INFY,2021-03-12 23:01:00,2021-03-10,2021-03-10,2021-03-10,Employees/Designated Employees,ESOP,Buy,Equity Shares,700.0,0.0,0.0,0.0,0.0,1150.0,0.0,1850.0,0.0
INFY,2021-03-16 20:57:00,2021-03-15,2021-03-12,2021-03-12,Employees/Designated Employees,Market Sale,Sell,Equity Shares,500.0,0.0,0.0,0.0,0.0,11913.0,0.0,11413.0,0.0
INFY,2021-03-16 20:57:00,2021-03-15,2021-03-12,2021-03-12,Employees/Designated Employees,Market Sale,Sell,Equity Shares,1000.0,0.0,0.0,0.0,0.0,17482.0,0.0,16482.0,0.0
INFY,2021-03-16 20:57:00,2021-03-15,2021-03-12,2021-03-12,Employees/Designated Employees,ESOP,Buy,Equity Shares,624.0,0.0,0.0,0.0,0.0,2450.0,0.0,3074.0,0.0
INFY,2021-03-16 20:57:00,2021-03-15,2021-03-05,2021-03-05,Employees/Designated Employees,ESOP,Buy,Equity Shares,500.0,0.0,0.0,0.0,0.0,1950.0,0.0,2450.0,0.0
INFY,2021-03-16 20:57:00,2021-03-15,2021-03-12,2021-03-12,Employees/Designated Employees,ESOP,Buy,Equity Shares,2174.0,0.0,0.0,0.0,0.0,3060.0,0.0,5234.0,0.0
INFY,2021-03-16 20:57:00,2021-03-15,2021-03-12,2021-03-12,Employees/Designated Employees,ESOP,Buy,Equity Shares,6200.0,0.0,0.0,0.0,0.0,47008.0,0.0,53208.0,0.0
INFY,2021-03-16 20:57:00,2021-03-15,2021-03-12,2021-03-12,Employees/Designated Employees,ESOP,Buy,Equity Shares,375.0,0.0,0.0,0.0,0.0,3824.0,0.0,4199.0,0.0
INFY,2021-03-16 20:57:00,2021-03-15,2021-03-12,2021-03-12,Employees/Designated Employees,ESOP,Buy,Equity Shares,337.0,0.0,0.0,0.0,0.0,3380.0,0.0,3717.0,0.0
INFY,2021-03-16 20:57:00,2021-03-15,2021-03-12,2021-03-12,Employees/Designated Employees,ESOP,Buy,Equity Shares,5287.0,0.0,0.0,0.0,0.0,9476.0,0.0,14763.0,0.0
INFY,2021-03-16 20:57:00,2021-03-15,2021-03-12,2021-03-12,Employees/Designated Employees,ESOP,Buy,Equity Shares,2862.0,0.0,0.0,0.0,0.0,17301.0,0.0,20163.0,0.0
INFY,2021-03-16 20:57:00,2021-03-15,2021-03-12,2021-03-12,Employees/Designated Employees,ESOP,Buy,Equity Shares,1362.0,0.0,0.0,0.0,0.0,32845.0,0.0,34207.0,0.0
INFY,2021-03-16 20:57:00,2021-03-15,2021-03-12,2021-03-12,Employees/Designated Employees,ESOP,Buy,Equity Shares,9337.0,0.0,0.0,0.0,0.0,177163.0,0.0,186500.0,0.0
INFY,2021-03-16 20:57:00,2021-03-15,2021-03-12,2021-03-12,Employees/Designated Employees,ESOP,Buy,Equity Shares,875.0,0.0,0.0,0.0,0.0,4251.0,0.0,5126.0,0.0
INFY,2021-03-16 20:57:00,2021-03-15,2021-03-12,2021-03-12,Employees/Designated Employees,ESOP,Buy,Equity Shares,5300.0,0.0,0.0,0.0,0.0,2446548.0,0.0,2451848.0,0.0
INFY,2021-03-16 20:57:00,2021-03-15,2021-03-12,2021-03-12,Other,Off Market,Sell,Equity Shares,89238.0,0.0,0.0,0.0,0.0,15775310.0,0.38,15686072.0,0.38
INFY,2021-03-16 20:57:00,2021-03-15,2021-03-12,2021-03-12,Employees/Designated Employees,ESOP,Buy,Equity Shares,3474.0,0.0,0.0,0.0,0.0,17315.0,0.0,20789.0,0.0
INFY,2021-03-16 20:57:00,2021-03-15,2021-03-12,2021-03-12,Employees/Designated Employees,ESOP,Buy,Equity Shares,2887.0,0.0,0.0,0.0,0.0,9836.0,0.0,12723.0,0.0
INFY,2021-03-16 20:57:00,2021-03-15,2021-03-12,2021-03-12,Employees/Designated Employees,ESOP,Buy,Equity Shares,5199.0,0.0,0.0,0.0,0.0,21125.0,0.0,26324.0,0.0
INFY,2021-03-22 19:59:00,2021-03-19,2021-02-20,2021-02-20,Employees/Designated Employees,ESOP,Buy,Equity Shares,500.0,0.0,0.0,0.0,0.0,11168.0,0.0,11668.0,0.0
INFY,2021-03-22 19:59:00,2021-03-19,2021-03-18,2021-03-18,Employees/Designated Employees,ESOP,Buy,Equity Shares,400.0,0.0,0.0,0.0,0.0,11668.0,0.0,12068.0,0.0
INFY,2021-03-22 19:59:00,2021-03-19,2021-02-20,2021-02-20,Employees/Designated Employees,ESOP,Buy,Equity Shares,375.0,0.0,0.0,0.0,0.0,4063.0,0.0,4438.0,0.0
INFY,2021-03-22 19:59:00,2021-03-19,2021-03-18,2021-03-18,Employees/Designated Employees,ESOP,Buy,Equity Shares,434.0,0.0,0.0,0.0,0.0,4438.0,0.0,4872.0,0.0
INFY,2021-03-22 19:59:00,2021-03-19,2021-03-18,2021-03-18,Employees/Designated Employees,ESOP,Buy,Equity Shares,2087.0,0.0,0.0,0.0,0.0,5234.0,0.0,7321.0,0.0
INFY,2021-03-22 19:59:00,2021-03-19,2021-03-18,2021-03-18,Employees/Designated Employees,ESOP,Buy,Equity Shares,1400.0,0.0,0.0,0.0,0.0,3400.0,0.0,4800.0,0.0
INFY,2021-03-22 19:59:00,2021-03-19,2021-02-10,2021-02-10,Employees/Designated Employees,ESOP,Buy,Equity Shares,375.0,0.0,0.0,0.0,0.0,48135.0,0.0,48510.0,0.0
INFY,2021-03-22 19:59:00,2021-03-19,2021-03-18,2021-03-18,Other,Off Market,Sell,Equity Shares,95159.0,0.0,0.0,0.0,0.0,15686072.0,0.38,15590913.0,0.38
INFY,2021-03-22 19:59:00,2021-03-19,2021-03-18,2021-03-18,Employees/Designated Employees,ESOP,Buy,Equity Shares,3450.0,0.0,0.0,0.0,0.0,38960.0,0.0,42410.0,0.0
INFY,2021-03-22 19:59:00,2021-03-19,2021-03-18,2021-03-18,Employees/Designated Employees,ESOP,Buy,Equity Shares,6086.0,0.0,0.0,0.0,0.0,252273.0,0.0,258359.0,0.0
INFY,2021-03-22 19:59:00,2021-03-19,2021-03-18,2021-03-18,Employees/Designated Employees,ESOP,Buy,Equity Shares,3150.0,0.0,0.0,0.0,0.0,12723.0,0.0,15873.0,0.0
INFY,2021-03-22 19:59:00,2021-03-19,2021-02-20,2021-02-20,Employees/Designated Employees,ESOP,Buy,Equity Shares,375.0,0.0,0.0,0.0,0.0,19199.0,0.0,19574.0,0.0
INFY,2021-03-22 19:59:00,2021-03-19,2021-03-18,2021-03-18,Employees/Designated Employees,ESOP,Buy,Equity Shares,875.0,0.0,0.0,0.0,0.0,19574.0,0.0,20449.0,0.0
INFY,2021-03-22 19:59:00,2021-03-19,2021-03-18,2021-03-18,Employees/Designated Employees,ESOP,Buy,Equity Shares,874.0,0.0,0.0,0.0,0.0,48510.0,0.0,49384.0,0.0
INFY,2021-03-31 19:37:00,2021-03-30,2021-03-26,2021-03-26,Other,Off Market,Sell,Equity Shares,76181.0,0.0,0.0,0.0,0.0,15590913.0,0.38,15514732.0,0.38
INFY,2021-03-31 19:37:00,2021-03-30,2021-03-26,2021-03-26,Employees/Designated Employees,ESOP,Buy,Equity Shares,404.0,0.0,0.0,0.0,0.0,3237.0,0.0,3641.0,0.0
INFY,2021-03-31 19:37:00,2021-03-30,2021-03-26,2021-03-26,Employees/Designated Employees,ESOP,Buy,Equity Shares,11687.0,0.0,0.0,0.0,0.0,38611.0,0.0,50298.0,0.0
INFY,2021-03-31 19:37:00,2021-03-30,2021-02-19,2021-02-19,Employees/Designated Employees,ESOP,Buy,Equity Shares,375.0,0.0,0.0,0.0,0.0,5969.0,0.0,6344.0,0.0
INFY,2021-03-31 19:37:00,2021-03-30,2021-03-05,2021-03-05,Employees/Designated Employees,ESOP,Buy,Equity Shares,250.0,0.0,0.0,0.0,0.0,6344.0,0.0,6594.0,0.0
INFY,2021-03-31 19:37:00,2021-03-30,2021-03-26,2021-03-26,Employees/Designated Employees,ESOP,Buy,Equity Shares,275.0,0.0,0.0,0.0,0.0,6594.0,0.0,6869.0,0.0
INFY,2021-03-31 19:37:00,2021-03-30,2021-02-19,2021-02-19,Employees/Designated Employees,ESOP,Buy,Equity Shares,250.0,0.0,0.0,0.0,0.0,1871.0,0.0,2121.0,0.0
INFY,2021-03-31 19:37:00,2021-03-30,2021-03-26,2021-03-26,Employees/Designated Employees,ESOP,Buy,Equity Shares,515.0,0.0,0.0,0.0,0.0,2121.0,0.0,2636.0,0.0
INFY,2021-03-31 19:37:00,2021-03-30,2021-02-19,2021-02-19,Employees/Designated Employees,ESOP,Buy,Equity Shares,250.0,0.0,0.0,0.0,0.0,2450.0,0.0,2700.0,0.0
INFY,2021-03-31 19:37:00,2021-03-30,2021-03-26,2021-03-26,Employees/Designated Employees,ESOP,Buy,Equity Shares,592.0,0.0,0.0,0.0,0.0,2700.0,0.0,3292.0,0.0
INFY,2021-03-31 19:37:00,2021-03-30,2021-03-05,2021-03-05,Employees/Designated Employees,ESOP,Buy,Equity Shares,463.0,0.0,0.0,0.0,0.0,962.0,0.0,1425.0,0.0
INFY,2021-03-31 19:37:00,2021-03-30,2021-03-26,2021-03-26,Employees/Designated Employees,ESOP,Buy,Equity Shares,325.0,0.0,0.0,0.0,0.0,1425.0,0.0,1750.0,0.0
INFY,2021-03-31 19:37:00,2021-03-30,2021-03-26,2021-03-26,Employees/Designated Employees,ESOP,Buy,Equity Shares,3150.0,0.0,0.0,0.0,0.0,16482.0,0.0,19632.0,0.0
INFY,2021-03-31 19:37:00,2021-03-30,2021-03-05,2021-03-05,Employees/Designated Employees,ESOP,Buy,Equity Shares,625.0,0.0,0.0,0.0,0.0,8305.0,0.0,8930.0,0.0
INFY,2021-03-31 19:37:00,2021-03-30,2021-03-26,2021-03-26,Employees/Designated Employees,ESOP,Buy,Equity Shares,500.0,0.0,0.0,0.0,0.0,8930.0,0.0,9430.0,0.0
INFY,2021-03-31 19:37:00,2021-03-30,2021-03-26,2021-03-26,Employees/Designated Employees,ESOP,Buy,Equity Shares,750.0,0.0,0.0,0.0,0.0,87678.0,0.0,88428.0,0.0
INFY,2021-03-31 19:37:00,2021-03-30,2021-03-26,2021-03-26,Employees/Designated Employees,ESOP,Buy,Equity Shares,353.0,0.0,0.0,0.0,0.0,2884.0,0.0,3237.0,0.0
INFY,2021-03-31 19:37:00,2021-03-30,2021-03-26,2021-03-26,Employees/Designated Employees,ESOP,Buy,Equity Shares,3987.0,0.0,0.0,0.0,0.0,42410.0,0.0,46397.0,0.0
INFY,2021-04-01 20:45:00,2021-04-01,2021-03-31,2021-03-31,Employees/Designated Employees,ESOP,Buy,Equity Shares,6387.0,0.0,0.0,0.0,0.0,18438.0,0.0,24825.0,0.0
INFY,2021-04-01 20:45:00,2021-04-01,2021-03-31,2021-03-31,Employees/Designated Employees,ESOP,Buy,Equity Shares,1250.0,0.0,0.0,0.0,0.0,2380.0,0.0,3630.0,0.0
INFY,2021-04-01 20:45:00,2021-04-01,2021-03-31,2021-03-31,Employees/Designated Employees,ESOP,Buy,Equity Shares,7636.0,0.0,0.0,0.0,0.0,23764.0,0.0,31400.0,0.0
INFY,2021-04-13 21:53:00,2021-04-09,2021-04-08,2021-04-08,Employees/Designated Employees,ESOP,Buy,Equity Shares,2650.0,0.0,0.0,0.0,0.0,19632.0,0.0,22282.0,0.0
INFY,2021-04-13 21:53:00,2021-04-09,2021-04-08,2021-04-08,Employees/Designated Employees,ESOP,Buy,Equity Shares,3400.0,0.0,0.0,0.0,0.0,8990.0,0.0,12390.0,0.0
INFY,2021-04-13 21:53:00,2021-04-09,2021-04-08,2021-04-08,Employees/Designated Employees,ESOP,Buy,Equity Shares,4186.0,0.0,0.0,0.0,0.0,70224.0,0.0,74410.0,0.0
INFY,2021-04-13 21:53:00,2021-04-09,2021-04-08,2021-04-08,Employees/Designated Employees,ESOP,Buy,Equity Shares,3937.0,0.0,0.0,0.0,0.0,10665.0,0.0,14602.0,0.0
INFY,2021-04-13 21:53:00,2021-04-09,2021-04-08,2021-04-08,Employees/Designated Employees,ESOP,Buy,Equity Shares,10724.0,0.0,0.0,0.0,0.0,2451848.0,0.0,2462572.0,0.0
INFY,2021-04-13 21:53:00,2021-04-09,2021-04-08,2021-04-08,Employees/Designated Employees,ESOP,Buy,Equity Shares,6575.0,0.0,0.0,0.0,0.0,107066.0,0.0,113641.0,0.0
INFY,2021-04-13 21:53:00,2021-04-09,2021-04-08,2021-04-08,Employees/Designated Employees,ESOP,Buy,Equity Shares,1125.0,0.0,0.0,0.0,0.0,5126.0,0.0,6251.0,0.0
INFY,2021-04-13 21:53:00,2021-04-09,2021-04-08,2021-04-08,Employees/Designated Employees,ESOP,Buy,Equity Shares,4436.0,0.0,0.0,0.0,0.0,6501.0,0.0,10937.0,0.0
INFY,2021-04-13 21:53:00,2021-04-09,2021-04-08,2021-04-08,Employees/Designated Employees,ESOP,Buy,Equity Shares,2200.0,0.0,0.0,0.0,0.0,7645.0,0.0,9845.0,0.0
INFY,2021-04-13 21:53:00,2021-04-09,2021-04-08,2021-04-08,Other,Off Market,Sell,Equity Shares,86459.0,0.0,0.0,0.0,0.0,15514732.0,0.38,15428273.0,0.38
INFY,2021-04-16 20:38:00,2021-04-15,2021-04-14,2021-04-14,Employees/Designated Employees,ESOP,Buy,Equity Shares,1500.0,0.0,0.0,0.0,0.0,4800.0,0.0,6300.0,0.0
INFY,2021-04-16 20:38:00,2021-04-15,2021-04-14,2021-04-14,Employees/Designated Employees,ESOP,Buy,Equity Shares,1250.0,0.0,0.0,0.0,0.0,61304.0,0.0,62554.0,0.0
INFY,2021-04-16 20:38:00,2021-04-15,2021-04-14,2021-04-14,Employees/Designated Employees,ESOP,Buy,Equity Shares,1500.0,0.0,0.0,0.0,0.0,20163.0,0.0,21663.0,0.0
INFY,2021-04-16 20:38:00,2021-04-15,2021-04-14,2021-04-14,Employees/Designated Employees,ESOP,Buy,Equity Shares,5000.0,0.0,0.0,0.0,0.0,8723.0,0.0,13723.0,0.0
INFY,2021-04-16 20:38:00,2021-04-15,2021-04-14,2021-04-14,Employees/Designated Employees,ESOP,Buy,Equity Shares,1125.0,0.0,0.0,0.0,0.0,4500.0,0.0,5625.0,0.0
INFY,2021-04-16 20:38:00,2021-04-15,2021-04-14,2021-04-14,Employees/Designated Employees,ESOP,Buy,Equity Shares,1000.0,0.0,0.0,0.0,0.0,3724.0,0.0,4724.0,0.0
INFY,2021-04-16 20:38:00,2021-04-15,2021-04-14,2021-04-14,Employees/Designated Employees,ESOP,Buy,Equity Shares,1500.0,0.0,0.0,0.0,0.0,11450.0,0.0,12950.0,0.0
INFY,2021-04-16 20:38:00,2021-04-15,2021-04-14,2021-04-14,Employees/Designated Employees,ESOP,Buy,Equity Shares,3500.0,0.0,0.0,0.0,0.0,186500.0,0.0,190000.0,0.0
INFY,2021-04-16 20:38:00,2021-04-15,2021-04-14,2021-04-14,Employees/Designated Employees,ESOP,Buy,Equity Shares,1000.0,0.0,0.0,0.0,0.0,,0.0,1000.0,0.0
INFY,2021-04-16 20:38:00,2021-04-15,2021-04-14,2021-04-14,Employees/Designated Employees,ESOP,Buy,Equity Shares,2500.0,0.0,0.0,0.0,0.0,17712.0,0.0,20212.0,0.0
INFY,2021-04-16 20:38:00,2021-04-15,2021-04-14,2021-04-14,Employees/Designated Employees,ESOP,Buy,Equity Shares,5000.0,0.0,0.0,0.0,0.0,17726.0,0.0,22726.0,0.0
INFY,2021-04-16 20:38:00,2021-04-15,2021-04-14,2021-04-14,Employees/Designated Employees,ESOP,Buy,Equity Shares,2500.0,0.0,0.0,0.0,0.0,13801.0,0.0,16301.0,0.0
INFY,2021-04-16 20:38:00,2021-04-15,2021-04-14,2021-04-14,Employees/Designated Employees,ESOP,Buy,Equity Shares,1375.0,0.0,0.0,0.0,0.0,3694.0,0.0,5069.0,0.0
INFY,2021-04-16 20:38:00,2021-04-15,2021-04-14,2021-04-14,Employees/Designated Employees,ESOP,Buy,Equity Shares,3762.0,0.0,0.0,0.0,0.0,5044.0,0.0,8806.0,0.0
INFY,2021-04-16 20:38:00,2021-04-15,2021-04-14,2021-04-14,Employees/Designated Employees,ESOP,Buy,Equity Shares,1901.0,0.0,0.0,0.0,0.0,500.0,0.0,2401.0,0.0
INFY,2021-04-16 20:38:00,2021-04-15,2021-04-14,2021-04-14,Employees/Designated Employees,ESOP,Buy,Equity Shares,19436.0,0.0,0.0,0.0,0.0,45956.0,0.0,65392.0,0.0
INFY,2021-04-16 20:38:00,2021-04-15,2021-04-14,2021-04-14,Employees/Designated Employees,ESOP,Buy,Equity Shares,1950.0,0.0,0.0,0.0,0.0,,0.0,1950.0,0.0
INFY,2021-04-22 18:06:00,2021-04-21,2021-04-20,2021-04-20,Other,Market Sale,Sell,Equity Shares,1910.0,0.0,0.0,0.0,0.0,15428273.0,0.38,15426363.0,0.38
INFY,2021-04-26 19:17:00,2021-04-23,2021-04-22,2021-04-22,Employees/Designated Employees,Market Sale,Sell,Equity Shares,6000.0,0.0,0.0,0.0,0.0,190000.0,0.0,184000.0,0.0
INFY,2021-04-26 19:17:00,2021-04-22,2021-04-20,2021-04-20,Employees/Designated Employees,Market Sale,Sell,Equity Shares,3000.0,0.0,0.0,0.0,0.0,64086.0,0.0,61086.0,0.0
INFY,2021-04-27 21:02:00,2021-04-26,2021-04-23,2021-04-23,Employees/Designated Employees,Market Sale,Sell,Equity Shares,4000.0,0.0,0.0,0.0,0.0,184000.0,0.0,180000.0,0.0
INFY,2021-04-27 21:02:00,2021-04-26,2021-04-26,2021-04-26,Employees/Designated Employees,Market Sale,Sell,Equity Shares,2000.0,0.0,0.0,0.0,0.0,180000.0,0.0,178000.0,0.0
INFY,2021-04-29 19:28:00,2021-04-28,2021-04-28,2021-04-28,Other,Market Sale,Sell,Equity Shares,1526.0,0.0,0.0,0.0,0.0,15426363.0,0.36,15424837.0,0.36
INFY,2021-04-29 19:28:00,2021-04-28,2021-04-28,2021-04-28,Employees/Designated Employees,ESOP,Sell,Equity Shares,1526.0,0.0,0.0,0.0,0.0,13789.0,0.0,12263.0,0.0
INFY,2021-04-29 19:28:00,2021-04-28,2021-04-28,2021-04-28,Employees/Designated Employees,ESOP,Buy,Equity Shares,2376.0,0.0,0.0,0.0,0.0,11413.0,0.0,13789.0,0.0
INFY,2021-04-29 19:28:00,2021-04-28,2021-04-28,2021-04-28,Employees/Designated Employees,Market Sale,Sell,Equity Shares,3000.0,0.0,0.0,0.0,0.0,178000.0,0.0,175000.0,0.0
INFY,2021-05-04 17:40:00,2021-05-03,2021-04-30,2021-04-30,Other,Off Market,Sell,Equity Shares,2526.0,0.0,0.0,0.0,0.0,15424837.0,0.36,15422311.0,0.36
INFY,2021-05-04 17:40:00,2021-05-03,2021-04-30,2021-04-30,Employees/Designated Employees,ESOP,Buy,Equity Shares,1550.0,0.0,0.0,0.0,0.0,24999.0,0.0,26549.0,0.0
INFY,2021-05-06 19:58:00,2021-05-05,2021-05-04,2021-05-04,Director,ESOP,Buy,Equity Shares,192964.0,0.0,0.0,0.0,0.0,460541.0,0.01,653505.0,0.01
INFY,2021-05-06 19:58:00,2021-05-04,2021-05-04,2021-05-04,Other,Market Sale,Sell,Equity Shares,98003.0,0.0,0.0,0.0,0.0,15422311.0,0.36,15324308.0,0.36
INFY,2021-05-06 19:58:00,2021-05-05,2021-05-04,2021-05-05,Director,Market Sale,Sell,Equity Shares,9000.0,0.0,0.0,0.0,0.0,569128.0,0.01,560128.0,0.01
INFY,2021-05-06 19:58:00,2021-05-05,2021-05-04,2021-05-05,Director,Market Sale,Sell,Equity Shares,56000.0,0.0,0.0,0.0,0.0,560128.0,0.01,504128.0,0.01
INFY,2021-05-06 19:58:00,2021-05-05,2021-05-04,2021-05-04,Director,ESOP,Buy,Equity Shares,13626.0,0.0,0.0,0.0,0.0,1159715.0,0.03,1173341.0,0.03
INFY,2021-05-06 19:58:00,2021-05-05,2021-05-04,2021-05-04,Director,ESOP,Sell,Equity Shares,13626.0,0.0,0.0,0.0,0.0,1173341.0,0.03,1159715.0,0.03
INFY,2021-05-06 19:58:00,2021-05-05,2021-05-04,2021-05-04,Director,ESOP,Sell,Equity Shares,84377.0,0.0,0.0,0.0,0.0,653505.0,0.01,569128.0,0.01
INFY,2021-05-10 18:43:00,2021-05-10,2021-05-05,2021-05-05,Employees/Designated Employees,Market Sale,Sell,Equity Shares,500.0,0.0,0.0,0.0,0.0,12263.0,0.0,11763.0,0.0
INFY,2021-05-10 18:43:00,2021-05-07,2021-05-07,2021-05-07,Other,Off Market,Sell,Equity Shares,110837.0,0.0,0.0,0.0,0.0,15324308.0,0.36,15213471.0,0.36
INFY,2021-05-12 19:46:00,2021-05-12,2021-05-12,2021-05-12,Promoters,Others,Buy,Equity Shares,758755.0,0.0,0.0,0.0,0.0,2166768.0,0.05,2925523.0,0.07
INFY,2021-05-12 19:46:00,2021-05-12,2021-05-12,2021-05-12,Promoters,Others,Sell,Equity Shares,758755.0,0.0,0.0,0.0,0.0,8896930.0,0.21,8138175.0,0.19
INFY,2021-05-17 22:01:00,2021-05-14,2021-05-12,2021-05-12,Employees/Designated Employees,ESOP,Buy,Equity Shares,500.0,0.0,0.0,0.0,0.0,4670.0,0.0,5170.0,0.0
INFY,2021-05-17 22:01:00,2021-05-14,2021-05-12,2021-05-12,Employees/Designated Employees,ESOP,Buy,Equity Shares,750.0,0.0,0.0,0.0,0.0,6251.0,0.0,7001.0,0.0
INFY,2021-05-17 22:01:00,2021-05-14,2021-05-12,2021-05-12,Employees/Designated Employees,ESOP,Buy,Equity Shares,1000.0,0.0,0.0,0.0,0.0,20789.0,0.0,21789.0,0.0
INFY,2021-05-17 22:01:00,2021-05-14,2021-05-12,2021-05-12,Employees/Designated Employees,ESOP,Buy,Equity Shares,1500.0,0.0,0.0,0.0,0.0,7321.0,0.0,8821.0,0.0
INFY,2021-05-17 22:01:00,2021-05-14,2021-05-12,2021-05-12,Employees/Designated Employees,ESOP,Buy,Equity Shares,1250.0,0.0,0.0,0.0,0.0,9845.0,0.0,11095.0,0.0
INFY,2021-05-17 22:01:00,2021-05-14,2021-05-12,2021-05-12,Employees/Designated Employees,ESOP,Buy,Equity Shares,1250.0,0.0,0.0,0.0,0.0,25619.0,0.0,26869.0,0.0
INFY,2021-05-17 22:01:00,2021-05-14,2021-05-12,2021-05-12,Employees/Designated Employees,ESOP,Buy,Equity Shares,2500.0,0.0,0.0,0.0,0.0,258359.0,0.0,260859.0,0.0
INFY,2021-05-17 22:01:00,2021-05-14,2021-05-12,2021-05-12,Employees/Designated Employees,ESOP,Buy,Equity Shares,1500.0,0.0,0.0,0.0,0.0,27669.0,0.0,29169.0,0.0
INFY,2021-05-17 22:01:00,2021-05-14,2021-05-12,2021-05-12,Employees/Designated Employees,ESOP,Buy,Equity Shares,1500.0,0.0,0.0,0.0,0.0,20494.0,0.0,21994.0,0.0
INFY,2021-05-17 22:01:00,2021-05-14,2021-04-09,2021-04-09,Employees/Designated Employees,ESOP,Buy,Equity Shares,624.0,0.0,0.0,0.0,0.0,4046.0,0.0,4670.0,0.0
INFY,2021-05-17 22:01:00,2021-05-14,2021-05-12,2021-05-12,Employees/Designated Employees,ESOP,Buy,Equity Shares,1500.0,0.0,0.0,0.0,0.0,26549.0,0.0,28049.0,0.0
INFY,2021-05-17 22:01:00,2021-05-14,2021-05-12,2021-05-12,Employees/Designated Employees,ESOP,Buy,Equity Shares,1250.0,0.0,0.0,0.0,0.0,12390.0,0.0,13640.0,0.0
INFY,2021-05-17 22:01:00,2021-05-14,2021-05-12,2021-05-12,Employees/Designated Employees,ESOP,Buy,Equity Shares,2500.0,0.0,0.0,0.0,0.0,15873.0,0.0,18373.0,0.0
INFY,2021-05-17 22:01:00,2021-05-14,2021-05-12,2021-05-12,Director,ESOP,Buy,Equity Shares,59374.0,0.0,0.0,0.0,0.0,1159715.0,0.03,1219089.0,0.03
INFY,2021-05-17 22:01:00,2021-05-14,2021-05-12,2021-05-12,Director,ESOP,Buy,Equity Shares,148434.0,0.0,0.0,0.0,0.0,504128.0,0.01,652562.0,0.01
INFY,2021-05-17 22:01:00,2021-05-14,2021-05-12,2021-05-12,Employees/Designated Employees,ESOP,Buy,Equity Shares,3000.0,0.0,0.0,0.0,0.0,50298.0,0.0,53298.0,0.0
INFY,2021-05-17 22:01:00,2021-05-14,2021-05-12,2021-05-12,Employees/Designated Employees,ESOP,Buy,Equity Shares,3000.0,0.0,0.0,0.0,0.0,46397.0,0.0,49397.0,0.0
INFY,2021-05-17 22:01:00,2021-05-14,2021-04-09,2021-04-09,Employees/Designated Employees,ESOP,Buy,Equity Shares,342.0,0.0,0.0,0.0,0.0,6160.0,0.0,6502.0,0.0
INFY,2021-05-17 22:01:00,2021-05-14,2021-05-12,2021-05-12,Employees/Designated Employees,ESOP,Buy,Equity Shares,1000.0,0.0,0.0,0.0,0.0,6502.0,0.0,7502.0,0.0
INFY,2021-05-17 22:01:00,2021-05-14,2021-05-12,2021-05-12,Employees/Designated Employees,ESOP,Buy,Equity Shares,1000.0,0.0,0.0,0.0,0.0,1878.0,0.0,2878.0,0.0
INFY,2021-05-17 22:01:00,2021-05-14,2021-05-12,2021-05-12,Employees/Designated Employees,ESOP,Buy,Equity Shares,2000.0,0.0,0.0,0.0,0.0,403983.0,0.0,405983.0,0.0
INFY,2021-05-17 22:01:00,2021-05-14,2021-05-12,2021-05-12,Employees/Designated Employees,ESOP,Buy,Equity Shares,1000.0,0.0,0.0,0.0,0.0,3074.0,0.0,4074.0,0.0
INFY,2021-05-17 22:01:00,2021-05-14,2021-05-12,2021-05-12,Employees/Designated Employees,ESOP,Buy,Equity Shares,1250.0,0.0,0.0,0.0,0.0,96481.0,0.0,97731.0,0.0
INFY,2021-05-17 22:01:00,2021-05-14,2021-05-12,2021-05-12,Employees/Designated Employees,ESOP,Buy,Equity Shares,2000.0,0.0,0.0,0.0,0.0,74410.0,0.0,76410.0,0.0
INFY,2021-05-17 22:01:00,2021-05-14,2021-05-12,2021-05-12,Employees/Designated Employees,ESOP,Buy,Equity Shares,2500.0,0.0,0.0,0.0,0.0,113641.0,0.0,116141.0,0.0
INFY,2021-05-17 22:01:00,2021-05-14,2021-05-12,2021-05-12,Employees/Designated Employees,ESOP,Buy,Equity Shares,1250.0,0.0,0.0,0.0,0.0,11763.0,0.0,13013.0,0.0
INFY,2021-05-17 22:01:00,2021-05-14,2021-05-12,2021-05-12,Employees/Designated Employees,ESOP,Buy,Equity Shares,1750.0,0.0,0.0,0.0,0.0,22282.0,0.0,24032.0,0.0
INFY,2021-05-17 22:01:00,2021-05-14,2021-05-12,2021-05-12,Employees/Designated Employees,ESOP,Buy,Equity Shares,1500.0,0.0,0.0,0.0,0.0,10937.0,0.0,12437.0,0.0
INFY,2021-05-17 22:01:00,2021-05-14,2021-05-12,2021-05-12,Employees/Designated Employees,ESOP,Buy,Equity Shares,2500.0,0.0,0.0,0.0,0.0,11655.0,0.0,14155.0,0.0
INFY,2021-05-17 22:01:00,2021-05-14,2021-05-12,2021-05-12,Employees/Designated Employees,ESOP,Buy,Equity Shares,1750.0,0.0,0.0,0.0,0.0,3075.0,0.0,4825.0,0.0
INFY,2021-05-17 22:01:00,2021-05-14,2021-04-14,2021-04-14,Employees/Designated Employees,ESOP,Buy,Equity Shares,337.0,0.0,0.0,0.0,0.0,,0.0,337.0,0.0
INFY,2021-05-17 22:01:00,2021-05-14,2021-05-12,2021-05-12,Employees/Designated Employees,ESOP,Buy,Equity Shares,1000.0,0.0,0.0,0.0,0.0,337.0,0.0,1337.0,0.0
INFY,2021-05-17 22:01:00,2021-05-14,2021-05-12,2021-05-12,Employees/Designated Employees,ESOP,Buy,Equity Shares,2500.0,0.0,0.0,0.0,0.0,24825.0,0.0,27325.0,0.0
INFY,2021-05-17 22:01:00,2021-05-14,2021-05-12,2021-05-12,Employees/Designated Employees,ESOP,Buy,Equity Shares,3750.0,0.0,0.0,0.0,0.0,8806.0,0.0,12556.0,0.0
INFY,2021-05-17 22:01:00,2021-05-14,2021-05-12,2021-05-12,Employees/Designated Employees,ESOP,Buy,Equity Shares,1000.0,0.0,0.0,0.0,0.0,1482.0,0.0,2482.0,0.0
INFY,2021-05-17 22:01:00,2021-05-14,2021-05-12,2021-05-12,Employees/Designated Employees,ESOP,Buy,Equity Shares,3750.0,0.0,0.0,0.0,0.0,31400.0,0.0,35150.0,0.0
INFY,2021-05-17 22:01:00,2021-05-14,2021-04-14,2021-04-14,Employees/Designated Employees,ESOP,Buy,Equity Shares,500.0,0.0,0.0,0.0,0.0,1000.0,0.0,1500.0,0.0
INFY,2021-05-17 22:01:00,2021-05-14,2021-05-12,2021-05-12,Employees/Designated Employees,ESOP,Buy,Equity Shares,1000.0,0.0,0.0,0.0,0.0,1500.0,0.0,2500.0,0.0
INFY,2021-05-17 22:01:00,2021-05-14,2021-04-14,2021-04-14,Employees/Designated Employees,ESOP,Buy,Equity Shares,500.0,0.0,0.0,0.0,0.0,,0.0,500.0,0.0
INFY,2021-05-17 22:01:00,2021-05-14,2021-05-12,2021-05-12,Employees/Designated Employees,ESOP,Buy,Equity Shares,1000.0,0.0,0.0,0.0,0.0,500.0,0.0,1500.0,0.0
INFY,2021-05-17 22:01:00,2021-05-14,2021-04-14,2021-04-14,Employees/Designated Employees,ESOP,Buy,Equity Shares,649.0,0.0,0.0,0.0,0.0,750.0,0.0,1399.0,0.0
INFY,2021-05-17 22:01:00,2021-05-14,2021-05-12,2021-05-12,Employees/Designated Employees,ESOP,Buy,Equity Shares,750.0,0.0,0.0,0.0,0.0,1399.0,0.0,2149.0,0.0
INFY,2021-05-17 22:01:00,2021-05-14,2021-05-12,2021-05-12,Employees/Designated Employees,ESOP,Buy,Equity Shares,5000.0,0.0,0.0,0.0,0.0,25315.0,0.0,30315.0,0.0
INFY,2021-05-17 22:01:00,2021-05-14,2021-05-12,2021-05-12,Employees/Designated Employees,ESOP,Buy,Equity Shares,5000.0,0.0,0.0,0.0,0.0,53208.0,0.0,58208.0,0.0
INFY,2021-05-19 19:36:00,2021-05-19,2021-05-18,2021-05-18,Other,Off Market,Sell,Equity Shares,13632.0,0.0,0.0,0.0,0.0,15210493.0,0.36,15196861.0,0.36
INFY,2021-05-19 19:36:00,2021-05-19,2021-05-18,2021-05-18,Key Managerial Personnel,ESOP,Buy,Equity Shares,13632.0,0.0,0.0,0.0,0.0,13723.0,0.0,27355.0,0.0
INFY,2021-05-19 19:36:00,2021-05-19,2021-05-19,2021-05-19,Promoters,Others,Buy,Equity Shares,753580.0,0.0,0.0,0.0,0.0,2925523.0,0.07,3679103.0,0.09
INFY,2021-05-19 19:36:00,2021-05-19,2021-05-19,2021-05-19,Promoters,Others,Sell,Equity Shares,753580.0,0.0,0.0,0.0,0.0,8138175.0,0.19,7384595.0,0.17
INFY,2021-05-19 19:36:00,2021-05-17,2021-05-14,2021-05-14,Other,Off Market,Buy,Equity Shares,124.0,0.0,0.0,0.0,0.0,15213471.0,0.36,15213595.0,0.36
INFY,2021-05-19 19:36:00,2021-05-17,2021-05-17,2021-05-17,Other,Market Sale,Sell,Equity Shares,3102.0,0.0,0.0,0.0,0.0,15213595.0,0.36,15210493.0,0.36
INFY,2021-05-19 19:36:00,2021-05-17,2021-05-17,2021-05-17,Employees/Designated Employees,ESOP,Buy,Equity Shares,4750.0,0.0,0.0,0.0,0.0,13013.0,0.0,17763.0,0.0
INFY,2021-05-19 19:36:00,2021-05-17,2021-05-17,2021-05-17,Employees/Designated Employees,ESOP,Sell,Equity Shares,3102.0,0.0,0.0,0.0,0.0,17763.0,0.0,14661.0,0.0
INFY,2021-05-24 22:48:00,2021-05-24,2021-05-24,2021-05-24,Promoters,Others,Buy,Equity Shares,745150.0,0.0,0.0,0.0,0.0,3679103.0,0.09,4424253.0,0.1
INFY,2021-05-24 22:48:00,2021-05-24,2021-05-21,2021-05-21,Employees/Designated Employees,ESOP,Buy,Equity Shares,3000.0,0.0,0.0,0.0,0.0,8821.0,0.0,11821.0,0.0
INFY,2021-05-24 22:48:00,2021-05-24,2021-05-21,2021-05-21,Other,Off Market,Sell,Equity Shares,4648.0,0.0,0.0,0.0,0.0,15196861.0,0.36,15192213.0,0.36
INFY,2021-05-24 22:48:00,2021-05-24,2021-05-24,2021-05-24,Promoters,Others,Sell,Equity Shares,745150.0,0.0,0.0,0.0,0.0,7384595.0,0.17,6639445.0,0.16
INFY,2021-05-27 17:17:00,2021-05-26,2021-05-26,2021-05-26,Employees/Designated Employees,Market Sale,Sell,Equity Shares,1850.0,0.0,0.0,0.0,0.0,14763.0,0.0,12913.0,0.0
INFY,2021-05-27 17:17:00,2021-05-27,2021-05-26,2021-05-26,Other,Off Market,Buy,Equity Shares,44.0,0.0,0.0,0.0,0.0,15192213.0,0.36,15192257.0,0.36
INFY,2021-05-27 17:17:00,2021-05-26,2021-05-26,2021-05-26,Employees/Designated Employees,Market Sale,Sell,Equity Shares,750.0,0.0,0.0,0.0,0.0,4074.0,0.0,3324.0,0.0
INFY,2021-06-01 21:10:00,2021-05-28,2021-05-27,2021-05-27,Employees/Designated Employees,Market Sale,Sell,Equity Shares,1500.0,0.0,0.0,0.0,0.0,18373.0,0.0,16873.0,0.0
INFY,2021-06-01 21:10:00,2021-05-31,2021-05-31,2021-05-31,Promoters,Others,Buy,Equity Shares,667935.0,0.0,0.0,0.0,0.0,5146798.0,0.12,5814733.0,0.14
INFY,2021-06-01 21:10:00,2021-05-31,2021-05-31,2021-05-31,Promoters,Others,Sell,Equity Shares,667935.0,0.0,0.0,0.0,0.0,5916900.0,0.14,5248965.0,0.12
INFY,2021-06-02 19:13:00,2021-06-01,2021-05-31,2021-05-31,Employees/Designated Employees,Market Sale,Sell,Equity Shares,500.0,0.0,0.0,0.0,0.0,16873.0,0.0,16373.0,0.0
INFY,2021-06-03 19:59:00,2021-06-02,2021-05-26,2021-05-26,Employees/Designated Employees,Market Sale,Sell,Equity Shares,750.0,0.0,0.0,0.0,0.0,24032.0,0.0,23282.0,0.0
INFY,2021-06-04 19:48:00,2021-06-04,2021-06-03,2021-06-03,Other,Market Sale,Sell,Equity Shares,27167.0,0.0,0.0,0.0,0.0,15192257.0,0.36,15165090.0,0.36
INFY,2021-06-09 20:33:00,2021-06-09,2021-06-08,2021-06-08,Employees/Designated Employees,Market Sale,Sell,Equity Shares,200.0,0.0,0.0,0.0,0.0,49097.0,0.0,48897.0,0.0
INFY,2021-06-09 20:33:00,2021-06-09,2021-06-08,2021-06-08,Employees/Designated Employees,Market Sale,Sell,Equity Shares,300.0,0.0,0.0,0.0,0.0,49397.0,0.0,49097.0,0.0
INFY,2021-06-09 20:33:00,2021-06-09,2021-06-07,2021-06-07,Employees/Designated Employees,ESOP,Buy,Equity Shares,1000.0,0.0,0.0,0.0,0.0,1800.0,0.0,2800.0,0.0
INFY,2021-06-09 20:33:00,2021-06-09,2021-06-07,2021-06-07,Employees/Designated Employees,ESOP,Buy,Equity Shares,750.0,0.0,0.0,0.0,0.0,88428.0,0.0,89178.0,0.0
INFY,2021-06-09 20:33:00,2021-06-09,2021-06-07,2021-06-07,Employees/Designated Employees,ESOP,Buy,Equity Shares,500.0,0.0,0.0,0.0,0.0,21789.0,0.0,22289.0,0.0
INFY,2021-06-09 20:33:00,2021-06-09,2021-06-07,2021-06-07,Employees/Designated Employees,ESOP,Buy,Equity Shares,1000.0,0.0,0.0,0.0,0.0,2000.0,0.0,3000.0,0.0
INFY,2021-06-09 20:33:00,2021-06-09,2021-06-07,2021-06-07,Employees/Designated Employees,ESOP,Buy,Equity Shares,1500.0,0.0,0.0,0.0,0.0,4040.0,0.0,5540.0,0.0
INFY,2021-06-09 20:33:00,2021-06-09,2021-06-07,2021-06-07,Employees/Designated Employees,ESOP,Buy,Equity Shares,1250.0,0.0,0.0,0.0,0.0,1135.0,0.0,2385.0,0.0
INFY,2021-06-09 20:33:00,2021-06-09,2021-06-07,2021-06-07,Employees/Designated Employees,Market Sale,Sell,Equity Shares,48224.0,0.0,0.0,0.0,0.0,48246.0,0.0,22.0,0.0
INFY,2021-06-09 20:33:00,2021-06-09,2021-06-07,2021-06-07,Employees/Designated Employees,ESOP,Sell,Equity Shares,56376.0,0.0,0.0,0.0,0.0,104622.0,0.0,48246.0,0.0
INFY,2021-06-09 20:33:00,2021-06-09,2021-06-07,2021-06-07,Employees/Designated Employees,ESOP,Buy,Equity Shares,56376.0,0.0,0.0,0.0,0.0,48246.0,0.0,104622.0,0.0
INFY,2021-06-09 20:33:00,2021-06-09,2021-06-07,2021-06-07,Employees/Designated Employees,ESOP,Sell,Equity Shares,33334.0,0.0,0.0,0.0,0.0,89731.0,0.0,56397.0,0.0
INFY,2021-06-09 20:33:00,2021-06-09,2021-06-07,2021-06-07,Employees/Designated Employees,ESOP,Buy,Equity Shares,33334.0,0.0,0.0,0.0,0.0,56397.0,0.0,89731.0,0.0
INFY,2021-06-09 20:33:00,2021-06-09,2021-06-07,2021-06-07,Employees/Designated Employees,ESOP,Buy,Equity Shares,10950.0,0.0,0.0,0.0,0.0,20212.0,0.0,31162.0,0.0
INFY,2021-06-11 22:39:00,2021-06-09,2021-06-07,2021-06-07,Employees/Designated Employees,ESOP,Buy,Equity Shares,1000.0,0.0,0.0,0.0,0.0,6000.0,0.0,7000.0,0.0
INFY,2021-06-11 22:42:00,2021-06-09,2021-06-09,2021-06-09,Employees/Designated Employees,Market Sale,Sell,Equity Shares,1000.0,0.0,0.0,0.0,0.0,29169.0,0.0,28169.0,0.0
INFY,2021-06-14 19:45:00,2021-06-11,2021-06-09,2021-06-09,Employees/Designated Employees,Market Sale,Sell,Equity Shares,100.0,0.0,0.0,0.0,0.0,48897.0,0.0,48797.0,0.0
INFY,2021-06-14 19:45:00,2021-06-11,2021-06-09,2021-06-11,Employees/Designated Employees,Market Sale,Sell,Equity Shares,900.0,0.0,0.0,0.0,0.0,48797.0,0.0,47897.0,0.0
INFY,2021-06-16 20:43:00,2021-06-16,2021-06-14,2021-06-14,Other,Off Market,Sell,Equity Shares,20059.0,0.0,0.0,0.0,0.0,15165090.0,0.36,15145031.0,0.36
INFY,2021-06-17 23:05:00,2021-06-15,2021-04-14,2021-04-14,Employees/Designated Employees,ESOP,Buy,Equity Shares,500.0,0.0,0.0,0.0,0.0,4872.0,0.0,5372.0,0.0
INFY,2021-06-17 23:05:00,2021-06-15,2021-06-11,2021-06-11,Employees/Designated Employees,Market Purchase,Buy,Equity Shares,600.0,0.0,0.0,0.0,0.0,5372.0,0.0,5972.0,0.0
INFY,2021-06-28 18:16:00,2021-06-25,2021-06-24,2021-06-24,Other,Off Market,Sell,Equity Shares,124.0,0.0,0.0,0.0,0.0,15145031.0,0.36,15144907.0,0.36
INFY,2021-07-13 11:28:00,2021-07-09,2021-07-08,2021-07-08,Other,Off Market,Sell,Equity Shares,3980.0,0.0,0.0,0.0,0.0,15144907.0,0.36,15140927.0,0.36
INFY,2021-07-23 17:15:00,2021-07-23,2021-07-22,2021-07-22,Employees/Designated Employees,Market Sale,Sell,Equity Shares,5250.0,0.0,0.0,0.0,0.0,260859.0,0.0,255609.0,0.0
INFY,2021-07-23 17:15:00,2021-07-22,2021-07-22,2021-07-22,Employees/Designated Employees,Market Sale,Sell,Equity Shares,1625.0,0.0,0.0,0.0,0.0,5266.0,0.0,3641.0,0.0
INFY,2021-07-27 19:30:00,2021-07-27,2021-07-26,2021-07-26,Employees/Designated Employees,Market Sale,Sell,Equity Shares,4000.0,0.0,0.0,0.0,0.0,255609.0,0.0,251609.0,0.0
INFY,2021-07-27 19:30:00,2021-07-27,2021-07-23,2021-07-23,Employees/Designated Employees,Market Sale,Sell,Equity Shares,3000.0,0.0,0.0,0.0,0.0,30031.0,0.0,27031.0,0.0
INFY,2021-07-27 19:30:00,2021-07-27,2021-07-23,2021-07-23,Employees/Designated Employees,Market Sale,Sell,Equity Shares,4000.0,0.0,0.0,0.0,0.0,34031.0,0.0,30031.0,0.0
INFY,2021-07-27 19:30:00,2021-07-27,2021-07-20,2021-07-22,Employees/Designated Employees,Market Sale,Sell,Equity Shares,1500.0,0.0,0.0,0.0,0.0,3324.0,0.0,1824.0,0.0
INFY,2021-07-27 19:30:00,2021-07-27,2021-07-26,2021-07-26,Employees/Designated Employees,Market Sale,Sell,Equity Shares,3000.0,0.0,0.0,0.0,0.0,27031.0,0.0,24031.0,0.0
INFY,2021-07-27 19:30:00,2021-07-26,2021-07-22,2021-07-22,Employees/Designated Employees,Market Sale,Sell,Equity Shares,2926.0,0.0,0.0,0.0,0.0,12913.0,0.0,9987.0,0.0
INFY,2021-07-27 19:30:00,2021-07-27,2021-07-23,2021-07-23,Employees/Designated Employees,Market Sale,Sell,Equity Shares,5000.0,0.0,0.0,0.0,0.0,39031.0,0.0,34031.0,0.0
INFY,2021-07-30 20:02:00,2021-07-29,2021-07-28,2021-07-29,Employees/Designated Employees,Market Sale,Sell,Equity Shares,1000.0,0.0,0.0,0.0,0.0,4001.0,0.0,3001.0,0.0
INFY,2021-07-30 20:02:00,2021-07-29,2021-07-28,2021-07-28,Employees/Designated Employees,Market Sale,Sell,Equity Shares,2000.0,0.0,0.0,0.0,0.0,23282.0,0.0,21282.0,0.0
INFY,2021-08-03 16:53:00,2021-08-03,2021-08-02,2021-08-02,Immediate relative,Others,Buy,Equity Shares,60000.0,0.0,0.0,0.0,0.0,64000.0,0.0,124000.0,0.0
INFY,2021-08-04 18:02:00,2021-08-02,2021-08-02,2021-08-02,Employees/Designated Employees,Market Sale,Sell,Equity Shares,1500.0,0.0,0.0,0.0,0.0,34207.0,0.0,32707.0,0.0
INFY,2021-08-04 18:02:00,2021-08-03,2021-08-03,2021-08-03,Other,Market Sale,Sell,Equity Shares,39577.0,0.0,0.0,0.0,0.0,15140927.0,0.36,15101350.0,0.36
INFY,2021-08-05 18:01:00,2021-08-04,2021-08-02,2021-08-03,Employees/Designated Employees,Market Sale,Sell,Equity Shares,700.0,0.0,0.0,0.0,0.0,47897.0,0.0,47197.0,0.0
INFY,2021-08-05 18:01:00,2021-08-04,2021-08-02,2021-08-03,Employees/Designated Employees,Market Sale,Sell,Equity Shares,700.0,0.0,0.0,0.0,0.0,47897.0,0.0,47197.0,0.0
INFY,2021-08-05 18:01:00,2021-08-05,2021-08-03,2021-08-03,Employees/Designated Employees,Market Sale,Sell,Equity Shares,2000.0,0.0,0.0,0.0,0.0,30737.0,0.0,28737.0,0.0
INFY,2021-08-05 18:01:00,2021-08-05,2021-08-03,2021-08-03,Employees/Designated Employees,Market Sale,Sell,,2000.0,0.0,0.0,0.0,0.0,30737.0,0.0,28737.0,0.0
INFY,2021-08-06 17:47:00,2021-08-05,2021-08-04,2021-08-04,Employees/Designated Employees,Market Sale,Sell,Equity Shares,300.0,0.0,0.0,0.0,0.0,47197.0,0.0,46897.0,0.0
INFY,2021-08-10 19:52:00,2021-08-06,2021-08-06,2021-08-06,Employees/Designated Employees,Market Sale,Sell,Equity Shares,500.0,0.0,0.0,0.0,0.0,46897.0,0.0,46397.0,0.0
INFY,2021-08-10 19:52:00,2021-08-10,2021-08-10,2021-08-10,Employees/Designated Employees,Market Sale,Sell,Equity Shares,2200.0,0.0,0.0,0.0,0.0,9987.0,0.0,7787.0,0.0
INFY,2021-08-10 19:52:00,2021-08-10,2021-08-06,2021-08-06,Other,Off Market,Sell,Equity Shares,85712.0,0.0,0.0,0.0,0.0,15084635.0,0.36,14998923.0,0.36
INFY,2021-08-10 19:52:00,2021-08-10,2021-08-06,2021-08-06,Other,Off Market,Sell,Equity Shares,16715.0,0.0,0.0,0.0,0.0,15101350.0,0.36,15084635.0,0.36
INFY,2021-08-11 18:15:00,2021-08-11,2021-08-10,2021-08-10,-,Market Sale,Sell,Equity Shares,3000.0,0.0,0.0,0.0,0.0,251609.0,0.0,248609.0,0.0
INFY,2021-08-13 17:35:00,2021-08-12,2021-08-11,2021-08-12,-,Market Sale,Sell,Equity Shares,4500.0,0.0,0.0,0.0,0.0,248609.0,0.0,244109.0,0.0
INFY,2021-08-18 18:13:00,2021-08-17,2021-08-16,2021-08-16,-,Market Sale,Sell,Equity Shares,500.0,0.0,0.0,0.0,0.0,244109.0,0.0,243609.0,0.0
INFY,2021-08-18 18:13:00,2021-08-18,2021-08-17,2021-08-17,-,Market Sale,Sell,Equity Shares,9050.0,0.0,0.0,0.0,0.0,243609.0,0.0,234559.0,0.0
INFY,2021-08-20 10:22:00,2021-08-19,2021-08-18,2021-08-18,-,Market Sale,Sell,Equity Shares,1250.0,0.0,0.0,0.0,0.0,234559.0,0.0,233309.0,0.0
INFY,2021-08-20 10:22:00,2021-08-19,2021-08-17,2021-08-17,Other,Off Market,Sell,Equity Shares,40830.0,0.0,0.0,0.0,0.0,14998923.0,0.36,14958093.0,0.36
INFY,2021-08-23 19:00:00,2021-08-20,2021-08-18,2021-08-18,Employees/Designated Employees,Market Sale,Sell,Equity Shares,5000.0,0.0,0.0,0.0,0.0,175000.0,0.0,170000.0,0.0
INFY,2021-08-23 19:00:00,2021-08-21,2021-08-20,2021-08-20,Employees/Designated Employees,Market Sale,Sell,Equity Shares,1818.0,0.0,0.0,0.0,0.0,170000.0,0.0,168182.0,0.0
INFY,2021-08-25 18:04:00,2021-08-25,2021-08-23,2021-08-23,Other,Off Market,Sell,Equity Shares,27618.0,0.0,0.0,0.0,0.0,14958093.0,0.36,14930475.0,0.36
INFY,2021-08-25 18:04:00,2021-08-25,2021-08-24,2021-08-24,-,Market Sale,Sell,Equity Shares,1000.0,0.0,0.0,0.0,0.0,233309.0,0.0,232309.0,0.0
INFY,2021-08-25 18:04:00,2021-08-24,2021-08-23,2021-08-23,Employees/Designated Employees,Market Sale,Sell,Equity Shares,8182.0,0.0,0.0,0.0,0.0,168182.0,0.0,160000.0,0.0
INFY,2021-08-30 21:12:00,2021-08-26,2021-08-13,2021-08-13,Immediate relative,Market Sale,Sell,Equity Shares,5500.0,0.0,0.0,0.0,0.0,28049.0,0.0,22549.0,0.0
INFY,2021-08-30 21:12:00,2021-08-29,2021-08-27,2021-08-27,Employees/Designated Employees,Market Sale,Sell,Equity Shares,681.0,0.0,0.0,0.0,0.0,28737.0,0.0,28056.0,0.0
INFY,2021-08-31 17:02:00,2021-08-30,2021-08-26,2021-08-26,Immediate relative,Market Sale,Sell,Equity Shares,1000.0,0.0,0.0,0.0,0.0,2000.0,0.0,1000.0,0.0
INFY,2021-09-01 17:21:00,2021-08-31,2021-08-30,2021-08-30,Other,Off Market,Sell,Equity Shares,46376.0,0.0,0.0,0.0,0.0,14930475.0,0.36,14884099.0,0.36
INFY,2021-09-03 20:21:00,2021-09-02,2021-09-01,2021-09-01,Employees/Designated Employees,Market Sale,Sell,Equity Shares,400.0,0.0,0.0,0.0,0.0,11718.0,0.0,11318.0,0.0
INFY,2021-09-03 20:21:00,2021-09-02,2021-09-02,2021-09-02,Employees/Designated Employees,Market Sale,Sell,Equity Shares,1200.0,0.0,0.0,0.0,0.0,1200.0,0.0,,0.0
INFY,2021-09-03 20:21:00,2021-09-02,2021-08-31,2021-08-31,Employees/Designated Employees,Market Sale,Sell,Equity Shares,681.0,0.0,0.0,0.0,0.0,28056.0,0.0,27375.0,0.0
INFY,2021-09-03 20:21:00,2021-09-02,2021-08-31,2021-08-31,Employees/Designated Employees,Market Sale,Sell,Equity Shares,1100.0,0.0,0.0,0.0,0.0,12818.0,0.0,11718.0,0.0
INFY,2021-09-06 18:35:00,2021-09-03,2021-09-03,2021-09-03,Employees/Designated Employees,Market Sale,Sell,Equity Shares,1362.0,0.0,0.0,0.0,0.0,27375.0,0.0,26013.0,0.0
INFY,2021-09-13 17:53:00,2021-09-08,2021-09-07,2021-09-07,-,ESOP,Buy,Equity Shares,750.0,0.0,0.0,0.0,0.0,2800.0,0.0,3550.0,0.0
INFY,2021-09-13 17:53:00,2021-09-13,2021-09-09,2021-09-09,Other,Market Sale,Sell,Equity Shares,1478.0,0.0,0.0,0.0,0.0,14844735.0,0.36,14843257.0,0.36
INFY,2021-09-13 17:53:00,2021-09-08,2021-09-07,2021-09-07,Other,Off Market,Sell,Equity Shares,39364.0,0.0,0.0,0.0,0.0,14884099.0,0.36,14844735.0,0.36
INFY,2021-09-17 19:44:00,2021-09-15,2021-09-07,2021-09-14,Employees/Designated Employees,Market Sale,Sell,Equity Shares,3235.0,0.0,0.0,0.0,0.0,13235.0,0.0,10000.0,0.0
INFY,2021-09-17 19:44:00,2021-09-15,2021-09-13,2021-09-13,Employees/Designated Employees,Market Sale,Sell,Equity Shares,2848.0,0.0,0.0,0.0,0.0,2878.0,0.0,30.0,0.0
INFY,2021-09-23 18:41:00,2021-09-22,2021-09-21,2021-09-21,Other,Off Market,Sell,Equity Shares,2672.0,0.0,0.0,0.0,0.0,14843257.0,0.36,14840585.0,0.36
INFY,2021-10-28 18:46:00,2021-10-26,2021-10-22,2021-10-22,Other,Market Sale,Sell,Equity Shares,4304.0,0.0,0.0,0.0,0.0,14840585.0,0.36,14836281.0,0.36
INFY,2021-10-29 21:40:00,2021-10-28,2021-10-22,2021-10-22,Employees/Designated Employees,Market Sale,Sell,Equity Shares,500.0,0.0,0.0,0.0,0.0,26869.0,0.0,26369.0,0.0
INFY,2021-10-29 21:40:00,2021-10-28,2021-10-28,2021-10-28,Employees/Designated Employees,Market Sale,Sell,Equity Shares,2200.0,0.0,0.0,0.0,0.0,26369.0,0.0,24169.0,0.0
INFY,2021-11-02 21:35:00,2021-10-29,2021-10-27,2021-10-27,Other,Off Market,Sell,Equity Shares,263.0,0.0,0.0,0.0,0.0,14833309.0,0.36,14833046.0,0.36
INFY,2021-11-02 21:35:00,2021-11-02,2021-10-29,2021-10-29,Employees/Designated Employees,Market Sale,Sell,Equity Shares,1000.0,0.0,0.0,0.0,0.0,21282.0,0.0,20282.0,0.0
INFY,2021-11-02 21:35:00,2021-10-29,2021-10-27,2021-10-27,Other,Off Market,Sell,Equity Shares,2972.0,0.0,0.0,0.0,0.0,14836281.0,0.36,14833309.0,0.36
INFY,2021-11-11 19:27:00,2021-11-09,2021-11-09,2021-11-09,Other,Market Sale,Sell,Equity Shares,17811.0,0.0,0.0,0.0,0.0,14833046.0,0.35,14815235.0,0.35
INFY,2021-11-12 20:08:00,2021-11-11,2021-11-11,2021-11-11,Promoters,Gift,Sell,Equity Shares,2578417.0,0.0,0.0,0.0,0.0,11887562.0,0.28,9309145.0,0.22
INFY,2021-11-12 20:08:00,2021-11-11,2021-11-11,2021-11-11,Promoter Group,Gift,Buy,Equity Shares,719424.0,0.0,0.0,0.0,0.0,,0.0,719424.0,0.02
INFY,2021-11-12 20:08:00,2021-11-11,2021-11-11,2021-11-11,Promoter Group,Gift,Buy,Equity Shares,2578417.0,0.0,0.0,0.0,0.0,777600.0,0.02,3356017.0,0.08
INFY,2021-11-12 20:08:00,2021-11-11,2021-11-11,2021-11-11,Promoters,Gift,Sell,Equity Shares,719424.0,0.0,0.0,0.0,0.0,9309145.0,0.22,8589721.0,0.2
INFY,2021-11-15 19:10:00,2021-11-13,2021-11-12,2021-11-12,Promoter Group,Gift,Buy,Equity Shares,170000.0,0.0,0.0,0.0,0.0,6509240.0,0.15,6679240.0,0.16
INFY,2021-11-15 19:10:00,2021-11-13,2021-11-12,2021-11-12,Promoters,Gift,Sell,Equity Shares,170000.0,0.0,0.0,0.0,0.0,23874350.0,0.57,23704350.0,0.56
INFY,2021-11-18 20:45:00,2021-11-17,2021-11-15,2021-11-15,Other,Off Market,Sell,Equity Shares,141341.0,0.0,0.0,0.0,0.0,14815235.0,0.35,14673894.0,0.35
INFY,2021-11-18 20:45:00,2021-11-16,2021-11-16,2021-11-16,Employees/Designated Employees,Market Sale,Sell,Equity Shares,2500.0,0.0,0.0,0.0,0.0,7787.0,0.0,5287.0,0.0
INFY,2021-11-23 17:15:00,2021-11-19,2021-11-18,2021-11-18,Employees/Designated Employees,ESOP,Sell,Equity Shares,3914.0,0.0,0.0,0.0,0.0,93400.0,0.0,89486.0,0.0
INFY,2021-11-23 17:15:00,2021-11-19,2021-11-18,2021-11-18,Employees/Designated Employees,ESOP,Buy,Equity Shares,6724.0,0.0,0.0,0.0,0.0,86676.0,0.0,93400.0,0.0
INFY,2021-11-23 17:15:00,2021-11-19,2021-11-18,2021-11-18,Other,Market Sale,Sell,Equity Shares,3914.0,0.0,0.0,0.0,0.0,14673894.0,0.35,14669980.0,0.35
INFY,2021-11-24 17:02:00,2021-11-23,2021-11-22,2021-11-22,Other,Market Sale,Sell,Equity Shares,1212.0,0.0,0.0,0.0,0.0,14669980.0,0.35,14668768.0,0.35
INFY,2021-11-25 20:44:00,2021-11-24,2021-11-23,2021-11-23,Other,Off Market,Sell,Equity Shares,87753.0,0.0,0.0,0.0,0.0,14668768.0,0.35,14581015.0,0.35
INFY,2021-11-30 19:24:00,2021-11-29,2021-11-26,2021-11-26,Other,Off Market,Sell,Equity Shares,45059.0,0.0,0.0,0.0,0.0,14581015.0,0.35,14535956.0,0.35
INFY,2021-12-02 16:30:00,2021-11-30,2021-11-26,2021-11-26,Other,Off Market,Sell,Equity Shares,864.0,0.0,0.0,0.0,0.0,14535956.0,0.35,14535092.0,0.35
INFY,2021-12-14 17:36:00,2021-12-10,2021-12-10,2021-12-10,Employees/Designated Employees,Market Sale,Sell,Equity Shares,7000.0,0.0,0.0,0.0,0.0,7061.0,0.0,61.0,0.0
INFY,2021-12-14 17:36:00,2021-12-10,2021-12-09,2021-12-09,Employees/Designated Employees,ESOP,Buy,Equity Shares,1000.0,0.0,0.0,0.0,0.0,13121.0,0.0,14121.0,0.0
INFY,2021-12-14 17:36:00,2021-12-13,2021-12-10,2021-12-10,Employees/Designated Employees,ESOP,Buy,Equity Shares,29200.0,0.0,0.0,0.0,0.0,5420.0,0.0,34620.0,0.0
INFY,2021-12-14 17:36:00,2021-12-13,2021-12-10,2021-12-10,Employees/Designated Employees,ESOP,Sell,Equity Shares,29200.0,0.0,0.0,0.0,0.0,34620.0,0.0,5420.0,0.0
INFY,2021-12-14 17:36:00,2021-12-13,2021-12-10,2021-12-10,Employees/Designated Employees,ESOP,Buy,Equity Shares,24900.0,0.0,0.0,0.0,0.0,23875.0,0.0,48775.0,0.0
INFY,2021-12-14 17:36:00,2021-12-13,2021-12-10,2021-12-10,Employees/Designated Employees,ESOP,Sell,Equity Shares,24900.0,0.0,0.0,0.0,0.0,48775.0,0.0,23875.0,0.0
INFY,2021-12-14 17:36:00,2021-12-10,2021-12-09,2021-12-09,Other,Off Market,Sell,Equity Shares,67955.0,0.0,0.0,0.0,0.0,14535092.0,0.34,14467137.0,0.34
INFY,2021-12-17 17:16:00,2021-12-16,2021-12-15,2021-12-15,Immediate relative,Market Sale,Sell,Equity Shares,1000.0,0.0,0.0,0.0,0.0,5200.0,0.0,4200.0,0.0
INFY,2021-12-21 18:47:00,2021-12-20,2021-12-16,2021-12-16,Other,Off Market,Sell,Equity Shares,9456.0,0.0,0.0,0.0,0.0,14467137.0,0.34,14457681.0,0.34
INFY,2021-12-30 18:09:00,2021-12-29,2021-12-27,2021-12-27,Other,Off Market,Sell,Equity Shares,2961.0,0.0,0.0,0.0,0.0,14457681.0,0.34,14454720.0,0.34
INFY,2022-01-18 18:08:00,2022-01-17,2022-01-17,2022-01-17,Employees/Designated Employees,Market Sale,Sell,Equity Shares,2737.0,0.0,0.0,0.0,0.0,5287.0,0.0,2550.0,0.0
INFY,2022-01-18 18:08:00,2022-01-18,2022-01-17,2022-01-17,Employees/Designated Employees,Market Sale,Sell,Equity Shares,2000.0,0.0,0.0,0.0,0.0,16373.0,0.0,14373.0,0.0
INFY,2022-01-18 18:08:00,2022-01-17,2022-01-17,2022-01-17,Employees/Designated Employees,Market Sale,Sell,Equity Shares,2000.0,0.0,0.0,0.0,0.0,20282.0,0.0,18282.0,0.0
INFY,2022-01-24 18:15:00,2022-01-21,2022-01-20,2022-01-20,Other,Market Sale,Sell,Equity Shares,60089.0,0.0,0.0,0.0,0.0,14454720.0,0.34,14394631.0,0.34
INFY,2022-01-31 18:22:00,2022-01-29,2022-01-28,2022-01-28,Promoter Group,Gift,Sell,Equity Shares,6967934.0,0.0,0.0,0.0,0.0,13935868.0,0.33,6967934.0,0.17
INFY,2022-01-31 18:22:00,2022-01-29,2022-01-28,2022-01-28,Promoter Group,Gift,Buy,Equity Shares,6967934.0,0.0,0.0,0.0,0.0,,0.0,6967934.0,0.17
INFY,2022-01-31 18:22:00,2022-01-27,2022-01-24,2022-01-24,Employees/Designated Employees,ESOP,Buy,Equity Shares,9726.0,0.0,0.0,0.0,0.0,56397.0,0.0,66123.0,0.0
INFY,2022-01-31 18:22:00,2022-01-27,2022-01-24,2022-01-24,Employees/Designated Employees,ESOP,Sell,Equity Shares,2300.0,0.0,0.0,0.0,0.0,66123.0,0.0,63823.0,0.0
INFY,2022-01-31 18:22:00,2022-01-28,2022-01-28,2022-01-28,Employees/Designated Employees,Market Sale,Sell,Equity Shares,10000.0,0.0,0.0,0.0,0.0,65392.0,0.0,55392.0,0.0
INFY,2022-02-01 19:18:00,2022-01-31,2022-01-27,2022-01-27,Other,Off Market,Sell,Equity Shares,884.0,0.0,0.0,0.0,0.0,14333076.0,0.34,14332192.0,0.34
INFY,2022-02-01 19:18:00,2022-01-31,2022-01-27,2022-01-27,Other,Off Market,Sell,Equity Shares,61555.0,0.0,0.0,0.0,0.0,14394631.0,0.34,14333076.0,0.34
INFY,2022-02-09 18:15:00,2022-02-08,2022-02-04,2022-02-04,Employees/Designated Employees,ESOP,Buy,Equity Shares,500.0,0.0,0.0,0.0,0.0,30860.0,0.0,31360.0,0.0
INFY,2022-02-09 18:15:00,2022-02-08,2022-02-04,2022-02-04,Employees/Designated Employees,ESOP,Sell,Equity Shares,184.0,0.0,0.0,0.0,0.0,31360.0,0.0,31176.0,0.0
INFY,2022-02-09 18:15:00,2022-02-08,2022-02-04,2022-02-04,Employees/Designated Employees,ESOP,Buy,Equity Shares,1000.0,0.0,0.0,0.0,0.0,7502.0,0.0,8502.0,0.0
INFY,2022-02-09 18:15:00,2022-02-08,2022-02-04,2022-02-04,Employees/Designated Employees,ESOP,Sell,Equity Shares,368.0,0.0,0.0,0.0,0.0,8502.0,0.0,8134.0,0.0
INFY,2022-02-09 18:15:00,2022-02-08,2022-02-04,2022-02-04,Employees/Designated Employees,ESOP,Buy,Equity Shares,5687.0,0.0,0.0,0.0,0.0,53298.0,0.0,58985.0,0.0
INFY,2022-02-09 18:15:00,2022-02-08,2022-02-04,2022-02-04,Employees/Designated Employees,ESOP,Sell,Equity Shares,2273.0,0.0,0.0,0.0,0.0,58985.0,0.0,56712.0,0.0
INFY,2022-02-09 18:15:00,2022-02-08,2022-02-04,2022-02-04,Employees/Designated Employees,ESOP,Buy,Equity Shares,4837.0,0.0,0.0,0.0,0.0,89486.0,0.0,94323.0,0.0
INFY,2022-02-09 18:15:00,2022-02-08,2022-02-04,2022-02-04,Employees/Designated Employees,ESOP,Sell,Equity Shares,1933.0,0.0,0.0,0.0,0.0,94323.0,0.0,92390.0,0.0
INFY,2022-02-09 18:15:00,2022-02-08,2022-02-04,2022-02-04,Employees/Designated Employees,ESOP,Buy,Equity Shares,1850.0,0.0,0.0,0.0,0.0,24169.0,0.0,26019.0,0.0
INFY,2022-02-09 18:15:00,2022-02-08,2022-02-04,2022-02-04,Employees/Designated Employees,ESOP,Sell,Equity Shares,681.0,0.0,0.0,0.0,0.0,26019.0,0.0,25338.0,0.0
INFY,2022-02-09 18:15:00,2022-02-08,2022-01-19,2022-02-04,Employees/Designated Employees,Market Sale,Sell,Equity Shares,500.0,0.0,0.0,0.0,0.0,32707.0,0.0,32207.0,0.0
INFY,2022-02-09 18:15:00,2022-02-08,2022-02-04,2022-02-04,Employees/Designated Employees,ESOP,Buy,Equity Shares,1587.0,0.0,0.0,0.0,0.0,32207.0,0.0,33794.0,0.0
INFY,2022-02-09 18:15:00,2022-02-08,2022-02-04,2022-02-04,Employees/Designated Employees,ESOP,Sell,Equity Shares,584.0,0.0,0.0,0.0,0.0,33794.0,0.0,33210.0,0.0
INFY,2022-02-09 18:15:00,2022-02-08,2022-02-04,2022-02-04,Employees/Designated Employees,ESOP,Buy,Equity Shares,2737.0,0.0,0.0,0.0,0.0,232309.0,0.0,235046.0,0.0
INFY,2022-02-09 18:15:00,2022-02-08,2022-02-04,2022-02-04,Employees/Designated Employees,ESOP,Sell,Equity Shares,1094.0,0.0,0.0,0.0,0.0,235046.0,0.0,233952.0,0.0
INFY,2022-02-09 18:15:00,2022-02-08,2022-02-04,2022-02-04,Employees/Designated Employees,ESOP,Buy,Equity Shares,1612.0,0.0,0.0,0.0,0.0,35147.0,0.0,36759.0,0.0
INFY,2022-02-09 18:15:00,2022-02-08,2022-02-04,2022-02-04,Employees/Designated Employees,ESOP,Sell,Equity Shares,593.0,0.0,0.0,0.0,0.0,36759.0,0.0,36166.0,0.0
INFY,2022-02-09 18:15:00,2022-02-08,2022-02-04,2022-02-04,Employees/Designated Employees,ESOP,Buy,Equity Shares,6100.0,0.0,0.0,0.0,0.0,58208.0,0.0,64308.0,0.0
INFY,2022-02-09 18:15:00,2022-02-08,2022-02-04,2022-02-04,Employees/Designated Employees,ESOP,Sell,Equity Shares,2670.0,0.0,0.0,0.0,0.0,64308.0,0.0,61638.0,0.0
INFY,2022-02-09 18:15:00,2022-02-08,2022-02-04,2022-02-04,Employees/Designated Employees,ESOP,Buy,Equity Shares,1512.0,0.0,0.0,0.0,0.0,28287.0,0.0,29799.0,0.0
INFY,2022-02-09 18:15:00,2022-02-08,2022-02-04,2022-02-04,Employees/Designated Employees,ESOP,Sell,Equity Shares,557.0,0.0,0.0,0.0,0.0,29799.0,0.0,29242.0,0.0
INFY,2022-02-09 18:15:00,2022-02-08,2022-02-04,2022-02-04,Employees/Designated Employees,ESOP,Buy,Equity Shares,1937.0,0.0,0.0,0.0,0.0,14155.0,0.0,16092.0,0.0
INFY,2022-02-09 18:15:00,2022-02-08,2022-02-04,2022-02-04,Employees/Designated Employees,ESOP,Sell,Equity Shares,774.0,0.0,0.0,0.0,0.0,16092.0,0.0,15318.0,0.0
INFY,2022-02-09 18:15:00,2022-02-07,2022-02-04,2022-02-04,Director,ESOP,Buy,Equity Shares,22901.0,0.0,0.0,0.0,0.0,652562.0,0.0,675463.0,0.0
INFY,2022-02-09 18:15:00,2022-02-07,2022-02-04,2022-02-04,Director,ESOP,Sell,Equity Shares,10022.0,0.0,0.0,0.0,0.0,675463.0,0.0,665441.0,0.0
INFY,2022-02-09 18:15:00,2022-02-07,2022-02-04,2022-02-04,Other,Market Sale,Sell,Equity Shares,33548.0,0.0,0.0,0.0,0.0,14332192.0,0.34,14298644.0,0.34
INFY,2022-02-09 18:15:00,2022-02-08,2022-02-04,2022-02-04,Employees/Designated Employees,ESOP,Buy,Equity Shares,1425.0,0.0,0.0,0.0,0.0,6100.0,0.0,7525.0,0.0
INFY,2022-02-09 18:15:00,2022-02-08,2022-02-04,2022-02-04,Employees/Designated Employees,ESOP,Sell,Equity Shares,525.0,0.0,0.0,0.0,0.0,7525.0,0.0,7000.0,0.0
INFY,2022-02-09 18:15:00,2022-02-08,2022-02-04,2022-02-04,Employees/Designated Employees,ESOP,Buy,Equity Shares,4250.0,0.0,0.0,0.0,0.0,46397.0,0.0,50647.0,0.0
INFY,2022-02-09 18:15:00,2022-02-08,2022-02-04,2022-02-04,Employees/Designated Employees,ESOP,Sell,Equity Shares,1698.0,0.0,0.0,0.0,0.0,50647.0,0.0,48949.0,0.0
INFY,2022-02-09 18:15:00,2022-02-08,2022-02-04,2022-02-04,Employees/Designated Employees,ESOP,Buy,Equity Shares,1975.0,0.0,0.0,0.0,0.0,405983.0,0.0,407958.0,0.0
INFY,2022-02-09 18:15:00,2022-02-08,2022-02-04,2022-02-04,Employees/Designated Employees,ESOP,Sell,Equity Shares,790.0,0.0,0.0,0.0,0.0,407958.0,0.0,407168.0,0.0
INFY,2022-02-09 18:15:00,2022-02-08,2022-02-04,2022-02-04,Employees/Designated Employees,ESOP,Buy,Equity Shares,4600.0,0.0,0.0,0.0,0.0,160000.0,0.0,164600.0,0.0
INFY,2022-02-09 18:15:00,2022-02-08,2022-02-04,2022-02-04,Employees/Designated Employees,ESOP,Sell,Equity Shares,1838.0,0.0,0.0,0.0,0.0,164600.0,0.0,162762.0,0.0
INFY,2022-02-11 17:35:00,2022-02-10,2022-02-09,2022-02-09,Other,Off Market,Sell,Equity Shares,49828.0,0.0,0.0,0.0,0.0,14298644.0,0.34,14248816.0,0.34
INFY,2022-02-11 17:35:00,2022-02-10,2022-02-09,2022-02-09,Employees/Designated Employees,ESOP,Buy,Equity Shares,2437.0,0.0,0.0,0.0,0.0,26324.0,0.0,28761.0,0.0
INFY,2022-02-11 17:35:00,2022-02-10,2022-02-09,2022-02-09,Employees/Designated Employees,ESOP,Buy,Equity Shares,2200.0,0.0,0.0,0.0,0.0,2550.0,0.0,4750.0,0.0
INFY,2022-02-11 17:35:00,2022-02-10,2022-02-09,2022-02-09,Other,Off Market,Sell,Equity Shares,19220.0,0.0,0.0,0.0,0.0,14248816.0,0.34,14229596.0,0.34
INFY,2022-02-15 21:28:00,2022-02-14,2022-02-10,2022-02-10,Employees/Designated Employees,ESOP,Buy,Equity Shares,625.0,0.0,0.0,0.0,0.0,10180.0,0.0,10805.0,0.0
INFY,2022-02-15 21:28:00,2022-02-14,2022-02-10,2022-02-10,Employees/Designated Employees,ESOP,Buy,Equity Shares,625.0,0.0,0.0,0.0,0.0,3641.0,0.0,4266.0,0.0
INFY,2022-02-15 21:28:00,2022-02-14,2022-02-10,2022-02-10,Employees/Designated Employees,ESOP,Buy,Equity Shares,1462.0,0.0,0.0,0.0,0.0,21663.0,0.0,23125.0,0.0
INFY,2022-02-15 21:28:00,2022-02-11,2022-02-10,2022-02-10,Other,Off Market,Sell,Equity Shares,21167.0,0.0,0.0,0.0,0.0,14229596.0,0.34,14208429.0,0.34
INFY,2022-02-15 21:28:00,2022-02-14,2022-02-10,2022-02-10,Key Managerial Personnel,ESOP,Buy,Equity Shares,3470.0,0.0,0.0,0.0,0.0,27355.0,0.0,30825.0,0.0
INFY,2022-02-15 21:28:00,2022-02-13,2022-01-17,2022-02-10,Employees/Designated Employees,Market Sale,Sell,Equity Shares,100.0,0.0,0.0,0.0,0.0,14021.0,0.0,13921.0,0.0
INFY,2022-02-15 21:28:00,2022-02-13,2022-01-17,2022-02-10,Employees/Designated Employees,ESOP,Buy,Equity Shares,2362.0,0.0,0.0,0.0,0.0,13921.0,0.0,16283.0,0.0
INFY,2022-02-15 21:28:00,2022-02-14,2022-02-10,2022-02-10,Employees/Designated Employees,ESOP,Buy,Equity Shares,1012.0,0.0,0.0,0.0,0.0,11095.0,0.0,12107.0,0.0
INFY,2022-02-15 21:28:00,2022-02-13,2022-01-17,2022-02-10,Employees/Designated Employees,Market Sale,Sell,Equity Shares,100.0,0.0,0.0,0.0,0.0,14121.0,0.0,14021.0,0.0
INFY,2022-02-16 20:33:00,2022-02-15,2022-02-14,2022-02-14,Employees/Designated Employees,ESOP,Sell,Equity Shares,13441.0,0.0,0.0,0.0,0.0,13441.0,0.0,,0.0
INFY,2022-02-16 20:33:00,2022-02-15,2022-02-14,2022-02-14,Employees/Designated Employees,ESOP,Sell,Equity Shares,4825.0,0.0,0.0,0.0,0.0,4825.0,0.0,,0.0
INFY,2022-02-16 20:33:00,2022-02-15,2022-02-14,2022-02-14,Employees/Designated Employees,ESOP,Buy,Equity Shares,10112.0,0.0,0.0,0.0,0.0,23458.0,0.0,33570.0,0.0
INFY,2022-02-16 20:33:00,2022-02-15,2022-02-14,2022-02-14,Employees/Designated Employees,ESOP,Sell,Equity Shares,7172.0,0.0,0.0,0.0,0.0,33570.0,0.0,26398.0,0.0
INFY,2022-02-16 20:33:00,2022-02-15,2022-02-14,2022-02-14,Employees/Designated Employees,ESOP,Buy,Equity Shares,33412.0,0.0,0.0,0.0,0.0,6370.0,0.0,39782.0,0.0
INFY,2022-02-16 20:33:00,2022-02-15,2022-02-14,2022-02-14,Employees/Designated Employees,ESOP,Sell,Equity Shares,18350.0,0.0,0.0,0.0,0.0,39782.0,0.0,21432.0,0.0
INFY,2022-02-16 20:33:00,2022-02-15,2022-02-14,2022-02-14,Employees/Designated Employees,ESOP,Buy,Equity Shares,6950.0,0.0,0.0,0.0,0.0,18287.0,0.0,25237.0,0.0
INFY,2022-02-16 20:33:00,2022-02-15,2022-02-14,2022-02-14,Employees/Designated Employees,ESOP,Sell,Equity Shares,2452.0,0.0,0.0,0.0,0.0,25237.0,0.0,22785.0,0.0
INFY,2022-02-16 20:33:00,2022-02-15,2022-02-14,2022-02-14,Employees/Designated Employees,ESOP,Buy,Equity Shares,4787.0,0.0,0.0,0.0,0.0,30284.0,0.0,35071.0,0.0
INFY,2022-02-16 20:33:00,2022-02-15,2022-02-14,2022-02-14,Employees/Designated Employees,ESOP,Sell,Equity Shares,2352.0,0.0,0.0,0.0,0.0,35071.0,0.0,32719.0,0.0
INFY,2022-02-16 20:33:00,2022-02-15,2022-02-14,2022-02-14,Employees/Designated Employees,ESOP,Buy,Equity Shares,35375.0,0.0,0.0,0.0,0.0,22.0,0.0,35397.0,0.0
INFY,2022-02-16 20:33:00,2022-02-15,2022-02-14,2022-02-14,Employees/Designated Employees,ESOP,Sell,Equity Shares,18000.0,0.0,0.0,0.0,0.0,35397.0,0.0,17397.0,0.0
INFY,2022-02-16 20:33:00,2022-02-15,2022-02-14,2022-02-14,Employees/Designated Employees,ESOP,Buy,Equity Shares,3700.0,0.0,0.0,0.0,0.0,11699.0,0.0,15399.0,0.0
INFY,2022-02-16 20:33:00,2022-02-15,2022-02-14,2022-02-14,Employees/Designated Employees,ESOP,Sell,Equity Shares,1555.0,0.0,0.0,0.0,0.0,15399.0,0.0,13844.0,0.0
INFY,2022-02-16 20:33:00,2022-02-15,2022-02-14,2022-02-14,Employees/Designated Employees,ESOP,Buy,Equity Shares,600.0,0.0,0.0,0.0,0.0,2482.0,0.0,3082.0,0.0
INFY,2022-02-16 20:33:00,2022-02-15,2022-02-14,2022-02-14,Employees/Designated Employees,ESOP,Sell,Equity Shares,250.0,0.0,0.0,0.0,0.0,3082.0,0.0,2832.0,0.0
INFY,2022-02-16 20:33:00,2022-02-15,2022-02-14,2022-02-14,Employees/Designated Employees,ESOP,Buy,Equity Shares,717.0,0.0,0.0,0.0,0.0,2965.0,0.0,3682.0,0.0
INFY,2022-02-16 20:33:00,2022-02-15,2022-02-14,2022-02-14,Employees/Designated Employees,ESOP,Sell,Equity Shares,260.0,0.0,0.0,0.0,0.0,3682.0,0.0,3422.0,0.0
INFY,2022-02-16 20:33:00,2022-02-15,2022-02-14,2022-02-14,Employees/Designated Employees,ESOP,Buy,Equity Shares,375.0,0.0,0.0,0.0,0.0,4084.0,0.0,4459.0,0.0
INFY,2022-02-16 20:33:00,2022-02-15,2022-02-14,2022-02-14,Employees/Designated Employees,ESOP,Sell,Equity Shares,135.0,0.0,0.0,0.0,0.0,4459.0,0.0,4324.0,0.0
INFY,2022-02-16 20:33:00,2022-02-15,2022-02-14,2022-02-14,Employees/Designated Employees,ESOP,Buy,Equity Shares,3337.0,0.0,0.0,0.0,0.0,21218.0,0.0,24555.0,0.0
INFY,2022-02-16 20:33:00,2022-02-15,2022-02-14,2022-02-14,Employees/Designated Employees,ESOP,Sell,Equity Shares,1639.0,0.0,0.0,0.0,0.0,24555.0,0.0,22916.0,0.0
INFY,2022-02-16 20:33:00,2022-02-15,2022-02-14,2022-02-14,Employees/Designated Employees,ESOP,Buy,Equity Shares,3475.0,0.0,0.0,0.0,0.0,3784.0,0.0,7259.0,0.0
INFY,2022-02-16 20:33:00,2022-02-15,2022-02-14,2022-02-14,Employees/Designated Employees,ESOP,Sell,Equity Shares,1934.0,0.0,0.0,0.0,0.0,7259.0,0.0,5325.0,0.0
INFY,2022-02-16 20:33:00,2022-02-15,2022-02-14,2022-02-14,Employees/Designated Employees,ESOP,Buy,Equity Shares,3975.0,0.0,0.0,0.0,0.0,10000.0,0.0,13975.0,0.0
INFY,2022-02-16 20:33:00,2022-02-15,2022-02-14,2022-02-14,Employees/Designated Employees,ESOP,Sell,Equity Shares,1402.0,0.0,0.0,0.0,0.0,13975.0,0.0,12573.0,0.0
INFY,2022-02-16 20:33:00,2022-02-15,2022-02-14,2022-02-14,Employees/Designated Employees,ESOP,Buy,Equity Shares,500.0,0.0,0.0,0.0,0.0,1950.0,0.0,2450.0,0.0
INFY,2022-02-16 20:33:00,2022-02-15,2022-02-14,2022-02-14,Employees/Designated Employees,ESOP,Sell,Equity Shares,215.0,0.0,0.0,0.0,0.0,2450.0,0.0,2235.0,0.0
INFY,2022-02-16 20:33:00,2022-02-15,2022-02-14,2022-02-14,Employees/Designated Employees,ESOP,Buy,Equity Shares,3512.0,0.0,0.0,0.0,0.0,14941.0,0.0,18453.0,0.0
INFY,2022-02-16 20:33:00,2022-02-15,2022-02-14,2022-02-14,Employees/Designated Employees,ESOP,Sell,Equity Shares,17.0,0.0,0.0,0.0,0.0,18453.0,0.0,18436.0,0.0
INFY,2022-02-16 20:33:00,2022-02-15,2022-02-14,2022-02-14,Employees/Designated Employees,ESOP,Buy,Equity Shares,7125.0,0.0,0.0,0.0,0.0,55392.0,0.0,62517.0,0.0
INFY,2022-02-16 20:33:00,2022-02-15,2022-02-14,2022-02-14,Employees/Designated Employees,ESOP,Sell,Equity Shares,2515.0,0.0,0.0,0.0,0.0,62517.0,0.0,60002.0,0.0
INFY,2022-02-16 20:33:00,2022-02-15,2022-02-14,2022-02-14,Employees/Designated Employees,ESOP,Buy,Equity Shares,3612.0,0.0,0.0,0.0,0.0,11414.0,0.0,15026.0,0.0
INFY,2022-02-16 20:33:00,2022-02-15,2022-02-14,2022-02-14,Employees/Designated Employees,ESOP,Sell,Equity Shares,1570.0,0.0,0.0,0.0,0.0,15026.0,0.0,13456.0,0.0
INFY,2022-02-16 20:33:00,2022-02-15,2022-02-14,2022-02-14,Employees/Designated Employees,ESOP,Buy,Equity Shares,3062.0,0.0,0.0,0.0,0.0,9052.0,0.0,12114.0,0.0
INFY,2022-02-16 20:33:00,2022-02-15,2022-02-14,2022-02-14,Employees/Designated Employees,ESOP,Sell,Equity Shares,1524.0,0.0,0.0,0.0,0.0,12114.0,0.0,10590.0,0.0
INFY,2022-02-16 20:33:00,2022-02-15,2022-02-14,2022-02-14,Employees/Designated Employees,ESOP,Buy,Equity Shares,500.0,0.0,0.0,0.0,0.0,799.0,0.0,1299.0,0.0
INFY,2022-02-16 20:33:00,2022-02-15,2022-02-14,2022-02-14,Employees/Designated Employees,ESOP,Sell,Equity Shares,235.0,0.0,0.0,0.0,0.0,1299.0,0.0,1064.0,0.0
INFY,2022-02-16 20:33:00,2022-02-15,2022-02-14,2022-02-14,Employees/Designated Employees,ESOP,Buy,Equity Shares,3437.0,0.0,0.0,0.0,0.0,8006.0,0.0,11443.0,0.0
INFY,2022-02-16 20:33:00,2022-02-15,2022-02-14,2022-02-14,Employees/Designated Employees,ESOP,Sell,Equity Shares,1913.0,0.0,0.0,0.0,0.0,11443.0,0.0,9530.0,0.0
INFY,2022-02-16 20:33:00,2022-02-15,2022-02-14,2022-02-14,Employees/Designated Employees,ESOP,Buy,Equity Shares,10900.0,0.0,0.0,0.0,0.0,63823.0,0.0,74723.0,0.0
INFY,2022-02-16 20:33:00,2022-02-15,2022-02-14,2022-02-14,Employees/Designated Employees,ESOP,Sell,Equity Shares,3850.0,0.0,0.0,0.0,0.0,74723.0,0.0,70873.0,0.0
INFY,2022-02-16 20:33:00,2022-02-15,2022-02-14,2022-02-14,Employees/Designated Employees,ESOP,Buy,Equity Shares,8662.0,0.0,0.0,0.0,0.0,,0.0,8662.0,0.0
INFY,2022-02-16 20:33:00,2022-02-15,2022-02-14,2022-02-14,Employees/Designated Employees,ESOP,Sell,Equity Shares,8662.0,0.0,0.0,0.0,0.0,8662.0,0.0,,0.0
INFY,2022-02-16 20:33:00,2022-02-15,2022-02-14,2022-02-14,Employees/Designated Employees,ESOP,Buy,Equity Shares,11475.0,0.0,0.0,0.0,0.0,,0.0,11475.0,0.0
INFY,2022-02-16 20:33:00,2022-02-15,2022-02-14,2022-02-14,Employees/Designated Employees,ESOP,Sell,Equity Shares,11475.0,0.0,0.0,0.0,0.0,11475.0,0.0,,0.0
INFY,2022-02-16 20:33:00,2022-02-15,2022-02-14,2022-02-14,Employees/Designated Employees,ESOP,Buy,Equity Shares,13441.0,0.0,0.0,0.0,0.0,,0.0,13441.0,0.0
INFY,2022-02-16 20:33:00,2022-02-15,2022-02-14,2022-02-14,Employees/Designated Employees,ESOP,Sell,Equity Shares,10287.0,0.0,0.0,0.0,0.0,13762.0,0.0,3475.0,0.0
INFY,2022-02-16 20:33:00,2022-02-15,2022-02-14,2022-02-14,Employees/Designated Employees,ESOP,Buy,Equity Shares,3537.0,0.0,0.0,0.0,0.0,,0.0,3537.0,0.0
INFY,2022-02-16 20:33:00,2022-02-15,2022-02-14,2022-02-14,Employees/Designated Employees,ESOP,Sell,Equity Shares,3537.0,0.0,0.0,0.0,0.0,3537.0,0.0,,0.0
INFY,2022-02-16 20:33:00,2022-02-15,2022-02-14,2022-02-14,Employees/Designated Employees,ESOP,Buy,Equity Shares,750.0,0.0,0.0,0.0,0.0,1944.0,0.0,2694.0,0.0
INFY,2022-02-16 20:33:00,2022-02-15,2022-02-14,2022-02-14,Employees/Designated Employees,ESOP,Sell,Equity Shares,750.0,0.0,0.0,0.0,0.0,2694.0,0.0,1944.0,0.0
INFY,2022-02-16 20:33:00,2022-02-15,2022-02-14,2022-02-14,Employees/Designated Employees,ESOP,Buy,Equity Shares,7050.0,0.0,0.0,0.0,0.0,24350.0,0.0,31400.0,0.0
INFY,2022-02-16 20:33:00,2022-02-15,2022-02-14,2022-02-14,Employees/Designated Employees,ESOP,Sell,Equity Shares,7050.0,0.0,0.0,0.0,0.0,31400.0,0.0,24350.0,0.0
INFY,2022-02-16 20:33:00,2022-02-15,2022-02-14,2022-02-14,Employees/Designated Employees,ESOP,Buy,Equity Shares,4825.0,0.0,0.0,0.0,0.0,,0.0,4825.0,0.0
INFY,2022-02-16 20:33:00,2022-02-15,2022-02-14,2022-02-14,Employees/Designated Employees,ESOP,Buy,Equity Shares,10287.0,0.0,0.0,0.0,0.0,3475.0,0.0,13762.0,0.0
INFY,2022-02-23 17:12:00,2022-02-22,2022-02-18,2022-02-18,Other,Off Market,Sell,Equity Shares,13974.0,0.0,0.0,0.0,0.0,14208429.0,0.34,14194455.0,0.34
INFY,2022-02-23 17:12:00,2022-02-21,2022-02-15,2022-02-15,Employees/Designated Employees,Market Sale,Sell,Equity Shares,876.0,0.0,0.0,0.0,0.0,24013.0,0.0,23137.0,0.0
INFY,2022-02-23 17:12:00,2022-02-22,2022-02-18,2022-02-18,Employees/Designated Employees,ESOP,Buy,Equity Shares,6237.0,0.0,0.0,0.0,0.0,24031.0,0.0,30268.0,0.0
INFY,2022-02-23 17:12:00,2022-02-21,2022-02-04,2022-02-17,Employees/Designated Employees,ESOP,Sell,Equity Shares,132.0,0.0,0.0,0.0,0.0,3842.0,0.0,3710.0,0.0
INFY,2022-02-23 17:12:00,2022-02-21,2022-02-04,2022-02-17,Employees/Designated Employees,Market Sale,Sell,Equity Shares,1000.0,0.0,0.0,0.0,0.0,3710.0,0.0,2710.0,0.0
INFY,2022-02-23 17:12:00,2022-02-21,2022-02-04,2022-02-17,Employees/Designated Employees,ESOP,Buy,Equity Shares,375.0,0.0,0.0,0.0,0.0,3467.0,0.0,3842.0,0.0
INFY,2022-02-25 18:00:00,2022-02-24,2022-02-23,2022-02-23,Employees/Designated Employees,Market Sale,Sell,Equity Shares,1000.0,0.0,0.0,0.0,0.0,23137.0,0.0,22137.0,0.0
INFY,2022-02-25 18:00:00,2022-02-24,2022-02-23,2022-02-23,Other,Market Sale,Sell,Equity Shares,11850.0,0.0,0.0,0.0,0.0,14194455.0,0.34,14182605.0,0.34
INFY,2022-02-25 18:00:00,2022-02-24,2022-02-23,2022-02-23,Employees/Designated Employees,ESOP,Buy,Equity Shares,6726.0,0.0,0.0,0.0,0.0,92390.0,0.0,99116.0,0.0
INFY,2022-02-25 18:00:00,2022-02-24,2022-02-23,2022-02-23,Employees/Designated Employees,ESOP,Sell,Equity Shares,3950.0,0.0,0.0,0.0,0.0,104666.0,0.0,100716.0,0.0
INFY,2022-02-25 18:00:00,2022-02-24,2022-02-23,2022-02-23,Employees/Designated Employees,ESOP,Buy,Equity Shares,6724.0,0.0,0.0,0.0,0.0,95166.0,0.0,101890.0,0.0
INFY,2022-02-25 18:00:00,2022-02-24,2022-02-23,2022-02-23,Employees/Designated Employees,ESOP,Sell,Equity Shares,3950.0,0.0,0.0,0.0,0.0,101890.0,0.0,97940.0,0.0
INFY,2022-02-25 18:00:00,2022-02-24,2022-02-23,2022-02-23,Employees/Designated Employees,ESOP,Buy,Equity Shares,6726.0,0.0,0.0,0.0,0.0,97940.0,0.0,104666.0,0.0
INFY,2022-02-25 18:00:00,2022-02-24,2022-02-23,2022-02-23,Employees/Designated Employees,ESOP,Sell,Equity Shares,3950.0,0.0,0.0,0.0,0.0,99116.0,0.0,95166.0,0.0
INFY,2022-03-02 21:49:00,2022-03-01,2022-02-25,2022-02-25,Employees/Designated Employees,ESOP,Buy,Equity Shares,3762.0,0.0,0.0,0.0,0.0,40719.0,0.0,44481.0,0.0
INFY,2022-03-02 21:49:00,2022-03-01,2022-02-25,2022-02-25,Employees/Designated Employees,ESOP,Buy,Equity Shares,2562.0,0.0,0.0,0.0,0.0,17932.0,0.0,20494.0,0.0
INFY,2022-03-02 21:49:00,2022-03-01,2022-02-25,2022-02-25,Other,Off Market,Sell,Equity Shares,18212.0,0.0,0.0,0.0,0.0,14182605.0,0.34,14164393.0,0.34
INFY,2022-03-02 21:49:00,2022-02-28,2022-02-25,2022-02-25,Employees/Designated Employees,Market Sale,Sell,Equity Shares,350.0,0.0,0.0,0.0,0.0,18282.0,0.0,17932.0,0.0
INFY,2022-03-08 19:06:00,2022-03-01,2022-02-25,2022-02-25,Employees/Designated Employees,ESOP,Buy,Equity Shares,2912.0,0.0,0.0,0.0,0.0,17932.0,0.0,20844.0,0.0
INFY,2022-03-08 19:12:00,2022-03-06,2022-03-04,2022-03-04,Immediate relative,Market Sale,Sell,Equity Shares,628.0,0.0,0.0,0.0,0.0,653.0,0.0,25.0,0.0
INFY,2022-03-11 21:10:00,2022-03-11,2022-03-09,2022-03-09,Employees/Designated Employees,ESOP,Sell,Equity Shares,128.0,0.0,0.0,0.0,0.0,21120.0,0.0,20992.0,0.0
INFY,2022-03-11 21:10:00,2022-03-10,2022-03-09,2022-03-09,Employees/Designated Employees,Market Sale,Sell,Equity Shares,4000.0,0.0,0.0,0.0,0.0,56712.0,0.0,52712.0,0.0
INFY,2022-03-11 21:10:00,2022-03-10,2022-03-09,2022-03-09,Employees/Designated Employees,ESOP,Buy,Equity Shares,11688.0,0.0,0.0,0.0,0.0,52712.0,0.0,64400.0,0.0
INFY,2022-03-11 21:10:00,2022-03-10,2022-03-09,2022-03-09,Employees/Designated Employees,ESOP,Sell,Equity Shares,4733.0,0.0,0.0,0.0,0.0,64400.0,0.0,59667.0,0.0
INFY,2022-03-11 21:10:00,2022-03-11,2022-03-09,2022-03-09,Employees/Designated Employees,ESOP,Buy,Equity Shares,3589.0,0.0,0.0,0.0,0.0,25338.0,0.0,28927.0,0.0
INFY,2022-03-11 21:10:00,2022-03-11,2022-03-09,2022-03-09,Employees/Designated Employees,ESOP,Sell,Equity Shares,1327.0,0.0,0.0,0.0,0.0,28927.0,0.0,27600.0,0.0
INFY,2022-03-11 21:10:00,2022-03-09,2022-03-09,2022-03-09,Employees/Designated Employees,ESOP,Buy,Equity Shares,7088.0,0.0,0.0,0.0,0.0,44481.0,0.0,51569.0,0.0
INFY,2022-03-11 21:10:00,2022-03-09,2022-03-09,2022-03-09,Other,Market Sale,Sell,Equity Shares,60617.0,0.0,0.0,0.0,0.0,14164393.0,0.34,14103776.0,0.34
INFY,2022-03-11 21:10:00,2022-03-11,2022-03-09,2022-03-09,Employees/Designated Employees,ESOP,Buy,Equity Shares,13927.0,0.0,0.0,0.0,0.0,665441.0,0.0,679368.0,0.0
INFY,2022-03-11 21:10:00,2022-03-11,2022-03-09,2022-03-09,Employees/Designated Employees,ESOP,Sell,Equity Shares,5645.0,0.0,0.0,0.0,0.0,679368.0,0.0,673723.0,0.0
INFY,2022-03-11 21:10:00,2022-03-10,2022-02-04,2022-03-09,Employees/Designated Employees,ESOP,Buy,Equity Shares,250.0,0.0,0.0,0.0,0.0,30.0,0.0,280.0,0.0
INFY,2022-03-11 21:10:00,2022-03-10,2022-02-04,2022-03-09,Employees/Designated Employees,ESOP,Sell,Equity Shares,92.0,0.0,0.0,0.0,0.0,280.0,0.0,188.0,0.0
INFY,2022-03-11 21:10:00,2022-03-10,2022-03-09,2022-03-09,Employees/Designated Employees,ESOP,Buy,Equity Shares,593.0,0.0,0.0,0.0,0.0,188.0,0.0,781.0,0.0
INFY,2022-03-11 21:10:00,2022-03-10,2022-03-09,2022-03-09,Employees/Designated Employees,ESOP,Sell,Equity Shares,202.0,0.0,0.0,0.0,0.0,781.0,0.0,579.0,0.0
INFY,2022-03-11 21:10:00,2022-03-10,2022-02-04,2022-03-09,Employees/Designated Employees,ESOP,Buy,Equity Shares,250.0,0.0,0.0,0.0,0.0,7009.0,0.0,7259.0,0.0
INFY,2022-03-11 21:10:00,2022-03-10,2022-02-04,2022-03-09,Employees/Designated Employees,ESOP,Sell,Equity Shares,88.0,0.0,0.0,0.0,0.0,7259.0,0.0,7171.0,0.0
INFY,2022-03-11 21:10:00,2022-03-10,2022-03-09,2022-03-09,Employees/Designated Employees,ESOP,Buy,Equity Shares,500.0,0.0,0.0,0.0,0.0,7171.0,0.0,7671.0,0.0
INFY,2022-03-11 21:10:00,2022-03-10,2022-03-09,2022-03-09,Employees/Designated Employees,ESOP,Sell,Equity Shares,170.0,0.0,0.0,0.0,0.0,7671.0,0.0,7501.0,0.0
INFY,2022-03-11 21:10:00,2022-03-09,2022-03-07,2022-03-07,Employees/Designated Employees,Market Sale,Sell,Equity Shares,2439.0,0.0,0.0,0.0,0.0,100716.0,0.0,98277.0,0.0
INFY,2022-03-11 21:10:00,2022-03-09,2022-03-08,2022-03-08,Employees/Designated Employees,Market Sale,Sell,Equity Shares,5000.0,0.0,0.0,0.0,0.0,98277.0,0.0,93277.0,0.0
INFY,2022-03-11 21:10:00,2022-03-09,2022-03-09,2022-03-09,Employees/Designated Employees,Market Sale,Sell,Equity Shares,7500.0,0.0,0.0,0.0,0.0,93277.0,0.0,85777.0,0.0
INFY,2022-03-11 21:10:00,2022-03-09,2022-03-09,2022-03-09,Employees/Designated Employees,ESOP,Buy,Equity Shares,9438.0,0.0,0.0,0.0,0.0,85777.0,0.0,95215.0,0.0
INFY,2022-03-11 21:10:00,2022-03-09,2022-03-09,2022-03-09,Employees/Designated Employees,ESOP,Sell,Equity Shares,3490.0,0.0,0.0,0.0,0.0,95215.0,0.0,91725.0,0.0
INFY,2022-03-11 21:10:00,2022-03-10,2022-03-09,2022-03-09,Employees/Designated Employees,ESOP,Buy,Equity Shares,4213.0,0.0,0.0,0.0,0.0,407168.0,0.0,411381.0,0.0
INFY,2022-03-11 21:10:00,2022-03-10,2022-03-09,2022-03-09,Employees/Designated Employees,ESOP,Sell,Equity Shares,1558.0,0.0,0.0,0.0,0.0,411381.0,0.0,409823.0,0.0
INFY,2022-03-11 21:10:00,2022-03-11,2022-03-09,2022-03-09,Employees/Designated Employees,Market Sale,Sell,Equity Shares,500.0,0.0,0.0,0.0,0.0,20844.0,0.0,20344.0,0.0
INFY,2022-03-11 21:10:00,2022-03-11,2022-03-09,2022-03-09,Employees/Designated Employees,ESOP,Buy,Equity Shares,5800.0,0.0,0.0,0.0,0.0,20344.0,0.0,26144.0,0.0
INFY,2022-03-11 21:10:00,2022-03-11,2022-03-09,2022-03-09,Employees/Designated Employees,ESOP,Sell,Equity Shares,2145.0,0.0,0.0,0.0,0.0,26144.0,0.0,23999.0,0.0
INFY,2022-03-11 21:10:00,2022-03-11,2022-03-09,2022-03-09,Employees/Designated Employees,ESOP,Buy,Equity Shares,6400.0,0.0,0.0,0.0,0.0,61638.0,0.0,68038.0,0.0
INFY,2022-03-11 21:10:00,2022-03-11,2022-03-09,2022-03-09,Employees/Designated Employees,ESOP,Buy,Equity Shares,500.0,0.0,0.0,0.0,0.0,31176.0,0.0,31676.0,0.0
INFY,2022-03-11 21:10:00,2022-03-11,2022-03-09,2022-03-09,Employees/Designated Employees,ESOP,Sell,Equity Shares,170.0,0.0,0.0,0.0,0.0,31676.0,0.0,31506.0,0.0
INFY,2022-03-11 21:10:00,2022-03-10,2022-03-09,2022-03-09,Employees/Designated Employees,ESOP,Buy,Equity Shares,9338.0,0.0,0.0,0.0,0.0,162762.0,0.0,172100.0,0.0
INFY,2022-03-11 21:10:00,2022-03-10,2022-03-09,2022-03-09,Employees/Designated Employees,ESOP,Sell,Equity Shares,3782.0,0.0,0.0,0.0,0.0,172100.0,0.0,168318.0,0.0
INFY,2022-03-11 21:10:00,2022-03-10,2022-03-09,2022-03-09,Employees/Designated Employees,ESOP,Buy,Equity Shares,6089.0,0.0,0.0,0.0,0.0,233952.0,0.0,240041.0,0.0
INFY,2022-03-11 21:10:00,2022-03-10,2022-03-09,2022-03-09,Employees/Designated Employees,ESOP,Sell,Equity Shares,2252.0,0.0,0.0,0.0,0.0,240041.0,0.0,237789.0,0.0
INFY,2022-03-11 21:10:00,2022-03-11,2022-03-09,2022-03-09,Employees/Designated Employees,ESOP,Buy,Equity Shares,1363.0,0.0,0.0,0.0,0.0,33210.0,0.0,34573.0,0.0
INFY,2022-03-11 21:10:00,2022-03-11,2022-03-09,2022-03-09,Employees/Designated Employees,ESOP,Sell,Equity Shares,505.0,0.0,0.0,0.0,0.0,34573.0,0.0,34068.0,0.0
INFY,2022-03-11 21:10:00,2022-03-10,2022-03-09,2022-03-09,Employees/Designated Employees,ESOP,Buy,Equity Shares,1343.0,0.0,0.0,0.0,0.0,8134.0,0.0,9477.0,0.0
INFY,2022-03-11 21:10:00,2022-03-10,2022-03-09,2022-03-09,Employees/Designated Employees,ESOP,Sell,Equity Shares,457.0,0.0,0.0,0.0,0.0,9477.0,0.0,9020.0,0.0
INFY,2022-03-11 21:10:00,2022-03-11,2022-03-09,2022-03-09,Employees/Designated Employees,ESOP,Sell,Equity Shares,2594.0,0.0,0.0,0.0,0.0,68038.0,0.0,65444.0,0.0
INFY,2022-03-11 21:10:00,2022-03-11,2022-03-09,2022-03-09,Employees/Designated Employees,ESOP,Buy,Equity Shares,3288.0,0.0,0.0,0.0,0.0,15318.0,0.0,18606.0,0.0
INFY,2022-03-11 21:10:00,2022-03-11,2022-03-09,2022-03-09,Employees/Designated Employees,ESOP,Sell,Equity Shares,1216.0,0.0,0.0,0.0,0.0,18606.0,0.0,17390.0,0.0
INFY,2022-03-11 21:10:00,2022-03-11,2022-03-09,2022-03-09,Employees/Designated Employees,ESOP,Buy,Equity Shares,6038.0,0.0,0.0,0.0,0.0,14373.0,0.0,20411.0,0.0
INFY,2022-03-11 21:10:00,2022-03-11,2022-03-09,2022-03-09,Employees/Designated Employees,ESOP,Sell,Equity Shares,2233.0,0.0,0.0,0.0,0.0,20411.0,0.0,18178.0,0.0
INFY,2022-03-11 21:10:00,2022-03-11,2022-02-04,2022-03-09,Employees/Designated Employees,ESOP,Buy,Equity Shares,375.0,0.0,0.0,0.0,0.0,20449.0,0.0,20824.0,0.0
INFY,2022-03-11 21:10:00,2022-03-11,2022-02-04,2022-03-09,Employees/Designated Employees,ESOP,Sell,Equity Shares,138.0,0.0,0.0,0.0,0.0,20824.0,0.0,20686.0,0.0
INFY,2022-03-11 21:10:00,2022-03-11,2022-03-09,2022-03-09,Employees/Designated Employees,ESOP,Buy,Equity Shares,875.0,0.0,0.0,0.0,0.0,20686.0,0.0,21561.0,0.0
INFY,2022-03-11 21:10:00,2022-03-11,2022-03-09,2022-03-09,Employees/Designated Employees,ESOP,Sell,Equity Shares,298.0,0.0,0.0,0.0,0.0,21561.0,0.0,21263.0,0.0
INFY,2022-03-11 21:10:00,2022-03-09,2022-03-09,2022-03-09,Employees/Designated Employees,ESOP,Buy,Equity Shares,838.0,0.0,0.0,0.0,0.0,2710.0,0.0,3548.0,0.0
INFY,2022-03-11 21:10:00,2022-03-09,2022-03-09,2022-03-09,Employees/Designated Employees,ESOP,Sell,Equity Shares,286.0,0.0,0.0,0.0,0.0,3548.0,0.0,3262.0,0.0
INFY,2022-03-11 21:10:00,2022-03-09,2022-03-09,2022-03-09,Employees/Designated Employees,ESOP,Sell,Equity Shares,2870.0,0.0,0.0,0.0,0.0,51569.0,0.0,48699.0,0.0
INFY,2022-03-11 21:10:00,2022-03-11,2022-03-09,2022-03-09,Employees/Designated Employees,ESOP,Buy,Equity Shares,3051.0,0.0,0.0,0.0,0.0,29242.0,0.0,32293.0,0.0
INFY,2022-03-11 21:10:00,2022-03-11,2022-03-09,2022-03-09,Employees/Designated Employees,ESOP,Sell,Equity Shares,1129.0,0.0,0.0,0.0,0.0,32293.0,0.0,31164.0,0.0
INFY,2022-03-11 21:10:00,2022-03-10,2022-03-09,2022-03-09,Employees/Designated Employees,ESOP,Buy,Equity Shares,1888.0,0.0,0.0,0.0,0.0,36166.0,0.0,38054.0,0.0
INFY,2022-03-11 21:10:00,2022-03-10,2022-03-09,2022-03-09,Employees/Designated Employees,ESOP,Sell,Equity Shares,643.0,0.0,0.0,0.0,0.0,38054.0,0.0,37411.0,0.0
INFY,2022-03-11 21:10:00,2022-03-10,2022-02-04,2022-03-09,Employees/Designated Employees,ESOP,Buy,Equity Shares,375.0,0.0,0.0,0.0,0.0,7375.0,0.0,7750.0,0.0
INFY,2022-03-11 21:10:00,2022-03-10,2022-02-04,2022-03-09,Employees/Designated Employees,ESOP,Sell,Equity Shares,138.0,0.0,0.0,0.0,0.0,7750.0,0.0,7612.0,0.0
INFY,2022-03-11 21:10:00,2022-03-10,2022-03-09,2022-03-09,Employees/Designated Employees,Market Sale,Sell,Equity Shares,1000.0,0.0,0.0,0.0,0.0,7612.0,0.0,6612.0,0.0
INFY,2022-03-11 21:10:00,2022-03-10,2022-03-09,2022-03-09,Employees/Designated Employees,ESOP,Buy,Equity Shares,1125.0,0.0,0.0,0.0,0.0,6612.0,0.0,7737.0,0.0
INFY,2022-03-11 21:10:00,2022-03-10,2022-03-09,2022-03-09,Employees/Designated Employees,ESOP,Sell,Equity Shares,383.0,0.0,0.0,0.0,0.0,7737.0,0.0,7354.0,0.0
INFY,2022-03-11 21:10:00,2022-03-10,2022-03-09,2022-03-09,Employees/Designated Employees,ESOP,Buy,Equity Shares,7438.0,0.0,0.0,0.0,0.0,48949.0,0.0,56387.0,0.0
INFY,2022-03-11 21:10:00,2022-03-10,2022-03-09,2022-03-09,Employees/Designated Employees,ESOP,Sell,Equity Shares,2750.0,0.0,0.0,0.0,0.0,56387.0,0.0,53637.0,0.0
INFY,2022-03-11 21:10:00,2022-03-10,2022-03-09,2022-03-09,Employees/Designated Employees,Market Sale,Sell,Equity Shares,3500.0,0.0,0.0,0.0,0.0,7000.0,0.0,3500.0,0.0
INFY,2022-03-11 21:10:00,2022-03-10,2022-03-09,2022-03-09,Employees/Designated Employees,ESOP,Buy,Equity Shares,2038.0,0.0,0.0,0.0,0.0,3500.0,0.0,5538.0,0.0
INFY,2022-03-11 21:10:00,2022-03-10,2022-03-09,2022-03-09,Employees/Designated Employees,ESOP,Sell,Equity Shares,754.0,0.0,0.0,0.0,0.0,5538.0,0.0,4784.0,0.0
INFY,2022-03-11 21:10:00,2022-03-11,2022-02-18,2022-03-09,Employees/Designated Employees,ESOP,Buy,Equity Shares,500.0,0.0,0.0,0.0,0.0,20245.0,0.0,20745.0,0.0
INFY,2022-03-11 21:10:00,2022-03-11,2022-03-09,2022-03-09,Employees/Designated Employees,ESOP,Buy,Equity Shares,375.0,0.0,0.0,0.0,0.0,20745.0,0.0,21120.0,0.0
INFY,2022-03-15 22:33:00,2022-03-12,2022-03-10,2022-03-10,Employees/Designated Employees,ESOP,Buy,Equity Shares,1400.0,0.0,0.0,0.0,0.0,2649.0,0.0,4049.0,0.0
INFY,2022-03-15 22:33:00,2022-03-12,2022-03-10,2022-03-10,Employees/Designated Employees,ESOP,Sell,Equity Shares,539.0,0.0,0.0,0.0,0.0,4049.0,0.0,3510.0,0.0
INFY,2022-03-15 22:33:00,2022-03-12,2022-03-10,2022-03-10,Employees/Designated Employees,ESOP,Buy,Equity Shares,13759.0,0.0,0.0,0.0,0.0,16301.0,0.0,30060.0,0.0
INFY,2022-03-15 22:33:00,2022-03-11,2022-03-10,2022-03-10,Employees/Designated Employees,ESOP,Buy,Equity Shares,1784.0,0.0,0.0,0.0,0.0,2235.0,0.0,4019.0,0.0
INFY,2022-03-15 22:33:00,2022-03-11,2022-03-10,2022-03-10,Employees/Designated Employees,ESOP,Sell,Equity Shares,770.0,0.0,0.0,0.0,0.0,4019.0,0.0,3249.0,0.0
INFY,2022-03-15 22:33:00,2022-03-11,2022-03-10,2022-03-10,Employees/Designated Employees,ESOP,Buy,Equity Shares,21106.0,0.0,0.0,0.0,0.0,60002.0,0.0,81108.0,0.0
INFY,2022-03-15 22:33:00,2022-03-11,2022-03-10,2022-03-10,Employees/Designated Employees,ESOP,Sell,Equity Shares,5950.0,0.0,0.0,0.0,0.0,81108.0,0.0,75158.0,0.0
INFY,2022-03-15 22:33:00,2022-03-11,2022-03-10,2022-03-10,Employees/Designated Employees,ESOP,Buy,Equity Shares,14698.0,0.0,0.0,0.0,0.0,45700.0,0.0,60398.0,0.0
INFY,2022-03-15 22:33:00,2022-03-11,2022-03-10,2022-03-10,Employees/Designated Employees,ESOP,Sell,Equity Shares,4225.0,0.0,0.0,0.0,0.0,60398.0,0.0,56173.0,0.0
INFY,2022-03-15 22:33:00,2022-03-11,2022-03-10,2022-03-10,Employees/Designated Employees,ESOP,Buy,Equity Shares,5262.0,0.0,0.0,0.0,0.0,56173.0,0.0,61435.0,0.0
INFY,2022-03-15 22:33:00,2022-03-11,2022-03-10,2022-03-10,Employees/Designated Employees,ESOP,Buy,Equity Shares,9876.0,0.0,0.0,0.0,0.0,26701.0,0.0,36577.0,0.0
INFY,2022-03-15 22:33:00,2022-03-11,2022-03-10,2022-03-10,Employees/Designated Employees,ESOP,Sell,Equity Shares,2763.0,0.0,0.0,0.0,0.0,36577.0,0.0,33814.0,0.0
INFY,2022-03-15 22:33:00,2022-03-11,2022-03-10,2022-03-10,Employees/Designated Employees,ESOP,Buy,Equity Shares,10213.0,0.0,0.0,0.0,0.0,,0.0,10213.0,0.0
INFY,2022-03-15 22:33:00,2022-03-11,2022-03-10,2022-03-10,Employees/Designated Employees,ESOP,Sell,Equity Shares,10213.0,0.0,0.0,0.0,0.0,10213.0,0.0,,0.0
INFY,2022-03-15 22:33:00,2022-03-11,2022-03-10,2022-03-10,Employees/Designated Employees,ESOP,Buy,Equity Shares,19593.0,0.0,0.0,0.0,0.0,32719.0,0.0,52312.0,0.0
INFY,2022-03-15 22:33:00,2022-03-11,2022-03-10,2022-03-10,Employees/Designated Employees,ESOP,Sell,Equity Shares,7446.0,0.0,0.0,0.0,0.0,52312.0,0.0,44866.0,0.0
INFY,2022-03-15 22:33:00,2022-03-11,2022-03-10,2022-03-10,Employees/Designated Employees,ESOP,Buy,Equity Shares,13272.0,0.0,0.0,0.0,0.0,12573.0,0.0,25845.0,0.0
INFY,2022-03-15 22:33:00,2022-03-11,2022-03-10,2022-03-10,Employees/Designated Employees,ESOP,Sell,Equity Shares,4863.0,0.0,0.0,0.0,0.0,25845.0,0.0,20982.0,0.0
INFY,2022-03-15 22:33:00,2022-03-11,2022-03-10,2022-03-10,Employees/Designated Employees,ESOP,Buy,Equity Shares,15250.0,0.0,0.0,0.0,0.0,7813.0,0.0,23063.0,0.0
INFY,2022-03-15 22:33:00,2022-03-11,2022-03-10,2022-03-10,Employees/Designated Employees,ESOP,Sell,Equity Shares,15250.0,0.0,0.0,0.0,0.0,23063.0,0.0,7813.0,0.0
INFY,2022-03-15 22:33:00,2022-03-11,2022-03-10,2022-03-10,Employees/Designated Employees,ESOP,Buy,Equity Shares,1672.0,0.0,0.0,0.0,0.0,2832.0,0.0,4504.0,0.0
INFY,2022-03-15 22:33:00,2022-03-11,2022-03-10,2022-03-10,Employees/Designated Employees,ESOP,Sell,Equity Shares,640.0,0.0,0.0,0.0,0.0,4504.0,0.0,3864.0,0.0
INFY,2022-03-15 22:33:00,2022-03-11,2022-03-10,2022-03-10,Employees/Designated Employees,ESOP,Buy,Equity Shares,86568.0,0.0,0.0,0.0,0.0,21432.0,0.0,108000.0,0.0
INFY,2022-03-15 22:33:00,2022-03-11,2022-03-10,2022-03-10,Employees/Designated Employees,ESOP,Sell,Equity Shares,42400.0,0.0,0.0,0.0,0.0,108000.0,0.0,65600.0,0.0
INFY,2022-03-15 22:33:00,2022-03-11,2022-03-10,2022-03-10,Employees/Designated Employees,ESOP,Buy,Equity Shares,6963.0,0.0,0.0,0.0,0.0,1944.0,0.0,8907.0,0.0
INFY,2022-03-15 22:33:00,2022-03-11,2022-03-10,2022-03-10,Employees/Designated Employees,ESOP,Sell,Equity Shares,6963.0,0.0,0.0,0.0,0.0,8907.0,0.0,1944.0,0.0
INFY,2022-03-15 22:33:00,2022-03-11,2022-03-10,2022-03-10,Employees/Designated Employees,ESOP,Buy,Equity Shares,7147.0,0.0,0.0,0.0,0.0,13844.0,0.0,20991.0,0.0
INFY,2022-03-15 22:33:00,2022-03-11,2022-03-10,2022-03-10,Employees/Designated Employees,ESOP,Sell,Equity Shares,7147.0,0.0,0.0,0.0,0.0,20991.0,0.0,13844.0,0.0
INFY,2022-03-15 22:33:00,2022-03-11,2022-03-10,2022-03-10,Employees/Designated Employees,ESOP,Buy,Equity Shares,7013.0,0.0,0.0,0.0,0.0,18436.0,0.0,25449.0,0.0
INFY,2022-03-15 22:33:00,2022-03-11,2022-03-10,2022-03-10,Employees/Designated Employees,ESOP,Sell,Equity Shares,35.0,0.0,0.0,0.0,0.0,25449.0,0.0,25414.0,0.0
INFY,2022-03-15 22:33:00,2022-03-11,2022-03-10,2022-03-10,Employees/Designated Employees,ESOP,Buy,Equity Shares,11672.0,0.0,0.0,0.0,0.0,22785.0,0.0,34457.0,0.0
INFY,2022-03-15 22:33:00,2022-03-11,2022-03-10,2022-03-10,Employees/Designated Employees,ESOP,Sell,Equity Shares,3417.0,0.0,0.0,0.0,0.0,34457.0,0.0,31040.0,0.0
INFY,2022-03-15 22:33:00,2022-03-12,2022-03-10,2022-03-10,Employees/Designated Employees,ESOP,Buy,Equity Shares,11385.0,0.0,0.0,0.0,0.0,22916.0,0.0,34301.0,0.0
INFY,2022-03-15 22:33:00,2022-03-12,2022-03-10,2022-03-10,Employees/Designated Employees,ESOP,Sell,Equity Shares,4146.0,0.0,0.0,0.0,0.0,34301.0,0.0,30155.0,0.0
INFY,2022-03-15 22:33:00,2022-03-12,2022-03-10,2022-03-10,Employees/Designated Employees,ESOP,Buy,Equity Shares,83893.0,0.0,0.0,0.0,0.0,17397.0,0.0,101290.0,0.0
INFY,2022-03-15 22:33:00,2022-03-12,2022-03-10,2022-03-10,Employees/Designated Employees,ESOP,Sell,Equity Shares,38650.0,0.0,0.0,0.0,0.0,101290.0,0.0,62640.0,0.0
INFY,2022-03-15 22:33:00,2022-03-13,2022-03-10,2022-03-10,Employees/Designated Employees,ESOP,Buy,Equity Shares,8175.0,0.0,0.0,0.0,0.0,5325.0,0.0,13500.0,0.0
INFY,2022-03-15 22:33:00,2022-03-13,2022-03-10,2022-03-10,Employees/Designated Employees,ESOP,Sell,Equity Shares,4242.0,0.0,0.0,0.0,0.0,13500.0,0.0,9258.0,0.0
INFY,2022-03-15 22:33:00,2022-03-12,2022-03-10,2022-03-10,Employees/Designated Employees,ESOP,Buy,Equity Shares,5000.0,0.0,0.0,0.0,0.0,22137.0,0.0,27137.0,0.0
INFY,2022-03-15 22:33:00,2022-03-12,2022-03-10,2022-03-10,Employees/Designated Employees,ESOP,Sell,Equity Shares,5000.0,0.0,0.0,0.0,0.0,27137.0,0.0,22137.0,0.0
INFY,2022-03-15 22:33:00,2022-03-12,2022-03-10,2022-03-10,Employees/Designated Employees,ESOP,Buy,Equity Shares,7639.0,0.0,0.0,0.0,0.0,22137.0,0.0,29776.0,0.0
INFY,2022-03-15 22:33:00,2022-03-12,2022-03-10,2022-03-10,Employees/Designated Employees,ESOP,Sell,Equity Shares,3102.0,0.0,0.0,0.0,0.0,29776.0,0.0,26674.0,0.0
INFY,2022-03-15 22:33:00,2022-03-12,2022-03-10,2022-03-10,Employees/Designated Employees,ESOP,Buy,Equity Shares,4812.0,0.0,0.0,0.0,0.0,26674.0,0.0,31486.0,0.0
INFY,2022-03-22 16:32:00,2022-03-17,2022-03-15,2022-03-15,Employees/Designated Employees,ESOP,Buy,Equity Shares,5201.0,0.0,0.0,0.0,0.0,28761.0,0.0,33962.0,0.0
INFY,2022-03-22 16:32:00,2022-03-17,2022-03-16,2022-03-16,Employees/Designated Employees,ESOP,Buy,Equity Shares,2667.0,0.0,0.0,0.0,0.0,33962.0,0.0,36629.0,0.0
INFY,2022-03-22 16:32:00,2022-03-17,2022-03-15,2022-03-15,Other,Off Market,Sell,Equity Shares,338041.0,0.0,0.0,0.0,0.0,14103776.0,0.34,13765735.0,0.34
INFY,2022-03-22 16:32:00,2022-03-17,2022-02-09,2022-02-09,Employees/Designated Employees,ESOP,Buy,Equity Shares,250.0,0.0,0.0,0.0,0.0,2323.0,0.0,2573.0,0.0
INFY,2022-03-22 16:32:00,2022-03-17,2022-03-15,2022-03-15,Employees/Designated Employees,ESOP,Buy,Equity Shares,275.0,0.0,0.0,0.0,0.0,2573.0,0.0,2848.0,0.0
INFY,2022-03-22 16:32:00,2022-03-17,2022-03-16,2022-03-16,Employees/Designated Employees,ESOP,Buy,Equity Shares,1000.0,0.0,0.0,0.0,0.0,3262.0,0.0,4262.0,0.0
INFY,2022-03-22 16:32:00,2022-03-17,2022-03-16,2022-03-16,Employees/Designated Employees,ESOP,Buy,Equity Shares,667.0,0.0,0.0,0.0,0.0,2848.0,0.0,3515.0,0.0
INFY,2022-03-22 16:32:00,2022-03-17,2022-02-09,2022-02-09,Employees/Designated Employees,ESOP,Buy,Equity Shares,375.0,0.0,0.0,0.0,0.0,4724.0,0.0,5099.0,0.0
INFY,2022-03-22 16:32:00,2022-03-17,2022-03-15,2022-03-15,Employees/Designated Employees,ESOP,Buy,Equity Shares,626.0,0.0,0.0,0.0,0.0,5099.0,0.0,5725.0,0.0
INFY,2022-03-22 16:32:00,2022-03-17,2022-03-15,2022-03-15,Employees/Designated Employees,ESOP,Buy,Equity Shares,2125.0,0.0,0.0,0.0,0.0,76410.0,0.0,78535.0,0.0
INFY,2022-03-22 16:32:00,2022-03-17,2022-03-15,2022-03-15,Employees/Designated Employees,Market Sale,Buy,Equity Shares,200.0,0.0,0.0,0.0,0.0,15483.0,0.0,15283.0,0.0
INFY,2022-03-22 16:32:00,2022-03-17,2022-03-15,2022-03-15,Employees/Designated Employees,ESOP,Buy,Equity Shares,4264.0,0.0,0.0,0.0,0.0,15283.0,0.0,19547.0,0.0
INFY,2022-03-22 16:32:00,2022-03-17,2022-03-16,2022-03-16,Employees/Designated Employees,ESOP,Buy,Equity Shares,2000.0,0.0,0.0,0.0,0.0,19547.0,0.0,21547.0,0.0
INFY,2022-03-22 16:32:00,2022-03-17,2022-02-11,2022-02-11,Employees/Designated Employees,ESOP,Buy,Equity Shares,375.0,0.0,0.0,0.0,0.0,49384.0,0.0,49759.0,0.0
INFY,2022-03-22 16:32:00,2022-03-17,2022-03-15,2022-03-15,Employees/Designated Employees,ESOP,Buy,Equity Shares,876.0,0.0,0.0,0.0,0.0,49759.0,0.0,50635.0,0.0
INFY,2022-03-22 16:32:00,2022-03-17,2022-03-15,2022-03-15,Employees/Designated Employees,ESOP,Buy,Equity Shares,5288.0,0.0,0.0,0.0,0.0,4750.0,0.0,10038.0,0.0
INFY,2022-03-22 16:32:00,2022-03-17,2022-03-16,2022-03-16,Employees/Designated Employees,ESOP,Buy,Equity Shares,3334.0,0.0,0.0,0.0,0.0,10038.0,0.0,13372.0,0.0
INFY,2022-03-22 16:32:00,2022-03-17,2022-03-16,2022-03-16,Employees/Designated Employees,ESOP,Buy,Equity Shares,667.0,0.0,0.0,0.0,0.0,1460.0,0.0,2127.0,0.0
INFY,2022-03-22 16:32:00,2022-03-17,2022-02-09,2022-02-09,Employees/Designated Employees,ESOP,Buy,Equity Shares,375.0,0.0,0.0,0.0,0.0,3150.0,0.0,3525.0,0.0
INFY,2022-03-22 16:32:00,2022-03-17,2022-03-15,2022-03-15,Employees/Designated Employees,ESOP,Buy,Equity Shares,250.0,0.0,0.0,0.0,0.0,3525.0,0.0,3775.0,0.0
INFY,2022-03-22 16:32:00,2022-03-17,2022-03-16,2022-03-16,Employees/Designated Employees,ESOP,Buy,Equity Shares,1000.0,0.0,0.0,0.0,0.0,3775.0,0.0,4775.0,0.0
INFY,2022-03-22 16:32:00,2022-03-17,2022-03-15,2022-03-15,Employees/Designated Employees,ESOP,Buy,Equity Shares,6875.0,0.0,0.0,0.0,0.0,30268.0,0.0,37143.0,0.0
INFY,2022-03-22 16:32:00,2022-03-17,2022-03-15,2022-03-15,Employees/Designated Employees,ESOP,Buy,Equity Shares,3750.0,0.0,0.0,0.0,0.0,12437.0,0.0,16187.0,0.0
INFY,2022-03-22 16:32:00,2022-03-17,2022-03-15,2022-03-15,Employees/Designated Employees,ESOP,Buy,Equity Shares,775.0,0.0,0.0,0.0,0.0,1778.0,0.0,2553.0,0.0
INFY,2022-03-22 16:32:00,2022-03-17,2022-03-16,2022-03-16,Employees/Designated Employees,ESOP,Buy,Equity Shares,667.0,0.0,0.0,0.0,0.0,2553.0,0.0,3220.0,0.0
INFY,2022-03-22 16:32:00,2022-03-17,2022-03-15,2022-03-15,Employees/Designated Employees,ESOP,Buy,Equity Shares,10325.0,0.0,0.0,0.0,0.0,116141.0,0.0,126466.0,0.0
INFY,2022-03-22 16:32:00,2022-03-17,2022-03-16,2022-03-16,Employees/Designated Employees,ESOP,Buy,Equity Shares,2000.0,0.0,0.0,0.0,0.0,14750.0,0.0,16750.0,0.0
INFY,2022-03-22 16:32:00,2022-03-17,2022-03-15,2022-03-15,Employees/Designated Employees,ESOP,Buy,Equity Shares,4062.0,0.0,0.0,0.0,0.0,16102.0,0.0,20164.0,0.0
INFY,2022-03-22 16:32:00,2022-03-17,2022-03-15,2022-03-15,Employees/Designated Employees,ESOP,Buy,Equity Shares,2863.0,0.0,0.0,0.0,0.0,23125.0,0.0,25988.0,0.0
INFY,2022-03-22 16:32:00,2022-03-17,2022-03-16,2022-03-16,Employees/Designated Employees,ESOP,Buy,Equity Shares,2000.0,0.0,0.0,0.0,0.0,25988.0,0.0,27988.0,0.0
INFY,2022-03-22 16:32:00,2022-03-17,2022-02-11,2022-02-11,Employees/Designated Employees,ESOP,Buy,Equity Shares,500.0,0.0,0.0,0.0,0.0,8172.0,0.0,8672.0,0.0
INFY,2022-03-22 16:32:00,2022-03-17,2022-03-15,2022-03-15,Employees/Designated Employees,ESOP,Buy,Equity Shares,500.0,0.0,0.0,0.0,0.0,8672.0,0.0,9172.0,0.0
INFY,2022-03-22 16:32:00,2022-03-17,2022-03-16,2022-03-16,Employees/Designated Employees,ESOP,Buy,Equity Shares,1334.0,0.0,0.0,0.0,0.0,9172.0,0.0,10506.0,0.0
INFY,2022-03-22 16:32:00,2022-03-17,2022-03-16,2022-03-16,Employees/Designated Employees,ESOP,Buy,Equity Shares,1000.0,0.0,0.0,0.0,0.0,20992.0,0.0,21992.0,0.0
INFY,2022-03-22 16:32:00,2022-03-17,2022-03-15,2022-03-15,Employees/Designated Employees,ESOP,Buy,Equity Shares,5625.0,0.0,0.0,0.0,0.0,30825.0,0.0,36450.0,0.0
INFY,2022-03-22 16:32:00,2022-03-17,2022-03-15,2022-03-15,Employees/Designated Employees,ESOP,Buy,Equity Shares,826.0,0.0,0.0,0.0,0.0,17800.0,0.0,18626.0,0.0
INFY,2022-03-22 16:32:00,2022-03-17,2022-03-16,2022-03-16,Employees/Designated Employees,ESOP,Buy,Equity Shares,1000.0,0.0,0.0,0.0,0.0,18626.0,0.0,19626.0,0.0
INFY,2022-03-22 16:32:00,2022-03-17,2022-02-09,2022-02-09,Employees/Designated Employees,ESOP,Buy,Equity Shares,250.0,0.0,0.0,0.0,0.0,2984.0,0.0,3234.0,0.0
INFY,2022-03-22 16:32:00,2022-03-17,2022-03-16,2022-03-16,Employees/Designated Employees,ESOP,Buy,Equity Shares,667.0,0.0,0.0,0.0,0.0,3234.0,0.0,3901.0,0.0
INFY,2022-03-22 16:32:00,2022-03-17,2022-02-09,2022-02-09,Employees/Designated Employees,ESOP,Buy,Equity Shares,500.0,0.0,0.0,0.0,0.0,11318.0,0.0,11818.0,0.0
INFY,2022-03-22 16:32:00,2022-03-17,2022-03-15,2022-03-15,Employees/Designated Employees,ESOP,Buy,Equity Shares,400.0,0.0,0.0,0.0,0.0,11818.0,0.0,12218.0,0.0
INFY,2022-03-22 16:32:00,2022-03-17,2022-03-15,2022-03-15,Employees/Designated Employees,ESOP,Buy,Equity Shares,275.0,0.0,0.0,0.0,0.0,96.0,0.0,371.0,0.0
INFY,2022-03-22 16:32:00,2022-03-17,2022-03-16,2022-03-16,Employees/Designated Employees,ESOP,Buy,Equity Shares,667.0,0.0,0.0,0.0,0.0,371.0,0.0,1038.0,0.0
INFY,2022-03-22 16:32:00,2022-03-17,2022-03-15,2022-03-15,Employees/Designated Employees,ESOP,Buy,Equity Shares,625.0,0.0,0.0,0.0,0.0,1865.0,0.0,2490.0,0.0
INFY,2022-03-22 16:32:00,2022-03-17,2022-02-25,2022-02-25,Employees/Designated Employees,ESOP,Buy,Equity Shares,375.0,0.0,0.0,0.0,0.0,7369.0,0.0,7744.0,0.0
INFY,2022-03-22 16:32:00,2022-03-17,2022-03-15,2022-03-15,Employees/Designated Employees,ESOP,Buy,Equity Shares,525.0,0.0,0.0,0.0,0.0,7744.0,0.0,8269.0,0.0
INFY,2022-03-22 16:32:00,2022-03-17,2022-03-16,2022-03-16,Employees/Designated Employees,ESOP,Buy,Equity Shares,667.0,0.0,0.0,0.0,0.0,8269.0,0.0,8936.0,0.0
INFY,2022-03-22 16:32:00,2022-03-17,2022-02-18,2022-02-18,Employees/Designated Employees,ESOP,Buy,Equity Shares,375.0,0.0,0.0,0.0,0.0,5540.0,0.0,5915.0,0.0
INFY,2022-03-22 16:32:00,2022-03-17,2022-03-15,2022-03-15,Employees/Designated Employees,ESOP,Buy,Equity Shares,500.0,0.0,0.0,0.0,0.0,5915.0,0.0,6415.0,0.0
INFY,2022-03-22 16:32:00,2022-03-17,2022-03-16,2022-03-16,Employees/Designated Employees,ESOP,Buy,Equity Shares,1000.0,0.0,0.0,0.0,0.0,6415.0,0.0,7415.0,0.0
INFY,2022-03-22 16:32:00,2022-03-17,2022-02-18,2022-02-18,Employees/Designated Employees,ESOP,Buy,Equity Shares,500.0,0.0,0.0,0.0,0.0,1824.0,0.0,2324.0,0.0
INFY,2022-03-22 16:32:00,2022-03-17,2022-03-15,2022-03-15,Employees/Designated Employees,ESOP,Buy,Equity Shares,626.0,0.0,0.0,0.0,0.0,2324.0,0.0,2950.0,0.0
INFY,2022-03-22 16:32:00,2022-03-17,2022-03-16,2022-03-16,Employees/Designated Employees,ESOP,Buy,Equity Shares,1334.0,0.0,0.0,0.0,0.0,2950.0,0.0,4284.0,0.0
INFY,2022-03-22 16:32:00,2022-03-17,2022-03-15,2022-03-15,Employees/Designated Employees,ESOP,Buy,Equity Shares,1425.0,0.0,0.0,0.0,0.0,13640.0,0.0,15065.0,0.0
INFY,2022-03-22 16:32:00,2022-03-17,2022-03-15,2022-03-15,Employees/Designated Employees,ESOP,Buy,Equity Shares,1000.0,0.0,0.0,0.0,0.0,4266.0,0.0,5266.0,0.0
INFY,2022-03-22 16:32:00,2022-03-17,2022-02-25,2022-02-25,Employees/Designated Employees,ESOP,Buy,Equity Shares,375.0,0.0,0.0,0.0,0.0,3000.0,0.0,3375.0,0.0
INFY,2022-03-22 16:32:00,2022-03-17,2022-03-15,2022-03-15,Employees/Designated Employees,ESOP,Buy,Equity Shares,250.0,0.0,0.0,0.0,0.0,3375.0,0.0,3625.0,0.0
INFY,2022-03-22 16:32:00,2022-03-17,2022-02-11,2022-02-11,Employees/Designated Employees,ESOP,Buy,Equity Shares,500.0,0.0,0.0,0.0,0.0,19100.0,0.0,19600.0,0.0
INFY,2022-03-22 16:32:00,2022-03-17,2022-03-15,2022-03-15,Employees/Designated Employees,ESOP,Buy,Equity Shares,250.0,0.0,0.0,0.0,0.0,19600.0,0.0,19850.0,0.0
INFY,2022-03-22 16:32:00,2022-03-17,2022-03-16,2022-03-16,Employees/Designated Employees,ESOP,Buy,Equity Shares,1000.0,0.0,0.0,0.0,0.0,19850.0,0.0,20850.0,0.0
INFY,2022-03-22 16:32:00,2022-03-17,2022-03-15,2022-03-15,Employees/Designated Employees,ESOP,Buy,Equity Shares,875.0,0.0,0.0,0.0,0.0,7001.0,0.0,7876.0,0.0
INFY,2022-03-22 16:32:00,2022-03-17,2022-03-15,2022-03-15,Employees/Designated Employees,ESOP,Buy,Equity Shares,2325.0,0.0,0.0,0.0,0.0,18178.0,0.0,20503.0,0.0
INFY,2022-03-22 16:32:00,2022-03-17,2022-03-16,2022-03-16,Employees/Designated Employees,ESOP,Buy,Equity Shares,2000.0,0.0,0.0,0.0,0.0,20503.0,0.0,22503.0,0.0
INFY,2022-03-22 16:32:00,2022-03-17,2022-03-15,2022-03-15,Employees/Designated Employees,ESOP,Buy,Equity Shares,2200.0,0.0,0.0,0.0,0.0,12107.0,0.0,14307.0,0.0
INFY,2022-03-22 16:32:00,2022-03-17,2022-03-16,2022-03-16,Employees/Designated Employees,ESOP,Buy,Equity Shares,1667.0,0.0,0.0,0.0,0.0,14307.0,0.0,15974.0,0.0
INFY,2022-03-22 16:32:00,2022-03-17,2022-03-16,2022-03-16,Employees/Designated Employees,ESOP,Buy,Equity Shares,900.0,0.0,0.0,0.0,0.0,27600.0,0.0,28500.0,0.0
INFY,2022-03-25 17:16:00,2022-03-23,2022-03-21,2022-03-21,Employees/Designated Employees,ESOP,Buy,Equity Shares,3400.0,0.0,0.0,0.0,0.0,15065.0,0.0,18465.0,0.0
INFY,2022-03-25 17:16:00,2022-03-23,2022-03-21,2022-03-21,Other,Off Market,Sell,Equity Shares,40023.0,0.0,0.0,0.0,0.0,13765735.0,0.32,13725712.0,0.32
INFY,2022-03-25 17:16:00,2022-03-23,2022-03-21,2022-03-21,Employees/Designated Employees,ESOP,Buy,Equity Shares,925.0,0.0,0.0,0.0,0.0,2800.0,0.0,3725.0,0.0
INFY,2022-04-25 19:21:00,2022-04-22,2022-04-20,2022-04-20,Employees/Designated Employees,ESOP,Buy,Equity Shares,500.0,0.0,0.0,0.0,0.0,1500.0,0.0,2000.0,0.0
INFY,2022-04-25 19:21:00,2022-04-22,2022-04-20,2022-04-20,Employees/Designated Employees,ESOP,Buy,Equity Shares,941.0,0.0,0.0,0.0,0.0,5069.0,0.0,6010.0,0.0
INFY,2022-04-25 19:21:00,2022-04-22,2022-04-20,2022-04-20,Employees/Designated Employees,ESOP,Buy,Equity Shares,1013.0,0.0,0.0,0.0,0.0,6385.0,0.0,7398.0,0.0
INFY,2022-04-25 19:21:00,2022-04-22,2022-04-20,2022-04-20,Employees/Designated Employees,ESOP,Buy,Equity Shares,1125.0,0.0,0.0,0.0,0.0,7625.0,0.0,8750.0,0.0
INFY,2022-04-25 19:21:00,2022-04-22,2022-04-20,2022-04-20,Employees/Designated Employees,ESOP,Buy,Equity Shares,1672.0,0.0,0.0,0.0,0.0,1337.0,0.0,3009.0,0.0
INFY,2022-04-25 19:21:00,2022-04-22,2022-04-20,2022-04-20,Employees/Designated Employees,ESOP,Buy,Equity Shares,1334.0,0.0,0.0,0.0,0.0,,0.0,1334.0,0.0
INFY,2022-04-25 19:21:00,2022-04-22,2022-04-20,2022-04-20,Employees/Designated Employees,ESOP,Buy,Equity Shares,651.0,0.0,0.0,0.0,0.0,2149.0,0.0,2800.0,0.0
INFY,2022-04-25 19:21:00,2022-04-22,2022-04-20,2022-04-20,Employees/Designated Employees,ESOP,Buy,Equity Shares,3763.0,0.0,0.0,0.0,0.0,16031.0,0.0,19794.0,0.0
INFY,2022-04-28 18:58:00,2022-04-27,2022-04-22,2022-04-22,Other,Off Market,Sell,Equity Shares,41472.0,0.0,0.0,0.0,0.0,13725712.0,0.32,13684240.0,0.32
INFY,2022-05-05 16:51:00,2022-05-02,2022-04-28,2022-04-28,Other,Off Market,Sell,Equity Shares,78399.0,0.0,0.0,0.0,0.0,13684240.0,0.3,13605841.0,0.3
INFY,2022-05-05 16:51:00,2022-05-04,2022-04-29,2022-04-29,Other,Market Sale,Sell,Equity Shares,10192.0,0.0,0.0,0.0,0.0,13605841.0,0.3,13595649.0,0.3
INFY,2022-05-09 17:24:00,2022-05-05,2022-05-04,2022-05-04,Other,Market Sale,Sell,Equity Shares,41354.0,0.0,0.0,0.0,0.0,13595649.0,0.32,13554295.0,0.32
INFY,2022-05-12 16:42:00,2022-05-11,2022-05-09,2022-05-09,Other,Off Market,Sell,Equity Shares,99647.0,0.0,0.0,0.0,0.0,13554295.0,0.32,13454648.0,0.32
INFY,2022-05-13 20:57:00,2022-05-12,2022-05-10,2022-05-10,Other,Off Market,Sell,Equity Shares,63404.0,0.0,0.0,0.0,0.0,13454648.0,0.32,13391244.0,0.32
INFY,2022-05-17 17:53:00,2022-03-15,2022-05-12,2022-05-12,Employees/Designated Employees,Market Sale,Sell,Equity Shares,3000.0,0.0,0.0,0.0,0.0,11376.0,0.0,8376.0,0.0
INFY,2022-05-18 17:32:00,2022-05-17,2022-05-17,2022-05-17,Other,Market Sale,Sell,Equity Shares,6641.0,0.0,0.0,0.0,0.0,13331493.0,0.32,13324852.0,0.32
INFY,2022-05-18 17:32:00,2022-05-17,2022-05-12,2022-05-12,Other,Off Market,Sell,Equity Shares,59751.0,0.0,0.0,0.0,0.0,13391244.0,0.32,13331493.0,0.32
INFY,2022-05-24 18:41:00,2022-05-20,2022-05-20,2022-05-20,Employees/Designated Employees,ESOP,Sell,Equity Shares,4253.0,0.0,0.0,0.0,0.0,12066.0,0.0,7813.0,0.0
INFY,2022-05-24 18:41:00,2022-05-20,2022-05-20,2022-05-20,Employees/Designated Employees,ESOP,Buy,Equity Shares,3750.0,0.0,0.0,0.0,0.0,13844.0,0.0,17594.0,0.0
INFY,2022-05-24 18:41:00,2022-05-20,2022-05-20,2022-05-20,Employees/Designated Employees,ESOP,Sell,Equity Shares,3750.0,0.0,0.0,0.0,0.0,17594.0,0.0,13844.0,0.0
INFY,2022-05-24 18:41:00,2022-05-20,2022-05-20,2022-05-20,Employees/Designated Employees,ESOP,Buy,Equity Shares,4133.0,0.0,0.0,0.0,0.0,9258.0,0.0,13391.0,0.0
INFY,2022-05-24 18:41:00,2022-05-20,2022-05-20,2022-05-20,Employees/Designated Employees,ESOP,Sell,Equity Shares,4133.0,0.0,0.0,0.0,0.0,13391.0,0.0,9258.0,0.0
INFY,2022-05-24 18:41:00,2022-05-20,2022-05-20,2022-05-20,Employees/Designated Employees,ESOP,Buy,Equity Shares,6195.0,0.0,0.0,0.0,0.0,18100.0,0.0,24295.0,0.0
INFY,2022-05-24 18:41:00,2022-05-20,2022-05-20,2022-05-20,Employees/Designated Employees,ESOP,Sell,Equity Shares,6195.0,0.0,0.0,0.0,0.0,24295.0,0.0,18100.0,0.0
INFY,2022-05-24 18:41:00,2022-05-20,2022-05-20,2022-05-20,Employees/Designated Employees,ESOP,Buy,Equity Shares,4545.0,0.0,0.0,0.0,0.0,20982.0,0.0,25527.0,0.0
INFY,2022-05-24 18:41:00,2022-05-20,2022-05-20,2022-05-20,Employees/Designated Employees,ESOP,Sell,Equity Shares,2369.0,0.0,0.0,0.0,0.0,25527.0,0.0,23158.0,0.0
INFY,2022-05-24 18:41:00,2022-05-20,2022-05-20,2022-05-20,Employees/Designated Employees,ESOP,Buy,Equity Shares,6295.0,0.0,0.0,0.0,0.0,,0.0,6295.0,0.0
INFY,2022-05-24 18:41:00,2022-05-20,2022-05-20,2022-05-20,Employees/Designated Employees,ESOP,Sell,Equity Shares,6295.0,0.0,0.0,0.0,0.0,6295.0,0.0,,0.0
INFY,2022-05-24 18:41:00,2022-05-20,2022-05-20,2022-05-20,Employees/Designated Employees,ESOP,Buy,Equity Shares,3958.0,0.0,0.0,0.0,0.0,17900.0,0.0,21858.0,0.0
INFY,2022-05-24 18:41:00,2022-05-20,2022-05-20,2022-05-20,Employees/Designated Employees,ESOP,Sell,Equity Shares,1904.0,0.0,0.0,0.0,0.0,21858.0,0.0,19954.0,0.0
INFY,2022-05-24 18:41:00,2022-05-20,2022-05-20,2022-05-20,Employees/Designated Employees,ESOP,Buy,Equity Shares,5653.0,0.0,0.0,0.0,0.0,23875.0,0.0,29528.0,0.0
INFY,2022-05-24 18:41:00,2022-05-20,2022-05-20,2022-05-20,Employees/Designated Employees,ESOP,Sell,Equity Shares,5653.0,0.0,0.0,0.0,0.0,29528.0,0.0,23875.0,0.0
INFY,2022-05-24 18:41:00,2022-05-20,2022-05-20,2022-05-20,Employees/Designated Employees,ESOP,Sell,Equity Shares,5795.0,0.0,0.0,0.0,0.0,12917.0,0.0,7122.0,0.0
INFY,2022-05-24 18:41:00,2022-05-20,2022-05-20,2022-05-20,Employees/Designated Employees,ESOP,Buy,Equity Shares,6587.0,0.0,0.0,0.0,0.0,,0.0,6587.0,0.0
INFY,2022-05-24 18:41:00,2022-05-20,2022-05-20,2022-05-20,Employees/Designated Employees,ESOP,Sell,Equity Shares,6587.0,0.0,0.0,0.0,0.0,6587.0,0.0,,0.0
INFY,2022-05-24 18:41:00,2022-05-20,2022-05-20,2022-05-20,Employees/Designated Employees,ESOP,Buy,Equity Shares,6366.0,0.0,0.0,0.0,0.0,26227.0,0.0,32593.0,0.0
INFY,2022-05-24 18:41:00,2022-05-20,2022-05-20,2022-05-20,Employees/Designated Employees,ESOP,Sell,Equity Shares,4377.0,0.0,0.0,0.0,0.0,32593.0,0.0,28216.0,0.0
INFY,2022-05-24 18:41:00,2022-05-20,2022-05-20,2022-05-20,Employees/Designated Employees,ESOP,Buy,Equity Shares,5091.0,0.0,0.0,0.0,0.0,13507.0,0.0,18598.0,0.0
INFY,2022-05-24 18:41:00,2022-05-20,2022-05-20,2022-05-20,Employees/Designated Employees,ESOP,Sell,Equity Shares,3133.0,0.0,0.0,0.0,0.0,18598.0,0.0,15465.0,0.0
INFY,2022-05-24 18:41:00,2022-05-20,2022-05-20,2022-05-20,Employees/Designated Employees,ESOP,Buy,Equity Shares,5016.0,0.0,0.0,0.0,0.0,24350.0,0.0,29366.0,0.0
INFY,2022-05-24 18:41:00,2022-05-20,2022-05-20,2022-05-20,Employees/Designated Employees,ESOP,Sell,Equity Shares,5016.0,0.0,0.0,0.0,0.0,29366.0,0.0,24350.0,0.0
INFY,2022-05-24 18:41:00,2022-05-20,2022-05-20,2022-05-20,Employees/Designated Employees,ESOP,Buy,Equity Shares,8437.0,0.0,0.0,0.0,0.0,,0.0,8437.0,0.0
INFY,2022-05-24 18:41:00,2022-05-20,2022-05-20,2022-05-20,Employees/Designated Employees,ESOP,Sell,Equity Shares,8437.0,0.0,0.0,0.0,0.0,8437.0,0.0,,0.0
INFY,2022-05-24 18:41:00,2022-05-20,2022-05-20,2022-05-20,Employees/Designated Employees,ESOP,Buy,Equity Shares,866.0,0.0,0.0,0.0,0.0,4159.0,0.0,5025.0,0.0
INFY,2022-05-24 18:41:00,2022-05-20,2022-05-20,2022-05-20,Employees/Designated Employees,ESOP,Sell,Equity Shares,450.0,0.0,0.0,0.0,0.0,5025.0,0.0,4575.0,0.0
INFY,2022-05-24 18:41:00,2022-05-20,2022-05-20,2022-05-20,Employees/Designated Employees,ESOP,Buy,Equity Shares,2367.0,0.0,0.0,0.0,0.0,4802.0,0.0,7169.0,0.0
INFY,2022-05-24 18:41:00,2022-05-20,2022-05-20,2022-05-20,Employees/Designated Employees,ESOP,Sell,Equity Shares,481.0,0.0,0.0,0.0,0.0,7169.0,0.0,6688.0,0.0
INFY,2022-05-24 18:41:00,2022-05-20,2022-05-20,2022-05-20,Employees/Designated Employees,ESOP,Buy,Equity Shares,866.0,0.0,0.0,0.0,0.0,,0.0,866.0,0.0
INFY,2022-05-24 18:41:00,2022-05-20,2022-05-20,2022-05-20,Employees/Designated Employees,ESOP,Sell,Equity Shares,521.0,0.0,0.0,0.0,0.0,866.0,0.0,345.0,0.0
INFY,2022-05-24 18:41:00,2022-05-20,2022-05-20,2022-05-20,Employees/Designated Employees,ESOP,Buy,Equity Shares,866.0,0.0,0.0,0.0,0.0,3249.0,0.0,4115.0,0.0
INFY,2022-05-24 18:41:00,2022-05-20,2022-05-20,2022-05-20,Employees/Designated Employees,ESOP,Sell,Equity Shares,534.0,0.0,0.0,0.0,0.0,4115.0,0.0,3581.0,0.0
INFY,2022-05-24 18:41:00,2022-05-20,2022-05-20,2022-05-20,Employees/Designated Employees,ESOP,Buy,Equity Shares,800.0,0.0,0.0,0.0,0.0,4220.0,0.0,5020.0,0.0
INFY,2022-05-24 18:41:00,2022-05-20,2022-05-20,2022-05-20,Employees/Designated Employees,ESOP,Sell,Equity Shares,313.0,0.0,0.0,0.0,0.0,5020.0,0.0,4707.0,0.0
INFY,2022-05-24 18:41:00,2022-05-20,2022-05-20,2022-05-20,Employees/Designated Employees,ESOP,Buy,Equity Shares,14795.0,0.0,0.0,0.0,0.0,11088.0,0.0,25883.0,0.0
INFY,2022-05-24 18:41:00,2022-05-20,2022-05-20,2022-05-20,Employees/Designated Employees,ESOP,Buy,Equity Shares,10925.0,0.0,0.0,0.0,0.0,19794.0,0.0,30719.0,0.0
INFY,2022-05-24 18:41:00,2022-05-20,2022-05-20,2022-05-20,Employees/Designated Employees,ESOP,Buy,Equity Shares,5275.0,0.0,0.0,0.0,0.0,30060.0,0.0,35335.0,0.0
INFY,2022-05-24 18:41:00,2022-05-20,2022-05-20,2022-05-20,Employees/Designated Employees,ESOP,Buy,Equity Shares,1033.0,0.0,0.0,0.0,0.0,4617.0,0.0,5650.0,0.0
INFY,2022-05-24 18:41:00,2022-05-23,2022-05-19,2022-05-19,Other,Market Sale,Sell,Equity Shares,22698.0,0.0,0.0,0.0,0.0,13324852.0,0.32,13302154.0,0.32
INFY,2022-05-24 18:41:00,2022-05-23,2022-05-20,2022-05-20,Other,Off Market,Sell,Equity Shares,11644.0,0.0,0.0,0.0,0.0,13302154.0,0.32,13290510.0,0.32
INFY,2022-05-24 18:41:00,2022-05-20,2022-05-20,2022-05-20,Employees/Designated Employees,ESOP,Buy,Equity Shares,4541.0,0.0,0.0,0.0,0.0,8376.0,0.0,12917.0,0.0
INFY,2022-05-24 18:41:00,2022-05-20,2022-05-20,2022-05-20,Employees/Designated Employees,ESOP,Buy,Equity Shares,7670.0,0.0,0.0,0.0,0.0,25414.0,0.0,33084.0,0.0
INFY,2022-05-24 18:41:00,2022-05-20,2022-05-20,2022-05-20,Employees/Designated Employees,ESOP,Sell,Equity Shares,44.0,0.0,0.0,0.0,0.0,33084.0,0.0,33040.0,0.0
INFY,2022-05-24 18:41:00,2022-05-20,2022-05-20,2022-05-20,Employees/Designated Employees,ESOP,Buy,Equity Shares,33253.0,0.0,0.0,0.0,0.0,65600.0,0.0,98853.0,0.0
INFY,2022-05-24 18:41:00,2022-05-20,2022-05-20,2022-05-20,Employees/Designated Employees,ESOP,Sell,Equity Shares,20000.0,0.0,0.0,0.0,0.0,98853.0,0.0,78853.0,0.0
INFY,2022-05-24 18:41:00,2022-05-20,2022-05-20,2022-05-20,Employees/Designated Employees,ESOP,Buy,Equity Shares,30928.0,0.0,0.0,0.0,0.0,62640.0,0.0,93568.0,0.0
INFY,2022-05-24 18:41:00,2022-05-20,2022-05-20,2022-05-20,Employees/Designated Employees,ESOP,Sell,Equity Shares,16400.0,0.0,0.0,0.0,0.0,93568.0,0.0,77168.0,0.0
INFY,2022-05-24 18:41:00,2022-05-20,2022-05-20,2022-05-20,Employees/Designated Employees,ESOP,Buy,Equity Shares,12775.0,0.0,0.0,0.0,0.0,85257.0,0.0,98032.0,0.0
INFY,2022-05-24 18:41:00,2022-05-20,2022-05-20,2022-05-20,Employees/Designated Employees,ESOP,Sell,Equity Shares,3925.0,0.0,0.0,0.0,0.0,98032.0,0.0,94107.0,0.0
INFY,2022-05-24 18:41:00,2022-05-20,2022-05-20,2022-05-20,Employees/Designated Employees,ESOP,Buy,Equity Shares,6770.0,0.0,0.0,0.0,0.0,31040.0,0.0,37810.0,0.0
INFY,2022-05-24 18:41:00,2022-05-20,2022-05-20,2022-05-20,Employees/Designated Employees,ESOP,Sell,Equity Shares,2301.0,0.0,0.0,0.0,0.0,37810.0,0.0,35509.0,0.0
INFY,2022-05-24 18:41:00,2022-05-20,2022-05-20,2022-05-20,Employees/Designated Employees,ESOP,Buy,Equity Shares,12875.0,0.0,0.0,0.0,0.0,7609.0,0.0,20484.0,0.0
INFY,2022-05-24 18:41:00,2022-05-20,2022-05-20,2022-05-20,Employees/Designated Employees,ESOP,Sell,Equity Shares,12875.0,0.0,0.0,0.0,0.0,20484.0,0.0,7609.0,0.0
INFY,2022-05-24 18:41:00,2022-05-20,2022-05-20,2022-05-20,Employees/Designated Employees,ESOP,Buy,Equity Shares,10070.0,0.0,0.0,0.0,0.0,44866.0,0.0,54936.0,0.0
INFY,2022-05-24 18:41:00,2022-05-20,2022-05-20,2022-05-20,Employees/Designated Employees,ESOP,Sell,Equity Shares,4723.0,0.0,0.0,0.0,0.0,54936.0,0.0,50213.0,0.0
INFY,2022-05-24 18:41:00,2022-05-20,2022-05-20,2022-05-20,Employees/Designated Employees,ESOP,Buy,Equity Shares,5112.0,0.0,0.0,0.0,0.0,61435.0,0.0,66547.0,0.0
INFY,2022-05-24 18:41:00,2022-05-20,2022-05-20,2022-05-20,Employees/Designated Employees,ESOP,Sell,Equity Shares,5112.0,0.0,0.0,0.0,0.0,66547.0,0.0,61435.0,0.0
INFY,2022-05-24 18:41:00,2022-05-20,2022-05-20,2022-05-20,Employees/Designated Employees,ESOP,Buy,Equity Shares,5037.0,0.0,0.0,0.0,0.0,29776.0,0.0,34813.0,0.0
INFY,2022-05-24 18:41:00,2022-05-20,2022-05-20,2022-05-20,Employees/Designated Employees,ESOP,Sell,Equity Shares,2552.0,0.0,0.0,0.0,0.0,34813.0,0.0,32261.0,0.0
INFY,2022-05-24 18:41:00,2022-05-20,2022-05-20,2022-05-20,Employees/Designated Employees,ESOP,Buy,Equity Shares,4341.0,0.0,0.0,0.0,0.0,,0.0,4341.0,0.0
INFY,2022-05-24 18:41:00,2022-05-20,2022-05-20,2022-05-20,Employees/Designated Employees,ESOP,Sell,Equity Shares,4341.0,0.0,0.0,0.0,0.0,4341.0,0.0,,0.0
INFY,2022-05-24 18:41:00,2022-05-20,2022-05-20,2022-05-20,Employees/Designated Employees,ESOP,Buy,Equity Shares,7170.0,0.0,0.0,0.0,0.0,1944.0,0.0,9114.0,0.0
INFY,2022-05-24 18:41:00,2022-05-20,2022-05-20,2022-05-20,Employees/Designated Employees,ESOP,Sell,Equity Shares,7170.0,0.0,0.0,0.0,0.0,9114.0,0.0,1944.0,0.0
INFY,2022-05-24 18:41:00,2022-05-20,2022-05-20,2022-05-20,Employees/Designated Employees,ESOP,Buy,Equity Shares,4333.0,0.0,0.0,0.0,0.0,30155.0,0.0,34488.0,0.0
INFY,2022-05-24 18:41:00,2022-05-20,2022-05-20,2022-05-20,Employees/Designated Employees,ESOP,Sell,Equity Shares,2248.0,0.0,0.0,0.0,0.0,34488.0,0.0,32240.0,0.0
INFY,2022-05-24 18:41:00,2022-05-20,2022-05-20,2022-05-20,Employees/Designated Employees,ESOP,Buy,Equity Shares,5170.0,0.0,0.0,0.0,0.0,14194.0,0.0,19364.0,0.0
INFY,2022-05-24 18:41:00,2022-05-20,2022-05-20,2022-05-20,Employees/Designated Employees,ESOP,Sell,Equity Shares,2496.0,0.0,0.0,0.0,0.0,19364.0,0.0,16868.0,0.0
INFY,2022-05-24 18:41:00,2022-05-20,2022-05-20,2022-05-20,Employees/Designated Employees,ESOP,Buy,Equity Shares,4253.0,0.0,0.0,0.0,0.0,7813.0,0.0,12066.0,0.0
INFY,2022-05-30 18:11:00,2022-05-27,2022-05-25,2022-05-25,Other,Off Market,Sell,Equity Shares,76803.0,0.0,0.0,0.0,0.0,13286558.0,0.32,13209755.0,0.32
INFY,2022-05-30 18:11:00,2022-05-27,2022-05-25,2022-05-25,Other,Market Sale,Sell,Equity Shares,1794.0,0.0,0.0,0.0,0.0,13290510.0,0.32,13288716.0,0.32
INFY,2022-05-30 18:11:00,2022-05-27,2022-05-25,2022-05-25,Other,Market Sale,Sell,Equity Shares,2158.0,0.0,0.0,0.0,0.0,13288716.0,0.32,13286558.0,0.32
INFY,2022-05-30 18:14:00,2022-05-27,2022-05-25,2022-05-25,Other,Market Sale,Sell,Equity Shares,2158.0,0.0,0.0,0.0,0.0,13288716.0,0.32,13286558.0,0.32
INFY,2022-05-30 18:14:00,2022-05-27,2022-05-25,2022-05-25,Other,Market Sale,Sell,Equity Shares,1794.0,0.0,0.0,0.0,0.0,13290510.0,0.32,13288716.0,0.32
INFY,2022-05-30 18:14:00,2022-05-27,2022-05-25,2022-05-25,Other,Off Market,Sell,Equity Shares,76803.0,0.0,0.0,0.0,0.0,13286558.0,0.32,13209755.0,0.32
INFY,2022-05-30 18:20:00,2022-05-27,2022-05-25,2022-05-25,Other,Off Market,Sell,Equity Shares,76803.0,0.0,0.0,0.0,0.0,13286558.0,0.32,13209755.0,0.32
INFY,2022-05-30 18:20:00,2022-05-27,2022-05-25,2022-05-25,Other,Market Sale,Sell,Equity Shares,1794.0,0.0,0.0,0.0,0.0,13290510.0,0.32,13288716.0,0.32
INFY,2022-05-30 18:20:00,2022-05-27,2022-05-25,2022-05-25,Other,Market Sale,Sell,Equity Shares,2158.0,0.0,0.0,0.0,0.0,13288716.0,0.32,13286558.0,0.32
INFY,2022-06-01 17:46:00,2022-05-30,2022-05-27,2022-05-27,Other,Off Market,Sell,Equity Shares,6292.0,0.0,0.0,0.0,0.0,13209755.0,0.32,13203463.0,0.31
INFY,2022-06-15 19:44:00,2022-06-13,2022-06-13,2022-06-13,Employees/Designated Employees,ESOP,Buy,Equity Shares,1000.0,0.0,0.0,0.0,0.0,2800.0,0.0,3800.0,0.0
INFY,2022-06-15 19:44:00,2022-06-14,2022-06-14,2022-06-14,Employees/Designated Employees,Market Sale,Sell,Equity Shares,3000.0,0.0,0.0,0.0,0.0,14894.0,0.0,11894.0,0.0
INFY,2022-06-15 19:44:00,2022-06-13,2022-06-13,2022-06-13,Employees/Designated Employees,ESOP,Buy,Equity Shares,1334.0,0.0,0.0,0.0,0.0,2000.0,0.0,3334.0,0.0
INFY,2022-06-15 19:44:00,2022-06-13,2022-06-13,2022-06-13,Employees/Designated Employees,ESOP,Buy,Equity Shares,866.0,0.0,0.0,0.0,0.0,3334.0,0.0,4200.0,0.0
INFY,2022-06-15 19:44:00,2022-06-13,2022-06-13,2022-06-13,Employees/Designated Employees,ESOP,Buy,Equity Shares,4600.0,0.0,0.0,0.0,0.0,75158.0,0.0,79758.0,0.0
INFY,2022-06-15 19:44:00,2022-06-13,2022-06-13,2022-06-13,Employees/Designated Employees,ESOP,Buy,Equity Shares,666.0,0.0,0.0,0.0,0.0,3800.0,0.0,4466.0,0.0
INFY,2022-06-15 19:44:00,2022-06-13,2022-06-13,2022-06-13,Employees/Designated Employees,ESOP,Buy,Equity Shares,4000.0,0.0,0.0,0.0,0.0,7122.0,0.0,11122.0,0.0
INFY,2022-06-15 19:44:00,2022-06-13,2022-06-13,2022-06-13,Employees/Designated Employees,ESOP,Buy,Equity Shares,1334.0,0.0,0.0,0.0,0.0,61.0,0.0,1395.0,0.0
INFY,2022-06-15 19:44:00,2022-06-13,2022-06-13,2022-06-13,Employees/Designated Employees,ESOP,Buy,Equity Shares,1166.0,0.0,0.0,0.0,0.0,1395.0,0.0,2561.0,0.0
INFY,2022-06-15 19:44:00,2022-06-13,2022-06-13,2022-06-13,Employees/Designated Employees,ESOP,Buy,Equity Shares,1334.0,0.0,0.0,0.0,0.0,6010.0,0.0,7344.0,0.0
INFY,2022-06-15 19:44:00,2022-06-13,2022-06-13,2022-06-13,Employees/Designated Employees,ESOP,Buy,Equity Shares,2000.0,0.0,0.0,0.0,0.0,8750.0,0.0,10750.0,0.0
INFY,2022-06-15 19:44:00,2022-06-13,2022-06-13,2022-06-13,Employees/Designated Employees,ESOP,Buy,Equity Shares,1334.0,0.0,0.0,0.0,0.0,6050.0,0.0,7384.0,0.0
INFY,2022-06-15 19:44:00,2022-06-13,2022-06-13,2022-06-13,Employees/Designated Employees,ESOP,Buy,Equity Shares,1334.0,0.0,0.0,0.0,0.0,7398.0,0.0,8732.0,0.0
INFY,2022-06-15 19:44:00,2022-06-13,2022-06-13,2022-06-13,Employees/Designated Employees,ESOP,Buy,Equity Shares,866.0,0.0,0.0,0.0,0.0,8732.0,0.0,9598.0,0.0
INFY,2022-06-15 19:44:00,2022-06-13,2022-06-13,2022-06-13,Employees/Designated Employees,ESOP,Buy,Equity Shares,1033.0,0.0,0.0,0.0,0.0,3864.0,0.0,4897.0,0.0
INFY,2022-06-15 19:44:00,2022-06-13,2022-06-13,2022-06-13,Employees/Designated Employees,ESOP,Buy,Equity Shares,1033.0,0.0,0.0,0.0,0.0,3009.0,0.0,4042.0,0.0
INFY,2022-06-15 19:44:00,2022-06-13,2022-06-13,2022-06-13,Employees/Designated Employees,ESOP,Buy,Equity Shares,866.0,0.0,0.0,0.0,0.0,,0.0,866.0,0.0
INFY,2022-06-15 19:44:00,2022-06-13,2022-06-13,2022-06-13,Employees/Designated Employees,ESOP,Buy,Equity Shares,800.0,0.0,0.0,0.0,0.0,3510.0,0.0,4310.0,0.0
INFY,2022-06-15 19:44:00,2022-06-13,2022-06-13,2022-06-13,Other,Off Market,Sell,Equity Shares,10173.0,0.0,0.0,0.0,0.0,13203463.0,0.31,13193290.0,0.31
INFY,2022-07-28 21:44:00,2022-07-26,2022-07-24,2022-07-24,-,ESOP,Buy,Equity Shares,1666.0,0.0,0.0,0.0,0.0,10750.0,0.0,12416.0,0.0
INFY,2022-07-28 21:44:00,2022-07-26,2022-07-24,2022-07-24,-,ESOP,Buy,Equity Shares,866.0,0.0,0.0,0.0,0.0,5609.0,0.0,6475.0,0.0
INFY,2022-07-28 21:44:00,2022-07-26,2022-07-24,2022-07-24,-,ESOP,Buy,Equity Shares,866.0,0.0,0.0,0.0,0.0,,0.0,866.0,0.0
INFY,2022-07-28 21:44:00,2022-07-26,2022-07-24,2022-07-24,-,ESOP,Buy,Equity Shares,866.0,0.0,0.0,0.0,0.0,4800.0,0.0,5666.0,0.0
INFY,2022-07-28 21:44:00,2022-07-26,2022-07-24,2022-07-24,-,ESOP,Buy,Equity Shares,866.0,0.0,0.0,0.0,0.0,1550.0,0.0,2416.0,0.0
INFY,2022-07-28 21:44:00,2022-07-26,2022-07-25,2022-07-25,Other,Off Market,Sell,Equity Shares,9538.0,0.0,0.0,0.0,0.0,13193290.0,0.31,13183752.0,0.31
INFY,2022-07-28 21:44:00,2022-07-26,2022-07-24,2022-07-24,-,ESOP,Buy,Equity Shares,866.0,0.0,0.0,0.0,0.0,1064.0,0.0,1930.0,0.0
INFY,2022-07-28 21:44:00,2022-07-26,2022-07-24,2022-07-24,-,ESOP,Buy,Equity Shares,800.0,0.0,0.0,0.0,0.0,,0.0,800.0,0.0
INFY,2022-07-28 21:44:00,2022-07-26,2022-07-24,2022-07-24,-,ESOP,Buy,Equity Shares,4666.0,0.0,0.0,0.0,0.0,79758.0,0.0,84424.0,0.0
INFY,2022-07-28 21:44:00,2022-07-26,2022-07-24,2022-07-24,-,ESOP,Buy,Equity Shares,2333.0,0.0,0.0,0.0,0.0,11894.0,0.0,14227.0,0.0
INFY,2022-07-28 21:44:00,2022-07-26,2022-07-24,2022-07-24,-,ESOP,Buy,Equity Shares,866.0,0.0,0.0,0.0,0.0,7384.0,0.0,8250.0,0.0
INFY,2022-08-19 16:08:00,2022-08-17,2022-08-11,2022-08-11,Other,Market Sale,Sell,Equity Shares,12975.0,0.0,0.0,0.0,0.0,13183752.0,0.31,13170777.0,0.31
INFY,2022-08-25 21:22:00,2022-08-24,2022-08-23,2022-08-23,Other,Market Sale,Sell,Equity Shares,2811.0,0.0,0.0,0.0,0.0,13027610.0,0.31,13024799.0,0.31
INFY,2022-08-25 21:22:00,2022-08-23,2022-08-19,2022-08-19,Other,Off Market,Sell,Equity Shares,143167.0,0.0,0.0,0.0,0.0,13170777.0,0.31,13027610.0,0.31
INFY,2022-08-30 15:55:00,2022-08-29,2022-08-26,2022-08-26,Other,Off Market,Sell,Equity Shares,43877.0,0.0,0.0,0.0,0.0,13024799.0,0.31,12980922.0,0.31
INFY,2022-09-14 18:42:00,2022-09-12,2022-09-12,2022-09-12,Employees/Designated Employees,Market Sale,Sell,Equity Shares,6000.0,0.0,0.0,0.0,0.0,14227.0,0.0,8227.0,0.0
INFY,2022-09-14 18:42:00,2022-09-13,2022-09-09,2022-09-09,Other,Off Market,Sell,Equity Shares,58820.0,0.0,0.0,0.0,0.0,12980922.0,0.31,12922102.0,0.31
INFY,2022-09-16 17:35:00,2022-09-16,2022-09-14,2022-09-14,Employees/Designated Employees,ESOP,Sell,Equity Shares,5874.0,0.0,0.0,0.0,0.0,39845.0,0.0,33971.0,0.0
INFY,2022-09-16 17:35:00,2022-09-16,2022-09-14,2022-09-14,Employees/Designated Employees,Market Sale,Sell,Equity Shares,25000.0,0.0,0.0,0.0,0.0,77168.0,0.0,52168.0,0.0
INFY,2022-09-16 17:35:00,2022-09-16,2022-09-14,2022-09-14,Employees/Designated Employees,ESOP,Buy,Equity Shares,5874.0,0.0,0.0,0.0,0.0,33971.0,0.0,39845.0,0.0
INFY,2022-09-16 17:35:00,2022-09-16,2022-09-14,2022-09-14,Employees/Designated Employees,ESOP,Buy,Equity Shares,56374.0,0.0,0.0,0.0,0.0,78853.0,0.0,135227.0,0.0
INFY,2022-09-16 17:35:00,2022-09-16,2022-09-14,2022-09-14,Employees/Designated Employees,ESOP,Sell,Equity Shares,56374.0,0.0,0.0,0.0,0.0,135227.0,0.0,78853.0,0.0
INFY,2022-09-28 12:54:00,2022-09-26,2022-09-23,2022-09-26,Other,Off Market,Sell,Equity Shares,6325.0,0.0,0.0,0.0,0.0,12922102.0,0.31,12915777.0,0.31
INFY,2022-10-27 17:24:00,2022-10-25,2022-10-25,2022-10-25,Other,Market Sale,Sell,Equity Shares,6497.0,0.0,0.0,0.0,0.0,12915777.0,0.31,12909280.0,0.31
INFY,2022-11-02 18:30:00,2022-11-02,2022-10-28,2022-10-28,Other,Market Sale,Sell,Equity Shares,11425.0,0.0,0.0,0.0,0.0,12909280.0,0.31,12897855.0,0.31
INFY,2022-11-04 18:21:00,2022-11-02,2022-10-31,2022-10-31,Other,Off Market,Sell,Equity Shares,6775.0,0.0,0.0,0.0,0.0,12897855.0,0.31,12897855.0,0.31
INFY,2022-11-11 20:04:00,2022-11-09,2022-11-09,2022-11-09,Employees/Designated Employees,ESOP,Sell,Equity Shares,7704.0,0.0,0.0,0.0,0.0,96974.0,0.0,89270.0,0.0
INFY,2022-11-11 20:04:00,2022-11-09,2022-11-09,2022-11-09,Employees/Designated Employees,ESOP,Buy,Equity Shares,62400.0,0.0,0.0,0.0,0.0,7609.0,0.0,70009.0,0.0
INFY,2022-11-11 20:04:00,2022-11-09,2022-11-09,2022-11-09,Employees/Designated Employees,ESOP,Sell,Equity Shares,62400.0,0.0,0.0,0.0,0.0,70009.0,0.0,7609.0,0.0
INFY,2022-11-11 20:04:00,2022-11-09,2022-11-09,2022-11-09,Employees/Designated Employees,ESOP,Buy,Equity Shares,12550.0,0.0,0.0,0.0,0.0,84424.0,0.0,96974.0,0.0
INFY,2022-11-11 20:04:00,2022-11-09,2022-11-09,2022-11-09,Other,Market Sale,Sell,Equity Shares,21986.0,0.0,0.0,0.0,0.0,12891080.0,0.31,12869094.0,0.31
INFY,2022-11-11 20:04:00,2022-11-09,2022-11-09,2022-11-09,Employees/Designated Employees,ESOP,Buy,Equity Shares,8424.0,0.0,0.0,0.0,0.0,50213.0,0.0,58637.0,0.0
INFY,2022-11-11 20:04:00,2022-11-09,2022-11-09,2022-11-09,Employees/Designated Employees,ESOP,Sell,Equity Shares,5579.0,0.0,0.0,0.0,0.0,58637.0,0.0,53058.0,0.0
INFY,2022-11-15 15:38:00,2022-11-13,2022-11-01,2022-11-11,Employees/Designated Employees,Market Sale,Sell,Equity Shares,500.0,0.0,0.0,0.0,0.0,33971.0,0.0,33471.0,0.0
INFY,2022-11-15 15:38:00,2022-11-13,2022-11-01,2022-11-11,Employees/Designated Employees,Market Sale,Sell,Equity Shares,500.0,0.0,0.0,0.0,0.0,33471.0,0.0,32971.0,0.0
INFY,2022-11-18 17:57:00,2022-11-17,2022-11-15,2022-11-15,Other,Off Market,Sell,Equity Shares,52108.0,0.0,0.0,0.0,0.0,12869094.0,0.31,12816986.0,0.31
INFY,2022-11-23 18:32:00,2022-11-22,2022-11-18,2022-11-18,Employees/Designated Employees,ESOP,Sell,Equity Shares,55566.0,0.0,0.0,0.0,0.0,149673.0,0.0,94107.0,0.0
INFY,2022-11-23 18:32:00,2022-11-22,2022-11-18,2022-11-18,Employees/Designated Employees,ESOP,Buy,Equity Shares,25276.0,0.0,0.0,0.0,0.0,53058.0,0.0,78334.0,0.0
INFY,2022-11-23 18:32:00,2022-11-22,2022-11-18,2022-11-18,Employees/Designated Employees,ESOP,Sell,Equity Shares,16000.0,0.0,0.0,0.0,0.0,78334.0,0.0,62334.0,0.0
INFY,2022-11-23 18:32:00,2022-11-22,2022-11-18,2022-11-18,Employees/Designated Employees,ESOP,Sell,Equity Shares,24750.0,0.0,0.0,0.0,0.0,126920.0,0.0,102170.0,0.0
INFY,2022-11-23 18:32:00,2022-11-22,2022-11-18,2022-11-18,Employees/Designated Employees,ESOP,Buy,Equity Shares,37650.0,0.0,0.0,0.0,0.0,89270.0,0.0,126920.0,0.0
INFY,2022-11-23 18:32:00,2022-11-22,2022-11-18,2022-11-18,Employees/Designated Employees,ESOP,Buy,Equity Shares,55566.0,0.0,0.0,0.0,0.0,94107.0,0.0,149673.0,0.0
INFY,2022-11-23 18:32:00,2022-11-21,2022-11-18,2022-11-18,Other,Off Market,Sell,Equity Shares,142027.0,0.0,0.0,0.0,0.0,12816986.0,0.31,12674959.0,0.31
INFY,2022-11-30 16:54:00,2022-11-28,2022-11-25,2022-11-25,Other,Off Market,Sell,Equity Shares,35745.0,0.0,0.0,0.0,0.0,12674959.0,0.31,12639214.0,0.31
INFY,2022-12-09 17:38:00,2022-12-07,2022-12-06,2022-12-06,Other,Off Market,Sell,Equity Shares,70992.0,0.0,0.0,0.0,0.0,12639214.0,0.31,12568222.0,0.31
INFY,2023-01-18 17:54:00,2023-01-17,2023-01-13,2023-01-13,Other,Off Market,Sell,Equity Shares,3540.0,0.0,0.0,0.0,0.0,12568222.0,0.31,12564682.0,0.3
INFY,2023-02-07 18:26:00,2023-02-03,2023-02-01,2023-02-01,Employees/Designated Employees,Market Sale,Sell,Equity Shares,10000.0,0.0,0.0,0.0,0.0,49093.0,0.0,39093.0,0.0
INFY,2023-02-09 17:47:00,2023-02-08,2023-02-06,2023-02-06,Other,Market Sale,Sell,Equity Shares,9145.0,0.0,0.0,0.0,0.0,12564682.0,0.3,12555537.0,0.3
INFY,2023-02-14 09:34:00,2023-02-10,2023-02-08,2023-02-08,Other,Market Sale,Sell,Equity Shares,51800.0,0.0,0.0,0.0,0.0,12555537.0,0.3,12503737.0,0.3
INFY,2023-02-15 15:24:00,2023-02-14,2023-02-13,2023-02-13,Other,Off Market,Sell,Equity Shares,135344.0,0.0,0.0,0.0,0.0,12503737.0,0.3,12368393.0,0.3
INFY,2023-02-23 15:08:00,2023-02-22,2023-02-20,2023-02-20,Other,Off Market,Sell,Equity Shares,29747.0,0.0,0.0,0.0,0.0,12368393.0,0.3,12338646.0,0.3
INFY,2023-03-01 11:09:00,2023-02-28,2023-02-27,2023-02-27,Other,Off Market,Sell,Equity Shares,12604.0,0.0,0.0,0.0,0.0,12338646.0,0.3,12326042.0,0.3
INFY,2023-03-08 11:03:00,2023-03-07,2023-03-03,2023-03-03,Other,Market Sale,Sell,Equity Shares,35530.0,0.0,0.0,0.0,0.0,12326042.0,0.3,12290512.0,0.3
INFY,2023-03-14 18:08:00,2023-03-13,2023-03-10,2023-03-10,Employees/Designated Employees,ESOP,Buy,Equity Shares,255681.0,0.0,0.0,0.0,0.0,78853.0,0.0,334534.0,0.0
INFY,2023-03-14 18:08:00,2023-03-13,2023-03-10,2023-03-10,Employees/Designated Employees,ESOP,Buy,Equity Shares,2501.0,0.0,0.0,0.0,0.0,5650.0,0.0,8151.0,0.0
INFY,2023-03-14 18:08:00,2023-03-13,2023-03-10,2023-03-10,Employees/Designated Employees,ESOP,Buy,Equity Shares,10750.0,0.0,0.0,0.0,0.0,9950.0,0.0,20700.0,0.0
INFY,2023-03-14 18:08:00,2023-03-13,2023-03-10,2023-03-10,Employees/Designated Employees,ESOP,Sell,Equity Shares,7074.0,0.0,0.0,0.0,0.0,20700.0,0.0,13626.0,0.0
INFY,2023-03-14 18:08:00,2023-03-13,2023-03-10,2023-03-10,Employees/Designated Employees,ESOP,Buy,Equity Shares,25776.0,0.0,0.0,0.0,0.0,39093.0,0.0,64869.0,0.0
INFY,2023-03-14 18:08:00,2023-03-13,2023-03-10,2023-03-10,Employees/Designated Employees,ESOP,Sell,Equity Shares,11998.0,0.0,0.0,0.0,0.0,64869.0,0.0,52871.0,0.0
INFY,2023-03-14 18:08:00,2023-03-13,2023-03-10,2023-03-10,Employees/Designated Employees,ESOP,Buy,Equity Shares,15062.0,0.0,0.0,0.0,0.0,,0.0,15062.0,0.0
INFY,2023-03-14 18:08:00,2023-03-13,2023-03-10,2023-03-10,Employees/Designated Employees,ESOP,Sell,Equity Shares,15062.0,0.0,0.0,0.0,0.0,15062.0,0.0,,0.0
INFY,2023-03-14 18:08:00,2023-03-13,2023-03-10,2023-03-10,Employees/Designated Employees,ESOP,Buy,Equity Shares,500.0,0.0,0.0,0.0,0.0,866.0,0.0,1366.0,0.0
INFY,2023-03-14 18:08:00,2023-03-13,2023-03-10,2023-03-10,Employees/Designated Employees,ESOP,Sell,Equity Shares,500.0,0.0,0.0,0.0,0.0,1366.0,0.0,866.0,0.0
INFY,2023-03-14 18:08:00,2023-03-13,2023-03-10,2023-03-10,Employees/Designated Employees,ESOP,Buy,Equity Shares,21033.0,0.0,0.0,0.0,0.0,28216.0,0.0,49249.0,0.0
INFY,2023-03-14 18:08:00,2023-03-13,2023-03-10,2023-03-10,Employees/Designated Employees,ESOP,Sell,Equity Shares,14089.0,0.0,0.0,0.0,0.0,49249.0,0.0,35160.0,0.0
INFY,2023-03-14 18:08:00,2023-03-13,2023-03-10,2023-03-10,Employees/Designated Employees,ESOP,Buy,Equity Shares,11487.0,0.0,0.0,0.0,0.0,30719.0,0.0,42206.0,0.0
INFY,2023-03-14 18:08:00,2023-03-13,2023-03-10,2023-03-10,Employees/Designated Employees,ESOP,Sell,Equity Shares,4556.0,0.0,0.0,0.0,0.0,42206.0,0.0,37650.0,0.0
INFY,2023-03-14 18:08:00,2023-03-13,2023-03-10,2023-03-10,Employees/Designated Employees,ESOP,Buy,Equity Shares,10525.0,0.0,0.0,0.0,0.0,14122.0,0.0,24647.0,0.0
INFY,2023-03-14 18:08:00,2023-03-13,2023-03-10,2023-03-10,Employees/Designated Employees,ESOP,Sell,Equity Shares,5493.0,0.0,0.0,0.0,0.0,24647.0,0.0,19154.0,0.0
INFY,2023-03-14 18:08:00,2023-03-13,2023-03-10,2023-03-10,Employees/Designated Employees,ESOP,Buy,Equity Shares,30533.0,0.0,0.0,0.0,0.0,94107.0,0.0,124640.0,0.0
INFY,2023-03-14 18:08:00,2023-03-13,2023-03-10,2023-03-10,Employees/Designated Employees,ESOP,Sell,Equity Shares,14000.0,0.0,0.0,0.0,0.0,124640.0,0.0,110640.0,0.0
INFY,2023-03-14 18:08:00,2023-03-13,2023-03-10,2023-03-10,Employees/Designated Employees,ESOP,Buy,Equity Shares,19055.0,0.0,0.0,0.0,0.0,62334.0,0.0,81389.0,0.0
INFY,2023-03-14 18:08:00,2023-03-13,2023-03-10,2023-03-10,Employees/Designated Employees,ESOP,Sell,Equity Shares,19055.0,0.0,0.0,0.0,0.0,81389.0,0.0,62334.0,0.0
INFY,2023-03-14 18:08:00,2023-03-13,2023-03-10,2023-03-10,Employees/Designated Employees,ESOP,Buy,Equity Shares,12595.0,0.0,0.0,0.0,0.0,23158.0,0.0,35753.0,0.0
INFY,2023-03-14 18:08:00,2023-03-13,2023-03-10,2023-03-10,Employees/Designated Employees,ESOP,Sell,Equity Shares,12595.0,0.0,0.0,0.0,0.0,35753.0,0.0,23158.0,0.0
INFY,2023-03-14 18:08:00,2023-03-13,2023-03-10,2023-03-10,Employees/Designated Employees,ESOP,Buy,Equity Shares,16188.0,0.0,0.0,0.0,0.0,7813.0,0.0,24001.0,0.0
INFY,2023-03-14 18:08:00,2023-03-13,2023-03-10,2023-03-10,Employees/Designated Employees,ESOP,Sell,Equity Shares,16188.0,0.0,0.0,0.0,0.0,24001.0,0.0,7813.0,0.0
INFY,2023-03-14 18:08:00,2023-03-13,2023-03-10,2023-03-10,Employees/Designated Employees,ESOP,Buy,Equity Shares,13130.0,0.0,0.0,0.0,0.0,15465.0,0.0,28595.0,0.0
INFY,2023-03-14 18:08:00,2023-03-13,2023-03-10,2023-03-10,Employees/Designated Employees,ESOP,Sell,Equity Shares,6585.0,0.0,0.0,0.0,0.0,28595.0,0.0,22010.0,0.0
INFY,2023-03-14 18:08:00,2023-03-13,2023-03-10,2023-03-10,Employees/Designated Employees,ESOP,Buy,Equity Shares,29733.0,0.0,0.0,0.0,0.0,7609.0,0.0,37342.0,0.0
INFY,2023-03-14 18:08:00,2023-03-13,2023-03-10,2023-03-10,Employees/Designated Employees,ESOP,Sell,Equity Shares,29733.0,0.0,0.0,0.0,0.0,37342.0,0.0,7609.0,0.0
INFY,2023-03-14 18:08:00,2023-03-13,2023-03-10,2023-03-10,Employees/Designated Employees,ESOP,Buy,Equity Shares,2270.0,0.0,0.0,0.0,0.0,4895.0,0.0,7165.0,0.0
INFY,2023-03-14 18:08:00,2023-03-13,2023-03-10,2023-03-10,Employees/Designated Employees,ESOP,Sell,Equity Shares,2270.0,0.0,0.0,0.0,0.0,7165.0,0.0,4895.0,0.0
INFY,2023-03-14 18:08:00,2023-03-10,2023-03-09,2023-03-09,Other,Off Market,Sell,Equity Shares,99791.0,0.0,0.0,0.0,0.0,12290512.0,0.3,12190721.0,0.3
INFY,2023-03-14 18:08:00,2023-03-13,2023-03-10,2023-03-10,Employees/Designated Employees,ESOP,Sell,Equity Shares,255681.0,0.0,0.0,0.0,0.0,334534.0,0.0,78853.0,0.0
INFY,2023-03-14 18:08:00,2023-03-13,2023-03-10,2023-03-10,Employees/Designated Employees,ESOP,Buy,Equity Shares,2258.0,0.0,0.0,0.0,0.0,4652.0,0.0,6910.0,0.0
INFY,2023-03-14 18:08:00,2023-03-13,2023-03-10,2023-03-10,Employees/Designated Employees,ESOP,Sell,Equity Shares,894.0,0.0,0.0,0.0,0.0,6910.0,0.0,6016.0,0.0
INFY,2023-03-14 18:08:00,2023-03-13,2023-03-10,2023-03-10,Employees/Designated Employees,ESOP,Buy,Equity Shares,7145.0,0.0,0.0,0.0,0.0,1944.0,0.0,9089.0,0.0
INFY,2023-03-14 18:08:00,2023-03-13,2023-03-10,2023-03-10,Employees/Designated Employees,ESOP,Sell,Equity Shares,7145.0,0.0,0.0,0.0,0.0,9089.0,0.0,1944.0,0.0
INFY,2023-03-14 18:08:00,2023-03-13,2023-03-10,2023-03-10,Employees/Designated Employees,ESOP,Buy,Equity Shares,2045.0,0.0,0.0,0.0,0.0,4575.0,0.0,6620.0,0.0
INFY,2023-03-14 18:08:00,2023-03-13,2023-03-10,2023-03-10,Employees/Designated Employees,ESOP,Sell,Equity Shares,2045.0,0.0,0.0,0.0,0.0,6620.0,0.0,4575.0,0.0
INFY,2023-03-14 18:08:00,2023-03-13,2023-03-10,2023-03-10,Employees/Designated Employees,ESOP,Buy,Equity Shares,10245.0,0.0,0.0,0.0,0.0,13844.0,0.0,24089.0,0.0
INFY,2023-03-14 18:08:00,2023-03-13,2023-03-10,2023-03-10,Employees/Designated Employees,ESOP,Sell,Equity Shares,8259.0,0.0,0.0,0.0,0.0,24089.0,0.0,15830.0,0.0
INFY,2023-03-14 18:08:00,2023-03-13,2023-03-10,2023-03-10,Employees/Designated Employees,ESOP,Buy,Equity Shares,10525.0,0.0,0.0,0.0,0.0,33040.0,0.0,43565.0,0.0
INFY,2023-03-14 18:08:00,2023-03-13,2023-03-10,2023-03-10,Employees/Designated Employees,ESOP,Sell,Equity Shares,63.0,0.0,0.0,0.0,0.0,43565.0,0.0,43502.0,0.0
INFY,2023-03-14 18:08:00,2023-03-13,2023-03-10,2023-03-10,Employees/Designated Employees,ESOP,Buy,Equity Shares,9663.0,0.0,0.0,0.0,0.0,16868.0,0.0,26531.0,0.0
INFY,2023-03-14 18:08:00,2023-03-13,2023-03-10,2023-03-10,Employees/Designated Employees,ESOP,Sell,Equity Shares,9663.0,0.0,0.0,0.0,0.0,26531.0,0.0,16868.0,0.0
INFY,2023-03-14 18:08:00,2023-03-13,2023-03-10,2023-03-10,Employees/Designated Employees,ESOP,Buy,Equity Shares,14000.0,0.0,0.0,0.0,0.0,23875.0,0.0,37875.0,0.0
INFY,2023-03-14 18:08:00,2023-03-13,2023-03-10,2023-03-10,Employees/Designated Employees,ESOP,Sell,Equity Shares,14000.0,0.0,0.0,0.0,0.0,37875.0,0.0,23875.0,0.0
INFY,2023-03-14 18:08:00,2023-03-13,2023-03-10,2023-03-10,Employees/Designated Employees,ESOP,Buy,Equity Shares,19451.0,0.0,0.0,0.0,0.0,32471.0,0.0,51922.0,0.0
INFY,2023-03-14 18:08:00,2023-03-13,2023-03-10,2023-03-10,Employees/Designated Employees,ESOP,Sell,Equity Shares,19451.0,0.0,0.0,0.0,0.0,51922.0,0.0,32471.0,0.0
INFY,2023-03-14 18:08:00,2023-03-13,2023-03-10,2023-03-10,Employees/Designated Employees,ESOP,Buy,Equity Shares,18620.0,0.0,0.0,0.0,0.0,35509.0,0.0,54129.0,0.0
INFY,2023-03-14 18:08:00,2023-03-13,2023-03-10,2023-03-10,Employees/Designated Employees,ESOP,Sell,Equity Shares,6317.0,0.0,0.0,0.0,0.0,54129.0,0.0,47812.0,0.0
INFY,2023-03-14 18:08:00,2023-03-13,2023-03-10,2023-03-10,Employees/Designated Employees,ESOP,Buy,Equity Shares,10146.0,0.0,0.0,0.0,0.0,32240.0,0.0,42386.0,0.0
INFY,2023-03-14 18:08:00,2023-03-13,2023-03-10,2023-03-10,Employees/Designated Employees,ESOP,Sell,Equity Shares,4789.0,0.0,0.0,0.0,0.0,42386.0,0.0,37597.0,0.0
INFY,2023-03-14 18:08:00,2023-03-13,2023-03-10,2023-03-10,Employees/Designated Employees,ESOP,Buy,Equity Shares,10058.0,0.0,0.0,0.0,0.0,8227.0,0.0,18285.0,0.0
INFY,2023-03-14 18:08:00,2023-03-13,2023-03-10,2023-03-10,Employees/Designated Employees,ESOP,Sell,Equity Shares,3414.0,0.0,0.0,0.0,0.0,18285.0,0.0,14871.0,0.0
INFY,2023-03-14 18:08:00,2023-03-13,2023-03-10,2023-03-10,Employees/Designated Employees,ESOP,Buy,Equity Shares,1708.0,0.0,0.0,0.0,0.0,5615.0,0.0,7323.0,0.0
INFY,2023-03-14 18:08:00,2023-03-13,2023-03-10,2023-03-10,Employees/Designated Employees,ESOP,Sell,Equity Shares,676.0,0.0,0.0,0.0,0.0,7323.0,0.0,6647.0,0.0
INFY,2023-03-14 18:08:00,2023-03-13,2023-03-10,2023-03-10,Employees/Designated Employees,ESOP,Buy,Equity Shares,10270.0,0.0,0.0,0.0,0.0,35689.0,0.0,45959.0,0.0
INFY,2023-03-14 18:08:00,2023-03-13,2023-03-10,2023-03-10,Employees/Designated Employees,ESOP,Sell,Equity Shares,5346.0,0.0,0.0,0.0,0.0,45959.0,0.0,40613.0,0.0
INFY,2023-03-14 18:08:00,2023-03-13,2023-03-10,2023-03-10,Employees/Designated Employees,ESOP,Buy,Equity Shares,10083.0,0.0,0.0,0.0,0.0,19954.0,0.0,30037.0,0.0
INFY,2023-03-14 18:08:00,2023-03-13,2023-03-10,2023-03-10,Employees/Designated Employees,ESOP,Sell,Equity Shares,4214.0,0.0,0.0,0.0,0.0,30037.0,0.0,25823.0,0.0
INFY,2023-03-23 18:47:00,2023-03-21,2023-03-17,2023-03-17,Other,Off Market,Sell,Equity Shares,18602.0,0.0,0.0,0.0,0.0,12190721.0,0.3,12172119.0,0.3
INFY,2023-04-18 21:02:00,2023-04-13,2023-04-13,2023-04-13,Employees/Designated Employees,ESOP,Buy,Equity Shares,15037.0,0.0,0.0,0.0,0.0,102170.0,0.0,117207.0,0.0
INFY,2023-04-18 21:02:00,2023-04-13,2023-04-13,2023-04-13,Employees/Designated Employees,ESOP,Buy,Equity Shares,14875.0,0.0,0.0,0.0,0.0,,0.0,14875.0,0.0
INFY,2023-04-18 21:02:00,2023-04-13,2023-04-13,2023-04-13,Employees/Designated Employees,ESOP,Buy,Equity Shares,13758.0,0.0,0.0,0.0,0.0,35335.0,0.0,49093.0,0.0
INFY,2023-04-18 21:02:00,2023-04-13,2023-04-13,2023-04-13,Employees/Designated Employees,ESOP,Buy,Equity Shares,1050.0,0.0,0.0,0.0,0.0,2416.0,0.0,3466.0,0.0
INFY,2023-04-18 21:02:00,2023-04-13,2023-04-13,2023-04-13,Employees/Designated Employees,ESOP,Buy,Equity Shares,925.0,0.0,0.0,0.0,0.0,8250.0,0.0,9175.0,0.0
INFY,2023-04-18 21:02:00,2023-04-13,2023-04-13,2023-04-13,Employees/Designated Employees,ESOP,Buy,Equity Shares,950.0,0.0,0.0,0.0,0.0,3581.0,0.0,4531.0,0.0
INFY,2023-04-18 21:02:00,2023-04-13,2023-04-13,2023-04-13,Employees/Designated Employees,ESOP,Buy,Equity Shares,13442.0,0.0,0.0,0.0,0.0,,0.0,13442.0,0.0
INFY,2023-04-18 21:02:00,2023-04-13,2023-04-13,2023-04-13,Employees/Designated Employees,ESOP,Buy,Equity Shares,15892.0,0.0,0.0,0.0,0.0,25883.0,0.0,41775.0,0.0
INFY,2023-04-18 21:02:00,2023-04-13,2023-04-13,2023-04-13,Employees/Designated Employees,ESOP,Buy,Equity Shares,2271.0,0.0,0.0,0.0,0.0,6688.0,0.0,8959.0,0.0
INFY,2023-04-24 15:37:00,2023-04-20,2023-04-17,2023-04-17,Other,Off Market,Sell,Equity Shares,83940.0,0.0,0.0,0.0,0.0,12172119.0,0.29,12088179.0,0.29
INFY,2023-05-03 22:27:00,2023-04-29,2023-04-28,2023-04-28,Employees/Designated Employees,Market Sale,Sell,ADR/GDR/FCCB,5793.0,0.0,0.0,0.0,0.0,6688.0,0.0,895.0,0.0
INFY,2023-05-04 22:04:00,2023-05-04,2023-05-02,2023-05-02,Employees/Designated Employees,ESOP,Buy,Equity Shares,8895.0,0.0,0.0,0.0,0.0,32471.0,0.0,41366.0,0.0
INFY,2023-05-04 22:04:00,2023-05-04,2023-05-02,2023-05-02,Employees/Designated Employees,ESOP,Sell,Equity Shares,4434.0,0.0,0.0,0.0,0.0,41366.0,0.0,36932.0,0.0
INFY,2023-05-04 22:04:00,2023-05-04,2023-05-02,2023-05-02,Employees/Designated Employees,ESOP,Buy,Equity Shares,7497.0,0.0,0.0,0.0,0.0,1944.0,0.0,9441.0,0.0
INFY,2023-05-04 22:04:00,2023-05-04,2023-05-02,2023-05-02,Employees/Designated Employees,ESOP,Sell,Equity Shares,7497.0,0.0,0.0,0.0,0.0,9441.0,0.0,1944.0,0.0
INFY,2023-05-04 22:04:00,2023-05-04,2023-05-02,2023-05-02,Employees/Designated Employees,ESOP,Buy,Equity Shares,7775.0,0.0,0.0,0.0,0.0,37597.0,0.0,45372.0,0.0
INFY,2023-05-04 22:04:00,2023-05-04,2023-05-02,2023-05-02,Employees/Designated Employees,ESOP,Sell,Equity Shares,4027.0,0.0,0.0,0.0,0.0,45372.0,0.0,41345.0,0.0
INFY,2023-05-04 22:04:00,2023-05-04,2023-05-02,2023-05-02,Employees/Designated Employees,ESOP,Buy,Equity Shares,7365.0,0.0,0.0,0.0,0.0,14871.0,0.0,22236.0,0.0
INFY,2023-05-04 22:04:00,2023-05-04,2023-05-02,2023-05-02,Employees/Designated Employees,ESOP,Sell,Equity Shares,2743.0,0.0,0.0,0.0,0.0,22236.0,0.0,19493.0,0.0
INFY,2023-05-04 22:04:00,2023-05-04,2023-05-02,2023-05-02,Employees/Designated Employees,ESOP,Buy,Equity Shares,5049.0,0.0,0.0,0.0,0.0,6016.0,0.0,11065.0,0.0
INFY,2023-05-04 22:04:00,2023-05-04,2023-05-02,2023-05-02,Employees/Designated Employees,ESOP,Sell,Equity Shares,2189.0,0.0,0.0,0.0,0.0,11065.0,0.0,8876.0,0.0
INFY,2023-05-04 22:04:00,2023-05-04,2023-05-02,2023-05-02,Employees/Designated Employees,ESOP,Buy,Equity Shares,6950.0,0.0,0.0,0.0,0.0,15830.0,0.0,22780.0,0.0
INFY,2023-05-04 22:04:00,2023-05-04,2023-05-02,2023-05-02,Employees/Designated Employees,ESOP,Sell,Equity Shares,6950.0,0.0,0.0,0.0,0.0,22780.0,0.0,15830.0,0.0
INFY,2023-05-04 22:04:00,2023-05-04,2023-05-02,2023-05-02,Employees/Designated Employees,ESOP,Buy,Equity Shares,7796.0,0.0,0.0,0.0,0.0,13626.0,0.0,21422.0,0.0
INFY,2023-05-04 22:04:00,2023-05-04,2023-05-02,2023-05-02,Employees/Designated Employees,ESOP,Sell,Equity Shares,6280.0,0.0,0.0,0.0,0.0,21422.0,0.0,15142.0,0.0
INFY,2023-05-04 22:04:00,2023-05-04,2023-05-02,2023-05-02,Employees/Designated Employees,ESOP,Buy,Equity Shares,10172.0,0.0,0.0,0.0,0.0,40613.0,0.0,50785.0,0.0
INFY,2023-05-04 22:04:00,2023-05-04,2023-05-02,2023-05-02,Employees/Designated Employees,ESOP,Sell,Equity Shares,10172.0,0.0,0.0,0.0,0.0,50785.0,0.0,40613.0,0.0
INFY,2023-05-04 22:04:00,2023-05-04,2023-05-02,2023-05-02,Employees/Designated Employees,ESOP,Buy,Equity Shares,8348.0,0.0,0.0,0.0,0.0,23158.0,0.0,31506.0,0.0
INFY,2023-05-04 22:04:00,2023-05-04,2023-05-02,2023-05-02,Employees/Designated Employees,ESOP,Sell,Equity Shares,8348.0,0.0,0.0,0.0,0.0,31506.0,0.0,23158.0,0.0
INFY,2023-05-04 22:04:00,2023-05-04,2023-05-02,2023-05-02,Employees/Designated Employees,ESOP,Buy,Equity Shares,9926.0,0.0,0.0,0.0,0.0,23875.0,0.0,33801.0,0.0
INFY,2023-05-04 22:04:00,2023-05-04,2023-05-02,2023-05-02,Employees/Designated Employees,ESOP,Sell,Equity Shares,9926.0,0.0,0.0,0.0,0.0,33801.0,0.0,23875.0,0.0
INFY,2023-05-04 22:04:00,2023-05-04,2023-05-02,2023-05-02,Employees/Designated Employees,ESOP,Buy,Equity Shares,7778.0,0.0,0.0,0.0,0.0,19154.0,0.0,26932.0,0.0
INFY,2023-05-04 22:04:00,2023-05-04,2023-05-02,2023-05-02,Employees/Designated Employees,ESOP,Sell,Equity Shares,4481.0,0.0,0.0,0.0,0.0,26932.0,0.0,22451.0,0.0
INFY,2023-05-04 22:04:00,2023-05-04,2023-05-02,2023-05-02,Employees/Designated Employees,ESOP,Buy,Equity Shares,11351.0,0.0,0.0,0.0,0.0,14875.0,0.0,26226.0,0.0
INFY,2023-05-04 22:04:00,2023-05-04,2023-05-02,2023-05-02,Employees/Designated Employees,ESOP,Sell,Equity Shares,11351.0,0.0,0.0,0.0,0.0,26226.0,0.0,14875.0,0.0
INFY,2023-05-04 22:04:00,2023-05-04,2023-05-02,2023-05-02,Employees/Designated Employees,ESOP,Buy,Equity Shares,11860.0,0.0,0.0,0.0,0.0,35160.0,0.0,47020.0,0.0
INFY,2023-05-04 22:04:00,2023-05-04,2023-05-02,2023-05-02,Employees/Designated Employees,ESOP,Sell,Equity Shares,7905.0,0.0,0.0,0.0,0.0,47020.0,0.0,39115.0,0.0
INFY,2023-05-04 22:04:00,2023-05-04,2023-05-02,2023-05-02,Employees/Designated Employees,ESOP,Buy,Equity Shares,9785.0,0.0,0.0,0.0,0.0,49093.0,0.0,58878.0,0.0
INFY,2023-05-04 22:04:00,2023-05-04,2023-05-02,2023-05-02,Employees/Designated Employees,ESOP,Sell,Equity Shares,4892.0,0.0,0.0,0.0,0.0,58878.0,0.0,53986.0,0.0
INFY,2023-05-04 22:04:00,2023-05-04,2023-05-02,2023-05-02,Employees/Designated Employees,ESOP,Buy,Equity Shares,1850.0,0.0,0.0,0.0,0.0,4895.0,0.0,6745.0,0.0
INFY,2023-05-04 22:04:00,2023-05-04,2023-05-02,2023-05-02,Employees/Designated Employees,ESOP,Sell,Equity Shares,1850.0,0.0,0.0,0.0,0.0,6745.0,0.0,4895.0,0.0
INFY,2023-05-04 22:04:00,2023-05-04,2023-05-02,2023-05-02,Employees/Designated Employees,ESOP,Buy,Equity Shares,1683.0,0.0,0.0,0.0,0.0,6647.0,0.0,8330.0,0.0
INFY,2023-05-04 22:04:00,2023-05-04,2023-05-02,2023-05-02,Employees/Designated Employees,ESOP,Sell,Equity Shares,730.0,0.0,0.0,0.0,0.0,8330.0,0.0,7600.0,0.0
INFY,2023-05-04 22:04:00,2023-05-04,2023-05-02,2023-05-02,Employees/Designated Employees,ESOP,Buy,Equity Shares,1683.0,0.0,0.0,0.0,0.0,4575.0,0.0,6258.0,0.0
INFY,2023-05-04 22:04:00,2023-05-04,2023-05-02,2023-05-02,Employees/Designated Employees,ESOP,Sell,Equity Shares,872.0,0.0,0.0,0.0,0.0,6258.0,0.0,5386.0,0.0
INFY,2023-05-04 22:04:00,2023-05-04,2023-05-02,2023-05-02,Employees/Designated Employees,ESOP,Buy,Equity Shares,2017.0,0.0,0.0,0.0,0.0,895.0,0.0,2912.0,0.0
INFY,2023-05-04 22:04:00,2023-05-04,2023-05-02,2023-05-02,Employees/Designated Employees,ESOP,Sell,Equity Shares,895.0,0.0,0.0,0.0,0.0,2912.0,0.0,2017.0,0.0
INFY,2023-05-04 22:04:00,2023-05-04,2023-05-02,2023-05-02,Employees/Designated Employees,ESOP,Buy,Equity Shares,1683.0,0.0,0.0,0.0,0.0,4531.0,0.0,6214.0,0.0
INFY,2023-05-04 22:04:00,2023-05-04,2023-05-02,2023-05-02,Employees/Designated Employees,ESOP,Sell,Equity Shares,940.0,0.0,0.0,0.0,0.0,6214.0,0.0,5274.0,0.0
INFY,2023-05-04 22:04:00,2023-05-04,2023-05-02,2023-05-02,Employees/Designated Employees,ESOP,Buy,Equity Shares,600.0,0.0,0.0,0.0,0.0,,0.0,600.0,0.0
INFY,2023-05-04 22:04:00,2023-05-04,2023-05-02,2023-05-02,Employees/Designated Employees,ESOP,Sell,Equity Shares,600.0,0.0,0.0,0.0,0.0,600.0,0.0,,0.0
INFY,2023-05-04 22:04:00,2023-05-04,2023-05-02,2023-05-02,Employees/Designated Employees,ESOP,Buy,Equity Shares,1850.0,0.0,0.0,0.0,0.0,345.0,0.0,2195.0,0.0
INFY,2023-05-04 22:04:00,2023-05-04,2023-05-02,2023-05-02,Employees/Designated Employees,ESOP,Sell,Equity Shares,1030.0,0.0,0.0,0.0,0.0,2195.0,0.0,1165.0,0.0
INFY,2023-05-04 22:04:00,2023-05-04,2023-05-02,2023-05-02,Employees/Designated Employees,ESOP,Buy,Equity Shares,1616.0,0.0,0.0,0.0,0.0,3151.0,0.0,4767.0,0.0
INFY,2023-05-04 22:04:00,2023-05-04,2023-05-02,2023-05-02,Employees/Designated Employees,ESOP,Sell,Equity Shares,806.0,0.0,0.0,0.0,0.0,4767.0,0.0,3961.0,0.0
INFY,2023-05-04 22:04:00,2023-05-04,2023-05-02,2023-05-02,Employees/Designated Employees,ESOP,Buy,Equity Shares,1850.0,0.0,0.0,0.0,0.0,866.0,0.0,2716.0,0.0
INFY,2023-05-04 22:04:00,2023-05-04,2023-05-02,2023-05-02,Employees/Designated Employees,ESOP,Sell,Equity Shares,1850.0,0.0,0.0,0.0,0.0,2716.0,0.0,866.0,0.0
INFY,2023-05-04 22:04:00,2023-05-04,2023-05-02,2023-05-02,Other,Off Market,Sell,Equity Shares,98981.0,0.0,0.0,0.0,0.0,12088179.0,0.29,11989198.0,0.29
INFY,2023-05-04 22:04:00,2023-05-04,2023-05-02,2023-05-02,Other,Market Sale,Sell,Equity Shares,48793.0,0.0,0.0,0.0,0.0,11989198.0,0.29,11940405.0,0.29
INFY,2023-05-04 22:04:00,2023-05-04,2023-05-02,2023-05-02,Employees/Designated Employees,ESOP,Buy,Equity Shares,867.0,0.0,0.0,0.0,0.0,866.0,0.0,1733.0,0.0
INFY,2023-05-04 22:04:00,2023-05-04,2023-05-02,2023-05-02,Employees/Designated Employees,ESOP,Sell,Equity Shares,867.0,0.0,0.0,0.0,0.0,1733.0,0.0,866.0,0.0
INFY,2023-05-04 22:04:00,2023-05-04,2023-05-02,2023-05-02,Employees/Designated Employees,ESOP,Buy,Equity Shares,11459.0,0.0,0.0,0.0,0.0,43502.0,0.0,54961.0,0.0
INFY,2023-05-04 22:04:00,2023-05-04,2023-05-02,2023-05-02,Employees/Designated Employees,ESOP,Sell,Equity Shares,84.0,0.0,0.0,0.0,0.0,54961.0,0.0,54877.0,0.0
INFY,2023-05-04 22:04:00,2023-05-04,2023-05-02,2023-05-02,Employees/Designated Employees,ESOP,Buy,Equity Shares,7543.0,0.0,0.0,0.0,0.0,41775.0,0.0,49318.0,0.0
INFY,2023-05-04 22:04:00,2023-05-04,2023-05-02,2023-05-02,Employees/Designated Employees,ESOP,Sell,Equity Shares,2809.0,0.0,0.0,0.0,0.0,49318.0,0.0,46509.0,0.0
INFY,2023-05-04 22:04:00,2023-05-04,2023-05-02,2023-05-02,Employees/Designated Employees,ESOP,Buy,Equity Shares,16382.0,0.0,0.0,0.0,0.0,117207.0,0.0,133589.0,0.0
INFY,2023-05-04 22:04:00,2023-05-04,2023-05-02,2023-05-02,Employees/Designated Employees,ESOP,Sell,Equity Shares,6100.0,0.0,0.0,0.0,0.0,133589.0,0.0,127489.0,0.0
INFY,2023-05-04 22:04:00,2023-05-04,2023-05-02,2023-05-02,Employees/Designated Employees,ESOP,Buy,Equity Shares,22636.0,0.0,0.0,0.0,0.0,7609.0,0.0,30245.0,0.0
INFY,2023-05-04 22:04:00,2023-05-04,2023-05-02,2023-05-02,Employees/Designated Employees,ESOP,Sell,Equity Shares,22636.0,0.0,0.0,0.0,0.0,30245.0,0.0,7609.0,0.0
INFY,2023-05-04 22:04:00,2023-05-04,2023-05-02,2023-05-02,Employees/Designated Employees,ESOP,Buy,Equity Shares,12183.0,0.0,0.0,0.0,0.0,52871.0,0.0,65054.0,0.0
INFY,2023-05-04 22:04:00,2023-05-04,2023-05-02,2023-05-02,Employees/Designated Employees,ESOP,Sell,Equity Shares,4537.0,0.0,0.0,0.0,0.0,65054.0,0.0,60517.0,0.0
INFY,2023-05-04 22:04:00,2023-05-04,2023-05-02,2023-05-02,Employees/Designated Employees,ESOP,Buy,Equity Shares,17112.0,0.0,0.0,0.0,0.0,62334.0,0.0,79446.0,0.0
INFY,2023-05-04 22:04:00,2023-05-04,2023-05-02,2023-05-02,Employees/Designated Employees,ESOP,Sell,Equity Shares,17112.0,0.0,0.0,0.0,0.0,79446.0,0.0,62334.0,0.0
INFY,2023-05-04 22:04:00,2023-05-04,2023-05-02,2023-05-02,Employees/Designated Employees,ESOP,Buy,Equity Shares,12155.0,0.0,0.0,0.0,0.0,,0.0,12155.0,0.0
INFY,2023-05-04 22:04:00,2023-05-04,2023-05-02,2023-05-02,Employees/Designated Employees,ESOP,Sell,Equity Shares,12155.0,0.0,0.0,0.0,0.0,12155.0,0.0,,0.0
INFY,2023-05-04 22:04:00,2023-05-04,2023-05-02,2023-05-02,Employees/Designated Employees,ESOP,Buy,Equity Shares,7615.0,0.0,0.0,0.0,0.0,13442.0,0.0,21057.0,0.0
INFY,2023-05-04 22:04:00,2023-05-04,2023-05-02,2023-05-02,Employees/Designated Employees,ESOP,Sell,Equity Shares,7615.0,0.0,0.0,0.0,0.0,21057.0,0.0,13442.0,0.0
INFY,2023-05-12 16:09:00,2023-05-11,2023-05-08,2023-05-08,Other,Market Sale,Sell,Equity Shares,44413.0,0.0,0.0,0.0,0.0,11940405.0,0.29,11895992.0,0.29
INFY,2023-05-16 17:13:00,2023-05-12,2023-05-12,2023-05-12,Employees/Designated Employees,ESOP,Buy,Equity Shares,59090.0,0.0,0.0,0.0,0.0,78853.0,0.0,137943.0,0.0
INFY,2023-05-16 17:13:00,2023-05-12,2023-05-12,2023-05-12,Employees/Designated Employees,ESOP,Sell,Equity Shares,7462.0,0.0,0.0,0.0,0.0,15275.0,0.0,7813.0,0.0
INFY,2023-05-16 17:13:00,2023-05-12,2023-05-12,2023-05-12,Employees/Designated Employees,ESOP,Buy,Equity Shares,7462.0,0.0,0.0,0.0,0.0,7813.0,0.0,15275.0,0.0
INFY,2023-05-16 17:13:00,2023-05-12,2023-05-12,2023-05-12,Employees/Designated Employees,ESOP,Sell,Equity Shares,11200.0,0.0,0.0,0.0,0.0,133381.0,0.0,122181.0,0.0
INFY,2023-05-16 17:13:00,2023-05-12,2023-05-12,2023-05-12,Employees/Designated Employees,ESOP,Buy,Equity Shares,22741.0,0.0,0.0,0.0,0.0,110640.0,0.0,133381.0,0.0
INFY,2023-05-16 17:13:00,2023-05-12,2023-05-12,2023-05-12,Employees/Designated Employees,ESOP,Sell,Equity Shares,4100.0,0.0,0.0,0.0,0.0,47813.0,0.0,43713.0,0.0
INFY,2023-05-16 17:13:00,2023-05-12,2023-05-12,2023-05-12,Employees/Designated Employees,ESOP,Buy,Equity Shares,10163.0,0.0,0.0,0.0,0.0,37650.0,0.0,47813.0,0.0
INFY,2023-05-16 17:13:00,2023-05-12,2023-05-12,2023-05-12,Employees/Designated Employees,ESOP,Sell,Equity Shares,59090.0,0.0,0.0,0.0,0.0,137943.0,0.0,78853.0,0.0
INFY,2023-05-16 17:13:00,2023-05-12,2023-05-12,2023-05-12,Employees/Designated Employees,ESOP,Buy,Equity Shares,3050.0,0.0,0.0,0.0,0.0,1944.0,0.0,4994.0,0.0
INFY,2023-05-16 17:13:00,2023-05-12,2023-05-12,2023-05-12,Employees/Designated Employees,ESOP,Sell,Equity Shares,3050.0,0.0,0.0,0.0,0.0,4994.0,0.0,1944.0,0.0
INFY,2023-05-16 17:13:00,2023-05-12,2023-05-12,2023-05-12,Employees/Designated Employees,ESOP,Buy,Equity Shares,1483.0,0.0,0.0,0.0,0.0,4741.0,0.0,6224.0,0.0
INFY,2023-05-16 17:13:00,2023-05-12,2023-05-12,2023-05-12,Employees/Designated Employees,ESOP,Sell,Equity Shares,1483.0,0.0,0.0,0.0,0.0,6224.0,0.0,4741.0,0.0
INFY,2023-05-16 17:13:00,2023-05-12,2023-05-12,2023-05-12,Employees/Designated Employees,ESOP,Buy,Equity Shares,9133.0,0.0,0.0,0.0,0.0,16868.0,0.0,26001.0,0.0
INFY,2023-05-16 17:13:00,2023-05-12,2023-05-12,2023-05-12,Employees/Designated Employees,ESOP,Sell,Equity Shares,9133.0,0.0,0.0,0.0,0.0,26001.0,0.0,16868.0,0.0
INFY,2023-05-16 17:13:00,2023-05-12,2023-05-12,2023-05-12,Employees/Designated Employees,ESOP,Buy,Equity Shares,7494.0,0.0,0.0,0.0,0.0,25823.0,0.0,33317.0,0.0
INFY,2023-05-16 17:13:00,2023-05-12,2023-05-12,2023-05-12,Employees/Designated Employees,ESOP,Sell,Equity Shares,3250.0,0.0,0.0,0.0,0.0,33317.0,0.0,30067.0,0.0
INFY,2023-05-16 17:13:00,2023-05-12,2023-05-12,2023-05-12,Employees/Designated Employees,ESOP,Buy,Equity Shares,1333.0,0.0,0.0,0.0,0.0,4379.0,0.0,5712.0,0.0
INFY,2023-05-16 17:13:00,2023-05-12,2023-05-12,2023-05-12,Employees/Designated Employees,ESOP,Buy,Equity Shares,2816.0,0.0,0.0,0.0,0.0,,0.0,2816.0,0.0
INFY,2023-05-16 17:13:00,2023-05-12,2023-05-12,2023-05-12,Employees/Designated Employees,ESOP,Buy,Equity Shares,1330.0,0.0,0.0,0.0,0.0,2561.0,0.0,3891.0,0.0
INFY,2023-05-16 17:13:00,2023-05-12,2023-05-12,2023-05-12,Employees/Designated Employees,ESOP,Buy,Equity Shares,4381.0,0.0,0.0,0.0,0.0,8151.0,0.0,12532.0,0.0
INFY,2023-05-16 17:13:00,2023-05-12,2023-05-12,2023-05-12,Employees/Designated Employees,ESOP,Buy,Equity Shares,1683.0,0.0,0.0,0.0,0.0,3466.0,0.0,5149.0,0.0
INFY,2023-05-19 09:48:00,2023-05-17,2023-05-16,2023-05-16,Other,Off Market,Sell,Equity Shares,137955.0,0.0,0.0,0.0,0.0,11895992.0,0.29,11758037.0,0.29
INFY,2023-05-22 21:19:00,2023-05-19,2023-05-19,2023-05-19,-,Off Market,Sell,Equity Shares,10000000.0,0.0,0.0,0.0,0.0,41853808.0,1.01,31853808.0,0.77
INFY,2023-05-22 21:19:00,2023-05-19,2023-05-19,2023-05-19,Promoters,Off Market,Buy,Equity Shares,10000000.0,0.0,0.0,0.0,0.0,4834928.0,0.12,14834928.0,0.36
INFY,2023-05-22 21:19:00,2023-05-19,2023-05-19,2023-05-19,-,Off Market,Sell,Equity Shares,10000000.0,0.0,0.0,0.0,0.0,41853808.0,1.01,31853808.0,0.77
INFY,2023-05-22 21:19:00,2023-05-19,2023-05-19,2023-05-19,Promoters,Off Market,Buy,Equity Shares,10000000.0,0.0,0.0,0.0,0.0,4834928.0,0.12,14834928.0,0.36
INFY,2023-05-31 17:20:00,2023-05-29,2023-05-25,2023-05-25,Other,Off Market,Sell,Equity Shares,17040.0,0.0,0.0,0.0,0.0,11758037.0,0.29,11740997.0,0.29
INFY,2023-05-31 17:20:00,2023-05-30,2023-05-30,2023-05-30,Employees/Designated Employees,Market Sale,Sell,ADR/GDR/FCCB,4000.0,0.0,0.0,0.0,0.0,14871.0,0.0,10871.0,0.0
INFY,2023-06-06 19:46:00,2023-06-04,2023-06-02,2023-06-02,Employees/Designated Employees,Market Sale,Sell,ADR/GDR/FCCB,7000.0,0.0,0.0,0.0,0.0,13442.0,0.0,6442.0,0.0
INFY,2023-06-06 19:46:00,2023-05-30,2023-05-30,2023-05-30,Employees/Designated Employees,Market Sale,Sell,ADR/GDR/FCCB,4000.0,0.0,0.0,0.0,0.0,19493.0,0.0,15493.0,0.0
INFY,2023-06-19 21:34:00,2023-06-16,2023-06-14,2023-06-14,Other,Off Market,Sell,Equity Shares,2640.0,0.0,0.0,0.0,0.0,11740997.0,0.29,11738357.0,0.29
INFY,2023-06-19 21:34:00,2023-06-15,2023-06-15,2023-06-15,Employees/Designated Employees,Market Sale,Sell,Equity Shares,5200.0,0.0,0.0,0.0,0.0,16180.0,0.0,10980.0,0.0
INFY,2023-06-23 13:19:00,2023-06-13,2023-06-13,2023-06-13,Employees/Designated Employees,ESOP,Buy,Equity Shares,500.0,0.0,0.0,0.0,0.0,7813.0,0.0,8313.0,0.0
INFY,2023-06-23 13:19:00,2023-06-13,2023-06-13,2023-06-13,Employees/Designated Employees,ESOP,Sell,Equity Shares,395.0,0.0,0.0,0.0,0.0,23284.0,0.0,22889.0,0.0
INFY,2023-06-23 13:19:00,2023-06-13,2023-06-13,2023-06-13,Employees/Designated Employees,ESOP,Buy,Equity Shares,6667.0,0.0,0.0,0.0,0.0,127489.0,0.0,134156.0,0.0
INFY,2023-06-23 13:19:00,2023-06-13,2023-06-13,2023-06-13,Employees/Designated Employees,ESOP,Buy,Equity Shares,1683.0,0.0,0.0,0.0,0.0,4674.0,0.0,6357.0,0.0
INFY,2023-06-23 13:19:00,2023-06-13,2023-06-13,2023-06-13,Employees/Designated Employees,ESOP,Buy,Equity Shares,2017.0,0.0,0.0,0.0,0.0,,0.0,2017.0,0.0
INFY,2023-06-23 13:19:00,2023-06-13,2023-06-13,2023-06-13,Employees/Designated Employees,ESOP,Buy,Equity Shares,1850.0,0.0,0.0,0.0,0.0,5712.0,0.0,7562.0,0.0
INFY,2023-06-23 13:19:00,2023-06-13,2023-06-13,2023-06-13,Employees/Designated Employees,ESOP,Buy,Equity Shares,3016.0,0.0,0.0,0.0,0.0,866.0,0.0,3882.0,0.0
INFY,2023-06-23 13:19:00,2023-06-13,2023-06-13,2023-06-13,Employees/Designated Employees,ESOP,Buy,Equity Shares,1000.0,0.0,0.0,0.0,0.0,4310.0,0.0,5310.0,0.0
INFY,2023-06-23 13:19:00,2023-06-13,2023-06-13,2023-06-13,Employees/Designated Employees,ESOP,Buy,Equity Shares,1333.0,0.0,0.0,0.0,0.0,1334.0,0.0,2667.0,0.0
INFY,2023-06-23 13:19:00,2023-06-13,2023-06-13,2023-06-13,Employees/Designated Employees,ESOP,Buy,Equity Shares,2200.0,0.0,0.0,0.0,0.0,9175.0,0.0,11375.0,0.0
INFY,2023-06-23 13:19:00,2023-06-13,2023-06-13,2023-06-13,Employees/Designated Employees,ESOP,Buy,Equity Shares,1333.0,0.0,0.0,0.0,0.0,,0.0,1333.0,0.0
INFY,2023-06-23 13:19:00,2023-06-13,2023-06-13,2023-06-13,Employees/Designated Employees,ESOP,Buy,Equity Shares,1000.0,0.0,0.0,0.0,0.0,4741.0,0.0,5741.0,0.0
INFY,2023-06-23 13:19:00,2023-06-13,2023-06-13,2023-06-13,Employees/Designated Employees,ESOP,Buy,Equity Shares,1333.0,0.0,0.0,0.0,0.0,3891.0,0.0,5224.0,0.0
INFY,2023-06-23 13:19:00,2023-06-13,2023-06-13,2023-06-13,Employees/Designated Employees,ESOP,Buy,Equity Shares,1000.0,0.0,0.0,0.0,0.0,53986.0,0.0,54986.0,0.0
INFY,2023-06-23 13:19:00,2023-06-13,2023-06-13,2023-06-13,Employees/Designated Employees,ESOP,Sell,Equity Shares,1000.0,0.0,0.0,0.0,0.0,54986.0,0.0,53986.0,0.0
INFY,2023-06-23 13:19:00,2023-06-13,2023-06-13,2023-06-13,Employees/Designated Employees,ESOP,Buy,Equity Shares,833.0,0.0,0.0,0.0,0.0,,0.0,833.0,0.0
INFY,2023-06-23 13:19:00,2023-06-13,2023-06-13,2023-06-13,Employees/Designated Employees,ESOP,Sell,Equity Shares,833.0,0.0,0.0,0.0,0.0,833.0,0.0,,0.0
INFY,2023-06-23 13:19:00,2023-06-13,2023-06-13,2023-06-13,Employees/Designated Employees,ESOP,Buy,Equity Shares,950.0,0.0,0.0,0.0,0.0,,0.0,950.0,0.0
INFY,2023-06-23 13:19:00,2023-06-13,2023-06-13,2023-06-13,Employees/Designated Employees,ESOP,Sell,Equity Shares,950.0,0.0,0.0,0.0,0.0,950.0,0.0,,0.0
INFY,2023-06-23 13:19:00,2023-06-13,2023-06-13,2023-06-13,Employees/Designated Employees,ESOP,Buy,Equity Shares,1667.0,0.0,0.0,0.0,0.0,62334.0,0.0,64001.0,0.0
INFY,2023-06-23 13:19:00,2023-06-13,2023-06-13,2023-06-13,Employees/Designated Employees,ESOP,Sell,Equity Shares,500.0,0.0,0.0,0.0,0.0,8313.0,0.0,7813.0,0.0
INFY,2023-06-23 13:19:00,2023-06-13,2023-06-13,2023-06-13,Employees/Designated Employees,ESOP,Buy,Equity Shares,833.0,0.0,0.0,0.0,0.0,22451.0,0.0,23284.0,0.0
INFY,2023-06-23 13:19:00,2023-06-13,2023-06-13,2023-06-13,Employees/Designated Employees,ESOP,Sell,Equity Shares,375.0,0.0,0.0,0.0,0.0,44946.0,0.0,44571.0,0.0
INFY,2023-06-23 13:19:00,2023-06-13,2023-06-13,2023-06-13,Employees/Designated Employees,ESOP,Buy,Equity Shares,1233.0,0.0,0.0,0.0,0.0,43713.0,0.0,44946.0,0.0
INFY,2023-06-23 13:19:00,2023-06-13,2023-06-13,2023-06-13,Employees/Designated Employees,ESOP,Sell,Equity Shares,1667.0,0.0,0.0,0.0,0.0,64001.0,0.0,62334.0,0.0
INFY,2023-06-23 13:19:00,2023-06-13,2023-06-13,2023-06-13,Employees/Designated Employees,ESOP,Buy,Equity Shares,917.0,0.0,0.0,0.0,0.0,1944.0,0.0,2861.0,0.0
INFY,2023-06-23 13:19:00,2023-06-13,2023-06-13,2023-06-13,Employees/Designated Employees,ESOP,Sell,Equity Shares,917.0,0.0,0.0,0.0,0.0,2861.0,0.0,1944.0,0.0
INFY,2023-06-23 13:19:00,2023-06-13,2023-06-13,2023-06-13,Employees/Designated Employees,ESOP,Buy,Equity Shares,1333.0,0.0,0.0,0.0,0.0,,0.0,1333.0,0.0
INFY,2023-06-23 13:19:00,2023-06-13,2023-06-13,2023-06-13,Employees/Designated Employees,ESOP,Sell,Equity Shares,1333.0,0.0,0.0,0.0,0.0,1333.0,0.0,,0.0
INFY,2023-06-23 13:19:00,2023-06-13,2023-06-13,2023-06-13,Employees/Designated Employees,ESOP,Buy,Equity Shares,5451.0,0.0,0.0,0.0,0.0,6442.0,0.0,11893.0,0.0
INFY,2023-06-23 13:19:00,2023-06-13,2023-06-13,2023-06-13,Employees/Designated Employees,ESOP,Sell,Equity Shares,1200.0,0.0,0.0,0.0,0.0,11893.0,0.0,10693.0,0.0
INFY,2023-06-23 13:19:00,2023-06-13,2023-06-13,2023-06-13,Employees/Designated Employees,ESOP,Buy,Equity Shares,1233.0,0.0,0.0,0.0,0.0,16868.0,0.0,18101.0,0.0
INFY,2023-06-23 13:19:00,2023-06-13,2023-06-13,2023-06-13,Employees/Designated Employees,ESOP,Sell,Equity Shares,1233.0,0.0,0.0,0.0,0.0,18101.0,0.0,16868.0,0.0
INFY,2023-06-23 13:19:00,2023-06-13,2023-06-13,2023-06-13,Employees/Designated Employees,ESOP,Buy,Equity Shares,1050.0,0.0,0.0,0.0,0.0,8876.0,0.0,9926.0,0.0
INFY,2023-06-23 13:19:00,2023-06-13,2023-06-13,2023-06-13,Employees/Designated Employees,ESOP,Sell,Equity Shares,1050.0,0.0,0.0,0.0,0.0,9926.0,0.0,8876.0,0.0
INFY,2023-06-23 13:19:00,2023-06-13,2023-06-13,2023-06-13,Employees/Designated Employees,ESOP,Buy,Equity Shares,1000.0,0.0,0.0,0.0,0.0,15142.0,0.0,16142.0,0.0
INFY,2023-06-23 13:19:00,2023-06-13,2023-06-13,2023-06-13,Employees/Designated Employees,ESOP,Sell,Equity Shares,1000.0,0.0,0.0,0.0,0.0,16142.0,0.0,15142.0,0.0
INFY,2023-06-23 13:19:00,2023-06-13,2023-06-13,2023-06-13,Employees/Designated Employees,ESOP,Buy,Equity Shares,833.0,0.0,0.0,0.0,0.0,23158.0,0.0,23991.0,0.0
INFY,2023-06-23 13:19:00,2023-06-13,2023-06-13,2023-06-13,Employees/Designated Employees,ESOP,Sell,Equity Shares,833.0,0.0,0.0,0.0,0.0,23991.0,0.0,23158.0,0.0
INFY,2023-06-23 13:19:00,2023-06-13,2023-06-13,2023-06-13,Employees/Designated Employees,ESOP,Buy,Equity Shares,1000.0,0.0,0.0,0.0,0.0,54877.0,0.0,55877.0,0.0
INFY,2023-06-23 13:19:00,2023-06-13,2023-06-13,2023-06-13,Employees/Designated Employees,ESOP,Sell,Equity Shares,1000.0,0.0,0.0,0.0,0.0,55877.0,0.0,54877.0,0.0
INFY,2023-06-23 13:19:00,2023-06-13,2023-06-13,2023-06-13,Employees/Designated Employees,ESOP,Buy,Equity Shares,833.0,0.0,0.0,0.0,0.0,23875.0,0.0,24708.0,0.0
INFY,2023-06-23 13:19:00,2023-06-13,2023-06-13,2023-06-13,Employees/Designated Employees,ESOP,Sell,Equity Shares,833.0,0.0,0.0,0.0,0.0,24708.0,0.0,23875.0,0.0
INFY,2023-06-23 13:19:00,2023-06-13,2023-06-13,2023-06-13,Employees/Designated Employees,ESOP,Buy,Equity Shares,4833.0,0.0,0.0,0.0,0.0,14875.0,0.0,19708.0,0.0
INFY,2023-06-23 13:19:00,2023-06-13,2023-06-13,2023-06-13,Employees/Designated Employees,ESOP,Sell,Equity Shares,833.0,0.0,0.0,0.0,0.0,19708.0,0.0,18875.0,0.0
INFY,2023-06-23 13:19:00,2023-06-13,2023-06-13,2023-06-13,Employees/Designated Employees,ESOP,Buy,Equity Shares,833.0,0.0,0.0,0.0,0.0,39115.0,0.0,39948.0,0.0
INFY,2023-06-23 13:19:00,2023-06-13,2023-06-13,2023-06-13,Employees/Designated Employees,ESOP,Sell,Equity Shares,460.0,0.0,0.0,0.0,0.0,39948.0,0.0,39488.0,0.0
INFY,2023-06-23 13:19:00,2023-06-13,2023-06-13,2023-06-13,Employees/Designated Employees,ESOP,Buy,Equity Shares,917.0,0.0,0.0,0.0,0.0,15493.0,0.0,16410.0,0.0
INFY,2023-06-23 13:19:00,2023-06-13,2023-06-13,2023-06-13,Employees/Designated Employees,ESOP,Sell,Equity Shares,230.0,0.0,0.0,0.0,0.0,16410.0,0.0,16180.0,0.0
INFY,2023-06-23 13:19:00,2023-06-13,2023-06-13,2023-06-13,Employees/Designated Employees,ESOP,Buy,Equity Shares,917.0,0.0,0.0,0.0,0.0,30067.0,0.0,30984.0,0.0
INFY,2023-06-23 13:19:00,2023-06-13,2023-06-13,2023-06-13,Employees/Designated Employees,ESOP,Sell,Equity Shares,300.0,0.0,0.0,0.0,0.0,30984.0,0.0,30684.0,0.0
INFY,2023-06-23 13:19:00,2023-06-13,2023-06-13,2023-06-13,Employees/Designated Employees,ESOP,Buy,Equity Shares,2833.0,0.0,0.0,0.0,0.0,122181.0,0.0,125014.0,0.0
INFY,2023-06-23 13:19:00,2023-06-13,2023-06-13,2023-06-13,Employees/Designated Employees,ESOP,Sell,Equity Shares,1125.0,0.0,0.0,0.0,0.0,125014.0,0.0,123889.0,0.0
INFY,2023-06-23 13:19:00,2023-06-13,2023-06-13,2023-06-13,Employees/Designated Employees,ESOP,Buy,Equity Shares,833.0,0.0,0.0,0.0,0.0,41345.0,0.0,42178.0,0.0
INFY,2023-06-23 13:19:00,2023-06-13,2023-06-13,2023-06-13,Employees/Designated Employees,ESOP,Sell,Equity Shares,295.0,0.0,0.0,0.0,0.0,42178.0,0.0,41883.0,0.0
INFY,2023-06-23 13:19:00,2023-06-13,2023-06-13,2023-06-13,Employees/Designated Employees,ESOP,Buy,Equity Shares,800.0,0.0,0.0,0.0,0.0,15830.0,0.0,16630.0,0.0
INFY,2023-06-23 13:19:00,2023-06-13,2023-06-13,2023-06-13,Employees/Designated Employees,ESOP,Sell,Equity Shares,250.0,0.0,0.0,0.0,0.0,16630.0,0.0,16380.0,0.0
INFY,2023-07-18 17:21:00,2023-07-13,2023-07-11,2023-07-11,-,Market Sale,Sell,Equity Shares,883.0,0.0,0.0,0.0,0.0,883.0,0.0,,0.0
INFY,2023-07-21 16:36:00,2023-07-19,2023-07-18,2023-07-18,Other,Off Market,Sell,Equity Shares,7409.0,0.0,0.0,0.0,0.0,11738357.0,0.29,11730948.0,0.28
INFY,2023-08-03 22:35:00,2023-08-01,2023-08-01,2023-08-01,-,ESOP,Buy,Equity Shares,9667.0,0.0,0.0,0.0,0.0,46509.0,0.0,56176.0,0.0
INFY,2023-08-03 22:35:00,2023-08-01,2023-08-01,2023-08-01,-,ESOP,Buy,Equity Shares,1616.0,0.0,0.0,0.0,0.0,800.0,0.0,2416.0,0.0
INFY,2023-08-03 22:35:00,2023-08-01,2023-08-01,2023-08-01,-,ESOP,Buy,Equity Shares,1683.0,0.0,0.0,0.0,0.0,5996.0,0.0,7679.0,0.0
INFY,2023-08-03 22:35:00,2023-08-01,2023-08-01,2023-08-01,-,ESOP,Buy,Equity Shares,1267.0,0.0,0.0,0.0,0.0,1152.0,0.0,2419.0,0.0
INFY,2023-08-03 22:35:00,2023-08-01,2023-08-01,2023-08-01,-,ESOP,Buy,Equity Shares,3000.0,0.0,0.0,0.0,0.0,5224.0,0.0,8224.0,0.0
INFY,2023-08-03 22:35:00,2023-08-01,2023-08-01,2023-08-01,-,ESOP,Buy,Equity Shares,1000.0,0.0,0.0,0.0,0.0,12965.0,0.0,13965.0,0.0
INFY,2023-08-03 22:35:00,2023-08-01,2023-08-01,2023-08-01,-,ESOP,Buy,Equity Shares,1683.0,0.0,0.0,0.0,0.0,866.0,0.0,2549.0,0.0
INFY,2023-08-03 22:35:00,2023-08-01,2023-08-01,2023-08-01,-,ESOP,Buy,Equity Shares,1683.0,0.0,0.0,0.0,0.0,4200.0,0.0,5883.0,0.0
INFY,2023-08-03 22:35:00,2023-08-01,2023-08-01,2023-08-01,-,ESOP,Buy,Equity Shares,1683.0,0.0,0.0,0.0,0.0,1866.0,0.0,3549.0,0.0
INFY,2023-08-03 22:35:00,2023-08-01,2023-08-01,2023-08-01,-,ESOP,Buy,Equity Shares,1483.0,0.0,0.0,0.0,0.0,2166.0,0.0,3649.0,0.0
INFY,2023-08-03 22:35:00,2023-08-01,2023-08-01,2023-08-01,-,ESOP,Buy,Equity Shares,1783.0,0.0,0.0,0.0,0.0,5310.0,0.0,7093.0,0.0
INFY,2023-08-03 22:35:00,2023-08-01,2023-08-01,2023-08-01,-,ESOP,Buy,Equity Shares,1233.0,0.0,0.0,0.0,0.0,40613.0,0.0,41846.0,0.0
INFY,2023-08-11 17:34:00,2023-08-09,2023-08-09,2023-08-09,-,ESOP,Buy,Equity Shares,1000.0,0.0,0.0,0.0,0.0,36932.0,0.0,37932.0,0.0
INFY,2023-08-21 16:50:00,2023-08-18,2023-08-18,2023-08-18,Other,Market Sale,Sell,Equity Shares,58826.0,0.0,0.0,0.0,0.0,11722605.0,0.28,11663779.0,0.28
INFY,2023-08-21 16:50:00,2023-08-18,2023-08-16,2023-08-16,Other,Market Sale,Sell,Equity Shares,8343.0,0.0,0.0,0.0,0.0,11730948.0,0.28,11722605.0,0.28
INFY,2023-08-30 16:32:00,2023-08-29,2023-08-25,2023-08-25,Other,Off Market,Sell,Equity Shares,102746.0,0.0,0.0,0.0,0.0,11663779.0,0.28,11561033.0,0.28
INFY,2023-09-01 18:19:00,2023-08-31,2023-08-14,2023-08-14,Employees/Designated Employees,Market Sale,Sell,ADR/GDR/FCCB,10693.0,0.0,0.0,0.0,0.0,10693.0,0.0,,0.0
INFY,2023-09-04 20:25:00,2023-09-01,2023-09-01,2023-09-01,Employees/Designated Employees,Market Sale,Sell,Equity Shares,1800.0,0.0,0.0,0.0,0.0,30684.0,0.0,28884.0,0.0
INFY,2023-09-04 20:25:00,2023-09-01,2023-09-01,2023-09-01,Employees/Designated Employees,Market Sale,Sell,Equity Shares,20000.0,0.0,0.0,0.0,0.0,60517.0,0.0,40517.0,0.0
INFY,2023-09-05 15:37:00,2023-09-01,2023-09-01,2023-09-01,Employees/Designated Employees,Market Sale,Sell,ADR/GDR/FCCB,4288.0,0.0,0.0,0.0,0.0,4288.0,0.0,,0.0
INFY,2023-09-19 16:43:00,2023-09-14,2023-09-14,2023-09-14,-,ESOP,Buy,Equity Shares,1000.0,0.0,0.0,0.0,0.0,,0.0,1000.0,0.0
INFY,2023-09-19 16:43:00,2023-09-14,2023-09-14,2023-09-14,-,ESOP,Buy,Equity Shares,1667.0,0.0,0.0,0.0,0.0,134156.0,0.0,135823.0,0.0
INFY,2023-09-19 16:43:00,2023-09-14,2023-09-14,2023-09-14,-,ESOP,Buy,Equity Shares,2083.0,0.0,0.0,0.0,0.0,7609.0,0.0,9692.0,0.0
INFY,2023-09-19 16:43:00,2023-09-14,2023-09-14,2023-09-14,-,ESOP,Buy,Equity Shares,1333.0,0.0,0.0,0.0,0.0,5883.0,0.0,7216.0,0.0
INFY,2023-09-19 16:43:00,2023-09-14,2023-09-14,2023-09-14,-,ESOP,Buy,Equity Shares,917.0,0.0,0.0,0.0,0.0,8224.0,0.0,9141.0,0.0
INFY,2023-09-19 16:43:00,2023-09-14,2023-09-14,2023-09-14,-,ESOP,Buy,Equity Shares,1333.0,0.0,0.0,0.0,0.0,40517.0,0.0,41850.0,0.0
INFY,2023-09-22 16:24:00,2023-09-20,2023-09-15,2023-09-15,Other,Off Market,Sell,Equity Shares,2171.0,0.0,0.0,0.0,0.0,11561033.0,0.28,11558862.0,0.28
INFY,2023-10-20 17:13:00,2023-10-19,2023-10-19,2023-10-19,Promoters,Market Sale,Sell,Equity Shares,2370435.0,0.0,0.0,0.0,0.0,23704350.0,0.64,21333915.0,0.58
INFY,2023-10-20 17:13:00,2023-10-19,2023-10-19,2023-10-19,Promoter Group,Market Sale,Sell,Equity Shares,667924.0,0.0,0.0,0.0,0.0,6679240.0,0.18,6011316.0,0.16
INFY,2023-10-25 10:18:00,2023-10-23,2023-10-20,2023-10-20,Other,Market Sale,Sell,Equity Shares,6500.0,0.0,0.0,0.0,0.0,11558862.0,0.28,11552362.0,0.28
INFY,2023-10-26 13:39:00,2023-10-25,2023-10-20,2023-10-20,Other,Off Market,Sell,Equity Shares,2348.0,0.0,0.0,0.0,0.0,11552362.0,0.28,11550014.0,0.28
INFY,2023-10-30 15:56:00,2023-10-26,2023-10-25,2023-10-25,Other,Off Market,Sell,Equity Shares,4202.0,0.0,0.0,0.0,0.0,11550014.0,0.28,11545812.0,0.28
INFY,2023-11-13 10:20:00,2023-11-10,2023-11-08,2023-11-08,Other,Market Sale,Sell,Equity Shares,2460.0,0.0,0.0,0.0,0.0,11545812.0,0.28,11543352.0,0.28
INFY,2023-11-14 11:42:00,2023-11-13,2023-11-09,2023-11-09,Other,Market Sale,Sell,Equity Shares,16675.0,0.0,0.0,0.0,0.0,11543352.0,0.28,11526677.0,0.28
INFY,2023-11-17 15:33:00,2023-11-15,2023-11-07,2023-11-07,-,Market Sale,Sell,ADR/GDR/FCCB,5000.0,0.0,0.0,0.0,0.0,22889.0,0.2,17889.0,0.2
INFY,2023-11-21 11:54:00,2023-11-17,2023-11-15,2023-11-15,Other,Off Market,Sell,Equity Shares,47099.0,0.0,0.0,0.0,0.0,11526677.0,0.28,11479578.0,0.28
INFY,2023-11-22 16:50:00,2023-11-20,2023-11-20,2023-11-20,Employees/Designated Employees,ESOP,Buy,ADR/GDR/FCCB,4327.0,0.0,0.0,0.0,0.0,866.0,0.0,5193.0,0.0
INFY,2023-11-22 16:50:00,2023-11-20,2023-11-20,2023-11-20,Employees/Designated Employees,ESOP,Sell,ADR/GDR/FCCB,4327.0,0.0,0.0,0.0,0.0,5193.0,0.0,866.0,0.0
INFY,2023-11-27 10:14:00,2023-11-24,2023-11-22,2023-11-23,Other,Off Market,Sell,Equity Shares,115723.0,0.0,0.0,0.0,0.0,11479578.0,0.28,11363855.0,0.28
INFY,2023-12-12 13:14:00,2023-12-08,2023-12-05,2023-12-05,-,Market Sale,Sell,ADR/GDR/FCCB,7250.0,0.0,0.0,0.0,0.0,28884.0,0.0,21634.0,0.0
INFY,2023-12-14 10:03:00,2023-12-12,2023-12-12,2023-12-12,-,Market Sale,Sell,ADR/GDR/FCCB,5901.0,0.0,0.0,0.0,0.0,5901.0,0.0,,0.0
INFY,2023-12-19 16:41:00,2023-12-18,2023-12-14,2023-12-14,Other,Off Market,Sell,Equity Shares,111194.0,0.0,0.0,0.0,0.0,11363855.0,0.28,11252661.0,0.27
INFY,2023-12-21 10:33:00,2023-12-15,2023-12-14,2023-12-14,-,Market Sale,Sell,ADR/GDR/FCCB,20000.0,0.0,0.0,0.0,0.0,54877.0,0.0,34877.0,0.0
INFY,2023-12-21 10:33:00,2023-12-19,2023-12-13,2023-12-13,-,Market Sale,Sell,ADR/GDR/FCCB,1500.0,0.0,0.0,0.0,0.0,10980.0,0.0,9480.0,0.0
INFY,2023-12-28 09:59:00,2023-12-27,2023-12-22,2023-12-22,Other,Off Market,Sell,Equity Shares,3196.0,0.0,0.0,0.0,0.0,11252661.0,0.27,11249465.0,0.27
INFY,2024-01-29 15:20:00,2024-01-23,2024-01-19,2024-01-19,Other,Off Market,Sell,Equity Shares,1054.0,0.0,0.0,0.0,0.0,11249465.0,0.27,11248411.0,0.27
INFY,2024-02-07 10:29:00,2024-02-06,2024-02-02,2024-02-02,Other,Market Sale,Sell,Equity Shares,8155.0,0.0,0.0,0.0,0.0,11248411.0,0.27,11240256.0,0.27
INFY,2024-02-13 20:52:00,2024-02-09,2024-02-07,2024-02-07,Other,Market Sale,Sell,Equity Shares,15407.0,0.0,0.0,0.0,0.0,11240256.0,0.27,11224849.0,0.27
INFY,2024-02-14 15:45:00,2024-02-12,2024-02-12,2024-02-12,-,ESOP,Sell,ADR/GDR/FCCB,8047.0,0.0,0.0,0.0,0.0,11922.0,0.0,3875.0,0.0
INFY,2024-02-14 15:45:00,2024-02-12,2024-02-12,2024-02-12,-,ESOP,Buy,ADR/GDR/FCCB,155.0,0.0,0.0,0.0,0.0,295.0,0.0,450.0,0.0
INFY,2024-02-14 15:45:00,2024-02-12,2024-02-12,2024-02-12,-,ESOP,Sell,ADR/GDR/FCCB,65.0,0.0,0.0,0.0,0.0,450.0,0.0,385.0,0.0
INFY,2024-02-14 15:45:00,2024-02-12,2024-02-12,2024-02-12,-,ESOP,Buy,ADR/GDR/FCCB,117.0,0.0,0.0,0.0,0.0,,0.0,117.0,0.0
INFY,2024-02-14 15:45:00,2024-02-12,2024-02-12,2024-02-12,-,ESOP,Buy,ADR/GDR/FCCB,272.0,0.0,0.0,0.0,0.0,,0.0,272.0,0.0
INFY,2024-02-14 15:45:00,2024-02-12,2024-02-12,2024-02-12,-,ESOP,Sell,ADR/GDR/FCCB,272.0,0.0,0.0,0.0,0.0,272.0,0.0,,0.0
INFY,2024-02-14 15:45:00,2024-02-12,2024-02-12,2024-02-12,-,ESOP,Sell,ADR/GDR/FCCB,50.0,0.0,0.0,0.0,0.0,350.0,0.0,300.0,0.0
INFY,2024-02-14 15:45:00,2024-02-13,2024-02-09,2024-02-09,Other,Off Market,Sell,Equity Shares,12998.0,0.0,0.0,0.0,0.0,11224849.0,0.27,11211851.0,0.27
INFY,2024-02-14 15:45:00,2024-02-12,2024-02-12,2024-02-12,-,ESOP,Buy,ADR/GDR/FCCB,8047.0,0.0,0.0,0.0,0.0,3875.0,0.0,11922.0,0.0
INFY,2024-02-14 15:45:00,2024-02-12,2024-02-12,2024-02-12,-,ESOP,Sell,ADR/GDR/FCCB,15568.0,0.0,0.0,0.0,0.0,15568.0,0.0,,0.0
INFY,2024-02-14 15:45:00,2024-02-12,2024-02-12,2024-02-12,-,ESOP,Buy,ADR/GDR/FCCB,15568.0,0.0,0.0,0.0,0.0,,0.0,15568.0,0.0
INFY,2024-02-14 15:45:00,2024-02-12,2024-02-12,2024-02-12,-,ESOP,Buy,ADR/GDR/FCCB,117.0,0.0,0.0,0.0,0.0,233.0,0.0,350.0,0.0
INFY,2024-02-14 15:45:00,2024-02-12,2024-02-12,2024-02-12,-,ESOP,Sell,ADR/GDR/FCCB,117.0,0.0,0.0,0.0,0.0,117.0,0.0,,0.0
INFY,2024-02-20 15:52:00,2024-02-16,2024-02-15,2024-02-15,-,Market Sale,Sell,ADR/GDR/FCCB,1000.0,0.0,0.0,0.0,0.0,3549.0,0.0,2549.0,0.0
INFY,2024-02-20 15:52:00,2024-02-19,2024-02-14,2024-02-14,Other,Off Market,Sell,Equity Shares,33655.0,0.0,0.0,0.0,0.0,11211851.0,0.27,11178196.0,0.27
INFY,2024-02-26 15:55:00,2024-02-22,2024-02-22,2024-02-22,-,Market Sale,Sell,ADR/GDR/FCCB,2500.0,0.0,0.0,0.0,0.0,17889.0,0.0,15389.0,0.0
INFY,2024-02-27 15:30:00,2024-02-26,2024-02-22,2024-02-22,Other,Off Market,Sell,Equity Shares,107026.0,0.0,0.0,0.0,0.0,11178196.0,0.27,11071170.0,0.27
INFY,2024-03-16 00:47:00,2024-03-15,2024-03-13,2024-03-13,-,ESOP,Buy,ADR/GDR/FCCB,3063.0,0.0,0.0,0.0,0.0,1944.0,0.0,5007.0,0.0
INFY,2024-03-16 00:47:00,2024-03-15,2024-03-13,2024-03-13,-,ESOP,Sell,ADR/GDR/FCCB,3063.0,0.0,0.0,0.0,0.0,5007.0,0.0,1944.0,0.0
INFY,2024-03-16 00:47:00,2024-03-15,2024-03-13,2024-03-13,-,ESOP,Buy,ADR/GDR/FCCB,3213.0,0.0,0.0,0.0,0.0,16380.0,0.0,19593.0,0.0
INFY,2024-03-16 00:47:00,2024-03-15,2024-03-13,2024-03-13,-,ESOP,Sell,ADR/GDR/FCCB,3213.0,0.0,0.0,0.0,0.0,19593.0,0.0,16380.0,0.0
INFY,2024-03-16 00:47:00,2024-03-15,2024-03-13,2024-03-13,-,ESOP,Buy,ADR/GDR/FCCB,3013.0,0.0,0.0,0.0,0.0,34877.0,0.0,37890.0,0.0
INFY,2024-03-16 00:47:00,2024-03-15,2024-03-13,2024-03-13,-,ESOP,Sell,ADR/GDR/FCCB,3013.0,0.0,0.0,0.0,0.0,37890.0,0.0,34877.0,0.0
INFY,2024-03-16 00:47:00,2024-03-15,2024-03-13,2024-03-13,-,ESOP,Buy,ADR/GDR/FCCB,2600.0,0.0,0.0,0.0,0.0,16868.0,0.0,19468.0,0.0
INFY,2024-03-16 00:47:00,2024-03-15,2024-03-13,2024-03-13,-,ESOP,Buy,ADR/GDR/FCCB,3763.0,0.0,0.0,0.0,0.0,37932.0,0.0,41695.0,0.0
INFY,2024-03-16 00:47:00,2024-03-15,2024-03-13,2024-03-13,-,ESOP,Sell,ADR/GDR/FCCB,3763.0,0.0,0.0,0.0,0.0,41695.0,0.0,37932.0,0.0
INFY,2024-03-16 00:47:00,2024-03-15,2024-03-13,2024-03-13,-,ESOP,Buy,ADR/GDR/FCCB,4925.0,0.0,0.0,0.0,0.0,53986.0,0.0,58911.0,0.0
INFY,2024-03-16 00:47:00,2024-03-15,2024-03-13,2024-03-13,-,ESOP,Sell,ADR/GDR/FCCB,4925.0,0.0,0.0,0.0,0.0,58911.0,0.0,53986.0,0.0
INFY,2024-03-16 00:47:00,2024-03-15,2024-03-13,2024-03-13,-,ESOP,Buy,ADR/GDR/FCCB,3088.0,0.0,0.0,0.0,0.0,15389.0,0.0,18477.0,0.0
INFY,2024-03-16 00:47:00,2024-03-15,2024-03-13,2024-03-13,-,ESOP,Sell,ADR/GDR/FCCB,836.0,0.0,0.0,0.0,0.0,18477.0,0.0,17641.0,0.0
INFY,2024-03-16 00:47:00,2024-03-15,2024-03-13,2024-03-13,-,ESOP,Buy,ADR/GDR/FCCB,3125.0,0.0,0.0,0.0,0.0,9480.0,0.0,12605.0,0.0
INFY,2024-03-16 00:47:00,2024-03-15,2024-03-13,2024-03-13,-,ESOP,Sell,ADR/GDR/FCCB,1028.0,0.0,0.0,0.0,0.0,12605.0,0.0,11577.0,0.0
INFY,2024-03-16 00:47:00,2024-03-15,2024-03-13,2024-03-13,-,ESOP,Buy,ADR/GDR/FCCB,450.0,0.0,0.0,0.0,0.0,5149.0,0.0,5599.0,0.0
INFY,2024-03-16 00:47:00,2024-03-15,2024-03-13,2024-03-13,-,ESOP,Sell,ADR/GDR/FCCB,450.0,0.0,0.0,0.0,0.0,5599.0,0.0,5149.0,0.0
INFY,2024-03-16 00:47:00,2024-03-15,2024-03-13,2024-03-13,-,ESOP,Buy,ADR/GDR/FCCB,450.0,0.0,0.0,0.0,0.0,4158.0,0.0,4608.0,0.0
INFY,2024-03-16 00:47:00,2024-03-15,2024-03-13,2024-03-13,-,ESOP,Sell,ADR/GDR/FCCB,450.0,0.0,0.0,0.0,0.0,4608.0,0.0,4158.0,0.0
INFY,2024-03-16 00:47:00,2024-03-15,2024-03-13,2024-03-13,-,ESOP,Buy,ADR/GDR/FCCB,338.0,0.0,0.0,0.0,0.0,5386.0,0.0,5724.0,0.0
INFY,2024-03-16 00:47:00,2024-03-15,2024-03-13,2024-03-13,-,ESOP,Sell,ADR/GDR/FCCB,338.0,0.0,0.0,0.0,0.0,5724.0,0.0,5386.0,0.0
INFY,2024-03-16 00:47:00,2024-03-15,2024-03-13,2024-03-13,-,ESOP,Sell,ADR/GDR/FCCB,4288.0,0.0,0.0,0.0,0.0,27446.0,0.0,23158.0,0.0
INFY,2024-03-16 00:47:00,2024-03-15,2024-03-13,2024-03-13,-,ESOP,Buy,ADR/GDR/FCCB,4288.0,0.0,0.0,0.0,0.0,23158.0,0.0,27446.0,0.0
INFY,2024-03-16 00:47:00,2024-03-15,2024-03-13,2024-03-13,-,ESOP,Sell,ADR/GDR/FCCB,6213.0,0.0,0.0,0.0,0.0,6213.0,0.0,,0.0
INFY,2024-03-16 00:47:00,2024-03-15,2024-03-13,2024-03-13,-,ESOP,Buy,ADR/GDR/FCCB,6213.0,0.0,0.0,0.0,0.0,,0.0,6213.0,0.0
INFY,2024-03-16 00:47:00,2024-03-15,2024-03-13,2024-03-13,-,ESOP,Sell,ADR/GDR/FCCB,2600.0,0.0,0.0,0.0,0.0,19468.0,0.0,16868.0,0.0
INFY,2024-03-18 20:47:00,2024-03-14,2024-03-12,2024-03-12,Other,Market Sale,Sell,Equity Shares,6534.0,0.0,0.0,0.0,0.0,11071170.0,0.27,11064636.0,0.27
INFY,2024-03-19 17:02:00,2024-03-18,2024-03-14,2024-03-14,Other,Off Market,Sell,Equity Shares,142042.0,0.0,0.0,0.0,0.0,11064636.0,0.27,10922594.0,0.27
INFY,2024-03-19 17:02:00,2024-03-15,2024-03-13,2024-03-13,-,Market Sale,Sell,ADR/GDR/FCCB,5000.0,0.0,0.0,0.0,0.0,11577.0,0.0,6577.0,0.0
INFY,2024-03-22 16:55:00,2024-03-22,2024-03-19,2024-03-19,Other,Off Market,Sell,Equity Shares,5765.0,0.0,0.0,0.0,0.0,10922594.0,0.27,10916829.0,0.27
INFY,2024-04-11 10:09:00,2024-04-09,2024-04-05,2024-04-05,-,ESOP,Buy,ADR/GDR/FCCB,5250.0,0.0,0.0,0.0,0.0,80752.0,0.0,86002.0,0.0
INFY,2024-04-22 21:37:00,2024-04-18,2024-04-16,2024-04-16,Other,Off Market,Sell,Equity Shares,8508.0,0.0,0.0,0.0,0.0,10916829.0,0.26,10908321.0,0.26
INFY,2024-05-02 17:00:00,2024-04-30,2024-04-26,2024-04-26,Other,Market Sale,Sell,Equity Shares,52336.0,0.0,0.0,0.0,0.0,10908321.0,0.26,10855985.0,0.26
INFY,2024-05-07 21:06:00,2024-05-03,2024-05-02,2024-05-02,Employees/Designated Employees,ESOP,Sell,ADR/GDR/FCCB,521.0,0.0,0.0,0.0,0.0,1157.0,0.0,636.0,0.0
INFY,2024-05-07 21:06:00,2024-05-03,2024-05-02,2024-05-02,Employees/Designated Employees,ESOP,Buy,ADR/GDR/FCCB,1002.0,0.0,0.0,0.0,0.0,,0.0,1002.0,0.0
INFY,2024-05-07 21:06:00,2024-05-03,2024-05-02,2024-05-02,Employees/Designated Employees,ESOP,Sell,ADR/GDR/FCCB,1002.0,0.0,0.0,0.0,0.0,1002.0,0.0,,0.0
INFY,2024-05-07 21:06:00,2024-05-03,2024-05-02,2024-05-02,Employees/Designated Employees,ESOP,Buy,ADR/GDR/FCCB,842.0,0.0,0.0,0.0,0.0,2288.0,0.0,3130.0,0.0
INFY,2024-05-07 21:06:00,2024-05-03,2024-05-02,2024-05-02,Employees/Designated Employees,ESOP,Sell,ADR/GDR/FCCB,313.0,0.0,0.0,0.0,0.0,3130.0,0.0,2817.0,0.0
INFY,2024-05-07 21:06:00,2024-05-03,2024-05-02,2024-05-02,Employees/Designated Employees,ESOP,Buy,ADR/GDR/FCCB,8251.0,0.0,0.0,0.0,0.0,41883.0,0.0,50134.0,0.0
INFY,2024-05-07 21:06:00,2024-05-03,2024-05-02,2024-05-02,Employees/Designated Employees,ESOP,Sell,ADR/GDR/FCCB,8251.0,0.0,0.0,0.0,0.0,50134.0,0.0,41883.0,0.0
INFY,2024-05-07 21:06:00,2024-05-03,2024-05-02,2024-05-02,Employees/Designated Employees,ESOP,Buy,ADR/GDR/FCCB,8231.0,0.0,0.0,0.0,0.0,6577.0,0.0,14808.0,0.0
INFY,2024-05-07 21:06:00,2024-05-03,2024-05-02,2024-05-02,Employees/Designated Employees,ESOP,Sell,ADR/GDR/FCCB,3050.0,0.0,0.0,0.0,0.0,14808.0,0.0,11758.0,0.0
INFY,2024-05-07 21:06:00,2024-05-03,2024-05-02,2024-05-02,Employees/Designated Employees,ESOP,Buy,ADR/GDR/FCCB,667.0,0.0,0.0,0.0,0.0,600.0,0.0,1267.0,0.0
INFY,2024-05-07 21:06:00,2024-05-03,2024-05-02,2024-05-02,Employees/Designated Employees,ESOP,Sell,ADR/GDR/FCCB,162.0,0.0,0.0,0.0,0.0,1267.0,0.0,1105.0,0.0
INFY,2024-05-07 21:06:00,2024-05-03,2024-05-02,2024-05-02,Employees/Designated Employees,ESOP,Buy,ADR/GDR/FCCB,743.0,0.0,0.0,0.0,0.0,3649.0,0.0,4392.0,0.0
INFY,2024-05-07 21:06:00,2024-05-03,2024-05-02,2024-05-02,Employees/Designated Employees,ESOP,Sell,ADR/GDR/FCCB,203.0,0.0,0.0,0.0,0.0,4392.0,0.0,4189.0,0.0
INFY,2024-05-07 21:06:00,2024-05-03,2024-05-02,2024-05-02,Employees/Designated Employees,ESOP,Buy,ADR/GDR/FCCB,1276.0,0.0,0.0,0.0,0.0,7600.0,0.0,8876.0,0.0
INFY,2024-05-07 21:06:00,2024-05-03,2024-05-02,2024-05-02,Employees/Designated Employees,ESOP,Buy,ADR/GDR/FCCB,8572.0,0.0,0.0,0.0,0.0,,0.0,8572.0,0.0
INFY,2024-05-07 21:06:00,2024-05-03,2024-05-02,2024-05-02,Employees/Designated Employees,ESOP,Sell,ADR/GDR/FCCB,8572.0,0.0,0.0,0.0,0.0,8572.0,0.0,,0.0
INFY,2024-05-07 21:06:00,2024-05-03,2024-05-02,2024-05-02,Employees/Designated Employees,ESOP,Buy,ADR/GDR/FCCB,668.0,0.0,0.0,0.0,0.0,3290.0,0.0,3958.0,0.0
INFY,2024-05-07 21:06:00,2024-05-03,2024-05-02,2024-05-02,Employees/Designated Employees,ESOP,Sell,ADR/GDR/FCCB,668.0,0.0,0.0,0.0,0.0,3958.0,0.0,3290.0,0.0
INFY,2024-05-07 21:06:00,2024-05-03,2024-05-02,2024-05-02,Employees/Designated Employees,ESOP,Buy,ADR/GDR/FCCB,1276.0,0.0,0.0,0.0,0.0,2549.0,0.0,3825.0,0.0
INFY,2024-05-07 21:06:00,2024-05-03,2024-05-02,2024-05-02,Employees/Designated Employees,ESOP,Sell,ADR/GDR/FCCB,804.0,0.0,0.0,0.0,0.0,3825.0,0.0,3021.0,0.0
INFY,2024-05-07 21:06:00,2024-05-03,2024-05-02,2024-05-02,Employees/Designated Employees,ESOP,Buy,ADR/GDR/FCCB,12368.0,0.0,0.0,0.0,0.0,15142.0,0.0,27510.0,0.0
INFY,2024-05-07 21:06:00,2024-05-03,2024-05-02,2024-05-02,Employees/Designated Employees,ESOP,Sell,ADR/GDR/FCCB,6216.0,0.0,0.0,0.0,0.0,27510.0,0.0,21294.0,0.0
INFY,2024-05-07 21:06:00,2024-05-03,2024-05-02,2024-05-02,Employees/Designated Employees,ESOP,Buy,ADR/GDR/FCCB,5968.0,0.0,0.0,0.0,0.0,13965.0,0.0,19933.0,0.0
INFY,2024-05-07 21:06:00,2024-05-03,2024-05-02,2024-05-02,Employees/Designated Employees,ESOP,Buy,ADR/GDR/FCCB,1276.0,0.0,0.0,0.0,0.0,7216.0,0.0,8492.0,0.0
INFY,2024-05-07 21:06:00,2024-05-03,2024-05-02,2024-05-02,Employees/Designated Employees,ESOP,Sell,ADR/GDR/FCCB,1276.0,0.0,0.0,0.0,0.0,8492.0,0.0,7216.0,0.0
INFY,2024-05-07 21:06:00,2024-05-03,2024-05-02,2024-05-02,Employees/Designated Employees,ESOP,Buy,ADR/GDR/FCCB,1276.0,0.0,0.0,0.0,0.0,5149.0,0.0,6425.0,0.0
INFY,2024-05-07 21:06:00,2024-05-03,2024-05-02,2024-05-02,Employees/Designated Employees,ESOP,Sell,ADR/GDR/FCCB,1276.0,0.0,0.0,0.0,0.0,6425.0,0.0,5149.0,0.0
INFY,2024-05-07 21:06:00,2024-05-03,2024-05-02,2024-05-02,Employees/Designated Employees,ESOP,Buy,ADR/GDR/FCCB,942.0,0.0,0.0,0.0,0.0,,0.0,942.0,0.0
INFY,2024-05-07 21:06:00,2024-05-03,2024-05-02,2024-05-02,Employees/Designated Employees,ESOP,Sell,ADR/GDR/FCCB,942.0,0.0,0.0,0.0,0.0,942.0,0.0,,0.0
INFY,2024-05-07 21:06:00,2024-05-03,2024-05-02,2024-05-02,Employees/Designated Employees,ESOP,Buy,ADR/GDR/FCCB,1276.0,0.0,0.0,0.0,0.0,5274.0,0.0,6550.0,0.0
INFY,2024-05-07 21:06:00,2024-05-03,2024-05-02,2024-05-02,Employees/Designated Employees,ESOP,Sell,ADR/GDR/FCCB,324.0,0.0,0.0,0.0,0.0,6550.0,0.0,6226.0,0.0
INFY,2024-05-07 21:06:00,2024-05-03,2024-05-02,2024-05-02,Employees/Designated Employees,ESOP,Buy,ADR/GDR/FCCB,7913.0,0.0,0.0,0.0,0.0,135823.0,0.0,143736.0,0.0
INFY,2024-05-07 21:06:00,2024-05-03,2024-05-02,2024-05-02,Employees/Designated Employees,ESOP,Buy,ADR/GDR/FCCB,942.0,0.0,0.0,0.0,0.0,3717.0,0.0,4659.0,0.0
INFY,2024-05-07 21:06:00,2024-05-03,2024-05-02,2024-05-02,Employees/Designated Employees,ESOP,Sell,ADR/GDR/FCCB,942.0,0.0,0.0,0.0,0.0,4659.0,0.0,3717.0,0.0
INFY,2024-05-07 21:06:00,2024-05-03,2024-05-02,2024-05-02,Employees/Designated Employees,ESOP,Buy,ADR/GDR/FCCB,39970.0,0.0,0.0,0.0,0.0,41850.0,0.0,81820.0,0.0
INFY,2024-05-07 21:06:00,2024-05-03,2024-05-02,2024-05-02,Employees/Designated Employees,ESOP,Sell,ADR/GDR/FCCB,19273.0,0.0,0.0,0.0,0.0,81820.0,0.0,62547.0,0.0
INFY,2024-05-07 21:06:00,2024-05-03,2024-05-02,2024-05-02,Employees/Designated Employees,ESOP,Buy,ADR/GDR/FCCB,2259.0,0.0,0.0,0.0,0.0,866.0,0.0,3125.0,0.0
INFY,2024-05-07 21:06:00,2024-05-03,2024-05-02,2024-05-02,Employees/Designated Employees,ESOP,Sell,ADR/GDR/FCCB,2259.0,0.0,0.0,0.0,0.0,3125.0,0.0,866.0,0.0
INFY,2024-05-07 21:06:00,2024-05-03,2024-05-02,2024-05-02,Employees/Designated Employees,ESOP,Buy,ADR/GDR/FCCB,642.0,0.0,0.0,0.0,0.0,1268.0,0.0,1910.0,0.0
INFY,2024-05-07 21:06:00,2024-05-03,2024-05-02,2024-05-02,Employees/Designated Employees,ESOP,Sell,ADR/GDR/FCCB,332.0,0.0,0.0,0.0,0.0,1910.0,0.0,1578.0,0.0
INFY,2024-05-07 21:06:00,2024-05-03,2024-05-02,2024-05-02,Employees/Designated Employees,ESOP,Buy,ADR/GDR/FCCB,1002.0,0.0,0.0,0.0,0.0,2193.0,0.0,3195.0,0.0
INFY,2024-05-07 21:06:00,2024-05-03,2024-05-02,2024-05-02,Employees/Designated Employees,ESOP,Sell,ADR/GDR/FCCB,373.0,0.0,0.0,0.0,0.0,3195.0,0.0,2822.0,0.0
INFY,2024-05-07 21:06:00,2024-05-03,2024-05-02,2024-05-02,Employees/Designated Employees,ESOP,Buy,ADR/GDR/FCCB,18990.0,0.0,0.0,0.0,0.0,86002.0,0.0,104992.0,0.0
INFY,2024-05-07 21:06:00,2024-05-03,2024-05-02,2024-05-02,Employees/Designated Employees,ESOP,Sell,ADR/GDR/FCCB,9418.0,0.0,0.0,0.0,0.0,104992.0,0.0,95574.0,0.0
INFY,2024-05-07 21:06:00,2024-05-03,2024-05-02,2024-05-02,Employees/Designated Employees,ESOP,Buy,ADR/GDR/FCCB,708.0,0.0,0.0,0.0,0.0,4397.0,0.0,5105.0,0.0
INFY,2024-05-07 21:06:00,2024-05-03,2024-05-02,2024-05-02,Employees/Designated Employees,ESOP,Sell,ADR/GDR/FCCB,294.0,0.0,0.0,0.0,0.0,5105.0,0.0,4811.0,0.0
INFY,2024-05-07 21:06:00,2024-05-03,2024-05-02,2024-05-02,Employees/Designated Employees,ESOP,Buy,ADR/GDR/FCCB,13687.0,0.0,0.0,0.0,0.0,14875.0,0.0,28562.0,0.0
INFY,2024-05-07 21:06:00,2024-05-03,2024-05-02,2024-05-02,Employees/Designated Employees,ESOP,Sell,ADR/GDR/FCCB,13687.0,0.0,0.0,0.0,0.0,28562.0,0.0,14875.0,0.0
INFY,2024-05-07 21:06:00,2024-05-03,2024-05-02,2024-05-02,Employees/Designated Employees,ESOP,Buy,ADR/GDR/FCCB,15694.0,0.0,0.0,0.0,0.0,44571.0,0.0,60265.0,0.0
INFY,2024-05-07 21:06:00,2024-05-03,2024-05-02,2024-05-02,Employees/Designated Employees,ESOP,Sell,ADR/GDR/FCCB,12399.0,0.0,0.0,0.0,0.0,60265.0,0.0,47866.0,0.0
INFY,2024-05-07 21:06:00,2024-05-03,2024-05-02,2024-05-02,Employees/Designated Employees,ESOP,Buy,ADR/GDR/FCCB,608.0,0.0,0.0,0.0,0.0,600.0,0.0,1208.0,0.0
INFY,2024-05-07 21:06:00,2024-05-03,2024-05-02,2024-05-02,Employees/Designated Employees,ESOP,Sell,ADR/GDR/FCCB,608.0,0.0,0.0,0.0,0.0,1208.0,0.0,600.0,0.0
INFY,2024-05-07 21:06:00,2024-05-03,2024-05-02,2024-05-02,Employees/Designated Employees,ESOP,Buy,ADR/GDR/FCCB,8780.0,0.0,0.0,0.0,0.0,3875.0,0.0,12655.0,0.0
INFY,2024-05-07 21:06:00,2024-05-03,2024-05-02,2024-05-02,Employees/Designated Employees,ESOP,Sell,ADR/GDR/FCCB,8780.0,0.0,0.0,0.0,0.0,12655.0,0.0,3875.0,0.0
INFY,2024-05-07 21:06:00,2024-05-03,2024-05-02,2024-05-02,Employees/Designated Employees,ESOP,Buy,ADR/GDR/FCCB,1242.0,0.0,0.0,0.0,0.0,816.0,0.0,2058.0,0.0
INFY,2024-05-07 21:06:00,2024-05-03,2024-05-02,2024-05-02,Employees/Designated Employees,ESOP,Sell,ADR/GDR/FCCB,1242.0,0.0,0.0,0.0,0.0,2058.0,0.0,816.0,0.0
INFY,2024-05-07 21:06:00,2024-05-03,2024-05-02,2024-05-02,Employees/Designated Employees,ESOP,Buy,ADR/GDR/FCCB,8578.0,0.0,0.0,0.0,0.0,17641.0,0.0,26219.0,0.0
INFY,2024-05-07 21:06:00,2024-05-03,2024-05-02,2024-05-02,Employees/Designated Employees,ESOP,Sell,ADR/GDR/FCCB,2617.0,0.0,0.0,0.0,0.0,17641.0,0.0,15024.0,0.0
INFY,2024-05-07 21:06:00,2024-05-03,2024-05-02,2024-05-02,Employees/Designated Employees,ESOP,Buy,ADR/GDR/FCCB,11300.0,0.0,0.0,0.0,0.0,123889.0,0.0,135189.0,0.0
INFY,2024-05-07 21:06:00,2024-05-03,2024-05-02,2024-05-02,Employees/Designated Employees,ESOP,Buy,ADR/GDR/FCCB,28971.0,0.0,0.0,0.0,0.0,62334.0,0.0,91305.0,0.0
INFY,2024-05-07 21:06:00,2024-05-03,2024-05-02,2024-05-02,Employees/Designated Employees,ESOP,Sell,ADR/GDR/FCCB,28971.0,0.0,0.0,0.0,0.0,91305.0,0.0,62334.0,0.0
INFY,2024-05-07 21:06:00,2024-05-03,2024-05-02,2024-05-02,Employees/Designated Employees,ESOP,Buy,ADR/GDR/FCCB,10648.0,0.0,0.0,0.0,0.0,23158.0,0.0,33806.0,0.0
INFY,2024-05-07 21:06:00,2024-05-03,2024-05-02,2024-05-02,Employees/Designated Employees,ESOP,Sell,ADR/GDR/FCCB,10648.0,0.0,0.0,0.0,0.0,33806.0,0.0,23158.0,0.0
INFY,2024-05-07 21:06:00,2024-05-03,2024-05-02,2024-05-02,Employees/Designated Employees,ESOP,Buy,ADR/GDR/FCCB,14339.0,0.0,0.0,0.0,0.0,7813.0,0.0,22152.0,0.0
INFY,2024-05-07 21:06:00,2024-05-03,2024-05-02,2024-05-02,Employees/Designated Employees,ESOP,Sell,ADR/GDR/FCCB,14339.0,0.0,0.0,0.0,0.0,22152.0,0.0,7813.0,0.0
INFY,2024-05-07 21:06:00,2024-05-03,2024-05-02,2024-05-02,Employees/Designated Employees,ESOP,Buy,ADR/GDR/FCCB,1718.0,0.0,0.0,0.0,0.0,4707.0,0.0,6425.0,0.0
INFY,2024-05-07 21:06:00,2024-05-03,2024-05-02,2024-05-02,Employees/Designated Employees,ESOP,Sell,ADR/GDR/FCCB,518.0,0.0,0.0,0.0,0.0,6425.0,0.0,5907.0,0.0
INFY,2024-05-07 21:06:00,2024-05-03,2024-05-02,2024-05-02,Employees/Designated Employees,ESOP,Buy,ADR/GDR/FCCB,1008.0,0.0,0.0,0.0,0.0,149.0,0.0,1157.0,0.0
INFY,2024-05-07 21:06:00,2024-05-03,2024-05-02,2024-05-02,Employees/Designated Employees,ESOP,Sell,ADR/GDR/FCCB,1276.0,0.0,0.0,0.0,0.0,8876.0,0.0,7600.0,0.0
INFY,2024-05-07 21:06:00,2024-05-03,2024-05-02,2024-05-02,Employees/Designated Employees,ESOP,Buy,ADR/GDR/FCCB,15767.0,0.0,0.0,0.0,0.0,41846.0,0.0,57613.0,0.0
INFY,2024-05-07 21:06:00,2024-05-03,2024-05-02,2024-05-02,Employees/Designated Employees,ESOP,Sell,ADR/GDR/FCCB,5128.0,0.0,0.0,0.0,0.0,57613.0,0.0,52485.0,0.0
INFY,2024-05-07 21:06:00,2024-05-03,2024-05-02,2024-05-02,Employees/Designated Employees,ESOP,Buy,ADR/GDR/FCCB,12020.0,0.0,0.0,0.0,0.0,53986.0,0.0,66006.0,0.0
INFY,2024-05-07 21:06:00,2024-05-03,2024-05-02,2024-05-02,Employees/Designated Employees,ESOP,Sell,ADR/GDR/FCCB,12020.0,0.0,0.0,0.0,0.0,66006.0,0.0,53986.0,0.0
INFY,2024-05-07 21:06:00,2024-05-03,2024-05-02,2024-05-02,Employees/Designated Employees,ESOP,Buy,ADR/GDR/FCCB,608.0,0.0,0.0,0.0,0.0,779.0,0.0,1387.0,0.0
INFY,2024-05-07 21:06:00,2024-05-03,2024-05-02,2024-05-02,Employees/Designated Employees,ESOP,Sell,ADR/GDR/FCCB,245.0,0.0,0.0,0.0,0.0,1387.0,0.0,1142.0,0.0
INFY,2024-05-07 21:06:00,2024-05-03,2024-05-02,2024-05-02,Employees/Designated Employees,ESOP,Buy,ADR/GDR/FCCB,11675.0,0.0,0.0,0.0,0.0,21634.0,0.0,33309.0,0.0
INFY,2024-05-07 21:06:00,2024-05-03,2024-05-02,2024-05-02,Employees/Designated Employees,ESOP,Sell,ADR/GDR/FCCB,5373.0,0.0,0.0,0.0,0.0,33309.0,0.0,27936.0,0.0
INFY,2024-05-07 21:06:00,2024-05-03,2024-05-02,2024-05-02,Employees/Designated Employees,ESOP,Buy,ADR/GDR/FCCB,39379.0,0.0,0.0,0.0,0.0,9692.0,0.0,49071.0,0.0
INFY,2024-05-07 21:06:00,2024-05-03,2024-05-02,2024-05-02,Employees/Designated Employees,ESOP,Sell,ADR/GDR/FCCB,31740.0,0.0,0.0,0.0,0.0,49071.0,0.0,17331.0,0.0
INFY,2024-05-07 21:06:00,2024-05-03,2024-05-02,2024-05-02,Employees/Designated Employees,ESOP,Buy,ADR/GDR/FCCB,942.0,0.0,0.0,0.0,0.0,1582.0,0.0,2524.0,0.0
INFY,2024-05-07 21:06:00,2024-05-03,2024-05-02,2024-05-02,Employees/Designated Employees,ESOP,Sell,ADR/GDR/FCCB,942.0,0.0,0.0,0.0,0.0,2524.0,0.0,1582.0,0.0
INFY,2024-05-07 21:06:00,2024-05-03,2024-05-02,2024-05-02,Employees/Designated Employees,ESOP,Buy,ADR/GDR/FCCB,16149.0,0.0,0.0,0.0,0.0,,0.0,16149.0,0.0
INFY,2024-05-07 21:06:00,2024-05-03,2024-05-02,2024-05-02,Employees/Designated Employees,ESOP,Sell,ADR/GDR/FCCB,16149.0,0.0,0.0,0.0,0.0,16149.0,0.0,,0.0
INFY,2024-05-07 21:06:00,2024-05-03,2024-05-02,2024-05-02,Employees/Designated Employees,ESOP,Buy,ADR/GDR/FCCB,3772.0,0.0,0.0,0.0,0.0,4895.0,0.0,8667.0,0.0
INFY,2024-05-07 21:06:00,2024-05-03,2024-05-02,2024-05-02,Employees/Designated Employees,ESOP,Sell,ADR/GDR/FCCB,3772.0,0.0,0.0,0.0,0.0,8667.0,0.0,4895.0,0.0
INFY,2024-05-07 21:06:00,2024-05-03,2024-05-02,2024-05-02,Employees/Designated Employees,ESOP,Buy,ADR/GDR/FCCB,1242.0,0.0,0.0,0.0,0.0,,0.0,1242.0,0.0
INFY,2024-05-07 21:06:00,2024-05-03,2024-05-02,2024-05-02,Employees/Designated Employees,ESOP,Sell,ADR/GDR/FCCB,1242.0,0.0,0.0,0.0,0.0,1242.0,0.0,,0.0
INFY,2024-05-07 21:06:00,2024-05-03,2024-05-02,2024-05-02,Employees/Designated Employees,ESOP,Sell,ADR/GDR/FCCB,10017.0,0.0,0.0,0.0,0.0,47949.0,0.0,37932.0,0.0
INFY,2024-05-07 21:06:00,2024-05-03,2024-05-02,2024-05-02,Employees/Designated Employees,ESOP,Buy,ADR/GDR/FCCB,9036.0,0.0,0.0,0.0,0.0,1944.0,0.0,10980.0,0.0
INFY,2024-05-07 21:06:00,2024-05-03,2024-05-02,2024-05-02,Employees/Designated Employees,ESOP,Sell,ADR/GDR/FCCB,9036.0,0.0,0.0,0.0,0.0,10980.0,0.0,1944.0,0.0
INFY,2024-05-07 21:06:00,2024-05-03,2024-05-02,2024-05-02,Employees/Designated Employees,ESOP,Buy,ADR/GDR/FCCB,1443.0,0.0,0.0,0.0,0.0,1165.0,0.0,2608.0,0.0
INFY,2024-05-07 21:06:00,2024-05-03,2024-05-02,2024-05-02,Employees/Designated Employees,ESOP,Sell,ADR/GDR/FCCB,396.0,0.0,0.0,0.0,0.0,2608.0,0.0,2212.0,0.0
INFY,2024-05-07 21:06:00,2024-05-03,2024-05-02,2024-05-02,Employees/Designated Employees,ESOP,Buy,ADR/GDR/FCCB,634.0,0.0,0.0,0.0,0.0,156.0,0.0,790.0,0.0
INFY,2024-05-07 21:06:00,2024-05-03,2024-05-02,2024-05-02,Employees/Designated Employees,ESOP,Sell,ADR/GDR/FCCB,272.0,0.0,0.0,0.0,0.0,790.0,0.0,518.0,0.0
INFY,2024-05-07 21:06:00,2024-05-03,2024-05-02,2024-05-02,Employees/Designated Employees,ESOP,Sell,ADR/GDR/FCCB,843.0,0.0,0.0,0.0,0.0,6229.0,0.0,5386.0,0.0
INFY,2024-05-07 21:06:00,2024-05-03,2024-05-02,2024-05-02,Employees/Designated Employees,ESOP,Buy,ADR/GDR/FCCB,843.0,0.0,0.0,0.0,0.0,5386.0,0.0,6229.0,0.0
INFY,2024-05-07 21:06:00,2024-05-03,2024-05-02,2024-05-02,Employees/Designated Employees,ESOP,Buy,ADR/GDR/FCCB,3186.0,0.0,0.0,0.0,0.0,7562.0,0.0,10748.0,0.0
INFY,2024-05-07 21:06:00,2024-05-03,2024-05-02,2024-05-02,Employees/Designated Employees,ESOP,Sell,ADR/GDR/FCCB,1644.0,0.0,0.0,0.0,0.0,10748.0,0.0,9104.0,0.0
INFY,2024-05-07 21:06:00,2024-05-03,2024-05-02,2024-05-02,Employees/Designated Employees,ESOP,Buy,ADR/GDR/FCCB,642.0,0.0,0.0,0.0,0.0,4891.0,0.0,5533.0,0.0
INFY,2024-05-07 21:06:00,2024-05-03,2024-05-02,2024-05-02,Employees/Designated Employees,ESOP,Sell,ADR/GDR/FCCB,239.0,0.0,0.0,0.0,0.0,5533.0,0.0,5294.0,0.0
INFY,2024-05-07 21:06:00,2024-05-03,2024-05-02,2024-05-02,Employees/Designated Employees,ESOP,Buy,ADR/GDR/FCCB,7797.0,0.0,0.0,0.0,0.0,16380.0,0.0,24177.0,0.0
INFY,2024-05-07 21:06:00,2024-05-03,2024-05-02,2024-05-02,Employees/Designated Employees,ESOP,Sell,ADR/GDR/FCCB,7797.0,0.0,0.0,0.0,0.0,24177.0,0.0,16380.0,0.0
INFY,2024-05-07 21:06:00,2024-05-03,2024-05-02,2024-05-02,Employees/Designated Employees,ESOP,Buy,ADR/GDR/FCCB,1426.0,0.0,0.0,0.0,0.0,2805.0,0.0,4231.0,0.0
INFY,2024-05-07 21:06:00,2024-05-03,2024-05-02,2024-05-02,Employees/Designated Employees,ESOP,Sell,ADR/GDR/FCCB,612.0,0.0,0.0,0.0,0.0,4231.0,0.0,3619.0,0.0
INFY,2024-05-07 21:06:00,2024-05-03,2024-05-02,2024-05-02,Employees/Designated Employees,ESOP,Buy,ADR/GDR/FCCB,925.0,0.0,0.0,0.0,0.0,8430.0,0.0,9355.0,0.0
INFY,2024-05-07 21:06:00,2024-05-03,2024-05-02,2024-05-02,Employees/Designated Employees,ESOP,Buy,ADR/GDR/FCCB,12172.0,0.0,0.0,0.0,0.0,34877.0,0.0,47049.0,0.0
INFY,2024-05-07 21:06:00,2024-05-03,2024-05-02,2024-05-02,Employees/Designated Employees,ESOP,Sell,ADR/GDR/FCCB,81.0,0.0,0.0,0.0,0.0,47049.0,0.0,46968.0,0.0
INFY,2024-05-07 21:06:00,2024-05-03,2024-05-02,2024-05-02,Employees/Designated Employees,ESOP,Buy,ADR/GDR/FCCB,608.0,0.0,0.0,0.0,0.0,600.0,0.0,1208.0,0.0
INFY,2024-05-07 21:06:00,2024-05-03,2024-05-02,2024-05-02,Employees/Designated Employees,ESOP,Sell,ADR/GDR/FCCB,267.0,0.0,0.0,0.0,0.0,1208.0,0.0,941.0,0.0
INFY,2024-05-07 21:06:00,2024-05-03,2024-05-02,2024-05-02,Employees/Designated Employees,ESOP,Buy,ADR/GDR/FCCB,942.0,0.0,0.0,0.0,0.0,3958.0,0.0,4900.0,0.0
INFY,2024-05-07 21:06:00,2024-05-03,2024-05-02,2024-05-02,Employees/Designated Employees,ESOP,Sell,ADR/GDR/FCCB,455.0,0.0,0.0,0.0,0.0,4900.0,0.0,4445.0,0.0
INFY,2024-05-07 21:06:00,2024-05-03,2024-05-02,2024-05-02,Employees/Designated Employees,ESOP,Buy,ADR/GDR/FCCB,1901.0,0.0,0.0,0.0,0.0,,0.0,1901.0,0.0
INFY,2024-05-07 21:06:00,2024-05-03,2024-05-02,2024-05-02,Employees/Designated Employees,ESOP,Sell,ADR/GDR/FCCB,673.0,0.0,0.0,0.0,0.0,1901.0,0.0,1228.0,0.0
INFY,2024-05-07 21:06:00,2024-05-03,2024-05-02,2024-05-02,Employees/Designated Employees,ESOP,Buy,ADR/GDR/FCCB,1698.0,0.0,0.0,0.0,0.0,1500.0,0.0,3198.0,0.0
INFY,2024-05-07 21:06:00,2024-05-03,2024-05-02,2024-05-02,Employees/Designated Employees,ESOP,Sell,ADR/GDR/FCCB,1698.0,0.0,0.0,0.0,0.0,3198.0,0.0,1500.0,0.0
INFY,2024-05-07 21:06:00,2024-05-03,2024-05-02,2024-05-02,Employees/Designated Employees,ESOP,Buy,ADR/GDR/FCCB,1176.0,0.0,0.0,0.0,0.0,,0.0,1176.0,0.0
INFY,2024-05-07 21:06:00,2024-05-03,2024-05-02,2024-05-02,Employees/Designated Employees,ESOP,Sell,ADR/GDR/FCCB,584.0,0.0,0.0,0.0,0.0,1176.0,0.0,592.0,0.0
INFY,2024-05-07 21:06:00,2024-05-03,2024-05-02,2024-05-02,Employees/Designated Employees,ESOP,Buy,ADR/GDR/FCCB,11068.0,0.0,0.0,0.0,0.0,16868.0,0.0,27936.0,0.0
INFY,2024-05-07 21:06:00,2024-05-03,2024-05-02,2024-05-02,Employees/Designated Employees,ESOP,Sell,ADR/GDR/FCCB,8731.0,0.0,0.0,0.0,0.0,27936.0,0.0,19205.0,0.0
INFY,2024-05-07 21:06:00,2024-05-03,2024-05-02,2024-05-02,Employees/Designated Employees,ESOP,Buy,ADR/GDR/FCCB,1251.0,0.0,0.0,0.0,0.0,1869.0,0.0,3120.0,0.0
INFY,2024-05-07 21:06:00,2024-05-03,2024-05-02,2024-05-02,Employees/Designated Employees,ESOP,Sell,ADR/GDR/FCCB,682.0,0.0,0.0,0.0,0.0,3120.0,0.0,2438.0,0.0
INFY,2024-05-07 21:06:00,2024-05-03,2024-05-02,2024-05-02,Employees/Designated Employees,ESOP,Buy,ADR/GDR/FCCB,942.0,0.0,0.0,0.0,0.0,250.0,0.0,1192.0,0.0
INFY,2024-05-07 21:06:00,2024-05-03,2024-05-02,2024-05-02,Employees/Designated Employees,ESOP,Sell,ADR/GDR/FCCB,942.0,0.0,0.0,0.0,0.0,1192.0,0.0,250.0,0.0
INFY,2024-05-07 21:06:00,2024-05-03,2024-05-02,2024-05-02,Employees/Designated Employees,ESOP,Buy,ADR/GDR/FCCB,409.0,0.0,0.0,0.0,0.0,563.0,0.0,972.0,0.0
INFY,2024-05-07 21:06:00,2024-05-03,2024-05-02,2024-05-02,Employees/Designated Employees,ESOP,Sell,ADR/GDR/FCCB,409.0,0.0,0.0,0.0,0.0,972.0,0.0,563.0,0.0
INFY,2024-05-07 21:06:00,2024-05-03,2024-05-02,2024-05-02,Employees/Designated Employees,ESOP,Buy,ADR/GDR/FCCB,942.0,0.0,0.0,0.0,0.0,,0.0,942.0,0.0
INFY,2024-05-07 21:06:00,2024-05-03,2024-05-02,2024-05-02,Employees/Designated Employees,ESOP,Sell,ADR/GDR/FCCB,942.0,0.0,0.0,0.0,0.0,942.0,0.0,,0.0
INFY,2024-05-07 21:06:00,2024-05-03,2024-05-02,2024-05-02,Employees/Designated Employees,ESOP,Buy,ADR/GDR/FCCB,10017.0,0.0,0.0,0.0,0.0,37932.0,0.0,47949.0,0.0
INFY,2024-05-07 21:06:00,2024-05-03,2024-05-02,2024-05-02,Employees/Designated Employees,ESOP,Buy,ADR/GDR/FCCB,851.0,0.0,0.0,0.0,0.0,4758.0,0.0,5609.0,0.0
INFY,2024-05-07 21:06:00,2024-05-03,2024-05-02,2024-05-02,Employees/Designated Employees,ESOP,Buy,ADR/GDR/FCCB,1192.0,0.0,0.0,0.0,0.0,3772.0,0.0,4964.0,0.0
INFY,2024-05-07 21:06:00,2024-05-03,2024-05-02,2024-05-02,Employees/Designated Employees,ESOP,Sell,ADR/GDR/FCCB,487.0,0.0,0.0,0.0,0.0,4964.0,0.0,4477.0,0.0
INFY,2024-05-10 16:00:00,2024-05-08,2024-05-06,2024-05-06,Other,Off Market,Sell,Equity Shares,101502.0,0.0,0.0,0.0,0.0,10855985.0,0.26,10754483.0,0.26
INFY,2024-05-13 19:30:00,2024-05-10,2024-05-08,2024-05-08,Other,Market Sale,Sell,Equity Shares,115890.0,0.0,0.0,0.0,0.0,10754483.0,0.26,10638593.0,0.26
INFY,2024-05-23 11:00:00,2024-05-16,2024-05-14,2024-05-14,Other,Off Market,Sell,Equity Shares,388098.0,0.0,0.0,0.0,0.0,10638593.0,0.26,10250495.0,0.26
INFY,2024-05-23 11:00:00,2024-05-16,2024-05-09,2024-05-09,-,Market Sale,Sell,ADR/GDR/FCCB,3873.0,0.0,0.0,0.0,0.0,5149.0,0.0,1276.0,0.0
INFY,2024-05-23 11:06:00,2024-05-20,2024-05-20,2024-05-20,-,ESOP,Buy,ADR/GDR/FCCB,4335.0,0.0,0.0,0.0,0.0,41883.0,0.0,46218.0,0.0
INFY,2024-05-23 11:06:00,2024-05-20,2024-05-20,2024-05-20,-,ESOP,Buy,ADR/GDR/FCCB,1360.0,0.0,0.0,0.0,0.0,6357.0,0.0,7717.0,0.0
INFY,2024-05-23 11:06:00,2024-05-20,2024-05-20,2024-05-20,-,ESOP,Buy,ADR/GDR/FCCB,3140.0,0.0,0.0,0.0,0.0,9141.0,0.0,12281.0,0.0
INFY,2024-05-23 11:06:00,2024-05-20,2024-05-20,2024-05-20,-,ESOP,Buy,ADR/GDR/FCCB,1359.0,0.0,0.0,0.0,0.0,28995.0,0.0,30354.0,0.0
INFY,2024-05-23 11:06:00,2024-05-20,2024-05-20,2024-05-20,-,ESOP,Buy,ADR/GDR/FCCB,9005.0,0.0,0.0,0.0,0.0,,0.0,9005.0,0.0
INFY,2024-05-23 11:06:00,2024-05-20,2024-05-20,2024-05-20,-,ESOP,Buy,ADR/GDR/FCCB,14975.0,0.0,0.0,0.0,0.0,143736.0,0.0,158711.0,0.0
INFY,2024-05-23 11:06:00,2024-05-20,2024-05-20,2024-05-20,-,ESOP,Buy,ADR/GDR/FCCB,29333.0,0.0,0.0,0.0,0.0,135189.0,0.0,164522.0,0.0
INFY,2024-05-27 13:11:00,2024-05-23,2024-05-21,2024-05-21,Other,Market Sale,Sell,Equity Shares,605.0,0.0,0.0,0.0,0.0,10250495.0,0.25,10249890.0,0.25
INFY,2024-05-28 17:21:00,2024-05-28,2024-05-24,2024-05-24,Other,Off Market,Sell,Equity Shares,2682.0,0.0,0.0,0.0,0.0,10249890.0,0.25,10247208.0,0.25
INFY,2024-06-03 20:16:00,2024-05-30,2024-05-28,2024-05-28,-,Market Sale,Sell,ADR/GDR/FCCB,5000.0,0.0,0.0,0.0,0.0,143736.0,0.0,138736.0,0.0
INFY,2024-06-03 20:16:00,2024-05-31,2024-05-31,2024-05-31,-,Market Sale,Sell,ADR/GDR/FCCB,1228.0,0.0,0.0,0.0,0.0,1228.0,0.0,,0.0
INFY,2024-06-11 20:29:00,2024-06-10,2024-06-10,2024-06-10,-,Market Sale,Sell,ADR/GDR/FCCB,9005.0,0.0,0.0,0.0,0.0,9005.0,0.0,,0.0
INFY,2024-06-11 20:29:00,2024-06-06,2024-06-06,2024-06-06,-,Market Sale,Sell,ADR/GDR/FCCB,1276.0,0.0,0.0,0.0,0.0,1276.0,0.0,,0.0
INFY,2024-06-14 19:28:00,2024-06-13,2024-06-13,2024-06-13,-,ESOP,Buy,ADR/GDR/FCCB,917.0,0.0,0.0,0.0,0.0,11758.0,0.0,12675.0,0.0
INFY,2024-06-14 19:28:00,2024-06-13,2024-06-13,2024-06-13,-,ESOP,Sell,ADR/GDR/FCCB,834.0,0.0,0.0,0.0,0.0,47052.0,0.0,46218.0,0.0
INFY,2024-06-14 19:28:00,2024-06-13,2024-06-13,2024-06-13,-,ESOP,Sell,ADR/GDR/FCCB,274.0,0.0,0.0,0.0,0.0,12675.0,0.0,12401.0,0.0
INFY,2024-06-14 19:28:00,2024-06-13,2024-06-13,2024-06-13,-,ESOP,Sell,ADR/GDR/FCCB,1334.0,0.0,0.0,0.0,0.0,1334.0,0.0,,0.0
INFY,2024-06-14 19:28:00,2024-06-13,2024-06-13,2024-06-13,-,ESOP,Buy,ADR/GDR/FCCB,1667.0,0.0,0.0,0.0,0.0,95574.0,0.0,97241.0,0.0
INFY,2024-06-14 19:28:00,2024-06-13,2024-06-13,2024-06-13,-,ESOP,Buy,ADR/GDR/FCCB,1000.0,0.0,0.0,0.0,0.0,21294.0,0.0,22294.0,0.0
INFY,2024-06-14 19:28:00,2024-06-13,2024-06-13,2024-06-13,-,ESOP,Sell,ADR/GDR/FCCB,1000.0,0.0,0.0,0.0,0.0,22294.0,0.0,21294.0,0.0
INFY,2024-06-14 19:28:00,2024-06-13,2024-06-13,2024-06-13,-,ESOP,Buy,ADR/GDR/FCCB,1334.0,0.0,0.0,0.0,0.0,62547.0,0.0,63881.0,0.0
INFY,2024-06-14 19:28:00,2024-06-13,2024-06-13,2024-06-13,-,ESOP,Sell,ADR/GDR/FCCB,399.0,0.0,0.0,0.0,0.0,63881.0,0.0,63482.0,0.0
INFY,2024-06-14 19:28:00,2024-06-13,2024-06-13,2024-06-13,-,ESOP,Buy,ADR/GDR/FCCB,1334.0,0.0,0.0,0.0,0.0,,0.0,1334.0,0.0
INFY,2024-06-14 19:28:00,2024-06-13,2024-06-13,2024-06-13,-,ESOP,Sell,ADR/GDR/FCCB,666.0,0.0,0.0,0.0,0.0,97241.0,0.0,96575.0,0.0
INFY,2024-06-14 19:28:00,2024-06-13,2024-06-13,2024-06-13,-,ESOP,Buy,ADR/GDR/FCCB,755.0,0.0,0.0,0.0,0.0,,0.0,755.0,0.0
INFY,2024-06-14 19:28:00,2024-06-13,2024-06-13,2024-06-13,-,ESOP,Buy,ADR/GDR/FCCB,834.0,0.0,0.0,0.0,0.0,,0.0,834.0,0.0
INFY,2024-06-14 19:28:00,2024-06-13,2024-06-13,2024-06-13,-,ESOP,Sell,ADR/GDR/FCCB,834.0,0.0,0.0,0.0,0.0,834.0,0.0,,0.0
INFY,2024-06-14 19:28:00,2024-06-13,2024-06-13,2024-06-13,-,ESOP,Buy,ADR/GDR/FCCB,1234.0,0.0,0.0,0.0,0.0,47866.0,0.0,49100.0,0.0
INFY,2024-06-14 19:28:00,2024-06-13,2024-06-13,2024-06-13,-,ESOP,Sell,ADR/GDR/FCCB,1234.0,0.0,0.0,0.0,0.0,49100.0,0.0,47866.0,0.0
INFY,2024-06-14 19:28:00,2024-06-13,2024-06-13,2024-06-13,-,ESOP,Buy,ADR/GDR/FCCB,834.0,0.0,0.0,0.0,0.0,3875.0,0.0,4709.0,0.0
INFY,2024-06-14 19:28:00,2024-06-13,2024-06-13,2024-06-13,-,ESOP,Buy,ADR/GDR/FCCB,500.0,0.0,0.0,0.0,0.0,7813.0,0.0,8313.0,0.0
INFY,2024-06-14 19:28:00,2024-06-13,2024-06-13,2024-06-13,-,ESOP,Sell,ADR/GDR/FCCB,500.0,0.0,0.0,0.0,0.0,8313.0,0.0,7813.0,0.0
INFY,2024-06-14 19:28:00,2024-06-13,2024-06-11,2024-06-11,Other,Off Market,Sell,Equity Shares,696.0,0.0,0.0,0.0,0.0,10247208.0,0.25,10246512.0,0.25
INFY,2024-06-14 19:28:00,2024-06-13,2024-06-13,2024-06-13,-,ESOP,Sell,ADR/GDR/FCCB,556.0,0.0,0.0,0.0,0.0,53719.0,0.0,53163.0,0.0
INFY,2024-06-14 19:28:00,2024-06-13,2024-06-13,2024-06-13,-,ESOP,Buy,ADR/GDR/FCCB,1000.0,0.0,0.0,0.0,0.0,53986.0,0.0,54986.0,0.0
INFY,2024-06-14 19:28:00,2024-06-13,2024-06-13,2024-06-13,-,ESOP,Sell,ADR/GDR/FCCB,1000.0,0.0,0.0,0.0,0.0,54986.0,0.0,53986.0,0.0
INFY,2024-06-14 19:28:00,2024-06-13,2024-06-13,2024-06-13,-,ESOP,Sell,ADR/GDR/FCCB,834.0,0.0,0.0,0.0,0.0,4709.0,0.0,3875.0,0.0
INFY,2024-06-14 19:28:00,2024-06-13,2024-06-13,2024-06-13,-,ESOP,Buy,ADR/GDR/FCCB,834.0,0.0,0.0,0.0,0.0,23602.0,0.0,24436.0,0.0
INFY,2024-06-14 19:28:00,2024-06-13,2024-06-13,2024-06-13,-,ESOP,Sell,ADR/GDR/FCCB,368.0,0.0,0.0,0.0,0.0,24436.0,0.0,24068.0,0.0
INFY,2024-06-14 19:28:00,2024-06-13,2024-06-13,2024-06-13,-,ESOP,Buy,ADR/GDR/FCCB,1667.0,0.0,0.0,0.0,0.0,62334.0,0.0,64001.0,0.0
INFY,2024-06-14 19:28:00,2024-06-13,2024-06-13,2024-06-13,-,ESOP,Buy,ADR/GDR/FCCB,917.0,0.0,0.0,0.0,0.0,27936.0,0.0,28853.0,0.0
INFY,2024-06-14 19:28:00,2024-06-13,2024-06-13,2024-06-13,-,ESOP,Sell,ADR/GDR/FCCB,338.0,0.0,0.0,0.0,0.0,28853.0,0.0,28515.0,0.0
INFY,2024-06-14 19:28:00,2024-06-13,2024-06-13,2024-06-13,-,ESOP,Sell,ADR/GDR/FCCB,1667.0,0.0,0.0,0.0,0.0,64001.0,0.0,62334.0,0.0
INFY,2024-06-14 19:28:00,2024-06-13,2024-06-13,2024-06-13,-,ESOP,Buy,ADR/GDR/FCCB,834.0,0.0,0.0,0.0,0.0,23158.0,0.0,23992.0,0.0
INFY,2024-06-14 19:28:00,2024-06-13,2024-06-13,2024-06-13,-,ESOP,Sell,ADR/GDR/FCCB,834.0,0.0,0.0,0.0,0.0,23992.0,0.0,23158.0,0.0
INFY,2024-06-14 19:28:00,2024-06-13,2024-06-13,2024-06-13,-,ESOP,Buy,ADR/GDR/FCCB,2084.0,0.0,0.0,0.0,0.0,17331.0,0.0,19415.0,0.0
INFY,2024-06-14 19:28:00,2024-06-13,2024-06-13,2024-06-13,-,ESOP,Sell,ADR/GDR/FCCB,2084.0,0.0,0.0,0.0,0.0,19415.0,0.0,17331.0,0.0
INFY,2024-06-14 19:28:00,2024-06-13,2024-06-13,2024-06-13,-,ESOP,Buy,ADR/GDR/FCCB,1200.0,0.0,0.0,0.0,0.0,,0.0,1200.0,0.0
INFY,2024-06-14 19:28:00,2024-06-13,2024-06-13,2024-06-13,-,ESOP,Sell,ADR/GDR/FCCB,1200.0,0.0,0.0,0.0,0.0,1200.0,0.0,,0.0
INFY,2024-06-14 19:28:00,2024-06-13,2024-06-13,2024-06-13,-,ESOP,Buy,ADR/GDR/FCCB,1000.0,0.0,0.0,0.0,0.0,,0.0,1000.0,0.0
INFY,2024-06-14 19:28:00,2024-06-13,2024-06-13,2024-06-13,-,ESOP,Buy,ADR/GDR/FCCB,917.0,0.0,0.0,0.0,0.0,1944.0,0.0,2861.0,0.0
INFY,2024-06-14 19:28:00,2024-06-13,2024-06-13,2024-06-13,-,ESOP,Sell,ADR/GDR/FCCB,917.0,0.0,0.0,0.0,0.0,2861.0,0.0,1944.0,0.0
INFY,2024-06-14 19:28:00,2024-06-13,2024-06-13,2024-06-13,-,ESOP,Buy,ADR/GDR/FCCB,842.0,0.0,0.0,0.0,0.0,,0.0,842.0,0.0
INFY,2024-06-14 19:28:00,2024-06-13,2024-06-13,2024-06-13,-,ESOP,Buy,ADR/GDR/FCCB,800.0,0.0,0.0,0.0,0.0,16380.0,0.0,17180.0,0.0
INFY,2024-06-14 19:28:00,2024-06-13,2024-06-13,2024-06-13,-,ESOP,Sell,ADR/GDR/FCCB,800.0,0.0,0.0,0.0,0.0,17180.0,0.0,16380.0,0.0
INFY,2024-06-14 19:28:00,2024-06-13,2024-06-13,2024-06-13,-,ESOP,Buy,ADR/GDR/FCCB,1000.0,0.0,0.0,0.0,0.0,46968.0,0.0,47968.0,0.0
INFY,2024-06-14 19:28:00,2024-06-13,2024-06-13,2024-06-13,-,ESOP,Sell,ADR/GDR/FCCB,7.0,0.0,0.0,0.0,0.0,47968.0,0.0,47961.0,0.0
INFY,2024-06-14 19:28:00,2024-06-13,2024-06-13,2024-06-13,-,ESOP,Buy,ADR/GDR/FCCB,1234.0,0.0,0.0,0.0,0.0,19205.0,0.0,20439.0,0.0
INFY,2024-06-14 19:28:00,2024-06-13,2024-06-13,2024-06-13,-,ESOP,Sell,ADR/GDR/FCCB,1234.0,0.0,0.0,0.0,0.0,20439.0,0.0,19205.0,0.0
INFY,2024-06-14 19:28:00,2024-06-13,2024-06-13,2024-06-13,-,ESOP,Buy,ADR/GDR/FCCB,842.0,0.0,0.0,0.0,0.0,,0.0,842.0,0.0
INFY,2024-06-14 19:28:00,2024-06-13,2024-06-13,2024-06-13,-,ESOP,Buy,ADR/GDR/FCCB,1000.0,0.0,0.0,0.0,0.0,37932.0,0.0,38932.0,0.0
INFY,2024-06-14 19:28:00,2024-06-13,2024-06-13,2024-06-13,-,ESOP,Sell,ADR/GDR/FCCB,1000.0,0.0,0.0,0.0,0.0,38932.0,0.0,37932.0,0.0
INFY,2024-06-14 19:28:00,2024-06-13,2024-06-13,2024-06-13,-,ESOP,Buy,ADR/GDR/FCCB,834.0,0.0,0.0,0.0,0.0,46218.0,0.0,47052.0,0.0
INFY,2024-06-14 19:28:00,2024-06-13,2024-06-13,2024-06-13,-,ESOP,Buy,ADR/GDR/FCCB,1234.0,0.0,0.0,0.0,0.0,52485.0,0.0,53719.0,0.0
INFY,2024-07-17 21:30:00,2024-07-17,2024-07-15,2024-07-15,Other,Off Market,Sell,Equity Shares,3534.0,0.0,0.0,0.0,0.0,10246512.0,0.25,10242978.0,0.25
INFY,2024-07-24 16:56:00,2024-07-23,2024-07-23,2024-07-23,-,Market Sale,Sell,ADR/GDR/FCCB,35335.0,0.0,0.0,0.0,0.0,53986.0,0.0,18651.0,0.0
INFY,2024-07-24 16:56:00,2024-07-22,2024-07-22,2024-07-22,-,Market Sale,Sell,ADR/GDR/FCCB,10000.0,0.0,0.0,0.0,0.0,153711.0,0.0,143711.0,0.0
INFY,2024-07-26 19:24:00,2024-07-26,2024-06-14,2024-06-14,-,Market Sale,Sell,ADR/GDR/FCCB,1604.0,0.0,0.0,0.0,0.0,63482.0,0.0,61878.0,0.0
INFY,2024-07-26 19:24:00,2024-07-26,2024-07-22,2024-07-22,-,Market Sale,Sell,ADR/GDR/FCCB,25000.0,0.0,0.0,0.0,0.0,53163.0,0.0,28163.0,0.0
INFY,2024-07-30 20:01:00,2024-07-26,2024-07-25,2024-07-25,-,Market Sale,Sell,ADR/GDR/FCCB,5386.0,0.0,0.0,0.0,0.0,5386.0,0.0,,0.0
INFY,2024-07-30 20:01:00,2024-07-26,2024-07-26,2024-07-26,-,Market Sale,Sell,ADR/GDR/FCCB,10000.0,0.0,0.0,0.0,0.0,61878.0,0.0,51878.0,0.0
INFY,2024-07-30 20:01:00,2024-07-26,2024-07-25,2024-07-25,-,Market Sale,Sell,ADR/GDR/FCCB,1727.0,0.0,0.0,0.0,0.0,24068.0,0.0,22341.0,0.0
INFY,2024-07-30 20:01:00,2024-07-26,2024-07-25,2024-07-26,-,Market Sale,Sell,ADR/GDR/FCCB,1000.0,0.0,0.0,0.0,0.0,3021.0,0.0,2021.0,0.0
INFY,2024-07-30 20:01:00,2024-07-29,2024-07-26,2024-07-26,-,Market Sale,Sell,ADR/GDR/FCCB,12000.0,0.0,0.0,0.0,0.0,28515.0,0.0,16515.0,0.0
INFY,2024-08-07 16:32:00,2024-08-05,2024-08-02,2024-08-02,-,Market Sale,Sell,ADR/GDR/FCCB,13158.0,0.0,0.0,0.0,0.0,23158.0,0.0,10000.0,0.0
INFY,2024-08-12 10:28:00,2024-08-09,2024-08-07,2024-08-07,Other,Market Sale,Sell,Equity Shares,95.0,0.0,0.0,0.0,0.0,10242978.0,0.25,10242883.0,0.25
INFY,2024-08-12 10:28:00,2024-08-08,2024-07-25,2024-07-25,-,Market Sale,Sell,ADR/GDR/FCCB,7000.0,0.0,0.0,0.0,0.0,7594.0,0.0,594.0,0.0
INFY,2024-08-20 16:15:00,2024-08-19,2024-08-13,2024-08-13,Other,Off Market,Sell,Equity Shares,230.0,0.0,0.0,0.0,0.0,10242883.0,0.25,10242653.0,0.25
INFY,2024-08-29 11:12:00,2024-08-08,2024-08-08,2024-08-08,-,ESOP,Buy,ADR/GDR/FCCB,1176.0,0.0,0.0,0.0,0.0,6016.0,0.0,7192.0,0.0
INFY,2024-08-29 11:12:00,2024-08-08,2024-08-08,2024-08-08,-,ESOP,Buy,ADR/GDR/FCCB,2501.0,0.0,0.0,0.0,0.0,12281.0,0.0,14782.0,0.0
INFY,2024-08-29 11:12:00,2024-08-08,2024-08-08,2024-08-08,-,ESOP,Buy,ADR/GDR/FCCB,634.0,0.0,0.0,0.0,0.0,2419.0,0.0,3053.0,0.0
INFY,2024-08-29 11:12:00,2024-08-08,2024-08-08,2024-08-08,-,ESOP,Buy,ADR/GDR/FCCB,809.0,0.0,0.0,0.0,0.0,2416.0,0.0,3225.0,0.0
INFY,2024-08-29 11:12:00,2024-08-08,2024-08-08,2024-08-08,-,ESOP,Buy,ADR/GDR/FCCB,6001.0,0.0,0.0,0.0,0.0,143711.0,0.0,149712.0,0.0
INFY,2024-08-29 11:12:00,2024-08-08,2024-08-08,2024-08-08,-,ESOP,Buy,ADR/GDR/FCCB,1276.0,0.0,0.0,0.0,0.0,2549.0,0.0,3825.0,0.0
INFY,2024-08-29 11:12:00,2024-08-28,2024-08-23,2024-08-23,Other,Off Market,Sell,Equity Shares,1791.0,0.0,0.0,0.0,0.0,10242653.0,0.25,10240862.0,0.25
INFY,2024-08-29 11:12:00,2024-08-22,2024-08-21,2024-08-21,-,Market Sale,Sell,ADR/GDR/FCCB,4470.0,0.0,0.0,0.0,0.0,4477.0,0.0,7.0,0.0
INFY,2024-08-29 11:12:00,2024-08-08,2024-08-08,2024-08-08,-,ESOP,Buy,ADR/GDR/FCCB,1326.0,0.0,0.0,0.0,0.0,3961.0,0.0,5287.0,0.0
INFY,2024-08-29 11:12:00,2024-08-08,2024-08-08,2024-08-08,-,ESOP,Buy,ADR/GDR/FCCB,867.0,0.0,0.0,0.0,0.0,10929.0,0.0,11796.0,0.0
INFY,2024-08-29 11:12:00,2024-08-08,2024-08-08,2024-08-08,-,ESOP,Buy,ADR/GDR/FCCB,1409.0,0.0,0.0,0.0,0.0,7093.0,0.0,8502.0,0.0
INFY,2024-08-30 17:01:00,2024-08-28,2024-08-27,2024-08-27,-,Market Sale,Sell,ADR/GDR/FCCB,14000.0,0.0,0.0,0.0,0.0,164522.0,0.0,150522.0,0.0
INFY,2024-08-30 17:01:00,2024-08-29,2024-08-27,2024-08-27,-,ESOP,Buy,ADR/GDR/FCCB,11750.0,0.0,0.0,0.0,0.0,37932.0,0.0,49682.0,0.0
INFY,2024-08-30 17:01:00,2024-08-29,2024-08-27,2024-08-27,-,ESOP,Sell,ADR/GDR/FCCB,11750.0,0.0,0.0,0.0,0.0,49682.0,0.0,37932.0,0.0
INFY,2024-08-30 17:01:00,2024-08-29,2024-08-26,2024-08-26,-,Market Sale,Sell,ADR/GDR/FCCB,563.0,0.0,0.0,0.0,0.0,563.0,0.0,,0.0
INFY,2024-09-06 19:00:00,2024-09-03,2024-09-03,2024-09-03,-,Market Sale,Sell,ADR/GDR/FCCB,25000.0,0.0,0.0,0.0,0.0,149712.0,0.0,124712.0,0.0
INFY,2024-09-10 11:25:00,2024-09-09,2024-09-05,2024-09-05,Other,Market Sale,Sell,Equity Shares,1055.0,0.0,0.0,0.0,0.0,10240862.0,0.25,10239807.0,0.25
INFY,2024-09-13 15:39:00,2024-09-10,2024-09-03,2024-09-03,-,Market Sale,Sell,Equity Shares,15000.0,0.0,0.0,0.0,0.0,47961.0,0.0,32961.0,0.0
INFY,2024-09-13 15:39:00,2024-09-11,2024-09-10,2024-09-10,Other,Off Market,Sell,Equity Shares,1196.0,0.0,0.0,0.0,0.0,10239807.0,0.25,10238611.0,0.25
INFY,2024-09-13 15:39:00,2024-09-09,2024-09-06,2024-09-06,-,Market Sale,Sell,Equity Shares,6000.0,0.0,0.0,0.0,0.0,16515.0,0.0,10515.0,0.0
INFY,2024-09-17 16:11:00,2024-09-13,2024-09-13,2024-09-13,-,ESOP,Buy,ADR/GDR/FCCB,2834.0,0.0,0.0,0.0,0.0,150522.0,0.0,153356.0,0.0
INFY,2024-09-17 16:11:00,2024-09-13,2024-09-13,2024-09-13,-,ESOP,Buy,ADR/GDR/FCCB,917.0,0.0,0.0,0.0,0.0,14782.0,0.0,15699.0,0.0
INFY,2024-09-17 16:11:00,2024-09-13,2024-09-13,2024-09-13,-,ESOP,Buy,ADR/GDR/FCCB,1667.0,0.0,0.0,0.0,0.0,124712.0,0.0,126379.0,0.0
INFY,2024-09-20 12:01:00,2024-09-16,2024-09-13,2024-09-13,-,Market Sale,Sell,ADR/GDR/FCCB,3000.0,0.0,0.0,0.0,0.0,19205.0,0.0,16205.0,0.0
INFY,2024-09-30 16:57:00,2024-09-26,2024-09-23,2024-09-23,Other,Off Market,Sell,Equity Shares,1350.0,0.0,0.0,0.0,0.0,10238611.0,0.25,10237261.0,0.25
INFY,2024-10-24 15:05:00,2024-10-22,2024-10-19,2024-10-19,Other,Off Market,Sell,Equity Shares,227.0,0.0,0.0,0.0,0.0,10237261.0,0.25,10237034.0,0.25
INFY,2024-10-28 17:43:00,2024-10-24,2024-10-22,2024-10-22,Other,Market Sale,Sell,Equity Shares,3950.0,0.0,0.0,0.0,0.0,10237034.0,0.25,10233084.0,0.25
INFY,2024-10-28 17:43:00,2024-10-28,2024-10-24,2024-10-24,Other,Off Market,Sell,Equity Shares,2999.0,0.0,0.0,0.0,0.0,10233084.0,0.25,10230085.0,0.25
INFY,2024-10-28 17:43:00,2024-10-28,2024-10-24,2024-10-24,Other,Off Market,Sell,Equity Shares,267.0,0.0,0.0,0.0,0.0,10230085.0,0.25,10229818.0,0.25
INFY,2024-11-05 10:21:00,2024-10-29,2024-10-23,2024-10-23,-,Market Sale,Sell,ADR/GDR/FCCB,1400.0,0.0,0.0,0.0,0.0,12401.0,0.0,11001.0,0.0
INFY,2024-11-15 18:50:00,2024-11-13,2024-11-12,2024-11-12,-,ESOP,Buy,ADR/GDR/FCCB,4193.0,0.0,0.0,0.0,0.0,96575.0,0.0,100768.0,0.0
INFY,2024-11-15 18:50:00,2024-11-13,2024-11-12,2024-11-12,-,ESOP,Sell,ADR/GDR/FCCB,1611.0,0.0,0.0,0.0,0.0,100768.0,0.0,99157.0,0.0
INFY,2024-11-15 18:50:00,2024-11-13,2024-11-12,2024-11-12,-,ESOP,Buy,ADR/GDR/FCCB,3524.0,0.0,0.0,0.0,0.0,47866.0,0.0,51390.0,0.0
INFY,2024-11-15 18:50:00,2024-11-13,2024-11-12,2024-11-12,-,ESOP,Sell,ADR/GDR/FCCB,1541.0,0.0,0.0,0.0,0.0,51390.0,0.0,49849.0,0.0
INFY,2024-11-15 18:50:00,2024-11-13,2024-11-12,2024-11-12,-,ESOP,Buy,ADR/GDR/FCCB,4893.0,0.0,0.0,0.0,0.0,153356.0,0.0,158249.0,0.0
INFY,2024-11-15 18:50:00,2024-11-13,2024-11-12,2024-11-12,-,ESOP,Sell,ADR/GDR/FCCB,2136.0,0.0,0.0,0.0,0.0,158249.0,0.0,156113.0,0.0
INFY,2024-11-15 18:50:00,2024-11-13,2024-11-12,2024-11-12,-,ESOP,Buy,ADR/GDR/FCCB,4917.0,0.0,0.0,0.0,0.0,62334.0,0.0,67251.0,0.0
INFY,2024-11-15 18:50:00,2024-11-13,2024-11-12,2024-11-12,-,ESOP,Sell,ADR/GDR/FCCB,4917.0,0.0,0.0,0.0,0.0,67251.0,0.0,62334.0,0.0
INFY,2024-11-15 18:50:00,2024-11-13,2024-11-12,2024-11-12,-,ESOP,Buy,ADR/GDR/FCCB,3023.0,0.0,0.0,0.0,0.0,10000.0,0.0,13023.0,0.0
INFY,2024-11-15 18:50:00,2024-11-13,2024-11-12,2024-11-12,-,ESOP,Sell,ADR/GDR/FCCB,3023.0,0.0,0.0,0.0,0.0,13023.0,0.0,10000.0,0.0
INFY,2024-11-15 18:50:00,2024-11-13,2024-11-12,2024-11-12,-,ESOP,Buy,ADR/GDR/FCCB,1517.0,0.0,0.0,0.0,0.0,7813.0,0.0,9330.0,0.0
INFY,2024-11-15 18:50:00,2024-11-13,2024-11-12,2024-11-12,-,ESOP,Sell,ADR/GDR/FCCB,1517.0,0.0,0.0,0.0,0.0,9330.0,0.0,7813.0,0.0
INFY,2024-11-15 18:50:00,2024-11-13,2024-11-12,2024-11-12,-,ESOP,Buy,ADR/GDR/FCCB,5857.0,0.0,0.0,0.0,0.0,17331.0,0.0,23188.0,0.0
INFY,2024-11-15 18:50:00,2024-11-13,2024-11-12,2024-11-12,-,ESOP,Sell,ADR/GDR/FCCB,5857.0,0.0,0.0,0.0,0.0,23188.0,0.0,17331.0,0.0
INFY,2024-11-15 18:50:00,2024-11-13,2024-11-12,2024-11-12,-,ESOP,Buy,ADR/GDR/FCCB,4487.0,0.0,0.0,0.0,0.0,,0.0,4487.0,0.0
INFY,2024-11-15 18:50:00,2024-11-13,2024-11-12,2024-11-12,-,ESOP,Sell,ADR/GDR/FCCB,4487.0,0.0,0.0,0.0,0.0,4487.0,0.0,,0.0
INFY,2024-11-15 18:50:00,2024-11-13,2024-11-12,2024-11-12,-,ESOP,Buy,ADR/GDR/FCCB,2013.0,0.0,0.0,0.0,0.0,4895.0,0.0,6908.0,0.0
INFY,2024-11-15 18:50:00,2024-11-13,2024-11-12,2024-11-12,-,ESOP,Sell,ADR/GDR/FCCB,2013.0,0.0,0.0,0.0,0.0,6908.0,0.0,4895.0,0.0
INFY,2024-11-15 18:50:00,2024-11-13,2024-11-12,2024-11-12,-,ESOP,Buy,ADR/GDR/FCCB,2309.0,0.0,0.0,0.0,0.0,1944.0,0.0,4253.0,0.0
INFY,2024-11-15 18:50:00,2024-11-13,2024-11-12,2024-11-12,-,ESOP,Sell,ADR/GDR/FCCB,2309.0,0.0,0.0,0.0,0.0,4253.0,0.0,1944.0,0.0
INFY,2024-11-15 18:50:00,2024-11-13,2024-11-12,2024-11-12,-,ESOP,Buy,ADR/GDR/FCCB,2680.0,0.0,0.0,0.0,0.0,32961.0,0.0,35641.0,0.0
INFY,2024-11-15 18:50:00,2024-11-13,2024-11-12,2024-11-12,-,ESOP,Sell,ADR/GDR/FCCB,15.0,0.0,0.0,0.0,0.0,35641.0,0.0,35626.0,0.0
INFY,2024-11-15 18:50:00,2024-11-13,2024-11-12,2024-11-12,-,ESOP,Buy,ADR/GDR/FCCB,3174.0,0.0,0.0,0.0,0.0,16205.0,0.0,19379.0,0.0
INFY,2024-11-15 18:50:00,2024-11-13,2024-11-12,2024-11-12,-,ESOP,Sell,ADR/GDR/FCCB,3174.0,0.0,0.0,0.0,0.0,19379.0,0.0,16205.0,0.0
INFY,2024-11-15 18:50:00,2024-11-13,2024-11-12,2024-11-12,-,ESOP,Buy,ADR/GDR/FCCB,1316.0,0.0,0.0,0.0,0.0,2436.0,0.0,3752.0,0.0
INFY,2024-11-15 18:50:00,2024-11-13,2024-11-12,2024-11-12,-,ESOP,Sell,ADR/GDR/FCCB,358.0,0.0,0.0,0.0,0.0,3752.0,0.0,3394.0,0.0
INFY,2024-11-15 18:50:00,2024-11-13,2024-11-12,2024-11-12,-,ESOP,Buy,ADR/GDR/FCCB,3273.0,0.0,0.0,0.0,0.0,37932.0,0.0,41205.0,0.0
INFY,2024-11-15 18:50:00,2024-11-13,2024-11-12,2024-11-12,-,ESOP,Sell,ADR/GDR/FCCB,3273.0,0.0,0.0,0.0,0.0,41205.0,0.0,37932.0,0.0
INFY,2024-11-15 18:50:00,2024-11-13,2024-11-12,2024-11-12,-,ESOP,Buy,ADR/GDR/FCCB,1567.0,0.0,0.0,0.0,0.0,46218.0,0.0,47785.0,0.0
INFY,2024-11-15 18:50:00,2024-11-13,2024-11-12,2024-11-12,-,ESOP,Sell,ADR/GDR/FCCB,1567.0,0.0,0.0,0.0,0.0,47785.0,0.0,46218.0,0.0
INFY,2024-11-15 18:50:00,2024-11-13,2024-11-12,2024-11-12,-,ESOP,Buy,ADR/GDR/FCCB,1074.0,0.0,0.0,0.0,0.0,11001.0,0.0,12075.0,0.0
INFY,2024-11-15 18:50:00,2024-11-13,2024-11-12,2024-11-12,-,ESOP,Sell,ADR/GDR/FCCB,293.0,0.0,0.0,0.0,0.0,12075.0,0.0,11782.0,0.0
INFY,2024-11-15 18:50:00,2024-11-13,2024-11-12,2024-11-12,-,ESOP,Buy,ADR/GDR/FCCB,3063.0,0.0,0.0,0.0,0.0,28163.0,0.0,31226.0,0.0
INFY,2024-11-15 18:50:00,2024-11-13,2024-11-12,2024-11-12,-,ESOP,Sell,ADR/GDR/FCCB,3063.0,0.0,0.0,0.0,0.0,31226.0,0.0,28163.0,0.0
INFY,2024-11-15 18:50:00,2024-11-13,2024-11-12,2024-11-12,-,ESOP,Buy,ADR/GDR/FCCB,2226.0,0.0,0.0,0.0,0.0,18651.0,0.0,20877.0,0.0
INFY,2024-11-15 18:50:00,2024-11-13,2024-11-12,2024-11-12,-,ESOP,Sell,ADR/GDR/FCCB,2226.0,0.0,0.0,0.0,0.0,20877.0,0.0,18651.0,0.0
INFY,2024-11-15 18:50:00,2024-11-13,2024-11-12,2024-11-12,-,ESOP,Sell,ADR/GDR/FCCB,9242.0,0.0,0.0,0.0,0.0,10108.0,0.0,866.0,0.0
INFY,2024-11-15 18:50:00,2024-11-13,2024-11-12,2024-11-12,-,ESOP,Buy,ADR/GDR/FCCB,2549.0,0.0,0.0,0.0,0.0,,0.0,2549.0,0.0
INFY,2024-11-15 18:50:00,2024-11-13,2024-11-12,2024-11-12,-,ESOP,Sell,ADR/GDR/FCCB,2549.0,0.0,0.0,0.0,0.0,2549.0,0.0,,0.0
INFY,2024-11-15 18:50:00,2024-11-13,2024-11-12,2024-11-12,-,ESOP,Buy,ADR/GDR/FCCB,2603.0,0.0,0.0,0.0,0.0,21294.0,0.0,23897.0,0.0
INFY,2024-11-15 18:50:00,2024-11-13,2024-11-12,2024-11-12,-,ESOP,Sell,ADR/GDR/FCCB,1567.0,0.0,0.0,0.0,0.0,23897.0,0.0,22330.0,0.0
INFY,2024-11-15 18:50:00,2024-11-13,2024-11-12,2024-11-12,-,ESOP,Buy,ADR/GDR/FCCB,3434.0,0.0,0.0,0.0,0.0,51878.0,0.0,55312.0,0.0
INFY,2024-11-15 18:50:00,2024-11-13,2024-11-12,2024-11-12,-,ESOP,Sell,ADR/GDR/FCCB,3434.0,0.0,0.0,0.0,0.0,55312.0,0.0,51878.0,0.0
INFY,2024-11-15 18:50:00,2024-11-13,2024-11-12,2024-11-12,-,ESOP,Buy,ADR/GDR/FCCB,9242.0,0.0,0.0,0.0,0.0,866.0,0.0,10108.0,0.0
INFY,2024-11-20 16:33:00,2024-11-18,2024-11-18,2024-11-18,-,Market Sale,Sell,Equity Shares,5000.0,0.0,0.0,0.0,0.0,28163.0,0.0,23163.0,0.0
INFY,2024-11-20 16:33:00,2024-11-19,2024-11-06,2024-11-06,-,Market Sale,Sell,Equity Shares,10000.0,0.0,0.0,0.0,0.0,87003.0,0.0,77003.0,0.0
INFY,2024-12-03 10:05:00,2024-11-13,2024-11-13,2024-11-13,Other,Off Market,Sell,Equity Shares,4599.0,0.0,0.0,0.0,0.0,10216623.0,0.25,10212024.0,0.25
INFY,2024-12-03 10:05:00,2024-11-13,2024-11-12,2024-11-12,Other,Market Sale,Sell,Equity Shares,7120.0,0.0,0.0,0.0,0.0,10223743.0,0.25,10216623.0,0.25
INFY,2024-12-03 10:05:00,2024-11-04,2024-10-30,2024-10-30,Other,Market Sale,Sell,Equity Shares,4585.0,0.0,0.0,0.0,0.0,10229818.0,0.25,10225233.0,0.25
INFY,2024-12-03 10:05:00,2024-11-08,2024-11-07,2024-11-07,Other,Market Sale,Sell,Equity Shares,1490.0,0.0,0.0,0.0,0.0,10225233.0,0.25,10223743.0,0.25
INFY,2024-12-03 10:05:00,2024-11-28,2024-11-26,2024-11-26,Other,Off Market,Sell,Equity Shares,12265.0,0.0,0.0,0.0,0.0,10212024.0,0.25,10199759.0,0.25
INFY,2024-12-04 16:52:00,2024-12-03,2024-11-29,2024-11-29,-,Market Sale,Sell,Equity Shares,16500.0,0.0,0.0,0.0,0.0,23163.0,0.0,6663.0,0.0
INFY,2024-12-11 15:48:00,2024-12-09,2024-12-06,2024-12-06,Other,Off Market,Sell,Equity Shares,12571.0,0.0,0.0,0.0,0.0,10199759.0,0.25,10187188.0,0.25
INFY,2024-12-16 15:06:00,2024-12-13,2024-12-13,2024-12-13,-,ESOP,Buy,ADR/GDR/FCCB,2700.0,0.0,0.0,0.0,0.0,,0.0,2700.0,0.0
INFY,2024-12-16 15:06:00,2024-12-13,2024-12-13,2024-12-13,-,ESOP,Buy,ADR/GDR/FCCB,2756.0,0.0,0.0,0.0,0.0,21383.0,0.0,24139.0,0.0
INFY,2024-12-16 15:06:00,2024-12-13,2024-12-13,2024-12-13,-,ESOP,Buy,ADR/GDR/FCCB,1472.0,0.0,0.0,0.0,0.0,10515.0,0.0,11987.0,0.0
INFY,2024-12-16 15:06:00,2024-12-13,2024-12-13,2024-12-13,-,ESOP,Buy,ADR/GDR/FCCB,4917.0,0.0,0.0,0.0,0.0,126379.0,0.0,131296.0,0.0
INFY,2024-12-16 15:06:00,2024-12-13,2024-12-13,2024-12-13,-,ESOP,Sell,ADR/GDR/FCCB,1589.0,0.0,0.0,0.0,0.0,1589.0,0.0,,0.0
INFY,2024-12-16 15:06:00,2024-12-13,2024-12-13,2024-12-13,-,ESOP,Sell,ADR/GDR/FCCB,1300.0,0.0,0.0,0.0,0.0,2700.0,0.0,1400.0,0.0
INFY,2024-12-16 15:06:00,2024-12-13,2024-12-13,2024-12-13,-,ESOP,Buy,ADR/GDR/FCCB,750.0,0.0,0.0,0.0,0.0,,0.0,750.0,0.0
INFY,2024-12-16 15:06:00,2024-12-13,2024-12-13,2024-12-13,-,ESOP,Sell,ADR/GDR/FCCB,750.0,0.0,0.0,0.0,0.0,750.0,0.0,,0.0
INFY,2024-12-16 15:06:00,2024-12-13,2024-12-13,2024-12-13,-,ESOP,Buy,ADR/GDR/FCCB,1589.0,0.0,0.0,0.0,0.0,,0.0,1589.0,0.0
INFY,2024-12-23 15:49:00,2024-12-17,2024-12-11,2024-12-11,-,Market Sale,Sell,Equity Shares,1000.0,0.0,0.0,0.0,0.0,11987.0,0.0,10987.0,0.0
INFY,2025-01-02 18:13:00,2025-01-01,2024-12-31,2024-12-31,Other,Off Market,Sell,Equity Shares,75.0,0.0,0.0,0.0,0.0,10187188.0,0.25,10187113.0,0.25
INFY,2025-01-20 16:23:00,2025-01-16,2025-01-16,2025-01-16,-,ESOP,Buy,ADR/GDR/FCCB,1915.0,0.0,0.0,0.0,0.0,15699.0,0.0,17614.0,0.0
INFY,2025-01-27 15:50:00,2025-01-23,2025-01-22,2025-01-22,Immediate relative,Off Market,Buy,Equity Shares,20000.0,0.0,0.0,0.0,0.0,,0.0,20000.0,0.0
INFY,2025-01-28 16:15:00,2025-01-27,2025-01-27,2025-01-27,-,Market Sale,Sell,Equity Shares,6000.0,0.0,0.0,0.0,0.0,6663.0,0.0,663.0,0.0
INFY,2025-02-05 20:06:00,2025-02-03,2025-01-31,2025-01-31,Other,Off Market,Sell,Equity Shares,381.0,0.0,0.0,0.0,0.0,10187113.0,0.25,10186732.0,0.25
INFY,2025-02-07 15:56:00,2025-02-05,2025-02-05,2025-02-05,-,Market Sale,Sell,Equity Shares,5000.0,0.0,0.0,0.0,0.0,24139.0,0.0,19139.0,0.0
INFY,2025-02-13 16:01:00,2025-02-11,2025-02-07,2025-02-07,Other,Market Sale,Sell,Equity Shares,7934.0,0.0,0.0,0.0,0.0,10186732.0,0.25,10178798.0,0.25
INFY,2025-02-15 10:25:00,2025-02-12,2025-02-12,2025-02-12,-,ESOP,Buy,ADR/GDR/FCCB,1292.0,0.0,0.0,0.0,0.0,11180.0,0.0,12472.0,0.0
INFY,2025-02-15 10:25:00,2025-02-12,2025-02-12,2025-02-12,-,ESOP,Sell,ADR/GDR/FCCB,1445.0,0.0,0.0,0.0,0.0,26420.0,0.0,24975.0,0.0
INFY,2025-02-15 10:25:00,2025-02-12,2025-02-12,2025-02-12,-,ESOP,Buy,ADR/GDR/FCCB,1473.0,0.0,0.0,0.0,0.0,6226.0,0.0,7699.0,0.0
INFY,2025-02-15 10:25:00,2025-02-12,2025-02-12,2025-02-12,-,ESOP,Sell,ADR/GDR/FCCB,737.0,0.0,0.0,0.0,0.0,7699.0,0.0,6962.0,0.0
INFY,2025-02-15 10:25:00,2025-02-12,2025-02-12,2025-02-12,-,ESOP,Buy,ADR/GDR/FCCB,6123.0,0.0,0.0,0.0,0.0,51878.0,0.0,58001.0,0.0
INFY,2025-02-15 10:25:00,2025-02-12,2025-02-12,2025-02-12,-,ESOP,Sell,ADR/GDR/FCCB,1292.0,0.0,0.0,0.0,0.0,12472.0,0.0,11180.0,0.0
INFY,2025-02-15 10:25:00,2025-02-12,2025-02-12,2025-02-12,-,ESOP,Buy,ADR/GDR/FCCB,1405.0,0.0,0.0,0.0,0.0,3290.0,0.0,4695.0,0.0
INFY,2025-02-15 10:25:00,2025-02-12,2025-02-12,2025-02-12,-,ESOP,Sell,ADR/GDR/FCCB,1405.0,0.0,0.0,0.0,0.0,4695.0,0.0,3290.0,0.0
INFY,2025-02-15 10:25:00,2025-02-12,2025-02-12,2025-02-12,-,ESOP,Buy,ADR/GDR/FCCB,4090.0,0.0,0.0,0.0,0.0,22330.0,0.0,26420.0,0.0
INFY,2025-02-15 10:25:00,2025-02-12,2025-02-12,2025-02-12,-,ESOP,Sell,ADR/GDR/FCCB,1015.0,0.0,0.0,0.0,0.0,58001.0,0.0,56986.0,0.0
INFY,2025-02-15 10:25:00,2025-02-12,2025-02-12,2025-02-12,-,ESOP,Buy,ADR/GDR/FCCB,6100.0,0.0,0.0,0.0,0.0,866.0,0.0,6966.0,0.0
INFY,2025-02-15 10:25:00,2025-02-12,2025-02-12,2025-02-12,-,ESOP,Sell,ADR/GDR/FCCB,6100.0,0.0,0.0,0.0,0.0,6966.0,0.0,866.0,0.0
INFY,2025-02-15 10:25:00,2025-02-12,2025-02-12,2025-02-12,-,ESOP,Buy,ADR/GDR/FCCB,4809.0,0.0,0.0,0.0,0.0,,0.0,4809.0,0.0
INFY,2025-02-15 10:25:00,2025-02-12,2025-02-12,2025-02-12,-,ESOP,Sell,ADR/GDR/FCCB,4809.0,0.0,0.0,0.0,0.0,4809.0,0.0,,0.0
INFY,2025-02-15 10:25:00,2025-02-12,2025-02-12,2025-02-12,-,ESOP,Buy,ADR/GDR/FCCB,1366.0,0.0,0.0,0.0,0.0,4138.0,0.0,5504.0,0.0
INFY,2025-02-15 10:25:00,2025-02-12,2025-02-12,2025-02-12,-,ESOP,Sell,ADR/GDR/FCCB,425.0,0.0,0.0,0.0,0.0,5504.0,0.0,5079.0,0.0
INFY,2025-02-15 10:25:00,2025-02-12,2025-02-12,2025-02-12,-,ESOP,Buy,ADR/GDR/FCCB,9737.0,0.0,0.0,0.0,0.0,89157.0,0.0,98894.0,0.0
INFY,2025-02-15 10:25:00,2025-02-12,2025-02-12,2025-02-12,-,ESOP,Sell,ADR/GDR/FCCB,3354.0,0.0,0.0,0.0,0.0,98894.0,0.0,95540.0,0.0
INFY,2025-02-15 10:25:00,2025-02-12,2025-02-12,2025-02-12,-,ESOP,Buy,ADR/GDR/FCCB,4720.0,0.0,0.0,0.0,0.0,,0.0,4720.0,0.0
INFY,2025-02-15 10:25:00,2025-02-12,2025-02-12,2025-02-12,-,ESOP,Sell,ADR/GDR/FCCB,1455.0,0.0,0.0,0.0,0.0,4720.0,0.0,3265.0,0.0
INFY,2025-02-15 10:25:00,2025-02-12,2025-02-12,2025-02-12,-,ESOP,Buy,ADR/GDR/FCCB,6837.0,0.0,0.0,0.0,0.0,49849.0,0.0,56686.0,0.0
INFY,2025-02-15 10:25:00,2025-02-12,2025-02-12,2025-02-12,-,ESOP,Sell,ADR/GDR/FCCB,1385.0,0.0,0.0,0.0,0.0,56686.0,0.0,55301.0,0.0
INFY,2025-02-15 10:25:00,2025-02-12,2025-02-12,2025-02-12,-,ESOP,Buy,ADR/GDR/FCCB,1222.0,0.0,0.0,0.0,0.0,600.0,0.0,1822.0,0.0
INFY,2025-02-15 10:25:00,2025-02-12,2025-02-12,2025-02-12,-,ESOP,Sell,ADR/GDR/FCCB,1222.0,0.0,0.0,0.0,0.0,1822.0,0.0,600.0,0.0
INFY,2025-02-15 10:25:00,2025-02-12,2025-02-12,2025-02-12,-,ESOP,Buy,ADR/GDR/FCCB,13525.0,0.0,0.0,0.0,0.0,156113.0,0.0,169638.0,0.0
INFY,2025-02-15 10:25:00,2025-02-12,2025-02-12,2025-02-12,-,ESOP,Sell,ADR/GDR/FCCB,3200.0,0.0,0.0,0.0,0.0,169638.0,0.0,166438.0,0.0
INFY,2025-02-15 10:25:00,2025-02-12,2025-02-12,2025-02-12,-,ESOP,Buy,ADR/GDR/FCCB,11037.0,0.0,0.0,0.0,0.0,62334.0,0.0,73371.0,0.0
INFY,2025-02-15 10:25:00,2025-02-12,2025-02-12,2025-02-12,-,ESOP,Sell,ADR/GDR/FCCB,11037.0,0.0,0.0,0.0,0.0,73371.0,0.0,62334.0,0.0
INFY,2025-02-15 10:25:00,2025-02-12,2025-02-12,2025-02-12,-,ESOP,Buy,ADR/GDR/FCCB,4937.0,0.0,0.0,0.0,0.0,10000.0,0.0,14937.0,0.0
INFY,2025-02-15 10:25:00,2025-02-12,2025-02-12,2025-02-12,-,ESOP,Sell,ADR/GDR/FCCB,4937.0,0.0,0.0,0.0,0.0,14937.0,0.0,10000.0,0.0
INFY,2025-02-15 10:25:00,2025-02-12,2025-02-12,2025-02-12,-,ESOP,Buy,ADR/GDR/FCCB,1849.0,0.0,0.0,0.0,0.0,3506.0,0.0,5355.0,0.0
INFY,2025-02-15 10:25:00,2025-02-12,2025-02-12,2025-02-12,-,ESOP,Sell,ADR/GDR/FCCB,533.0,0.0,0.0,0.0,0.0,5355.0,0.0,4822.0,0.0
INFY,2025-02-15 10:25:00,2025-02-12,2025-02-12,2025-02-12,-,ESOP,Buy,ADR/GDR/FCCB,3134.0,0.0,0.0,0.0,0.0,7813.0,0.0,10947.0,0.0
INFY,2025-02-15 10:25:00,2025-02-12,2025-02-12,2025-02-12,-,ESOP,Sell,ADR/GDR/FCCB,3134.0,0.0,0.0,0.0,0.0,10947.0,0.0,7813.0,0.0
INFY,2025-02-15 10:25:00,2025-02-12,2025-02-12,2025-02-12,-,ESOP,Buy,ADR/GDR/FCCB,14192.0,0.0,0.0,0.0,0.0,17331.0,0.0,31523.0,0.0
INFY,2025-02-15 10:25:00,2025-02-12,2025-02-12,2025-02-12,-,ESOP,Sell,ADR/GDR/FCCB,14192.0,0.0,0.0,0.0,0.0,31523.0,0.0,17331.0,0.0
INFY,2025-02-15 10:25:00,2025-02-12,2025-02-12,2025-02-12,-,ESOP,Buy,ADR/GDR/FCCB,998.0,0.0,0.0,0.0,0.0,921.0,0.0,1919.0,0.0
INFY,2025-02-15 10:25:00,2025-02-12,2025-02-12,2025-02-12,-,ESOP,Sell,ADR/GDR/FCCB,5477.0,0.0,0.0,0.0,0.0,24128.0,0.0,18651.0,0.0
INFY,2025-02-15 10:25:00,2025-02-12,2025-02-12,2025-02-12,-,ESOP,Buy,ADR/GDR/FCCB,3913.0,0.0,0.0,0.0,0.0,37932.0,0.0,41845.0,0.0
INFY,2025-02-15 10:25:00,2025-02-12,2025-02-12,2025-02-12,-,ESOP,Sell,ADR/GDR/FCCB,998.0,0.0,0.0,0.0,0.0,1919.0,0.0,921.0,0.0
INFY,2025-02-15 10:25:00,2025-02-12,2025-02-12,2025-02-12,-,ESOP,Buy,ADR/GDR/FCCB,1629.0,0.0,0.0,0.0,0.0,14000.0,0.0,15629.0,0.0
INFY,2025-02-15 10:25:00,2025-02-12,2025-02-12,2025-02-12,-,ESOP,Sell,ADR/GDR/FCCB,469.0,0.0,0.0,0.0,0.0,15629.0,0.0,15160.0,0.0
INFY,2025-02-15 10:25:00,2025-02-12,2025-02-12,2025-02-12,-,ESOP,Buy,ADR/GDR/FCCB,19220.0,0.0,0.0,0.0,0.0,,0.0,19220.0,0.0
INFY,2025-02-15 10:25:00,2025-02-12,2025-02-12,2025-02-12,-,ESOP,Sell,ADR/GDR/FCCB,19220.0,0.0,0.0,0.0,0.0,19220.0,0.0,,0.0
INFY,2025-02-15 10:25:00,2025-02-12,2025-02-12,2025-02-12,-,ESOP,Buy,ADR/GDR/FCCB,2719.0,0.0,0.0,0.0,0.0,4895.0,0.0,7614.0,0.0
INFY,2025-02-15 10:25:00,2025-02-12,2025-02-12,2025-02-12,-,ESOP,Sell,ADR/GDR/FCCB,2719.0,0.0,0.0,0.0,0.0,7614.0,0.0,4895.0,0.0
INFY,2025-02-15 10:25:00,2025-02-12,2025-02-12,2025-02-12,-,ESOP,Buy,ADR/GDR/FCCB,1443.0,0.0,0.0,0.0,0.0,2212.0,0.0,3655.0,0.0
INFY,2025-02-15 10:25:00,2025-02-12,2025-02-12,2025-02-12,-,ESOP,Sell,ADR/GDR/FCCB,723.0,0.0,0.0,0.0,0.0,3655.0,0.0,2932.0,0.0
INFY,2025-02-15 10:25:00,2025-02-12,2025-02-12,2025-02-12,-,ESOP,Buy,ADR/GDR/FCCB,709.0,0.0,0.0,0.0,0.0,5294.0,0.0,6003.0,0.0
INFY,2025-02-15 10:25:00,2025-02-12,2025-02-12,2025-02-12,-,ESOP,Sell,ADR/GDR/FCCB,168.0,0.0,0.0,0.0,0.0,6003.0,0.0,5835.0,0.0
INFY,2025-02-15 10:25:00,2025-02-12,2025-02-12,2025-02-12,-,ESOP,Buy,ADR/GDR/FCCB,1637.0,0.0,0.0,0.0,0.0,3619.0,0.0,5256.0,0.0
INFY,2025-02-15 10:25:00,2025-02-12,2025-02-12,2025-02-12,-,ESOP,Sell,ADR/GDR/FCCB,462.0,0.0,0.0,0.0,0.0,5256.0,0.0,4794.0,0.0
INFY,2025-02-15 10:25:00,2025-02-12,2025-02-12,2025-02-12,-,ESOP,Buy,ADR/GDR/FCCB,4292.0,0.0,0.0,0.0,0.0,35626.0,0.0,39918.0,0.0
INFY,2025-02-15 10:25:00,2025-02-12,2025-02-12,2025-02-12,-,ESOP,Sell,ADR/GDR/FCCB,21.0,0.0,0.0,0.0,0.0,39918.0,0.0,39897.0,0.0
INFY,2025-02-15 10:25:00,2025-02-12,2025-02-12,2025-02-12,-,ESOP,Buy,ADR/GDR/FCCB,1551.0,0.0,0.0,0.0,0.0,1500.0,0.0,3051.0,0.0
INFY,2025-02-15 10:25:00,2025-02-12,2025-02-12,2025-02-12,-,ESOP,Sell,ADR/GDR/FCCB,536.0,0.0,0.0,0.0,0.0,3051.0,0.0,2515.0,0.0
INFY,2025-02-15 10:25:00,2025-02-12,2025-02-12,2025-02-12,-,ESOP,Buy,ADR/GDR/FCCB,5812.0,0.0,0.0,0.0,0.0,16205.0,0.0,22017.0,0.0
INFY,2025-02-15 10:25:00,2025-02-12,2025-02-12,2025-02-12,-,ESOP,Sell,ADR/GDR/FCCB,5812.0,0.0,0.0,0.0,0.0,22017.0,0.0,16205.0,0.0
INFY,2025-02-15 10:25:00,2025-02-12,2025-02-12,2025-02-12,-,ESOP,Buy,ADR/GDR/FCCB,3140.0,0.0,0.0,0.0,0.0,,0.0,3140.0,0.0
INFY,2025-02-15 10:25:00,2025-02-12,2025-02-12,2025-02-12,-,ESOP,Sell,ADR/GDR/FCCB,975.0,0.0,0.0,0.0,0.0,3140.0,0.0,2165.0,0.0
INFY,2025-02-15 10:25:00,2025-02-12,2025-02-12,2025-02-12,-,ESOP,Buy,ADR/GDR/FCCB,2565.0,0.0,0.0,0.0,0.0,3394.0,0.0,5959.0,0.0
INFY,2025-02-15 10:25:00,2025-02-12,2025-02-12,2025-02-12,-,ESOP,Sell,ADR/GDR/FCCB,608.0,0.0,0.0,0.0,0.0,5959.0,0.0,5351.0,0.0
INFY,2025-02-15 10:25:00,2025-02-12,2025-02-12,2025-02-12,-,ESOP,Sell,ADR/GDR/FCCB,3913.0,0.0,0.0,0.0,0.0,41845.0,0.0,37932.0,0.0
INFY,2025-02-15 10:25:00,2025-02-12,2025-02-12,2025-02-12,-,ESOP,Buy,ADR/GDR/FCCB,1534.0,0.0,0.0,0.0,0.0,5609.0,0.0,7143.0,0.0
INFY,2025-02-15 10:25:00,2025-02-12,2025-02-12,2025-02-12,-,ESOP,Sell,ADR/GDR/FCCB,364.0,0.0,0.0,0.0,0.0,7143.0,0.0,6779.0,0.0
INFY,2025-02-15 10:25:00,2025-02-12,2025-02-12,2025-02-12,-,ESOP,Buy,ADR/GDR/FCCB,3830.0,0.0,0.0,0.0,0.0,46218.0,0.0,50048.0,0.0
INFY,2025-02-15 10:25:00,2025-02-12,2025-02-12,2025-02-12,-,ESOP,Sell,ADR/GDR/FCCB,3830.0,0.0,0.0,0.0,0.0,50048.0,0.0,46218.0,0.0
INFY,2025-02-15 10:25:00,2025-02-12,2025-02-12,2025-02-12,-,ESOP,Buy,ADR/GDR/FCCB,3365.0,0.0,0.0,0.0,0.0,11782.0,0.0,15147.0,0.0
INFY,2025-02-15 10:25:00,2025-02-12,2025-02-12,2025-02-12,-,ESOP,Sell,ADR/GDR/FCCB,797.0,0.0,0.0,0.0,0.0,15147.0,0.0,14350.0,0.0
INFY,2025-02-15 10:25:00,2025-02-12,2025-02-12,2025-02-12,-,ESOP,Sell,ADR/GDR/FCCB,600.0,0.0,0.0,0.0,0.0,2302.0,0.0,1702.0,0.0
INFY,2025-02-15 10:25:00,2025-02-12,2025-02-12,2025-02-12,-,ESOP,Buy,ADR/GDR/FCCB,1569.0,0.0,0.0,0.0,0.0,4189.0,0.0,5758.0,0.0
INFY,2025-02-15 10:25:00,2025-02-12,2025-02-12,2025-02-12,-,ESOP,Sell,ADR/GDR/FCCB,542.0,0.0,0.0,0.0,0.0,5758.0,0.0,5216.0,0.0
INFY,2025-02-15 10:25:00,2025-02-12,2025-02-12,2025-02-12,-,ESOP,Buy,ADR/GDR/FCCB,749.0,0.0,0.0,0.0,0.0,,0.0,749.0,0.0
INFY,2025-02-15 10:25:00,2025-02-12,2025-02-12,2025-02-12,-,ESOP,Sell,ADR/GDR/FCCB,335.0,0.0,0.0,0.0,0.0,749.0,0.0,414.0,0.0
INFY,2025-02-15 10:25:00,2025-02-12,2025-02-12,2025-02-12,-,ESOP,Buy,ADR/GDR/FCCB,1197.0,0.0,0.0,0.0,0.0,1105.0,0.0,2302.0,0.0
INFY,2025-02-15 10:25:00,2025-02-12,2025-02-12,2025-02-12,-,ESOP,Buy,ADR/GDR/FCCB,5805.0,0.0,0.0,0.0,0.0,663.0,0.0,6468.0,0.0
INFY,2025-02-15 10:25:00,2025-02-12,2025-02-12,2025-02-12,-,ESOP,Sell,ADR/GDR/FCCB,2903.0,0.0,0.0,0.0,0.0,6468.0,0.0,3565.0,0.0
INFY,2025-02-15 10:25:00,2025-02-12,2025-02-12,2025-02-12,-,ESOP,Buy,ADR/GDR/FCCB,5477.0,0.0,0.0,0.0,0.0,18651.0,0.0,24128.0,0.0
INFY,2025-02-15 10:25:00,2025-02-12,2025-02-12,2025-02-12,-,ESOP,Buy,ADR/GDR/FCCB,1262.0,0.0,0.0,0.0,0.0,1142.0,0.0,2404.0,0.0
INFY,2025-02-15 10:25:00,2025-02-12,2025-02-12,2025-02-12,-,ESOP,Sell,ADR/GDR/FCCB,326.0,0.0,0.0,0.0,0.0,2404.0,0.0,2078.0,0.0
INFY,2025-02-21 16:16:00,2025-02-21,2025-02-20,2025-02-20,Other,Off Market,Sell,Equity Shares,10660.0,0.0,0.0,0.0,0.0,10123332.0,0.25,10112672.0,0.25
INFY,2025-02-21 16:16:00,2025-02-11,2025-02-07,2025-02-07,Other,Market Sale,Sell,Equity Shares,55466.0,0.0,0.0,0.0,0.0,10178798.0,0.25,10123332.0,0.25
INFY,2025-03-06 19:13:00,2025-03-04,2025-02-21,2025-02-21,Other,Off Market,Sell,Equity Shares,48526.0,0.0,0.0,0.0,0.0,10112672.0,0.25,10064146.0,0.25
INFY,2025-03-06 19:13:00,2025-03-04,2025-02-27,2025-02-27,Other,Off Market,Sell,Equity Shares,51694.0,0.0,0.0,0.0,0.0,10064146.0,0.25,10012452.0,0.25
INFY,2025-03-06 19:13:00,2025-03-04,2025-02-28,2025-02-28,Other,Off Market,Sell,Equity Shares,1539.0,0.0,0.0,0.0,0.0,10012452.0,0.25,10010913.0,0.25
INFY,2025-03-06 19:41:00,2025-02-14,2025-02-14,2025-02-14,-,ESOP,Sell,ADR/GDR/FCCB,5031.0,0.0,0.0,0.0,0.0,22017.0,0.0,16986.0,0.0
INFY,2025-03-06 19:41:00,2025-02-14,2025-02-14,2025-02-14,-,ESOP,Buy,ADR/GDR/FCCB,5812.0,0.0,0.0,0.0,0.0,16205.0,0.0,22017.0,0.0
INFY,2025-03-06 19:41:00,2025-02-14,2025-02-14,2025-02-14,-,ESOP,Sell,ADR/GDR/FCCB,3302.0,0.0,0.0,0.0,0.0,56686.0,0.0,53384.0,0.0
INFY,2025-03-06 19:41:00,2025-02-14,2025-02-14,2025-02-14,-,ESOP,Buy,ADR/GDR/FCCB,6837.0,0.0,0.0,0.0,0.0,49849.0,0.0,56686.0,0.0
INFY,2025-03-06 19:41:00,2025-02-14,2025-02-14,2025-02-14,-,ESOP,Sell,ADR/GDR/FCCB,2848.0,0.0,0.0,0.0,0.0,58001.0,0.0,55153.0,0.0
INFY,2025-03-06 19:41:00,2025-02-14,2025-02-14,2025-02-14,-,ESOP,Buy,ADR/GDR/FCCB,6123.0,0.0,0.0,0.0,0.0,51878.0,0.0,58001.0,0.0
INFY,2025-03-06 19:41:00,2025-02-14,2025-02-14,2025-02-14,-,ESOP,Buy,ADR/GDR/FCCB,4090.0,0.0,0.0,0.0,0.0,22330.0,0.0,26420.0,0.0
INFY,2025-03-06 19:41:00,2025-02-14,2025-02-14,2025-02-14,-,ESOP,Sell,ADR/GDR/FCCB,2645.0,0.0,0.0,0.0,0.0,26420.0,0.0,23775.0,0.0
INFY,2025-03-10 16:48:00,2025-03-06,2025-03-04,2025-03-04,Other,Off Market,Sell,Equity Shares,193368.0,0.0,0.0,0.0,0.0,10010913.0,0.25,9817545.0,0.25
INFY,2025-03-11 16:31:00,2025-03-08,2025-03-07,2025-03-07,-,Market Sale,Sell,Equity Shares,3000.0,0.0,0.0,0.0,0.0,14350.0,0.0,11350.0,0.0
INFY,2025-03-19 16:49:00,2025-03-17,2025-03-17,2025-03-17,-,ESOP,Buy,ADR/GDR/FCCB,1098.0,0.0,0.0,0.0,0.0,7717.0,0.0,8815.0,0.0
INFY,2025-03-19 16:49:00,2025-03-17,2025-03-17,2025-03-17,-,ESOP,Buy,ADR/GDR/FCCB,761.0,0.0,0.0,0.0,0.0,8955.0,0.0,9716.0,0.0
INFY,2025-03-19 16:49:00,2025-03-17,2025-03-17,2025-03-17,-,ESOP,Buy,ADR/GDR/FCCB,11037.0,0.0,0.0,0.0,0.0,131296.0,0.0,142333.0,0.0
INFY,2025-03-19 16:49:00,2025-03-17,2025-03-17,2025-03-17,-,ESOP,Buy,ADR/GDR/FCCB,1107.0,0.0,0.0,0.0,0.0,7216.0,0.0,8323.0,0.0
INFY,2025-03-19 16:49:00,2025-03-17,2025-03-17,2025-03-17,-,ESOP,Buy,ADR/GDR/FCCB,1661.0,0.0,0.0,0.0,0.0,9355.0,0.0,11016.0,0.0
INFY,2025-03-19 16:49:00,2025-03-17,2025-03-17,2025-03-17,-,ESOP,Buy,ADR/GDR/FCCB,3100.0,0.0,0.0,0.0,0.0,19139.0,0.0,22239.0,0.0
INFY,2025-03-19 16:49:00,2025-03-17,2025-03-17,2025-03-17,-,ESOP,Buy,ADR/GDR/FCCB,1950.0,0.0,0.0,0.0,0.0,17945.0,0.0,19895.0,0.0
INFY,2025-03-19 16:49:00,2025-03-17,2025-03-17,2025-03-17,-,ESOP,Buy,ADR/GDR/FCCB,1104.0,0.0,0.0,0.0,0.0,,0.0,1104.0,0.0
INFY,2025-03-19 16:49:00,2025-03-17,2025-03-17,2025-03-17,-,ESOP,Buy,ADR/GDR/FCCB,3585.0,0.0,0.0,0.0,0.0,10987.0,0.0,14572.0,0.0
INFY,2025-03-21 16:43:00,2025-03-20,2025-03-18,2025-03-18,Other,Off Market,Sell,Equity Shares,161088.0,0.0,0.0,0.0,0.0,9817545.0,0.24,9656457.0,0.24
INFY,2025-04-02 16:46:00,2025-03-31,2025-03-28,2025-03-28,Other,Off Market,Sell,Equity Shares,530.0,0.0,0.0,0.0,0.0,9656457.0,0.24,9655927.0,0.24
INFY,2025-04-28 15:41:00,2025-04-25,2025-04-24,2025-04-24,-,Market Sale,Sell,ADR/GDR/FCCB,1500.0,0.0,0.0,0.0,0.0,11350.0,0.0,9850.0,0.0
INFY,2025-04-28 15:41:00,2025-04-24,2025-04-23,2025-04-23,Other,Off Market,Sell,Equity Shares,134.0,0.0,0.0,0.0,0.0,9655927.0,0.23,9655793.0,0.23
INFY,2025-04-28 15:41:00,2025-04-28,2025-04-25,2025-04-25,Other,Off Market,Sell,Equity Shares,34920.0,0.0,0.0,0.0,0.0,9655632.0,0.23,9620712.0,0.23
INFY,2025-04-28 15:41:00,2025-04-28,2025-04-25,2025-04-25,Other,Off Market,Sell,Equity Shares,161.0,0.0,0.0,0.0,0.0,9655793.0,0.23,9655632.0,0.23
INFY,2025-05-06 19:40:00,2025-05-02,2025-05-02,2025-05-02,-,ESOP,Sell,ADR/GDR/FCCB,10770.0,0.0,0.0,0.0,0.0,29421.0,0.0,18651.0,0.0
INFY,2025-05-06 19:40:00,2025-05-02,2025-05-02,2025-05-02,-,ESOP,Buy,ADR/GDR/FCCB,926.0,0.0,0.0,0.0,0.0,6423.0,0.0,7349.0,0.0
INFY,2025-05-06 19:40:00,2025-05-02,2025-05-02,2025-05-02,-,ESOP,Sell,ADR/GDR/FCCB,308.0,0.0,0.0,0.0,0.0,7349.0,0.0,7041.0,0.0
INFY,2025-05-06 19:40:00,2025-05-02,2025-05-02,2025-05-02,-,ESOP,Buy,ADR/GDR/FCCB,669.0,0.0,0.0,0.0,0.0,,0.0,669.0,0.0
INFY,2025-05-06 19:40:00,2025-05-02,2025-05-02,2025-05-02,-,ESOP,Sell,ADR/GDR/FCCB,669.0,0.0,0.0,0.0,0.0,669.0,0.0,,0.0
INFY,2025-05-06 19:40:00,2025-05-02,2025-05-02,2025-05-02,-,ESOP,Buy,ADR/GDR/FCCB,843.0,0.0,0.0,0.0,0.0,2817.0,0.0,3660.0,0.0
INFY,2025-05-06 19:40:00,2025-05-02,2025-05-02,2025-05-02,-,ESOP,Sell,ADR/GDR/FCCB,280.0,0.0,0.0,0.0,0.0,3660.0,0.0,3380.0,0.0
INFY,2025-05-06 19:40:00,2025-05-02,2025-05-02,2025-05-02,-,ESOP,Buy,ADR/GDR/FCCB,843.0,0.0,0.0,0.0,0.0,,0.0,843.0,0.0
INFY,2025-05-06 19:40:00,2025-05-02,2025-05-02,2025-05-02,-,ESOP,Sell,ADR/GDR/FCCB,843.0,0.0,0.0,0.0,0.0,843.0,0.0,,0.0
INFY,2025-05-06 19:40:00,2025-05-02,2025-05-02,2025-05-02,-,ESOP,Buy,ADR/GDR/FCCB,843.0,0.0,0.0,0.0,0.0,6962.0,0.0,7805.0,0.0
INFY,2025-05-06 19:40:00,2025-05-02,2025-05-02,2025-05-02,-,ESOP,Sell,ADR/GDR/FCCB,444.0,0.0,0.0,0.0,0.0,7805.0,0.0,7361.0,0.0
INFY,2025-05-06 19:40:00,2025-05-02,2025-05-02,2025-05-02,-,ESOP,Buy,ADR/GDR/FCCB,13617.0,0.0,0.0,0.0,0.0,55153.0,0.0,68770.0,0.0
INFY,2025-05-06 19:40:00,2025-05-02,2025-05-02,2025-05-02,-,ESOP,Sell,ADR/GDR/FCCB,4356.0,0.0,0.0,0.0,0.0,68770.0,0.0,64414.0,0.0
INFY,2025-05-06 19:40:00,2025-05-02,2025-05-02,2025-05-02,-,ESOP,Buy,ADR/GDR/FCCB,1826.0,0.0,0.0,0.0,0.0,,0.0,1826.0,0.0
INFY,2025-05-06 19:40:00,2025-05-02,2025-05-02,2025-05-02,-,ESOP,Sell,ADR/GDR/FCCB,1826.0,0.0,0.0,0.0,0.0,1826.0,0.0,,0.0
INFY,2025-05-06 19:40:00,2025-05-02,2025-05-02,2025-05-02,-,ESOP,Buy,ADR/GDR/FCCB,11673.0,0.0,0.0,0.0,0.0,,0.0,11673.0,0.0
INFY,2025-05-06 19:40:00,2025-05-02,2025-05-02,2025-05-02,-,ESOP,Sell,ADR/GDR/FCCB,11673.0,0.0,0.0,0.0,0.0,11673.0,0.0,,0.0
INFY,2025-05-06 19:40:00,2025-05-02,2025-05-02,2025-05-02,-,ESOP,Buy,ADR/GDR/FCCB,669.0,0.0,0.0,0.0,0.0,5079.0,0.0,5748.0,0.0
INFY,2025-05-06 19:40:00,2025-05-02,2025-05-02,2025-05-02,-,ESOP,Sell,ADR/GDR/FCCB,277.0,0.0,0.0,0.0,0.0,5748.0,0.0,5471.0,0.0
INFY,2025-05-06 19:40:00,2025-05-02,2025-05-02,2025-05-02,-,ESOP,Buy,ADR/GDR/FCCB,669.0,0.0,0.0,0.0,0.0,3063.0,0.0,3732.0,0.0
INFY,2025-05-06 19:40:00,2025-05-02,2025-05-02,2025-05-02,-,ESOP,Sell,ADR/GDR/FCCB,223.0,0.0,0.0,0.0,0.0,3732.0,0.0,3509.0,0.0
INFY,2025-05-06 19:40:00,2025-05-02,2025-05-02,2025-05-02,-,ESOP,Buy,ADR/GDR/FCCB,16658.0,0.0,0.0,0.0,0.0,95540.0,0.0,112198.0,0.0
INFY,2025-05-06 19:40:00,2025-05-02,2025-05-02,2025-05-02,-,ESOP,Sell,ADR/GDR/FCCB,8092.0,0.0,0.0,0.0,0.0,112198.0,0.0,104106.0,0.0
INFY,2025-05-06 19:40:00,2025-05-02,2025-05-02,2025-05-02,-,ESOP,Buy,ADR/GDR/FCCB,12188.0,0.0,0.0,0.0,0.0,3265.0,0.0,15453.0,0.0
INFY,2025-05-06 19:40:00,2025-05-02,2025-05-02,2025-05-02,-,ESOP,Sell,ADR/GDR/FCCB,4260.0,0.0,0.0,0.0,0.0,15453.0,0.0,11193.0,0.0
INFY,2025-05-06 19:40:00,2025-05-02,2025-05-02,2025-05-02,-,ESOP,Buy,ADR/GDR/FCCB,10681.0,0.0,0.0,0.0,0.0,53384.0,0.0,64065.0,0.0
INFY,2025-05-06 19:40:00,2025-05-02,2025-05-02,2025-05-02,-,ESOP,Sell,ADR/GDR/FCCB,4127.0,0.0,0.0,0.0,0.0,64065.0,0.0,59938.0,0.0
INFY,2025-05-06 19:40:00,2025-05-02,2025-05-02,2025-05-02,-,ESOP,Buy,ADR/GDR/FCCB,26334.0,0.0,0.0,0.0,0.0,166438.0,0.0,192772.0,0.0
INFY,2025-05-06 19:40:00,2025-05-02,2025-05-02,2025-05-02,-,ESOP,Sell,ADR/GDR/FCCB,7950.0,0.0,0.0,0.0,0.0,192772.0,0.0,184822.0,0.0
INFY,2025-05-06 19:40:00,2025-05-02,2025-05-02,2025-05-02,-,ESOP,Buy,ADR/GDR/FCCB,18705.0,0.0,0.0,0.0,0.0,62334.0,0.0,81039.0,0.0
INFY,2025-05-06 19:40:00,2025-05-02,2025-05-02,2025-05-02,-,ESOP,Sell,ADR/GDR/FCCB,18705.0,0.0,0.0,0.0,0.0,81039.0,0.0,62334.0,0.0
INFY,2025-05-06 19:40:00,2025-05-02,2025-05-02,2025-05-02,-,ESOP,Buy,ADR/GDR/FCCB,9482.0,0.0,0.0,0.0,0.0,10000.0,0.0,19482.0,0.0
INFY,2025-05-06 19:40:00,2025-05-02,2025-05-02,2025-05-02,-,ESOP,Sell,ADR/GDR/FCCB,9482.0,0.0,0.0,0.0,0.0,19482.0,0.0,10000.0,0.0
INFY,2025-05-06 19:40:00,2025-05-02,2025-05-02,2025-05-02,-,ESOP,Buy,ADR/GDR/FCCB,7555.0,0.0,0.0,0.0,0.0,7813.0,0.0,15368.0,0.0
INFY,2025-05-06 19:40:00,2025-05-02,2025-05-02,2025-05-02,-,ESOP,Sell,ADR/GDR/FCCB,7555.0,0.0,0.0,0.0,0.0,15368.0,0.0,7813.0,0.0
INFY,2025-05-06 19:40:00,2025-05-02,2025-05-02,2025-05-02,-,ESOP,Buy,ADR/GDR/FCCB,25267.0,0.0,0.0,0.0,0.0,17331.0,0.0,42598.0,0.0
INFY,2025-05-06 19:40:00,2025-05-02,2025-05-02,2025-05-02,-,ESOP,Sell,ADR/GDR/FCCB,25267.0,0.0,0.0,0.0,0.0,42598.0,0.0,17331.0,0.0
INFY,2025-05-06 19:40:00,2025-05-02,2025-05-02,2025-05-02,-,ESOP,Buy,ADR/GDR/FCCB,757.0,0.0,0.0,0.0,0.0,808.0,0.0,1565.0,0.0
INFY,2025-05-06 19:40:00,2025-05-02,2025-05-02,2025-05-02,-,ESOP,Sell,ADR/GDR/FCCB,348.0,0.0,0.0,0.0,0.0,1565.0,0.0,1217.0,0.0
INFY,2025-05-06 19:40:00,2025-05-02,2025-05-02,2025-05-02,-,ESOP,Buy,ADR/GDR/FCCB,1465.0,0.0,0.0,0.0,0.0,921.0,0.0,2386.0,0.0
INFY,2025-05-06 19:40:00,2025-05-02,2025-05-02,2025-05-02,-,ESOP,Sell,ADR/GDR/FCCB,1465.0,0.0,0.0,0.0,0.0,2386.0,0.0,921.0,0.0
INFY,2025-05-06 19:40:00,2025-05-02,2025-05-02,2025-05-02,-,ESOP,Buy,ADR/GDR/FCCB,2918.0,0.0,0.0,0.0,0.0,4895.0,0.0,7813.0,0.0
INFY,2025-05-06 19:40:00,2025-05-02,2025-05-02,2025-05-02,-,ESOP,Sell,ADR/GDR/FCCB,1125.0,0.0,0.0,0.0,0.0,7813.0,0.0,6688.0,0.0
INFY,2025-05-06 19:40:00,2025-05-02,2025-05-02,2025-05-02,-,ESOP,Buy,ADR/GDR/FCCB,1009.0,0.0,0.0,0.0,0.0,2932.0,0.0,3941.0,0.0
INFY,2025-05-06 19:40:00,2025-05-02,2025-05-02,2025-05-02,-,ESOP,Sell,ADR/GDR/FCCB,532.0,0.0,0.0,0.0,0.0,3941.0,0.0,3409.0,0.0
INFY,2025-05-06 19:40:00,2025-05-02,2025-05-02,2025-05-02,-,ESOP,Buy,ADR/GDR/FCCB,843.0,0.0,0.0,0.0,0.0,4794.0,0.0,5637.0,0.0
INFY,2025-05-06 19:40:00,2025-05-02,2025-05-02,2025-05-02,-,ESOP,Sell,ADR/GDR/FCCB,320.0,0.0,0.0,0.0,0.0,5637.0,0.0,5317.0,0.0
INFY,2025-05-06 19:40:00,2025-05-02,2025-05-02,2025-05-02,-,ESOP,Buy,ADR/GDR/FCCB,10507.0,0.0,0.0,0.0,0.0,39897.0,0.0,50404.0,0.0
INFY,2025-05-06 19:40:00,2025-05-02,2025-05-02,2025-05-02,-,ESOP,Sell,ADR/GDR/FCCB,66.0,0.0,0.0,0.0,0.0,50404.0,0.0,50338.0,0.0
INFY,2025-05-06 19:40:00,2025-05-02,2025-05-02,2025-05-02,-,ESOP,Buy,ADR/GDR/FCCB,926.0,0.0,0.0,0.0,0.0,2515.0,0.0,3441.0,0.0
INFY,2025-05-06 19:40:00,2025-05-02,2025-05-02,2025-05-02,-,ESOP,Sell,ADR/GDR/FCCB,428.0,0.0,0.0,0.0,0.0,3441.0,0.0,3013.0,0.0
INFY,2025-05-06 19:40:00,2025-05-02,2025-05-02,2025-05-02,-,ESOP,Buy,ADR/GDR/FCCB,9404.0,0.0,0.0,0.0,0.0,16986.0,0.0,26390.0,0.0
INFY,2025-05-06 19:40:00,2025-05-02,2025-05-02,2025-05-02,-,ESOP,Sell,ADR/GDR/FCCB,7031.0,0.0,0.0,0.0,0.0,26390.0,0.0,19359.0,0.0
INFY,2025-05-06 19:40:00,2025-05-02,2025-05-02,2025-05-02,-,ESOP,Buy,ADR/GDR/FCCB,667.0,0.0,0.0,0.0,0.0,2688.0,0.0,3355.0,0.0
INFY,2025-05-06 19:40:00,2025-05-02,2025-05-02,2025-05-02,-,ESOP,Sell,ADR/GDR/FCCB,667.0,0.0,0.0,0.0,0.0,3355.0,0.0,2688.0,0.0
INFY,2025-05-06 19:40:00,2025-05-02,2025-05-02,2025-05-02,-,ESOP,Buy,ADR/GDR/FCCB,2961.0,0.0,0.0,0.0,0.0,5351.0,0.0,8312.0,0.0
INFY,2025-05-06 19:40:00,2025-05-02,2025-05-02,2025-05-02,-,ESOP,Sell,ADR/GDR/FCCB,1000.0,0.0,0.0,0.0,0.0,8312.0,0.0,7312.0,0.0
INFY,2025-05-06 19:40:00,2025-05-02,2025-05-02,2025-05-02,-,ESOP,Buy,ADR/GDR/FCCB,8518.0,0.0,0.0,0.0,0.0,37932.0,0.0,46450.0,0.0
INFY,2025-05-06 19:40:00,2025-05-02,2025-05-02,2025-05-02,-,ESOP,Sell,ADR/GDR/FCCB,8518.0,0.0,0.0,0.0,0.0,46450.0,0.0,37932.0,0.0
INFY,2025-05-06 19:40:00,2025-05-02,2025-05-02,2025-05-02,-,ESOP,Buy,ADR/GDR/FCCB,843.0,0.0,0.0,0.0,0.0,3882.0,0.0,4725.0,0.0
INFY,2025-05-06 19:40:00,2025-05-02,2025-05-02,2025-05-02,-,ESOP,Sell,ADR/GDR/FCCB,843.0,0.0,0.0,0.0,0.0,4725.0,0.0,3882.0,0.0
INFY,2025-05-06 19:40:00,2025-05-02,2025-05-02,2025-05-02,-,ESOP,Buy,ADR/GDR/FCCB,7944.0,0.0,0.0,0.0,0.0,46218.0,0.0,54162.0,0.0
INFY,2025-05-06 19:40:00,2025-05-02,2025-05-02,2025-05-02,-,ESOP,Sell,ADR/GDR/FCCB,7944.0,0.0,0.0,0.0,0.0,54162.0,0.0,46218.0,0.0
INFY,2025-05-06 19:40:00,2025-05-02,2025-05-02,2025-05-02,-,ESOP,Buy,ADR/GDR/FCCB,7067.0,0.0,0.0,0.0,0.0,9850.0,0.0,16917.0,0.0
INFY,2025-05-06 19:40:00,2025-05-02,2025-05-02,2025-05-02,-,ESOP,Sell,ADR/GDR/FCCB,2340.0,0.0,0.0,0.0,0.0,16917.0,0.0,14577.0,0.0
INFY,2025-05-06 19:40:00,2025-05-02,2025-05-02,2025-05-02,-,ESOP,Buy,ADR/GDR/FCCB,667.0,0.0,0.0,0.0,0.0,1702.0,0.0,2369.0,0.0
INFY,2025-05-06 19:40:00,2025-05-02,2025-05-02,2025-05-02,-,ESOP,Sell,ADR/GDR/FCCB,353.0,0.0,0.0,0.0,0.0,2369.0,0.0,2016.0,0.0
INFY,2025-05-06 19:40:00,2025-05-02,2025-05-02,2025-05-02,-,ESOP,Buy,ADR/GDR/FCCB,6940.0,0.0,0.0,0.0,0.0,3565.0,0.0,10505.0,0.0
INFY,2025-05-06 19:40:00,2025-05-02,2025-05-02,2025-05-02,-,ESOP,Sell,ADR/GDR/FCCB,4856.0,0.0,0.0,0.0,0.0,10505.0,0.0,5649.0,0.0
INFY,2025-05-06 19:40:00,2025-05-02,2025-05-02,2025-05-02,-,ESOP,Buy,ADR/GDR/FCCB,10770.0,0.0,0.0,0.0,0.0,18651.0,0.0,29421.0,0.0
INFY,2025-05-06 19:40:00,2025-05-02,2025-05-02,2025-05-02,Other,Off Market,Sell,ADR/GDR/FCCB,55624.0,0.0,0.0,0.0,0.0,9620712.0,0.23,9565088.0,0.23
INFY,2025-05-06 19:40:00,2025-05-02,2025-05-02,2025-05-02,-,ESOP,Buy,ADR/GDR/FCCB,669.0,0.0,0.0,0.0,0.0,3290.0,0.0,3959.0,0.0
INFY,2025-05-06 19:40:00,2025-05-02,2025-05-02,2025-05-02,-,ESOP,Sell,ADR/GDR/FCCB,669.0,0.0,0.0,0.0,0.0,3959.0,0.0,3290.0,0.0
INFY,2025-05-06 19:40:00,2025-05-02,2025-05-02,2025-05-02,-,ESOP,Buy,ADR/GDR/FCCB,7926.0,0.0,0.0,0.0,0.0,23775.0,0.0,31701.0,0.0
INFY,2025-05-06 19:40:00,2025-05-02,2025-05-02,2025-05-02,-,ESOP,Sell,ADR/GDR/FCCB,5143.0,0.0,0.0,0.0,0.0,31701.0,0.0,26558.0,0.0
INFY,2025-05-09 16:58:00,2025-05-08,2025-05-07,2025-05-07,Other,Market Sale,Sell,Equity Shares,101800.0,0.0,0.0,0.0,0.0,9565088.0,0.23,9463288.0,0.23
INFY,2025-05-09 16:58:00,2025-05-09,2025-05-08,2025-05-08,Other,Off Market,Sell,Equity Shares,158161.0,0.0,0.0,0.0,0.0,9463288.0,0.23,9305127.0,0.22
INFY,2025-05-16 16:00:00,2025-05-15,2025-05-14,2025-05-14,Other,Off Market,Sell,Equity Shares,88356.0,0.0,0.0,0.0,0.0,9305127.0,0.23,9216771.0,0.22
INFY,2025-05-19 16:58:00,2025-05-15,2025-05-15,2025-05-15,-,Market Sale,Sell,ADR/GDR/FCCB,2000.0,0.0,0.0,0.0,0.0,14577.0,0.0,12577.0,0.0
INFY,2025-05-20 21:45:00,2025-05-19,2025-05-19,2025-05-19,-,ESOP,Buy,ADR/GDR/FCCB,837.0,0.0,0.0,0.0,0.0,7041.0,0.0,7878.0,0.0
INFY,2025-05-20 21:45:00,2025-05-18,2025-04-29,2025-04-29,-,Market Sale,Sell,ADR/GDR/FCCB,3273.0,0.0,0.0,0.0,0.0,7312.0,0.0,4039.0,0.0
INFY,2025-05-20 21:45:00,2025-05-19,2025-05-19,2025-05-19,-,ESOP,Sell,ADR/GDR/FCCB,1010.0,0.0,0.0,0.0,0.0,16170.0,0.0,15160.0,0.0
INFY,2025-05-20 21:45:00,2025-05-19,2025-05-19,2025-05-19,-,ESOP,Buy,ADR/GDR/FCCB,1010.0,0.0,0.0,0.0,0.0,15160.0,0.0,16170.0,0.0
INFY,2025-05-20 21:45:00,2025-05-19,2025-05-19,2025-05-19,-,ESOP,Buy,ADR/GDR/FCCB,987.0,0.0,0.0,0.0,0.0,,0.0,987.0,0.0
INFY,2025-05-20 21:45:00,2025-05-19,2025-05-19,2025-05-19,-,ESOP,Sell,ADR/GDR/FCCB,987.0,0.0,0.0,0.0,0.0,987.0,0.0,,0.0
INFY,2025-05-20 21:45:00,2025-05-19,2025-05-19,2025-05-19,-,ESOP,Buy,ADR/GDR/FCCB,850.0,0.0,0.0,0.0,0.0,7361.0,0.0,8211.0,0.0
INFY,2025-05-20 21:45:00,2025-05-19,2025-05-19,2025-05-19,-,ESOP,Sell,ADR/GDR/FCCB,298.0,0.0,0.0,0.0,0.0,8211.0,0.0,7913.0,0.0
INFY,2025-05-20 21:45:00,2025-05-19,2025-05-19,2025-05-19,-,ESOP,Sell,ADR/GDR/FCCB,293.0,0.0,0.0,0.0,0.0,7878.0,0.0,7585.0,0.0
INFY,2025-06-04 17:03:00,2025-06-20,2025-05-26,2025-05-26,Other,Off Market,Sell,Equity Shares,110207.0,0.0,0.0,0.0,0.0,9216771.0,0.23,9106564.0,0.22
INFY,2025-06-09 20:53:00,2025-06-05,2025-06-03,2025-06-03,Other,Off Market,Sell,Equity Shares,2517.0,0.0,0.0,0.0,0.0,9106564.0,0.23,9104047.0,0.22
INFY,2025-06-13 15:44:00,2025-06-11,2025-06-06,2025-06-06,-,Market Sale,Sell,ADR/GDR/FCCB,1961.0,0.0,0.0,0.0,0.0,1961.0,0.0,,0.0
INFY,2025-06-13 15:44:00,2025-06-12,2025-06-12,2025-06-12,-,ESOP,Buy,ADR/GDR/FCCB,915.0,0.0,0.0,0.0,0.0,7813.0,0.0,8728.0,0.0
INFY,2025-06-13 15:44:00,2025-06-12,2025-06-12,2025-06-12,-,ESOP,Sell,ADR/GDR/FCCB,915.0,0.0,0.0,0.0,0.0,8728.0,0.0,7813.0,0.0
INFY,2025-06-13 15:44:00,2025-06-12,2025-06-12,2025-06-12,-,ESOP,Buy,ADR/GDR/FCCB,1830.0,0.0,0.0,0.0,0.0,50338.0,0.0,52168.0,0.0
INFY,2025-06-13 15:44:00,2025-06-12,2025-06-12,2025-06-12,-,ESOP,Sell,ADR/GDR/FCCB,11.0,0.0,0.0,0.0,0.0,52168.0,0.0,52157.0,0.0
INFY,2025-06-13 15:44:00,2025-06-12,2025-06-12,2025-06-12,-,ESOP,Buy,ADR/GDR/FCCB,2258.0,0.0,0.0,0.0,0.0,19359.0,0.0,21617.0,0.0
INFY,2025-06-13 15:44:00,2025-06-12,2025-06-12,2025-06-12,-,ESOP,Sell,ADR/GDR/FCCB,2258.0,0.0,0.0,0.0,0.0,21617.0,0.0,19359.0,0.0
INFY,2025-06-13 15:44:00,2025-06-12,2025-06-12,2025-06-12,-,ESOP,Buy,ADR/GDR/FCCB,1830.0,0.0,0.0,0.0,0.0,37932.0,0.0,39762.0,0.0
INFY,2025-06-13 15:44:00,2025-06-12,2025-06-12,2025-06-12,-,ESOP,Sell,ADR/GDR/FCCB,1830.0,0.0,0.0,0.0,0.0,39762.0,0.0,37932.0,0.0
INFY,2025-06-13 15:44:00,2025-06-12,2025-06-12,2025-06-12,-,ESOP,Buy,ADR/GDR/FCCB,1526.0,0.0,0.0,0.0,0.0,46218.0,0.0,47744.0,0.0
INFY,2025-06-13 15:44:00,2025-06-12,2025-06-12,2025-06-12,-,ESOP,Sell,ADR/GDR/FCCB,1526.0,0.0,0.0,0.0,0.0,47744.0,0.0,46218.0,0.0
INFY,2025-06-13 15:44:00,2025-06-12,2025-06-12,2025-06-12,-,ESOP,Buy,ADR/GDR/FCCB,1678.0,0.0,0.0,0.0,0.0,12577.0,0.0,14255.0,0.0
INFY,2025-06-13 15:44:00,2025-06-12,2025-06-12,2025-06-12,-,ESOP,Sell,ADR/GDR/FCCB,394.0,0.0,0.0,0.0,0.0,14255.0,0.0,13861.0,0.0
INFY,2025-06-13 15:44:00,2025-06-12,2025-06-12,2025-06-12,-,ESOP,Buy,ADR/GDR/FCCB,2258.0,0.0,0.0,0.0,0.0,5649.0,0.0,7907.0,0.0
INFY,2025-06-13 15:44:00,2025-06-12,2025-06-12,2025-06-12,-,ESOP,Sell,ADR/GDR/FCCB,1110.0,0.0,0.0,0.0,0.0,7907.0,0.0,6797.0,0.0
INFY,2025-06-13 15:44:00,2025-06-12,2025-06-12,2025-06-12,-,ESOP,Buy,ADR/GDR/FCCB,1830.0,0.0,0.0,0.0,0.0,18651.0,0.0,20481.0,0.0
INFY,2025-06-13 15:44:00,2025-06-12,2025-06-12,2025-06-12,-,ESOP,Sell,ADR/GDR/FCCB,1830.0,0.0,0.0,0.0,0.0,20481.0,0.0,18651.0,0.0
INFY,2025-06-13 15:44:00,2025-06-13,2025-06-12,2025-06-12,-,Market Sale,Sell,ADR/GDR/FCCB,10000.0,0.0,0.0,0.0,0.0,64414.0,0.0,54414.0,0.0
INFY,2025-06-13 15:44:00,2025-06-12,2025-06-12,2025-06-12,-,ESOP,Buy,ADR/GDR/FCCB,1830.0,0.0,0.0,0.0,0.0,26558.0,0.0,28388.0,0.0
INFY,2025-06-13 15:44:00,2025-06-12,2025-06-12,2025-06-12,-,ESOP,Sell,ADR/GDR/FCCB,1830.0,0.0,0.0,0.0,0.0,28388.0,0.0,26558.0,0.0
INFY,2025-06-13 15:44:00,2025-06-12,2025-06-12,2025-06-12,-,ESOP,Buy,ADR/GDR/FCCB,2441.0,0.0,0.0,0.0,0.0,64414.0,0.0,66855.0,0.0
INFY,2025-06-13 15:44:00,2025-06-12,2025-06-12,2025-06-12,-,ESOP,Sell,ADR/GDR/FCCB,570.0,0.0,0.0,0.0,0.0,66855.0,0.0,66285.0,0.0
INFY,2025-06-13 15:44:00,2025-06-12,2025-06-12,2025-06-12,-,ESOP,Buy,ADR/GDR/FCCB,2441.0,0.0,0.0,0.0,0.0,,0.0,2441.0,0.0
INFY,2025-06-13 15:44:00,2025-06-12,2025-06-12,2025-06-12,-,ESOP,Sell,ADR/GDR/FCCB,2441.0,0.0,0.0,0.0,0.0,2441.0,0.0,,0.0
INFY,2025-06-13 15:44:00,2025-06-12,2025-06-12,2025-06-12,-,ESOP,Buy,ADR/GDR/FCCB,1526.0,0.0,0.0,0.0,0.0,11193.0,0.0,12719.0,0.0
INFY,2025-06-13 15:44:00,2025-06-12,2025-06-12,2025-06-12,-,ESOP,Sell,ADR/GDR/FCCB,600.0,0.0,0.0,0.0,0.0,12719.0,0.0,12119.0,0.0
INFY,2025-06-13 15:44:00,2025-06-12,2025-06-12,2025-06-12,-,ESOP,Buy,ADR/GDR/FCCB,2258.0,0.0,0.0,0.0,0.0,59938.0,0.0,62196.0,0.0
INFY,2025-06-13 15:44:00,2025-06-12,2025-06-12,2025-06-12,-,ESOP,Sell,ADR/GDR/FCCB,635.0,0.0,0.0,0.0,0.0,62196.0,0.0,61561.0,0.0
INFY,2025-06-13 15:44:00,2025-06-12,2025-06-12,2025-06-12,-,ESOP,Buy,ADR/GDR/FCCB,3050.0,0.0,0.0,0.0,0.0,62334.0,0.0,65384.0,0.0
INFY,2025-06-13 15:44:00,2025-06-12,2025-06-12,2025-06-12,-,ESOP,Sell,ADR/GDR/FCCB,3050.0,0.0,0.0,0.0,0.0,65384.0,0.0,62334.0,0.0
INFY,2025-06-13 15:44:00,2025-06-12,2025-06-12,2025-06-12,-,ESOP,Buy,ADR/GDR/FCCB,1526.0,0.0,0.0,0.0,0.0,10000.0,0.0,11526.0,0.0
INFY,2025-06-13 15:44:00,2025-06-12,2025-06-12,2025-06-12,-,ESOP,Sell,ADR/GDR/FCCB,1526.0,0.0,0.0,0.0,0.0,11526.0,0.0,10000.0,0.0
INFY,2025-06-30 17:51:00,2025-06-27,2025-06-26,2025-06-26,Other,Off Market,Sell,Equity Shares,5563.0,0.0,0.0,0.0,0.0,9104047.0,0.23,9098484.0,0.22
INFY,2025-07-23 16:17:00,2025-07-21,2025-06-13,2025-06-13,Immediate relative,Market Purchase,Buy,Equity Shares,860.0,0.0,0.0,0.0,0.0,2754.0,0.0,3614.0,0.0
INFY,2025-08-05 16:47:00,2025-08-01,2025-07-31,2025-07-31,-,Market Sale,Sell,ADR/GDR/FCCB,5000.0,0.0,0.0,0.0,0.0,6797.0,0.0,1797.0,0.0
INFY,2025-08-05 16:47:00,2025-08-01,2025-07-31,2025-07-31,Other,Off Market,Sell,Equity Shares,98.0,0.0,0.0,0.0,0.0,9098484.0,0.22,9098386.0,0.22
INFY,2025-08-07 15:45:00,2025-08-05,2025-08-04,2025-08-04,Other,Off Market,Sell,Equity Shares,236.0,0.0,0.0,0.0,0.0,9098386.0,0.22,9098150.0,0.22
INFY,2025-08-12 15:53:00,2025-08-10,2025-08-10,2025-08-10,-,ESOP,Buy,ADR/GDR/FCCB,3050.0,0.0,0.0,0.0,0.0,104106.0,0.0,107156.0,0.0
INFY,2025-08-12 15:53:00,2025-08-10,2025-08-10,2025-08-10,-,ESOP,Buy,ADR/GDR/FCCB,5186.0,0.0,0.0,0.0,0.0,184822.0,0.0,190008.0,0.0
INFY,2025-08-12 15:53:00,2025-08-10,2025-08-10,2025-08-10,-,ESOP,Buy,ADR/GDR/FCCB,3667.0,0.0,0.0,0.0,0.0,157308.0,0.0,160975.0,0.0
INFY,2025-08-12 15:53:00,2025-08-10,2025-08-10,2025-08-10,-,ESOP,Buy,ADR/GDR/FCCB,843.0,0.0,0.0,0.0,0.0,8323.0,0.0,9166.0,0.0
INFY,2025-08-12 15:53:00,2025-08-10,2025-08-10,2025-08-10,-,ESOP,Buy,ADR/GDR/FCCB,843.0,0.0,0.0,0.0,0.0,12029.0,0.0,12872.0,0.0
INFY,2025-08-12 15:53:00,2025-08-10,2025-08-10,2025-08-10,-,ESOP,Buy,ADR/GDR/FCCB,1017.0,0.0,0.0,0.0,0.0,4039.0,0.0,5056.0,0.0
INFY,2025-08-12 15:53:00,2025-08-10,2025-08-10,2025-08-10,-,ESOP,Buy,ADR/GDR/FCCB,5057.0,0.0,0.0,0.0,0.0,19895.0,0.0,24952.0,0.0
INFY,2025-08-12 15:53:00,2025-05-19,2025-05-19,2025-05-19,-,ESOP,Buy,ADR/GDR/FCCB,1442.0,0.0,0.0,0.0,0.0,8502.0,0.0,9944.0,0.0
INFY,2025-08-12 15:53:00,2025-05-19,2025-05-19,2025-05-19,-,ESOP,Buy,ADR/GDR/FCCB,1908.0,0.0,0.0,0.0,0.0,11016.0,0.0,12924.0,0.0
INFY,2025-08-12 15:53:00,2025-08-10,2025-08-10,2025-08-10,-,ESOP,Buy,ADR/GDR/FCCB,843.0,0.0,0.0,0.0,0.0,7504.0,0.0,8347.0,0.0
INFY,2025-08-12 15:53:00,2025-08-10,2025-08-10,2025-08-10,-,ESOP,Buy,ADR/GDR/FCCB,843.0,0.0,0.0,0.0,0.0,4258.0,0.0,5101.0,0.0
INFY,2025-08-12 15:53:00,2025-08-10,2025-08-10,2025-08-10,-,ESOP,Buy,ADR/GDR/FCCB,1678.0,0.0,0.0,0.0,0.0,21941.0,0.0,23619.0,0.0
INFY,2025-08-12 15:53:00,2025-05-19,2025-05-19,2025-05-19,-,ESOP,Buy,ADR/GDR/FCCB,920.0,0.0,0.0,0.0,0.0,9332.0,0.0,10252.0,0.0
INFY,2025-08-12 15:53:00,2025-05-19,2025-05-19,2025-05-19,-,ESOP,Buy,ADR/GDR/FCCB,6618.0,0.0,0.0,0.0,0.0,22239.0,0.0,28857.0,0.0
INFY,2025-08-21 16:20:00,2025-08-19,2025-08-19,2025-08-19,-,Market Sale,Sell,ADR/GDR/FCCB,500.0,0.0,0.0,0.0,0.0,1797.0,0.0,1297.0,0.0
INFY,2025-08-21 16:20:00,2025-08-21,2025-08-20,2025-08-20,Other,Market Sale,Sell,,1370.0,0.0,0.0,0.0,0.0,9098150.0,0.22,9096780.0,0.22
INFY,2025-08-26 17:33:00,2025-08-22,2025-08-21,2025-08-21,Other,Off Market,Sell,,2245.0,0.0,0.0,0.0,0.0,9096780.0,0.22,9094535.0,0.22
INFY,2025-08-28 18:21:00,2025-08-22,2025-08-22,2025-08-22,-,Market Sale,Sell,ADR/GDR/FCCB,2354.0,0.0,0.0,0.0,0.0,2354.0,0.0,,0.0
INFY,2025-09-01 19:19:00,2025-08-28,2025-08-28,2025-08-28,Employees/Designated Employees,Market Sale,Sell,ADR/GDR/FCCB,4400.0,0.0,0.0,0.0,0.0,13861.0,0.0,9461.0,0.0
INFY,2025-09-08 15:32:00,2025-09-04,2025-09-04,2025-09-04,-,Market Sale,Sell,ADR/GDR/FCCB,517.0,0.0,0.0,0.0,0.0,517.0,0.0,,0.0
INFY,2025-09-15 15:32:00,2025-09-12,2025-09-11,2025-09-11,Other,Off Market,Sell,Equity Shares,423.0,0.0,0.0,0.0,0.0,9094535.0,0.22,9094112.0,0.22
INFY,2025-09-23 16:03:00,2025-09-22,2025-09-22,2025-09-22,-,ESOP,Buy,ADR/GDR/FCCB,3050.0,0.0,0.0,0.0,0.0,160975.0,0.0,164025.0,0.0
INFY,2025-09-23 16:03:00,2025-09-22,2025-09-22,2025-09-22,-,ESOP,Buy,ADR/GDR/FCCB,1678.0,0.0,0.0,0.0,0.0,24952.0,0.0,26630.0,0.0
INFY,2025-09-26 17:40:00,2025-09-25,2025-09-24,2025-09-24,Other,Off Market,Sell,Equity Shares,2709.0,0.0,0.0,0.0,0.0,9094112.0,0.22,9091403.0,0.22
INFY,2025-11-05 16:48:00,2025-10-31,2025-10-30,2025-10-30,Other,Off Market,Sell,Equity Shares,4000.0,0.0,0.0,0.0,0.0,9091403.0,0.22,9087403.0,0.22
INFY,2025-11-05 16:48:00,2025-11-05,2025-11-03,2025-11-03,Other,Off Market,Sell,Equity Shares,2876.0,0.0,0.0,0.0,0.0,9087403.0,0.22,9084527.0,0.22
INFY,2025-11-13 19:43:00,2025-11-12,2025-11-11,2025-11-11,Other,Market Sale,Sell,Equity Shares,27800.0,0.0,0.0,0.0,0.0,9084527.0,0.22,9056727.0,0.22
INFY,2025-11-13 19:43:00,2025-11-12,2025-11-11,2025-11-11,-,Market Sale,Sell,ADR/GDR/FCCB,1871.0,0.0,0.0,0.0,0.0,2471.0,0.0,600.0,0.0
INFY,2025-11-17 17:11:00,2025-11-13,2025-11-13,2025-11-13,Immediate relative,Market Sale,Sell,Equity Shares,5000.0,0.0,0.0,0.0,0.0,42400.0,0.0,37400.0,0.0
INFY,2025-11-21 19:12:00,2025-11-20,2025-11-19,2025-11-19,Immediate relative,Market Sale,Sell,Equity Shares,8000.0,0.0,0.0,0.0,0.0,37400.0,0.0,29400.0,0.0
INFY,2025-11-21 19:12:00,2025-11-20,2025-11-20,2025-11-20,-,ESOP,Sell,ADR/GDR/FCCB,5191.0,0.0,0.0,0.0,0.0,13004.0,0.0,7813.0,0.0
INFY,2025-11-21 19:12:00,2025-11-20,2025-11-20,2025-11-20,-,ESOP,Buy,ADR/GDR/FCCB,5191.0,0.0,0.0,0.0,0.0,7813.0,0.0,13004.0,0.0
INFY,2025-11-21 19:12:00,2025-11-20,2025-11-20,2025-11-20,-,ESOP,Sell,ADR/GDR/FCCB,10347.0,0.0,0.0,0.0,0.0,20347.0,0.0,10000.0,0.0
INFY,2025-11-21 19:12:00,2025-11-20,2025-11-20,2025-11-20,-,ESOP,Buy,ADR/GDR/FCCB,10347.0,0.0,0.0,0.0,0.0,10000.0,0.0,20347.0,0.0
INFY,2025-11-21 19:12:00,2025-11-20,2025-11-20,2025-11-20,-,ESOP,Sell,ADR/GDR/FCCB,20047.0,0.0,0.0,0.0,0.0,37378.0,0.0,17331.0,0.0
INFY,2025-11-21 19:12:00,2025-11-20,2025-11-20,2025-11-20,-,ESOP,Buy,ADR/GDR/FCCB,6888.0,0.0,0.0,0.0,0.0,6688.0,0.0,13576.0,0.0
INFY,2025-11-21 19:12:00,2025-11-20,2025-11-20,2025-11-20,-,ESOP,Sell,ADR/GDR/FCCB,1987.0,0.0,0.0,0.0,0.0,13576.0,0.0,11589.0,0.0
INFY,2025-11-21 19:12:00,2025-11-20,2025-11-20,2025-11-20,-,ESOP,Buy,ADR/GDR/FCCB,1830.0,0.0,0.0,0.0,0.0,28857.0,0.0,30687.0,0.0
INFY,2025-11-21 19:12:00,2025-11-20,2025-11-20,2025-11-20,-,ESOP,Buy,ADR/GDR/FCCB,9173.0,0.0,0.0,0.0,0.0,52157.0,0.0,61330.0,0.0
INFY,2025-11-21 19:12:00,2025-11-20,2025-11-20,2025-11-20,-,ESOP,Sell,ADR/GDR/FCCB,55.0,0.0,0.0,0.0,0.0,61330.0,0.0,61275.0,0.0
INFY,2025-11-21 19:12:00,2025-11-20,2025-11-20,2025-11-20,-,ESOP,Buy,ADR/GDR/FCCB,4504.0,0.0,0.0,0.0,0.0,,0.0,4504.0,0.0
INFY,2025-11-21 19:12:00,2025-11-20,2025-11-20,2025-11-20,-,ESOP,Sell,ADR/GDR/FCCB,1085.0,0.0,0.0,0.0,0.0,4504.0,0.0,3419.0,0.0
INFY,2025-11-21 19:12:00,2025-11-20,2025-11-20,2025-11-20,-,ESOP,Buy,ADR/GDR/FCCB,11201.0,0.0,0.0,0.0,0.0,37932.0,0.0,49133.0,0.0
INFY,2025-11-21 19:12:00,2025-11-20,2025-11-20,2025-11-20,-,ESOP,Sell,ADR/GDR/FCCB,11201.0,0.0,0.0,0.0,0.0,49133.0,0.0,37932.0,0.0
INFY,2025-11-21 19:12:00,2025-11-20,2025-11-20,2025-11-20,-,ESOP,Buy,ADR/GDR/FCCB,5364.0,0.0,0.0,0.0,0.0,46218.0,0.0,51582.0,0.0
INFY,2025-11-21 19:12:00,2025-11-20,2025-11-20,2025-11-20,-,ESOP,Sell,ADR/GDR/FCCB,5364.0,0.0,0.0,0.0,0.0,51582.0,0.0,46218.0,0.0
INFY,2025-11-21 19:12:00,2025-11-20,2025-11-20,2025-11-20,-,ESOP,Buy,ADR/GDR/FCCB,3675.0,0.0,0.0,0.0,0.0,9461.0,0.0,13136.0,0.0
INFY,2025-11-21 19:12:00,2025-11-20,2025-11-20,2025-11-20,-,ESOP,Sell,ADR/GDR/FCCB,885.0,0.0,0.0,0.0,0.0,13136.0,0.0,12251.0,0.0
INFY,2025-11-21 19:12:00,2025-11-20,2025-11-20,2025-11-20,-,ESOP,Buy,ADR/GDR/FCCB,10484.0,0.0,0.0,0.0,0.0,1297.0,0.0,11781.0,0.0
INFY,2025-11-21 19:12:00,2025-11-20,2025-11-20,2025-11-20,-,ESOP,Sell,ADR/GDR/FCCB,4813.0,0.0,0.0,0.0,0.0,11781.0,0.0,6968.0,0.0
INFY,2025-11-21 19:12:00,2025-11-20,2025-11-20,2025-11-20,-,ESOP,Buy,ADR/GDR/FCCB,7620.0,0.0,0.0,0.0,0.0,18651.0,0.0,26271.0,0.0
INFY,2025-11-21 19:12:00,2025-11-20,2025-11-18,2025-11-18,Other,Off Market,Sell,Equity Shares,37098.0,0.0,0.0,0.0,0.0,9056727.0,0.22,9019629.0,0.22
INFY,2025-11-21 19:12:00,2025-11-20,2025-11-20,2025-11-20,-,ESOP,Sell,ADR/GDR/FCCB,7620.0,0.0,0.0,0.0,0.0,26271.0,0.0,18651.0,0.0
INFY,2025-11-21 19:12:00,2025-11-20,2025-11-19,2025-11-19,-,Market Sale,Sell,ADR/GDR/FCCB,600.0,0.0,0.0,0.0,0.0,600.0,0.0,,0.0
INFY,2025-11-21 19:12:00,2025-11-20,2025-11-20,2025-11-20,-,ESOP,Buy,ADR/GDR/FCCB,20047.0,0.0,0.0,0.0,0.0,17331.0,0.0,37378.0,0.0
INFY,2025-11-21 19:12:00,2025-11-20,2025-11-19,2025-11-19,-,Market Sale,Sell,ADR/GDR/FCCB,6000.0,0.0,0.0,0.0,0.0,23619.0,0.0,17619.0,0.0
INFY,2025-11-21 19:12:00,2025-11-20,2025-11-19,2025-11-19,-,Market Sale,Sell,ADR/GDR/FCCB,15000.0,0.0,0.0,0.0,0.0,61275.0,0.0,46275.0,0.0
INFY,2025-11-21 19:12:00,2025-11-20,2025-11-20,2025-11-20,-,ESOP,Sell,ADR/GDR/FCCB,7597.0,0.0,0.0,0.0,0.0,35468.0,0.0,27871.0,0.0
INFY,2025-11-21 19:12:00,2025-11-20,2025-11-20,2025-11-20,-,ESOP,Buy,ADR/GDR/FCCB,16828.0,0.0,0.0,0.0,0.0,164025.0,0.0,180853.0,0.0
INFY,2025-11-21 19:12:00,2025-11-20,2025-11-20,2025-11-20,-,ESOP,Sell,ADR/GDR/FCCB,5861.0,0.0,0.0,0.0,0.0,180853.0,0.0,174992.0,0.0
INFY,2025-11-21 19:12:00,2025-11-20,2025-11-20,2025-11-20,-,ESOP,Buy,ADR/GDR/FCCB,8910.0,0.0,0.0,0.0,0.0,26558.0,0.0,35468.0,0.0
INFY,2025-11-21 19:12:00,2025-11-20,2025-11-20,2025-11-20,-,ESOP,Buy,ADR/GDR/FCCB,11754.0,0.0,0.0,0.0,0.0,56285.0,0.0,68039.0,0.0
INFY,2025-11-21 19:12:00,2025-11-20,2025-11-20,2025-11-20,-,ESOP,Sell,ADR/GDR/FCCB,2830.0,0.0,0.0,0.0,0.0,68039.0,0.0,65209.0,0.0
INFY,2025-11-21 19:12:00,2025-11-20,2025-11-20,2025-11-20,-,ESOP,Buy,ADR/GDR/FCCB,8723.0,0.0,0.0,0.0,0.0,,0.0,8723.0,0.0
INFY,2025-11-21 19:12:00,2025-11-20,2025-11-20,2025-11-20,-,ESOP,Sell,ADR/GDR/FCCB,8723.0,0.0,0.0,0.0,0.0,8723.0,0.0,,0.0
INFY,2025-11-21 19:12:00,2025-11-20,2025-11-20,2025-11-20,-,ESOP,Buy,ADR/GDR/FCCB,10443.0,0.0,0.0,0.0,0.0,107156.0,0.0,117599.0,0.0
INFY,2025-11-21 19:12:00,2025-11-20,2025-11-20,2025-11-20,-,ESOP,Sell,ADR/GDR/FCCB,5175.0,0.0,0.0,0.0,0.0,117599.0,0.0,112424.0,0.0
INFY,2025-11-21 19:12:00,2025-11-20,2025-11-20,2025-11-20,-,ESOP,Buy,ADR/GDR/FCCB,5440.0,0.0,0.0,0.0,0.0,12119.0,0.0,17559.0,0.0
INFY,2025-11-21 19:12:00,2025-11-20,2025-11-20,2025-11-20,-,ESOP,Sell,ADR/GDR/FCCB,1676.0,0.0,0.0,0.0,0.0,17559.0,0.0,15883.0,0.0
INFY,2025-11-21 19:12:00,2025-11-20,2025-11-20,2025-11-20,-,ESOP,Buy,ADR/GDR/FCCB,12062.0,0.0,0.0,0.0,0.0,61561.0,0.0,73623.0,0.0
INFY,2025-11-21 19:12:00,2025-11-20,2025-11-20,2025-11-20,-,ESOP,Sell,ADR/GDR/FCCB,5765.0,0.0,0.0,0.0,0.0,73623.0,0.0,67858.0,0.0
INFY,2025-11-21 19:12:00,2025-11-20,2025-11-20,2025-11-20,-,ESOP,Buy,ADR/GDR/FCCB,2300.0,0.0,0.0,0.0,0.0,1400.0,0.0,3700.0,0.0
INFY,2025-11-21 19:12:00,2025-11-20,2025-11-20,2025-11-20,-,ESOP,Sell,ADR/GDR/FCCB,2300.0,0.0,0.0,0.0,0.0,3700.0,0.0,1400.0,0.0
INFY,2025-11-21 19:12:00,2025-11-20,2025-11-20,2025-11-20,-,ESOP,Buy,ADR/GDR/FCCB,16746.0,0.0,0.0,0.0,0.0,190008.0,0.0,206754.0,0.0
INFY,2025-11-21 19:12:00,2025-11-20,2025-11-20,2025-11-20,-,ESOP,Sell,ADR/GDR/FCCB,6453.0,0.0,0.0,0.0,0.0,206754.0,0.0,200301.0,0.0
INFY,2025-11-21 19:12:00,2025-11-20,2025-11-20,2025-11-20,-,ESOP,Buy,ADR/GDR/FCCB,16828.0,0.0,0.0,0.0,0.0,62334.0,0.0,79162.0,0.0
INFY,2025-11-21 19:12:00,2025-11-20,2025-11-20,2025-11-20,-,ESOP,Sell,ADR/GDR/FCCB,16828.0,0.0,0.0,0.0,0.0,79162.0,0.0,62334.0,0.0
INFY,2025-11-24 15:39:00,2025-11-21,2025-11-20,2025-11-20,Other,Off Market,Sell,Equity Shares,26013.0,0.0,0.0,0.0,0.0,9019629.0,0.22,8993616.0,0.22
INFY,2025-11-26 16:20:00,2025-11-24,2025-11-24,2025-11-24,Immediate relative,Market Sale,Sell,Equity Shares,1000.0,0.0,0.0,0.0,0.0,27400.0,0.0,26400.0,0.0
INFY,2025-12-01 16:03:00,2025-11-28,2025-11-27,2025-11-27,Other,Off Market,Sell,Equity Shares,4276.0,0.0,0.0,0.0,0.0,8993616.0,0.22,8989340.0,0.22
INFY,2025-12-01 16:25:00,2025-11-27,2025-11-27,2025-11-27,Immediate relative,Market Sale,Sell,Equity Shares,2000.0,0.0,0.0,0.0,0.0,28400.0,0.0,26400.0,0.0
INFY,2025-12-04 20:29:00,2025-12-02,2025-12-02,2025-12-02,Immediate relative,Market Sale,Sell,Equity Shares,1000.0,0.0,0.0,0.0,0.0,26400.0,0.0,25400.0,0.0
INFY,2025-12-04 20:29:00,2025-12-03,2025-12-02,2025-12-02,-,Market Sale,Sell,ADR/GDR/FCCB,3762.0,0.0,0.0,0.0,0.0,37932.0,0.0,34170.0,0.0
INFY,2025-12-04 20:29:00,2025-12-02,2025-12-01,2025-12-01,-,Market Sale,Sell,ADR/GDR/FCCB,2688.0,0.0,0.0,0.0,0.0,11589.0,0.0,8901.0,0.0
INFY,2025-12-04 20:29:00,2025-12-03,2025-12-03,2025-12-03,Immediate relative,Market Sale,Sell,Equity Shares,8500.0,0.0,0.0,0.0,0.0,25400.0,0.0,16900.0,0.0
INFY,2025-12-05 15:55:00,2025-12-04,2025-12-02,2025-12-02,-,Market Sale,Sell,ADR/GDR/FCCB,7000.0,0.0,0.0,0.0,0.0,12577.0,0.0,5577.0,0.0
INFY,2025-12-11 16:20:00,2025-12-09,2025-12-08,2025-12-08,Other,Market Sale,Sell,Equity Shares,1124.0,0.0,0.0,0.0,0.0,8989340.0,0.22,8988216.0,0.22
INFY,2025-12-15 15:52:00,2025-12-12,2025-12-10,2025-12-10,Other,Off Market,Sell,Equity Shares,2260.0,0.0,0.0,0.0,0.0,8988216.0,0.22,8985956.0,0.22
INFY,2025-12-15 15:52:00,2025-12-12,2025-12-12,2025-12-12,-,Market Sale,Sell,ADR/GDR/FCCB,30000.0,0.0,0.0,0.0,0.0,65209.0,0.0,35209.0,0.0
INFY,2025-12-22 16:28:00,2025-12-19,2025-12-18,2025-12-18,Other,-,Sell,Equity Shares,1520.0,0.0,0.0,0.0,0.0,8985956.0,0.22,8984436.0,0.22
INFY,2025-12-22 16:28:00,2025-12-19,2025-12-19,2025-12-19,-,ESOP,Sell,ADR/GDR/FCCB,1200.0,0.0,0.0,0.0,0.0,4100.0,0.0,2900.0,0.0
INFY,2025-12-22 16:28:00,2025-12-19,2025-12-19,2025-12-19,-,ESOP,Buy,ADR/GDR/FCCB,2700.0,0.0,0.0,0.0,0.0,1400.0,0.0,4100.0,0.0
INFY,2026-01-19 21:14:00,2026-01-14,2026-01-14,2026-01-14,-,ESOP,Buy,ADR/GDR/FCCB,3907.0,0.0,0.0,0.0,0.0,112424.0,0.0,116331.0,0.0
INFY,2026-01-27 15:31:00,2026-01-23,2026-01-21,2026-01-21,Other,Off Market,Sell,Equity Shares,349.0,0.0,0.0,0.0,0.0,8984436.0,0.22,8984087.0,0.22
INFY,2026-01-27 15:31:00,2026-01-23,2026-01-23,2026-01-23,-,Market Sale,Sell,ADR/GDR/FCCB,4000.0,0.0,0.0,0.0,0.0,8901.0,0.0,4901.0,0.0
INFY,2026-01-27 15:31:00,2026-01-23,2026-01-22,2026-01-22,-,Market Sale,Sell,ADR/GDR/FCCB,1937.0,0.0,0.0,0.0,0.0,34170.0,0.0,32233.0,0.0
INFY,2026-01-30 15:39:00,2026-01-28,2026-01-27,2026-01-27,-,Market Sale,Sell,ADR/GDR/FCCB,2000.0,0.0,0.0,0.0,0.0,6988.0,0.0,4988.0,0.0
INFY,2026-02-02 15:44:00,2026-01-30,2026-01-29,2026-01-29,Other,Off Market,Sell,Equity Shares,80.0,0.0,0.0,0.0,0.0,8984087.0,0.22,8984007.0,0.22
INFY,2026-02-05 16:23:00,2026-01-07,2026-01-05,2026-01-05,-,ESOP,Buy,ADR/GDR/FCCB,5039.0,0.0,0.0,0.0,0.0,17619.0,0.0,22658.0,0.0
INFY,2026-02-05 16:23:00,2026-02-03,2026-01-23,2026-01-23,-,Market Sale,Sell,ADR/GDR/FCCB,3419.0,0.0,0.0,0.0,0.0,3419.0,0.0,,0.0
INFY,2026-02-05 16:23:00,2026-01-07,2026-01-05,2026-01-05,-,ESOP,Buy,ADR/GDR/FCCB,9434.0,0.0,0.0,0.0,0.0,30714.0,0.0,40148.0,0.0
INFY,2026-02-05 16:23:00,2026-02-03,2026-02-02,2026-02-02,-,Market Sale,Sell,ADR/GDR/FCCB,10000.0,0.0,0.0,0.0,0.0,40148.0,0.0,30148.0,0.0
INFY,2026-02-05 16:23:00,2026-02-03,2026-01-21,2026-01-21,-,Market Sale,Sell,ADR/GDR/FCCB,226.0,0.0,0.0,0.0,0.0,251.0,0.0,25.0,0.0
INFY,2026-02-09 15:38:00,2026-02-06,2026-02-06,2026-02-06,Other,Market Sale,Sell,Equity Shares,7710.0,0.0,0.0,0.0,0.0,8984007.0,0.22,8976297.0,0.22
INFY,2026-02-12 15:41:00,2026-02-10,2026-02-09,2026-02-09,Other,Off Market,Sell,Equity Shares,10173.0,0.0,0.0,0.0,0.0,8976297.0,0.22,8966124.0,0.22
INFY,2026-02-12 15:41:00,2026-02-11,2026-02-10,2026-02-10,Other,Market Sale,Sell,Equity Shares,63700.0,0.0,0.0,0.0,0.0,8966124.0,0.22,8902424.0,0.21
INFY,2026-02-19 16:01:00,2026-02-18,2026-02-17,2026-02-17,Other,Market Sale,Sell,Equity Shares,124473.0,0.0,0.0,0.0,0.0,8902424.0,0.21,8777951.0,0.21
INFY,2026-02-23 19:55:00,2026-02-19,2026-02-19,2026-02-19,-,ESOP,Sell,ADR/GDR/FCCB,5276.0,0.0,0.0,0.0,0.0,5793.0,0.0,517.0,0.0
INFY,2026-02-23 19:55:00,2026-02-19,2026-02-19,2026-02-19,-,ESOP,Buy,ADR/GDR/FCCB,4754.0,0.0,0.0,0.0,0.0,,0.0,4754.0,0.0
INFY,2026-02-23 19:55:00,2026-02-19,2026-02-19,2026-02-19,-,ESOP,Sell,ADR/GDR/FCCB,4754.0,0.0,0.0,0.0,0.0,4754.0,0.0,,0.0
INFY,2026-02-23 19:55:00,2026-02-19,2026-02-19,2026-02-19,-,ESOP,Sell,ADR/GDR/FCCB,399.0,0.0,0.0,0.0,0.0,6524.0,0.0,6125.0,0.0
INFY,2026-02-23 19:55:00,2026-02-19,2026-02-19,2026-02-19,-,ESOP,Buy,ADR/GDR/FCCB,4148.0,0.0,0.0,0.0,0.0,3013.0,0.0,7161.0,0.0
INFY,2026-02-23 19:55:00,2026-02-19,2026-02-19,2026-02-19,-,ESOP,Sell,ADR/GDR/FCCB,2522.0,0.0,0.0,0.0,0.0,7161.0,0.0,4639.0,0.0
INFY,2026-02-23 19:55:00,2026-02-19,2026-02-19,2026-02-19,-,ESOP,Buy,ADR/GDR/FCCB,7058.0,0.0,0.0,0.0,0.0,19359.0,0.0,26417.0,0.0
INFY,2026-02-23 19:55:00,2026-02-19,2026-02-19,2026-02-19,-,ESOP,Sell,ADR/GDR/FCCB,7058.0,0.0,0.0,0.0,0.0,26417.0,0.0,19359.0,0.0
INFY,2026-02-23 19:55:00,2026-02-19,2026-02-19,2026-02-19,-,ESOP,Buy,ADR/GDR/FCCB,794.0,0.0,0.0,0.0,0.0,2688.0,0.0,3482.0,0.0
INFY,2026-02-23 19:55:00,2026-02-19,2026-02-19,2026-02-19,-,ESOP,Sell,ADR/GDR/FCCB,455.0,0.0,0.0,0.0,0.0,3482.0,0.0,3027.0,0.0
INFY,2026-02-23 19:55:00,2026-02-19,2026-02-19,2026-02-19,-,ESOP,Buy,ADR/GDR/FCCB,3834.0,0.0,0.0,0.0,0.0,2165.0,0.0,5999.0,0.0
INFY,2026-02-23 19:55:00,2026-02-19,2026-02-19,2026-02-19,-,ESOP,Sell,ADR/GDR/FCCB,1904.0,0.0,0.0,0.0,0.0,5999.0,0.0,4095.0,0.0
INFY,2026-02-23 19:55:00,2026-02-19,2026-02-19,2026-02-19,-,ESOP,Buy,ADR/GDR/FCCB,3250.0,0.0,0.0,0.0,0.0,,0.0,3250.0,0.0
INFY,2026-02-23 19:55:00,2026-02-19,2026-02-19,2026-02-19,-,ESOP,Sell,ADR/GDR/FCCB,1162.0,0.0,0.0,0.0,0.0,3250.0,0.0,2088.0,0.0
INFY,2026-02-23 19:55:00,2026-02-19,2026-02-19,2026-02-19,-,ESOP,Buy,ADR/GDR/FCCB,3896.0,0.0,0.0,0.0,0.0,25.0,0.0,3921.0,0.0
INFY,2026-02-23 19:55:00,2026-02-19,2026-02-19,2026-02-19,-,ESOP,Sell,ADR/GDR/FCCB,3896.0,0.0,0.0,0.0,0.0,3921.0,0.0,25.0,0.0
INFY,2026-02-23 19:55:00,2026-02-19,2026-02-19,2026-02-19,-,ESOP,Buy,ADR/GDR/FCCB,4759.0,0.0,0.0,0.0,0.0,32233.0,0.0,36992.0,0.0
INFY,2026-02-23 19:55:00,2026-02-19,2026-02-19,2026-02-19,-,ESOP,Sell,ADR/GDR/FCCB,4759.0,0.0,0.0,0.0,0.0,36992.0,0.0,32233.0,0.0
INFY,2026-02-23 19:55:00,2026-02-19,2026-02-19,2026-02-19,-,ESOP,Buy,ADR/GDR/FCCB,3998.0,0.0,0.0,0.0,0.0,7161.0,0.0,11159.0,0.0
INFY,2026-02-23 19:55:00,2026-02-19,2026-02-19,2026-02-19,-,ESOP,Sell,ADR/GDR/FCCB,1806.0,0.0,0.0,0.0,0.0,11159.0,0.0,9353.0,0.0
INFY,2026-02-23 19:55:00,2026-02-19,2026-02-19,2026-02-19,-,ESOP,Buy,ADR/GDR/FCCB,4071.0,0.0,0.0,0.0,0.0,12251.0,0.0,16322.0,0.0
INFY,2026-02-23 19:55:00,2026-02-19,2026-02-19,2026-02-19,-,ESOP,Sell,ADR/GDR/FCCB,4071.0,0.0,0.0,0.0,0.0,16322.0,0.0,12251.0,0.0
INFY,2026-02-23 19:55:00,2026-02-19,2026-02-19,2026-02-19,-,ESOP,Buy,ADR/GDR/FCCB,3144.0,0.0,0.0,0.0,0.0,2016.0,0.0,5160.0,0.0
INFY,2026-02-23 19:55:00,2026-02-19,2026-02-19,2026-02-19,-,ESOP,Sell,ADR/GDR/FCCB,1857.0,0.0,0.0,0.0,0.0,5160.0,0.0,3303.0,0.0
INFY,2026-02-23 19:55:00,2026-02-19,2026-02-19,2026-02-19,-,ESOP,Buy,ADR/GDR/FCCB,4103.0,0.0,0.0,0.0,0.0,5446.0,0.0,9549.0,0.0
INFY,2026-02-23 19:55:00,2026-02-19,2026-02-19,2026-02-19,-,ESOP,Sell,ADR/GDR/FCCB,2204.0,0.0,0.0,0.0,0.0,9549.0,0.0,7345.0,0.0
INFY,2026-02-23 19:55:00,2026-02-19,2026-02-19,2026-02-19,-,ESOP,Buy,ADR/GDR/FCCB,7329.0,0.0,0.0,0.0,0.0,4988.0,0.0,12317.0,0.0
INFY,2026-02-23 19:55:00,2026-02-19,2026-02-19,2026-02-19,-,ESOP,Sell,ADR/GDR/FCCB,7329.0,0.0,0.0,0.0,0.0,12317.0,0.0,4988.0,0.0
INFY,2026-02-23 19:55:00,2026-02-19,2026-02-19,2026-02-19,-,ESOP,Buy,ADR/GDR/FCCB,6380.0,0.0,0.0,0.0,0.0,18651.0,0.0,25031.0,0.0
INFY,2026-02-23 19:55:00,2026-02-19,2026-02-19,2026-02-19,-,ESOP,Sell,ADR/GDR/FCCB,6380.0,0.0,0.0,0.0,0.0,25031.0,0.0,18651.0,0.0
INFY,2026-02-23 19:55:00,2026-02-19,2026-02-19,2026-02-19,-,ESOP,Buy,ADR/GDR/FCCB,3339.0,0.0,0.0,0.0,0.0,,0.0,3339.0,0.0
INFY,2026-02-23 19:55:00,2026-02-19,2026-02-19,2026-02-19,-,ESOP,Sell,ADR/GDR/FCCB,1292.0,0.0,0.0,0.0,0.0,3339.0,0.0,2047.0,0.0
INFY,2026-02-23 19:55:00,2026-02-19,2026-02-19,2026-02-19,-,ESOP,Buy,ADR/GDR/FCCB,3866.0,0.0,0.0,0.0,0.0,7639.0,0.0,11505.0,0.0
INFY,2026-02-23 19:55:00,2026-02-19,2026-02-19,2026-02-19,-,ESOP,Sell,ADR/GDR/FCCB,3866.0,0.0,0.0,0.0,0.0,11505.0,0.0,7639.0,0.0
INFY,2026-02-23 19:55:00,2026-02-19,2026-02-19,2026-02-19,-,ESOP,Buy,ADR/GDR/FCCB,3647.0,0.0,0.0,0.0,0.0,,0.0,3647.0,0.0
INFY,2026-02-23 19:55:00,2026-02-19,2026-02-19,2026-02-19,-,ESOP,Sell,ADR/GDR/FCCB,3647.0,0.0,0.0,0.0,0.0,3647.0,0.0,,0.0
INFY,2026-02-23 19:55:00,2026-02-19,2026-02-19,2026-02-19,-,ESOP,Buy,ADR/GDR/FCCB,3907.0,0.0,0.0,0.0,0.0,116331.0,0.0,120238.0,0.0
INFY,2026-02-23 19:55:00,2026-02-19,2026-02-19,2026-02-19,-,ESOP,Buy,ADR/GDR/FCCB,10865.0,0.0,0.0,0.0,0.0,19359.0,0.0,30224.0,0.0
INFY,2026-02-23 19:55:00,2026-02-19,2026-02-19,2026-02-19,-,ESOP,Buy,ADR/GDR/FCCB,3710.0,0.0,0.0,0.0,0.0,3290.0,0.0,7000.0,0.0
INFY,2026-02-23 19:55:00,2026-02-19,2026-02-19,2026-02-19,-,ESOP,Sell,ADR/GDR/FCCB,3710.0,0.0,0.0,0.0,0.0,7000.0,0.0,3290.0,0.0
INFY,2026-02-23 19:55:00,2026-02-19,2026-02-19,2026-02-19,-,ESOP,Buy,ADR/GDR/FCCB,4433.0,0.0,0.0,0.0,0.0,5056.0,0.0,9489.0,0.0
INFY,2026-02-23 19:55:00,2026-02-19,2026-02-19,2026-02-19,-,ESOP,Sell,ADR/GDR/FCCB,4433.0,0.0,0.0,0.0,0.0,9489.0,0.0,5056.0,0.0
INFY,2026-02-23 19:55:00,2026-02-19,2026-02-19,2026-02-19,-,ESOP,Buy,ADR/GDR/FCCB,5086.0,0.0,0.0,0.0,0.0,27871.0,0.0,32957.0,0.0
INFY,2026-02-23 19:55:00,2026-02-19,2026-02-19,2026-02-19,-,ESOP,Sell,ADR/GDR/FCCB,4164.0,0.0,0.0,0.0,0.0,32957.0,0.0,28793.0,0.0
INFY,2026-02-23 19:55:00,2026-02-19,2026-02-19,2026-02-19,-,ESOP,Buy,ADR/GDR/FCCB,794.0,0.0,0.0,0.0,0.0,,0.0,794.0,0.0
INFY,2026-02-23 19:55:00,2026-02-19,2026-02-19,2026-02-19,-,ESOP,Sell,ADR/GDR/FCCB,794.0,0.0,0.0,0.0,0.0,794.0,0.0,,0.0
INFY,2026-02-23 19:55:00,2026-02-19,2026-02-19,2026-02-19,-,ESOP,Buy,ADR/GDR/FCCB,3914.0,0.0,0.0,0.0,0.0,7845.0,0.0,11759.0,0.0
INFY,2026-02-23 19:55:00,2026-02-19,2026-02-19,2026-02-19,-,ESOP,Sell,ADR/GDR/FCCB,2436.0,0.0,0.0,0.0,0.0,11759.0,0.0,9323.0,0.0
INFY,2026-02-23 19:55:00,2026-02-19,2026-02-19,2026-02-19,-,ESOP,Buy,ADR/GDR/FCCB,12906.0,0.0,0.0,0.0,0.0,174992.0,0.0,187898.0,0.0
INFY,2026-02-23 19:55:00,2026-02-19,2026-02-19,2026-02-19,-,ESOP,Sell,ADR/GDR/FCCB,4607.0,0.0,0.0,0.0,0.0,187898.0,0.0,183291.0,0.0
INFY,2026-02-23 19:55:00,2026-02-19,2026-02-19,2026-02-19,-,ESOP,Buy,ADR/GDR/FCCB,7646.0,0.0,0.0,0.0,0.0,35209.0,0.0,42855.0,0.0
INFY,2026-02-23 19:55:00,2026-02-19,2026-02-19,2026-02-19,-,ESOP,Sell,ADR/GDR/FCCB,3182.0,0.0,0.0,0.0,0.0,42855.0,0.0,39673.0,0.0
INFY,2026-02-23 19:55:00,2026-02-19,2026-02-19,2026-02-19,-,ESOP,Buy,ADR/GDR/FCCB,794.0,0.0,0.0,0.0,0.0,465.0,0.0,1259.0,0.0
INFY,2026-02-23 19:55:00,2026-02-19,2026-02-19,2026-02-19,-,ESOP,Sell,ADR/GDR/FCCB,794.0,0.0,0.0,0.0,0.0,1259.0,0.0,465.0,0.0
INFY,2026-02-23 19:55:00,2026-02-19,2026-02-19,2026-02-19,-,ESOP,Buy,ADR/GDR/FCCB,5945.0,0.0,0.0,0.0,0.0,,0.0,5945.0,0.0
INFY,2026-02-23 19:55:00,2026-02-19,2026-02-19,2026-02-19,-,ESOP,Sell,ADR/GDR/FCCB,5945.0,0.0,0.0,0.0,0.0,5945.0,0.0,,0.0
INFY,2026-02-23 19:55:00,2026-02-19,2026-02-19,2026-02-19,-,ESOP,Buy,ADR/GDR/FCCB,11606.0,0.0,0.0,0.0,0.0,120238.0,0.0,131844.0,0.0
INFY,2026-02-23 19:55:00,2026-02-19,2026-02-19,2026-02-19,-,ESOP,Sell,ADR/GDR/FCCB,6370.0,0.0,0.0,0.0,0.0,131844.0,0.0,125474.0,0.0
INFY,2026-02-23 19:55:00,2026-02-19,2026-02-19,2026-02-19,-,ESOP,Buy,ADR/GDR/FCCB,5588.0,0.0,0.0,0.0,0.0,,0.0,5588.0,0.0
INFY,2026-02-23 19:55:00,2026-02-19,2026-02-19,2026-02-19,-,ESOP,Sell,ADR/GDR/FCCB,5588.0,0.0,0.0,0.0,0.0,5588.0,0.0,,0.0
INFY,2026-02-23 19:55:00,2026-02-19,2026-02-19,2026-02-19,-,ESOP,Buy,ADR/GDR/FCCB,5414.0,0.0,0.0,0.0,0.0,15881.0,0.0,21295.0,0.0
INFY,2026-02-23 19:55:00,2026-02-19,2026-02-19,2026-02-19,-,ESOP,Sell,ADR/GDR/FCCB,2765.0,0.0,0.0,0.0,0.0,21295.0,0.0,18530.0,0.0
INFY,2026-02-23 19:55:00,2026-02-19,2026-02-19,2026-02-19,-,ESOP,Buy,ADR/GDR/FCCB,8429.0,0.0,0.0,0.0,0.0,67858.0,0.0,76287.0,0.0
INFY,2026-02-23 19:55:00,2026-02-19,2026-02-19,2026-02-19,-,ESOP,Sell,ADR/GDR/FCCB,8429.0,0.0,0.0,0.0,0.0,76287.0,0.0,67858.0,0.0
INFY,2026-02-23 19:55:00,2026-02-19,2026-02-19,2026-02-19,-,ESOP,Buy,ADR/GDR/FCCB,794.0,0.0,0.0,0.0,0.0,1250.0,0.0,2044.0,0.0
INFY,2026-02-23 19:55:00,2026-02-19,2026-02-19,2026-02-19,-,ESOP,Sell,ADR/GDR/FCCB,794.0,0.0,0.0,0.0,0.0,2044.0,0.0,1250.0,0.0
INFY,2026-02-23 19:55:00,2026-02-19,2026-02-19,2026-02-19,-,ESOP,Buy,ADR/GDR/FCCB,12906.0,0.0,0.0,0.0,0.0,62334.0,0.0,75240.0,0.0
INFY,2026-02-23 19:55:00,2026-02-19,2026-02-19,2026-02-19,-,ESOP,Sell,ADR/GDR/FCCB,12906.0,0.0,0.0,0.0,0.0,75240.0,0.0,62334.0,0.0
INFY,2026-02-23 19:55:00,2026-02-19,2026-02-19,2026-02-19,-,ESOP,Buy,ADR/GDR/FCCB,5847.0,0.0,0.0,0.0,0.0,10000.0,0.0,15847.0,0.0
INFY,2026-02-23 19:55:00,2026-02-19,2026-02-19,2026-02-19,-,ESOP,Sell,ADR/GDR/FCCB,5847.0,0.0,0.0,0.0,0.0,15847.0,0.0,10000.0,0.0
INFY,2026-02-23 19:55:00,2026-02-19,2026-02-19,2026-02-19,-,ESOP,Buy,ADR/GDR/FCCB,5042.0,0.0,0.0,0.0,0.0,4822.0,0.0,9864.0,0.0
INFY,2026-02-23 19:55:00,2026-02-19,2026-02-19,2026-02-19,-,ESOP,Sell,ADR/GDR/FCCB,2740.0,0.0,0.0,0.0,0.0,9864.0,0.0,7124.0,0.0
INFY,2026-02-23 19:55:00,2026-02-19,2026-02-19,2026-02-19,-,ESOP,Buy,ADR/GDR/FCCB,794.0,0.0,0.0,0.0,0.0,433.0,0.0,1227.0,0.0
INFY,2026-02-23 19:55:00,2026-02-19,2026-02-19,2026-02-19,-,ESOP,Sell,ADR/GDR/FCCB,395.0,0.0,0.0,0.0,0.0,1227.0,0.0,832.0,0.0
INFY,2026-02-23 19:55:00,2026-02-19,2026-02-19,2026-02-19,-,ESOP,Buy,ADR/GDR/FCCB,4694.0,0.0,0.0,0.0,0.0,46218.0,0.0,50912.0,0.0
INFY,2026-02-23 19:55:00,2026-02-19,2026-02-19,2026-02-19,-,ESOP,Buy,ADR/GDR/FCCB,3565.0,0.0,0.0,0.0,0.0,7813.0,0.0,11378.0,0.0
INFY,2026-02-23 19:55:00,2026-02-19,2026-02-19,2026-02-19,-,ESOP,Sell,ADR/GDR/FCCB,4694.0,0.0,0.0,0.0,0.0,50912.0,0.0,46218.0,0.0
INFY,2026-02-23 19:55:00,2026-02-19,2026-02-19,2026-02-19,-,ESOP,Sell,ADR/GDR/FCCB,3565.0,0.0,0.0,0.0,0.0,11378.0,0.0,7813.0,0.0
INFY,2026-02-23 19:55:00,2026-02-19,2026-02-19,2026-02-19,-,ESOP,Buy,ADR/GDR/FCCB,16683.0,0.0,0.0,0.0,0.0,17331.0,0.0,34014.0,0.0
INFY,2026-02-23 19:55:00,2026-02-19,2026-02-19,2026-02-19,-,ESOP,Sell,ADR/GDR/FCCB,16683.0,0.0,0.0,0.0,0.0,34014.0,0.0,17331.0,0.0
INFY,2026-02-23 19:55:00,2026-02-19,2026-02-19,2026-02-19,-,ESOP,Buy,ADR/GDR/FCCB,982.0,0.0,0.0,0.0,0.0,921.0,0.0,1903.0,0.0
INFY,2026-02-23 19:55:00,2026-02-19,2026-02-19,2026-02-19,-,ESOP,Sell,ADR/GDR/FCCB,982.0,0.0,0.0,0.0,0.0,1903.0,0.0,921.0,0.0
INFY,2026-02-23 19:55:00,2026-02-19,2026-02-19,2026-02-19,-,ESOP,Buy,ADR/GDR/FCCB,4382.0,0.0,0.0,0.0,0.0,15160.0,0.0,19542.0,0.0
INFY,2026-02-23 19:55:00,2026-02-19,2026-02-19,2026-02-19,-,ESOP,Sell,Equity Shares,4382.0,0.0,0.0,0.0,0.0,19542.0,0.22,15160.0,0.22
INFY,2026-02-23 19:55:00,2026-02-19,2026-02-19,2026-02-19,-,ESOP,Buy,ADR/GDR/FCCB,3411.0,0.0,0.0,0.0,0.0,4901.0,0.0,8312.0,0.0
INFY,2026-02-23 19:55:00,2026-02-19,2026-02-19,2026-02-19,-,ESOP,Sell,Equity Shares,1418.0,0.0,0.0,0.0,0.0,8312.0,0.0,6894.0,0.0
INFY,2026-02-23 19:55:00,2026-02-19,2026-02-19,2026-02-19,-,ESOP,Buy,ADR/GDR/FCCB,3824.0,0.0,0.0,0.0,0.0,3409.0,0.0,7233.0,0.0
INFY,2026-02-23 19:55:00,2026-02-19,2026-02-19,2026-02-19,-,ESOP,Sell,ADR/GDR/FCCB,2386.0,0.0,0.0,0.0,0.0,7233.0,0.0,4847.0,0.0
INFY,2026-02-23 19:55:00,2026-02-19,2026-02-19,2026-02-19,-,ESOP,Buy,ADR/GDR/FCCB,794.0,0.0,0.0,0.0,0.0,2799.0,0.0,3593.0,0.0
INFY,2026-02-23 19:55:00,2026-02-19,2026-02-19,2026-02-19,-,ESOP,Sell,ADR/GDR/FCCB,489.0,0.0,0.0,0.0,0.0,3593.0,0.0,3104.0,0.0
INFY,2026-02-23 19:55:00,2026-02-19,2026-02-19,2026-02-19,-,ESOP,Buy,ADR/GDR/FCCB,4169.0,0.0,0.0,0.0,0.0,409.0,0.0,4578.0,0.0
INFY,2026-02-23 19:55:00,2026-02-19,2026-02-19,2026-02-19,-,ESOP,Sell,ADR/GDR/FCCB,1982.0,0.0,0.0,0.0,0.0,4578.0,0.0,2596.0,0.0
INFY,2026-02-23 19:55:00,2026-02-19,2026-02-19,2026-02-19,-,ESOP,Buy,ADR/GDR/FCCB,5537.0,0.0,0.0,0.0,0.0,13770.0,0.0,19307.0,0.0
INFY,2026-02-23 19:55:00,2026-02-19,2026-02-19,2026-02-19,-,ESOP,Sell,ADR/GDR/FCCB,5537.0,0.0,0.0,0.0,0.0,19307.0,0.0,13770.0,0.0
INFY,2026-02-23 19:55:00,2026-02-19,2026-02-19,2026-02-19,-,ESOP,Buy,ADR/GDR/FCCB,794.0,0.0,0.0,0.0,0.0,236.0,0.0,1030.0,0.0
INFY,2026-02-23 19:55:00,2026-02-19,2026-02-19,2026-02-19,-,ESOP,Sell,ADR/GDR/FCCB,406.0,0.0,0.0,0.0,0.0,1030.0,0.0,624.0,0.0
INFY,2026-02-23 19:55:00,2026-02-19,2026-02-19,2026-02-19,-,ESOP,Buy,ADR/GDR/FCCB,4307.0,0.0,0.0,0.0,0.0,5317.0,0.0,9624.0,0.0
INFY,2026-02-23 19:55:00,2026-02-19,2026-02-19,2026-02-19,-,ESOP,Sell,ADR/GDR/FCCB,2269.0,0.0,0.0,0.0,0.0,9624.0,0.0,7355.0,0.0
INFY,2026-02-23 19:55:00,2026-02-19,2026-02-19,2026-02-19,-,ESOP,Buy,ADR/GDR/FCCB,5123.0,0.0,0.0,0.0,0.0,46275.0,0.0,51398.0,0.0
INFY,2026-02-23 19:55:00,2026-02-19,2026-02-19,2026-02-19,-,ESOP,Buy,ADR/GDR/FCCB,947.0,0.0,0.0,0.0,0.0,5577.0,0.0,6524.0,0.0
INFY,2026-02-23 19:55:00,2026-02-19,2026-02-19,2026-02-19,-,ESOP,Sell,ADR/GDR/FCCB,33.0,0.0,0.0,0.0,0.0,51398.0,0.0,51365.0,0.0
INFY,2026-02-23 19:55:00,2026-02-19,2026-02-19,2026-02-19,-,ESOP,Buy,ADR/GDR/FCCB,5276.0,0.0,0.0,0.0,0.0,517.0,0.0,5793.0,0.0
INFY,2026-02-24 16:10:00,2026-02-23,2026-02-20,2026-02-20,Other,Off Market,Sell,Equity Shares,99229.0,0.0,0.0,0.0,0.0,8777951.0,0.21,8678722.0,0.21
INFY,2026-03-05 15:52:00,2026-03-03,2026-03-02,2026-03-02,Other,Off Market,Sell,Equity Shares,2039.0,0.0,0.0,0.0,0.0,8678722.0,0.21,8676683.0,0.21
INFY,2026-03-14 14:04:00,2026-03-13,2026-03-13,2026-03-13,Other,Market Sale,Sell,Equity Shares,8200.0,0.0,0.0,0.0,0.0,8676683.0,0.21,8668483.0,0.21
INFY,2026-03-14 14:04:00,2026-03-12,2026-03-12,2026-03-12,-,Off Market,Buy,ADR/GDR/FCCB,15879.0,0.0,0.0,0.0,0.0,200301.0,0.0,216180.0,0.0
INFY,2026-03-14 14:04:00,2026-03-12,2026-03-12,2026-03-12,-,Off Market,Sell,ADR/GDR/FCCB,6550.0,0.0,0.0,0.0,0.0,216180.0,0.0,209630.0,0.0
INFY,2026-03-23 20:16:00,2026-03-23,2026-03-18,2026-03-18,-,ESOP,Buy,ADR/GDR/FCCB,4449.0,0.0,0.0,0.0,0.0,22658.0,0.0,27107.0,0.0
INFY,2026-03-23 20:16:00,2026-03-23,2026-03-18,2026-03-18,-,ESOP,Buy,ADR/GDR/FCCB,926.0,0.0,0.0,0.0,0.0,10252.0,0.0,11178.0,0.0
INFY,2026-03-23 20:16:00,2026-03-23,2026-03-18,2026-03-18,-,ESOP,Buy,ADR/GDR/FCCB,3432.0,0.0,0.0,0.0,0.0,12924.0,0.0,16356.0,0.0
INFY,2026-03-23 20:16:00,2026-03-23,2026-03-18,2026-03-18,-,ESOP,Buy,ADR/GDR/FCCB,3178.0,0.0,0.0,0.0,0.0,28781.0,0.0,31959.0,0.0
INFY,2026-04-06 16:07:00,2026-04-02,2026-04-02,2026-04-02,Other,ESOP,-,ADR/GDR/FCCB,2061.0,0.0,0.0,0.0,0.0,,0.0,2061.0,0.0
INFY,2026-04-06 16:07:00,2026-04-02,2026-03-27,2026-03-27,Other,Off Market,-,ADR/GDR/FCCB,25.0,0.0,0.0,0.0,0.0,8668483.0,0.21,8668508.0,0.21
INFY,2026-04-06 16:07:00,2026-04-02,2026-03-30,2026-03-30,Other,Off Market,-,ADR/GDR/FCCB,17597.0,0.0,0.0,0.0,0.0,8668508.0,0.21,8650911.0,0.21
