symbol,filing_date,intim_date,acq_from_date,acq_to_date,person_category,acq_mode,transaction_type,sec_type,security_acquired_disposed,buy_quantity,sell_quantity,buy_value,sell_value,shares_before_no,shares_before_pct,shares_after_no,shares_after_pct
NYKAA,2021-11-12 22:11:00,2021-11-12,2021-11-10,2021-11-10,Promoters,Pledge Creation,Pledge,Equity Shares,20311800.0,0.0,0.0,0.0,0.0,104305770.0,22.06,104305770.0,22.06
NYKAA,2021-11-12 23:09:00,2021-11-12,2021-11-11,2021-11-11,Promoters,Revokation of Pledge,Pledge Revoke,Equity Shares,20311800.0,0.0,0.0,0.0,0.0,104305770.0,22.06,104305770.0,22.06
NYKAA,2021-11-17 23:33:00,2021-11-17,2021-11-09,2021-11-09,-,Public Right,Buy,Equity Shares,5420.0,0.0,0.0,0.0,0.0,2058750.0,0.44,2064170.0,0.44
NYKAA,2021-11-17 23:34:00,2021-11-17,2021-11-09,2021-11-09,-,Public Right,Buy,Equity Shares,5420.0,0.0,0.0,0.0,0.0,2058750.0,0.44,2064170.0,0.44
NYKAA,2021-11-17 23:36:00,2021-11-17,2021-11-09,2021-11-09,-,Public Right,Buy,Equity Shares,5420.0,0.0,0.0,0.0,0.0,2058750.0,0.44,2064170.0,0.44
NYKAA,2021-11-18 00:01:00,2021-11-17,2021-11-09,2021-11-09,Immediate relative,Public Right,Buy,Equity Shares,2138.0,0.0,0.0,0.0,0.0,,0.0,2138.0,0.0
NYKAA,2021-11-18 00:04:00,2021-11-17,2021-11-09,2021-11-09,-,Public Right,Buy,Equity Shares,6052.0,0.0,0.0,0.0,0.0,,0.0,6052.0,0.0
NYKAA,2021-11-19 19:06:00,2021-11-18,2021-11-18,2021-11-18,-,Market Sale,Sell,Equity Shares,3700.0,0.0,0.0,0.0,0.0,15418.0,0.0,11718.0,0.0
NYKAA,2021-11-19 19:06:00,2021-11-18,2021-11-17,2021-11-17,-,Market Sale,Sell,Equity Shares,15000.0,0.0,0.0,0.0,0.0,15000.0,0.0,,0.0
NYKAA,2021-11-19 19:06:00,2021-11-19,2021-11-18,2021-11-18,-,Market Sale,Sell,Equity Shares,1000.0,0.0,0.0,0.0,0.0,15118.0,0.0,14118.0,0.0
NYKAA,2021-11-19 19:06:00,2021-11-19,2021-11-18,2021-11-18,-,Market Sale,Sell,Equity Shares,500.0,0.0,0.0,0.0,0.0,39230.0,0.0,38730.0,0.0
NYKAA,2021-11-19 19:06:00,2021-11-18,2021-11-17,2021-11-17,-,Market Sale,Sell,Equity Shares,12500.0,0.0,0.0,0.0,0.0,16800.0,0.0,4300.0,0.0
NYKAA,2021-11-19 19:06:00,2021-11-19,2021-11-17,2021-11-18,-,Market Sale,Sell,Equity Shares,3019.0,0.0,0.0,0.0,0.0,4318.0,0.0,1299.0,0.0
NYKAA,2021-11-19 19:06:00,2021-11-19,2021-11-18,2021-11-18,-,Market Sale,Sell,Equity Shares,15600.0,0.0,0.0,0.0,0.0,45990.0,0.0,30390.0,0.0
NYKAA,2021-11-19 19:06:00,2021-11-18,2021-11-17,2021-11-17,-,Market Sale,Sell,Equity Shares,5000.0,0.0,0.0,0.0,0.0,290218.0,0.0,285218.0,0.0
NYKAA,2021-11-20 11:18:00,2021-11-19,2021-11-17,2021-11-17,-,Market Sale,Sell,Equity Shares,9000.0,0.0,0.0,0.0,0.0,46572.0,0.01,37572.0,0.01
NYKAA,2021-11-20 11:18:00,2021-11-19,2021-11-18,2021-11-18,-,Market Sale,Sell,Equity Shares,60000.0,0.0,0.0,0.0,0.0,105000.0,0.01,45000.0,0.01
NYKAA,2021-11-20 11:18:00,2021-11-17,2021-11-17,2021-11-17,-,Market Sale,Sell,Equity Shares,56250.0,0.0,0.0,0.0,0.0,116250.0,0.02,60000.0,0.01
NYKAA,2021-11-22 19:22:00,2021-11-18,2021-11-18,2021-11-18,-,Market Sale,Sell,Equity Shares,31247.0,0.0,0.0,0.0,0.0,250200.0,0.05,218953.0,0.05
NYKAA,2021-11-22 19:22:00,2021-11-22,2021-11-22,2021-11-22,-,Market Sale,Sell,Equity Shares,4800.0,0.0,0.0,0.0,0.0,5218.0,0.0,418.0,0.0
NYKAA,2021-11-24 19:27:00,2021-11-23,2021-11-22,2021-11-22,-,Market Sale,Sell,Equity Shares,18330.0,0.0,0.0,0.0,0.0,218953.0,0.05,200623.0,0.04
NYKAA,2021-11-24 19:27:00,2021-11-22,2021-11-22,2021-11-22,-,Market Sale,Sell,Equity Shares,30000.0,0.0,0.0,0.0,0.0,161668.0,0.03,131668.0,0.03
NYKAA,2021-11-24 19:27:00,2021-11-24,2021-11-22,2021-11-24,-,Market Sale,Sell,Equity Shares,4300.0,0.0,0.0,0.0,0.0,5218.0,0.0,918.0,0.0
NYKAA,2021-11-24 19:27:00,2021-11-24,2021-11-22,2021-11-23,-,Market Sale,Sell,Equity Shares,10000.0,0.0,0.0,0.0,0.0,285218.0,0.06,275218.0,0.06
NYKAA,2021-11-24 19:27:00,2021-11-24,2021-11-23,2021-11-23,-,Market Sale,Sell,Equity Shares,800.0,0.0,0.0,0.0,0.0,1299.0,0.0,499.0,0.0
NYKAA,2021-11-24 19:27:00,2021-11-23,2021-11-23,2021-11-23,-,Market Sale,Sell,Equity Shares,4000.0,0.0,0.0,0.0,0.0,14118.0,0.0,10118.0,0.0
NYKAA,2021-11-24 19:27:00,2021-11-23,2021-11-22,2021-11-22,-,Market Sale,Sell,Equity Shares,32256.0,0.0,0.0,0.0,0.0,195000.0,0.04,162744.0,0.03
NYKAA,2021-11-24 19:27:00,2021-11-24,2021-11-24,2021-11-24,-,Market Sale,Sell,Equity Shares,2718.0,0.0,0.0,0.0,0.0,5218.0,0.0,2500.0,0.0
NYKAA,2021-11-25 18:34:00,2021-11-25,2021-11-24,2021-11-24,-,Market Sale,Sell,Equity Shares,40000.0,0.0,0.0,0.0,0.0,162744.0,0.03,122744.0,0.03
NYKAA,2021-11-25 18:34:00,2021-11-25,2021-11-24,2021-11-25,-,Market Sale,Sell,Equity Shares,5000.0,0.0,0.0,0.0,0.0,41400.0,0.01,36400.0,0.01
NYKAA,2021-11-25 18:34:00,2021-11-25,2021-11-23,2021-11-25,-,Market Sale,Sell,Equity Shares,3500.0,0.0,0.0,0.0,0.0,38730.0,0.01,35230.0,0.01
NYKAA,2021-11-25 18:34:00,2021-11-25,2021-11-24,2021-11-24,-,Market Sale,Sell,Equity Shares,3000.0,0.0,0.0,0.0,0.0,3418.0,0.0,418.0,0.0
NYKAA,2021-11-25 18:34:00,2021-11-25,2021-11-24,2021-11-24,-,Market Sale,Sell,Equity Shares,3000.0,0.0,0.0,0.0,0.0,22500.0,0.0,19500.0,0.0
NYKAA,2021-11-26 18:06:00,2021-11-26,2021-11-24,2021-11-24,-,Market Sale,Sell,Equity Shares,800.0,0.0,0.0,0.0,0.0,10800.0,0.0,10000.0,0.0
NYKAA,2021-11-26 18:06:00,2021-11-26,2021-11-25,2021-11-26,-,Market Sale,Sell,Equity Shares,2818.0,0.0,0.0,0.0,0.0,5818.0,0.0,3000.0,0.0
NYKAA,2021-11-26 18:06:00,2021-11-26,2021-11-26,2021-11-26,-,Market Sale,Sell,Equity Shares,1000.0,0.0,0.0,0.0,0.0,4319.0,0.0,3319.0,0.0
NYKAA,2021-11-26 18:06:00,2021-11-26,2021-11-24,2021-11-26,-,Market Sale,Sell,Equity Shares,5550.0,0.0,0.0,0.0,0.0,5761.0,0.0,211.0,0.0
NYKAA,2021-11-26 18:06:00,2021-11-26,2021-11-24,2021-11-25,-,Market Sale,Sell,Equity Shares,4600.0,0.0,0.0,0.0,0.0,5218.0,0.0,618.0,0.0
NYKAA,2021-11-26 18:06:00,2021-11-26,2021-11-24,2021-11-24,-,Market Sale,Sell,Equity Shares,4800.0,0.0,0.0,0.0,0.0,4800.0,0.0,,0.0
NYKAA,2021-11-30 18:17:00,2021-11-29,2021-11-26,2021-11-26,-,Market Sale,Sell,Equity Shares,1000.0,0.0,0.0,0.0,0.0,4318.0,0.0,3318.0,0.0
NYKAA,2021-11-30 18:17:00,2021-11-26,2021-11-24,2021-11-25,-,Market Sale,Sell,Equity Shares,3000.0,0.0,0.0,0.0,0.0,10118.0,0.0,7118.0,0.0
NYKAA,2021-11-30 18:17:00,2021-11-26,2021-11-26,2021-11-26,-,Market Sale,Sell,Equity Shares,10000.0,0.0,0.0,0.0,0.0,19168.0,0.0,9168.0,0.0
NYKAA,2021-11-30 18:17:00,2021-11-29,2021-11-29,2021-11-29,-,Market Sale,Sell,Equity Shares,500.0,0.0,0.0,0.0,0.0,3319.0,0.0,2819.0,0.0
NYKAA,2021-11-30 18:17:00,2021-11-26,2021-11-24,2021-11-26,-,Market Sale,Sell,Equity Shares,9000.0,0.0,0.0,0.0,0.0,270128.0,0.01,266218.0,0.01
NYKAA,2021-12-03 18:27:00,2021-12-02,2021-12-01,2021-12-01,-,Market Sale,Sell,Equity Shares,60000.0,0.0,0.0,0.0,0.0,201041.0,0.04,141041.0,0.03
NYKAA,2021-12-03 18:27:00,2021-12-01,2021-12-01,2021-12-01,-,Market Sale,Sell,Equity Shares,1500.0,0.0,0.0,0.0,0.0,18192.0,0.0,16692.0,0.0
NYKAA,2021-12-03 18:27:00,2021-12-02,2021-11-30,2021-11-30,-,Market Sale,Sell,Equity Shares,6250.0,0.0,0.0,0.0,0.0,131250.0,0.03,125000.0,0.03
NYKAA,2021-12-03 18:27:00,2021-12-02,2021-12-01,2021-12-01,-,Market Sale,Sell,Equity Shares,2000.0,0.0,0.0,0.0,0.0,266218.0,0.06,264218.0,0.06
NYKAA,2021-12-03 18:27:00,2021-12-02,2021-11-30,2021-11-30,-,Market Sale,Sell,Equity Shares,1000.0,0.0,0.0,0.0,0.0,52981.0,0.01,51981.0,0.01
NYKAA,2021-12-07 14:01:00,2021-12-05,2021-12-03,2021-12-03,-,Market Sale,Sell,Equity Shares,1000.0,0.0,0.0,0.0,0.0,7118.0,0.0,6118.0,0.0
NYKAA,2021-12-09 14:27:00,2021-12-08,2021-12-06,2021-12-06,-,Market Sale,Sell,Equity Shares,15000.0,0.0,0.0,0.0,0.0,358180.0,0.08,343180.0,0.07
NYKAA,2021-12-09 14:27:00,2021-12-08,2021-12-06,2021-12-06,-,Market Sale,Sell,Equity Shares,1000.0,0.0,0.0,0.0,0.0,6118.0,0.0,5118.0,0.0
NYKAA,2022-02-20 10:22:00,2022-02-17,2022-02-17,2022-02-17,-,ESOP,Buy,Equity Shares,16500.0,0.0,0.0,0.0,0.0,201.0,0.0,16701.0,0.0
NYKAA,2022-02-20 10:22:00,2022-02-17,2022-02-17,2022-02-17,-,ESOP,Buy,Equity Shares,30000.0,0.0,0.0,0.0,0.0,,0.0,30000.0,0.0
NYKAA,2022-02-20 10:22:00,2022-02-17,2022-02-17,2022-02-17,-,ESOP,Buy,Equity Shares,20850.0,0.0,0.0,0.0,0.0,54118.0,0.0,74968.0,0.02
NYKAA,2022-02-20 10:22:00,2022-02-17,2022-02-17,2022-02-17,-,ESOP,Buy,Equity Shares,15000.0,0.0,0.0,0.0,0.0,,0.0,15000.0,0.0
NYKAA,2022-02-20 10:22:00,2022-02-17,2022-02-17,2022-02-17,-,ESOP,Buy,Equity Shares,15000.0,0.0,0.0,0.0,0.0,30418.0,0.01,45418.0,0.01
NYKAA,2022-02-20 10:22:00,2022-02-17,2022-02-17,2022-02-17,-,ESOP,Buy,Equity Shares,39900.0,0.0,0.0,0.0,0.0,285430.0,0.06,325330.0,0.07
NYKAA,2022-02-20 10:22:00,2022-02-17,2022-02-17,2022-02-17,-,ESOP,Buy,Equity Shares,22500.0,0.0,0.0,0.0,0.0,51981.0,0.01,74481.0,0.02
NYKAA,2022-02-20 10:22:00,2022-02-17,2022-02-17,2022-02-17,-,ESOP,Buy,Equity Shares,26250.0,0.0,0.0,0.0,0.0,60418.0,0.01,86668.0,0.02
NYKAA,2022-02-20 10:22:00,2022-02-17,2022-02-17,2022-02-17,-,ESOP,Buy,Equity Shares,24900.0,0.0,0.0,0.0,0.0,30390.0,0.01,55290.0,0.01
NYKAA,2022-02-20 10:22:00,2022-02-17,2022-02-17,2022-02-17,-,ESOP,Buy,Equity Shares,50010.0,0.0,0.0,0.0,0.0,30000.0,0.01,80010.0,0.02
NYKAA,2022-02-20 10:22:00,2022-02-17,2022-02-17,2022-02-17,-,ESOP,Buy,Equity Shares,7800.0,0.0,0.0,0.0,0.0,618.0,0.0,8418.0,0.0
NYKAA,2022-02-20 10:22:00,2022-02-17,2022-02-17,2022-02-17,-,ESOP,Buy,Equity Shares,12900.0,0.0,0.0,0.0,0.0,35818.0,0.01,48718.0,0.01
NYKAA,2022-02-20 10:22:00,2022-02-17,2022-02-17,2022-02-17,-,ESOP,Buy,Equity Shares,7800.0,0.0,0.0,0.0,0.0,136.0,0.0,7936.0,0.0
NYKAA,2022-02-20 10:22:00,2022-02-17,2022-02-17,2022-02-17,-,ESOP,Buy,Equity Shares,20400.0,0.0,0.0,0.0,0.0,390.0,0.0,20790.0,0.0
NYKAA,2022-02-20 10:22:00,2022-02-17,2022-02-17,2022-02-17,-,ESOP,Buy,Equity Shares,15000.0,0.0,0.0,0.0,0.0,,0.0,15000.0,0.0
NYKAA,2022-02-20 10:22:00,,2022-02-17,2022-02-17,-,ESOP,Buy,Equity Shares,17400.0,0.0,0.0,0.0,0.0,,0.0,17400.0,0.0
NYKAA,2022-02-20 10:22:00,2022-02-17,2022-02-17,2022-02-17,-,ESOP,Buy,Equity Shares,49800.0,0.0,0.0,0.0,0.0,418.0,0.0,50218.0,0.01
NYKAA,2022-02-20 10:22:00,2022-02-17,2022-02-17,2022-02-17,-,ESOP,Buy,Equity Shares,15600.0,0.0,0.0,0.0,0.0,418.0,0.0,16018.0,0.0
NYKAA,2022-02-20 10:22:00,2022-02-17,2022-02-17,2022-02-17,-,ESOP,Buy,Equity Shares,12600.0,0.0,0.0,0.0,0.0,,0.0,12600.0,0.0
NYKAA,2022-02-20 10:22:00,2022-02-17,2022-02-17,2022-02-17,-,ESOP,Buy,Equity Shares,15600.0,0.0,0.0,0.0,0.0,,0.0,15600.0,0.0
NYKAA,2022-02-20 10:22:00,2022-02-17,2022-02-17,2022-02-17,-,ESOP,Buy,Equity Shares,22800.0,0.0,0.0,0.0,0.0,418.0,0.0,23218.0,0.0
NYKAA,2022-02-20 10:22:00,2022-02-17,2022-02-17,2022-02-17,-,ESOP,Buy,Equity Shares,7800.0,0.0,0.0,0.0,0.0,2500.0,0.0,10300.0,0.0
NYKAA,2022-02-20 10:22:00,2022-02-17,2022-02-17,2022-02-17,-,ESOP,Buy,Equity Shares,18000.0,0.0,0.0,0.0,0.0,5118.0,0.0,23118.0,0.0
NYKAA,2022-02-20 10:22:00,2022-02-17,2022-02-17,2022-02-17,-,ESOP,Buy,Equity Shares,16800.0,0.0,0.0,0.0,0.0,10000.0,0.0,26800.0,0.0
NYKAA,2022-02-20 10:22:00,2022-02-17,2022-02-17,2022-02-17,-,ESOP,Buy,Equity Shares,19800.0,0.0,0.0,0.0,0.0,418.0,0.0,20218.0,0.0
NYKAA,2022-02-20 10:22:00,2022-02-17,2022-02-17,2022-02-17,-,ESOP,Buy,Equity Shares,12600.0,0.0,0.0,0.0,0.0,499.0,0.0,13099.0,0.0
NYKAA,2022-02-20 10:22:00,2022-02-17,2022-02-17,2022-02-17,-,ESOP,Buy,Equity Shares,75000.0,0.0,0.0,0.0,0.0,418.0,0.0,75418.0,0.01
NYKAA,2022-02-20 10:22:00,2022-02-17,2022-02-17,2022-02-17,-,ESOP,Buy,Equity Shares,75000.0,0.0,0.0,0.0,0.0,123162.0,0.03,198162.0,0.0
NYKAA,2022-02-20 10:22:00,2022-02-17,2022-02-17,2022-02-17,-,ESOP,Buy,Equity Shares,14700.0,0.0,0.0,0.0,0.0,,0.0,14700.0,0.0
NYKAA,2022-02-20 10:22:00,2022-02-17,2022-02-17,2022-02-17,-,ESOP,Buy,Equity Shares,9000.0,0.0,0.0,0.0,0.0,,0.0,9000.0,0.0
NYKAA,2022-02-20 10:22:00,2022-02-17,2022-02-17,2022-02-17,-,ESOP,Buy,Equity Shares,11400.0,0.0,0.0,0.0,0.0,3871.0,0.0,15271.0,0.0
NYKAA,2022-02-20 10:22:00,2022-02-17,2022-02-17,2022-02-17,-,ESOP,Buy,Equity Shares,16800.0,0.0,0.0,0.0,0.0,16200.0,0.0,33000.0,0.01
NYKAA,2022-02-20 10:22:00,2022-02-16,2022-02-15,2022-02-15,-,ESOP,Buy,Equity Shares,12300.0,0.0,0.0,0.0,0.0,15918.0,0.0,13218.0,0.0
NYKAA,2022-02-20 10:22:00,2022-02-19,2022-02-18,2022-02-18,-,Market Sale,Sell,Equity Shares,5000.0,0.0,0.0,0.0,0.0,256718.0,0.05,251718.0,0.05
NYKAA,2022-02-20 10:22:00,2022-02-18,2022-02-16,2022-02-16,-,Market Sale,Sell,Equity Shares,7500.0,0.0,0.0,0.0,0.0,264218.0,0.05,256718.0,0.05
NYKAA,2022-02-20 10:22:00,2022-02-17,2022-02-17,2022-02-17,-,Market Sale,Sell,Equity Shares,269028.0,0.0,0.0,0.0,0.0,2064170.0,0.44,1795142.0,0.38
NYKAA,2022-02-20 10:22:00,2022-02-18,2022-02-17,2022-02-17,-,Market Sale,Sell,Equity Shares,300000.0,0.0,0.0,0.0,0.0,2100418.0,0.44,1800418.0,0.38
NYKAA,2022-02-20 10:22:00,2022-02-18,2022-02-17,2022-02-17,-,Market Sale,Sell,Equity Shares,400000.0,0.0,0.0,0.0,0.0,1811250.0,0.38,1411250.0,0.07
NYKAA,2022-02-20 10:22:00,2022-02-18,2022-02-18,2022-02-18,-,Market Sale,Sell,Equity Shares,3000.0,0.0,0.0,0.0,0.0,325330.0,0.07,322330.0,0.07
NYKAA,2022-02-20 10:22:00,2022-02-17,2022-02-17,2022-02-17,-,ESOP,Buy,Equity Shares,8400.0,0.0,0.0,0.0,0.0,33730.0,0.01,42130.0,0.01
NYKAA,2022-02-20 10:22:00,2022-02-17,2022-02-17,2022-02-17,-,ESOP,Buy,Equity Shares,7800.0,0.0,0.0,0.0,0.0,,0.0,7800.0,0.0
NYKAA,2022-02-23 13:52:00,2022-02-23,2022-02-22,2022-02-22,-,Market Sale,Sell,Equity Shares,3100.0,0.0,0.0,0.0,0.0,73000.0,0.02,69900.0,0.01
NYKAA,2022-02-23 13:52:00,2022-02-21,2022-02-21,2022-02-21,-,Market Sale,Sell,Equity Shares,5000.0,0.0,0.0,0.0,0.0,249218.0,0.05,244218.0,0.05
NYKAA,2022-02-23 13:52:00,2022-02-23,2022-02-21,2022-02-21,-,Market Sale,Sell,Equity Shares,2000.0,0.0,0.0,0.0,0.0,75000.0,0.02,73000.0,0.02
NYKAA,2022-02-23 20:20:00,2022-02-21,2022-02-17,2022-02-17,-,Market Sale,Sell,Equity Shares,800.0,0.0,0.0,0.0,0.0,5118.0,0.0,4318.0,0.0
NYKAA,2022-02-25 20:30:00,2022-02-24,2022-02-23,2022-02-23,-,Market Sale,Sell,Equity Shares,7500.0,0.0,0.0,0.0,0.0,239218.0,0.05,231718.0,0.04
NYKAA,2022-02-25 20:30:00,2022-02-25,2022-02-25,2022-02-25,-,Market Sale,Sell,Equity Shares,4000.0,0.0,0.0,0.0,0.0,231718.0,0.04,227718.0,0.04
NYKAA,2022-02-25 20:30:00,2022-02-25,2022-02-25,2022-02-25,-,Market Sale,Sell,Equity Shares,4500.0,0.0,0.0,0.0,0.0,75418.0,0.01,70918.0,0.01
NYKAA,2022-02-25 20:30:00,2022-02-24,2022-02-22,2022-02-22,-,Market Sale,Sell,Equity Shares,8000.0,0.0,0.0,0.0,0.0,80010.0,0.01,72010.0,0.01
NYKAA,2022-02-25 20:30:00,2022-02-24,2022-02-22,2022-02-22,-,Market Sale,Sell,Equity Shares,5000.0,0.0,0.0,0.0,0.0,244218.0,0.05,239218.0,0.05
NYKAA,2022-02-25 20:30:00,2022-02-23,2022-02-21,2022-02-21,-,Market Sale,Sell,Equity Shares,2700.0,0.0,0.0,0.0,0.0,14418.0,0.0,11718.0,0.0
NYKAA,2022-02-25 20:30:00,2022-02-23,2022-02-21,2022-02-21,-,Market Sale,Sell,Equity Shares,800.0,0.0,0.0,0.0,0.0,33000.0,0.0,32200.0,0.0
NYKAA,2022-02-25 20:30:00,2022-02-24,2022-02-22,2022-02-22,-,Market Sale,Sell,Equity Shares,9401.0,0.0,0.0,0.0,0.0,48318.0,0.01,38917.0,0.0
NYKAA,2022-02-25 20:30:00,2022-02-25,2022-02-23,2022-02-25,-,Market Sale,Sell,Equity Shares,7800.0,0.0,0.0,0.0,0.0,8218.0,0.0,418.0,0.0
NYKAA,2022-02-28 19:21:00,2022-02-25,2022-02-23,2022-02-25,-,Market Sale,Sell,Equity Shares,7800.0,0.0,0.0,0.0,0.0,8218.0,0.0,418.0,0.0
NYKAA,2022-02-28 19:21:00,2022-02-23,2022-02-21,2022-02-21,-,Market Sale,Sell,Equity Shares,800.0,0.0,0.0,0.0,0.0,33000.0,0.0,32200.0,0.0
NYKAA,2022-02-28 19:21:00,2022-02-28,2022-02-25,2022-02-25,-,Market Sale,Sell,Equity Shares,1000.0,0.0,0.0,0.0,0.0,32200.0,0.0,31200.0,0.0
NYKAA,2022-02-28 19:21:00,2022-02-24,2022-02-22,2022-02-22,-,Market Sale,Sell,Equity Shares,9401.0,0.0,0.0,0.0,0.0,48318.0,0.01,38917.0,0.0
NYKAA,2022-02-28 19:21:00,2022-02-23,2022-02-21,2022-02-21,-,Market Sale,Sell,Equity Shares,2700.0,0.0,0.0,0.0,0.0,14418.0,0.0,11718.0,0.0
NYKAA,2022-02-28 19:21:00,2022-02-24,2022-02-22,2022-02-22,-,Market Sale,Sell,Equity Shares,5000.0,0.0,0.0,0.0,0.0,244218.0,0.05,239218.0,0.05
NYKAA,2022-02-28 19:21:00,2022-02-25,2022-02-23,2022-02-25,-,Market Sale,Sell,Equity Shares,1700.0,0.0,0.0,0.0,0.0,13099.0,0.0,11399.0,0.0
NYKAA,2022-02-28 19:21:00,2022-02-25,2022-02-23,2022-02-23,-,Market Sale,Sell,Equity Shares,6000.0,0.0,0.0,0.0,0.0,197744.0,0.04,191744.0,0.04
NYKAA,2022-02-28 19:21:00,2022-02-25,2022-02-23,2022-02-23,-,Market Sale,Sell,Equity Shares,5900.0,0.0,0.0,0.0,0.0,69900.0,0.01,64000.0,0.01
NYKAA,2022-03-02 23:49:00,2022-03-02,2022-03-02,2022-03-02,-,Market Sale,Sell,Equity Shares,7000.0,0.0,0.0,0.0,0.0,16701.0,0.0,9701.0,0.0
NYKAA,2022-03-02 23:49:00,2022-03-02,2022-03-02,2022-03-02,-,Market Sale,Sell,Equity Shares,6000.0,0.0,0.0,0.0,0.0,15000.0,0.0,9000.0,0.0
NYKAA,2022-03-02 23:49:00,2022-03-02,2022-03-02,2022-03-02,-,Market Sale,Sell,Equity Shares,1300.0,0.0,0.0,0.0,0.0,11399.0,0.0,10099.0,0.0
NYKAA,2022-03-02 23:49:00,2022-03-02,2022-03-02,2022-03-02,-,Market Sale,Sell,Equity Shares,1000.0,0.0,0.0,0.0,0.0,10300.0,0.0,9300.0,0.0
NYKAA,2022-03-02 23:49:00,2022-03-02,2022-02-25,2022-02-25,-,Market Sale,Sell,Equity Shares,3100.0,0.0,0.0,0.0,0.0,7936.0,0.0,4836.0,0.0
NYKAA,2022-03-02 23:49:00,2022-03-02,2022-02-18,2022-03-02,-,Market Sale,Sell,Equity Shares,1500.0,0.0,0.0,0.0,0.0,1500.0,0.0,,0.0
NYKAA,2022-03-02 23:49:00,2022-02-28,2022-02-22,2022-02-24,-,Market Sale,Sell,Equity Shares,7000.0,0.0,0.0,0.0,0.0,90418.0,0.01,83418.0,0.1
NYKAA,2022-03-02 23:49:00,2022-02-25,2022-02-23,2022-02-23,-,Market Sale,Sell,Equity Shares,1564.0,0.0,0.0,0.0,0.0,20818.0,0.0,19254.0,0.0
NYKAA,2022-03-04 21:19:00,2022-03-04,2022-03-03,2022-03-04,-,Market Sale,Sell,Equity Shares,4000.0,0.0,0.0,0.0,0.0,64000.0,0.01,60000.0,0.01
NYKAA,2022-03-04 21:19:00,2022-03-03,2022-03-02,2022-03-03,-,Market Sale,Sell,Equity Shares,26000.0,0.0,0.0,0.0,0.0,227718.0,0.05,201718.0,0.04
NYKAA,2022-03-04 21:19:00,2022-03-03,2022-03-03,2022-03-03,-,ESOP,Buy,Equity Shares,6000.0,0.0,0.0,0.0,0.0,418.0,0.0,6418.0,0.0
NYKAA,2022-03-04 21:19:00,2022-03-03,2022-03-03,2022-03-03,-,ESOP,Buy,Equity Shares,14700.0,0.0,0.0,0.0,0.0,20100.0,0.0,34800.0,0.0
NYKAA,2022-03-04 21:19:00,2022-03-03,2022-03-03,2022-03-03,-,ESOP,Buy,Equity Shares,26250.0,0.0,0.0,0.0,0.0,418.0,0.0,26668.0,0.0
NYKAA,2022-03-04 21:19:00,2022-03-03,2022-03-03,2022-03-03,-,ESOP,Buy,Equity Shares,30000.0,0.0,0.0,0.0,0.0,1411250.0,0.29,1441250.0,0.3
NYKAA,2022-03-04 21:19:00,2022-03-03,2022-03-03,2022-03-03,-,ESOP,Buy,Equity Shares,43200.0,0.0,0.0,0.0,0.0,116830.0,0.02,160030.0,0.03
NYKAA,2022-03-04 21:19:00,2022-03-04,2022-03-04,2022-03-04,-,Market Sale,Sell,Equity Shares,10000.0,0.0,0.0,0.0,0.0,75418.0,0.01,65418.0,0.01
NYKAA,2022-03-04 21:19:00,2022-03-04,2022-03-03,2022-03-04,-,Market Sale,Sell,Equity Shares,27000.0,0.0,0.0,0.0,0.0,505798.0,0.11,478798.0,0.1
NYKAA,2022-03-04 21:19:00,2022-03-02,2022-03-02,2022-03-02,-,Market Sale,Sell,Equity Shares,7000.0,0.0,0.0,0.0,0.0,16701.0,0.0,9701.0,0.0
NYKAA,2022-03-08 23:17:00,2022-02-07,2022-03-28,2022-03-03,-,Market Sale,Sell,Equity Shares,8000.0,0.0,0.0,0.0,0.0,32200.0,0.0,24200.0,0.0
NYKAA,2022-03-08 23:17:00,2022-02-08,2022-02-04,2022-02-04,-,Market Sale,Sell,Equity Shares,2400.0,0.0,0.0,0.0,0.0,5218.0,0.0,2818.0,0.0
NYKAA,2022-03-08 23:17:00,2022-03-04,2022-03-03,2022-03-04,-,Market Sale,Sell,Equity Shares,8550.0,0.0,0.0,0.0,0.0,191744.0,0.04,183194.0,0.03
NYKAA,2022-03-08 23:17:00,2022-03-04,2022-03-03,2022-03-04,-,Market Sale,Sell,Equity Shares,700.0,0.0,0.0,0.0,0.0,9300.0,0.0,8600.0,0.0
NYKAA,2022-03-14 20:24:00,2022-03-10,2022-03-09,2022-03-09,-,Market Sale,Sell,Equity Shares,3300.0,0.0,0.0,0.0,0.0,55708.0,0.01,52408.0,0.01
NYKAA,2022-03-14 20:24:00,2022-03-14,2022-03-10,2022-03-10,-,Market Sale,Sell,Equity Shares,100.0,0.0,0.0,0.0,0.0,183028.0,0.03,182928.0,0.03
NYKAA,2022-03-14 20:24:00,2022-03-14,2022-03-10,2022-03-11,-,Market Sale,Sell,Equity Shares,125.0,0.0,0.0,0.0,0.0,27473.0,0.0,27348.0,0.0
NYKAA,2022-03-17 20:39:00,2022-03-17,2022-03-17,2022-03-17,-,Market Sale,Sell,Equity Shares,335.0,0.0,0.0,0.0,0.0,26168.0,0.0,25833.0,0.0
NYKAA,2022-03-17 20:39:00,2022-03-16,2022-03-14,2022-03-16,-,Market Sale,Sell,Equity Shares,1180.0,0.0,0.0,0.0,0.0,27348.0,0.0,26168.0,0.0
NYKAA,2022-03-17 20:39:00,2022-03-17,2022-03-17,2022-03-17,-,Market Sale,Sell,Equity Shares,2000.0,0.0,0.0,0.0,0.0,60918.0,0.01,58918.0,0.01
NYKAA,2022-03-17 20:39:00,2022-03-16,2022-03-16,2022-03-16,Key Managerial Personnel,Market Sale,Sell,Equity Shares,3500.0,0.0,0.0,0.0,0.0,322330.0,0.06,318830.0,0.06
NYKAA,2022-03-17 20:39:00,2022-03-16,2022-03-16,2022-03-16,-,Market Sale,Sell,Equity Shares,12500.0,0.0,0.0,0.0,0.0,26668.0,0.0,14168.0,0.0
NYKAA,2022-03-17 20:39:00,2022-03-16,2022-03-16,2022-03-16,-,Market Sale,Sell,Equity Shares,1300.0,0.0,0.0,0.0,0.0,1800.0,0.0,500.0,0.0
NYKAA,2022-03-17 20:39:00,2022-03-16,2022-03-14,2022-03-16,-,Market Sale,Sell,Equity Shares,800.0,0.0,0.0,0.0,0.0,10099.0,0.0,9299.0,0.0
NYKAA,2022-03-17 20:39:00,2022-03-17,2022-03-15,2022-03-16,-,Market Sale,Sell,Equity Shares,1750.0,0.0,0.0,0.0,0.0,182928.0,0.03,181178.0,0.0
NYKAA,2022-03-21 20:04:00,2022-03-18,2022-03-17,2022-03-17,-,Market Sale,Sell,Equity Shares,500.0,0.0,0.0,0.0,0.0,500.0,0.0,,0.0
NYKAA,2022-03-21 20:04:00,2022-03-18,2022-03-17,2022-03-17,-,Market Sale,Sell,Equity Shares,500.0,0.0,0.0,0.0,0.0,181178.0,0.03,180678.0,0.0
NYKAA,2022-03-21 20:04:00,2022-03-21,2022-03-16,2022-03-16,-,Market Sale,Sell,Equity Shares,1000.0,0.0,0.0,0.0,0.0,2001.0,0.0,1001.0,0.0
NYKAA,2022-03-21 20:04:00,2022-03-21,2022-03-17,2022-03-17,-,Market Sale,Sell,Equity Shares,601.0,0.0,0.0,0.0,0.0,3668.0,0.0,3067.0,0.0
NYKAA,2022-03-21 20:04:00,2022-03-19,2022-03-17,2022-03-17,-,Market Sale,Sell,Equity Shares,2250.0,0.0,0.0,0.0,0.0,60000.0,0.01,57750.0,0.01
NYKAA,2022-03-21 20:04:00,2022-03-21,2022-03-17,2022-03-17,-,Market Sale,Sell,Equity Shares,300.0,0.0,0.0,0.0,0.0,9299.0,0.0,8999.0,0.0
NYKAA,2022-03-21 20:04:00,2022-03-19,2022-03-17,2022-03-17,-,Market Sale,Sell,Equity Shares,2000.0,0.0,0.0,0.0,0.0,9701.0,0.0,7701.0,0.0
NYKAA,2022-03-21 20:04:00,2022-03-19,2022-03-16,2022-03-17,-,Market Sale,Sell,Equity Shares,2000.0,0.0,0.0,0.0,0.0,9000.0,0.0,7000.0,0.0
NYKAA,2022-03-21 20:04:00,2022-03-21,2022-03-16,2022-03-16,-,Market Sale,Sell,Equity Shares,1000.0,0.0,0.0,0.0,0.0,23200.0,0.0,22200.0,0.0
NYKAA,2022-03-23 19:28:00,2022-03-23,2022-03-23,2022-03-23,-,Market Sale,Sell,Equity Shares,5000.0,0.0,0.0,0.0,0.0,11718.0,0.0,6718.0,0.0
NYKAA,2022-03-23 19:28:00,2022-03-23,2022-03-22,2022-03-22,-,Market Sale,Sell,Equity Shares,200.0,0.0,0.0,0.0,0.0,180678.0,0.0,180478.0,0.0
NYKAA,2022-03-23 19:28:00,2022-03-23,2022-03-21,2022-03-22,-,Market Sale,Sell,Equity Shares,779.0,0.0,0.0,0.0,0.0,25708.0,0.0,24929.0,0.0
NYKAA,2022-03-23 19:28:00,2022-03-21,2022-03-21,2022-03-21,-,Market Sale,Sell,Equity Shares,250.0,0.0,0.0,0.0,0.0,3067.0,0.0,2817.0,0.0
NYKAA,2022-03-24 19:55:00,2022-03-22,2022-03-22,2022-03-22,-,ESOP,Buy,Equity Shares,37500.0,0.0,0.0,0.0,0.0,409.0,0.0,37909.0,0.0
NYKAA,2022-03-25 20:35:00,2022-03-24,2022-03-24,2022-03-24,-,-,Sell,Equity Shares,3000.0,0.0,0.0,0.0,0.0,318830.0,0.06,315830.0,0.06
NYKAA,2022-03-25 20:35:00,2022-03-25,2022-03-24,2022-03-25,-,-,Sell,Equity Shares,8377.0,0.0,0.0,0.0,0.0,14168.0,0.0,5791.0,0.0
NYKAA,2022-03-25 20:35:00,2022-03-24,2022-03-22,2022-03-22,-,-,Sell,Equity Shares,750.0,0.0,0.0,0.0,0.0,57750.0,0.01,57000.0,0.01
NYKAA,2022-03-25 20:35:00,2022-03-24,2022-03-23,2022-03-24,-,-,Sell,Equity Shares,405.0,0.0,0.0,0.0,0.0,24929.0,0.0,24524.0,0.0
NYKAA,2022-03-25 20:35:00,2022-03-24,2022-03-16,2022-03-24,-,-,Sell,Equity Shares,750.0,0.0,0.0,0.0,0.0,5836.0,0.0,5086.0,0.0
NYKAA,2022-03-25 20:35:00,2022-03-25,2022-03-21,2022-03-24,-,-,Sell,Equity Shares,1100.0,0.0,0.0,0.0,0.0,8999.0,0.0,7899.0,0.0
NYKAA,2022-03-25 20:35:00,2022-03-25,2022-03-24,2022-03-24,-,-,Sell,Equity Shares,500.0,0.0,0.0,0.0,0.0,180478.0,0.03,179978.0,0.03
NYKAA,2022-03-25 20:35:00,2022-03-24,2022-03-22,2022-03-24,-,-,Sell,Equity Shares,375.0,0.0,0.0,0.0,0.0,2817.0,0.0,2442.0,0.0
NYKAA,2022-03-25 20:35:00,2022-03-25,2022-03-25,2022-03-25,-,-,Sell,Equity Shares,100.0,0.0,0.0,0.0,0.0,5200.0,0.0,5100.0,0.0
NYKAA,2022-03-25 20:35:00,2022-03-25,2022-03-24,2022-03-25,-,-,Sell,Equity Shares,6000.0,0.0,0.0,0.0,0.0,58918.0,0.01,52918.0,0.01
NYKAA,2022-03-28 20:29:00,2022-03-26,2022-03-24,2022-03-25,-,Market Sale,-,Equity Shares,3000.0,0.0,0.0,0.0,0.0,61800.0,0.01,58800.0,0.01
NYKAA,2022-03-28 20:29:00,2022-03-27,2022-03-25,2022-03-25,-,Market Sale,-,Equity Shares,175.0,0.0,0.0,0.0,0.0,24949.0,0.0,24774.0,0.0
NYKAA,2022-03-28 20:29:00,2022-03-28,2022-03-25,2022-03-25,-,Market Sale,-,Equity Shares,250.0,0.0,0.0,0.0,0.0,7899.0,0.0,7649.0,0.0
NYKAA,2022-03-28 20:29:00,2022-03-26,2022-03-25,2022-03-25,-,Market Sale,-,Equity Shares,100.0,0.0,0.0,0.0,0.0,179978.0,0.03,179878.0,0.03
NYKAA,2022-03-28 20:29:00,2022-03-28,2022-03-28,2022-03-28,-,Market Sale,-,Equity Shares,5373.0,0.0,0.0,0.0,0.0,5791.0,0.0,418.0,0.0
NYKAA,2022-03-28 20:29:00,2022-03-28,2022-03-24,2022-03-24,-,Market Sale,-,Equity Shares,21600.0,0.0,0.0,0.0,0.0,52408.0,0.01,30808.0,0.0
NYKAA,2022-03-28 20:29:00,2022-03-27,2022-03-25,2022-03-25,-,Market Sale,-,Equity Shares,1750.0,0.0,0.0,0.0,0.0,7701.0,0.0,5951.0,0.0
NYKAA,2022-03-28 20:29:00,2022-03-27,2022-03-25,2022-03-25,-,Market Sale,-,Equity Shares,2250.0,0.0,0.0,0.0,0.0,2668.0,0.0,418.0,0.0
NYKAA,2022-03-28 20:29:00,2022-03-28,2022-03-17,2022-03-24,-,Market Sale,-,Equity Shares,3300.0,0.0,0.0,0.0,0.0,41530.0,0.0,38230.0,0.0
NYKAA,2022-03-30 19:16:00,2022-03-29,2022-03-28,2022-03-29,-,Market Sale,Sell,Equity Shares,225.0,0.0,0.0,0.0,0.0,24774.0,0.0,24549.0,0.0
NYKAA,2022-03-30 19:16:00,2022-03-29,2022-03-29,2022-03-29,-,Market Sale,Sell,Equity Shares,1700.0,0.0,0.0,0.0,0.0,45418.0,0.0,43718.0,0.0
NYKAA,2022-03-30 19:16:00,2022-03-29,2022-03-25,2022-03-25,-,Market Sale,Sell,Equity Shares,100.0,0.0,0.0,0.0,0.0,5086.0,0.0,4986.0,0.0
NYKAA,2022-03-30 19:16:00,2022-03-29,2022-03-28,2022-03-28,-,Market Sale,Sell,Equity Shares,747.0,0.0,0.0,0.0,0.0,7649.0,0.0,6902.0,0.0
NYKAA,2022-03-30 19:16:00,2022-03-28,2022-03-28,2022-03-28,-,Market Sale,Sell,Equity Shares,1500.0,0.0,0.0,0.0,0.0,1500.0,0.0,,0.0
NYKAA,2022-04-01 18:23:00,2022-03-30,2022-03-30,2022-03-30,-,Market Sale,Sell,Equity Shares,1775.0,0.0,0.0,0.0,0.0,24549.0,0.0,22774.0,0.0
NYKAA,2022-04-01 18:23:00,2022-03-30,2022-03-30,2022-03-30,-,Market Sale,Sell,Equity Shares,2000.0,0.0,0.0,0.0,0.0,5951.0,0.0,3951.0,0.0
NYKAA,2022-04-01 18:23:00,2022-03-30,2022-03-30,2022-03-30,-,Market Sale,Sell,Equity Shares,700.0,0.0,0.0,0.0,0.0,42118.0,0.0,41418.0,0.0
NYKAA,2022-04-01 18:23:00,2022-03-31,2022-03-29,2022-03-29,-,Market Sale,Sell,Equity Shares,1000.0,0.0,0.0,0.0,0.0,58800.0,0.01,57800.0,0.01
NYKAA,2022-04-01 18:23:00,2022-04-01,2022-03-30,2022-03-30,-,Market Sale,Sell,Equity Shares,2300.0,0.0,0.0,0.0,0.0,57800.0,0.01,55500.0,0.01
NYKAA,2022-04-01 18:23:00,2022-03-30,2022-03-30,2022-03-30,-,Market Sale,Sell,Equity Shares,2000.0,0.0,0.0,0.0,0.0,19286.0,0.0,17286.0,0.0
NYKAA,2022-04-01 18:23:00,2022-03-30,2022-03-28,2022-03-30,-,Market Sale,Sell,Equity Shares,724.0,0.0,0.0,0.0,0.0,2442.0,0.0,1718.0,0.0
NYKAA,2022-04-01 18:23:00,2022-03-30,2022-03-29,2022-03-30,-,Market Sale,Sell,Equity Shares,1400.0,0.0,0.0,0.0,0.0,179878.0,0.03,178478.0,0.03
NYKAA,2022-04-01 18:23:00,2022-03-30,2022-03-29,2022-03-30,-,Market Sale,Sell,Equity Shares,1200.0,0.0,0.0,0.0,0.0,6902.0,0.0,5702.0,0.0
NYKAA,2022-04-01 18:23:00,2022-03-31,2022-03-30,2022-03-30,-,Market Sale,Sell,Equity Shares,43200.0,0.0,0.0,0.0,0.0,160030.0,0.03,116830.0,0.02
NYKAA,2022-04-01 18:23:00,2022-03-30,2022-03-29,2022-03-30,-,Market Sale,Sell,Equity Shares,35000.0,0.0,0.0,0.0,0.0,1795142.0,0.37,1760142.0,0.37
NYKAA,2022-04-01 18:23:00,2022-03-30,2022-03-29,2022-03-29,-,Market Sale,Sell,Equity Shares,3000.0,0.0,0.0,0.0,0.0,52918.0,0.01,49918.0,0.01
NYKAA,2022-04-01 18:23:00,2022-03-31,2022-03-30,2022-03-30,-,Market Sale,Sell,Equity Shares,6000.0,0.0,0.0,0.0,0.0,478798.0,0.1,472798.0,0.09
NYKAA,2022-04-01 18:23:00,2022-04-01,2022-03-30,2022-03-30,-,Market Sale,Sell,Equity Shares,3000.0,0.0,0.0,0.0,0.0,3418.0,0.0,418.0,0.0
NYKAA,2022-04-01 18:23:00,2022-04-01,2022-04-01,2022-04-01,-,Market Sale,Sell,Equity Shares,7000.0,0.0,0.0,0.0,0.0,49918.0,0.01,42918.0,0.0
NYKAA,2022-04-01 18:23:00,2022-03-30,2022-03-30,2022-03-30,-,Market Sale,Sell,Equity Shares,1600.0,0.0,0.0,0.0,0.0,43718.0,0.0,42118.0,0.0
NYKAA,2022-05-10 19:20:00,2022-05-06,2022-05-06,2022-05-06,-,ESOP,Buy,Equity Shares,10800.0,0.0,0.0,0.0,0.0,26118.0,0.0,36918.0,0.0
NYKAA,2022-05-10 19:20:00,2022-05-06,2022-05-06,2022-05-06,-,ESOP,Buy,Equity Shares,28350.0,0.0,0.0,0.0,0.0,9168.0,0.0,37518.0,0.0
NYKAA,2022-05-10 19:20:00,2022-05-06,2022-05-06,2022-05-06,-,ESOP,Buy,Equity Shares,6900.0,0.0,0.0,0.0,0.0,13318.0,0.0,20218.0,0.0
NYKAA,2022-05-10 19:20:00,2022-05-06,2022-05-06,2022-05-06,-,ESOP,Buy,Equity Shares,8700.0,0.0,0.0,0.0,0.0,18900.0,0.0,27600.0,0.0
NYKAA,2022-06-03 18:57:00,2022-06-02,2022-06-01,2022-06-01,-,Market Sale,Sell,Equity Shares,10000.0,0.0,0.0,0.0,0.0,196718.0,0.04,186718.0,0.03
NYKAA,2022-06-03 18:57:00,2022-06-02,2022-05-31,2022-05-31,-,Market Sale,Sell,Equity Shares,850.0,0.0,0.0,0.0,0.0,36918.0,0.0,36068.0,0.0
NYKAA,2022-06-03 18:57:00,2022-06-03,2022-06-01,2022-06-01,-,Market Sale,Sell,Equity Shares,3000.0,0.0,0.0,0.0,0.0,38230.0,0.0,35230.0,0.0
NYKAA,2022-06-03 18:57:00,2022-06-03,2022-06-02,2022-06-02,-,Market Sale,Sell,Equity Shares,500.0,0.0,0.0,0.0,0.0,35230.0,0.0,34730.0,0.0
NYKAA,2022-06-03 20:15:00,2022-06-03,2022-06-03,2022-06-03,-,Market Sale,Sell,Equity Shares,5000.0,0.0,0.0,0.0,0.0,186718.0,0.03,181718.0,0.03
NYKAA,2022-06-03 20:15:00,2022-06-03,2022-06-01,2022-06-02,-,Market Sale,Sell,Equity Shares,11787.0,0.0,0.0,0.0,0.0,1760142.0,0.37,1748355.0,0.36
NYKAA,2022-06-10 20:15:00,2022-06-08,2022-06-07,2022-06-08,-,Market Sale,Sell,Equity Shares,14243.0,0.0,0.0,0.0,0.0,472798.0,0.09,458555.0,0.09
NYKAA,2022-06-10 20:15:00,2022-06-08,2022-06-08,2022-06-08,-,Market Sale,Sell,Equity Shares,4223.0,0.0,0.0,0.0,0.0,1748355.0,0.36,1744132.0,0.36
NYKAA,2022-06-10 20:15:00,2022-06-09,2022-06-07,2022-06-08,-,Market Sale,Sell,Equity Shares,15000.0,0.0,0.0,0.0,0.0,181718.0,0.03,166718.0,0.03
NYKAA,2022-06-10 20:15:00,2022-06-10,2022-06-09,2022-06-10,-,Market Sale,Sell,Equity Shares,27000.0,0.0,0.0,0.0,0.0,458555.0,0.09,431555.0,0.09
NYKAA,2022-06-10 20:15:00,2022-06-09,2022-06-09,2022-06-09,-,ESOP,Buy,Equity Shares,22500.0,0.0,0.0,0.0,0.0,418.0,0.0,22918.0,0.0
NYKAA,2022-06-16 19:36:00,2022-06-14,2022-06-13,2022-06-13,-,Market Sale,Sell,Equity Shares,5000.0,0.0,0.0,0.0,0.0,166718.0,0.03,161718.0,0.03
NYKAA,2022-06-16 19:36:00,2022-06-14,2022-06-10,2022-06-10,-,Market Sale,Sell,Equity Shares,500.0,0.0,0.0,0.0,0.0,36068.0,0.0,35568.0,0.0
NYKAA,2022-06-16 19:36:00,2022-06-14,2022-06-09,2022-06-13,-,Market Sale,Sell,Equity Shares,2000.0,0.0,0.0,0.0,0.0,15800.0,0.0,13800.0,0.0
NYKAA,2022-06-17 21:05:00,2022-06-16,2022-06-15,2022-06-16,-,Market Sale,Sell,Equity Shares,6776.0,0.0,0.0,0.0,0.0,161718.0,0.03,154942.0,0.03
NYKAA,2022-06-17 21:05:00,2022-06-17,2022-06-15,2022-06-15,-,Market Sale,Sell,Equity Shares,500.0,0.0,0.0,0.0,0.0,35568.0,0.0,35068.0,0.0
NYKAA,2022-06-17 21:05:00,2022-06-16,2022-06-14,2022-06-15,-,Market Sale,Sell,Equity Shares,2000.0,0.0,0.0,0.0,0.0,16718.0,0.0,14718.0,0.0
NYKAA,2022-06-17 21:05:00,2022-06-15,2022-06-13,2022-06-15,-,Market Sale,Sell,Equity Shares,12200.0,0.0,0.0,0.0,0.0,431555.0,0.09,419355.0,0.08
NYKAA,2022-06-17 21:05:00,2022-06-17,2022-06-16,2022-06-17,-,Market Sale,Sell,Equity Shares,2000.0,0.0,0.0,0.0,0.0,419355.0,0.08,417355.0,0.08
NYKAA,2022-06-17 21:05:00,2022-06-17,2022-06-15,2022-06-15,-,Market Sale,Sell,Equity Shares,800.0,0.0,0.0,0.0,0.0,13800.0,0.0,13000.0,0.0
NYKAA,2022-06-17 21:32:00,2022-06-17,2022-06-16,2022-06-16,-,Market Sale,Sell,Equity Shares,394.0,0.0,0.0,0.0,0.0,1744132.0,0.36,1743738.0,0.36
NYKAA,2022-06-22 20:20:00,2022-06-20,2022-06-17,2022-06-17,-,Market Sale,Sell,Equity Shares,1904.0,0.0,0.0,0.0,0.0,154942.0,0.03,153038.0,0.03
NYKAA,2022-06-22 20:20:00,2022-06-22,2022-06-08,2022-06-22,-,Market Sale,Sell,Equity Shares,800.0,0.0,0.0,0.0,0.0,7802.0,0.0,7002.0,0.0
NYKAA,2022-06-24 19:39:00,2022-06-22,2022-06-20,2022-06-20,-,Market Sale,Sell,Equity Shares,1000.0,0.0,0.0,0.0,0.0,22200.0,0.0,21200.0,0.0
NYKAA,2022-06-24 19:39:00,2022-06-24,2022-06-23,2022-06-24,-,Market Sale,Sell,Equity Shares,2845.0,0.0,0.0,0.0,0.0,1743738.0,0.36,1740893.0,0.36
NYKAA,2022-06-24 19:39:00,2022-06-24,2022-06-23,2022-06-24,-,Market Sale,Sell,Equity Shares,399.0,0.0,0.0,0.0,0.0,7002.0,0.0,6603.0,0.0
NYKAA,2022-06-24 19:39:00,2022-06-24,2022-06-24,2022-06-24,-,Market Sale,Sell,Equity Shares,1650.0,0.0,0.0,0.0,0.0,35068.0,0.0,33418.0,0.0
NYKAA,2022-06-29 20:05:00,2022-06-28,2022-06-27,2022-06-27,-,Market Sale,Sell,Equity Shares,2000.0,0.0,0.0,0.0,0.0,14718.0,0.0,12718.0,0.0
NYKAA,2022-06-29 20:05:00,2022-06-27,2022-06-27,2022-06-27,-,Market Sale,Sell,Equity Shares,3000.0,0.0,0.0,0.0,0.0,178478.0,0.03,175478.0,0.03
NYKAA,2022-06-29 20:05:00,2022-06-29,2022-06-27,2022-06-27,-,Market Sale,Sell,Equity Shares,1200.0,0.0,0.0,0.0,0.0,13000.0,0.0,11800.0,0.0
NYKAA,2022-06-29 20:05:00,2022-06-29,2022-06-27,2022-06-29,-,Market Sale,Sell,Equity Shares,50000.0,0.0,0.0,0.0,0.0,1740893.0,0.36,1690893.0,0.36
NYKAA,2022-06-29 20:05:00,2022-06-29,2022-06-27,2022-06-29,-,Market Sale,Sell,Equity Shares,36081.0,0.0,0.0,0.0,0.0,417355.0,0.08,381274.0,0.08
NYKAA,2022-07-01 20:07:00,2022-06-29,2022-06-27,2022-06-29,-,Market Sale,Sell,Equity Shares,400.0,0.0,0.0,0.0,0.0,6603.0,0.0,6203.0,0.0
NYKAA,2022-07-01 20:07:00,2022-06-30,2022-06-29,2022-06-29,-,Market Sale,Sell,Equity Shares,100.0,0.0,0.0,0.0,0.0,175478.0,0.03,175378.0,0.03
NYKAA,2022-07-01 20:07:00,2022-06-29,2022-06-27,2022-06-29,-,Market Sale,Sell,Equity Shares,1500.0,0.0,0.0,0.0,0.0,33418.0,0.0,31918.0,0.0
NYKAA,2022-07-01 20:07:00,2022-07-01,2022-06-30,2022-06-30,-,Market Sale,Sell,Equity Shares,2500.0,0.0,0.0,0.0,0.0,8690.0,0.0,6190.0,0.0
NYKAA,2022-07-01 20:07:00,2022-06-30,2022-06-30,2022-06-30,-,Market Sale,Sell,Equity Shares,636.0,0.0,0.0,0.0,0.0,381274.0,0.08,380638.0,0.08
NYKAA,2022-07-01 20:07:00,2022-06-30,2022-06-29,2022-06-29,-,Market Sale,Sell,Equity Shares,3000.0,0.0,0.0,0.0,0.0,5418.0,0.0,2418.0,0.0
NYKAA,2022-07-01 20:07:00,2022-06-29,2022-06-27,2022-06-28,-,Market Sale,Sell,Equity Shares,1501.0,0.0,0.0,0.0,0.0,3000.0,0.0,1499.0,0.0
NYKAA,2022-07-01 20:07:00,2022-06-29,2022-06-27,2022-06-27,-,Market Sale,Sell,Equity Shares,3000.0,0.0,0.0,0.0,0.0,315830.0,0.06,312830.0,0.06
NYKAA,2022-08-09 20:47:00,2022-08-09,2022-08-09,2022-08-09,-,ESOP,Buy,Equity Shares,3000.0,0.0,0.0,0.0,0.0,390.0,0.0,3390.0,0.0
NYKAA,2022-08-09 20:47:00,2022-08-09,2022-08-09,2022-08-09,-,ESOP,Buy,Equity Shares,3750.0,0.0,0.0,0.0,0.0,418.0,0.0,4168.0,0.0
NYKAA,2022-08-09 20:47:00,2022-08-09,2022-08-09,2022-08-09,-,ESOP,Buy,Equity Shares,3900.0,0.0,0.0,0.0,0.0,34800.0,0.0,38700.0,0.0
NYKAA,2022-08-09 20:47:00,2022-08-09,2022-08-09,2022-08-09,-,ESOP,Buy,Equity Shares,4500.0,0.0,0.0,0.0,0.0,55500.0,0.01,60000.0,0.01
NYKAA,2022-08-09 20:47:00,2022-08-09,2022-08-09,2022-08-09,-,ESOP,Buy,Equity Shares,9900.0,0.0,0.0,0.0,0.0,175378.0,0.03,185278.0,0.03
NYKAA,2022-08-09 20:47:00,2022-08-09,2022-08-09,2022-08-09,-,ESOP,Buy,Equity Shares,19500.0,0.0,0.0,0.0,0.0,141041.0,0.02,160541.0,0.03
NYKAA,2022-08-09 20:47:00,2022-08-08,2022-08-08,2022-08-08,-,Market Sale,Sell,Equity Shares,45099.0,0.0,0.0,0.0,0.0,380638.0,0.08,335539.0,0.08
NYKAA,2022-08-09 20:47:00,2022-08-09,2022-08-09,2022-08-09,-,ESOP,Buy,Equity Shares,1500.0,0.0,0.0,0.0,0.0,368.0,0.0,1868.0,0.0
NYKAA,2022-08-09 20:47:00,2022-08-09,2022-08-09,2022-08-09,-,ESOP,Buy,Equity Shares,2000.0,0.0,0.0,0.0,0.0,3018.0,0.0,5018.0,0.0
NYKAA,2022-08-09 20:47:00,2022-08-09,2022-08-09,2022-08-09,-,ESOP,Buy,Equity Shares,18750.0,0.0,0.0,0.0,0.0,419.0,0.0,19169.0,0.0
NYKAA,2022-08-12 19:54:00,2022-08-12,2022-08-10,2022-08-11,-,Market Sale,Sell,Equity Shares,1500.0,0.0,0.0,0.0,0.0,4700.0,0.0,3200.0,0.0
NYKAA,2022-08-18 19:11:00,2022-08-16,2022-08-10,2022-08-11,-,Market Sale,Sell,Equity Shares,1150.0,0.0,0.0,0.0,0.0,4068.0,0.0,2918.0,0.0
NYKAA,2022-08-19 19:40:00,2022-08-19,2022-08-19,2022-08-19,-,Market Sale,Sell,Equity Shares,1000.0,0.0,0.0,0.0,0.0,33730.0,0.0,32730.0,0.0
NYKAA,2022-08-24 19:31:00,2022-08-22,2022-08-19,2022-08-19,-,Market Sale,Sell,Equity Shares,500.0,0.0,0.0,0.0,0.0,3200.0,0.0,2700.0,0.0
NYKAA,2022-08-26 21:37:00,2022-08-26,2022-08-17,2022-08-25,-,Market Sale,Sell,Equity Shares,500.0,0.0,0.0,0.0,0.0,3818.0,0.0,3318.0,0.0
NYKAA,2022-08-26 21:37:00,2022-08-26,2022-08-08,2022-08-25,-,Market Sale,Sell,Equity Shares,1268.0,0.0,0.0,0.0,0.0,1868.0,0.0,600.0,0.0
NYKAA,2022-08-26 21:37:00,2022-08-25,2022-08-25,2022-08-25,-,Market Sale,Sell,Equity Shares,1500.0,0.0,0.0,0.0,0.0,2418.0,0.0,918.0,0.0
NYKAA,2022-08-26 21:37:00,2022-08-25,2022-08-24,2022-08-25,-,Market Sale,Sell,Equity Shares,52494.0,0.0,0.0,0.0,0.0,1690893.0,0.35,1638399.0,0.34
NYKAA,2022-08-26 21:37:00,2022-08-25,2022-08-25,2022-08-25,-,Market Sale,Sell,Equity Shares,10144.0,0.0,0.0,0.0,0.0,1441152.0,0.3,1431008.0,0.3
NYKAA,2022-08-26 21:37:00,2022-08-24,2022-08-22,2022-08-22,-,Market Sale,Sell,Equity Shares,6500.0,0.0,0.0,0.0,0.0,312830.0,0.06,306330.0,0.06
NYKAA,2022-08-26 21:37:00,2022-08-26,2022-08-25,2022-08-25,-,Market Sale,Sell,Equity Shares,500.0,0.0,0.0,0.0,0.0,2700.0,0.0,2200.0,0.0
NYKAA,2022-08-30 20:27:00,2022-08-30,2022-08-29,2022-08-30,-,Market Sale,Sell,Equity Shares,32500.0,0.0,0.0,0.0,0.0,335539.0,0.06,303039.0,0.06
NYKAA,2022-08-30 20:27:00,2022-08-27,2022-08-23,2022-08-26,-,Market Sale,Sell,Equity Shares,1400.0,0.0,0.0,0.0,0.0,10030.0,0.0,8630.0,0.0
NYKAA,2022-08-30 20:27:00,2022-08-29,2022-08-25,2022-08-25,-,Market Sale,Sell,Equity Shares,5000.0,0.0,0.0,0.0,0.0,12000.0,0.0,7000.0,0.0
NYKAA,2022-08-30 20:27:00,2022-08-26,2022-08-26,2022-08-26,-,Market Sale,Sell,Equity Shares,39118.0,0.0,0.0,0.0,0.0,54118.0,0.01,15000.0,0.0
NYKAA,2022-08-30 20:27:00,2022-08-30,2022-08-30,2022-08-30,-,Market Sale,Sell,Equity Shares,8000.0,0.0,0.0,0.0,0.0,15918.0,0.0,7918.0,0.0
NYKAA,2022-09-02 18:33:00,2022-09-02,2022-08-30,2022-08-30,-,Market Sale,Sell,Equity Shares,2000.0,0.0,0.0,0.0,0.0,31500.0,0.0,29500.0,0.0
NYKAA,2022-09-02 18:33:00,2022-09-01,2022-08-30,2022-08-30,-,Market Sale,Sell,Equity Shares,1800.0,0.0,0.0,0.0,0.0,11800.0,0.0,10000.0,0.0
NYKAA,2022-09-02 18:33:00,2022-09-01,2022-08-29,2022-08-29,-,Market Sale,Sell,Equity Shares,500.0,0.0,0.0,0.0,0.0,2200.0,0.0,1700.0,0.0
NYKAA,2022-09-06 21:13:00,2022-09-06,2022-08-11,2022-09-01,-,Market Sale,Sell,Equity Shares,1352.0,0.0,0.0,0.0,0.0,4352.0,0.0,3000.0,0.0
NYKAA,2022-09-06 21:13:00,2022-09-05,2022-08-26,2022-08-26,-,Market Sale,Sell,Equity Shares,1000.0,0.0,0.0,0.0,0.0,4300.0,0.0,3300.0,0.0
NYKAA,2022-09-06 21:13:00,2022-09-06,2022-08-26,2022-09-05,-,Market Sale,Sell,Equity Shares,1500.0,0.0,0.0,0.0,0.0,3318.0,0.0,1818.0,0.0
NYKAA,2022-09-06 21:13:00,2022-09-06,2022-09-05,2022-09-05,-,Market Sale,Sell,Equity Shares,500.0,0.0,0.0,0.0,0.0,15018.0,0.0,14518.0,0.0
NYKAA,2022-09-06 21:13:00,2022-09-02,2022-08-30,2022-08-30,-,Market Sale,Sell,Equity Shares,1000.0,0.0,0.0,0.0,0.0,16018.0,0.0,15018.0,0.0
NYKAA,2022-09-06 21:13:00,2022-09-05,2022-08-29,2022-08-30,-,Market Sale,Sell,Equity Shares,3300.0,0.0,0.0,0.0,0.0,3300.0,0.0,,0.0
NYKAA,2022-09-07 18:56:00,2022-09-05,2022-09-05,2022-09-05,-,ESOP,Buy,Equity Shares,1500.0,0.0,0.0,0.0,0.0,,0.0,1500.0,0.0
NYKAA,2022-09-07 18:56:00,2022-09-05,2022-09-05,2022-09-05,-,ESOP,Buy,Equity Shares,4500.0,0.0,0.0,0.0,0.0,330430.0,0.0,334930.0,0.0
NYKAA,2022-09-07 18:56:00,2022-09-05,2022-09-05,2022-09-05,-,ESOP,Buy,Equity Shares,4800.0,0.0,0.0,0.0,0.0,,0.0,4800.0,0.0
NYKAA,2022-09-07 18:56:00,2022-09-05,2022-09-05,2022-09-05,-,ESOP,Buy,Equity Shares,5000.0,0.0,0.0,0.0,0.0,60418.0,0.01,65418.0,0.01
NYKAA,2022-09-07 18:56:00,2022-09-05,2022-09-05,2022-09-05,-,ESOP,Buy,Equity Shares,23250.0,0.0,0.0,0.0,0.0,105000.0,0.02,128250.0,0.02
NYKAA,2022-09-07 18:56:00,2022-09-05,2022-09-05,2022-09-05,-,ESOP,Buy,Equity Shares,3000.0,0.0,0.0,0.0,0.0,3418.0,0.0,6418.0,0.0
NYKAA,2022-09-07 18:56:00,2022-09-05,2022-09-05,2022-09-05,-,ESOP,Buy,Equity Shares,4500.0,0.0,0.0,0.0,0.0,41418.0,0.0,45918.0,0.0
NYKAA,2022-09-07 18:56:00,2022-09-05,2022-09-05,2022-09-05,-,ESOP,Buy,Equity Shares,40500.0,0.0,0.0,0.0,0.0,418.0,0.0,40918.0,0.0
NYKAA,2022-09-09 19:23:00,2022-08-09,2022-08-23,2022-08-23,-,Market Sale,Sell,Equity Shares,12750.0,0.0,0.0,0.0,0.0,343180.0,0.0,330430.0,0.0
NYKAA,2022-09-09 19:23:00,2022-09-07,2022-08-29,2022-09-05,-,Market Sale,Sell,Equity Shares,1500.0,0.0,0.0,0.0,0.0,7000.0,0.0,5500.0,0.0
NYKAA,2022-09-09 19:23:00,2022-09-08,2022-08-23,2022-08-23,-,Market Sale,Sell,Equity Shares,10000.0,0.0,0.0,0.0,0.0,115000.0,0.02,105000.0,0.02
NYKAA,2022-09-12 20:46:00,2022-09-09,2022-09-07,2022-09-07,-,Market Sale,Sell,Equity Shares,500.0,0.0,0.0,0.0,0.0,1700.0,0.0,1200.0,0.0
NYKAA,2022-09-12 20:46:00,2022-09-09,2022-09-09,2022-09-09,-,Market Sale,Sell,Equity Shares,1000.0,0.0,0.0,0.0,0.0,28500.0,0.0,27500.0,0.0
NYKAA,2022-09-12 20:46:00,2022-09-09,2022-09-09,2022-09-09,-,Market Sale,Sell,Equity Shares,1000.0,0.0,0.0,0.0,0.0,29500.0,0.0,28500.0,0.0
NYKAA,2022-09-12 20:46:00,2022-09-12,2022-08-11,2022-09-12,-,Market Sale,Sell,Equity Shares,818.0,0.0,0.0,0.0,0.0,4168.0,0.0,3350.0,0.0
NYKAA,2022-09-14 20:02:00,2022-09-12,2022-09-12,2022-09-12,-,Market Sale,Sell,Equity Shares,5000.0,0.0,0.0,0.0,0.0,65000.0,0.0,60000.0,0.01
NYKAA,2022-09-14 20:02:00,2022-09-14,2022-09-13,2022-09-13,-,Market Sale,Sell,Equity Shares,3000.0,0.0,0.0,0.0,0.0,6418.0,0.0,3418.0,0.0
NYKAA,2022-09-14 20:02:00,2022-09-14,2022-09-13,2022-09-14,-,Market Sale,Sell,Equity Shares,2000.0,0.0,0.0,0.0,0.0,12217.0,0.0,10217.0,0.0
NYKAA,2022-09-14 20:02:00,2022-09-12,2022-09-12,2022-09-12,-,Market Sale,Sell,Equity Shares,3000.0,0.0,0.0,0.0,0.0,27500.0,0.0,24500.0,0.0
NYKAA,2022-09-14 20:02:00,2022-09-13,2022-09-13,2022-09-13,-,Market Sale,Sell,Equity Shares,1000.0,0.0,0.0,0.0,0.0,3350.0,0.0,2350.0,0.0
NYKAA,2022-09-14 20:02:00,2022-09-14,2022-09-13,2022-09-13,-,Market Sale,Sell,Equity Shares,2000.0,0.0,0.0,0.0,0.0,2418.0,0.0,418.0,0.0
NYKAA,2022-09-14 20:02:00,2022-09-14,2022-09-13,2022-09-13,-,Market Sale,Sell,Equity Shares,800.0,0.0,0.0,0.0,0.0,1200.0,0.0,400.0,0.0
NYKAA,2022-09-16 18:24:00,2022-09-15,2022-09-13,2022-09-13,-,Market Sale,Sell,Equity Shares,3000.0,0.0,0.0,0.0,0.0,4800.0,0.0,1800.0,0.0
NYKAA,2022-09-16 18:24:00,2022-09-16,2022-09-16,2022-09-16,-,Market Sale,Sell,Equity Shares,3039.0,0.0,0.0,0.0,0.0,303039.0,0.06,300000.0,0.06
NYKAA,2022-09-16 18:24:00,2022-09-16,2022-09-13,2022-09-16,-,Market Sale,Sell,Equity Shares,1400.0,0.0,0.0,0.0,0.0,1818.0,0.0,418.0,0.0
NYKAA,2022-09-16 18:24:00,2022-09-14,2022-09-14,2022-09-14,-,Market Sale,Sell,Equity Shares,550.0,0.0,0.0,0.0,0.0,2350.0,0.0,1800.0,0.0
NYKAA,2022-09-16 18:24:00,2022-09-14,2022-09-14,2022-09-14,-,Market Sale,Sell,Equity Shares,2138.0,0.0,0.0,0.0,0.0,2138.0,0.0,,0.0
NYKAA,2022-09-16 18:24:00,2022-09-16,2022-08-11,2022-09-15,-,Market Sale,Sell,Equity Shares,1000.0,0.0,0.0,0.0,0.0,6203.0,0.0,5203.0,0.0
NYKAA,2022-09-16 18:24:00,2022-09-15,2022-09-01,2022-09-13,-,Market Sale,Sell,Equity Shares,1100.0,0.0,0.0,0.0,0.0,9800.0,0.0,8700.0,0.0
NYKAA,2022-09-16 18:24:00,2022-09-16,2022-09-14,2022-09-16,-,Market Sale,Sell,Equity Shares,20000.0,0.0,0.0,0.0,0.0,153038.0,0.0,133038.0,0.0
NYKAA,2022-09-16 18:24:00,2022-09-14,2022-09-13,2022-09-13,-,Market Sale,Sell,Equity Shares,1036.0,0.0,0.0,0.0,0.0,185278.0,0.03,184242.0,0.03
NYKAA,2022-09-17 12:51:00,2022-09-14,2022-09-15,2022-09-16,-,Market Sale,Sell,Equity Shares,1800.0,0.0,0.0,0.0,0.0,1800.0,0.0,,0.0
NYKAA,2022-09-17 12:51:00,2022-09-16,2022-09-09,2022-09-15,-,Market Sale,Sell,Equity Shares,1200.0,0.0,0.0,0.0,0.0,1918.0,0.0,718.0,0.0
NYKAA,2022-09-17 12:51:00,2022-09-16,2022-09-16,2022-09-16,-,Market Sale,Sell,Equity Shares,3000.0,0.0,0.0,0.0,0.0,42914.0,0.0,39914.0,0.0
NYKAA,2022-09-19 18:57:00,2022-09-16,2022-09-16,2022-09-16,-,Market Sale,Sell,Equity Shares,200.0,0.0,0.0,0.0,0.0,1100.0,0.0,900.0,0.0
NYKAA,2022-09-19 18:57:00,2022-09-15,2022-09-13,2022-09-13,-,Market Sale,Sell,Equity Shares,400.0,0.0,0.0,0.0,0.0,1500.0,0.0,1100.0,0.0
NYKAA,2022-09-19 18:57:00,2022-09-19,2022-09-16,2022-09-16,-,Market Sale,Sell,Equity Shares,23250.0,0.0,0.0,0.0,0.0,128250.0,0.02,105000.0,0.02
NYKAA,2022-09-19 18:57:00,2022-09-19,2022-09-16,2022-09-16,-,Market Sale,Sell,Equity Shares,900.0,0.0,0.0,0.0,0.0,5203.0,0.0,4303.0,0.0
NYKAA,2022-09-21 19:16:00,2022-09-16,2022-09-16,2022-09-16,-,Market Sale,Sell,Equity Shares,1800.0,0.0,0.0,0.0,0.0,1800.0,0.0,,0.0
NYKAA,2022-09-21 19:16:00,2022-09-21,2022-09-19,2022-09-20,-,Market Sale,Sell,Equity Shares,800.0,0.0,0.0,0.0,0.0,4303.0,0.0,3503.0,0.0
NYKAA,2022-09-21 19:16:00,2022-09-20,2022-09-20,2022-09-20,-,Market Sale,Sell,Equity Shares,844.0,0.0,0.0,0.0,0.0,3000.0,0.0,2156.0,0.0
NYKAA,2022-09-21 19:16:00,2022-09-20,2022-09-19,2022-09-19,-,Market Sale,Sell,Equity Shares,6000.0,0.0,0.0,0.0,0.0,24500.0,0.0,18500.0,0.0
NYKAA,2022-09-23 19:00:00,2022-09-23,2022-09-21,2022-09-23,-,Market Sale,Sell,Equity Shares,1203.0,0.0,0.0,0.0,0.0,3503.0,0.0,2300.0,0.0
NYKAA,2022-09-23 19:00:00,2022-09-23,2022-09-22,2022-09-22,-,Market Sale,Sell,Equity Shares,200.0,0.0,0.0,0.0,0.0,400.0,0.0,200.0,0.0
NYKAA,2022-09-23 19:00:00,2022-09-23,2022-09-23,2022-09-23,-,Market Sale,Sell,Equity Shares,10000.0,0.0,0.0,0.0,0.0,18500.0,0.0,8500.0,0.0
NYKAA,2022-09-23 19:00:00,2022-09-23,2022-09-23,2022-09-23,-,Market Sale,Sell,Equity Shares,2100.0,0.0,0.0,0.0,0.0,2301.0,0.0,201.0,0.0
NYKAA,2022-09-23 19:00:00,2022-09-22,2022-09-21,2022-09-21,-,Market Sale,Sell,Equity Shares,1800.0,0.0,0.0,0.0,0.0,2230.0,0.0,430.0,0.0
NYKAA,2022-09-23 19:00:00,2022-09-23,2022-09-21,2022-09-21,-,Market Sale,Sell,Equity Shares,250.0,0.0,0.0,0.0,0.0,1818.0,0.0,1568.0,0.0
NYKAA,2022-09-23 19:00:00,2022-09-23,2022-09-21,2022-09-22,-,Market Sale,Sell,Equity Shares,13817.0,0.0,0.0,0.0,0.0,160541.0,0.03,146724.0,0.03
NYKAA,2022-09-26 20:19:00,2022-09-22,2022-09-22,2022-09-22,-,ESOP,Buy,Equity Shares,10200.0,0.0,0.0,0.0,0.0,132300.0,0.02,142500.0,0.03
NYKAA,2022-09-26 20:19:00,2022-09-22,2022-09-22,2022-09-22,-,ESOP,Buy,Equity Shares,1300.0,0.0,0.0,0.0,0.0,418.0,0.0,1718.0,0.0
NYKAA,2022-09-26 20:19:00,2022-09-22,2022-09-22,2022-09-22,-,ESOP,Buy,Equity Shares,1600.0,0.0,0.0,0.0,0.0,,0.0,1600.0,0.0
NYKAA,2022-09-26 20:19:00,2022-09-22,2022-09-22,2022-09-22,-,ESOP,Buy,Equity Shares,4000.0,0.0,0.0,0.0,0.0,418.0,0.0,4418.0,0.0
NYKAA,2022-09-26 20:19:00,2022-09-22,2022-09-22,2022-09-22,-,ESOP,Buy,Equity Shares,1300.0,0.0,0.0,0.0,0.0,30390.0,0.0,31690.0,0.0
NYKAA,2022-09-26 20:19:00,2022-09-22,2022-09-22,2022-09-22,-,ESOP,Buy,Equity Shares,1650.0,0.0,0.0,0.0,0.0,200.0,0.0,1850.0,0.0
NYKAA,2022-09-26 20:19:00,2022-09-22,2022-09-22,2022-09-22,-,ESOP,Buy,Equity Shares,1500.0,0.0,0.0,0.0,0.0,334.0,0.0,1834.0,0.0
NYKAA,2022-09-26 20:19:00,2022-09-22,2022-09-22,2022-09-22,-,ESOP,Buy,Equity Shares,3000.0,0.0,0.0,0.0,0.0,10018.0,0.0,13018.0,0.0
NYKAA,2022-09-26 20:19:00,2022-09-22,2022-09-22,2022-09-22,-,ESOP,Buy,Equity Shares,21400.0,0.0,0.0,0.0,0.0,,0.0,21400.0,0.0
NYKAA,2022-09-26 20:19:00,2022-09-22,2022-09-22,2022-09-22,-,ESOP,Buy,Equity Shares,1500.0,0.0,0.0,0.0,0.0,50.0,0.0,1550.0,0.0
NYKAA,2022-09-26 20:19:00,2022-09-22,2022-09-22,2022-09-22,-,ESOP,Buy,Equity Shares,1500.0,0.0,0.0,0.0,0.0,12.0,0.0,1512.0,0.0
NYKAA,2022-09-26 20:19:00,2022-09-22,2022-09-22,2022-09-22,-,ESOP,Buy,Equity Shares,3900.0,0.0,0.0,0.0,0.0,1568.0,0.0,5468.0,0.0
NYKAA,2022-09-26 20:19:00,2022-09-22,2022-09-22,2022-09-22,-,ESOP,Buy,Equity Shares,1500.0,0.0,0.0,0.0,0.0,,0.0,1500.0,0.0
NYKAA,2022-09-26 20:19:00,2022-09-22,2022-09-22,2022-09-22,-,ESOP,Buy,Equity Shares,1400.0,0.0,0.0,0.0,0.0,418.0,0.0,1818.0,0.0
NYKAA,2022-09-26 20:19:00,2022-09-22,2022-09-22,2022-09-22,-,ESOP,Buy,Equity Shares,2000.0,0.0,0.0,0.0,0.0,,0.0,2000.0,0.0
NYKAA,2022-09-26 20:19:00,2022-09-22,2022-09-22,2022-09-22,-,ESOP,Buy,Equity Shares,1500.0,0.0,0.0,0.0,0.0,68.0,0.0,1568.0,0.0
NYKAA,2022-09-26 20:19:00,2022-09-22,2022-09-22,2022-09-22,-,ESOP,Buy,Equity Shares,10000.0,0.0,0.0,0.0,0.0,60000.0,0.01,70000.0,0.01
NYKAA,2022-09-26 20:19:00,2022-09-22,2022-09-22,2022-09-22,-,ESOP,Buy,Equity Shares,13500.0,0.0,0.0,0.0,0.0,30418.0,0.0,43918.0,0.0
NYKAA,2022-09-26 20:19:00,2022-09-22,2022-09-22,2022-09-22,-,ESOP,Buy,Equity Shares,2200.0,0.0,0.0,0.0,0.0,1502.0,0.0,3702.0,0.0
NYKAA,2022-09-26 20:19:00,2022-09-23,2022-09-20,2022-09-23,-,Market Sale,Sell,Equity Shares,8000.0,0.0,0.0,0.0,0.0,83418.0,0.01,75418.0,0.01
NYKAA,2022-09-26 20:19:00,2022-09-22,2022-09-22,2022-09-22,-,ESOP,Buy,Equity Shares,1500.0,0.0,0.0,0.0,0.0,,0.0,1500.0,0.0
NYKAA,2022-09-26 20:19:00,2022-09-22,2022-09-22,2022-09-22,-,ESOP,Buy,Equity Shares,1500.0,0.0,0.0,0.0,0.0,440.0,0.0,1940.0,0.0
NYKAA,2022-09-26 20:19:00,2022-09-22,2022-09-22,2022-09-22,-,ESOP,Buy,Equity Shares,1500.0,0.0,0.0,0.0,0.0,68.0,0.0,1568.0,0.0
NYKAA,2022-09-26 20:19:00,2022-09-22,2022-09-22,2022-09-22,-,ESOP,Buy,Equity Shares,1600.0,0.0,0.0,0.0,0.0,100.0,0.0,1700.0,0.0
NYKAA,2022-09-26 20:19:00,2022-09-22,2022-09-22,2022-09-22,-,ESOP,Buy,Equity Shares,2150.0,0.0,0.0,0.0,0.0,2918.0,0.0,5068.0,0.0
NYKAA,2022-09-26 20:19:00,2022-09-22,2022-09-22,2022-09-22,-,ESOP,Buy,Equity Shares,12190.0,0.0,0.0,0.0,0.0,6190.0,0.0,6190.0,0.0
NYKAA,2022-09-26 20:19:00,2022-09-26,2022-09-08,2022-09-26,-,Market Sale,Sell,Equity Shares,1650.0,0.0,0.0,0.0,0.0,3418.0,0.0,1768.0,0.0
NYKAA,2022-09-26 20:19:00,2022-09-22,2022-09-22,2022-09-22,-,ESOP,Buy,Equity Shares,5000.0,0.0,0.0,0.0,0.0,39618.0,0.0,44618.0,0.0
NYKAA,2022-09-26 20:19:00,2022-09-22,2022-09-22,2022-09-22,-,ESOP,Buy,Equity Shares,3000.0,0.0,0.0,0.0,0.0,418.0,0.0,3418.0,0.0
NYKAA,2022-09-26 20:19:00,2022-09-22,2022-09-22,2022-09-22,-,ESOP,Buy,Equity Shares,10200.0,0.0,0.0,0.0,0.0,132300.0,0.02,142500.0,0.03
NYKAA,2022-09-26 20:19:00,2022-09-22,2022-09-22,2022-09-22,-,ESOP,Buy,Equity Shares,1300.0,0.0,0.0,0.0,0.0,418.0,0.0,1718.0,0.0
NYKAA,2022-09-26 20:19:00,2022-09-22,2022-09-22,2022-09-22,-,ESOP,Buy,Equity Shares,1600.0,0.0,0.0,0.0,0.0,,0.0,1600.0,0.0
NYKAA,2022-09-26 20:19:00,2022-09-22,2022-09-22,2022-09-22,-,ESOP,Buy,Equity Shares,4000.0,0.0,0.0,0.0,0.0,418.0,0.0,4418.0,0.0
NYKAA,2022-09-26 20:19:00,2022-09-22,2022-09-22,2022-09-22,-,ESOP,Buy,Equity Shares,1300.0,0.0,0.0,0.0,0.0,30390.0,0.0,31690.0,0.0
NYKAA,2022-09-26 20:19:00,2022-09-22,2022-09-22,2022-09-22,-,ESOP,Buy,Equity Shares,1650.0,0.0,0.0,0.0,0.0,200.0,0.0,1850.0,0.0
NYKAA,2022-09-26 20:19:00,2022-09-22,2022-09-22,2022-09-22,-,ESOP,Buy,Equity Shares,1500.0,0.0,0.0,0.0,0.0,334.0,0.0,1834.0,0.0
NYKAA,2022-09-26 20:19:00,2022-09-22,2022-09-22,2022-09-22,-,ESOP,Buy,Equity Shares,3000.0,0.0,0.0,0.0,0.0,10018.0,0.0,13018.0,0.0
NYKAA,2022-09-26 20:19:00,2022-09-22,2022-09-22,2022-09-22,-,-,Buy,Equity Shares,13500.0,0.0,0.0,0.0,0.0,30418.0,0.0,43918.0,0.0
NYKAA,2022-09-26 20:19:00,2022-09-22,2022-09-22,2022-09-22,-,-,Buy,Equity Shares,2200.0,0.0,0.0,0.0,0.0,1502.0,0.0,3702.0,0.0
NYKAA,2022-09-26 20:19:00,2022-09-23,2022-09-20,2022-09-23,-,-,Sell,Equity Shares,8000.0,0.0,0.0,0.0,0.0,83418.0,0.01,75418.0,0.01
NYKAA,2022-09-26 20:19:00,2022-09-22,2022-09-22,2022-09-22,-,-,Buy,Equity Shares,1500.0,0.0,0.0,0.0,0.0,,0.0,1500.0,0.0
NYKAA,2022-09-26 20:19:00,2022-09-22,2022-09-22,2022-09-22,-,-,Buy,Equity Shares,1500.0,0.0,0.0,0.0,0.0,440.0,0.0,1940.0,0.0
NYKAA,2022-09-26 20:19:00,2022-09-22,2022-09-22,2022-09-22,-,-,Buy,Equity Shares,1500.0,0.0,0.0,0.0,0.0,68.0,0.0,1568.0,0.0
NYKAA,2022-09-26 20:19:00,2022-09-22,2022-09-22,2022-09-22,-,-,Buy,Equity Shares,1600.0,0.0,0.0,0.0,0.0,100.0,0.0,1700.0,0.0
NYKAA,2022-09-26 20:19:00,2022-09-22,2022-09-22,2022-09-22,-,-,Buy,Equity Shares,2150.0,0.0,0.0,0.0,0.0,2918.0,0.0,5068.0,0.0
NYKAA,2022-09-26 20:19:00,2022-09-22,2022-09-22,2022-09-22,-,-,Buy,Equity Shares,12190.0,0.0,0.0,0.0,0.0,6190.0,0.0,6190.0,0.0
NYKAA,2022-09-26 20:19:00,2022-09-26,2022-09-08,2022-09-26,-,-,-,Equity Shares,1650.0,0.0,0.0,0.0,0.0,3418.0,0.0,1768.0,0.0
NYKAA,2022-09-26 20:19:00,2022-09-22,2022-09-22,2022-09-22,-,-,Buy,Equity Shares,10000.0,0.0,0.0,0.0,0.0,60000.0,0.01,70000.0,0.01
NYKAA,2022-09-26 20:19:00,2022-09-22,2022-09-22,2022-09-22,-,-,Buy,Equity Shares,5000.0,0.0,0.0,0.0,0.0,39618.0,0.0,44618.0,0.0
NYKAA,2022-09-26 20:19:00,2022-09-22,2022-09-22,2022-09-22,-,-,Buy,Equity Shares,3000.0,0.0,0.0,0.0,0.0,418.0,0.0,3418.0,0.0
NYKAA,2022-09-26 20:19:00,2022-09-22,2022-09-22,2022-09-22,-,-,Buy,Equity Shares,10200.0,0.0,0.0,0.0,0.0,132300.0,0.02,142500.0,0.03
NYKAA,2022-09-26 20:19:00,2022-09-22,2022-09-22,2022-09-22,-,-,Buy,Equity Shares,1300.0,0.0,0.0,0.0,0.0,418.0,0.0,1718.0,0.0
NYKAA,2022-09-26 20:19:00,2022-09-22,2022-09-22,2022-09-22,-,-,Buy,Equity Shares,1600.0,0.0,0.0,0.0,0.0,,0.0,1600.0,0.0
NYKAA,2022-09-26 20:19:00,2022-09-22,2022-09-22,2022-09-22,-,-,Buy,Equity Shares,4000.0,0.0,0.0,0.0,0.0,418.0,0.0,4418.0,0.0
NYKAA,2022-09-26 20:19:00,2022-09-22,2022-09-22,2022-09-22,-,-,Buy,Equity Shares,1300.0,0.0,0.0,0.0,0.0,30390.0,0.0,31690.0,0.0
NYKAA,2022-09-26 20:19:00,2022-09-22,2022-09-22,2022-09-22,-,-,Buy,Equity Shares,1650.0,0.0,0.0,0.0,0.0,200.0,0.0,1850.0,0.0
NYKAA,2022-09-26 20:19:00,2022-09-22,2022-09-22,2022-09-22,-,-,Buy,Equity Shares,1500.0,0.0,0.0,0.0,0.0,334.0,0.0,1834.0,0.0
NYKAA,2022-09-26 20:19:00,2022-09-22,2022-09-22,2022-09-22,-,-,Buy,Equity Shares,3000.0,0.0,0.0,0.0,0.0,10018.0,0.0,13018.0,0.0
NYKAA,2022-09-26 20:19:00,2022-09-22,2022-09-22,2022-09-22,-,-,Buy,Equity Shares,21400.0,0.0,0.0,0.0,0.0,,0.0,21400.0,0.0
NYKAA,2022-09-26 20:19:00,2022-09-22,2022-09-22,2022-09-22,-,-,Buy,Equity Shares,1500.0,0.0,0.0,0.0,0.0,50.0,0.0,1550.0,0.0
NYKAA,2022-09-26 20:19:00,2022-09-22,2022-09-22,2022-09-22,-,-,Buy,Equity Shares,1500.0,0.0,0.0,0.0,0.0,12.0,0.0,1512.0,0.0
NYKAA,2022-09-26 20:19:00,2022-09-22,2022-09-22,2022-09-22,-,-,Buy,Equity Shares,3900.0,0.0,0.0,0.0,0.0,1568.0,0.0,5468.0,0.0
NYKAA,2022-09-26 20:19:00,2022-09-22,2022-09-22,2022-09-22,-,-,Buy,Equity Shares,1500.0,0.0,0.0,0.0,0.0,,0.0,1500.0,0.0
NYKAA,2022-09-26 20:19:00,2022-09-22,2022-09-22,2022-09-22,-,-,Buy,Equity Shares,1400.0,0.0,0.0,0.0,0.0,418.0,0.0,1818.0,0.0
NYKAA,2022-09-26 20:19:00,2022-09-22,2022-09-22,2022-09-22,-,-,Buy,Equity Shares,2000.0,0.0,0.0,0.0,0.0,,0.0,2000.0,0.0
NYKAA,2022-09-26 20:19:00,2022-09-22,2022-09-22,2022-09-22,-,-,Buy,Equity Shares,1500.0,0.0,0.0,0.0,0.0,68.0,0.0,1568.0,0.0
NYKAA,2022-09-26 20:19:00,2022-09-22,2022-09-22,2022-09-22,-,ESOP,Buy,Equity Shares,5000.0,0.0,0.0,0.0,0.0,39618.0,0.0,44618.0,0.0
NYKAA,2022-09-26 20:19:00,2022-09-22,2022-09-22,2022-09-22,-,ESOP,Buy,Equity Shares,3000.0,0.0,0.0,0.0,0.0,418.0,0.0,3418.0,0.0
NYKAA,2022-09-26 20:19:00,2022-09-22,2022-09-22,2022-09-22,-,ESOP,Buy,Equity Shares,10200.0,0.0,0.0,0.0,0.0,132300.0,0.02,142500.0,0.03
NYKAA,2022-09-26 20:19:00,2022-09-22,2022-09-22,2022-09-22,-,ESOP,Buy,Equity Shares,1300.0,0.0,0.0,0.0,0.0,418.0,0.0,1718.0,0.0
NYKAA,2022-09-26 20:19:00,2022-09-22,2022-09-22,2022-09-22,-,ESOP,Buy,Equity Shares,1600.0,0.0,0.0,0.0,0.0,,0.0,1600.0,0.0
NYKAA,2022-09-26 20:19:00,2022-09-22,2022-09-22,2022-09-22,-,ESOP,Buy,Equity Shares,4000.0,0.0,0.0,0.0,0.0,418.0,0.0,4418.0,0.0
NYKAA,2022-09-26 20:19:00,2022-09-22,2022-09-22,2022-09-22,-,ESOP,Buy,Equity Shares,1300.0,0.0,0.0,0.0,0.0,30390.0,0.0,31690.0,0.0
NYKAA,2022-09-26 20:19:00,2022-09-22,2022-09-22,2022-09-22,-,ESOP,Buy,Equity Shares,1650.0,0.0,0.0,0.0,0.0,200.0,0.0,1850.0,0.0
NYKAA,2022-09-26 20:19:00,2022-09-22,2022-09-22,2022-09-22,-,ESOP,Buy,Equity Shares,1500.0,0.0,0.0,0.0,0.0,334.0,0.0,1834.0,0.0
NYKAA,2022-09-26 20:19:00,2022-09-22,2022-09-22,2022-09-22,-,ESOP,Buy,Equity Shares,3000.0,0.0,0.0,0.0,0.0,10018.0,0.0,13018.0,0.0
NYKAA,2022-09-26 20:19:00,2022-09-22,2022-09-22,2022-09-22,-,ESOP,Buy,Equity Shares,21400.0,0.0,0.0,0.0,0.0,,0.0,21400.0,0.0
NYKAA,2022-09-26 20:19:00,2022-09-22,2022-09-22,2022-09-22,-,ESOP,Buy,Equity Shares,1500.0,0.0,0.0,0.0,0.0,50.0,0.0,1550.0,0.0
NYKAA,2022-09-26 20:19:00,2022-09-22,2022-09-22,2022-09-22,-,ESOP,Buy,Equity Shares,1500.0,0.0,0.0,0.0,0.0,12.0,0.0,1512.0,0.0
NYKAA,2022-09-26 20:19:00,2022-09-22,2022-09-22,2022-09-22,-,ESOP,Buy,Equity Shares,3900.0,0.0,0.0,0.0,0.0,1568.0,0.0,5468.0,0.0
NYKAA,2022-09-26 20:19:00,2022-09-22,2022-09-22,2022-09-22,-,ESOP,Buy,Equity Shares,1500.0,0.0,0.0,0.0,0.0,,0.0,1500.0,0.0
NYKAA,2022-09-26 20:19:00,2022-09-22,2022-09-22,2022-09-22,-,ESOP,Buy,Equity Shares,1400.0,0.0,0.0,0.0,0.0,418.0,0.0,1818.0,0.0
NYKAA,2022-09-26 20:19:00,2022-09-22,2022-09-22,2022-09-22,-,ESOP,Buy,Equity Shares,2000.0,0.0,0.0,0.0,0.0,,0.0,2000.0,0.0
NYKAA,2022-09-26 20:19:00,2022-09-22,2022-09-22,2022-09-22,-,ESOP,Buy,Equity Shares,1500.0,0.0,0.0,0.0,0.0,68.0,0.0,1568.0,0.0
NYKAA,2022-09-26 20:19:00,2022-09-22,2022-09-22,2022-09-22,-,ESOP,Buy,Equity Shares,10000.0,0.0,0.0,0.0,0.0,60000.0,0.01,70000.0,0.01
NYKAA,2022-09-26 20:19:00,2022-09-22,2022-09-22,2022-09-22,-,ESOP,Buy,Equity Shares,13500.0,0.0,0.0,0.0,0.0,30418.0,0.0,43918.0,0.0
NYKAA,2022-09-26 20:19:00,2022-09-22,2022-09-22,2022-09-22,-,ESOP,Buy,Equity Shares,2200.0,0.0,0.0,0.0,0.0,1502.0,0.0,3702.0,0.0
NYKAA,2022-09-26 20:19:00,2022-09-23,2022-09-20,2022-09-23,-,Market Sale,Sell,Equity Shares,8000.0,0.0,0.0,0.0,0.0,83418.0,0.01,75418.0,0.01
NYKAA,2022-09-26 20:19:00,2022-09-22,2022-09-22,2022-09-22,-,ESOP,Buy,Equity Shares,1500.0,0.0,0.0,0.0,0.0,,0.0,1500.0,0.0
NYKAA,2022-09-26 20:19:00,2022-09-22,2022-09-22,2022-09-22,-,ESOP,Buy,Equity Shares,1500.0,0.0,0.0,0.0,0.0,440.0,0.0,1940.0,0.0
NYKAA,2022-09-26 20:19:00,2022-09-22,2022-09-22,2022-09-22,-,ESOP,Buy,Equity Shares,1500.0,0.0,0.0,0.0,0.0,68.0,0.0,1568.0,0.0
NYKAA,2022-09-26 20:19:00,2022-09-22,2022-09-22,2022-09-22,-,ESOP,Buy,Equity Shares,1600.0,0.0,0.0,0.0,0.0,100.0,0.0,1700.0,0.0
NYKAA,2022-09-26 20:19:00,2022-09-22,2022-09-22,2022-09-22,-,ESOP,Buy,Equity Shares,2150.0,0.0,0.0,0.0,0.0,2918.0,0.0,5068.0,0.0
NYKAA,2022-09-26 20:19:00,2022-09-22,2022-09-22,2022-09-22,-,ESOP,Buy,Equity Shares,12190.0,0.0,0.0,0.0,0.0,6190.0,0.0,6190.0,0.0
NYKAA,2022-09-26 20:19:00,2022-09-26,2022-09-08,2022-09-26,-,Market Sale,-,Equity Shares,1650.0,0.0,0.0,0.0,0.0,3418.0,0.0,1768.0,0.0
NYKAA,2022-09-26 20:19:00,2022-09-22,2022-09-22,2022-09-22,-,ESOP,Buy,Equity Shares,1500.0,0.0,0.0,0.0,0.0,50.0,0.0,1550.0,0.0
NYKAA,2022-09-26 20:19:00,2022-09-22,2022-09-22,2022-09-22,-,ESOP,Buy,Equity Shares,1500.0,0.0,0.0,0.0,0.0,12.0,0.0,1512.0,0.0
NYKAA,2022-09-26 20:19:00,2022-09-22,2022-09-22,2022-09-22,-,ESOP,Buy,Equity Shares,3900.0,0.0,0.0,0.0,0.0,1568.0,0.0,5468.0,0.0
NYKAA,2022-09-26 20:19:00,2022-09-22,2022-09-22,2022-09-22,-,ESOP,Buy,Equity Shares,1500.0,0.0,0.0,0.0,0.0,,0.0,1500.0,0.0
NYKAA,2022-09-26 20:19:00,2022-09-22,2022-09-22,2022-09-22,-,ESOP,Buy,Equity Shares,1400.0,0.0,0.0,0.0,0.0,418.0,0.0,1818.0,0.0
NYKAA,2022-09-26 20:19:00,2022-09-22,2022-09-22,2022-09-22,-,ESOP,Buy,Equity Shares,2000.0,0.0,0.0,0.0,0.0,,0.0,2000.0,0.0
NYKAA,2022-09-26 20:19:00,2022-09-22,2022-09-22,2022-09-22,-,ESOP,Buy,Equity Shares,1500.0,0.0,0.0,0.0,0.0,68.0,0.0,1568.0,0.0
NYKAA,2022-09-26 20:19:00,2022-09-22,2022-09-22,2022-09-22,-,ESOP,Buy,Equity Shares,10000.0,0.0,0.0,0.0,0.0,60000.0,0.01,70000.0,0.01
NYKAA,2022-09-26 20:19:00,2022-09-22,2022-09-22,2022-09-22,-,ESOP,Buy,Equity Shares,13500.0,0.0,0.0,0.0,0.0,30418.0,0.0,43918.0,0.0
NYKAA,2022-09-26 20:19:00,2022-09-22,2022-09-22,2022-09-22,-,ESOP,Buy,Equity Shares,21400.0,0.0,0.0,0.0,0.0,,0.0,21400.0,0.0
NYKAA,2022-09-26 20:19:00,2022-09-22,2022-09-22,2022-09-22,-,ESOP,Buy,Equity Shares,2200.0,0.0,0.0,0.0,0.0,1502.0,0.0,3702.0,0.0
NYKAA,2022-09-26 20:19:00,2022-09-23,2022-09-20,2022-09-23,-,Market Sale,Sell,Equity Shares,8000.0,0.0,0.0,0.0,0.0,83418.0,0.01,75418.0,0.01
NYKAA,2022-09-26 20:19:00,2022-09-22,2022-09-22,2022-09-22,-,ESOP,Buy,Equity Shares,1500.0,0.0,0.0,0.0,0.0,,0.0,1500.0,0.0
NYKAA,2022-09-26 20:19:00,2022-09-22,2022-09-22,2022-09-22,-,ESOP,Buy,Equity Shares,1500.0,0.0,0.0,0.0,0.0,440.0,0.0,1940.0,0.0
NYKAA,2022-09-26 20:19:00,2022-09-22,2022-09-22,2022-09-22,-,ESOP,Buy,Equity Shares,1500.0,0.0,0.0,0.0,0.0,68.0,0.0,1568.0,0.0
NYKAA,2022-09-26 20:19:00,2022-09-22,2022-09-22,2022-09-22,-,ESOP,Buy,Equity Shares,1600.0,0.0,0.0,0.0,0.0,100.0,0.0,1700.0,0.0
NYKAA,2022-09-26 20:19:00,2022-09-22,2022-09-22,2022-09-22,-,ESOP,Buy,Equity Shares,2150.0,0.0,0.0,0.0,0.0,2918.0,0.0,5068.0,0.0
NYKAA,2022-09-26 20:19:00,2022-09-22,2022-09-22,2022-09-22,-,ESOP,Buy,Equity Shares,12190.0,0.0,0.0,0.0,0.0,6190.0,0.0,6190.0,0.0
NYKAA,2022-09-26 20:19:00,2022-09-26,2022-09-08,2022-09-26,-,Market Sale,-,Equity Shares,1650.0,0.0,0.0,0.0,0.0,3418.0,0.0,1768.0,0.0
NYKAA,2022-09-26 20:19:00,2022-09-22,2022-09-22,2022-09-22,-,ESOP,Buy,Equity Shares,5000.0,0.0,0.0,0.0,0.0,39618.0,0.0,44618.0,0.0
NYKAA,2022-09-26 20:19:00,2022-09-22,2022-09-22,2022-09-22,-,ESOP,Buy,Equity Shares,3000.0,0.0,0.0,0.0,0.0,418.0,0.0,3418.0,0.0
NYKAA,2022-09-28 20:42:00,2022-09-28,2022-09-26,2022-09-27,-,Market Sale,Sell,Equity Shares,5150.0,0.0,0.0,0.0,0.0,5468.0,0.0,318.0,0.0
NYKAA,2022-09-28 20:42:00,2022-09-28,2022-09-27,2022-09-27,-,Market Sale,Sell,Equity Shares,1100.0,0.0,0.0,0.0,0.0,1512.0,0.0,412.0,0.0
NYKAA,2022-09-28 20:42:00,2022-09-27,2022-09-27,2022-09-27,-,Market Sale,Sell,Equity Shares,21400.0,0.0,0.0,0.0,0.0,21400.0,0.0,,0.0
NYKAA,2022-09-28 20:42:00,2022-09-27,2022-09-01,2022-09-27,-,Market Sale,Sell,Equity Shares,1418.0,0.0,0.0,0.0,0.0,1918.0,0.0,500.0,0.0
NYKAA,2022-09-28 20:42:00,2022-09-28,2022-09-26,2022-09-27,-,Market Sale,Sell,Equity Shares,2300.0,0.0,0.0,0.0,0.0,2300.0,0.0,,0.0
NYKAA,2022-09-30 21:13:00,2022-09-29,2022-09-27,2022-09-29,-,Market Sale,Sell,Equity Shares,1550.0,0.0,0.0,0.0,0.0,1850.0,0.0,300.0,0.0
NYKAA,2022-09-30 21:13:00,2022-09-29,2022-09-27,2022-09-29,-,Market Sale,Sell,Equity Shares,630.0,0.0,0.0,0.0,0.0,800.0,0.0,170.0,0.0
NYKAA,2022-09-30 21:13:00,2022-09-29,2022-09-27,2022-09-27,-,Market Sale,Sell,Equity Shares,279.0,0.0,0.0,0.0,0.0,184242.0,0.3,183963.0,0.3
NYKAA,2022-09-30 21:13:00,2022-09-30,2022-09-30,2022-09-30,-,Market Sale,Sell,Equity Shares,1600.0,0.0,0.0,0.0,0.0,1600.0,0.0,,0.0
NYKAA,2022-09-30 21:13:00,2022-09-30,2022-09-30,2022-09-30,-,Market Sale,Sell,Equity Shares,2156.0,0.0,0.0,0.0,0.0,2156.0,0.0,,0.0
NYKAA,2022-09-30 21:13:00,2022-09-28,2022-09-28,2022-09-28,-,Market Sale,Sell,Equity Shares,1500.0,0.0,0.0,0.0,0.0,1568.0,0.0,68.0,0.0
NYKAA,2022-09-30 21:13:00,2022-09-29,2022-09-27,2022-09-27,-,Market Sale,Sell,Equity Shares,1500.0,0.0,0.0,0.0,0.0,1550.0,0.0,50.0,0.0
NYKAA,2022-09-30 21:13:00,2022-09-30,2022-09-29,2022-09-29,-,Market Sale,Sell,Equity Shares,3000.0,0.0,0.0,0.0,0.0,19030.0,0.0,16030.0,0.0
NYKAA,2022-09-30 21:13:00,2022-09-30,2022-09-30,2022-09-30,-,Market Sale,Sell,Equity Shares,2000.0,0.0,0.0,0.0,0.0,60000.0,0.01,58000.0,0.01
NYKAA,2022-09-30 21:13:00,2022-09-28,2022-09-26,2022-09-26,-,Market Sale,Sell,Equity Shares,8500.0,0.0,0.0,0.0,0.0,8500.0,0.0,,0.0
NYKAA,2022-09-30 21:13:00,2022-09-30,2022-09-29,2022-09-29,-,Market Sale,Sell,Equity Shares,3000.0,0.0,0.0,0.0,0.0,3418.0,0.0,418.0,0.0
NYKAA,2022-09-30 21:13:00,2022-09-30,2022-09-27,2022-09-27,-,Market Sale,Sell,Equity Shares,1200.0,0.0,0.0,0.0,0.0,7618.0,0.0,6418.0,0.0
NYKAA,2022-09-30 21:13:00,2022-09-30,2022-09-30,2022-09-30,-,Market Sale,Sell,Equity Shares,745.0,0.0,0.0,0.0,0.0,45918.0,0.0,45173.0,0.0
NYKAA,2022-09-30 21:13:00,2022-09-30,2022-09-29,2022-09-29,-,Market Sale,Sell,Equity Shares,2150.0,0.0,0.0,0.0,0.0,5068.0,0.0,2918.0,0.0
NYKAA,2022-09-30 21:13:00,2022-09-30,2022-09-29,2022-09-29,-,Market Sale,Sell,Equity Shares,7800.0,0.0,0.0,0.0,0.0,22800.0,0.0,15000.0,0.0
NYKAA,2022-09-30 21:13:00,2022-09-29,2022-09-28,2022-09-28,-,Market Sale,Sell,Equity Shares,3000.0,0.0,0.0,0.0,0.0,3418.0,0.0,418.0,0.0
NYKAA,2022-09-30 21:13:00,2022-09-30,2022-09-28,2022-09-28,-,Market Sale,Sell,Equity Shares,400.0,0.0,0.0,0.0,0.0,412.0,0.0,12.0,0.0
NYKAA,2022-09-30 21:13:00,2022-09-30,2022-09-28,2022-09-28,-,Market Sale,Sell,Equity Shares,2000.0,0.0,0.0,0.0,0.0,4418.0,0.0,2418.0,0.0
NYKAA,2022-09-30 21:13:00,2022-09-29,2022-09-29,2022-09-29,-,Market Sale,Sell,Equity Shares,500.0,0.0,0.0,0.0,0.0,500.0,0.0,,0.0
NYKAA,2022-09-30 21:13:00,2022-09-30,2022-09-28,2022-09-28,-,Market Sale,Sell,Equity Shares,37100.0,0.0,0.0,0.0,0.0,37518.0,0.0,418.0,0.0
NYKAA,2022-09-30 21:13:00,2022-09-29,2022-09-28,2022-09-29,-,Market Sale,Sell,Equity Shares,1600.0,0.0,0.0,0.0,0.0,2018.0,0.0,418.0,0.0
NYKAA,2022-09-30 21:13:00,2022-09-30,2022-09-29,2022-09-30,-,Market Sale,Sell,Equity Shares,2000.0,0.0,0.0,0.0,0.0,12190.0,0.0,10190.0,0.0
NYKAA,2022-10-03 20:54:00,2022-09-30,2022-09-27,2022-09-30,-,Market Sale,Sell,Equity Shares,22500.0,0.0,0.0,0.0,0.0,74481.0,0.1,51981.0,0.1
NYKAA,2022-10-03 20:54:00,2022-10-01,2022-09-30,2022-09-30,-,Market Sale,Sell,Equity Shares,750.0,0.0,0.0,0.0,0.0,31690.0,0.0,30940.0,0.0
NYKAA,2022-10-03 20:54:00,2022-09-29,2022-09-27,2022-09-29,-,Market Sale,Sell,Equity Shares,2700.0,0.0,0.0,0.0,0.0,2700.0,0.0,,0.0
NYKAA,2022-10-03 20:54:00,2022-10-03,2022-09-29,2022-09-29,-,Market Sale,Sell,Equity Shares,700.0,0.0,0.0,0.0,0.0,1178.0,0.0,478.0,0.0
NYKAA,2022-10-03 20:54:00,2022-10-03,2022-09-30,2022-09-30,-,Market Sale,Sell,Equity Shares,2156.0,0.0,0.0,0.0,0.0,2156.0,0.0,,0.0
NYKAA,2022-11-01 22:42:00,2022-10-30,2022-10-30,2022-10-30,-,ESOP,Buy,Equity Shares,4500.0,0.0,0.0,0.0,0.0,8840.0,0.0,13340.0,0.0
NYKAA,2022-11-01 22:42:00,2022-10-30,2022-10-30,2022-10-30,-,ESOP,Buy,Equity Shares,6000.0,0.0,0.0,0.0,0.0,14518.0,0.0,20518.0,0.0
NYKAA,2022-11-01 22:42:00,2022-10-30,2022-10-30,2022-10-30,-,ESOP,Buy,Equity Shares,1500.0,0.0,0.0,0.0,0.0,68.0,0.0,1568.0,0.0
NYKAA,2022-11-01 22:42:00,2022-10-30,2022-10-30,2022-10-30,-,ESOP,Buy,Equity Shares,33750.0,0.0,0.0,0.0,0.0,154168.0,0.03,187918.0,0.03
NYKAA,2022-11-01 22:42:00,2022-10-30,2022-10-30,2022-10-30,-,ESOP,Buy,Equity Shares,1300.0,0.0,0.0,0.0,0.0,,0.0,1300.0,0.0
NYKAA,2022-11-01 22:42:00,2022-10-30,2022-10-30,2022-10-30,-,ESOP,Buy,Equity Shares,1600.0,0.0,0.0,0.0,0.0,180.0,0.0,1780.0,0.0
NYKAA,2022-11-01 22:42:00,2022-10-30,2022-10-30,2022-10-30,-,ESOP,Buy,Equity Shares,6000.0,0.0,0.0,0.0,0.0,8900.0,0.0,14900.0,0.0
NYKAA,2022-11-01 22:42:00,2022-10-30,2022-10-30,2022-10-30,-,ESOP,Buy,Equity Shares,3000.0,0.0,0.0,0.0,0.0,72418.0,0.01,75418.0,0.01
NYKAA,2022-11-01 22:42:00,2022-10-30,2022-10-30,2022-10-30,-,ESOP,Buy,Equity Shares,3000.0,0.0,0.0,0.0,0.0,3418.0,0.0,6418.0,0.0
NYKAA,2022-11-01 22:42:00,2022-10-30,2022-10-30,2022-10-30,-,ESOP,Buy,Equity Shares,3000.0,0.0,0.0,0.0,0.0,3023.0,0.0,6023.0,0.0
NYKAA,2022-11-01 22:42:00,2022-10-30,2022-10-30,2022-10-30,-,ESOP,Buy,Equity Shares,1600.0,0.0,0.0,0.0,0.0,240.0,0.0,1840.0,0.0
NYKAA,2022-11-01 22:42:00,2022-10-30,2022-10-30,2022-10-30,-,ESOP,Buy,Equity Shares,15800.0,0.0,0.0,0.0,0.0,9000.0,0.0,24800.0,0.0
NYKAA,2022-11-01 22:42:00,2022-10-30,2022-10-30,2022-10-30,-,ESOP,Buy,Equity Shares,5550.0,0.0,0.0,0.0,0.0,418.0,0.0,5968.0,0.0
NYKAA,2022-11-01 22:42:00,2022-10-30,2022-10-30,2022-10-30,-,ESOP,Buy,Equity Shares,6750.0,0.0,0.0,0.0,0.0,418.0,0.0,7168.0,0.0
NYKAA,2022-11-01 22:42:00,2022-10-30,2022-10-30,2022-10-30,-,ESOP,Buy,Equity Shares,7500.0,0.0,0.0,0.0,0.0,3951.0,0.0,11451.0,0.0
NYKAA,2022-11-01 22:42:00,2022-10-30,2022-10-30,2022-10-30,-,ESOP,Buy,Equity Shares,3000.0,0.0,0.0,0.0,0.0,3418.0,0.0,6418.0,0.0
NYKAA,2022-11-01 22:42:00,2022-10-30,2022-10-30,2022-10-30,-,ESOP,Buy,Equity Shares,2000.0,0.0,0.0,0.0,0.0,,0.0,2000.0,0.0
NYKAA,2022-11-01 22:42:00,2022-10-30,2022-10-30,2022-10-30,-,ESOP,Buy,Equity Shares,4800.0,0.0,0.0,0.0,0.0,27600.0,0.0,32400.0,0.0
NYKAA,2022-11-01 22:42:00,2022-10-30,2022-10-30,2022-10-30,-,ESOP,Buy,Equity Shares,3000.0,0.0,0.0,0.0,0.0,2000.0,0.0,5000.0,0.0
NYKAA,2022-11-01 22:42:00,2022-10-30,2022-10-30,2022-10-30,-,ESOP,Buy,Equity Shares,19800.0,0.0,0.0,0.0,0.0,7800.0,0.0,27600.0,0.0
NYKAA,2022-11-01 22:42:00,2022-10-30,2022-10-30,2022-10-30,-,ESOP,Buy,Equity Shares,3000.0,0.0,0.0,0.0,0.0,6418.0,0.0,9418.0,0.0
NYKAA,2022-11-09 19:54:00,2022-11-07,2022-11-07,2022-11-07,-,Market Sale,Sell,Equity Shares,500.0,0.0,0.0,0.0,0.0,2818.0,0.0,2318.0,0.0
NYKAA,2022-11-09 19:54:00,2022-11-07,2022-11-04,2022-11-04,-,Market Sale,Sell,Equity Shares,2000.0,0.0,0.0,0.0,0.0,2000.0,0.0,,0.0
NYKAA,2022-11-09 19:54:00,2022-11-05,2022-11-04,2022-11-04,-,Market Sale,Sell,Equity Shares,15800.0,0.0,0.0,0.0,0.0,15800.0,0.0,,0.0
NYKAA,2022-11-14 19:48:00,2022-11-11,2022-11-09,2022-11-09,-,Market Sale,Sell,Equity Shares,450000.0,0.0,0.0,0.0,0.0,1431008.0,0.3,981008.0,0.21
NYKAA,2022-11-14 19:48:00,2022-11-11,2022-11-04,2022-11-11,-,Market Sale,Sell,Equity Shares,9050.0,0.0,0.0,0.0,0.0,24736.0,0.0,15686.0,0.0
NYKAA,2022-11-14 19:48:00,2022-11-10,2022-11-04,2022-11-07,-,Market Sale,Sell,Equity Shares,5550.0,0.0,0.0,0.0,0.0,11316.0,0.0,5766.0,0.0
NYKAA,2022-11-14 19:48:00,2022-11-10,2022-11-07,2022-11-07,-,Market Sale,Sell,Equity Shares,2500.0,0.0,0.0,0.0,0.0,14900.0,0.0,12400.0,0.0
NYKAA,2022-11-16 18:50:00,2022-11-14,2022-11-14,2022-11-14,-,Market Sale,Sell,Equity Shares,9000.0,0.0,0.0,0.0,0.0,45173.0,0.0,36173.0,0.0
NYKAA,2022-11-21 19:21:00,2022-11-18,2022-11-18,2022-11-18,-,Market Sale,Sell,Equity Shares,10000.0,0.0,0.0,0.0,0.0,123108.0,0.0,113108.0,0.0
NYKAA,2022-11-28 20:07:00,2022-11-25,2022-11-25,2022-11-25,-,Market Sale,Sell,Equity Shares,15000.0,0.0,0.0,0.0,0.0,113108.0,0.0,98108.0,0.0
NYKAA,2022-12-15 19:16:00,2022-12-13,2022-11-25,2022-12-02,-,Market Sale,Sell,Equity Shares,10000.0,0.0,0.0,0.0,0.0,134208.0,0.0,124208.0,0.0
NYKAA,2022-12-22 17:29:00,2022-12-19,2022-12-19,2022-12-19,-,ESOP,Buy,Equity Shares,25200.0,0.0,0.0,0.0,0.0,229308.0,0.01,254508.0,0.01
NYKAA,2022-12-22 17:29:00,2022-12-19,2022-12-19,2022-12-19,-,ESOP,Buy,Equity Shares,167400.0,0.0,0.0,0.0,0.0,798228.0,0.02,965628.0,0.03
NYKAA,2022-12-22 17:29:00,2022-12-19,2022-12-19,2022-12-19,-,ESOP,Buy,Equity Shares,112500.0,0.0,0.0,0.0,0.0,1127508.0,0.04,1240008.0,0.04
NYKAA,2022-12-22 17:29:00,2022-12-19,2022-12-19,2022-12-19,-,ESOP,Buy,Equity Shares,144900.0,0.0,0.0,0.0,0.0,2508.0,0.0,147408.0,0.01
NYKAA,2022-12-22 17:29:00,2022-12-19,2022-12-19,2022-12-19,-,ESOP,Buy,Equity Shares,135000.0,0.0,0.0,0.0,0.0,195000.0,0.01,330000.0,0.01
NYKAA,2022-12-22 17:29:00,2022-12-19,2022-12-19,2022-12-19,-,ESOP,Buy,Equity Shares,70400.0,0.0,0.0,0.0,0.0,,0.0,70400.0,0.0
NYKAA,2022-12-22 17:29:00,2022-12-19,2022-12-19,2022-12-19,-,ESOP,Buy,Equity Shares,32400.0,0.0,0.0,0.0,0.0,83508.0,0.0,115908.0,0.0
NYKAA,2022-12-22 17:29:00,2022-12-19,2022-12-19,2022-12-19,-,ESOP,Buy,Equity Shares,32400.0,0.0,0.0,0.0,0.0,,0.0,32400.0,0.0
NYKAA,2022-12-22 17:29:00,2022-12-19,2022-12-19,2022-12-19,-,ESOP,Buy,Equity Shares,50400.0,0.0,0.0,0.0,0.0,,0.0,50400.0,0.0
NYKAA,2022-12-22 17:29:00,2022-12-19,2022-12-19,2022-12-19,-,ESOP,Buy,Equity Shares,9600.0,0.0,0.0,0.0,0.0,,0.0,9600.0,0.0
NYKAA,2022-12-22 17:29:00,2022-12-19,2022-12-19,2022-12-19,-,ESOP,Buy,Equity Shares,25200.0,0.0,0.0,0.0,0.0,212280.0,0.01,237480.0,0.01
NYKAA,2022-12-22 17:29:00,2022-12-19,2022-12-19,2022-12-19,-,ESOP,Buy,Equity Shares,35200.0,0.0,0.0,0.0,0.0,,0.0,35200.0,0.0
NYKAA,2022-12-22 17:29:00,2022-12-19,2022-12-19,2022-12-19,-,ESOP,Buy,Equity Shares,22440.0,0.0,0.0,0.0,0.0,,0.0,22440.0,0.0
NYKAA,2022-12-22 17:29:00,2022-12-19,2022-12-19,2022-12-19,-,ESOP,Buy,Equity Shares,18000.0,0.0,0.0,0.0,0.0,2508.0,0.0,20508.0,0.0
NYKAA,2022-12-22 17:29:00,2022-12-19,2022-12-19,2022-12-19,-,ESOP,Buy,Equity Shares,36000.0,0.0,0.0,0.0,0.0,136916.0,0.0,172916.0,0.01
NYKAA,2022-12-22 17:29:00,2022-12-19,2022-12-19,2022-12-19,-,ESOP,Buy,Equity Shares,18000.0,0.0,0.0,0.0,0.0,185640.0,0.01,203640.0,0.01
NYKAA,2022-12-22 17:29:00,2022-12-19,2022-12-19,2022-12-19,-,ESOP,Buy,Equity Shares,18000.0,0.0,0.0,0.0,0.0,,0.0,18000.0,0.0
NYKAA,2022-12-22 17:29:00,2022-12-19,2022-12-19,2022-12-19,-,ESOP,Buy,Equity Shares,18000.0,0.0,0.0,0.0,0.0,,0.0,18000.0,0.0
NYKAA,2022-12-22 17:29:00,2022-12-19,2022-12-19,2022-12-19,-,ESOP,Buy,Equity Shares,14400.0,0.0,0.0,0.0,0.0,173400.0,0.01,187800.0,0.01
NYKAA,2022-12-22 17:29:00,2022-12-19,2022-12-19,2022-12-19,-,ESOP,Buy,Equity Shares,14400.0,0.0,0.0,0.0,0.0,21108.0,0.0,35508.0,0.0
NYKAA,2022-12-22 17:29:00,2022-12-19,2022-12-19,2022-12-19,-,ESOP,Buy,Equity Shares,13500.0,0.0,0.0,0.0,0.0,2508.0,0.0,16008.0,0.0
NYKAA,2022-12-27 18:09:00,2022-12-26,2022-12-23,2022-12-26,-,Market Sale,Sell,Equity Shares,17000.0,0.0,0.0,0.0,0.0,452508.0,0.01,435508.0,0.01
NYKAA,2022-12-27 18:09:00,2022-12-23,2022-12-23,2022-12-23,-,Market Sale,Sell,Equity Shares,11900.0,0.0,0.0,0.0,0.0,71940.0,0.0,60040.0,0.0
NYKAA,2022-12-29 18:09:00,2022-12-29,2022-12-27,2022-12-29,-,Market Sale,Sell,Equity Shares,24582.0,0.0,0.0,0.0,0.0,435508.0,0.01,410926.0,0.01
NYKAA,2022-12-29 18:09:00,2022-12-29,2022-12-27,2022-12-27,-,Market Sale,Sell,Equity Shares,5000.0,0.0,0.0,0.0,0.0,10000.0,0.0,5000.0,0.0
NYKAA,2022-12-29 18:09:00,2022-12-28,2022-12-27,2022-12-28,-,Market Sale,Sell,Equity Shares,448806.0,0.0,0.0,0.0,0.0,9830394.0,0.34,9381588.0,0.32
NYKAA,2022-12-29 18:09:00,2022-12-29,2022-12-27,2022-12-28,-,Market Sale,Sell,Equity Shares,50400.0,0.0,0.0,0.0,0.0,50400.0,0.0,,0.0
NYKAA,2022-12-29 18:09:00,2022-12-29,2022-12-27,2022-12-28,-,Market Sale,Sell,Equity Shares,35200.0,0.0,0.0,0.0,0.0,35200.0,0.0,,0.0
NYKAA,2022-12-29 18:09:00,2022-12-27,2022-12-27,2022-12-27,-,Market Sale,Sell,Equity Shares,32400.0,0.0,0.0,0.0,0.0,32400.0,0.0,,0.0
NYKAA,2022-12-29 18:09:00,2022-12-27,2022-12-27,2022-12-27,-,Market Sale,Sell,Equity Shares,18000.0,0.0,0.0,0.0,0.0,18000.0,0.0,,0.0
NYKAA,2022-12-29 18:09:00,2022-12-29,2022-12-28,2022-12-28,-,Market Sale,Sell,Equity Shares,17000.0,0.0,0.0,0.0,0.0,172916.0,0.01,155916.0,0.0
NYKAA,2022-12-30 18:23:00,2022-12-30,2022-12-29,2022-12-29,-,Market Sale,Sell,Equity Shares,700000.0,0.0,0.0,0.0,0.0,9381588.0,0.32,8681588.0,0.3
NYKAA,2022-12-30 18:23:00,2022-12-30,2022-12-29,2022-12-29,-,Market Sale,Sell,Equity Shares,14000.0,0.0,0.0,0.0,0.0,155916.0,0.0,141916.0,0.0
NYKAA,2022-12-30 18:23:00,2022-12-29,2022-12-26,2022-12-29,-,Market Sale,Sell,Equity Shares,39000.0,0.0,0.0,0.0,0.0,239484.0,0.0,200484.0,0.0
NYKAA,2023-01-02 20:12:00,2022-12-30,2022-12-30,2022-12-30,-,Market Sale,Sell,Equity Shares,18750.0,0.0,0.0,0.0,0.0,1240008.0,0.04,1221258.0,0.04
NYKAA,2023-01-02 20:12:00,2022-12-31,2022-12-29,2022-12-29,-,Market Sale,Sell,Equity Shares,18000.0,0.0,0.0,0.0,0.0,31008.0,0.0,13008.0,0.0
NYKAA,2023-01-02 20:12:00,2023-01-02,2022-12-30,2022-12-30,-,Market Sale,Sell,Equity Shares,700.0,0.0,0.0,0.0,0.0,10308.0,0.0,9608.0,0.0
NYKAA,2023-01-02 20:12:00,2022-12-31,2022-12-30,2022-12-30,-,Market Sale,Sell,Equity Shares,1000.0,0.0,0.0,0.0,0.0,141916.0,0.0,140916.0,0.0
NYKAA,2023-01-02 20:12:00,2022-12-30,2022-12-30,2022-12-30,-,Market Sale,Sell,Equity Shares,18000.0,0.0,0.0,0.0,0.0,18000.0,0.0,,0.0
NYKAA,2023-01-03 19:55:00,2022-12-30,2022-12-28,2022-12-28,-,Market Sale,Sell,Equity Shares,50000.0,0.0,0.0,0.0,0.0,70400.0,0.0,20400.0,0.0
NYKAA,2023-01-03 19:55:00,2023-01-03,2022-12-27,2022-12-27,-,Market Sale,Sell,Equity Shares,10000.0,0.0,0.0,0.0,0.0,117200.0,0.0,107200.0,0.0
NYKAA,2023-02-09 18:34:00,2023-02-07,2023-02-07,2023-02-07,-,ESOP,Buy,Equity Shares,157500.0,0.0,0.0,0.0,0.0,2508.0,0.0,160008.0,0.01
NYKAA,2023-02-09 18:34:00,2023-02-07,2023-02-07,2023-02-07,-,ESOP,Buy,Equity Shares,18000.0,0.0,0.0,0.0,0.0,1000.0,0.0,19000.0,0.0
NYKAA,2023-02-09 18:34:00,2023-02-07,2023-02-07,2023-02-07,-,ESOP,Buy,Equity Shares,42000.0,0.0,0.0,0.0,0.0,249708.0,0.01,291708.0,0.01
NYKAA,2023-02-09 18:34:00,2023-02-07,2023-02-07,2023-02-07,-,ESOP,Buy,Equity Shares,25200.0,0.0,0.0,0.0,0.0,78108.0,0.0,103308.0,0.0
NYKAA,2023-02-09 18:34:00,2023-02-07,2023-02-07,2023-02-07,-,ESOP,Buy,Equity Shares,225000.0,0.0,0.0,0.0,0.0,102000.0,0.0,327000.0,0.01
NYKAA,2023-02-09 18:34:00,2023-02-07,2023-02-07,2023-02-07,-,ESOP,Buy,Equity Shares,100000.0,0.0,0.0,0.0,0.0,200484.0,0.01,300484.0,0.01
NYKAA,2023-02-09 18:34:00,2023-02-07,2023-02-07,2023-02-07,-,ESOP,Buy,Equity Shares,18000.0,0.0,0.0,0.0,0.0,196380.0,0.01,214380.0,0.01
NYKAA,2023-02-09 18:34:00,2023-02-07,2023-02-07,2023-02-07,-,ESOP,Buy,Equity Shares,261000.0,0.0,0.0,0.0,0.0,311886.0,0.01,572886.0,0.02
NYKAA,2023-02-09 18:34:00,2023-02-07,2023-02-07,2023-02-07,-,ESOP,Buy,Equity Shares,18000.0,0.0,0.0,0.0,0.0,36000.0,0.0,54000.0,0.0
NYKAA,2023-02-09 18:34:00,2023-02-07,2023-02-07,2023-02-07,-,ESOP,Buy,Equity Shares,25200.0,0.0,0.0,0.0,0.0,117200.0,0.0,142400.0,0.0
NYKAA,2023-02-09 18:34:00,2023-02-07,2023-02-07,2023-02-07,-,ESOP,Buy,Equity Shares,14400.0,0.0,0.0,0.0,0.0,124208.0,0.0,138608.0,0.0
NYKAA,2023-02-09 18:34:00,2023-02-07,2023-02-07,2023-02-07,-,ESOP,Buy,Equity Shares,20000.0,0.0,0.0,0.0,0.0,140916.0,0.0,160916.0,0.01
NYKAA,2023-02-09 18:34:00,2023-02-07,2023-02-07,2023-02-07,-,ESOP,Buy,Equity Shares,90000.0,0.0,0.0,0.0,0.0,,0.0,90000.0,0.0
NYKAA,2023-02-09 18:34:00,2023-02-07,2023-02-07,2023-02-07,-,ESOP,Buy,Equity Shares,26000.0,0.0,0.0,0.0,0.0,,0.0,26000.0,0.0
NYKAA,2023-02-09 18:34:00,2023-02-07,2023-02-07,2023-02-07,-,ESOP,Buy,Equity Shares,450000.0,0.0,0.0,0.0,0.0,,0.0,450000.0,0.02
NYKAA,2023-02-09 18:34:00,2023-02-07,2023-02-07,2023-02-07,-,ESOP,Buy,Equity Shares,33300.0,0.0,0.0,0.0,0.0,1608.0,0.0,34908.0,0.0
NYKAA,2023-02-09 18:34:00,2023-02-07,2023-02-07,2023-02-07,-,ESOP,Buy,Equity Shares,180000.0,0.0,0.0,0.0,0.0,215508.0,0.01,395508.0,0.01
NYKAA,2023-02-09 18:34:00,2023-02-07,2023-02-07,2023-02-07,-,ESOP,Buy,Equity Shares,18000.0,0.0,0.0,0.0,0.0,,0.0,18000.0,0.0
NYKAA,2023-02-20 19:44:00,2023-02-18,2023-02-16,2023-02-16,-,Market Sale,Sell,Equity Shares,20000.0,0.0,0.0,0.0,0.0,395508.0,0.01,375508.0,0.01
NYKAA,2023-02-20 19:44:00,2023-02-17,2023-02-16,2023-02-16,-,Market Sale,Sell,Equity Shares,5000.0,0.0,0.0,0.0,0.0,15000.0,0.0,10000.0,0.0
NYKAA,2023-02-20 19:44:00,2023-02-20,2023-02-16,2023-02-20,-,Market Sale,Sell,Equity Shares,22000.0,0.0,0.0,0.0,0.0,26000.0,0.0,4000.0,0.0
NYKAA,2023-02-20 19:44:00,2023-02-20,2023-02-20,2023-02-20,-,Market Sale,Sell,Equity Shares,33300.0,0.0,0.0,0.0,0.0,34908.0,0.0,1608.0,0.0
NYKAA,2023-02-20 19:44:00,2023-02-20,2023-02-20,2023-02-20,-,Market Sale,Sell,Equity Shares,35000.0,0.0,0.0,0.0,0.0,305000.0,0.01,270000.0,0.0
NYKAA,2023-02-20 19:44:00,2023-02-20,2023-02-20,2023-02-20,-,Market Sale,Sell,Equity Shares,100000.0,0.0,0.0,0.0,0.0,327000.0,0.01,227000.0,0.0
NYKAA,2023-02-20 19:44:00,2023-02-16,2023-02-16,2023-02-16,-,Market Sale,Sell,Equity Shares,18000.0,0.0,0.0,0.0,0.0,18000.0,0.0,,0.0
NYKAA,2023-02-20 19:44:00,2023-02-20,2023-02-17,2023-02-20,-,Market Sale,Sell,Equity Shares,25000.0,0.0,0.0,0.0,0.0,330000.0,0.01,305000.0,0.01
NYKAA,2023-02-20 19:44:00,2023-02-20,2023-02-17,2023-02-17,-,Market Sale,Sell,Equity Shares,3000.0,0.0,0.0,0.0,0.0,20508.0,0.0,17508.0,0.0
NYKAA,2023-02-22 19:57:00,2023-02-22,2023-02-21,2023-02-21,-,Market Sale,Sell,Equity Shares,10000.0,0.0,0.0,0.0,0.0,270000.0,0.0,260000.0,0.0
NYKAA,2023-02-22 19:57:00,2023-02-21,2023-02-20,2023-02-20,-,Market Sale,Sell,Equity Shares,20400.0,0.0,0.0,0.0,0.0,20400.0,0.0,,0.0
NYKAA,2023-02-22 19:57:00,2023-02-21,2023-02-21,2023-02-21,-,Market Sale,Sell,Equity Shares,50000.0,0.0,0.0,0.0,0.0,300484.0,0.01,250484.0,0.0
NYKAA,2023-02-22 19:57:00,2023-02-20,2023-02-20,2023-02-20,-,Market Sale,Sell,Equity Shares,2000.0,0.0,0.0,0.0,0.0,160916.0,0.0,158916.0,0.0
NYKAA,2023-02-22 19:57:00,2023-02-21,2023-02-21,2023-02-21,-,Market Sale,Sell,Equity Shares,4000.0,0.0,0.0,0.0,0.0,4000.0,0.0,,0.0
NYKAA,2023-02-22 19:57:00,2023-02-22,2023-02-20,2023-02-20,-,Market Sale,Sell,Equity Shares,40000.0,0.0,0.0,0.0,0.0,375508.0,0.01,335508.0,0.01
NYKAA,2023-02-22 19:57:00,2023-02-22,2023-02-20,2023-02-20,-,Market Sale,Sell,Equity Shares,1000.0,0.0,0.0,0.0,0.0,90000.0,0.0,89000.0,0.0
NYKAA,2023-03-03 19:30:00,2023-03-03,2023-03-01,2023-03-01,-,Market Sale,Sell,Equity Shares,10000.0,0.0,0.0,0.0,0.0,768528.0,0.03,758528.0,0.03
NYKAA,2023-03-03 19:30:00,2023-03-02,2023-03-01,2023-03-01,-,Market Sale,Sell,Equity Shares,51000.0,0.0,0.0,0.0,0.0,89000.0,0.0,38000.0,0.0
NYKAA,2023-03-03 19:30:00,2023-03-03,2023-03-03,2023-03-03,-,Market Sale,Sell,Equity Shares,49215.0,0.0,0.0,0.0,0.0,335508.0,0.01,286293.0,0.01
NYKAA,2023-03-03 19:30:00,2023-03-03,2023-03-01,2023-03-01,-,Market Sale,Sell,Equity Shares,157500.0,0.0,0.0,0.0,0.0,160008.0,0.0,2508.0,0.0
NYKAA,2023-03-03 19:30:00,2023-03-03,2023-03-03,2023-03-03,-,Market Sale,Sell,Equity Shares,3000.0,0.0,0.0,0.0,0.0,10000.0,0.0,7000.0,0.0
NYKAA,2023-03-03 19:30:00,2023-03-03,2023-03-02,2023-03-02,-,Market Sale,Sell,Equity Shares,50000.0,0.0,0.0,0.0,0.0,250484.0,0.0,200484.0,0.0
NYKAA,2023-03-03 19:30:00,2023-03-03,2023-03-03,2023-03-03,-,Market Sale,Sell,Equity Shares,40000.0,0.0,0.0,0.0,0.0,260000.0,0.0,220000.0,0.0
NYKAA,2023-03-08 19:45:00,2023-03-03,2023-03-03,2023-03-03,-,ESOP,Buy,Equity Shares,18000.0,0.0,0.0,0.0,0.0,1206.0,0.0,19206.0,0.0
NYKAA,2023-03-08 19:45:00,2023-03-03,2023-03-03,2023-03-03,-,ESOP,Buy,Equity Shares,15000.0,0.0,0.0,0.0,0.0,,0.0,15000.0,0.0
NYKAA,2023-03-08 19:45:00,2023-03-03,2023-03-03,2023-03-03,-,ESOP,Buy,Equity Shares,306900.0,0.0,0.0,0.0,0.0,700980.0,0.02,1007880.0,0.04
NYKAA,2023-03-08 19:45:00,2023-03-03,2023-03-03,2023-03-03,-,ESOP,Buy,Equity Shares,20890.0,0.0,0.0,0.0,0.0,840.0,0.0,21730.0,0.0
NYKAA,2023-03-08 19:45:00,2023-03-03,2023-03-03,2023-03-03,-,ESOP,Buy,Equity Shares,239400.0,0.0,0.0,0.0,0.0,8681588.0,0.3,8920988.0,0.31
NYKAA,2023-03-08 19:45:00,2023-03-03,2023-03-03,2023-03-03,-,ESOP,Buy,Equity Shares,18000.0,0.0,0.0,0.0,0.0,20508.0,0.0,38508.0,0.0
NYKAA,2023-03-08 19:45:00,2023-03-03,2023-03-03,2023-03-03,-,ESOP,Buy,Equity Shares,36000.0,0.0,0.0,0.0,0.0,66500.0,0.0,102500.0,0.0
NYKAA,2023-03-08 19:45:00,2023-03-03,2023-03-03,2023-03-03,-,ESOP,Buy,Equity Shares,28800.0,0.0,0.0,0.0,0.0,60040.0,0.0,88840.0,0.0
NYKAA,2023-03-08 19:45:00,2023-03-03,2023-03-03,2023-03-03,-,ESOP,Buy,Equity Shares,16000.0,0.0,0.0,0.0,0.0,,0.0,16000.0,0.0
NYKAA,2023-03-08 19:45:00,2023-03-08,2023-03-08,2023-03-08,-,Market Sale,Sell,Equity Shares,10000.0,0.0,0.0,0.0,0.0,18000.0,0.0,8000.0,0.0
NYKAA,2023-03-08 19:45:00,2023-03-06,2023-03-06,2023-03-06,-,Market Sale,Sell,Equity Shares,38000.0,0.0,0.0,0.0,0.0,38000.0,0.0,,0.0
NYKAA,2023-03-08 19:45:00,2023-03-03,2023-03-03,2023-03-03,-,ESOP,Buy,Equity Shares,117000.0,0.0,0.0,0.0,0.0,5886048.0,0.21,6003048.0,0.21
NYKAA,2023-03-08 19:45:00,2023-03-03,2023-03-03,2023-03-03,-,ESOP,Buy,Equity Shares,43200.0,0.0,0.0,0.0,0.0,1908.0,0.0,45108.0,0.0
NYKAA,2023-03-10 18:45:00,2023-03-10,2023-03-09,2023-03-10,-,Market Sale,Sell,Equity Shares,225000.0,0.0,0.0,0.0,0.0,450000.0,0.01,225000.0,0.0
NYKAA,2023-03-10 18:45:00,2023-03-10,2023-03-08,2023-03-08,-,Market Sale,Sell,Equity Shares,30000.0,0.0,0.0,0.0,0.0,227000.0,0.0,197000.0,0.0
NYKAA,2023-03-10 18:45:00,2023-03-10,2023-03-10,2023-03-10,-,Market Sale,Sell,Equity Shares,20890.0,0.0,0.0,0.0,0.0,21730.0,0.0,840.0,0.0
NYKAA,2023-03-15 19:25:00,2023-03-14,2023-03-13,2023-03-13,-,Market Sale,Sell,Equity Shares,16000.0,0.0,0.0,0.0,0.0,16000.0,0.0,,0.0
NYKAA,2023-03-15 19:25:00,2023-03-15,2023-03-14,2023-03-15,-,Market Sale,Sell,Equity Shares,225000.0,0.0,0.0,0.0,0.0,225000.0,0.0,,0.0
NYKAA,2023-03-15 19:25:00,2023-03-15,2023-03-14,2023-03-15,-,Market Sale,Sell,Equity Shares,37389.0,0.0,0.0,0.0,0.0,45108.0,0.0,7719.0,0.0
NYKAA,2023-03-21 20:23:00,2023-03-17,2023-03-17,2023-03-17,-,Market Sale,Sell,Equity Shares,36000.0,0.0,0.0,0.0,0.0,66500.0,0.0,30500.0,0.0
NYKAA,2023-03-21 20:23:00,2023-03-17,2023-03-17,2023-03-17,-,Market Sale,Sell,Equity Shares,2500.0,0.0,0.0,0.0,0.0,7719.0,0.0,5219.0,0.0
NYKAA,2023-03-21 20:23:00,2023-03-20,2023-03-20,2023-03-20,-,ESOP,Buy,Equity Shares,3000.0,0.0,0.0,0.0,0.0,828.0,0.0,3828.0,0.0
NYKAA,2023-03-21 20:23:00,2023-03-20,2023-03-20,2023-03-20,-,ESOP,Buy,Equity Shares,102400.0,0.0,0.0,0.0,0.0,8108.0,0.0,110508.0,0.0
NYKAA,2023-03-21 20:23:00,2023-03-20,2023-03-20,2023-03-20,-,ESOP,Buy,Equity Shares,110000.0,0.0,0.0,0.0,0.0,200484.0,0.0,310484.0,0.01
NYKAA,2023-03-21 20:23:00,2023-03-20,2023-03-20,2023-03-20,-,ESOP,Buy,Equity Shares,72000.0,0.0,0.0,0.0,0.0,210000.0,0.0,282000.0,0.0
NYKAA,2023-03-21 20:23:00,2023-03-20,2023-03-20,2023-03-20,-,ESOP,Buy,Equity Shares,36000.0,0.0,0.0,0.0,0.0,262038.0,0.0,298038.0,0.01
NYKAA,2023-03-21 20:23:00,2023-03-20,2023-03-20,2023-03-20,-,ESOP,Buy,Equity Shares,9000.0,0.0,0.0,0.0,0.0,,0.0,9000.0,0.0
NYKAA,2023-03-24 18:53:00,2023-03-24,2023-03-24,2023-03-24,-,Market Sale,Sell,Equity Shares,5000.0,0.0,0.0,0.0,0.0,10000.0,0.0,5000.0,0.0
NYKAA,2023-03-24 18:53:00,2023-03-24,2023-03-24,2023-03-24,-,Market Sale,Sell,Equity Shares,239000.0,0.0,0.0,0.0,0.0,8920988.0,0.31,8681988.0,0.3
NYKAA,2023-03-24 18:53:00,2023-03-23,2023-03-21,2023-03-21,-,Market Sale,Sell,Equity Shares,500.0,0.0,0.0,0.0,0.0,5219.0,0.0,4719.0,0.0
NYKAA,2023-03-24 18:53:00,2023-03-24,2023-03-24,2023-03-24,-,Market Sale,Sell,Equity Shares,9000.0,0.0,0.0,0.0,0.0,9000.0,0.0,,0.0
NYKAA,2023-03-29 20:40:00,2023-03-29,2023-03-27,2023-03-29,-,Market Sale,Sell,Equity Shares,4500.0,0.0,0.0,0.0,0.0,51780.0,0.0,47280.0,0.0
NYKAA,2023-03-29 20:40:00,2023-03-29,2023-03-28,2023-03-28,-,Market Sale,Sell,Equity Shares,5000.0,0.0,0.0,0.0,0.0,5000.0,0.0,,0.0
NYKAA,2023-03-29 20:40:00,2023-03-29,2023-03-27,2023-03-27,-,Market Sale,Sell,Equity Shares,800.0,0.0,0.0,0.0,0.0,4719.0,0.0,3919.0,0.0
NYKAA,2023-03-29 20:40:00,2023-03-29,2023-03-29,2023-03-29,-,Market Sale,Sell,Equity Shares,6000.0,0.0,0.0,0.0,0.0,96180.0,0.0,90180.0,0.0
NYKAA,2023-03-29 20:40:00,2023-03-29,2023-03-29,2023-03-29,-,Market Sale,Sell,Equity Shares,2000.0,0.0,0.0,0.0,0.0,158916.0,0.0,156916.0,0.0
NYKAA,2023-04-03 19:41:00,2023-03-31,2023-03-29,2023-03-29,-,Market Sale,Sell,Equity Shares,2000.0,0.0,0.0,0.0,0.0,3919.0,0.0,1919.0,0.0
NYKAA,2023-04-03 19:41:00,2023-03-31,2023-03-31,2023-03-31,-,Market Sale,Sell,Equity Shares,18000.0,0.0,0.0,0.0,0.0,18418.0,0.0,418.0,0.0
NYKAA,2023-04-03 19:41:00,2023-03-31,2023-03-29,2023-03-31,-,Market Sale,Sell,Equity Shares,5000.0,0.0,0.0,0.0,0.0,90180.0,0.0,85180.0,0.0
NYKAA,2023-06-02 19:30:00,2023-06-02,2023-06-02,2023-06-02,-,Market Sale,Sell,Equity Shares,10000.0,0.0,0.0,0.0,0.0,298038.0,0.01,288038.0,0.01
NYKAA,2023-06-02 19:30:00,2023-06-02,2023-06-02,2023-06-02,-,Market Sale,Sell,Equity Shares,10800.0,0.0,0.0,0.0,0.0,13308.0,0.0,2508.0,0.0
NYKAA,2023-06-02 19:30:00,2023-06-02,2023-06-02,2023-06-02,-,Market Sale,Sell,Equity Shares,20000.0,0.0,0.0,0.0,0.0,98108.0,0.0,78108.0,0.0
NYKAA,2023-06-02 19:30:00,2023-06-02,2023-06-02,2023-06-02,-,Market Sale,Sell,Equity Shares,37000.0,0.0,0.0,0.0,0.0,182508.0,0.0,145508.0,0.0
NYKAA,2023-06-02 19:30:00,2023-06-02,2023-06-02,2023-06-02,-,Market Sale,Sell,Equity Shares,4000.0,0.0,0.0,0.0,0.0,154916.0,0.0,150916.0,0.0
NYKAA,2023-06-02 19:30:00,2023-06-02,2023-05-31,2023-06-02,-,Market Sale,Sell,Equity Shares,480000.0,0.0,0.0,0.0,0.0,1800000.0,0.06,1320000.0,0.04
NYKAA,2023-06-02 19:30:00,2023-06-02,2023-06-02,2023-06-02,-,Market Sale,Sell,Equity Shares,15000.0,0.0,0.0,0.0,0.0,61302.0,0.0,46302.0,0.0
NYKAA,2023-06-07 19:56:00,2023-06-07,2023-06-07,2023-06-07,-,Market Sale,Sell,Equity Shares,13500.0,0.0,0.0,0.0,0.0,24000.0,0.0,10500.0,0.0
NYKAA,2023-06-07 19:56:00,2023-06-07,2023-06-06,2023-06-06,-,Market Sale,Sell,Equity Shares,11500.0,0.0,0.0,0.0,0.0,19206.0,0.0,7706.0,0.0
NYKAA,2023-06-07 19:56:00,2023-06-07,2023-06-05,2023-06-07,-,Market Sale,Sell,Equity Shares,4994.0,0.0,0.0,0.0,0.0,46302.0,0.0,41308.0,0.0
NYKAA,2023-06-07 19:56:00,2023-06-07,2023-06-05,2023-06-06,-,Market Sale,Sell,Equity Shares,65000.0,0.0,0.0,0.0,0.0,1320000.0,0.04,1255000.0,0.04
NYKAA,2023-06-07 19:56:00,2023-06-07,2023-06-05,2023-06-05,-,Market Sale,Sell,Equity Shares,40000.0,0.0,0.0,0.0,0.0,310484.0,0.01,270484.0,0.0
NYKAA,2023-06-07 19:56:00,2023-06-05,2023-06-02,2023-06-02,-,Market Sale,Sell,Equity Shares,65400.0,0.0,0.0,0.0,0.0,65400.0,0.0,,0.0
NYKAA,2023-06-07 19:56:00,2023-06-05,2023-06-05,2023-06-05,-,Market Sale,Sell,Equity Shares,5000.0,0.0,0.0,0.0,0.0,78108.0,0.0,73108.0,0.0
NYKAA,2023-06-07 19:56:00,2023-06-07,2023-06-05,2023-06-05,-,Market Sale,Sell,Equity Shares,10000.0,0.0,0.0,0.0,0.0,466632.0,0.01,456632.0,0.01
NYKAA,2023-06-07 19:56:00,2023-06-05,2023-06-05,2023-06-05,-,Market Sale,Sell,Equity Shares,4000.0,0.0,0.0,0.0,0.0,150916.0,0.0,146916.0,0.0
NYKAA,2023-06-09 19:26:00,2023-06-09,2023-06-08,2023-06-09,-,Market Sale,Sell,Equity Shares,2000.0,0.0,0.0,0.0,0.0,146916.0,0.0,144916.0,0.0
NYKAA,2023-06-09 19:26:00,2023-06-09,2023-06-09,2023-06-09,-,Market Sale,Sell,Equity Shares,9000.0,0.0,0.0,0.0,0.0,145508.0,0.0,136508.0,0.0
NYKAA,2023-06-09 19:26:00,2023-06-08,2023-06-08,2023-06-08,-,Market Sale,Sell,Equity Shares,5000.0,0.0,0.0,0.0,0.0,73108.0,0.0,68108.0,0.0
NYKAA,2023-06-09 19:26:00,2023-06-08,2023-06-08,2023-06-08,-,Market Sale,Sell,Equity Shares,60000.0,0.0,0.0,0.0,0.0,360000.0,0.01,300000.0,0.01
NYKAA,2023-06-09 19:26:00,2023-06-08,2023-06-08,2023-06-08,-,Market Sale,Sell,Equity Shares,20000.0,0.0,0.0,0.0,0.0,270484.0,0.01,250484.0,0.0
NYKAA,2023-06-09 19:26:00,2023-06-09,2023-06-09,2023-06-09,-,Market Sale,Sell,Equity Shares,500.0,0.0,0.0,0.0,0.0,41308.0,0.0,40808.0,0.0
NYKAA,2023-06-09 19:26:00,2023-06-09,2023-06-08,2023-06-09,-,Market Sale,Sell,Equity Shares,5500.0,0.0,0.0,0.0,0.0,7706.0,0.0,2206.0,0.0
NYKAA,2023-06-09 19:26:00,2023-06-09,2023-06-09,2023-06-09,-,Market Sale,Sell,Equity Shares,15000.0,0.0,0.0,0.0,0.0,288038.0,0.01,273038.0,0.0
NYKAA,2023-06-16 18:58:00,2023-06-14,2023-06-12,2023-06-12,-,Market Sale,Sell,Equity Shares,500.0,0.0,0.0,0.0,0.0,40808.0,0.0,40308.0,0.0
NYKAA,2023-06-16 18:58:00,2023-06-14,2023-06-12,2023-06-12,-,Market Sale,Sell,Equity Shares,11000.0,0.0,0.0,0.0,0.0,273038.0,0.0,262038.0,0.0
NYKAA,2023-06-16 18:58:00,2023-06-14,2023-06-12,2023-06-12,-,Market Sale,Sell,Equity Shares,10000.0,0.0,0.0,0.0,0.0,1255000.0,0.04,1245000.0,0.04
NYKAA,2023-06-16 18:58:00,2023-06-14,2023-06-12,2023-06-12,-,Market Sale,Sell,Equity Shares,20000.0,0.0,0.0,0.0,0.0,250484.0,0.0,230484.0,0.0
NYKAA,2023-06-16 18:58:00,2023-06-14,2023-06-14,2023-06-14,-,Market Sale,Sell,Equity Shares,500.0,0.0,0.0,0.0,0.0,2206.0,0.0,1706.0,0.0
NYKAA,2023-06-16 18:58:00,2023-06-14,2023-06-12,2023-06-12,-,Market Sale,Sell,Equity Shares,3000.0,0.0,0.0,0.0,0.0,144916.0,0.0,141916.0,0.0
NYKAA,2023-06-16 18:58:00,2023-06-14,2023-06-12,2023-06-12,-,Market Sale,Sell,Equity Shares,10000.0,0.0,0.0,0.0,0.0,456632.0,0.01,446632.0,0.01
NYKAA,2023-06-16 18:58:00,2023-06-16,2023-06-16,2023-06-16,-,Market Sale,Sell,Equity Shares,250000.0,0.0,0.0,0.0,0.0,8681988.0,0.3,8431988.0,0.29
NYKAA,2023-06-16 18:58:00,2023-06-16,2023-06-16,2023-06-16,-,Market Sale,Sell,Equity Shares,10000.0,0.0,0.0,0.0,0.0,446632.0,0.01,436632.0,0.01
NYKAA,2023-06-16 18:58:00,2023-06-16,2023-06-16,2023-06-16,-,Market Sale,Sell,Equity Shares,30000.0,0.0,0.0,0.0,0.0,68108.0,0.0,38108.0,0.0
NYKAA,2023-06-16 18:58:00,2023-06-16,2023-06-16,2023-06-16,-,Market Sale,Sell,Equity Shares,10000.0,0.0,0.0,0.0,0.0,1245000.0,0.04,1235000.0,0.04
NYKAA,2023-06-16 18:58:00,2023-06-16,2023-06-16,2023-06-16,-,Market Sale,Sell,Equity Shares,6000.0,0.0,0.0,0.0,0.0,40308.0,0.0,34308.0,0.0
NYKAA,2023-06-16 18:58:00,2023-06-16,2023-06-16,2023-06-16,-,Market Sale,Sell,Equity Shares,4000.0,0.0,0.0,0.0,0.0,141916.0,0.0,137916.0,0.0
NYKAA,2023-06-16 18:58:00,2023-06-15,2023-06-08,2023-06-15,-,Market Sale,Sell,Equity Shares,249480.0,0.0,0.0,0.0,0.0,249480.0,0.0,,0.0
NYKAA,2023-06-21 20:20:00,2023-06-21,2023-06-19,2023-06-19,-,Market Sale,Sell,Equity Shares,4000.0,0.0,0.0,0.0,0.0,34308.0,0.0,30308.0,0.0
NYKAA,2023-06-21 20:20:00,2023-06-20,2023-06-19,2023-06-19,-,Market Sale,Sell,Equity Shares,3108.0,0.0,0.0,0.0,0.0,38108.0,0.0,35000.0,0.0
NYKAA,2023-06-21 20:20:00,2023-06-21,2023-06-19,2023-06-19,-,Market Sale,Sell,Equity Shares,10000.0,0.0,0.0,0.0,0.0,1235000.0,0.04,1225000.0,0.04
NYKAA,2023-06-21 20:20:00,2023-06-19,2023-06-19,2023-06-19,-,Market Sale,Sell,Equity Shares,20000.0,0.0,0.0,0.0,0.0,230484.0,0.0,210484.0,0.0
NYKAA,2023-06-21 20:20:00,2023-06-20,2023-06-19,2023-06-19,-,Market Sale,Sell,Equity Shares,7000.0,0.0,0.0,0.0,0.0,137916.0,0.0,130916.0,0.0
NYKAA,2023-06-21 20:20:00,2023-06-21,2023-06-21,2023-06-21,-,Market Sale,Sell,Equity Shares,500.0,0.0,0.0,0.0,0.0,43280.0,0.0,42780.0,0.0
NYKAA,2023-06-21 20:20:00,2023-06-20,2023-06-16,2023-06-20,-,Market Sale,Sell,Equity Shares,14000.0,0.0,0.0,0.0,0.0,19800.0,0.0,5800.0,0.0
NYKAA,2023-06-21 20:20:00,2023-06-21,2023-06-21,2023-06-21,-,Market Sale,Sell,Equity Shares,4300.0,0.0,0.0,0.0,0.0,5800.0,0.0,1500.0,0.0
NYKAA,2023-06-21 20:20:00,2023-06-21,2023-06-19,2023-06-19,-,Market Sale,Sell,Equity Shares,20000.0,0.0,0.0,0.0,0.0,857868.0,0.03,837868.0,0.03
NYKAA,2023-06-21 20:20:00,2023-06-20,2023-06-16,2023-06-19,-,Market Sale,Sell,Equity Shares,4000.0,0.0,0.0,0.0,0.0,47280.0,0.0,43280.0,0.0
NYKAA,2023-06-21 20:20:00,2023-06-21,2023-06-19,2023-06-19,-,Market Sale,Sell,Equity Shares,10000.0,0.0,0.0,0.0,0.0,436632.0,0.01,426632.0,0.01
NYKAA,2023-06-23 19:59:00,2023-06-21,2023-06-19,2023-06-19,-,Market Sale,Sell,Equity Shares,2000.0,0.0,0.0,0.0,0.0,42780.0,0.0,40780.0,0.0
NYKAA,2023-06-23 19:59:00,2023-06-20,2023-06-19,2023-06-19,-,Market Sale,Sell,Equity Shares,10000.0,0.0,0.0,0.0,0.0,210484.0,0.0,200484.0,0.0
NYKAA,2023-06-23 19:59:00,2023-06-21,2023-06-21,2023-06-21,-,Market Sale,Sell,Equity Shares,3000.0,0.0,0.0,0.0,0.0,130916.0,0.0,127916.0,0.0
NYKAA,2023-06-23 19:59:00,2023-06-22,2023-06-22,2023-06-22,-,ESOP,Buy,Equity Shares,20000.0,0.0,0.0,0.0,0.0,127916.0,0.0,147916.0,0.0
NYKAA,2023-06-23 19:59:00,2023-06-22,2023-06-22,2023-06-22,-,ESOP,Buy,Equity Shares,9000.0,0.0,0.0,0.0,0.0,,0.0,9000.0,0.0
NYKAA,2023-06-23 19:59:00,2023-06-22,2023-06-22,2023-06-22,-,ESOP,Buy,Equity Shares,15000.0,0.0,0.0,0.0,0.0,,0.0,15000.0,0.0
NYKAA,2023-06-23 19:59:00,2023-06-22,2023-06-22,2023-06-22,-,ESOP,Buy,Equity Shares,42600.0,0.0,0.0,0.0,0.0,30308.0,0.0,72908.0,0.0
NYKAA,2023-06-23 19:59:00,2023-06-22,2023-06-22,2023-06-22,-,ESOP,Buy,Equity Shares,18600.0,0.0,0.0,0.0,0.0,16140.0,0.0,180000.0,0.0
NYKAA,2023-06-23 19:59:00,2023-06-22,2023-06-22,2023-06-22,-,ESOP,Buy,Equity Shares,30000.0,0.0,0.0,0.0,0.0,51600.0,0.0,81600.0,0.0
NYKAA,2023-06-28 18:16:00,2023-06-27,2023-06-26,2023-06-26,-,Market Sale,Sell,Equity Shares,100000.0,0.0,0.0,0.0,0.0,88840.0,0.0,78840.0,0.0
NYKAA,2023-06-28 18:16:00,2023-06-28,2023-06-27,2023-06-28,-,Market Sale,Sell,Equity Shares,1900.0,0.0,0.0,0.0,0.0,147916.0,0.0,146016.0,0.0
NYKAA,2023-06-28 18:16:00,2023-06-27,2023-06-27,2023-06-27,-,Market Sale,Sell,Equity Shares,500000.0,0.0,0.0,0.0,0.0,8431988.0,0.29,7931988.0,0.27
NYKAA,2023-06-28 18:16:00,2023-06-28,2023-06-28,2023-06-28,-,Market Sale,Sell,Equity Shares,7000.0,0.0,0.0,0.0,0.0,72908.0,0.0,65908.0,0.0
NYKAA,2023-06-28 18:16:00,2023-06-26,2023-06-23,2023-06-26,-,Market Sale,Sell,Equity Shares,1000.0,0.0,0.0,0.0,0.0,40780.0,0.0,39780.0,0.0
NYKAA,2023-06-28 18:16:00,2023-06-28,2023-06-27,2023-06-28,-,Market Sale,Sell,Equity Shares,1900.0,0.0,0.0,0.0,0.0,147916.0,0.0,146016.0,0.0
NYKAA,2023-06-28 18:16:00,2023-06-26,2023-06-23,2023-06-26,-,Market Sale,Sell,Equity Shares,1000.0,0.0,0.0,0.0,0.0,40780.0,0.0,39780.0,0.0
NYKAA,2023-06-28 18:16:00,2023-06-28,2023-06-28,2023-06-28,-,Market Sale,Sell,Equity Shares,7000.0,0.0,0.0,0.0,0.0,72908.0,0.0,65908.0,0.0
NYKAA,2023-06-28 18:16:00,2023-06-27,2023-06-26,2023-06-26,-,Market Sale,Sell,Equity Shares,10000.0,0.0,0.0,0.0,0.0,88840.0,0.0,78840.0,0.0
NYKAA,2023-06-28 18:16:00,2023-06-27,2023-06-27,2023-06-27,-,Market Sale,Sell,Equity Shares,500000.0,0.0,0.0,0.0,0.0,8431988.0,0.29,7931988.0,0.27
NYKAA,2023-06-30 19:02:00,2023-06-30,2023-06-30,2023-06-30,-,Market Sale,Sell,Equity Shares,10500.0,0.0,0.0,0.0,0.0,13008.0,0.0,2508.0,0.0
NYKAA,2023-06-30 19:02:00,2023-06-30,2023-06-30,2023-06-30,-,Market Sale,Sell,Equity Shares,48940.0,0.0,0.0,0.0,0.0,203640.0,0.0,154700.0,0.0
NYKAA,2023-06-30 19:02:00,2023-06-30,2023-06-30,2023-06-30,-,Market Sale,Sell,Equity Shares,8000.0,0.0,0.0,0.0,0.0,65908.0,0.0,57908.0,0.0
NYKAA,2023-06-30 19:02:00,2023-06-30,2023-06-30,2023-06-30,-,Market Sale,Sell,Equity Shares,7000.0,0.0,0.0,0.0,0.0,146916.0,0.0,139916.0,0.0
NYKAA,2023-06-30 19:02:00,2023-06-30,2023-06-30,2023-06-30,-,Market Sale,Sell,Equity Shares,10000.0,0.0,0.0,0.0,0.0,85180.0,0.0,75180.0,0.0
NYKAA,2023-06-30 19:02:00,2023-06-30,2023-06-30,2023-06-30,-,Market Sale,Sell,Equity Shares,4000.0,0.0,0.0,0.0,0.0,136508.0,0.0,7931988.0,0.0
NYKAA,2023-06-30 19:02:00,2023-06-30,2023-06-30,2023-06-30,-,Market Sale,Sell,Equity Shares,68800.0,0.0,0.0,0.0,0.0,78840.0,0.0,10040.0,0.0
NYKAA,2023-08-18 19:48:00,2023-08-18,2023-08-18,2023-08-18,-,Market Sale,Sell,Equity Shares,60000.0,0.0,0.0,0.0,0.0,1225000.0,0.04,1165000.0,0.04
NYKAA,2023-08-18 19:48:00,2023-08-17,2023-08-16,2023-08-16,-,Market Sale,Sell,Equity Shares,95400.0,0.0,0.0,0.0,0.0,95400.0,0.0,,0.0
NYKAA,2023-08-24 21:29:00,2023-08-24,2023-08-22,2023-08-23,-,Market Sale,Sell,Equity Shares,79000.0,0.0,0.0,0.0,0.0,1165000.0,0.1,1086000.0,0.1
NYKAA,2023-08-24 21:29:00,2023-08-23,2023-08-14,2023-08-23,-,Market Sale,Sell,Equity Shares,12000.0,0.0,0.0,0.0,0.0,151416.0,0.1,139416.0,0.1
NYKAA,2023-08-24 21:29:00,2023-08-23,2023-08-23,2023-08-23,-,Market Sale,Sell,Equity Shares,10000.0,0.0,0.0,0.0,0.0,8046388.0,0.3,8036388.0,0.3
NYKAA,2023-08-24 21:29:00,2023-08-24,2023-08-24,2023-08-24,-,Market Sale,Sell,Equity Shares,50000.0,0.0,0.0,0.0,0.0,8036388.0,0.3,7986388.0,0.3
NYKAA,2023-08-24 21:29:00,2023-08-22,2023-08-22,2023-08-22,-,Market Sale,Sell,Equity Shares,125000.0,0.0,0.0,0.0,0.0,8171388.0,0.3,8046388.0,0.3
NYKAA,2023-08-28 19:10:00,2023-08-25,2023-08-25,2023-08-25,-,Market Sale,Sell,Equity Shares,54400.0,0.0,0.0,0.0,0.0,7986388.0,0.3,7931988.0,0.3
NYKAA,2023-08-28 19:10:00,2023-08-25,2023-08-25,2023-08-25,-,Market Sale,Sell,Equity Shares,40000.0,0.0,0.0,0.0,0.0,216632.0,0.01,176632.0,0.01
NYKAA,2023-08-28 19:10:00,2023-08-25,2023-08-25,2023-08-25,-,Market Sale,Sell,Equity Shares,50000.0,0.0,0.0,0.0,0.0,1086000.0,0.04,1036000.0,0.04
NYKAA,2023-08-28 19:10:00,2023-08-24,2023-08-22,2023-08-24,-,Market Sale,Sell,Equity Shares,210000.0,0.0,0.0,0.0,0.0,426632.0,0.01,216632.0,0.01
NYKAA,2023-08-30 17:22:00,2023-08-29,2023-08-29,2023-08-29,-,Market Sale,Sell,Equity Shares,100.0,0.0,0.0,0.0,0.0,127216.0,0.01,127116.0,0.01
NYKAA,2023-08-30 17:22:00,2023-08-29,2023-08-24,2023-08-29,-,Market Sale,Sell,Equity Shares,12200.0,0.0,0.0,0.0,0.0,139416.0,0.01,127216.0,0.01
NYKAA,2023-09-04 19:21:00,2023-08-31,2023-08-30,2023-08-30,-,Market Sale,Sell,Equity Shares,100000.0,0.0,0.0,0.0,0.0,176632.0,0.01,76632.0,0.01
NYKAA,2023-09-04 19:21:00,2023-08-31,2023-08-31,2023-08-31,-,Market Sale,Sell,Equity Shares,100000.0,0.0,0.0,0.0,0.0,7931988.0,0.3,7831988.0,0.27
NYKAA,2023-09-04 19:21:00,2023-08-31,2023-08-30,2023-08-30,-,Market Sale,Sell,Equity Shares,149915.0,0.0,0.0,0.0,0.0,1036000.0,0.04,886085.0,0.03
NYKAA,2023-09-06 20:28:00,2023-09-05,2023-09-01,2023-09-01,-,Market Sale,Sell,Equity Shares,40128.0,0.0,0.0,0.0,0.0,886085.0,0.03,845957.0,0.03
NYKAA,2023-09-06 20:28:00,2023-09-06,2023-09-04,2023-09-06,-,Market Sale,Sell,Equity Shares,550000.0,0.0,0.0,0.0,0.0,845957.0,0.03,295957.0,0.01
NYKAA,2023-09-06 20:28:00,2023-09-05,2023-09-01,2023-09-04,-,Market Sale,Sell,Equity Shares,100000.0,0.0,0.0,0.0,0.0,410926.0,0.01,310926.0,0.01
NYKAA,2023-09-06 20:28:00,2023-09-05,2023-09-04,2023-09-05,-,Market Sale,Sell,Equity Shares,500000.0,0.0,0.0,0.0,0.0,7831988.0,0.27,7331988.0,0.26
NYKAA,2023-09-11 19:46:00,2023-09-07,2023-09-01,2023-09-06,-,Market Sale,Sell,Equity Shares,17007.0,0.0,0.0,0.0,0.0,32400.0,0.0,15393.0,0.0
NYKAA,2023-09-11 19:46:00,2023-09-08,2023-09-08,2023-09-08,-,Market Sale,Sell,Equity Shares,15000.0,0.0,0.0,0.0,0.0,15000.0,0.0,,0.0
NYKAA,2023-09-11 19:46:00,2023-09-07,2023-09-05,2023-09-06,-,Market Sale,Sell,Equity Shares,30000.0,0.0,0.0,0.0,0.0,200484.0,0.01,170484.0,0.01
NYKAA,2023-09-11 19:46:00,2023-09-08,2023-09-06,2023-09-06,-,Market Sale,Sell,Equity Shares,18000.0,0.0,0.0,0.0,0.0,18000.0,0.0,,0.0
NYKAA,2023-09-11 19:46:00,2023-09-07,2023-09-06,2023-09-07,-,Market Sale,Sell,Equity Shares,20000.0,0.0,0.0,0.0,0.0,35000.0,0.0,15000.0,0.0
NYKAA,2023-09-13 19:56:00,2023-09-11,2023-09-08,2023-09-08,-,Market Sale,Sell,Equity Shares,10000.0,0.0,0.0,0.0,0.0,250484.0,0.01,240484.0,0.01
NYKAA,2023-09-13 19:56:00,2023-09-13,2023-09-13,2023-09-13,-,Market Sale,Sell,Equity Shares,10000.0,0.0,0.0,0.0,0.0,240484.0,0.01,230484.0,0.01
NYKAA,2023-09-15 20:02:00,2023-09-13,2023-08-30,2023-09-13,-,Market Sale,Sell,Equity Shares,9500.0,0.0,0.0,0.0,0.0,12008.0,0.1,2508.0,0.1
NYKAA,2023-09-20 19:43:00,2023-09-18,2023-09-18,2023-09-18,-,Market Sale,Sell,Equity Shares,25000.0,0.0,0.0,0.0,0.0,310926.0,0.1,285926.0,0.1
NYKAA,2023-09-20 19:43:00,2023-09-18,2023-09-11,2023-09-15,-,Market Sale,Sell,Equity Shares,38000.0,0.0,0.0,0.0,0.0,50400.0,0.1,12400.0,0.1
NYKAA,2023-09-20 19:43:00,2023-09-18,2023-09-13,2023-09-15,-,Market Sale,Sell,Equity Shares,9000.0,0.0,0.0,0.0,0.0,15393.0,0.1,6393.0,0.1
NYKAA,2023-09-20 19:43:00,2023-09-16,2023-09-15,2023-09-15,-,Market Sale,Sell,Equity Shares,9100.0,0.0,0.0,0.0,0.0,230484.0,0.1,221384.0,0.1
NYKAA,2023-09-21 20:06:00,2023-09-20,2023-09-14,2023-09-18,-,Market Sale,Sell,Equity Shares,10500.0,0.0,0.0,0.0,0.0,39780.0,0.0,29280.0,0.0
NYKAA,2023-09-25 19:20:00,2023-09-22,2023-09-22,2023-09-22,-,Market Sale,Sell,Equity Shares,130000.0,0.0,0.0,0.0,0.0,7331988.0,0.26,7201988.0,0.25
NYKAA,2023-09-26 19:21:00,2023-09-26,2023-09-26,2023-09-26,-,Market Sale,Sell,Equity Shares,7508.0,0.0,0.0,0.0,0.0,132508.0,0.1,125000.0,0.1
NYKAA,2023-09-26 19:21:00,2023-09-26,2023-09-26,2023-09-26,-,Market Sale,Sell,Equity Shares,10000.0,0.0,0.0,0.0,0.0,221384.0,0.1,211384.0,0.1
NYKAA,2023-09-26 19:21:00,2023-09-26,2023-09-25,2023-09-25,Promoter Group,Off Market,Buy,Equity Shares,400000.0,0.0,0.0,0.0,0.0,86220000.0,3.02,86620000.0,3.04
NYKAA,2023-09-26 19:21:00,2023-09-26,2023-09-25,2023-09-25,Promoter Group,Off Market,Buy,Equity Shares,400000.0,0.0,0.0,0.0,0.0,86220000.0,3.02,86620000.0,3.04
NYKAA,2023-09-26 19:21:00,2023-09-26,2023-09-25,2023-09-25,Promoters,Off Market,Sell,Equity Shares,800000.0,0.0,0.0,0.0,0.0,634913520.0,22.25,634113520.0,22.22
NYKAA,2023-10-03 18:15:00,2023-09-28,2023-09-26,2023-09-26,-,Market Sale,Sell,Equity Shares,8700.0,0.0,0.0,0.0,0.0,187800.0,0.01,179100.0,0.01
NYKAA,2023-10-03 18:15:00,2023-09-30,2023-09-28,2023-09-28,-,Market Sale,Sell,Equity Shares,68000.0,0.0,0.0,0.0,0.0,154700.0,0.01,86700.0,0.0
NYKAA,2023-10-03 18:15:00,2023-09-29,2023-09-26,2023-09-27,-,Market Sale,Sell,Equity Shares,10000.0,0.0,0.0,0.0,0.0,12400.0,0.0,2400.0,0.0
NYKAA,2023-10-03 18:15:00,2023-09-30,2023-09-29,2023-09-29,-,Market Sale,Sell,Equity Shares,25000.0,0.0,0.0,0.0,0.0,262038.0,0.01,237038.0,0.01
NYKAA,2023-10-06 18:57:00,2023-10-04,2023-09-29,2023-09-29,-,Market Sale,Sell,Equity Shares,25000.0,0.0,0.0,0.0,0.0,285926.0,0.01,260926.0,0.01
