symbol,filing_date,intim_date,acq_from_date,acq_to_date,person_category,acq_mode,transaction_type,sec_type,security_acquired_disposed,buy_quantity,sell_quantity,buy_value,sell_value,shares_before_no,shares_before_pct,shares_after_no,shares_after_pct
RELIGARE,2016-02-18 19:31:00,2016-02-16,2016-02-12,2016-02-12,Promoters,Pledge Creation,Pledge,Equity Shares,75000.0,0.0,0.0,0.0,0.0,39709358.0,22.27,39709358.0,22.27
RELIGARE,2016-02-19 11:03:00,2016-02-16,2016-02-10,2016-02-16,Employees/Designated Employees,Market Sale,Sell,Equity Shares,4690.0,0.0,0.0,0.0,0.0,4690.0,0.0,,0.0
RELIGARE,2016-02-26 11:28:00,2016-02-19,2016-02-17,2016-02-17,Promoters,Pledge Creation,Pledge,Equity Shares,910000.0,0.0,0.0,0.0,0.0,29112634.0,16.32,29112634.0,16.32
RELIGARE,2016-02-26 11:28:00,2016-02-19,2016-02-17,2016-02-17,Promoters,Revokation of Pledge,Pledge Revoke,Equity Shares,153257.0,0.0,0.0,0.0,0.0,39709358.0,22.27,39709358.0,22.27
RELIGARE,2016-02-26 11:28:00,2016-02-19,2016-02-17,2016-02-17,Promoters,Revokation of Pledge,Pledge Revoke,Equity Shares,710000.0,0.0,0.0,0.0,0.0,10876602.0,6.1,10876602.0,6.1
RELIGARE,2016-02-26 11:28:00,2016-02-19,2016-02-18,2016-02-18,Promoters,Revokation of Pledge,Pledge Revoke,Equity Shares,300000.0,0.0,0.0,0.0,0.0,39709358.0,22.27,39709358.0,22.27
RELIGARE,2016-03-18 13:09:00,2016-03-16,2016-03-16,2016-03-16,Promoters,Revokation of Pledge,Pledge Revoke,Equity Shares,2770000.0,0.0,0.0,0.0,0.0,39709358.0,22.27,39709358.0,22.27
RELIGARE,2016-03-18 13:09:00,2016-03-16,2016-03-14,2016-03-14,Promoters,Pledge Creation,Pledge,Equity Shares,2500000.0,0.0,0.0,0.0,0.0,39709358.0,22.27,39709358.0,22.27
RELIGARE,2016-03-18 13:09:00,2016-03-16,2016-03-14,2016-03-14,Promoters,Pledge Creation,Pledge,Equity Shares,82000.0,0.0,0.0,0.0,0.0,29112634.0,16.32,29112634.0,16.32
RELIGARE,2016-03-21 15:11:00,2016-03-18,2016-03-17,2016-03-17,Promoters,Pledge Creation,Pledge,Equity Shares,585000.0,0.0,0.0,0.0,0.0,39709358.0,22.27,39709358.0,22.27
RELIGARE,2016-04-01 18:46:00,2016-03-31,2016-03-29,2016-03-29,Promoters,Revokation of Pledge,Pledge Revoke,Equity Shares,1701400.0,0.0,0.0,0.0,0.0,39709358.0,22.27,39709358.0,22.27
RELIGARE,2016-04-07 15:34:00,2016-04-06,2016-04-04,2016-04-04,Promoters,Pledge Creation,Pledge,Equity Shares,3550000.0,0.0,0.0,0.0,0.0,39709358.0,22.27,39709358.0,22.27
RELIGARE,2016-04-11 19:12:00,2016-04-07,2016-04-07,2016-04-07,Promoters,Revokation of Pledge,Pledge Revoke,Equity Shares,347500000.0,0.0,0.0,0.0,0.0,39709358.0,22.27,39709358.0,22.27
RELIGARE,2016-04-22 13:55:00,2016-04-18,2016-04-13,2016-04-13,Promoters,Pledge Creation,Pledge,Equity Shares,700000.0,0.0,0.0,0.0,0.0,39709358.0,22.27,39709358.0,22.27
RELIGARE,2016-04-25 18:53:00,2016-04-22,2016-04-20,2016-04-20,Promoters,Pledge Creation,Pledge,Equity Shares,75000.0,0.0,0.0,0.0,0.0,39709358.0,22.27,39709358.0,22.27
RELIGARE,2016-04-29 11:44:00,2016-04-27,2016-04-25,2016-04-25,Promoters,Pledge Creation,Pledge,Equity Shares,1900000.0,0.0,0.0,0.0,0.0,29112634.0,16.32,29112634.0,16.32
RELIGARE,2016-05-03 19:56:00,2016-05-02,2016-04-28,2016-04-28,Promoters,Pledge Creation,Pledge,Equity Shares,1050000.0,0.0,0.0,0.0,0.0,39709358.0,22.27,39709358.0,22.27
RELIGARE,2016-06-10 20:10:00,2016-06-09,2016-06-08,2016-06-08,Promoters,Pledge Creation,Pledge,Equity Shares,85042.0,0.0,0.0,0.0,0.0,39709358.0,22.27,39709358.0,22.27
RELIGARE,2016-06-20 15:03:00,2016-06-20,2016-06-16,2016-06-16,Promoters,Pledge Creation,Pledge,Equity Shares,260000.0,0.0,0.0,0.0,0.0,39709358.0,22.27,39709358.0,22.27
RELIGARE,2016-06-22 17:15:00,2016-06-22,2016-06-20,2016-06-20,Promoters,Pledge Creation,Pledge,Equity Shares,68500.0,0.0,0.0,0.0,0.0,39709358.0,22.27,39709358.0,22.27
RELIGARE,2016-06-22 17:15:00,2016-06-22,2016-06-21,2016-06-21,Promoters,Pledge Creation,Pledge,Equity Shares,5600.0,0.0,0.0,0.0,0.0,39709358.0,22.27,39709358.0,22.27
RELIGARE,2016-06-22 17:25:00,2016-06-22,2016-06-20,2016-06-20,Promoters,Invocation of pledge,Pledge Invoke,Equity Shares,68500.0,0.0,0.0,0.0,0.0,39709358.0,22.27,39640858.0,
RELIGARE,2016-06-22 17:25:00,2016-06-22,2016-06-21,2016-06-21,Promoters,Revokation of Pledge,Pledge Revoke,Equity Shares,5600.0,0.0,0.0,0.0,0.0,39709358.0,22.27,39709358.0,22.27
RELIGARE,2016-06-27 12:51:00,2016-06-25,2016-06-23,2016-06-23,Promoters,Pledge Creation,Pledge,Equity Shares,100000.0,0.0,0.0,0.0,0.0,39709358.0,22.27,39709358.0,22.27
RELIGARE,2016-07-04 12:55:00,2016-07-01,2016-06-30,2016-06-30,Promoters,Revokation of Pledge,Pledge Revoke,Equity Shares,24000.0,0.0,0.0,0.0,0.0,29112634.0,16.32,29112634.0,16.32
RELIGARE,2016-07-07 12:47:00,2016-07-06,2016-07-04,2016-07-04,Promoters,Pledge Creation,Pledge,Equity Shares,350000.0,0.0,0.0,0.0,0.0,29112634.0,16.32,29112634.0,16.32
RELIGARE,2016-08-01 19:56:00,2016-08-01,2016-07-28,2016-07-29,Promoters,Pledge Creation,Pledge,Equity Shares,3601600.0,0.0,0.0,0.0,0.0,29112634.0,16.32,29112634.0,16.32
RELIGARE,2016-08-04 08:59:00,2016-08-03,2016-08-01,2016-08-01,Promoters,Pledge Creation,Pledge,Equity Shares,755000.0,0.0,0.0,0.0,0.0,39709358.0,22.27,39709358.0,22.27
RELIGARE,2016-08-04 08:59:00,2016-08-03,2016-08-01,2016-08-01,Promoters,Pledge Creation,Pledge,Equity Shares,118000.0,0.0,0.0,0.0,0.0,29112634.0,16.32,29112634.0,16.32
RELIGARE,2016-08-04 08:59:00,2016-08-03,2016-08-02,2016-08-02,Promoters,Pledge Creation,Pledge,Equity Shares,1500000.0,0.0,0.0,0.0,0.0,29112634.0,16.32,29112634.0,16.32
RELIGARE,2016-08-09 11:29:00,2016-08-08,2016-08-04,2016-08-04,Promoters,Pledge Creation,Pledge,Equity Shares,130000.0,0.0,0.0,0.0,0.0,29112634.0,16.32,29112634.0,16.32
RELIGARE,2016-08-19 17:06:00,2016-08-19,2016-08-17,2016-08-17,Promoters,Pledge Creation,Pledge,Equity Shares,250000.0,0.0,0.0,0.0,0.0,39709358.0,22.27,39709358.0,22.27
RELIGARE,2016-08-19 17:06:00,2016-08-19,2016-08-17,2016-08-17,Promoters,Pledge Creation,Pledge,Equity Shares,285000.0,0.0,0.0,0.0,0.0,29112634.0,16.32,29112634.0,16.32
RELIGARE,2016-08-19 17:06:00,2016-08-19,2016-08-18,2016-08-18,Promoters,Pledge Creation,Pledge,Equity Shares,900000.0,0.0,0.0,0.0,0.0,39709358.0,22.27,39709358.0,22.27
RELIGARE,2016-08-26 14:21:00,2016-08-24,2016-08-22,2016-08-22,Promoters,Pledge Creation,Pledge,Equity Shares,125000.0,0.0,0.0,0.0,0.0,29112634.0,16.32,29112634.0,16.32
RELIGARE,2016-08-29 17:08:00,2016-08-29,2016-08-25,2016-08-25,Promoters,Revokation of Pledge,Pledge Revoke,Equity Shares,1500000.0,0.0,0.0,0.0,0.0,39709358.0,22.27,39709358.0,22.27
RELIGARE,2016-09-08 18:46:00,2016-09-08,2016-09-06,2016-09-06,Promoter Group,Pledge Creation,Pledge,Equity Shares,2000000.0,0.0,0.0,0.0,0.0,39709358.0,22.27,39709358.0,22.27
RELIGARE,2016-09-08 18:46:00,2016-09-08,2016-09-07,2016-09-07,Promoter Group,Revokation of Pledge,Pledge Revoke,Equity Shares,965370.0,0.0,0.0,0.0,0.0,39709358.0,22.27,39709358.0,22.27
RELIGARE,2016-09-15 16:59:00,2016-09-15,2016-09-14,2016-09-14,Promoters,Pledge Creation,Pledge,Equity Shares,1600000.0,0.0,0.0,0.0,0.0,11123525.0,6.24,11123525.0,6.24
RELIGARE,2016-10-06 11:36:00,2016-10-05,2016-10-04,2016-10-05,Promoter Group,Revokation of Pledge,Pledge Revoke,Equity Shares,8300000.0,0.0,0.0,0.0,0.0,39709358.0,22.27,39709358.0,22.27
RELIGARE,2016-10-06 11:36:00,2016-10-05,2016-10-03,2016-10-04,Promoter Group,Pledge Creation,Pledge,Equity Shares,8300000.0,0.0,0.0,0.0,0.0,39709358.0,22.27,39709358.0,22.27
RELIGARE,2016-11-02 11:53:00,2016-10-31,2016-10-29,2016-10-29,Promoter Group,Pledge Creation,Pledge,Equity Shares,2200000.0,0.0,0.0,0.0,0.0,39709358.0,22.27,39709358.0,22.27
RELIGARE,2016-11-07 11:49:00,2016-11-04,2016-11-02,2016-11-02,Promoter Group,Revokation of Pledge,Pledge Revoke,Equity Shares,533889.0,0.0,0.0,0.0,0.0,29112634.0,16.32,29112634.0,16.32
RELIGARE,2016-11-21 18:06:00,2016-11-21,2016-11-21,2016-11-21,Promoter Group,Revokation of Pledge,Pledge Revoke,Equity Shares,4001190.0,0.0,0.0,0.0,0.0,39709358.0,22.27,39709358.0,22.27
RELIGARE,2016-12-01 15:36:00,2016-11-30,2016-11-28,2016-11-28,Promoters,Revokation of Pledge,Pledge Revoke,Equity Shares,3840000.0,0.0,0.0,0.0,0.0,11123525.0,6.24,11123525.0,6.24
RELIGARE,2016-12-01 15:36:00,2016-11-30,2016-11-29,2016-11-29,Promoter Group,Pledge Creation,Pledge,Equity Shares,1200000.0,0.0,0.0,0.0,0.0,39709358.0,22.27,39709358.0,22.27
RELIGARE,2016-12-01 15:36:00,2016-11-30,2016-11-28,2016-11-28,Promoter Group,Revokation of Pledge,Pledge Revoke,Equity Shares,658810.0,0.0,0.0,0.0,0.0,39709358.0,22.27,39709358.0,22.27
RELIGARE,2016-12-08 18:49:00,2016-12-06,2016-12-03,2016-12-03,Promoter Group,Pledge Creation,Pledge,Equity Shares,5000000.0,0.0,0.0,0.0,0.0,39709358.0,22.27,39709358.0,22.27
RELIGARE,2016-12-08 18:49:00,2016-12-06,2016-12-03,2016-12-03,Promoter Group,Pledge Creation,Pledge,Equity Shares,1600000.0,0.0,0.0,0.0,0.0,29112634.0,16.32,29112634.0,16.32
RELIGARE,2016-12-08 18:49:00,2016-12-06,2016-12-06,2016-12-06,Promoter Group,Revokation of Pledge,Pledge Revoke,Equity Shares,3724800.0,0.0,0.0,0.0,0.0,39709358.0,22.27,39709358.0,22.27
RELIGARE,2016-12-12 15:11:00,2016-12-12,2016-12-08,2016-12-08,Promoter Group,Pledge Creation,Pledge,Equity Shares,42000.0,0.0,0.0,0.0,0.0,39709358.0,22.27,39709358.0,22.27
RELIGARE,2016-12-12 15:11:00,2016-12-12,2016-12-09,2016-12-09,Promoter Group,Revokation of Pledge,Pledge Revoke,Equity Shares,1535000.0,0.0,0.0,0.0,0.0,39709358.0,22.27,39709358.0,22.27
RELIGARE,2016-12-12 15:11:00,2016-12-12,2016-12-08,2016-12-08,Promoter Group,Revokation of Pledge,Pledge Revoke,Equity Shares,1400000.0,0.0,0.0,0.0,0.0,29112634.0,16.32,29112634.0,16.32
RELIGARE,2016-12-12 15:11:00,2016-12-12,2016-12-08,2016-12-08,Promoter Group,Pledge Creation,Pledge,Equity Shares,45000.0,0.0,0.0,0.0,0.0,29112634.0,16.32,29112634.0,16.32
RELIGARE,2016-12-14 11:43:00,2016-12-13,2016-12-09,2016-12-09,Promoters,Revokation of Pledge,Pledge Revoke,Equity Shares,2235000.0,0.0,0.0,0.0,0.0,10876602.0,6.1,10876602.0,6.1
RELIGARE,2016-12-14 12:24:00,2016-12-14,2016-12-12,2016-12-12,Promoter Group,Revokation of Pledge,Pledge Revoke,Equity Shares,1900000.0,0.0,0.0,0.0,0.0,39709358.0,22.27,39709358.0,22.27
RELIGARE,2016-12-21 12:49:00,2016-12-21,2016-12-19,2016-12-19,Promoters,Pledge Creation,Pledge,Equity Shares,3400000.0,0.0,0.0,0.0,0.0,11123525.0,6.24,11123525.0,6.24
RELIGARE,2017-01-02 18:01:00,2017-01-02,2016-12-29,2016-12-29,Promoter Group,Revokation of Pledge,Pledge Revoke,Equity Shares,2071000.0,0.0,0.0,0.0,0.0,29112634.0,16.32,29112634.0,16.32
RELIGARE,2017-01-09 14:12:00,2017-01-09,2017-01-05,2017-01-05,Promoter Group,Pledge Creation,Pledge,Equity Shares,1143000.0,0.0,0.0,0.0,0.0,39709358.0,22.27,39709358.0,22.27
RELIGARE,2017-01-12 13:19:00,2017-01-12,2017-01-11,2017-01-11,Promoter Group,Pledge Creation,Pledge,Equity Shares,1500000.0,0.0,0.0,0.0,0.0,39709358.0,22.27,39709358.0,22.27
RELIGARE,2017-01-17 11:54:00,2017-01-16,2017-01-12,2017-01-12,Promoter Group,Revokation of Pledge,Pledge Revoke,Equity Shares,900000.0,0.0,0.0,0.0,0.0,29112634.0,16.32,29112634.0,16.32
RELIGARE,2017-01-20 18:23:00,2017-01-20,2017-01-19,2017-01-19,Promoter Group,Pledge Creation,Pledge,Equity Shares,58500.0,0.0,0.0,0.0,0.0,39709358.0,22.27,39709358.0,22.27
RELIGARE,2017-02-10 13:38:00,2017-02-09,2017-02-07,2017-02-07,Promoter Group,Pledge Creation,Pledge,Equity Shares,42000.0,0.0,0.0,0.0,0.0,39709358.0,22.27,39709358.0,22.27
RELIGARE,2017-02-10 13:38:00,2017-02-09,2017-02-07,2017-02-07,Promoter Group,Pledge Creation,Pledge,Equity Shares,21000.0,0.0,0.0,0.0,0.0,29112634.0,16.32,29112634.0,16.32
RELIGARE,2017-02-15 13:42:00,2017-02-14,2017-02-13,2017-02-13,Promoter Group,Pledge Creation,Pledge,Equity Shares,162000.0,0.0,0.0,0.0,0.0,29112634.0,16.32,29112634.0,16.32
RELIGARE,2017-02-16 18:24:00,2017-02-16,2017-02-14,2017-02-14,Promoter Group,Revokation of Pledge,Pledge Revoke,Equity Shares,200000.0,0.0,0.0,0.0,0.0,39709358.0,22.27,39709358.0,22.27
RELIGARE,2017-02-16 18:24:00,2017-02-16,2017-02-15,2017-02-15,Promoter Group,Pledge Creation,Pledge,Equity Shares,35000.0,0.0,0.0,0.0,0.0,29112634.0,16.32,29112634.0,16.32
RELIGARE,2017-02-21 16:48:00,2017-02-20,2017-02-16,2017-02-16,Promoter Group,Pledge Creation,Pledge,Equity Shares,525000.0,0.0,0.0,0.0,0.0,39709358.0,22.27,39709358.0,22.27
RELIGARE,2017-02-21 16:48:00,2017-02-20,2017-02-16,2017-02-16,Promoter Group,Revokation of Pledge,Pledge Revoke,Equity Shares,15200.0,0.0,0.0,0.0,0.0,39709358.0,22.27,39709358.0,22.27
RELIGARE,2017-02-27 15:47:00,2017-02-23,2017-02-22,2017-02-22,Promoter Group,Pledge Creation,Pledge,Equity Shares,3700000.0,0.0,0.0,0.0,0.0,39709358.0,22.27,39709358.0,22.27
RELIGARE,2017-02-27 15:47:00,2017-02-23,2017-02-22,2017-02-22,Promoter Group,Pledge Creation,Pledge,Equity Shares,3800000.0,0.0,0.0,0.0,0.0,29112634.0,16.32,29112634.0,16.32
RELIGARE,2017-03-07 18:06:00,2017-03-06,2017-03-02,2017-03-02,Promoter Group,Pledge Creation,Pledge,Equity Shares,50000.0,0.0,0.0,0.0,0.0,39709358.0,22.27,39709358.0,22.27
RELIGARE,2017-03-07 18:06:00,2017-03-06,2017-03-02,2017-03-02,Promoter Group,Revokation of Pledge,Pledge Revoke,Equity Shares,365000.0,0.0,0.0,0.0,0.0,39709358.0,22.27,39709358.0,22.27
RELIGARE,2017-03-07 18:06:00,2017-03-06,2017-03-02,2017-03-02,Promoter Group,Pledge Creation,Pledge,Equity Shares,87000.0,0.0,0.0,0.0,0.0,29112634.0,16.32,29112634.0,16.32
RELIGARE,2017-03-09 11:07:00,2017-03-08,2017-03-06,2017-03-06,Promoter Group,Pledge Creation,Pledge,Equity Shares,550000.0,0.0,0.0,0.0,0.0,39709358.0,22.27,39709358.0,22.27
RELIGARE,2017-03-09 11:07:00,2017-03-08,2017-03-06,2017-03-06,Promoter Group,Pledge Creation,Pledge,Equity Shares,10000.0,0.0,0.0,0.0,0.0,29112634.0,16.32,29112634.0,16.32
RELIGARE,2017-03-14 13:04:00,2017-03-10,2017-03-09,2017-03-09,Promoter Group,Pledge Creation,Pledge,Equity Shares,183500.0,0.0,0.0,0.0,0.0,39709358.0,22.27,39709358.0,22.27
RELIGARE,2017-03-14 13:04:00,2017-03-10,2017-03-08,2017-03-08,Promoter Group,Revokation of Pledge,Pledge Revoke,Equity Shares,16000.0,0.0,0.0,0.0,0.0,29112634.0,16.32,29112634.0,16.32
RELIGARE,2017-03-14 16:33:00,2017-03-14,2017-03-09,2017-03-09,Promoters,Pledge Creation,Pledge,Equity Shares,500000.0,0.0,0.0,0.0,0.0,11123525.0,6.24,11123525.0,6.24
RELIGARE,2017-03-16 18:09:00,2017-03-15,2017-03-14,2017-03-14,Promoter Group,Revokation of Pledge,Pledge Revoke,Equity Shares,2585500.0,0.0,0.0,0.0,0.0,39709358.0,22.27,39709358.0,22.27
RELIGARE,2017-03-16 18:09:00,2017-03-15,2017-03-14,2017-03-14,Promoters,Pledge Creation,Pledge,Equity Shares,500000.0,0.0,0.0,0.0,0.0,11123525.0,6.24,11123525.0,6.24
RELIGARE,2017-03-17 16:49:00,2017-03-17,2017-03-15,2017-03-15,Promoter Group,Pledge Creation,Pledge,Equity Shares,500000.0,0.0,0.0,0.0,0.0,39709358.0,22.27,39709358.0,22.27
RELIGARE,2017-03-21 18:44:00,2017-03-21,2017-03-20,2017-03-20,Promoter Group,Pledge Creation,Pledge,Equity Shares,50000.0,0.0,0.0,0.0,0.0,39709358.0,22.27,39709358.0,22.27
RELIGARE,2017-03-27 11:22:00,2017-03-24,2017-03-22,2017-03-22,Promoter Group,Revokation of Pledge,Pledge,Equity Shares,935000.0,0.0,0.0,0.0,0.0,39709358.0,22.27,39709358.0,22.27
RELIGARE,2017-03-29 11:28:00,2017-03-28,2017-03-27,2017-03-27,Promoter Group,Revokation of Pledge,Pledge Revoke,Equity Shares,533000.0,0.0,0.0,0.0,0.0,29112634.0,16.32,29112634.0,16.32
RELIGARE,2017-04-03 11:03:00,2017-03-31,2017-03-30,2017-03-30,Promoter Group,Pledge Creation,Pledge,Equity Shares,50000.0,0.0,0.0,0.0,0.0,39709358.0,22.27,39709358.0,22.27
RELIGARE,2017-04-18 15:51:00,2017-04-17,2017-04-13,2017-04-13,Promoter Group,Pledge Creation,Pledge,Equity Shares,300000.0,0.0,0.0,0.0,0.0,39709358.0,22.27,39709358.0,22.27
RELIGARE,2017-04-18 15:51:00,2017-04-17,2017-04-12,2017-04-12,Promoter Group,Pledge Creation,Pledge,Equity Shares,238000.0,0.0,0.0,0.0,0.0,29112634.0,16.32,29112634.0,16.32
RELIGARE,2017-04-21 15:32:00,2017-04-21,2017-04-20,2017-04-20,Promoter Group,Pledge Creation,Pledge,Equity Shares,106000.0,0.0,0.0,0.0,0.0,39709358.0,22.27,39709358.0,22.27
RELIGARE,2017-04-21 15:32:00,2017-04-21,2017-04-20,2017-04-20,Promoter Group,Pledge Creation,Pledge,Equity Shares,109000.0,0.0,0.0,0.0,0.0,29112634.0,16.32,29112634.0,16.32
RELIGARE,2017-04-25 17:51:00,2017-04-25,2017-04-21,2017-04-21,Promoter Group,Pledge Creation,Pledge,Equity Shares,175000.0,0.0,0.0,0.0,0.0,39709358.0,22.27,39709358.0,22.27
RELIGARE,2017-05-01 18:58:00,2017-05-01,2017-04-28,2017-04-28,Promoter Group,Pledge Creation,Pledge,Equity Shares,200000.0,0.0,0.0,0.0,0.0,29112634.0,16.32,29112634.0,16.32
RELIGARE,2017-05-01 18:58:00,2017-05-01,2017-04-27,2017-04-27,Promoter Group,Pledge Creation,Pledge,Equity Shares,200000.0,0.0,0.0,0.0,0.0,39709358.0,22.27,39709358.0,22.27
RELIGARE,2017-05-05 11:18:00,2017-05-04,2017-05-02,2017-05-02,Promoter Group,Pledge Creation,Pledge,Equity Shares,50000.0,0.0,0.0,0.0,0.0,39709358.0,22.27,39709358.0,22.27
RELIGARE,2017-05-05 11:18:00,2017-05-04,2017-05-03,2017-05-03,Promoter Group,Revokation of Pledge,Pledge Revoke,Equity Shares,728111.0,0.0,0.0,0.0,0.0,29112634.0,16.32,29112634.0,16.32
RELIGARE,2017-05-10 10:57:00,2017-05-09,2017-05-05,2017-05-05,Promoters,Revokation of Pledge,Pledge Revoke,Equity Shares,1500000.0,0.0,0.0,0.0,0.0,11123525.0,6.24,11123525.0,6.24
RELIGARE,2017-05-10 10:57:00,2017-05-09,2017-05-05,2017-05-05,Promoter Group,Pledge Creation,Pledge,Equity Shares,400000.0,0.0,0.0,0.0,0.0,39709358.0,22.27,39709358.0,22.27
RELIGARE,2017-05-10 10:57:00,2017-05-09,2017-05-05,2017-05-05,Promoter Group,Pledge Creation,Pledge,Equity Shares,706000.0,0.0,0.0,0.0,0.0,29112634.0,16.32,29112634.0,16.32
RELIGARE,2017-05-10 10:57:00,2017-05-09,2017-05-08,2017-05-08,Promoter Group,Revokation of Pledge,Pledge Revoke,Equity Shares,1364500.0,0.0,0.0,0.0,0.0,39709358.0,22.27,39709358.0,22.27
RELIGARE,2017-05-11 17:24:00,2017-05-11,2017-05-09,2017-05-09,Promoter Group,Pledge Creation,Pledge,Equity Shares,100000.0,0.0,0.0,0.0,0.0,29112634.0,16.32,29112634.0,16.32
RELIGARE,2017-05-11 17:24:00,2017-05-11,2017-05-09,2017-05-09,Promoter Group,Pledge Creation,Pledge,Equity Shares,3300000.0,0.0,0.0,0.0,0.0,39709358.0,22.27,39709358.0,22.27
RELIGARE,2017-05-15 18:00:00,2017-05-15,2017-05-11,2017-05-11,Promoter Group,Revokation of Pledge,Pledge Revoke,Equity Shares,35000.0,0.0,0.0,0.0,0.0,29112634.0,16.32,29112634.0,16.32
RELIGARE,2017-05-17 19:10:00,,2016-10-17,2016-10-21,Director,Gift,Sell,Equity Shares,800000.0,0.0,0.0,0.0,0.0,1500000.0,0.84,700000.0,0.39
RELIGARE,2017-05-22 14:57:00,2017-05-20,2017-05-19,2017-05-19,Director,ESOP,Buy,Equity Shares,120750.0,0.0,0.0,0.0,0.0,700000.0,0.39,820750.0,0.45
RELIGARE,2017-05-31 13:45:00,2017-05-30,2017-05-26,2017-05-26,Promoters,Pledge Creation,Pledge,Equity Shares,1800000.0,0.0,0.0,0.0,0.0,10876602.0,6.09,10876602.0,6.09
RELIGARE,2017-05-31 13:45:00,2017-05-30,2017-05-29,2017-05-29,Promoter Group,Pledge Creation,Pledge,Equity Shares,200000.0,0.0,0.0,0.0,0.0,29112634.0,16.31,29112634.0,16.31
RELIGARE,2017-06-02 17:29:00,2017-06-01,2017-05-30,2017-05-30,Promoter Group,Revokation of Pledge,Pledge Revoke,Equity Shares,900000.0,0.0,0.0,0.0,0.0,39709358.0,22.25,39709358.0,22.25
RELIGARE,2017-06-02 17:29:00,2017-06-01,2017-05-30,2017-05-30,Promoter Group,Pledge Creation,Pledge,Equity Shares,400000.0,0.0,0.0,0.0,0.0,39709358.0,22.25,39709358.0,22.25
RELIGARE,2017-06-08 19:09:00,2017-06-08,2017-06-07,2017-06-07,Promoter Group,Revokation of Pledge,Pledge Revoke,Equity Shares,4000000.0,0.0,0.0,0.0,0.0,29112634.0,16.31,29112634.0,16.31
RELIGARE,2017-06-08 19:09:00,2017-06-08,2017-06-07,2017-06-07,Promoter Group,Pledge Creation,Pledge,Equity Shares,4000000.0,0.0,0.0,0.0,0.0,29112634.0,16.31,29112634.0,16.31
RELIGARE,2017-06-16 11:46:00,2017-06-15,2017-06-13,2017-06-13,Promoter Group,Revokation of Pledge,Pledge Revoke,Equity Shares,1500000.0,0.0,0.0,0.0,0.0,39709358.0,22.25,39709358.0,22.25
RELIGARE,2017-06-16 11:46:00,2017-06-13,2017-06-13,2017-06-13,Promoter Group,Pledge Creation,Pledge,Equity Shares,1079000.0,0.0,0.0,0.0,0.0,39709358.0,22.25,39709358.0,22.25
RELIGARE,2017-06-23 15:24:00,2017-06-22,2017-06-21,2017-06-21,Promoters,Revokation of Pledge,Pledge Revoke,Equity Shares,2000000.0,0.0,0.0,0.0,0.0,11123525.0,6.23,11123525.0,6.23
RELIGARE,2017-07-05 12:41:00,2017-07-04,2017-07-01,2017-07-01,Promoter Group,Pledge Creation,Pledge,Equity Shares,39709358.0,0.0,0.0,0.0,0.0,39709358.0,22.25,39709358.0,22.25
RELIGARE,2017-07-11 15:58:00,2017-07-07,2017-07-05,2017-07-05,Promoters,Pledge Creation,Pledge,Equity Shares,250000.0,0.0,0.0,0.0,0.0,11123525.0,6.23,11123525.0,6.23
RELIGARE,2017-07-12 19:02:00,2017-07-12,2017-07-11,2017-07-11,Promoter Group,Off Market,Buy,Equity Shares,875000.0,0.0,0.0,0.0,0.0,29112634.0,16.31,29987634.0,16.8
RELIGARE,2017-07-14 14:31:00,2017-07-13,2017-07-12,2017-07-12,Director,Invocation of pledge,Pledge Invoke,Equity Shares,225000.0,0.0,0.0,0.0,0.0,820750.0,0.46,595750.0,0.33
RELIGARE,2017-07-14 14:48:00,2017-07-13,2017-07-12,2017-07-12,Promoter Group,Off Market,Buy,Equity Shares,975000.0,0.0,0.0,0.0,0.0,29987634.0,16.8,30962634.0,17.35
RELIGARE,2017-07-14 15:05:00,2017-07-13,2017-07-11,2017-07-11,Promoters,Pledge Creation,Pledge,Equity Shares,1750000.0,0.0,0.0,0.0,0.0,11123525.0,6.23,11123525.0,6.23
RELIGARE,2017-07-18 16:00:00,2017-07-14,2017-07-12,2017-07-12,Promoters,Pledge Creation,Pledge,Equity Shares,900000.0,0.0,0.0,0.0,0.0,10876602.0,6.09,10876602.0,6.09
RELIGARE,2017-07-19 13:24:00,2017-07-17,2017-07-13,2017-07-13,Promoter Group,Pledge Creation,Pledge,Equity Shares,450000.0,0.0,0.0,0.0,0.0,30962634.0,17.35,30962634.0,17.35
RELIGARE,2017-07-21 11:10:00,2017-07-19,2017-07-17,2017-07-17,Promoters,Pledge Creation,Pledge,Equity Shares,400000.0,0.0,0.0,0.0,0.0,30962634.0,17.35,30962634.0,17.35
RELIGARE,2017-07-24 12:39:00,2017-07-21,2017-07-20,2017-07-20,Promoter Group,Revokation of Pledge,Pledge Revoke,Equity Shares,500000.0,0.0,0.0,0.0,0.0,39709358.0,22.25,39709358.0,22.25
RELIGARE,2017-07-24 12:39:00,2017-07-21,2017-07-20,2017-07-20,Promoter Group,Pledge Creation,Pledge,Equity Shares,300000.0,0.0,0.0,0.0,0.0,39709358.0,22.25,39709358.0,22.25
RELIGARE,2017-07-24 12:39:00,2017-07-21,2017-07-19,2017-07-19,Promoter Group,Revokation of Pledge,Pledge Revoke,Equity Shares,525000.0,0.0,0.0,0.0,0.0,39709358.0,22.25,39709358.0,22.25
RELIGARE,2017-07-25 12:28:00,2017-07-24,2017-07-21,2017-07-21,Promoter Group,Revokation of Pledge,Pledge Revoke,Equity Shares,175000.0,0.0,0.0,0.0,0.0,39709358.0,22.25,39709358.0,22.25
RELIGARE,2017-07-25 13:17:00,2017-07-24,2017-07-21,2017-07-21,Promoter Group,Revokation of Pledge,Pledge Revoke,Equity Shares,35000.0,0.0,0.0,0.0,0.0,30962634.0,17.35,30962634.0,17.35
RELIGARE,2017-07-25 13:17:00,2017-07-24,2017-07-21,2017-07-21,Promoter Group,Off Market,Buy,Equity Shares,6400000.0,0.0,0.0,0.0,0.0,30962634.0,17.35,37362634.0,20.94
RELIGARE,2017-07-25 13:17:00,2017-07-24,2017-07-20,2017-07-21,Promoter Group,Pledge Creation,Pledge,Equity Shares,4900000.0,0.0,0.0,0.0,0.0,30962634.0,17.35,30962634.0,17.35
RELIGARE,2017-07-26 12:05:00,2017-07-25,2017-07-21,2017-07-21,Promoter Group,Inter-se-Transfer,Sell,Equity Shares,6050000.0,0.0,0.0,0.0,0.0,10876602.0,6.09,4826602.0,2.7
RELIGARE,2017-07-26 12:05:00,2017-07-25,2017-07-21,2017-07-21,Promoter Group,Revokation of Pledge,Pledge Revoke,Equity Shares,5750000.0,0.0,0.0,0.0,0.0,10876602.0,6.09,10876602.0,6.09
RELIGARE,2017-07-26 12:36:00,2017-07-25,2017-07-21,2017-07-21,Promoter Group,Inter-se-Transfer,Sell,Equity Shares,350000.0,0.0,0.0,0.0,0.0,11123525.0,6.23,10773525.0,6.04
RELIGARE,2017-07-26 12:36:00,2017-07-25,2017-07-24,2017-07-24,Promoter Group,Revokation of Pledge,Pledge Revoke,Equity Shares,300000.0,0.0,0.0,0.0,0.0,10773525.0,6.04,10773525.0,6.04
RELIGARE,2017-07-26 12:36:00,2017-07-25,2017-07-21,2017-07-21,Promoter Group,Revokation of Pledge,Pledge Revoke,Equity Shares,335000.0,0.0,0.0,0.0,0.0,11123525.0,6.23,11123525.0,6.23
RELIGARE,2017-07-26 18:14:00,2017-07-24,2017-07-24,2017-07-24,Promoter Group,Revokation of Pledge,Pledge Revoke,Equity Shares,1641000.0,0.0,0.0,0.0,0.0,39709358.0,22.25,39709358.0,22.25
RELIGARE,2017-07-26 18:14:00,2017-07-24,2017-07-11,2017-07-19,Promoter Group,Invocation of pledge,Pledge Invoke,Equity Shares,5153542.0,0.0,0.0,0.0,0.0,39709358.0,22.25,34555816.0,19.36
RELIGARE,2017-07-26 18:36:00,2017-07-26,2017-07-25,2017-07-25,Promoter Group,Revokation of Pledge,Pledge Revoke,Equity Shares,45000.0,0.0,0.0,0.0,0.0,37362634.0,20.94,37362634.0,20.94
RELIGARE,2017-07-26 18:36:00,2017-07-26,2017-07-24,2017-07-24,Promoter Group,Pledge Creation,Pledge,Equity Shares,200000.0,0.0,0.0,0.0,0.0,37362634.0,20.94,37362634.0,20.94
RELIGARE,2017-07-26 18:36:00,2017-07-26,2017-07-24,2017-07-24,Promoter Group,Revokation of Pledge,Pledge Revoke,Equity Shares,5000.0,0.0,0.0,0.0,0.0,37362634.0,20.94,37362634.0,20.94
RELIGARE,2017-07-26 18:36:00,2017-07-26,2017-07-25,2017-07-25,Promoter Group,Pledge Creation,Pledge,Equity Shares,200000.0,0.0,0.0,0.0,0.0,37362634.0,20.94,37362634.0,20.94
RELIGARE,2017-07-31 16:44:00,2017-07-31,2017-07-27,2017-07-28,Promoter Group,Off Market,Sell,Equity Shares,3356000.0,0.0,0.0,0.0,0.0,37362634.0,20.94,34006634.0,19.06
RELIGARE,2017-07-31 16:44:00,2017-07-31,2017-07-27,2017-07-27,Promoter Group,Revokation of Pledge,Pledge Revoke,Equity Shares,300000.0,0.0,0.0,0.0,0.0,37362634.0,20.94,37362634.0,20.94
RELIGARE,2017-07-31 16:44:00,2017-07-31,2017-07-28,2017-07-28,Promoter Group,Revokation of Pledge,Pledge Revoke,Equity Shares,2868800.0,0.0,0.0,0.0,0.0,37362634.0,20.94,37362634.0,20.94
RELIGARE,2017-07-31 16:51:00,2017-07-31,2017-07-28,2017-07-28,Promoter Group,Revokation of Pledge,Pledge Revoke,Equity Shares,700000.0,0.0,0.0,0.0,0.0,34555816.0,19.36,34555816.0,19.36
RELIGARE,2017-07-31 17:17:00,2017-07-31,2017-07-27,2017-07-27,Promoters,Revokation of Pledge,Pledge Revoke,Equity Shares,600000.0,0.0,0.0,0.0,0.0,10773525.0,6.04,10773525.0,6.04
RELIGARE,2017-08-03 11:08:00,2017-08-02,2017-08-01,2017-08-01,Promoter Group,Pledge Creation,Pledge,Equity Shares,2000000.0,0.0,0.0,0.0,0.0,34555816.0,19.36,34555816.0,19.36
RELIGARE,2017-08-03 11:08:00,2017-08-02,2017-07-31,2017-07-31,Promoter Group,Revokation of Pledge,Pledge Revoke,Equity Shares,600000.0,0.0,0.0,0.0,0.0,34555816.0,19.36,34555816.0,19.36
RELIGARE,2017-08-03 11:08:00,2017-08-01,2017-08-01,2017-08-01,Promoter Group,Off Market,Sell,Equity Shares,260000.0,0.0,0.0,0.0,0.0,34555816.0,19.36,34295816.0,19.22
RELIGARE,2017-08-03 11:20:00,2017-08-02,2017-07-31,2017-07-31,Promoter Group,Revokation of Pledge,Pledge Revoke,Equity Shares,2868000.0,0.0,0.0,0.0,0.0,34006634.0,19.06,34006634.0,19.06
RELIGARE,2017-08-03 11:20:00,2017-08-02,2017-07-31,2017-07-31,Promoter Group,Off Market,Sell,Equity Shares,3300000.0,0.0,0.0,0.0,0.0,34006634.0,19.06,30706634.0,17.21
RELIGARE,2017-08-04 17:37:00,2017-08-04,2017-08-03,2017-08-03,Promoter Group,Revokation of Pledge,Pledge Revoke,Equity Shares,1620000.0,0.0,0.0,0.0,0.0,30706634.0,17.21,30706634.0,17.21
RELIGARE,2017-08-04 17:50:00,2017-08-04,2017-08-02,2017-08-02,Promoter Group,Revokation of Pledge,Pledge Revoke,Equity Shares,800000.0,0.0,0.0,0.0,0.0,4826602.0,2.7,4826602.0,2.7
RELIGARE,2017-08-04 18:05:00,2017-08-04,2017-08-02,2017-08-02,Promoter Group,Off Market,Sell,Equity Shares,137660.0,0.0,0.0,0.0,0.0,34295816.0,19.22,34158156.0,1.43
RELIGARE,2017-08-04 18:05:00,2017-08-04,2017-08-02,2017-08-03,Promoter Group,Revokation of Pledge,Pledge Revoke,Equity Shares,490000.0,0.0,0.0,0.0,0.0,34295816.0,19.22,34295816.0,19.22
RELIGARE,2017-08-09 10:25:00,2017-08-08,2017-08-04,2017-08-04,Promoter Group,Off Market,Sell,Equity Shares,1720000.0,0.0,0.0,0.0,0.0,30706634.0,17.21,28986634.0,16.24
RELIGARE,2017-08-18 11:38:00,2017-08-17,2017-08-16,2017-08-16,Promoters,Revokation of Pledge,Pledge Revoke,Equity Shares,100000.0,0.0,0.0,0.0,0.0,10573525.0,5.93,10573525.0,5.93
RELIGARE,2017-08-18 11:38:00,2017-08-17,2017-08-16,2017-08-16,Promoters,Invocation of pledge,Pledge Invoke,Equity Shares,200000.0,0.0,0.0,0.0,0.0,10773525.0,6.04,10573525.0,5.93
RELIGARE,2017-08-18 11:56:00,2017-08-17,2017-08-16,2017-08-16,Promoter Group,Revokation of Pledge,Pledge Revoke,Equity Shares,2000000.0,0.0,0.0,0.0,0.0,34158156.0,19.14,34158156.0,19.14
RELIGARE,2017-08-18 12:10:00,2017-08-17,2017-08-14,2017-08-14,Promoter Group,Pledge Creation,Pledge,Equity Shares,1543220.0,0.0,0.0,0.0,0.0,28986634.0,16.24,28986634.0,16.24
RELIGARE,2017-08-18 12:10:00,2017-08-17,2017-08-14,2017-08-14,Promoter Group,Revokation of Pledge,Pledge Revoke,Equity Shares,276500.0,0.0,0.0,0.0,0.0,28986634.0,16.24,28986634.0,16.24
RELIGARE,2017-08-22 12:42:00,2017-08-21,2017-08-17,2017-08-17,Promoter Group,Pledge Creation,Pledge,Equity Shares,500000.0,0.0,0.0,0.0,0.0,34158156.0,19.14,34158156.0,19.14
RELIGARE,2017-08-22 12:42:00,2017-08-21,2017-08-18,2017-08-18,Promoter Group,Off Market,Sell,Equity Shares,100000.0,0.0,0.0,0.0,0.0,33658156.0,18.86,33558156.0,18.8
RELIGARE,2017-08-22 12:42:00,2017-08-21,2017-08-18,2017-08-18,Promoter Group,Revokation of Pledge,Pledge Revoke,Equity Shares,300000.0,0.0,0.0,0.0,0.0,33658156.0,18.86,33658156.0,18.86
RELIGARE,2017-08-22 12:42:00,2017-08-21,2017-08-17,2017-08-17,Promoter Group,Off Market,Sell,Equity Shares,500000.0,0.0,0.0,0.0,0.0,34158156.0,19.14,33658156.0,18.86
RELIGARE,2017-08-23 18:37:00,2017-08-23,2017-08-21,2017-08-22,Promoter Group,Invocation of pledge,Pledge Invoke,Equity Shares,833855.0,0.0,0.0,0.0,0.0,28986634.0,16.24,28152779.0,15.78
RELIGARE,2017-08-23 18:49:00,2017-08-23,2017-08-22,2017-08-22,Promoter Group,Revokation of Pledge,Pledge Revoke,Equity Shares,100000.0,0.0,0.0,0.0,0.0,33558156.0,18.8,33558156.0,18.8
RELIGARE,2017-08-23 18:49:00,2017-08-23,2017-08-21,2017-08-21,Promoter Group,Pledge Creation,Pledge,Equity Shares,500000.0,0.0,0.0,0.0,0.0,33558156.0,18.8,33558156.0,18.8
RELIGARE,2017-08-23 18:49:00,2017-08-23,2017-08-22,2017-08-22,Promoter Group,Pledge Creation,Pledge,Equity Shares,833000.0,0.0,0.0,0.0,0.0,33558156.0,18.8,33558156.0,18.8
RELIGARE,2017-08-28 17:39:00,2017-08-28,2017-08-24,2017-08-24,Promoter Group,Invocation of pledge,Pledge Invoke,Equity Shares,651.0,0.0,0.0,0.0,0.0,33558156.0,18.8,33557505.0,18.8
RELIGARE,2017-08-31 13:34:00,2017-08-30,2017-08-29,2017-08-29,Promoter Group,Pledge Creation,Pledge,Equity Shares,2349000.0,0.0,0.0,0.0,0.0,28152779.0,15.78,28152779.0,15.78
RELIGARE,2017-08-31 13:48:00,2017-08-30,2017-08-28,2017-08-28,Promoter Group,Invocation of pledge,Pledge Invoke,Equity Shares,2000000.0,0.0,0.0,0.0,0.0,10573525.0,5.93,8573525.0,4.8
RELIGARE,2017-09-05 11:10:00,2017-09-04,2017-08-31,2017-08-31,Promoter Group,Revokation of Pledge,Pledge Revoke,Equity Shares,200000.0,0.0,0.0,0.0,0.0,33557505.0,18.8,33557505.0,18.8
RELIGARE,2017-09-08 20:06:00,2017-09-06,2017-09-04,2017-09-05,Promoter Group,Invocation of pledge,Pledge Invoke,Equity Shares,1000000.0,0.0,0.0,0.0,0.0,33557505.0,18.8,32557505.0,18.24
RELIGARE,2017-09-08 20:06:00,2017-09-08,2017-09-06,2017-09-07,Promoter Group,Invocation of pledge,Pledge Invoke,Equity Shares,2800000.0,0.0,0.0,0.0,0.0,32557505.0,18.24,29757505.0,16.68
RELIGARE,2017-09-12 11:44:00,2017-09-11,2017-09-08,2017-09-08,Promoter Group,Invocation of pledge,Pledge Invoke,Equity Shares,1500000.0,0.0,0.0,0.0,0.0,29757505.0,16.68,28257505.0,15.83
RELIGARE,2017-09-14 14:59:00,2017-09-13,2017-09-11,2017-09-12,Promoter Group,Invocation of pledge,Pledge Invoke,Equity Shares,6339500.0,0.0,0.0,0.0,0.0,28152779.0,15.78,21813279.0,12.22
RELIGARE,2017-09-14 15:08:00,2017-09-13,2017-09-11,2017-09-12,Promoter Group,Invocation of pledge,Pledge Invoke,Equity Shares,10449500.0,0.0,0.0,0.0,0.0,28257505.0,15.83,17808005.0,9.98
RELIGARE,2017-09-14 15:15:00,2017-09-13,2017-09-11,2017-09-11,Promoters,Invocation of pledge,Pledge Invoke,Equity Shares,2083582.0,0.0,0.0,0.0,0.0,8573525.0,4.8,6489943.0,3.64
RELIGARE,2017-09-19 11:35:00,2017-09-18,2017-09-14,2017-09-14,Promoter Group,Invocation of pledge,Pledge Invoke,Equity Shares,2100000.0,0.0,0.0,0.0,0.0,4826602.0,2.7,2726602.0,1.53
RELIGARE,2017-09-26 10:54:00,2017-09-25,2017-09-21,2017-09-22,Promoter Group,Invocation of pledge,Pledge Invoke,Equity Shares,2537000.0,0.0,0.0,0.0,0.0,17808005.0,9.98,15271005.0,8.56
RELIGARE,2017-09-28 13:25:00,2017-09-27,2017-09-25,2017-09-25,Promoter Group,Invocation of pledge,Pledge Invoke,Equity Shares,385000.0,0.0,0.0,0.0,0.0,15271005.0,8.56,14886005.0,8.34
RELIGARE,2017-10-04 10:10:00,2017-10-03,2017-09-28,2017-09-28,Promoter Group,Invocation of pledge,Pledge Invoke,Equity Shares,709000.0,0.0,0.0,0.0,0.0,14886005.0,8.34,14177005.0,7.94
RELIGARE,2017-10-23 17:45:00,2017-10-18,2017-10-18,2017-10-18,Promoter Group,Invocation of pledge,Pledge Invoke,Equity Shares,124261.0,0.0,0.0,0.0,0.0,13853858.0,7.76,13729597.0,7.69
RELIGARE,2017-10-23 17:45:00,2017-10-18,2017-10-16,2017-10-16,Promoter Group,Invocation of pledge,Pledge Invoke,Equity Shares,323147.0,0.0,0.0,0.0,0.0,14177005.0,7.94,13853858.0,7.76
RELIGARE,2017-10-27 11:47:00,2017-10-25,2017-10-23,2017-10-23,Promoter Group,Invocation of pledge,Pledge Invoke,Equity Shares,223335.0,0.0,0.0,0.0,0.0,13729597.0,7.69,13506262.0,7.57
RELIGARE,2017-10-27 11:47:00,2017-10-25,2017-10-25,2017-10-25,Promoter Group,Invocation of pledge,Pledge Invoke,Equity Shares,554797.0,0.0,0.0,0.0,0.0,13306281.0,7.46,12751484.0,7.15
RELIGARE,2017-10-27 11:47:00,2017-10-25,2017-10-24,2017-10-24,Promoter Group,Invocation of pledge,Pledge Invoke,Equity Shares,199981.0,0.0,0.0,0.0,0.0,13506262.0,7.57,13306281.0,7.46
RELIGARE,2017-10-30 14:18:00,2017-10-27,2017-10-26,2017-10-26,Promoter Group,Invocation of pledge,Pledge Invoke,Equity Shares,1105791.0,0.0,0.0,0.0,0.0,12751484.0,7.15,11645693.0,6.53
RELIGARE,2017-10-31 18:46:00,2017-10-31,2017-10-27,2017-10-27,Promoter Group,Invocation of pledge,Pledge Invoke,Equity Shares,1489044.0,0.0,0.0,0.0,0.0,11645693.0,6.53,10156649.0,5.69
RELIGARE,2017-10-31 18:46:00,2017-10-31,2017-10-30,2017-10-30,Promoter Group,Invocation of pledge,Pledge Invoke,Equity Shares,900535.0,0.0,0.0,0.0,0.0,10156649.0,5.69,9256114.0,5.19
RELIGARE,2017-10-31 18:53:00,2017-10-31,2017-10-27,2017-10-27,Promoter Group,Invocation of pledge,Pledge Invoke,Equity Shares,160000.0,0.0,0.0,0.0,0.0,21813279.0,12.22,21653279.0,12.13
RELIGARE,2017-11-03 14:39:00,2017-11-02,2017-11-01,2017-11-01,Promoters,Pledge Creation,Pledge,Equity Shares,4750000.0,0.0,0.0,0.0,0.0,6489943.0,3.64,6489943.0,3.64
RELIGARE,2017-11-03 14:55:00,2017-11-02,2017-11-01,2017-11-01,Promoters,Pledge Creation,Pledge,Equity Shares,106780.0,0.0,0.0,0.0,0.0,19953279.0,11.18,19953279.0,11.18
RELIGARE,2017-11-03 14:55:00,2017-11-02,2017-10-31,2017-10-31,Promoters,Invocation of pledge,Pledge Invoke,Equity Shares,1700000.0,0.0,0.0,0.0,0.0,21653279.0,12.13,19953279.0,11.18
RELIGARE,2017-11-03 15:06:00,2017-11-02,2017-11-01,2017-11-01,Promoter Group,Pledge Creation,Pledge,Equity Shares,1167000.0,0.0,0.0,0.0,0.0,7958201.0,4.46,7958201.0,4.46
RELIGARE,2017-11-03 15:06:00,2017-11-02,2017-10-31,2017-10-31,Promoter Group,Invocation of pledge,Pledge Invoke,Equity Shares,922368.0,0.0,0.0,0.0,0.0,9256114.0,5.19,8333746.0,4.67
RELIGARE,2017-11-03 15:06:00,2017-11-02,2017-11-01,2017-11-01,Promoter Group,Invocation of pledge,Pledge Invoke,Equity Shares,375545.0,0.0,0.0,0.0,0.0,8333746.0,4.67,7958201.0,4.46
RELIGARE,2017-11-09 18:12:00,2017-11-07,2017-11-01,2017-11-02,Promoter Group,Invocation of pledge,Pledge Invoke,Equity Shares,1180545.0,0.0,0.0,0.0,0.0,7958201.0,4.46,6777656.0,3.8
RELIGARE,2017-11-13 17:45:00,2017-11-09,2017-11-02,2017-11-03,Promoter Group,Invocation of pledge,Pledge Invoke,Equity Shares,1042145.0,0.0,0.0,0.0,0.0,19953279.0,11.18,18911134.0,10.6
RELIGARE,2017-11-14 17:54:00,2017-11-10,2017-11-02,2017-11-03,Promoters,Invocation of pledge,Pledge Invoke,Equity Shares,801765.0,0.0,0.0,0.0,0.0,6489943.0,3.64,5688178.0,3.19
RELIGARE,2017-11-15 16:23:00,2017-11-13,2017-11-04,2017-11-09,Promoter Group,Invocation of pledge,Pledge Invoke,Equity Shares,3948235.0,0.0,0.0,0.0,0.0,5688178.0,3.19,1739943.0,0.98
RELIGARE,2017-11-20 11:30:00,2017-11-16,2017-11-14,2017-11-14,Promoter Group,Invocation of pledge,Pledge Invoke,Equity Shares,1266000.0,0.0,0.0,0.0,0.0,6777656.0,3.8,5511656.0,3.09
RELIGARE,2017-11-21 12:46:00,2017-11-20,2017-11-16,2017-11-16,Promoter Group,Invocation of pledge,Pledge Invoke,Equity Shares,1022000.0,0.0,0.0,0.0,0.0,5511656.0,3.09,4489656.0,2.52
RELIGARE,2017-11-21 13:03:00,2017-11-20,2017-11-16,2017-11-16,Promoter Group,Invocation of pledge,Pledge Invoke,Equity Shares,1213000.0,0.0,0.0,0.0,0.0,18911134.0,10.6,17698134.0,9.92
RELIGARE,2017-12-12 11:02:00,2017-12-11,2017-12-08,2017-12-08,Promoter Group,Invocation of pledge,Pledge Invoke,Equity Shares,2050000.0,0.0,0.0,0.0,0.0,17698134.0,9.92,15648134.0,8.77
RELIGARE,2017-12-14 17:49:00,2017-12-14,2017-12-12,2017-12-12,Promoter Group,Invocation of pledge,Pledge Invoke,Equity Shares,1302000.0,0.0,0.0,0.0,0.0,15648134.0,8.77,14346134.0,8.04
RELIGARE,2017-12-20 17:02:00,2017-12-18,2016-09-01,2017-12-14,Other,Others,Buy,Equity Shares,4828871.0,0.0,0.0,0.0,0.0,13009596.0,7.3,17838467.0,10.0
RELIGARE,2018-01-18 15:19:00,2018-01-18,2018-01-16,2018-01-16,Promoters,Revokation of Pledge,Pledge Revoke,Equity Shares,100000.0,0.0,0.0,0.0,0.0,1739943.0,0.98,1739943.0,0.98
RELIGARE,2018-01-22 19:00:00,2018-01-19,2018-01-17,2018-01-17,Promoters,Invocation of pledge,Pledge Invoke,Equity Shares,2000000.0,0.0,0.0,0.0,0.0,4489656.0,2.52,2489656.0,1.4
RELIGARE,2018-01-22 19:00:00,2018-01-22,2018-01-19,2018-01-19,Promoters,Invocation of pledge,Pledge Invoke,Equity Shares,125000.0,0.0,0.0,0.0,0.0,2489656.0,1.4,2364656.0,1.33
RELIGARE,2018-01-22 19:10:00,2018-01-19,2018-01-17,2018-01-17,Promoters,Invocation of pledge,Pledge Invoke,Equity Shares,8317000.0,0.0,0.0,0.0,0.0,14346134.0,8.04,6029134.0,3.38
RELIGARE,2018-01-25 15:43:00,2018-01-24,2018-01-23,2018-01-23,Promoters,Invocation of pledge,Pledge Invoke,Equity Shares,336836.0,0.0,0.0,0.0,0.0,2364656.0,1.33,2027820.0,1.14
RELIGARE,2018-01-25 15:53:00,2018-01-24,2018-01-22,2018-01-23,Promoters,Invocation of pledge,Pledge Invoke,Equity Shares,3172000.0,0.0,0.0,0.0,0.0,6029134.0,3.38,2857134.0,1.6
RELIGARE,2018-01-30 17:22:00,2018-01-29,2018-01-24,2018-01-24,Promoters,Revokation of Pledge,Pledge Revoke,Equity Shares,8500.0,0.0,0.0,0.0,0.0,2857134.0,1.6,2857134.0,1.6
RELIGARE,2018-01-30 17:22:00,2018-01-29,2018-01-25,2018-01-25,Promoters,Invocation of pledge,Pledge Invoke,Equity Shares,347676.0,0.0,0.0,0.0,0.0,2857134.0,1.6,2509458.0,1.41
RELIGARE,2018-01-30 18:06:00,2018-01-29,2018-01-24,2018-01-25,Promoters,Invocation of pledge,Pledge Invoke,Equity Shares,1800000.0,0.0,0.0,0.0,0.0,2726602.0,1.53,926602.0,0.52
RELIGARE,2018-01-30 18:13:00,2018-01-29,2018-01-25,2018-01-25,Promoters,Invocation of pledge,Pledge Invoke,Equity Shares,297164.0,0.0,0.0,0.0,0.0,2027820.0,1.14,1730656.0,0.97
RELIGARE,2018-01-31 18:01:00,2018-01-31,2018-01-29,2018-01-29,Promoters,Invocation of pledge,Pledge Invoke,Equity Shares,694324.0,0.0,0.0,0.0,0.0,2509458.0,1.41,1815134.0,1.02
RELIGARE,2018-03-07 11:06:00,2018-03-06,2018-03-01,2018-03-01,Promoters,Invocation of pledge,Pledge Invoke,Equity Shares,716418.0,0.0,0.0,0.0,0.0,1739943.0,0.98,1023525.0,0.57
RELIGARE,2018-03-26 11:00:00,2018-03-23,2018-03-16,2018-03-23,Employees/Designated Employees,Market Purchase,Buy,Equity Shares,35000.0,0.0,0.0,0.0,0.0,,0.0,35000.0,0.02
RELIGARE,2018-04-24 18:50:00,2018-04-23,2018-04-19,2018-04-19,Key Managerial Personnel,Preferential Offer,Buy,Warrants,19120450.0,0.0,0.0,0.0,0.0,,0.0,19120450.0,6.59
RELIGARE,2018-05-31 22:19:00,2018-05-29,2018-05-25,2018-05-25,Promoters,Revokation of Pledge,Pledge Revoke,Equity Shares,100000.0,0.0,0.0,0.0,0.0,926602.0,0.52,926602.0,0.52
RELIGARE,2018-07-27 10:09:00,2018-07-25,2018-07-23,2018-07-23,Promoter Group,Others,Sell,Equity Shares,1279186.0,0.0,0.0,0.0,0.0,1730656.0,0.95,451470.0,0.25
RELIGARE,2018-07-27 10:16:00,2018-07-25,2018-07-23,2018-07-23,Promoters,Others,Sell,Equity Shares,926602.0,0.0,0.0,0.0,0.0,926602.0,0.51,,0.0
RELIGARE,2020-10-23 17:42:00,2020-10-23,2020-10-21,2020-10-21,Employees/Designated Employees,ESOP,Buy,Equity Shares,37500.0,0.0,0.0,0.0,0.0,,0.0,37500.0,0.01
RELIGARE,2020-12-08 18:14:00,2020-12-08,2020-11-30,2020-12-04,Immediate relative,Others,Buy,Equity Shares,25000.0,0.0,0.0,0.0,0.0,,0.0,25000.0,0.01
RELIGARE,2020-12-15 19:07:00,2020-12-15,2020-12-07,2020-12-11,Promoter Group,Others,Sell,Equity Shares,1500000.0,0.0,0.0,0.0,0.0,1815134.0,0.7,315134.0,0.12
RELIGARE,2020-12-18 16:25:00,2020-12-17,2020-12-09,2020-12-09,Promoter Group,Invocation of pledge,Pledge Invoke,Equity Shares,1500000.0,0.0,0.0,0.0,0.0,1815134.0,0.7,315134.0,0.12
RELIGARE,2020-12-23 15:57:00,2020-12-23,2020-12-14,2020-12-18,Immediate relative,Others,Buy,Equity Shares,19000.0,0.0,0.0,0.0,0.0,25000.0,0.01,44000.0,0.02
RELIGARE,2021-01-06 15:10:00,2021-01-04,2020-12-28,2021-01-01,Immediate relative,Others,Sell,Equity Shares,30000.0,0.0,0.0,0.0,0.0,44000.0,0.02,14000.0,0.01
RELIGARE,2021-01-25 18:41:00,2021-01-25,2021-01-21,2021-01-21,Employees/Designated Employees,ESOP,Buy,Equity Shares,93750.0,0.0,0.0,0.0,0.0,,0.0,93750.0,0.04
RELIGARE,2021-01-25 18:41:00,2021-01-22,2021-01-21,2021-01-21,Employees/Designated Employees,ESOP,Buy,Equity Shares,37500.0,0.0,0.0,0.0,0.0,,0.0,37500.0,0.01
RELIGARE,2021-01-25 18:41:00,2021-01-22,2021-01-21,2021-01-21,Employees/Designated Employees,ESOP,Buy,Equity Shares,50000.0,0.0,0.0,0.0,0.0,35.0,0.0,50035.0,0.02
RELIGARE,2021-03-02 19:08:00,2021-03-02,2021-02-22,2021-02-26,Immediate relative,Others,Sell,Equity Shares,14000.0,0.0,0.0,0.0,0.0,14000.0,0.01,,0.0
RELIGARE,2021-03-03 21:29:00,2021-03-02,2021-03-02,2021-03-02,Employees/Designated Employees,Market Sale,Sell,Equity Shares,31280.0,0.0,0.0,0.0,0.0,93750.0,0.04,62470.0,0.02
RELIGARE,2021-03-03 21:29:00,2021-03-02,2021-03-02,2021-03-02,Employees/Designated Employees,Market Sale,Sell,Equity Shares,30000.0,0.0,0.0,0.0,0.0,37500.0,0.01,7500.0,0.0
RELIGARE,2021-03-08 18:17:00,2021-03-07,2021-03-04,2021-03-04,Employees/Designated Employees,Market Sale,Sell,Equity Shares,60.0,0.0,0.0,0.0,0.0,26087.0,0.01,26027.0,0.01
RELIGARE,2021-03-08 18:17:00,2021-03-05,2021-03-03,2021-03-03,Employees/Designated Employees,Market Sale,Sell,Equity Shares,36383.0,0.0,0.0,0.0,0.0,62470.0,0.02,26087.0,0.01
RELIGARE,2021-03-08 18:17:00,2021-03-07,2021-03-05,2021-03-05,Employees/Designated Employees,Market Sale,Sell,Equity Shares,20392.0,0.0,0.0,0.0,0.0,26027.0,0.01,5635.0,0.0
RELIGARE,2021-03-09 17:32:00,2021-03-08,2021-03-08,2021-03-08,Employees/Designated Employees,ESOP,Buy,Equity Shares,75000.0,0.0,0.0,0.0,0.0,,0.0,75000.0,0.03
RELIGARE,2021-03-09 17:32:00,2021-03-08,2021-03-08,2021-03-08,Employees/Designated Employees,ESOP,Buy,Equity Shares,50000.0,0.0,0.0,0.0,0.0,2000.0,0.0,52000.0,0.02
RELIGARE,2021-03-10 15:42:00,2021-03-09,2021-03-08,2021-03-08,Employees/Designated Employees,ESOP,Sell,Equity Shares,37500.0,0.0,0.0,0.0,0.0,37500.0,0.01,,0.0
RELIGARE,2021-03-16 17:47:00,2021-03-12,2021-03-10,2021-03-12,Employees/Designated Employees,ESOP,Sell,Equity Shares,24547.0,0.0,0.0,0.0,0.0,50035.0,0.02,25488.0,0.01
RELIGARE,2021-03-18 13:43:00,2021-03-16,2021-03-15,2021-03-15,Employees/Designated Employees,Market Sale,Sell,Equity Shares,25488.0,0.0,0.0,0.0,0.0,25488.0,0.01,,0.0
RELIGARE,2021-03-19 15:08:00,2021-03-17,2021-03-15,2021-03-15,Employees/Designated Employees,Market Sale,Sell,Equity Shares,500.0,0.0,0.0,0.0,0.0,11400.0,0.0,10900.0,0.0
RELIGARE,2021-03-19 15:08:00,2021-03-17,2021-03-15,2021-03-15,Employees/Designated Employees,Market Sale,Sell,Equity Shares,1000.0,0.0,0.0,0.0,0.0,12400.0,0.0,11400.0,0.0
RELIGARE,2021-03-19 15:08:00,2021-03-17,2021-03-08,2021-03-08,Employees/Designated Employees,ESOP,Buy,Equity Shares,10000.0,0.0,0.0,0.0,0.0,2400.0,0.0,12400.0,0.0
RELIGARE,2021-03-19 15:08:00,2021-03-17,2021-02-22,2021-02-22,Employees/Designated Employees,Market Sale,Sell,Equity Shares,500.0,0.0,0.0,0.0,0.0,7500.0,0.0,7000.0,0.0
RELIGARE,2021-03-19 15:08:00,2021-03-17,2021-03-05,2021-03-05,Employees/Designated Employees,Market Sale,Sell,Equity Shares,200.0,0.0,0.0,0.0,0.0,3500.0,0.0,3300.0,0.0
RELIGARE,2021-03-19 15:08:00,2021-03-17,2021-01-21,2021-01-21,Employees/Designated Employees,ESOP,Buy,Equity Shares,7500.0,0.0,0.0,0.0,0.0,,0.0,7500.0,0.0
RELIGARE,2021-03-19 15:08:00,2021-03-17,2021-03-05,2021-03-05,Employees/Designated Employees,Market Sale,Sell,Equity Shares,200.0,0.0,0.0,0.0,0.0,3700.0,0.0,3500.0,0.0
RELIGARE,2021-03-19 15:08:00,2021-03-17,2021-03-05,2021-03-05,Employees/Designated Employees,Market Sale,Sell,Equity Shares,500.0,0.0,0.0,0.0,0.0,4200.0,0.0,3700.0,0.0
RELIGARE,2021-03-19 15:08:00,2021-03-17,2021-02-23,2021-02-23,Employees/Designated Employees,Market Sale,Sell,Equity Shares,1500.0,0.0,0.0,0.0,0.0,7000.0,0.0,5500.0,0.0
RELIGARE,2021-03-19 15:08:00,2021-03-17,2021-02-24,2021-02-24,Employees/Designated Employees,Market Sale,Sell,Equity Shares,700.0,0.0,0.0,0.0,0.0,5500.0,0.0,4800.0,0.0
RELIGARE,2021-03-19 15:08:00,2021-03-17,2021-03-05,2021-03-05,Employees/Designated Employees,Market Sale,Sell,Equity Shares,200.0,0.0,0.0,0.0,0.0,3300.0,0.0,3100.0,0.0
RELIGARE,2021-03-19 15:08:00,2021-03-17,2021-03-08,2021-03-08,Employees/Designated Employees,Market Sale,Sell,Equity Shares,700.0,0.0,0.0,0.0,0.0,3100.0,0.0,2400.0,0.0
RELIGARE,2021-03-19 15:08:00,2021-03-17,2021-03-01,2021-03-01,Employees/Designated Employees,Market Sale,Sell,Equity Shares,600.0,0.0,0.0,0.0,0.0,4800.0,0.0,4200.0,0.0
RELIGARE,2021-03-19 15:08:00,2021-03-17,2021-03-15,2021-03-15,Employees/Designated Employees,Market Sale,Sell,Equity Shares,500.0,0.0,0.0,0.0,0.0,10900.0,0.0,10400.0,0.0
RELIGARE,2021-03-19 15:08:00,2021-03-17,2021-03-15,2021-03-15,Employees/Designated Employees,Market Sale,Sell,Equity Shares,400.0,0.0,0.0,0.0,0.0,10400.0,0.0,10000.0,0.0
RELIGARE,2021-03-24 13:33:00,2021-03-22,2021-03-15,2021-03-19,Promoter Group,Market Purchase,Buy,Equity Shares,25000.0,0.0,0.0,0.0,0.0,,0.0,25000.0,0.01
RELIGARE,2021-04-01 20:41:00,2021-03-30,2021-03-22,2021-03-26,Immediate relative,Market Purchase,Buy,Equity Shares,5000.0,0.0,0.0,0.0,0.0,25000.0,0.01,30000.0,0.01
RELIGARE,2021-04-01 20:45:00,2021-03-30,2021-03-22,2021-03-26,Immediate relative,Market Purchase,Buy,Equity Shares,5000.0,0.0,0.0,0.0,0.0,25000.0,0.01,30000.0,0.01
RELIGARE,2021-04-01 20:52:00,2021-03-30,2021-03-22,2021-03-26,Immediate relative,Market Purchase,Buy,Equity Shares,5000.0,0.0,0.0,0.0,0.0,25000.0,0.01,30000.0,0.01
RELIGARE,2021-04-01 20:57:00,2021-03-30,2021-03-22,2021-03-26,Immediate relative,Market Purchase,Buy,Equity Shares,5000.0,0.0,0.0,0.0,0.0,25000.0,0.01,30000.0,0.01
RELIGARE,2021-04-01 21:18:00,2021-03-30,2021-03-22,2021-03-26,Immediate relative,Market Purchase,Buy,Equity Shares,5000.0,0.0,0.0,0.0,0.0,25000.0,0.01,30000.0,0.01
RELIGARE,2021-04-01 21:37:00,2021-03-30,2021-03-22,2021-03-26,Immediate relative,Market Purchase,Buy,Equity Shares,5000.0,0.0,0.0,0.0,0.0,25000.0,0.01,30000.0,0.01
RELIGARE,2021-04-01 21:38:00,2021-03-30,2021-03-22,2021-03-26,Immediate relative,Market Purchase,Buy,Equity Shares,5000.0,0.0,0.0,0.0,0.0,25000.0,0.01,30000.0,0.01
RELIGARE,2021-04-01 21:39:00,2021-03-30,2021-03-22,2021-03-26,Immediate relative,Market Purchase,Buy,Equity Shares,5000.0,0.0,0.0,0.0,0.0,25000.0,0.01,30000.0,0.01
RELIGARE,2021-04-06 16:31:00,2021-04-05,2021-03-04,2021-03-04,Employees/Designated Employees,Market Sale,Sell,Equity Shares,8000.0,0.0,0.0,0.0,0.0,10000.0,0.0,2000.0,0.0
RELIGARE,2021-04-06 16:31:00,2021-04-05,2021-03-01,2021-03-01,Immediate relative,Market Sale,Sell,Equity Shares,200.0,0.0,0.0,0.0,0.0,15200.0,0.01,15000.0,0.01
RELIGARE,2021-04-06 16:31:00,2021-04-05,2021-02-10,2021-02-10,Employees/Designated Employees,Off Market,Buy,Equity Shares,15000.0,0.0,0.0,0.0,0.0,200.0,0.0,15200.0,0.01
RELIGARE,2021-04-06 16:31:00,2021-04-05,2021-03-01,2021-03-01,Employees/Designated Employees,Market Sale,Sell,Equity Shares,1000.0,0.0,0.0,0.0,0.0,15000.0,0.01,14000.0,0.01
RELIGARE,2021-04-06 16:31:00,2021-04-05,2021-03-04,2021-03-04,Employees/Designated Employees,Market Sale,Sell,Equity Shares,4000.0,0.0,0.0,0.0,0.0,14000.0,0.01,10000.0,0.0
RELIGARE,2021-04-06 16:36:00,2021-04-05,2021-03-04,2021-03-04,Employees/Designated Employees,Market Sale,Sell,Equity Shares,4000.0,0.0,0.0,0.0,0.0,14000.0,0.01,10000.0,0.0
RELIGARE,2021-04-06 16:36:00,2021-04-05,2021-03-01,2021-03-01,Immediate relative,Market Sale,Sell,Equity Shares,200.0,0.0,0.0,0.0,0.0,15200.0,0.01,15000.0,0.01
RELIGARE,2021-04-06 16:36:00,2021-04-05,2021-02-10,2021-02-10,Employees/Designated Employees,Off Market,Buy,Equity Shares,15000.0,0.0,0.0,0.0,0.0,200.0,0.0,15200.0,0.01
RELIGARE,2021-04-06 16:36:00,2021-04-05,2021-03-01,2021-03-01,Employees/Designated Employees,Market Sale,Sell,Equity Shares,1000.0,0.0,0.0,0.0,0.0,15000.0,0.01,14000.0,0.01
RELIGARE,2021-04-06 16:36:00,2021-04-05,2021-03-04,2021-03-04,Employees/Designated Employees,Market Sale,Sell,Equity Shares,8000.0,0.0,0.0,0.0,0.0,10000.0,0.0,2000.0,0.0
RELIGARE,2021-06-02 14:24:00,2021-05-31,2021-05-27,2021-05-27,Employees/Designated Employees,Off Market,Buy,Equity Shares,37500.0,0.0,0.0,0.0,0.0,,0.0,37500.0,0.01
RELIGARE,2021-06-02 14:29:00,2021-05-31,2021-05-27,2021-05-27,Employees/Designated Employees,Off Market,Buy,Equity Shares,37500.0,0.0,0.0,0.0,0.0,,0.0,37500.0,0.01
RELIGARE,2021-06-02 15:21:00,2021-05-31,2021-05-27,2021-05-27,Employees/Designated Employees,Off Market,Buy,Equity Shares,37500.0,0.0,0.0,0.0,0.0,,0.0,37500.0,0.01
RELIGARE,2021-08-25 17:06:00,2021-08-23,2021-08-21,2021-08-21,Employees/Designated Employees,Off Market,Buy,Equity Shares,58000.0,0.0,0.0,0.0,0.0,2000.0,0.0,60000.0,0.02
RELIGARE,2021-08-25 17:06:00,2021-08-24,2021-08-21,2021-08-21,Employees/Designated Employees,Off Market,Buy,Equity Shares,50000.0,0.0,0.0,0.0,0.0,,0.0,50000.0,0.02
RELIGARE,2021-08-25 17:06:00,2021-08-24,2021-08-21,2021-08-21,Director,Off Market,Buy,Equity Shares,2500000.0,0.0,0.0,0.0,0.0,,0.0,2500000.0,0.79
RELIGARE,2021-08-25 17:06:00,2021-08-23,2021-08-21,2021-08-21,Employees/Designated Employees,Off Market,Buy,Equity Shares,256250.0,0.0,0.0,0.0,0.0,5635.0,0.0,261885.0,0.08
RELIGARE,2021-08-25 17:06:00,2021-08-23,2021-08-21,2021-08-21,Employees/Designated Employees,Off Market,Buy,Equity Shares,32300.0,0.0,0.0,0.0,0.0,7500.0,0.0,39800.0,0.01
RELIGARE,2021-08-25 17:06:00,2021-08-23,2021-08-21,2021-08-21,Employees/Designated Employees,Off Market,Buy,Equity Shares,39800.0,0.0,0.0,0.0,0.0,,0.0,39800.0,0.01
RELIGARE,2021-08-25 17:06:00,2021-08-23,2021-08-21,2021-08-21,Employees/Designated Employees,Off Market,Buy,Equity Shares,50000.0,0.0,0.0,0.0,0.0,,0.0,50000.0,0.02
RELIGARE,2021-08-25 17:06:00,2021-08-23,2021-08-21,2021-08-21,Employees/Designated Employees,Off Market,Buy,Equity Shares,75000.0,0.0,0.0,0.0,0.0,75100.0,0.02,150100.0,0.05
RELIGARE,2021-08-25 17:06:00,2021-08-24,2021-08-21,2021-08-21,Employees/Designated Employees,Off Market,Buy,Equity Shares,30000.0,0.0,0.0,0.0,0.0,,0.0,30000.0,0.01
RELIGARE,2021-08-25 17:06:00,2021-08-24,2021-08-21,2021-08-21,Employees/Designated Employees,Off Market,Buy,Equity Shares,50000.0,0.0,0.0,0.0,0.0,,0.0,50000.0,0.02
RELIGARE,2021-08-25 17:06:00,2021-08-23,2021-08-21,2021-08-21,Employees/Designated Employees,Off Market,Buy,Equity Shares,58000.0,0.0,0.0,0.0,0.0,12000.0,0.01,70000.0,0.02
RELIGARE,2021-08-25 17:06:00,2021-08-23,2021-08-21,2021-08-21,Employees/Designated Employees,Off Market,Buy,Equity Shares,110000.0,0.0,0.0,0.0,0.0,,0.0,110000.0,0.03
RELIGARE,2021-08-25 17:06:00,2021-08-23,2021-08-21,2021-08-21,Employees/Designated Employees,Off Market,Buy,Equity Shares,157500.0,0.0,0.0,0.0,0.0,,0.0,157500.0,0.05
RELIGARE,2021-08-25 17:06:00,2021-08-23,2021-08-21,2021-08-21,Employees/Designated Employees,Off Market,Buy,Equity Shares,126000.0,0.0,0.0,0.0,0.0,20210.0,0.01,146210.0,0.05
RELIGARE,2021-08-25 17:06:00,2021-08-23,2021-08-21,2021-08-21,Employees/Designated Employees,Off Market,Buy,Equity Shares,62250.0,0.0,0.0,0.0,0.0,,0.0,62250.0,0.02
RELIGARE,2021-08-25 17:06:00,2021-08-23,2021-08-21,2021-08-21,Employees/Designated Employees,Off Market,Buy,Equity Shares,320000.0,0.0,0.0,0.0,0.0,31250.0,0.01,351250.0,0.11
RELIGARE,2021-08-25 17:06:00,2021-08-23,2021-08-21,2021-08-21,Employees/Designated Employees,Off Market,Buy,Equity Shares,187500.0,0.0,0.0,0.0,0.0,,0.0,187500.0,0.06
RELIGARE,2021-08-25 17:06:00,2021-08-23,2021-08-21,2021-08-21,Employees/Designated Employees,Off Market,Buy,Equity Shares,33000.0,0.0,0.0,0.0,0.0,52000.0,0.02,85000.0,0.03
RELIGARE,2021-08-25 17:06:00,2021-08-24,2021-08-21,2021-08-21,Employees/Designated Employees,Off Market,Buy,Equity Shares,29800.0,0.0,0.0,0.0,0.0,10000.0,0.0,39800.0,0.01
RELIGARE,2021-08-25 17:14:00,2021-08-23,2021-08-21,2021-08-21,Employees/Designated Employees,Off Market,Buy,Equity Shares,58000.0,0.0,0.0,0.0,0.0,2000.0,0.0,60000.0,0.02
RELIGARE,2021-08-25 17:14:00,2021-08-23,2021-08-21,2021-08-21,Employees/Designated Employees,Off Market,Buy,Equity Shares,33000.0,0.0,0.0,0.0,0.0,52000.0,0.02,85000.0,0.03
RELIGARE,2021-08-25 17:14:00,2021-08-24,2021-08-21,2021-08-21,Employees/Designated Employees,Off Market,Buy,Equity Shares,50000.0,0.0,0.0,0.0,0.0,,0.0,50000.0,0.02
RELIGARE,2021-08-25 17:14:00,2021-08-24,2021-08-21,2021-08-21,Employees/Designated Employees,Off Market,Buy,Equity Shares,29800.0,0.0,0.0,0.0,0.0,10000.0,0.0,39800.0,0.01
RELIGARE,2021-08-25 17:14:00,2021-08-24,2021-08-21,2021-08-21,Director,Off Market,Buy,Equity Shares,2500000.0,0.0,0.0,0.0,0.0,,0.0,2500000.0,0.79
RELIGARE,2021-08-25 17:14:00,2021-08-23,2021-08-21,2021-08-21,Employees/Designated Employees,Off Market,Buy,Equity Shares,256250.0,0.0,0.0,0.0,0.0,5635.0,0.0,261885.0,0.08
RELIGARE,2021-08-25 17:14:00,2021-08-23,2021-08-21,2021-08-21,Employees/Designated Employees,Off Market,Buy,Equity Shares,32300.0,0.0,0.0,0.0,0.0,7500.0,0.0,39800.0,0.01
RELIGARE,2021-08-25 17:14:00,2021-08-23,2021-08-21,2021-08-21,Employees/Designated Employees,Off Market,Buy,Equity Shares,39800.0,0.0,0.0,0.0,0.0,,0.0,39800.0,0.01
RELIGARE,2021-08-25 17:14:00,2021-08-23,2021-08-21,2021-08-21,Employees/Designated Employees,Off Market,Buy,Equity Shares,50000.0,0.0,0.0,0.0,0.0,,0.0,50000.0,0.02
RELIGARE,2021-08-25 17:14:00,2021-08-23,2021-08-21,2021-08-21,Employees/Designated Employees,Off Market,Buy,Equity Shares,75000.0,0.0,0.0,0.0,0.0,75100.0,0.02,150100.0,0.05
RELIGARE,2021-08-25 17:14:00,2021-08-24,2021-08-21,2021-08-21,Employees/Designated Employees,Off Market,Buy,Equity Shares,30000.0,0.0,0.0,0.0,0.0,,0.0,30000.0,0.01
RELIGARE,2021-08-25 17:14:00,2021-08-24,2021-08-21,2021-08-21,Employees/Designated Employees,Off Market,Buy,Equity Shares,50000.0,0.0,0.0,0.0,0.0,,0.0,50000.0,0.02
RELIGARE,2021-08-25 17:14:00,2021-08-23,2021-08-21,2021-08-21,Employees/Designated Employees,Off Market,Buy,Equity Shares,58000.0,0.0,0.0,0.0,0.0,12000.0,0.01,70000.0,0.02
RELIGARE,2021-08-25 17:14:00,2021-08-23,2021-08-21,2021-08-21,Employees/Designated Employees,Off Market,Buy,Equity Shares,110000.0,0.0,0.0,0.0,0.0,,0.0,110000.0,0.03
RELIGARE,2021-08-25 17:14:00,2021-08-23,2021-08-21,2021-08-21,Employees/Designated Employees,Off Market,Buy,Equity Shares,157500.0,0.0,0.0,0.0,0.0,,0.0,157500.0,0.05
RELIGARE,2021-08-25 17:14:00,2021-08-23,2021-08-21,2021-08-21,Employees/Designated Employees,Off Market,Buy,Equity Shares,126000.0,0.0,0.0,0.0,0.0,20210.0,0.01,146210.0,0.05
RELIGARE,2021-08-25 17:14:00,2021-08-23,2021-08-21,2021-08-21,Employees/Designated Employees,Off Market,Buy,Equity Shares,320000.0,0.0,0.0,0.0,0.0,31250.0,0.01,351250.0,0.11
RELIGARE,2021-08-25 17:14:00,2021-08-23,2021-08-21,2021-08-21,Employees/Designated Employees,Off Market,Buy,Equity Shares,62250.0,0.0,0.0,0.0,0.0,,0.0,62250.0,0.02
RELIGARE,2021-08-25 17:14:00,2021-08-23,2021-08-21,2021-08-21,Employees/Designated Employees,Off Market,Buy,Equity Shares,187500.0,0.0,0.0,0.0,0.0,,0.0,187500.0,0.06
RELIGARE,2021-08-25 17:29:00,2021-08-24,2021-08-21,2021-08-21,Employees/Designated Employees,Off Market,Buy,Equity Shares,50000.0,0.0,0.0,0.0,0.0,,0.0,50000.0,0.02
RELIGARE,2021-08-25 17:29:00,2021-08-23,2021-08-21,2021-08-21,Employees/Designated Employees,Off Market,Buy,Equity Shares,320000.0,0.0,0.0,0.0,0.0,31250.0,0.01,351250.0,0.11
RELIGARE,2021-08-25 17:29:00,2021-08-23,2021-08-21,2021-08-21,Employees/Designated Employees,Off Market,Buy,Equity Shares,58000.0,0.0,0.0,0.0,0.0,2000.0,0.0,60000.0,0.02
RELIGARE,2021-08-25 17:29:00,2021-08-23,2021-08-21,2021-08-21,Employees/Designated Employees,Off Market,Buy,Equity Shares,33000.0,0.0,0.0,0.0,0.0,52000.0,0.02,85000.0,0.03
RELIGARE,2021-08-25 17:29:00,2021-08-23,2021-08-21,2021-08-21,Employees/Designated Employees,Off Market,Buy,Equity Shares,187500.0,0.0,0.0,0.0,0.0,,0.0,187500.0,0.06
RELIGARE,2021-08-25 17:29:00,2021-08-23,2021-08-21,2021-08-21,Employees/Designated Employees,Off Market,Buy,Equity Shares,62250.0,0.0,0.0,0.0,0.0,,0.0,62250.0,0.02
RELIGARE,2021-08-25 17:29:00,2021-08-23,2021-08-21,2021-08-21,Employees/Designated Employees,Off Market,Buy,Equity Shares,126000.0,0.0,0.0,0.0,0.0,20210.0,0.01,146210.0,0.05
RELIGARE,2021-08-25 17:29:00,2021-08-23,2021-08-21,2021-08-21,Employees/Designated Employees,Off Market,Buy,Equity Shares,157500.0,0.0,0.0,0.0,0.0,,0.0,157500.0,0.05
RELIGARE,2021-08-25 17:29:00,2021-08-23,2021-08-21,2021-08-21,Employees/Designated Employees,Off Market,Buy,Equity Shares,110000.0,0.0,0.0,0.0,0.0,,0.0,110000.0,0.03
RELIGARE,2021-08-25 17:29:00,2021-08-23,2021-08-21,2021-08-21,Employees/Designated Employees,Off Market,Buy,Equity Shares,58000.0,0.0,0.0,0.0,0.0,12000.0,0.01,70000.0,0.02
RELIGARE,2021-08-25 17:29:00,2021-08-24,2021-08-21,2021-08-21,Employees/Designated Employees,Off Market,Buy,Equity Shares,50000.0,0.0,0.0,0.0,0.0,,0.0,50000.0,0.02
RELIGARE,2021-08-25 17:29:00,2021-08-24,2021-08-21,2021-08-21,Employees/Designated Employees,Off Market,Buy,Equity Shares,30000.0,0.0,0.0,0.0,0.0,,0.0,30000.0,0.01
RELIGARE,2021-08-25 17:29:00,2021-08-23,2021-08-21,2021-08-21,Employees/Designated Employees,Off Market,Buy,Equity Shares,75000.0,0.0,0.0,0.0,0.0,75100.0,0.02,150100.0,0.05
RELIGARE,2021-08-25 17:29:00,2021-08-23,2021-08-21,2021-08-21,Employees/Designated Employees,Off Market,Buy,Equity Shares,50000.0,0.0,0.0,0.0,0.0,,0.0,50000.0,0.02
RELIGARE,2021-08-25 17:29:00,2021-08-23,2021-08-21,2021-08-21,Employees/Designated Employees,Off Market,Buy,Equity Shares,39800.0,0.0,0.0,0.0,0.0,,0.0,39800.0,0.01
RELIGARE,2021-08-25 17:29:00,2021-08-23,2021-08-21,2021-08-21,Employees/Designated Employees,Off Market,Buy,Equity Shares,32300.0,0.0,0.0,0.0,0.0,7500.0,0.0,39800.0,0.01
RELIGARE,2021-08-25 17:29:00,2021-08-23,2021-08-21,2021-08-21,Employees/Designated Employees,Off Market,Buy,Equity Shares,256250.0,0.0,0.0,0.0,0.0,5635.0,0.0,261885.0,0.08
RELIGARE,2021-08-25 17:29:00,2021-08-24,2021-08-21,2021-08-21,Director,Off Market,Buy,Equity Shares,2500000.0,0.0,0.0,0.0,0.0,,0.0,2500000.0,0.79
RELIGARE,2021-08-25 17:29:00,2021-08-24,2021-08-21,2021-08-21,Employees/Designated Employees,Off Market,Buy,Equity Shares,29800.0,0.0,0.0,0.0,0.0,10000.0,0.0,39800.0,0.01
RELIGARE,2021-09-06 17:24:00,2021-09-04,2021-09-02,2021-09-02,Employees/Designated Employees,Off Market,Pledge,Equity Shares,288750.0,0.0,0.0,0.0,0.0,351250.0,0.11,351250.0,0.11
RELIGARE,2021-09-06 17:24:00,2021-09-03,2021-09-02,2021-09-02,Employees/Designated Employees,Off Market,Pledge,Equity Shares,126000.0,0.0,0.0,0.0,0.0,146210.0,0.05,146210.0,0.05
RELIGARE,2021-09-06 17:24:00,2021-09-03,2021-09-02,2021-09-02,Employees/Designated Employees,Off Market,Pledge,Equity Shares,17500.0,0.0,0.0,0.0,0.0,42500.0,0.01,42500.0,0.01
RELIGARE,2021-09-06 17:24:00,2021-09-03,2021-09-02,2021-09-02,Employees/Designated Employees,Off Market,Pledge,Equity Shares,157500.0,0.0,0.0,0.0,0.0,157500.0,0.05,157500.0,0.05
RELIGARE,2021-09-06 17:24:00,2021-09-04,2021-09-02,2021-09-02,Employees/Designated Employees,Off Market,Pledge,Equity Shares,18750.0,0.0,0.0,0.0,0.0,25000.0,0.01,25000.0,0.01
RELIGARE,2021-09-06 17:24:00,2021-09-03,2021-09-02,2021-09-02,Employees/Designated Employees,Off Market,Pledge,Equity Shares,19800.0,0.0,0.0,0.0,0.0,39800.0,0.01,39800.0,0.01
RELIGARE,2021-09-06 17:24:00,2021-09-03,2021-09-02,2021-09-02,Employees/Designated Employees,Off Market,Pledge,Equity Shares,29800.0,0.0,0.0,0.0,0.0,39800.0,0.01,39800.0,0.01
RELIGARE,2021-09-06 17:24:00,2021-09-03,2021-09-02,2021-09-02,Employees/Designated Employees,Off Market,Pledge,Equity Shares,58000.0,0.0,0.0,0.0,0.0,70000.0,0.02,70000.0,0.02
RELIGARE,2021-09-06 17:24:00,2021-09-03,2021-09-02,2021-09-02,Employees/Designated Employees,Off Market,Pledge,Equity Shares,162500.0,0.0,0.0,0.0,0.0,261885.0,0.08,261885.0,0.08
RELIGARE,2021-09-06 17:24:00,2021-09-03,2021-09-02,2021-09-02,Employees/Designated Employees,Off Market,Pledge,Equity Shares,112500.0,0.0,0.0,0.0,0.0,187500.0,0.06,187500.0,0.06
RELIGARE,2021-09-06 17:24:00,2021-09-03,2021-09-02,2021-09-02,Employees/Designated Employees,Off Market,Pledge,Equity Shares,62250.0,0.0,0.0,0.0,0.0,62250.0,0.02,62250.0,0.02
RELIGARE,2021-09-06 17:24:00,2021-09-03,2021-09-02,2021-09-02,Director,Off Market,Pledge,Equity Shares,1425000.0,0.0,0.0,0.0,0.0,2500000.0,0.79,2500000.0,0.79
RELIGARE,2021-09-08 13:02:00,2021-09-07,2021-09-03,2021-09-03,Employees/Designated Employees,Off Market,Pledge,Equity Shares,75000.0,0.0,0.0,0.0,0.0,150100.0,0.05,150100.0,0.05
RELIGARE,2021-09-08 13:12:00,2021-09-07,2021-09-03,2021-09-03,Employees/Designated Employees,Off Market,Pledge,Equity Shares,75000.0,0.0,0.0,0.0,0.0,150100.0,0.05,150100.0,0.05
RELIGARE,2021-09-17 17:59:00,2021-09-16,2021-09-14,2021-09-16,Employees/Designated Employees,Market Sale,Sell,Equity Shares,15000.0,0.0,0.0,0.0,0.0,70000.0,0.02,55000.0,0.02
RELIGARE,2021-09-17 17:59:00,2021-09-17,2021-09-15,2021-09-16,Employees/Designated Employees,Market Sale,Sell,Equity Shares,15000.0,0.0,0.0,0.0,0.0,25000.0,0.01,10000.0,0.0
RELIGARE,2021-09-17 17:59:00,2021-09-16,2021-09-15,2021-09-16,Employees/Designated Employees,Market Sale,Sell,Equity Shares,10000.0,0.0,0.0,0.0,0.0,10000.0,0.0,,0.0
RELIGARE,2021-09-17 17:59:00,2021-09-15,2021-09-14,2021-09-15,Employees/Designated Employees,Market Sale,Sell,Equity Shares,20000.0,0.0,0.0,0.0,0.0,30000.0,0.01,10000.0,0.0
RELIGARE,2021-09-17 17:59:00,2021-09-16,2021-09-15,2021-09-15,Employees/Designated Employees,Market Sale,Sell,Equity Shares,8000.0,0.0,0.0,0.0,0.0,42500.0,0.01,34500.0,0.01
RELIGARE,2021-09-20 17:37:00,2021-09-19,2021-09-16,2021-09-17,Employees/Designated Employees,Market Sale,Sell,Equity Shares,7000.0,0.0,0.0,0.0,0.0,34500.0,0.01,27500.0,0.01
RELIGARE,2021-09-20 17:37:00,2021-09-18,2021-09-17,2021-09-17,Employees/Designated Employees,Market Sale,Sell,Equity Shares,7000.0,0.0,0.0,0.0,0.0,55000.0,0.02,48000.0,0.02
RELIGARE,2021-09-20 17:37:00,2021-09-17,2021-09-16,2021-09-16,Employees/Designated Employees,Market Sale,Sell,Equity Shares,6250.0,0.0,0.0,0.0,0.0,25000.0,0.01,18750.0,0.01
RELIGARE,2021-09-24 19:17:00,2021-09-24,2021-09-23,2021-09-23,Employees/Designated Employees,Market Sale,Sell,Equity Shares,10000.0,0.0,0.0,0.0,0.0,60000.0,0.02,50000.0,0.02
RELIGARE,2021-09-24 19:17:00,2021-09-23,2021-09-22,2021-09-22,Employees/Designated Employees,Market Sale,Sell,Equity Shares,60000.0,0.0,0.0,0.0,0.0,150100.0,0.05,90100.0,0.03
RELIGARE,2021-09-24 19:17:00,2021-09-24,2021-09-22,2021-09-22,Employees/Designated Employees,Revokation of Pledge,Pledge Revoke,Equity Shares,150000.0,0.0,0.0,0.0,0.0,351250.0,0.11,351250.0,0.11
RELIGARE,2021-09-24 19:17:00,2021-09-24,2021-09-22,2021-09-22,Employees/Designated Employees,Market Sale,Sell,Equity Shares,150000.0,0.0,0.0,0.0,0.0,351250.0,0.11,201250.0,0.06
RELIGARE,2021-09-24 19:17:00,2021-09-23,2021-09-22,2021-09-22,Employees/Designated Employees,Revokation of Pledge,Pledge Revoke,Equity Shares,65006.0,0.0,0.0,0.0,0.0,157500.0,0.05,157500.0,0.05
RELIGARE,2021-09-24 19:17:00,2021-09-24,2021-09-24,2021-09-24,Employees/Designated Employees,Market Sale,Sell,Equity Shares,25000.0,0.0,0.0,0.0,0.0,137500.0,0.04,112500.0,0.04
RELIGARE,2021-09-24 19:17:00,2021-09-23,2021-09-22,2021-09-22,Employees/Designated Employees,Market Sale,Sell,Equity Shares,62000.0,0.0,0.0,0.0,0.0,146210.0,0.05,84210.0,0.03
RELIGARE,2021-09-24 19:17:00,2021-09-24,2021-08-21,2021-08-21,Employees/Designated Employees,Off Market,Buy,Equity Shares,11500.0,0.0,0.0,0.0,0.0,2000.0,0.0,13500.0,0.0
RELIGARE,2021-09-24 19:17:00,2021-09-24,2021-09-23,2021-09-24,Employees/Designated Employees,Market Sale,Sell,Equity Shares,4500.0,0.0,0.0,0.0,0.0,13500.0,0.0,9000.0,0.0
RELIGARE,2021-09-24 19:17:00,2021-09-23,2021-09-22,2021-09-22,Employees/Designated Employees,Market Sale,Sell,Equity Shares,50000.0,0.0,0.0,0.0,0.0,187500.0,0.06,137500.0,0.04
RELIGARE,2021-09-24 19:17:00,2021-09-23,2021-09-22,2021-09-22,Employees/Designated Employees,Revokation of Pledge,Pledge Revoke,Equity Shares,60000.0,0.0,0.0,0.0,0.0,150100.0,0.05,150100.0,0.05
RELIGARE,2021-09-24 19:17:00,2021-09-24,2021-09-22,2021-09-22,Employees/Designated Employees,Market Sale,Sell,Equity Shares,45000.0,0.0,0.0,0.0,0.0,110000.0,0.03,65000.0,0.02
RELIGARE,2021-09-24 19:17:00,2021-09-23,2021-09-22,2021-09-22,Employees/Designated Employees,Market Sale,Sell,Equity Shares,65006.0,0.0,0.0,0.0,0.0,157500.0,0.05,92494.0,0.03
RELIGARE,2021-09-24 19:17:00,2021-09-23,2021-09-22,2021-09-22,Employees/Designated Employees,Revokation of Pledge,Pledge Revoke,Equity Shares,40000.0,0.0,0.0,0.0,0.0,62250.0,0.02,62250.0,0.02
RELIGARE,2021-09-24 19:17:00,2021-09-23,2021-09-22,2021-09-22,Employees/Designated Employees,Revokation of Pledge,Pledge Revoke,Equity Shares,40000.0,0.0,0.0,0.0,0.0,62250.0,0.02,62250.0,0.02
RELIGARE,2021-09-24 19:17:00,2021-09-23,2021-09-22,2021-09-22,Employees/Designated Employees,Market Sale,Sell,Equity Shares,20000.0,0.0,0.0,0.0,0.0,85000.0,0.03,65000.0,0.02
RELIGARE,2021-09-24 19:17:00,2021-09-23,2021-09-22,2021-09-22,Employees/Designated Employees,Revokation of Pledge,Pledge Revoke,Equity Shares,62000.0,0.0,0.0,0.0,0.0,146210.0,0.05,146210.0,0.05
RELIGARE,2021-09-27 17:54:00,2021-09-24,2021-09-23,2021-09-23,Employees/Designated Employees,Revokation of Pledge,Pledge Revoke,Equity Shares,9994.0,0.0,0.0,0.0,0.0,92494.0,0.03,92494.0,0.03
RELIGARE,2021-09-27 17:54:00,2021-09-24,2021-09-23,2021-09-23,Employees/Designated Employees,Market Sale,Sell,Equity Shares,9994.0,0.0,0.0,0.0,0.0,92494.0,0.03,82500.0,0.03
RELIGARE,2021-09-27 17:54:00,2021-09-27,2021-09-24,2021-09-24,Employees/Designated Employees,Market Sale,Sell,Equity Shares,10000.0,0.0,0.0,0.0,0.0,50000.0,0.02,40000.0,0.01
RELIGARE,2021-09-30 18:31:00,2021-09-30,2021-09-17,2021-09-17,Employees/Designated Employees,Market Sale,Sell,Equity Shares,50000.0,0.0,0.0,0.0,0.0,50000.0,0.02,,0.0
RELIGARE,2021-10-04 18:03:00,2021-10-01,2021-09-23,2021-09-30,Employees/Designated Employees,Market Sale,Sell,Equity Shares,10000.0,0.0,0.0,0.0,0.0,65000.0,0.02,55000.0,0.02
RELIGARE,2021-10-04 18:03:00,2021-10-01,2021-09-30,2021-09-30,Employees/Designated Employees,Revokation of Pledge,Pledge Revoke,Equity Shares,138750.0,0.0,0.0,0.0,0.0,201250.0,0.06,201250.0,0.06
RELIGARE,2021-10-04 18:03:00,2021-10-01,2021-09-30,2021-09-30,Director,Revokation of Pledge,Pledge Revoke,Equity Shares,459809.0,0.0,0.0,0.0,0.0,2400000.0,0.75,2400000.0,0.75
RELIGARE,2021-10-04 18:03:00,2021-10-04,2021-09-30,2021-09-30,Employees/Designated Employees,Revokation of Pledge,Pledge Revoke,Equity Shares,73125.0,0.0,0.0,0.0,0.0,261885.0,0.08,261885.0,0.08
RELIGARE,2021-10-04 18:03:00,2021-09-30,2021-09-29,2021-09-29,Employees/Designated Employees,Revokation of Pledge,Pledge Revoke,Equity Shares,15000.0,0.0,0.0,0.0,0.0,90100.0,0.03,90100.0,0.03
RELIGARE,2021-10-04 18:03:00,2021-09-30,2021-09-28,2021-09-28,Director,Market Sale,Sell,Equity Shares,100000.0,0.0,0.0,0.0,0.0,2500000.0,0.79,2400000.0,0.75
RELIGARE,2021-10-04 18:03:00,2021-09-30,2021-09-29,2021-09-29,Employees/Designated Employees,Market Sale,Sell,Equity Shares,3000.0,0.0,0.0,0.0,0.0,48000.0,0.02,45000.0,0.02
RELIGARE,2021-10-04 18:03:00,2021-10-04,2021-09-30,2021-09-30,Employees/Designated Employees,Market Sale,Sell,Equity Shares,73125.0,0.0,0.0,0.0,0.0,261885.0,0.08,188760.0,0.06
RELIGARE,2021-10-04 18:03:00,2021-10-01,2021-09-30,2021-09-30,Director,Market Sale,Sell,Equity Shares,459809.0,0.0,0.0,0.0,0.0,2400000.0,0.75,1940191.0,0.61
RELIGARE,2021-10-04 18:03:00,2021-09-30,2021-09-29,2021-09-29,Employees/Designated Employees,Revokation of Pledge,Pledge Revoke,Equity Shares,22250.0,0.0,0.0,0.0,0.0,22250.0,0.01,22250.0,0.01
RELIGARE,2021-10-04 18:03:00,2021-10-01,2021-09-30,2021-09-30,Employees/Designated Employees,Revokation of Pledge,Pledge Revoke,Equity Shares,64000.0,0.0,0.0,0.0,0.0,84210.0,0.03,84210.0,0.03
RELIGARE,2021-10-04 18:03:00,2021-09-30,2021-09-28,2021-09-28,Director,Revokation of Pledge,Pledge Revoke,Equity Shares,100000.0,0.0,0.0,0.0,0.0,2500000.0,0.79,2500000.0,0.79
RELIGARE,2021-10-04 18:03:00,2021-09-30,2021-09-24,2021-09-29,Employees/Designated Employees,Revokation of Pledge,Pledge Revoke,Equity Shares,36000.0,0.0,0.0,0.0,0.0,48000.0,0.02,48000.0,0.02
RELIGARE,2021-10-04 18:03:00,2021-09-30,2021-09-30,2021-09-30,Employees/Designated Employees,Revokation of Pledge,Pledge Revoke,Equity Shares,82500.0,0.0,0.0,0.0,0.0,82500.0,0.03,82500.0,0.03
RELIGARE,2021-11-17 17:38:00,2021-11-15,2021-11-12,2021-11-12,Employees/Designated Employees,Off Market,Buy,Equity Shares,50000.0,0.0,0.0,0.0,0.0,55000.0,0.02,105000.0,0.03
RELIGARE,2021-11-17 17:38:00,2021-11-15,2021-11-12,2021-11-12,Employees/Designated Employees,Off Market,Buy,Equity Shares,55000.0,0.0,0.0,0.0,0.0,60000.0,0.02,115000.0,0.04
RELIGARE,2021-11-17 17:38:00,2021-11-15,2021-11-12,2021-11-12,Employees/Designated Employees,Off Market,Buy,Equity Shares,66000.0,0.0,0.0,0.0,0.0,,0.0,66000.0,0.02
RELIGARE,2021-11-17 17:38:00,2021-11-15,2021-11-12,2021-11-12,Employees/Designated Employees,Off Market,Buy,Equity Shares,48000.0,0.0,0.0,0.0,0.0,112500.0,0.04,160500.0,0.05
RELIGARE,2021-11-22 18:01:00,2021-11-18,2021-11-17,2021-11-17,Employees/Designated Employees,Revokation of Pledge,Pledge Revoke,Equity Shares,89375.0,0.0,0.0,0.0,0.0,188760.0,0.06,188760.0,0.06
RELIGARE,2021-11-25 16:17:00,2021-11-23,2021-11-22,2021-11-22,Director,Revokation of Pledge,Pledge Revoke,Equity Shares,865191.0,0.0,0.0,0.0,0.0,1940191.0,0.61,1940191.0,0.61
RELIGARE,2021-11-25 16:17:00,2021-11-24,2021-11-24,2021-11-24,Employees/Designated Employees,Market Sale,Sell,Equity Shares,7500.0,0.0,0.0,0.0,0.0,7500.0,0.0,,0.0
RELIGARE,2021-11-25 16:17:00,2021-11-24,2021-11-23,2021-11-23,Employees/Designated Employees,Market Sale,Sell,Equity Shares,22250.0,0.0,0.0,0.0,0.0,22250.0,0.01,,0.0
RELIGARE,2021-11-25 16:17:00,2021-11-24,2021-11-23,2021-11-23,Employees/Designated Employees,Market Sale,Sell,Equity Shares,15000.0,0.0,0.0,0.0,0.0,15000.0,0.0,,0.0
RELIGARE,2021-11-26 18:08:00,2021-11-26,2021-11-25,2021-11-25,Employees/Designated Employees,Market Sale,Sell,Equity Shares,5000.0,0.0,0.0,0.0,0.0,40000.0,0.01,35000.0,0.01
RELIGARE,2021-11-26 18:08:00,2021-11-26,2021-11-23,2021-11-23,Employees/Designated Employees,Revokation of Pledge,Pledge Revoke,Equity Shares,7500.0,0.0,0.0,0.0,0.0,18750.0,0.01,18750.0,0.0
RELIGARE,2021-11-26 18:08:00,2021-11-26,2021-11-25,2021-11-25,Employees/Designated Employees,Market Sale,Sell,Equity Shares,5000.0,0.0,0.0,0.0,0.0,45000.0,0.01,40000.0,0.01
RELIGARE,2021-11-26 18:08:00,2021-11-26,2021-11-25,2021-11-25,Employees/Designated Employees,Market Sale,Sell,Equity Shares,11250.0,0.0,0.0,0.0,0.0,11250.0,0.0,,0.0
RELIGARE,2021-11-26 18:08:00,2021-11-26,2021-11-25,2021-11-25,Employees/Designated Employees,Revokation of Pledge,Pledge Revoke,Equity Shares,11250.0,0.0,0.0,0.0,0.0,11250.0,0.0,11250.0,0.0
RELIGARE,2021-11-26 18:08:00,2021-11-26,2021-11-23,2021-11-23,Employees/Designated Employees,Market Sale,Sell,Equity Shares,7500.0,0.0,0.0,0.0,0.0,18750.0,0.01,11250.0,0.0
RELIGARE,2021-12-03 17:20:00,2021-12-02,2021-11-23,2021-11-23,Employees/Designated Employees,Market Sale,Sell,Equity Shares,7000.0,0.0,0.0,0.0,0.0,29500.0,0.01,22500.0,0.01
RELIGARE,2021-12-03 17:20:00,2021-12-02,2021-11-12,2021-11-12,Employees/Designated Employees,Off Market,Buy,Equity Shares,19500.0,0.0,0.0,0.0,0.0,10000.0,0.0,29500.0,0.01
RELIGARE,2021-12-03 17:20:00,2021-12-03,2021-12-02,2021-12-02,Employees/Designated Employees,Market Sale,Sell,Equity Shares,12500.0,0.0,0.0,0.0,0.0,12500.0,0.0,,0.0
RELIGARE,2021-12-03 17:20:00,2021-12-03,2021-11-12,2021-11-12,Employees/Designated Employees,Off Market,Buy,Equity Shares,12500.0,0.0,0.0,0.0,0.0,,0.0,12500.0,0.0
RELIGARE,2021-12-07 16:50:00,2021-12-06,2021-11-24,2021-11-24,Employees/Designated Employees,Market Sale,Sell,Equity Shares,10000.0,0.0,0.0,0.0,0.0,44000.0,0.01,34000.0,0.01
RELIGARE,2021-12-07 16:50:00,2021-12-06,2021-11-12,2021-11-12,Employees/Designated Employees,Off Market,Buy,Equity Shares,16500.0,0.0,0.0,0.0,0.0,27500.0,0.01,44000.0,0.01
RELIGARE,2021-12-31 15:42:00,2021-12-29,2021-12-28,2021-12-28,Employees/Designated Employees,Market Sale,Sell,Equity Shares,38000.0,0.0,0.0,0.0,0.0,160500.0,0.05,122500.0,0.04
RELIGARE,2022-01-03 18:02:00,2021-12-30,2021-12-28,2021-12-30,Employees/Designated Employees,Market Sale,Sell,Equity Shares,50000.0,0.0,0.0,0.0,0.0,201250.0,0.06,151250.0,0.05
RELIGARE,2022-01-03 18:02:00,2021-12-30,2021-12-29,2021-12-29,Employees/Designated Employees,Market Sale,Sell,Equity Shares,5000.0,0.0,0.0,0.0,0.0,22400.0,0.01,17400.0,0.01
RELIGARE,2022-01-03 18:02:00,2021-12-30,2021-12-29,2021-12-29,Employees/Designated Employees,Market Sale,Sell,Equity Shares,20000.0,0.0,0.0,0.0,0.0,42400.0,0.01,22400.0,0.01
RELIGARE,2022-01-03 18:02:00,2021-12-30,2021-12-28,2021-12-28,Employees/Designated Employees,Market Sale,Sell,Equity Shares,10000.0,0.0,0.0,0.0,0.0,52400.0,0.02,42400.0,0.01
RELIGARE,2022-01-03 18:02:00,2021-12-30,2021-11-12,2021-11-12,Employees/Designated Employees,Off Market,Buy,Equity Shares,12500.0,0.0,0.0,0.0,0.0,39900.0,0.01,52400.0,0.02
RELIGARE,2022-01-03 18:02:00,2021-12-30,2021-12-29,2021-12-29,Employees/Designated Employees,Market Sale,Sell,Equity Shares,16000.0,0.0,0.0,0.0,0.0,82500.0,0.03,66500.0,0.02
RELIGARE,2022-01-03 18:02:00,2021-12-31,2021-12-30,2021-12-30,Employees/Designated Employees,Market Sale,Sell,Equity Shares,10000.0,0.0,0.0,0.0,0.0,105000.0,0.03,95000.0,0.03
RELIGARE,2022-01-03 18:02:00,2021-12-30,2021-12-28,2021-12-28,Employees/Designated Employees,Off Market,Pledge Revoke,Equity Shares,19800.0,0.0,0.0,0.0,0.0,39800.0,0.01,39800.0,0.01
RELIGARE,2022-01-03 18:02:00,2021-12-30,2021-12-28,2021-12-28,Employees/Designated Employees,Market Sale,Sell,Equity Shares,19800.0,0.0,0.0,0.0,0.0,39800.0,0.01,20000.0,0.01
RELIGARE,2022-01-03 18:02:00,2021-12-30,2021-12-29,2021-12-29,Employees/Designated Employees,Market Sale,Sell,Equity Shares,20000.0,0.0,0.0,0.0,0.0,20000.0,0.01,,0.0
RELIGARE,2022-01-03 18:02:00,2021-12-30,2021-12-28,2021-12-30,Employees/Designated Employees,Market Sale,Sell,Equity Shares,50000.0,0.0,0.0,0.0,0.0,84210.0,0.03,34210.0,0.01
RELIGARE,2022-01-03 18:02:00,2021-12-30,2021-12-28,2021-12-29,Employees/Designated Employees,Off Market,Pledge Revoke,Equity Shares,29800.0,0.0,0.0,0.0,0.0,39800.0,0.01,39800.0,0.01
RELIGARE,2022-01-03 18:02:00,2021-12-30,2021-12-28,2021-12-29,Employees/Designated Employees,Market Sale,Sell,Equity Shares,39800.0,0.0,0.0,0.0,0.0,39800.0,0.01,,0.0
RELIGARE,2022-01-03 18:02:00,2021-12-30,2021-12-30,2021-12-30,Employees/Designated Employees,Market Sale,Sell,Equity Shares,10000.0,0.0,0.0,0.0,0.0,122500.0,0.04,112500.0,0.04
RELIGARE,2022-01-03 18:02:00,2021-12-30,2021-12-28,2021-12-30,Employees/Designated Employees,Market Sale,Sell,Equity Shares,50000.0,0.0,0.0,0.0,0.0,90100.0,0.03,40100.0,0.01
RELIGARE,2022-01-07 16:53:00,2022-01-05,2021-11-12,2021-11-12,Employees/Designated Employees,Off Market,Buy,Equity Shares,21000.0,0.0,0.0,0.0,0.0,,0.0,21000.0,0.01
RELIGARE,2022-01-07 16:53:00,2022-01-05,2021-12-30,2021-12-31,Employees/Designated Employees,Market Sale,Sell,Equity Shares,21000.0,0.0,0.0,0.0,0.0,21000.0,0.01,,0.0
RELIGARE,2022-01-31 16:47:00,2022-01-27,2022-01-27,2022-01-27,Employees/Designated Employees,Off Market,Buy,Equity Shares,150000.0,0.0,0.0,0.0,0.0,55000.0,0.02,205000.0,0.06
RELIGARE,2022-01-31 16:47:00,2022-01-28,2022-01-27,2022-01-27,Employees/Designated Employees,Off Market,Buy,Equity Shares,74999.0,0.0,0.0,0.0,0.0,9000.0,0.0,83999.0,0.03
RELIGARE,2022-05-06 17:29:00,2022-05-06,2022-05-04,2022-05-04,Employees/Designated Employees,Off Market,Buy,Equity Shares,70000.0,0.0,0.0,0.0,0.0,50000.0,0.02,120000.0,0.04
RELIGARE,2022-06-03 12:33:00,2022-06-02,2022-05-04,2022-05-04,Employees/Designated Employees,ESOP,Buy,Equity Shares,18750.0,0.0,0.0,0.0,0.0,,0.0,18750.0,0.01
RELIGARE,2022-06-03 12:33:00,2022-06-02,2022-05-31,2022-05-31,Employees/Designated Employees,Off Market,Pledge,Equity Shares,18750.0,0.0,0.0,0.0,0.0,18750.0,0.01,18750.0,0.01
RELIGARE,2022-06-08 13:15:00,2022-06-06,2022-06-06,2022-06-06,Employees/Designated Employees,ESOP,Buy,Equity Shares,37500.0,0.0,0.0,0.0,0.0,37500.0,0.01,75000.0,0.02
RELIGARE,2022-06-23 17:45:00,2022-06-21,2022-06-06,2022-06-06,Employees/Designated Employees,Off Market,Buy,Equity Shares,10000.0,0.0,0.0,0.0,0.0,,0.0,10000.0,0.0
RELIGARE,2022-06-23 17:45:00,2022-06-21,2022-06-06,2022-06-06,Employees/Designated Employees,Off Market,Buy,Equity Shares,12500.0,0.0,0.0,0.0,0.0,,0.0,12500.0,0.0
RELIGARE,2022-06-23 17:45:00,2022-06-22,2022-06-20,2022-06-20,Employees/Designated Employees,Pledge Creation,Pledge,Equity Shares,15000.0,0.0,0.0,0.0,0.0,20000.0,0.01,20000.0,0.01
RELIGARE,2022-06-23 17:45:00,2022-06-22,2022-06-06,2022-06-06,Employees/Designated Employees,Off Market,Buy,Equity Shares,15000.0,0.0,0.0,0.0,0.0,5000.0,0.0,20000.0,0.01
RELIGARE,2022-06-23 17:45:00,2022-06-21,2022-06-20,2022-06-20,Employees/Designated Employees,Pledge Creation,Pledge,Equity Shares,25000.0,0.0,0.0,0.0,0.0,54000.0,0.02,54000.0,0.02
RELIGARE,2022-06-23 17:45:00,2022-06-21,2022-06-06,2022-06-06,Employees/Designated Employees,Off Market,Buy,Equity Shares,25000.0,0.0,0.0,0.0,0.0,29000.0,0.01,54000.0,0.02
RELIGARE,2022-06-23 17:45:00,2022-06-22,2022-06-20,2022-06-20,Employees/Designated Employees,Pledge Creation,Pledge,Equity Shares,10000.0,0.0,0.0,0.0,0.0,10000.0,0.0,10000.0,0.0
RELIGARE,2022-06-23 17:45:00,2022-06-22,2022-06-06,2022-06-06,Employees/Designated Employees,Off Market,Buy,Equity Shares,10000.0,0.0,0.0,0.0,0.0,,0.0,10000.0,0.0
RELIGARE,2022-06-23 17:45:00,2022-06-21,2022-06-20,2022-06-20,Employees/Designated Employees,Pledge Creation,Pledge,Equity Shares,10000.0,0.0,0.0,0.0,0.0,10000.0,0.0,10000.0,0.0
RELIGARE,2022-06-23 17:45:00,2022-06-21,2022-06-20,2022-06-20,Employees/Designated Employees,Pledge Creation,Pledge,Equity Shares,12500.0,0.0,0.0,0.0,0.0,12500.0,0.0,12500.0,0.0
RELIGARE,2022-06-27 15:28:00,2022-06-24,2022-06-23,2022-06-23,Employees/Designated Employees,Off Market,Pledge,Equity Shares,25000.0,0.0,0.0,0.0,0.0,53000.0,0.02,53000.0,0.02
RELIGARE,2022-06-27 15:28:00,2022-06-24,2022-06-06,2022-06-06,Employees/Designated Employees,Off Market,Buy,Equity Shares,25000.0,0.0,0.0,0.0,0.0,28000.0,0.01,53000.0,0.02
RELIGARE,2022-09-12 18:09:00,2022-09-12,2022-09-08,2022-09-08,Employees/Designated Employees,Off Market,Buy,Equity Shares,19800.0,0.0,0.0,0.0,0.0,39800.0,0.01,59600.0,0.02
RELIGARE,2022-09-12 18:09:00,2022-09-12,2022-09-08,2022-09-08,Employees/Designated Employees,Off Market,Buy,Equity Shares,10000.0,0.0,0.0,0.0,0.0,59600.0,0.02,69600.0,0.02
RELIGARE,2022-09-12 18:09:00,2022-09-09,2022-09-08,2022-09-08,Employees/Designated Employees,Off Market,Buy,Equity Shares,33000.0,0.0,0.0,0.0,0.0,95000.0,0.03,128000.0,0.04
RELIGARE,2022-09-12 18:09:00,2022-09-12,2022-09-09,2022-09-09,Employees/Designated Employees,Revokation of Pledge,Pledge Revoke,Equity Shares,15000.0,0.0,0.0,0.0,0.0,20000.0,0.01,20000.0,0.01
RELIGARE,2022-09-22 16:52:00,2022-09-20,2022-09-19,2022-09-19,Employees/Designated Employees,Pledge Creation,Pledge,Equity Shares,19800.0,0.0,0.0,0.0,0.0,29800.0,0.0,29800.0,0.0
RELIGARE,2022-09-22 16:52:00,2022-09-21,2022-09-19,2022-09-19,Employees/Designated Employees,Pledge Creation,Pledge,Equity Shares,19800.0,0.0,0.0,0.0,0.0,29800.0,0.01,29800.0,0.01
RELIGARE,2022-09-22 16:52:00,2022-09-20,2022-09-19,2022-09-19,Employees/Designated Employees,Pledge Creation,Pledge,Equity Shares,7500.0,0.0,0.0,0.0,0.0,15000.0,0.0,15000.0,0.0
RELIGARE,2022-09-22 16:52:00,2022-09-20,2022-09-08,2022-09-08,Employees/Designated Employees,Off Market,Buy,Equity Shares,7500.0,0.0,0.0,0.0,0.0,7500.0,0.0,15000.0,0.0
RELIGARE,2022-09-22 16:52:00,2022-09-21,2022-09-08,2022-09-08,Employees/Designated Employees,Off Market,Buy,Equity Shares,19800.0,0.0,0.0,0.0,0.0,10000.0,0.0,29800.0,0.01
RELIGARE,2022-09-22 16:52:00,2022-09-20,2022-09-08,2022-09-08,Employees/Designated Employees,Off Market,Buy,Equity Shares,19800.0,0.0,0.0,0.0,0.0,10000.0,0.0,29800.0,0.01
RELIGARE,2022-09-27 18:30:00,2022-09-26,2022-09-21,2022-09-21,Employees/Designated Employees,Revokation of Pledge,Pledge Revoke,Equity Shares,19800.0,0.0,0.0,0.0,0.0,29800.0,0.01,29800.0,0.01
RELIGARE,2022-11-15 18:37:00,2022-11-14,2022-11-11,2022-11-11,Director,ESOP,Buy,Equity Shares,2500000.0,0.0,0.0,0.0,0.0,1940191.0,0.6,4440191.0,1.37
RELIGARE,2022-11-15 18:37:00,2022-11-14,2022-11-11,2022-11-11,Key Managerial Personnel,ESOP,Buy,Equity Shares,486750.0,0.0,0.0,0.0,0.0,188760.0,0.06,675510.0,0.21
RELIGARE,2022-11-15 18:37:00,2022-11-14,2022-11-11,2022-11-11,Key Managerial Personnel,ESOP,Buy,Equity Shares,27000.0,0.0,0.0,0.0,0.0,675510.0,0.21,702510.0,0.22
RELIGARE,2022-11-15 18:37:00,2022-11-14,2022-11-11,2022-11-11,Employees/Designated Employees,ESOP,Buy,Equity Shares,33000.0,0.0,0.0,0.0,0.0,53000.0,0.02,86000.0,0.03
RELIGARE,2022-11-15 18:37:00,2022-11-14,2022-11-11,2022-11-11,Employees/Designated Employees,ESOP,Buy,Equity Shares,194000.0,0.0,0.0,0.0,0.0,120000.0,0.04,314000.0,0.1
RELIGARE,2022-11-15 18:37:00,2022-11-14,2022-11-11,2022-11-11,Employees/Designated Employees,ESOP,Buy,Equity Shares,50000.0,0.0,0.0,0.0,0.0,314000.0,0.1,364000.0,0.11
RELIGARE,2022-11-15 18:37:00,2022-11-14,2022-11-11,2022-11-11,Employees/Designated Employees,ESOP,Buy,Equity Shares,66000.0,0.0,0.0,0.0,0.0,40100.0,0.01,106100.0,0.03
RELIGARE,2022-11-15 18:37:00,2022-11-14,2022-11-11,2022-11-11,Employees/Designated Employees,ESOP,Buy,Equity Shares,75000.0,0.0,0.0,0.0,0.0,106100.0,0.03,181100.0,0.06
RELIGARE,2022-11-15 18:37:00,2022-11-14,2022-11-11,2022-11-11,Employees/Designated Employees,ESOP,Buy,Equity Shares,18750.0,0.0,0.0,0.0,0.0,34210.0,0.01,52960.0,0.02
RELIGARE,2022-11-15 18:37:00,2022-11-14,2022-11-11,2022-11-11,Employees/Designated Employees,ESOP,Buy,Equity Shares,107250.0,0.0,0.0,0.0,0.0,52960.0,0.02,160210.0,0.05
RELIGARE,2022-11-15 18:37:00,2022-11-14,2022-11-11,2022-11-11,Employees/Designated Employees,ESOP,Buy,Equity Shares,31250.0,0.0,0.0,0.0,0.0,440000.0,0.14,471250.0,0.15
RELIGARE,2022-11-15 18:37:00,2022-11-14,2022-11-11,2022-11-11,Employees/Designated Employees,ESOP,Buy,Equity Shares,288750.0,0.0,0.0,0.0,0.0,151250.0,0.05,440000.0,0.14
RELIGARE,2022-12-13 18:59:00,2022-12-13,2022-12-09,2022-12-09,-,Off Market,Pledge,Equity Shares,141000.0,0.0,0.0,0.0,0.0,181100.0,0.06,181100.0,0.06
RELIGARE,2022-12-13 18:59:00,2022-12-12,2022-12-09,2022-12-09,-,Off Market,Pledge,Equity Shares,126000.0,0.0,0.0,0.0,0.0,160210.0,0.05,160210.0,0.05
RELIGARE,2022-12-13 18:59:00,2022-12-13,2022-12-09,2022-12-09,Director,Off Market,Pledge,Equity Shares,2500000.0,0.0,0.0,0.0,0.0,4440191.0,1.37,4440191.0,1.37
RELIGARE,2022-12-13 18:59:00,2022-12-12,2022-12-09,2022-12-09,-,Off Market,Pledge,Equity Shares,320000.0,0.0,0.0,0.0,0.0,471250.0,0.15,471250.0,0.15
RELIGARE,2022-12-13 18:59:00,2022-12-12,2022-12-09,2022-12-09,-,Off Market,Pledge,Equity Shares,244000.0,0.0,0.0,0.0,0.0,364000.0,0.11,364000.0,0.11
RELIGARE,2022-12-13 18:59:00,2022-12-12,2022-12-09,2022-12-09,-,Off Market,Pledge,Equity Shares,23000.0,0.0,0.0,0.0,0.0,44000.0,0.01,44000.0,0.01
RELIGARE,2022-12-13 18:59:00,2022-12-12,2022-12-09,2022-12-09,-,Off Market,Pledge,Equity Shares,7250.0,0.0,0.0,0.0,0.0,61250.0,0.02,61250.0,0.02
RELIGARE,2022-12-13 18:59:00,2022-12-12,2022-12-09,2022-12-09,-,Off Market,Pledge,Equity Shares,513750.0,0.0,0.0,0.0,0.0,702510.0,0.22,702510.0,0.22
RELIGARE,2022-12-13 18:59:00,2022-12-12,2022-12-09,2022-12-09,-,Off Market,Pledge,Equity Shares,33000.0,0.0,0.0,0.0,0.0,86000.0,0.03,86000.0,0.03
RELIGARE,2022-12-16 17:46:00,2022-12-15,2022-12-14,2022-12-14,Key Managerial Personnel,Pledge Creation,Pledge,Equity Shares,50000.0,0.0,0.0,0.0,0.0,702510.0,0.22,702510.0,0.22
RELIGARE,2022-12-16 17:46:00,2022-12-15,2022-12-14,2022-12-14,Employees/Designated Employees,Pledge Creation,Pledge,Equity Shares,50000.0,0.0,0.0,0.0,0.0,471250.0,0.15,471250.0,0.15
RELIGARE,2022-12-20 17:48:00,2022-12-20,2022-12-16,2022-12-16,Employees/Designated Employees,Revokation of Pledge,Pledge Revoke,Equity Shares,7500.0,0.0,0.0,0.0,0.0,15000.0,0.0,15000.0,0.0
RELIGARE,2022-12-27 16:43:00,2022-12-26,2022-12-23,2022-12-23,Employees/Designated Employees,Pledge Creation,Pledge,Equity Shares,30000.0,0.0,0.0,0.0,0.0,160210.0,0.05,160210.0,0.05
RELIGARE,2022-12-27 16:43:00,2022-12-26,2022-12-23,2022-12-23,Key Managerial Personnel,Pledge Creation,Pledge,Equity Shares,49385.0,0.0,0.0,0.0,0.0,702510.0,0.22,702510.0,0.22
RELIGARE,2022-12-27 16:43:00,2022-12-26,2022-12-23,2022-12-23,Employees/Designated Employees,Pledge Creation,Pledge,Equity Shares,88750.0,0.0,0.0,0.0,0.0,471250.0,0.15,471250.0,0.15
RELIGARE,2022-12-27 16:43:00,2022-12-26,2022-12-23,2022-12-23,Employees/Designated Employees,Pledge Creation,Pledge,Equity Shares,40000.0,0.0,0.0,0.0,0.0,181100.0,0.06,181100.0,0.06
RELIGARE,2022-12-27 16:43:00,2022-12-26,2022-12-23,2022-12-23,Employees/Designated Employees,Pledge Creation,Pledge,Equity Shares,100000.0,0.0,0.0,0.0,0.0,364000.0,0.11,364000.0,0.11
RELIGARE,2023-01-02 18:16:00,2022-12-30,2022-12-30,2022-12-30,Key Managerial Personnel,Pledge Creation,Pledge,Equity Shares,89375.0,0.0,0.0,0.0,0.0,702510.0,0.22,702510.0,0.22
RELIGARE,2023-02-10 13:49:00,2023-02-09,2023-02-08,2023-02-08,Employees/Designated Employees,ESOP,Buy,Equity Shares,45000.0,0.0,0.0,0.0,0.0,271000.0,0.08,316000.0,0.1
RELIGARE,2023-03-01 16:50:00,2023-02-27,2023-02-24,2023-02-24,Employees/Designated Employees,ESOP,Buy,Equity Shares,30000.0,0.0,0.0,0.0,0.0,19500.0,0.01,49500.0,0.02
RELIGARE,2023-03-01 16:54:00,2023-02-27,2023-02-24,2023-02-24,Employees/Designated Employees,ESOP,Buy,Equity Shares,30000.0,0.0,0.0,0.0,0.0,19500.0,0.01,49500.0,0.02
RELIGARE,2023-04-03 17:36:00,2023-03-30,2023-03-29,2023-03-29,Employees/Designated Employees,Off Market,Pledge,Equity Shares,20000.0,0.0,0.0,0.0,0.0,86000.0,0.03,86000.0,0.03
RELIGARE,2023-04-04 18:31:00,2023-03-31,2023-03-29,2023-03-29,Key Managerial Personnel,Off Market,Pledge Revoke,Equity Shares,100000.0,0.0,0.0,0.0,0.0,702510.0,0.22,702510.0,0.22
RELIGARE,2023-04-04 18:31:00,2023-03-31,2023-03-29,2023-03-29,Employees/Designated Employees,Off Market,Pledge Revoke,Equity Shares,65000.0,0.0,0.0,0.0,0.0,471250.0,0.15,471250.0,0.15
RELIGARE,2023-04-04 18:31:00,2023-03-31,2023-03-29,2023-03-29,Employees/Designated Employees,Market Sale,Sell,Equity Shares,65000.0,0.0,0.0,0.0,0.0,471250.0,0.15,406250.0,0.13
RELIGARE,2023-04-04 18:31:00,2023-03-31,2023-03-29,2023-03-29,Employees/Designated Employees,Market Sale,Sell,Equity Shares,25000.0,0.0,0.0,0.0,0.0,181100.0,0.06,156100.0,0.05
RELIGARE,2023-04-04 18:31:00,2023-03-31,2023-03-29,2023-03-29,Key Managerial Personnel,Market Sale,Sell,Equity Shares,100000.0,0.0,0.0,0.0,0.0,702510.0,0.22,602510.0,0.19
RELIGARE,2023-04-04 18:31:00,2023-03-31,2023-03-29,2023-03-31,Employees/Designated Employees,Off Market,Pledge Revoke,Equity Shares,25000.0,0.0,0.0,0.0,0.0,160210.0,0.05,160210.0,0.05
RELIGARE,2023-04-04 18:31:00,2023-03-31,2023-03-29,2023-03-29,Employees/Designated Employees,Market Sale,Sell,Equity Shares,25000.0,0.0,0.0,0.0,0.0,160210.0,0.05,135210.0,0.04
RELIGARE,2023-04-04 18:31:00,2023-03-31,2023-03-29,2023-03-29,Employees/Designated Employees,Off Market,Pledge Revoke,Equity Shares,25000.0,0.0,0.0,0.0,0.0,181100.0,0.06,181100.0,0.06
RELIGARE,2023-04-06 17:08:00,2023-04-04,2023-03-31,2023-03-31,Employees/Designated Employees,Market Purchase,Buy,Equity Shares,25000.0,0.0,0.0,0.0,0.0,346000.0,0.1,371000.0,0.11
RELIGARE,2023-05-22 18:16:00,2023-05-19,2023-05-18,2023-05-18,Employees/Designated Employees,Off Market,Pledge Revoke,Equity Shares,10000.0,0.0,0.0,0.0,0.0,29800.0,0.01,29800.0,0.01
RELIGARE,2023-06-22 17:07:00,2023-06-20,2023-06-19,2023-06-19,Key Managerial Personnel,Revokation of Pledge,Pledge Revoke,Equity Shares,71015.0,0.0,0.0,0.0,0.0,602510.0,0.19,602510.0,0.19
RELIGARE,2023-06-22 17:07:00,2023-06-20,2023-06-20,2023-06-20,Key Managerial Personnel,Market Sale,Sell,Equity Shares,266524.0,0.0,0.0,0.0,0.0,531495.0,0.17,264971.0,0.08
RELIGARE,2023-06-22 17:07:00,2023-06-20,2023-06-20,2023-06-20,Key Managerial Personnel,Revokation of Pledge,Pledge Revoke,Equity Shares,266524.0,0.0,0.0,0.0,0.0,531495.0,0.17,531495.0,0.17
RELIGARE,2023-06-22 17:07:00,2023-06-20,2023-06-19,2023-06-19,Key Managerial Personnel,Market Sale,Sell,Equity Shares,71015.0,0.0,0.0,0.0,0.0,602510.0,0.19,531495.0,0.17
RELIGARE,2023-06-22 17:07:00,2023-06-20,2023-06-19,2023-06-19,Employees/Designated Employees,Market Sale,Sell,Equity Shares,6000.0,0.0,0.0,0.0,0.0,60000.0,0.02,54000.0,0.02
RELIGARE,2023-06-23 17:23:00,2023-06-21,2023-06-20,2023-06-20,Employees/Designated Employees,Market Sale,Sell,Equity Shares,29211.0,0.0,0.0,0.0,0.0,120200.0,0.04,90989.0,0.03
RELIGARE,2023-06-23 17:23:00,2023-06-21,2023-06-20,2023-06-20,Employees/Designated Employees,Market Sale,Sell,Equity Shares,2400.0,0.0,0.0,0.0,0.0,122600.0,0.04,120200.0,0.04
RELIGARE,2023-06-23 17:23:00,2023-06-21,2023-06-19,2023-06-19,Employees/Designated Employees,Market Sale,Sell,Equity Shares,6000.0,0.0,0.0,0.0,0.0,128600.0,0.04,122600.0,0.04
RELIGARE,2023-06-23 17:23:00,2023-06-21,2023-06-19,2023-06-19,Employees/Designated Employees,Market Sale,Sell,Equity Shares,650.0,0.0,0.0,0.0,0.0,129250.0,0.04,128600.0,0.04
RELIGARE,2023-06-23 17:23:00,2023-06-21,2023-06-20,2023-06-20,Employees/Designated Employees,Market Sale,Sell,Equity Shares,37000.0,0.0,0.0,0.0,0.0,49500.0,0.02,12500.0,0.0
RELIGARE,2023-06-23 17:23:00,2023-06-21,2023-06-21,2023-06-21,Employees/Designated Employees,Market Sale,Sell,Equity Shares,22000.0,0.0,0.0,0.0,0.0,29800.0,0.01,7800.0,0.0
RELIGARE,2023-06-23 17:23:00,2023-06-21,2023-06-20,2023-06-20,Employees/Designated Employees,Market Sale,Sell,Equity Shares,35600.0,0.0,0.0,0.0,0.0,81727.0,0.03,46127.0,0.01
RELIGARE,2023-06-23 17:23:00,2023-06-21,2023-06-19,2023-06-19,Employees/Designated Employees,Market Sale,Sell,Equity Shares,74373.0,0.0,0.0,0.0,0.0,156100.0,0.05,81727.0,0.03
RELIGARE,2023-06-23 17:23:00,2023-06-21,2023-06-19,2023-06-19,Employees/Designated Employees,Revokation of Pledge,Pledge Revoke,Equity Shares,156000.0,0.0,0.0,0.0,0.0,156100.0,0.05,156100.0,0.05
RELIGARE,2023-06-23 17:23:00,2023-06-21,2023-06-20,2023-06-20,Employees/Designated Employees,Market Sale,Sell,Equity Shares,39000.0,0.0,0.0,0.0,0.0,54000.0,0.02,15000.0,0.0
RELIGARE,2023-06-23 17:23:00,2023-06-21,2023-06-20,2023-06-20,Employees/Designated Employees,Market Sale,Sell,Equity Shares,150000.0,0.0,0.0,0.0,0.0,314000.0,0.1,164000.0,0.05
RELIGARE,2023-06-23 17:23:00,2023-06-21,2023-06-20,2023-06-20,Employees/Designated Employees,Revokation of Pledge,Pledge Revoke,Equity Shares,50000.0,0.0,0.0,0.0,0.0,110210.0,0.03,110210.0,0.03
RELIGARE,2023-06-23 17:23:00,2023-06-21,2023-06-20,2023-06-20,Employees/Designated Employees,Market Sale,Sell,Equity Shares,50000.0,0.0,0.0,0.0,0.0,110210.0,0.03,60210.0,0.02
RELIGARE,2023-06-23 17:23:00,2023-06-21,2023-06-19,2023-06-19,Employees/Designated Employees,Revokation of Pledge,Pledge Revoke,Equity Shares,25000.0,0.0,0.0,0.0,0.0,135210.0,0.04,135210.0,0.04
RELIGARE,2023-06-23 17:23:00,2023-06-21,2023-06-19,2023-06-19,Employees/Designated Employees,Market Sale,Sell,Equity Shares,25000.0,0.0,0.0,0.0,0.0,135210.0,0.04,110210.0,0.03
RELIGARE,2023-06-23 17:23:00,2023-06-21,2023-06-19,2023-06-19,Employees/Designated Employees,Revokation of Pledge,Pledge Revoke,Equity Shares,50000.0,0.0,0.0,0.0,0.0,364000.0,0.11,364000.0,0.11
RELIGARE,2023-06-23 17:23:00,2023-06-21,2023-06-19,2023-06-19,Employees/Designated Employees,Market Sale,Sell,Equity Shares,50000.0,0.0,0.0,0.0,0.0,364000.0,0.11,314000.0,0.1
RELIGARE,2023-06-23 17:23:00,2023-06-21,2023-06-20,2023-06-20,Employees/Designated Employees,Revokation of Pledge,Pledge Revoke,Equity Shares,150000.0,0.0,0.0,0.0,0.0,314000.0,0.11,314000.0,0.11
RELIGARE,2023-06-26 17:12:00,2023-06-22,2023-06-21,2023-06-21,Employees/Designated Employees,Market Sale,Sell,Equity Shares,7000.0,0.0,0.0,0.0,0.0,39500.0,0.01,32500.0,0.01
RELIGARE,2023-06-26 17:12:00,2023-06-22,2023-06-21,2023-06-21,Employees/Designated Employees,Market Sale,Sell,Equity Shares,3000.0,0.0,0.0,0.0,0.0,32500.0,0.01,29500.0,0.01
RELIGARE,2023-06-26 17:12:00,2023-06-22,2023-06-21,2023-06-21,Employees/Designated Employees,Market Sale,Sell,Equity Shares,40000.0,0.0,0.0,0.0,0.0,70000.0,0.02,30000.0,0.01
RELIGARE,2023-06-26 17:12:00,2023-06-22,2023-06-20,2023-06-20,Employees/Designated Employees,Market Sale,Sell,Equity Shares,10000.0,0.0,0.0,0.0,0.0,49500.0,0.02,39500.0,0.01
RELIGARE,2023-06-26 17:12:00,2023-06-22,2023-06-21,2023-06-21,Employees/Designated Employees,Revokation of Pledge,Pledge Revoke,Equity Shares,100000.0,0.0,0.0,0.0,0.0,206250.0,0.06,206250.0,0.06
RELIGARE,2023-06-26 17:12:00,2023-06-22,2023-06-20,2023-06-20,Employees/Designated Employees,Market Sale,Sell,Equity Shares,200000.0,0.0,0.0,0.0,0.0,406250.0,0.13,206250.0,0.06
RELIGARE,2023-06-26 17:12:00,2023-06-22,2023-06-20,2023-06-20,Employees/Designated Employees,Revokation of Pledge,Pledge Revoke,Equity Shares,200000.0,0.0,0.0,0.0,0.0,406250.0,0.13,406250.0,0.13
RELIGARE,2023-06-26 17:12:00,2023-06-22,2023-06-21,2023-06-21,Director,Market Sale,Sell,Equity Shares,443200.0,0.0,0.0,0.0,0.0,3911940.0,1.21,3468740.0,1.07
RELIGARE,2023-06-26 17:12:00,2023-06-22,2023-06-21,2023-06-21,Director,Revokation of Pledge,Pledge Revoke,Equity Shares,443200.0,0.0,0.0,0.0,0.0,3911940.0,1.21,3911940.0,1.21
RELIGARE,2023-06-26 17:12:00,2023-06-22,2023-06-20,2023-06-20,Director,Market Sale,Sell,Equity Shares,528251.0,0.0,0.0,0.0,0.0,4440191.0,1.37,3911940.0,1.21
RELIGARE,2023-06-26 17:12:00,2023-06-22,2023-06-21,2023-06-21,Key Managerial Personnel,Market Sale,Sell,Equity Shares,2500.0,0.0,0.0,0.0,0.0,29900.0,0.01,27400.0,0.01
RELIGARE,2023-06-26 17:12:00,2023-06-22,2023-06-21,2023-06-21,Key Managerial Personnel,Market Sale,Sell,Equity Shares,6500.0,0.0,0.0,0.0,0.0,36400.0,0.01,29900.0,0.01
RELIGARE,2023-06-26 17:12:00,2023-06-22,2023-06-20,2023-06-20,Key Managerial Personnel,Market Sale,Sell,Equity Shares,12000.0,0.0,0.0,0.0,0.0,48400.0,0.01,36400.0,0.01
RELIGARE,2023-06-26 17:12:00,2023-06-22,2023-06-20,2023-06-20,Key Managerial Personnel,Market Sale,Sell,Equity Shares,29000.0,0.0,0.0,0.0,0.0,77400.0,0.02,48400.0,0.01
RELIGARE,2023-06-26 17:12:00,2023-06-22,2023-06-20,2023-06-20,Director,Revokation of Pledge,Pledge Revoke,Equity Shares,528251.0,0.0,0.0,0.0,0.0,4440191.0,1.37,4440191.0,1.37
RELIGARE,2023-06-26 17:12:00,2023-06-22,2023-06-20,2023-06-20,Employees/Designated Employees,Market Sale,Sell,Equity Shares,20000.0,0.0,0.0,0.0,0.0,110000.0,0.03,90000.0,0.03
RELIGARE,2023-06-26 17:12:00,2023-06-22,2023-06-21,2023-06-21,Employees/Designated Employees,Market Sale,Sell,Equity Shares,100000.0,0.0,0.0,0.0,0.0,206250.0,0.06,106250.0,0.03
RELIGARE,2023-06-26 17:12:00,2023-06-22,2023-06-21,2023-06-21,Employees/Designated Employees,Market Sale,Sell,Equity Shares,20000.0,0.0,0.0,0.0,0.0,90000.0,0.03,70000.0,0.02
RELIGARE,2023-06-27 17:31:00,2023-06-23,2023-06-23,2023-06-23,Key Managerial Personnel,Revokation of Pledge,Pledge Revoke,Equity Shares,188760.0,0.0,0.0,0.0,0.0,188760.0,0.06,188760.0,0.06
RELIGARE,2023-06-27 17:31:00,2023-06-23,2023-06-21,2023-06-21,Key Managerial Personnel,Market Sale,Sell,Equity Shares,76211.0,0.0,0.0,0.0,0.0,264971.0,0.08,188760.0,0.06
RELIGARE,2023-06-27 17:31:00,2023-06-23,2023-06-21,2023-06-21,Key Managerial Personnel,Revokation of Pledge,Pledge Revoke,Equity Shares,76211.0,0.0,0.0,0.0,0.0,264971.0,0.08,264971.0,0.08
RELIGARE,2023-06-27 17:31:00,2023-06-23,2023-06-21,2023-06-21,Employees/Designated Employees,Market Sale,Sell,Equity Shares,2356.0,0.0,0.0,0.0,0.0,90989.0,0.03,88633.0,0.03
RELIGARE,2023-06-27 17:31:00,2023-06-23,2023-06-21,2023-06-21,Employees/Designated Employees,Market Sale,Sell,Equity Shares,51472.0,0.0,0.0,0.0,0.0,88633.0,0.03,37161.0,0.01
RELIGARE,2023-06-27 17:31:00,2023-06-23,2023-06-23,2023-06-23,Key Managerial Personnel,Market Sale,Sell,Equity Shares,36250.0,0.0,0.0,0.0,0.0,188760.0,0.06,152510.0,0.05
RELIGARE,2023-06-27 17:31:00,2023-06-23,2023-06-21,2023-06-21,Employees/Designated Employees,Revokation of Pledge,Pledge Revoke,Equity Shares,5000.0,0.0,0.0,0.0,0.0,86000.0,0.02,86000.0,0.02
RELIGARE,2023-06-27 17:31:00,2023-06-23,2023-06-21,2023-06-21,Employees/Designated Employees,Revokation of Pledge,Pledge Revoke,Equity Shares,29800.0,0.0,0.0,0.0,0.0,29800.0,0.01,29800.0,0.01
RELIGARE,2023-06-27 17:31:00,2023-06-23,2023-06-21,2023-06-21,Employees/Designated Employees,Market Sale,Sell,Equity Shares,44000.0,0.0,0.0,0.0,0.0,164000.0,0.05,120000.0,0.04
RELIGARE,2023-06-27 17:31:00,2023-06-23,2023-06-21,2023-06-21,Employees/Designated Employees,Off Market,Pledge Revoke,Equity Shares,44000.0,0.0,0.0,0.0,0.0,164000.0,0.05,164000.0,0.05
RELIGARE,2023-06-27 17:31:00,2023-06-23,2023-06-22,2023-06-22,Employees/Designated Employees,Revokation of Pledge,Pledge Revoke,Equity Shares,15000.0,0.0,0.0,0.0,0.0,81000.0,0.02,81000.0,0.02
RELIGARE,2023-06-27 17:31:00,2023-06-23,2023-06-22,2023-06-22,Employees/Designated Employees,Market Sale,Sell,Equity Shares,15000.0,0.0,0.0,0.0,0.0,81000.0,0.02,66000.0,0.02
RELIGARE,2023-06-27 17:31:00,2023-06-23,2023-06-21,2023-06-21,Employees/Designated Employees,Market Sale,Sell,Equity Shares,5000.0,0.0,0.0,0.0,0.0,86000.0,0.02,81000.0,0.02
RELIGARE,2023-06-27 17:31:00,2023-06-23,2023-06-21,2023-06-21,Employees/Designated Employees,Market Sale,Sell,Equity Shares,22000.0,0.0,0.0,0.0,0.0,29800.0,0.01,7800.0,0.0
RELIGARE,2023-06-27 18:20:00,2023-06-25,2023-06-23,2023-06-23,Employees/Designated Employees,Market Sale,Sell,Equity Shares,4000.0,0.0,0.0,0.0,0.0,66000.0,0.02,62000.0,0.02
RELIGARE,2023-06-27 18:20:00,2023-06-25,2023-06-23,2023-06-23,Employees/Designated Employees,Revokation of Pledge,Pledge Revoke,Equity Shares,4000.0,0.0,0.0,0.0,0.0,66000.0,0.02,66000.0,0.02
RELIGARE,2023-06-28 17:13:00,2023-06-26,2023-06-23,2023-06-23,Employees/Designated Employees,Market Sale,Sell,Equity Shares,10000.0,0.0,0.0,0.0,0.0,34000.0,0.01,24000.0,0.01
RELIGARE,2023-06-28 17:13:00,2023-06-26,2023-06-26,2023-06-26,Employees/Designated Employees,Market Sale,Sell,Equity Shares,1000.0,0.0,0.0,0.0,0.0,62000.0,0.02,61000.0,0.02
RELIGARE,2023-06-28 17:13:00,2023-06-26,2023-06-23,2023-06-23,Employees/Designated Employees,Revokation of Pledge,Pledge Revoke,Equity Shares,15000.0,0.0,0.0,0.0,0.0,61250.0,0.02,61250.0,0.02
RELIGARE,2023-06-28 17:13:00,2023-06-26,2023-06-24,2023-06-24,Employees/Designated Employees,Revokation of Pledge,Pledge Revoke,Equity Shares,29000.0,0.0,0.0,0.0,0.0,62000.0,0.02,62000.0,0.02
RELIGARE,2023-06-28 17:13:00,2023-06-26,2023-06-22,2023-06-23,Employees/Designated Employees,Market Sale,Sell,Equity Shares,15000.0,0.0,0.0,0.0,0.0,61250.0,0.02,46250.0,0.01
RELIGARE,2023-06-28 17:13:00,2023-06-26,2023-06-24,2023-06-24,Employees/Designated Employees,Revokation of Pledge,Pledge Revoke,Equity Shares,93750.0,0.0,0.0,0.0,0.0,106250.0,0.03,106250.0,0.03
RELIGARE,2023-06-28 17:13:00,2023-06-26,2023-06-23,2023-06-23,Employees/Designated Employees,Revokation of Pledge,Pledge Revoke,Equity Shares,20000.0,0.0,0.0,0.0,0.0,44000.0,0.01,44000.0,0.01
RELIGARE,2023-06-28 17:13:00,2023-06-26,2023-06-22,2023-06-22,Employees/Designated Employees,Market Sale,Sell,Equity Shares,10000.0,0.0,0.0,0.0,0.0,44000.0,0.01,34000.0,0.01
RELIGARE,2023-06-29 16:12:00,2023-06-27,2023-06-22,2023-06-22,Employees/Designated Employees,Market Sale,Sell,Equity Shares,2000.0,0.0,0.0,0.0,0.0,42998.0,0.01,40998.0,0.01
RELIGARE,2023-06-29 16:12:00,2023-06-27,2023-06-26,2023-06-26,Employees/Designated Employees,Market Sale,Sell,Equity Shares,5000.0,0.0,0.0,0.0,0.0,40998.0,0.01,35998.0,0.01
RELIGARE,2023-06-29 16:12:00,2023-06-27,2023-06-21,2023-06-21,Employees/Designated Employees,Market Sale,Sell,Equity Shares,2.0,0.0,0.0,0.0,0.0,43000.0,0.01,42998.0,0.01
RELIGARE,2023-06-29 16:12:00,2023-06-27,2023-06-27,2023-06-27,Employees/Designated Employees,Market Sale,Sell,Equity Shares,998.0,0.0,0.0,0.0,0.0,20998.0,0.01,20000.0,0.01
RELIGARE,2023-06-29 16:12:00,2023-06-27,2023-06-26,2023-06-26,Employees/Designated Employees,Market Sale,Sell,Equity Shares,10000.0,0.0,0.0,0.0,0.0,30998.0,0.01,20998.0,0.01
RELIGARE,2023-06-29 16:12:00,2023-06-27,2023-06-26,2023-06-26,Employees/Designated Employees,Market Sale,Sell,Equity Shares,5000.0,0.0,0.0,0.0,0.0,35998.0,0.01,30998.0,0.01
RELIGARE,2023-06-29 16:12:00,2023-06-27,2023-06-27,2023-06-27,Employees/Designated Employees,Market Sale,Sell,Equity Shares,2000.0,0.0,0.0,0.0,0.0,14000.0,0.0,12000.0,0.0
RELIGARE,2023-06-29 16:12:00,2023-06-27,2023-06-27,2023-06-27,Employees/Designated Employees,Market Sale,Sell,Equity Shares,3000.0,0.0,0.0,0.0,0.0,17000.0,0.01,14000.0,0.0
RELIGARE,2023-06-29 16:12:00,2023-06-27,2023-06-27,2023-06-27,Employees/Designated Employees,Market Sale,Sell,Equity Shares,3000.0,0.0,0.0,0.0,0.0,20000.0,0.01,17000.0,0.01
RELIGARE,2023-06-29 16:12:00,2023-06-27,2023-06-26,2023-06-26,Employees/Designated Employees,Market Sale,Sell,Equity Shares,18000.0,0.0,0.0,0.0,0.0,25000.0,0.01,7000.0,0.0
RELIGARE,2023-06-29 16:12:00,2023-06-27,2023-06-26,2023-06-26,Employees/Designated Employees,Market Sale,Sell,Equity Shares,10000.0,0.0,0.0,0.0,0.0,46250.0,0.01,36250.0,0.01
RELIGARE,2023-06-29 16:12:00,2023-06-27,2023-06-26,2023-06-26,Employees/Designated Employees,Revokation of Pledge,Pledge Revoke,Equity Shares,10000.0,0.0,0.0,0.0,0.0,46250.0,0.01,46250.0,0.01
RELIGARE,2023-06-29 16:12:00,2023-06-27,2023-06-21,2023-06-21,Employees/Designated Employees,Market Sale,Sell,Equity Shares,2000.0,0.0,0.0,0.0,0.0,45000.0,0.01,43000.0,0.01
RELIGARE,2023-06-30 18:10:00,2023-06-28,2023-06-27,2023-06-27,Employees/Designated Employees,Revokation of Pledge,Pledge Revoke,Equity Shares,10000.0,0.0,0.0,0.0,0.0,120000.0,0.04,120000.0,0.04
RELIGARE,2023-06-30 18:10:00,2023-06-29,2023-06-27,2023-06-27,Employees/Designated Employees,Revokation of Pledge,Pledge Revoke,Equity Shares,56000.0,0.0,0.0,0.0,0.0,60210.0,0.02,60210.0,0.02
RELIGARE,2023-06-30 18:10:00,2023-06-28,2023-06-26,2023-06-26,Employees/Designated Employees,Market Sale,Sell,Equity Shares,12500.0,0.0,0.0,0.0,0.0,12500.0,0.01,,0.0
RELIGARE,2023-06-30 18:10:00,2023-06-28,2023-06-26,2023-06-26,Employees/Designated Employees,Market Sale,Sell,Equity Shares,7500.0,0.0,0.0,0.0,0.0,15000.0,0.0,7500.0,0.0
RELIGARE,2023-06-30 18:10:00,2023-06-28,2023-06-27,2023-06-27,Employees/Designated Employees,Market Sale,Sell,Equity Shares,50000.0,0.0,0.0,0.0,0.0,69000.0,0.02,19000.0,0.01
RELIGARE,2023-06-30 18:16:00,2023-06-28,2023-06-26,2023-06-26,Employees/Designated Employees,Market Sale,Sell,Equity Shares,12500.0,0.0,0.0,0.0,0.0,12500.0,0.01,,0.0
RELIGARE,2023-06-30 18:16:00,2023-06-28,2023-06-27,2023-06-27,Employees/Designated Employees,Revokation of Pledge,Pledge Revoke,Equity Shares,10000.0,0.0,0.0,0.0,0.0,120000.0,0.04,120000.0,0.04
RELIGARE,2023-06-30 18:16:00,2023-06-28,2023-06-27,2023-06-27,Employees/Designated Employees,Market Sale,Sell,Equity Shares,50000.0,0.0,0.0,0.0,0.0,69000.0,0.02,19000.0,0.01
RELIGARE,2023-06-30 18:16:00,2023-06-29,2023-06-27,2023-06-27,Employees/Designated Employees,Revokation of Pledge,Pledge Revoke,Equity Shares,56000.0,0.0,0.0,0.0,0.0,60210.0,0.02,60210.0,0.02
RELIGARE,2023-06-30 18:16:00,2023-06-28,2023-06-26,2023-06-26,Employees/Designated Employees,Market Sale,Sell,Equity Shares,7500.0,0.0,0.0,0.0,0.0,15000.0,0.0,7500.0,0.0
RELIGARE,2023-07-03 17:37:00,2023-06-29,2023-06-28,2023-06-28,Employees/Designated Employees,Revokation of Pledge,Pledge Revoke,Equity Shares,9000.0,0.0,0.0,0.0,0.0,61000.0,0.02,61000.0,0.02
RELIGARE,2023-07-03 17:37:00,2023-06-29,2023-06-28,2023-06-28,Employees/Designated Employees,Market Sale,Sell,Equity Shares,9000.0,0.0,0.0,0.0,0.0,61000.0,0.02,52000.0,0.02
RELIGARE,2023-07-03 17:37:00,2023-06-30,2023-06-28,2023-06-28,Director,Revokation of Pledge,Pledge Revoke,Equity Shares,1528549.0,0.0,0.0,0.0,0.0,3468740.0,1.07,3468740.0,1.07
RELIGARE,2023-07-03 17:37:00,2023-07-03,2023-06-30,2023-06-30,Employees/Designated Employees,Revokation of Pledge,Pledge Revoke,Equity Shares,7250.0,0.0,0.0,0.0,0.0,36250.0,0.01,36250.0,0.01
RELIGARE,2023-07-03 17:37:00,2023-07-03,2023-06-30,2023-06-30,Employees/Designated Employees,Revokation of Pledge,Pledge Revoke,Equity Shares,3000.0,0.0,0.0,0.0,0.0,24000.0,0.01,24000.0,0.01
RELIGARE,2023-07-04 15:57:00,2023-07-03,2023-06-30,2023-06-30,Key Managerial Personnel,ESOP,Buy,Equity Shares,160500.0,0.0,0.0,0.0,0.0,152510.0,0.05,313010.0,1.0
RELIGARE,2023-07-04 15:57:00,2023-07-03,2023-06-30,2023-06-30,Key Managerial Personnel,ESOP,Buy,Equity Shares,162500.0,0.0,0.0,0.0,0.0,313010.0,1.0,475510.0,1.47
RELIGARE,2023-07-04 15:57:00,2023-07-03,2023-06-22,2023-06-22,Immediate relative,Market Sale,Sell,Equity Shares,1110.0,0.0,0.0,0.0,0.0,3330.0,0.0,2220.0,0.0
RELIGARE,2023-07-04 15:57:00,2023-07-03,2023-06-26,2023-06-26,Immediate relative,Market Sale,Sell,Equity Shares,2220.0,0.0,0.0,0.0,0.0,2220.0,0.0,,0.0
RELIGARE,2023-07-04 15:57:00,2023-07-03,2023-06-27,2023-06-27,Employees/Designated Employees,Market Sale,Sell,Equity Shares,1020.0,0.0,0.0,0.0,0.0,15000.0,0.0,13980.0,0.0
RELIGARE,2023-07-04 15:57:00,2023-07-03,2023-06-28,2023-06-28,Employees/Designated Employees,Market Sale,Sell,Equity Shares,5580.0,0.0,0.0,0.0,0.0,13980.0,0.0,8400.0,0.0
RELIGARE,2023-07-04 15:57:00,2023-07-03,2023-06-30,2023-06-30,Employees/Designated Employees,Market Sale,Sell,Equity Shares,8400.0,0.0,0.0,0.0,0.0,8400.0,0.0,,0.0
RELIGARE,2023-08-28 14:42:00,2023-08-26,2023-08-22,2023-08-22,Employees/Designated Employees,Revokation of Pledge,Pledge Revoke,Equity Shares,16000.0,0.0,0.0,0.0,0.0,52000.0,0.02,52000.0,0.02
RELIGARE,2023-09-22 13:18:00,2023-09-20,2023-09-19,2023-09-19,Director,ESOP,Buy,Equity Shares,2500000.0,0.0,0.0,0.0,0.0,3468740.0,1.07,5968740.0,1.82
RELIGARE,2023-09-22 13:18:00,2023-09-20,2023-09-19,2023-09-19,Key Managerial Personnel,ESOP,Buy,Equity Shares,325000.0,0.0,0.0,0.0,0.0,475510.0,0.15,800510.0,0.24
RELIGARE,2023-09-22 13:18:00,2023-09-20,2023-09-19,2023-09-19,Key Managerial Personnel,ESOP,Buy,Equity Shares,988250.0,0.0,0.0,0.0,0.0,800510.0,0.24,1788760.0,0.54
RELIGARE,2023-09-22 13:18:00,2023-09-20,2023-09-19,2023-09-19,Employees/Designated Employees,ESOP,Buy,Equity Shares,75000.0,0.0,0.0,0.0,0.0,46127.0,0.01,121127.0,0.04
RELIGARE,2023-09-22 13:18:00,2023-09-21,2023-09-19,2023-09-19,Employees/Designated Employees,ESOP,Buy,Equity Shares,10000.0,0.0,0.0,0.0,0.0,19600.0,0.01,29600.0,0.01
RELIGARE,2023-09-22 13:18:00,2023-09-20,2023-09-19,2023-09-19,Employees/Designated Employees,ESOP,Buy,Equity Shares,50000.0,0.0,0.0,0.0,0.0,30000.0,0.01,80000.0,0.02
RELIGARE,2023-09-22 13:18:00,2023-09-20,2023-09-19,2023-09-19,Employees/Designated Employees,ESOP,Buy,Equity Shares,34000.0,0.0,0.0,0.0,0.0,121127.0,0.04,155127.0,0.05
RELIGARE,2023-09-22 13:18:00,2023-09-20,2023-09-19,2023-09-19,Employees/Designated Employees,ESOP,Buy,Equity Shares,31250.0,0.0,0.0,0.0,0.0,106250.0,0.03,137500.0,0.04
RELIGARE,2023-09-22 13:18:00,2023-09-20,2023-09-19,2023-09-19,Employees/Designated Employees,ESOP,Buy,Equity Shares,297500.0,0.0,0.0,0.0,0.0,137500.0,0.04,435000.0,0.13
RELIGARE,2023-09-22 13:18:00,2023-09-20,2023-09-19,2023-09-19,Key Managerial Personnel,ESOP,Buy,Equity Shares,28100.0,0.0,0.0,0.0,0.0,27400.0,0.01,55500.0,0.02
RELIGARE,2023-09-22 13:18:00,2023-09-21,2023-09-19,2023-09-19,Employees/Designated Employees,ESOP,Buy,Equity Shares,20400.0,0.0,0.0,0.0,0.0,29600.0,0.01,50000.0,0.02
RELIGARE,2023-09-26 19:53:00,2023-09-25,2023-09-21,2023-09-21,Key Managerial Personnel,Market Sale,Sell,Equity Shares,200000.0,0.0,0.0,0.0,0.0,1788760.0,0.54,1588760.0,0.48
RELIGARE,2023-09-26 19:53:00,2023-09-25,2023-09-21,2023-09-21,Employees/Designated Employees,Market Sale,Sell,Equity Shares,100.0,0.0,0.0,0.0,0.0,115127.0,0.04,115027.0,0.04
RELIGARE,2023-09-26 19:53:00,2023-09-25,2023-09-21,2023-09-21,Employees/Designated Employees,Market Sale,Sell,Equity Shares,6027.0,0.0,0.0,0.0,0.0,115027.0,0.04,109000.0,0.03
RELIGARE,2023-09-26 19:53:00,2023-09-25,2023-09-21,2023-09-21,Employees/Designated Employees,Market Sale,Sell,Equity Shares,12500.0,0.0,0.0,0.0,0.0,435000.0,0.13,422500.0,0.12
RELIGARE,2023-09-26 19:53:00,2023-09-25,2023-09-21,2023-09-21,Employees/Designated Employees,Market Sale,Sell,Equity Shares,93750.0,0.0,0.0,0.0,0.0,422500.0,0.12,328750.0,0.1
RELIGARE,2023-09-26 19:53:00,2023-09-26,2023-09-25,2023-09-25,Employees/Designated Employees,Market Sale,Sell,Equity Shares,20000.0,0.0,0.0,0.0,0.0,60210.0,0.02,40210.0,0.01
RELIGARE,2023-09-26 19:53:00,2023-09-25,2023-09-22,2023-09-22,Employees/Designated Employees,Market Sale,Sell,Equity Shares,12500.0,0.0,0.0,0.0,0.0,12500.0,0.0,,0.0
RELIGARE,2023-09-26 19:53:00,2023-09-25,2023-09-21,2023-09-21,Employees/Designated Employees,Market Sale,Sell,Equity Shares,5000.0,0.0,0.0,0.0,0.0,43650.0,0.01,38650.0,0.01
RELIGARE,2023-09-26 19:53:00,2023-09-24,2023-09-19,2023-09-19,Employees/Designated Employees,ESOP,Buy,Equity Shares,8000.0,0.0,0.0,0.0,0.0,24000.0,0.01,32000.0,0.01
RELIGARE,2023-09-26 19:53:00,2023-09-24,2023-09-21,2023-09-21,Employees/Designated Employees,Market Sale,Sell,Equity Shares,1000.0,0.0,0.0,0.0,0.0,32000.0,0.01,31000.0,0.01
RELIGARE,2023-09-26 19:53:00,2023-09-22,2023-09-21,2023-09-21,Employees/Designated Employees,Market Sale,Sell,Equity Shares,10000.0,0.0,0.0,0.0,0.0,52000.0,0.02,42000.0,0.01
RELIGARE,2023-09-26 19:53:00,2023-09-26,2023-09-22,2023-09-22,Employees/Designated Employees,Market Sale,Sell,Equity Shares,15000.0,0.0,0.0,0.0,0.0,29500.0,0.01,14500.0,0.0
RELIGARE,2023-09-26 19:53:00,2023-09-24,2023-09-22,2023-09-22,Employees/Designated Employees,Market Sale,Sell,Equity Shares,6500.0,0.0,0.0,0.0,0.0,31000.0,0.01,24500.0,0.01
RELIGARE,2023-09-26 19:53:00,2023-09-25,2023-09-21,2023-09-21,Key Managerial Personnel,Market Sale,Sell,Equity Shares,5000.0,0.0,0.0,0.0,0.0,34400.0,0.01,29400.0,0.01
RELIGARE,2023-09-26 19:53:00,2023-09-25,2023-09-21,2023-09-21,Employees/Designated Employees,Market Sale,Sell,Equity Shares,17500.0,0.0,0.0,0.0,0.0,75000.0,0.02,57500.0,0.02
RELIGARE,2023-09-26 19:53:00,2023-09-22,2023-09-19,2023-09-19,Employees/Designated Employees,ESOP,Buy,Equity Shares,7000.0,0.0,0.0,0.0,0.0,7000.0,0.0,14000.0,0.0
RELIGARE,2023-09-26 19:53:00,2023-09-22,2023-09-20,2023-09-20,Employees/Designated Employees,Market Sale,Sell,Equity Shares,7000.0,0.0,0.0,0.0,0.0,14000.0,0.0,7000.0,0.0
RELIGARE,2023-09-26 19:53:00,2023-09-25,2023-09-22,2023-09-22,Director,Market Sale,Sell,Equity Shares,639859.0,0.0,0.0,0.0,0.0,5315492.0,1.62,4675633.0,1.42
RELIGARE,2023-09-26 19:53:00,2023-09-25,2023-09-21,2023-09-21,Key Managerial Personnel,Market Sale,Sell,Equity Shares,21100.0,0.0,0.0,0.0,0.0,55500.0,0.02,34400.0,0.01
RELIGARE,2023-09-26 19:53:00,2023-09-25,2023-09-21,2023-09-21,Director,Market Sale,Sell,Equity Shares,653248.0,0.0,0.0,0.0,0.0,5968740.0,1.82,5315492.0,1.62
RELIGARE,2023-09-29 17:03:00,2023-09-28,2023-09-26,2023-09-26,Employees/Designated Employees,Market Sale,Sell,Equity Shares,17377.0,0.0,0.0,0.0,0.0,120000.0,0.04,102623.0,0.03
RELIGARE,2023-09-29 17:03:00,2023-09-28,2023-09-27,2023-09-27,Employees/Designated Employees,Market Sale,Sell,Equity Shares,52623.0,0.0,0.0,0.0,0.0,102623.0,0.03,50000.0,0.01
RELIGARE,2023-11-08 15:49:00,2023-11-06,2023-11-02,2023-11-02,Employees/Designated Employees,ESOP,Buy,Equity Shares,134000.0,0.0,0.0,0.0,0.0,371000.0,0.11,505000.0,0.15
RELIGARE,2023-11-08 15:49:00,2023-11-06,2023-11-02,2023-11-02,Key Managerial Personnel,ESOP,Buy,Equity Shares,31900.0,0.0,0.0,0.0,0.0,39400.0,0.01,71300.0,0.02
RELIGARE,2023-11-08 15:49:00,2023-11-06,2023-11-02,2023-11-02,Employees/Designated Employees,ESOP,Buy,Equity Shares,34000.0,0.0,0.0,0.0,0.0,67000.0,0.02,101000.0,0.03
RELIGARE,2023-11-08 15:49:00,2023-11-06,2023-11-02,2023-11-02,Employees/Designated Employees,ESOP,Buy,Equity Shares,37500.0,0.0,0.0,0.0,0.0,57500.0,0.02,95000.0,0.03
RELIGARE,2023-11-08 15:49:00,2023-11-06,2023-11-02,2023-11-02,Key Managerial Personnel,ESOP,Buy,Equity Shares,10000.0,0.0,0.0,0.0,0.0,29400.0,0.01,39400.0,0.01
RELIGARE,2023-11-08 15:49:00,2023-11-06,2023-11-02,2023-11-02,Employees/Designated Employees,ESOP,Buy,Equity Shares,60000.0,0.0,0.0,0.0,0.0,14500.0,0.0,74500.0,0.02
RELIGARE,2023-11-08 15:49:00,2023-11-06,2023-11-02,2023-11-02,Employees/Designated Employees,ESOP,Buy,Equity Shares,10000.0,0.0,0.0,0.0,0.0,7800.0,0.0,17800.0,0.01
RELIGARE,2023-11-08 15:49:00,2023-11-06,2023-11-02,2023-11-02,Employees/Designated Employees,ESOP,Buy,Equity Shares,75000.0,0.0,0.0,0.0,0.0,505000.0,0.15,580000.0,0.18
RELIGARE,2023-11-08 15:49:00,2023-11-06,2023-11-02,2023-11-02,Employees/Designated Employees,ESOP,Buy,Equity Shares,20400.0,0.0,0.0,0.0,0.0,17800.0,0.01,38200.0,0.01
RELIGARE,2023-11-08 15:49:00,2023-11-06,2023-11-02,2023-11-02,Employees/Designated Employees,ESOP,Buy,Equity Shares,136000.0,0.0,0.0,0.0,0.0,100000.0,0.03,236000.0,0.07
RELIGARE,2023-11-08 15:49:00,2023-11-06,2023-11-02,2023-11-02,Employees/Designated Employees,ESOP,Buy,Equity Shares,50000.0,0.0,0.0,0.0,0.0,50000.0,0.02,100000.0,0.03
RELIGARE,2023-11-08 15:49:00,2023-11-06,2023-11-02,2023-11-02,Employees/Designated Employees,ESOP,Buy,Equity Shares,110500.0,0.0,0.0,0.0,0.0,58960.0,0.02,169460.0,0.05
RELIGARE,2023-11-08 15:49:00,2023-11-06,2023-11-02,2023-11-02,Employees/Designated Employees,ESOP,Buy,Equity Shares,18750.0,0.0,0.0,0.0,0.0,40210.0,0.01,58960.0,0.02
RELIGARE,2023-11-08 15:49:00,2023-11-06,2023-11-02,2023-11-02,Employees/Designated Employees,ESOP,Buy,Equity Shares,99000.0,0.0,0.0,0.0,0.0,23800.0,0.01,122800.0,0.04
RELIGARE,2023-11-08 15:49:00,2023-11-06,2023-11-02,2023-11-02,Employees/Designated Employees,ESOP,Buy,Equity Shares,60000.0,0.0,0.0,0.0,0.0,,0.0,60000.0,0.02
RELIGARE,2023-11-08 15:49:00,2023-11-06,2023-11-02,2023-11-02,Employees/Designated Employees,ESOP,Buy,Equity Shares,26250.0,0.0,0.0,0.0,0.0,56250.0,0.02,82500.0,0.03
RELIGARE,2023-11-08 15:49:00,2023-11-06,2023-11-02,2023-11-02,Employees/Designated Employees,ESOP,Buy,Equity Shares,17600.0,0.0,0.0,0.0,0.0,38650.0,0.01,56250.0,0.02
RELIGARE,2023-11-08 15:49:00,2023-11-06,2023-11-02,2023-11-02,Employees/Designated Employees,ESOP,Buy,Equity Shares,25000.0,0.0,0.0,0.0,0.0,42000.0,0.01,67000.0,0.02
RELIGARE,2023-11-08 15:50:00,2023-11-06,2023-11-02,2023-11-02,Employees/Designated Employees,ESOP,Buy,Equity Shares,37500.0,0.0,0.0,0.0,0.0,57500.0,0.02,95000.0,0.03
RELIGARE,2023-11-08 15:50:00,2023-11-06,2023-11-02,2023-11-02,Employees/Designated Employees,ESOP,Buy,Equity Shares,34000.0,0.0,0.0,0.0,0.0,67000.0,0.02,101000.0,0.03
RELIGARE,2023-11-08 15:50:00,2023-11-06,2023-11-02,2023-11-02,Employees/Designated Employees,ESOP,Buy,Equity Shares,25000.0,0.0,0.0,0.0,0.0,42000.0,0.01,67000.0,0.02
RELIGARE,2023-11-08 15:50:00,2023-11-06,2023-11-02,2023-11-02,Employees/Designated Employees,ESOP,Buy,Equity Shares,134000.0,0.0,0.0,0.0,0.0,371000.0,0.11,505000.0,0.15
RELIGARE,2023-11-08 15:50:00,2023-11-06,2023-11-02,2023-11-02,Employees/Designated Employees,ESOP,Buy,Equity Shares,26250.0,0.0,0.0,0.0,0.0,56250.0,0.02,82500.0,0.03
RELIGARE,2023-11-08 15:50:00,2023-11-06,2023-11-02,2023-11-02,Employees/Designated Employees,ESOP,Buy,Equity Shares,17600.0,0.0,0.0,0.0,0.0,38650.0,0.01,56250.0,0.02
RELIGARE,2023-11-08 15:50:00,2023-11-06,2023-11-02,2023-11-02,Key Managerial Personnel,ESOP,Buy,Equity Shares,31900.0,0.0,0.0,0.0,0.0,39400.0,0.01,71300.0,0.02
RELIGARE,2023-11-08 15:50:00,2023-11-06,2023-11-02,2023-11-02,Key Managerial Personnel,ESOP,Buy,Equity Shares,10000.0,0.0,0.0,0.0,0.0,29400.0,0.01,39400.0,0.01
RELIGARE,2023-11-08 15:50:00,2023-11-06,2023-11-02,2023-11-02,Employees/Designated Employees,ESOP,Buy,Equity Shares,60000.0,0.0,0.0,0.0,0.0,14500.0,0.0,74500.0,0.02
RELIGARE,2023-11-08 15:50:00,2023-11-06,2023-11-02,2023-11-02,Employees/Designated Employees,ESOP,Buy,Equity Shares,10000.0,0.0,0.0,0.0,0.0,7800.0,0.0,17800.0,0.01
RELIGARE,2023-11-08 15:50:00,2023-11-06,2023-11-02,2023-11-02,Employees/Designated Employees,ESOP,Buy,Equity Shares,75000.0,0.0,0.0,0.0,0.0,505000.0,0.15,580000.0,0.18
RELIGARE,2023-11-08 15:50:00,2023-11-06,2023-11-02,2023-11-02,Employees/Designated Employees,ESOP,Buy,Equity Shares,20400.0,0.0,0.0,0.0,0.0,17800.0,0.01,38200.0,0.01
RELIGARE,2023-11-08 15:50:00,2023-11-06,2023-11-02,2023-11-02,Employees/Designated Employees,ESOP,Buy,Equity Shares,136000.0,0.0,0.0,0.0,0.0,100000.0,0.03,236000.0,0.07
RELIGARE,2023-11-08 15:50:00,2023-11-06,2023-11-02,2023-11-02,Employees/Designated Employees,ESOP,Buy,Equity Shares,18750.0,0.0,0.0,0.0,0.0,40210.0,0.01,58960.0,0.02
RELIGARE,2023-11-08 15:50:00,2023-11-06,2023-11-02,2023-11-02,Employees/Designated Employees,ESOP,Buy,Equity Shares,110500.0,0.0,0.0,0.0,0.0,58960.0,0.02,169460.0,0.05
RELIGARE,2023-11-08 15:50:00,2023-11-06,2023-11-02,2023-11-02,Employees/Designated Employees,ESOP,Buy,Equity Shares,50000.0,0.0,0.0,0.0,0.0,50000.0,0.02,100000.0,0.03
RELIGARE,2023-11-08 15:50:00,2023-11-06,2023-11-02,2023-11-02,Employees/Designated Employees,ESOP,Buy,Equity Shares,99000.0,0.0,0.0,0.0,0.0,23800.0,0.01,122800.0,0.04
RELIGARE,2023-11-08 15:50:00,2023-11-06,2023-11-02,2023-11-02,Employees/Designated Employees,ESOP,Buy,Equity Shares,60000.0,0.0,0.0,0.0,0.0,,0.0,60000.0,0.02
RELIGARE,2023-11-09 15:16:00,2023-11-08,2023-11-07,2023-11-07,Key Managerial Personnel,Pledge Creation,Pledge,Equity Shares,1313250.0,0.0,0.0,0.0,0.0,1588760.0,0.48,1588760.0,0.48
RELIGARE,2023-11-09 15:16:00,2023-11-08,2023-11-07,2023-11-07,Director,Pledge Creation,Pledge,Equity Shares,2500000.0,0.0,0.0,0.0,0.0,4675633.0,1.42,4675633.0,1.42
RELIGARE,2023-11-09 15:16:00,2023-11-08,2023-11-07,2023-11-07,Employees/Designated Employees,Pledge Creation,Pledge,Equity Shares,10000.0,0.0,0.0,0.0,0.0,38200.0,0.01,38200.0,0.01
RELIGARE,2023-11-09 15:16:00,2023-11-08,2023-11-07,2023-11-07,Employees/Designated Employees,ESOP,Buy,Equity Shares,10000.0,0.0,0.0,0.0,0.0,28200.0,0.01,38200.0,0.01
RELIGARE,2023-11-09 15:16:00,2023-11-09,2023-11-07,2023-11-07,Employees/Designated Employees,Pledge Creation,Pledge,Equity Shares,328750.0,0.0,0.0,0.0,0.0,328750.0,0.1,328750.0,0.1
RELIGARE,2023-11-09 15:16:00,2023-11-08,2023-11-07,2023-11-07,Employees/Designated Employees,Pledge Creation,Pledge,Equity Shares,109000.0,0.0,0.0,0.0,0.0,109000.0,0.03,109000.0,0.03
RELIGARE,2023-11-14 12:46:00,2023-11-11,2023-11-10,2023-11-10,Key Managerial Personnel,Revokation of Pledge,Pledge Revoke,Equity Shares,500000.0,0.0,0.0,0.0,0.0,1308760.0,0.4,1308760.0,0.4
RELIGARE,2023-11-14 12:46:00,2023-11-10,2023-11-08,2023-11-08,Employees/Designated Employees,Market Sale,Sell,Equity Shares,35000.0,0.0,0.0,0.0,0.0,109000.0,0.03,74000.0,0.02
RELIGARE,2023-11-14 12:46:00,2023-11-14,2023-11-12,2023-11-12,Key Managerial Personnel,Market Sale,Sell,Equity Shares,10000.0,0.0,0.0,0.0,0.0,808760.0,0.24,798760.0,0.23
RELIGARE,2023-11-14 12:46:00,2023-11-14,2023-11-13,2023-11-13,Key Managerial Personnel,Revokation of Pledge,Pledge Revoke,Equity Shares,111999.0,0.0,0.0,0.0,0.0,798760.0,0.23,798760.0,0.23
RELIGARE,2023-11-14 12:46:00,2023-11-14,2023-11-13,2023-11-13,Key Managerial Personnel,Market Sale,Sell,Equity Shares,111999.0,0.0,0.0,0.0,0.0,798760.0,0.23,686761.0,0.2
RELIGARE,2023-11-14 12:46:00,2023-11-10,2023-11-08,2023-11-08,Employees/Designated Employees,Revokation of Pledge,Pledge Revoke,Equity Shares,109000.0,0.0,0.0,0.0,0.0,109000.0,0.03,109000.0,0.03
RELIGARE,2023-11-14 12:46:00,2023-11-11,2023-11-10,2023-11-10,Key Managerial Personnel,Market Sale,Sell,Equity Shares,500000.0,0.0,0.0,0.0,0.0,1308760.0,0.4,808760.0,0.24
RELIGARE,2023-11-14 12:46:00,2023-11-10,2023-11-09,2023-11-09,Employees/Designated Employees,Revokation of Pledge,Pledge Revoke,Equity Shares,328750.0,0.0,0.0,0.0,0.0,328750.0,0.1,328750.0,0.1
RELIGARE,2023-11-14 12:46:00,2023-11-10,2023-11-09,2023-11-09,Employees/Designated Employees,Market Sale,Sell,Equity Shares,100750.0,0.0,0.0,0.0,0.0,328750.0,0.1,228000.0,0.07
RELIGARE,2023-11-14 12:46:00,2023-11-11,2023-11-09,2023-11-09,Key Managerial Personnel,Revokation of Pledge,Pledge Revoke,Equity Shares,280000.0,0.0,0.0,0.0,0.0,1588760.0,0.48,1588760.0,0.48
RELIGARE,2023-11-14 12:46:00,2023-11-11,2023-11-09,2023-11-09,Key Managerial Personnel,Market Sale,Sell,Equity Shares,280000.0,0.0,0.0,0.0,0.0,1588760.0,0.48,1308760.0,0.4
RELIGARE,2023-11-20 18:02:00,2023-11-17,2023-11-15,2023-11-15,Employees/Designated Employees,Market Sale,Sell,Equity Shares,26100.0,0.0,0.0,0.0,0.0,74000.0,0.02,47900.0,0.01
RELIGARE,2023-11-20 18:02:00,2023-11-17,2023-11-16,2023-11-16,Employees/Designated Employees,Market Sale,Sell,Equity Shares,3000.0,0.0,0.0,0.0,0.0,47900.0,0.01,44900.0,0.01
RELIGARE,2023-11-20 18:02:00,2023-11-17,2023-11-16,2023-11-16,Employees/Designated Employees,Market Sale,Sell,Equity Shares,110000.0,0.0,0.0,0.0,0.0,228000.0,0.07,118000.0,0.04
RELIGARE,2023-11-20 18:02:00,2023-11-17,2023-11-16,2023-11-16,Key Managerial Personnel,Revokation of Pledge,Pledge Revoke,Equity Shares,98000.0,0.0,0.0,0.0,0.0,686761.0,0.2,686761.0,0.2
RELIGARE,2023-11-20 18:02:00,2023-11-17,2023-11-16,2023-11-16,Key Managerial Personnel,Market Sale,Sell,Equity Shares,98000.0,0.0,0.0,0.0,0.0,686761.0,0.2,588761.0,0.17
RELIGARE,2023-11-23 16:13:00,2023-11-21,2023-11-17,2023-11-17,Key Managerial Personnel,Pledge Creation,Pledge,Equity Shares,647084.0,0.0,0.0,0.0,0.0,4675633.0,1.42,4675633.0,1.42
RELIGARE,2023-12-01 15:49:00,2023-11-29,2023-11-28,2023-11-28,Employees/Designated Employees,ESOP,Buy,Equity Shares,50000.0,0.0,0.0,0.0,0.0,80000.0,0.02,130000.0,0.04
RELIGARE,2023-12-01 16:05:00,2023-12-01,2023-11-17,2023-11-17,Employees/Designated Employees,Market Sale,Sell,Equity Shares,118000.0,0.0,0.0,0.0,0.0,118000.0,0.04,,0.0
RELIGARE,2023-12-04 15:04:00,2023-12-01,2023-12-01,2023-12-01,Employees/Designated Employees,Pledge Creation,Pledge,Equity Shares,186000.0,0.0,0.0,0.0,0.0,236000.0,0.07,236000.0,0.07
RELIGARE,2023-12-04 15:04:00,2023-12-01,2023-11-30,2023-11-30,Employees/Designated Employees,Pledge Creation,Pledge,Equity Shares,12500.0,0.0,0.0,0.0,0.0,12500.0,0.0,12500.0,0.0
RELIGARE,2023-12-04 15:04:00,2023-12-01,2023-11-29,2023-11-29,Employees/Designated Employees,Pledge Creation,Pledge,Equity Shares,150000.0,0.0,0.0,0.0,0.0,580000.0,0.18,580000.0,0.18
RELIGARE,2023-12-04 15:04:00,2023-12-01,2023-11-30,2023-11-30,Employees/Designated Employees,Pledge Creation,Pledge,Equity Shares,16750.0,0.0,0.0,0.0,0.0,38200.0,0.01,38200.0,0.01
RELIGARE,2023-12-04 15:04:00,2023-12-01,2023-11-30,2023-11-30,Employees/Designated Employees,Pledge Creation,Pledge,Equity Shares,59000.0,0.0,0.0,0.0,0.0,101000.0,0.03,101000.0,0.03
RELIGARE,2023-12-04 15:04:00,2023-12-01,2023-11-30,2023-11-30,Employees/Designated Employees,Pledge Creation,Pledge,Equity Shares,17600.0,0.0,0.0,0.0,0.0,82500.0,0.03,82500.0,0.03
RELIGARE,2023-12-04 15:04:00,2023-12-01,2023-11-30,2023-11-30,Employees/Designated Employees,Pledge Creation,Pledge,Equity Shares,99000.0,0.0,0.0,0.0,0.0,122800.0,0.04,122800.0,0.04
RELIGARE,2023-12-04 15:04:00,2023-12-01,2023-11-30,2023-11-30,Employees/Designated Employees,Pledge Creation,Pledge,Equity Shares,129250.0,0.0,0.0,0.0,0.0,169460.0,0.05,169460.0,0.05
RELIGARE,2023-12-04 18:39:00,2023-12-01,2023-11-29,2023-11-29,Key Managerial Personnel,Revokation of Pledge,Pledge Revoke,Equity Shares,323251.0,0.0,0.0,0.0,0.0,588761.0,0.17,588761.0,0.17
RELIGARE,2023-12-11 12:56:00,2023-12-08,2023-12-07,2023-12-07,Employees/Designated Employees,Market Sale,Sell,Equity Shares,5000.0,0.0,0.0,0.0,0.0,122800.0,0.04,117800.0,0.04
RELIGARE,2023-12-11 12:56:00,2023-12-08,2023-12-08,2023-12-08,Employees/Designated Employees,Market Sale,Sell,Equity Shares,8478.0,0.0,0.0,0.0,0.0,117800.0,0.04,109322.0,0.03
RELIGARE,2023-12-11 12:56:00,2023-12-08,2023-12-06,2023-12-06,Employees/Designated Employees,Market Sale,Sell,Equity Shares,30000.0,0.0,0.0,0.0,0.0,165260.0,0.05,135260.0,0.04
RELIGARE,2023-12-11 12:56:00,2023-12-08,2023-12-05,2023-12-05,Employees/Designated Employees,Market Sale,Sell,Equity Shares,4200.0,0.0,0.0,0.0,0.0,169460.0,0.05,165260.0,0.05
RELIGARE,2023-12-11 12:56:00,2023-12-07,2023-12-05,2023-12-05,Key Managerial Personnel,Market Sale,Sell,Equity Shares,5000.0,0.0,0.0,0.0,0.0,38800.0,0.01,33800.0,0.01
RELIGARE,2023-12-11 12:56:00,2023-12-07,2023-12-05,2023-12-05,Key Managerial Personnel,Market Sale,Sell,Equity Shares,35000.0,0.0,0.0,0.0,0.0,73800.0,0.02,38800.0,0.01
RELIGARE,2023-12-11 12:56:00,2023-12-07,2023-11-28,2023-11-28,Key Managerial Personnel,Off Market,Buy,Equity Shares,2500.0,0.0,0.0,0.0,0.0,71300.0,0.02,73800.0,0.02
RELIGARE,2023-12-11 12:56:00,2023-12-07,2023-12-05,2023-12-05,Employees/Designated Employees,Market Sale,Sell,Equity Shares,44900.0,0.0,0.0,0.0,0.0,44900.0,0.01,,0.0
RELIGARE,2023-12-13 15:51:00,2023-12-12,2023-12-11,2023-12-11,Employees/Designated Employees,Pledge Creation,Pledge,Equity Shares,8000.0,0.0,0.0,0.0,0.0,101000.0,0.03,101000.0,0.03
RELIGARE,2023-12-13 15:51:00,2023-12-12,2023-12-08,2023-12-08,Employees/Designated Employees,Market Sale,Sell,Equity Shares,20000.0,0.0,0.0,0.0,0.0,109322.0,0.03,89322.0,0.03
RELIGARE,2023-12-13 15:51:00,2023-12-12,2023-12-11,2023-12-11,Employees/Designated Employees,Market Sale,Sell,Equity Shares,20048.0,0.0,0.0,0.0,0.0,89322.0,0.03,69274.0,0.02
RELIGARE,2023-12-13 15:51:00,2023-12-11,2023-12-07,2023-12-07,Employees/Designated Employees,Market Sale,Sell,Equity Shares,30000.0,0.0,0.0,0.0,0.0,135260.0,0.04,105260.0,0.03
RELIGARE,2023-12-13 15:51:00,2023-12-11,2023-12-08,2023-12-08,Employees/Designated Employees,Market Sale,Sell,Equity Shares,5800.0,0.0,0.0,0.0,0.0,105260.0,0.03,99460.0,0.03
RELIGARE,2023-12-14 20:53:00,2023-12-13,2023-12-11,2023-12-11,Employees/Designated Employees,Market Sale,Sell,Equity Shares,15000.0,0.0,0.0,0.0,0.0,236000.0,0.07,221000.0,0.07
RELIGARE,2023-12-14 20:53:00,2023-12-13,2023-12-12,2023-12-12,Employees/Designated Employees,Market Sale,Sell,Equity Shares,85000.0,0.0,0.0,0.0,0.0,221000.0,0.07,136000.0,0.04
RELIGARE,2023-12-14 20:53:00,2023-12-13,2023-12-11,2023-12-11,Employees/Designated Employees,Revokation of Pledge,Pledge Revoke,Equity Shares,15000.0,0.0,0.0,0.0,0.0,236000.0,0.07,236000.0,0.07
RELIGARE,2023-12-14 20:53:00,2023-12-13,2023-12-12,2023-12-12,Employees/Designated Employees,Revokation of Pledge,Pledge Revoke,Equity Shares,85000.0,0.0,0.0,0.0,0.0,221000.0,0.07,221000.0,0.07
RELIGARE,2023-12-18 11:43:00,2023-12-14,2023-12-12,2023-12-12,Employees/Designated Employees,Market Sale,Sell,Equity Shares,21000.0,0.0,0.0,0.0,0.0,69274.0,0.02,48274.0,0.01
RELIGARE,2023-12-18 11:43:00,2023-12-14,2023-12-13,2023-12-13,Employees/Designated Employees,Market Sale,Sell,Equity Shares,24474.0,0.0,0.0,0.0,0.0,48274.0,0.01,23800.0,0.01
RELIGARE,2023-12-18 17:48:00,2023-12-15,2023-12-13,2023-12-13,Employees/Designated Employees,Revokation of Pledge,Pledge Revoke,Equity Shares,59250.0,0.0,0.0,0.0,0.0,99460.0,0.03,99460.0,0.03
RELIGARE,2024-01-02 17:17:00,2024-01-01,2023-12-29,2023-12-29,Employees/Designated Employees,Market Sale,Sell,Equity Shares,9100.0,0.0,0.0,0.0,0.0,11541.0,0.0,2441.0,0.0
RELIGARE,2024-01-02 17:17:00,2024-01-01,2023-12-29,2023-12-29,Employees/Designated Employees,Market Sale,Sell,Equity Shares,15000.0,0.0,0.0,0.0,0.0,15000.0,0.0,,0.0
RELIGARE,2024-01-02 17:17:00,2023-12-29,2023-12-29,2023-12-29,Employees/Designated Employees,Market Sale,Sell,Equity Shares,3000.0,0.0,0.0,0.0,0.0,10000.0,0.0,7000.0,0.0
RELIGARE,2024-01-02 17:17:00,2023-12-29,2023-12-29,2023-12-29,Employees/Designated Employees,Market Sale,Sell,Equity Shares,5000.0,0.0,0.0,0.0,0.0,101000.0,0.03,96000.0,0.03
RELIGARE,2024-01-02 17:17:00,2023-12-29,2023-12-29,2023-12-29,Employees/Designated Employees,Market Sale,Sell,Equity Shares,3000.0,0.0,0.0,0.0,0.0,96000.0,0.03,93000.0,0.03
RELIGARE,2024-01-02 17:17:00,2023-12-29,2023-12-27,2023-12-27,Employees/Designated Employees,Market Sale,Sell,Equity Shares,82651.0,0.0,0.0,0.0,0.0,130000.0,0.04,47349.0,0.01
RELIGARE,2024-01-02 17:17:00,2024-01-01,2023-12-28,2023-12-28,Employees/Designated Employees,Market Sale,Sell,Equity Shares,25620.0,0.0,0.0,0.0,0.0,37161.0,0.01,11541.0,0.0
RELIGARE,2024-01-02 17:17:00,2023-12-29,2023-12-28,2023-12-28,Employees/Designated Employees,Market Sale,Sell,Equity Shares,2000.0,0.0,0.0,0.0,0.0,12000.0,0.0,10000.0,0.0
RELIGARE,2024-01-02 17:17:00,2023-12-29,2023-12-27,2023-12-27,Employees/Designated Employees,Market Sale,Sell,Equity Shares,37349.0,0.0,0.0,0.0,0.0,47349.0,0.01,10000.0,0.0
RELIGARE,2024-01-03 16:48:00,2024-01-02,2023-12-29,2023-12-29,Employees/Designated Employees,Market Purchase,Buy,Equity Shares,50000.0,0.0,0.0,0.0,0.0,580000.0,0.18,630000.0,0.19
RELIGARE,2024-01-25 18:03:00,2024-01-24,2024-01-24,2024-01-24,Employees/Designated Employees,ESOP,Buy,Equity Shares,235000.0,0.0,0.0,0.0,0.0,10000.0,0.0,245000.0,0.07
RELIGARE,2024-03-07 15:10:00,2024-03-05,2024-03-04,2024-03-04,Key Managerial Personnel,Market Sale,Sell,Equity Shares,151794.0,0.0,0.0,0.0,0.0,588761.0,0.17,436967.0,0.13
RELIGARE,2024-03-07 15:10:00,2024-03-05,2024-03-04,2024-03-04,Employees/Designated Employees,Market Sale,Sell,Equity Shares,56000.0,0.0,0.0,0.0,0.0,136000.0,0.04,80000.0,0.02
RELIGARE,2024-03-07 15:10:00,2024-03-06,2024-03-05,2024-03-05,Key Managerial Personnel,Market Sale,Sell,Equity Shares,197411.0,0.0,0.0,0.0,0.0,436967.0,0.13,239556.0,0.07
RELIGARE,2024-03-07 15:10:00,2024-03-05,2024-03-04,2024-03-04,Employees/Designated Employees,Revokation of Pledge,Pledge Revoke,Equity Shares,56000.0,0.0,0.0,0.0,0.0,136000.0,0.04,136000.0,0.04
RELIGARE,2024-03-13 14:19:00,2024-03-11,2024-03-07,2024-03-07,Employees/Designated Employees,Revokation of Pledge,Pledge Revoke,Equity Shares,30000.0,0.0,0.0,0.0,0.0,35000.0,0.01,35000.0,0.01
RELIGARE,2024-03-13 14:19:00,2024-03-11,2024-03-07,2024-03-07,Employees/Designated Employees,Market Sale,Sell,Equity Shares,30000.0,0.0,0.0,0.0,0.0,35000.0,0.01,5000.0,0.0
RELIGARE,2024-03-13 14:19:00,2024-03-11,2024-03-07,2024-03-07,Employees/Designated Employees,Market Sale,Sell,Equity Shares,45000.0,0.0,0.0,0.0,0.0,80000.0,0.02,35000.0,0.01
RELIGARE,2024-03-18 15:48:00,2024-03-16,2024-03-15,2024-03-15,Employees/Designated Employees,Market Sale,Sell,Equity Shares,123.0,0.0,0.0,0.0,0.0,69000.0,0.02,68877.0,0.02
RELIGARE,2024-03-18 15:48:00,2024-03-16,2024-03-15,2024-03-15,Employees/Designated Employees,Market Sale,Sell,Equity Shares,2000.0,0.0,0.0,0.0,0.0,71000.0,0.02,69000.0,0.02
RELIGARE,2024-03-18 15:48:00,2024-03-16,2024-03-15,2024-03-15,Employees/Designated Employees,Market Sale,Sell,Equity Shares,2000.0,0.0,0.0,0.0,0.0,73000.0,0.03,71000.0,0.03
RELIGARE,2024-03-18 15:48:00,2024-03-16,2024-03-14,2024-03-14,Employees/Designated Employees,Market Sale,Sell,Equity Shares,2000.0,0.0,0.0,0.0,0.0,75000.0,0.03,73000.0,0.03
RELIGARE,2024-03-18 15:48:00,2024-03-16,2024-03-14,2024-03-14,Employees/Designated Employees,Market Sale,Sell,Equity Shares,5000.0,0.0,0.0,0.0,0.0,80000.0,0.03,75000.0,0.03
RELIGARE,2024-03-18 15:48:00,2024-03-16,2024-03-14,2024-03-14,Employees/Designated Employees,Market Sale,Sell,Equity Shares,3000.0,0.0,0.0,0.0,0.0,83000.0,0.03,80000.0,0.03
RELIGARE,2024-03-18 15:48:00,2024-03-15,2024-03-13,2024-03-13,Employees/Designated Employees,Market Sale,Sell,Equity Shares,5000.0,0.0,0.0,0.0,0.0,88000.0,0.03,83000.0,0.03
RELIGARE,2024-03-18 15:48:00,2024-03-15,2024-03-13,2024-03-13,Employees/Designated Employees,Market Sale,Sell,Equity Shares,5000.0,0.0,0.0,0.0,0.0,93000.0,0.03,88000.0,0.03
RELIGARE,2024-04-02 15:36:00,2024-03-28,2024-03-27,2024-03-27,Director,Revokation of Pledge,Pledge Revoke,Equity Shares,669717.0,0.0,0.0,0.0,0.0,4057088.0,1.23,4057088.0,1.23
RELIGARE,2024-04-02 15:36:00,2024-03-28,2024-03-26,2024-03-26,Director,Market Sale,Sell,Equity Shares,618545.0,0.0,0.0,0.0,0.0,4675633.0,1.42,4057088.0,1.23
RELIGARE,2024-04-02 15:36:00,2024-03-28,2024-03-27,2024-03-27,Director,Market Sale,Sell,Equity Shares,669717.0,0.0,0.0,0.0,0.0,4057088.0,1.23,3387371.0,1.03
RELIGARE,2024-04-02 15:36:00,2024-03-28,2024-03-26,2024-03-26,Director,Revokation of Pledge,Pledge Revoke,Equity Shares,618545.0,0.0,0.0,0.0,0.0,4675633.0,1.42,4675633.0,1.42
RELIGARE,2024-04-02 18:16:00,2024-04-01,2024-03-28,2024-03-28,Director,Market Sale,Sell,Equity Shares,720985.0,0.0,0.0,0.0,0.0,3387371.0,1.03,2666386.0,0.81
RELIGARE,2024-04-02 18:16:00,2024-04-01,2024-03-28,2024-03-28,Director,Revokation of Pledge,Pledge Revoke,Equity Shares,720985.0,0.0,0.0,0.0,0.0,3387371.0,1.03,3387371.0,1.03
RELIGARE,2025-03-07 19:00:00,2025-03-03,2025-02-28,2025-03-03,Promoters,Market Purchase,Buy,Equity Shares,160000.0,0.0,0.0,0.0,0.0,18102636.0,5.47,18262636.0,5.52
RELIGARE,2025-03-07 19:00:00,2025-03-03,2025-02-28,2025-03-03,Promoters,Market Purchase,Buy,Equity Shares,151516.0,0.0,0.0,0.0,0.0,24606021.0,7.44,24757537.0,7.49
RELIGARE,2025-03-07 19:00:00,2025-03-03,2025-02-28,2025-03-03,Promoters,Market Purchase,Buy,Equity Shares,163680.0,0.0,0.0,0.0,0.0,30962457.0,9.36,31126137.0,9.41
RELIGARE,2026-03-17 20:28:00,2026-03-16,2026-03-16,2026-03-16,Promoter Group,Market Purchase,Buy,Equity Shares,607456.0,0.0,0.0,0.0,0.0,1348803.0,0.41,1956259.0,0.59
RELIGARE,2026-03-17 20:28:00,2026-03-16,2026-03-13,2026-03-13,Promoter Group,Market Purchase,Buy,Equity Shares,1348803.0,0.0,0.0,0.0,0.0,,0.0,1348803.0,0.41
RELIGARE,2026-04-04 16:01:00,2026-04-01,2026-03-27,2026-03-27,Promoter Group,Market Purchase,Buy,Equity Shares,1327000.0,0.0,0.0,0.0,0.0,,0.0,1327000.0,0.4
