symbol,filing_date,intim_date,acq_from_date,acq_to_date,person_category,acq_mode,transaction_type,sec_type,security_acquired_disposed,buy_quantity,sell_quantity,buy_value,sell_value,shares_before_no,shares_before_pct,shares_after_no,shares_after_pct
SUNPHARMA,2015-12-01 09:42:00,2015-11-16,2015-11-12,2015-11-12,Other,ESOP,Buy,Equity Shares,947.0,0.0,0.0,0.0,0.0,13803.0,0.001,14750.0,0.001
SUNPHARMA,2015-12-01 10:54:00,2015-11-20,2015-11-18,2015-11-18,Director,Pledge Creation,Pledge,Equity Shares,2400000.0,0.0,0.0,0.0,0.0,14384000.0,0.6,14384000.0,0.6
SUNPHARMA,2015-12-08 18:12:00,2015-12-03,2015-11-12,2015-12-02,Other,ESOP,Buy,Equity Shares,2912.0,0.0,0.0,0.0,0.0,36586.0,0.0,39498.0,0.0
SUNPHARMA,2015-12-08 18:12:00,2015-12-03,2015-11-12,2015-12-02,Other,ESOP,Buy,Equity Shares,947.0,0.0,0.0,0.0,0.0,35639.0,0.0,36586.0,0.0
SUNPHARMA,2015-12-11 11:45:00,2015-12-09,2015-12-08,2015-12-08,Promoters,Revokation of Pledge,Pledge Revoke,Equity Shares,3200000.0,0.0,0.0,0.0,0.0,195343760.0,8.12,195343760.0,8.12
SUNPHARMA,2015-12-11 21:28:00,2015-12-03,2015-11-30,2015-11-30,Immediate relative,-,-,Equity Shares,160000.0,0.0,0.0,0.0,0.0,7416840.0,0.31,7416840.0,0.31
SUNPHARMA,2015-12-11 21:28:00,2015-12-03,2015-11-24,2015-11-24,Immediate relative,-,-,Equity Shares,160000.0,0.0,0.0,0.0,0.0,7416840.0,0.31,7416840.0,0.31
SUNPHARMA,2015-12-16 15:08:00,2015-12-12,2015-12-09,2015-12-09,Immediate relative,-,-,Equity Shares,800000.0,0.0,0.0,0.0,0.0,7416840.0,0.31,7416840.0,0.31
SUNPHARMA,2015-12-17 10:48:00,2015-12-15,2015-12-14,2015-12-14,Employees/Designated Employees,ESOP,Buy,Equity Shares,4316.0,0.0,0.0,0.0,0.0,,0.0,4316.0,
SUNPHARMA,2015-12-21 13:31:00,2015-12-18,2015-12-14,2015-12-14,Employees/Designated Employees,ESOP,Buy,Equity Shares,3504.0,0.0,0.0,0.0,0.0,288.0,0.0,3792.0,0.0
SUNPHARMA,2015-12-21 18:27:00,2015-12-18,2015-12-16,2015-12-16,Immediate relative,-,-,Equity Shares,800000.0,0.0,0.0,0.0,0.0,7416840.0,0.31,7416840.0,0.31
SUNPHARMA,2015-12-28 18:32:00,2015-12-22,2015-12-18,2015-12-18,Director,Pledge Creation,Pledge,Equity Shares,3400000.0,0.0,0.0,0.0,0.0,14384000.0,0.6,14384000.0,0.6
SUNPHARMA,2015-12-28 18:32:00,2015-12-22,2015-12-22,2015-12-22,Director,Pledge Creation,Pledge,Equity Shares,5050000.0,0.0,0.0,0.0,0.0,14384000.0,0.6,14384000.0,0.6
SUNPHARMA,2015-12-28 18:32:00,2015-12-22,2015-12-22,2015-12-22,Director,Revokation of Pledge,Pledge Revoke,Equity Shares,5050000.0,0.0,0.0,0.0,0.0,14384000.0,0.6,14384000.0,0.6
SUNPHARMA,2015-12-29 11:23:00,2015-12-28,2015-11-13,2015-11-20,Employees/Designated Employees,-,Buy,Equity Shares,5000.0,0.0,0.0,0.0,0.0,200.0,0.0,5200.0,0.0
SUNPHARMA,2015-12-29 16:22:00,2015-12-28,2015-11-13,2015-11-20,Employees/Designated Employees,Market Purchase,Buy,Equity Shares,5000.0,0.0,0.0,0.0,0.0,200.0,0.0,5200.0,0.0
SUNPHARMA,2015-12-31 17:40:00,2015-12-29,2015-12-14,2015-12-14,Employees/Designated Employees,ESOP,ESOP/ESOS/ESPS,Equity Shares,356.0,0.0,0.0,0.0,0.0,,0.0,356.0,0.0
SUNPHARMA,2015-12-31 19:15:00,2015-12-29,2015-12-14,2015-12-14,Employees/Designated Employees,ESOP,ESOP/ESOS/ESPS,Equity Shares,900.0,0.0,0.0,0.0,0.0,,0.0,900.0,0.0
SUNPHARMA,2016-01-13 10:26:00,2016-01-11,2016-01-08,2016-01-08,Director,Pledge Creation,Pledge,Equity Shares,1000000.0,0.0,0.0,0.0,0.0,14384000.0,0.6,14384000.0,0.6
SUNPHARMA,2016-01-13 10:26:00,2016-01-11,2016-01-08,2016-01-08,Director,Revokation of Pledge,Pledge Revoke,Equity Shares,1600000.0,0.0,0.0,0.0,0.0,14384000.0,0.6,14384000.0,0.6
SUNPHARMA,2016-01-18 14:43:00,2016-01-13,2015-12-30,2015-12-30,Employees/Designated Employees,ESOP,ESOP/ESOS/ESPS,Equity Shares,4096.0,0.0,0.0,0.0,0.0,3824.0,0.0,7920.0,0.0
SUNPHARMA,2016-01-21 19:19:00,2016-01-10,2015-12-18,2015-12-18,Employees/Designated Employees,Market Sale,Sell,Equity Shares,2000.0,0.0,0.0,0.0,0.0,2000.0,0.0,,0.0
SUNPHARMA,2016-01-25 09:37:00,2016-01-22,2015-10-31,2015-10-31,Employees/Designated Employees,ESOP,-,Equity Shares,2160.0,0.0,0.0,0.0,0.0,150.0,0.0,2310.0,0.0
SUNPHARMA,2016-01-25 09:37:00,2016-01-22,2015-12-11,2016-01-15,Employees/Designated Employees,ESOP,-,Equity Shares,7831.0,0.0,0.0,0.0,0.0,9835.0,0.0004,17666.0,0.0007
SUNPHARMA,2016-01-25 09:42:00,2016-01-21,2016-01-18,2016-01-18,Immediate relative,-,Pledge,Equity Shares,500000.0,0.0,0.0,0.0,0.0,7416840.0,0.31,7416840.0,0.31
SUNPHARMA,2016-01-25 10:06:00,2016-01-21,2016-01-20,2016-01-20,Immediate relative,-,-,Equity Shares,500000.0,0.0,0.0,0.0,0.0,7416840.0,0.31,7416840.0,0.31
SUNPHARMA,2016-01-29 09:03:00,2016-01-25,2015-12-14,2015-12-14,Employees/Designated Employees,ESOP,Buy,Equity Shares,1560.0,0.0,0.0,0.0,0.0,3715.0,0.0,5275.0,
SUNPHARMA,2016-01-29 09:03:00,2016-01-25,2015-12-02,2015-12-02,Employees/Designated Employees,ESOP,Buy,Equity Shares,14764.0,0.0,0.0,0.0,0.0,72164.0,0.0,86928.0,
SUNPHARMA,2016-02-01 20:12:00,2016-01-29,2015-12-14,2015-12-14,Employees/Designated Employees,ESOP,ESOP/ESOS/ESPS,Equity Shares,5020.0,0.0,0.0,0.0,0.0,,0.0,5020.0,0.0
SUNPHARMA,2016-02-01 20:12:00,2016-01-28,2015-10-02,2015-10-09,Employees/Designated Employees,Market Sale,Sell,Equity Shares,2500.0,0.0,0.0,0.0,0.0,2760.0,0.0,260.0,0.0
SUNPHARMA,2016-02-02 10:58:00,2016-01-29,2016-01-27,2016-01-27,Director,Pledge Creation,Pledge,Equity Shares,1900000.0,0.0,0.0,0.0,0.0,14384000.0,0.6,14384000.0,0.6
SUNPHARMA,2016-02-02 10:58:00,2016-01-29,2016-01-27,2016-01-27,Director,Revokation of Pledge,Pledge Revoke,Equity Shares,1900000.0,0.0,0.0,0.0,0.0,14384000.0,0.6,14384000.0,0.6
SUNPHARMA,2016-02-04 09:22:00,2016-02-01,2016-01-29,2016-01-29,Employees/Designated Employees,ESOP,-,Equity Shares,5607.0,0.0,0.0,0.0,0.0,26372.0,0.0,31979.0,0.0
SUNPHARMA,2016-02-04 09:22:00,2016-02-03,2015-12-14,2015-12-14,Employees/Designated Employees,ESOP,-,Equity Shares,2160.0,0.0,0.0,0.0,0.0,6159.0,0.0,8319.0,0.0
SUNPHARMA,2016-02-04 20:38:00,2016-02-03,2016-01-29,2016-01-29,Promoters,Market Sale,Sell,Equity Shares,3000.0,0.0,0.0,0.0,0.0,130300.0,0.01,127300.0,0.01
SUNPHARMA,2016-02-12 09:05:00,2016-02-09,2016-02-01,2016-02-01,Employees/Designated Employees,Market Sale,Sell,Equity Shares,2000.0,0.0,0.0,0.0,0.0,3079.0,0.0,1079.0,0.0
SUNPHARMA,2016-02-17 17:08:00,2016-02-15,2016-02-12,2016-02-12,Promoters,Revokation of Pledge,Pledge Revoke,Equity Shares,5783583.0,0.0,0.0,0.0,0.0,97104040.0,4.03,97104040.0,4.03
SUNPHARMA,2016-02-19 18:57:00,2016-02-17,2016-02-15,2016-02-15,Director,Revokation of Pledge,Pledge Revoke,Equity Shares,3400000.0,0.0,0.0,0.0,0.0,14384000.0,0.6,14384000.0,0.6
SUNPHARMA,2016-02-19 18:57:00,2016-02-17,2016-02-15,2016-02-15,Director,Pledge Creation,Pledge,Equity Shares,800000.0,0.0,0.0,0.0,0.0,14384000.0,0.6,14384000.0,0.6
SUNPHARMA,2016-02-19 18:57:00,2016-02-17,2016-02-15,2016-02-15,Director,Pledge Creation,Pledge,Equity Shares,5050000.0,0.0,0.0,0.0,0.0,14384000.0,0.6,14384000.0,0.6
SUNPHARMA,2016-02-19 18:57:00,2016-02-17,2016-02-16,2016-02-16,Director,Pledge Creation,Pledge,Equity Shares,2600000.0,0.0,0.0,0.0,0.0,14384000.0,0.6,14384000.0,0.6
SUNPHARMA,2016-02-19 18:57:00,2016-02-17,2016-02-15,2016-02-15,Director,Revokation of Pledge,Pledge Revoke,Equity Shares,5050000.0,0.0,0.0,0.0,0.0,14384000.0,0.6,14384000.0,0.6
SUNPHARMA,2016-02-26 08:52:00,2016-02-24,2016-02-22,2016-02-22,Employees/Designated Employees,Market Sale,Sell,Equity Shares,3000.0,0.0,0.0,0.0,0.0,17666.0,0.0,14666.0,0.0
SUNPHARMA,2016-02-26 12:06:00,2016-02-23,2016-02-22,2016-02-22,Immediate relative,Revokation of Pledge,Pledge Revoke,Equity Shares,230000.0,0.0,0.0,0.0,0.0,7416840.0,0.31,7416840.0,0.31
SUNPHARMA,2016-02-26 12:07:00,2016-02-23,2016-02-22,2016-02-22,Promoters,Pledge Creation,Pledge,Equity Shares,230000.0,0.0,0.0,0.0,0.0,7416840.0,0.31,7416840.0,0.31
SUNPHARMA,2016-02-29 11:13:00,2016-02-26,2016-02-24,2016-02-24,Director,Revokation of Pledge,Pledge Revoke,Equity Shares,1900000.0,0.0,0.0,0.0,0.0,14384000.0,0.6,14384000.0,0.6
SUNPHARMA,2016-02-29 11:13:00,2016-02-26,2016-02-24,2016-02-24,Director,Revokation of Pledge,Pledge Revoke,Equity Shares,1000000.0,0.0,0.0,0.0,0.0,14384000.0,0.6,14384000.0,0.6
SUNPHARMA,2016-03-02 21:08:00,2016-03-01,2016-02-29,2016-02-29,Employees/Designated Employees,ESOP,ESOP/ESOS/ESPS,Equity Shares,1440.0,0.0,0.0,0.0,0.0,2932.0,0.0,4372.0,0.0
SUNPHARMA,2016-03-02 21:08:00,2016-03-01,2016-02-29,2016-02-29,Employees/Designated Employees,ESOP,ESOP/ESOS/ESPS,Equity Shares,3060.0,0.0,0.0,0.0,0.0,,0.0,3060.0,0.0
SUNPHARMA,2016-03-02 21:08:00,2016-03-01,2016-02-29,2016-02-29,Employees/Designated Employees,ESOP,ESOP/ESOS/ESPS,Equity Shares,3480.0,0.0,0.0,0.0,0.0,48.0,0.0,3528.0,0.0
SUNPHARMA,2016-03-03 19:47:00,2016-03-02,2016-02-29,2016-02-29,Employees/Designated Employees,ESOP,ESOP/ESOS/ESPS,Equity Shares,1800.0,0.0,0.0,0.0,0.0,9516.0,0.0,11316.0,0.0
SUNPHARMA,2016-03-08 10:55:00,2016-03-05,2016-01-25,2016-01-25,Employees/Designated Employees,Market Sale,Sell,Equity Shares,2470.0,0.0,0.0,0.0,0.0,9500.0,0.0,7030.0,0.0
SUNPHARMA,2016-03-08 11:23:00,2016-03-03,2016-02-29,2016-02-29,Employees/Designated Employees,ESOP,ESOP/ESOS/ESPS,Equity Shares,1800.0,0.0,0.0,0.0,0.0,400.0,0.0,2200.0,0.0
SUNPHARMA,2016-03-18 19:25:00,2016-03-17,2016-02-29,2016-02-29,Employees/Designated Employees,ESOP,ESOP/ESOS/ESPS,Equity Shares,228.0,0.0,0.0,0.0,0.0,7309.0,0.0,7537.0,0.0
SUNPHARMA,2016-03-18 19:25:00,2016-03-17,2016-02-09,2016-02-09,Employees/Designated Employees,Market Sale,Sell,Equity Shares,1000.0,0.0,0.0,0.0,0.0,8309.0,0.0,7309.0,0.0
SUNPHARMA,2016-03-18 19:25:00,2016-03-17,2016-03-11,2016-03-11,Employees/Designated Employees,Market Sale,Sell,Equity Shares,1000.0,0.0,0.0,0.0,0.0,7537.0,0.0,6537.0,0.0
SUNPHARMA,2016-03-23 12:32:00,2016-03-22,2016-03-14,2016-03-14,Employees/Designated Employees,Market Sale,Sell,Equity Shares,3000.0,0.0,0.0,0.0,0.0,25500.0,0.0,22500.0,0.0
SUNPHARMA,2016-03-23 18:59:00,2016-03-23,2016-03-21,2016-03-21,Immediate relative,Market Purchase,Buy,Equity Shares,12100.0,0.0,0.0,0.0,0.0,,0.0,12100.0,0.0005
SUNPHARMA,2016-04-20 13:40:00,2016-04-19,2016-02-02,2016-02-02,Other,Revokation of Pledge,Pledge Revoke,Equity Shares,5000.0,0.0,0.0,0.0,0.0,16010.0,0.0,16010.0,0.0
SUNPHARMA,2016-04-28 20:46:00,2016-04-28,2016-04-22,2016-04-22,Employees/Designated Employees,ESOP,Buy,Equity Shares,1300.0,0.0,0.0,0.0,0.0,,0.0,1300.0,
SUNPHARMA,2016-04-28 20:46:00,2016-04-28,2016-04-22,2016-04-22,Employees/Designated Employees,Market Sale,Sell,Equity Shares,1300.0,0.0,0.0,0.0,0.0,1300.0,0.0,,0.0
SUNPHARMA,2016-05-06 14:35:00,2016-05-05,2016-05-04,2016-05-05,Employees/Designated Employees,Market Sale,Sell,Equity Shares,1731.0,0.0,0.0,0.0,0.0,2356.0,0.0,625.0,0.0
SUNPHARMA,2016-05-13 17:58:00,2016-05-12,2016-05-10,2016-05-10,Director,Revokation of Pledge,Pledge Revoke,Equity Shares,3400000.0,0.0,0.0,0.0,0.0,14384000.0,0.6,14384000.0,0.6
SUNPHARMA,2016-05-13 17:58:00,2016-05-12,2016-05-10,2016-05-10,Director,Revokation of Pledge,Pledge Revoke,Equity Shares,5050000.0,0.0,0.0,0.0,0.0,14384000.0,0.6,14384000.0,0.6
SUNPHARMA,2016-05-13 17:58:00,2016-05-12,2016-05-10,2016-05-10,Immediate relative,Pledge Creation,Pledge,Equity Shares,11200000.0,0.0,0.0,0.0,0.0,33922000.0,1.41,33922000.0,1.41
SUNPHARMA,2016-05-19 20:58:00,2016-05-18,2016-05-14,2016-05-14,Employees/Designated Employees,ESOP,Buy,Equity Shares,1656.0,0.0,0.0,0.0,0.0,36.0,0.0,1692.0,
SUNPHARMA,2016-05-20 18:34:00,2016-05-18,2016-05-17,2016-05-17,Other,Pledge Creation,Pledge,Equity Shares,28000.0,0.0,0.0,0.0,0.0,4600480.0,0.19,4600480.0,0.19
SUNPHARMA,2016-06-10 15:10:00,2016-06-09,2016-05-11,2016-05-11,Employees/Designated Employees,ESOP,-,Equity Shares,7200.0,0.0,0.0,0.0,0.0,16895.0,0.0,24095.0,0.0
SUNPHARMA,2016-06-10 15:10:00,2016-06-09,2016-05-11,2016-05-11,Employees/Designated Employees,ESOP,-,Equity Shares,1440.0,0.0,0.0,0.0,0.0,4983.0,0.0,6423.0,0.0
SUNPHARMA,2016-06-13 17:05:00,2016-06-13,2016-05-11,2016-05-11,Employees/Designated Employees,ESOP,ESOP/ESOS/ESPS,Equity Shares,2640.0,0.0,0.0,0.0,0.0,1906.0,0.0,4546.0,0.0
SUNPHARMA,2016-06-17 09:03:00,2016-06-15,2016-04-11,2016-04-11,Employees/Designated Employees,Market Purchase,Sell,equity shares,200.0,0.0,0.0,0.0,0.0,200.0,0.0,,0.0
SUNPHARMA,2016-06-17 09:03:00,2016-06-15,2016-05-27,2016-05-27,Employees/Designated Employees,Market Purchase,Buy,equity shares,200.0,0.0,0.0,0.0,0.0,,0.0,200.0,0.0
SUNPHARMA,2016-06-17 09:03:00,2016-06-15,2016-05-27,2016-05-27,Employees/Designated Employees,Market Purchase,Sell,equity shares,200.0,0.0,0.0,0.0,0.0,200.0,0.0,,0.0
SUNPHARMA,2016-06-17 09:03:00,2016-06-15,2016-06-08,2016-06-08,Employees/Designated Employees,Market Purchase,Sell,equity shares,600.0,0.0,0.0,0.0,0.0,600.0,0.0,,0.0
SUNPHARMA,2016-06-17 09:03:00,2016-06-15,2016-04-11,2016-04-11,Employees/Designated Employees,Market Purchase,Buy,equity shares,200.0,0.0,0.0,0.0,0.0,,0.0,200.0,0.0
SUNPHARMA,2016-06-17 09:03:00,2016-06-15,2016-05-31,2016-05-31,Employees/Designated Employees,Market Purchase,Buy,equity shares,600.0,0.0,0.0,0.0,0.0,,0.0,600.0,0.0
SUNPHARMA,2016-06-30 16:51:00,2016-06-28,2016-06-13,2016-06-13,Employees/Designated Employees,ESOP,-,Equity Shares,1446.0,0.0,0.0,0.0,0.0,14300.0,0.0,15746.0,0.0
SUNPHARMA,2016-07-04 12:17:00,2016-07-02,2016-06-17,2016-06-17,Employees/Designated Employees,Market Sale,Sell,Equity Shares,1400.0,0.0,0.0,0.0,0.0,2498.0,0.0,1098.0,0.0
SUNPHARMA,2016-07-08 14:45:00,2016-07-07,2016-07-05,2016-07-05,Other,Revokation of Pledge,Pledge Revoke,Equity Shares,11200000.0,0.0,0.0,0.0,0.0,33922000.0,1.41,33922000.0,1.41
SUNPHARMA,2016-07-08 14:45:00,2016-07-07,2016-07-05,2016-07-05,Other,Invocation of pledge,Pledge,Equity Shares,11200000.0,0.0,0.0,0.0,0.0,33922000.0,1.41,33922000.0,1.41
SUNPHARMA,2016-08-17 19:11:00,2016-08-12,2016-08-11,2016-08-11,Promoters,Pledge Creation,Pledge,Equity Shares,10000000.0,0.0,0.0,0.0,0.0,97104040.0,4.03,97104040.0,4.03
SUNPHARMA,2016-09-19 17:12:00,2016-09-16,2016-09-14,2016-09-14,Other,Pledge Creation,Pledge,Equity Shares,3500000.0,0.0,0.0,0.0,0.0,33922000.0,1.41,33922000.0,1.41
SUNPHARMA,2016-09-19 17:12:00,2016-09-16,2016-09-14,2016-09-14,Other,Revokation of Pledge,Pledge Revoke,Equity Shares,3357000.0,0.0,0.0,0.0,0.0,33922000.0,1.41,33922000.0,1.41
SUNPHARMA,2016-09-22 16:26:00,2016-09-22,2016-09-20,2016-09-20,Immediate relative,Revokation of Pledge,Pledge Revoke,Equity Shares,3357000.0,0.0,0.0,0.0,0.0,33922000.0,1.41,33922000.0,1.41
SUNPHARMA,2016-09-22 16:26:00,2016-09-22,2016-09-20,2016-09-20,Immediate relative,Pledge Creation,Pledge,Equity Shares,3500000.0,0.0,0.0,0.0,0.0,33922000.0,1.41,33922000.0,1.41
SUNPHARMA,2016-09-29 15:23:00,2016-09-28,2016-09-26,2016-09-26,Immediate relative,Pledge Creation,Pledge,Equity Shares,4655000.0,0.0,0.0,0.0,0.0,33922000.0,1.41,33922000.0,1.41
SUNPHARMA,2016-09-29 15:23:00,2016-09-28,2016-09-26,2016-09-26,Immediate relative,Revokation of Pledge,Pledge Revoke,Equity Shares,4486000.0,0.0,0.0,0.0,0.0,33922000.0,1.41,33922000.0,1.41
SUNPHARMA,2016-10-10 19:11:00,2016-10-07,2016-10-05,2016-10-05,Promoter Group,Others,Sell,Equity Shares,38494.0,0.0,0.0,0.0,0.0,14384000.0,0.6,14345506.0,0.6
SUNPHARMA,2016-10-10 19:11:00,2016-10-07,2016-10-05,2016-10-05,Promoter Group,Others,Sell,Equity Shares,23720.0,0.0,0.0,0.0,0.0,8864000.0,0.37,8840280.0,0.37
SUNPHARMA,2016-10-10 19:11:00,2016-10-07,2016-10-05,2016-10-05,Promoter Group,Others,Sell,Equity Shares,7720.0,0.0,0.0,0.0,0.0,2885000.0,0.12,2877280.0,0.12
SUNPHARMA,2016-10-10 19:11:00,2016-10-07,2016-10-05,2016-10-05,Promoter Group,Others,Sell,Equity Shares,7573.0,0.0,0.0,0.0,0.0,2830000.0,0.12,2822427.0,0.12
SUNPHARMA,2016-10-10 19:11:00,2016-10-07,2016-10-05,2016-10-05,Promoter Group,Others,Sell,Equity Shares,19845.0,0.0,0.0,0.0,0.0,7416840.0,0.31,7396995.0,0.31
SUNPHARMA,2016-10-10 19:11:00,2016-10-07,2016-10-05,2016-10-05,Promoter Group,Others,Sell,Equity Shares,12309.0,0.0,0.0,0.0,0.0,4600480.0,0.19,4588171.0,0.19
SUNPHARMA,2016-10-10 19:11:00,2016-10-07,2016-10-05,2016-10-05,Other,Others,Sell,Equity Shares,50000.0,0.0,0.0,0.0,0.0,40203960.0,1.67,40153960.0,1.67
SUNPHARMA,2016-10-10 19:11:00,2016-10-07,2016-10-05,2016-10-05,Other,Others,Sell,Equity Shares,27910.0,0.0,0.0,0.0,0.0,10428760.0,0.43,10400850.0,0.43
SUNPHARMA,2016-10-10 19:11:00,2016-10-07,2016-10-05,2016-10-05,Promoter Group,Others,Sell,Equity Shares,489560.0,0.0,0.0,0.0,0.0,182927440.0,7.6,182437880.0,7.6
SUNPHARMA,2016-10-10 19:11:00,2016-10-07,2016-10-05,2016-10-05,Promoter Group,Others,Sell,Equity Shares,489403.0,0.0,0.0,0.0,0.0,182868640.0,7.6,182379237.0,7.6
SUNPHARMA,2016-10-10 19:11:00,2016-10-07,2016-10-05,2016-10-05,Immediate relative,Others,Sell,Equity Shares,90783.0,0.0,0.0,0.0,0.0,33922000.0,1.41,33831217.0,1.41
SUNPHARMA,2016-10-10 19:11:00,2016-10-07,2016-10-05,2016-10-05,Promoter Group,Others,Sell,Equity Shares,538958.0,0.0,0.0,0.0,0.0,201385320.0,8.37,200846362.0,8.37
SUNPHARMA,2016-10-10 19:11:00,2016-10-07,2016-10-05,2016-10-05,Promoter Group,Others,Sell,Equity Shares,522789.0,0.0,0.0,0.0,0.0,195343760.0,8.12,194820971.0,8.12
SUNPHARMA,2016-10-10 19:11:00,2016-10-07,2016-10-05,2016-10-05,Promoter Group,Others,Sell,Equity Shares,259842.0,0.0,0.0,0.0,0.0,97104040.0,4.03,96844198.0,4.03
SUNPHARMA,2016-10-10 19:11:00,2016-10-07,2016-10-05,2016-10-05,Promoter Group,Others,Sell,Equity Shares,224741.0,0.0,0.0,0.0,0.0,83976000.0,3.49,83751259.0,3.49
SUNPHARMA,2016-10-10 19:11:00,2016-10-07,2016-10-05,2016-10-05,Promoter Group,Others,Sell,Equity Shares,42913.0,0.0,0.0,0.0,0.0,16035080.0,0.67,15992167.0,0.67
SUNPHARMA,2016-10-10 19:11:00,2016-10-07,2016-10-05,2016-10-05,Promoter Group,Others,Sell,Equity Shares,3914.0,0.0,0.0,0.0,0.0,1462720.0,0.06,1458806.0,0.06
SUNPHARMA,2016-10-10 19:11:00,2016-10-07,2016-10-05,2016-10-05,Promoter Group,Off Market,Sell,Equity Shares,2401.0,0.0,0.0,0.0,0.0,897440.0,0.04,895039.0,0.04
SUNPHARMA,2016-10-10 19:11:00,2016-10-07,2016-10-05,2016-10-05,Promoter Group,Others,Sell,Equity Shares,3426.0,0.0,0.0,0.0,0.0,1280200.0,0.05,1276774.0,0.05
SUNPHARMA,2016-10-10 19:11:00,2016-10-07,2016-10-05,2016-10-05,Promoter Group,Others,Sell,Equity Shares,3429.0,0.0,0.0,0.0,0.0,1281386.0,0.05,1277957.0,0.05
SUNPHARMA,2016-10-10 19:11:00,2016-10-07,2016-10-05,2016-10-05,Promoter Group,Others,Sell,Equity Shares,1340.0,0.0,0.0,0.0,0.0,501150.0,0.02,499810.0,0.02
SUNPHARMA,2016-10-10 19:11:00,2016-10-07,2016-10-05,2016-10-05,Promoters,Others,Sell,Equity Shares,618589.0,0.0,0.0,0.0,0.0,231140480.0,9.6,230521891.0,9.6
SUNPHARMA,2016-10-24 16:26:00,2016-10-20,2016-10-18,2016-10-18,Promoter Group,Others,Sell,Equity Shares,3434.0,0.0,0.0,0.0,0.0,1281386.0,0.05,1277952.0,0.05
SUNPHARMA,2016-10-24 16:26:00,2016-10-20,2016-10-18,2016-10-18,Promoter Group,Others,Sell,Equity Shares,91648.0,0.0,0.0,0.0,0.0,33922000.0,1.41,33830352.0,1.41
SUNPHARMA,2016-10-24 16:26:00,2016-10-20,2016-10-18,2016-10-18,Promoter Group,Others,Sell,Equity Shares,27910.0,0.0,0.0,0.0,0.0,10428760.0,0.43,10400850.0,0.43
SUNPHARMA,2016-10-24 16:26:00,2016-10-20,2016-10-18,2016-10-18,Promoter Group,Others,Sell,Equity Shares,50000.0,0.0,0.0,0.0,0.0,40203960.0,1.67,40153960.0,1.67
SUNPHARMA,2016-10-24 16:26:00,2016-10-20,2016-10-18,2016-10-18,Promoter Group,Others,Sell,Equity Shares,1340.0,0.0,0.0,0.0,0.0,501150.0,0.02,499810.0,0.02
SUNPHARMA,2016-10-24 16:26:00,2016-10-20,2016-10-18,2016-10-18,Promoter Group,Others,Sell,Equity Shares,3426.0,0.0,0.0,0.0,0.0,1280200.0,0.05,1276774.0,0.05
SUNPHARMA,2016-10-24 16:26:00,2016-10-20,2016-10-18,2016-10-18,Promoter Group,Others,Sell,Equity Shares,42970.0,0.0,0.0,0.0,0.0,16035080.0,0.67,15992110.0,0.67
SUNPHARMA,2016-10-24 16:26:00,2016-10-20,2016-10-18,2016-10-18,Promoter Group,Others,Sell,Equity Shares,3914.0,0.0,0.0,0.0,0.0,1462720.0,0.06,1458806.0,0.06
SUNPHARMA,2016-10-24 16:26:00,2016-10-20,2016-10-18,2016-10-18,Promoter Group,Others,Sell,Equity Shares,252219.0,0.0,0.0,0.0,0.0,97104040.0,4.03,96851821.0,4.03
SUNPHARMA,2016-10-24 16:26:00,2016-10-20,2016-10-18,2016-10-18,Promoter Group,Others,Sell,Equity Shares,538958.0,0.0,0.0,0.0,0.0,201385320.0,8.37,200846362.0,8.37
SUNPHARMA,2016-10-24 16:26:00,2016-10-20,2016-10-18,2016-10-18,Promoter Group,Others,Sell,Equity Shares,522789.0,0.0,0.0,0.0,0.0,195343760.0,8.12,194820971.0,8.12
SUNPHARMA,2016-10-24 16:26:00,2016-10-20,2016-10-18,2016-10-18,Promoter Group,Others,Sell,Equity Shares,489560.0,0.0,0.0,0.0,0.0,182927440.0,7.6,182437880.0,7.6
SUNPHARMA,2016-10-24 16:26:00,2016-10-20,2016-10-18,2016-10-18,Promoter Group,Others,Sell,Equity Shares,23720.0,0.0,0.0,0.0,0.0,8864000.0,0.37,8840280.0,0.37
SUNPHARMA,2016-10-24 16:26:00,2016-10-20,2016-10-18,2016-10-18,Promoter Group,Others,Sell,Equity Shares,7720.0,0.0,0.0,0.0,0.0,2885000.0,0.12,2877280.0,0.12
SUNPHARMA,2016-10-24 16:26:00,2016-10-20,2016-10-18,2016-10-18,Promoter Group,Others,Sell,Equity Shares,7573.0,0.0,0.0,0.0,0.0,2830000.0,0.12,2822427.0,0.12
SUNPHARMA,2016-10-24 16:26:00,2016-10-20,2016-10-18,2016-10-18,Promoters,Others,Sell,Equity Shares,854790.0,0.0,0.0,0.0,0.0,231140480.0,9.6,230285690.0,9.6
SUNPHARMA,2016-10-24 16:26:00,2016-10-20,2016-10-18,2016-10-18,Promoter Group,Others,Sell,Equity Shares,38981.0,0.0,0.0,0.0,0.0,14384000.0,0.6,14345019.0,0.6
SUNPHARMA,2016-10-24 16:26:00,2016-10-20,2016-10-18,2016-10-18,Promoter Group,Others,Sell,Equity Shares,8006.0,0.0,0.0,0.0,0.0,4600480.0,0.19,4592474.0,0.19
SUNPHARMA,2016-10-24 16:26:00,2016-10-20,2016-10-18,2016-10-18,Promoter Group,Others,Sell,Equity Shares,11253.0,0.0,0.0,0.0,0.0,7416840.0,0.31,7405587.0,0.13
SUNPHARMA,2016-10-24 16:26:00,2016-10-20,2016-10-18,2016-10-18,Promoter Group,Others,Sell,Equity Shares,2401.0,0.0,0.0,0.0,0.0,897440.0,0.04,895039.0,0.04
SUNPHARMA,2016-10-24 16:26:00,2016-10-20,2016-10-18,2016-10-18,Promoter Group,Others,Sell,Equity Shares,489403.0,0.0,0.0,0.0,0.0,182868640.0,7.6,182379237.0,7.6
SUNPHARMA,2016-10-24 16:36:00,2016-10-20,2016-09-30,2016-09-30,Promoter Group,Revokation of Pledge,Pledge Revoke,Equity Shares,48.0,0.0,0.0,0.0,0.0,4600480.0,0.19,4600480.0,0.19
SUNPHARMA,2016-10-24 16:45:00,2016-10-20,2016-09-30,2016-09-30,Promoter Group,Revokation of Pledge,Pledge Revoke,Equity Shares,4549.0,0.0,0.0,0.0,0.0,7416840.0,0.31,7416840.0,0.31
SUNPHARMA,2016-10-28 14:07:00,2016-10-27,2016-10-25,2016-10-25,Director,Revokation of Pledge,Pledge Revoke,Equity Shares,2375000.0,0.0,0.0,0.0,0.0,14345019.0,0.6,14345019.0,0.6
SUNPHARMA,2016-10-28 14:07:00,2016-10-27,2016-10-27,2016-10-27,Director,Revokation of Pledge,Pledge Revoke,Equity Shares,15000.0,0.0,0.0,0.0,0.0,14345019.0,0.6,14345019.0,0.6
SUNPHARMA,2016-10-28 15:28:00,2016-10-28,2016-10-27,2016-10-27,Promoter Group,Pledge Creation,Pledge,Equity Shares,100000.0,0.0,0.0,0.0,0.0,199465.0,0.01,199465.0,0.01
SUNPHARMA,2016-10-28 15:28:00,2016-10-28,2016-10-18,2016-10-18,Promoter Group,Others,Sell,Equity Shares,535.0,0.0,0.0,0.0,0.0,200000.0,0.01,199465.0,0.01
SUNPHARMA,2016-11-09 16:05:00,2016-11-09,2016-11-07,2016-11-07,Immediate relative,Pledge Creation,Pledge,Equity Shares,1850000.0,0.0,0.0,0.0,0.0,33830352.0,1.41,33830352.0,1.41
SUNPHARMA,2016-11-16 16:41:00,2016-11-16,2016-09-28,2016-09-28,Employees/Designated Employees,ESOP,Buy,Equity Shares,1502.0,0.0,0.0,0.0,0.0,19778.0,0.0,21280.0,0.0
SUNPHARMA,2016-11-23 13:02:00,2016-11-21,2016-11-18,2016-11-18,Promoter Group,Pledge Creation,Pledge,Equity Shares,251497.0,0.0,0.0,0.0,0.0,4592474.0,0.19,4592474.0,0.19
SUNPHARMA,2016-11-23 13:02:00,2016-11-21,2016-11-17,2016-11-17,Promoter Group,Pledge Creation,Pledge,Equity Shares,93503.0,0.0,0.0,0.0,0.0,4592474.0,0.19,4592474.0,0.19
SUNPHARMA,2016-12-07 16:15:00,2016-12-05,2016-12-02,2016-12-02,Immediate relative,Revokation of Pledge,Pledge Revoke,Equity Shares,500047.0,0.0,0.0,0.0,0.0,7405587.0,0.31,7405587.0,0.31
SUNPHARMA,2016-12-07 16:15:00,2016-12-05,2016-12-01,2016-12-01,Immediate relative,Revokation of Pledge,Pledge Revoke,Equity Shares,500000.0,0.0,0.0,0.0,0.0,7405587.0,0.31,7405587.0,0.31
SUNPHARMA,2016-12-09 10:00:00,2016-12-07,2016-12-06,2016-12-06,Immediate relative,Pledge Creation,Pledge,Equity Shares,1000000.0,0.0,0.0,0.0,0.0,7405587.0,0.31,7405587.0,0.31
SUNPHARMA,2016-12-09 11:20:00,2016-12-08,2016-12-06,2016-12-06,Employees/Designated Employees,Market Sale,Sell,Equity Shares,2681.0,0.0,0.0,0.0,0.0,2681.0,0.0,,0.0
SUNPHARMA,2016-12-09 18:12:00,2016-12-07,2016-12-07,2016-12-07,Employees/Designated Employees,Market Sale,Sell,Equity Shares,15000.0,0.0,0.0,0.0,0.0,42650.0,0.0,27650.0,0.0
SUNPHARMA,2016-12-13 09:26:00,2016-12-10,2016-12-09,2016-12-09,Immediate relative,Pledge Creation,Pledge,Equity Shares,4050000.0,0.0,0.0,0.0,0.0,33830352.0,1.41,33830352.0,1.41
SUNPHARMA,2016-12-13 09:26:00,2016-12-10,2016-12-08,2016-12-08,Immediate relative,Revokation of Pledge,Pledge Revoke,Equity Shares,4050000.0,0.0,0.0,0.0,0.0,33830352.0,1.41,33830352.0,1.41
SUNPHARMA,2016-12-13 09:26:00,2016-12-10,2016-12-09,2016-12-09,Immediate relative,Pledge Creation,Pledge,Equity Shares,4050000.0,0.0,0.0,0.0,0.0,33830352.0,1.41,33830352.0,1.41
SUNPHARMA,2016-12-13 09:26:00,2016-12-10,2016-12-08,2016-12-08,Immediate relative,Revokation of Pledge,Pledge Revoke,Equity Shares,4050000.0,0.0,0.0,0.0,0.0,33830352.0,1.41,33830352.0,1.41
SUNPHARMA,2016-12-13 09:27:00,2016-12-10,2016-12-08,2016-12-08,Immediate relative,Revokation of Pledge,Pledge Revoke,Equity Shares,4050000.0,0.0,0.0,0.0,0.0,33830352.0,1.41,33830352.0,1.41
SUNPHARMA,2016-12-13 09:27:00,2016-12-10,2016-12-09,2016-12-09,Immediate relative,Pledge Creation,Pledge,Equity Shares,4050000.0,0.0,0.0,0.0,0.0,33830352.0,1.41,33830352.0,1.41
SUNPHARMA,2016-12-13 09:27:00,2016-12-10,2016-12-09,2016-12-09,Immediate relative,Pledge Creation,Pledge,Equity Shares,4050000.0,0.0,0.0,0.0,0.0,33830352.0,1.41,33830352.0,1.41
SUNPHARMA,2016-12-13 09:27:00,2016-12-10,2016-12-08,2016-12-08,Immediate relative,Revokation of Pledge,Pledge Revoke,Equity Shares,4050000.0,0.0,0.0,0.0,0.0,33830352.0,1.41,33830352.0,1.41
SUNPHARMA,2016-12-13 14:59:00,2016-12-12,2016-12-07,2016-12-07,Employees/Designated Employees,ESOP,Buy,Equity Shares,2040.0,0.0,0.0,0.0,0.0,,0.0,2040.0,0.0
SUNPHARMA,2016-12-19 14:05:00,2016-12-17,2016-12-16,2016-12-16,Immediate relative,Pledge Creation,Pledge,Equity Shares,4050000.0,0.0,0.0,0.0,0.0,33830352.0,1.41,33830352.0,1.41
SUNPHARMA,2016-12-19 14:05:00,2016-12-17,2016-12-15,2016-12-15,Immediate relative,Others,Pledge,Equity Shares,4050000.0,0.0,0.0,0.0,0.0,33830352.0,1.41,33830352.0,1.41
SUNPHARMA,2016-12-19 14:07:00,2016-12-15,2016-12-15,2016-12-15,Immediate relative,Off Market,Pledge,Equity Shares,350000.0,0.0,0.0,0.0,0.0,4592474.0,0.19,4592474.0,0.19
SUNPHARMA,2016-12-19 14:09:00,2016-12-15,2016-12-14,2016-12-14,Immediate relative,Off Market,Pledge,Equity Shares,228000.0,0.0,0.0,0.0,0.0,7405587.0,0.31,7405587.0,0.31
SUNPHARMA,2016-12-19 14:09:00,2016-12-15,2016-12-14,2016-12-14,Immediate relative,Off Market,Pledge,Equity Shares,228000.0,0.0,0.0,0.0,0.0,7405587.0,0.31,7405587.0,0.31
SUNPHARMA,2016-12-23 11:59:00,2016-12-22,2016-12-21,2016-12-21,Immediate relative,Pledge Creation,Pledge,Equity Shares,5405000.0,0.0,0.0,0.0,0.0,33830352.0,1.41,33830352.0,1.41
SUNPHARMA,2016-12-23 11:59:00,2016-12-22,2016-12-20,2016-12-20,Immediate relative,Revokation of Pledge,Pledge Revoke,Equity Shares,5405000.0,0.0,0.0,0.0,0.0,33830352.0,1.41,33830352.0,1.41
SUNPHARMA,2016-12-26 16:38:00,2016-12-26,2016-12-23,2016-12-23,Director,Pledge Creation,Pledge,Equity Shares,400000.0,0.0,0.0,0.0,0.0,14345019.0,0.6,14345019.0,0.6
SUNPHARMA,2017-01-02 12:07:00,2016-12-30,2016-12-29,2016-12-29,Immediate relative,Pledge Creation,Pledge,Equity Shares,6500000.0,0.0,0.0,0.0,0.0,33830352.0,1.41,33830352.0,1.41
SUNPHARMA,2017-01-03 12:23:00,2017-01-03,2016-12-20,2016-12-20,Employees/Designated Employees,Off Market,Sell,Equity Shares,119896.0,0.0,0.0,0.0,0.0,119896.0,0.0,,0.0
SUNPHARMA,2017-01-06 11:06:00,2017-01-05,2016-12-26,2016-12-26,Employees/Designated Employees,Market Sale,Sell,Equity Shares,4500.0,0.0,0.0,0.0,0.0,7500.0,0.0,3000.0,0.0
SUNPHARMA,2017-01-06 11:06:00,2017-01-05,2016-12-30,2016-12-30,Employees/Designated Employees,Market Sale,Sell,Equity Shares,3000.0,0.0,0.0,0.0,0.0,3000.0,0.0,,0.0
SUNPHARMA,2017-01-13 15:21:00,2017-01-12,2017-01-05,2017-01-05,Immediate relative,Pledge Creation,Pledge,Equity Shares,50000.0,0.0,0.0,0.0,0.0,4592474.0,0.19,4592474.0,0.19
SUNPHARMA,2017-01-27 12:49:00,2017-01-24,2017-01-20,2017-01-20,Other,Revokation of Pledge,Pledge Revoke,Equity Shares,500000.0,0.0,0.0,0.0,0.0,4592474.0,0.19,4592474.0,0.19
SUNPHARMA,2017-01-31 15:16:00,2017-01-28,2016-12-17,2016-12-17,Promoter Group,Pledge Creation,Pledge,Equity Shares,195000.0,0.0,0.0,0.0,0.0,1277952.0,0.05,1277952.0,0.05
SUNPHARMA,2017-03-06 15:04:00,2017-03-04,2017-03-02,2017-03-02,Other,Pledge Creation,Pledge,Equity Shares,150000.0,0.0,0.0,0.0,0.0,7405587.0,0.31,7405587.0,0.31
SUNPHARMA,2017-03-06 15:04:00,2017-03-02,2017-02-28,2017-02-28,Other,Revokation of Pledge,Pledge Revoke,Equity Shares,150000.0,0.0,0.0,0.0,0.0,7405587.0,0.31,7405587.0,0.31
SUNPHARMA,2017-03-10 12:51:00,2017-03-08,2017-03-06,2017-03-06,Promoter Group,Revokation of Pledge,Pledge Revoke,Equity Shares,4050000.0,0.0,0.0,0.0,0.0,33830352.0,1.41,33830352.0,1.41
SUNPHARMA,2017-03-10 12:51:00,2017-03-08,2017-03-07,2017-03-07,Promoter Group,Pledge Creation,Pledge,Equity Shares,5116000.0,0.0,0.0,0.0,0.0,33830352.0,1.41,33830352.0,1.41
SUNPHARMA,2017-03-15 15:02:00,2017-03-14,2017-03-10,2017-03-10,Promoter Group,Pledge Creation,Pledge,Equity Shares,4050000.0,0.0,0.0,0.0,0.0,33830352.0,1.41,33830352.0,1.41
SUNPHARMA,2017-03-15 15:02:00,2017-03-14,2017-03-09,2017-03-09,Promoter Group,Revokation of Pledge,Pledge Revoke,Equity Shares,4050000.0,0.0,0.0,0.0,0.0,33830352.0,1.41,33830352.0,1.41
SUNPHARMA,2017-03-15 15:02:00,2017-03-14,2017-03-09,2017-03-09,Promoter Group,Pledge Creation,Pledge,Equity Shares,6100000.0,0.0,0.0,0.0,0.0,33830352.0,1.41,33830352.0,1.41
SUNPHARMA,2017-03-16 19:12:00,2017-03-15,2017-03-14,2017-03-14,Other,Pledge Creation,Pledge,Equity Shares,400000.0,0.0,0.0,0.0,0.0,7405587.0,0.31,7405587.0,0.31
SUNPHARMA,2017-03-16 19:12:00,2017-03-14,2017-03-10,2017-03-10,Other,Revokation of Pledge,Pledge Revoke,Equity Shares,400000.0,0.0,0.0,0.0,0.0,7405587.0,0.31,7405587.0,0.31
SUNPHARMA,2017-03-22 12:26:00,2017-03-20,2017-03-16,2017-03-16,Promoter Group,Revokation of Pledge,Pledge Revoke,Equity Shares,5405000.0,0.0,0.0,0.0,0.0,33830352.0,1.41,33830352.0,1.41
SUNPHARMA,2017-03-22 12:26:00,2017-03-20,2017-03-17,2017-03-17,Promoter Group,Pledge Creation,Pledge,Equity Shares,5400000.0,0.0,0.0,0.0,0.0,33830352.0,1.41,33830352.0,1.41
SUNPHARMA,2017-03-22 12:26:00,2017-03-20,2017-03-18,2017-03-18,Promoter Group,Pledge Creation,Pledge,Equity Shares,2000000.0,0.0,0.0,0.0,0.0,33830352.0,1.41,33830352.0,1.41
SUNPHARMA,2017-03-23 18:36:00,2017-03-22,2017-03-21,2017-03-21,Promoter Group,Pledge Creation,Pledge,Equity Shares,2000000.0,0.0,0.0,0.0,0.0,33830352.0,1.41,33830352.0,1.41
SUNPHARMA,2017-03-23 18:36:00,2017-03-22,2017-03-20,2017-03-20,Promoter Group,Revokation of Pledge,Pledge Revoke,Equity Shares,2000000.0,0.0,0.0,0.0,0.0,33830352.0,1.41,33830352.0,1.41
SUNPHARMA,2017-03-27 14:56:00,2017-03-24,2017-03-22,2017-03-24,Employees/Designated Employees,Market Purchase,Buy,Equity Shares,7250.0,0.0,0.0,0.0,0.0,37000.0,0.0,44250.0,0.0
SUNPHARMA,2017-03-27 15:12:00,2017-03-24,2017-03-22,2017-03-24,Immediate relative,Market Sale,Sell,Equity Shares,3500.0,0.0,0.0,0.0,0.0,3500.0,0.0,,0.0
SUNPHARMA,2017-03-27 15:21:00,2017-03-24,2017-03-22,2017-03-24,Immediate relative,Market Sale,Sell,Equity Shares,3500.0,0.0,0.0,0.0,0.0,3500.0,0.0,,0.0
SUNPHARMA,2017-03-29 11:49:00,2017-03-28,2017-03-28,2017-03-28,Employees/Designated Employees,Market Sale,Sell,Equity Shares,5000.0,0.0,0.0,0.0,0.0,6400.0,0.0,1400.0,0.0
SUNPHARMA,2017-03-30 12:32:00,2017-03-29,2017-03-28,2017-03-28,Immediate relative,Market Sale,Sell,Equity Shares,4683.0,0.0,0.0,0.0,0.0,4683.0,0.0,,0.0
SUNPHARMA,2017-03-30 12:39:00,2017-03-29,2017-03-27,2017-03-27,Immediate relative,Market Sale,Sell,Equity Shares,5000.0,0.0,0.0,0.0,0.0,23000.0,0.0,18000.0,0.0
SUNPHARMA,2017-03-30 12:44:00,2017-03-29,2017-03-27,2017-03-27,Employees/Designated Employees,Market Purchase,Buy,Equity Shares,4750.0,0.0,0.0,0.0,0.0,44250.0,0.0,49000.0,0.0
SUNPHARMA,2017-04-01 11:36:00,2017-03-31,2017-03-29,2017-03-29,Employees/Designated Employees,Market Purchase,Buy,Equity Shares,10500.0,0.0,0.0,0.0,0.0,49000.0,0.0,59500.0,0.0
SUNPHARMA,2017-04-01 11:42:00,2017-03-31,2017-03-29,2017-03-29,Employees/Designated Employees,Market Sale,Sell,Equity Shares,10500.0,0.0,0.0,0.0,0.0,18000.0,0.0,7500.0,0.0
SUNPHARMA,2017-04-01 19:29:00,2017-03-31,2017-03-31,2017-03-31,Employees/Designated Employees,Market Sale,Sell,Equity Shares,2500.0,0.0,0.0,0.0,0.0,24895.0,0.0,22395.0,0.0
SUNPHARMA,2017-04-04 12:03:00,2017-04-03,2017-03-29,2017-03-30,Employees/Designated Employees,Market Sale,Sell,Equity Shares,4400.0,0.0,0.0,0.0,0.0,4400.0,0.0,,0.0
SUNPHARMA,2017-04-04 17:22:00,2017-03-31,2017-03-29,2017-03-29,Immediate relative,Market Sale,Sell,Equity Shares,7000.0,0.0,0.0,0.0,0.0,7000.0,0.0,,0.0
SUNPHARMA,2017-04-04 17:30:00,2017-03-31,2017-03-29,2017-03-29,Employees/Designated Employees,Market Purchase,Buy,Equity Shares,3500.0,0.0,0.0,0.0,0.0,,0.0,3500.0,0.0
SUNPHARMA,2017-04-06 14:52:00,2017-04-03,2017-03-31,2017-03-31,Employees/Designated Employees,Market Sale,Sell,Equity Shares,5000.0,0.0,0.0,0.0,0.0,5000.0,0.0,,0.0
SUNPHARMA,2017-04-07 11:44:00,2017-04-06,2017-04-05,2017-04-05,Employees/Designated Employees,Market Purchase,Buy,Equity Shares,3500.0,0.0,0.0,0.0,0.0,3500.0,0.0,7000.0,0.0
SUNPHARMA,2017-04-07 18:12:00,2017-04-07,2017-03-31,2017-03-31,Immediate relative,Market Sale,Sell,Equity Shares,1700.0,0.0,0.0,0.0,0.0,64700.0,0.0,63000.0,0.0
SUNPHARMA,2017-04-11 17:02:00,2017-04-11,2017-03-28,2017-03-28,Employees/Designated Employees,Market Sale,Sell,Equity Shares,10000.0,0.0,0.0,0.0,0.0,14754.0,0.0,4754.0,0.0
SUNPHARMA,2017-04-12 15:01:00,2017-04-11,2017-04-07,2017-04-07,Other,Revokation of Pledge,Pledge Revoke,Equity Shares,150000.0,0.0,0.0,0.0,0.0,7405587.0,0.31,7405587.0,0.31
SUNPHARMA,2017-04-12 15:01:00,2017-04-11,2017-04-10,2017-04-10,Other,Pledge Creation,Pledge,Equity Shares,150000.0,0.0,0.0,0.0,0.0,7405587.0,0.31,7405587.0,0.31
SUNPHARMA,2017-04-12 15:16:00,2017-04-11,2017-04-07,2017-04-07,Other,Revokation of Pledge,Pledge Revoke,Equity Shares,117000.0,0.0,0.0,0.0,0.0,4592474.0,0.19,4592474.0,0.19
SUNPHARMA,2017-04-17 15:16:00,2017-04-13,2017-04-12,2017-04-12,Other,Pledge Creation,Pledge,Equity Shares,117000.0,0.0,0.0,0.0,0.0,4592474.0,0.19,4592474.0,0.19
SUNPHARMA,2017-04-26 16:04:00,2017-04-25,2017-04-20,2017-04-21,Employees/Designated Employees,Market Purchase,Buy,Equity Shares,2000.0,0.0,0.0,0.0,0.0,,0.0,2000.0,0.0
SUNPHARMA,2017-04-27 16:54:00,2017-04-26,2017-04-24,2017-04-24,Immediate relative,Pledge Creation,Pledge,Equity Shares,300000.0,0.0,0.0,0.0,0.0,33830352.0,1.41,33830352.0,1.41
SUNPHARMA,2017-05-29 12:56:00,2017-05-26,2017-05-24,2017-05-24,Immediate relative,Pledge Creation,Pledge,Equity Shares,425000.0,0.0,0.0,0.0,0.0,33830352.0,1.41,33830352.0,1.41
SUNPHARMA,2017-05-31 15:06:00,2017-05-30,2017-05-26,2017-05-26,Immediate relative,Pledge Creation,Pledge,Equity Shares,500000.0,0.0,0.0,0.0,0.0,33830352.0,1.41,33830352.0,1.41
SUNPHARMA,2017-05-31 15:06:00,2017-05-30,2017-05-29,2017-05-29,Immediate relative,Pledge Creation,Pledge,Equity Shares,1310000.0,0.0,0.0,0.0,0.0,33830352.0,1.41,33830352.0,1.41
SUNPHARMA,2017-05-31 15:06:00,2017-05-30,2017-05-29,2017-05-29,Immediate relative,Pledge Creation,Pledge,Equity Shares,1485000.0,0.0,0.0,0.0,0.0,33830352.0,1.41,33830352.0,1.41
SUNPHARMA,2017-05-31 15:16:00,2017-05-30,2017-05-29,2017-05-29,Promoters,Pledge Creation,Pledge,Equity Shares,6940000.0,0.0,0.0,0.0,0.0,14345019.0,0.6,14345019.0,0.6
SUNPHARMA,2017-05-31 15:16:00,2017-05-30,2017-05-30,2017-05-30,Promoters,Pledge Creation,Pledge,Equity Shares,185000.0,0.0,0.0,0.0,0.0,14345019.0,0.6,14345019.0,0.6
SUNPHARMA,2017-05-31 15:16:00,2017-05-30,2017-05-29,2017-05-29,Promoters,Pledge Creation,Pledge,Equity Shares,730000.0,0.0,0.0,0.0,0.0,14345019.0,0.6,14345019.0,0.6
SUNPHARMA,2017-05-31 15:16:00,2017-05-30,2017-05-29,2017-05-29,Promoters,Pledge Creation,Pledge,Equity Shares,4345000.0,0.0,0.0,0.0,0.0,14345019.0,0.6,14345019.0,0.6
SUNPHARMA,2017-05-31 15:16:00,2017-05-30,2017-05-26,2017-05-26,Promoters,Pledge Creation,Pledge,Equity Shares,750000.0,0.0,0.0,0.0,0.0,14345019.0,0.6,14345019.0,0.6
SUNPHARMA,2017-06-05 15:05:00,2017-06-02,2017-06-01,2017-06-01,Director,Pledge Creation,Pledge,Equity Shares,1670000.0,0.0,0.0,0.0,0.0,14345019.0,0.6,14345019.0,0.6
SUNPHARMA,2017-06-05 15:05:00,2017-06-02,2017-05-31,2017-05-31,Director,Revokation of Pledge,Pledge Revoke,Equity Shares,1670000.0,0.0,0.0,0.0,0.0,14345019.0,0.6,14345019.0,0.6
SUNPHARMA,2017-06-05 15:27:00,2017-06-02,2017-06-01,2017-06-01,Immediate relative,Pledge Creation,Pledge,Equity Shares,5116000.0,0.0,0.0,0.0,0.0,33830352.0,1.41,33830352.0,1.41
SUNPHARMA,2017-06-05 15:27:00,2017-06-02,2017-05-31,2017-05-31,Immediate relative,Revokation of Pledge,Pledge Revoke,Equity Shares,5116000.0,0.0,0.0,0.0,0.0,33830352.0,1.41,33830352.0,1.41
SUNPHARMA,2017-06-07 19:36:00,2017-06-06,2017-05-02,2017-05-25,Employees/Designated Employees,Market Purchase,Buy,Equity Shares,2000.0,0.0,0.0,0.0,0.0,2000.0,0.0,4000.0,0.0
SUNPHARMA,2017-06-08 11:04:00,2017-06-07,2017-06-05,2017-06-05,Immediate relative,Revokation of Pledge,Pledge Revoke,Equity Shares,5360000.0,0.0,0.0,0.0,0.0,33830352.0,1.41,33830352.0,1.41
SUNPHARMA,2017-06-08 11:04:00,2017-06-07,2017-06-06,2017-06-06,Immediate relative,Pledge Creation,Pledge,Equity Shares,5360000.0,0.0,0.0,0.0,0.0,33830352.0,1.41,33830352.0,1.41
SUNPHARMA,2017-06-13 15:31:00,2017-06-09,2017-06-09,2017-06-09,Other,Revokation of Pledge,Pledge Revoke,Equity Shares,80000.0,0.0,0.0,0.0,0.0,4592474.0,0.19,4592474.0,0.19
SUNPHARMA,2017-06-13 15:40:00,2017-06-12,2017-06-09,2017-06-09,Director,Pledge Creation,Pledge,Equity Shares,875000.0,0.0,0.0,0.0,0.0,14345019.0,0.6,14345019.0,0.6
SUNPHARMA,2017-06-13 15:40:00,2017-06-12,2017-06-08,2017-06-08,Director,Revokation of Pledge,Pledge Revoke,Equity Shares,875000.0,0.0,0.0,0.0,0.0,14345019.0,0.6,14345019.0,0.6
SUNPHARMA,2017-06-15 12:54:00,2017-06-14,2017-06-12,2017-06-12,Promoters,Revokation of Pledge,Pledge Revoke,Equity Shares,1750000.0,0.0,0.0,0.0,0.0,14345019.0,0.6,14345019.0,0.6
SUNPHARMA,2017-06-15 12:54:00,2017-06-14,2017-06-13,2017-06-13,Promoters,Pledge Creation,Pledge,Equity Shares,1750000.0,0.0,0.0,0.0,0.0,14345019.0,0.6,14345019.0,0.6
SUNPHARMA,2017-06-15 13:03:00,2017-06-14,2017-06-12,2017-06-12,Promoters,Revokation of Pledge,Pledge Revoke,Equity Shares,5400000.0,0.0,0.0,0.0,0.0,33830352.0,1.41,33830352.0,1.41
SUNPHARMA,2017-06-15 13:03:00,2017-06-14,2017-06-13,2017-06-13,Promoters,Pledge Creation,Pledge,Equity Shares,5400000.0,0.0,0.0,0.0,0.0,33830352.0,1.41,33830352.0,1.41
SUNPHARMA,2017-06-15 14:44:00,2017-06-14,2017-06-12,2017-06-14,Employees/Designated Employees,Market Sale,Sell,Equity Shares,25000.0,0.0,0.0,0.0,0.0,27650.0,0.0,2650.0,0.0
SUNPHARMA,2017-07-10 12:54:00,2017-07-07,2017-07-06,2017-07-06,Director,Pledge Creation,Pledge,Equity Shares,1350000.0,0.0,0.0,0.0,0.0,14345019.0,0.6,14345019.0,0.6
SUNPHARMA,2017-07-10 12:54:00,2017-07-07,2017-07-05,2017-07-05,Director,Revokation of Pledge,Pledge Revoke,Equity Shares,1770000.0,0.0,0.0,0.0,0.0,14345019.0,0.6,14345019.0,0.6
SUNPHARMA,2017-07-10 12:54:00,2017-07-07,2017-07-07,2017-07-07,Director,Pledge Creation,Pledge,Equity Shares,1475000.0,0.0,0.0,0.0,0.0,14345019.0,0.6,14345019.0,0.6
SUNPHARMA,2017-07-10 12:54:00,2017-07-07,2017-07-06,2017-07-06,Director,Revokation of Pledge,Pledge Revoke,Equity Shares,1335000.0,0.0,0.0,0.0,0.0,14345019.0,0.6,14345019.0,0.6
SUNPHARMA,2017-07-18 15:59:00,2017-07-17,2017-05-27,2017-06-02,Director,Pledge Creation,Pledge,Equity Shares,300000.0,0.0,0.0,0.0,0.0,3740747.0,0.156,3740747.0,0.156
SUNPHARMA,2017-07-18 15:59:00,2017-07-17,2017-05-20,2017-05-26,Director,Pledge Creation,Pledge,Equity Shares,50000.0,0.0,0.0,0.0,0.0,3740747.0,0.156,3740747.0,0.156
SUNPHARMA,2017-07-18 15:59:00,2017-07-17,2017-07-08,2017-07-14,Director,Revokation of Pledge,Pledge Revoke,Equity Shares,7825.0,0.0,0.0,0.0,0.0,3740747.0,0.156,3740747.0,0.156
SUNPHARMA,2017-07-18 15:59:00,2017-07-17,2017-07-08,2017-07-14,Director,Revokation of Pledge,Pledge Revoke,Equity Shares,234175.0,0.0,0.0,0.0,0.0,3740747.0,0.156,3740747.0,0.156
SUNPHARMA,2017-07-18 15:59:00,2017-07-17,2017-06-03,2017-06-09,Director,Revokation of Pledge,Pledge Revoke,Equity Shares,1200.0,0.0,0.0,0.0,0.0,3740747.0,0.156,3740747.0,0.156
SUNPHARMA,2017-07-18 15:59:00,2017-07-17,2017-05-13,2017-05-19,Director,Revokation of Pledge,Pledge Revoke,Equity Shares,42175.0,0.0,0.0,0.0,0.0,3740747.0,0.156,3740747.0,0.156
SUNPHARMA,2017-07-18 15:59:00,2017-07-17,2017-05-07,2017-05-12,Director,Pledge Creation,Pledge,Equity Shares,70000.0,0.0,0.0,0.0,0.0,3740747.0,0.156,3740747.0,0.156
SUNPHARMA,2017-07-18 15:59:00,2017-07-17,2017-06-30,2017-07-07,Director,Revokation of Pledge,Pledge Revoke,Equity Shares,2000.0,0.0,0.0,0.0,0.0,3740747.0,0.156,3740747.0,0.156
SUNPHARMA,2017-07-18 15:59:00,2017-07-17,2017-06-10,2017-06-16,Director,Revokation of Pledge,Pledge Revoke,Equity Shares,29000.0,0.0,0.0,0.0,0.0,3740747.0,0.156,3740747.0,0.156
SUNPHARMA,2017-07-18 15:59:00,2017-07-17,2017-06-17,2017-06-23,Director,Pledge Creation,Pledge,Equity Shares,22000.0,0.0,0.0,0.0,0.0,3740747.0,0.156,3740747.0,0.156
SUNPHARMA,2017-07-18 16:25:00,2017-07-17,2017-05-26,2017-06-02,Immediate relative,Pledge Creation,Pledge,Equity Shares,303000.0,0.0,0.0,0.0,0.0,428629.0,0.018,428629.0,0.018
SUNPHARMA,2017-07-18 16:25:00,2017-07-17,2017-06-03,2017-06-09,Immediate relative,Pledge Creation,Pledge,Equity Shares,6500.0,0.0,0.0,0.0,0.0,428629.0,0.018,428629.0,0.018
SUNPHARMA,2017-07-18 16:25:00,2017-07-17,2017-06-30,2017-07-07,Immediate relative,Pledge Creation,Pledge,Equity Shares,22000.0,0.0,0.0,0.0,0.0,428629.0,0.018,428629.0,0.018
SUNPHARMA,2017-07-24 17:51:00,2017-07-21,2017-07-19,2017-07-19,Immediate relative,Revokation of Pledge,Pledge Revoke,Equity Shares,4000000.0,0.0,0.0,0.0,0.0,33830352.0,1.41,33830352.0,1.41
SUNPHARMA,2017-08-03 12:50:00,2017-08-03,2017-08-01,2017-08-01,Immediate relative,Revokation of Pledge,Pledge Revoke,Equity Shares,5360000.0,0.0,0.0,0.0,0.0,33830352.0,1.41,33830352.0,1.41
SUNPHARMA,2017-08-08 12:52:00,2017-08-04,2017-08-03,2017-08-03,Promoters,Revokation of Pledge,Pledge Revoke,Equity Shares,875000.0,0.0,0.0,0.0,0.0,14345019.0,0.6,14345019.0,0.6
SUNPHARMA,2017-08-09 17:09:00,2017-08-08,2017-08-04,2017-08-04,Promoter Group,Revokation of Pledge,Pledge Revoke,Equity Shares,1710000.0,0.0,0.0,0.0,0.0,14345019.0,0.6,14345019.0,0.6
SUNPHARMA,2017-08-09 17:09:00,2017-08-08,2017-08-08,2017-08-08,Promoter Group,Pledge Creation,Pledge,Equity Shares,1710000.0,0.0,0.0,0.0,0.0,14345019.0,0.6,14345019.0,0.6
SUNPHARMA,2017-08-09 17:09:00,2017-08-08,2017-08-08,2017-08-08,Promoter Group,Revokation of Pledge,Pledge Revoke,Equity Shares,1750000.0,0.0,0.0,0.0,0.0,14345019.0,0.6,14345019.0,0.6
SUNPHARMA,2017-08-09 17:17:00,2017-08-09,2017-08-08,2017-08-08,Immediate relative,Revokation of Pledge,Pledge Revoke,Equity Shares,5400000.0,0.0,0.0,0.0,0.0,33830352.0,1.41,33830352.0,1.41
SUNPHARMA,2017-08-17 16:00:00,2017-08-14,2017-08-10,2017-08-10,Immediate relative,Pledge Creation,Pledge,Equity Shares,7150000.0,0.0,0.0,0.0,0.0,33830352.0,1.41,33830352.0,1.41
SUNPHARMA,2017-08-17 16:00:00,2017-08-14,2017-08-10,2017-08-10,Immediate relative,Pledge Creation,Pledge,Equity Shares,1350000.0,0.0,0.0,0.0,0.0,33830352.0,1.41,33830352.0,1.41
SUNPHARMA,2017-08-17 16:00:00,2017-08-14,2017-08-10,2017-08-10,Immediate relative,Pledge Creation,Pledge,Equity Shares,875000.0,0.0,0.0,0.0,0.0,33830352.0,1.41,33830352.0,1.41
SUNPHARMA,2017-08-17 16:00:00,2017-08-14,2017-08-10,2017-08-10,Immediate relative,Pledge Creation,Pledge,Equity Shares,1670000.0,0.0,0.0,0.0,0.0,33830352.0,1.41,33830352.0,1.41
SUNPHARMA,2017-08-17 16:00:00,2017-08-14,2017-08-10,2017-08-10,Immediate relative,Pledge Creation,Pledge,Equity Shares,1710000.0,0.0,0.0,0.0,0.0,33830352.0,1.41,33830352.0,1.41
SUNPHARMA,2017-08-17 16:00:00,2017-08-14,2017-08-10,2017-08-10,Immediate relative,Pledge Creation,Pledge,Equity Shares,1475000.0,0.0,0.0,0.0,0.0,33830352.0,1.41,33830352.0,1.41
SUNPHARMA,2017-08-17 16:00:00,2017-08-14,2017-08-14,2017-08-14,Immediate relative,Revokation of Pledge,Pledge Revoke,Equity Shares,875000.0,0.0,0.0,0.0,0.0,33830352.0,1.41,33830352.0,1.41
SUNPHARMA,2017-08-17 16:35:00,2017-08-16,2017-08-11,2017-08-11,Promoters,Revokation of Pledge,Pledge Revoke,Equity Shares,875000.0,0.0,0.0,0.0,0.0,14345019.0,0.6,14345019.0,0.6
SUNPHARMA,2017-08-17 16:35:00,2017-08-16,2017-08-11,2017-08-11,Promoters,Revokation of Pledge,Pledge Revoke,Equity Shares,1300000.0,0.0,0.0,0.0,0.0,14345019.0,0.6,14345019.0,0.6
SUNPHARMA,2017-08-17 16:35:00,2017-08-16,2017-08-11,2017-08-11,Promoters,Revokation of Pledge,Pledge Revoke,Equity Shares,1350000.0,0.0,0.0,0.0,0.0,14345019.0,0.6,14345019.0,0.6
SUNPHARMA,2017-08-17 16:35:00,2017-08-16,2017-08-11,2017-08-11,Promoters,Revokation of Pledge,Pledge Revoke,Equity Shares,1745000.0,0.0,0.0,0.0,0.0,14345019.0,0.6,14345019.0,0.6
SUNPHARMA,2017-08-17 16:35:00,2017-08-16,2017-08-11,2017-08-11,Promoters,Revokation of Pledge,Pledge Revoke,Equity Shares,1710000.0,0.0,0.0,0.0,0.0,14345019.0,0.6,14345019.0,0.6
SUNPHARMA,2017-08-17 16:35:00,2017-08-16,2017-08-11,2017-08-11,Promoters,Pledge Creation,Pledge,Equity Shares,1200000.0,0.0,0.0,0.0,0.0,14345019.0,0.6,14345019.0,0.6
SUNPHARMA,2017-08-17 16:35:00,2017-08-16,2017-08-11,2017-08-11,Promoters,Pledge Creation,Pledge,Equity Shares,910000.0,0.0,0.0,0.0,0.0,14345019.0,0.6,14345019.0,0.6
SUNPHARMA,2017-08-17 16:35:00,2017-08-16,2017-08-11,2017-08-11,Promoters,Revokation of Pledge,Pledge Revoke,Equity Shares,1670000.0,0.0,0.0,0.0,0.0,14345019.0,0.6,14345019.0,0.6
SUNPHARMA,2017-08-17 16:35:00,2017-08-16,2017-08-11,2017-08-11,Promoters,Pledge Creation,Pledge,Equity Shares,800000.0,0.0,0.0,0.0,0.0,14345019.0,0.6,14345019.0,0.6
SUNPHARMA,2017-08-17 16:35:00,2017-08-16,2017-08-11,2017-08-11,Promoters,Pledge Creation,Pledge,Equity Shares,100000.0,0.0,0.0,0.0,0.0,14345019.0,0.6,14345019.0,0.6
SUNPHARMA,2017-08-18 16:23:00,2017-08-18,2017-08-11,2017-08-11,Director,Pledge Creation,Pledge,Equity Shares,20000.0,0.0,0.0,0.0,0.0,3740747.0,0.156,3740747.0,0.156
SUNPHARMA,2017-08-18 16:23:00,2017-08-18,2017-08-14,2017-08-14,Director,Pledge Creation,Pledge,Equity Shares,185000.0,0.0,0.0,0.0,0.0,3735747.0,0.156,3735747.0,0.156
SUNPHARMA,2017-08-18 16:23:00,2017-08-18,2017-08-11,2017-08-11,Director,Pledge Creation,Pledge,Equity Shares,5000.0,0.0,0.0,0.0,0.0,3740747.0,0.156,3740747.0,0.156
SUNPHARMA,2017-08-18 16:23:00,2017-08-18,2017-08-14,2017-08-14,Director,Pledge Creation,Pledge,Equity Shares,40000.0,0.0,0.0,0.0,0.0,3735747.0,0.156,3735747.0,0.156
SUNPHARMA,2017-08-21 15:09:00,2017-08-18,2017-08-16,2017-08-16,Immediate relative,Pledge Creation,Pledge,Equity Shares,1200000.0,0.0,0.0,0.0,0.0,33830352.0,1.41,33830352.0,1.41
SUNPHARMA,2017-08-21 15:09:00,2017-08-18,2017-08-16,2017-08-16,Immediate relative,Pledge Creation,Pledge,Equity Shares,800000.0,0.0,0.0,0.0,0.0,33830352.0,1.41,33830352.0,1.41
SUNPHARMA,2017-08-23 12:07:00,2017-08-22,2017-08-21,2017-08-21,Director,Revokation of Pledge,Pledge Revoke,Equity Shares,1800000.0,0.0,0.0,0.0,0.0,14345019.0,0.6,14345019.0,0.6
SUNPHARMA,2017-08-23 12:07:00,2017-08-22,2017-08-18,2017-08-18,Director,Revokation of Pledge,Pledge Revoke,Equity Shares,800000.0,0.0,0.0,0.0,0.0,14345019.0,0.6,14345019.0,0.6
SUNPHARMA,2017-08-23 12:07:00,2017-08-22,2017-08-18,2017-08-18,Director,Revokation of Pledge,Pledge Revoke,Equity Shares,100000.0,0.0,0.0,0.0,0.0,14345019.0,0.6,14345019.0,0.6
SUNPHARMA,2017-08-23 12:07:00,2017-08-22,2017-08-18,2017-08-18,Director,Revokation of Pledge,Pledge Revoke,Equity Shares,1200000.0,0.0,0.0,0.0,0.0,14345019.0,0.6,14345019.0,0.6
SUNPHARMA,2017-08-31 14:56:00,2017-08-28,2017-08-23,2017-08-23,Immediate relative,Revokation of Pledge,Pledge Revoke,Equity Shares,6786000.0,0.0,0.0,0.0,0.0,33830352.0,1.41,33830352.0,1.41
SUNPHARMA,2017-08-31 14:56:00,2017-08-28,2017-08-24,2017-08-24,Immediate relative,Pledge Creation,Pledge,Equity Shares,6790000.0,0.0,0.0,0.0,0.0,33830352.0,1.41,33830352.0,1.41
SUNPHARMA,2017-09-14 16:19:00,2017-09-13,2017-09-11,2017-09-11,Promoter Group,Revokation of Pledge,Pledge Revoke,Equity Shares,10000.0,0.0,0.0,0.0,0.0,14345019.0,0.6,14345019.0,0.6
SUNPHARMA,2017-09-27 15:42:00,2017-09-25,2017-09-21,2017-09-21,Promoters,Revokation of Pledge,Pledge Revoke,Equity Shares,1175000.0,0.0,0.0,0.0,0.0,14345019.0,0.6,14345019.0,0.6
SUNPHARMA,2017-10-03 17:20:00,2017-09-29,2017-09-29,2017-09-29,Immediate relative,Pledge Creation,Pledge,Equity Shares,1350000.0,0.0,0.0,0.0,0.0,33830352.0,1.41,33830352.0,1.41
SUNPHARMA,2017-10-03 17:20:00,2017-09-29,2017-09-28,2017-09-28,Immediate relative,Pledge Creation,Pledge,Equity Shares,2215000.0,0.0,0.0,0.0,0.0,33830352.0,1.41,33830352.0,1.41
SUNPHARMA,2017-10-03 17:20:00,2017-09-29,2017-09-28,2017-09-28,Immediate relative,Revokation of Pledge,Pledge Revoke,Equity Shares,1350000.0,0.0,0.0,0.0,0.0,33830352.0,1.41,33830352.0,1.41
SUNPHARMA,2017-10-03 17:20:00,2017-09-29,2017-09-27,2017-09-27,Immediate relative,Revokation of Pledge,Pledge Revoke,Equity Shares,2275000.0,0.0,0.0,0.0,0.0,33830352.0,1.41,33830352.0,1.41
SUNPHARMA,2017-10-23 15:13:00,2017-10-18,2017-10-10,2017-10-10,Immediate relative,Off Market,Pledge,Equity Shares,840.0,0.0,0.0,0.0,0.0,7405587.0,0.31,7405587.0,0.31
SUNPHARMA,2017-10-23 15:13:00,2017-10-18,2017-10-16,2017-10-16,Immediate relative,Off Market,Pledge,Equity Shares,7480.0,0.0,0.0,0.0,0.0,7405587.0,0.31,7405587.0,0.31
SUNPHARMA,2017-10-23 15:13:00,2017-10-18,2017-10-11,2017-10-11,Immediate relative,Off Market,Pledge,Equity Shares,2950.0,0.0,0.0,0.0,0.0,7405587.0,0.31,7405587.0,0.31
SUNPHARMA,2017-11-06 17:28:00,2017-11-06,2017-11-03,2017-11-03,Immediate relative,Revokation of Pledge,Pledge Revoke,Equity Shares,7150000.0,0.0,0.0,0.0,0.0,33830352.0,1.41,33830352.0,1.41
SUNPHARMA,2017-11-06 17:28:00,2017-11-06,2017-11-02,2017-11-02,Immediate relative,Revokation of Pledge,Pledge Revoke,Equity Shares,1710000.0,0.0,0.0,0.0,0.0,33830352.0,1.41,33830352.0,1.41
SUNPHARMA,2017-11-06 17:28:00,2017-11-06,2017-11-03,2017-11-03,Immediate relative,Pledge Creation,Pledge,Equity Shares,1710000.0,0.0,0.0,0.0,0.0,33830352.0,1.41,33830352.0,1.41
SUNPHARMA,2017-11-15 14:47:00,2017-11-15,2017-11-13,2017-11-13,Immediate relative,Pledge Creation,Pledge,Equity Shares,7150000.0,0.0,0.0,0.0,0.0,33830352.0,1.41,33830352.0,1.41
SUNPHARMA,2017-11-22 15:51:00,2017-11-21,2017-11-17,2017-11-17,Immediate relative,Revokation of Pledge,Pledge Revoke,Equity Shares,6790000.0,0.0,0.0,0.0,0.0,33830352.0,1.41,33830352.0,1.41
SUNPHARMA,2017-11-22 15:51:00,2017-11-21,2017-11-20,2017-11-20,Immediate relative,Pledge Creation,Pledge,Equity Shares,6790000.0,0.0,0.0,0.0,0.0,33830352.0,1.41,33830352.0,1.41
SUNPHARMA,2017-11-30 14:55:00,2017-11-29,2017-11-27,2017-11-27,Promoter Group,Off Market,Pledge Revoke,Equity Shares,10000000.0,0.0,0.0,0.0,0.0,96851821.0,4.03,96851821.0,4.03
SUNPHARMA,2017-12-08 16:50:00,2017-12-08,2017-11-30,2017-11-30,Employees/Designated Employees,Market Sale,Sell,Equity Shares,2000.0,0.0,0.0,0.0,0.0,63000.0,0.0,61000.0,0.0
SUNPHARMA,2017-12-15 15:50:00,2017-12-15,2017-11-10,2017-11-10,Immediate relative,Revokation of Pledge,Pledge Revoke,Equity Shares,150000.0,0.0,0.0,0.0,0.0,150000.0,0.0,150000.0,0.0
SUNPHARMA,2017-12-15 15:58:00,2017-12-15,2017-11-17,2017-11-17,Immediate relative,Revokation of Pledge,Pledge Revoke,Equity Shares,184000.0,0.0,0.0,0.0,0.0,184000.0,0.0,184000.0,0.0
SUNPHARMA,2017-12-28 10:42:00,2017-12-26,2017-12-21,2017-12-21,Immediate relative,Revokation of Pledge,Pledge Revoke,Equity Shares,2215000.0,0.0,0.0,0.0,0.0,33830352.0,1.41,33830352.0,1.41
SUNPHARMA,2017-12-28 10:42:00,2017-12-26,2017-12-21,2017-12-21,Immediate relative,Revokation of Pledge,Pledge Revoke,Equity Shares,1815000.0,0.0,0.0,0.0,0.0,33830352.0,1.41,33830352.0,1.41
SUNPHARMA,2017-12-28 10:42:00,2017-12-26,2017-12-26,2017-12-26,Immediate relative,Pledge Creation,Pledge,Equity Shares,1350000.0,0.0,0.0,0.0,0.0,33830352.0,1.41,33830352.0,1.41
SUNPHARMA,2017-12-28 10:42:00,2017-12-26,2017-12-26,2017-12-26,Immediate relative,Revokation of Pledge,Pledge Revoke,Equity Shares,1350000.0,0.0,0.0,0.0,0.0,33830352.0,1.41,33830352.0,1.41
SUNPHARMA,2017-12-28 10:42:00,2017-12-26,2017-12-22,2017-12-22,Immediate relative,Pledge Creation,Pledge,Equity Shares,2215000.0,0.0,0.0,0.0,0.0,33830352.0,1.41,33830352.0,1.41
SUNPHARMA,2018-01-04 12:56:00,2018-01-02,2017-11-17,2017-11-17,Employees/Designated Employees,Market Purchase,Buy,Equity Shares,1000.0,0.0,0.0,0.0,0.0,4500.0,0.0,5500.0,0.0
SUNPHARMA,2018-01-04 12:56:00,2018-01-02,2017-12-20,2017-12-20,Employees/Designated Employees,Market Purchase,Buy,Equity Shares,1000.0,0.0,0.0,0.0,0.0,5500.0,0.0,6500.0,0.0
SUNPHARMA,2018-01-11 17:35:00,2018-01-11,2018-01-09,2018-01-09,Immediate relative,Revokation of Pledge,Pledge Revoke,Equity Shares,2500000.0,0.0,0.0,0.0,0.0,33830352.0,1.41,33830352.0,1.41
SUNPHARMA,2018-01-31 14:20:00,2018-01-30,2018-01-25,2018-01-25,Immediate relative,Market Sale,Sell,Equity Shares,161730.0,0.0,0.0,0.0,0.0,3857474.0,0.16,3695744.0,0.15
SUNPHARMA,2018-01-31 14:20:00,2018-01-30,2018-01-24,2018-01-24,Immediate relative,Market Sale,Sell,Equity Shares,735000.0,0.0,0.0,0.0,0.0,4592474.0,0.19,3857474.0,0.16
SUNPHARMA,2018-01-31 14:20:00,2018-01-30,2018-01-30,2018-01-30,Immediate relative,Market Sale,Sell,Equity Shares,323939.0,0.0,0.0,0.0,0.0,3695744.0,0.15,3371805.0,0.14
SUNPHARMA,2018-02-01 12:44:00,2018-01-31,2018-01-29,2018-01-29,Immediate relative,Revokation of Pledge,Pledge Revoke,Equity Shares,1710000.0,0.0,0.0,0.0,0.0,33830352.0,1.41,33830352.0,1.41
SUNPHARMA,2018-02-05 15:02:00,2018-02-01,2018-01-31,2018-01-31,Employees/Designated Employees,Market Purchase,Buy,Equity Shares,1800.0,0.0,0.0,0.0,0.0,2100.0,0.0,3900.0,0.0
SUNPHARMA,2018-02-05 15:25:00,2018-02-02,2018-01-31,2018-01-31,Immediate relative,Market Sale,Sell,Equity Shares,100.0,0.0,0.0,0.0,0.0,7397587.0,0.31,7397487.0,0.31
SUNPHARMA,2018-02-05 15:25:00,2018-02-02,2018-02-01,2018-02-01,Immediate relative,Market Sale,Sell,Equity Shares,1079855.0,0.0,0.0,0.0,0.0,7397487.0,0.31,6317632.0,0.26
SUNPHARMA,2018-02-05 15:25:00,2018-02-02,2018-01-30,2018-01-30,Immediate relative,Market Sale,Sell,Equity Shares,8000.0,0.0,0.0,0.0,0.0,7405587.0,0.31,7397587.0,0.31
SUNPHARMA,2018-02-05 16:10:00,2018-02-02,2018-02-01,2018-02-01,Immediate relative,Revokation of Pledge,Pledge Revoke,Equity Shares,871065.0,0.0,0.0,0.0,0.0,7405587.0,0.31,7405587.0,0.31
SUNPHARMA,2018-02-05 16:10:00,2018-02-02,2018-02-01,2018-02-01,Immediate relative,Revokation of Pledge,Pledge Revoke,Equity Shares,208790.0,0.0,0.0,0.0,0.0,7405587.0,0.31,7405587.0,0.31
SUNPHARMA,2018-02-05 16:10:00,2018-02-02,2018-01-31,2018-01-31,Immediate relative,Revokation of Pledge,Pledge Revoke,Equity Shares,100.0,0.0,0.0,0.0,0.0,7405587.0,0.31,7405587.0,0.31
SUNPHARMA,2018-02-05 16:10:00,2018-02-02,2018-01-30,2018-01-30,Immediate relative,Revokation of Pledge,Pledge Revoke,Equity Shares,8000.0,0.0,0.0,0.0,0.0,7405587.0,0.31,7405587.0,0.31
SUNPHARMA,2018-02-05 16:20:00,2018-02-02,2018-01-22,2018-01-22,Immediate relative,Revokation of Pledge,Pledge Revoke,Equity Shares,36500.0,0.0,0.0,0.0,0.0,4592474.0,0.19,4592474.0,0.19
SUNPHARMA,2018-02-05 16:20:00,2018-02-02,2018-01-30,2018-01-30,Immediate relative,Revokation of Pledge,Pledge Revoke,Equity Shares,203000.0,0.0,0.0,0.0,0.0,4592474.0,0.19,4592474.0,0.19
SUNPHARMA,2018-02-08 14:28:00,2018-02-07,2018-02-06,2018-02-06,Immediate relative,Revokation of Pledge,Pledge Revoke,Equity Shares,7150000.0,0.0,0.0,0.0,0.0,33830352.0,1.41,33830352.0,1.41
SUNPHARMA,2018-02-15 10:43:00,2018-02-13,2018-02-09,2018-02-09,Immediate relative,Pledge Creation,Pledge,Equity Shares,6200000.0,0.0,0.0,0.0,0.0,33830352.0,1.41,33830352.0,1.41
SUNPHARMA,2018-02-15 10:43:00,2018-02-13,2018-02-12,2018-02-12,Immediate relative,Revokation of Pledge,Pledge Revoke,Equity Shares,6790000.0,0.0,0.0,0.0,0.0,33830352.0,1.41,33830352.0,1.41
SUNPHARMA,2018-02-15 15:48:00,2018-02-15,2018-02-14,2018-02-14,Immediate relative,Pledge Creation,Pledge,Equity Shares,5800000.0,0.0,0.0,0.0,0.0,33830352.0,1.41,33830352.0,1.41
SUNPHARMA,2018-02-22 12:13:00,2018-02-21,2018-02-19,2018-02-19,Immediate relative,Market Sale,Sell,Equity Shares,24200.0,0.0,0.0,0.0,0.0,6317632.0,0.26,6293432.0,0.26
SUNPHARMA,2018-02-22 12:13:00,2018-02-21,2018-02-19,2018-02-19,Immediate relative,Revokation of Pledge,Pledge Revoke,Equity Shares,24200.0,0.0,0.0,0.0,0.0,6317632.0,0.26,6317632.0,0.26
SUNPHARMA,2018-03-01 12:03:00,2018-02-28,2018-02-23,2018-02-23,Immediate relative,Revokation of Pledge,Pledge Revoke,Equity Shares,400000.0,0.0,0.0,0.0,0.0,6293432.0,0.26,6293432.0,0.26
SUNPHARMA,2018-03-01 12:03:00,2018-02-28,2018-02-23,2018-02-23,Immediate relative,Market Sale,Sell,Equity Shares,400000.0,0.0,0.0,0.0,0.0,6293432.0,0.26,5893432.0,0.25
SUNPHARMA,2018-03-01 12:03:00,2018-02-28,2018-02-26,2018-02-26,Immediate relative,Market Sale,Sell,Equity Shares,80000.0,0.0,0.0,0.0,0.0,5893432.0,0.25,5813432.0,0.24
SUNPHARMA,2018-03-01 12:03:00,2018-02-28,2018-02-26,2018-02-26,Immediate relative,Revokation of Pledge,Pledge Revoke,Equity Shares,80000.0,0.0,0.0,0.0,0.0,5893432.0,0.25,5893432.0,0.25
SUNPHARMA,2018-03-07 18:30:00,2018-03-05,2018-03-05,2018-03-05,Employees/Designated Employees,ESOP,Buy,Equity Shares,1800.0,0.0,0.0,0.0,0.0,2224.0,0.0,4024.0,0.0
SUNPHARMA,2018-03-09 11:42:00,2018-03-08,2018-03-05,2018-03-05,Immediate relative,Market Sale,Sell,Equity Shares,20000.0,0.0,0.0,0.0,0.0,5813432.0,0.24,5793432.0,0.02
SUNPHARMA,2018-03-09 11:42:00,2018-03-08,2018-03-05,2018-03-05,Immediate relative,Revokation of Pledge,Pledge Revoke,Equity Shares,20000.0,0.0,0.0,0.0,0.0,5813432.0,0.24,5813432.0,0.24
SUNPHARMA,2018-03-10 12:16:00,2018-03-09,2018-03-08,2018-03-08,Immediate relative,Pledge Creation,Pledge,Equity Shares,1350000.0,0.0,0.0,0.0,0.0,33830352.0,1.41,33830352.0,1.41
SUNPHARMA,2018-03-10 12:16:00,2018-03-09,2018-03-07,2018-03-07,Immediate relative,Revokation of Pledge,Pledge Revoke,Equity Shares,1350000.0,0.0,0.0,0.0,0.0,33830352.0,1.41,33830352.0,1.41
SUNPHARMA,2018-03-15 17:20:00,2018-03-14,2018-03-05,2018-03-05,Employees/Designated Employees,ESOP,Buy,Equity Shares,2700.0,0.0,0.0,0.0,0.0,,0.0,2700.0,0.0
SUNPHARMA,2018-03-15 18:48:00,2018-03-14,2018-03-13,2018-03-13,Immediate relative,Pledge Creation,Pledge,Equity Shares,625000.0,0.0,0.0,0.0,0.0,33830352.0,1.41,33830352.0,1.41
SUNPHARMA,2018-03-15 18:48:00,2018-03-14,2018-03-13,2018-03-13,Immediate relative,Pledge Creation,Pledge,Equity Shares,800000.0,0.0,0.0,0.0,0.0,33830352.0,1.41,33830352.0,1.41
SUNPHARMA,2018-03-15 18:48:00,2018-03-14,2018-03-13,2018-03-13,Immediate relative,Pledge Creation,Pledge,Equity Shares,675000.0,0.0,0.0,0.0,0.0,33830352.0,1.41,33830352.0,1.41
SUNPHARMA,2018-03-15 18:48:00,2018-03-14,2018-03-13,2018-03-13,Immediate relative,Pledge Creation,Pledge,Equity Shares,550000.0,0.0,0.0,0.0,0.0,33830352.0,1.41,33830352.0,1.41
SUNPHARMA,2018-03-15 18:48:00,2018-03-14,2018-03-13,2018-03-13,Immediate relative,Pledge Creation,Pledge,Equity Shares,650000.0,0.0,0.0,0.0,0.0,33830352.0,1.41,33830352.0,1.41
SUNPHARMA,2018-03-15 18:48:00,2018-03-14,2018-03-14,2018-03-14,Immediate relative,Revokation of Pledge,Pledge Revoke,Equity Shares,650000.0,0.0,0.0,0.0,0.0,33830352.0,1.41,33830352.0,1.41
SUNPHARMA,2018-03-15 18:48:00,2018-03-14,2018-03-12,2018-03-12,Immediate relative,Revokation of Pledge,Pledge Revoke,Equity Shares,2215000.0,0.0,0.0,0.0,0.0,33830352.0,1.41,33830352.0,1.41
SUNPHARMA,2018-03-15 18:48:00,2018-03-14,2018-03-13,2018-03-13,Immediate relative,Pledge Creation,Pledge,Equity Shares,675000.0,0.0,0.0,0.0,0.0,33830352.0,1.41,33830352.0,1.41
SUNPHARMA,2018-03-15 18:48:00,2018-03-14,2018-03-14,2018-03-14,Immediate relative,Pledge Creation,Pledge,Equity Shares,6500000.0,0.0,0.0,0.0,0.0,33830352.0,1.41,33830352.0,1.41
SUNPHARMA,2018-03-15 18:48:00,2018-03-14,2018-03-13,2018-03-13,Immediate relative,Pledge Creation,Pledge,Equity Shares,2600000.0,0.0,0.0,0.0,0.0,33830352.0,1.41,33830352.0,1.41
SUNPHARMA,2018-03-15 18:48:00,2018-03-14,2018-03-13,2018-03-13,Immediate relative,Revokation of Pledge,Pledge Revoke,Equity Shares,6200000.0,0.0,0.0,0.0,0.0,33830352.0,1.41,33830352.0,1.41
SUNPHARMA,2018-03-17 12:23:00,2018-03-16,2018-03-16,2018-03-16,Immediate relative,Market Purchase,Buy,Equity Shares,15000.0,0.0,0.0,0.0,0.0,131960.0,0.01,146960.0,0.01
SUNPHARMA,2018-03-17 12:23:00,2018-03-16,2018-03-15,2018-03-15,Immediate relative,Market Purchase,Buy,Equity Shares,5000.0,0.0,0.0,0.0,0.0,126960.0,0.01,131960.0,0.01
SUNPHARMA,2018-03-21 16:01:00,2018-03-20,2018-03-19,2018-03-19,Immediate relative,Pledge Creation,Pledge,Equity Shares,6100000.0,0.0,0.0,0.0,0.0,33830352.0,1.41,33830352.0,1.41
SUNPHARMA,2018-03-21 16:01:00,2018-03-20,2018-03-16,2018-03-16,Immediate relative,Revokation of Pledge,Pledge Revoke,Equity Shares,6475000.0,0.0,0.0,0.0,0.0,33830352.0,1.41,33830352.0,1.41
SUNPHARMA,2018-03-21 16:01:00,2018-03-20,2018-03-16,2018-03-16,Immediate relative,Pledge Creation,Pledge,Equity Shares,1200000.0,0.0,0.0,0.0,0.0,33830352.0,1.41,33830352.0,1.41
SUNPHARMA,2018-03-29 17:54:00,2018-03-29,2018-03-28,2018-03-28,Immediate relative,Market Sale,Sell,Equity Shares,765445.0,0.0,0.0,0.0,0.0,4787532.0,0.2,4022087.0,0.17
SUNPHARMA,2018-03-29 17:54:00,2018-03-29,2018-03-28,2018-03-28,Immediate relative,Revokation of Pledge,Pledge Revoke,Equity Shares,765445.0,0.0,0.0,0.0,0.0,4787532.0,0.2,4787532.0,0.2
SUNPHARMA,2018-03-29 17:54:00,2018-03-29,2018-03-28,2018-03-28,Immediate relative,Market Sale,Sell,Equity Shares,79355.0,0.0,0.0,0.0,0.0,4022087.0,0.17,3942732.0,0.16
SUNPHARMA,2018-03-29 17:54:00,2018-03-29,2018-03-28,2018-03-28,Immediate relative,Revokation of Pledge,Pledge Revoke,Equity Shares,79355.0,0.0,0.0,0.0,0.0,4022087.0,0.17,4022087.0,0.17
SUNPHARMA,2018-03-29 17:54:00,2018-03-29,2018-03-27,2018-03-27,Immediate relative,Market Sale,Sell,Equity Shares,400400.0,0.0,0.0,0.0,0.0,5187932.0,0.22,4787532.0,0.2
SUNPHARMA,2018-03-29 17:54:00,2018-03-29,2018-03-27,2018-03-27,Immediate relative,Revokation of Pledge,Pledge Revoke,Equity Shares,400400.0,0.0,0.0,0.0,0.0,5187932.0,0.22,5187932.0,0.22
SUNPHARMA,2018-03-29 17:54:00,2018-03-29,2018-03-26,2018-03-26,Immediate relative,Market Sale,Sell,Equity Shares,244900.0,0.0,0.0,0.0,0.0,5432832.0,0.23,5187932.0,0.22
SUNPHARMA,2018-03-29 17:54:00,2018-03-29,2018-03-26,2018-03-26,Immediate relative,Revokation of Pledge,Pledge Revoke,Equity Shares,244900.0,0.0,0.0,0.0,0.0,5432832.0,0.23,5432832.0,0.23
SUNPHARMA,2018-03-29 17:54:00,2018-03-29,2018-03-26,2018-03-26,Immediate relative,Market Sale,Sell,Equity Shares,25000.0,0.0,0.0,0.0,0.0,5457832.0,0.23,5432832.0,0.23
SUNPHARMA,2018-03-29 17:54:00,2018-03-29,2018-03-26,2018-03-26,Immediate relative,Revokation of Pledge,Pledge Revoke,Equity Shares,25000.0,0.0,0.0,0.0,0.0,5457832.0,0.23,5457832.0,0.23
SUNPHARMA,2018-03-29 17:54:00,2018-03-29,2018-03-23,2018-03-23,Immediate relative,Market Sale,Sell,Equity Shares,325600.0,0.0,0.0,0.0,0.0,5783432.0,0.24,5457832.0,0.23
SUNPHARMA,2018-03-29 17:54:00,2018-03-29,2018-03-23,2018-03-23,Immediate relative,Revokation of Pledge,Pledge Revoke,Equity Shares,325600.0,0.0,0.0,0.0,0.0,5783432.0,0.24,5783432.0,0.24
SUNPHARMA,2018-03-29 17:54:00,2018-03-29,2018-03-22,2018-03-22,Immediate relative,Market Sale,Sell,Equity Shares,10000.0,0.0,0.0,0.0,0.0,5793432.0,0.24,5783432.0,0.24
SUNPHARMA,2018-03-29 17:54:00,2018-03-29,2018-03-22,2018-03-22,Immediate relative,Revokation of Pledge,Pledge Revoke,Equity Shares,10000.0,0.0,0.0,0.0,0.0,5793432.0,0.24,5793432.0,0.24
SUNPHARMA,2018-04-26 11:19:00,2018-04-25,2018-04-23,2018-04-23,Director,Revokation of Pledge,Pledge Revoke,Equity Shares,4650.0,0.0,0.0,0.0,0.0,3516960.0,0.15,3516960.0,0.15
SUNPHARMA,2018-05-18 17:44:00,2018-05-17,2018-05-15,2018-05-15,Immediate relative,Pledge Creation,Pledge,Equity Shares,455000.0,0.0,0.0,0.0,0.0,33830352.0,1.41,33830352.0,1.41
SUNPHARMA,2018-05-18 17:44:00,2018-05-17,2018-05-15,2018-05-15,Immediate relative,Pledge Creation,Pledge,Equity Shares,870000.0,0.0,0.0,0.0,0.0,33830352.0,1.41,33830352.0,1.41
SUNPHARMA,2018-05-18 17:44:00,2018-05-17,2018-05-15,2018-05-15,Immediate relative,Pledge Creation,Pledge,Equity Shares,980000.0,0.0,0.0,0.0,0.0,33830352.0,1.41,33830352.0,1.41
SUNPHARMA,2018-05-18 17:44:00,2018-05-17,2018-05-15,2018-05-15,Immediate relative,Pledge Creation,Pledge,Equity Shares,820000.0,0.0,0.0,0.0,0.0,33830352.0,1.41,33830352.0,1.41
SUNPHARMA,2018-05-18 17:56:00,2018-05-17,2018-05-15,2018-05-15,Promoter Group,Pledge Creation,Pledge,Equity Shares,12804842.0,0.0,0.0,0.0,0.0,182437880.0,7.6,182437880.0,7.6
SUNPHARMA,2018-05-18 17:56:00,2018-05-17,2018-05-15,2018-05-15,Promoter Group,Pledge Creation,Pledge,Equity Shares,18195158.0,0.0,0.0,0.0,0.0,182437880.0,7.6,182437880.0,7.6
SUNPHARMA,2018-05-29 15:01:00,2018-05-25,2018-05-24,2018-05-24,Immediate relative,Revokation of Pledge,Pledge Revoke,Equity Shares,625000.0,0.0,0.0,0.0,0.0,33830352.0,1.41,33830352.0,1.41
SUNPHARMA,2018-05-29 15:01:00,2018-05-25,2018-05-24,2018-05-24,Immediate relative,Pledge Creation,Pledge,Equity Shares,685000.0,0.0,0.0,0.0,0.0,33830352.0,1.41,33830352.0,1.41
SUNPHARMA,2018-05-29 15:01:00,2018-05-25,2018-05-23,2018-05-23,Immediate relative,Revokation of Pledge,Pledge Revoke,Equity Shares,7480000.0,0.0,0.0,0.0,0.0,33830352.0,1.41,33830352.0,1.41
SUNPHARMA,2018-05-29 15:01:00,2018-05-25,2018-05-24,2018-05-24,Immediate relative,Pledge Creation,Pledge,Equity Shares,7480000.0,0.0,0.0,0.0,0.0,33830352.0,1.41,33830352.0,1.41
SUNPHARMA,2018-05-30 14:34:00,2018-05-29,2018-05-28,2018-05-28,Immediate relative,Revokation of Pledge,Pledge Revoke,Equity Shares,550000.0,0.0,0.0,0.0,0.0,33830352.0,1.41,33830352.0,1.41
SUNPHARMA,2018-06-05 14:58:00,2018-06-01,2018-05-30,2018-05-30,Immediate relative,Revokation of Pledge,Pledge Revoke,Equity Shares,2025000.0,0.0,0.0,0.0,0.0,33830352.0,1.41,33830352.0,1.41
SUNPHARMA,2018-06-05 14:58:00,2018-06-01,2018-06-01,2018-06-01,Immediate relative,Pledge Creation,Pledge,Equity Shares,2400000.0,0.0,0.0,0.0,0.0,33830352.0,1.41,33830352.0,1.41
SUNPHARMA,2018-06-07 17:46:00,2018-06-06,2018-06-06,2018-06-06,Immediate relative,Revokation of Pledge,Pledge Revoke,Equity Shares,2600000.0,0.0,0.0,0.0,0.0,33830352.0,1.41,33830352.0,1.41
SUNPHARMA,2018-06-07 17:46:00,2018-06-06,2018-06-04,2018-06-04,Immediate relative,Revokation of Pledge,Pledge Revoke,Equity Shares,455000.0,0.0,0.0,0.0,0.0,33830352.0,1.41,33830352.0,1.41
SUNPHARMA,2018-06-12 16:04:00,2018-06-11,2018-06-07,2018-06-07,Immediate relative,Pledge Creation,Pledge,Equity Shares,3125000.0,0.0,0.0,0.0,0.0,33830352.0,1.41,33830352.0,1.41
SUNPHARMA,2018-06-12 16:04:00,2018-06-11,2018-06-11,2018-06-11,Immediate relative,Pledge Creation,Pledge,Equity Shares,2070000.0,0.0,0.0,0.0,0.0,33830352.0,1.41,33830352.0,1.41
SUNPHARMA,2018-06-12 16:04:00,2018-06-11,2018-06-08,2018-06-08,Immediate relative,Revokation of Pledge,Pledge Revoke,Equity Shares,2070000.0,0.0,0.0,0.0,0.0,33830352.0,1.41,33830352.0,1.41
SUNPHARMA,2018-06-14 16:15:00,2018-06-13,2018-06-12,2018-06-12,Immediate relative,Revokation of Pledge,Pledge Revoke,Equity Shares,6920000.0,0.0,0.0,0.0,0.0,33830352.0,1.41,33830352.0,1.41
SUNPHARMA,2018-06-14 16:15:00,2018-06-13,2018-06-12,2018-06-12,Immediate relative,Pledge Creation,Pledge,Equity Shares,6750000.0,0.0,0.0,0.0,0.0,33830352.0,1.41,33830352.0,1.41
SUNPHARMA,2018-06-25 11:21:00,2018-06-21,2018-06-19,2018-06-19,Immediate relative,Revokation of Pledge,Pledge Revoke,Equity Shares,10000.0,0.0,0.0,0.0,0.0,3361805.0,0.14,3361805.0,0.14
SUNPHARMA,2018-06-25 11:21:00,2018-06-21,2018-06-18,2018-06-18,Immediate relative,Revokation of Pledge,Pledge Revoke,Equity Shares,10000.0,0.0,0.0,0.0,0.0,3371805.0,0.14,3371805.0,0.14
SUNPHARMA,2018-06-25 11:21:00,2018-06-21,2018-06-18,2018-06-18,Immediate relative,Market Sale,Sell,Equity Shares,10000.0,0.0,0.0,0.0,0.0,3371805.0,0.14,3361805.0,0.14
SUNPHARMA,2018-06-28 14:41:00,2018-06-27,2018-06-25,2018-06-25,Immediate relative,Market Sale,Sell,Equity Shares,10000.0,0.0,0.0,0.0,0.0,3361805.0,0.14,3351805.0,0.14
SUNPHARMA,2018-06-28 14:41:00,2018-06-27,2018-06-25,2018-06-25,Immediate relative,Revokation of Pledge,Pledge Revoke,Equity Shares,10000.0,0.0,0.0,0.0,0.0,3361805.0,0.14,3361805.0,0.14
SUNPHARMA,2018-07-03 13:23:00,2018-07-02,2018-06-28,2018-06-28,Promoter Group,Revokation of Pledge,Pledge Revoke,Equity Shares,18195158.0,0.0,0.0,0.0,0.0,182437880.0,7.6,182437880.0,7.6
SUNPHARMA,2018-07-03 13:23:00,2018-07-02,2018-06-28,2018-06-28,Promoter Group,Revokation of Pledge,Pledge Revoke,Equity Shares,12804842.0,0.0,0.0,0.0,0.0,182437880.0,7.6,182437880.0,7.6
SUNPHARMA,2018-07-06 11:45:00,2018-07-04,2018-07-02,2018-07-02,Promoter Group,Pledge Creation,Pledge,Equity Shares,27700000.0,0.0,0.0,0.0,0.0,182437880.0,7.6,182437880.0,7.6
SUNPHARMA,2018-07-26 13:02:00,2018-07-25,2018-07-23,2018-07-23,Immediate relative,Revokation of Pledge,Pledge Revoke,Equity Shares,25000.0,0.0,0.0,0.0,0.0,3351805.0,0.14,3351805.0,0.14
SUNPHARMA,2018-07-26 13:02:00,2018-07-25,2018-07-25,2018-07-25,Immediate relative,Market Sale,Sell,Equity Shares,100000.0,0.0,0.0,0.0,0.0,3226805.0,0.14,3126805.0,0.14
SUNPHARMA,2018-07-26 13:02:00,2018-07-25,2018-07-25,2018-07-25,Immediate relative,Revokation of Pledge,Pledge Revoke,Equity Shares,100000.0,0.0,0.0,0.0,0.0,3226805.0,0.14,3226805.0,0.14
SUNPHARMA,2018-07-26 13:02:00,2018-07-25,2018-07-24,2018-07-24,Immediate relative,Market Sale,Sell,Equity Shares,100000.0,0.0,0.0,0.0,0.0,3326805.0,0.14,3226805.0,0.14
SUNPHARMA,2018-07-26 13:02:00,2018-07-25,2018-07-24,2018-07-24,Immediate relative,Revokation of Pledge,Pledge Revoke,Equity Shares,100000.0,0.0,0.0,0.0,0.0,3326805.0,0.14,3326805.0,0.14
SUNPHARMA,2018-07-26 13:02:00,2018-07-25,2018-07-23,2018-07-23,Immediate relative,Market Sale,Sell,Equity Shares,25000.0,0.0,0.0,0.0,0.0,3351805.0,0.14,3326805.0,0.14
SUNPHARMA,2018-07-26 13:02:00,2018-07-25,2018-07-23,2018-07-23,Immediate relative,Revokation of Pledge,Pledge Revoke,Equity Shares,13500.0,0.0,0.0,0.0,0.0,3351805.0,0.14,3351805.0,0.14
SUNPHARMA,2018-07-26 16:45:00,2018-07-25,2018-07-23,2018-07-23,Immediate relative,Revokation of Pledge,Pledge Revoke,Equity Shares,2200000.0,0.0,0.0,0.0,0.0,33830352.0,1.41,33830352.0,1.41
SUNPHARMA,2018-07-30 16:19:00,2018-07-27,2018-07-27,2018-07-27,Immediate relative,Market Sale,Sell,Equity Shares,175000.0,0.0,0.0,0.0,0.0,2999427.0,0.13,2824427.0,0.12
SUNPHARMA,2018-07-30 16:19:00,2018-07-27,2018-07-26,2018-07-26,Immediate relative,Revokation of Pledge,Pledge Revoke,Equity Shares,127378.0,0.0,0.0,0.0,0.0,3126805.0,0.13,3126805.0,0.13
SUNPHARMA,2018-07-30 16:19:00,2018-07-27,2018-07-27,2018-07-27,Immediate relative,Revokation of Pledge,Pledge Revoke,Equity Shares,175000.0,0.0,0.0,0.0,0.0,2999427.0,0.13,2999427.0,0.13
SUNPHARMA,2018-07-30 16:19:00,2018-07-27,2018-07-26,2018-07-26,Immediate relative,Market Sale,Sell,Equity Shares,127378.0,0.0,0.0,0.0,0.0,3126805.0,0.13,2999427.0,0.13
SUNPHARMA,2018-08-01 12:05:00,2018-07-30,2018-07-26,2018-07-26,Immediate relative,Market Sale,Sell,Equity Shares,5000.0,0.0,0.0,0.0,0.0,73200.0,0.0,68200.0,0.0
SUNPHARMA,2018-08-04 17:36:00,2018-08-02,2018-07-30,2018-07-30,Immediate relative,Market Sale,Sell,Equity Shares,250000.0,0.0,0.0,0.0,0.0,2824427.0,0.12,2574427.0,0.11
SUNPHARMA,2018-08-04 17:36:00,2018-08-02,2018-07-30,2018-07-30,Immediate relative,Revokation of Pledge,Pledge Revoke,Equity Shares,400000.0,0.0,0.0,0.0,0.0,2574427.0,0.11,2574427.0,0.11
SUNPHARMA,2018-08-04 17:36:00,2018-08-02,2018-07-30,2018-07-30,Immediate relative,Market Sale,Sell,Equity Shares,400000.0,0.0,0.0,0.0,0.0,2574427.0,0.11,2174427.0,0.09
SUNPHARMA,2018-08-04 17:36:00,2018-08-02,2018-07-30,2018-07-30,Immediate relative,Revokation of Pledge,Pledge Revoke,Equity Shares,250000.0,0.0,0.0,0.0,0.0,2824427.0,0.12,2824427.0,0.12
SUNPHARMA,2018-08-04 17:36:00,2018-08-02,2018-08-01,2018-08-01,Immediate relative,Market Sale,Sell,Equity Shares,100000.0,0.0,0.0,0.0,0.0,2024427.0,0.08,1924427.0,0.08
SUNPHARMA,2018-08-04 17:36:00,2018-08-02,2018-08-01,2018-08-01,Immediate relative,Revokation of Pledge,Pledge Revoke,Equity Shares,100000.0,0.0,0.0,0.0,0.0,2024427.0,0.08,2024427.0,0.08
SUNPHARMA,2018-08-04 17:36:00,2018-08-02,2018-07-31,2018-07-31,Immediate relative,Market Sale,Sell,Equity Shares,150000.0,0.0,0.0,0.0,0.0,2174427.0,0.09,2024427.0,0.08
SUNPHARMA,2018-08-04 17:36:00,2018-08-02,2018-07-31,2018-07-31,Immediate relative,Revokation of Pledge,Pledge Revoke,Equity Shares,150000.0,0.0,0.0,0.0,0.0,2174427.0,0.09,2174427.0,0.09
SUNPHARMA,2018-08-04 17:36:00,2018-08-02,2018-08-02,2018-08-02,Immediate relative,Market Sale,Sell,Equity Shares,100000.0,0.0,0.0,0.0,0.0,1924427.0,0.08,1824427.0,0.07
SUNPHARMA,2018-08-04 17:36:00,2018-08-02,2018-08-02,2018-08-02,Immediate relative,Revokation of Pledge,Pledge Revoke,Equity Shares,100000.0,0.0,0.0,0.0,0.0,1924427.0,0.08,1924427.0,0.08
SUNPHARMA,2018-08-06 14:40:00,2018-08-02,2018-08-01,2018-08-01,Immediate relative,Market Sale,Sell,Equity Shares,6000.0,0.0,0.0,0.0,0.0,68200.0,0.0,62200.0,0.0
SUNPHARMA,2018-08-06 15:20:00,2018-08-03,2018-08-01,2018-08-01,Immediate relative,Pledge Creation,Pledge,Equity Shares,2437000.0,0.0,0.0,0.0,0.0,33830352.0,1.41,33830352.0,1.41
SUNPHARMA,2018-08-07 15:48:00,2018-08-06,2018-08-02,2018-08-02,Immediate relative,Others,Sell,Equity Shares,255998.0,0.0,0.0,0.0,0.0,255998.0,0.01,,0.0
SUNPHARMA,2018-08-13 12:23:00,2018-08-09,2018-08-07,2018-08-07,Immediate relative,Revokation of Pledge,Pledge Revoke,Equity Shares,100000.0,0.0,0.0,0.0,0.0,33830352.0,1.41,33830352.0,1.41
SUNPHARMA,2018-08-20 11:57:00,2018-08-16,2018-08-13,2018-08-13,Promoter Group,Pledge Creation,Pledge,Equity Shares,2150000.0,0.0,0.0,0.0,0.0,182437880.0,7.6,182437880.0,7.6
SUNPHARMA,2018-08-23 16:59:00,2018-08-23,2018-08-21,2018-08-21,Immediate relative,Market Sale,Sell,Equity Shares,6000.0,0.0,0.0,0.0,0.0,499810.0,0.01,493810.0,0.01
SUNPHARMA,2018-08-28 12:42:00,2018-08-24,2018-08-23,2018-08-23,Immediate relative,Market Sale,Sell,Equity Shares,50000.0,0.0,0.0,0.0,0.0,1229427.0,0.05,1179427.0,0.05
SUNPHARMA,2018-08-28 12:42:00,2018-08-24,2018-08-23,2018-08-23,Immediate relative,Market Sale,Sell,Equity Shares,150000.0,0.0,0.0,0.0,0.0,1179427.0,0.05,1029427.0,0.04
SUNPHARMA,2018-08-28 12:42:00,2018-08-24,2018-08-23,2018-08-23,Immediate relative,Revokation of Pledge,Pledge Revoke,Equity Shares,150000.0,0.0,0.0,0.0,0.0,1179427.0,0.05,1179427.0,0.04
SUNPHARMA,2018-08-28 12:42:00,2018-08-24,2018-08-23,2018-08-23,Immediate relative,Revokation of Pledge,Pledge Revoke,Equity Shares,100000.0,0.0,0.0,0.0,0.0,1029427.0,0.04,1029427.0,0.04
SUNPHARMA,2018-08-28 12:42:00,2018-08-24,2018-08-23,2018-08-23,Immediate relative,Market Sale,Sell,Equity Shares,100000.0,0.0,0.0,0.0,0.0,1029427.0,0.04,929427.0,0.04
SUNPHARMA,2018-08-28 12:42:00,2018-08-24,2018-08-24,2018-08-24,Immediate relative,Revokation of Pledge,Pledge Revoke,Equity Shares,200200.0,0.0,0.0,0.0,0.0,929427.0,0.04,929427.0,0.04
SUNPHARMA,2018-08-28 12:42:00,2018-08-24,2018-08-24,2018-08-24,Immediate relative,Market Sale,Sell,Equity Shares,200200.0,0.0,0.0,0.0,0.0,929427.0,0.04,729227.0,0.03
SUNPHARMA,2018-08-28 12:42:00,2018-08-24,2018-08-23,2018-08-23,Immediate relative,Revokation of Pledge,Pledge Revoke,Equity Shares,50000.0,0.0,0.0,0.0,0.0,1229427.0,0.05,1229427.0,0.05
SUNPHARMA,2018-08-28 12:42:00,2018-08-24,2018-08-21,2018-08-21,Immediate relative,Market Sale,Sell,Equity Shares,95000.0,0.0,0.0,0.0,0.0,1324427.0,0.06,1229427.0,0.05
SUNPHARMA,2018-08-28 12:42:00,2018-08-24,2018-08-21,2018-08-21,Immediate relative,Revokation of Pledge,Pledge Revoke,Equity Shares,95000.0,0.0,0.0,0.0,0.0,1324427.0,0.06,1324427.0,0.06
SUNPHARMA,2018-08-28 12:42:00,2018-08-24,2018-08-20,2018-08-20,Immediate relative,Market Sale,Sell,Equity Shares,300000.0,0.0,0.0,0.0,0.0,1624427.0,0.07,1324427.0,0.06
SUNPHARMA,2018-08-28 12:42:00,2018-08-24,2018-08-20,2018-08-20,Immediate relative,Revokation of Pledge,Pledge Revoke,Equity Shares,300000.0,0.0,0.0,0.0,0.0,1624427.0,0.07,1624427.0,0.07
SUNPHARMA,2018-08-28 12:42:00,2018-08-24,2018-08-20,2018-08-20,Immediate relative,Market Sale,Sell,Equity Shares,200000.0,0.0,0.0,0.0,0.0,1824427.0,0.07,1624427.0,0.07
SUNPHARMA,2018-08-28 12:42:00,2018-08-24,2018-08-20,2018-08-20,Immediate relative,Revokation of Pledge,Pledge Revoke,Equity Shares,200000.0,0.0,0.0,0.0,0.0,1824427.0,0.07,1824427.0,0.07
SUNPHARMA,2018-08-28 12:56:00,2018-08-24,2018-08-23,2018-08-23,Immediate relative,Market Sale,Sell,Equity Shares,100.0,0.0,0.0,0.0,0.0,493810.0,0.01,493710.0,0.01
SUNPHARMA,2018-08-31 17:30:00,2018-08-30,2018-08-30,2018-08-30,Immediate relative,Market Sale,Sell,Equity Shares,10000.0,0.0,0.0,0.0,0.0,493710.0,0.01,483710.0,0.01
SUNPHARMA,2018-09-01 17:47:00,2018-08-30,2018-08-28,2018-08-28,Promoter Group,Invocation of pledge,Pledge Invoke,Equity Shares,1000000.0,0.0,0.0,0.0,0.0,33830352.0,1.41,32830352.0,1.41
SUNPHARMA,2018-09-01 17:47:00,2018-08-30,2018-08-27,2018-08-27,Promoter Group,Revokation of Pledge,Pledge Revoke,Equity Shares,2400000.0,0.0,0.0,0.0,0.0,33830352.0,1.41,33830352.0,1.41
SUNPHARMA,2018-09-01 17:47:00,2018-08-30,2018-08-28,2018-08-28,Promoter Group,Invocation of pledge,Pledge Invoke,Equity Shares,1000000.0,0.0,0.0,0.0,0.0,33830352.0,1.41,32830352.0,1.41
SUNPHARMA,2018-09-04 12:10:00,2018-08-31,2018-08-29,2018-08-31,Immediate relative,Market Sale,Sell,Equity Shares,46200.0,0.0,0.0,0.0,0.0,3942732.0,0.16,3896532.0,0.16
SUNPHARMA,2018-09-04 12:10:00,2018-08-31,2018-08-29,2018-08-31,Immediate relative,Revokation of Pledge,Pledge Revoke,Equity Shares,46200.0,0.0,0.0,0.0,0.0,3942732.0,0.16,3942732.0,0.16
SUNPHARMA,2018-09-04 12:10:00,2018-08-31,2018-08-29,2018-08-31,Immediate relative,Market Sale,Sell,Equity Shares,47300.0,0.0,0.0,0.0,0.0,3896532.0,0.16,3849232.0,0.16
SUNPHARMA,2018-09-04 12:10:00,2018-08-31,2018-08-29,2018-08-31,Immediate relative,Revokation of Pledge,Pledge Revoke,Equity Shares,175000.0,0.0,0.0,0.0,0.0,3849232.0,0.16,3849232.0,0.16
SUNPHARMA,2018-09-04 12:10:00,2018-08-31,2018-08-29,2018-08-31,Immediate relative,Market Sale,Sell,Equity Shares,175000.0,0.0,0.0,0.0,0.0,3849232.0,0.16,3674232.0,0.16
SUNPHARMA,2018-09-04 12:10:00,2018-08-31,2018-08-29,2018-08-31,Immediate relative,Revokation of Pledge,Pledge Revoke,Equity Shares,47300.0,0.0,0.0,0.0,0.0,3896532.0,0.16,3896532.0,0.16
SUNPHARMA,2018-09-04 12:27:00,2018-08-31,2018-08-27,2018-08-31,Immediate relative,Market Sale,Sell,Equity Shares,100100.0,0.0,0.0,0.0,0.0,729227.0,0.03,629127.0,0.03
SUNPHARMA,2018-09-04 12:27:00,2018-08-31,2018-08-27,2018-08-31,Immediate relative,Revokation of Pledge,Pledge Revoke,Equity Shares,100100.0,0.0,0.0,0.0,0.0,729227.0,0.03,729227.0,0.03
SUNPHARMA,2018-09-04 18:54:00,2018-09-03,2018-09-03,2018-09-03,Immediate relative,Market Sale,Sell,Equity Shares,1500.0,0.0,0.0,0.0,0.0,475210.0,0.01,473710.0,0.01
SUNPHARMA,2018-09-05 19:36:00,2018-09-04,2018-09-04,2018-09-04,Immediate relative,Revokation of Pledge,Pledge Revoke,Equity Shares,2070000.0,0.0,0.0,0.0,0.0,33830352.0,1.41,33830352.0,1.41
SUNPHARMA,2018-09-05 19:36:00,2018-09-04,2018-09-03,2018-09-03,Immediate relative,Revokation of Pledge,Pledge Revoke,Equity Shares,6650000.0,0.0,0.0,0.0,0.0,33830352.0,1.41,33830352.0,1.41
SUNPHARMA,2018-09-05 19:36:00,2018-09-04,2018-09-03,2018-09-03,Immediate relative,Pledge Creation,Pledge,Equity Shares,5525000.0,0.0,0.0,0.0,0.0,33830352.0,1.41,33830352.0,1.41
SUNPHARMA,2018-09-05 19:36:00,2018-09-04,2018-08-31,2018-08-31,Immediate relative,Revokation of Pledge,Pledge Revoke,Equity Shares,3125000.0,0.0,0.0,0.0,0.0,33830352.0,1.41,33830352.0,1.41
SUNPHARMA,2018-09-05 19:36:00,2018-09-04,2018-08-31,2018-08-31,Immediate relative,Revokation of Pledge,Pledge Revoke,Equity Shares,1000000.0,0.0,0.0,0.0,0.0,33830352.0,1.41,33830352.0,1.41
SUNPHARMA,2018-09-06 17:04:00,2018-09-05,2018-09-05,2018-09-05,Immediate relative,Market Sale,Sell,Equity Shares,3500.0,0.0,0.0,0.0,0.0,473710.0,0.01,470210.0,0.01
SUNPHARMA,2018-09-10 16:26:00,2018-09-07,2018-09-07,2018-09-07,Immediate relative,Market Sale,Sell,Equity Shares,3500.0,0.0,0.0,0.0,0.0,470210.0,0.01,466710.0,0.01
SUNPHARMA,2018-09-12 16:46:00,2018-09-11,2018-09-11,2018-09-11,Immediate relative,Revokation of Pledge,Pledge Revoke,Equity Shares,63800.0,0.0,0.0,0.0,0.0,3115400.0,0.13,3115400.0,0.13
SUNPHARMA,2018-09-12 16:46:00,2018-09-11,2018-09-11,2018-09-11,Immediate relative,Market Sale,Sell,Equity Shares,63800.0,0.0,0.0,0.0,0.0,3115400.0,0.13,3051600.0,0.13
SUNPHARMA,2018-09-12 16:46:00,2018-09-11,2018-09-07,2018-09-07,Immediate relative,Market Sale,Sell,Equity Shares,25000.0,0.0,0.0,0.0,0.0,3174232.0,0.13,3149232.0,0.13
SUNPHARMA,2018-09-12 16:46:00,2018-09-11,2018-09-10,2018-09-10,Immediate relative,Revokation of Pledge,Pledge Revoke,Equity Shares,33832.0,0.0,0.0,0.0,0.0,3149232.0,0.13,3149232.0,0.13
SUNPHARMA,2018-09-12 16:46:00,2018-09-11,2018-09-07,2018-09-07,Immediate relative,Revokation of Pledge,Pledge Revoke,Equity Shares,25000.0,0.0,0.0,0.0,0.0,3174232.0,0.13,3174232.0,0.13
SUNPHARMA,2018-09-12 16:46:00,2018-09-11,2018-09-06,2018-09-06,Immediate relative,Market Sale,Sell,Equity Shares,200000.0,0.0,0.0,0.0,0.0,3374232.0,0.14,3174232.0,0.13
SUNPHARMA,2018-09-12 16:46:00,2018-09-11,2018-09-06,2018-09-06,Immediate relative,Revokation of Pledge,Pledge Revoke,Equity Shares,200000.0,0.0,0.0,0.0,0.0,3374232.0,0.14,3374232.0,0.14
SUNPHARMA,2018-09-12 16:46:00,2018-09-11,2018-09-05,2018-09-05,Immediate relative,Market Sale,Sell,Equity Shares,100000.0,0.0,0.0,0.0,0.0,3474232.0,0.14,3374232.0,0.14
SUNPHARMA,2018-09-12 16:46:00,2018-09-11,2018-09-05,2018-09-05,Immediate relative,Revokation of Pledge,Pledge Revoke,Equity Shares,100000.0,0.0,0.0,0.0,0.0,3474232.0,0.14,3474232.0,0.14
SUNPHARMA,2018-09-12 16:46:00,2018-09-11,2018-09-03,2018-09-03,Immediate relative,Market Sale,Sell,Equity Shares,200000.0,0.0,0.0,0.0,0.0,3674232.0,0.15,3474232.0,0.14
SUNPHARMA,2018-09-12 16:46:00,2018-09-11,2018-09-03,2018-09-03,Immediate relative,Revokation of Pledge,Pledge Revoke,Equity Shares,200000.0,0.0,0.0,0.0,0.0,3674232.0,0.15,3674232.0,0.15
SUNPHARMA,2018-09-12 16:46:00,2018-09-11,2018-09-10,2018-09-10,Immediate relative,Market Sale,Sell,Equity Shares,33832.0,0.0,0.0,0.0,0.0,3149232.0,0.13,3115400.0,0.13
SUNPHARMA,2018-09-12 17:09:00,2018-09-11,2018-09-07,2018-09-07,Promoter Group,Pledge Creation,Pledge,Equity Shares,8525000.0,0.0,0.0,0.0,0.0,182437880.0,7.6,182437880.0,7.6
SUNPHARMA,2018-09-20 12:49:00,2018-09-19,2018-09-18,2018-09-18,Promoter Group,Pledge Creation,Pledge,Equity Shares,8500000.0,0.0,0.0,0.0,0.0,182437880.0,7.6,182437880.0,7.6
SUNPHARMA,2018-09-21 14:06:00,2018-09-20,2018-09-12,2018-09-12,Immediate relative,Market Sale,Sell,Equity Shares,182600.0,0.0,0.0,0.0,0.0,3051600.0,0.13,2869000.0,0.12
SUNPHARMA,2018-09-21 14:06:00,2018-09-20,2018-09-14,2018-09-14,Immediate relative,Off Market,Pledge Revoke,Equity Shares,299297.0,0.0,0.0,0.0,0.0,2869000.0,0.12,2869000.0,0.12
SUNPHARMA,2018-09-21 14:06:00,2018-09-20,2018-09-14,2018-09-14,Immediate relative,Market Sale,Sell,Equity Shares,299297.0,0.0,0.0,0.0,0.0,2869000.0,0.12,2569703.0,0.11
SUNPHARMA,2018-09-21 14:06:00,2018-09-20,2018-09-17,2018-09-17,Immediate relative,Off Market,Pledge Revoke,Equity Shares,700.0,0.0,0.0,0.0,0.0,2569703.0,0.11,2569703.0,0.11
SUNPHARMA,2018-09-21 14:06:00,2018-09-20,2018-09-17,2018-09-17,Immediate relative,Market Sale,Sell,Equity Shares,700.0,0.0,0.0,0.0,0.0,2569703.0,0.11,2569003.0,0.11
SUNPHARMA,2018-09-21 14:06:00,2018-09-20,2018-09-12,2018-09-12,Immediate relative,Off Market,Pledge Revoke,Equity Shares,182600.0,0.0,0.0,0.0,0.0,3051600.0,0.13,3051600.0,0.13
SUNPHARMA,2018-09-21 14:06:00,2018-09-20,2018-09-17,2018-09-17,Immediate relative,Off Market,Pledge Revoke,Equity Shares,10000.0,0.0,0.0,0.0,0.0,2569003.0,0.11,2569003.0,0.11
SUNPHARMA,2018-09-21 14:06:00,2018-09-20,2018-09-18,2018-09-18,Immediate relative,Off Market,Pledge Revoke,Equity Shares,38500.0,0.0,0.0,0.0,0.0,2559003.0,0.11,2559003.0,0.11
SUNPHARMA,2018-09-21 14:06:00,2018-09-20,2018-09-17,2018-09-17,Immediate relative,Market Sale,Sell,Equity Shares,10000.0,0.0,0.0,0.0,0.0,2569003.0,0.11,2559003.0,0.11
SUNPHARMA,2018-09-21 14:06:00,2018-09-20,2018-09-18,2018-09-18,Immediate relative,Market Sale,Sell,Equity Shares,38500.0,0.0,0.0,0.0,0.0,2559003.0,0.11,2520503.0,0.11
SUNPHARMA,2018-09-27 16:36:00,2018-09-26,2018-09-24,2018-09-24,Immediate relative,Pledge Creation,Pledge,Equity Shares,2000000.0,0.0,0.0,0.0,0.0,33830352.0,1.41,33830352.0,1.41
SUNPHARMA,2018-09-27 16:36:00,2018-09-26,2018-09-26,2018-09-26,Immediate relative,Pledge Creation,Pledge,Equity Shares,2250000.0,0.0,0.0,0.0,0.0,33830352.0,1.41,33830352.0,1.41
SUNPHARMA,2018-09-27 16:36:00,2018-09-26,2018-09-25,2018-09-25,Immediate relative,Revokation of Pledge,Pledge Revoke,Equity Shares,9443800.0,0.0,0.0,0.0,0.0,33830352.0,1.41,33830352.0,1.41
SUNPHARMA,2018-09-27 16:36:00,2018-09-26,2018-09-25,2018-09-25,Immediate relative,Revokation of Pledge,Pledge Revoke,Equity Shares,2437000.0,0.0,0.0,0.0,0.0,33830352.0,1.41,33830352.0,1.41
SUNPHARMA,2018-10-03 12:48:00,2018-10-01,2018-09-28,2018-09-28,Immediate relative,Revokation of Pledge,Pledge Revoke,Equity Shares,2000000.0,0.0,0.0,0.0,0.0,33830352.0,1.41,33830352.0,1.41
SUNPHARMA,2018-10-11 12:08:00,2018-10-10,2018-10-05,2018-10-05,Director,Gift,Sell,Equity Shares,2000.0,0.0,0.0,0.0,0.0,3740747.0,0.16,3738747.0,0.16
SUNPHARMA,2018-10-22 11:30:00,2018-10-19,2018-10-17,2018-10-17,Promoter Group,Pledge Creation,Pledge,Equity Shares,8575000.0,0.0,0.0,0.0,0.0,182437880.0,7.6,182437880.0,7.6
SUNPHARMA,2018-10-22 11:30:00,2018-10-19,2018-10-17,2018-10-17,Promoter Group,Revokation of Pledge,Pledge Revoke,Equity Shares,8525000.0,0.0,0.0,0.0,0.0,182437880.0,7.6,182437880.0,7.6
SUNPHARMA,2018-10-23 17:14:00,2018-10-23,2018-10-22,2018-10-22,Immediate relative,Pledge Creation,Pledge,Equity Shares,2000000.0,0.0,0.0,0.0,0.0,33830352.0,1.41,33830352.0,1.41
SUNPHARMA,2018-10-26 17:52:00,2018-10-25,2018-10-23,2018-10-23,Immediate relative,Market Sale,Sell,Equity Shares,15000.0,0.0,0.0,0.0,0.0,62200.0,0.0,47200.0,0.0
SUNPHARMA,2018-10-29 21:17:00,2018-10-25,2018-10-23,2018-10-23,Promoter Group,Scheme of Amalgamation/Merger/Demerger/Arrangement,Buy,Equity Shares,959489975.0,0.0,0.0,0.0,0.0,282603.0,0.01,959772578.0,40.0
SUNPHARMA,2018-10-29 21:48:00,2018-10-25,2018-10-23,2018-10-23,Promoter Group,Scheme of Amalgamation/Merger/Demerger/Arrangement,Sell,Equity Shares,83751259.0,0.0,0.0,0.0,0.0,83751259.0,3.49,,0.0
SUNPHARMA,2018-10-29 21:48:00,2018-10-25,2018-10-23,2018-10-23,Promoter Group,Scheme of Amalgamation/Merger/Demerger/Arrangement,Sell,Equity Shares,7022.0,0.0,0.0,0.0,0.0,7022.0,0.0,,0.0
SUNPHARMA,2018-10-29 21:48:00,2018-10-25,2018-10-23,2018-10-23,Promoter Group,Scheme of Amalgamation/Merger/Demerger/Arrangement,Sell,Equity Shares,49468.0,0.0,0.0,0.0,0.0,49468.0,0.0,,0.0
SUNPHARMA,2018-10-29 21:48:00,2018-10-25,2018-10-23,2018-10-23,Promoter Group,Scheme of Amalgamation/Merger/Demerger/Arrangement,Sell,Equity Shares,895039.0,0.0,0.0,0.0,0.0,895039.0,0.04,,0.0
SUNPHARMA,2018-10-29 21:48:00,2018-10-25,2018-10-23,2018-10-23,Promoter Group,Scheme of Amalgamation/Merger/Demerger/Arrangement,Sell,Equity Shares,1458806.0,0.0,0.0,0.0,0.0,1458806.0,0.06,,0.0
SUNPHARMA,2018-10-29 21:48:00,2018-10-25,2018-10-23,2018-10-23,Promoter Group,Scheme of Amalgamation/Merger/Demerger/Arrangement,Sell,Equity Shares,15992110.0,0.0,0.0,0.0,0.0,15992110.0,0.67,,0.0
SUNPHARMA,2018-10-29 21:48:00,2018-10-25,2018-10-23,2018-10-23,Promoter Group,Scheme of Amalgamation/Merger/Demerger/Arrangement,Sell,Equity Shares,96851821.0,0.0,0.0,0.0,0.0,96851821.0,4.04,,0.0
SUNPHARMA,2018-10-29 21:48:00,2018-10-25,2018-10-23,2018-10-23,Promoter Group,Scheme of Amalgamation/Merger/Demerger/Arrangement,Sell,Equity Shares,200846362.0,0.0,0.0,0.0,0.0,200846362.0,8.37,,0.0
SUNPHARMA,2018-10-29 21:48:00,2018-10-25,2018-10-23,2018-10-23,Promoter Group,Scheme of Amalgamation/Merger/Demerger/Arrangement,Sell,Equity Shares,194820971.0,0.0,0.0,0.0,0.0,194820971.0,8.12,,0.0
SUNPHARMA,2018-10-29 21:48:00,2018-10-25,2018-10-23,2018-10-23,Promoter Group,Scheme of Amalgamation/Merger/Demerger/Arrangement,Sell,Equity Shares,182437880.0,0.0,0.0,0.0,0.0,182437880.0,7.6,,0.0
SUNPHARMA,2018-10-29 21:48:00,2018-10-25,2018-10-23,2018-10-23,Promoter Group,Scheme of Amalgamation/Merger/Demerger/Arrangement,Sell,Equity Shares,182379237.0,0.0,0.0,0.0,0.0,182379237.0,7.6,,0.0
SUNPHARMA,2018-10-30 18:09:00,2018-10-29,2018-10-25,2018-10-25,Immediate relative,Pledge Creation,Pledge,Equity Shares,400000.0,0.0,0.0,0.0,0.0,33830352.0,1.41,33830352.0,1.41
SUNPHARMA,2018-10-30 18:09:00,2018-10-29,2018-10-25,2018-10-25,Immediate relative,Pledge Creation,Pledge,Equity Shares,4000000.0,0.0,0.0,0.0,0.0,33830352.0,1.41,33830352.0,1.41
SUNPHARMA,2018-10-30 18:09:00,2018-10-29,2018-10-26,2018-10-26,Immediate relative,Revokation of Pledge,Pledge Revoke,Equity Shares,2000000.0,0.0,0.0,0.0,0.0,33830352.0,1.41,33830352.0,1.41
SUNPHARMA,2018-10-30 18:37:00,2018-10-30,2018-10-26,2018-10-26,Promoter Group,Pledge Creation,Pledge,Equity Shares,1000000.0,0.0,0.0,0.0,0.0,959772578.0,40.0,959772578.0,40.0
SUNPHARMA,2018-11-19 12:36:00,2018-08-17,2018-08-14,2018-08-14,Immediate relative,Revokation of Pledge,Pledge Revoke,Equity Shares,7480000.0,0.0,0.0,0.0,0.0,33830352.0,1.41,33830352.0,1.41
SUNPHARMA,2018-11-19 12:36:00,2018-08-17,2018-08-14,2018-08-14,Immediate relative,Pledge Creation,Pledge,Equity Shares,6525000.0,0.0,0.0,0.0,0.0,33830352.0,1.41,33830352.0,1.41
SUNPHARMA,2018-11-19 15:56:00,2018-11-19,2018-11-16,2018-11-16,Promoter Group,Pledge Creation,Pledge,Equity Shares,1500000.0,0.0,0.0,0.0,0.0,959772578.0,40.0,959772578.0,40.0
SUNPHARMA,2018-11-20 12:43:00,2018-11-19,2018-09-12,2018-09-12,Employees/Designated Employees,Market Sale,Sell,Equity Shares,3000.0,0.0,0.0,0.0,0.0,5000.0,0.0,2000.0,0.0
SUNPHARMA,2018-11-20 12:51:00,2018-11-19,2018-11-14,2018-11-14,Employees/Designated Employees,Market Purchase,Buy,Equity Shares,3000.0,0.0,0.0,0.0,0.0,2000.0,0.0,5000.0,0.0
SUNPHARMA,2018-11-21 16:42:00,2018-11-20,2018-11-16,2018-11-16,Immediate relative,Revokation of Pledge,Pledge Revoke,Equity Shares,1000000.0,0.0,0.0,0.0,0.0,33830352.0,1.41,33830352.0,1.41
SUNPHARMA,2018-11-21 16:42:00,2018-11-20,2018-11-16,2018-11-16,Immediate relative,Pledge Creation,Pledge,Equity Shares,1625000.0,0.0,0.0,0.0,0.0,33830352.0,1.41,33830352.0,1.41
SUNPHARMA,2018-11-21 16:42:00,2018-11-20,2018-11-20,2018-11-20,Immediate relative,Revokation of Pledge,Pledge Revoke,Equity Shares,525000.0,0.0,0.0,0.0,0.0,33830352.0,1.41,33830352.0,1.41
SUNPHARMA,2018-11-21 16:42:00,2018-11-20,2018-11-20,2018-11-20,Immediate relative,Revokation of Pledge,Pledge Revoke,Equity Shares,1025000.0,0.0,0.0,0.0,0.0,33830352.0,1.41,33830352.0,1.41
SUNPHARMA,2018-11-21 16:42:00,2018-11-20,2018-11-16,2018-11-16,Immediate relative,Pledge Creation,Pledge,Equity Shares,4390000.0,0.0,0.0,0.0,0.0,33830352.0,1.41,33830352.0,1.41
SUNPHARMA,2018-11-21 16:42:00,2018-11-20,2018-11-19,2018-11-19,Immediate relative,Pledge Creation,Pledge,Equity Shares,2025000.0,0.0,0.0,0.0,0.0,33830352.0,1.41,33830352.0,1.41
SUNPHARMA,2018-11-21 17:11:00,2018-10-19,2018-10-17,2018-10-17,Promoter Group,Revokation of Pledge,Pledge Revoke,Equity Shares,8525000.0,0.0,0.0,0.0,0.0,182437880.0,7.6,182437880.0,7.6
SUNPHARMA,2018-11-21 17:11:00,2018-10-19,2018-10-17,2018-10-17,Promoter Group,Pledge Creation,Pledge,Equity Shares,8750000.0,0.0,0.0,0.0,0.0,182437880.0,7.6,182437880.0,7.6
SUNPHARMA,2018-11-29 18:05:00,2018-11-28,2018-11-28,2018-11-28,Immediate relative,Pledge Creation,Pledge,Equity Shares,500000.0,0.0,0.0,0.0,0.0,33830352.0,1.41,33830352.0,1.41
SUNPHARMA,2018-11-29 18:05:00,2018-11-28,2018-11-27,2018-11-27,Immediate relative,Revokation of Pledge,Pledge Revoke,Equity Shares,1200000.0,0.0,0.0,0.0,0.0,33830352.0,1.41,33830352.0,1.41
SUNPHARMA,2018-11-29 18:05:00,2018-11-28,2018-11-28,2018-11-28,Immediate relative,Pledge Creation,Pledge,Equity Shares,2600000.0,0.0,0.0,0.0,0.0,33830352.0,1.41,33830352.0,1.41
SUNPHARMA,2018-11-29 18:05:00,2018-11-28,2018-11-28,2018-11-28,Immediate relative,Pledge Creation,Pledge,Equity Shares,1300000.0,0.0,0.0,0.0,0.0,33830352.0,1.41,33830352.0,1.41
SUNPHARMA,2018-11-29 18:05:00,2018-11-28,2018-11-27,2018-11-27,Immediate relative,Pledge Creation,Pledge,Equity Shares,1600000.0,0.0,0.0,0.0,0.0,33830352.0,1.41,33830352.0,1.41
SUNPHARMA,2018-11-29 18:05:00,2018-11-28,2018-11-26,2018-11-26,Immediate relative,Pledge Creation,Pledge,Equity Shares,100000.0,0.0,0.0,0.0,0.0,33830352.0,1.41,33830352.0,1.41
SUNPHARMA,2018-11-29 18:05:00,2018-11-28,2018-11-26,2018-11-26,Immediate relative,Pledge Creation,Pledge,Equity Shares,2000000.0,0.0,0.0,0.0,0.0,33830352.0,1.41,33830352.0,1.41
SUNPHARMA,2018-12-03 15:52:00,2018-12-03,2018-11-29,2018-11-29,Promoter Group,Pledge Creation,Pledge,Equity Shares,1500000.0,0.0,0.0,0.0,0.0,959772578.0,40.0,959772578.0,40.0
SUNPHARMA,2018-12-04 16:21:00,2018-12-03,2018-12-03,2018-12-03,Immediate relative,Pledge Creation,Pledge,Equity Shares,350000.0,0.0,0.0,0.0,0.0,33830352.0,1.41,33830352.0,1.41
SUNPHARMA,2018-12-04 16:21:00,2018-12-03,2018-12-03,2018-12-03,Immediate relative,Pledge Creation,Pledge,Equity Shares,350000.0,0.0,0.0,0.0,0.0,33830352.0,1.41,33830352.0,1.41
SUNPHARMA,2018-12-04 16:21:00,2018-12-03,2018-12-03,2018-12-03,Immediate relative,Pledge Creation,Pledge,Equity Shares,1430000.0,0.0,0.0,0.0,0.0,33830352.0,1.41,33830352.0,1.41
SUNPHARMA,2018-12-04 16:21:00,2018-12-03,2018-12-03,2018-12-03,Immediate relative,Pledge Creation,Pledge,Equity Shares,940000.0,0.0,0.0,0.0,0.0,33830352.0,1.41,33830352.0,1.41
SUNPHARMA,2018-12-04 16:21:00,2018-12-03,2018-12-03,2018-12-03,Immediate relative,Revokation of Pledge,Pledge Revoke,Equity Shares,5800000.0,0.0,0.0,0.0,0.0,33830352.0,1.41,33830352.0,1.41
SUNPHARMA,2018-12-04 16:21:00,2018-12-03,2018-11-29,2018-11-29,Immediate relative,Revokation of Pledge,Pledge Revoke,Equity Shares,615000.0,0.0,0.0,0.0,0.0,33830352.0,1.41,33830352.0,1.41
SUNPHARMA,2018-12-04 16:21:00,2018-12-03,2018-11-30,2018-11-30,Immediate relative,Revokation of Pledge,Pledge Revoke,Equity Shares,2500000.0,0.0,0.0,0.0,0.0,33830352.0,1.41,33830352.0,1.41
SUNPHARMA,2018-12-04 16:37:00,2018-11-30,2018-11-27,2018-11-27,Employees/Designated Employees,Market Purchase,Buy,Equity Shares,3000.0,0.0,0.0,0.0,0.0,5000.0,0.0,8000.0,0.0
SUNPHARMA,2018-12-04 16:45:00,2018-11-30,2018-11-27,2018-11-27,Employees/Designated Employees,Market Sale,Sell,Equity Shares,3000.0,0.0,0.0,0.0,0.0,8000.0,0.0,5000.0,0.0
SUNPHARMA,2018-12-04 17:02:00,2018-11-30,2018-11-30,2018-11-30,Employees/Designated Employees,Market Purchase,Buy,Equity Shares,5500.0,0.0,0.0,0.0,0.0,5000.0,0.0,10500.0,0.0
SUNPHARMA,2018-12-04 17:10:00,2018-11-30,2018-11-30,2018-11-30,Employees/Designated Employees,Market Sale,Sell,Equity Shares,5500.0,0.0,0.0,0.0,0.0,10500.0,0.0,5000.0,0.0
SUNPHARMA,2018-12-05 18:04:00,2018-12-05,2018-12-04,2018-12-04,Promoter Group,Pledge Creation,Pledge,Equity Shares,1500000.0,0.0,0.0,0.0,0.0,959772578.0,40.0,959772578.0,40.0
SUNPHARMA,2018-12-07 14:31:00,2018-12-06,2018-11-26,2018-11-26,Employees/Designated Employees,Market Sale,Sell,Equity Shares,7772.0,0.0,0.0,0.0,0.0,17772.0,0.0,10000.0,0.0
SUNPHARMA,2018-12-11 12:30:00,2018-12-10,2018-12-06,2018-12-06,Promoter Group,Pledge Creation,Pledge,Equity Shares,2500000.0,0.0,0.0,0.0,0.0,959772578.0,40.0,959772578.0,40.0
SUNPHARMA,2018-12-11 12:45:00,2018-12-10,2018-12-06,2018-12-06,Promoter Group,Pledge Creation,Pledge,Equity Shares,1650000.0,0.0,0.0,0.0,0.0,959772578.0,40.0,959772578.0,40.0
SUNPHARMA,2018-12-11 12:45:00,2018-12-10,2018-12-06,2018-12-06,Promoter Group,Pledge Creation,Pledge,Equity Shares,835000.0,0.0,0.0,0.0,0.0,959772578.0,40.0,959772578.0,40.0
SUNPHARMA,2018-12-11 12:45:00,2018-12-10,2018-12-06,2018-12-06,Promoter Group,Pledge Creation,Pledge,Equity Shares,875000.0,0.0,0.0,0.0,0.0,959772578.0,40.0,959772578.0,40.0
SUNPHARMA,2018-12-11 12:59:00,2018-12-10,2018-12-06,2018-12-06,Promoter Group,Pledge Creation,Pledge,Equity Shares,1500000.0,0.0,0.0,0.0,0.0,959772578.0,40.0,959772578.0,40.0
SUNPHARMA,2018-12-11 12:59:00,2018-12-10,2018-12-06,2018-12-06,Promoter Group,Pledge Creation,Pledge,Equity Shares,1710000.0,0.0,0.0,0.0,0.0,959772578.0,40.0,959772578.0,40.0
SUNPHARMA,2018-12-11 12:59:00,2018-12-10,2018-12-06,2018-12-06,Promoter Group,Pledge Creation,Pledge,Equity Shares,1750000.0,0.0,0.0,0.0,0.0,959772578.0,40.0,959772578.0,40.0
SUNPHARMA,2018-12-11 13:06:00,2018-12-11,2018-12-07,2018-12-07,Promoter Group,Pledge Creation,Pledge,Equity Shares,1600000.0,0.0,0.0,0.0,0.0,959772578.0,40.0,959772578.0,40.0
SUNPHARMA,2018-12-12 12:32:00,2018-12-10,2018-12-06,2018-12-06,Immediate relative,Pledge Creation,Pledge,Equity Shares,3335000.0,0.0,0.0,0.0,0.0,33830352.0,1.41,33830352.0,1.41
SUNPHARMA,2018-12-12 12:32:00,2018-12-10,2018-12-06,2018-12-06,Immediate relative,Pledge Creation,Pledge,Equity Shares,450000.0,0.0,0.0,0.0,0.0,33830352.0,1.41,33830352.0,1.41
SUNPHARMA,2018-12-12 12:32:00,2018-12-10,2018-12-10,2018-12-10,Immediate relative,Revokation of Pledge,Pledge Revoke,Equity Shares,1500000.0,0.0,0.0,0.0,0.0,33830352.0,1.41,33830352.0,1.41
SUNPHARMA,2018-12-13 12:44:00,2018-12-12,2018-12-11,2018-12-11,Promoter Group,Pledge Creation,Pledge,Equity Shares,2000000.0,0.0,0.0,0.0,0.0,959772578.0,40.0,959772578.0,40.0
SUNPHARMA,2018-12-14 12:23:00,2018-12-13,2018-12-12,2018-12-12,Immediate relative,Pledge Creation,Pledge,Equity Shares,5000000.0,0.0,0.0,0.0,0.0,33830352.0,1.41,33830352.0,1.41
SUNPHARMA,2018-12-14 16:52:00,2018-12-13,2018-12-13,2018-12-13,Employees/Designated Employees,Market Sale,Sell,Equity Shares,38200.0,0.0,0.0,0.0,0.0,47200.0,0.0,9000.0,0.0
SUNPHARMA,2018-12-18 12:50:00,2018-12-17,2018-12-13,2018-12-13,Promoter Group,Revokation of Pledge,Pledge Revoke,Equity Shares,2000000.0,0.0,0.0,0.0,0.0,959772578.0,40.0,959772578.0,40.0
SUNPHARMA,2018-12-18 12:50:00,2018-12-17,2018-12-13,2018-12-13,Promoter Group,Revokation of Pledge,Pledge Revoke,Equity Shares,1500000.0,0.0,0.0,0.0,0.0,959772578.0,40.0,959772578.0,40.0
SUNPHARMA,2018-12-18 12:50:00,2018-12-17,2018-12-13,2018-12-13,Promoter Group,Revokation of Pledge,Pledge Revoke,Equity Shares,1500000.0,0.0,0.0,0.0,0.0,959772578.0,40.0,959772578.0,40.0
SUNPHARMA,2018-12-18 12:50:00,2018-12-17,2018-12-13,2018-12-13,Promoter Group,Revokation of Pledge,Pledge Revoke,Equity Shares,8750000.0,0.0,0.0,0.0,0.0,959772578.0,40.0,959772578.0,40.0
SUNPHARMA,2018-12-18 13:13:00,2018-12-18,2018-12-14,2018-12-14,Promoter Group,Pledge Creation,Pledge,Equity Shares,10000000.0,0.0,0.0,0.0,0.0,959772578.0,40.0,959772578.0,40.0
SUNPHARMA,2018-12-18 13:13:00,2018-12-18,2018-12-14,2018-12-14,Promoter Group,Pledge Creation,Pledge,Equity Shares,15000000.0,0.0,0.0,0.0,0.0,959772578.0,40.0,959772578.0,40.0
SUNPHARMA,2018-12-21 13:00:00,2018-12-21,2018-12-19,2018-12-19,Promoter Group,Revokation of Pledge,Pledge Revoke,Equity Shares,1750000.0,0.0,0.0,0.0,0.0,959772578.0,40.0,959772578.0,40.0
SUNPHARMA,2018-12-21 13:00:00,2018-12-21,2018-12-20,2018-12-20,Promoter Group,Pledge Creation,Pledge,Equity Shares,1750000.0,0.0,0.0,0.0,0.0,959772578.0,40.0,959772578.0,40.0
SUNPHARMA,2018-12-24 17:59:00,2018-12-21,2018-12-19,2018-12-19,Immediate relative,Revokation of Pledge,Pledge Revoke,Equity Shares,3275000.0,0.0,0.0,0.0,0.0,33830352.0,1.41,33830352.0,1.41
SUNPHARMA,2018-12-24 17:59:00,2018-12-21,2018-12-20,2018-12-20,Immediate relative,Pledge Creation,Pledge,Equity Shares,3275000.0,0.0,0.0,0.0,0.0,33830352.0,1.41,33830352.0,1.41
SUNPHARMA,2019-01-11 12:26:00,2019-01-09,2019-01-07,2019-01-07,Immediate relative,Pledge Creation,Pledge,Equity Shares,825000.0,0.0,0.0,0.0,0.0,1277952.0,0.05,1277952.0,0.05
SUNPHARMA,2019-01-11 12:45:00,2019-01-10,2019-01-08,2019-01-08,Promoter Group,Pledge Creation,Pledge,Equity Shares,12000000.0,0.0,0.0,0.0,0.0,959772578.0,40.0,959772578.0,40.0
SUNPHARMA,2019-01-14 17:11:00,2019-01-11,2019-01-09,2019-01-09,Promoter Group,Revokation of Pledge,Pledge Revoke,Equity Shares,875000.0,0.0,0.0,0.0,0.0,959772578.0,40.0,959772578.0,40.0
SUNPHARMA,2019-01-14 17:11:00,2019-01-11,2019-01-10,2019-01-10,Promoter Group,Pledge Creation,Pledge,Equity Shares,875000.0,0.0,0.0,0.0,0.0,959772578.0,40.0,959772578.0,40.0
SUNPHARMA,2019-01-17 15:50:00,2019-01-16,2019-01-15,2019-01-15,Director,Revokation of Pledge,Pledge Revoke,Equity Shares,125000.0,0.0,0.0,0.0,0.0,3738747.0,0.16,3738747.0,0.16
SUNPHARMA,2019-01-17 15:50:00,2019-01-16,2019-01-15,2019-01-15,Director,Pledge Creation,Pledge,Equity Shares,125000.0,0.0,0.0,0.0,0.0,3738747.0,0.16,3738747.0,0.16
SUNPHARMA,2019-01-17 16:03:00,2019-01-17,2019-01-16,2019-01-16,Promoter Group,Pledge Creation,Pledge,Equity Shares,1710000.0,0.0,0.0,0.0,0.0,959772578.0,40.0,959772578.0,40.0
SUNPHARMA,2019-01-17 16:03:00,2019-01-17,2019-01-15,2019-01-15,Promoter Group,Revokation of Pledge,Pledge Revoke,Equity Shares,1710000.0,0.0,0.0,0.0,0.0,959772578.0,40.0,959772578.0,40.0
SUNPHARMA,2019-01-21 14:44:00,2019-01-17,2019-01-16,2019-01-16,Immediate relative,Pledge Creation,Pledge,Equity Shares,1390000.0,0.0,0.0,0.0,0.0,33830352.0,1.41,33830352.0,1.41
SUNPHARMA,2019-01-21 14:44:00,2019-01-17,2019-01-15,2019-01-15,Immediate relative,Revokation of Pledge,Pledge Revoke,Equity Shares,2025000.0,0.0,0.0,0.0,0.0,33830352.0,1.41,33830352.0,1.41
SUNPHARMA,2019-01-21 14:44:00,2019-01-17,2019-01-17,2019-01-17,Immediate relative,Revokation of Pledge,Pledge Revoke,Equity Shares,36200.0,0.0,0.0,0.0,0.0,33830352.0,1.41,33830352.0,1.41
SUNPHARMA,2019-01-23 12:02:00,2019-01-21,2019-01-18,2019-01-18,Employees/Designated Employees,Market Purchase,Buy,Equity Shares,6000.0,0.0,0.0,0.0,0.0,62960.0,0.0,68960.0,0.0
SUNPHARMA,2019-01-24 15:19:00,2019-01-23,2019-01-21,2019-01-21,Immediate relative,Pledge Creation,Pledge,Equity Shares,850000.0,0.0,0.0,0.0,0.0,33830352.0,1.41,33830352.0,1.41
SUNPHARMA,2019-01-24 15:52:00,2019-01-23,2019-01-21,2019-01-21,Promoter Group,Revokation of Pledge,Pledge Revoke,Equity Shares,14987800.0,0.0,0.0,0.0,0.0,959772578.0,40.0,959772578.0,40.0
SUNPHARMA,2019-01-24 15:52:00,2019-01-23,2019-01-22,2019-01-22,Promoter Group,Pledge Creation,Pledge,Equity Shares,800000.0,0.0,0.0,0.0,0.0,959772578.0,40.0,959772578.0,40.0
SUNPHARMA,2019-01-24 15:52:00,2019-01-23,2019-01-21,2019-01-21,Promoter Group,Revokation of Pledge,Pledge Revoke,Equity Shares,9992000.0,0.0,0.0,0.0,0.0,959772578.0,40.0,959772578.0,40.0
SUNPHARMA,2019-01-31 16:09:00,2019-01-30,2019-01-29,2019-01-29,Promoter Group,Pledge Creation,Pledge,Equity Shares,215000.0,0.0,0.0,0.0,0.0,959772578.0,40.0,959772578.0,40.0
SUNPHARMA,2019-01-31 16:09:00,2019-01-30,2019-01-28,2019-01-28,Promoter Group,Pledge Creation,Pledge,Equity Shares,6825000.0,0.0,0.0,0.0,0.0,959772578.0,40.0,959772578.0,40.0
SUNPHARMA,2019-01-31 16:09:00,2019-01-30,2019-01-28,2019-01-28,Promoter Group,Pledge Creation,Pledge,Equity Shares,4375000.0,0.0,0.0,0.0,0.0,959772578.0,40.0,959772578.0,40.0
SUNPHARMA,2019-01-31 16:09:00,2019-01-30,2019-01-28,2019-01-28,Promoter Group,Pledge Creation,Pledge,Equity Shares,2187500.0,0.0,0.0,0.0,0.0,959772578.0,40.0,959772578.0,40.0
SUNPHARMA,2019-02-01 17:02:00,2019-01-31,2019-01-31,2019-01-31,Immediate relative,Pledge Creation,Pledge,Equity Shares,1930000.0,0.0,0.0,0.0,0.0,33830352.0,1.41,33830352.0,1.41
SUNPHARMA,2019-02-01 17:02:00,2019-01-31,2019-01-29,2019-01-29,Immediate relative,Revokation of Pledge,Pledge Revoke,Equity Shares,2025000.0,0.0,0.0,0.0,0.0,33830352.0,1.41,33830352.0,1.41
SUNPHARMA,2019-02-01 17:02:00,2019-01-31,2019-01-30,2019-01-30,Immediate relative,Revokation of Pledge,Pledge Revoke,Equity Shares,1990000.0,0.0,0.0,0.0,0.0,33830352.0,1.41,33830352.0,1.41
SUNPHARMA,2019-02-01 17:02:00,2019-01-31,2019-01-30,2019-01-30,Immediate relative,Pledge Creation,Pledge,Equity Shares,2000000.0,0.0,0.0,0.0,0.0,33830352.0,1.41,33830352.0,1.41
SUNPHARMA,2019-02-02 17:02:00,2019-02-01,2019-01-30,2019-01-30,Promoter Group,Revokation of Pledge,Pledge Revoke,Equity Shares,1750000.0,0.0,0.0,0.0,0.0,959772578.0,40.0,959772578.0,40.0
SUNPHARMA,2019-02-02 17:02:00,2019-02-01,2019-01-30,2019-01-30,Promoter Group,Revokation of Pledge,Pledge Revoke,Equity Shares,875000.0,0.0,0.0,0.0,0.0,959772578.0,40.0,959772578.0,40.0
SUNPHARMA,2019-02-04 12:08:00,2019-02-02,2019-02-01,2019-02-01,Promoter Group,Revokation of Pledge,Pledge Revoke,Equity Shares,1930000.0,0.0,0.0,0.0,0.0,959772578.0,40.0,959772578.0,40.0
SUNPHARMA,2019-02-06 15:17:00,2019-02-05,2019-02-04,2019-02-04,Promoter Group,Pledge Creation,Pledge,Equity Shares,3750000.0,0.0,0.0,0.0,0.0,959772578.0,40.0,959772578.0,40.0
SUNPHARMA,2019-02-06 15:17:00,2019-02-05,2019-02-04,2019-02-04,Promoter Group,Pledge Creation,Pledge,Equity Shares,8750000.0,0.0,0.0,0.0,0.0,959772578.0,40.0,959772578.0,40.0
SUNPHARMA,2019-02-06 16:35:00,2019-02-06,2019-02-04,2019-02-04,Immediate relative,Revokation of Pledge,Pledge Revoke,Equity Shares,2000000.0,0.0,0.0,0.0,0.0,33830352.0,1.41,33830352.0,1.41
SUNPHARMA,2019-02-06 16:35:00,2019-02-06,2019-02-04,2019-02-04,Immediate relative,Pledge Creation,Pledge,Equity Shares,2085000.0,0.0,0.0,0.0,0.0,33830352.0,1.41,33830352.0,1.41
SUNPHARMA,2019-02-06 16:44:00,2019-02-06,2019-02-05,2019-02-05,Promoter Group,Revokation of Pledge,Pledge Revoke,Equity Shares,835000.0,0.0,0.0,0.0,0.0,959772578.0,40.0,959772578.0,40.0
SUNPHARMA,2019-02-06 16:44:00,2019-02-06,2019-02-05,2019-02-05,Promoter Group,Revokation of Pledge,Pledge Revoke,Equity Shares,1650000.0,0.0,0.0,0.0,0.0,959772578.0,40.0,959772578.0,40.0
SUNPHARMA,2019-02-11 13:01:00,2019-02-08,2019-02-07,2019-02-07,Promoter Group,Revokation of Pledge,Pledge Revoke,Equity Shares,23500000.0,0.0,0.0,0.0,0.0,959772578.0,40.0,959772578.0,40.0
SUNPHARMA,2019-02-13 12:46:00,2019-02-12,2019-02-11,2019-02-11,Promoter Group,Pledge Creation,Pledge,Equity Shares,6250000.0,0.0,0.0,0.0,0.0,959772578.0,40.0,959772578.0,40.0
SUNPHARMA,2019-02-13 12:46:00,2019-02-12,2019-02-11,2019-02-11,Promoter Group,Pledge Creation,Pledge,Equity Shares,6250000.0,0.0,0.0,0.0,0.0,959772578.0,40.0,959772578.0,40.0
SUNPHARMA,2019-02-15 12:55:00,2019-02-14,2019-02-13,2019-02-13,Immediate relative,Pledge Creation,Pledge,Equity Shares,1930000.0,0.0,0.0,0.0,0.0,33830352.0,1.41,33830352.0,1.41
SUNPHARMA,2019-02-15 12:55:00,2019-02-14,2019-02-12,2019-02-12,Immediate relative,Revokation of Pledge,Pledge Revoke,Equity Shares,1935000.0,0.0,0.0,0.0,0.0,33830352.0,1.41,33830352.0,1.41
SUNPHARMA,2019-02-21 12:22:00,2019-02-19,2019-02-18,2019-02-18,Promoter Group,Pledge Creation,Pledge,Equity Shares,4000000.0,0.0,0.0,0.0,0.0,959772578.0,40.0,959772578.0,40.0
SUNPHARMA,2019-02-21 12:22:00,2019-02-19,2019-02-18,2019-02-18,Promoter Group,Pledge Creation,Pledge,Equity Shares,5750000.0,0.0,0.0,0.0,0.0,959772578.0,40.0,959772578.0,40.0
SUNPHARMA,2019-02-22 14:29:00,2019-02-22,2019-02-21,2019-02-21,Promoter Group,Pledge Creation,Pledge,Equity Shares,4375000.0,0.0,0.0,0.0,0.0,959772578.0,40.0,959772578.0,40.0
SUNPHARMA,2019-02-22 14:29:00,2019-02-22,2019-02-21,2019-02-21,Promoter Group,Pledge Creation,Pledge,Equity Shares,4375000.0,0.0,0.0,0.0,0.0,959772578.0,40.0,959772578.0,40.0
SUNPHARMA,2019-02-27 16:14:00,2019-02-25,2019-02-22,2019-02-22,Immediate relative,Revokation of Pledge,Pledge Revoke,Equity Shares,2950000.0,0.0,0.0,0.0,0.0,33830352.0,1.41,33830352.0,1.41
SUNPHARMA,2019-02-27 16:41:00,2019-02-26,2019-02-25,2019-02-25,Promoter Group,Revokation of Pledge,Pledge Revoke,Equity Shares,8750000.0,0.0,0.0,0.0,0.0,959772578.0,40.0,959772578.0,40.0
SUNPHARMA,2019-02-27 16:41:00,2019-02-26,2019-02-22,2019-02-22,Promoter Group,Pledge Creation,Pledge,Equity Shares,4375000.0,0.0,0.0,0.0,0.0,959772578.0,40.0,959772578.0,40.0
SUNPHARMA,2019-02-27 16:41:00,2019-02-26,2019-02-22,2019-02-22,Promoter Group,Pledge Creation,Pledge,Equity Shares,4157000.0,0.0,0.0,0.0,0.0,959772578.0,40.0,959772578.0,40.0
SUNPHARMA,2019-03-04 11:47:00,2019-03-01,2019-03-01,2019-03-01,Immediate relative,Off Market,Pledge Revoke,Equity Shares,1375000.0,0.0,0.0,0.0,0.0,33830352.0,1.41,33830352.0,1.41
SUNPHARMA,2019-03-04 11:47:00,2019-03-01,2019-02-27,2019-02-27,Immediate relative,Off Market,Pledge,Equity Shares,10935000.0,0.0,0.0,0.0,0.0,33830352.0,1.41,33830352.0,1.41
SUNPHARMA,2019-03-04 11:59:00,2019-03-01,2019-02-28,2019-02-28,Promoter Group,Revokation of Pledge,Pledge Revoke,Equity Shares,1170000.0,0.0,0.0,0.0,0.0,959772578.0,40.0,959772578.0,40.0
SUNPHARMA,2019-03-08 12:09:00,2019-03-07,2019-03-06,2019-03-06,Promoter Group,Pledge Creation,Pledge,Equity Shares,4100000.0,0.0,0.0,0.0,0.0,959772578.0,40.0,959772578.0,40.0
SUNPHARMA,2019-03-14 16:47:00,2019-03-13,2019-03-12,2019-03-12,Immediate relative,Market Sale,Sell,Equity Shares,225000.0,0.0,0.0,0.0,0.0,2370503.0,0.1,2145503.0,0.1
SUNPHARMA,2019-03-14 16:47:00,2019-03-13,2019-03-13,2019-03-13,Immediate relative,Off Market,Pledge Revoke,Equity Shares,125000.0,0.0,0.0,0.0,0.0,2145503.0,0.1,2145503.0,0.1
SUNPHARMA,2019-03-14 16:47:00,2019-03-13,2019-03-13,2019-03-13,Immediate relative,Market Sale,Sell,Equity Shares,125000.0,0.0,0.0,0.0,0.0,2145503.0,0.1,2020503.0,0.08
SUNPHARMA,2019-03-14 16:47:00,2019-03-13,2019-03-11,2019-03-11,Immediate relative,Market Sale,Sell,Equity Shares,150000.0,0.0,0.0,0.0,0.0,2520503.0,0.11,2370503.0,0.1
SUNPHARMA,2019-03-14 16:47:00,2019-03-13,2019-03-11,2019-03-11,Immediate relative,Off Market,Pledge Revoke,Equity Shares,150000.0,0.0,0.0,0.0,0.0,2520503.0,0.11,2520503.0,0.11
SUNPHARMA,2019-03-14 16:47:00,2019-03-13,2019-03-12,2019-03-12,Immediate relative,Off Market,Pledge Revoke,Equity Shares,225000.0,0.0,0.0,0.0,0.0,2370503.0,0.1,2370503.0,0.1
SUNPHARMA,2019-03-14 16:59:00,2019-03-13,2019-03-11,2019-03-11,Immediate relative,Revokation of Pledge,Pledge Revoke,Equity Shares,2515000.0,0.0,0.0,0.0,0.0,33830352.0,1.41,33830352.0,1.41
SUNPHARMA,2019-03-19 14:41:00,2019-03-18,2019-03-15,2019-03-15,Promoter Group,Pledge Creation,Pledge,Equity Shares,1750000.0,0.0,0.0,0.0,0.0,959772578.0,40.0,959772578.0,40.0
SUNPHARMA,2019-03-19 14:41:00,2019-03-18,2019-03-15,2019-03-15,Promoter Group,Pledge Creation,Pledge,Equity Shares,2350000.0,0.0,0.0,0.0,0.0,959772578.0,40.0,959772578.0,40.0
SUNPHARMA,2019-03-20 18:03:00,2019-03-18,2019-03-15,2019-03-15,Immediate relative,Market Sale,Sell,Equity Shares,152881.0,0.0,0.0,0.0,0.0,1795503.0,0.07,1642622.0,0.07
SUNPHARMA,2019-03-20 18:03:00,2019-03-18,2019-03-15,2019-03-15,Immediate relative,Off Market,Pledge Revoke,Equity Shares,152881.0,0.0,0.0,0.0,0.0,1795503.0,0.07,1795503.0,0.07
SUNPHARMA,2019-03-20 18:03:00,2019-03-18,2019-03-14,2019-03-14,Immediate relative,Off Market,Pledge Revoke,Equity Shares,225000.0,0.0,0.0,0.0,0.0,2020503.0,0.08,2020503.0,0.08
SUNPHARMA,2019-03-20 18:03:00,2019-03-18,2019-03-14,2019-03-14,Immediate relative,Market Sale,Sell,Equity Shares,225000.0,0.0,0.0,0.0,0.0,2020503.0,0.08,1795503.0,0.07
SUNPHARMA,2019-03-20 18:23:00,2019-03-19,2019-03-15,2019-03-15,Immediate relative,Off Market,Pledge Revoke,Equity Shares,40000.0,0.0,0.0,0.0,0.0,432008.0,0.02,432008.0,0.02
SUNPHARMA,2019-03-20 18:23:00,2019-03-19,2019-03-15,2019-03-15,Immediate relative,Market Sale,Sell,Equity Shares,40000.0,0.0,0.0,0.0,0.0,432008.0,0.02,392008.0,0.02
SUNPHARMA,2019-03-20 18:23:00,2019-03-19,2019-03-18,2019-03-18,Immediate relative,Off Market,Pledge Revoke,Equity Shares,50000.0,0.0,0.0,0.0,0.0,392008.0,0.02,392008.0,0.02
SUNPHARMA,2019-03-20 18:23:00,2019-03-19,2019-03-18,2019-03-18,Immediate relative,Market Sale,Sell,Equity Shares,50000.0,0.0,0.0,0.0,0.0,392008.0,0.02,342008.0,0.01
SUNPHARMA,2019-03-20 18:23:00,2019-03-19,2019-03-19,2019-03-19,Immediate relative,Off Market,Pledge Revoke,Equity Shares,75000.0,0.0,0.0,0.0,0.0,342008.0,0.01,342008.0,0.01
SUNPHARMA,2019-03-20 18:23:00,2019-03-19,2019-03-19,2019-03-19,Immediate relative,Market Sale,Sell,Equity Shares,75000.0,0.0,0.0,0.0,0.0,342008.0,0.01,267008.0,0.01
SUNPHARMA,2019-03-20 18:23:00,2019-03-19,2019-03-15,2019-03-15,Immediate relative,Market Sale,Sell,Equity Shares,116427.0,0.0,0.0,0.0,0.0,548435.0,0.02,432008.0,0.02
SUNPHARMA,2019-03-20 18:23:00,2019-03-19,2019-03-15,2019-03-15,Immediate relative,Off Market,Pledge Revoke,Equity Shares,116427.0,0.0,0.0,0.0,0.0,548435.0,0.02,548435.0,0.02
SUNPHARMA,2019-03-20 18:23:00,2019-03-19,2019-03-14,2019-03-14,Immediate relative,Market Sale,Sell,Equity Shares,40000.0,0.0,0.0,0.0,0.0,629127.0,0.03,589127.0,0.03
SUNPHARMA,2019-03-20 18:23:00,2019-03-19,2019-03-15,2019-03-15,Immediate relative,Off Market,Pledge Revoke,Equity Shares,40692.0,0.0,0.0,0.0,0.0,589127.0,0.03,589127.0,0.03
SUNPHARMA,2019-03-20 18:23:00,2019-03-19,2019-03-15,2019-03-15,Immediate relative,Market Sale,Sell,Equity Shares,40692.0,0.0,0.0,0.0,0.0,589127.0,0.03,548435.0,0.02
SUNPHARMA,2019-03-20 18:23:00,2019-03-19,2019-03-14,2019-03-14,Immediate relative,Off Market,Pledge Revoke,Equity Shares,40000.0,0.0,0.0,0.0,0.0,629127.0,0.03,629127.0,0.03
SUNPHARMA,2019-03-25 19:23:00,2019-03-25,2019-03-22,2019-03-22,Promoter Group,Pledge Creation,Pledge,Equity Shares,7000000.0,0.0,0.0,0.0,0.0,40153960.0,1.67,40153960.0,1.67
SUNPHARMA,2019-03-28 18:14:00,2019-03-27,2019-03-26,2019-03-26,Promoter Group,Pledge Creation,Pledge,Equity Shares,4900000.0,0.0,0.0,0.0,0.0,959772578.0,40.0,959772578.0,40.0
SUNPHARMA,2019-03-28 18:14:00,2019-03-27,2019-03-26,2019-03-26,Promoter Group,Pledge Creation,Pledge,Equity Shares,13600000.0,0.0,0.0,0.0,0.0,959772578.0,40.0,959772578.0,40.0
SUNPHARMA,2019-03-29 15:49:00,2019-03-28,2019-03-26,2019-03-26,Immediate relative,Pledge Creation,Pledge,Equity Shares,4700000.0,0.0,0.0,0.0,0.0,33830352.0,1.41,33830352.0,1.41
SUNPHARMA,2019-04-01 14:52:00,2019-03-29,2019-03-28,2019-03-28,Immediate relative,Off Market,Pledge Revoke,Equity Shares,50000.0,0.0,0.0,0.0,0.0,182008.0,0.01,182008.0,0.01
SUNPHARMA,2019-04-01 14:52:00,2019-03-29,2019-03-28,2019-03-28,Immediate relative,Market Sale,Sell,Equity Shares,50000.0,0.0,0.0,0.0,0.0,182008.0,0.01,132008.0,0.01
SUNPHARMA,2019-04-01 14:52:00,2019-03-29,2019-03-29,2019-03-29,Immediate relative,Off Market,Pledge Revoke,Equity Shares,44008.0,0.0,0.0,0.0,0.0,132008.0,0.01,132008.0,0.01
SUNPHARMA,2019-04-01 14:52:00,2019-03-29,2019-03-20,2019-03-20,Immediate relative,Market Sale,Sell,Equity Shares,50000.0,0.0,0.0,0.0,0.0,267008.0,0.01,217008.0,0.01
SUNPHARMA,2019-04-01 14:52:00,2019-03-29,2019-03-29,2019-03-29,Immediate relative,Off Market,Pledge Revoke,Equity Shares,11219.0,0.0,0.0,0.0,0.0,88000.0,0.0,88000.0,0.0
SUNPHARMA,2019-04-01 14:52:00,2019-03-29,2019-03-29,2019-03-29,Immediate relative,Market Sale,Sell,Equity Shares,11219.0,0.0,0.0,0.0,0.0,88000.0,0.0,76781.0,0.0
SUNPHARMA,2019-04-01 14:52:00,2019-03-29,2019-03-20,2019-03-20,Immediate relative,Off Market,Pledge Revoke,Equity Shares,50000.0,0.0,0.0,0.0,0.0,267008.0,0.01,267008.0,0.01
SUNPHARMA,2019-04-01 14:52:00,2019-03-29,2019-03-22,2019-03-22,Immediate relative,Market Sale,Sell,Equity Shares,35000.0,0.0,0.0,0.0,0.0,217008.0,0.01,182008.0,0.01
SUNPHARMA,2019-04-01 14:52:00,2019-03-29,2019-03-22,2019-03-22,Immediate relative,Off Market,Pledge Revoke,Equity Shares,35000.0,0.0,0.0,0.0,0.0,217008.0,0.01,217008.0,0.01
SUNPHARMA,2019-04-01 14:52:00,2019-03-29,2019-03-29,2019-03-29,Immediate relative,Market Sale,Sell,Equity Shares,44008.0,0.0,0.0,0.0,0.0,132008.0,0.01,88000.0,0.0
SUNPHARMA,2019-04-01 15:02:00,2019-03-29,2019-03-28,2019-03-28,Promoter Group,Revokation of Pledge,Pledge Revoke,Equity Shares,2187500.0,0.0,0.0,0.0,0.0,959772578.0,40.0,959772578.0,40.0
SUNPHARMA,2019-04-05 16:32:00,2019-04-04,2019-04-03,2019-04-03,Promoter Group,Revokation of Pledge,Pledge Revoke,Equity Shares,4375000.0,0.0,0.0,0.0,0.0,959772578.0,40.0,959772578.0,40.0
SUNPHARMA,2019-04-05 16:41:00,2019-04-05,2019-04-03,2019-04-03,Immediate relative,Revokation of Pledge,Pledge Revoke,Equity Shares,400000.0,0.0,0.0,0.0,0.0,33830352.0,1.41,33830352.0,1.41
SUNPHARMA,2019-04-08 16:44:00,2019-04-08,2019-04-04,2019-04-04,Promoter Group,Pledge Creation,Pledge,Equity Shares,21350000.0,0.0,0.0,0.0,0.0,959772578.0,40.0,959772578.0,40.0
SUNPHARMA,2019-04-10 16:26:00,2019-04-08,2019-04-02,2019-04-02,Immediate relative,Market Sale,Sell,Equity Shares,25000.0,0.0,0.0,0.0,0.0,1642622.0,0.07,1617622.0,0.07
SUNPHARMA,2019-04-10 16:26:00,2019-04-08,2019-04-02,2019-04-02,Immediate relative,Off Market,Pledge Revoke,Equity Shares,25000.0,0.0,0.0,0.0,0.0,1642622.0,0.07,1642622.0,0.07
SUNPHARMA,2019-04-10 16:32:00,2019-04-08,2019-04-01,2019-04-01,Immediate relative,Off Market,Pledge Revoke,Equity Shares,16781.0,0.0,0.0,0.0,0.0,76781.0,0.0,76781.0,0.0
SUNPHARMA,2019-04-10 16:32:00,2019-04-08,2019-04-01,2019-04-01,Immediate relative,Market Sale,Sell,Equity Shares,50000.0,0.0,0.0,0.0,0.0,76781.0,0.0,26781.0,0.0
SUNPHARMA,2019-04-10 18:05:00,2019-04-10,2019-04-09,2019-04-09,Promoter Group,Off Market,Pledge Revoke,Equity Shares,3750000.0,0.0,0.0,0.0,0.0,959772578.0,40.0,959772578.0,40.0
SUNPHARMA,2019-04-10 18:05:00,2019-04-10,2019-04-09,2019-04-09,Promoter Group,Off Market,Pledge Revoke,Equity Shares,8750000.0,0.0,0.0,0.0,0.0,959772578.0,40.0,959772578.0,40.0
SUNPHARMA,2019-04-25 15:02:00,2019-04-23,2019-04-20,2019-04-20,Immediate relative,Revokation of Pledge,Pledge Revoke,Equity Shares,825000.0,0.0,0.0,0.0,0.0,1277952.0,0.05,1277952.0,0.05
SUNPHARMA,2019-04-26 17:43:00,2019-04-26,2019-04-25,2019-04-25,Promoter Group,Revokation of Pledge,Pledge Revoke,Equity Shares,4375000.0,0.0,0.0,0.0,0.0,959772578.0,40.0,959772578.0,40.0
SUNPHARMA,2019-05-03 12:36:00,2019-05-02,2019-04-26,2019-04-26,Promoter Group,Revokation of Pledge,Pledge Revoke,Equity Shares,2100000.0,0.0,0.0,0.0,0.0,959772578.0,40.0,959772578.0,40.0
SUNPHARMA,2019-05-03 12:36:00,2019-05-02,2019-04-26,2019-04-26,Promoter Group,Revokation of Pledge,Pledge Revoke,Equity Shares,1500000.0,0.0,0.0,0.0,0.0,959772578.0,40.0,959772578.0,40.0
SUNPHARMA,2019-05-10 17:12:00,2019-05-09,2019-05-07,2019-05-07,Immediate relative,Revokation of Pledge,Pledge Revoke,Equity Shares,1930000.0,0.0,0.0,0.0,0.0,33830352.0,1.41,33830352.0,1.41
SUNPHARMA,2019-05-18 18:47:00,2019-05-17,2019-05-15,2019-05-15,Immediate relative,Pledge Creation,Pledge,Equity Shares,400000.0,0.0,0.0,0.0,0.0,33830352.0,1.41,33830352.0,1.41
SUNPHARMA,2019-05-18 18:47:00,2019-05-16,2019-05-15,2019-05-15,Promoter Group,Pledge Creation,Pledge,Equity Shares,571815.0,0.0,0.0,0.0,0.0,959772578.0,40.0,959772578.0,40.0
SUNPHARMA,2019-05-18 18:47:00,2019-05-16,2019-05-14,2019-05-14,Promoter Group,Pledge Creation,Pledge,Equity Shares,750000.0,0.0,0.0,0.0,0.0,40153960.0,1.67,40153960.0,1.67
SUNPHARMA,2019-05-18 18:47:00,2019-05-18,2019-05-16,2019-05-16,Promoter Group,Pledge Creation,Pledge,Equity Shares,1000000.0,0.0,0.0,0.0,0.0,959772578.0,40.0,959772578.0,40.0
SUNPHARMA,2019-05-18 18:47:00,2019-05-16,2019-05-14,2019-05-14,Promoter Group,Pledge Creation,Pledge,Equity Shares,3500000.0,0.0,0.0,0.0,0.0,959772578.0,40.0,959772578.0,40.0
SUNPHARMA,2019-05-18 18:47:00,2019-05-18,2019-05-16,2019-05-16,Promoter Group,Pledge Creation,Pledge,Equity Shares,300000.0,0.0,0.0,0.0,0.0,959772578.0,40.0,959772578.0,40.0
SUNPHARMA,2019-05-18 18:47:00,2019-05-18,2019-05-17,2019-05-17,Promoter Group,Revokation of Pledge,Pledge Revoke,Equity Shares,8750000.0,0.0,0.0,0.0,0.0,959772578.0,40.0,959772578.0,40.0
SUNPHARMA,2019-05-18 18:47:00,2019-05-18,2019-05-17,2019-05-17,Promoter Group,Pledge Creation,Pledge,Equity Shares,9200000.0,0.0,0.0,0.0,0.0,959772578.0,40.0,959772578.0,40.0
SUNPHARMA,2019-05-18 18:47:00,2019-05-18,2019-05-16,2019-05-16,Promoter Group,Pledge Creation,Pledge,Equity Shares,300000.0,0.0,0.0,0.0,0.0,959772578.0,40.0,959772578.0,40.0
SUNPHARMA,2019-05-22 17:28:00,2019-05-22,2019-05-21,2019-05-21,Promoter Group,Revokation of Pledge,Pledge Revoke,Equity Shares,4157000.0,0.0,0.0,0.0,0.0,959772578.0,40.0,959772578.0,40.0
SUNPHARMA,2019-06-03 15:50:00,2019-06-03,2019-05-30,2019-05-30,Promoter Group,Revokation of Pledge,Pledge Revoke,Equity Shares,4100000.0,0.0,0.0,0.0,0.0,959772578.0,40.0,959772578.0,40.0
SUNPHARMA,2019-06-05 16:21:00,2019-06-04,2019-06-03,2019-06-03,Promoter Group,Pledge Creation,Pledge,Equity Shares,5000000.0,0.0,0.0,0.0,0.0,959772578.0,40.0,959772578.0,40.0
SUNPHARMA,2019-06-14 18:01:00,2019-06-13,2019-06-12,2019-06-12,Promoter Group,Pledge Creation,Pledge,Equity Shares,250000.0,0.0,0.0,0.0,0.0,959772578.0,40.0,959772578.0,40.0
SUNPHARMA,2019-06-14 18:01:00,2019-06-13,2019-06-12,2019-06-12,Promoter Group,Pledge Creation,Pledge,Equity Shares,200000.0,0.0,0.0,0.0,0.0,959772578.0,40.0,959772578.0,40.0
SUNPHARMA,2019-06-17 15:59:00,2019-06-14,2019-06-12,2019-06-12,Immediate relative,Pledge Creation,Pledge,Equity Shares,450000.0,0.0,0.0,0.0,0.0,33830352.0,1.41,33830352.0,1.41
SUNPHARMA,2019-06-21 17:39:00,2019-06-20,2019-06-19,2019-06-19,Promoter Group,Pledge Creation,Pledge,Equity Shares,250000.0,0.0,0.0,0.0,0.0,40153960.0,1.67,40153960.0,1.67
SUNPHARMA,2019-06-21 17:39:00,2019-06-21,2019-06-19,2019-06-19,Immediate relative,Pledge Creation,Pledge,Equity Shares,300000.0,0.0,0.0,0.0,0.0,33830352.0,1.41,33830352.0,1.41
SUNPHARMA,2019-06-21 17:39:00,2019-06-21,2019-06-20,2019-06-20,Promoter Group,Pledge Creation,Pledge,Equity Shares,100000.0,0.0,0.0,0.0,0.0,959772578.0,40.0,959772578.0,40.0
SUNPHARMA,2019-06-21 17:39:00,2019-06-20,2019-06-19,2019-06-19,Promoter Group,Pledge Creation,Pledge,Equity Shares,300000.0,0.0,0.0,0.0,0.0,959772578.0,40.0,959772578.0,40.0
SUNPHARMA,2019-06-21 17:39:00,2019-06-20,2019-06-19,2019-06-19,Promoter Group,Pledge Creation,Pledge,Equity Shares,300000.0,0.0,0.0,0.0,0.0,959772578.0,40.0,959772578.0,40.0
SUNPHARMA,2019-06-21 17:39:00,2019-06-20,2019-06-19,2019-06-19,Promoter Group,Pledge Creation,Pledge,Equity Shares,200000.0,0.0,0.0,0.0,0.0,959772578.0,40.0,959772578.0,40.0
SUNPHARMA,2019-06-21 17:39:00,2019-06-20,2019-06-19,2019-06-19,Promoter Group,Pledge Creation,Pledge,Equity Shares,500000.0,0.0,0.0,0.0,0.0,959772578.0,40.0,959772578.0,40.0
SUNPHARMA,2019-06-21 17:39:00,2019-06-20,2019-06-18,2019-06-18,Promoter Group,Pledge Creation,Pledge,Equity Shares,125000.0,0.0,0.0,0.0,0.0,959772578.0,40.0,959772578.0,40.0
SUNPHARMA,2019-06-21 17:39:00,2019-06-20,2019-06-18,2019-06-18,Promoter Group,Pledge Creation,Pledge,Equity Shares,200000.0,0.0,0.0,0.0,0.0,40153960.0,1.67,40153960.0,1.67
SUNPHARMA,2019-06-24 15:55:00,2019-06-21,2019-06-20,2019-06-20,Director,Market Sale,Sell,Equity Shares,50000.0,0.0,0.0,0.0,0.0,3489960.0,0.15,3439960.0,0.14
SUNPHARMA,2019-06-24 15:55:00,2019-06-21,2019-06-19,2019-06-19,Director,Market Sale,Sell,Equity Shares,25000.0,0.0,0.0,0.0,0.0,3514960.0,0.15,3489960.0,0.15
SUNPHARMA,2019-06-24 16:00:00,2019-06-21,2019-06-20,2019-06-20,Immediate relative,Market Sale,Sell,Equity Shares,50000.0,0.0,0.0,0.0,0.0,401629.0,0.02,351629.0,0.01
SUNPHARMA,2019-06-24 16:00:00,2019-06-21,2019-06-19,2019-06-19,Immediate relative,Market Sale,Sell,Equity Shares,25000.0,0.0,0.0,0.0,0.0,426629.0,0.02,401629.0,0.02
SUNPHARMA,2019-06-27 18:50:00,2019-06-26,2019-06-24,2019-06-24,Immediate relative,Market Sale,Sell,Equity Shares,25000.0,0.0,0.0,0.0,0.0,351629.0,0.01,326629.0,0.01
SUNPHARMA,2019-06-27 18:50:00,2019-06-26,2019-06-26,2019-06-26,Director,Market Sale,Sell,Equity Shares,2000.0,0.0,0.0,0.0,0.0,3409960.0,0.14,3407960.0,0.14
SUNPHARMA,2019-06-27 18:50:00,2019-06-26,2019-06-25,2019-06-25,Director,Market Sale,Sell,Equity Shares,5000.0,0.0,0.0,0.0,0.0,3414960.0,0.14,3409960.0,0.14
SUNPHARMA,2019-06-27 18:50:00,2019-06-26,2019-06-24,2019-06-24,Director,Market Sale,Sell,Equity Shares,25000.0,0.0,0.0,0.0,0.0,3439960.0,0.14,3414960.0,0.14
SUNPHARMA,2019-06-27 18:50:00,2019-06-26,2019-06-24,2019-06-24,Promoter Group,Pledge Creation,Pledge,Equity Shares,6850000.0,0.0,0.0,0.0,0.0,959772578.0,40.0,959772578.0,40.0
SUNPHARMA,2019-06-27 18:50:00,2019-06-27,2019-06-25,2019-06-25,Promoter Group,Revokation of Pledge,Pledge Revoke,Equity Shares,8200000.0,0.0,0.0,0.0,0.0,40153960.0,1.67,40153960.0,1.67
SUNPHARMA,2019-07-01 18:03:00,2019-07-01,2019-06-28,2019-06-28,Immediate relative,Revokation of Pledge,Pledge Revoke,Equity Shares,1000000.0,0.0,0.0,0.0,0.0,33830352.0,1.41,33830352.0,1.41
SUNPHARMA,2019-07-01 18:03:00,2019-06-28,2019-06-27,2019-06-27,Immediate relative,Pledge Creation,Pledge,Equity Shares,3000000.0,0.0,0.0,0.0,0.0,33830352.0,1.41,33830352.0,1.41
SUNPHARMA,2019-07-01 18:03:00,2019-06-28,2019-06-27,2019-06-27,Immediate relative,Revokation of Pledge,Pledge Revoke,Equity Shares,3000000.0,0.0,0.0,0.0,0.0,33830352.0,1.41,33830352.0,1.41
SUNPHARMA,2019-07-01 18:03:00,2019-06-28,2019-06-26,2019-06-26,Immediate relative,Pledge Creation,Pledge,Equity Shares,1000000.0,0.0,0.0,0.0,0.0,33830352.0,1.41,33830352.0,1.41
SUNPHARMA,2019-07-08 16:36:00,2019-07-05,2019-07-03,2019-07-03,Immediate relative,Revokation of Pledge,Pledge Revoke,Equity Shares,300000.0,0.0,0.0,0.0,0.0,33830352.0,1.41,33830352.0,1.41
SUNPHARMA,2019-07-08 16:36:00,2019-07-05,2019-07-03,2019-07-03,Immediate relative,Pledge Creation,Pledge,Equity Shares,300000.0,0.0,0.0,0.0,0.0,33830352.0,1.41,33830352.0,1.41
SUNPHARMA,2019-07-08 16:36:00,2019-07-05,2019-07-04,2019-07-04,Immediate relative,Revokation of Pledge,Pledge Revoke,Equity Shares,2000000.0,0.0,0.0,0.0,0.0,33830352.0,1.41,33830352.0,1.41
SUNPHARMA,2019-07-08 16:36:00,2019-07-05,2019-07-04,2019-07-04,Immediate relative,Pledge Creation,Pledge,Equity Shares,2000000.0,0.0,0.0,0.0,0.0,33830352.0,1.41,33830352.0,1.41
SUNPHARMA,2019-07-11 17:07:00,2019-07-10,2019-07-09,2019-07-09,Immediate relative,Pledge Creation,Pledge,Equity Shares,2700000.0,0.0,0.0,0.0,0.0,33830352.0,1.41,33830352.0,1.41
SUNPHARMA,2019-07-11 17:07:00,2019-07-11,2019-07-09,2019-07-09,Promoter Group,Pledge Creation,Pledge,Equity Shares,400000.0,0.0,0.0,0.0,0.0,959772578.0,40.0,959772578.0,40.0
SUNPHARMA,2019-07-11 17:07:00,2019-07-10,2019-07-09,2019-07-09,Immediate relative,Revokation of Pledge,Pledge Revoke,Equity Shares,2200000.0,0.0,0.0,0.0,0.0,33830352.0,1.41,33830352.0,1.41
SUNPHARMA,2019-07-17 17:06:00,2019-07-16,2019-07-12,2019-07-12,Immediate relative,Pledge Creation,Pledge,Equity Shares,3000000.0,0.0,0.0,0.0,0.0,33830352.0,1.41,33830352.0,1.41
SUNPHARMA,2019-07-17 17:06:00,2019-07-16,2019-07-16,2019-07-16,Immediate relative,Pledge Creation,Pledge,Equity Shares,3000000.0,0.0,0.0,0.0,0.0,33830352.0,1.41,33830352.0,1.41
SUNPHARMA,2019-07-17 17:06:00,2019-07-16,2019-07-12,2019-07-12,Immediate relative,Revokation of Pledge,Pledge Revoke,Equity Shares,3000000.0,0.0,0.0,0.0,0.0,33830352.0,1.41,33830352.0,1.41
SUNPHARMA,2019-07-17 17:06:00,2019-07-16,2019-07-16,2019-07-16,Immediate relative,Pledge Creation,Pledge,Equity Shares,585000.0,0.0,0.0,0.0,0.0,33830352.0,1.41,33830352.0,1.41
SUNPHARMA,2019-07-17 17:06:00,2019-07-16,2019-07-16,2019-07-16,Immediate relative,Revokation of Pledge,Pledge Revoke,Equity Shares,3000000.0,0.0,0.0,0.0,0.0,33830352.0,1.41,33830352.0,1.41
SUNPHARMA,2019-07-19 16:46:00,2019-07-19,2019-07-17,2019-07-17,Promoter Group,Revokation of Pledge,Pledge Revoke,Equity Shares,8000.0,0.0,0.0,0.0,0.0,959772578.0,40.0,959772578.0,40.0
SUNPHARMA,2019-07-19 16:46:00,2019-07-19,2019-07-17,2019-07-17,Promoter Group,Revokation of Pledge,Pledge Revoke,Equity Shares,12200.0,0.0,0.0,0.0,0.0,959772578.0,40.0,959772578.0,40.0
SUNPHARMA,2019-07-24 16:00:00,2019-07-23,2019-07-19,2019-07-19,Immediate relative,Revokation of Pledge,Pledge Revoke,Equity Shares,3655000.0,0.0,0.0,0.0,0.0,33830352.0,1.41,33830352.0,1.41
SUNPHARMA,2019-07-24 16:00:00,2019-07-24,2019-07-22,2019-07-22,Immediate relative,Pledge Creation,Pledge,Equity Shares,3655000.0,0.0,0.0,0.0,0.0,33830352.0,1.41,33830352.0,1.41
SUNPHARMA,2019-07-27 17:31:00,2019-07-25,2019-07-24,2019-07-24,Promoter Group,Pledge Creation,Pledge,Equity Shares,9970000.0,0.0,0.0,0.0,0.0,40153960.0,1.67,40153960.0,1.67
SUNPHARMA,2019-08-05 12:30:00,2019-08-01,2019-07-30,2019-07-30,Immediate relative,Revokation of Pledge,Pledge Revoke,Equity Shares,625000.0,0.0,0.0,0.0,0.0,33830352.0,1.41,33830352.0,1.41
SUNPHARMA,2019-08-13 19:05:00,2019-08-13,2019-08-13,2019-08-13,Director,Off Market,Pledge,Equity Shares,14300000.0,0.0,0.0,0.0,0.0,14345019.0,0.6,14345019.0,0.6
SUNPHARMA,2019-08-13 19:05:00,2019-08-13,2019-08-13,2019-08-13,Promoter Group,Off Market,Pledge Revoke,Equity Shares,9200000.0,0.0,0.0,0.0,0.0,959772578.0,40.0,959772578.0,40.0
SUNPHARMA,2019-08-21 17:14:00,2019-08-21,2019-08-20,2019-08-20,Director,Gift,Sell,Equity Shares,500000.0,0.0,0.0,0.0,0.0,3631747.0,0.15,3131747.0,0.13
SUNPHARMA,2019-08-26 17:22:00,2019-08-26,2019-08-22,2019-08-22,Promoter Group,Pledge Creation,Pledge,Equity Shares,1500000.0,0.0,0.0,0.0,0.0,959772578.0,40.0,959772578.0,40.0
SUNPHARMA,2019-08-26 17:22:00,2019-08-26,2019-08-22,2019-08-22,Promoter Group,Pledge Creation,Pledge,Equity Shares,3500000.0,0.0,0.0,0.0,0.0,959772578.0,40.0,959772578.0,40.0
SUNPHARMA,2019-08-30 19:25:00,2019-08-30,2019-08-30,2019-08-30,Promoter Group,Revokation of Pledge,Pledge Revoke,Equity Shares,5000000.0,0.0,0.0,0.0,0.0,960572578.0,40.03,960572578.0,40.03
SUNPHARMA,2019-08-30 19:25:00,2019-08-30,2019-08-30,2019-08-30,Promoter Group,Market Purchase,Buy,Equity Shares,600000.0,0.0,0.0,0.0,0.0,960572578.0,40.03,961172578.0,40.06
SUNPHARMA,2019-08-30 19:25:00,2019-08-29,2019-08-29,2019-08-29,Promoter Group,Market Purchase,Buy,Equity Shares,800000.0,0.0,0.0,0.0,0.0,959772578.0,40.0,960572578.0,40.03
SUNPHARMA,2019-08-30 19:25:00,2019-08-29,2019-08-27,2019-08-27,Promoter Group,Pledge Creation,Pledge,Equity Shares,23375410.0,0.0,0.0,0.0,0.0,959772578.0,40.0,959772578.0,40.0
SUNPHARMA,2019-09-05 18:41:00,2019-09-05,2019-09-04,2019-09-04,Promoter Group,Market Purchase,Buy,Equity Shares,1000000.0,0.0,0.0,0.0,0.0,961172578.0,40.06,962172578.0,40.1
SUNPHARMA,2019-09-06 19:03:00,2019-09-06,2019-09-06,2019-09-06,Promoter Group,Market Purchase,Buy,Equity Shares,400000.0,0.0,0.0,0.0,0.0,962172578.0,40.1,962572578.0,40.12
SUNPHARMA,2019-09-06 19:03:00,2019-09-06,2019-09-06,2019-09-06,Promoter Group,Off Market,Pledge Revoke,Equity Shares,15100000.0,0.0,0.0,0.0,0.0,962172578.0,40.1,962172578.0,40.1
SUNPHARMA,2019-09-06 19:03:00,2019-09-06,2019-09-06,2019-09-06,Promoter Group,Off Market,Pledge Revoke,Equity Shares,140000.0,0.0,0.0,0.0,0.0,962172578.0,40.1,962172578.0,40.1
SUNPHARMA,2019-09-06 19:03:00,2019-09-06,2019-09-05,2019-09-05,Promoter Group,Off Market,Pledge Revoke,Equity Shares,6680000.0,0.0,0.0,0.0,0.0,962172578.0,40.1,962172578.0,40.1
SUNPHARMA,2019-09-07 17:00:00,2019-09-07,2019-09-06,2019-09-06,Promoter Group,Off Market,Pledge Revoke,Equity Shares,9970000.0,0.0,0.0,0.0,0.0,40153960.0,1.67,40153960.0,1.67
SUNPHARMA,2019-09-11 19:22:00,2019-09-11,2019-09-06,2019-09-06,Director,Market Sale,Sell,Equity Shares,3000.0,0.0,0.0,0.0,0.0,3131747.0,0.13,3128747.0,0.13
SUNPHARMA,2019-09-11 19:22:00,2019-09-11,2019-09-09,2019-09-09,Director,Market Sale,Sell,Equity Shares,6000.0,0.0,0.0,0.0,0.0,3128747.0,0.13,3122747.0,0.13
SUNPHARMA,2019-09-11 19:22:00,2019-09-11,2019-09-11,2019-09-11,Director,Market Sale,Sell,Equity Shares,4000.0,0.0,0.0,0.0,0.0,3122747.0,0.13,3118747.0,0.13
SUNPHARMA,2019-09-16 17:07:00,2019-09-16,2019-09-12,2019-09-12,Director,Market Sale,Sell,Equity Shares,6000.0,0.0,0.0,0.0,0.0,3118747.0,0.13,3112747.0,0.13
SUNPHARMA,2019-09-16 17:07:00,2019-09-16,2019-09-16,2019-09-16,Director,Market Sale,Sell,Equity Shares,2000.0,0.0,0.0,0.0,0.0,3112747.0,0.13,3110747.0,0.13
SUNPHARMA,2019-09-19 17:07:00,2019-09-19,2019-09-19,2019-09-19,Promoter Group,Market Purchase,Buy,Equity Shares,400000.0,0.0,0.0,0.0,0.0,962572578.0,40.12,962972578.0,40.13
SUNPHARMA,2019-09-21 12:38:00,2019-09-21,2019-09-20,2019-09-20,Promoter Group,Market Purchase,Buy,Equity Shares,200000.0,0.0,0.0,0.0,0.0,962972578.0,40.13,963172578.0,40.14
SUNPHARMA,2019-09-25 17:00:00,2019-09-25,2019-09-25,2019-09-25,Promoter Group,Market Purchase,Buy,Equity Shares,500000.0,0.0,0.0,0.0,0.0,963172578.0,40.14,963672578.0,40.16
SUNPHARMA,2019-10-10 14:51:00,2019-10-04,2019-10-03,2019-10-03,Director,Off Market,Pledge,Equity Shares,150000.0,0.0,0.0,0.0,0.0,33830352.0,1.41,33830352.0,1.41
SUNPHARMA,2019-10-10 14:51:00,2019-10-04,2019-10-01,2019-10-01,Director,Off Market,Pledge,Equity Shares,400000.0,0.0,0.0,0.0,0.0,33830352.0,1.41,33830352.0,1.41
SUNPHARMA,2019-10-10 14:51:00,2019-10-05,2019-10-03,2019-10-03,Promoter Group,Off Market,Pledge,Equity Shares,2732393.0,0.0,0.0,0.0,0.0,963672578.0,40.16,963672578.0,40.16
SUNPHARMA,2019-10-11 17:08:00,2019-10-10,2019-10-09,2019-10-09,Immediate relative,Off Market,Pledge,Equity Shares,75000.0,0.0,0.0,0.0,0.0,33830352.0,1.41,33830352.0,1.41
SUNPHARMA,2019-10-11 17:08:00,2019-10-10,2019-10-09,2019-10-09,Promoter Group,Off Market,Pledge,Equity Shares,225000.0,0.0,0.0,0.0,0.0,963672578.0,40.16,963672578.0,40.16
SUNPHARMA,2019-10-16 17:06:00,2019-10-14,2019-10-10,2019-10-10,Immediate relative,Invocation of pledge,Pledge Invoke,Equity Shares,22000.0,0.0,0.0,0.0,0.0,328629.0,0.01,306629.0,0.01
SUNPHARMA,2019-10-25 16:35:00,2019-10-25,2019-10-24,2019-10-24,Promoter Group,Revokation of Pledge,Pledge Revoke,Equity Shares,13200000.0,0.0,0.0,0.0,0.0,963672578.0,40.16,963672578.0,40.16
SUNPHARMA,2019-10-25 16:35:00,2019-10-25,2019-10-24,2019-10-24,Promoter Group,Pledge Creation,Pledge,Equity Shares,13300000.0,0.0,0.0,0.0,0.0,963672578.0,40.16,963672578.0,40.16
SUNPHARMA,2019-11-05 17:49:00,2019-11-05,2019-11-01,2019-11-01,Promoter Group,Revokation of Pledge,Pledge Revoke,Equity Shares,1300000.0,0.0,0.0,0.0,0.0,963672578.0,40.16,963672578.0,40.16
SUNPHARMA,2019-11-12 15:20:00,2019-11-12,2019-11-11,2019-11-11,Promoter Group,Market Purchase,Buy,Equity Shares,300000.0,0.0,0.0,0.0,0.0,963672578.0,40.16,963972578.0,40.18
SUNPHARMA,2019-11-21 16:33:00,2019-11-21,2019-11-19,2019-11-19,Immediate relative,Gift,Buy,Equity Shares,14000.0,0.0,0.0,0.0,0.0,157420.0,0.01,171420.0,0.01
SUNPHARMA,2019-11-28 17:13:00,2019-11-27,2019-11-25,2019-11-25,Immediate relative,Pledge Creation,Pledge,Equity Shares,100000.0,0.0,0.0,0.0,0.0,199465.0,0.01,199465.0,0.01
SUNPHARMA,2019-11-28 17:13:00,2019-11-27,2019-11-25,2019-11-25,Immediate relative,Revokation of Pledge,Pledge Revoke,Equity Shares,100000.0,0.0,0.0,0.0,0.0,199465.0,0.01,199465.0,0.01
SUNPHARMA,2019-11-29 13:07:00,2019-11-28,2019-11-25,2019-11-25,Immediate relative,Market Sale,Sell,Equity Shares,10000.0,0.0,0.0,0.0,0.0,302629.0,0.01,292629.0,0.01
SUNPHARMA,2019-11-29 13:07:00,2019-11-28,2019-11-27,2019-11-27,Immediate relative,Market Sale,Sell,Equity Shares,5000.0,0.0,0.0,0.0,0.0,290392.0,0.01,285392.0,0.01
SUNPHARMA,2019-11-29 13:07:00,2019-11-28,2019-11-26,2019-11-26,Immediate relative,Market Sale,Sell,Equity Shares,2237.0,0.0,0.0,0.0,0.0,292629.0,0.01,290392.0,0.01
SUNPHARMA,2019-11-29 13:07:00,2019-11-28,2019-11-22,2019-11-22,Immediate relative,Market Sale,Sell,Equity Shares,4000.0,0.0,0.0,0.0,0.0,306629.0,0.01,302629.0,0.01
SUNPHARMA,2019-12-05 15:17:00,2019-12-03,2019-11-25,2019-11-28,Immediate relative,Revokation of Pledge,Pledge Revoke,Equity Shares,45000.0,0.0,0.0,0.0,0.0,1617622.0,0.07,1617622.0,0.07
SUNPHARMA,2019-12-05 15:17:00,2019-12-03,2019-11-25,2019-11-28,Immediate relative,Market Sale,Sell,Equity Shares,45000.0,0.0,0.0,0.0,0.0,1617622.0,0.07,1572622.0,0.07
SUNPHARMA,2019-12-06 18:22:00,2019-12-05,2019-12-03,2019-12-03,Immediate relative,Pledge Creation,Pledge,Equity Shares,5000.0,0.0,0.0,0.0,0.0,285392.0,0.01,285392.0,0.01
SUNPHARMA,2019-12-06 18:22:00,2019-12-05,2019-12-03,2019-12-03,Immediate relative,Revokation of Pledge,Pledge Revoke,Equity Shares,5000.0,0.0,0.0,0.0,0.0,285392.0,0.01,285392.0,0.01
SUNPHARMA,2019-12-06 18:22:00,2019-12-06,2019-12-05,2019-12-05,Director,Pledge Creation,Pledge,Equity Shares,184000.0,0.0,0.0,0.0,0.0,3110747.0,0.13,3110747.0,0.13
SUNPHARMA,2019-12-06 18:22:00,2019-12-05,2019-12-03,2019-12-03,Director,Pledge Creation,Pledge,Equity Shares,200000.0,0.0,0.0,0.0,0.0,3110747.0,0.13,3110747.0,0.13
SUNPHARMA,2019-12-06 18:22:00,2019-12-05,2019-12-03,2019-12-03,Director,Revokation of Pledge,Pledge Revoke,Equity Shares,200000.0,0.0,0.0,0.0,0.0,3110747.0,0.13,3110747.0,0.13
SUNPHARMA,2019-12-06 18:22:00,2019-12-06,2019-12-05,2019-12-05,Director,Revokation of Pledge,Pledge Revoke,Equity Shares,184000.0,0.0,0.0,0.0,0.0,3110747.0,0.13,3110747.0,0.13
SUNPHARMA,2019-12-16 16:58:00,2019-12-13,2019-12-12,2019-12-12,Promoter Group,Revokation of Pledge,Pledge Revoke,Equity Shares,30000.0,0.0,0.0,0.0,0.0,963972578.0,40.18,963972578.0,40.18
SUNPHARMA,2019-12-18 17:20:00,2019-12-18,2019-12-17,2019-12-17,Promoter Group,Revokation of Pledge,Pledge Revoke,Equity Shares,6850000.0,0.0,0.0,0.0,0.0,963972578.0,40.18,963972578.0,40.18
SUNPHARMA,2019-12-20 19:33:00,2019-12-20,2019-12-19,2019-12-19,Immediate relative,Market Sale,Sell,Equity Shares,1929.0,0.0,0.0,0.0,0.0,275321.0,0.01,273392.0,0.01
SUNPHARMA,2019-12-20 19:33:00,2019-12-20,2019-12-19,2019-12-19,Immediate relative,Market Sale,Sell,Equity Shares,10071.0,0.0,0.0,0.0,0.0,285392.0,0.01,275321.0,0.01
SUNPHARMA,2020-01-02 16:11:00,2019-12-31,2019-12-30,2019-12-30,Immediate relative,Market Sale,Sell,Equity Shares,12000.0,0.0,0.0,0.0,0.0,273392.0,0.01,261392.0,0.01
SUNPHARMA,2020-01-02 16:11:00,2019-12-31,2019-12-31,2019-12-31,Immediate relative,Market Sale,Sell,Equity Shares,6000.0,0.0,0.0,0.0,0.0,261392.0,0.01,255392.0,0.01
SUNPHARMA,2020-01-17 18:17:00,2020-01-15,2020-01-10,2020-01-10,Promoter Group,Pledge Creation,Pledge,Equity Shares,2650000.0,0.0,0.0,0.0,0.0,40153960.0,1.67,40153960.0,1.67
SUNPHARMA,2020-02-12 12:46:00,2020-02-12,2020-02-11,2020-02-11,Promoter Group,Pledge Creation,Pledge,Equity Shares,10800500.0,0.0,0.0,0.0,0.0,963972578.0,40.18,963972578.0,40.18
SUNPHARMA,2020-02-17 13:06:00,2020-02-15,2020-02-12,2020-02-14,Employees/Designated Employees,Market Sale,Sell,Equity Shares,4730.0,0.0,0.0,0.0,0.0,4870.0,0.0,140.0,0.0
SUNPHARMA,2020-02-21 15:13:00,2020-02-20,2020-02-18,2020-02-18,Promoter Group,Pledge Creation,Pledge,Equity Shares,200000.0,0.0,0.0,0.0,0.0,40153960.0,1.67,40153960.0,1.67
SUNPHARMA,2020-02-25 20:14:00,2020-02-25,2020-02-24,2020-02-24,Promoter Group,Revokation of Pledge,Pledge Revoke,Equity Shares,6044000.0,0.0,0.0,0.0,0.0,963972578.0,40.18,963972578.0,40.18
SUNPHARMA,2020-02-25 20:14:00,2020-02-25,2020-02-25,2020-02-25,Promoter Group,Market Purchase,Buy,Equity Shares,200000.0,0.0,0.0,0.0,0.0,963972578.0,40.18,964172578.0,40.18
SUNPHARMA,2020-02-25 20:14:00,2020-02-25,2020-02-25,2020-02-25,Promoter Group,Pledge Creation,Pledge,Equity Shares,1500000.0,0.0,0.0,0.0,0.0,963972578.0,40.18,963972578.0,40.18
SUNPHARMA,2020-02-25 20:14:00,2020-02-25,2020-02-24,2020-02-24,Promoter Group,Revokation of Pledge,Pledge Revoke,Equity Shares,4361000.0,0.0,0.0,0.0,0.0,963972578.0,40.18,963972578.0,40.18
SUNPHARMA,2020-02-26 18:12:00,2020-02-26,2020-02-26,2020-02-26,Promoter Group,Market Purchase,Buy,Equity Shares,400000.0,0.0,0.0,0.0,0.0,964172578.0,40.18,964572578.0,40.2
SUNPHARMA,2020-02-28 17:16:00,2020-02-28,2020-02-27,2020-02-27,Promoter Group,Pledge Creation,Pledge,Equity Shares,150000.0,0.0,0.0,0.0,0.0,40153960.0,1.67,40153960.0,1.67
SUNPHARMA,2020-02-28 17:16:00,2020-02-28,2020-02-27,2020-02-27,Promoter Group,Pledge Creation,Pledge,Equity Shares,3800000.0,0.0,0.0,0.0,0.0,964572578.0,40.2,964572578.0,40.2
SUNPHARMA,2020-03-03 18:54:00,2020-03-03,2020-03-03,2020-03-03,Promoter Group,Market Purchase,Buy,Equity Shares,1979154.0,0.0,0.0,0.0,0.0,964572578.0,40.2,966551732.0,40.28
SUNPHARMA,2020-03-04 17:24:00,2020-03-04,2020-03-02,2020-03-02,Immediate relative,Revokation of Pledge,Pledge Revoke,Equity Shares,1800000.0,0.0,0.0,0.0,0.0,33830352.0,1.41,33830352.0,1.41
SUNPHARMA,2020-03-11 18:24:00,2020-03-11,2020-03-11,2020-03-11,Promoter Group,Market Purchase,Buy,Equity Shares,500000.0,0.0,0.0,0.0,0.0,966551732.0,40.28,967051732.0,40.3
SUNPHARMA,2020-03-12 16:54:00,2020-03-12,2020-03-11,2020-03-11,Immediate relative,Revokation of Pledge,Pledge Revoke,Equity Shares,450000.0,0.0,0.0,0.0,0.0,33830352.0,1.41,33830352.0,1.41
SUNPHARMA,2020-03-13 21:04:00,2020-03-13,2020-03-13,2020-03-13,Promoter Group,Pledge Creation,Pledge,Equity Shares,3608235.0,0.0,0.0,0.0,0.0,967051732.0,40.3,967051732.0,40.3
SUNPHARMA,2020-03-13 21:04:00,2020-03-13,2020-03-13,2020-03-13,Promoter Group,Pledge Creation,Pledge,Equity Shares,1000000.0,0.0,0.0,0.0,0.0,967051732.0,40.3,967051732.0,40.3
SUNPHARMA,2020-03-20 16:27:00,2020-03-20,2020-03-19,2020-03-19,Promoter Group,Pledge Creation,Pledge,Equity Shares,150000.0,0.0,0.0,0.0,0.0,40153960.0,1.67,40153960.0,1.67
SUNPHARMA,2020-03-23 18:26:00,2020-03-23,2020-03-20,2020-03-20,Promoter Group,Pledge Creation,Pledge,Equity Shares,250000.0,0.0,0.0,0.0,0.0,967051732.0,40.3,967051732.0,40.3
SUNPHARMA,2020-03-23 18:26:00,2020-03-23,2020-03-19,2020-03-19,Promoter Group,Pledge Creation,Pledge,Equity Shares,100000.0,0.0,0.0,0.0,0.0,967051732.0,40.3,967051732.0,40.3
SUNPHARMA,2020-03-23 18:26:00,2020-03-23,2020-03-19,2020-03-19,Promoter Group,Pledge Creation,Pledge,Equity Shares,200000.0,0.0,0.0,0.0,0.0,967051732.0,40.3,967051732.0,40.3
SUNPHARMA,2020-03-23 18:26:00,2020-03-23,2020-03-19,2020-03-19,Promoter Group,Pledge Creation,Pledge,Equity Shares,500000.0,0.0,0.0,0.0,0.0,967051732.0,40.3,967051732.0,40.3
SUNPHARMA,2020-03-26 15:41:00,2020-03-25,2020-03-24,2020-03-24,Promoter Group,Pledge Creation,Pledge,Equity Shares,650000.0,0.0,0.0,0.0,0.0,967051732.0,40.3,967051732.0,40.3
SUNPHARMA,2020-03-26 15:41:00,2020-03-25,2020-03-24,2020-03-24,Immediate relative,Pledge Creation,Pledge,Equity Shares,550000.0,0.0,0.0,0.0,0.0,33830352.0,40.3,33830352.0,40.3
SUNPHARMA,2020-03-26 15:41:00,2020-03-25,2020-03-24,2020-03-24,Immediate relative,Pledge Creation,Pledge,Equity Shares,150000.0,0.0,0.0,0.0,0.0,33830352.0,40.3,33830352.0,40.3
SUNPHARMA,2020-03-26 15:41:00,2020-03-25,2020-03-24,2020-03-24,Promoter Group,Pledge Creation,Pledge,Equity Shares,2155000.0,0.0,0.0,0.0,0.0,967051732.0,40.3,967051732.0,40.3
SUNPHARMA,2020-03-26 15:41:00,2020-03-25,2020-03-24,2020-03-24,Promoter Group,Pledge Creation,Pledge,Equity Shares,5000000.0,0.0,0.0,0.0,0.0,967051732.0,40.3,967051732.0,40.3
SUNPHARMA,2020-03-26 15:41:00,2020-03-25,2020-03-24,2020-03-24,Promoter Group,Pledge Creation,Pledge,Equity Shares,1200000.0,0.0,0.0,0.0,0.0,967051732.0,40.3,967051732.0,40.3
SUNPHARMA,2020-03-27 14:41:00,2020-03-26,2020-03-26,2020-03-26,Promoter Group,Pledge Creation,Pledge,Equity Shares,400000.0,0.0,0.0,0.0,0.0,40153960.0,1.67,40153960.0,1.67
SUNPHARMA,2020-03-31 14:54:00,2020-03-30,2020-03-27,2020-03-27,Director,Gift,Sell,Equity Shares,500000.0,0.0,0.0,0.0,0.0,3110747.0,0.13,2610747.0,0.12
SUNPHARMA,2020-03-31 14:54:00,2020-03-30,2020-03-27,2020-03-27,Promoter Group,Pledge Creation,Pledge,Equity Shares,1700000.0,0.0,0.0,0.0,0.0,967051732.0,40.3,967051732.0,40.3
SUNPHARMA,2020-03-31 14:54:00,2020-03-30,2020-03-26,2020-03-26,Promoter Group,Pledge Creation,Pledge,Equity Shares,800000.0,0.0,0.0,0.0,0.0,967051732.0,40.3,967051732.0,40.3
SUNPHARMA,2020-03-31 14:54:00,2020-03-30,2020-03-26,2020-03-26,Promoter Group,Pledge Creation,Pledge,Equity Shares,200000.0,0.0,0.0,0.0,0.0,967051732.0,40.3,967051732.0,40.3
SUNPHARMA,2020-03-31 14:54:00,2020-03-30,2020-03-27,2020-03-27,Promoter Group,Revokation of Pledge,Pledge Revoke,Equity Shares,2155000.0,0.0,0.0,0.0,0.0,967051732.0,40.3,967051732.0,40.3
SUNPHARMA,2020-03-31 14:54:00,2020-03-30,2020-03-26,2020-03-26,Promoter Group,Pledge Creation,Pledge,Equity Shares,300000.0,0.0,0.0,0.0,0.0,967051732.0,40.3,967051732.0,40.3
SUNPHARMA,2020-03-31 14:54:00,2020-03-30,2020-03-26,2020-03-26,Promoter Group,Pledge Creation,Pledge,Equity Shares,550000.0,0.0,0.0,0.0,0.0,967051732.0,40.3,967051732.0,40.3
SUNPHARMA,2020-03-31 14:54:00,2020-03-30,2020-03-26,2020-03-26,Promoter Group,Pledge Creation,Pledge,Equity Shares,400000.0,0.0,0.0,0.0,0.0,967051732.0,40.3,967051732.0,40.3
SUNPHARMA,2020-03-31 14:54:00,2020-03-30,2020-03-26,2020-03-26,Promoter Group,Pledge Creation,Pledge,Equity Shares,65000.0,0.0,0.0,0.0,0.0,967051732.0,40.3,967051732.0,40.3
SUNPHARMA,2020-04-01 16:04:00,2020-04-01,2020-03-31,2020-03-31,Promoter Group,Pledge Creation,Pledge,Equity Shares,860000.0,0.0,0.0,0.0,0.0,967051732.0,40.3,967051732.0,40.3
SUNPHARMA,2020-04-01 16:04:00,2020-04-01,2020-03-31,2020-03-31,Promoter Group,Pledge Creation,Pledge,Equity Shares,700000.0,0.0,0.0,0.0,0.0,967051732.0,40.3,967051732.0,40.3
SUNPHARMA,2020-04-03 18:52:00,2020-04-03,2020-03-31,2020-03-31,Immediate relative,Pledge Creation,Pledge,Equity Shares,1500000.0,0.0,0.0,0.0,0.0,33830352.0,1.41,33830352.0,1.41
SUNPHARMA,2020-04-03 18:52:00,2020-03-31,2020-03-27,2020-03-27,Director,Revokation of Pledge,Pledge Revoke,Equity Shares,500000.0,0.0,0.0,0.0,0.0,3110747.0,0.13,3110747.0,0.13
SUNPHARMA,2020-04-07 15:30:00,2020-04-06,2020-04-03,2020-04-03,Promoter Group,Revokation of Pledge,Pledge Revoke,Equity Shares,5940000.0,0.0,0.0,0.0,0.0,967051732.0,40.3,967051732.0,40.3
SUNPHARMA,2020-04-09 17:27:00,2020-04-09,2020-04-07,2020-04-07,Immediate relative,Revokation of Pledge,Pledge Revoke,Equity Shares,3500000.0,0.0,0.0,0.0,0.0,33830352.0,1.41,33830352.0,1.41
SUNPHARMA,2020-04-14 18:47:00,2020-04-13,2020-04-09,2020-04-09,Immediate relative,Revokation of Pledge,Pledge Revoke,Equity Shares,33830352.0,0.0,0.0,0.0,0.0,33830352.0,1.41,33830352.0,1.41
SUNPHARMA,2020-04-21 15:05:00,2020-04-21,2020-04-07,2020-04-07,Immediate relative,Others,Pledge,Equity Shares,2000.0,0.0,0.0,0.0,0.0,255392.0,0.01,255392.0,0.01
SUNPHARMA,2020-04-22 22:09:00,2020-04-22,2020-04-20,2020-04-20,Promoter Group,Revokation of Pledge,Pledge Revoke,Equity Shares,1500000.0,0.0,0.0,0.0,0.0,967051732.0,40.3,967051732.0,40.3
SUNPHARMA,2020-04-22 22:09:00,2020-04-22,2020-04-21,2020-04-21,Immediate relative,Revokation of Pledge,Pledge Revoke,Equity Shares,1785000.0,0.0,0.0,0.0,0.0,33830352.0,1.41,33830352.0,1.41
SUNPHARMA,2020-04-22 22:09:00,2020-04-22,2020-04-21,2020-04-21,Promoter Group,Revokation of Pledge,Pledge Revoke,Equity Shares,4470588.0,0.0,0.0,0.0,0.0,967051732.0,40.3,967051732.0,40.3
SUNPHARMA,2020-04-22 22:09:00,2020-04-22,2020-04-21,2020-04-21,Promoter Group,Revokation of Pledge,Pledge Revoke,Equity Shares,8235294.0,0.0,0.0,0.0,0.0,967051732.0,40.3,967051732.0,40.3
SUNPHARMA,2020-04-22 22:09:00,2020-04-22,2020-04-21,2020-04-21,Promoter Group,Revokation of Pledge,Pledge Revoke,Equity Shares,352941.0,0.0,0.0,0.0,0.0,967051732.0,40.3,967051732.0,40.3
SUNPHARMA,2020-04-22 22:09:00,2020-04-22,2020-04-21,2020-04-21,Promoter Group,Revokation of Pledge,Pledge Revoke,Equity Shares,941176.0,0.0,0.0,0.0,0.0,967051732.0,40.3,967051732.0,40.3
SUNPHARMA,2020-04-22 22:09:00,2020-04-22,2020-04-21,2020-04-21,Promoter Group,Revokation of Pledge,Pledge Revoke,Equity Shares,3364706.0,0.0,0.0,0.0,0.0,967051732.0,40.3,967051732.0,40.3
SUNPHARMA,2020-04-22 22:09:00,2020-04-22,2020-04-20,2020-04-20,Promoter Group,Revokation of Pledge,Pledge Revoke,Equity Shares,3294118.0,0.0,0.0,0.0,0.0,967051732.0,40.3,967051732.0,40.3
SUNPHARMA,2020-04-22 22:09:00,2020-04-22,2020-04-20,2020-04-20,Promoter Group,Revokation of Pledge,Pledge Revoke,Equity Shares,823529.0,0.0,0.0,0.0,0.0,40153960.0,1.67,40153960.0,1.67
SUNPHARMA,2020-04-22 22:09:00,2020-04-22,2020-04-20,2020-04-20,Promoter Group,Revokation of Pledge,Pledge Revoke,Equity Shares,447059.0,0.0,0.0,0.0,0.0,967051732.0,40.3,967051732.0,40.3
SUNPHARMA,2020-05-04 22:36:00,2020-05-04,2020-04-30,2020-04-30,Immediate relative,Revokation of Pledge,Pledge Revoke,Equity Shares,300000.0,0.0,0.0,0.0,0.0,33830352.0,1.41,33830352.0,1.41
SUNPHARMA,2020-05-20 17:58:00,2020-05-19,2020-05-18,2020-05-18,Promoter Group,Pledge Creation,Pledge,Equity Shares,3100000.0,0.0,0.0,0.0,0.0,967051732.0,40.3,967051732.0,40.3
SUNPHARMA,2020-05-22 22:16:00,2020-05-21,2020-05-20,2020-05-20,Immediate relative,Pledge Creation,Pledge,Equity Shares,3700000.0,0.0,0.0,0.0,0.0,33830352.0,1.41,33830352.0,1.41
SUNPHARMA,2020-06-08 16:44:00,2020-06-05,2020-05-29,2020-05-29,Director,Others,Pledge,Equity Shares,708.0,0.0,0.0,0.0,0.0,2610747.0,0.12,2610747.0,0.12
SUNPHARMA,2020-06-08 16:44:00,2020-06-08,2020-06-05,2020-06-05,Promoter Group,Revokation of Pledge,Pledge Revoke,Equity Shares,2850000.0,0.0,0.0,0.0,0.0,967051732.0,40.3,967051732.0,40.3
SUNPHARMA,2020-06-08 16:44:00,2020-06-05,2020-06-01,2020-06-01,Director,Others,Pledge,Equity Shares,1110.0,0.0,0.0,0.0,0.0,2610747.0,0.12,2610747.0,0.12
SUNPHARMA,2020-06-11 22:08:00,2020-06-11,2020-06-09,2020-06-09,Immediate relative,Pledge Creation,Pledge,Equity Shares,6800000.0,0.0,0.0,0.0,0.0,33830352.0,1.41,33830352.0,1.41
SUNPHARMA,2020-06-18 23:08:00,2020-06-18,2020-06-12,2020-06-12,Director,Revokation of Pledge,Pledge Revoke,Equity Shares,100000.0,0.0,0.0,0.0,0.0,2608929.0,0.12,2608929.0,0.12
SUNPHARMA,2020-07-04 20:26:00,2020-07-02,2020-06-30,2020-06-30,Promoter Group,Revokation of Pledge,Pledge Revoke,Equity Shares,5952000.0,0.0,0.0,0.0,0.0,967051732.0,40.3,967051732.0,40.3
SUNPHARMA,2020-07-24 21:20:00,2020-07-23,2020-07-22,2020-07-22,Promoter Group,Pledge Creation,Pledge,Equity Shares,555000.0,0.0,0.0,0.0,0.0,967051732.0,40.3,967051732.0,40.3
SUNPHARMA,2020-07-31 23:05:00,2020-07-30,2020-07-28,2020-07-28,Promoter Group,Revokation of Pledge,Pledge Revoke,Equity Shares,700000.0,0.0,0.0,0.0,0.0,967051732.0,40.3,967051732.0,40.3
SUNPHARMA,2020-08-13 00:08:00,2020-08-12,2020-08-10,2020-08-10,Promoter Group,Revokation of Pledge,Pledge Revoke,Equity Shares,100000.0,0.0,0.0,0.0,0.0,967051732.0,40.3,967051732.0,40.3
SUNPHARMA,2020-08-13 00:08:00,2020-08-12,2020-08-10,2020-08-10,Promoter Group,Revokation of Pledge,Pledge Revoke,Equity Shares,300000.0,0.0,0.0,0.0,0.0,967051732.0,40.3,967051732.0,40.3
SUNPHARMA,2020-08-13 00:08:00,2020-08-12,2020-08-10,2020-08-10,Promoter Group,Revokation of Pledge,Pledge Revoke,Equity Shares,1400000.0,0.0,0.0,0.0,0.0,967051732.0,40.3,967051732.0,40.3
SUNPHARMA,2020-08-13 00:08:00,2020-08-12,2020-08-10,2020-08-10,Promoter Group,Revokation of Pledge,Pledge Revoke,Equity Shares,475000.0,0.0,0.0,0.0,0.0,40153960.0,1.67,40153960.0,1.67
SUNPHARMA,2020-08-13 00:08:00,2020-08-12,2020-08-11,2020-08-11,Promoter Group,Revokation of Pledge,Pledge Revoke,Equity Shares,190000.0,0.0,0.0,0.0,0.0,967051732.0,40.3,967051732.0,40.3
SUNPHARMA,2020-08-13 00:08:00,2020-08-12,2020-08-12,2020-08-12,Promoter Group,Revokation of Pledge,Pledge Revoke,Equity Shares,4470000.0,0.0,0.0,0.0,0.0,967051732.0,40.3,967051732.0,40.3
SUNPHARMA,2020-08-13 00:08:00,2020-08-12,2020-08-12,2020-08-12,Promoter Group,Revokation of Pledge,Pledge Revoke,Equity Shares,1870000.0,0.0,0.0,0.0,0.0,967051732.0,40.3,967051732.0,40.3
SUNPHARMA,2020-08-13 00:08:00,2020-08-12,2020-08-11,2020-08-11,Promoter Group,Revokation of Pledge,Pledge Revoke,Equity Shares,450000.0,0.0,0.0,0.0,0.0,967051732.0,40.3,967051732.0,40.3
SUNPHARMA,2020-08-21 02:19:00,2020-08-19,2020-07-31,2020-07-31,Director,Others,Pledge,Equity Shares,621.0,0.0,0.0,0.0,0.0,2608929.0,0.12,2608929.0,0.12
SUNPHARMA,2020-08-21 02:19:00,2020-08-19,2020-08-07,2020-08-07,Director,Others,Pledge,Equity Shares,4601.0,0.0,0.0,0.0,0.0,2608308.0,0.12,2608308.0,0.12
SUNPHARMA,2020-08-21 02:19:00,2020-08-19,2020-08-11,2020-08-11,Director,Revokation of Pledge,Pledge Revoke,Equity Shares,35000.0,0.0,0.0,0.0,0.0,2603707.0,0.12,2603707.0,0.12
SUNPHARMA,2020-08-21 02:19:00,2020-08-19,2020-08-14,2020-08-14,Director,Revokation of Pledge,Pledge Revoke,Equity Shares,338350.0,0.0,0.0,0.0,0.0,2603707.0,0.12,2603707.0,0.12
SUNPHARMA,2020-08-24 23:41:00,2020-08-21,2020-08-19,2020-08-19,Immediate relative,Revokation of Pledge,Pledge Revoke,Equity Shares,2100000.0,0.0,0.0,0.0,0.0,33830352.0,1.41,33830352.0,1.41
SUNPHARMA,2020-08-26 12:35:00,2020-08-24,2020-08-20,2020-08-20,Promoter Group,Revokation of Pledge,Pledge Revoke,Equity Shares,200000.0,0.0,0.0,0.0,0.0,967051732.0,40.3,967051732.0,40.3
SUNPHARMA,2020-08-26 12:35:00,2020-08-24,2020-08-20,2020-08-20,Promoter Group,Revokation of Pledge,Pledge Revoke,Equity Shares,600000.0,0.0,0.0,0.0,0.0,967051732.0,40.3,967051732.0,40.3
SUNPHARMA,2020-08-26 12:35:00,2020-08-24,2020-08-24,2020-08-24,Promoter Group,Revokation of Pledge,Pledge Revoke,Equity Shares,1000000.0,0.0,0.0,0.0,0.0,967051732.0,40.3,967051732.0,40.3
SUNPHARMA,2020-08-26 12:35:00,2020-08-24,2020-08-24,2020-08-24,Promoter Group,Revokation of Pledge,Pledge Revoke,Equity Shares,600000.0,0.0,0.0,0.0,0.0,967051732.0,40.3,967051732.0,40.3
SUNPHARMA,2020-08-26 12:35:00,2020-08-25,2020-08-21,2020-08-25,Immediate relative,Revokation of Pledge,Pledge Revoke,Equity Shares,1905000.0,0.0,0.0,0.0,0.0,33830352.0,1.41,33830352.0,1.41
SUNPHARMA,2020-08-26 12:35:00,2020-08-24,2020-08-20,2020-08-20,Promoter Group,Revokation of Pledge,Pledge Revoke,Equity Shares,250000.0,0.0,0.0,0.0,0.0,967051732.0,40.3,967051732.0,40.3
SUNPHARMA,2020-08-31 23:18:00,2020-08-28,2020-08-21,2020-08-21,Director,Revokation of Pledge,Pledge Revoke,Equity Shares,15225.0,0.0,0.0,0.0,0.0,2603707.0,0.12,2603707.0,0.12
SUNPHARMA,2020-08-31 23:18:00,2020-08-28,2020-08-26,2020-08-26,Promoter Group,Revokation of Pledge,Pledge Revoke,Equity Shares,39000.0,0.0,0.0,0.0,0.0,967051732.0,40.3,967051732.0,40.3
SUNPHARMA,2020-08-31 23:18:00,2020-08-28,2020-08-26,2020-08-26,Promoter Group,Revokation of Pledge,Pledge Revoke,Equity Shares,56000.0,0.0,0.0,0.0,0.0,967051732.0,40.3,967051732.0,40.3
SUNPHARMA,2020-09-01 23:27:00,2020-08-31,2020-08-28,2020-08-28,Promoter Group,Revokation of Pledge,Pledge Revoke,Equity Shares,60000.0,0.0,0.0,0.0,0.0,967051732.0,40.3,967051732.0,40.3
SUNPHARMA,2020-09-01 23:27:00,2020-08-31,2020-08-28,2020-08-28,Promoter Group,Revokation of Pledge,Pledge Revoke,Equity Shares,250000.0,0.0,0.0,0.0,0.0,967051732.0,40.3,967051732.0,40.3
SUNPHARMA,2020-09-06 14:44:00,2020-09-03,2020-09-01,2020-09-01,Immediate relative,Revokation of Pledge,Pledge Revoke,Equity Shares,100000.0,0.0,0.0,0.0,0.0,199465.0,0.01,199465.0,0.01
SUNPHARMA,2020-09-06 14:44:00,2020-09-03,2020-09-02,2020-09-02,Immediate relative,Pledge Creation,Pledge,Equity Shares,100000.0,0.0,0.0,0.0,0.0,199465.0,0.01,199465.0,0.01
SUNPHARMA,2020-09-14 15:07:00,2020-09-10,2020-09-04,2020-09-04,Immediate relative,Others,Pledge Revoke,Equity Shares,2000.0,0.0,0.0,0.0,0.0,255392.0,0.01,255392.0,0.01
SUNPHARMA,2020-09-14 15:07:00,2020-09-10,2020-09-04,2020-09-04,Immediate relative,Pledge Creation,Pledge,Equity Shares,2000.0,0.0,0.0,0.0,0.0,255392.0,0.01,255392.0,0.01
SUNPHARMA,2020-09-16 22:43:00,2020-09-15,2020-09-11,2020-09-11,Director,Others,Pledge Revoke,Equity Shares,7040.0,0.0,0.0,0.0,0.0,2603707.0,0.12,2603707.0,0.12
SUNPHARMA,2020-09-18 12:53:00,2020-09-16,2020-09-11,2020-09-11,Employees/Designated Employees,Pledge Creation,Pledge,Equity Shares,10000.0,0.0,0.0,0.0,0.0,10000.0,0.0,10000.0,0.0
SUNPHARMA,2020-09-28 13:11:00,2020-09-25,2020-09-24,2020-09-24,Employees/Designated Employees,Revokation of Pledge,Pledge Revoke,Equity Shares,10000.0,0.0,0.0,0.0,0.0,10000.0,0.0,10000.0,0.0
SUNPHARMA,2020-10-07 16:38:00,2020-10-06,2020-10-03,2020-10-03,Promoter Group,Pledge Creation,Pledge,Equity Shares,967051732.0,0.0,0.0,0.0,0.0,967051732.0,40.3,967051732.0,40.3
SUNPHARMA,2020-10-19 21:49:00,2020-10-16,2020-10-15,2020-10-15,Immediate relative,Pledge Creation,Pledge,Equity Shares,1250000.0,0.0,0.0,0.0,0.0,33830352.0,1.41,33830352.0,1.41
SUNPHARMA,2020-10-19 21:49:00,2020-10-16,2020-10-14,2020-10-14,Immediate relative,Pledge Creation,Pledge,Equity Shares,350000.0,0.0,0.0,0.0,0.0,33830352.0,1.41,33830352.0,1.41
SUNPHARMA,2020-10-24 15:55:00,2020-10-23,2020-10-21,2020-10-21,Promoter Group,Pledge Creation,Pledge,Equity Shares,100000.0,0.0,0.0,0.0,0.0,40153960.0,1.67,40153960.0,1.67
SUNPHARMA,2020-10-24 15:55:00,2020-10-22,2020-10-20,2020-10-20,Promoter Group,Pledge Creation,Pledge,Equity Shares,40000.0,0.0,0.0,0.0,0.0,967051732.0,40.3,967051732.0,40.3
SUNPHARMA,2020-10-24 15:55:00,2020-10-22,2020-10-21,2020-10-21,Promoter Group,Pledge Creation,Pledge,Equity Shares,350000.0,0.0,0.0,0.0,0.0,967051732.0,40.3,967051732.0,40.3
SUNPHARMA,2020-10-24 15:55:00,2020-10-22,2020-10-20,2020-10-20,Promoter Group,Pledge Creation,Pledge,Equity Shares,100000.0,0.0,0.0,0.0,0.0,967051732.0,40.3,967051732.0,40.3
SUNPHARMA,2020-10-24 15:56:00,2020-10-22,2020-10-21,2020-10-21,Promoter Group,Pledge Creation,Pledge,Equity Shares,350000.0,0.0,0.0,0.0,0.0,967051732.0,40.3,967051732.0,40.3
SUNPHARMA,2020-10-24 15:56:00,2020-10-23,2020-10-21,2020-10-21,Promoter Group,Pledge Creation,Pledge,Equity Shares,100000.0,0.0,0.0,0.0,0.0,40153960.0,1.67,40153960.0,1.67
SUNPHARMA,2020-10-24 15:56:00,2020-10-22,2020-10-20,2020-10-20,Promoter Group,Pledge Creation,Pledge,Equity Shares,40000.0,0.0,0.0,0.0,0.0,967051732.0,40.3,967051732.0,40.3
SUNPHARMA,2020-10-24 15:56:00,2020-10-22,2020-10-20,2020-10-20,Promoter Group,Pledge Creation,Pledge,Equity Shares,100000.0,0.0,0.0,0.0,0.0,967051732.0,40.3,967051732.0,40.3
SUNPHARMA,2020-11-02 21:53:00,2020-10-30,2020-10-28,2020-10-28,Immediate relative,Pledge Creation,Pledge,Equity Shares,400000.0,0.0,0.0,0.0,0.0,33830352.0,1.41,33830352.0,1.41
SUNPHARMA,2020-11-02 21:53:00,2020-10-30,2020-10-28,2020-10-28,Immediate relative,Pledge Creation,Pledge,Equity Shares,350000.0,0.0,0.0,0.0,0.0,33830352.0,1.41,33830352.0,1.41
SUNPHARMA,2020-11-02 21:53:00,2020-10-30,2020-10-28,2020-10-28,Immediate relative,Pledge Creation,Pledge,Equity Shares,300000.0,0.0,0.0,0.0,0.0,33830352.0,1.41,33830352.0,1.41
SUNPHARMA,2020-11-02 21:53:00,2020-10-30,2020-10-28,2020-10-28,Immediate relative,Pledge Creation,Pledge,Equity Shares,600000.0,0.0,0.0,0.0,0.0,33830352.0,1.41,33830352.0,1.41
SUNPHARMA,2020-11-04 15:32:00,2020-11-02,2020-10-29,2020-10-29,Promoter Group,Pledge Creation,Pledge,Equity Shares,2500000.0,0.0,0.0,0.0,0.0,967051732.0,40.3,967051732.0,40.3
SUNPHARMA,2020-11-04 15:32:00,2020-11-02,2020-10-29,2020-10-29,Promoter Group,Pledge Creation,Pledge,Equity Shares,75000.0,0.0,0.0,0.0,0.0,967051732.0,40.3,967051732.0,40.3
SUNPHARMA,2020-11-04 15:32:00,2020-11-02,2020-10-29,2020-10-29,Promoter Group,Pledge Creation,Pledge,Equity Shares,200000.0,0.0,0.0,0.0,0.0,967051732.0,40.3,967051732.0,40.3
SUNPHARMA,2020-11-04 22:44:00,2020-11-03,2020-10-31,2020-10-31,Promoter Group,Pledge Creation,Pledge,Equity Shares,100000.0,0.0,0.0,0.0,0.0,40153960.0,1.67,40153960.0,1.67
SUNPHARMA,2020-11-06 15:20:00,2020-11-04,2020-11-02,2020-11-02,Promoter Group,Pledge Creation,Pledge,Equity Shares,2638000.0,0.0,0.0,0.0,0.0,967051732.0,40.3,967051732.0,40.3
SUNPHARMA,2020-11-09 16:44:00,2020-11-06,2020-11-04,2020-11-04,Promoter Group,Revokation of Pledge,Pledge Revoke,Equity Shares,4200000.0,0.0,0.0,0.0,0.0,967051732.0,40.3,967051732.0,40.3
SUNPHARMA,2020-11-18 15:35:00,2020-11-14,2020-11-12,2020-11-12,Promoter Group,Pledge Creation,Pledge,Equity Shares,4100000.0,0.0,0.0,0.0,0.0,967051732.0,40.3,967051732.0,40.3
SUNPHARMA,2020-11-24 21:55:00,2020-11-24,2020-11-23,2020-11-23,Director,Pledge Creation,Pledge,Equity Shares,225000.0,0.0,0.0,0.0,0.0,2610747.0,0.12,2610747.0,0.12
SUNPHARMA,2020-12-03 15:19:00,2020-12-01,2020-11-26,2020-11-26,Immediate relative,Revokation of Pledge,Pledge Revoke,Equity Shares,6740000.0,0.0,0.0,0.0,0.0,33830352.0,1.41,33830352.0,1.41
SUNPHARMA,2020-12-08 14:33:00,2020-12-07,2020-12-04,2020-12-04,Immediate relative,Pledge Creation,Pledge,Equity Shares,10000.0,0.0,0.0,0.0,0.0,255392.0,0.01,255392.0,0.01
SUNPHARMA,2020-12-08 14:33:00,2020-12-07,2020-12-03,2020-12-03,Promoter Group,Pledge Creation,Pledge,Equity Shares,1000000.0,0.0,0.0,0.0,0.0,967051732.0,40.3,967051732.0,40.3
SUNPHARMA,2020-12-10 14:53:00,2020-12-09,2020-12-07,2020-12-07,Immediate relative,Revokation of Pledge,Pledge Revoke,Equity Shares,1000000.0,0.0,0.0,0.0,0.0,33830352.0,1.41,33830352.0,1.41
SUNPHARMA,2020-12-10 14:53:00,2020-12-09,2020-12-08,2020-12-08,Immediate relative,Pledge Creation,Pledge,Equity Shares,2500000.0,0.0,0.0,0.0,0.0,33830352.0,1.41,33830352.0,1.41
SUNPHARMA,2020-12-10 14:53:00,2020-12-08,2020-12-04,2020-12-04,Immediate relative,Revokation of Pledge,Pledge Revoke,Equity Shares,10000.0,0.0,0.0,0.0,0.0,255392.0,0.01,255392.0,0.01
SUNPHARMA,2020-12-10 14:53:00,2020-12-08,2020-12-04,2020-12-04,Immediate relative,Market Sale,Sell,Equity Shares,113.0,0.0,0.0,0.0,0.0,255392.0,0.01,255279.0,0.01
SUNPHARMA,2020-12-10 14:53:00,2020-12-09,2020-12-07,2020-12-07,Immediate relative,Revokation of Pledge,Pledge Revoke,Equity Shares,500000.0,0.0,0.0,0.0,0.0,33830352.0,1.41,33830352.0,1.41
SUNPHARMA,2020-12-10 14:53:00,2020-12-09,2020-12-08,2020-12-08,Immediate relative,Revokation of Pledge,Pledge Revoke,Equity Shares,150000.0,0.0,0.0,0.0,0.0,33830352.0,1.41,33830352.0,1.41
SUNPHARMA,2020-12-10 14:53:00,2020-12-09,2020-12-08,2020-12-08,Immediate relative,Pledge Creation,Pledge,Equity Shares,500000.0,0.0,0.0,0.0,0.0,33830352.0,1.41,33830352.0,1.41
SUNPHARMA,2020-12-17 15:58:00,2020-12-16,2020-12-15,2020-12-15,Promoter Group,Revokation of Pledge,Pledge Revoke,Equity Shares,555000.0,0.0,0.0,0.0,0.0,967051732.0,40.3,967051732.0,40.3
SUNPHARMA,2020-12-17 15:58:00,2020-12-16,2020-12-16,2020-12-16,Promoter Group,Revokation of Pledge,Pledge Revoke,Equity Shares,2638000.0,0.0,0.0,0.0,0.0,967051732.0,40.3,967051732.0,40.3
SUNPHARMA,2020-12-17 15:58:00,2020-12-15,2020-12-14,2020-12-14,Promoter Group,Revokation of Pledge,Pledge Revoke,Equity Shares,451000.0,0.0,0.0,0.0,0.0,40153960.0,1.67,40153960.0,1.67
SUNPHARMA,2020-12-17 15:58:00,2020-12-16,2020-12-14,2020-12-14,Promoter Group,Revokation of Pledge,Pledge Revoke,Equity Shares,130000.0,0.0,0.0,0.0,0.0,967051732.0,40.3,967051732.0,40.3
SUNPHARMA,2020-12-17 15:58:00,2020-12-16,2020-12-11,2020-12-11,Immediate relative,Gift,Sell,Equity Shares,100000.0,0.0,0.0,0.0,0.0,255279.0,0.01,155279.0,0.01
SUNPHARMA,2020-12-17 15:58:00,2020-12-16,2020-12-14,2020-12-14,Promoter Group,Pledge Creation,Pledge,Equity Shares,3650000.0,0.0,0.0,0.0,0.0,967051732.0,40.3,967051732.0,40.3
SUNPHARMA,2020-12-21 21:04:00,2020-12-21,2020-12-17,2020-12-17,Promoter Group,Revokation of Pledge,Pledge Revoke,Equity Shares,1137059.0,0.0,0.0,0.0,0.0,967051732.0,40.3,967051732.0,40.3
SUNPHARMA,2020-12-21 21:04:00,2020-12-21,2020-12-17,2020-12-17,Promoter Group,Revokation of Pledge,Pledge Revoke,Equity Shares,2958824.0,0.0,0.0,0.0,0.0,967051732.0,40.3,967051732.0,40.3
SUNPHARMA,2020-12-21 21:04:00,2020-12-21,2020-12-17,2020-12-17,Promoter Group,Revokation of Pledge,Pledge Revoke,Equity Shares,48000.0,0.0,0.0,0.0,0.0,967051732.0,40.3,967051732.0,40.3
SUNPHARMA,2020-12-21 21:04:00,2020-12-21,2020-12-17,2020-12-17,Promoter Group,Revokation of Pledge,Pledge Revoke,Equity Shares,2000000.0,0.0,0.0,0.0,0.0,967051732.0,40.3,967051732.0,40.3
SUNPHARMA,2020-12-24 16:00:00,2020-12-23,2020-12-21,2020-12-21,Immediate relative,Revokation of Pledge,Pledge Revoke,Equity Shares,1200000.0,0.0,0.0,0.0,0.0,33830352.0,1.41,33830352.0,1.41
SUNPHARMA,2021-01-01 21:26:00,2021-01-01,2020-12-30,2020-12-30,Immediate relative,Market Sale,Sell,Equity Shares,5000000.0,0.0,0.0,0.0,0.0,33830352.0,1.41,28830352.0,1.2
SUNPHARMA,2021-01-18 20:38:00,2021-01-18,2021-01-15,2021-01-15,Promoter Group,Revokation of Pledge,Pledge Revoke,Equity Shares,553000.0,0.0,0.0,0.0,0.0,967051732.0,40.3,967051732.0,40.3
SUNPHARMA,2021-01-21 16:18:00,2021-01-20,2021-01-18,2021-01-18,Promoter Group,Revokation of Pledge,Pledge Revoke,Equity Shares,4545000.0,0.0,0.0,0.0,0.0,967051732.0,40.3,967051732.0,40.3
SUNPHARMA,2021-01-29 16:54:00,2021-01-28,2021-01-25,2021-01-25,Immediate relative,Pledge Creation,Pledge,Equity Shares,600000.0,0.0,0.0,0.0,0.0,28830352.0,1.2,28830352.0,1.2
SUNPHARMA,2021-01-29 16:54:00,2021-01-28,2021-01-25,2021-01-25,Promoter Group,Revokation of Pledge,Pledge Revoke,Equity Shares,2000471.0,0.0,0.0,0.0,0.0,40153960.0,1.67,40153960.0,1.67
SUNPHARMA,2021-01-29 16:54:00,2021-01-28,2021-01-27,2021-01-27,Immediate relative,Pledge Creation,Pledge,Equity Shares,620000.0,0.0,0.0,0.0,0.0,28830352.0,1.2,28830352.0,1.2
SUNPHARMA,2021-02-03 14:46:00,2021-02-03,2021-02-01,2021-02-01,Director,Gift,Sell,Equity Shares,70000.0,0.0,0.0,0.0,0.0,2555747.0,0.11,2485747.0,0.1
SUNPHARMA,2021-02-03 14:46:00,2021-02-03,2021-02-01,2021-02-01,Director,Gift,Sell,Equity Shares,25000.0,0.0,0.0,0.0,0.0,2580747.0,0.11,2555747.0,0.11
SUNPHARMA,2021-02-03 14:46:00,2021-02-03,2021-02-01,2021-02-01,Director,Gift,Sell,Equity Shares,30000.0,0.0,0.0,0.0,0.0,2610747.0,0.11,2580747.0,0.11
SUNPHARMA,2021-02-03 14:46:00,2021-02-02,2021-01-29,2021-01-29,Promoter Group,Revokation of Pledge,Pledge Revoke,Equity Shares,2000.0,0.0,0.0,0.0,0.0,967051732.0,40.3,967051732.0,40.3
SUNPHARMA,2021-02-08 15:38:00,2021-02-06,2021-02-05,2021-02-05,Other,Market Sale,Sell,Equity Shares,5000.0,0.0,0.0,0.0,0.0,299183.0,0.01,294183.0,0.01
SUNPHARMA,2021-02-08 15:38:00,2021-02-06,2021-02-04,2021-02-04,Other,Revokation of Pledge,Pledge Revoke,Equity Shares,100000.0,0.0,0.0,0.0,0.0,299183.0,0.01,299183.0,0.01
SUNPHARMA,2021-02-09 11:43:00,2021-02-06,2021-02-05,2021-02-05,Employees/Designated Employees,Market Sale,Sell,Equity Shares,8200.0,0.0,0.0,0.0,0.0,8200.0,0.0,,0.0
SUNPHARMA,2021-02-10 12:21:00,2021-02-09,2021-02-08,2021-02-08,Employees/Designated Employees,Market Sale,Sell,Equity Shares,11820.0,0.0,0.0,0.0,0.0,11820.0,0.0,,0.0
SUNPHARMA,2021-02-14 00:55:00,2021-02-11,2021-02-10,2021-02-10,Promoter Group,Revokation of Pledge,Pledge Revoke,Equity Shares,1704759.0,0.0,0.0,0.0,0.0,967051732.0,40.3,967051732.0,40.3
SUNPHARMA,2021-02-14 00:55:00,2021-02-11,2021-02-09,2021-02-09,Promoter Group,Revokation of Pledge,Pledge Revoke,Equity Shares,225000.0,0.0,0.0,0.0,0.0,967051732.0,40.3,967051732.0,40.3
SUNPHARMA,2021-02-14 00:55:00,2021-02-11,2021-02-09,2021-02-09,Promoter Group,Revokation of Pledge,Pledge Revoke,Equity Shares,855000.0,0.0,0.0,0.0,0.0,967051732.0,40.3,967051732.0,40.3
SUNPHARMA,2021-02-15 17:09:00,2021-02-14,2021-02-11,2021-02-11,Other,Market Sale,Sell,Equity Shares,6000.0,0.0,0.0,0.0,0.0,294183.0,0.01,288183.0,0.01
SUNPHARMA,2021-02-17 11:31:00,2021-02-15,2021-02-11,2021-02-11,Promoter Group,Revokation of Pledge,Pledge Revoke,Equity Shares,250000.0,0.0,0.0,0.0,0.0,967051732.0,40.3,967051732.0,40.3
SUNPHARMA,2021-02-17 11:31:00,2021-02-15,2021-02-11,2021-02-11,Promoter Group,Revokation of Pledge,Pledge Revoke,Equity Shares,1304286.0,0.0,0.0,0.0,0.0,967051732.0,40.3,967051732.0,40.3
SUNPHARMA,2021-02-22 15:40:00,2021-02-19,2021-02-17,2021-02-17,Immediate relative,Pledge Creation,Pledge,Equity Shares,1554000.0,0.0,0.0,0.0,0.0,28830352.0,1.2,28830352.0,1.2
SUNPHARMA,2021-02-24 18:15:00,2021-02-23,2021-02-20,2021-02-20,Immediate relative,Revokation of Pledge,Pledge Revoke,Equity Shares,60000.0,0.0,0.0,0.0,0.0,28830352.0,1.2,28830352.0,1.2
SUNPHARMA,2021-02-25 15:10:00,2021-02-23,2021-02-20,2021-02-20,Promoter Group,Revokation of Pledge,Pledge Revoke,Equity Shares,1548500.0,0.0,0.0,0.0,0.0,967051732.0,40.3,967051732.0,40.3
SUNPHARMA,2021-02-26 15:27:00,2021-02-25,2021-02-16,2021-02-16,Other,Revokation of Pledge,Sell,Equity Shares,11403.0,0.0,0.0,0.0,0.0,11403.0,0.0,,0.0
SUNPHARMA,2021-02-26 15:27:00,2021-02-25,2021-02-23,2021-02-23,Promoter Group,Revokation of Pledge,Pledge Revoke,Equity Shares,1022941.0,0.0,0.0,0.0,0.0,967051732.0,40.3,967051732.0,40.3
SUNPHARMA,2021-02-26 15:27:00,2021-02-24,2021-02-05,2021-02-05,Other,Revokation of Pledge,Pledge Revoke,Equity Shares,4000.0,0.0,0.0,0.0,0.0,11820.0,0.0,11820.0,0.0
SUNPHARMA,2021-03-02 15:52:00,2021-03-01,2021-02-25,2021-02-25,Immediate relative,Revokation of Pledge,Pledge Revoke,Equity Shares,3650000.0,0.0,0.0,0.0,0.0,28830352.0,1.2,28830352.0,1.2
SUNPHARMA,2021-03-02 16:01:00,2021-03-01,2021-02-25,2021-02-25,Promoter Group,Revokation of Pledge,Pledge Revoke,Equity Shares,8160882.0,0.0,0.0,0.0,0.0,967051732.0,40.3,967051732.0,40.3
SUNPHARMA,2021-03-10 16:40:00,2021-03-09,2021-03-06,2021-03-06,Promoter Group,Revokation of Pledge,Pledge Revoke,Equity Shares,1500.0,0.0,0.0,0.0,0.0,967051732.0,40.3,967051732.0,40.3
SUNPHARMA,2021-03-11 16:36:00,2021-03-11,2021-03-08,2021-03-08,Employees/Designated Employees,Market Sale,Sell,Equity Shares,1961.0,0.0,0.0,0.0,0.0,1961.0,0.0,,0.0
SUNPHARMA,2021-03-25 16:23:00,2021-03-24,2021-03-24,2021-03-24,Director,Pledge Creation,Pledge,Equity Shares,120000.0,0.0,0.0,0.0,0.0,2641026.0,0.12,2641026.0,0.12
SUNPHARMA,2021-03-26 14:42:00,2021-03-25,2021-03-11,2021-03-11,Other,Off Market,Buy,Equity Shares,100000.0,0.0,0.0,0.0,0.0,70642.0,0.0,170642.0,0.01
SUNPHARMA,2021-03-26 17:37:00,2021-03-26,2021-03-24,2021-03-24,-,Pledge Creation,Pledge,Equity Shares,3425000.0,0.0,0.0,0.0,0.0,28830352.0,1.2,28830352.0,1.2
SUNPHARMA,2021-03-30 16:43:00,2021-03-25,2021-03-23,2021-03-23,Promoter Group,Pledge Creation,Pledge,Equity Shares,10725000.0,0.0,0.0,0.0,0.0,967051732.0,40.3,967051732.0,40.3
SUNPHARMA,2021-03-30 16:43:00,2021-03-30,2021-03-25,2021-03-25,Promoter Group,Revokation of Pledge,Pledge Revoke,Equity Shares,3425000.0,0.0,0.0,0.0,0.0,967051732.0,40.3,967051732.0,40.3
SUNPHARMA,2021-03-30 16:43:00,2021-03-25,2021-03-23,2021-03-23,Promoter Group,Pledge Creation,Pledge,Equity Shares,7200000.0,0.0,0.0,0.0,0.0,967051732.0,40.3,967051732.0,40.3
SUNPHARMA,2021-04-01 14:50:00,2021-03-31,2021-02-03,2021-02-03,-,Market Sale,Sell,Equity Shares,1500.0,0.0,0.0,0.0,0.0,1872.0,0.0,372.0,0.0
SUNPHARMA,2021-04-01 14:50:00,2021-03-31,2021-03-31,2021-03-31,-,Market Sale,Sell,Equity Shares,372.0,0.0,0.0,0.0,0.0,372.0,0.0,,0.0
SUNPHARMA,2021-04-14 11:38:00,2021-04-13,2021-04-09,2021-04-09,Promoter Group,Revokation of Pledge,Pledge Revoke,Equity Shares,7200000.0,0.0,0.0,0.0,0.0,967051732.0,40.3,967051732.0,40.3
SUNPHARMA,2021-04-14 11:38:00,2021-04-13,2021-04-12,2021-04-12,Promoter Group,Revokation of Pledge,Pledge Revoke,Equity Shares,10721830.0,0.0,0.0,0.0,0.0,967051732.0,40.3,967051732.0,40.3
SUNPHARMA,2021-05-05 12:51:00,2021-05-04,2021-04-29,2021-04-29,Immediate relative,Revokation of Pledge,Pledge Revoke,Equity Shares,400000.0,0.0,0.0,0.0,0.0,28830352.0,1.2,28830352.0,1.2
SUNPHARMA,2021-05-21 15:17:00,2021-05-20,2021-05-19,2021-05-19,Promoter Group,Revokation of Pledge,Pledge Revoke,Equity Shares,980000.0,0.0,0.0,0.0,0.0,967051732.0,40.3,967051732.0,40.3
SUNPHARMA,2021-05-21 15:17:00,2021-05-20,2021-05-18,2021-05-18,Promoter Group,Revokation of Pledge,Pledge Revoke,Equity Shares,534000.0,0.0,0.0,0.0,0.0,967051732.0,40.3,967051732.0,40.3
SUNPHARMA,2021-05-22 11:07:00,2021-05-21,2021-05-19,2021-05-19,Immediate relative,Revokation of Pledge,Pledge Revoke,Equity Shares,9378000.0,0.0,0.0,0.0,0.0,28830352.0,1.2,28830352.0,1.2
SUNPHARMA,2021-06-10 16:13:00,2021-06-08,2021-06-08,2021-06-08,Other,Market Sale,Sell,Equity Shares,3000.0,0.0,0.0,0.0,0.0,286183.0,0.01,283183.0,0.01
SUNPHARMA,2021-06-10 16:13:00,2021-06-08,2021-06-07,2021-06-07,Other,Market Sale,Sell,Equity Shares,2000.0,0.0,0.0,0.0,0.0,288183.0,0.01,286183.0,0.01
SUNPHARMA,2021-06-11 18:48:00,2021-06-11,2021-06-09,2021-06-09,Immediate relative,Revokation of Pledge,Pledge Revoke,Equity Shares,250000.0,0.0,0.0,0.0,0.0,28830352.0,1.2,28830352.0,1.2
SUNPHARMA,2021-06-11 18:48:00,2021-06-10,2021-06-09,2021-06-09,Other,Market Sale,Sell,Equity Shares,3000.0,0.0,0.0,0.0,0.0,283183.0,0.01,280183.0,0.01
SUNPHARMA,2021-06-16 11:25:00,2021-06-15,2021-06-08,2021-06-08,Director,Revokation of Pledge,Pledge Revoke,Equity Shares,25000.0,0.0,0.0,0.0,0.0,2485747.0,0.1,2485747.0,0.1
SUNPHARMA,2021-06-22 17:18:00,2021-06-22,2021-06-15,2021-06-15,Director,Revokation of Pledge,Pledge Revoke,Equity Shares,180000.0,0.0,0.0,0.0,0.0,2485747.0,0.1,2485747.0,0.1
SUNPHARMA,2021-06-29 17:36:00,2021-06-28,2021-06-25,2021-06-25,Other,Market Sale,Sell,Equity Shares,2000.0,0.0,0.0,0.0,0.0,280183.0,0.01,278183.0,0.01
SUNPHARMA,2021-06-29 17:36:00,2021-06-28,2021-06-28,2021-06-28,Other,Market Sale,Sell,Equity Shares,4000.0,0.0,0.0,0.0,0.0,278183.0,0.01,274183.0,0.01
SUNPHARMA,2021-07-01 12:00:00,2021-06-30,2021-06-29,2021-06-29,Other,Revokation of Pledge,Pledge Revoke,Equity Shares,150000.0,0.0,0.0,0.0,0.0,272183.0,0.01,272183.0,0.01
SUNPHARMA,2021-07-01 12:00:00,2021-06-30,2021-06-29,2021-06-29,Other,Market Sale,Sell,Equity Shares,2000.0,0.0,0.0,0.0,0.0,274183.0,0.01,272183.0,0.01
SUNPHARMA,2021-07-01 19:27:00,2021-07-01,2021-06-30,2021-06-30,Other,Market Sale,Sell,Equity Shares,2000.0,0.0,0.0,0.0,0.0,272183.0,0.01,270183.0,0.01
SUNPHARMA,2021-07-06 18:34:00,2021-07-05,2021-07-02,2021-07-02,Promoter Group,Invocation of pledge,Pledge Invoke,Equity Shares,6060000.0,0.0,0.0,0.0,0.0,967051732.0,40.3,960991732.0,40.3
SUNPHARMA,2021-07-06 18:34:00,2021-07-05,2021-07-02,2021-07-02,Immediate relative,Revokation of Pledge,Pledge Revoke,Equity Shares,3278000.0,0.0,0.0,0.0,0.0,28830352.0,1.2,28830352.0,1.2
SUNPHARMA,2021-07-08 16:59:00,2021-07-08,2021-07-06,2021-07-06,Immediate relative,Pledge Creation,Pledge,Equity Shares,3010000.0,0.0,0.0,0.0,0.0,28830352.0,1.2,28830352.0,1.2
SUNPHARMA,2021-07-29 17:08:00,2021-07-29,2021-07-27,2021-07-27,Immediate relative,Revokation of Pledge,Pledge Revoke,Equity Shares,1100000.0,0.0,0.0,0.0,0.0,28830352.0,1.2,28830352.0,1.2
SUNPHARMA,2021-08-04 17:46:00,2021-08-04,2021-08-02,2021-08-02,Other,Market Sale,Sell,Equity Shares,7000.0,0.0,0.0,0.0,0.0,270183.0,0.01,263183.0,0.01
SUNPHARMA,2021-08-04 17:46:00,2021-08-04,2021-08-03,2021-08-03,Other,Market Sale,Sell,Equity Shares,4000.0,0.0,0.0,0.0,0.0,263183.0,0.01,259183.0,0.01
SUNPHARMA,2021-08-04 17:46:00,2021-08-03,2021-07-30,2021-07-30,Director,Revokation of Pledge,Pledge Revoke,Equity Shares,50000.0,0.0,0.0,0.0,0.0,2485747.0,0.1,2485747.0,0.1
SUNPHARMA,2021-08-11 12:42:00,2021-08-09,2021-08-02,2021-08-06,Immediate relative,Market Sale,Sell,Equity Shares,1300.0,0.0,0.0,0.0,0.0,168820.0,0.0,167520.0,0.0
SUNPHARMA,2021-08-13 11:50:00,2021-08-11,2021-08-09,2021-08-10,Immediate relative,Market Sale,Sell,Equity Shares,800.0,0.0,0.0,0.0,0.0,167520.0,0.0,166720.0,0.0
SUNPHARMA,2021-08-23 14:58:00,2021-08-20,2021-08-20,2021-08-20,Immediate relative,Pledge Creation,Pledge,Equity Shares,1200000.0,0.0,0.0,0.0,0.0,28830352.0,1.2,28830352.0,1.2
SUNPHARMA,2021-08-23 14:58:00,2021-08-20,2021-08-17,2021-08-17,Immediate relative,Revokation of Pledge,Pledge Revoke,Equity Shares,3241600.0,0.0,0.0,0.0,0.0,28830352.0,1.2,28830352.0,1.2
SUNPHARMA,2021-09-06 19:44:00,2021-09-03,2021-08-31,2021-08-31,Immediate relative,Pledge Creation,Pledge,Equity Shares,1000.0,0.0,0.0,0.0,0.0,166720.0,0.0,166720.0,0.0
SUNPHARMA,2021-09-08 14:21:00,2021-09-07,2021-09-06,2021-09-06,Promoter Group,Revokation of Pledge,Pledge Revoke,Equity Shares,3393333.0,0.0,0.0,0.0,0.0,967051732.0,40.3,967051732.0,40.3
SUNPHARMA,2021-09-20 15:56:00,2021-09-18,2021-09-15,2021-09-15,Immediate relative,Market Sale,Sell,Equity Shares,100.0,0.0,0.0,0.0,0.0,166720.0,0.0,166620.0,0.0
SUNPHARMA,2021-09-27 18:39:00,2021-09-27,2021-09-23,2021-09-23,Promoter Group,Pledge Creation,Pledge,Equity Shares,2750000.0,0.0,0.0,0.0,0.0,967051732.0,40.3,967051732.0,40.3
SUNPHARMA,2021-09-30 18:44:00,2021-09-30,2021-09-29,2021-09-29,Director,Revokation of Pledge,Pledge Revoke,Equity Shares,63000.0,0.0,0.0,0.0,0.0,2485747.0,0.1,2485747.0,0.1
SUNPHARMA,2021-09-30 18:44:00,2021-09-30,2021-09-29,2021-09-29,Immediate relative,Revokation of Pledge,Pledge Revoke,Equity Shares,30000.0,0.0,0.0,0.0,0.0,155279.0,0.01,155279.0,0.01
SUNPHARMA,2021-10-01 15:58:00,2021-09-30,2021-09-30,2021-09-30,Director,Market Sale,Sell,Equity Shares,25000.0,0.0,0.0,0.0,0.0,2455747.0,0.1,2430747.0,0.1
SUNPHARMA,2021-10-01 15:58:00,2021-09-30,2021-09-29,2021-09-29,Director,Market Sale,Sell,Equity Shares,30000.0,0.0,0.0,0.0,0.0,2485747.0,0.1,2455747.0,0.1
SUNPHARMA,2021-10-01 15:58:00,2021-09-30,2021-09-29,2021-09-29,Other,Market Sale,Sell,Equity Shares,23000.0,0.0,0.0,0.0,0.0,259183.0,0.01,236183.0,0.01
SUNPHARMA,2021-10-01 15:58:00,2021-09-30,2021-09-30,2021-09-30,Employees/Designated Employees,Market Sale,Sell,Equity Shares,2250.0,0.0,0.0,0.0,0.0,10000.0,0.0,7750.0,0.0
SUNPHARMA,2021-10-01 15:58:00,2021-09-30,2021-09-30,2021-09-30,Other,Market Sale,Sell,Equity Shares,15000.0,0.0,0.0,0.0,0.0,236183.0,0.01,221183.0,0.01
SUNPHARMA,2021-10-04 12:50:00,2021-10-04,2021-09-29,2021-09-30,Immediate relative,Market Sale,Sell,Equity Shares,600.0,0.0,0.0,0.0,0.0,166620.0,0.0,166020.0,0.0
SUNPHARMA,2021-10-04 15:52:00,2021-10-04,2021-09-30,2021-09-30,Other,Market Sale,Sell,Equity Shares,10000.0,0.0,0.0,0.0,0.0,58300.0,0.0,48300.0,0.0
SUNPHARMA,2021-10-07 16:46:00,2021-10-06,2021-09-30,2021-09-30,Immediate relative,Revokation of Pledge,Pledge Revoke,Equity Shares,600.0,0.0,0.0,0.0,0.0,166020.0,0.0,166020.0,0.0
SUNPHARMA,2021-10-25 16:17:00,2021-10-22,2021-10-20,2021-10-20,Promoter Group,Revokation of Pledge,Pledge Revoke,Equity Shares,75000.0,0.0,0.0,0.0,0.0,967051732.0,40.3,967051732.0,40.3
SUNPHARMA,2021-10-25 16:17:00,2021-10-22,2021-10-21,2021-10-21,Promoter Group,Revokation of Pledge,Pledge Revoke,Equity Shares,5200000.0,0.0,0.0,0.0,0.0,967051732.0,40.3,967051732.0,40.3
SUNPHARMA,2021-10-28 19:58:00,2021-10-27,2021-10-25,2021-10-25,Immediate relative,Revokation of Pledge,Pledge Revoke,Equity Shares,3175000.0,0.0,0.0,0.0,0.0,28830352.0,1.2,28830352.0,1.2
SUNPHARMA,2021-11-03 17:17:00,2021-11-03,2021-11-02,2021-11-02,Promoters,Pledge Creation,Pledge,Equity Shares,5400000.0,0.0,0.0,0.0,0.0,967051732.0,40.3,967051732.0,40.3
SUNPHARMA,2021-11-10 16:31:00,2021-11-10,2021-11-09,2021-11-09,Director,Others,Pledge Revoke,Equity Shares,14300000.0,0.0,0.0,0.0,0.0,14345091.0,0.6,14345091.0,0.6
SUNPHARMA,2021-11-18 16:42:00,2021-11-18,2021-11-16,2021-11-16,Promoter Group,Revokation of Pledge,Pledge Revoke,Equity Shares,210000.0,0.0,0.0,0.0,0.0,967051732.0,40.3,967051732.0,40.3
SUNPHARMA,2021-12-06 17:19:00,2021-12-03,2021-12-02,2021-12-02,Other,Market Sale,Sell,Equity Shares,5000.0,0.0,0.0,0.0,0.0,221183.0,0.01,216183.0,0.01
SUNPHARMA,2021-12-13 15:03:00,2021-12-10,2021-12-10,2021-12-10,Other,Market Sale,Sell,Equity Shares,2000.0,0.0,0.0,0.0,0.0,215183.0,0.01,213183.0,0.01
SUNPHARMA,2021-12-13 15:03:00,2021-12-10,2021-12-09,2021-12-09,Other,Market Sale,Sell,Equity Shares,1000.0,0.0,0.0,0.0,0.0,216183.0,0.01,215183.0,0.01
SUNPHARMA,2021-12-13 15:03:00,2021-12-13,2021-12-09,2021-12-09,Promoter Group,Revokation of Pledge,Pledge Revoke,Equity Shares,5500000.0,0.0,0.0,0.0,0.0,967051732.0,40.3,967051732.0,40.3
SUNPHARMA,2021-12-15 15:03:00,2021-12-13,2021-12-03,2021-12-03,Other,Market Sale,Sell,Equity Shares,131.0,0.0,0.0,0.0,0.0,213183.0,0.01,213052.0,0.01
SUNPHARMA,2021-12-16 14:45:00,2021-12-15,2021-12-14,2021-12-14,Immediate relative,Pledge Creation,Pledge,Equity Shares,460000.0,0.0,0.0,0.0,0.0,28830352.0,1.2,28830352.0,1.2
SUNPHARMA,2021-12-17 15:26:00,2021-12-17,2021-12-15,2021-12-15,Other,Market Sale,Sell,Equity Shares,2000.0,0.0,0.0,0.0,0.0,213052.0,0.01,211052.0,0.01
SUNPHARMA,2021-12-22 11:19:00,2021-12-21,2021-12-20,2021-12-20,Other,Market Sale,Sell,Equity Shares,2000.0,0.0,0.0,0.0,0.0,211052.0,0.01,209052.0,0.01
SUNPHARMA,2021-12-22 11:19:00,2021-12-21,2021-12-21,2021-12-21,Other,Market Sale,Sell,Equity Shares,4000.0,0.0,0.0,0.0,0.0,209052.0,0.01,205052.0,0.01
SUNPHARMA,2021-12-22 11:19:00,2021-12-21,2021-12-20,2021-12-20,Director,Pledge Creation,Pledge,Equity Shares,15000.0,0.0,0.0,0.0,0.0,2430747.0,0.1,2430747.0,0.1
SUNPHARMA,2021-12-27 14:30:00,2021-12-23,2021-12-22,2021-12-22,Other,Market Sale,Sell,Equity Shares,10000.0,0.0,0.0,0.0,0.0,205052.0,0.01,195052.0,0.01
SUNPHARMA,2021-12-27 14:30:00,2021-12-23,2021-12-22,2021-12-22,Director,Market Sale,Sell,Equity Shares,5000.0,0.0,0.0,0.0,0.0,2430747.0,0.1,2425747.0,0.1
SUNPHARMA,2021-12-28 19:00:00,2021-12-28,2021-12-28,2021-12-28,Other,Market Sale,Sell,Equity Shares,16000.0,0.0,0.0,0.0,0.0,192052.0,0.01,176052.0,0.01
SUNPHARMA,2021-12-28 19:00:00,2021-12-28,2021-12-27,2021-12-27,Other,Market Sale,Sell,Equity Shares,3000.0,0.0,0.0,0.0,0.0,195052.0,0.01,192052.0,0.01
SUNPHARMA,2021-12-28 19:00:00,2021-12-28,2021-12-28,2021-12-28,Director,Market Sale,Sell,Equity Shares,13000.0,0.0,0.0,0.0,0.0,2425747.0,0.1,2412747.0,0.1
SUNPHARMA,2022-01-03 12:40:00,2021-12-31,2021-12-31,2021-12-31,Director,Market Sale,Sell,Equity Shares,7000.0,0.0,0.0,0.0,0.0,2395747.0,0.1,2388747.0,0.1
SUNPHARMA,2022-01-03 12:40:00,2021-12-30,2021-12-29,2021-12-29,Other,Market Sale,Sell,Equity Shares,10000.0,0.0,0.0,0.0,0.0,176052.0,0.01,166052.0,0.01
SUNPHARMA,2022-01-03 12:40:00,2021-12-30,2021-12-29,2021-12-29,Director,Market Sale,Sell,Equity Shares,17000.0,0.0,0.0,0.0,0.0,2412747.0,0.1,2395747.0,0.1
SUNPHARMA,2022-01-03 12:40:00,2021-12-30,2021-12-28,2021-12-29,Immediate relative,Market Sale,Sell,Equity Shares,3000.0,0.0,0.0,0.0,0.0,166020.0,0.0,163020.0,0.0
SUNPHARMA,2022-01-03 12:40:00,2021-12-31,2021-12-31,2021-12-31,Other,Market Sale,Sell,Equity Shares,6000.0,0.0,0.0,0.0,0.0,166052.0,0.01,160052.0,0.01
SUNPHARMA,2022-01-04 16:53:00,2022-01-03,2021-12-31,2021-12-31,Immediate relative,Market Sale,Sell,Equity Shares,2000.0,0.0,0.0,0.0,0.0,163020.0,0.0,161020.0,0.0
SUNPHARMA,2022-01-20 17:17:00,2022-01-19,2022-01-17,2022-01-17,Immediate relative,Revokation of Pledge,Pledge Revoke,Equity Shares,1010000.0,0.0,0.0,0.0,0.0,28830352.0,1.2,28830352.0,1.2
SUNPHARMA,2022-01-20 17:17:00,2022-01-19,2022-01-17,2022-01-17,Immediate relative,Revokation of Pledge,Pledge Revoke,Equity Shares,22000.0,0.0,0.0,0.0,0.0,28830352.0,1.2,28830352.0,1.2
SUNPHARMA,2022-02-08 16:10:00,2022-02-07,2022-02-04,2022-02-04,Immediate relative,Revokation of Pledge,Pledge Revoke,Equity Shares,64700.0,0.0,0.0,0.0,0.0,155279.0,0.01,155279.0,0.01
SUNPHARMA,2022-02-08 16:10:00,2022-02-07,2022-02-07,2022-02-07,Director,Gift,Sell,Equity Shares,200000.0,0.0,0.0,0.0,0.0,2388747.0,0.1,2188747.0,0.1
SUNPHARMA,2022-02-08 16:10:00,2022-02-07,2022-02-04,2022-02-04,Other,Revokation of Pledge,Pledge Revoke,Equity Shares,47300.0,0.0,0.0,0.0,0.0,160052.0,0.01,160052.0,0.01
SUNPHARMA,2022-02-08 16:10:00,2022-02-07,2022-02-07,2022-02-07,Director,Gift,Sell,Equity Shares,200000.0,0.0,0.0,0.0,0.0,2388747.0,0.1,2188747.0,0.1
SUNPHARMA,2022-02-08 16:10:00,2022-02-07,2022-02-04,2022-02-04,Immediate relative,Revokation of Pledge,Pledge Revoke,Equity Shares,64700.0,0.0,0.0,0.0,0.0,155279.0,0.01,155279.0,0.01
SUNPHARMA,2022-02-08 16:10:00,2022-02-07,2022-02-04,2022-02-04,Other,Revokation of Pledge,Pledge Revoke,Equity Shares,47300.0,0.0,0.0,0.0,0.0,160052.0,0.01,160052.0,0.01
SUNPHARMA,2022-02-09 12:38:00,2022-02-08,2022-02-04,2022-02-04,Immediate relative,Revokation of Pledge,Pledge Revoke,Equity Shares,8400.0,0.0,0.0,0.0,0.0,28830352.0,1.2,28830352.0,1.2
SUNPHARMA,2022-02-23 16:11:00,2022-02-23,2022-02-22,2022-02-22,Director,Revokation of Pledge,Pledge Revoke,Equity Shares,185000.0,0.0,0.0,0.0,0.0,2188747.0,0.1,2188747.0,0.1
SUNPHARMA,2022-02-25 15:37:00,2022-02-25,2022-02-23,2022-02-23,Promoter Group,Revokation of Pledge,Pledge Revoke,Equity Shares,5400000.0,0.0,0.0,0.0,0.0,967051732.0,40.3,967051732.0,40.3
SUNPHARMA,2022-03-21 12:01:00,2022-03-17,2022-03-17,2022-03-17,Director,Market Sale,Sell,Equity Shares,15400.0,0.0,0.0,0.0,0.0,2188747.0,0.1,2173347.0,0.1
SUNPHARMA,2022-03-22 16:56:00,2022-03-22,2022-03-21,2022-03-21,Immediate relative,Pledge Creation,Pledge,Equity Shares,8101000.0,0.0,0.0,0.0,0.0,28830352.0,1.2,28830352.0,1.2
SUNPHARMA,2022-03-23 17:30:00,2022-03-22,2022-03-21,2022-03-21,Immediate relative,Pledge Creation,Pledge,Equity Shares,8101000.0,0.0,0.0,0.0,0.0,28830352.0,1.2,28830352.0,1.2
SUNPHARMA,2022-03-25 16:58:00,2022-03-24,2022-03-22,2022-03-22,Promoter Group,Revokation of Pledge,Pledge Revoke,Equity Shares,8597035.0,0.0,0.0,0.0,0.0,967051732.0,40.3,967051732.0,40.3
SUNPHARMA,2022-03-25 16:58:00,2022-03-24,2022-03-22,2022-03-22,Immediate relative,Gift,Buy,Equity Shares,11000.0,0.0,0.0,0.0,0.0,160020.0,0.0,171020.0,0.0
SUNPHARMA,2022-03-29 19:24:00,2022-03-28,2022-03-25,2022-03-25,Promoter Group,Pledge Creation,Pledge,Equity Shares,2700000.0,0.0,0.0,0.0,0.0,967051732.0,40.3,967051732.0,40.3
SUNPHARMA,2022-03-29 19:24:00,2022-03-28,2022-03-25,2022-03-25,Promoter Group,Pledge Creation,Pledge,Equity Shares,2000000.0,0.0,0.0,0.0,0.0,967051732.0,40.3,967051732.0,40.3
SUNPHARMA,2022-03-29 19:24:00,2022-03-28,2022-03-25,2022-03-25,Promoter Group,Pledge Creation,Pledge,Equity Shares,7058000.0,0.0,0.0,0.0,0.0,967051732.0,40.3,967051732.0,40.3
SUNPHARMA,2022-04-01 12:50:00,2022-03-31,2022-03-31,2022-03-31,Director,Market Sale,Sell,Equity Shares,2000.0,0.0,0.0,0.0,0.0,2161347.0,0.1,2159347.0,0.1
SUNPHARMA,2022-04-07 17:36:00,2022-04-06,2022-04-04,2022-04-04,Promoter Group,Revokation of Pledge,Pledge Revoke,Equity Shares,3000000.0,0.0,0.0,0.0,0.0,967051732.0,40.3,967051732.0,40.3
SUNPHARMA,2022-04-22 18:11:00,2022-04-21,2022-04-19,2022-04-19,Promoter Group,Revokation of Pledge,Pledge Revoke,Equity Shares,7058000.0,0.0,0.0,0.0,0.0,967051732.0,40.3,967051732.0,40.3
SUNPHARMA,2022-04-28 16:06:00,2022-04-27,2022-04-25,2022-04-25,Immediate relative,Pledge Creation,Pledge,Equity Shares,300000.0,0.0,0.0,0.0,0.0,28830352.0,1.2,28830352.0,1.2
SUNPHARMA,2022-04-28 16:06:00,2022-04-27,2022-04-27,2022-04-27,Immediate relative,Pledge Creation,Pledge,Equity Shares,5720000.0,0.0,0.0,0.0,0.0,28830352.0,1.2,28830352.0,1.2
SUNPHARMA,2022-05-09 18:18:00,2022-05-05,2022-05-05,2022-05-05,Immediate relative,Pledge Creation,Pledge,Equity Shares,500000.0,0.0,0.0,0.0,0.0,28830352.0,1.2,28830352.0,1.2
SUNPHARMA,2022-05-12 11:23:00,2022-05-10,2022-05-06,2022-05-06,Promoter Group,Revokation of Pledge,Pledge Revoke,Equity Shares,2700000.0,0.0,0.0,0.0,0.0,967051732.0,40.3,967051732.0,40.3
SUNPHARMA,2022-05-12 11:23:00,2022-05-10,2022-05-09,2022-05-09,Immediate relative,Pledge Creation,Pledge,Equity Shares,200000.0,0.0,0.0,0.0,0.0,28830352.0,1.2,28830352.0,1.2
SUNPHARMA,2022-05-12 11:23:00,2022-05-10,2022-05-06,2022-05-06,Promoter Group,Revokation of Pledge,Pledge Revoke,Equity Shares,2000000.0,0.0,0.0,0.0,0.0,967051732.0,40.3,967051732.0,40.3
SUNPHARMA,2022-05-24 18:23:00,2022-05-24,2022-05-23,2022-05-23,Immediate relative,Off Market,Pledge Revoke,Equity Shares,2300000.0,0.0,0.0,0.0,0.0,28830352.0,1.2,28830352.0,1.2
SUNPHARMA,2022-06-06 18:53:00,2022-06-06,2022-06-03,2022-06-03,Promoter Group,Pledge Creation,Pledge,Equity Shares,200000.0,0.0,0.0,0.0,0.0,28830352.0,1.2,28830352.0,1.2
SUNPHARMA,2022-06-17 15:08:00,2022-06-16,2022-06-14,2022-06-14,Promoter Group,Revokation of Pledge,Pledge Revoke,Equity Shares,15000.0,0.0,0.0,0.0,0.0,967051732.0,40.3,967051732.0,40.3
SUNPHARMA,2022-06-20 17:23:00,2022-06-20,2022-06-17,2022-06-17,Immediate relative,Pledge Creation,Pledge,Equity Shares,200000.0,0.0,0.0,0.0,0.0,28830352.0,1.2,28830352.0,1.2
SUNPHARMA,2022-06-20 17:23:00,2022-06-20,2022-06-16,2022-06-16,Immediate relative,Pledge Creation,Pledge,Equity Shares,200000.0,0.0,0.0,0.0,0.0,28830352.0,1.2,28830352.0,1.2
SUNPHARMA,2022-06-21 15:44:00,2022-06-21,2022-06-20,2022-06-20,Immediate relative,Pledge Creation,Pledge,Equity Shares,400000.0,0.0,0.0,0.0,0.0,28830352.0,1.2,28830352.0,1.2
SUNPHARMA,2022-09-01 13:01:00,2022-08-30,2022-08-30,2022-08-30,Immediate relative,Revokation of Pledge,Pledge Revoke,Equity Shares,22000.0,0.0,0.0,0.0,0.0,28830352.0,1.2,28830352.0,1.2
SUNPHARMA,2022-09-01 13:01:00,2022-08-30,2022-08-29,2022-08-29,Immediate relative,Revokation of Pledge,Pledge Revoke,Equity Shares,1435000.0,0.0,0.0,0.0,0.0,28830352.0,1.2,28830352.0,1.2
SUNPHARMA,2022-09-01 13:01:00,2022-08-30,2022-08-26,2022-08-26,Immediate relative,Pledge Creation,Pledge,Equity Shares,1200000.0,0.0,0.0,0.0,0.0,28830352.0,1.2,28830352.0,1.2
SUNPHARMA,2022-09-22 12:11:00,2022-09-22,2022-09-21,2022-09-21,Director,Market Sale,Sell,Equity Shares,15000.0,0.0,0.0,0.0,0.0,2159323.0,0.1,2144323.0,0.1
SUNPHARMA,2022-09-22 12:48:00,2022-09-21,2022-09-19,2022-09-19,Promoter Group,Off Market,Pledge Revoke,Equity Shares,19395450.0,0.0,0.0,0.0,0.0,967051732.0,40.3,967051732.0,40.3
SUNPHARMA,2022-09-23 17:34:00,2022-09-23,2022-09-23,2022-09-23,Director,Market Sale,Sell,Equity Shares,12000.0,0.0,0.0,0.0,0.0,2134323.0,0.1,2122323.0,0.1
SUNPHARMA,2022-09-23 17:34:00,2022-09-23,2022-09-22,2022-09-22,Director,Market Sale,Sell,Equity Shares,10000.0,0.0,0.0,0.0,0.0,2144323.0,0.1,2134323.0,0.1
SUNPHARMA,2022-09-29 17:59:00,2022-09-29,2022-09-28,2022-09-28,Director,Market Sale,Sell,Equity Shares,2000.0,0.0,0.0,0.0,0.0,2122323.0,0.1,2120323.0,0.1
SUNPHARMA,2022-09-29 17:59:00,2022-09-29,2022-09-28,2022-09-28,Director,Market Sale,Sell,Equity Shares,14000.0,0.0,0.0,0.0,0.0,2120323.0,0.1,2106323.0,0.1
SUNPHARMA,2022-10-03 16:29:00,2022-09-30,2022-09-23,2022-09-29,Immediate relative,Market Sale,Sell,Equity Shares,1400.0,0.0,0.0,0.0,0.0,171020.0,0.0,169620.0,0.0
SUNPHARMA,2022-10-03 16:29:00,2022-09-30,2022-09-29,2022-09-29,Director,Market Sale,Sell,Equity Shares,25000.0,0.0,0.0,0.0,0.0,2106323.0,0.09,2081323.0,0.09
SUNPHARMA,2022-10-03 16:29:00,2022-09-30,2022-09-30,2022-09-30,Director,Market Sale,Sell,Equity Shares,9000.0,0.0,0.0,0.0,0.0,2081323.0,0.09,2072323.0,0.09
SUNPHARMA,2022-10-04 13:07:00,2022-10-04,2022-09-30,2022-09-30,Immediate relative,Market Sale,Sell,Equity Shares,1500.0,0.0,0.0,0.0,0.0,169620.0,0.0,168120.0,0.0
SUNPHARMA,2022-10-25 12:25:00,2022-10-21,2022-10-21,2022-10-21,Promoter Group,Revokation of Pledge,Pledge Revoke,Equity Shares,10675000.0,0.0,0.0,0.0,0.0,967051732.0,40.3,967051732.0,40.3
SUNPHARMA,2022-11-14 18:34:00,2022-11-11,2022-11-09,2022-11-09,Immediate relative,Revokation of Pledge,Pledge Revoke,Equity Shares,500000.0,0.0,0.0,0.0,0.0,28830352.0,1.2,28830352.0,1.2
SUNPHARMA,2022-11-14 18:34:00,2022-11-11,2022-11-10,2022-11-10,Immediate relative,Revokation of Pledge,Pledge Revoke,Equity Shares,1000000.0,0.0,0.0,0.0,0.0,28830352.0,1.2,28830352.0,1.2
SUNPHARMA,2022-11-25 17:52:00,2022-11-25,2022-11-24,2022-11-24,Director,Market Sale,Sell,Equity Shares,10000.0,0.0,0.0,0.0,0.0,2022323.0,0.09,2012323.0,0.09
SUNPHARMA,2022-12-01 10:59:00,2022-11-30,2022-11-29,2022-11-29,Director,Market Sale,Sell,Equity Shares,6000.0,0.0,0.0,0.0,0.0,2012323.0,0.09,2006323.0,0.09
SUNPHARMA,2022-12-01 11:30:00,2022-11-30,2022-11-29,2022-11-29,Other,Market Sale,Sell,Equity Shares,1000.0,0.0,0.0,0.0,0.0,160052.0,0.01,159052.0,0.01
SUNPHARMA,2022-12-02 17:33:00,2022-12-01,2022-11-30,2022-11-30,Other,Market Sale,Sell,Equity Shares,1000.0,0.0,0.0,0.0,0.0,159052.0,0.01,158052.0,0.01
SUNPHARMA,2022-12-02 17:33:00,2022-12-02,2022-11-30,2022-11-30,Immediate relative,Revokation of Pledge,Pledge Revoke,Equity Shares,1479000.0,0.0,0.0,0.0,0.0,28830352.0,1.2,28830352.0,1.2
SUNPHARMA,2022-12-05 16:16:00,2022-12-05,2022-12-02,2022-12-02,Immediate relative,Off Market,Pledge Revoke,Equity Shares,60000.0,0.0,0.0,0.0,0.0,28830352.0,1.2,28830352.0,1.2
SUNPHARMA,2022-12-08 16:25:00,2022-12-07,2022-12-06,2022-12-06,Immediate relative,Market Sale,Sell,Equity Shares,3000.0,0.0,0.0,0.0,0.0,29192.0,0.0,26192.0,0.0
SUNPHARMA,2022-12-08 16:25:00,2022-12-07,2022-12-06,2022-12-06,Employees/Designated Employees,Market Sale,Sell,Equity Shares,2000.0,0.0,0.0,0.0,0.0,6004.0,0.0,4004.0,0.0
SUNPHARMA,2022-12-22 12:54:00,2022-12-22,2022-12-21,2022-12-21,Promoter Group,Off Market,Pledge,Equity Shares,450000.0,0.0,0.0,0.0,0.0,28830352.0,1.2,28830352.0,1.2
SUNPHARMA,2022-12-23 18:06:00,2022-12-23,2022-12-22,2022-12-22,Director,Market Sale,Sell,Equity Shares,5000.0,0.0,0.0,0.0,0.0,2006323.0,0.1,2001323.0,0.1
SUNPHARMA,2022-12-23 18:06:00,2022-12-23,2022-12-23,2022-12-23,Director,Market Sale,Sell,Equity Shares,2000.0,0.0,0.0,0.0,0.0,2001323.0,0.1,1999323.0,0.1
SUNPHARMA,2022-12-23 18:06:00,2022-12-23,2022-12-23,2022-12-23,Director,Market Sale,Sell,Equity Shares,2000.0,0.0,0.0,0.0,0.0,1999323.0,0.1,1997323.0,0.1
SUNPHARMA,2022-12-27 17:57:00,2022-12-27,2022-12-26,2022-12-26,Immediate relative,Off Market,Pledge,Equity Shares,3000000.0,0.0,0.0,0.0,0.0,28830352.0,1.2,28830352.0,1.2
SUNPHARMA,2023-02-07 18:37:00,2023-02-07,2023-02-06,2023-02-06,Promoter Group,Off Market,Pledge,Equity Shares,6000000.0,0.0,0.0,0.0,0.0,40153960.0,1.67,40153960.0,1.67
SUNPHARMA,2023-02-20 17:08:00,2023-02-20,2023-02-17,2023-02-17,Key Managerial Personnel,Off Market,Pledge Revoke,Equity Shares,15000.0,0.0,0.0,0.0,0.0,1997323.0,0.1,1997323.0,0.1
SUNPHARMA,2023-02-23 16:55:00,2023-02-23,2023-02-22,2023-02-22,Immediate relative,Off Market,Pledge,Equity Shares,2420000.0,0.0,0.0,0.0,0.0,28830352.0,1.2,28830352.0,1.2
SUNPHARMA,2023-02-23 16:55:00,2023-02-23,2023-02-22,2023-02-22,Immediate relative,Off Market,Pledge,Equity Shares,1190000.0,0.0,0.0,0.0,0.0,28830352.0,1.2,28830352.0,1.2
SUNPHARMA,2023-03-06 14:13:00,2023-03-02,2023-03-01,2023-03-01,Immediate relative,Off Market,Pledge Revoke,Equity Shares,8101000.0,0.0,0.0,0.0,0.0,28830352.0,1.2,28830352.0,1.2
SUNPHARMA,2023-03-06 18:45:00,2023-03-06,2023-03-03,2023-03-03,Immediate relative,Off Market,Pledge,Equity Shares,1160000.0,0.0,0.0,0.0,0.0,28830352.0,1.2,28830352.0,1.2
SUNPHARMA,2023-03-09 11:18:00,2023-03-08,2023-03-06,2023-03-06,Promoter Group,Off Market,Pledge Revoke,Equity Shares,119837.0,0.0,0.0,0.0,0.0,967051732.0,40.3,967051732.0,40.3
SUNPHARMA,2023-03-20 15:13:00,2023-03-17,2023-03-16,2023-03-16,Director,Market Sale,Sell,Equity Shares,4000.0,0.0,0.0,0.0,0.0,1997323.0,0.1,1993323.0,0.1
SUNPHARMA,2023-03-22 12:09:00,2023-03-22,2023-03-20,2023-03-20,Immediate relative,Off Market,Pledge,Equity Shares,1650000.0,0.0,0.0,0.0,0.0,28830352.0,1.2,28830352.0,1.2
SUNPHARMA,2023-03-29 10:35:00,2023-03-28,2023-03-27,2023-03-27,Promoter Group,Off Market,Pledge Revoke,Equity Shares,5990000.0,0.0,0.0,0.0,0.0,40153960.0,1.67,40153960.0,1.67
SUNPHARMA,2023-05-23 15:11:00,2023-05-23,2023-05-22,2023-05-22,Promoter Group,Off Market,Pledge,Equity Shares,1000000.0,0.0,0.0,0.0,0.0,28830352.0,1.2,28830352.0,1.2
SUNPHARMA,2023-08-30 14:43:00,2023-08-29,2023-08-28,2023-08-28,Promoter Group,Off Market,Pledge,Equity Shares,2020000.0,0.0,0.0,0.0,0.0,28830352.0,1.2,28830352.0,1.2
