symbol,filing_date,intim_date,acq_from_date,acq_to_date,person_category,acq_mode,transaction_type,sec_type,security_acquired_disposed,buy_quantity,sell_quantity,buy_value,sell_value,shares_before_no,shares_before_pct,shares_after_no,shares_after_pct
YESBANK,2015-11-20 20:06:00,2015-11-20,2015-11-18,2015-11-20,Employees/Designated Employees,Market Sale,Sell,Equity Shares,2100.0,0.0,0.0,0.0,0.0,51700.0,0.0,49600.0,0.0
YESBANK,2015-11-26 12:11:00,2015-11-23,2015-11-23,2015-11-23,Employees/Designated Employees,Market Sale,Sell,Equity Shares,3500.0,0.0,0.0,0.0,0.0,10500.0,0.0,7000.0,0.0
YESBANK,2015-12-01 08:28:00,2015-11-25,2015-11-23,2015-11-23,Employees/Designated Employees,Market Sale,Sell,Equity Shares,500.0,0.0,0.0,0.0,0.0,49600.0,0.0,49100.0,0.0
YESBANK,2015-12-01 20:23:00,2015-11-30,2015-11-19,2015-11-19,Employees/Designated Employees,Market Sale,Sell,Equity Shares,1500.0,0.0,0.0,0.0,0.0,10850.0,0.0,9350.0,0.0
YESBANK,2015-12-01 20:23:00,2015-11-30,2015-11-27,2015-11-27,Employees/Designated Employees,Market Sale,Sell,Equity Shares,3000.0,0.0,0.0,0.0,0.0,18350.0,0.0,15350.0,0.0
YESBANK,2015-12-01 20:23:00,2015-11-30,2015-11-26,2015-11-26,Employees/Designated Employees,Market Sale,Sell,Equity Shares,3500.0,0.0,0.0,0.0,0.0,21850.0,0.0,18350.0,0.0
YESBANK,2015-12-01 20:23:00,2015-11-30,2015-11-04,2015-11-04,Employees/Designated Employees,Market Sale,Sell,Equity Shares,2000.0,0.0,0.0,0.0,0.0,3950.0,0.0,1950.0,0.0
YESBANK,2015-12-02 13:42:00,2015-12-01,2015-11-27,2015-11-27,Employees/Designated Employees,Market Sale,Sell,Equity Shares,2000.0,0.0,0.0,0.0,0.0,9500.0,0.0,7500.0,0.0
YESBANK,2015-12-02 13:42:00,2015-12-01,2015-11-27,2015-11-28,Employees/Designated Employees,Market Sale,Sell,Equity Shares,3000.0,0.0,0.0,0.0,0.0,22470.0,0.0,19470.0,0.0
YESBANK,2015-12-04 14:42:00,2015-12-02,2015-11-30,2015-11-30,Employees/Designated Employees,Market Sale,Sell,Equity Shares,4500.0,0.0,0.0,0.0,0.0,15350.0,0.0,10850.0,0.0
YESBANK,2015-12-04 14:42:00,2015-12-02,2015-12-01,2015-12-01,Employees/Designated Employees,Market Sale,Sell,Equity Shares,1000.0,0.0,0.0,0.0,0.0,10850.0,0.0,9850.0,0.0
YESBANK,2015-12-04 14:42:00,2015-12-03,2015-12-02,2015-12-02,Employees/Designated Employees,-,Pledge,Equity Shares,3000.0,0.0,0.0,0.0,0.0,6500.0,0.0,6500.0,0.0
YESBANK,2015-12-04 14:42:00,2015-12-02,2015-11-30,2015-11-30,Employees/Designated Employees,Market Sale,Sell,Equity Shares,500.0,0.0,0.0,0.0,0.0,46600.0,0.0,46100.0,0.0
YESBANK,2015-12-04 14:42:00,2015-12-03,2015-11-06,2015-11-16,Employees/Designated Employees,-,Pledge,Equity Shares,5317.0,0.0,0.0,0.0,0.0,7200.0,0.0,7200.0,0.0
YESBANK,2015-12-04 15:12:00,2015-11-25,2015-11-25,2015-11-25,Employees/Designated Employees,ESOP,Buy,Equity Shares,3000.0,0.0,0.0,0.0,0.0,3930.0,0.0,6930.0,
YESBANK,2015-12-04 15:12:00,2015-12-01,2015-11-30,2015-11-30,Employees/Designated Employees,Market Sale,Sell,Equity Shares,430.0,0.0,0.0,0.0,0.0,6930.0,0.0,6500.0,0.0
YESBANK,2015-12-04 15:12:00,2015-12-01,2015-11-28,2015-12-01,Employees/Designated Employees,Market Sale,Sell,Equity Shares,1800.0,0.0,0.0,0.0,0.0,4600.0,0.0,2800.0,0.0
YESBANK,2015-12-08 10:15:00,2015-12-04,2015-12-02,2015-12-02,Employees/Designated Employees,Market Sale,Sell,Equity Shares,12000.0,0.0,0.0,0.0,0.0,174000.0,0.0,162000.0,0.0
YESBANK,2015-12-08 10:15:00,2015-12-04,2015-11-18,2015-11-23,Employees/Designated Employees,Market Sale,Sell,Equity Shares,400.0,0.0,0.0,0.0,0.0,21000.0,0.0,20600.0,0.0
YESBANK,2015-12-09 19:19:00,2015-12-07,2015-10-07,2015-10-07,Employees/Designated Employees,ESOP,Buy,Equity Shares,6000.0,0.0,0.0,0.0,0.0,12000.0,0.0,18000.0,0.0
YESBANK,2015-12-11 11:47:00,2015-12-10,2015-12-08,2015-12-08,Employees/Designated Employees,ESOP,Buy,Equity Shares,22500.0,0.0,0.0,0.0,0.0,477500.0,0.0,500000.0,0.0
YESBANK,2015-12-11 13:17:00,2015-12-09,2015-12-06,2015-12-06,Employees/Designated Employees,Market Sale,Sell,Equity Shares,4995.0,0.0,0.0,0.0,0.0,18000.0,0.0,13005.0,0.0
YESBANK,2015-12-15 13:30:00,2015-12-11,2015-11-30,2015-11-30,Employees/Designated Employees,Market Sale,Sell,Equity Shares,2500.0,0.0,0.0,0.0,0.0,15000.0,0.0,12500.0,0.0
YESBANK,2015-12-15 13:30:00,2015-12-14,2015-12-10,2015-12-11,Employees/Designated Employees,Market Sale,Sell,Equity Shares,7595.0,0.0,0.0,0.0,0.0,19470.0,0.0,11875.0,0.0
YESBANK,2015-12-15 13:30:00,2015-12-14,2015-11-25,2015-11-25,Employees/Designated Employees,ESOP,Buy,Equity Shares,7100.0,0.0,0.0,0.0,0.0,44850.0,0.0,51950.0,0.0
YESBANK,2015-12-15 15:37:00,2015-12-08,2015-12-08,2015-12-08,Employees/Designated Employees,ESOP,Buy,Equity Shares,3000.0,0.0,0.0,0.0,0.0,7000.0,0.0,10000.0,0.0
YESBANK,2015-12-16 18:36:00,2015-12-15,2015-12-14,2015-12-14,Employees/Designated Employees,Market Sale,Sell,Equity Shares,3000.0,0.0,0.0,0.0,0.0,127200.0,0.0,124200.0,0.0
YESBANK,2015-12-16 18:36:00,2015-12-15,2015-12-11,2015-12-11,Employees/Designated Employees,ESOP,Buy,Equity Shares,18000.0,0.0,0.0,0.0,0.0,162000.0,0.0,180000.0,0.0
YESBANK,2015-12-16 18:36:00,2015-12-14,2015-12-11,2015-12-11,Employees/Designated Employees,ESOP,Buy,Equity Shares,8250.0,0.0,0.0,0.0,0.0,84500.0,0.0,92750.0,0.0
YESBANK,2015-12-16 18:36:00,2015-12-15,2015-12-11,2015-12-11,Employees/Designated Employees,ESOP,Buy,Equity Shares,22000.0,0.0,0.0,0.0,0.0,10220.0,0.0,32220.0,0.0
YESBANK,2015-12-16 18:36:00,2015-12-14,2015-12-10,2015-12-10,Employees/Designated Employees,ESOP,Buy,Equity Shares,10000.0,0.0,0.0,0.0,0.0,447050.0,0.0,457050.0,0.0
YESBANK,2015-12-16 18:36:00,2015-12-15,2015-12-02,2015-12-11,Employees/Designated Employees,Market Sale,Sell,Equity Shares,400.0,0.0,0.0,0.0,0.0,10800.0,0.0,10400.0,0.0
YESBANK,2015-12-16 18:36:00,2015-12-15,2015-12-02,2015-12-11,Employees/Designated Employees,ESOP,Buy,Equity Shares,8000.0,0.0,0.0,0.0,0.0,2800.0,0.0,10800.0,0.0
YESBANK,2015-12-18 11:38:00,2015-12-16,2015-12-16,2015-12-16,Employees/Designated Employees,Market Sale,Sell,Equity Shares,3000.0,0.0,0.0,0.0,0.0,10000.0,0.0,7000.0,0.0
YESBANK,2015-12-18 18:41:00,2015-12-17,2015-12-17,2015-12-17,Employees/Designated Employees,Market Sale,Sell,Equity Shares,4000.0,0.0,0.0,0.0,0.0,7000.0,0.0,3000.0,0.0
YESBANK,2015-12-24 16:23:00,2015-12-24,2015-12-23,2015-12-23,Employees/Designated Employees,ESOP,Buy,Equity Shares,35000.0,0.0,0.0,0.0,0.0,343435.0,0.0,378435.0,0.0
YESBANK,2015-12-28 12:55:00,2015-12-24,2015-12-22,2015-12-22,Employees/Designated Employees,ESOP,Buy,Equity Shares,12000.0,0.0,0.0,0.0,0.0,123858.0,0.0,135858.0,0.0
YESBANK,2015-12-28 15:10:00,2015-12-24,2015-12-22,2015-12-24,Employees/Designated Employees,ESOP,Buy,Equity Shares,90000.0,0.0,0.0,0.0,0.0,124200.0,0.0,214200.0,0.0
YESBANK,2015-12-28 17:43:00,2015-12-28,2015-12-23,2015-12-23,Employees/Designated Employees,ESOP,Buy,Equity Shares,7100.0,0.0,0.0,0.0,0.0,6750.0,0.0,13850.0,0.0
YESBANK,2015-12-28 18:37:00,2015-12-28,2015-12-23,2015-12-23,Employees/Designated Employees,ESOP,Buy,Equity Shares,27000.0,0.0,0.0,0.0,0.0,47116.0,0.0,74116.0,0.0
YESBANK,2015-12-29 15:37:00,2015-12-29,2015-12-10,2015-12-21,Employees/Designated Employees,Market Sale,Sell,Equity Shares,3000.0,0.0,0.0,0.0,0.0,30500.0,0.0,27500.0,0.0
YESBANK,2015-12-29 15:37:00,2015-12-28,2015-12-28,2015-12-28,Employees/Designated Employees,Market Sale,Sell,Equity Shares,3000.0,0.0,0.0,0.0,0.0,3000.0,0.0,,0.0
YESBANK,2015-12-29 18:16:00,2015-12-29,2015-12-17,2015-12-29,Employees/Designated Employees,Market Sale,Sell,Equity Shares,1500.0,0.0,0.0,0.0,0.0,16500.0,0.0,15000.0,0.0
YESBANK,2016-01-01 10:31:00,2015-12-30,2015-12-30,2015-12-30,Employees/Designated Employees,Market Sale,Sell,Equity Shares,7000.0,0.0,0.0,0.0,0.0,14950.0,0.0,7950.0,0.0
YESBANK,2016-01-12 18:39:00,2016-01-07,2015-12-31,2015-12-31,Employees/Designated Employees,Market Sale,Sell,Equity Shares,1500.0,0.0,0.0,0.0,0.0,12000.0,0.0,10500.0,0.0
YESBANK,2016-01-12 18:39:00,2016-01-07,2015-12-30,2015-12-30,Employees/Designated Employees,Market Sale,Sell,Equity Shares,1005.0,0.0,0.0,0.0,0.0,13005.0,0.0,12000.0,0.0
YESBANK,2016-01-12 18:40:00,2016-01-07,2015-12-30,2015-12-30,Employees/Designated Employees,Market Sale,Sell,Equity Shares,4000.0,0.0,0.0,0.0,0.0,15500.0,0.0,11500.0,0.0
YESBANK,2016-01-14 14:31:00,2016-01-13,2016-01-11,2016-01-11,Employees/Designated Employees,ESOP,Buy,Equity Shares,2250.0,0.0,0.0,0.0,0.0,,0.0,2250.0,0.0
YESBANK,2016-01-14 14:32:00,2016-01-12,2015-12-28,2015-12-28,Employees/Designated Employees,Market Sale,Sell,Equity Shares,3000.0,0.0,0.0,0.0,0.0,6500.0,0.0,3500.0,0.0
YESBANK,2016-01-14 14:32:00,2016-01-12,2016-01-11,2016-01-11,Employees/Designated Employees,ESOP,Buy,Equity Shares,10500.0,0.0,0.0,0.0,0.0,500000.0,0.0,510500.0,0.0
YESBANK,2016-01-14 14:32:00,2016-01-13,2016-01-11,2016-01-11,Employees/Designated Employees,ESOP,Buy,Equity Shares,3000.0,0.0,0.0,0.0,0.0,11600.0,0.0,14600.0,0.0
YESBANK,2016-01-14 14:32:00,2016-01-12,2016-01-11,2016-01-11,Employees/Designated Employees,ESOP,Buy,Equity Shares,84000.0,0.0,0.0,0.0,0.0,80000.0,0.0,164000.0,0.0
YESBANK,2016-01-14 14:32:00,2016-01-13,2016-01-11,2016-01-11,Employees/Designated Employees,ESOP,Buy,Equity Shares,11000.0,0.0,0.0,0.0,0.0,,0.0,11000.0,0.0
YESBANK,2016-01-14 14:32:00,2016-01-11,2016-01-11,2016-01-11,Employees/Designated Employees,ESOP,Buy,Equity Shares,7000.0,0.0,0.0,0.0,0.0,,0.0,7000.0,0.0
YESBANK,2016-01-14 14:32:00,2016-01-12,2016-01-11,2016-01-11,Employees/Designated Employees,ESOP,Buy,Equity Shares,10000.0,0.0,0.0,0.0,0.0,135858.0,0.0,145858.0,0.0
YESBANK,2016-01-14 14:32:00,2016-01-12,2016-01-11,2016-01-11,Employees/Designated Employees,ESOP,Buy,Equity Shares,18750.0,0.0,0.0,0.0,0.0,7950.0,0.0,26700.0,0.0
YESBANK,2016-01-14 14:32:00,2016-01-13,2016-01-11,2016-01-11,Employees/Designated Employees,ESOP,Buy,Equity Shares,3000.0,0.0,0.0,0.0,0.0,,0.0,3000.0,0.0
YESBANK,2016-01-14 14:32:00,2016-01-13,2016-01-11,2016-01-11,Employees/Designated Employees,ESOP,Buy,Equity Shares,3000.0,0.0,0.0,0.0,0.0,23166.0,0.0,26166.0,0.0
YESBANK,2016-01-19 14:29:00,2016-01-14,2016-01-11,2016-01-11,Employees/Designated Employees,ESOP,Buy,Equity Shares,3000.0,0.0,0.0,0.0,0.0,25177.0,0.0,28177.0,0.0
YESBANK,2016-01-19 14:29:00,2016-01-14,2016-01-11,2016-01-11,Employees/Designated Employees,ESOP,Buy,Equity Shares,7000.0,0.0,0.0,0.0,0.0,350.0,0.0,7350.0,0.0
YESBANK,2016-01-19 14:29:00,2016-01-14,2016-01-11,2016-01-11,Employees/Designated Employees,ESOP,Buy,Equity Shares,18000.0,0.0,0.0,0.0,0.0,40500.0,0.0,58500.0,0.0
YESBANK,2016-01-19 14:29:00,2016-01-14,2016-01-11,2016-01-11,Employees/Designated Employees,ESOP,Buy,Equity Shares,10000.0,0.0,0.0,0.0,0.0,96000.0,0.0,106000.0,0.0
YESBANK,2016-01-19 17:10:00,2016-01-15,2015-12-31,2015-12-31,Employees/Designated Employees,Pledge Creation,Pledge,Equity Shares,1617.0,0.0,0.0,0.0,0.0,3500.0,0.0,3500.0,0.0
YESBANK,2016-01-19 17:10:00,2016-01-15,2015-12-28,2015-12-28,Employees/Designated Employees,Market Sale,Sell,Equity Shares,3000.0,0.0,0.0,0.0,0.0,6500.0,0.0,3500.0,0.0
YESBANK,2016-01-21 11:28:00,2016-01-19,2016-01-13,2016-01-13,Employees/Designated Employees,-,-,Equity Shares,3000.0,0.0,0.0,0.0,0.0,9350.0,0.0,6350.0,0.0
YESBANK,2016-01-27 19:07:00,2016-01-25,2016-01-22,2016-01-22,Employees/Designated Employees,ESOP,Buy,Equity Shares,3000.0,0.0,0.0,0.0,0.0,,0.0,3000.0,0.0
YESBANK,2016-01-27 19:07:00,2016-01-25,2016-01-22,2016-01-22,Key Managerial Personnel,ESOP,Buy,Equity Shares,150000.0,0.0,0.0,0.0,0.0,751271.0,0.18,901271.0,0.21
YESBANK,2016-01-27 19:07:00,2016-01-25,2016-01-22,2016-01-22,Employees/Designated Employees,ESOP,Buy,Equity Shares,7500.0,0.0,0.0,0.0,0.0,46100.0,0.0,53600.0,0.0
YESBANK,2016-01-27 19:07:00,2016-01-25,2016-01-22,2016-01-22,Employees/Designated Employees,ESOP,Buy,Equity Shares,14000.0,0.0,0.0,0.0,0.0,145858.0,0.0,159858.0,0.0
YESBANK,2016-01-27 19:07:00,2016-01-25,2016-01-22,2016-01-22,Employees/Designated Employees,ESOP,Buy,Equity Shares,10000.0,0.0,0.0,0.0,0.0,,0.0,10000.0,0.0
YESBANK,2016-01-28 09:02:00,2016-01-21,2015-11-13,2015-11-20,Employees/Designated Employees,Market Sale,Sell,Equity Shares,3000.0,0.0,0.0,0.0,0.0,36300.0,0.0,33300.0,0.0
YESBANK,2016-01-28 09:02:00,2016-01-21,2015-12-11,2015-12-18,Employees/Designated Employees,Market Sale,Sell,Equity Shares,3835.0,0.0,0.0,0.0,0.0,33300.0,0.0,29465.0,0.0
YESBANK,2016-01-28 09:02:00,2016-01-21,2015-10-30,2015-11-06,Employees/Designated Employees,Market Sale,Sell,Equity Shares,1700.0,0.0,0.0,0.0,0.0,38000.0,0.0,36300.0,0.0
YESBANK,2016-01-28 09:02:00,2016-01-21,2015-12-30,2015-12-30,Employees/Designated Employees,Market Sale,Sell,Equity Shares,2000.0,0.0,0.0,0.0,0.0,11500.0,0.0,9500.0,0.0
YESBANK,2016-01-29 09:43:00,2016-01-25,2016-01-22,2016-01-22,Employees/Designated Employees,ESOP,Buy,Equity Shares,2250.0,0.0,0.0,0.0,0.0,100.0,0.0,2350.0,0.0
YESBANK,2016-01-29 09:45:00,2016-01-27,2016-01-22,2016-01-22,Employees/Designated Employees,ESOP,Buy,Equity Shares,9000.0,0.0,0.0,0.0,0.0,18501.0,0.0,27501.0,0.0
YESBANK,2016-01-29 09:45:00,2016-01-27,2016-01-22,2016-01-22,Employees/Designated Employees,ESOP,Buy,Equity Shares,12000.0,0.0,0.0,0.0,0.0,7499.0,0.0,19499.0,0.0
YESBANK,2016-02-05 15:16:00,2016-02-03,2016-02-02,2016-02-02,Employees/Designated Employees,Market Sale,Sell,Equity Shares,10000.0,0.0,0.0,0.0,0.0,247000.0,0.0,237000.0,0.0
YESBANK,2016-02-05 15:16:00,2016-02-02,2016-02-02,2016-02-02,Employees/Designated Employees,Market Sale,Sell,Equity Shares,4000.0,0.0,0.0,0.0,0.0,7000.0,0.0,3000.0,0.0
YESBANK,2016-02-05 15:16:00,2016-02-04,2016-02-03,2016-02-03,Employees/Designated Employees,Market Sale,Sell,Equity Shares,3000.0,0.0,0.0,0.0,0.0,92750.0,0.0,89750.0,0.0
YESBANK,2016-02-05 15:16:00,2016-02-02,2015-12-16,2016-02-02,Employees/Designated Employees,Market Sale,Sell,Equity Shares,5200.0,0.0,0.0,0.0,0.0,10400.0,0.0,5200.0,0.0
YESBANK,2016-02-05 15:39:00,2016-02-02,2016-02-01,2016-02-01,Employees/Designated Employees,Market Sale,Sell,Equity Shares,20000.0,0.0,0.0,0.0,0.0,50000.0,0.0,30000.0,0.0
YESBANK,2016-02-05 16:52:00,2016-02-02,2016-02-02,2016-02-02,Employees/Designated Employees,Market Sale,Sell,Equity Shares,700.0,0.0,0.0,0.0,0.0,4440.0,0.0,3740.0,0.0
YESBANK,2016-02-05 16:52:00,2016-02-04,2016-02-03,2016-02-03,Employees/Designated Employees,Market Sale,Sell,Equity Shares,700.0,0.0,0.0,0.0,0.0,3740.0,0.0,3040.0,0.0
YESBANK,2016-02-05 16:53:00,2016-02-02,2016-02-01,2016-02-01,Employees/Designated Employees,Market Sale,Sell,Equity Shares,700.0,0.0,0.0,0.0,0.0,5140.0,0.0,4440.0,0.0
YESBANK,2016-02-05 16:53:00,2016-02-02,2016-02-01,2016-02-01,Employees/Designated Employees,Market Sale,Sell,Equity Shares,1360.0,0.0,0.0,0.0,0.0,6500.0,0.0,5140.0,0.0
YESBANK,2016-02-05 16:53:00,2016-02-02,2016-01-18,2016-01-18,Employees/Designated Employees,Market Purchase,Buy,Equity Shares,1000.0,0.0,0.0,0.0,0.0,5500.0,0.0,6500.0,0.0
YESBANK,2016-02-05 16:53:00,2016-02-02,2015-12-09,2015-12-09,Employees/Designated Employees,Market Sale,Sell,Equity Shares,250.0,0.0,0.0,0.0,0.0,6500.0,0.0,6250.0,0.0
YESBANK,2016-02-05 16:53:00,2016-02-02,2015-12-31,2015-12-31,Employees/Designated Employees,Market Sale,Sell,Equity Shares,750.0,0.0,0.0,0.0,0.0,6250.0,0.0,5500.0,0.0
YESBANK,2016-02-05 16:54:00,2016-02-04,2015-12-30,2015-12-30,Employees/Designated Employees,Market Sale,Sell,Equity Shares,1000.0,0.0,0.0,0.0,0.0,15000.0,0.0,14000.0,0.0
YESBANK,2016-02-05 16:54:00,2016-02-04,2015-12-30,2015-12-30,Employees/Designated Employees,Market Sale,Sell,Equity Shares,1800.0,0.0,0.0,0.0,0.0,14000.0,0.0,12200.0,0.0
YESBANK,2016-02-05 16:54:00,2016-02-04,2016-02-01,2016-02-01,Employees/Designated Employees,Market Sale,Sell,Equity Shares,1000.0,0.0,0.0,0.0,0.0,17000.0,0.0,16000.0,0.0
YESBANK,2016-02-05 16:54:00,2016-02-04,2015-12-30,2015-12-30,Employees/Designated Employees,Market Sale,Sell,Equity Shares,1000.0,0.0,0.0,0.0,0.0,16000.0,0.0,15000.0,0.0
YESBANK,2016-02-05 16:56:00,2016-02-04,2016-02-02,2016-02-02,Employees/Designated Employees,Market Sale,Sell,Equity Shares,3000.0,0.0,0.0,0.0,0.0,5250.0,0.0,2250.0,0.0
YESBANK,2016-02-05 16:59:00,2016-02-03,2016-02-02,2016-02-03,Employees/Designated Employees,Market Sale,Sell,Equity Shares,5000.0,0.0,0.0,0.0,0.0,53600.0,0.0,48600.0,0.0
YESBANK,2016-02-05 17:01:00,2016-02-03,2016-02-01,2016-02-03,Employees/Designated Employees,Market Sale,Sell,Equity Shares,2000.0,0.0,0.0,0.0,0.0,28000.0,0.0,26000.0,0.0
YESBANK,2016-02-05 18:27:00,2016-02-02,2016-02-01,2016-02-01,Employees/Designated Employees,Market Sale,Sell,Equity Shares,3500.0,0.0,0.0,0.0,0.0,13250.0,0.0,9750.0,0.0
YESBANK,2016-02-05 18:37:00,2016-02-02,2016-02-01,2016-02-01,Employees/Designated Employees,Market Sale,Sell,Equity Shares,12027.0,0.0,0.0,0.0,0.0,26700.0,0.0,14673.0,0.0
YESBANK,2016-02-05 18:38:00,2016-02-03,2016-02-03,2016-02-03,Employees/Designated Employees,Market Sale,Sell,Equity Shares,4000.0,0.0,0.0,0.0,0.0,9750.0,0.0,5750.0,0.0
YESBANK,2016-02-05 18:39:00,2016-02-03,2016-02-02,2016-02-02,Employees/Designated Employees,Market Purchase,Buy,Equity Shares,500.0,0.0,0.0,0.0,0.0,8500.0,0.0,9000.0,0.0
YESBANK,2016-02-05 18:39:00,2016-02-03,2016-02-03,2016-02-03,Employees/Designated Employees,Market Sale,Sell,Equity Shares,500.0,0.0,0.0,0.0,0.0,9000.0,0.0,8500.0,0.0
YESBANK,2016-02-05 18:39:00,2016-02-03,2016-02-02,2016-02-02,Employees/Designated Employees,Market Sale,Sell,Equity Shares,500.0,0.0,0.0,0.0,0.0,9000.0,0.0,8500.0,0.0
YESBANK,2016-02-05 18:39:00,2016-02-02,2016-01-21,2016-01-21,Employees/Designated Employees,ESOP,Buy,Equity Shares,2000.0,0.0,0.0,0.0,0.0,8000.0,0.0,10000.0,0.0
YESBANK,2016-02-05 18:39:00,2016-02-02,2016-02-01,2016-02-01,Employees/Designated Employees,Market Sale,Sell,Equity Shares,1000.0,0.0,0.0,0.0,0.0,10000.0,0.0,9000.0,0.0
YESBANK,2016-02-05 18:39:00,2016-02-03,2016-02-03,2016-02-03,Employees/Designated Employees,Market Sale,Sell,Equity Shares,3750.0,0.0,0.0,0.0,0.0,3850.0,0.0,100.0,0.0
YESBANK,2016-02-05 18:41:00,2016-02-02,2016-02-01,2016-02-01,Employees/Designated Employees,Market Sale,Sell,Equity Shares,3000.0,0.0,0.0,0.0,0.0,3000.0,0.0,,0.0
YESBANK,2016-02-05 19:10:00,2016-02-03,2016-02-03,2016-02-03,Employees/Designated Employees,Market Sale,Sell,Equity Shares,20000.0,0.0,0.0,0.0,0.0,378435.0,0.0,358435.0,0.0
YESBANK,2016-02-08 16:16:00,2016-02-04,2016-02-03,2016-02-03,Employees/Designated Employees,Market Sale,Sell,Equity Shares,10000.0,0.0,0.0,0.0,0.0,237000.0,0.0,227000.0,0.0
YESBANK,2016-02-08 16:17:00,2016-02-05,2016-02-03,2016-02-03,Employees/Designated Employees,Market Sale,Sell,Equity Shares,2000.0,0.0,0.0,0.0,0.0,164000.0,0.0,162000.0,0.0
YESBANK,2016-02-08 17:16:00,2016-02-04,2016-02-04,2016-02-04,Employees/Designated Employees,Market Sale,Sell,Equity Shares,3000.0,0.0,0.0,0.0,0.0,3000.0,0.0,,0.0
YESBANK,2016-02-09 15:14:00,2016-02-04,2016-01-18,2016-01-18,Employees/Designated Employees,Market Sale,Sell,Equity Shares,146.0,0.0,0.0,0.0,0.0,10500.0,0.0,10354.0,0.0
YESBANK,2016-02-09 15:14:00,2016-02-04,2016-01-19,2016-01-19,Employees/Designated Employees,Market Sale,Sell,Equity Shares,105.0,0.0,0.0,0.0,0.0,10354.0,0.0,10249.0,0.0
YESBANK,2016-02-09 17:37:00,2016-02-02,2015-12-16,2016-02-02,Employees/Designated Employees,Market Sale,Sell,Equity Shares,5200.0,0.0,0.0,0.0,0.0,10400.0,0.0,5200.0,0.0
YESBANK,2016-02-10 09:50:00,2016-02-09,2016-02-03,2016-02-03,Employees/Designated Employees,Market Sale,Sell,Equity Shares,2500.0,0.0,0.0,0.0,0.0,53200.0,0.0,50700.0,0.0
YESBANK,2016-02-10 09:54:00,2016-02-08,2016-02-04,2016-02-04,Employees/Designated Employees,Market Sale,Sell,Equity Shares,2500.0,0.0,0.0,0.0,0.0,50700.0,0.0,48200.0,0.0
YESBANK,2016-02-10 10:09:00,2016-02-08,2016-02-04,2016-02-04,Employees/Designated Employees,Revokation of Pledge,Pledge Revoke,Equity Shares,1640.0,0.0,0.0,0.0,0.0,3040.0,0.0,3040.0,0.0
YESBANK,2016-02-10 10:09:00,2016-02-08,2016-02-05,2016-02-05,Employees/Designated Employees,Market Sale,Sell,Equity Shares,10000.0,0.0,0.0,0.0,0.0,159858.0,0.0,149858.0,0.0
YESBANK,2016-02-10 10:09:00,2016-02-08,2016-02-05,2016-02-05,Employees/Designated Employees,Market Sale,Sell,Equity Shares,500.0,0.0,0.0,0.0,0.0,11650.0,0.0,11150.0,0.0
YESBANK,2016-02-10 17:21:00,2016-02-09,2016-02-05,2016-02-05,Employees/Designated Employees,Market Sale,Sell,Equity Shares,500.0,0.0,0.0,0.0,0.0,2640.0,0.0,2140.0,0.0
YESBANK,2016-02-10 17:21:00,2016-02-09,2016-02-08,2016-02-08,Employees/Designated Employees,Market Sale,Sell,Equity Shares,500.0,0.0,0.0,0.0,0.0,2140.0,0.0,1640.0,0.0
YESBANK,2016-02-10 17:21:00,2016-02-09,2016-02-04,2016-02-04,Employees/Designated Employees,Market Sale,Sell,Equity Shares,400.0,0.0,0.0,0.0,0.0,3040.0,0.0,2640.0,0.0
YESBANK,2016-02-11 19:25:00,2016-02-09,2016-02-08,2016-02-08,Employees/Designated Employees,Market Sale,Sell,Equity Shares,1750.0,0.0,0.0,0.0,0.0,1750.0,0.0,,0.0
YESBANK,2016-02-11 19:51:00,2016-02-09,2016-02-03,2016-02-03,Employees/Designated Employees,Market Sale,Sell,Equity Shares,15000.0,0.0,0.0,0.0,0.0,180000.0,0.0,165000.0,0.0
YESBANK,2016-02-11 20:05:00,2016-02-11,2016-02-09,2016-02-09,Employees/Designated Employees,Market Sale,Sell,Equity Shares,2000.0,0.0,0.0,0.0,0.0,35500.0,0.0,33500.0,0.0
YESBANK,2016-02-11 20:06:00,2016-02-11,2016-02-11,2016-02-11,Employees/Designated Employees,ESOP,Buy,Equity Shares,39000.0,0.0,0.0,0.0,0.0,227000.0,0.0,266000.0,0.0
YESBANK,2016-02-11 20:07:00,2016-02-11,2016-02-11,2016-02-11,Employees/Designated Employees,ESOP,Buy,Equity Shares,6000.0,0.0,0.0,0.0,0.0,48600.0,0.0,54600.0,0.0
YESBANK,2016-02-13 18:41:00,2016-02-12,2016-02-11,2016-02-11,Employees/Designated Employees,ESOP,Buy,Equity Shares,6250.0,0.0,0.0,0.0,0.0,89750.0,0.0,96000.0,0.0
YESBANK,2016-02-13 18:43:00,2016-02-11,2016-02-11,2016-02-11,Employees/Designated Employees,ESOP,Buy,Equity Shares,31500.0,0.0,0.0,0.0,0.0,30000.0,0.0,61500.0,0.0
YESBANK,2016-02-13 18:47:00,2016-02-11,2016-02-11,2016-02-11,Employees/Designated Employees,ESOP,Buy,Equity Shares,15000.0,0.0,0.0,0.0,0.0,48200.0,0.0,63200.0,0.0
YESBANK,2016-02-16 09:06:00,2016-02-11,2016-02-11,2016-02-11,Employees/Designated Employees,ESOP,Buy,Equity Shares,5250.0,0.0,0.0,0.0,0.0,5750.0,0.0,11000.0,0.0
YESBANK,2016-02-16 09:18:00,2016-02-12,2016-02-11,2016-02-11,Employees/Designated Employees,ESOP,Buy,Equity Shares,6000.0,0.0,0.0,0.0,0.0,510000.0,0.12,516000.0,0.12
YESBANK,2016-02-16 09:19:00,2016-02-11,2016-02-11,2016-02-11,Employees/Designated Employees,Market Sale,Sell,Equity Shares,6200.0,0.0,0.0,0.0,0.0,240300.0,0.0,234100.0,0.0
YESBANK,2016-02-16 09:19:00,2016-02-11,2016-02-10,2016-02-10,Employees/Designated Employees,Market Sale,Sell,Equity Shares,500.0,0.0,0.0,0.0,0.0,240800.0,0.0,240300.0,0.0
YESBANK,2016-02-16 09:19:00,2016-02-11,2016-02-09,2016-02-09,Employees/Designated Employees,ESOP,Buy,Equity Shares,166650.0,0.0,0.0,0.0,0.0,74150.0,0.0,240800.0,0.0
YESBANK,2016-02-17 09:02:00,2016-02-15,2016-02-03,2016-02-08,Employees/Designated Employees,Market Sale,Sell,Equity Shares,2500.0,0.0,0.0,0.0,0.0,13000.0,0.0,10500.0,0.0
YESBANK,2016-02-17 09:02:00,2016-02-15,2016-02-11,2016-02-11,Employees/Designated Employees,ESOP,Buy,Equity Shares,1500.0,0.0,0.0,0.0,0.0,10500.0,0.0,12000.0,0.0
YESBANK,2016-02-17 09:05:00,2016-02-16,2016-01-07,2016-01-07,Employees/Designated Employees,ESOP,Buy,Equity Shares,2500.0,0.0,0.0,0.0,0.0,9500.0,0.0,12000.0,0.0
YESBANK,2016-02-17 09:05:00,2016-02-16,2016-02-05,2016-02-05,Employees/Designated Employees,Market Sale,Sell,Equity Shares,1000.0,0.0,0.0,0.0,0.0,12000.0,0.0,11000.0,0.0
YESBANK,2016-02-17 16:24:00,2016-02-16,2016-02-03,2016-02-15,Employees/Designated Employees,Market Sale,Sell,Equity Shares,1900.0,0.0,0.0,0.0,0.0,5200.0,0.0,3300.0,0.0
YESBANK,2016-02-17 17:18:00,2016-02-15,2016-02-01,2016-02-03,Employees/Designated Employees,Market Sale,Sell,Equity Shares,28000.0,0.0,0.0,0.0,0.0,28177.0,0.0,177.0,0.0
YESBANK,2016-02-18 11:32:00,2016-02-16,2016-02-01,2016-02-03,Employees/Designated Employees,Market Sale,Sell,Equity Shares,7250.0,0.0,0.0,0.0,0.0,7260.0,0.0,10.0,0.0
YESBANK,2016-02-18 11:35:00,2016-02-17,2016-02-17,2016-02-17,Employees/Designated Employees,Market Sale,Sell,Equity Shares,2250.0,0.0,0.0,0.0,0.0,2250.0,0.0,,0.0
YESBANK,2016-02-19 10:57:00,2016-02-15,2016-02-15,2016-02-15,Employees/Designated Employees,Market Sale,Sell,Equity Shares,4000.0,0.0,0.0,0.0,0.0,19500.0,0.0,15500.0,0.0
YESBANK,2016-02-19 17:21:00,2016-02-15,2016-02-12,2016-02-15,Employees/Designated Employees,Market Sale,Sell,Equity Shares,3500.0,0.0,0.0,0.0,0.0,33500.0,0.0,30000.0,0.0
YESBANK,2016-02-23 09:29:00,2016-02-18,2016-02-05,2016-02-05,Employees/Designated Employees,Market Sale,Sell,Equity Shares,7000.0,0.0,0.0,0.0,0.0,22700.0,0.0,15700.0,0.0
YESBANK,2016-02-23 15:59:00,2016-02-22,2016-02-22,2016-02-22,Employees/Designated Employees,Market Sale,Sell,Equity Shares,7000.0,0.0,0.0,0.0,0.0,52000.0,0.0,45000.0,0.0
YESBANK,2016-02-26 09:21:00,2016-02-25,2016-02-24,2016-02-24,Employees/Designated Employees,ESOP,Buy,Equity Shares,22500.0,0.0,0.0,0.0,0.0,149858.0,0.0,172358.0,0.0
YESBANK,2016-02-26 09:21:00,2016-02-25,2016-02-24,2016-02-24,Employees/Designated Employees,ESOP,Buy,Equity Shares,6000.0,0.0,0.0,0.0,0.0,15700.0,0.0,21700.0,0.0
YESBANK,2016-02-26 16:16:00,2016-02-25,2016-02-12,2016-02-19,Employees/Designated Employees,Pledge Creation,Pledge,Equity Shares,2250.0,0.0,0.0,0.0,0.0,2250.0,0.0,2250.0,0.0
YESBANK,2016-02-26 16:20:00,2016-02-25,2016-02-16,2016-02-25,Employees/Designated Employees,Market Sale,Sell,Equity Shares,400.0,0.0,0.0,0.0,0.0,9300.0,0.0,8900.0,0.0
YESBANK,2016-02-26 16:20:00,2016-02-25,2016-02-16,2016-02-25,Employees/Designated Employees,ESOP,Buy,Equity Shares,6000.0,0.0,0.0,0.0,0.0,3300.0,0.0,9300.0,0.0
YESBANK,2016-02-26 16:20:00,2016-02-25,2016-02-24,2016-02-24,Employees/Designated Employees,ESOP,Buy,Equity Shares,4000.0,0.0,0.0,0.0,0.0,11000.0,0.0,15000.0,0.0
YESBANK,2016-02-26 16:20:00,2016-02-26,2016-02-24,2016-02-24,Employees/Designated Employees,-,Buy,Equity Shares,20000.0,0.0,0.0,0.0,0.0,104700.0,0.0,124700.0,0.0
YESBANK,2016-02-26 16:20:00,2016-02-26,2016-02-24,2016-02-24,Employees/Designated Employees,ESOP,Buy,Equity Shares,40000.0,0.0,0.0,0.0,0.0,515500.0,0.12,555500.0,0.13
YESBANK,2016-02-29 11:09:00,2016-02-25,2016-02-24,2016-02-24,Employees/Designated Employees,-,-,,,700.0,700.0,480655.0,486850.0,,0.0,,
YESBANK,2016-03-01 18:36:00,2016-02-29,2016-02-25,2016-02-25,Employees/Designated Employees,Market Purchase,Buy,Equity Shares,500.0,0.0,0.0,0.0,0.0,1000.0,0.0,1500.0,0.0
YESBANK,2016-03-01 18:36:00,2016-02-29,2016-02-09,2016-02-09,Employees/Designated Employees,Market Sale,Sell,Equity Shares,640.0,0.0,0.0,0.0,0.0,1640.0,0.0,1000.0,0.0
YESBANK,2016-03-01 18:36:00,2016-02-29,2016-02-26,2016-02-26,Employees/Designated Employees,Market Purchase,Buy,Equity Shares,500.0,0.0,0.0,0.0,0.0,1500.0,0.0,2000.0,0.0
YESBANK,2016-03-01 18:38:00,2016-02-29,2016-02-11,2016-02-11,Employees/Designated Employees,ESOP,Buy,Equity Shares,1000.0,0.0,0.0,0.0,0.0,7510.0,0.0,8510.0,0.0
YESBANK,2016-03-01 18:38:00,2016-02-29,2016-02-15,2016-02-19,Employees/Designated Employees,Market Sale,Sell,Equity Shares,260.0,0.0,0.0,0.0,0.0,8510.0,0.0,8250.0,0.0
YESBANK,2016-03-01 18:38:00,2016-02-29,2016-02-24,2016-02-24,Employees/Designated Employees,ESOP,Buy,Equity Shares,750.0,0.0,0.0,0.0,0.0,8250.0,0.0,9000.0,0.0
YESBANK,2016-03-01 18:38:00,2016-02-29,2016-01-11,2016-01-11,Employees/Designated Employees,ESOP,Buy,Equity Shares,250.0,0.0,0.0,0.0,0.0,7260.0,0.0,7510.0,0.0
YESBANK,2016-03-02 19:18:00,2016-03-01,2016-02-25,2016-03-01,Employees/Designated Employees,Market Sale,Sell,Equity Shares,1500.0,0.0,0.0,0.0,0.0,1500.0,0.0,,0.0
YESBANK,2016-03-03 15:31:00,2016-03-02,2016-02-26,2016-03-02,Employees/Designated Employees,Market Sale,Sell,Equity Shares,2400.0,0.0,0.0,0.0,0.0,8900.0,0.0,6500.0,0.0
YESBANK,2016-03-03 18:38:00,2016-03-03,2016-03-02,2016-03-02,Employees/Designated Employees,Market Sale,Sell,Equity Shares,3250.0,0.0,0.0,0.0,0.0,96000.0,0.0,92750.0,0.0
YESBANK,2016-03-08 09:41:00,2016-03-04,2016-03-02,2016-03-02,Employees/Designated Employees,Market Sale,Sell,Equity Shares,500.0,0.0,0.0,0.0,0.0,9500.0,0.0,9000.0,0.0
YESBANK,2016-03-08 09:41:00,2016-03-04,2016-03-04,2016-03-04,Employees/Designated Employees,Market Sale,Sell,Equity Shares,500.0,0.0,0.0,0.0,0.0,9000.0,0.0,8500.0,0.0
YESBANK,2016-03-08 09:41:00,2016-03-04,2016-02-15,2016-02-15,Employees/Designated Employees,Market Sale,Sell,Equity Shares,500.0,0.0,0.0,0.0,0.0,10000.0,0.0,9500.0,0.0
YESBANK,2016-03-08 09:41:00,2016-03-04,2016-03-03,2016-03-03,Employees/Designated Employees,Market Sale,Sell,Equity Shares,22600.0,0.0,0.0,0.0,0.0,215200.0,0.0,192600.0,0.0
YESBANK,2016-03-08 11:41:00,2016-03-07,2016-03-04,2016-03-04,Employees/Designated Employees,Market Sale,Sell,Equity Shares,4000.0,0.0,0.0,0.0,0.0,15000.0,0.0,11000.0,0.0
YESBANK,2016-03-08 11:41:00,2016-03-04,2016-03-04,2016-03-04,Employees/Designated Employees,Market Sale,Sell,Equity Shares,1750.0,0.0,0.0,0.0,0.0,1750.0,0.0,,0.0
YESBANK,2016-03-09 10:54:00,2016-03-07,2016-02-29,2016-02-29,Employees/Designated Employees,Market Purchase,Buy,Equity Shares,1000.0,0.0,0.0,0.0,0.0,2000.0,0.0,3000.0,0.0
YESBANK,2016-03-09 10:54:00,2016-03-07,2016-03-03,2016-03-03,Employees/Designated Employees,Market Sale,Sell,Equity Shares,1000.0,0.0,0.0,0.0,0.0,3000.0,0.0,2000.0,0.0
YESBANK,2016-03-10 17:26:00,2016-03-09,2016-03-09,2016-03-09,Employees/Designated Employees,Market Sale,Sell,Equity Shares,4000.0,0.0,0.0,0.0,0.0,14000.0,0.0,10000.0,0.0
YESBANK,2016-03-10 17:26:00,2016-03-09,2016-03-08,2016-03-08,Employees/Designated Employees,Market Sale,Sell,Equity Shares,2000.0,0.0,0.0,0.0,0.0,92750.0,0.0,90750.0,0.0
YESBANK,2016-03-10 19:20:00,2016-03-09,2016-03-09,2016-03-09,Employees/Designated Employees,ESOP,Buy,Equity Shares,4000.0,0.0,0.0,0.0,0.0,101100.0,0.0,105100.0,0.0
YESBANK,2016-03-11 09:45:00,2016-03-10,2016-03-09,2016-03-09,Employees/Designated Employees,ESOP,Buy,Equity Shares,3000.0,0.0,0.0,0.0,0.0,10000.0,0.0,13000.0,0.0
YESBANK,2016-03-11 10:19:00,2016-03-09,2016-03-09,2016-03-09,Employees/Designated Employees,Pledge Creation,Pledge,Equity Shares,56300.0,0.0,0.0,0.0,0.0,162000.0,0.0,105700.0,0.0
YESBANK,2016-03-11 10:20:00,2016-03-10,2016-03-09,2016-03-09,Employees/Designated Employees,ESOP,Buy,Equity Shares,7000.0,0.0,0.0,0.0,0.0,,0.0,7000.0,0.0
YESBANK,2016-03-11 10:21:00,2016-03-10,2016-03-09,2016-03-09,Employees/Designated Employees,ESOP,Buy,Equity Shares,7500.0,0.0,0.0,0.0,0.0,2500.0,0.0,10000.0,0.0
YESBANK,2016-03-11 10:22:00,2016-03-10,2016-03-09,2016-03-09,Employees/Designated Employees,ESOP,Buy,Equity Shares,3400.0,0.0,0.0,0.0,0.0,13850.0,0.0,17250.0,0.0
YESBANK,2016-03-11 10:23:00,2016-03-09,2016-03-09,2016-03-09,Employees/Designated Employees,ESOP,Buy,Equity Shares,6250.0,0.0,0.0,0.0,0.0,90750.0,0.0,97000.0,0.0
YESBANK,2016-03-11 10:23:00,2016-03-09,2016-03-09,2016-03-09,Employees/Designated Employees,ESOP,Buy,Equity Shares,5700.0,0.0,0.0,0.0,0.0,10800.0,0.0,16500.0,0.0
YESBANK,2016-03-11 13:37:00,2016-03-07,2016-02-16,2016-03-02,Employees/Designated Employees,-,Sell,Equity Shares,3100.0,0.0,0.0,0.0,0.0,5600.0,0.0,2500.0,0.0
YESBANK,2016-03-14 09:06:00,2016-03-11,2016-03-09,2016-03-09,Employees/Designated Employees,ESOP,Buy,Equity Shares,40000.0,0.0,0.0,0.0,0.0,555000.0,0.13,595000.0,0.14
YESBANK,2016-03-14 09:06:00,2016-03-11,2016-03-09,2016-03-09,Employees/Designated Employees,Market Sale,Sell,Equity Shares,500.0,0.0,0.0,0.0,0.0,555500.0,0.13,555000.0,0.13
YESBANK,2016-03-14 09:07:00,2016-03-11,2016-03-09,2016-03-09,Employees/Designated Employees,ESOP,Buy,Equity Shares,15000.0,0.0,0.0,0.0,0.0,165000.0,0.0,180000.0,0.0
YESBANK,2016-03-14 15:50:00,2016-03-11,2016-02-01,2016-02-03,Employees/Designated Employees,Market Sale,Sell,Equity Shares,800.0,0.0,0.0,0.0,0.0,3200.0,0.001,2400.0,0.001
YESBANK,2016-03-14 15:50:00,2016-03-11,2016-01-29,2016-01-29,Employees/Designated Employees,Market Sale,Sell,Equity Shares,300.0,0.0,0.0,0.0,0.0,3500.0,0.001,3200.0,0.001
YESBANK,2016-03-14 15:50:00,2016-03-11,2016-03-09,2016-03-09,Employees/Designated Employees,Market Sale,Sell,Equity Shares,400.0,0.0,0.0,0.0,0.0,2400.0,0.001,2000.0,0.001
YESBANK,2016-03-14 15:50:00,2016-03-11,2016-03-03,2016-03-10,Employees/Designated Employees,Market Sale,Sell,Equity Shares,2500.0,0.0,0.0,0.0,0.0,6500.0,0.0,4000.0,0.0
YESBANK,2016-03-16 09:00:00,2016-03-15,2016-03-09,2016-03-15,Employees/Designated Employees,Market Sale,Sell,Equity Shares,1650.0,0.0,0.0,0.0,0.0,11150.0,0.0,9500.0,0.0
YESBANK,2016-03-16 09:00:00,2016-03-14,2016-03-09,2016-03-09,Employees/Designated Employees,Market Sale,Sell,Equity Shares,3500.0,0.0,0.0,0.0,0.0,63200.0,0.0,59700.0,0.0
YESBANK,2016-03-16 09:00:00,2016-03-14,2016-03-10,2016-03-10,Employees/Designated Employees,Market Sale,Sell,Equity Shares,1500.0,0.0,0.0,0.0,0.0,59700.0,0.0,58200.0,0.0
YESBANK,2016-03-16 18:15:00,2016-03-16,2016-03-15,2016-03-16,Employees/Designated Employees,Market Sale,Sell,Equity Shares,5000.0,0.0,0.0,0.0,0.0,21057.0,0.0,16057.0,0.0
YESBANK,2016-03-16 18:18:00,2016-03-15,2016-02-05,2016-03-09,Employees/Designated Employees,Market Sale,Sell,Equity Shares,4250.0,0.0,0.0,0.0,0.0,6000.0,0.0,1750.0,0.0
YESBANK,2016-03-16 18:18:00,2016-03-15,2016-03-09,2016-03-09,Employees/Designated Employees,Market Sale,Sell,Equity Shares,249.0,0.0,0.0,0.0,0.0,249.0,0.0,,0.0
YESBANK,2016-03-16 18:18:00,2016-03-15,2016-03-09,2016-03-09,Employees/Designated Employees,Market Sale,Sell,Equity Shares,1500.0,0.0,0.0,0.0,0.0,1749.0,0.0,249.0,0.0
YESBANK,2016-03-16 18:18:00,2016-03-15,2016-03-09,2016-03-09,Employees/Designated Employees,Market Sale,Sell,Equity Shares,1005.0,0.0,0.0,0.0,0.0,10249.0,0.0,9244.0,0.0
YESBANK,2016-03-16 18:18:00,2016-03-15,2016-03-09,2016-03-09,Employees/Designated Employees,Market Sale,Sell,Equity Shares,7495.0,0.0,0.0,0.0,0.0,9244.0,0.0,1749.0,0.0
YESBANK,2016-03-16 19:27:00,2016-03-15,2016-03-09,2016-03-09,Employees/Designated Employees,Market Sale,Sell,Equity Shares,3000.0,0.0,0.0,0.0,0.0,5000.0,0.0,2000.0,0.0
YESBANK,2016-03-17 09:02:00,2016-03-15,2016-03-11,2016-03-11,Employees/Designated Employees,Market Sale,Sell,Equity Shares,2000.0,0.0,0.0,0.0,0.0,142617.0,0.0,140617.0,0.0
YESBANK,2016-03-17 09:02:00,2016-03-15,2016-02-29,2016-02-29,Employees/Designated Employees,Market Sale,Sell,Equity Shares,2112.0,0.0,0.0,0.0,0.0,181440.0,0.0,179328.0,0.0
YESBANK,2016-03-17 09:02:00,2016-03-15,2016-03-03,2016-03-03,Employees/Designated Employees,Market Sale,Sell,Equity Shares,4000.0,0.0,0.0,0.0,0.0,155617.0,0.0,151617.0,0.0
YESBANK,2016-03-17 09:02:00,2016-03-15,2016-03-04,2016-03-04,Employees/Designated Employees,Market Sale,Sell,Equity Shares,1000.0,0.0,0.0,0.0,0.0,151617.0,0.0,150617.0,0.0
YESBANK,2016-03-17 09:02:00,2016-03-15,2016-03-08,2016-03-08,Employees/Designated Employees,Market Sale,Sell,Equity Shares,2000.0,0.0,0.0,0.0,0.0,150617.0,0.0,148617.0,0.0
YESBANK,2016-03-17 09:02:00,2016-03-15,2016-03-09,2016-03-09,Employees/Designated Employees,Market Sale,Sell,Equity Shares,5000.0,0.0,0.0,0.0,0.0,148617.0,0.0,143617.0,0.0
YESBANK,2016-03-17 09:02:00,2016-03-15,2016-03-10,2016-03-10,Employees/Designated Employees,Market Sale,Sell,Equity Shares,1000.0,0.0,0.0,0.0,0.0,143617.0,0.0,142617.0,0.0
YESBANK,2016-03-17 09:21:00,2016-03-15,2016-02-12,2016-02-12,Employees/Designated Employees,Market Sale,Sell,Equity Shares,25000.0,0.0,0.0,0.0,0.0,234100.0,0.0,209100.0,0.0
YESBANK,2016-03-17 09:21:00,2016-03-15,2016-02-26,2016-02-26,Employees/Designated Employees,Market Sale,Sell,Equity Shares,4000.0,0.0,0.0,0.0,0.0,185440.0,0.0,181440.0,0.0
YESBANK,2016-03-17 09:21:00,2016-03-15,2016-02-23,2016-02-23,Employees/Designated Employees,Market Sale,Sell,Equity Shares,1000.0,0.0,0.0,0.0,0.0,186440.0,0.0,185440.0,0.0
YESBANK,2016-03-17 09:21:00,2016-03-15,2016-02-22,2016-02-22,Employees/Designated Employees,Market Sale,Sell,Equity Shares,1000.0,0.0,0.0,0.0,0.0,187440.0,0.0,186440.0,0.0
YESBANK,2016-03-17 09:21:00,2016-03-15,2016-02-19,2016-02-19,Employees/Designated Employees,Market Sale,Sell,Equity Shares,1660.0,0.0,0.0,0.0,0.0,189100.0,0.0,187440.0,0.0
YESBANK,2016-03-17 09:21:00,2016-03-15,2016-02-18,2016-02-18,Employees/Designated Employees,Market Sale,Sell,Equity Shares,1000.0,0.0,0.0,0.0,0.0,190100.0,0.0,189100.0,0.0
YESBANK,2016-03-17 09:21:00,2016-03-15,2016-02-16,2016-02-16,Employees/Designated Employees,Market Sale,Sell,Equity Shares,4000.0,0.0,0.0,0.0,0.0,194100.0,0.0,190100.0,0.0
YESBANK,2016-03-17 09:21:00,2016-03-15,2016-03-02,2016-03-02,Employees/Designated Employees,Market Sale,Sell,Equity Shares,11711.0,0.0,0.0,0.0,0.0,167328.0,0.0,155617.0,0.0
YESBANK,2016-03-17 09:21:00,2016-03-15,2016-03-01,2016-03-01,Employees/Designated Employees,Market Sale,Sell,Equity Shares,12000.0,0.0,0.0,0.0,0.0,179328.0,0.0,167328.0,0.0
YESBANK,2016-03-17 09:21:00,2016-03-15,2016-02-15,2016-02-15,Employees/Designated Employees,Market Sale,Sell,Equity Shares,15000.0,0.0,0.0,0.0,0.0,209100.0,0.0,194100.0,0.0
YESBANK,2016-03-18 09:44:00,2016-03-15,2016-03-14,2016-03-14,Employees/Designated Employees,Market Sale,Sell,Equity Shares,1000.0,0.0,0.0,0.0,0.0,34910.0,0.0,33910.0,0.0
YESBANK,2016-03-18 09:44:00,2016-03-15,2016-03-11,2016-03-11,Employees/Designated Employees,Market Sale,Sell,Equity Shares,1000.0,0.0,0.0,0.0,0.0,35910.0,0.0,34910.0,0.0
YESBANK,2016-03-18 09:44:00,2016-03-15,2016-03-11,2016-03-11,Employees/Designated Employees,Market Sale,Sell,Equity Shares,3000.0,0.0,0.0,0.0,0.0,162000.0,0.0,159000.0,0.0
YESBANK,2016-03-18 09:44:00,2016-03-16,2016-03-15,2016-03-15,Employees/Designated Employees,Market Sale,Sell,Equity Shares,2000.0,0.0,0.0,0.0,0.0,54600.0,0.0,52600.0,0.0
YESBANK,2016-03-18 19:54:00,2016-03-17,2016-03-17,2016-03-17,Employees/Designated Employees,Market Sale,Sell,Equity Shares,10000.0,0.0,0.0,0.0,0.0,27644.0,0.0,17644.0,0.0
YESBANK,2016-03-22 08:22:00,2016-03-21,2016-03-11,2016-03-21,Employees/Designated Employees,Market Sale,Sell,Equity Shares,2200.0,0.0,0.0,0.0,0.0,4000.0,0.0,1800.0,0.0
YESBANK,2016-03-22 08:22:00,2016-03-21,2016-03-18,2016-03-18,Employees/Designated Employees,Market Sale,Sell,Equity Shares,2000.0,0.0,0.0,0.0,0.0,49750.0,0.0,47750.0,0.0
YESBANK,2016-03-22 08:24:00,2016-03-18,2016-03-15,2016-03-15,Employees/Designated Employees,Market Sale,Sell,Equity Shares,5000.0,0.0,0.0,0.0,0.0,61500.0,0.0,56500.0,0.0
YESBANK,2016-03-22 08:24:00,2016-03-18,2016-03-17,2016-03-18,Employees/Designated Employees,Market Sale,Sell,Equity Shares,2000.0,0.0,0.0,0.0,0.0,17250.0,0.0,15250.0,0.0
YESBANK,2016-03-23 08:44:00,2016-03-22,2016-03-21,2016-03-21,Employees/Designated Employees,Market Sale,Sell,Equity Shares,3000.0,0.0,0.0,0.0,0.0,156000.0,0.0,153000.0,0.0
YESBANK,2016-03-23 08:44:00,2016-03-21,2016-03-18,2016-03-18,Employees/Designated Employees,Market Sale,Sell,Equity Shares,3000.0,0.0,0.0,0.0,0.0,159000.0,0.0,156000.0,0.0
YESBANK,2016-03-23 16:54:00,2016-03-21,2016-03-16,2016-03-16,Employees/Designated Employees,Market Sale,Sell,Equity Shares,500.0,0.0,0.0,0.0,0.0,10000.0,0.0,9500.0,0.0
YESBANK,2016-03-23 16:54:00,2016-03-21,2016-03-16,2016-03-16,Employees/Designated Employees,Market Sale,Sell,Equity Shares,1000.0,0.0,0.0,0.0,0.0,9500.0,0.0,8500.0,0.0
YESBANK,2016-03-23 16:54:00,2016-03-21,2016-03-16,2016-03-16,Employees/Designated Employees,Market Sale,Sell,Equity Shares,1000.0,0.0,0.0,0.0,0.0,8500.0,0.0,7500.0,0.0
YESBANK,2016-03-23 16:54:00,2016-03-21,2016-03-18,2016-03-18,Employees/Designated Employees,Market Sale,Sell,Equity Shares,2000.0,0.0,0.0,0.0,0.0,7500.0,0.0,5500.0,0.0
YESBANK,2016-03-23 16:54:00,2016-03-21,2016-03-09,2016-03-09,Employees/Designated Employees,Market Sale,Sell,Equity Shares,1000.0,0.0,0.0,0.0,0.0,11000.0,0.0,10000.0,0.0
YESBANK,2016-03-23 16:54:00,2016-03-23,2016-03-23,2016-03-23,Employees/Designated Employees,Market Sale,Sell,Equity Shares,3000.0,0.0,0.0,0.0,0.0,15250.0,0.0,12250.0,0.0
YESBANK,2016-03-23 16:54:00,2016-03-21,2016-03-18,2016-03-18,Employees/Designated Employees,Market Sale,Sell,Equity Shares,7000.0,0.0,0.0,0.0,0.0,10000.0,0.0,3000.0,0.0
YESBANK,2016-03-29 10:29:00,2016-03-23,2016-03-23,2016-03-23,Employees/Designated Employees,Market Sale,Sell,Equity Shares,3000.0,0.0,0.0,0.0,0.0,153000.0,0.0,150000.0,0.0
YESBANK,2016-03-29 10:29:00,2016-03-24,2016-03-09,2016-03-09,Employees/Designated Employees,Market Sale,Sell,Equity Shares,500.0,0.0,0.0,0.0,0.0,8500.0,0.0,8000.0,0.0
YESBANK,2016-03-29 10:29:00,2016-03-24,2016-03-15,2016-03-15,Employees/Designated Employees,Market Sale,Sell,Equity Shares,500.0,0.0,0.0,0.0,0.0,8000.0,0.0,7500.0,0.0
YESBANK,2016-03-29 10:29:00,2016-03-24,2016-03-23,2016-03-23,Employees/Designated Employees,Market Sale,Sell,Equity Shares,500.0,0.0,0.0,0.0,0.0,7500.0,0.0,7000.0,0.0
YESBANK,2016-03-29 10:29:00,2016-03-23,2016-03-23,2016-03-23,Employees/Designated Employees,Market Sale,Sell,Equity Shares,5000.0,0.0,0.0,0.0,0.0,7000.0,0.0,2000.0,0.0
YESBANK,2016-03-29 20:24:00,2016-03-23,2016-03-02,2016-03-23,Employees/Designated Employees,Market Sale,Sell,Equity Shares,1950.0,0.0,0.0,0.0,0.0,51950.0,0.0,50000.0,0.0
YESBANK,2016-03-29 20:24:00,2016-03-28,2016-03-23,2016-03-23,Employees/Designated Employees,Market Sale,Sell,Equity Shares,2000.0,0.0,0.0,0.0,0.0,47750.0,0.0,45750.0,0.0
YESBANK,2016-03-29 20:24:00,2016-03-23,2016-03-21,2016-03-21,Employees/Designated Employees,Market Sale,Sell,Equity Shares,2000.0,0.0,0.0,0.0,0.0,5500.0,0.0,3500.0,0.0
YESBANK,2016-03-29 20:24:00,2016-03-23,2016-03-23,2016-03-23,Employees/Designated Employees,Market Sale,Sell,Equity Shares,7000.0,0.0,0.0,0.0,0.0,11700.0,0.0,4700.0,0.0
YESBANK,2016-03-29 20:24:00,2016-03-23,2016-03-04,2016-03-04,Employees/Designated Employees,Market Sale,Sell,Equity Shares,5000.0,0.0,0.0,0.0,0.0,16700.0,0.0,11700.0,0.0
YESBANK,2016-03-29 20:24:00,2016-03-23,2016-03-23,2016-03-23,Employees/Designated Employees,ESOP,Buy,Equity Shares,4000.0,0.0,0.0,0.0,0.0,3000.0,0.0,7000.0,0.0
YESBANK,2016-03-29 20:24:00,2016-03-23,2016-03-23,2016-03-23,Employees/Designated Employees,ESOP,Buy,Equity Shares,3000.0,0.0,0.0,0.0,0.0,595000.0,0.14,598000.0,
YESBANK,2016-03-29 20:24:00,2016-03-23,2016-03-23,2016-03-23,Employees/Designated Employees,ESOP,Buy,Equity Shares,48000.0,0.0,0.0,0.0,0.0,193600.0,0.0,241600.0,0.0
YESBANK,2016-03-29 20:24:00,2016-03-23,2016-03-23,2016-03-23,Employees/Designated Employees,Market Sale,Sell,Equity Shares,2000.0,0.0,0.0,0.0,0.0,3500.0,0.0,1500.0,0.0
YESBANK,2016-03-29 20:24:00,2016-03-28,2016-03-22,2016-03-22,Employees/Designated Employees,Market Sale,Sell,Equity Shares,1000.0,0.0,0.0,0.0,0.0,266000.0,0.0,265000.0,0.0
YESBANK,2016-03-29 20:24:00,2016-03-28,2016-03-23,2016-03-23,Employees/Designated Employees,Market Sale,Sell,Equity Shares,5000.0,0.0,0.0,0.0,0.0,265000.0,0.0,260000.0,0.0
YESBANK,2016-03-31 11:48:00,2016-03-29,2016-03-21,2016-03-21,Employees/Designated Employees,Market Sale,Sell,Equity Shares,400.0,0.0,0.0,0.0,0.0,39700.0,0.0,39300.0,0.0
YESBANK,2016-03-31 11:48:00,2016-03-29,2016-03-21,2016-03-21,Employees/Designated Employees,Market Sale,Sell,Equity Shares,300.0,0.0,0.0,0.0,0.0,40000.0,0.0,39700.0,0.0
YESBANK,2016-03-31 11:48:00,2016-03-29,2016-03-11,2016-03-28,Employees/Designated Employees,Market Sale,Sell,Equity Shares,6000.0,0.0,0.0,0.0,0.0,12000.0,0.0,6000.0,0.0
YESBANK,2016-03-31 11:48:00,2016-03-30,2016-03-30,2016-03-30,Employees/Designated Employees,Market Sale,Sell,Equity Shares,6000.0,0.0,0.0,0.0,0.0,147000.0,0.0,141000.0,0.0
YESBANK,2016-03-31 11:48:00,2016-03-29,2016-03-23,2016-03-23,Employees/Designated Employees,Market Sale,Sell,Equity Shares,500.0,0.0,0.0,0.0,0.0,44000.0,0.0,43500.0,0.0
YESBANK,2016-03-31 11:48:00,2016-03-30,2016-03-30,2016-03-30,Employees/Designated Employees,Market Sale,Sell,Equity Shares,3000.0,0.0,0.0,0.0,0.0,141000.0,0.0,138000.0,0.0
YESBANK,2016-03-31 11:48:00,2016-03-30,2016-03-28,2016-03-28,Employees/Designated Employees,Market Sale,Sell,Equity Shares,1500.0,0.0,0.0,0.0,0.0,7000.0,0.0,5500.0,0.0
YESBANK,2016-03-31 11:48:00,2016-03-29,2016-03-22,2016-03-22,Employees/Designated Employees,Market Sale,Sell,Equity Shares,300.0,0.0,0.0,0.0,0.0,39300.0,0.0,39000.0,0.0
YESBANK,2016-03-31 11:48:00,2016-03-29,2016-03-23,2016-03-23,Employees/Designated Employees,ESOP,Buy,Equity Shares,5000.0,0.0,0.0,0.0,0.0,39000.0,0.0,44000.0,0.0
YESBANK,2016-03-31 11:48:00,2016-03-30,2016-03-11,2016-03-11,Employees/Designated Employees,Market Sale,Sell,Equity Shares,1500.0,0.0,0.0,0.0,0.0,2385.0,0.0,885.0,0.0
YESBANK,2016-03-31 12:19:00,2016-03-31,2016-03-28,2016-03-28,Employees/Designated Employees,Market Sale,Sell,Equity Shares,2000.0,0.0,0.0,0.0,0.0,28220.0,0.0,26220.0,0.0
YESBANK,2016-03-31 12:19:00,2016-03-31,2016-03-29,2016-03-29,Employees/Designated Employees,Market Sale,Sell,Equity Shares,2000.0,0.0,0.0,0.0,0.0,26220.0,0.0,24220.0,0.0
YESBANK,2016-03-31 12:19:00,2016-03-31,2016-03-23,2016-03-23,Employees/Designated Employees,Market Sale,Sell,Equity Shares,4000.0,0.0,0.0,0.0,0.0,32220.0,0.0,28220.0,0.0
YESBANK,2016-03-31 18:57:00,2016-03-31,2016-03-30,2016-03-30,Employees/Designated Employees,Market Sale,Sell,Equity Shares,3000.0,0.0,0.0,0.0,0.0,3000.0,0.0,,0.0
YESBANK,2016-03-31 18:57:00,2016-03-31,2016-03-30,2016-03-30,Employees/Designated Employees,Market Sale,Sell,Equity Shares,10000.0,0.0,0.0,0.0,0.0,258000.0,0.0,248000.0,0.0
YESBANK,2016-03-31 19:11:00,2016-03-31,2016-02-01,2016-03-15,Employees/Designated Employees,Market Sale,Sell,Equity Shares,1875.0,0.0,0.0,0.0,0.0,6950.0,0.0,5075.0,0.0
YESBANK,2016-03-31 19:11:00,2016-03-29,2016-03-15,2016-03-15,Employees/Designated Employees,Market Sale,Sell,Equity Shares,2000.0,0.0,0.0,0.0,0.0,10000.0,0.0,8000.0,0.0
YESBANK,2016-03-31 19:11:00,2016-03-31,2016-03-09,2016-03-09,Employees/Designated Employees,Market Sale,Sell,Equity Shares,2000.0,0.0,0.0,0.0,0.0,5500.0,0.0,3500.0,0.0
YESBANK,2016-03-31 19:11:00,2016-03-31,2016-03-16,2016-03-21,Employees/Designated Employees,Market Sale,Sell,Equity Shares,1200.0,0.0,0.0,0.0,0.0,5075.0,0.0,3875.0,0.0
YESBANK,2016-03-31 20:11:00,2016-03-28,2016-03-23,2016-03-23,Employees/Designated Employees,Market Sale,Sell,Equity Shares,1400.0,0.0,0.0,0.0,0.0,124700.0,0.0,123300.0,0.0
YESBANK,2016-03-31 20:11:00,2016-03-29,2016-03-04,2016-03-04,Employees/Designated Employees,Market Sale,Sell,Equity Shares,1000.0,0.0,0.0,0.0,0.0,2000.0,0.0,1000.0,0.0
YESBANK,2016-03-31 20:11:00,2016-03-28,2016-03-28,2016-03-28,Employees/Designated Employees,Market Sale,Sell,Equity Shares,2000.0,0.0,0.0,0.0,0.0,2000.0,0.0,,0.0
YESBANK,2016-03-31 20:11:00,2016-03-30,2016-03-29,2016-03-29,Employees/Designated Employees,Market Sale,Sell,Equity Shares,2000.0,0.0,0.0,0.0,0.0,260000.0,0.0,258000.0,0.0
YESBANK,2016-03-31 20:11:00,2016-03-29,2016-02-03,2016-02-03,Employees/Designated Employees,Market Sale,Sell,Equity Shares,1000.0,0.0,0.0,0.0,0.0,21307.0,0.0,20307.0,0.0
YESBANK,2016-03-31 20:11:00,2016-03-28,2016-03-11,2016-03-11,Employees/Designated Employees,Market Sale,Sell,Equity Shares,2700.0,0.0,0.0,0.0,0.0,12500.0,0.0,9800.0,0.0
YESBANK,2016-03-31 20:11:00,2016-03-29,2016-03-09,2016-03-09,Employees/Designated Employees,Market Sale,Sell,Equity Shares,2500.0,0.0,0.0,0.0,0.0,6250.0,0.0,3750.0,0.0
YESBANK,2016-03-31 20:11:00,2016-03-29,2016-03-21,2016-03-21,Employees/Designated Employees,Market Sale,Sell,Equity Shares,1750.0,0.0,0.0,0.0,0.0,3750.0,0.0,2000.0,0.0
YESBANK,2016-03-31 20:11:00,2016-03-29,2016-03-28,2016-03-28,Employees/Designated Employees,Market Sale,Sell,Equity Shares,700.0,0.0,0.0,0.0,0.0,700.0,0.0,,0.0
YESBANK,2016-03-31 20:11:00,2016-03-29,2016-03-29,2016-03-29,Employees/Designated Employees,Market Sale,Sell,Equity Shares,3000.0,0.0,0.0,0.0,0.0,150000.0,0.0,147000.0,0.0
YESBANK,2016-03-31 20:11:00,2016-03-29,2016-03-29,2016-03-29,Employees/Designated Employees,Market Sale,Sell,Equity Shares,1750.0,0.0,0.0,0.0,0.0,1750.0,0.0,,0.0
YESBANK,2016-03-31 20:11:00,2016-03-29,2016-03-23,2016-03-23,Employees/Designated Employees,Market Sale,Sell,Equity Shares,1750.0,0.0,0.0,0.0,0.0,2750.0,0.0,1000.0,0.0
YESBANK,2016-03-31 20:11:00,2016-03-29,2016-03-23,2016-03-23,Employees/Designated Employees,ESOP,Buy,Equity Shares,1000.0,0.0,0.0,0.0,0.0,1750.0,0.0,2750.0,0.0
YESBANK,2016-03-31 20:11:00,2016-03-29,2016-03-09,2016-03-09,Employees/Designated Employees,ESOP,Buy,Equity Shares,1750.0,0.0,0.0,0.0,0.0,,0.0,1750.0,0.0
YESBANK,2016-03-31 20:11:00,2016-03-29,2016-03-28,2016-03-28,Employees/Designated Employees,Market Sale,Sell,Equity Shares,2000.0,0.0,0.0,0.0,0.0,36550.0,0.0,34550.0,0.0
YESBANK,2016-03-31 20:11:00,2016-03-29,2016-03-08,2016-03-08,Employees/Designated Employees,Market Sale,Sell,Equity Shares,300.0,0.0,0.0,0.0,0.0,1000.0,0.0,700.0,0.0
YESBANK,2016-03-31 20:11:00,2016-03-29,2016-03-21,2016-03-21,Employees/Designated Employees,Market Sale,Sell,Equity Shares,500.0,0.0,0.0,0.0,0.0,40050.0,0.0,39550.0,0.0
YESBANK,2016-03-31 20:11:00,2016-03-29,2016-03-23,2016-03-23,Employees/Designated Employees,Market Sale,Sell,Equity Shares,3000.0,0.0,0.0,0.0,0.0,39550.0,0.0,36550.0,0.0
YESBANK,2016-04-01 09:58:00,2016-03-31,2016-03-29,2016-03-29,Employees/Designated Employees,Market Sale,Sell,Equity Shares,2000.0,0.0,0.0,0.0,0.0,34550.0,0.0,32550.0,0.0
YESBANK,2016-04-01 10:59:00,2016-03-31,2016-03-30,2016-03-31,Employees/Designated Employees,Market Sale,Sell,Equity Shares,3000.0,0.0,0.0,0.0,0.0,52600.0,0.0,49600.0,0.0
YESBANK,2016-04-01 10:59:00,2016-03-31,2016-03-03,2016-03-28,Employees/Designated Employees,Market Sale,Sell,Equity Shares,2800.0,0.0,0.0,0.0,0.0,11240.0,0.0,8440.0,0.0
YESBANK,2016-04-01 10:59:00,2016-03-31,2016-03-04,2016-03-11,Employees/Designated Employees,Market Sale,Sell,Equity Shares,700.0,0.0,0.0,0.0,0.0,2266.0,0.0,1566.0,0.0
YESBANK,2016-04-01 10:59:00,2016-03-31,2016-03-09,2016-03-09,Employees/Designated Employees,Invocation of pledge,Pledge Invoke,Equity Shares,800.0,0.0,0.0,0.0,0.0,1566.0,0.0,766.0,0.0
YESBANK,2016-04-01 12:54:00,2016-03-31,2016-03-23,2016-03-23,Employees/Designated Employees,Market Sale,Sell,Equity Shares,1000.0,0.0,0.0,0.0,0.0,134617.0,0.0,133617.0,0.0
YESBANK,2016-04-01 12:54:00,2016-03-31,2016-03-21,2016-03-21,Employees/Designated Employees,Market Sale,Sell,Equity Shares,2000.0,0.0,0.0,0.0,0.0,136617.0,0.0,134617.0,0.0
YESBANK,2016-04-01 12:54:00,2016-03-31,2016-03-15,2016-03-15,Employees/Designated Employees,Market Sale,Sell,Equity Shares,1000.0,0.0,0.0,0.0,0.0,140617.0,0.0,139617.0,0.0
YESBANK,2016-04-01 12:54:00,2016-03-31,2016-03-18,2016-03-18,Employees/Designated Employees,Market Sale,Sell,Equity Shares,3000.0,0.0,0.0,0.0,0.0,139617.0,0.0,136617.0,0.0
YESBANK,2016-04-04 11:23:00,2016-04-01,2016-03-30,2016-03-30,Employees/Designated Employees,Market Sale,Sell,Equity Shares,1000.0,0.0,0.0,0.0,0.0,1500.0,0.0,500.0,0.0
YESBANK,2016-04-04 11:23:00,2016-04-01,2016-03-31,2016-03-31,Employees/Designated Employees,Market Sale,Sell,Equity Shares,4000.0,0.0,0.0,0.0,0.0,248000.0,0.0,244000.0,0.0
YESBANK,2016-04-04 11:23:00,2016-03-31,2016-03-30,2016-03-30,Employees/Designated Employees,Market Sale,Sell,Equity Shares,1500.0,0.0,0.0,0.0,0.0,7000.0,0.0,5500.0,0.0
YESBANK,2016-04-04 11:23:00,2016-04-01,2016-03-21,2016-03-21,Employees/Designated Employees,Market Sale,Sell,Equity Shares,1000.0,0.0,0.0,0.0,0.0,97000.0,0.0,96000.0,0.0
YESBANK,2016-04-04 11:23:00,2016-04-01,2016-03-31,2016-03-31,Employees/Designated Employees,Market Sale,Sell,Equity Shares,20000.0,0.0,0.0,0.0,0.0,358435.0,0.0,338435.0,0.0
YESBANK,2016-04-04 11:38:00,2016-03-30,2016-03-18,2016-03-30,Employees/Designated Employees,Market Sale,Sell,Equity Shares,4000.0,0.0,0.0,0.0,0.0,9500.0,0.0,5500.0,0.0
YESBANK,2016-04-04 11:38:00,2016-03-31,2016-02-02,2016-03-30,Employees/Designated Employees,Market Sale,Sell,Equity Shares,4750.0,0.0,0.0,0.0,0.0,12500.0,0.0,7750.0,0.0
YESBANK,2016-04-04 11:38:00,2016-03-31,2016-02-02,2016-03-30,Employees/Designated Employees,ESOP,Buy,Equity Shares,750.0,0.0,0.0,0.0,0.0,7750.0,0.0,8500.0,
YESBANK,2016-04-04 12:30:00,2016-04-01,2016-03-31,2016-03-31,Employees/Designated Employees,Market Sale,Sell,Equity Shares,2500.0,0.0,0.0,0.0,0.0,2644.0,0.0,144.0,0.0
YESBANK,2016-04-04 12:30:00,2016-04-01,2016-03-30,2016-03-30,Employees/Designated Employees,Market Sale,Sell,Equity Shares,1000.0,0.0,0.0,0.0,0.0,3644.0,0.0,2644.0,0.0
YESBANK,2016-04-04 12:30:00,2016-03-31,2016-03-11,2016-03-31,Employees/Designated Employees,Market Sale,Sell,Equity Shares,8050.0,0.0,0.0,0.0,0.0,14611.0,0.0,6561.0,0.0
YESBANK,2016-04-04 12:30:00,2016-03-31,2016-01-01,2016-03-31,Employees/Designated Employees,Market Sale,Sell,Equity Shares,1500.0,0.0,0.0,0.0,0.0,13550.0,0.0,12050.0,0.0
YESBANK,2016-04-04 12:30:00,2016-04-01,2016-03-30,2016-03-31,Employees/Designated Employees,Market Sale,Sell,Equity Shares,22500.0,0.0,0.0,0.0,0.0,32550.0,0.0,10050.0,0.0
YESBANK,2016-04-04 12:31:00,2016-03-31,2016-03-15,2016-03-30,Employees/Designated Employees,Market Sale,Sell,Equity Shares,1000.0,0.0,0.0,0.0,0.0,32910.0,0.0,31910.0,0.0
YESBANK,2016-04-04 12:31:00,2016-03-31,2016-03-15,2016-03-30,Employees/Designated Employees,Market Sale,Sell,Equity Shares,1000.0,0.0,0.0,0.0,0.0,33910.0,0.0,32910.0,0.0
YESBANK,2016-04-04 12:31:00,2016-03-31,2016-03-18,2016-03-18,Employees/Designated Employees,Market Sale,Sell,Equity Shares,10000.0,0.0,0.0,0.0,0.0,17644.0,0.0,7644.0,0.0
YESBANK,2016-04-04 12:31:00,2016-03-31,2016-03-23,2016-03-23,Employees/Designated Employees,Market Sale,Sell,Equity Shares,1000.0,0.0,0.0,0.0,0.0,4644.0,0.0,3644.0,0.0
YESBANK,2016-04-04 12:31:00,2016-03-31,2016-03-21,2016-03-21,Employees/Designated Employees,Market Sale,Sell,Equity Shares,3000.0,0.0,0.0,0.0,0.0,7644.0,0.0,4644.0,0.0
YESBANK,2016-04-04 12:31:00,2016-03-30,2016-03-22,2016-03-30,Employees/Designated Employees,Market Sale,Sell,Equity Shares,1200.0,0.0,0.0,0.0,0.0,1800.0,0.0,600.0,0.0
YESBANK,2016-04-04 12:31:00,2016-03-31,2016-03-15,2016-03-18,Employees/Designated Employees,Market Sale,Sell,Equity Shares,1750.0,0.0,0.0,0.0,0.0,10000.0,0.0,8250.0,0.0
YESBANK,2016-04-06 12:34:00,2016-04-04,2016-03-31,2016-03-31,Employees/Designated Employees,Market Sale,Sell,Equity Shares,6000.0,0.0,0.0,0.0,0.0,58200.0,0.0,52200.0,0.0
YESBANK,2016-04-06 12:34:00,2016-04-04,2016-01-01,2016-03-31,Employees/Designated Employees,Market Sale,Sell,Equity Shares,3450.0,0.0,0.0,0.0,0.0,11450.0,0.0,8000.0,0.0
YESBANK,2016-04-07 09:12:00,2016-04-05,2016-01-11,2016-03-30,Employees/Designated Employees,Market Sale,Sell,Equity Shares,7000.0,0.0,0.0,0.0,0.0,7350.0,0.0,350.0,0.0
YESBANK,2016-04-07 09:12:00,2016-04-05,2016-03-22,2016-03-22,Employees/Designated Employees,Market Sale,Sell,Equity Shares,3500.0,0.0,0.0,0.0,0.0,39700.0,0.0,36200.0,0.0
YESBANK,2016-04-07 09:12:00,2016-04-04,2016-03-30,2016-03-30,Employees/Designated Employees,Market Sale,Sell,Equity Shares,10000.0,0.0,0.0,0.0,0.0,151200.0,0.0,141200.0,0.0
YESBANK,2016-04-08 15:44:00,2016-04-06,2016-03-31,2016-03-31,Employees/Designated Employees,Market Sale,Sell,Equity Shares,1000.0,0.0,0.0,0.0,0.0,133617.0,0.0,132617.0,0.0
YESBANK,2016-04-13 10:44:00,2016-04-11,2016-04-08,2016-04-08,Employees/Designated Employees,ESOP,Buy,Equity Shares,11000.0,0.0,0.0,0.0,0.0,9800.0,0.0,20800.0,0.0
YESBANK,2016-04-13 10:46:00,2016-04-11,2016-04-08,2016-04-08,Employees/Designated Employees,ESOP,Buy,Equity Shares,46800.0,0.0,0.0,0.0,0.0,,0.0,46800.0,0.0
YESBANK,2016-04-13 12:31:00,2016-04-11,2016-04-08,2016-04-08,Employees/Designated Employees,ESOP,Buy,Equity Shares,23500.0,0.0,0.0,0.0,0.0,244000.0,0.0,267500.0,0.0
YESBANK,2016-04-13 12:31:00,2016-04-11,2016-03-21,2016-03-21,Employees/Designated Employees,Market Sale,Sell,Equity Shares,1025.0,0.0,0.0,0.0,0.0,1025.0,0.0,,0.0
YESBANK,2016-04-13 12:31:00,2016-04-11,2016-04-08,2016-04-08,Employees/Designated Employees,ESOP,Buy,Equity Shares,6000.0,0.0,0.0,0.0,0.0,24220.0,0.0,30220.0,0.0
YESBANK,2016-04-13 12:31:00,2016-04-11,2016-04-08,2016-04-08,Employees/Designated Employees,ESOP,Buy,Equity Shares,8000.0,0.0,0.0,0.0,0.0,500.0,0.0,8500.0,0.0
YESBANK,2016-04-13 12:31:00,2016-04-11,2016-04-08,2016-04-08,Employees/Designated Employees,ESOP,Buy,Equity Shares,21000.0,0.0,0.0,0.0,0.0,141200.0,0.0,162200.0,0.0
YESBANK,2016-04-13 12:31:00,2016-04-11,2016-03-31,2016-03-31,Employees/Designated Employees,Market Sale,Sell,Equity Shares,500.0,0.0,0.0,0.0,0.0,6000.0,0.0,5500.0,0.0
YESBANK,2016-04-13 12:31:00,2016-04-11,2016-04-08,2016-04-08,Employees/Designated Employees,ESOP,Buy,Equity Shares,5000.0,0.0,0.0,0.0,0.0,5500.0,0.0,10500.0,0.0
YESBANK,2016-04-13 12:31:00,2016-04-12,2016-04-08,2016-04-08,Employees/Designated Employees,ESOP,Buy,Equity Shares,8800.0,0.0,0.0,0.0,0.0,,0.0,8800.0,0.0
YESBANK,2016-04-13 12:31:00,2016-04-11,2016-04-08,2016-04-08,Employees/Designated Employees,ESOP,Buy,Equity Shares,12500.0,0.0,0.0,0.0,0.0,,0.0,12500.0,0.0
YESBANK,2016-04-13 12:31:00,2016-04-11,2016-04-08,2016-04-08,Employees/Designated Employees,ESOP,Buy,Equity Shares,13500.0,0.0,0.0,0.0,0.0,45550.0,0.0,59050.0,0.0
YESBANK,2016-04-13 12:31:00,2016-04-12,2016-04-08,2016-04-08,Employees/Designated Employees,ESOP,Buy,Equity Shares,25000.0,0.0,0.0,0.0,0.0,,0.0,25000.0,0.0
YESBANK,2016-04-13 12:31:00,2016-04-11,2016-02-03,2016-02-03,Employees/Designated Employees,Market Sale,Sell,Equity Shares,250.0,0.0,0.0,0.0,0.0,2250.0,0.0,2000.0,0.0
YESBANK,2016-04-13 12:31:00,2016-04-11,2016-02-10,2016-02-10,Employees/Designated Employees,Market Sale,Sell,Equity Shares,250.0,0.0,0.0,0.0,0.0,2000.0,0.0,1750.0,0.0
YESBANK,2016-04-13 12:31:00,2016-04-11,2016-03-11,2016-03-11,Employees/Designated Employees,Market Sale,Sell,Equity Shares,425.0,0.0,0.0,0.0,0.0,1750.0,0.0,1325.0,0.0
YESBANK,2016-04-13 12:31:00,2016-04-11,2016-03-15,2016-03-15,Employees/Designated Employees,Market Sale,Sell,Equity Shares,300.0,0.0,0.0,0.0,0.0,1325.0,0.0,1025.0,0.0
YESBANK,2016-04-13 12:35:00,2016-04-11,2016-04-08,2016-04-08,Employees/Designated Employees,ESOP,Buy,Equity Shares,5000.0,0.0,0.0,0.0,0.0,4000.0,0.0,9000.0,0.0
YESBANK,2016-04-15 12:11:00,2016-04-12,2016-03-29,2016-03-30,Employees/Designated Employees,Market Sale,Sell,Equity Shares,10000.0,0.0,0.0,0.0,0.0,11700.0,0.0,1700.0,0.0
YESBANK,2016-04-18 13:33:00,2016-04-15,2016-03-31,2016-03-31,Employees/Designated Employees,Market Sale,Sell,Equity Shares,500.0,0.0,0.0,0.0,0.0,69000.0,0.0,68500.0,0.0
YESBANK,2016-04-18 13:33:00,2016-04-15,2016-02-03,2016-02-03,Employees/Designated Employees,Market Sale,Sell,Equity Shares,1000.0,0.0,0.0,0.0,0.0,69000.0,0.0,68000.0,0.0
YESBANK,2016-04-18 13:33:00,2016-04-15,2016-03-21,2016-03-21,Employees/Designated Employees,Market Sale,Sell,Equity Shares,800.0,0.0,0.0,0.0,0.0,69800.0,0.0,69000.0,0.0
YESBANK,2016-04-18 13:33:00,2016-04-15,2016-03-11,2016-03-11,Employees/Designated Employees,Market Sale,Sell,Equity Shares,1000.0,0.0,0.0,0.0,0.0,70800.0,0.0,69800.0,0.0
YESBANK,2016-04-18 13:33:00,2016-04-15,2016-01-11,2016-01-11,Employees/Designated Employees,ESOP,Buy,Equity Shares,3200.0,0.0,0.0,0.0,0.0,65800.0,0.0,69000.0,0.0
YESBANK,2016-04-18 13:33:00,2016-04-15,2016-02-11,2016-02-11,Employees/Designated Employees,ESOP,Buy,Equity Shares,2800.0,0.0,0.0,0.0,0.0,68000.0,0.0,70800.0,0.0
YESBANK,2016-04-21 19:26:00,2016-04-19,2016-04-12,2016-04-12,Employees/Designated Employees,Revokation of Pledge,Pledge Revoke,Equity Shares,56300.0,0.0,0.0,0.0,0.0,138000.0,0.0,138000.0,0.0
YESBANK,2016-04-28 20:22:00,2016-04-27,2016-03-16,2016-03-31,Employees/Designated Employees,Market Sale,Sell,Equity Shares,1680.0,0.0,0.0,0.0,0.0,1680.0,0.0,,0.0
YESBANK,2016-04-28 20:22:00,2016-04-28,2016-04-26,2016-04-26,Employees/Designated Employees,Market Sale,Sell,Equity Shares,1000.0,0.0,0.0,0.0,0.0,11460.0,0.0,10460.0,0.0
YESBANK,2016-04-28 20:22:00,2016-04-28,2016-04-28,2016-04-28,Employees/Designated Employees,Market Sale,Sell,Equity Shares,3060.0,0.0,0.0,0.0,0.0,10460.0,0.0,7400.0,0.0
YESBANK,2016-04-28 20:22:00,2016-04-28,2016-04-28,2016-04-28,Employees/Designated Employees,Market Sale,Sell,Equity Shares,1000.0,0.0,0.0,0.0,0.0,7400.0,0.0,6400.0,0.0
YESBANK,2016-04-29 19:19:00,2016-04-28,2016-04-27,2016-04-28,Employees/Designated Employees,Pledge Creation,Pledge,Equity Shares,2250.0,0.0,0.0,0.0,0.0,2250.0,0.0,2250.0,0.0
YESBANK,2016-04-29 19:19:00,2016-04-28,2016-04-28,2016-04-28,Employees/Designated Employees,Market Sale,Sell,Equity Shares,2250.0,0.0,0.0,0.0,0.0,2250.0,0.0,,0.0
YESBANK,2016-05-05 08:36:00,2016-05-03,2016-05-02,2016-05-02,Employees/Designated Employees,Market Sale,Sell,Equity Shares,46800.0,0.0,0.0,0.0,0.0,46800.0,0.0,,0.0
YESBANK,2016-05-05 08:36:00,2016-05-02,2016-05-02,2016-05-02,Employees/Designated Employees,Market Sale,Sell,Equity Shares,6550.0,0.0,0.0,0.0,0.0,6550.0,0.0,,0.0
YESBANK,2016-05-05 08:36:00,2016-05-04,2016-05-02,2016-05-02,Employees/Designated Employees,ESOP,Buy,Equity Shares,7250.0,0.0,0.0,0.0,0.0,,0.0,7250.0,0.0
YESBANK,2016-05-05 08:36:00,2016-05-04,2016-05-02,2016-05-02,Employees/Designated Employees,ESOP,Buy,Equity Shares,3000.0,0.0,0.0,0.0,0.0,10.0,0.0,3010.0,0.0
YESBANK,2016-05-05 08:36:00,2016-05-04,2016-05-02,2016-05-02,Employees/Designated Employees,ESOP,Buy,Equity Shares,4200.0,0.0,0.0,0.0,0.0,9998.0,0.0,14198.0,0.0
YESBANK,2016-05-05 08:36:00,2016-05-04,2016-05-02,2016-05-02,Employees/Designated Employees,Market Sale,Sell,Equity Shares,4000.0,0.0,0.0,0.0,0.0,8000.0,0.0,4000.0,0.0
YESBANK,2016-05-05 08:36:00,2016-05-04,2016-05-02,2016-05-02,Employees/Designated Employees,ESOP,Buy,Equity Shares,4000.0,0.0,0.0,0.0,0.0,4000.0,0.0,8000.0,0.0
YESBANK,2016-05-05 08:36:00,2016-05-04,2016-04-08,2016-04-08,Employees/Designated Employees,ESOP,Buy,Equity Shares,3000.0,0.0,0.0,0.0,0.0,1000.0,0.0,4000.0,0.0
YESBANK,2016-05-05 08:36:00,2016-05-04,2016-05-02,2016-05-02,Employees/Designated Employees,ESOP,Buy,Equity Shares,15000.0,0.0,0.0,0.0,0.0,200250.0,0.0,215250.0,0.0
YESBANK,2016-05-05 08:36:00,2016-05-04,2016-05-02,2016-05-02,Employees/Designated Employees,ESOP,Buy,Equity Shares,6500.0,0.0,0.0,0.0,0.0,9150.0,0.0,15650.0,0.0
YESBANK,2016-05-05 08:36:00,2016-05-04,2016-05-02,2016-05-02,Employees/Designated Employees,ESOP,Buy,Equity Shares,3700.0,0.0,0.0,0.0,0.0,8800.0,0.0,12500.0,0.0
YESBANK,2016-05-07 11:46:00,2016-05-05,2016-05-04,2016-05-04,Employees/Designated Employees,Market Sale,Sell,Equity Shares,1000.0,0.0,0.0,0.0,0.0,1000.0,0.0,,0.0
YESBANK,2016-05-07 11:46:00,2016-05-05,2016-04-27,2016-04-27,Employees/Designated Employees,Market Purchase,Buy,Equity Shares,1000.0,0.0,0.0,0.0,0.0,,0.0,1000.0,0.0
YESBANK,2016-05-07 11:47:00,2016-05-05,2016-05-02,2016-05-02,Employees/Designated Employees,Market Sale,Sell,Equity Shares,3500.0,0.0,0.0,0.0,0.0,8500.0,0.0,5000.0,0.0
YESBANK,2016-05-10 15:18:00,2016-05-09,2016-05-09,2016-05-09,Employees/Designated Employees,Market Sale,Sell,Equity Shares,3600.0,0.0,0.0,0.0,0.0,49100.0,0.0,45500.0,0.0
YESBANK,2016-05-10 15:18:00,2016-05-09,2016-05-03,2016-05-03,Employees/Designated Employees,Market Sale,Sell,Equity Shares,500.0,0.0,0.0,0.0,0.0,49600.0,0.0,49100.0,0.0
YESBANK,2016-05-12 11:44:00,2016-05-11,2016-05-02,2016-05-10,Employees/Designated Employees,Market Sale,Sell,Equity Shares,4000.0,0.0,0.0,0.0,0.0,15650.0,0.0,11650.0,0.0
YESBANK,2016-05-12 11:44:00,2016-05-10,2016-05-09,2016-05-09,Employees/Designated Employees,Market Sale,Sell,Equity Shares,15000.0,0.0,0.0,0.0,0.0,338435.0,0.0,323435.0,
YESBANK,2016-05-12 11:44:00,2016-05-10,2016-05-02,2016-05-05,Employees/Designated Employees,Market Sale,Sell,Equity Shares,2600.0,0.0,0.0,0.0,0.0,5500.0,0.0,2900.0,0.0
YESBANK,2016-05-12 11:44:00,2016-05-11,2016-05-09,2016-05-09,Employees/Designated Employees,Market Sale,Sell,Equity Shares,5000.0,0.0,0.0,0.0,0.0,52200.0,0.0,47200.0,0.0
YESBANK,2016-05-12 11:44:00,2016-05-10,2016-05-02,2016-05-02,Employees/Designated Employees,Market Sale,Sell,Equity Shares,2000.0,0.0,0.0,0.0,0.0,2500.0,0.0,500.0,0.0
YESBANK,2016-05-12 18:17:00,2016-05-11,2016-05-02,2016-05-02,Employees/Designated Employees,Pledge Creation,Pledge,Equity Shares,3500.0,0.0,0.0,0.0,0.0,3500.0,0.0,3500.0,0.0
YESBANK,2016-05-12 18:17:00,2016-05-11,2016-05-05,2016-05-06,Employees/Designated Employees,Market Sale,Sell,Equity Shares,1400.0,0.0,0.0,0.0,0.0,1400.0,0.0,,0.0
YESBANK,2016-05-12 18:17:00,2016-05-11,2016-05-09,2016-05-09,Employees/Designated Employees,Market Sale,Sell,Equity Shares,4000.0,0.0,0.0,0.0,0.0,59050.0,0.0,55050.0,0.0
YESBANK,2016-05-13 15:04:00,2016-05-13,2016-05-02,2016-05-02,Employees/Designated Employees,Market Sale,Sell,Equity Shares,3000.0,0.0,0.0,0.0,0.0,8000.0,0.0,5000.0,0.0
YESBANK,2016-05-13 15:15:00,2016-05-12,2016-05-12,2016-05-12,Employees/Designated Employees,Market Sale,Sell,Equity Shares,2900.0,0.0,0.0,0.0,0.0,2900.0,0.0,,0.0
YESBANK,2016-05-13 15:15:00,2016-05-13,2016-05-11,2016-05-11,Employees/Designated Employees,Market Sale,Sell,Equity Shares,500.0,0.0,0.0,0.0,0.0,95000.0,0.0,94500.0,0.0
YESBANK,2016-05-13 15:15:00,2016-05-13,2016-05-12,2016-05-12,Employees/Designated Employees,Market Sale,Sell,Equity Shares,500.0,0.0,0.0,0.0,0.0,94500.0,0.0,94000.0,0.0
YESBANK,2016-05-13 15:15:00,2016-05-13,2016-05-09,2016-05-09,Employees/Designated Employees,Market Sale,Sell,Equity Shares,500.0,0.0,0.0,0.0,0.0,95500.0,0.0,95000.0,0.0
YESBANK,2016-05-13 15:15:00,2016-05-13,2016-03-31,2016-03-31,Employees/Designated Employees,Market Sale,Sell,Equity Shares,500.0,0.0,0.0,0.0,0.0,96000.0,0.0,95500.0,0.0
YESBANK,2016-05-13 15:19:00,2016-05-13,2016-05-11,2016-05-11,Employees/Designated Employees,Market Sale,Sell,Equity Shares,1000.0,0.0,0.0,0.0,0.0,31410.0,0.0,30410.0,0.0
YESBANK,2016-05-13 15:19:00,2016-05-13,2016-05-03,2016-05-03,Employees/Designated Employees,Market Sale,Sell,Equity Shares,500.0,0.0,0.0,0.0,0.0,31910.0,0.0,31410.0,0.0
YESBANK,2016-05-13 15:20:00,2016-05-12,2016-05-09,2016-05-09,Employees/Designated Employees,Market Sale,Sell,Equity Shares,1000.0,0.0,0.0,0.0,0.0,36396.0,0.0,35396.0,0.0
YESBANK,2016-05-13 15:20:00,2016-05-12,2016-05-09,2016-05-09,Employees/Designated Employees,Market Sale,Sell,Equity Shares,1000.0,0.0,0.0,0.0,0.0,35396.0,0.0,34396.0,0.0
YESBANK,2016-05-13 15:20:00,2016-05-12,2016-05-09,2016-05-09,Employees/Designated Employees,Market Sale,Sell,Equity Shares,1000.0,0.0,0.0,0.0,0.0,34396.0,0.0,33396.0,0.0
YESBANK,2016-05-13 15:20:00,2016-05-12,2016-05-10,2016-05-10,Employees/Designated Employees,Market Sale,Sell,Equity Shares,1000.0,0.0,0.0,0.0,0.0,33396.0,0.0,32396.0,0.0
YESBANK,2016-05-13 15:20:00,2016-05-12,2016-05-11,2016-05-11,Employees/Designated Employees,Market Sale,Sell,Equity Shares,1000.0,0.0,0.0,0.0,0.0,32396.0,0.0,31396.0,0.0
YESBANK,2016-05-13 15:20:00,2016-05-12,2016-05-11,2016-05-11,Employees/Designated Employees,Market Sale,Sell,Equity Shares,1000.0,0.0,0.0,0.0,0.0,31396.0,0.0,30396.0,0.0
YESBANK,2016-05-13 15:22:00,2016-05-13,2016-05-11,2016-05-11,Employees/Designated Employees,Market Sale,Sell,Equity Shares,2000.0,0.0,0.0,0.0,0.0,267500.0,0.0,265500.0,0.0
YESBANK,2016-05-13 15:22:00,2016-05-13,2016-05-12,2016-05-12,Employees/Designated Employees,Market Sale,Sell,Equity Shares,1000.0,0.0,0.0,0.0,0.0,265500.0,0.0,264500.0,0.0
YESBANK,2016-05-16 11:08:00,2016-05-13,2016-05-12,2016-05-12,Employees/Designated Employees,ESOP,Buy,Equity Shares,9950.0,0.0,0.0,0.0,0.0,,0.0,9950.0,0.0
YESBANK,2016-05-16 11:08:00,2016-05-13,2016-05-12,2016-05-12,Employees/Designated Employees,ESOP,Buy,Equity Shares,28000.0,0.0,0.0,0.0,0.0,,0.0,28000.0,0.0
YESBANK,2016-05-16 11:08:00,2016-05-13,2016-05-12,2016-05-12,Employees/Designated Employees,ESOP,Buy,Equity Shares,15300.0,0.0,0.0,0.0,0.0,400.0,0.0,15700.0,0.0
YESBANK,2016-05-16 11:08:00,2016-05-13,2016-05-12,2016-05-12,Employees/Designated Employees,ESOP,Buy,Equity Shares,4000.0,0.0,0.0,0.0,0.0,12000.0,0.0,16000.0,0.0
YESBANK,2016-05-16 15:40:00,2016-05-16,2016-05-12,2016-05-12,Employees/Designated Employees,ESOP,Buy,Equity Shares,4000.0,0.0,0.0,0.0,0.0,11650.0,0.0,15650.0,0.0
YESBANK,2016-05-16 15:40:00,2016-05-16,2016-05-12,2016-05-12,Employees/Designated Employees,ESOP,Buy,Equity Shares,6500.0,0.0,0.0,0.0,0.0,4000.0,0.0,10500.0,0.0
YESBANK,2016-05-16 15:40:00,2016-05-13,2016-05-12,2016-05-12,Employees/Designated Employees,ESOP,Buy,Equity Shares,18500.0,0.0,0.0,0.0,0.0,,0.0,18500.0,0.0
YESBANK,2016-05-16 15:40:00,2016-05-13,2016-05-12,2016-05-12,Employees/Designated Employees,ESOP,Buy,Equity Shares,4000.0,0.0,0.0,0.0,0.0,10198.0,0.0,14198.0,0.0
YESBANK,2016-05-16 15:40:00,2016-05-14,2016-05-12,2016-05-12,Employees/Designated Employees,Market Sale,Sell,Equity Shares,2000.0,0.0,0.0,0.0,0.0,55050.0,0.0,53050.0,0.0
YESBANK,2016-05-17 15:05:00,2016-05-17,2016-05-16,2016-05-16,Employees/Designated Employees,Market Sale,Sell,Equity Shares,2000.0,0.0,0.0,0.0,0.0,264500.0,0.0,262500.0,0.0
YESBANK,2016-05-17 17:27:00,2016-05-17,2016-05-10,2016-05-11,Employees/Designated Employees,Market Sale,Sell,Equity Shares,1000.0,0.0,0.0,0.0,0.0,45500.0,0.0,44500.0,0.0
YESBANK,2016-05-17 17:27:00,2016-05-17,2016-05-16,2016-05-16,Employees/Designated Employees,Market Sale,Sell,Equity Shares,500.0,0.0,0.0,0.0,0.0,44500.0,0.0,44000.0,0.0
YESBANK,2016-05-18 09:47:00,2016-05-17,2016-05-06,2016-05-09,Employees/Designated Employees,Market Sale,Sell,Equity Shares,2000.0,0.0,0.0,0.0,0.0,12198.0,0.0,10198.0,0.0
YESBANK,2016-05-18 09:47:00,2016-05-17,2016-05-02,2016-05-04,Employees/Designated Employees,Market Sale,Sell,Equity Shares,2000.0,0.0,0.0,0.0,0.0,14198.0,0.0,12198.0,0.0
YESBANK,2016-05-18 14:16:00,2016-05-18,2016-05-17,2016-05-17,Employees/Designated Employees,-,Sell,Equity Shares,1000.0,0.0,0.0,0.0,0.0,92000.0,0.0,91000.0,0.0
YESBANK,2016-05-18 14:16:00,2016-05-18,2016-05-01,2016-05-17,Employees/Designated Employees,-,Sell,Equity Shares,4500.0,0.0,0.0,0.0,0.0,10500.0,0.0,6000.0,0.0
YESBANK,2016-05-18 14:16:00,2016-05-18,2016-05-16,2016-05-16,Employees/Designated Employees,-,Sell,Equity Shares,2000.0,0.0,0.0,0.0,0.0,94000.0,0.0,92000.0,0.0
YESBANK,2016-05-18 14:16:00,2016-05-18,2016-05-16,2016-05-16,Employees/Designated Employees,-,Sell,Equity Shares,4000.0,0.0,0.0,0.0,0.0,10500.0,0.0,6500.0,0.0
YESBANK,2016-05-18 14:16:00,2016-05-16,2016-04-27,2016-04-27,Employees/Designated Employees,-,Pledge,Equity Shares,5000.0,0.0,0.0,0.0,0.0,5000.0,0.0,5000.0,0.0
YESBANK,2016-05-18 14:16:00,2016-05-16,2016-05-16,2016-05-16,Employees/Designated Employees,-,Sell,Equity Shares,2500.0,0.0,0.0,0.0,0.0,5000.0,0.0,2500.0,0.0
YESBANK,2016-05-18 18:04:00,2016-05-18,2016-05-16,2016-05-16,Employees/Designated Employees,Market Sale,Sell,Equity Shares,4000.0,0.0,0.0,0.0,0.0,53050.0,0.0,49050.0,0.0
YESBANK,2016-05-19 20:20:00,2016-05-19,2016-05-03,2016-05-12,Employees/Designated Employees,Market Sale,Sell,Equity Shares,1500.0,0.0,0.0,0.0,0.0,2100.0,0.0,600.0,0.0
YESBANK,2016-05-19 20:20:00,2016-05-19,2016-05-12,2016-05-12,Employees/Designated Employees,ESOP,Buy,Equity Shares,500.0,0.0,0.0,0.0,0.0,1600.0,0.0,2100.0,0.0
YESBANK,2016-05-19 20:20:00,2016-05-19,2016-04-08,2016-04-08,Employees/Designated Employees,ESOP,Buy,Equity Shares,1000.0,0.0,0.0,0.0,0.0,600.0,0.0,1600.0,0.0
YESBANK,2016-05-19 20:20:00,2016-05-18,2016-05-17,2016-05-17,Employees/Designated Employees,Market Sale,Sell,Equity Shares,1000.0,0.0,0.0,0.0,0.0,262500.0,0.0,261500.0,0.0
YESBANK,2016-05-19 20:20:00,2016-05-18,2016-05-17,2016-05-17,Employees/Designated Employees,Market Sale,Sell,Equity Shares,4000.0,0.0,0.0,0.0,0.0,47200.0,0.0,43200.0,0.0
YESBANK,2016-05-23 09:48:00,2016-05-20,2016-05-10,2016-05-17,Employees/Designated Employees,Market Sale,Sell,Equity Shares,2000.0,0.0,0.0,0.0,0.0,15650.0,0.0,13650.0,0.0
YESBANK,2016-05-23 09:48:00,2016-05-18,2016-05-02,2016-05-02,Employees/Designated Employees,Market Sale,Sell,Equity Shares,1750.0,0.0,0.0,0.0,0.0,1760.0,0.0,10.0,0.0
YESBANK,2016-05-24 08:33:00,2016-05-20,2016-05-12,2016-05-12,Employees/Designated Employees,Market Sale,Sell,Equity Shares,20000.0,0.0,0.0,0.0,0.0,162200.0,0.0,142200.0,0.0
YESBANK,2016-05-24 08:33:00,2016-05-19,2016-05-19,2016-05-19,Employees/Designated Employees,Revokation of Pledge,Pledge Revoke,Equity Shares,5000.0,0.0,0.0,0.0,0.0,5000.0,0.0,5000.0,0.0
YESBANK,2016-05-24 08:33:00,2016-05-23,2016-05-20,2016-05-20,Employees/Designated Employees,Market Sale,Sell,Equity Shares,10000.0,0.0,0.0,0.0,0.0,323435.0,0.0,313435.0,0.0
YESBANK,2016-05-24 14:14:00,2016-05-24,2016-05-09,2016-05-16,Employees/Designated Employees,Market Sale,Sell,Equity Shares,2000.0,0.0,0.0,0.0,0.0,14000.0,0.0,12000.0,0.0
YESBANK,2016-05-24 18:32:00,2016-05-24,2016-05-23,2016-05-23,Employees/Designated Employees,Market Sale,Sell,Equity Shares,4000.0,0.0,0.0,0.0,0.0,43200.0,0.0,39200.0,0.0
YESBANK,2016-05-25 18:22:00,2016-05-25,2016-05-17,2016-05-17,Employees/Designated Employees,Market Sale,Sell,Equity Shares,2500.0,0.0,0.0,0.0,0.0,27500.0,0.0,25000.0,0.0
YESBANK,2016-05-25 18:22:00,2016-05-25,2016-05-25,2016-05-25,Employees/Designated Employees,ESOP,Buy,Equity Shares,4500.0,0.0,0.0,0.0,0.0,6500.0,0.0,11000.0,0.0
YESBANK,2016-05-25 18:22:00,2016-05-25,2016-05-25,2016-05-25,Employees/Designated Employees,ESOP,Buy,Equity Shares,5000.0,0.0,0.0,0.0,0.0,,0.0,5000.0,0.0
YESBANK,2016-05-25 18:22:00,2016-05-25,2016-05-02,2016-05-02,Employees/Designated Employees,ESOP,Buy,Equity Shares,1800.0,0.0,0.0,0.0,0.0,2500.0,0.0,4300.0,0.0
YESBANK,2016-05-25 18:22:00,2016-05-25,2016-05-25,2016-05-25,Employees/Designated Employees,ESOP,Buy,Equity Shares,18500.0,0.0,0.0,0.0,0.0,12000.0,0.0,30500.0,0.0
YESBANK,2016-05-25 18:22:00,2016-05-25,2016-05-25,2016-05-25,Employees/Designated Employees,ESOP,Buy,Equity Shares,3700.0,0.0,0.0,0.0,0.0,4300.0,0.0,8000.0,0.0
YESBANK,2016-05-26 17:27:00,2016-05-26,2016-05-10,2016-05-10,Employees/Designated Employees,Market Sale,Sell,Equity Shares,5263.0,0.0,0.0,0.0,0.0,9630.0,0.0,4367.0,0.0
YESBANK,2016-05-26 17:27:00,2016-05-26,2016-05-25,2016-05-25,Employees/Designated Employees,ESOP,Buy,Equity Shares,2300.0,0.0,0.0,0.0,0.0,14198.0,0.0,16498.0,0.0
YESBANK,2016-05-26 17:27:00,2016-05-25,2016-05-25,2016-05-25,Employees/Designated Employees,Market Sale,Sell,Equity Shares,5000.0,0.0,0.0,0.0,0.0,45000.0,0.0,40000.0,0.0
YESBANK,2016-05-26 17:27:00,2016-05-25,2016-05-25,2016-05-25,Employees/Designated Employees,ESOP,Buy,Equity Shares,16500.0,0.0,0.0,0.0,0.0,49050.0,0.0,65550.0,0.0
YESBANK,2016-05-27 17:46:00,2016-05-26,2016-05-25,2016-05-25,Employees/Designated Employees,Market Sale,Buy,Equity Shares,9900.0,0.0,0.0,0.0,0.0,13125.0,0.0,23025.0,0.0
YESBANK,2016-05-27 17:46:00,2016-05-27,2016-05-26,2016-05-26,Employees/Designated Employees,Market Sale,Sell,Equity Shares,300.0,0.0,0.0,0.0,0.0,900.0,0.0,600.0,0.0
YESBANK,2016-05-27 17:46:00,2016-05-27,2016-05-25,2016-05-25,Employees/Designated Employees,ESOP,Buy,Equity Shares,400.0,0.0,0.0,0.0,0.0,500.0,0.0,900.0,0.0
YESBANK,2016-05-27 17:46:00,2016-05-27,2016-04-21,2016-04-21,Employees/Designated Employees,Market Sale,Sell,Equity Shares,500.0,0.0,0.0,0.0,0.0,1300.0,0.0,800.0,0.0
YESBANK,2016-05-27 17:46:00,2016-05-27,2016-05-20,2016-05-20,Employees/Designated Employees,Market Sale,Sell,Equity Shares,300.0,0.0,0.0,0.0,0.0,800.0,0.0,500.0,0.0
YESBANK,2016-05-30 16:53:00,2016-05-27,2016-05-25,2016-05-26,Employees/Designated Employees,Market Sale,Sell,Equity Shares,1000.0,0.0,0.0,0.0,0.0,2500.0,0.0,1500.0,0.0
YESBANK,2016-05-30 16:53:00,2016-05-27,2016-05-27,2016-05-27,Employees/Designated Employees,Market Sale,Sell,Equity Shares,1000.0,0.0,0.0,0.0,0.0,28410.0,0.0,27410.0,0.0
YESBANK,2016-05-30 16:53:00,2016-05-30,2016-05-11,2016-05-16,Employees/Designated Employees,Market Sale,Sell,Equity Shares,2500.0,0.0,0.0,0.0,0.0,6300.0,0.0,3800.0,0.0
YESBANK,2016-05-30 16:53:00,2016-05-27,2016-05-16,2016-05-16,Employees/Designated Employees,Market Sale,Sell,Equity Shares,1000.0,0.0,0.0,0.0,0.0,30410.0,0.0,29410.0,0.0
YESBANK,2016-05-30 16:53:00,2016-05-27,2016-05-26,2016-05-26,Employees/Designated Employees,Market Sale,Sell,Equity Shares,1000.0,0.0,0.0,0.0,0.0,29410.0,0.0,28410.0,0.0
YESBANK,2016-05-31 15:02:00,2016-05-31,2016-05-31,2016-05-31,Employees/Designated Employees,Market Sale,Sell,Equity Shares,1000.0,0.0,0.0,0.0,0.0,48700.0,0.0,47700.0,0.0
YESBANK,2016-05-31 15:03:00,2016-05-30,2016-05-04,2016-05-30,Employees/Designated Employees,Market Sale,Sell,Equity Shares,300.0,0.0,0.0,0.0,0.0,50000.0,0.0,49700.0,0.0
YESBANK,2016-05-31 15:05:00,2016-05-30,2016-05-30,2016-05-30,Employees/Designated Employees,Market Sale,Sell,Equity Shares,1000.0,0.0,0.0,0.0,0.0,49700.0,0.0,48700.0,0.0
YESBANK,2016-06-01 18:22:00,2016-05-31,2016-05-12,2016-05-12,Employees/Designated Employees,Market Sale,Sell,Equity Shares,450.0,0.0,0.0,0.0,0.0,14900.0,0.0,14450.0,0.0
YESBANK,2016-06-01 18:22:00,2016-05-31,2016-04-08,2016-04-08,Employees/Designated Employees,ESOP,Buy,Equity Shares,2000.0,0.0,0.0,0.0,0.0,12950.0,0.0,14950.0,
YESBANK,2016-06-01 18:22:00,2016-05-31,2016-05-11,2016-05-11,Employees/Designated Employees,Market Sale,Sell,Equity Shares,50.0,0.0,0.0,0.0,0.0,14950.0,0.0,14900.0,0.0
YESBANK,2016-06-01 18:22:00,2016-06-01,2016-05-31,2016-05-31,Employees/Designated Employees,Market Sale,Sell,Equity Shares,1000.0,0.0,0.0,0.0,0.0,261500.0,0.0,260500.0,0.0
YESBANK,2016-06-02 12:56:00,2016-06-01,2016-05-30,2016-05-30,Employees/Designated Employees,Market Sale,Sell,Equity Shares,4000.0,0.0,0.0,0.0,0.0,39200.0,0.0,35200.0,0.0
YESBANK,2016-06-02 12:56:00,2016-05-31,2016-05-17,2016-05-17,Employees/Designated Employees,Market Sale,Sell,Equity Shares,500.0,0.0,0.0,0.0,0.0,13650.0,0.0,13150.0,0.0
YESBANK,2016-06-02 12:56:00,2016-05-31,2016-05-16,2016-05-16,Employees/Designated Employees,Market Sale,Sell,Equity Shares,800.0,0.0,0.0,0.0,0.0,14450.0,0.0,13650.0,0.0
YESBANK,2016-06-02 12:56:00,2016-06-01,2016-05-31,2016-05-31,Employees/Designated Employees,Market Sale,Sell,Equity Shares,4000.0,0.0,0.0,0.0,0.0,35200.0,0.0,31200.0,0.0
YESBANK,2016-06-02 12:56:00,2016-05-31,2016-05-26,2016-05-26,Employees/Designated Employees,Market Sale,Sell,Equity Shares,500.0,0.0,0.0,0.0,0.0,12650.0,0.0,12150.0,0.0
YESBANK,2016-06-03 11:17:00,2016-06-02,2016-06-02,2016-06-02,Employees/Designated Employees,Market Sale,Sell,Equity Shares,1000.0,0.0,0.0,0.0,0.0,44000.0,0.0,43000.0,0.0
YESBANK,2016-06-03 11:17:00,2016-06-02,2016-06-01,2016-06-01,Employees/Designated Employees,Market Sale,Sell,Equity Shares,6500.0,0.0,0.0,0.0,0.0,11000.0,0.0,4500.0,0.0
YESBANK,2016-06-03 11:17:00,2016-06-02,2016-06-02,2016-06-02,Employees/Designated Employees,Market Sale,Sell,Equity Shares,13000.0,0.0,0.0,0.0,0.0,313435.0,0.0,300435.0,0.0
YESBANK,2016-06-06 18:49:00,2016-06-03,2016-05-13,2016-05-26,Employees/Designated Employees,Market Sale,Sell,Equity Shares,1075.0,0.0,0.0,0.0,0.0,3875.0,0.0,2800.0,0.0
YESBANK,2016-06-06 18:49:00,2016-06-06,2016-06-02,2016-06-02,Employees/Designated Employees,Market Sale,Sell,Equity Shares,200.0,0.0,0.0,0.0,0.0,12940.0,0.0,12740.0,0.0
YESBANK,2016-06-06 18:49:00,2016-06-06,2016-05-02,2016-05-27,Employees/Designated Employees,Market Sale,Sell,Equity Shares,2850.0,0.0,0.0,0.0,0.0,3250.0,0.0,400.0,0.0
YESBANK,2016-06-06 18:49:00,2016-06-06,2016-06-06,2016-06-06,Employees/Designated Employees,Market Sale,Sell,Equity Shares,500.0,0.0,0.0,0.0,0.0,12150.0,0.0,11650.0,0.0
YESBANK,2016-06-06 18:49:00,2016-06-06,2016-04-08,2016-04-08,Employees/Designated Employees,ESOP,Buy,Equity Shares,2500.0,0.0,0.0,0.0,0.0,10440.0,0.0,12940.0,
YESBANK,2016-06-08 18:11:00,2016-06-07,2016-06-07,2016-06-07,Employees/Designated Employees,Market Sale,Sell,Equity Shares,1000.0,0.0,0.0,0.0,0.0,4000.0,0.0,3000.0,0.0
YESBANK,2016-06-08 18:11:00,2016-06-07,2016-05-25,2016-05-25,Employees/Designated Employees,Market Sale,Sell,Equity Shares,1000.0,0.0,0.0,0.0,0.0,5000.0,0.0,4000.0,0.0
YESBANK,2016-06-09 17:27:00,2016-06-07,2016-06-06,2016-06-06,Employees/Designated Employees,Market Sale,Sell,Equity Shares,5000.0,0.0,0.0,0.0,0.0,16000.0,0.0,11000.0,0.0
YESBANK,2016-06-09 17:27:00,2016-06-08,2016-06-07,2016-06-07,Employees/Designated Employees,Market Sale,Sell,Equity Shares,1000.0,0.0,0.0,0.0,0.0,43000.0,0.0,42000.0,0.0
YESBANK,2016-06-10 15:15:00,2016-06-08,2016-05-26,2016-05-26,Employees/Designated Employees,Market Purchase,-,Equity Shares,0.0,700.0,0.0,723590.0,0.0,,0.0,,
YESBANK,2016-06-10 15:15:00,2016-06-08,2016-04-06,2016-04-27,Employees/Designated Employees,Market Purchase,-,Equity Shares,0.0,700.0,700.0,623910.0,638260.0,,0.0,,
YESBANK,2016-06-10 15:15:00,2016-06-08,2016-04-28,2016-05-17,Employees/Designated Employees,Market Purchase,-,Equity Shares,0.0,700.0,700.0,674660.0,697480.0,,0.0,,
YESBANK,2016-06-13 15:10:00,2016-06-10,2016-06-08,2016-06-08,Employees/Designated Employees,Market Sale,Sell,Equity Shares,15300.0,0.0,0.0,0.0,0.0,15300.0,0.0,,0.0
YESBANK,2016-06-14 09:05:00,2016-06-09,2016-05-26,2016-05-26,Employees/Designated Employees,Market Purchase,-,,,700.0,0.0,723590.0,0.0,,0.0,,
YESBANK,2016-06-14 09:05:00,2016-06-09,2016-05-17,2016-05-17,Employees/Designated Employees,Market Sale,-,,,700.0,0.0,697480.0,0.0,,0.0,,
YESBANK,2016-06-14 09:05:00,2016-06-09,2016-04-28,2016-04-28,Employees/Designated Employees,Market Purchase,-,,,700.0,0.0,674660.0,0.0,,0.0,,
YESBANK,2016-06-14 09:05:00,2016-06-09,2016-04-27,2016-04-27,Employees/Designated Employees,Market Sale,-,,,700.0,0.0,638260.0,0.0,,0.0,,
YESBANK,2016-06-14 09:05:00,2016-06-09,2016-04-06,2016-04-06,Employees/Designated Employees,Market Purchase,-,,,700.0,0.0,623910.0,0.0,,0.0,,
YESBANK,2016-06-14 18:11:00,2016-06-14,2016-06-14,2016-06-14,Employees/Designated Employees,ESOP,Buy,Equity Shares,4000.0,0.0,0.0,0.0,0.0,11000.0,0.0,15000.0,0.0
YESBANK,2016-06-14 18:11:00,2016-06-14,2016-06-14,2016-06-14,Employees/Designated Employees,ESOP,Buy,Equity Shares,4500.0,0.0,0.0,0.0,0.0,10500.0,0.0,15000.0,0.0
YESBANK,2016-06-14 18:11:00,2016-06-14,2016-06-14,2016-06-14,Employees/Designated Employees,ESOP,Buy,Equity Shares,4500.0,0.0,0.0,0.0,0.0,20800.0,0.0,25300.0,0.0
YESBANK,2016-06-14 18:11:00,2016-06-13,2016-06-01,2016-06-09,Employees/Designated Employees,Market Sale,Sell,Equity Shares,1000.0,0.0,0.0,0.0,0.0,1500.0,0.0,500.0,0.0
YESBANK,2016-06-14 18:11:00,2016-06-14,2016-05-18,2016-05-18,Employees/Designated Employees,Market Sale,Sell,Equity Shares,5875.0,0.0,0.0,0.0,0.0,7250.0,0.0,1375.0,0.0
YESBANK,2016-06-15 18:24:00,2016-06-14,2016-06-14,2016-06-14,Employees/Designated Employees,ESOP,Buy,Equity Shares,3250.0,0.0,0.0,0.0,0.0,11400.0,0.0,14650.0,0.0
YESBANK,2016-06-15 18:24:00,2016-06-14,2016-06-06,2016-06-06,Employees/Designated Employees,Market Sale,Sell,Equity Shares,250.0,0.0,0.0,0.0,0.0,11650.0,0.0,11400.0,0.0
YESBANK,2016-06-15 18:24:00,2016-06-15,2016-06-14,2016-06-14,Employees/Designated Employees,Market Sale,Sell,Equity Shares,2000.0,0.0,0.0,0.0,0.0,65550.0,0.0,63550.0,0.0
YESBANK,2016-06-16 11:05:00,2016-06-14,2016-06-14,2016-06-14,Employees/Designated Employees,ESOP,Buy,Equity Shares,6000.0,0.0,0.0,0.0,0.0,709.0,0.0,6709.0,0.0
YESBANK,2016-06-16 17:33:00,2016-06-14,2016-06-14,2016-06-14,Employees/Designated Employees,ESOP,Buy,Equity Shares,4500.0,0.0,0.0,0.0,0.0,37500.0,0.0,42000.0,0.0
YESBANK,2016-06-17 11:48:00,2016-06-17,2016-06-15,2016-06-15,Employees/Designated Employees,Market Sale,Sell,Equity Shares,4500.0,0.0,0.0,0.0,0.0,5500.0,0.0,1000.0,0.0
YESBANK,2016-06-20 19:23:00,2016-06-18,2016-06-17,2016-06-17,Employees/Designated Employees,Market Sale,Sell,Equity Shares,200.0,0.0,0.0,0.0,0.0,14650.0,0.0,14450.0,0.0
YESBANK,2016-06-22 09:15:00,2016-06-17,2016-05-02,2016-06-17,Employees/Designated Employees,Market Sale,Sell,Equity Shares,6000.0,0.0,0.0,0.0,0.0,18557.0,0.0,12557.0,0.0
YESBANK,2016-06-22 09:15:00,2016-06-17,2016-04-08,2016-06-14,Employees/Designated Employees,ESOP,Buy,Equity Shares,6200.0,0.0,0.0,0.0,0.0,12557.0,0.0,18757.0,0.0
YESBANK,2016-06-22 09:15:00,2016-06-21,2016-06-14,2016-06-14,Employees/Designated Employees,Market Sale,Sell,Equity Shares,1075.0,0.0,0.0,0.0,0.0,11275.0,0.0,10200.0,0.0
YESBANK,2016-06-23 17:42:00,2016-06-23,2016-06-22,2016-06-22,Employees/Designated Employees,Market Sale,Sell,Equity Shares,2000.0,0.0,0.0,0.0,0.0,27000.0,0.0,25000.0,0.0
YESBANK,2016-06-23 17:42:00,2016-06-22,2016-06-20,2016-06-21,Employees/Designated Employees,Market Sale,Sell,Equity Shares,3000.0,0.0,0.0,0.0,0.0,30000.0,0.0,27000.0,0.0
YESBANK,2016-06-23 17:42:00,2016-06-23,2016-06-17,2016-06-17,Employees/Designated Employees,Market Sale,Sell,Equity Shares,5000.0,0.0,0.0,0.0,0.0,55791.0,0.0,50791.0,0.0
YESBANK,2016-06-23 17:42:00,2016-06-22,2016-06-21,2016-06-21,Employees/Designated Employees,Market Sale,Sell,Equity Shares,3000.0,0.0,0.0,0.0,0.0,300435.0,0.0,297435.0,0.0
YESBANK,2016-06-23 17:42:00,2016-06-21,2016-06-13,2016-06-17,Employees/Designated Employees,Market Sale,Sell,Equity Shares,4150.0,0.0,0.0,0.0,0.0,15150.0,0.0,11000.0,0.0
YESBANK,2016-06-24 18:51:00,2016-06-23,2016-06-23,2016-06-23,Employees/Designated Employees,Market Sale,Sell,Equity Shares,2500.0,0.0,0.0,0.0,0.0,19000.0,0.0,16500.0,0.0
YESBANK,2016-06-24 18:51:00,2016-06-23,2016-06-22,2016-06-22,Employees/Designated Employees,Market Sale,Sell,Equity Shares,4340.0,0.0,0.0,0.0,0.0,297435.0,0.0,293095.0,0.0
YESBANK,2016-06-24 18:51:00,2016-06-22,2016-05-02,2016-05-02,Other,Market Sale,Sell,Equity Shares,7500.0,0.0,0.0,0.0,0.0,12500.0,0.0,5000.0,0.0
YESBANK,2016-06-27 12:25:00,2016-06-24,2016-06-24,2016-06-24,Employees/Designated Employees,ESOP,Buy,Equity Shares,4000.0,0.0,0.0,0.0,0.0,15000.0,0.0,19000.0,0.0
YESBANK,2016-06-27 12:25:00,2016-06-24,2016-06-23,2016-06-23,Employees/Designated Employees,Market Sale,Sell,Equity Shares,500.0,0.0,0.0,0.0,0.0,6500.0,0.0,6000.0,0.0
YESBANK,2016-06-27 12:25:00,2016-06-24,2016-06-13,2016-06-13,Employees/Designated Employees,Market Sale,Sell,Equity Shares,500.0,0.0,0.0,0.0,0.0,7000.0,0.0,6500.0,0.0
YESBANK,2016-06-27 12:25:00,2016-06-23,2016-06-16,2016-06-22,Employees/Designated Employees,Market Sale,Sell,Equity Shares,5000.0,0.0,0.0,0.0,0.0,5000.0,0.0,,0.0
YESBANK,2016-06-27 12:27:00,2016-06-24,2016-06-24,2016-06-24,Employees/Designated Employees,ESOP,Buy,Equity Shares,10250.0,0.0,0.0,0.0,0.0,50791.0,0.0,61041.0,0.0
YESBANK,2016-06-27 12:27:00,2016-06-24,2016-06-24,2016-06-24,Employees/Designated Employees,ESOP,Buy,Equity Shares,10000.0,0.0,0.0,0.0,0.0,,0.0,10000.0,0.0
YESBANK,2016-06-27 12:27:00,2016-06-24,2016-06-24,2016-06-24,Employees/Designated Employees,ESOP,Buy,Equity Shares,5500.0,0.0,0.0,0.0,0.0,1000.0,0.0,6500.0,0.0
YESBANK,2016-06-28 16:05:00,2016-06-27,2016-06-22,2016-06-23,Employees/Designated Employees,Revokation of Pledge,Pledge Revoke,Equity Shares,5000.0,0.0,0.0,0.0,0.0,12500.0,0.0,12500.0,0.0
YESBANK,2016-06-28 16:23:00,2016-06-24,2016-06-24,2016-06-24,Employees/Designated Employees,ESOP,Buy,Equity Shares,8800.0,0.0,0.0,0.0,0.0,30688.0,0.0,39488.0,0.0
YESBANK,2016-06-28 16:23:00,2016-06-24,2016-06-22,2016-06-23,Employees/Designated Employees,Market Sale,Sell,Equity Shares,3500.0,0.0,0.0,0.0,0.0,34188.0,0.0,30688.0,0.0
YESBANK,2016-06-28 16:24:00,2016-06-28,2016-05-12,2016-05-12,Employees/Designated Employees,ESOP,Buy,Equity Shares,600.0,0.0,0.0,0.0,0.0,2000.0,0.0,2600.0,0.0
YESBANK,2016-06-28 16:24:00,2016-06-28,2016-06-24,2016-06-24,Employees/Designated Employees,ESOP,Buy,Equity Shares,5000.0,0.0,0.0,0.0,0.0,2600.0,0.0,7600.0,0.0
YESBANK,2016-06-29 19:15:00,2016-06-27,2016-06-23,2016-06-23,Employees/Designated Employees,Market Sale,Sell,Equity Shares,0.0,0.0,700.0,0.0,702205.0,,0.0,,0.0
YESBANK,2016-06-29 19:15:00,2016-06-27,2016-06-16,2016-06-16,Employees/Designated Employees,Market Purchase,Buy,Equity Shares,0.0,700.0,0.0,722750.0,0.0,,0.0,,0.0
YESBANK,2016-06-29 19:15:00,2016-06-27,2016-06-23,2016-06-23,Employees/Designated Employees,Market Sale,Sell,Equity Shares,0.0,0.0,700.0,0.0,717045.0,,0.0,,0.0
YESBANK,2016-06-30 19:57:00,2016-06-29,2016-06-08,2016-06-08,Employees/Designated Employees,Market Sale,Sell,Equity Shares,600.0,0.0,0.0,0.0,0.0,600.0,0.0,,0.0
YESBANK,2016-06-30 19:57:00,2016-06-29,2016-06-02,2016-06-02,Employees/Designated Employees,Market Sale,Sell,Equity Shares,900.0,0.0,0.0,0.0,0.0,1500.0,0.0,600.0,0.0
YESBANK,2016-06-30 19:57:00,2016-06-29,2016-05-12,2016-05-12,Employees/Designated Employees,ESOP,Buy,Equity Shares,1500.0,0.0,0.0,0.0,0.0,,0.0,1500.0,0.0
YESBANK,2016-06-30 19:57:00,2016-06-29,2016-05-05,2016-05-05,Employees/Designated Employees,Market Sale,Sell,Equity Shares,1500.0,0.0,0.0,0.0,0.0,120300.0,0.0,118800.0,0.0
YESBANK,2016-06-30 19:57:00,2016-06-30,2016-06-13,2016-06-23,Employees/Designated Employees,Market Sale,Sell,Equity Shares,1000.0,0.0,0.0,0.0,0.0,2000.0,0.0,1000.0,0.0
YESBANK,2016-06-30 19:57:00,2016-06-30,2016-06-01,2016-06-10,Employees/Designated Employees,Market Sale,Sell,Equity Shares,1200.0,0.0,0.0,0.0,0.0,3200.0,0.0,2000.0,0.0
YESBANK,2016-06-30 19:57:00,2016-06-30,2016-05-20,2016-05-31,Employees/Designated Employees,Market Sale,Sell,Equity Shares,1000.0,0.0,0.0,0.0,0.0,3700.0,0.0,2700.0,0.0
YESBANK,2016-06-30 19:57:00,2016-06-30,2016-05-02,2016-05-19,Employees/Designated Employees,Market Sale,Sell,Equity Shares,1200.0,0.0,0.0,0.0,0.0,3900.0,0.0,2700.0,0.0
YESBANK,2016-06-30 19:57:00,2016-06-29,2016-05-04,2016-05-04,Employees/Designated Employees,Market Sale,Sell,Equity Shares,1500.0,0.0,0.0,0.0,0.0,121800.0,0.0,120300.0,0.0
YESBANK,2016-07-01 17:08:00,2016-06-30,2016-06-27,2016-06-27,Employees/Designated Employees,Market Purchase,Buy,Equity Shares,1000.0,0.0,0.0,0.0,0.0,2779.0,0.0,3779.0,0.0
YESBANK,2016-07-01 17:08:00,2016-06-30,2016-06-24,2016-06-24,Employees/Designated Employees,Market Purchase,Buy,Equity Shares,1500.0,0.0,0.0,0.0,0.0,2279.0,0.0,3779.0,0.0
YESBANK,2016-07-01 17:08:00,2016-06-30,2016-06-27,2016-06-27,Employees/Designated Employees,Market Sale,Sell,Equity Shares,1000.0,0.0,0.0,0.0,0.0,3779.0,0.0,2779.0,0.0
YESBANK,2016-07-01 17:08:00,2016-06-30,2016-06-30,2016-06-30,Employees/Designated Employees,Market Purchase,Buy,Equity Shares,480.0,0.0,0.0,0.0,0.0,2779.0,0.0,3259.0,0.0
YESBANK,2016-07-01 17:08:00,2016-06-30,2016-06-30,2016-06-30,Employees/Designated Employees,Market Sale,Sell,Equity Shares,960.0,0.0,0.0,0.0,0.0,3259.0,0.0,2299.0,0.0
YESBANK,2016-07-01 17:08:00,2016-06-30,2016-06-24,2016-06-24,Employees/Designated Employees,Market Sale,Sell,Equity Shares,1000.0,0.0,0.0,0.0,0.0,3779.0,0.0,2779.0,0.0
YESBANK,2016-07-01 20:08:00,2016-07-01,2016-06-30,2016-06-30,Employees/Designated Employees,Market Sale,Sell,Equity Shares,1500.0,0.0,0.0,0.0,0.0,39488.0,0.0,37988.0,0.0
YESBANK,2016-07-01 20:08:00,2016-06-29,2016-06-28,2016-06-28,Employees/Designated Employees,Market Sale,Sell,Equity Shares,1000.0,0.0,0.0,0.0,0.0,3500.0,0.0,2500.0,0.0
YESBANK,2016-07-01 20:08:00,2016-07-01,2016-06-30,2016-06-30,Employees/Designated Employees,Market Sale,Sell,Equity Shares,1000.0,0.0,0.0,0.0,0.0,91000.0,0.0,90000.0,0.0
YESBANK,2016-07-04 15:42:00,2016-07-04,2016-06-30,2016-06-30,Employees/Designated Employees,Market Sale,Sell,Equity Shares,1000.0,0.0,0.0,0.0,0.0,30500.0,0.0,29500.0,0.0
YESBANK,2016-07-07 15:41:00,2016-07-04,2016-06-30,2016-06-30,Other,Market Sale,Sell,Equity Shares,6.0,0.0,0.0,0.0,0.0,881.0,0.0,875.0,0.0
YESBANK,2016-07-07 15:41:00,2016-07-04,2016-05-02,2016-05-02,Other,Market Sale,Sell,Equity Shares,24119.0,0.0,0.0,0.0,0.0,25000.0,0.0,881.0,0.0
YESBANK,2016-07-07 15:41:00,2016-07-05,2016-06-24,2016-06-24,Employees/Designated Employees,Market Sale,Sell,Equity Shares,3000.0,0.0,0.0,0.0,0.0,8000.0,0.0,5000.0,0.0
YESBANK,2016-07-07 15:41:00,2016-07-07,2016-06-28,2016-06-28,Employees/Designated Employees,Market Sale,Sell,Equity Shares,3000.0,0.0,0.0,0.0,0.0,8000.0,0.0,5000.0,0.0
YESBANK,2016-07-12 08:52:00,2016-07-09,2016-07-09,2016-07-09,Employees/Designated Employees,ESOP,Buy,Equity Shares,4000.0,0.0,0.0,0.0,0.0,,0.0,4000.0,0.0
YESBANK,2016-07-12 08:53:00,2016-07-09,2016-07-09,2016-07-09,Employees/Designated Employees,ESOP,Buy,Equity Shares,2750.0,0.0,0.0,0.0,0.0,10.0,0.0,2760.0,0.0
YESBANK,2016-07-12 08:58:00,2016-07-09,2016-07-09,2016-07-09,Employees/Designated Employees,ESOP,Buy,Equity Shares,5000.0,0.0,0.0,0.0,0.0,4000.0,0.0,9000.0,0.0
YESBANK,2016-07-12 08:59:00,2016-07-09,2016-07-09,2016-07-09,Employees/Designated Employees,ESOP,Buy,Equity Shares,5000.0,0.0,0.0,0.0,0.0,2000.0,0.0,7000.0,0.0
YESBANK,2016-07-12 09:00:00,2016-07-09,2016-07-09,2016-07-09,Employees/Designated Employees,ESOP,Buy,Equity Shares,4500.0,0.0,0.0,0.0,0.0,,0.0,4500.0,0.0
YESBANK,2016-07-12 09:00:00,2016-07-09,2016-07-09,2016-07-09,Employees/Designated Employees,ESOP,Buy,Equity Shares,5000.0,0.0,0.0,0.0,0.0,,0.0,5000.0,0.0
YESBANK,2016-07-12 09:01:00,2016-07-09,2016-07-09,2016-07-09,Employees/Designated Employees,ESOP,Buy,Equity Shares,3050.0,0.0,0.0,0.0,0.0,18757.0,0.0,21807.0,0.0
YESBANK,2016-07-12 09:01:00,2016-07-09,2016-07-09,2016-07-09,Employees/Designated Employees,ESOP,Buy,Equity Shares,4600.0,0.0,0.0,0.0,0.0,22.0,0.0,4622.0,0.0
YESBANK,2016-07-14 14:53:00,2016-07-12,2016-06-29,2016-07-07,Employees/Designated Employees,-,-,,,0.0,700.0,0.0,770000.0,,0.0,,
YESBANK,2016-07-14 14:53:00,2016-07-12,2016-06-29,2016-07-07,Employees/Designated Employees,-,-,,,0.0,1400.0,0.0,1530200.0,,0.0,,
YESBANK,2016-07-14 14:53:00,2016-07-12,2016-06-29,2016-07-07,Employees/Designated Employees,-,-,,,0.0,1400.0,0.0,1505000.0,,0.0,,
YESBANK,2016-07-14 14:53:00,2016-07-12,2016-06-29,2016-07-07,Employees/Designated Employees,-,-,,,0.0,700.0,0.0,755300.0,,0.0,,
YESBANK,2016-07-14 14:53:00,2016-07-12,2016-06-29,2016-07-07,Employees/Designated Employees,-,-,,,0.0,2800.0,0.0,2993200.0,,0.0,,
YESBANK,2016-07-14 14:53:00,2016-07-12,2016-06-29,2016-07-07,Employees/Designated Employees,-,-,,,0.0,2800.0,0.0,3026800.0,,0.0,,
YESBANK,2016-07-14 14:53:00,2016-07-12,2016-06-29,2016-07-07,Employees/Designated Employees,-,-,,,0.0,4900.0,0.0,5331200.0,,0.0,,
YESBANK,2016-07-14 14:53:00,2016-07-12,2016-06-29,2016-07-07,Employees/Designated Employees,Pledge Creation,Pledge,Equity Shares,5000.0,0.0,0.0,0.0,0.0,14750.0,0.0,14750.0,0.0
YESBANK,2016-07-15 09:54:00,2016-07-13,2016-05-02,2016-05-02,Employees/Designated Employees,Pledge Creation,Pledge,Equity Shares,3500.0,0.0,0.0,0.0,0.0,3500.0,0.0,3500.0,0.0
YESBANK,2016-07-15 10:14:00,2016-07-13,2016-06-28,2016-06-28,Employees/Designated Employees,Revokation of Pledge,Pledge Revoke,Equity Shares,2500.0,0.0,0.0,0.0,0.0,2500.0,0.0,2500.0,0.0
YESBANK,2016-07-22 13:09:00,2016-07-20,2016-07-20,2016-07-20,Employees/Designated Employees,ESOP,Buy,Equity Shares,3500.0,0.0,0.0,0.0,0.0,13000.0,0.0,16500.0,0.0
YESBANK,2016-07-22 13:09:00,2016-07-20,2016-07-20,2016-07-20,Employees/Designated Employees,ESOP,Buy,Equity Shares,4000.0,0.0,0.0,0.0,0.0,7600.0,0.0,11600.0,0.0
YESBANK,2016-07-22 13:09:00,2016-07-20,2016-07-20,2016-07-20,Employees/Designated Employees,ESOP,Buy,Equity Shares,12000.0,0.0,0.0,0.0,0.0,2590.0,0.0,14590.0,0.0
YESBANK,2016-07-22 13:09:00,2016-07-21,2016-06-01,2016-07-19,Employees/Designated Employees,Market Sale,Sell,Equity Shares,5000.0,0.0,0.0,0.0,0.0,12500.0,0.0,7500.0,0.0
YESBANK,2016-07-22 13:09:00,2016-07-20,2016-07-20,2016-07-20,Employees/Designated Employees,ESOP,Buy,Equity Shares,3750.0,0.0,0.0,0.0,0.0,,0.0,3750.0,0.0
YESBANK,2016-07-22 13:09:00,2016-07-20,2016-07-20,2016-07-20,Employees/Designated Employees,ESOP,Buy,Equity Shares,1600.0,0.0,0.0,0.0,0.0,19500.0,0.0,21100.0,0.0
YESBANK,2016-07-22 13:09:00,2016-07-20,2016-07-09,2016-07-09,Employees/Designated Employees,ESOP,Buy,Equity Shares,3000.0,0.0,0.0,0.0,0.0,16500.0,0.0,19500.0,0.0
YESBANK,2016-07-22 18:53:00,2016-07-19,2016-06-30,2016-06-30,Employees/Designated Employees,Market Sale,Sell,Equity Shares,2000.0,0.0,0.0,0.0,0.0,74616.0,0.0,72616.0,0.0
YESBANK,2016-07-23 13:08:00,2016-07-22,2016-07-20,2016-07-20,Employees/Designated Employees,ESOP,Buy,Equity Shares,5000.0,0.0,0.0,0.0,0.0,7000.0,0.0,12000.0,0.0
YESBANK,2016-07-23 13:08:00,2016-07-22,2016-07-20,2016-07-20,Employees/Designated Employees,ESOP,Buy,Equity Shares,9000.0,0.0,0.0,0.0,0.0,293095.0,0.0,302095.0,0.0
YESBANK,2016-08-02 08:30:00,2016-08-01,2016-07-29,2016-08-01,Employees/Designated Employees,Market Sale,Sell,Equity Shares,2366.0,0.0,0.0,0.0,0.0,5000.0,0.0,2634.0,0.0
YESBANK,2016-08-02 13:24:00,2016-08-02,2016-07-05,2016-07-05,Employees/Designated Employees,ESOP,Buy,Equity Shares,3000.0,0.0,0.0,0.0,0.0,5000.0,0.0,8000.0,0.0
YESBANK,2016-08-02 13:24:00,2016-08-02,2016-08-01,2016-08-01,Employees/Designated Employees,Market Sale,Sell,Equity Shares,2000.0,0.0,0.0,0.0,0.0,8000.0,0.0,6000.0,0.0
YESBANK,2016-08-02 15:54:00,2016-08-02,2016-08-02,2016-08-02,Employees/Designated Employees,Market Sale,Sell,Equity Shares,2600.0,0.0,0.0,0.0,0.0,23700.0,0.0,21100.0,0.0
YESBANK,2016-08-02 15:54:00,2016-08-02,2016-08-02,2016-08-02,Employees/Designated Employees,Market Sale,Sell,Equity Shares,1600.0,0.0,0.0,0.0,0.0,25300.0,0.0,23700.0,0.0
YESBANK,2016-08-02 17:21:00,2016-08-02,2016-08-02,2016-08-02,Employees/Designated Employees,Market Sale,Sell,Equity Shares,634.0,0.0,0.0,0.0,0.0,2634.0,0.0,2000.0,0.0
YESBANK,2016-08-02 17:22:00,2016-08-02,2016-08-01,2016-08-01,Employees/Designated Employees,Pledge Creation,Pledge,Equity Shares,4500.0,0.0,0.0,0.0,0.0,4500.0,0.0,4500.0,0.0
YESBANK,2016-08-04 18:17:00,2016-08-04,2016-08-03,2016-08-03,Employees/Designated Employees,Market Sale,Sell,Equity Shares,5000.0,0.0,0.0,0.0,0.0,23307.0,0.0,18307.0,0.0
YESBANK,2016-08-04 18:17:00,2016-08-04,2016-07-09,2016-07-09,Employees/Designated Employees,ESOP,Buy,Equity Shares,1500.0,0.0,0.0,0.0,0.0,21807.0,0.0,23307.0,0.0
YESBANK,2016-08-04 18:17:00,2016-08-04,2016-08-03,2016-08-03,Employees/Designated Employees,Market Sale,Sell,Equity Shares,1000.0,0.0,0.0,0.0,0.0,90000.0,0.0,89000.0,0.0
YESBANK,2016-08-04 18:18:00,2016-08-03,2016-08-02,2016-08-02,Employees/Designated Employees,Market Sale,Sell,Equity Shares,2675.0,0.0,0.0,0.0,0.0,4500.0,0.0,1825.0,0.0
YESBANK,2016-08-04 18:18:00,2016-08-03,2016-08-02,2016-08-02,Employees/Designated Employees,Revokation of Pledge,Pledge Revoke,Equity Shares,4500.0,0.0,0.0,0.0,0.0,4500.0,0.0,4500.0,0.0
YESBANK,2016-08-04 18:18:00,2016-08-02,2016-08-02,2016-08-02,Employees/Designated Employees,Market Sale,Sell,Equity Shares,3000.0,0.0,0.0,0.0,0.0,11600.0,0.0,8600.0,0.0
YESBANK,2016-08-04 18:18:00,2016-08-03,2016-08-02,2016-08-02,Employees/Designated Employees,Market Sale,Sell,Equity Shares,10000.0,0.0,0.0,0.0,0.0,172358.0,0.0,162358.0,0.0
YESBANK,2016-08-04 18:18:00,2016-08-02,2016-08-02,2016-08-02,Employees/Designated Employees,Market Sale,Sell,Equity Shares,2000.0,0.0,0.0,0.0,0.0,2000.0,0.0,,0.0
YESBANK,2016-08-08 17:33:00,2016-08-08,2016-08-05,2016-08-05,Employees/Designated Employees,Market Sale,Sell,Equity Shares,475.0,0.0,0.0,0.0,0.0,8475.0,0.0,8000.0,0.0
YESBANK,2016-08-08 17:33:00,2016-08-08,2016-08-03,2016-08-03,Employees/Designated Employees,Market Sale,Sell,Equity Shares,525.0,0.0,0.0,0.0,0.0,9000.0,0.0,8475.0,0.0
YESBANK,2016-08-08 17:34:00,2016-08-08,2016-08-02,2016-08-08,Employees/Designated Employees,Market Sale,Sell,Equity Shares,5900.0,0.0,0.0,0.0,0.0,16500.0,0.0,10600.0,0.0
YESBANK,2016-08-08 17:46:00,2016-08-05,2016-08-04,2016-08-04,Employees/Designated Employees,Market Sale,Sell,Equity Shares,2000.0,0.0,0.0,0.0,0.0,31200.0,0.0,29200.0,0.0
YESBANK,2016-08-08 19:08:00,2016-08-08,2016-08-05,2016-08-05,Employees/Designated Employees,Market Sale,Sell,Equity Shares,8000.0,0.0,0.0,0.0,0.0,27410.0,0.0,19410.0,0.0
YESBANK,2016-08-08 19:08:00,2016-08-08,2016-08-05,2016-08-05,Employees/Designated Employees,Market Sale,Sell,Equity Shares,3100.0,0.0,0.0,0.0,0.0,21100.0,0.0,18000.0,0.0
YESBANK,2016-08-11 16:52:00,2016-08-09,2016-08-01,2016-08-05,Employees/Designated Employees,Market Sale,Sell,Equity Shares,3000.0,0.0,0.0,0.0,0.0,12000.0,0.0,9000.0,
YESBANK,2016-08-11 17:00:00,2016-08-10,2016-08-10,2016-08-10,Employees/Designated Employees,ESOP,Buy,Equity Shares,3500.0,0.0,0.0,0.0,0.0,10600.0,0.0,14100.0,0.0
YESBANK,2016-08-11 18:58:00,2016-08-10,2016-08-10,2016-08-10,Employees/Designated Employees,ESOP,Buy,Equity Shares,5000.0,0.0,0.0,0.0,0.0,5.0,0.0,5005.0,0.0
YESBANK,2016-08-11 18:58:00,2016-08-10,2016-08-10,2016-08-10,Employees/Designated Employees,ESOP,Buy,Equity Shares,2750.0,0.0,0.0,0.0,0.0,9.0,0.0,2759.0,0.0
YESBANK,2016-08-11 18:58:00,2016-08-11,2016-08-09,2016-08-09,Employees/Designated Employees,Market Sale,Sell,Equity Shares,790.0,0.0,0.0,0.0,0.0,18307.0,0.0,17517.0,0.0
YESBANK,2016-08-11 18:58:00,2016-08-11,2016-08-10,2016-08-10,Employees/Designated Employees,ESOP,Buy,Equity Shares,8500.0,0.0,0.0,0.0,0.0,17517.0,0.0,26017.0,0.0
YESBANK,2016-08-11 19:28:00,2016-08-10,2016-07-20,2016-07-20,Key Managerial Personnel,ESOP,Buy,Equity Shares,1500.0,0.0,0.0,0.0,0.0,950.0,0.0,2450.0,0.0
YESBANK,2016-08-11 19:28:00,2016-08-10,2016-08-10,2016-08-10,Key Managerial Personnel,ESOP,Buy,Equity Shares,10500.0,0.0,0.0,0.0,0.0,2450.0,0.0,12950.0,0.0
YESBANK,2016-08-11 19:28:00,2016-08-10,2016-07-09,2016-07-09,Key Managerial Personnel,ESOP,Buy,Equity Shares,500.0,0.0,0.0,0.0,0.0,450.0,0.0,950.0,0.0
YESBANK,2016-08-11 19:28:00,2016-08-09,2016-08-05,2016-08-05,Employees/Designated Employees,Revokation of Pledge,Pledge Revoke,Equity Shares,1825.0,0.0,0.0,0.0,0.0,1825.0,0.0,1825.0,0.0
YESBANK,2016-08-11 19:32:00,2016-08-11,2016-08-10,2016-08-10,Employees/Designated Employees,ESOP,Buy,Equity Shares,7100.0,0.0,0.0,0.0,0.0,2922.0,0.0,10022.0,0.0
YESBANK,2016-08-16 19:08:00,2016-08-16,2016-08-12,2016-08-12,Employees/Designated Employees,Market Sale,Sell,Equity Shares,500.0,0.0,0.0,0.0,0.0,13950.0,0.0,13450.0,
YESBANK,2016-08-16 19:08:00,2016-08-16,2016-08-12,2016-08-12,Employees/Designated Employees,Market Sale,Sell,Equity Shares,500.0,0.0,0.0,0.0,0.0,14450.0,0.0,13950.0,
YESBANK,2016-08-16 19:08:00,2016-08-16,2016-08-12,2016-08-12,Employees/Designated Employees,Market Sale,Sell,Equity Shares,500.0,0.0,0.0,0.0,0.0,13450.0,0.0,12950.0,
YESBANK,2016-08-16 19:10:00,2016-08-16,2016-08-10,2016-08-10,Employees/Designated Employees,Market Sale,Sell,Equity Shares,700.0,0.0,0.0,0.0,0.0,1825.0,0.0,1125.0,0.0
YESBANK,2016-08-16 19:10:00,2016-08-16,2016-08-12,2016-08-12,Employees/Designated Employees,Market Sale,Sell,Equity Shares,600.0,0.0,0.0,0.0,0.0,1125.0,0.0,525.0,0.0
YESBANK,2016-08-16 19:11:00,2016-08-16,2016-07-29,2016-07-29,Employees/Designated Employees,Market Sale,Sell,Equity Shares,500.0,0.0,0.0,0.0,0.0,12750.0,0.0,12250.0,0.0
YESBANK,2016-08-16 19:11:00,2016-08-16,2016-08-10,2016-08-10,Employees/Designated Employees,Market Sale,Sell,Equity Shares,1500.0,0.0,0.0,0.0,0.0,12250.0,0.0,10750.0,0.0
YESBANK,2016-08-16 19:11:00,2016-08-16,2016-07-28,2016-07-28,Employees/Designated Employees,Market Sale,Sell,Equity Shares,2000.0,0.0,0.0,0.0,0.0,14750.0,0.0,12750.0,0.0
YESBANK,2016-08-16 19:11:00,2016-08-16,2016-07-25,2016-07-25,Employees/Designated Employees,Pledge Creation,Pledge,Equity Shares,7000.0,0.0,0.0,0.0,0.0,14750.0,0.0,14750.0,0.0
YESBANK,2016-08-16 19:11:00,2016-08-16,2016-07-28,2016-07-28,Employees/Designated Employees,Market Purchase,-,,,700.0,0.0,784000.0,0.0,,0.0,,
YESBANK,2016-08-16 19:11:00,2016-08-16,2016-07-28,2016-07-28,Employees/Designated Employees,Market Purchase,-,,,1400.0,0.0,1568000.0,0.0,,0.0,,
YESBANK,2016-08-16 19:11:00,2016-08-16,2016-07-28,2016-07-28,Employees/Designated Employees,Market Purchase,-,,,4900.0,0.0,5960850.0,0.0,,0.0,,
YESBANK,2016-08-16 19:11:00,2016-08-16,2016-07-28,2016-07-28,Employees/Designated Employees,Market Purchase,-,,,2800.0,0.0,3432800.0,0.0,,0.0,,
YESBANK,2016-08-16 19:11:00,2016-08-16,2016-07-28,2016-07-28,Employees/Designated Employees,Market Purchase,-,,,2800.0,0.0,3399200.0,0.0,,0.0,,
YESBANK,2016-08-16 19:11:00,2016-08-16,2016-07-28,2016-07-28,Employees/Designated Employees,Market Purchase,-,,,1400.0,0.0,3402800.0,0.0,,0.0,,
YESBANK,2016-08-16 19:11:00,2016-08-16,2016-07-28,2016-07-28,Employees/Designated Employees,Market Purchase,-,,,700.0,0.0,784000.0,0.0,,0.0,,
YESBANK,2016-08-17 16:51:00,2016-08-12,2016-08-12,2016-08-12,Employees/Designated Employees,Market Sale,Sell,Equity Shares,500.0,0.0,0.0,0.0,0.0,6000.0,0.0,5500.0,0.0
YESBANK,2016-08-17 16:51:00,2016-08-12,2016-08-05,2016-08-05,Employees/Designated Employees,Market Sale,Sell,Equity Shares,500.0,0.0,0.0,0.0,0.0,6500.0,0.0,6000.0,0.0
YESBANK,2016-08-17 16:51:00,2016-08-12,2016-07-09,2016-07-09,Employees/Designated Employees,ESOP,Buy,Equity Shares,1000.0,0.0,0.0,0.0,0.0,5500.0,0.0,6500.0,0.0
YESBANK,2016-08-17 17:52:00,2016-08-16,2016-08-02,2016-08-12,Employees/Designated Employees,Market Sale,Sell,Equity Shares,895.0,0.0,0.0,0.0,0.0,14590.0,0.0,13695.0,0.0
YESBANK,2016-08-17 18:21:00,2016-08-16,2016-08-16,2016-08-16,Employees/Designated Employees,Market Sale,Sell,Equity Shares,1000.0,0.0,0.0,0.0,0.0,47700.0,0.0,46700.0,0.0
YESBANK,2016-08-17 19:01:00,2016-08-16,2016-08-16,2016-08-16,Employees/Designated Employees,Market Sale,Sell,Equity Shares,450.0,0.0,0.0,0.0,0.0,12950.0,0.0,12500.0,0.0
YESBANK,2016-08-17 19:01:00,2016-08-17,2016-08-17,2016-08-17,Employees/Designated Employees,Market Sale,Sell,Equity Shares,500.0,0.0,0.0,0.0,0.0,12500.0,0.0,12000.0,0.0
YESBANK,2016-08-18 16:46:00,2016-08-17,2016-08-12,2016-08-16,Employees/Designated Employees,Market Sale,Sell,Equity Shares,4000.0,0.0,0.0,0.0,0.0,19410.0,0.0,15410.0,
YESBANK,2016-08-18 16:49:00,2016-08-18,2016-08-18,2016-08-18,Employees/Designated Employees,Market Sale,Sell,Equity Shares,1100.0,0.0,0.0,0.0,0.0,46700.0,0.0,45600.0,0.0
YESBANK,2016-08-18 16:49:00,2016-08-18,2016-08-18,2016-08-18,Employees/Designated Employees,Market Purchase,Buy,Equity Shares,100.0,0.0,0.0,0.0,0.0,45600.0,0.0,45700.0,0.0
YESBANK,2016-08-19 16:55:00,2016-08-18,2016-08-05,2016-08-05,Employees/Designated Employees,Market Sale,Sell,Equity Shares,1000.0,0.0,0.0,0.0,0.0,72616.0,0.0,71616.0,0.0
YESBANK,2016-08-19 16:55:00,2016-08-18,2016-08-12,2016-08-12,Employees/Designated Employees,Market Sale,Sell,Equity Shares,1000.0,0.0,0.0,0.0,0.0,71616.0,0.0,70616.0,0.0
YESBANK,2016-08-19 16:55:00,2016-08-18,2016-08-05,2016-08-05,Employees/Designated Employees,Market Sale,Sell,Equity Shares,1000.0,0.0,0.0,0.0,0.0,72616.0,0.0,71616.0,0.0
YESBANK,2016-08-19 16:55:00,2016-08-18,2016-08-12,2016-08-12,Employees/Designated Employees,Market Sale,Sell,Equity Shares,1000.0,0.0,0.0,0.0,0.0,71616.0,0.0,70616.0,0.0
YESBANK,2016-08-19 16:55:00,2016-08-18,2016-08-12,2016-08-12,Employees/Designated Employees,Market Sale,Sell,Equity Shares,1000.0,0.0,0.0,0.0,0.0,71616.0,0.0,70616.0,0.0
YESBANK,2016-08-19 16:55:00,2016-08-18,2016-08-05,2016-08-05,Employees/Designated Employees,Market Sale,Sell,Equity Shares,1000.0,0.0,0.0,0.0,0.0,72616.0,0.0,71616.0,0.0
YESBANK,2016-08-19 16:55:00,2016-08-18,2016-08-12,2016-08-12,Employees/Designated Employees,Market Sale,Sell,Equity Shares,1000.0,0.0,0.0,0.0,0.0,71616.0,0.0,70616.0,0.0
YESBANK,2016-08-19 16:55:00,2016-08-18,2016-08-05,2016-08-05,Employees/Designated Employees,Market Sale,Sell,Equity Shares,1000.0,0.0,0.0,0.0,0.0,72616.0,0.0,71616.0,0.0
YESBANK,2016-08-19 20:20:00,2016-08-19,2016-08-18,2016-08-18,Employees/Designated Employees,Market Sale,Sell,Equity Shares,24000.0,0.0,0.0,0.0,0.0,242600.0,0.0,218600.0,0.0
YESBANK,2016-08-19 20:20:00,2016-08-19,2016-08-17,2016-08-19,Employees/Designated Employees,Market Sale,Sell,Equity Shares,1000.0,0.0,0.0,0.0,0.0,40963.0,0.0,39963.0,0.0
YESBANK,2016-08-19 20:20:00,2016-08-17,2016-08-12,2016-08-12,Employees/Designated Employees,Market Sale,Sell,Equity Shares,2000.0,0.0,0.0,0.0,0.0,260500.0,0.0,258500.0,0.0
YESBANK,2016-08-19 20:20:00,2016-08-19,2016-07-09,2016-07-09,Employees/Designated Employees,ESOP,Buy,Equity Shares,2975.0,0.0,0.0,0.0,0.0,37988.0,0.0,40963.0,0.0
YESBANK,2016-08-19 20:20:00,2016-08-19,2016-08-18,2016-08-18,Employees/Designated Employees,Market Sale,Sell,Equity Shares,5000.0,0.0,0.0,0.0,0.0,302095.0,0.0,297095.0,0.0
YESBANK,2016-08-22 16:15:00,2016-08-19,2016-08-02,2016-08-16,Employees/Designated Employees,Market Sale,Sell,Equity Shares,803.0,0.0,0.0,0.0,0.0,1700.0,0.0,897.0,0.0
YESBANK,2016-08-22 17:32:00,2016-08-22,2016-08-19,2016-08-19,Employees/Designated Employees,Market Sale,Sell,Equity Shares,20000.0,0.0,0.0,0.0,0.0,107100.0,0.0,87100.0,0.0
YESBANK,2016-08-22 17:32:00,2016-08-22,2016-08-03,2016-08-05,Employees/Designated Employees,Market Sale,Sell,Equity Shares,4000.0,0.0,0.0,0.0,0.0,5061.0,0.0,1061.0,0.0
YESBANK,2016-08-22 17:34:00,2016-08-20,2016-08-18,2016-08-18,Employees/Designated Employees,Market Sale,Sell,Equity Shares,500.0,0.0,0.0,0.0,0.0,12000.0,0.0,11500.0,0.0
YESBANK,2016-08-22 17:34:00,2016-08-20,2016-08-19,2016-08-19,Employees/Designated Employees,Market Sale,Sell,Equity Shares,500.0,0.0,0.0,0.0,0.0,11500.0,0.0,11000.0,0.0
YESBANK,2016-08-22 18:06:00,2016-08-22,2016-08-05,2016-08-05,Employees/Designated Employees,Pledge Creation,Pledge,Equity Shares,10000.0,0.0,0.0,0.0,0.0,14490.0,0.0,14490.0,0.0
YESBANK,2016-08-24 18:06:00,2016-08-23,2016-08-12,2016-08-19,Employees/Designated Employees,Market Sale,Sell,Equity Shares,1500.0,0.0,0.0,0.0,0.0,9000.0,0.0,7500.0,0.0
YESBANK,2016-08-24 18:09:00,2016-08-23,2016-08-03,2016-08-03,Employees/Designated Employees,Market Sale,Sell,Equity Shares,2000.0,0.0,0.0,0.0,0.0,63550.0,0.0,61550.0,0.0
YESBANK,2016-08-24 18:09:00,2016-08-23,2016-08-12,2016-08-12,Employees/Designated Employees,Market Sale,Sell,Equity Shares,2000.0,0.0,0.0,0.0,0.0,57550.0,0.0,55550.0,0.0
YESBANK,2016-08-24 18:09:00,2016-08-23,2016-08-05,2016-08-05,Employees/Designated Employees,Market Sale,Sell,Equity Shares,2000.0,0.0,0.0,0.0,0.0,61550.0,0.0,59550.0,0.0
YESBANK,2016-08-24 18:09:00,2016-08-23,2016-08-08,2016-08-08,Employees/Designated Employees,Market Sale,Sell,Equity Shares,2000.0,0.0,0.0,0.0,0.0,59550.0,0.0,57550.0,0.0
YESBANK,2016-08-24 18:09:00,2016-08-24,2016-08-23,2016-08-23,Employees/Designated Employees,Market Sale,Sell,Equity Shares,2000.0,0.0,0.0,0.0,0.0,53550.0,0.0,51550.0,0.0
YESBANK,2016-08-24 18:09:00,2016-08-23,2016-08-18,2016-08-18,Employees/Designated Employees,Market Sale,Sell,Equity Shares,2000.0,0.0,0.0,0.0,0.0,55550.0,0.0,53550.0,0.0
YESBANK,2016-08-24 18:09:00,2016-08-23,2016-08-03,2016-08-03,Employees/Designated Employees,Market Sale,Sell,Equity Shares,2000.0,0.0,0.0,0.0,0.0,63550.0,0.0,61550.0,0.0
YESBANK,2016-08-24 18:09:00,2016-08-23,2016-08-12,2016-08-12,Employees/Designated Employees,Market Sale,Sell,Equity Shares,2000.0,0.0,0.0,0.0,0.0,57550.0,0.0,55550.0,0.0
YESBANK,2016-08-24 18:09:00,2016-08-23,2016-08-05,2016-08-05,Employees/Designated Employees,Market Sale,Sell,Equity Shares,2000.0,0.0,0.0,0.0,0.0,61550.0,0.0,59550.0,0.0
YESBANK,2016-08-24 18:09:00,2016-08-23,2016-08-08,2016-08-08,Employees/Designated Employees,Market Sale,Sell,Equity Shares,2000.0,0.0,0.0,0.0,0.0,59550.0,0.0,57550.0,0.0
YESBANK,2016-08-24 18:09:00,2016-08-24,2016-08-23,2016-08-23,Employees/Designated Employees,Market Sale,Sell,Equity Shares,2000.0,0.0,0.0,0.0,0.0,53550.0,0.0,51550.0,0.0
YESBANK,2016-08-24 18:09:00,2016-08-23,2016-08-18,2016-08-18,Employees/Designated Employees,Market Sale,Sell,Equity Shares,2000.0,0.0,0.0,0.0,0.0,55550.0,0.0,53550.0,0.0
YESBANK,2016-08-24 18:10:00,2016-08-23,2016-08-03,2016-08-03,Employees/Designated Employees,Market Sale,Sell,Equity Shares,2000.0,0.0,0.0,0.0,0.0,63550.0,0.0,61550.0,0.0
YESBANK,2016-08-24 18:10:00,2016-08-23,2016-08-05,2016-08-05,Employees/Designated Employees,Market Sale,Sell,Equity Shares,2000.0,0.0,0.0,0.0,0.0,61550.0,0.0,59550.0,0.0
YESBANK,2016-08-24 18:10:00,2016-08-23,2016-08-12,2016-08-12,Employees/Designated Employees,Market Sale,Sell,Equity Shares,2000.0,0.0,0.0,0.0,0.0,57550.0,0.0,55550.0,0.0
YESBANK,2016-08-24 18:10:00,2016-08-23,2016-08-03,2016-08-03,Employees/Designated Employees,Market Sale,Sell,Equity Shares,2000.0,0.0,0.0,0.0,0.0,63550.0,0.0,61550.0,0.0
YESBANK,2016-08-24 18:10:00,2016-08-23,2016-08-05,2016-08-05,Employees/Designated Employees,Market Sale,Sell,Equity Shares,2000.0,0.0,0.0,0.0,0.0,61550.0,0.0,59550.0,0.0
YESBANK,2016-08-24 18:10:00,2016-08-23,2016-08-18,2016-08-18,Employees/Designated Employees,Market Sale,Sell,Equity Shares,2000.0,0.0,0.0,0.0,0.0,55550.0,0.0,53550.0,0.0
YESBANK,2016-08-24 18:10:00,2016-08-23,2016-08-08,2016-08-08,Employees/Designated Employees,Market Sale,Sell,Equity Shares,2000.0,0.0,0.0,0.0,0.0,59550.0,0.0,57550.0,0.0
YESBANK,2016-08-24 18:10:00,2016-08-23,2016-08-12,2016-08-12,Employees/Designated Employees,Market Sale,Sell,Equity Shares,2000.0,0.0,0.0,0.0,0.0,57550.0,0.0,55550.0,0.0
YESBANK,2016-08-24 18:10:00,2016-08-24,2016-08-23,2016-08-23,Employees/Designated Employees,Market Sale,Sell,Equity Shares,2000.0,0.0,0.0,0.0,0.0,53550.0,0.0,51550.0,0.0
YESBANK,2016-08-24 18:10:00,2016-08-23,2016-08-08,2016-08-08,Employees/Designated Employees,Market Sale,Sell,Equity Shares,2000.0,0.0,0.0,0.0,0.0,59550.0,0.0,57550.0,0.0
YESBANK,2016-08-24 18:10:00,2016-08-23,2016-08-18,2016-08-18,Employees/Designated Employees,Market Sale,Sell,Equity Shares,2000.0,0.0,0.0,0.0,0.0,55550.0,0.0,53550.0,0.0
YESBANK,2016-08-24 18:10:00,2016-08-24,2016-08-23,2016-08-23,Employees/Designated Employees,Market Sale,Sell,Equity Shares,2000.0,0.0,0.0,0.0,0.0,53550.0,0.0,51550.0,0.0
YESBANK,2016-08-25 18:08:00,2016-08-24,2016-08-23,2016-08-23,Employees/Designated Employees,Market Sale,Sell,Equity Shares,1000.0,0.0,0.0,0.0,0.0,26520.0,0.0,25520.0,0.0
YESBANK,2016-08-25 18:08:00,2016-08-24,2016-08-22,2016-08-22,Employees/Designated Employees,Market Sale,Sell,Equity Shares,3700.0,0.0,0.0,0.0,0.0,30220.0,0.0,26520.0,0.0
YESBANK,2016-08-25 18:08:00,2016-08-24,2016-08-24,2016-08-24,Employees/Designated Employees,Market Sale,Sell,Equity Shares,2000.0,0.0,0.0,0.0,0.0,25520.0,0.0,23520.0,0.0
YESBANK,2016-08-25 18:09:00,2016-08-23,2016-08-04,2016-08-04,Employees/Designated Employees,Pledge Creation,Pledge,Equity Shares,1715.0,0.0,0.0,0.0,0.0,2500.0,0.0,2500.0,0.0
YESBANK,2016-08-25 18:28:00,2016-08-24,2016-08-24,2016-08-24,Employees/Designated Employees,ESOP,Buy,Equity Shares,4000.0,0.0,0.0,0.0,0.0,21057.0,0.0,25057.0,0.0
YESBANK,2016-08-25 18:28:00,2016-08-24,2016-08-22,2016-08-23,Employees/Designated Employees,Market Sale,Sell,Equity Shares,4200.0,0.0,0.0,0.0,0.0,25257.0,0.0,21057.0,0.0
YESBANK,2016-08-25 18:28:00,2016-08-25,2016-08-24,2016-08-24,Employees/Designated Employees,ESOP,Buy,Equity Shares,3400.0,0.0,0.0,0.0,0.0,18000.0,0.0,21400.0,0.0
YESBANK,2016-08-25 18:28:00,2016-08-24,2016-08-24,2016-08-24,Employees/Designated Employees,ESOP,Buy,Equity Shares,2500.0,0.0,0.0,0.0,0.0,,0.0,2500.0,0.0
YESBANK,2016-08-25 18:28:00,2016-08-24,2016-08-17,2016-08-17,Employees/Designated Employees,Market Sale,Sell,Equity Shares,760.0,0.0,0.0,0.0,0.0,26017.0,0.0,25257.0,0.0
YESBANK,2016-08-25 18:29:00,2016-08-25,2016-08-24,2016-08-24,Employees/Designated Employees,ESOP,Buy,Equity Shares,6000.0,0.0,0.0,0.0,0.0,215250.0,0.0,221250.0,0.0
YESBANK,2016-08-25 18:29:00,2016-08-25,2016-08-24,2016-08-24,Employees/Designated Employees,ESOP,Buy,Equity Shares,3900.0,0.0,0.0,0.0,0.0,14100.0,0.0,18000.0,0.0
YESBANK,2016-08-25 20:32:00,2016-08-25,2016-08-24,2016-08-24,Employees/Designated Employees,ESOP,Buy,Equity Shares,7500.0,0.0,0.0,0.0,0.0,19000.0,0.0,26500.0,0.0
YESBANK,2016-08-25 20:32:00,2016-08-25,2016-08-24,2016-08-24,Employees/Designated Employees,ESOP,Buy,Equity Shares,14000.0,0.0,0.0,0.0,0.0,,0.0,14000.0,0.0
YESBANK,2016-08-25 20:32:00,2016-08-25,2016-08-24,2016-08-24,Employees/Designated Employees,Revokation of Pledge,Pledge Revoke,Equity Shares,90000.0,0.0,0.0,0.0,0.0,218600.0,0.0,218600.0,0.0
YESBANK,2016-08-25 20:32:00,2016-08-25,2016-08-16,2016-08-16,Employees/Designated Employees,Market Sale,Sell,Equity Shares,6000.0,0.0,0.0,0.0,0.0,25000.0,0.0,19000.0,0.0
YESBANK,2016-08-26 14:22:00,2016-08-25,2016-08-24,2016-08-24,Employees/Designated Employees,ESOP,Buy,Equity Shares,6000.0,0.0,0.0,0.0,0.0,54000.0,0.0,60000.0,0.0
YESBANK,2016-08-26 14:22:00,2016-08-26,2016-08-24,2016-08-24,Employees/Designated Employees,ESOP,Buy,Equity Shares,6750.0,0.0,0.0,0.0,0.0,11000.0,0.0,17750.0,0.0
YESBANK,2016-08-29 11:54:00,2016-08-26,2016-08-25,2016-08-25,Employees/Designated Employees,Market Sale,Sell,Equity Shares,11000.0,0.0,0.0,0.0,0.0,40000.0,0.0,29000.0,0.0
YESBANK,2016-08-29 17:29:00,2016-08-29,2016-08-25,2016-08-25,Employees/Designated Employees,Market Sale,Sell,Equity Shares,2000.0,0.0,0.0,0.0,0.0,23520.0,0.0,21520.0,0.0
YESBANK,2016-08-30 18:41:00,2016-08-29,2016-08-18,2016-08-19,Employees/Designated Employees,Market Sale,Sell,Equity Shares,1500.0,0.0,0.0,0.0,0.0,29500.0,0.0,28000.0,0.0
YESBANK,2016-08-31 15:37:00,2016-08-30,2016-08-30,2016-08-30,Employees/Designated Employees,Market Sale,Sell,Equity Shares,500.0,0.0,0.0,0.0,0.0,5000.0,0.0,4500.0,0.0
YESBANK,2016-08-31 15:37:00,2016-08-30,2016-08-19,2016-08-19,Employees/Designated Employees,Market Sale,Sell,Equity Shares,500.0,0.0,0.0,0.0,0.0,5500.0,0.0,5000.0,0.0
YESBANK,2016-09-01 19:58:00,2016-09-01,2016-08-31,2016-08-31,Employees/Designated Employees,Market Sale,Sell,Equity Shares,2000.0,0.0,0.0,0.0,0.0,258500.0,0.0,256500.0,0.0
YESBANK,2016-09-01 19:58:00,2016-08-31,2016-08-31,2016-08-31,Employees/Designated Employees,Market Sale,Sell,Equity Shares,600.0,0.0,0.0,0.0,0.0,42317.0,0.0,41717.0,0.0
YESBANK,2016-09-01 19:58:00,2016-08-31,2016-08-24,2016-08-24,Employees/Designated Employees,ESOP,Buy,Equity Shares,2554.0,0.0,0.0,0.0,0.0,39763.0,0.0,42317.0,0.0
YESBANK,2016-09-01 19:58:00,2016-08-31,2016-08-23,2016-08-23,Employees/Designated Employees,Market Sale,Sell,Equity Shares,200.0,0.0,0.0,0.0,0.0,39963.0,0.0,39763.0,0.0
YESBANK,2016-09-06 16:46:00,2016-09-02,2016-08-31,2016-08-31,Employees/Designated Employees,Market Sale,Sell,Equity Shares,1000.0,0.0,0.0,0.0,0.0,70616.0,0.0,69616.0,0.0
YESBANK,2016-09-06 16:46:00,2016-09-06,2016-09-02,2016-09-02,Employees/Designated Employees,Market Sale,Sell,Equity Shares,1000.0,0.0,0.0,0.0,0.0,256500.0,0.0,255500.0,0.0
YESBANK,2016-09-06 16:46:00,2016-09-02,2016-09-02,2016-09-02,Employees/Designated Employees,Market Sale,Sell,Equity Shares,2000.0,0.0,0.0,0.0,0.0,69616.0,0.0,67616.0,0.0
YESBANK,2016-09-06 17:03:00,2016-09-06,2016-08-25,2016-08-30,Employees/Designated Employees,Market Sale,Sell,Equity Shares,2300.0,0.0,0.0,0.0,0.0,18000.0,0.0,15700.0,0.0
YESBANK,2016-09-07 15:41:00,2016-09-07,2016-09-02,2016-09-02,Employees/Designated Employees,Market Sale,Sell,Equity Shares,500.0,0.0,0.0,0.0,0.0,4500.0,0.0,4000.0,0.0
YESBANK,2016-09-07 15:41:00,2016-09-07,2016-09-06,2016-09-06,Employees/Designated Employees,Market Sale,Sell,Equity Shares,500.0,0.0,0.0,0.0,0.0,4000.0,0.0,3500.0,0.0
YESBANK,2016-09-07 15:46:00,2016-09-07,2016-09-06,2016-09-06,Employees/Designated Employees,Market Sale,Sell,Equity Shares,1000.0,0.0,0.0,0.0,0.0,89000.0,0.0,88000.0,0.0
YESBANK,2016-09-07 16:16:00,2016-09-07,2016-09-06,2016-09-06,Employees/Designated Employees,Market Sale,Sell,Equity Shares,1000.0,0.0,0.0,0.0,0.0,255500.0,0.0,254500.0,0.0
YESBANK,2016-09-08 15:04:00,2016-09-07,2016-08-16,2016-08-25,Employees/Designated Employees,Market Sale,Sell,Equity Shares,760.0,0.0,0.0,0.0,0.0,1597.0,0.0,837.0,0.0
YESBANK,2016-09-09 16:28:00,2016-09-07,2016-09-06,2016-09-06,Employees/Designated Employees,Market Sale,Sell,Equity Shares,2000.0,0.0,0.0,0.0,0.0,4500.0,0.0,2500.0,0.0
YESBANK,2016-09-12 15:23:00,2016-09-09,2016-09-08,2016-09-08,Employees/Designated Employees,Market Sale,Sell,Equity Shares,750.0,0.0,0.0,0.0,0.0,759.0,0.0,9.0,0.0
YESBANK,2016-09-12 15:23:00,2016-09-09,2016-08-02,2016-08-02,Employees/Designated Employees,Market Sale,Sell,Equity Shares,750.0,0.0,0.0,0.0,0.0,759.0,0.0,9.0,0.0
YESBANK,2016-09-12 15:23:00,2016-09-09,2016-08-01,2016-08-01,Employees/Designated Employees,Market Sale,Sell,Equity Shares,2000.0,0.0,0.0,0.0,0.0,2759.0,0.0,759.0,0.0
YESBANK,2016-09-12 15:23:00,2016-09-09,2016-08-30,2016-08-30,Employees/Designated Employees,Market Sale,Sell,Equity Shares,2000.0,0.0,0.0,0.0,0.0,2759.0,0.0,759.0,0.0
YESBANK,2016-09-12 15:24:00,2016-09-09,2016-09-08,2016-09-08,Employees/Designated Employees,Market Sale,Sell,Equity Shares,1500.0,0.0,0.0,0.0,0.0,8600.0,0.0,7100.0,0.0
YESBANK,2016-09-12 15:25:00,2016-09-09,2016-08-05,2016-08-05,Employees/Designated Employees,Market Sale,Sell,Equity Shares,3750.0,0.0,0.0,0.0,0.0,3750.0,0.0,,0.0
YESBANK,2016-09-14 16:24:00,2016-09-14,2016-08-08,2016-08-19,Employees/Designated Employees,Market Sale,Sell,Equity Shares,4000.0,0.0,0.0,0.0,0.0,8000.0,0.0,4000.0,0.0
YESBANK,2016-09-15 17:44:00,2016-09-15,2016-08-24,2016-08-24,Employees/Designated Employees,ESOP,Buy,Equity Shares,1000.0,0.0,0.0,0.0,0.0,7800.0,0.0,8800.0,0.0
YESBANK,2016-09-15 17:44:00,2016-09-15,2016-09-02,2016-09-02,Employees/Designated Employees,Market Sale,Sell,Equity Shares,150.0,0.0,0.0,0.0,0.0,8800.0,0.0,8650.0,0.0
YESBANK,2016-09-15 17:44:00,2016-09-15,2016-08-12,2016-08-19,Employees/Designated Employees,Market Sale,Sell,Equity Shares,700.0,0.0,0.0,0.0,0.0,8500.0,0.0,7800.0,0.0
YESBANK,2016-09-15 17:46:00,2016-09-15,2016-09-15,2016-09-15,Employees/Designated Employees,Market Sale,Sell,Equity Shares,1500.0,0.0,0.0,0.0,0.0,1500.0,0.0,,0.0
YESBANK,2016-09-15 17:46:00,2016-09-15,2016-08-31,2016-08-31,Employees/Designated Employees,Market Sale,Sell,Equity Shares,100.0,0.0,0.0,0.0,0.0,1600.0,0.0,1500.0,0.0
YESBANK,2016-09-15 17:46:00,2016-09-15,2016-08-30,2016-08-30,Employees/Designated Employees,Market Sale,Sell,Equity Shares,700.0,0.0,0.0,0.0,0.0,2300.0,0.0,1600.0,0.0
YESBANK,2016-09-15 17:46:00,2016-09-15,2016-08-29,2016-08-29,Employees/Designated Employees,Market Sale,Sell,Equity Shares,700.0,0.0,0.0,0.0,0.0,3000.0,0.0,2300.0,0.0
YESBANK,2016-09-15 17:46:00,2016-09-15,2016-08-24,2016-08-24,Employees/Designated Employees,ESOP,Buy,Equity Shares,1500.0,0.0,0.0,0.0,0.0,1500.0,0.0,3000.0,0.0
YESBANK,2016-09-15 17:46:00,2016-09-15,2016-08-10,2016-08-10,Employees/Designated Employees,ESOP,Buy,Equity Shares,1500.0,0.0,0.0,0.0,0.0,,0.0,1500.0,0.0
YESBANK,2016-09-15 17:46:00,2016-09-15,2016-08-02,2016-08-02,Employees/Designated Employees,Market Sale,Sell,Equity Shares,750.0,0.0,0.0,0.0,0.0,750.0,0.0,,0.0
YESBANK,2016-09-15 17:46:00,2016-09-15,2016-07-09,2016-07-09,Employees/Designated Employees,ESOP,Buy,Equity Shares,1500.0,0.0,0.0,0.0,0.0,,0.0,1500.0,0.0
YESBANK,2016-09-15 17:46:00,2016-09-15,2016-08-01,2016-08-01,Employees/Designated Employees,Market Sale,Sell,Equity Shares,750.0,0.0,0.0,0.0,0.0,1500.0,0.0,750.0,0.0
YESBANK,2016-09-21 15:13:00,2016-09-19,2016-09-01,2016-09-06,Employees/Designated Employees,Market Sale,Sell,Equity Shares,2500.0,0.0,0.0,0.0,0.0,8500.0,0.0,6000.0,0.0
YESBANK,2016-09-21 15:14:00,2016-09-19,2016-08-16,2016-08-19,Employees/Designated Employees,Market Sale,Sell,Equity Shares,900.0,0.0,0.0,0.0,0.0,13695.0,0.0,12795.0,0.0
YESBANK,2016-09-21 15:35:00,2016-09-21,2016-08-25,2016-09-16,Employees/Designated Employees,Market Sale,Sell,Equity Shares,837.0,0.0,0.0,0.0,0.0,1637.0,0.0,800.0,0.0
YESBANK,2016-09-23 11:02:00,2016-09-21,2016-08-30,2016-08-30,Employees/Designated Employees,Market Sale,Sell,Equity Shares,1000.0,0.0,0.0,0.0,0.0,1061.0,0.0,61.0,0.0
YESBANK,2016-09-23 11:05:00,2016-09-23,2016-09-09,2016-09-09,Employees/Designated Employees,Market Purchase,Buy,Equity Shares,1000.0,0.0,0.0,0.0,0.0,2500.0,0.0,3500.0,0.0
YESBANK,2016-09-27 16:15:00,2016-09-26,2016-09-26,2016-09-26,Employees/Designated Employees,ESOP,Buy,Equity Shares,10100.0,0.0,0.0,0.0,0.0,,0.0,10100.0,0.0
YESBANK,2016-09-27 16:16:00,2016-09-26,2016-09-26,2016-09-26,Employees/Designated Employees,ESOP,Buy,Equity Shares,12500.0,0.0,0.0,0.0,0.0,,0.0,12500.0,0.0
YESBANK,2016-09-27 16:17:00,2016-09-26,2016-09-26,2016-09-26,Employees/Designated Employees,ESOP,Buy,Equity Shares,2250.0,0.0,0.0,0.0,0.0,,0.0,2250.0,0.0
YESBANK,2016-09-27 16:18:00,2016-09-26,2016-09-26,2016-09-26,Employees/Designated Employees,ESOP,Buy,Equity Shares,14000.0,0.0,0.0,0.0,0.0,29000.0,0.0,43000.0,0.0
YESBANK,2016-09-27 16:18:00,2016-09-26,2016-09-26,2016-09-26,Employees/Designated Employees,ESOP,Buy,Equity Shares,10000.0,0.0,0.0,0.0,0.0,18500.0,0.0,28500.0,0.0
YESBANK,2016-09-27 16:22:00,2016-09-27,2016-09-26,2016-09-26,Employees/Designated Employees,ESOP,Buy,Equity Shares,2860.0,0.0,0.0,0.0,0.0,41317.0,0.0,44177.0,0.0
YESBANK,2016-09-27 16:22:00,2016-09-27,2016-09-06,2016-09-06,Employees/Designated Employees,Market Sale,Sell,Equity Shares,400.0,0.0,0.0,0.0,0.0,41717.0,0.0,41317.0,0.0
YESBANK,2016-09-27 19:48:00,2016-09-27,2016-09-26,2016-09-26,Employees/Designated Employees,ESOP,Buy,Equity Shares,3500.0,0.0,0.0,0.0,0.0,113300.0,0.0,116800.0,0.0
YESBANK,2016-09-28 17:42:00,2016-09-28,2016-08-24,2016-08-24,Employees/Designated Employees,ESOP,Buy,Equity Shares,800.0,0.0,0.0,0.0,0.0,2049.0,0.0,2849.0,0.0
YESBANK,2016-09-28 17:42:00,2016-09-28,2016-08-12,2016-09-06,Employees/Designated Employees,Market Sale,Sell,Equity Shares,2650.0,0.0,0.0,0.0,0.0,4699.0,0.0,2049.0,0.0
YESBANK,2016-09-28 17:42:00,2016-09-27,2016-09-26,2016-09-26,Employees/Designated Employees,Pledge Creation,Pledge,Equity Shares,101750.0,0.0,0.0,0.0,0.0,221250.0,0.0,221250.0,0.0
YESBANK,2016-10-04 17:27:00,2016-10-03,2016-09-16,2016-09-30,Employees/Designated Employees,Market Sale,Sell,Equity Shares,2500.0,0.0,0.0,0.0,0.0,7500.0,0.0,5000.0,0.0
YESBANK,2016-10-04 17:37:00,2016-10-03,2016-09-23,2016-09-23,Employees/Designated Employees,Market Sale,Sell,Equity Shares,1050.0,0.0,0.0,0.0,0.0,4450.0,0.0,3400.0,0.0
YESBANK,2016-10-04 17:37:00,2016-10-03,2016-08-16,2016-08-16,Employees/Designated Employees,Market Sale,Sell,Equity Shares,350.0,0.0,0.0,0.0,0.0,4800.0,0.0,4450.0,0.0
YESBANK,2016-10-04 18:25:00,2016-10-04,2016-08-19,2016-09-06,Employees/Designated Employees,Market Sale,Sell,Equity Shares,3000.0,0.0,0.0,0.0,0.0,8000.0,0.0,5000.0,0.0
YESBANK,2016-10-04 18:25:00,2016-10-04,2016-08-30,2016-09-07,Employees/Designated Employees,Market Purchase,Buy,Equity Shares,3000.0,0.0,0.0,0.0,0.0,5000.0,0.0,8000.0,0.0
YESBANK,2016-10-05 17:44:00,2016-10-05,2016-09-29,2016-09-29,Employees/Designated Employees,Market Sale,Sell,Equity Shares,10700.0,0.0,0.0,0.0,0.0,15700.0,0.0,5000.0,0.0
YESBANK,2016-10-07 20:12:00,2016-10-07,2016-08-04,2016-09-28,Employees/Designated Employees,Revokation of Pledge,Pledge Revoke,Equity Shares,1715.0,0.0,0.0,0.0,0.0,2500.0,0.0,2500.0,0.0
YESBANK,2016-10-10 14:47:00,2016-10-06,2016-08-01,2016-09-27,Employees/Designated Employees,Market Sale,Sell,Equity Shares,28000.0,0.0,0.0,0.0,0.0,28000.0,0.0,,0.0
YESBANK,2016-10-10 20:51:00,2016-10-10,2016-10-07,2016-10-07,Employees/Designated Employees,ESOP,Buy,Equity Shares,4000.0,0.0,0.0,0.0,0.0,9150.0,0.0,13150.0,0.0
YESBANK,2016-10-10 20:51:00,2016-10-10,2016-10-07,2016-10-07,Employees/Designated Employees,ESOP,Buy,Equity Shares,5000.0,0.0,0.0,0.0,0.0,10000.0,0.0,15000.0,0.0
YESBANK,2016-10-10 20:51:00,2016-10-10,2016-10-07,2016-10-07,Employees/Designated Employees,ESOP,Buy,Equity Shares,4000.0,0.0,0.0,0.0,0.0,,0.0,4000.0,0.0
YESBANK,2016-10-10 20:51:00,2016-10-10,2016-10-07,2016-10-07,Employees/Designated Employees,ESOP,Buy,Equity Shares,13750.0,0.0,0.0,0.0,0.0,9850.0,0.0,23600.0,0.0
YESBANK,2016-10-10 20:51:00,2016-10-07,2016-10-07,2016-10-07,Employees/Designated Employees,ESOP,Buy,Equity Shares,15000.0,0.0,0.0,0.0,0.0,3400.0,0.0,18400.0,0.0
YESBANK,2016-10-10 20:51:00,2016-10-07,2016-10-07,2016-10-07,Employees/Designated Employees,ESOP,Buy,Equity Shares,35000.0,0.0,0.0,0.0,0.0,87100.0,0.0,122100.0,0.0
YESBANK,2016-10-12 16:11:00,2016-10-10,2016-10-07,2016-10-07,Employees/Designated Employees,ESOP,Buy,Equity Shares,12000.0,0.0,0.0,0.0,0.0,221250.0,0.0,233250.0,0.0
YESBANK,2016-10-12 16:11:00,2016-10-12,2016-10-07,2016-10-07,Employees/Designated Employees,ESOP,Buy,Equity Shares,8000.0,0.0,0.0,0.0,0.0,15410.0,0.0,23410.0,0.0
YESBANK,2016-10-12 16:11:00,2016-10-12,2016-10-07,2016-10-07,Employees/Designated Employees,ESOP,Buy,Equity Shares,500.0,0.0,0.0,0.0,0.0,23410.0,0.0,23910.0,0.0
YESBANK,2016-10-12 16:11:00,2016-10-12,2016-10-07,2016-10-07,Employees/Designated Employees,ESOP,Buy,Equity Shares,20000.0,0.0,0.0,0.0,0.0,21520.0,0.0,41520.0,0.0
YESBANK,2016-10-12 16:36:00,2016-10-12,2016-10-07,2016-10-07,Employees/Designated Employees,ESOP,Buy,Equity Shares,4250.0,0.0,0.0,0.0,0.0,12140.0,0.0,16390.0,0.0
YESBANK,2016-10-12 16:36:00,2016-10-12,2016-10-07,2016-10-07,Employees/Designated Employees,ESOP,Buy,Equity Shares,28750.0,0.0,0.0,0.0,0.0,12250.0,0.0,41000.0,0.0
YESBANK,2016-10-12 16:36:00,2016-10-12,2016-10-07,2016-10-07,Employees/Designated Employees,ESOP,Buy,Equity Shares,4500.0,0.0,0.0,0.0,0.0,14100.0,0.0,18600.0,0.0
YESBANK,2016-10-12 16:36:00,2016-10-12,2016-10-07,2016-10-07,Employees/Designated Employees,ESOP,Buy,Equity Shares,20500.0,0.0,0.0,0.0,0.0,44800.0,0.0,65300.0,0.0
YESBANK,2016-10-12 16:36:00,2016-10-10,2016-10-07,2016-10-07,Employees/Designated Employees,ESOP,Buy,Equity Shares,20000.0,0.0,0.0,0.0,0.0,297095.0,0.0,317095.0,0.0
YESBANK,2016-10-12 16:36:00,2016-10-12,2016-10-07,2016-10-07,Employees/Designated Employees,ESOP,Buy,Equity Shares,12500.0,0.0,0.0,0.0,0.0,21100.0,0.0,33600.0,0.0
YESBANK,2016-10-12 16:36:00,2016-10-12,2016-10-07,2016-10-07,Employees/Designated Employees,ESOP,Buy,Equity Shares,6250.0,0.0,0.0,0.0,0.0,6600.0,0.0,12850.0,0.0
YESBANK,2016-10-12 18:36:00,2016-10-12,2016-10-07,2016-10-07,Employees/Designated Employees,ESOP,Buy,Equity Shares,5000.0,0.0,0.0,0.0,0.0,,0.0,5000.0,0.0
YESBANK,2016-10-12 18:36:00,2016-10-12,2016-10-07,2016-10-07,Employees/Designated Employees,ESOP,Buy,Equity Shares,7500.0,0.0,0.0,0.0,0.0,138000.0,0.0,145500.0,0.0
YESBANK,2016-10-12 18:36:00,2016-10-10,2016-10-07,2016-10-07,Employees/Designated Employees,ESOP,Buy,Equity Shares,38000.0,0.0,0.0,0.0,0.0,254500.0,0.0,292500.0,0.0
YESBANK,2016-10-12 18:36:00,2016-10-12,2016-10-07,2016-10-07,Employees/Designated Employees,ESOP,Buy,Equity Shares,13500.0,0.0,0.0,0.0,0.0,27500.0,0.0,41000.0,0.0
YESBANK,2016-10-12 18:36:00,2016-10-12,2016-10-07,2016-10-07,Employees/Designated Employees,ESOP,Buy,Equity Shares,6000.0,0.0,0.0,0.0,0.0,42000.0,0.0,48000.0,0.0
YESBANK,2016-10-12 19:18:00,2016-10-12,2016-10-07,2016-10-07,Employees/Designated Employees,ESOP,Buy,Equity Shares,7500.0,0.0,0.0,0.0,0.0,19499.0,0.0,26999.0,0.0
YESBANK,2016-10-13 14:37:00,2016-10-13,2016-10-07,2016-10-07,Employees/Designated Employees,ESOP,Buy,Equity Shares,5000.0,0.0,0.0,0.0,0.0,15798.0,0.0,20798.0,0.0
YESBANK,2016-10-13 14:37:00,2016-10-07,2016-10-07,2016-10-07,Employees/Designated Employees,ESOP,Buy,Equity Shares,6500.0,0.0,0.0,0.0,0.0,28500.0,0.0,35000.0,0.0
YESBANK,2016-10-13 14:37:00,2016-10-13,2016-10-07,2016-10-07,Employees/Designated Employees,ESOP,Buy,Equity Shares,25000.0,0.0,0.0,0.0,0.0,4000.0,0.0,29000.0,0.0
YESBANK,2016-10-13 14:37:00,2016-10-12,2016-10-07,2016-10-07,Employees/Designated Employees,ESOP,Buy,Equity Shares,4500.0,0.0,0.0,0.0,0.0,,0.0,4500.0,0.0
YESBANK,2016-10-13 14:37:00,2016-10-12,2016-10-07,2016-10-07,Employees/Designated Employees,ESOP,Buy,Equity Shares,20000.0,0.0,0.0,0.0,0.0,1700.0,0.0,21700.0,0.0
YESBANK,2016-10-13 14:37:00,2016-10-12,2016-10-07,2016-10-07,Employees/Designated Employees,ESOP,Buy,Equity Shares,2500.0,0.0,0.0,0.0,0.0,9.0,0.0,2509.0,0.0
YESBANK,2016-10-13 14:37:00,2016-10-07,2016-10-07,2016-10-07,Employees/Designated Employees,ESOP,Buy,Equity Shares,4500.0,0.0,0.0,0.0,0.0,10200.0,0.0,14700.0,0.0
YESBANK,2016-10-13 14:37:00,2016-10-12,2016-10-07,2016-10-07,Employees/Designated Employees,ESOP,Buy,Equity Shares,100000.0,0.0,0.0,0.0,0.0,239200.0,0.0,339200.0,0.0
YESBANK,2016-10-13 14:37:00,2016-10-13,2016-10-07,2016-10-07,Employees/Designated Employees,ESOP,Buy,Equity Shares,9000.0,0.0,0.0,0.0,0.0,58500.0,0.0,67500.0,0.0
YESBANK,2016-10-13 14:37:00,2016-10-10,2016-10-07,2016-10-07,Employees/Designated Employees,ESOP,Buy,Equity Shares,5000.0,0.0,0.0,0.0,0.0,4500.0,0.0,9500.0,0.0
YESBANK,2016-10-13 16:55:00,2016-10-10,2016-10-07,2016-10-07,Employees/Designated Employees,ESOP,Buy,Equity Shares,6250.0,0.0,0.0,0.0,0.0,251.0,0.0,6501.0,0.0
YESBANK,2016-10-13 16:55:00,2016-10-13,2016-10-07,2016-10-07,Employees/Designated Employees,ESOP,Buy,Equity Shares,9250.0,0.0,0.0,0.0,0.0,44.0,0.0,9294.0,0.0
YESBANK,2016-10-13 16:55:00,2016-10-13,2016-10-07,2016-10-07,Employees/Designated Employees,ESOP,Buy,Equity Shares,15000.0,0.0,0.0,0.0,0.0,2501.0,0.0,17501.0,0.0
YESBANK,2016-10-13 16:55:00,2016-10-13,2016-10-07,2016-10-07,Employees/Designated Employees,ESOP,Buy,Equity Shares,5000.0,0.0,0.0,0.0,0.0,1500.0,0.0,6500.0,0.0
YESBANK,2016-10-13 16:55:00,2016-10-12,2016-10-07,2016-10-07,Employees/Designated Employees,ESOP,Buy,Equity Shares,5000.0,0.0,0.0,0.0,0.0,218600.0,0.0,223600.0,0.0
YESBANK,2016-10-13 16:55:00,2016-10-13,2016-10-07,2016-10-07,Employees/Designated Employees,ESOP,Buy,Equity Shares,4000.0,0.0,0.0,0.0,0.0,2542.0,0.0,6542.0,0.0
YESBANK,2016-10-13 16:55:00,2016-10-13,2016-10-07,2016-10-07,Employees/Designated Employees,ESOP,Buy,Equity Shares,20000.0,0.0,0.0,0.0,0.0,162358.0,0.0,182358.0,0.0
YESBANK,2016-10-13 16:55:00,2016-10-13,2016-10-07,2016-10-07,Employees/Designated Employees,ESOP,Buy,Equity Shares,8000.0,0.0,0.0,0.0,0.0,100.0,0.0,8100.0,0.0
YESBANK,2016-10-13 18:36:00,2016-10-13,2016-10-07,2016-10-07,Employees/Designated Employees,ESOP,Buy,Equity Shares,8000.0,0.0,0.0,0.0,0.0,70000.0,0.0,78000.0,0.0
YESBANK,2016-10-13 18:36:00,2016-10-13,2016-10-07,2016-10-07,Employees/Designated Employees,ESOP,Buy,Equity Shares,5000.0,0.0,0.0,0.0,0.0,116800.0,0.0,121800.0,0.0
YESBANK,2016-10-20 17:36:00,2016-10-19,2016-10-18,2016-10-18,Employees/Designated Employees,Market Sale,Sell,Equity Shares,1000.0,0.0,0.0,0.0,0.0,13700.0,0.0,12700.0,0.0
YESBANK,2016-10-25 11:26:00,2016-10-24,2016-10-22,2016-10-22,Employees/Designated Employees,ESOP,Buy,Equity Shares,11800.0,0.0,0.0,0.0,0.0,18450.0,0.0,30250.0,0.0
YESBANK,2016-10-25 11:26:00,2016-10-24,2016-10-22,2016-10-22,Employees/Designated Employees,ESOP,Buy,Equity Shares,5000.0,0.0,0.0,0.0,0.0,5000.0,0.0,10000.0,0.0
YESBANK,2016-10-25 11:54:00,2016-10-24,2016-10-22,2016-10-22,Key Managerial Personnel,ESOP,Buy,Equity Shares,100000.0,0.0,0.0,0.0,0.0,901271.0,0.21,1001271.0,0.24
YESBANK,2016-10-25 11:54:00,2016-10-24,2016-10-22,2016-10-22,Employees/Designated Employees,ESOP,Buy,Equity Shares,6250.0,0.0,0.0,0.0,0.0,6501.0,0.0,12751.0,0.0
YESBANK,2016-10-25 11:54:00,2016-10-24,2016-10-22,2016-10-22,Employees/Designated Employees,ESOP,Buy,Equity Shares,7500.0,0.0,0.0,0.0,0.0,19950.0,0.0,27450.0,0.0
YESBANK,2016-10-25 11:54:00,2016-10-24,2016-10-22,2016-10-22,Employees/Designated Employees,ESOP,Buy,Equity Shares,6825.0,0.0,0.0,0.0,0.0,675.0,0.0,7500.0,0.0
YESBANK,2016-10-25 11:54:00,2016-10-24,2016-10-22,2016-10-22,Employees/Designated Employees,ESOP,Buy,Equity Shares,11000.0,0.0,0.0,0.0,0.0,14095.0,0.0,25095.0,0.0
YESBANK,2016-10-25 11:54:00,2016-10-24,2016-10-07,2016-10-24,Employees/Designated Employees,ESOP,Buy,Equity Shares,2500.0,0.0,0.0,0.0,0.0,598500.0,0.14,601000.0,0.14
YESBANK,2016-10-25 11:54:00,2016-10-24,2016-10-21,2016-10-21,Employees/Designated Employees,Market Sale,Sell,Equity Shares,7000.0,0.0,0.0,0.0,0.0,13150.0,0.0,6150.0,0.0
YESBANK,2016-10-25 11:54:00,2016-10-24,2016-10-22,2016-10-24,Employees/Designated Employees,ESOP,Buy,Equity Shares,55000.0,0.0,0.0,0.0,0.0,601000.0,0.14,656000.0,0.16
YESBANK,2016-10-25 12:15:00,2016-10-24,2016-10-22,2016-10-22,Employees/Designated Employees,ESOP,Buy,Equity Shares,9350.0,0.0,0.0,0.0,0.0,5000.0,0.0,14350.0,0.0
YESBANK,2016-10-25 12:15:00,2016-10-24,2016-10-24,2016-10-24,Employees/Designated Employees,Market Sale,Sell,Equity Shares,2304.0,0.0,0.0,0.0,0.0,12250.0,0.0,9946.0,0.0
YESBANK,2016-10-25 14:31:00,2016-10-24,2016-10-22,2016-10-22,Employees/Designated Employees,ESOP,Buy,Equity Shares,10000.0,0.0,0.0,0.0,0.0,5010.0,0.0,15010.0,0.0
YESBANK,2016-10-25 14:31:00,2016-10-25,2016-10-22,2016-10-22,Employees/Designated Employees,ESOP,Buy,Equity Shares,5500.0,0.0,0.0,0.0,0.0,1500.0,0.0,7000.0,0.0
YESBANK,2016-10-25 14:31:00,2016-10-25,2016-10-22,2016-10-22,Employees/Designated Employees,ESOP,Buy,Equity Shares,9000.0,0.0,0.0,0.0,0.0,10.0,0.0,9010.0,0.0
YESBANK,2016-10-25 17:50:00,2016-10-24,2016-10-22,2016-10-22,Employees/Designated Employees,ESOP,Buy,Equity Shares,5000.0,0.0,0.0,0.0,0.0,,0.0,5000.0,0.0
YESBANK,2016-10-25 17:50:00,2016-10-25,2016-10-22,2016-10-22,Employees/Designated Employees,ESOP,Buy,Equity Shares,6500.0,0.0,0.0,0.0,0.0,8144.0,0.0,14644.0,0.0
YESBANK,2016-10-25 17:50:00,2016-10-24,2016-10-20,2016-10-20,Employees/Designated Employees,Market Sale,Sell,Equity Shares,850.0,0.0,0.0,0.0,0.0,29396.0,0.0,28546.0,0.0
YESBANK,2016-10-25 17:50:00,2016-10-25,2016-10-22,2016-10-22,Employees/Designated Employees,ESOP,Buy,Equity Shares,6500.0,0.0,0.0,0.0,0.0,28546.0,0.0,35046.0,0.0
YESBANK,2016-10-25 17:50:00,2016-10-25,2016-10-22,2016-10-22,Employees/Designated Employees,ESOP,Buy,Equity Shares,4500.0,0.0,0.0,0.0,0.0,33000.0,0.0,37500.0,0.0
YESBANK,2016-10-26 12:42:00,2016-10-25,2016-10-24,2016-10-24,Employees/Designated Employees,Market Sale,Sell,Equity Shares,5700.0,0.0,0.0,0.0,0.0,9800.0,0.0,4100.0,0.0
YESBANK,2016-10-26 12:42:00,2016-10-25,2016-09-06,2016-09-06,Employees/Designated Employees,Market Sale,Sell,Equity Shares,1000.0,0.0,0.0,0.0,0.0,67616.0,0.0,66616.0,0.0
YESBANK,2016-10-28 14:50:00,2016-10-28,2016-10-28,2016-10-28,Employees/Designated Employees,Market Sale,Sell,Equity Shares,900.0,0.0,0.0,0.0,0.0,900.0,0.0,,0.0
YESBANK,2016-10-28 14:50:00,2016-10-27,2016-10-06,2016-10-18,Employees/Designated Employees,Market Sale,Sell,Equity Shares,1250.0,0.0,0.0,0.0,0.0,2000.0,0.0,750.0,0.0
YESBANK,2016-10-28 14:50:00,2016-10-28,2016-10-26,2016-10-27,Employees/Designated Employees,Market Sale,Sell,Equity Shares,1600.0,0.0,0.0,0.0,0.0,4100.0,0.0,2500.0,0.0
YESBANK,2016-10-28 14:50:00,2016-10-27,2016-10-27,2016-10-27,Employees/Designated Employees,Market Sale,Sell,Equity Shares,15000.0,0.0,0.0,0.0,0.0,18400.0,0.0,3400.0,0.0
YESBANK,2016-10-28 14:50:00,2016-10-27,2016-10-27,2016-10-27,Employees/Designated Employees,Pledge Creation,Pledge,Equity Shares,15000.0,0.0,0.0,0.0,0.0,18400.0,0.0,18400.0,0.0
YESBANK,2016-10-28 14:50:00,2016-10-28,2016-10-07,2016-10-07,Employees/Designated Employees,ESOP,Buy,Equity Shares,900.0,0.0,0.0,0.0,0.0,,0.0,900.0,0.0
YESBANK,2016-10-31 11:01:00,2016-10-28,2016-10-27,2016-10-27,Employees/Designated Employees,Pledge Creation,Pledge,Equity Shares,4000.0,0.0,0.0,0.0,0.0,4000.0,0.0,4000.0,0.0
YESBANK,2016-11-01 13:55:00,2016-10-31,2016-10-28,2016-10-28,Employees/Designated Employees,Market Sale,Sell,Equity Shares,2000.0,0.0,0.0,0.0,0.0,9000.0,0.0,7000.0,0.0
YESBANK,2016-11-09 16:09:00,2016-11-07,2016-10-26,2016-10-26,Employees/Designated Employees,Market Sale,Sell,Equity Shares,12500.0,0.0,0.0,0.0,0.0,12500.0,0.0,,0.0
YESBANK,2016-11-09 17:45:00,2016-11-09,2016-11-08,2016-11-08,Employees/Designated Employees,Market Sale,Sell,Equity Shares,2000.0,0.0,0.0,0.0,0.0,42000.0,0.0,40000.0,0.0
YESBANK,2016-11-10 17:18:00,2016-11-10,2016-10-07,2016-10-07,Employees/Designated Employees,ESOP,Buy,Equity Shares,1000.0,0.0,0.0,0.0,0.0,17750.0,0.0,18750.0,0.0
YESBANK,2016-11-10 17:18:00,2016-11-10,2016-11-10,2016-11-10,Employees/Designated Employees,Market Sale,Sell,Equity Shares,700.0,0.0,0.0,0.0,0.0,19150.0,0.0,18450.0,0.0
YESBANK,2016-11-10 17:18:00,2016-11-10,2016-10-21,2016-10-21,Employees/Designated Employees,ESOP,Buy,Equity Shares,400.0,0.0,0.0,0.0,0.0,18750.0,0.0,19150.0,0.0
YESBANK,2016-11-10 17:31:00,2016-11-09,2016-10-26,2016-10-26,Employees/Designated Employees,Pledge Creation,Pledge,Shares,616.0,0.0,0.0,0.0,0.0,2500.0,0.0,2500.0,0.0
YESBANK,2016-11-10 17:31:00,2016-11-09,2016-10-26,2016-10-26,Employees/Designated Employees,Pledge Creation,Pledge,Shares,369.0,0.0,0.0,0.0,0.0,1884.0,0.0,1884.0,0.0
YESBANK,2016-11-10 17:31:00,2016-11-09,2016-10-26,2016-10-26,Employees/Designated Employees,Pledge Creation,Pledge,Shares,213.0,0.0,0.0,0.0,0.0,1515.0,0.0,1515.0,0.0
YESBANK,2016-11-10 17:31:00,2016-11-09,2016-10-26,2016-10-26,Employees/Designated Employees,Pledge Creation,Pledge,Shares,1302.0,0.0,0.0,0.0,0.0,1302.0,0.0,1302.0,0.0
YESBANK,2016-11-11 16:25:00,2016-11-11,2016-11-09,2016-11-09,Employees/Designated Employees,Market Sale,Sell,Equity Shares,4700.0,0.0,0.0,0.0,0.0,7500.0,0.0,2800.0,0.0
YESBANK,2016-11-11 16:25:00,2016-11-10,2016-11-10,2016-11-10,Employees/Designated Employees,Market Sale,Sell,Equity Shares,10000.0,0.0,0.0,0.0,0.0,10010.0,0.0,10.0,0.0
YESBANK,2016-11-11 16:25:00,2016-11-10,2016-10-24,2016-10-24,Employees/Designated Employees,Market Sale,Sell,Equity Shares,5000.0,0.0,0.0,0.0,0.0,15010.0,0.0,10010.0,0.0
YESBANK,2016-11-11 16:25:00,2016-11-11,2016-10-27,2016-11-02,Employees/Designated Employees,Market Sale,Sell,Equity Shares,2500.0,0.0,0.0,0.0,0.0,2509.0,0.0,9.0,0.0
YESBANK,2016-11-11 16:25:00,2016-11-11,2016-11-09,2016-11-09,Employees/Designated Employees,Pledge Creation,Pledge,Equity Shares,6825.0,0.0,0.0,0.0,0.0,7500.0,0.0,7500.0,0.0
YESBANK,2016-11-14 20:41:00,2016-11-11,2016-11-10,2016-11-10,Employees/Designated Employees,Market Sale,Sell,Equity Shares,2400.0,0.0,0.0,0.0,0.0,2590.0,0.0,190.0,0.0
YESBANK,2016-11-15 18:04:00,2016-11-14,2016-11-12,2016-11-12,Employees/Designated Employees,ESOP,Buy,Equity Shares,3500.0,0.0,0.0,0.0,0.0,292500.0,0.0,296000.0,0.0
YESBANK,2016-11-15 18:04:00,2016-11-15,2016-11-12,2016-11-12,Employees/Designated Employees,ESOP,Buy,Equity Shares,10000.0,0.0,0.0,0.0,0.0,3294.0,0.0,13294.0,0.0
YESBANK,2016-11-15 18:04:00,2016-11-15,2016-11-12,2016-11-12,Employees/Designated Employees,ESOP,Buy,Equity Shares,6000.0,0.0,0.0,0.0,0.0,,0.0,6000.0,0.0
YESBANK,2016-11-15 18:04:00,2016-11-15,2016-11-12,2016-11-12,Employees/Designated Employees,ESOP,Buy,Equity Shares,5000.0,0.0,0.0,0.0,0.0,655250.0,0.16,660250.0,0.16
YESBANK,2016-11-15 18:04:00,2016-11-15,2016-11-12,2016-11-12,Employees/Designated Employees,ESOP,Buy,Equity Shares,5000.0,0.0,0.0,0.0,0.0,10.0,0.0,5010.0,0.0
YESBANK,2016-11-15 18:04:00,2016-11-15,2016-11-12,2016-11-12,Employees/Designated Employees,ESOP,Buy,Equity Shares,28500.0,0.0,0.0,0.0,0.0,11875.0,0.0,40375.0,0.0
YESBANK,2016-11-15 18:04:00,2016-11-15,2016-11-12,2016-11-12,Employees/Designated Employees,ESOP,Buy,Equity Shares,10000.0,0.0,0.0,0.0,0.0,180000.0,0.0,190000.0,0.0
YESBANK,2016-11-15 18:04:00,2016-11-15,2016-11-12,2016-11-12,Employees/Designated Employees,ESOP,Buy,Equity Shares,3000.0,0.0,0.0,0.0,0.0,,0.0,3000.0,0.0
YESBANK,2016-11-17 16:23:00,2016-11-15,2016-10-22,2016-10-22,Employees/Designated Employees,ESOP,Buy,Equity Shares,2500.0,0.0,0.0,0.0,0.0,7300.0,0.0,9800.0,0.0
YESBANK,2016-11-17 16:23:00,2016-11-15,2016-10-07,2016-10-07,Employees/Designated Employees,ESOP,Buy,Equity Shares,1500.0,0.0,0.0,0.0,0.0,5800.0,0.0,7300.0,0.0
YESBANK,2016-11-17 16:23:00,2016-11-16,2016-09-26,2016-09-27,Employees/Designated Employees,Market Sale,Sell,Equity Shares,14000.0,0.0,0.0,0.0,0.0,14050.0,0.0,50.0,0.0
YESBANK,2016-11-17 16:23:00,2016-11-15,2016-11-09,2016-11-09,Employees/Designated Employees,Market Sale,Sell,Equity Shares,14350.0,0.0,0.0,0.0,0.0,14350.0,0.0,,0.0
YESBANK,2016-11-17 16:23:00,2016-11-16,2016-11-04,2016-11-09,Employees/Designated Employees,Market Sale,Sell,Equity Shares,2250.0,0.0,0.0,0.0,0.0,2250.0,0.0,,0.0
YESBANK,2016-11-17 16:23:00,2016-11-16,2016-11-04,2016-11-09,Employees/Designated Employees,Market Purchase,Buy,Equity Shares,500.0,0.0,0.0,0.0,0.0,1750.0,0.0,2250.0,0.0
YESBANK,2016-11-17 16:23:00,2016-11-16,2016-10-24,2016-10-24,Employees/Designated Employees,Market Sale,Sell,Equity Shares,1100.0,0.0,0.0,0.0,0.0,5572.0,0.0,4472.0,0.0
YESBANK,2016-11-17 16:23:00,2016-11-16,2016-10-22,2016-10-22,Employees/Designated Employees,ESOP,Buy,Equity Shares,1000.0,0.0,0.0,0.0,0.0,750.0,0.0,1750.0,0.0
YESBANK,2016-11-17 16:37:00,2016-11-17,2016-11-12,2016-11-12,Employees/Designated Employees,ESOP,Buy,Equity Shares,1500.0,0.0,0.0,0.0,0.0,,0.0,1500.0,0.0
YESBANK,2016-11-17 16:37:00,2016-11-17,2016-11-02,2016-11-02,Employees/Designated Employees,Market Sale,Sell,Equity Shares,750.0,0.0,0.0,0.0,0.0,750.0,0.0,,0.0
YESBANK,2016-11-17 16:37:00,2016-11-17,2016-11-01,2016-11-01,Employees/Designated Employees,Market Sale,Sell,Equity Shares,750.0,0.0,0.0,0.0,0.0,1500.0,0.0,750.0,0.0
YESBANK,2016-11-17 16:37:00,2016-11-17,2016-10-26,2016-10-26,Employees/Designated Employees,Market Sale,Sell,Equity Shares,750.0,0.0,0.0,0.0,0.0,3000.0,0.0,2250.0,0.0
YESBANK,2016-11-17 16:37:00,2016-11-17,2016-10-27,2016-10-27,Employees/Designated Employees,Market Sale,Sell,Equity Shares,750.0,0.0,0.0,0.0,0.0,2250.0,0.0,1500.0,0.0
YESBANK,2016-11-17 16:37:00,2016-11-17,2016-10-07,2016-10-07,Employees/Designated Employees,ESOP,Buy,Equity Shares,1500.0,0.0,0.0,0.0,0.0,1500.0,0.0,3000.0,0.0
YESBANK,2016-11-18 15:15:00,2016-11-18,2016-10-07,2016-10-07,Employees/Designated Employees,ESOP,Buy,Equity Shares,2000.0,0.0,0.0,0.0,0.0,600.0,0.0,2600.0,0.0
YESBANK,2016-11-18 15:15:00,2016-11-18,2016-11-01,2016-11-10,Employees/Designated Employees,Market Sale,Sell,Equity Shares,1200.0,0.0,0.0,0.0,0.0,2600.0,0.0,1400.0,0.0
YESBANK,2016-11-18 15:15:00,2016-11-16,2016-11-15,2016-11-15,Employees/Designated Employees,Market Sale,Sell,Equity Shares,6000.0,0.0,0.0,0.0,0.0,7100.0,0.0,1100.0,0.0
YESBANK,2016-11-18 15:15:00,2016-11-17,2016-11-10,2016-11-15,Employees/Designated Employees,Market Sale,Sell,Equity Shares,20000.0,0.0,0.0,0.0,0.0,21700.0,0.0,1700.0,0.0
YESBANK,2016-11-22 17:37:00,2016-11-22,2016-09-16,2016-09-16,Employees/Designated Employees,Market Sale,Sell,Equity Shares,2300.0,0.0,0.0,0.0,0.0,2300.0,0.0,,0.0
YESBANK,2016-11-24 17:20:00,2016-11-24,2016-09-26,2016-09-26,Employees/Designated Employees,ESOP,Buy,Equity Shares,600.0,0.0,0.0,0.0,0.0,21400.0,0.0,22000.0,0.0
YESBANK,2016-11-24 17:20:00,2016-11-24,2016-11-24,2016-11-24,Employees/Designated Employees,ESOP,Buy,Equity Shares,8400.0,0.0,0.0,0.0,0.0,24000.0,0.0,32400.0,0.0
YESBANK,2016-11-24 17:20:00,2016-11-24,2016-11-24,2016-11-24,Employees/Designated Employees,ESOP,Buy,Equity Shares,7000.0,0.0,0.0,0.0,0.0,32400.0,0.0,39400.0,0.0
YESBANK,2016-11-24 17:20:00,2016-11-24,2016-10-07,2016-10-07,Employees/Designated Employees,ESOP,Buy,Equity Shares,1000.0,0.0,0.0,0.0,0.0,22000.0,0.0,23000.0,0.0
YESBANK,2016-11-24 17:20:00,2016-11-24,2016-10-22,2016-10-22,Employees/Designated Employees,ESOP,Buy,Equity Shares,1000.0,0.0,0.0,0.0,0.0,23000.0,0.0,24000.0,0.0
YESBANK,2016-11-24 17:31:00,2016-11-23,2016-11-22,2016-11-22,Employees/Designated Employees,Market Purchase,Buy,Equity Shares,1250.0,0.0,0.0,0.0,0.0,1799.0,0.0,3049.0,0.0
YESBANK,2016-11-24 17:31:00,2016-11-24,2016-11-24,2016-11-24,Employees/Designated Employees,ESOP,Buy,Equity Shares,900.0,0.0,0.0,0.0,0.0,28857.0,0.0,29757.0,0.0
YESBANK,2016-11-24 17:31:00,2016-11-23,2016-10-22,2016-10-22,Employees/Designated Employees,ESOP,Buy,Equity Shares,1500.0,0.0,0.0,0.0,0.0,27057.0,0.0,28557.0,0.0
YESBANK,2016-11-24 17:31:00,2016-11-23,2016-11-09,2016-11-09,Employees/Designated Employees,Market Sale,Sell,Equity Shares,500.0,0.0,0.0,0.0,0.0,2299.0,0.0,1799.0,0.0
YESBANK,2016-11-24 17:31:00,2016-11-23,2016-10-07,2016-10-07,Employees/Designated Employees,ESOP,Buy,Equity Shares,2000.0,0.0,0.0,0.0,0.0,25057.0,0.0,27057.0,0.0
YESBANK,2016-11-24 17:31:00,2016-11-23,2016-11-22,2016-11-22,Employees/Designated Employees,Market Sale,Sell,Equity Shares,1250.0,0.0,0.0,0.0,0.0,3049.0,0.0,1799.0,0.0
YESBANK,2016-11-24 17:31:00,2016-11-24,2016-11-24,2016-11-24,Employees/Designated Employees,ESOP,Buy,Equity Shares,9000.0,0.0,0.0,0.0,0.0,39500.0,0.0,48500.0,0.0
YESBANK,2016-11-24 17:31:00,2016-11-23,2016-11-10,2016-11-10,Employees/Designated Employees,Market Sale,Sell,Equity Shares,500.0,0.0,0.0,0.0,0.0,40000.0,0.0,39500.0,0.0
YESBANK,2016-11-25 17:25:00,2016-11-25,2016-11-12,2016-11-12,Employees/Designated Employees,ESOP,Buy,Equity Shares,250.0,0.0,0.0,0.0,0.0,5900.0,0.0,6150.0,0.0
YESBANK,2016-11-25 17:25:00,2016-11-25,2016-11-21,2016-11-21,Employees/Designated Employees,Pledge Creation,Pledge,Equity Shares,1000.0,0.0,0.0,0.0,0.0,30250.0,0.0,30250.0,0.0
YESBANK,2016-11-25 17:25:00,2016-11-25,2016-11-08,2016-11-08,Employees/Designated Employees,Pledge Creation,Pledge,Equity Shares,11800.0,0.0,0.0,0.0,0.0,30250.0,0.0,30250.0,0.0
YESBANK,2016-11-25 17:25:00,2016-11-25,2016-11-24,2016-11-24,Employees/Designated Employees,ESOP,Buy,Equity Shares,4000.0,0.0,0.0,0.0,0.0,10000.0,0.0,14000.0,0.0
YESBANK,2016-11-25 17:25:00,2016-11-25,2016-11-24,2016-11-24,Employees/Designated Employees,ESOP,Buy,Equity Shares,4500.0,0.0,0.0,0.0,0.0,250.0,0.0,4750.0,0.0
YESBANK,2016-11-25 17:25:00,2016-11-25,2016-11-24,2016-11-24,Employees/Designated Employees,ESOP,Buy,Equity Shares,8000.0,0.0,0.0,0.0,0.0,6150.0,0.0,14150.0,0.0
YESBANK,2016-11-25 17:25:00,2016-11-25,2016-10-22,2016-10-22,Employees/Designated Employees,ESOP,Buy,Equity Shares,500.0,0.0,0.0,0.0,0.0,5400.0,0.0,5900.0,0.0
YESBANK,2016-11-25 17:25:00,2016-11-24,2016-11-24,2016-11-24,Employees/Designated Employees,ESOP,Buy,Equity Shares,8500.0,0.0,0.0,0.0,0.0,26500.0,0.0,35000.0,0.0
YESBANK,2016-11-25 17:25:00,2016-11-25,2016-11-24,2016-11-24,Employees/Designated Employees,ESOP,Buy,Equity Shares,9250.0,0.0,0.0,0.0,0.0,4500.0,0.0,13750.0,0.0
YESBANK,2016-11-28 16:35:00,2016-11-28,2016-11-24,2016-11-24,Employees/Designated Employees,ESOP,Buy,Equity Shares,7000.0,0.0,0.0,0.0,0.0,150000.0,0.0,157000.0,0.0
YESBANK,2016-11-28 16:35:00,2016-11-28,2016-11-04,2016-11-11,Employees/Designated Employees,Market Sale,Sell,Equity Shares,4715.0,0.0,0.0,0.0,0.0,23600.0,0.0,18885.0,0.0
YESBANK,2016-11-28 16:35:00,2016-11-28,2016-11-24,2016-11-24,Employees/Designated Employees,ESOP,Buy,Equity Shares,16500.0,0.0,0.0,0.0,0.0,142200.0,0.0,158700.0,0.0
YESBANK,2016-11-28 16:35:00,2016-11-26,2016-11-08,2016-11-08,Employees/Designated Employees,Market Sale,Sell,Equity Shares,3000.0,0.0,0.0,0.0,0.0,9294.0,0.0,6294.0,0.0
YESBANK,2016-11-28 16:35:00,2016-11-26,2016-11-11,2016-11-11,Employees/Designated Employees,Market Sale,Sell,Equity Shares,3000.0,0.0,0.0,0.0,0.0,6294.0,0.0,3294.0,0.0
YESBANK,2016-11-28 16:35:00,2016-11-25,2016-11-24,2016-11-24,Employees/Designated Employees,ESOP,Buy,Equity Shares,4500.0,0.0,0.0,0.0,0.0,48000.0,0.0,52500.0,0.0
YESBANK,2016-11-29 12:39:00,2016-11-29,2016-11-01,2016-11-01,Employees/Designated Employees,Market Sale,Sell,Equity Shares,2000.0,0.0,0.0,0.0,0.0,37500.0,0.0,35500.0,0.0
YESBANK,2016-11-30 13:18:00,2016-11-30,2016-11-25,2016-11-25,Employees/Designated Employees,Revokation of Pledge,Pledge Revoke,Equity Shares,1554.0,0.0,0.0,0.0,0.0,9600.0,0.0,9600.0,0.0
YESBANK,2016-12-02 15:04:00,2016-12-02,2016-11-30,2016-11-30,Employees/Designated Employees,Market Sale,Sell,Equity Shares,1000.0,0.0,0.0,0.0,0.0,14000.0,0.0,13000.0,0.0
YESBANK,2016-12-06 16:37:00,2016-12-06,2016-12-05,2016-12-05,Employees/Designated Employees,Market Sale,Sell,Equity Shares,1600.0,0.0,0.0,0.0,0.0,13000.0,0.0,11400.0,0.0
YESBANK,2016-12-09 13:11:00,2016-12-09,2016-12-05,2016-12-05,Employees/Designated Employees,Market Sale,Sell,Equity Shares,3000.0,0.0,0.0,0.0,0.0,30250.0,0.0,27250.0,0.0
YESBANK,2016-12-09 13:11:00,2016-12-08,2016-12-06,2016-12-06,Employees/Designated Employees,Market Sale,Sell,Equity Shares,5900.0,0.0,0.0,0.0,0.0,29200.0,0.0,23300.0,0.0
YESBANK,2016-12-09 13:11:00,2016-12-09,2016-12-07,2016-12-07,Employees/Designated Employees,Pledge Creation,Pledge,Equity Shares,15400.0,0.0,0.0,0.0,0.0,39400.0,0.0,39400.0,0.0
YESBANK,2016-12-09 18:38:00,2016-12-09,2016-12-09,2016-12-09,Employees/Designated Employees,ESOP,Buy,Equity Shares,20000.0,0.0,0.0,0.0,0.0,51550.0,0.0,71550.0,0.0
YESBANK,2016-12-09 18:38:00,2016-12-09,2016-12-08,2016-12-08,Employees/Designated Employees,Market Sale,Sell,Equity Shares,2100.0,0.0,0.0,0.0,0.0,23300.0,0.0,21200.0,0.0
YESBANK,2016-12-09 18:38:00,2016-12-09,2016-12-09,2016-12-09,Employees/Designated Employees,ESOP,Buy,Equity Shares,4250.0,0.0,0.0,0.0,0.0,3800.0,0.0,8050.0,0.0
YESBANK,2016-12-09 18:38:00,2016-12-09,2016-12-09,2016-12-09,Employees/Designated Employees,ESOP,Buy,Equity Shares,1500.0,0.0,0.0,0.0,0.0,223600.0,0.0,225100.0,0.0
YESBANK,2016-12-09 18:38:00,2016-12-09,2016-12-09,2016-12-09,Employees/Designated Employees,Pledge Creation,Pledge,Equity Shares,6000.0,0.0,0.0,0.0,0.0,39400.0,0.0,39400.0,0.0
YESBANK,2016-12-13 16:16:00,2016-12-13,2016-12-09,2016-12-09,Employees/Designated Employees,ESOP,Buy,Equity Shares,5000.0,0.0,0.0,0.0,0.0,1000.0,0.0,6000.0,0.0
YESBANK,2016-12-13 16:45:00,2016-12-09,2016-12-09,2016-12-09,Employees/Designated Employees,Market Sale,Sell,Equity Shares,500.0,0.0,0.0,0.0,0.0,767000.0,0.16,766500.0,0.18
YESBANK,2016-12-13 16:45:00,2016-12-13,2016-12-09,2016-12-09,Employees/Designated Employees,ESOP,Buy,Equity Shares,10000.0,0.0,0.0,0.0,0.0,21200.0,0.0,31200.0,0.0
YESBANK,2016-12-13 16:45:00,2016-12-09,2016-12-09,2016-12-09,Employees/Designated Employees,ESOP,Buy,Equity Shares,107500.0,0.0,0.0,0.0,0.0,659500.0,0.16,767000.0,0.18
YESBANK,2016-12-13 16:45:00,2016-12-09,2016-12-08,2016-12-08,Employees/Designated Employees,Market Sale,Sell,Equity Shares,500.0,0.0,0.0,0.0,0.0,660000.0,0.16,659500.0,0.16
YESBANK,2016-12-13 16:45:00,2016-12-09,2016-12-07,2016-12-07,Employees/Designated Employees,Market Sale,Sell,Equity Shares,250.0,0.0,0.0,0.0,0.0,660250.0,0.16,660000.0,0.16
YESBANK,2016-12-13 16:55:00,2016-12-09,2016-11-25,2016-11-25,Employees/Designated Employees,Market Sale,Sell,Equity Shares,500.0,0.0,0.0,0.0,0.0,29457.0,0.0,28957.0,0.0
YESBANK,2016-12-13 16:55:00,2016-12-09,2016-11-29,2016-11-29,Employees/Designated Employees,Market Sale,Sell,Equity Shares,350.0,0.0,0.0,0.0,0.0,28957.0,0.0,28607.0,0.0
YESBANK,2016-12-13 16:55:00,2016-12-09,2016-12-08,2016-12-08,Employees/Designated Employees,Market Sale,Sell,Equity Shares,1500.0,0.0,0.0,0.0,0.0,28607.0,0.0,27107.0,0.0
YESBANK,2016-12-13 16:55:00,2016-12-09,2016-12-09,2016-12-09,Employees/Designated Employees,Market Sale,Sell,Equity Shares,500.0,0.0,0.0,0.0,0.0,28507.0,0.0,28007.0,0.0
YESBANK,2016-12-13 16:55:00,2016-12-09,2016-12-09,2016-12-09,Employees/Designated Employees,ESOP,Buy,Equity Shares,1400.0,0.0,0.0,0.0,0.0,27107.0,0.0,28507.0,0.0
YESBANK,2016-12-13 18:49:00,2016-12-13,2016-12-09,2016-12-09,Employees/Designated Employees,ESOP,Buy,Equity Shares,15000.0,0.0,0.0,0.0,0.0,123800.0,0.0,138800.0,0.0
YESBANK,2016-12-14 16:54:00,2016-12-13,2016-12-09,2016-12-09,Employees/Designated Employees,Market Sale,Sell,Equity Shares,1000.0,0.0,0.0,0.0,0.0,27250.0,0.0,26250.0,0.0
YESBANK,2016-12-19 17:06:00,2016-12-17,2016-12-14,2016-12-14,Employees/Designated Employees,Market Sale,Sell,Equity Shares,6000.0,0.0,0.0,0.0,0.0,13294.0,0.0,7294.0,0.0
YESBANK,2016-12-20 15:25:00,2016-12-19,2016-12-08,2016-12-08,Employees/Designated Employees,Market Sale,Sell,Equity Shares,2000.0,0.0,0.0,0.0,0.0,18685.0,0.0,16685.0,0.0
YESBANK,2016-12-21 17:07:00,2016-12-21,2016-12-21,2016-12-21,Employees/Designated Employees,Market Sale,Sell,Equity Shares,1500.0,0.0,0.0,0.0,0.0,1500.0,0.0,,0.0
YESBANK,2016-12-26 16:53:00,2016-12-26,2016-12-23,2016-12-23,Employees/Designated Employees,ESOP,Buy,Equity Shares,10000.0,0.0,0.0,0.0,0.0,,0.0,10000.0,0.0
YESBANK,2016-12-26 16:53:00,2016-12-23,2016-12-23,2016-12-23,Employees/Designated Employees,ESOP,Buy,Equity Shares,700.0,0.0,0.0,0.0,0.0,225100.0,0.0,225800.0,0.0
YESBANK,2016-12-26 16:53:00,2016-12-23,2016-12-23,2016-12-23,Employees/Designated Employees,ESOP,Buy,Equity Shares,15000.0,0.0,0.0,0.0,0.0,2000.0,0.0,17000.0,0.0
YESBANK,2016-12-27 20:11:00,2016-12-27,2016-10-07,2016-10-07,Employees/Designated Employees,ESOP,Buy,Shares,750.0,0.0,0.0,0.0,0.0,1500.0,0.0,2250.0,0.0
YESBANK,2016-12-27 20:11:00,2016-12-27,2016-12-23,2016-12-23,Employees/Designated Employees,ESOP,Buy,Shares,5000.0,0.0,0.0,0.0,0.0,138800.0,0.0,143800.0,0.0
YESBANK,2016-12-27 20:11:00,2016-12-27,2016-10-07,2016-12-23,Employees/Designated Employees,ESOP,Buy,Equity Shares,2350.0,0.0,0.0,0.0,0.0,500.0,0.0,2850.0,0.0
YESBANK,2016-12-27 20:11:00,2016-12-27,2016-12-23,2016-12-23,Employees/Designated Employees,ESOP,Buy,Shares,1750.0,0.0,0.0,0.0,0.0,2750.0,0.0,4500.0,0.0
YESBANK,2016-12-27 20:11:00,2016-12-27,2016-12-09,2016-12-09,Employees/Designated Employees,ESOP,Buy,Shares,500.0,0.0,0.0,0.0,0.0,2250.0,0.0,2750.0,0.0
YESBANK,2016-12-29 12:26:00,2016-12-27,2016-12-27,2016-12-27,Employees/Designated Employees,Market Sale,Sell,Shares,2500.0,0.0,0.0,0.0,0.0,22000.0,0.0,19500.0,0.0
YESBANK,2016-12-29 12:26:00,2016-12-27,2016-12-12,2016-12-13,Employees/Designated Employees,Market Sale,Sell,Shares,2000.0,0.0,0.0,0.0,0.0,24000.0,0.0,22000.0,0.0
YESBANK,2016-12-29 19:14:00,2016-12-29,2016-12-09,2016-12-09,Employees/Designated Employees,Market Sale,Sell,Equity Shares,2000.0,0.0,0.0,0.0,0.0,14666.0,0.0,12666.0,0.0
YESBANK,2016-12-30 14:50:00,2016-12-29,2016-12-21,2016-12-21,Employees/Designated Employees,Market Sale,Sell,Equity Shares,250.0,0.0,0.0,0.0,0.0,766250.0,0.18,766000.0,0.18
YESBANK,2016-12-30 14:50:00,2016-12-30,2016-12-29,2016-12-29,Employees/Designated Employees,Pledge Creation,Pledge,Equity Shares,4600.0,0.0,0.0,0.0,0.0,16685.0,0.0,16685.0,0.0
YESBANK,2016-12-30 14:50:00,2016-12-29,2016-12-14,2016-12-14,Employees/Designated Employees,Market Sale,Sell,Equity Shares,250.0,0.0,0.0,0.0,0.0,766500.0,0.18,766250.0,0.18
YESBANK,2016-12-30 14:50:00,2016-12-29,2016-12-27,2016-12-27,Employees/Designated Employees,Market Sale,Sell,Equity Shares,500.0,0.0,0.0,0.0,0.0,765750.0,0.18,765250.0,0.18
YESBANK,2016-12-30 14:50:00,2016-12-29,2016-12-23,2016-12-23,Employees/Designated Employees,Market Sale,Sell,Equity Shares,250.0,0.0,0.0,0.0,0.0,766000.0,0.18,765750.0,0.18
YESBANK,2016-12-30 18:17:00,2016-12-30,2016-11-18,2016-12-29,Employees/Designated Employees,Pledge Creation,Pledge,Equity Shares,1300.0,0.0,0.0,0.0,0.0,9940.0,0.0,9940.0,0.0
YESBANK,2017-01-02 17:11:00,2016-12-30,2016-12-29,2016-12-29,Employees/Designated Employees,Market Sale,Sell,Shares,500.0,0.0,0.0,0.0,0.0,40270.0,0.0,39770.0,0.0
YESBANK,2017-01-02 17:11:00,2016-12-30,2016-12-28,2016-12-28,Employees/Designated Employees,Market Sale,Sell,Shares,500.0,0.0,0.0,0.0,0.0,40770.0,0.0,40270.0,0.0
YESBANK,2017-01-02 17:11:00,2016-12-30,2016-12-27,2016-12-27,Employees/Designated Employees,Market Sale,Sell,Shares,750.0,0.0,0.0,0.0,0.0,41520.0,0.0,40770.0,0.0
YESBANK,2017-01-02 17:11:00,2016-12-30,2016-12-30,2016-12-30,Employees/Designated Employees,Market Sale,Sell,Shares,1000.0,0.0,0.0,0.0,0.0,39770.0,0.0,38770.0,0.0
YESBANK,2017-01-04 17:18:00,,,,Employees/Designated Employees,-,-,,,1400.0,1400.0,1573600.0,1615600.0,,0.0,,
YESBANK,2017-01-04 17:18:00,2017-01-04,2016-12-27,2016-12-27,Employees/Designated Employees,Revokation of Pledge,Pledge Revoke,Equity Shares,1762.0,0.0,0.0,0.0,0.0,2500.0,0.0,2500.0,0.0
YESBANK,2017-01-04 17:18:00,2017-01-04,2016-12-28,2016-12-28,Employees/Designated Employees,Market Sale,Sell,Equity Shares,2500.0,0.0,0.0,0.0,0.0,2500.0,0.0,,0.0
YESBANK,2017-01-06 11:25:00,2017-01-05,2016-12-29,2016-12-29,Employees/Designated Employees,Market Sale,Sell,Equity Shares,600.0,0.0,0.0,0.0,0.0,14400.0,0.0,13800.0,0.0
YESBANK,2017-01-06 11:25:00,2017-01-05,2017-01-04,2017-01-04,Employees/Designated Employees,Market Sale,Sell,Equity Shares,2250.0,0.0,0.0,0.0,0.0,2250.0,0.0,,0.0
YESBANK,2017-01-06 11:25:00,2017-01-05,2016-12-27,2016-12-27,Employees/Designated Employees,Market Sale,Sell,Equity Shares,600.0,0.0,0.0,0.0,0.0,15000.0,0.0,14400.0,0.0
YESBANK,2017-01-11 15:41:00,2017-01-10,2017-01-10,2017-01-10,Employees/Designated Employees,ESOP,Buy,Equity Shares,4500.0,0.0,0.0,0.0,0.0,12644.0,0.0,17144.0,0.0
YESBANK,2017-01-11 15:41:00,2017-01-10,2017-01-10,2017-01-10,Employees/Designated Employees,ESOP,Buy,Equity Shares,9700.0,0.0,0.0,0.0,0.0,25300.0,0.0,35000.0,0.0
YESBANK,2017-01-11 15:41:00,2017-01-10,2017-01-10,2017-01-10,Employees/Designated Employees,ESOP,Buy,Equity Shares,3000.0,0.0,0.0,0.0,0.0,41000.0,0.0,44000.0,0.0
YESBANK,2017-01-11 15:41:00,2017-01-10,2017-01-10,2017-01-10,Employees/Designated Employees,ESOP,Buy,Equity Shares,6000.0,0.0,0.0,0.0,0.0,41000.0,0.0,47000.0,0.0
YESBANK,2017-01-11 15:41:00,2017-01-10,2017-01-10,2017-01-10,Employees/Designated Employees,ESOP,Buy,Equity Shares,18000.0,0.0,0.0,0.0,0.0,67500.0,0.0,85500.0,0.0
YESBANK,2017-01-11 15:41:00,2017-01-10,2017-01-10,2017-01-10,Employees/Designated Employees,ESOP,Buy,Equity Shares,4000.0,0.0,0.0,0.0,0.0,122100.0,0.0,126100.0,0.0
YESBANK,2017-01-11 15:41:00,2017-01-10,2017-01-10,2017-01-10,Employees/Designated Employees,ESOP,Buy,Equity Shares,9000.0,0.0,0.0,0.0,0.0,145500.0,0.0,154500.0,0.0
YESBANK,2017-01-11 17:22:00,2017-01-11,2017-01-10,2017-01-10,Employees/Designated Employees,ESOP,Buy,Equity Shares,4500.0,0.0,0.0,0.0,0.0,52500.0,0.0,57000.0,0.0
YESBANK,2017-01-11 17:22:00,2017-01-11,2017-01-10,2017-01-10,Employees/Designated Employees,ESOP,Buy,Equity Shares,4500.0,0.0,0.0,0.0,0.0,33600.0,0.0,38100.0,0.0
YESBANK,2017-01-11 17:22:00,2017-01-11,2017-01-10,2017-01-10,Employees/Designated Employees,ESOP,Buy,Equity Shares,6000.0,0.0,0.0,0.0,0.0,38770.0,0.0,44770.0,0.0
YESBANK,2017-01-11 17:22:00,2017-01-11,2017-01-10,2017-01-10,Employees/Designated Employees,ESOP,Buy,Equity Shares,3500.0,0.0,0.0,0.0,0.0,17501.0,0.0,21001.0,0.0
YESBANK,2017-01-11 17:22:00,2017-01-11,2017-01-10,2017-01-10,Employees/Designated Employees,ESOP,Buy,Equity Shares,3000.0,0.0,0.0,0.0,0.0,4000.0,0.0,7000.0,0.0
YESBANK,2017-01-11 17:22:00,2017-01-11,2017-01-10,2017-01-10,Employees/Designated Employees,ESOP,Buy,Equity Shares,30000.0,0.0,0.0,0.0,0.0,339200.0,0.08,369200.0,0.09
YESBANK,2017-01-11 17:22:00,2017-01-10,2017-01-10,2017-01-10,Employees/Designated Employees,ESOP,Buy,Equity Shares,3400.0,0.0,0.0,0.0,0.0,233250.0,0.0,236650.0,0.0
YESBANK,2017-01-11 17:22:00,2017-01-11,2017-01-10,2017-01-10,Employees/Designated Employees,ESOP,Buy,Equity Shares,9000.0,0.0,0.0,0.0,0.0,39400.0,0.0,48400.0,0.0
YESBANK,2017-01-11 19:42:00,2017-01-11,2017-01-10,2017-01-10,Employees/Designated Employees,ESOP,Buy,Equity Shares,5000.0,0.0,0.0,0.0,0.0,143800.0,0.0,148800.0,0.0
YESBANK,2017-01-11 19:42:00,2017-01-10,2017-01-10,2017-01-10,Employees/Designated Employees,ESOP,Buy,Equity Shares,3000.0,0.0,0.0,0.0,0.0,6800.0,0.0,9800.0,0.0
YESBANK,2017-01-11 19:42:00,2017-01-10,2017-01-03,2017-01-03,Employees/Designated Employees,Market Sale,Sell,Equity Shares,300.0,0.0,0.0,0.0,0.0,7100.0,0.0,6800.0,0.0
YESBANK,2017-01-11 19:42:00,2017-01-11,2017-01-10,2017-01-10,Employees/Designated Employees,ESOP,Buy,Equity Shares,2250.0,0.0,0.0,0.0,0.0,8050.0,0.0,10300.0,0.0
YESBANK,2017-01-11 19:42:00,2017-01-10,2017-01-10,2017-01-10,Employees/Designated Employees,ESOP,Buy,Equity Shares,4000.0,0.0,0.0,0.0,0.0,11305.0,0.0,15305.0,0.0
YESBANK,2017-01-11 19:42:00,2017-01-11,2017-01-10,2017-01-10,Employees/Designated Employees,ESOP,Buy,Equity Shares,4750.0,0.0,0.0,0.0,0.0,190.0,0.0,4940.0,0.0
YESBANK,2017-01-12 14:40:00,2017-01-12,2017-01-10,2017-01-10,Employees/Designated Employees,ESOP,Buy,Equity Shares,3500.0,0.0,0.0,0.0,0.0,299000.0,0.07,302500.0,0.07
YESBANK,2017-01-12 14:40:00,2017-01-11,2017-01-10,2017-01-10,Employees/Designated Employees,ESOP,Buy,Equity Shares,10000.0,0.0,0.0,0.0,0.0,24845.0,0.0,34845.0,0.0
YESBANK,2017-01-13 17:53:00,2017-01-13,2017-01-11,2017-01-11,Employees/Designated Employees,Market Sale,Sell,Equity Shares,4000.0,0.0,0.0,0.0,0.0,13800.0,0.0,9800.0,0.0
YESBANK,2017-01-17 18:40:00,2017-01-17,2017-01-13,2017-01-13,Employees/Designated Employees,Market Sale,Sell,Equity Shares,840.0,0.0,0.0,0.0,0.0,3200.0,0.0,2360.0,0.0
YESBANK,2017-01-17 18:40:00,2017-01-16,2017-01-12,2017-01-12,Employees/Designated Employees,Revokation of Pledge,Pledge Revoke,Equity Shares,900.0,0.0,0.0,0.0,0.0,4100.0,0.0,4100.0,0.0
YESBANK,2017-01-17 18:40:00,2017-01-16,2017-01-12,2017-01-12,Employees/Designated Employees,Market Sale,Sell,Equity Shares,900.0,0.0,0.0,0.0,0.0,4100.0,0.0,3200.0,0.0
YESBANK,2017-01-17 18:40:00,2017-01-17,2017-01-13,2017-01-13,Employees/Designated Employees,Revokation of Pledge,Pledge Revoke,Equity Shares,840.0,0.0,0.0,0.0,0.0,3200.0,0.0,3200.0,0.0
YESBANK,2017-01-20 15:34:00,2017-01-18,2016-12-14,2016-12-14,Employees/Designated Employees,Market Sale,Sell,Equity Shares,93.0,0.0,0.0,0.0,0.0,66616.0,0.0,66523.0,0.0
YESBANK,2017-01-20 15:34:00,2017-01-18,2016-12-29,2016-12-29,Employees/Designated Employees,Market Sale,Sell,Equity Shares,907.0,0.0,0.0,0.0,0.0,66523.0,0.0,65616.0,0.0
YESBANK,2017-01-20 15:34:00,2017-01-18,2016-12-30,2016-12-30,Employees/Designated Employees,Market Sale,Sell,Equity Shares,200.0,0.0,0.0,0.0,0.0,64616.0,0.0,64416.0,0.0
YESBANK,2017-01-20 15:34:00,2017-01-18,2016-12-29,2016-12-29,Employees/Designated Employees,Market Sale,Sell,Equity Shares,1000.0,0.0,0.0,0.0,0.0,65616.0,0.0,64616.0,0.0
YESBANK,2017-01-23 17:43:00,2017-01-19,2017-01-18,2017-01-18,Employees/Designated Employees,Revokation of Pledge,Pledge Revoke,Equity Shares,2260.0,0.0,0.0,0.0,0.0,2360.0,0.0,2360.0,0.0
YESBANK,2017-01-25 19:05:00,2017-01-23,2017-01-23,2017-01-23,Employees/Designated Employees,Market Sale,Sell,Equity Shares,1400.0,0.0,0.0,0.0,0.0,11400.0,0.0,10000.0,0.0
YESBANK,2017-01-25 19:05:00,2017-01-25,2017-01-24,2017-01-24,Employees/Designated Employees,Pledge Creation,Pledge,Equity Shares,20000.0,0.0,0.0,0.0,0.0,236650.0,0.06,236650.0,0.06
YESBANK,2017-01-25 19:05:00,2017-01-24,2017-01-24,2017-01-24,Employees/Designated Employees,ESOP,Buy,Equity Shares,4500.0,0.0,0.0,0.0,0.0,,0.0,4500.0,0.0
YESBANK,2017-01-25 19:05:00,2017-01-25,2017-01-24,2017-01-24,Employees/Designated Employees,Market Sale,Sell,Equity Shares,3005.0,0.0,0.0,0.0,0.0,31200.0,0.01,28195.0,0.01
YESBANK,2017-01-25 19:05:00,2017-01-25,2017-01-25,2017-01-25,Employees/Designated Employees,Market Sale,Sell,Equity Shares,2450.0,0.0,0.0,0.0,0.0,18450.0,0.0,16000.0,0.0
YESBANK,2017-01-25 19:05:00,2017-01-23,2017-01-23,2017-01-23,Employees/Designated Employees,Market Sale,Sell,Equity Shares,2000.0,0.0,0.0,0.0,0.0,302500.0,0.07,300500.0,0.07
YESBANK,2017-01-25 19:05:00,2017-01-24,2017-01-24,2017-01-24,Employees/Designated Employees,ESOP,Buy,Equity Shares,750.0,0.0,0.0,0.0,0.0,300500.0,0.07,301250.0,0.07
YESBANK,2017-01-25 19:05:00,2017-01-24,2017-01-24,2017-01-24,Employees/Designated Employees,ESOP,Buy,Equity Shares,3000.0,0.0,0.0,0.0,0.0,18600.0,0.0,21600.0,0.0
YESBANK,2017-01-25 19:34:00,2017-01-25,2017-01-23,2017-01-23,Employees/Designated Employees,Market Sale,Sell,Equity Shares,1250.0,0.0,0.0,0.0,0.0,26250.0,0.01,25000.0,0.01
YESBANK,2017-01-25 19:34:00,2017-01-25,2017-01-23,2017-01-23,Employees/Designated Employees,Market Sale,Sell,Equity Shares,500.0,0.0,0.0,0.0,0.0,766000.0,0.18,765500.0,0.18
YESBANK,2017-01-25 19:34:00,2017-01-25,2017-01-09,2017-01-09,Employees/Designated Employees,ESOP,Buy,Equity Shares,1000.0,0.0,0.0,0.0,0.0,765000.0,0.18,766000.0,0.18
YESBANK,2017-01-25 19:34:00,2017-01-25,2017-01-24,2017-01-24,Employees/Designated Employees,ESOP,Buy,Equity Shares,44000.0,0.0,0.0,0.0,0.0,765500.0,0.18,809500.0,0.19
YESBANK,2017-01-25 19:34:00,2017-01-25,2017-01-24,2017-01-24,Employees/Designated Employees,ESOP,Buy,Equity Shares,4500.0,0.0,0.0,0.0,0.0,20648.0,0.0,25148.0,0.0
YESBANK,2017-01-30 18:20:00,2017-01-30,2017-01-27,2017-01-27,Employees/Designated Employees,Market Sale,Sell,Equity Shares,3500.0,0.0,0.0,0.0,0.0,12000.0,0.0,8500.0,0.0
YESBANK,2017-01-30 18:20:00,2017-01-25,2017-01-24,2017-01-24,Employees/Designated Employees,Market Sale,Sell,Equity Shares,4000.0,0.0,0.0,0.0,0.0,16685.0,0.0,12685.0,0.0
YESBANK,2017-01-30 18:20:00,2017-01-27,2017-01-24,2017-01-24,Employees/Designated Employees,Market Sale,Sell,Equity Shares,500.0,0.0,0.0,0.0,0.0,48500.0,0.01,48000.0,0.01
YESBANK,2017-01-30 18:20:00,2017-01-27,2017-01-25,2017-01-25,Employees/Designated Employees,Market Sale,Sell,Equity Shares,1000.0,0.0,0.0,0.0,0.0,48000.0,0.01,47000.0,0.01
YESBANK,2017-01-30 18:20:00,2017-01-27,2017-01-25,2017-01-25,Employees/Designated Employees,Market Sale,Sell,Equity Shares,10000.0,0.0,0.0,0.0,0.0,190000.0,0.04,180000.0,0.04
YESBANK,2017-01-30 18:20:00,2017-01-30,2017-01-10,2017-01-10,Employees/Designated Employees,ESOP,Buy,Equity Shares,1500.0,0.0,0.0,0.0,0.0,,0.0,1500.0,0.0
YESBANK,2017-01-30 18:20:00,2017-01-30,2017-01-25,2017-01-25,Employees/Designated Employees,Market Sale,Sell,Equity Shares,5000.0,0.0,0.0,0.0,0.0,17000.0,0.0,12000.0,0.0
YESBANK,2017-01-30 18:20:00,2017-01-30,2017-01-30,2017-01-30,Employees/Designated Employees,Market Sale,Sell,Equity Shares,1500.0,0.0,0.0,0.0,0.0,3000.0,0.0,1500.0,0.0
YESBANK,2017-01-30 18:20:00,2017-01-30,2017-01-24,2017-01-24,Employees/Designated Employees,ESOP,Buy,Equity Shares,1500.0,0.0,0.0,0.0,0.0,1500.0,0.0,3000.0,0.0
YESBANK,2017-01-30 18:20:00,2017-01-30,2017-01-27,2017-01-27,Employees/Designated Employees,Market Sale,Sell,Equity Shares,3000.0,0.0,0.0,0.0,0.0,31007.0,0.01,28007.0,0.01
YESBANK,2017-01-30 19:09:00,2017-01-30,2017-01-27,2017-01-27,Employees/Designated Employees,Market Sale,Sell,Equity Shares,2700.0,0.0,0.0,0.0,0.0,22745.0,0.01,20045.0,0.01
YESBANK,2017-01-30 19:09:00,2017-01-30,2017-01-27,2017-01-27,Employees/Designated Employees,Market Sale,Sell,Equity Shares,1000.0,0.0,0.0,0.0,0.0,13500.0,0.0,12500.0,0.0
YESBANK,2017-01-30 19:09:00,2017-01-30,2017-01-25,2017-01-25,Employees/Designated Employees,Pledge Creation,Pledge,Equity Shares,9000.0,0.0,0.0,0.0,0.0,48400.0,0.01,48400.0,0.01
YESBANK,2017-01-30 19:09:00,2017-01-27,2017-01-23,2017-01-23,Employees/Designated Employees,Market Sale,Sell,Equity Shares,500.0,0.0,0.0,0.0,0.0,34845.0,0.01,34345.0,0.01
YESBANK,2017-01-30 19:09:00,2017-01-27,2017-01-24,2017-01-24,Employees/Designated Employees,Market Sale,Sell,Equity Shares,100.0,0.0,0.0,0.0,0.0,34345.0,0.01,34245.0,0.01
YESBANK,2017-01-30 19:09:00,2017-01-27,2017-01-25,2017-01-25,Employees/Designated Employees,Market Sale,Sell,Equity Shares,10000.0,0.0,0.0,0.0,0.0,32745.0,0.01,22745.0,0.01
YESBANK,2017-01-30 19:09:00,2017-01-27,2017-01-25,2017-01-25,Employees/Designated Employees,Market Sale,Sell,Equity Shares,1500.0,0.0,0.0,0.0,0.0,34245.0,0.01,32745.0,0.01
YESBANK,2017-01-31 19:14:00,2017-01-30,2017-01-23,2017-01-27,Employees/Designated Employees,Market Sale,Sell,Equity Shares,5000.0,0.0,0.0,0.0,0.0,7000.0,0.0,2000.0,0.0
YESBANK,2017-01-31 19:14:00,2017-01-31,2017-01-25,2017-01-25,Employees/Designated Employees,Market Sale,Sell,Equity Shares,1200.0,0.0,0.0,0.0,0.0,65300.0,0.02,64100.0,0.02
YESBANK,2017-01-31 19:14:00,2017-01-30,2017-01-27,2017-01-27,Employees/Designated Employees,Market Sale,Sell,Equity Shares,5000.0,0.0,0.0,0.0,0.0,20045.0,0.0,15045.0,0.0
YESBANK,2017-01-31 19:14:00,2017-01-30,2017-01-23,2017-01-23,Employees/Designated Employees,Market Sale,Sell,Equity Shares,7500.0,0.0,0.0,0.0,0.0,38100.0,0.01,30600.0,0.01
YESBANK,2017-01-31 19:14:00,2017-01-27,2017-01-10,2017-01-10,Employees/Designated Employees,ESOP,Buy,Equity Shares,1050.0,0.0,0.0,0.0,0.0,2700.0,0.0,3750.0,0.0
YESBANK,2017-01-31 19:14:00,2017-01-27,2017-01-24,2017-01-24,Employees/Designated Employees,Market Sale,Sell,Equity Shares,200.0,0.0,0.0,0.0,0.0,3750.0,0.0,3550.0,0.0
YESBANK,2017-01-31 19:14:00,2017-01-27,2017-01-25,2017-01-25,Employees/Designated Employees,Market Sale,Sell,Equity Shares,380.0,0.0,0.0,0.0,0.0,3550.0,0.0,3170.0,0.0
YESBANK,2017-01-31 19:14:00,2017-01-31,2017-01-25,2017-01-25,Employees/Designated Employees,Market Sale,Sell,Equity Shares,1000.0,0.0,0.0,0.0,0.0,6500.0,0.0,5500.0,0.0
YESBANK,2017-01-31 19:14:00,2017-01-31,2017-01-27,2017-01-27,Employees/Designated Employees,Market Sale,Sell,Equity Shares,1000.0,0.0,0.0,0.0,0.0,301250.0,0.07,300250.0,0.07
YESBANK,2017-01-31 19:14:00,2017-01-31,2017-01-31,2017-01-31,Employees/Designated Employees,Market Sale,Sell,Equity Shares,1219.0,0.0,0.0,0.0,0.0,63800.0,0.02,62581.0,0.01
YESBANK,2017-02-01 14:52:00,2017-01-31,2017-01-24,2017-01-24,Employees/Designated Employees,ESOP,Buy,Equity Shares,1000.0,0.0,0.0,0.0,0.0,1000.0,0.0,2000.0,0.0
YESBANK,2017-02-01 14:52:00,2017-01-31,2017-01-30,2017-01-30,Employees/Designated Employees,Market Sale,Sell,Equity Shares,2500.0,0.0,0.0,0.0,0.0,2500.0,0.0,,0.0
YESBANK,2017-02-01 14:52:00,2017-01-31,2016-12-29,2016-12-29,Employees/Designated Employees,Market Sale,Sell,Equity Shares,2500.0,0.0,0.0,0.0,0.0,19500.0,0.0,17000.0,0.0
YESBANK,2017-02-01 14:52:00,2017-01-31,2017-01-27,2017-01-27,Employees/Designated Employees,Market Sale,Sell,Equity Shares,1000.0,0.0,0.0,0.0,0.0,12685.0,0.0,11685.0,0.0
YESBANK,2017-02-01 14:52:00,2017-02-01,2017-01-31,2017-01-31,Employees/Designated Employees,Market Sale,Sell,Equity Shares,600.0,0.0,0.0,0.0,0.0,2000.0,0.0,1400.0,0.0
YESBANK,2017-02-01 18:56:00,2017-01-30,2017-01-25,2017-01-25,Employees/Designated Employees,Market Sale,Sell,Equity Shares,4800.0,0.0,0.0,0.0,0.0,4940.0,0.0,140.0,0.0
YESBANK,2017-02-02 14:09:00,2017-01-31,2017-01-25,2017-01-25,Employees/Designated Employees,Market Sale,Sell,Equity Shares,10000.0,0.0,0.0,0.0,0.0,158700.0,0.04,148700.0,0.04
YESBANK,2017-02-02 14:09:00,2017-01-31,2017-01-30,2017-01-30,Employees/Designated Employees,Market Sale,Sell,Equity Shares,3925.0,0.0,0.0,0.0,0.0,7000.0,0.0,3075.0,0.0
YESBANK,2017-02-02 14:09:00,2017-02-02,2017-01-31,2017-01-31,Employees/Designated Employees,Market Sale,Sell,Equity Shares,2000.0,0.0,0.0,0.0,0.0,71550.0,0.0,69550.0,0.0
YESBANK,2017-02-03 18:59:00,2017-02-02,2017-01-25,2017-01-25,Employees/Designated Employees,Market Sale,Sell,Equity Shares,250.0,0.0,0.0,0.0,0.0,809500.0,0.19,809250.0,0.19
YESBANK,2017-02-03 18:59:00,2017-02-02,2017-01-31,2017-01-31,Employees/Designated Employees,Market Sale,Sell,Equity Shares,750.0,0.0,0.0,0.0,0.0,809250.0,0.19,808500.0,0.19
YESBANK,2017-02-03 18:59:00,2017-02-02,2017-02-01,2017-02-01,Employees/Designated Employees,Market Sale,Sell,Equity Shares,1000.0,0.0,0.0,0.0,0.0,300250.0,0.07,299250.0,0.07
YESBANK,2017-02-03 18:59:00,2017-02-02,2017-01-25,2017-01-25,Employees/Designated Employees,Market Sale,Sell,Equity Shares,1500.0,0.0,0.0,0.0,0.0,12000.0,0.0,10500.0,0.0
YESBANK,2017-02-03 18:59:00,2017-02-02,2017-01-24,2017-01-24,Employees/Designated Employees,Market Sale,Sell,Equity Shares,1000.0,0.0,0.0,0.0,0.0,13000.0,0.0,12000.0,0.0
YESBANK,2017-02-06 14:02:00,2017-02-06,2017-02-01,2017-02-01,Employees/Designated Employees,Market Sale,Sell,Equity Shares,3000.0,0.0,0.0,0.0,0.0,15045.0,0.0,12045.0,0.0
YESBANK,2017-02-06 15:04:00,2017-02-06,2017-01-25,2017-01-25,Employees/Designated Employees,Market Sale,Sell,Equity Shares,1000.0,0.0,0.0,0.0,0.0,1000.0,0.0,,0.0
YESBANK,2017-02-06 16:16:00,2017-02-06,2017-01-25,2017-01-25,Employees/Designated Employees,Market Sale,Sell,Equity Shares,2000.0,0.0,0.0,0.0,0.0,3000.0,0.0,1000.0,0.0
YESBANK,2017-02-07 18:11:00,2017-02-06,2017-01-27,2017-01-27,Employees/Designated Employees,Market Sale,Sell,Equity Shares,1700.0,0.0,0.0,0.0,0.0,2550.0,0.0,850.0,0.0
YESBANK,2017-02-09 14:09:00,2017-02-08,2017-02-08,2017-02-08,Employees/Designated Employees,ESOP,Buy,Equity Shares,1500.0,0.0,0.0,0.0,0.0,1500.0,0.0,3000.0,0.0
YESBANK,2017-02-09 14:09:00,2017-02-07,2017-02-07,2017-02-07,Employees/Designated Employees,Market Sale,Sell,Equity Shares,5000.0,0.0,0.0,0.0,0.0,44000.0,0.01,39000.0,0.01
YESBANK,2017-02-09 14:09:00,2017-02-08,2017-02-08,2017-02-08,Employees/Designated Employees,Market Sale,Sell,Equity Shares,1500.0,0.0,0.0,0.0,0.0,3000.0,0.0,1500.0,0.0
YESBANK,2017-02-09 14:09:00,2017-02-08,2017-02-08,2017-02-08,Employees/Designated Employees,ESOP,Buy,Equity Shares,5100.0,0.0,0.0,0.0,0.0,16000.0,0.0,21100.0,0.0
YESBANK,2017-02-09 14:09:00,2017-02-07,2017-02-07,2017-02-07,Employees/Designated Employees,Market Sale,Sell,Equity Shares,1200.0,0.0,0.0,0.0,0.0,22050.0,0.0,20850.0,0.0
YESBANK,2017-02-09 14:09:00,2017-02-08,2017-02-08,2017-02-08,Employees/Designated Employees,ESOP,Buy,Equity Shares,5000.0,0.0,0.0,0.0,0.0,,0.0,5000.0,0.0
YESBANK,2017-02-09 14:09:00,2017-02-08,2017-02-08,2017-02-08,Employees/Designated Employees,ESOP,Buy,Equity Shares,3000.0,0.0,0.0,0.0,0.0,850.0,0.0,3850.0,0.0
YESBANK,2017-02-09 14:09:00,2017-02-08,2017-02-08,2017-02-08,Employees/Designated Employees,ESOP,Buy,Equity Shares,5200.0,0.0,0.0,0.0,0.0,28007.0,0.01,33207.0,0.01
YESBANK,2017-02-09 14:09:00,2017-02-08,2017-02-08,2017-02-08,Employees/Designated Employees,ESOP,Buy,Equity Shares,6000.0,0.0,0.0,0.0,0.0,46000.0,0.01,52000.0,0.01
YESBANK,2017-02-09 15:57:00,2017-02-08,2017-02-08,2017-02-08,Employees/Designated Employees,ESOP,Buy,Equity Shares,16500.0,0.0,0.0,0.0,0.0,299250.0,0.07,315750.0,0.07
YESBANK,2017-02-09 15:57:00,2017-02-08,2017-02-08,2017-02-08,Employees/Designated Employees,ESOP,Buy,Equity Shares,12500.0,0.0,0.0,0.0,0.0,,0.0,12500.0,0.0
YESBANK,2017-02-09 15:57:00,2017-02-09,2017-02-08,2017-02-08,Employees/Designated Employees,ESOP,Buy,Equity Shares,12750.0,0.0,0.0,0.0,0.0,8500.0,0.0,21250.0,0.01
YESBANK,2017-02-09 15:57:00,2017-02-09,2017-02-08,2017-02-08,Employees/Designated Employees,ESOP,Buy,Equity Shares,3000.0,0.0,0.0,0.0,0.0,10000.0,0.0,13000.0,0.0
YESBANK,2017-02-09 15:57:00,2017-02-09,2017-02-01,2017-02-01,Employees/Designated Employees,Market Sale,Sell,Equity Shares,500.0,0.0,0.0,0.0,0.0,10500.0,0.0,10000.0,0.0
YESBANK,2017-02-09 15:57:00,2017-02-09,2017-02-08,2017-02-08,Employees/Designated Employees,ESOP,Buy,Equity Shares,20000.0,0.0,0.0,0.0,0.0,180000.0,0.04,200000.0,0.05
YESBANK,2017-02-10 16:46:00,2017-02-10,2017-02-01,2017-02-01,Employees/Designated Employees,Market Sale,Sell,Equity Shares,700.0,0.0,0.0,0.0,0.0,2360.0,0.0,1660.0,0.0
YESBANK,2017-02-10 16:46:00,2017-02-10,2017-02-09,2017-02-09,Employees/Designated Employees,Market Sale,Sell,Equity Shares,500.0,0.0,0.0,0.0,0.0,1660.0,0.0,1160.0,0.0
YESBANK,2017-02-10 16:46:00,2017-02-08,2017-02-08,2017-02-08,Employees/Designated Employees,ESOP,Buy,Equity Shares,6000.0,0.0,0.0,0.0,0.0,10000.0,0.0,16000.0,0.0
YESBANK,2017-02-10 16:46:00,2017-02-10,2017-02-09,2017-02-09,Employees/Designated Employees,Market Sale,Sell,Equity Shares,4000.0,0.0,0.0,0.0,0.0,12045.0,0.0,8045.0,0.0
YESBANK,2017-02-10 16:46:00,2017-02-10,2017-02-09,2017-02-09,Employees/Designated Employees,Pledge Creation,Pledge,Equity Shares,20000.0,0.0,0.0,0.0,0.0,236650.0,0.06,236650.0,0.06
YESBANK,2017-02-10 16:46:00,2017-02-10,2017-02-08,2017-02-08,Employees/Designated Employees,ESOP,Buy,Equity Shares,3000.0,0.0,0.0,0.0,0.0,35046.0,0.01,38046.0,0.01
YESBANK,2017-02-10 16:46:00,2017-02-09,2017-02-08,2017-02-08,Employees/Designated Employees,Market Sale,Sell,Equity Shares,1000.0,0.0,0.0,0.0,0.0,808000.0,0.19,807000.0,0.19
YESBANK,2017-02-13 14:31:00,2017-02-10,2017-02-10,2017-02-10,Employees/Designated Employees,Market Sale,Sell,Equity Shares,3000.0,0.0,0.0,0.0,0.0,8045.0,0.0,5045.0,0.0
YESBANK,2017-02-13 14:31:00,2017-02-09,2017-02-07,2017-02-07,Employees/Designated Employees,Revokation of Pledge,Pledge Revoke,Equity Shares,12800.0,0.0,0.0,0.0,0.0,25000.0,0.0,25000.0,0.0
YESBANK,2017-02-13 14:31:00,2017-02-13,2017-02-01,2017-02-09,Employees/Designated Employees,Market Sale,Sell,Equity Shares,2000.0,0.0,0.0,0.0,0.0,2000.0,0.0,,0.0
YESBANK,2017-02-13 17:12:00,2017-02-13,2017-02-08,2017-02-08,Employees/Designated Employees,Market Sale,Sell,Equity Shares,6000.0,0.0,0.0,0.0,0.0,22750.0,0.01,16750.0,0.0
YESBANK,2017-02-13 17:12:00,2017-02-13,2017-02-13,2017-02-13,Employees/Designated Employees,Market Sale,Sell,Equity Shares,900.0,0.0,0.0,0.0,0.0,447050.0,0.11,446150.0,0.11
YESBANK,2017-02-14 16:12:00,2017-02-13,2017-02-13,2017-02-13,Employees/Designated Employees,Market Sale,Sell,Equity Shares,1850.0,0.0,0.0,0.0,0.0,21100.0,0.0,19250.0,0.0
YESBANK,2017-02-14 16:12:00,2017-02-13,2017-02-08,2017-02-08,Employees/Designated Employees,ESOP,Buy,Equity Shares,3000.0,0.0,0.0,0.0,0.0,12000.0,0.0,15000.0,0.0
YESBANK,2017-02-14 16:12:00,2017-02-14,2017-02-13,2017-02-13,Employees/Designated Employees,Market Sale,Sell,Equity Shares,3500.0,0.0,0.0,0.0,0.0,52000.0,0.01,48500.0,0.01
YESBANK,2017-02-14 16:12:00,2017-02-14,2017-02-10,2017-02-10,Employees/Designated Employees,Market Sale,Sell,Equity Shares,8000.0,0.0,0.0,0.0,0.0,317095.0,0.07,309095.0,0.07
YESBANK,2017-02-14 16:12:00,2017-02-13,2017-02-07,2017-02-07,Employees/Designated Employees,Market Sale,Sell,Equity Shares,500.0,0.0,0.0,0.0,0.0,44000.0,0.01,43500.0,0.01
YESBANK,2017-02-14 16:12:00,2017-02-13,2017-02-06,2017-02-06,Employees/Designated Employees,Market Sale,Sell,Equity Shares,500.0,0.0,0.0,0.0,0.0,44500.0,0.01,44000.0,0.01
YESBANK,2017-02-14 16:12:00,2017-02-14,2017-02-13,2017-02-13,Employees/Designated Employees,Market Sale,Sell,Equity Shares,4745.0,0.0,0.0,0.0,0.0,5045.0,0.0,300.0,0.0
YESBANK,2017-02-14 16:12:00,2017-02-13,2017-02-09,2017-02-09,Employees/Designated Employees,Market Sale,Sell,Equity Shares,1000.0,0.0,0.0,0.0,0.0,13000.0,0.0,12000.0,0.0
YESBANK,2017-02-14 16:22:00,2017-02-14,2017-02-13,2017-02-13,Employees/Designated Employees,Market Sale,Sell,Equity Shares,10000.0,0.0,0.0,0.0,0.0,190000.0,0.04,180000.0,0.04
YESBANK,2017-02-14 16:22:00,2017-02-13,2017-02-10,2017-02-10,Employees/Designated Employees,Market Sale,Sell,Equity Shares,10000.0,0.0,0.0,0.0,0.0,200000.0,0.05,190000.0,0.04
YESBANK,2017-02-14 16:22:00,2017-02-14,2017-02-13,2017-02-13,Employees/Designated Employees,Market Sale,Sell,Equity Shares,1250.0,0.0,0.0,0.0,0.0,806500.0,0.19,805250.0,0.19
YESBANK,2017-02-14 16:22:00,2017-02-14,2017-02-09,2017-02-09,Employees/Designated Employees,Market Sale,Sell,Equity Shares,500.0,0.0,0.0,0.0,0.0,807000.0,0.19,806500.0,0.19
YESBANK,2017-02-14 16:22:00,2017-02-14,2017-02-09,2017-02-09,Employees/Designated Employees,Market Sale,Sell,Equity Shares,5000.0,0.0,0.0,0.0,0.0,6505.0,0.0,1505.0,0.0
YESBANK,2017-02-14 16:22:00,2017-02-10,2017-02-09,2017-02-09,Employees/Designated Employees,Market Sale,Sell,Equity Shares,600.0,0.0,0.0,0.0,0.0,1200.0,0.0,600.0,0.0
YESBANK,2017-02-14 16:22:00,2017-02-10,2017-02-08,2017-02-08,Employees/Designated Employees,Market Sale,Sell,Equity Shares,200.0,0.0,0.0,0.0,0.0,1400.0,0.0,1200.0,0.0
YESBANK,2017-02-14 17:53:00,2017-02-13,2017-02-13,2017-02-13,Employees/Designated Employees,Market Sale,Sell,Equity Shares,1700.0,0.0,0.0,0.0,0.0,1700.0,0.0,,0.0
YESBANK,2017-02-15 12:08:00,2017-02-14,2017-02-13,2017-02-13,Employees/Designated Employees,Market Sale,Sell,Equity Shares,1250.0,0.0,0.0,0.0,0.0,9150.0,0.0,7900.0,0.0
YESBANK,2017-02-15 12:08:00,2017-02-14,2017-01-31,2017-01-31,Employees/Designated Employees,Market Sale,Sell,Equity Shares,450.0,0.0,0.0,0.0,0.0,9600.0,0.0,9150.0,0.0
YESBANK,2017-02-15 12:08:00,2017-02-14,2017-01-25,2017-01-25,Employees/Designated Employees,Market Sale,Sell,Equity Shares,200.0,0.0,0.0,0.0,0.0,9800.0,0.0,9600.0,0.0
YESBANK,2017-02-15 12:08:00,2017-02-14,2017-02-13,2017-02-13,Employees/Designated Employees,Market Sale,Sell,Equity Shares,3000.0,0.0,0.0,0.0,0.0,3000.0,0.0,,0.0
YESBANK,2017-02-15 12:08:00,2017-02-14,2017-01-10,2017-01-10,Employees/Designated Employees,ESOP,Buy,Equity Shares,3000.0,0.0,0.0,0.0,0.0,,0.0,3000.0,0.0
YESBANK,2017-02-15 12:08:00,2017-02-15,2017-02-13,2017-02-13,Employees/Designated Employees,Market Sale,Sell,Equity Shares,1000.0,0.0,0.0,0.0,0.0,315750.0,0.07,314750.0,0.07
YESBANK,2017-02-15 19:32:00,2017-02-14,2017-01-25,2017-01-25,Employees/Designated Employees,Market Sale,Sell,Equity Shares,500.0,0.0,0.0,0.0,0.0,9800.0,0.0,9300.0,0.0
YESBANK,2017-02-15 19:32:00,2017-02-14,2017-02-13,2017-02-13,Employees/Designated Employees,Market Sale,Sell,Equity Shares,900.0,0.0,0.0,0.0,0.0,9300.0,0.0,8400.0,0.0
YESBANK,2017-02-15 19:32:00,2017-02-15,2017-02-13,2017-02-13,Employees/Designated Employees,Market Sale,Sell,Equity Shares,1000.0,0.0,0.0,0.0,0.0,15000.0,0.0,14000.0,0.0
YESBANK,2017-02-15 19:32:00,2017-02-13,2017-02-10,2017-02-10,Employees/Designated Employees,Market Sale,Sell,Equity Shares,500.0,0.0,0.0,0.0,0.0,12000.0,0.0,11500.0,0.0
YESBANK,2017-02-15 19:32:00,2017-02-14,2017-02-13,2017-02-13,Employees/Designated Employees,Market Sale,Sell,Equity Shares,2500.0,0.0,0.0,0.0,0.0,11500.0,0.0,9000.0,0.0
YESBANK,2017-02-15 19:32:00,2017-02-15,2017-02-14,2017-02-14,Employees/Designated Employees,Market Sale,Sell,Equity Shares,1000.0,0.0,0.0,0.0,0.0,233650.0,0.06,232650.0,0.05
YESBANK,2017-02-15 19:32:00,2017-02-14,2017-02-14,2017-02-14,Employees/Designated Employees,Market Sale,Sell,Equity Shares,1000.0,0.0,0.0,0.0,0.0,13850.0,0.0,12850.0,0.0
YESBANK,2017-02-15 19:32:00,2017-02-15,2017-02-13,2017-02-13,Employees/Designated Employees,Market Sale,Sell,Equity Shares,2000.0,0.0,0.0,0.0,0.0,14500.0,0.0,12500.0,0.0
YESBANK,2017-02-15 19:32:00,2017-02-15,2017-02-14,2017-02-14,Employees/Designated Employees,Market Sale,Sell,Equity Shares,2000.0,0.0,0.0,0.0,0.0,33207.0,0.01,31207.0,0.0
YESBANK,2017-02-15 19:32:00,2017-02-15,2017-02-13,2017-02-13,Employees/Designated Employees,Market Sale,Sell,Equity Shares,14673.0,0.0,0.0,0.0,0.0,14673.0,0.0,,0.0
YESBANK,2017-02-15 19:32:00,2017-02-15,2017-02-13,2017-02-13,Employees/Designated Employees,Market Sale,Sell,Equity Shares,3000.0,0.0,0.0,0.0,0.0,236650.0,0.06,233650.0,0.06
YESBANK,2017-02-15 19:32:00,2017-02-13,2017-02-13,2017-02-13,Employees/Designated Employees,Market Sale,Sell,Equity Shares,5000.0,0.0,0.0,0.0,0.0,8685.0,0.0,3685.0,0.0
YESBANK,2017-02-16 16:45:00,2017-02-15,2017-02-15,2017-02-15,Employees/Designated Employees,Market Sale,Sell,Equity Shares,21000.0,0.0,0.0,0.0,0.0,126100.0,0.03,105100.0,0.02
YESBANK,2017-02-16 16:52:00,2017-02-15,2017-02-01,2017-02-01,Employees/Designated Employees,Market Sale,Sell,Equity Shares,500.0,0.0,0.0,0.0,0.0,12500.0,0.0,12000.0,0.0
YESBANK,2017-02-16 17:23:00,2017-02-16,2017-02-14,2017-02-14,Employees/Designated Employees,Revokation of Pledge,Pledge Revoke,Equity Shares,1000.0,0.0,0.0,0.0,0.0,10600.0,0.0,10600.0,0.0
YESBANK,2017-02-16 17:27:00,2017-02-15,2017-02-13,2017-02-13,Employees/Designated Employees,Market Purchase,Buy,Equity Shares,100.0,0.0,0.0,0.0,0.0,,0.0,100.0,0.0
YESBANK,2017-02-16 17:27:00,2017-02-15,2017-02-13,2017-02-13,Employees/Designated Employees,Market Sale,Sell,Equity Shares,100.0,0.0,0.0,0.0,0.0,100.0,0.0,,0.0
YESBANK,2017-02-16 17:27:00,,,,Employees/Designated Employees,-,-,,,700.0,700.0,1026165.0,1021160.0,,0.0,,
YESBANK,2017-02-16 18:16:00,,,,Employees/Designated Employees,-,-,,,700.0,700.0,1019725.0,1015490.0,,0.0,,
YESBANK,2017-02-16 18:16:00,,,,Employees/Designated Employees,-,-,,,700.0,0.0,1025150.0,0.0,,0.0,,
YESBANK,2017-02-16 18:16:00,,,,Employees/Designated Employees,-,-,,,700.0,700.0,1024800.0,1036350.0,,0.0,,
YESBANK,2017-02-17 17:12:00,2017-02-17,2017-02-10,2017-02-10,Employees/Designated Employees,Market Sale,Sell,Equity Shares,2500.0,0.0,0.0,0.0,0.0,21001.0,0.0,18501.0,0.0
YESBANK,2017-02-17 17:35:00,2017-02-17,2017-01-16,2017-01-16,Employees/Designated Employees,Market Sale,Sell,Equity Shares,3000.0,0.0,0.0,0.0,0.0,6500.0,0.0,3500.0,0.0
YESBANK,2017-02-17 17:35:00,2017-02-17,2017-02-14,2017-02-14,Employees/Designated Employees,Market Sale,Sell,Equity Shares,6050.0,0.0,0.0,0.0,0.0,182358.0,0.04,176308.0,0.04
YESBANK,2017-02-20 17:05:00,,,,Employees/Designated Employees,-,-,,,0.0,700.0,0.0,1016295.0,,0.0,,
YESBANK,2017-02-20 17:08:00,2017-02-20,2017-01-23,2017-01-23,Employees/Designated Employees,Market Sale,Sell,Equity Shares,5000.0,0.0,0.0,0.0,0.0,5010.0,0.0,10.0,0.0
YESBANK,2017-02-20 17:17:00,,,,Employees/Designated Employees,-,-,,,700.0,700.0,1020600.0,1020950.0,,0.0,,
YESBANK,2017-02-20 17:20:00,2017-02-20,2017-02-16,2017-02-16,Employees/Designated Employees,Market Sale,Sell,Equity Shares,500.0,0.0,0.0,0.0,0.0,9000.0,0.0,8500.0,0.0
YESBANK,2017-02-20 17:20:00,2017-02-20,2017-02-17,2017-02-17,Employees/Designated Employees,Market Sale,Sell,Equity Shares,500.0,0.0,0.0,0.0,0.0,8500.0,0.0,8000.0,0.0
YESBANK,2017-02-20 17:23:00,2017-02-16,2017-02-14,2017-02-14,Employees/Designated Employees,Market Sale,Sell,Equity Shares,100.0,0.0,0.0,0.0,0.0,700.0,0.0,600.0,0.0
YESBANK,2017-02-20 17:23:00,2017-02-16,2017-02-10,2017-02-10,Employees/Designated Employees,Market Sale,Sell,Equity Shares,300.0,0.0,0.0,0.0,0.0,1160.0,0.0,860.0,0.0
YESBANK,2017-02-20 17:23:00,2017-02-16,2017-02-13,2017-02-13,Employees/Designated Employees,Market Sale,Sell,Equity Shares,160.0,0.0,0.0,0.0,0.0,860.0,0.0,700.0,0.0
YESBANK,2017-02-20 17:23:00,2017-02-16,2017-02-15,2017-02-15,Employees/Designated Employees,Market Sale,Sell,Equity Shares,100.0,0.0,0.0,0.0,0.0,600.0,0.0,500.0,0.0
YESBANK,2017-02-20 17:23:00,2017-02-16,2017-02-16,2017-02-16,Employees/Designated Employees,Market Sale,Sell,Equity Shares,100.0,0.0,0.0,0.0,0.0,500.0,0.0,400.0,0.0
YESBANK,2017-02-22 12:13:00,2017-02-20,2017-02-17,2017-02-17,Employees/Designated Employees,Market Sale,Sell,Equity Shares,2000.0,0.0,0.0,0.0,0.0,309095.0,0.0,307095.0,0.0
YESBANK,2017-02-22 12:19:00,2017-02-22,2017-01-11,2017-01-12,Employees/Designated Employees,Market Sale,Sell,Equity Shares,1800.0,0.0,0.0,0.0,0.0,1800.0,0.0,,0.0
YESBANK,2017-02-22 16:26:00,2017-02-22,2017-02-21,2017-02-21,Employees/Designated Employees,Market Sale,Sell,Equity Shares,3000.0,0.0,0.0,0.0,0.0,307095.0,0.07,304095.0,0.07
YESBANK,2017-02-22 16:26:00,2017-02-22,2017-02-13,2017-02-13,Employees/Designated Employees,Market Sale,Sell,Equity Shares,1200.0,0.0,0.0,0.0,0.0,40375.0,0.01,39175.0,0.01
YESBANK,2017-02-22 16:26:00,2017-02-22,2017-02-13,2017-02-13,Employees/Designated Employees,Market Sale,Sell,Equity Shares,2800.0,0.0,0.0,0.0,0.0,69550.0,0.02,66750.0,0.02
YESBANK,2017-02-23 11:51:00,2017-02-22,2017-02-21,2017-02-21,Employees/Designated Employees,Market Sale,Sell,Equity Shares,1000.0,0.0,0.0,0.0,0.0,3000.0,0.0,2000.0,0.0
YESBANK,2017-02-23 11:51:00,2017-02-22,2017-02-15,2017-02-15,Employees/Designated Employees,Market Sale,Sell,Equity Shares,800.0,0.0,0.0,0.0,0.0,4500.0,0.0,3700.0,0.0
YESBANK,2017-02-23 11:51:00,2017-02-22,2017-02-20,2017-02-20,Employees/Designated Employees,Market Sale,Sell,Equity Shares,700.0,0.0,0.0,0.0,0.0,3700.0,0.0,3000.0,0.0
YESBANK,2017-02-23 15:51:00,2017-02-22,2017-01-24,2017-01-24,Employees/Designated Employees,Market Sale,Sell,Equity Shares,12250.0,0.0,0.0,0.0,0.0,12751.0,0.0,501.0,0.0
YESBANK,2017-02-23 15:51:00,2017-02-23,2017-02-23,2017-02-23,Employees/Designated Employees,Market Sale,Sell,Equity Shares,12500.0,0.0,0.0,0.0,0.0,12500.0,0.0,,0.0
YESBANK,2017-02-24 15:54:00,2017-02-24,2017-02-24,2017-02-24,Employees/Designated Employees,ESOP,Buy,Equity Shares,1500.0,0.0,0.0,0.0,0.0,,0.0,1500.0,0.0
YESBANK,2017-02-24 15:54:00,2017-02-24,2017-02-23,2017-02-23,Employees/Designated Employees,Market Sale,Sell,Equity Shares,1500.0,0.0,0.0,0.0,0.0,1500.0,0.0,,0.0
YESBANK,2017-02-24 15:54:00,2017-02-24,2017-02-24,2017-02-24,Employees/Designated Employees,ESOP,Buy,Equity Shares,5000.0,0.0,0.0,0.0,0.0,48500.0,0.01,53500.0,0.01
YESBANK,2017-02-24 15:54:00,2017-02-24,2017-02-24,2017-02-24,Employees/Designated Employees,ESOP,Buy,Equity Shares,6000.0,0.0,0.0,0.0,0.0,10.0,0.0,6010.0,0.0
YESBANK,2017-02-24 15:54:00,2017-02-24,2017-02-24,2017-02-24,Employees/Designated Employees,ESOP,Buy,Equity Shares,31000.0,0.0,0.0,0.0,0.0,,0.0,31000.0,0.0
YESBANK,2017-02-24 15:54:00,2017-02-24,2017-02-24,2017-02-24,Employees/Designated Employees,ESOP,Buy,Equity Shares,3250.0,0.0,0.0,0.0,0.0,19250.0,0.0,22500.0,0.0
YESBANK,2017-02-24 15:54:00,2017-02-24,2017-02-24,2017-02-24,Employees/Designated Employees,ESOP,Buy,Equity Shares,14250.0,0.0,0.0,0.0,0.0,750.0,0.0,15000.0,0.0
YESBANK,2017-02-24 15:54:00,2017-02-24,2017-01-03,2017-01-05,Employees/Designated Employees,Market Sale,Sell,Equity Shares,1000.0,0.0,0.0,0.0,0.0,1000.0,0.0,,0.0
YESBANK,2017-02-24 15:54:00,2017-02-24,2017-01-10,2017-02-24,Employees/Designated Employees,ESOP,Buy,Equity Shares,3455.0,0.0,0.0,0.0,0.0,,0.0,3455.0,0.0
YESBANK,2017-02-24 15:54:00,2017-02-22,2017-01-23,2017-01-23,Employees/Designated Employees,Market Sale,Sell,Equity Shares,500.0,0.0,0.0,0.0,0.0,42500.0,0.0,42000.0,0.0
YESBANK,2017-02-24 15:54:00,2017-02-22,2017-01-24,2017-01-24,Employees/Designated Employees,ESOP,Buy,Equity Shares,2500.0,0.0,0.0,0.0,0.0,42000.0,0.0,44500.0,0.0
YESBANK,2017-02-27 15:08:00,2017-02-27,2017-02-24,2017-02-24,Employees/Designated Employees,ESOP,Buy,Equity Shares,157500.0,0.0,0.0,0.0,0.0,100.0,0.0,157600.0,0.04
YESBANK,2017-02-27 15:08:00,2017-02-24,2017-02-24,2017-02-24,Employees/Designated Employees,ESOP,Buy,Equity Shares,7750.0,0.0,0.0,0.0,0.0,61041.0,0.01,68791.0,0.02
YESBANK,2017-02-27 15:08:00,2017-02-27,2017-02-24,2017-02-24,Employees/Designated Employees,ESOP,Buy,Equity Shares,2600.0,0.0,0.0,0.0,0.0,232650.0,0.05,235250.0,0.06
YESBANK,2017-02-27 15:08:00,2017-02-23,2017-02-23,2017-02-23,Employees/Designated Employees,Pledge Creation,Pledge,Equity Shares,2800.0,0.0,0.0,0.0,0.0,31000.0,0.01,31000.0,0.01
YESBANK,2017-02-28 17:07:00,2017-02-28,2017-02-24,2017-02-24,Employees/Designated Employees,ESOP,Buy,Equity Shares,5000.0,0.0,0.0,0.0,0.0,4440.0,0.0,9440.0,0.0
YESBANK,2017-02-28 17:07:00,2017-02-28,2017-02-24,2017-02-24,Employees/Designated Employees,ESOP,Buy,Equity Shares,7500.0,0.0,0.0,0.0,0.0,1505.0,0.0,9005.0,0.0
YESBANK,2017-02-28 17:07:00,2017-02-27,2017-02-24,2017-02-24,Employees/Designated Employees,ESOP,Buy,Equity Shares,3250.0,0.0,0.0,0.0,0.0,,0.0,3250.0,0.0
YESBANK,2017-02-28 18:47:00,2017-02-27,2017-02-24,2017-02-24,Employees/Designated Employees,ESOP,Buy,Equity Shares,9000.0,0.0,0.0,0.0,0.0,145100.0,0.0,154100.0,0.0
YESBANK,2017-03-01 12:00:00,2017-02-28,2017-02-14,2017-02-21,Employees/Designated Employees,Market Sale,Sell,Equity Shares,15000.0,0.0,0.0,0.0,0.0,26999.0,0.01,11999.0,0.0
YESBANK,2017-03-01 12:00:00,2017-02-28,2017-02-15,2017-02-17,Employees/Designated Employees,Market Sale,Sell,Equity Shares,1500.0,0.0,0.0,0.0,0.0,16800.0,0.0,15300.0,0.0
YESBANK,2017-03-01 15:53:00,2017-02-27,2017-02-13,2017-02-13,Employees/Designated Employees,Market Sale,Sell,Equity Shares,1000.0,0.0,0.0,0.0,0.0,1000.0,0.0,,0.0
YESBANK,2017-03-01 17:56:00,2017-03-01,2017-02-03,2017-02-03,Employees/Designated Employees,Market Sale,Sell,Equity Shares,3500.0,0.0,0.0,0.0,0.0,10140.0,0.0,6640.0,0.0
YESBANK,2017-03-02 11:55:00,2017-03-01,2017-02-28,2017-02-28,Employees/Designated Employees,Market Sale,Sell,Equity Shares,5000.0,0.0,0.0,0.0,0.0,304095.0,0.07,299095.0,0.07
YESBANK,2017-03-02 11:55:00,2017-03-01,2017-02-14,2017-02-14,Employees/Designated Employees,Market Sale,Sell,Equity Shares,1000.0,0.0,0.0,0.0,0.0,2800.0,0.0,1800.0,0.0
YESBANK,2017-03-02 18:03:00,2017-03-01,2017-02-10,2017-02-15,Employees/Designated Employees,Market Sale,Sell,Equity Shares,10000.0,0.0,0.0,0.0,0.0,30500.0,0.01,20500.0,0.0
YESBANK,2017-03-02 18:03:00,2017-02-28,2017-02-28,2017-02-28,Employees/Designated Employees,Market Sale,Sell,Equity Shares,2000.0,0.0,0.0,0.0,0.0,148100.0,0.04,146100.0,0.04
YESBANK,2017-03-03 17:22:00,2017-03-02,2017-02-13,2017-02-13,Employees/Designated Employees,Market Sale,Sell,Equity Shares,1000.0,0.0,0.0,0.0,0.0,2700.0,0.0,1700.0,0.0
YESBANK,2017-03-03 17:22:00,2017-03-02,2017-02-13,2017-02-13,Employees/Designated Employees,Market Sale,Sell,Equity Shares,600.0,0.0,0.0,0.0,0.0,20850.0,0.0,20250.0,0.0
YESBANK,2017-03-03 17:22:00,2017-03-02,2017-02-24,2017-02-24,Employees/Designated Employees,ESOP,Buy,Equity Shares,2100.0,0.0,0.0,0.0,0.0,20250.0,0.0,22350.0,0.0
YESBANK,2017-03-03 19:33:00,2017-03-03,2017-02-28,2017-02-28,Employees/Designated Employees,Market Sale,Sell,Equity Shares,500.0,0.0,0.0,0.0,0.0,805000.0,0.19,804500.0,0.19
YESBANK,2017-03-06 18:33:00,2017-03-06,2017-02-02,2017-02-02,Employees/Designated Employees,Market Sale,Sell,Equity Shares,800.0,0.0,0.0,0.0,0.0,26620.0,0.01,25820.0,0.01
YESBANK,2017-03-06 18:33:00,2017-03-06,2017-03-06,2017-03-06,Employees/Designated Employees,Market Sale,Sell,Equity Shares,500.0,0.0,0.0,0.0,0.0,2500.0,0.0,2000.0,0.0
YESBANK,2017-03-06 18:33:00,2017-03-06,2017-02-08,2017-02-24,Employees/Designated Employees,ESOP,Buy,Equity Shares,2500.0,0.0,0.0,0.0,0.0,,0.0,2500.0,0.0
YESBANK,2017-03-07 14:04:00,2017-03-07,2017-03-06,2017-03-06,Employees/Designated Employees,Market Sale,Sell,Equity Shares,1000.0,0.0,0.0,0.0,0.0,9000.0,0.0,8000.0,0.0
YESBANK,2017-03-07 14:04:00,2017-03-07,2017-03-06,2017-03-06,Employees/Designated Employees,Market Sale,Sell,Equity Shares,3000.0,0.0,0.0,0.0,0.0,176308.0,0.04,173308.0,0.04
YESBANK,2017-03-08 15:34:00,2017-03-07,2017-03-01,2017-03-06,Employees/Designated Employees,Market Sale,Sell,Equity Shares,2100.0,0.0,0.0,0.0,0.0,15300.0,0.0,13200.0,0.0
YESBANK,2017-03-08 17:58:00,2017-03-07,2017-01-25,2017-02-01,Employees/Designated Employees,Market Sale,Sell,Equity Shares,3000.0,0.0,0.0,0.0,0.0,9010.0,0.0,6010.0,0.0
YESBANK,2017-03-08 18:03:00,,,,Employees/Designated Employees,-,-,,,700.0,700.0,1015051.8,1015043.25,,0.0,,
YESBANK,2017-03-08 18:06:00,2017-03-08,2017-03-08,2017-03-08,Employees/Designated Employees,Market Sale,Sell,Equity Shares,1000.0,0.0,0.0,0.0,0.0,8000.0,0.0,7000.0,0.0
YESBANK,2017-03-09 17:20:00,2017-03-07,2017-03-06,2017-03-06,Employees/Designated Employees,Market Sale,Sell,Equity Shares,5000.0,0.0,0.0,0.0,0.0,299095.0,0.07,294095.0,0.07
YESBANK,2017-03-09 17:20:00,2017-03-09,2017-03-08,2017-03-08,Employees/Designated Employees,Market Sale,Sell,Equity Shares,5000.0,0.0,0.0,0.0,0.0,294095.0,0.07,289095.0,0.07
YESBANK,2017-03-09 17:20:00,2017-03-08,2017-02-16,2017-02-16,Employees/Designated Employees,Market Sale,Sell,Equity Shares,5000.0,0.0,0.0,0.0,0.0,6000.0,0.0,1000.0,0.0
YESBANK,2017-03-09 17:20:00,2017-03-09,2017-03-08,2017-03-08,Employees/Designated Employees,Market Sale,Sell,Equity Shares,1000.0,0.0,0.0,0.0,0.0,317500.0,0.07,316500.0,0.07
YESBANK,2017-03-09 17:20:00,2017-03-08,2017-03-08,2017-03-08,Employees/Designated Employees,Market Sale,Sell,Equity Shares,1000.0,0.0,0.0,0.0,0.0,53000.0,0.01,52000.0,0.01
YESBANK,2017-03-10 17:12:00,2017-03-08,2017-02-28,2017-02-28,Employees/Designated Employees,Revokation of Pledge,Pledge Revoke,Equity Shares,600.0,0.0,0.0,0.0,0.0,11600.0,0.0,11600.0,0.0
YESBANK,2017-03-10 17:12:00,2017-03-09,2017-03-09,2017-03-09,Employees/Designated Employees,Market Sale,Sell,Equity Shares,1500.0,0.0,0.0,0.0,0.0,1500.0,0.0,,0.0
YESBANK,2017-03-10 17:14:00,2017-03-09,2017-03-08,2017-03-08,Employees/Designated Employees,Market Sale,Sell,Equity Shares,3000.0,0.0,0.0,0.0,0.0,173308.0,0.04,170308.0,0.04
YESBANK,2017-03-10 17:28:00,2017-03-10,2017-03-10,2017-03-10,Employees/Designated Employees,ESOP,Buy,Equity Shares,2400.0,0.0,0.0,0.0,0.0,36500.0,0.01,38900.0,0.01
YESBANK,2017-03-10 17:28:00,2017-03-10,2017-03-10,2017-03-10,Employees/Designated Employees,ESOP,Buy,Equity Shares,40000.0,0.0,0.0,0.0,0.0,25299.0,0.01,65299.0,0.02
YESBANK,2017-03-10 17:28:00,2017-03-10,2017-03-10,2017-03-10,Employees/Designated Employees,ESOP,Buy,Equity Shares,3000.0,0.0,0.0,0.0,0.0,2000.0,0.0,5000.0,0.0
YESBANK,2017-03-10 17:28:00,2017-03-10,2017-03-10,2017-03-10,Employees/Designated Employees,ESOP,Buy,Equity Shares,26000.0,0.0,0.0,0.0,0.0,23200.0,0.01,49200.0,0.01
YESBANK,2017-03-10 17:28:00,2017-03-10,2017-03-10,2017-03-10,Employees/Designated Employees,ESOP,Buy,Equity Shares,2750.0,0.0,0.0,0.0,0.0,314750.0,0.07,317500.0,0.07
YESBANK,2017-03-10 17:28:00,2017-03-10,2017-03-10,2017-03-10,Employees/Designated Employees,ESOP,Buy,Equity Shares,17000.0,0.0,0.0,0.0,0.0,66750.0,0.01,83750.0,0.02
YESBANK,2017-03-10 17:28:00,2017-03-10,2017-03-10,2017-03-10,Employees/Designated Employees,Market Sale,Sell,Equity Shares,1100.0,0.0,0.0,0.0,0.0,31000.0,0.01,29900.0,0.01
YESBANK,2017-03-10 17:28:00,2017-03-10,2017-03-10,2017-03-10,Employees/Designated Employees,ESOP,Buy,Equity Shares,8900.0,0.0,0.0,0.0,0.0,706.0,0.0,9606.0,0.0
YESBANK,2017-03-10 17:28:00,2017-03-08,2017-02-17,2017-02-17,Employees/Designated Employees,Market Sale,Sell,Equity Shares,1000.0,0.0,0.0,0.0,0.0,1000.0,0.0,,0.0
YESBANK,2017-03-10 17:28:00,2017-03-10,2017-03-08,2017-03-08,Employees/Designated Employees,Market Sale,Sell,Equity Shares,1500.0,0.0,0.0,0.0,0.0,22850.0,0.01,21350.0,0.01
YESBANK,2017-03-10 17:28:00,2017-03-10,2017-03-10,2017-03-10,Employees/Designated Employees,ESOP,Buy,Equity Shares,1500.0,0.0,0.0,0.0,0.0,21350.0,0.01,22850.0,0.01
YESBANK,2017-03-14 17:41:00,2017-03-10,2017-03-06,2017-03-06,Employees/Designated Employees,Market Sale,Sell,Equity Shares,1000.0,0.0,0.0,0.0,0.0,17500.0,0.0,16500.0,0.0
YESBANK,2017-03-14 17:41:00,2017-03-10,2017-03-08,2017-03-08,Employees/Designated Employees,Market Sale,Sell,Equity Shares,1000.0,0.0,0.0,0.0,0.0,16500.0,0.0,15500.0,0.0
YESBANK,2017-03-14 17:44:00,2017-03-14,2017-03-10,2017-03-10,Employees/Designated Employees,Market Sale,Sell,Equity Shares,5000.0,0.0,0.0,0.0,0.0,5000.0,0.0,,0.0
YESBANK,2017-03-14 17:46:00,2017-03-10,2017-03-07,2017-03-07,Employees/Designated Employees,Market Sale,Sell,Equity Shares,1500.0,0.0,0.0,0.0,0.0,38475.0,0.01,36975.0,0.01
YESBANK,2017-03-14 17:48:00,2017-03-14,2017-03-10,2017-03-10,Employees/Designated Employees,ESOP,Buy,Equity Shares,4000.0,0.0,0.0,0.0,0.0,6010.0,0.0,10010.0,0.0
YESBANK,2017-03-14 17:49:00,2017-03-14,2017-03-08,2017-03-08,Employees/Designated Employees,Market Sale,Sell,Equity Shares,1250.0,0.0,0.0,0.0,0.0,3250.0,0.0,2000.0,0.0
YESBANK,2017-03-14 17:52:00,2017-03-10,2017-03-08,2017-03-08,Employees/Designated Employees,Market Sale,Sell,Equity Shares,5000.0,0.0,0.0,0.0,0.0,235250.0,0.06,230250.0,0.05
YESBANK,2017-03-14 17:54:00,2017-03-10,2017-03-10,2017-03-10,Employees/Designated Employees,Pledge Creation,Pledge,Equity Shares,2000.0,0.0,0.0,0.0,0.0,5000.0,0.0,5000.0,0.0
YESBANK,2017-03-14 18:16:00,2017-03-09,2017-03-08,2017-03-08,Employees/Designated Employees,Market Sale,Sell,Equity Shares,500.0,0.0,0.0,0.0,0.0,3500.0,0.0,3000.0,0.0
YESBANK,2017-03-14 18:16:00,2017-03-09,2017-02-13,2017-02-13,Employees/Designated Employees,Market Sale,Sell,Equity Shares,500.0,0.0,0.0,0.0,0.0,3000.0,0.0,2500.0,0.0
YESBANK,2017-03-14 19:09:00,2017-03-14,2017-03-09,2017-03-09,Employees/Designated Employees,Market Sale,Sell,Equity Shares,10000.0,0.0,0.0,0.0,0.0,148700.0,0.04,138700.0,0.03
YESBANK,2017-03-15 18:15:00,2017-03-15,2017-03-14,2017-03-14,Employees/Designated Employees,Market Sale,Sell,Equity Shares,5000.0,0.0,0.0,0.0,0.0,289095.0,0.0,284095.0,0.0
YESBANK,2017-03-15 18:18:00,2017-03-15,2017-03-14,2017-03-14,Employees/Designated Employees,Market Sale,Sell,Equity Shares,5500.0,0.0,0.0,0.0,0.0,30600.0,0.01,25100.0,0.01
YESBANK,2017-03-15 18:21:00,2017-03-14,2017-03-10,2017-03-10,Employees/Designated Employees,Market Sale,Sell,Equity Shares,2000.0,0.0,0.0,0.0,0.0,33207.0,0.01,31207.0,0.01
YESBANK,2017-03-15 18:23:00,2017-03-14,2017-03-14,2017-03-14,Employees/Designated Employees,Market Sale,Sell,Equity Shares,10400.0,0.0,0.0,0.0,0.0,48400.0,0.01,38000.0,0.01
YESBANK,2017-03-15 18:25:00,2017-03-14,2017-03-10,2017-03-10,Employees/Designated Employees,ESOP,Buy,Equity Shares,6000.0,0.0,0.0,0.0,0.0,1700.0,0.0,7700.0,0.0
YESBANK,2017-03-15 18:27:00,2017-03-15,2017-03-14,2017-03-14,Employees/Designated Employees,Market Sale,Sell,Equity Shares,4000.0,0.0,0.0,0.0,0.0,44770.0,0.01,40770.0,0.01
YESBANK,2017-03-15 18:29:00,2017-03-15,2017-03-14,2017-03-14,Employees/Designated Employees,Market Sale,Sell,Equity Shares,500.0,0.0,0.0,0.0,0.0,54000.0,0.01,53500.0,0.01
YESBANK,2017-03-15 18:35:00,2017-03-14,2017-03-09,2017-03-09,Employees/Designated Employees,Market Sale,Sell,Equity Shares,250.0,0.0,0.0,0.0,0.0,804000.0,0.19,803750.0,0.19
YESBANK,2017-03-15 18:39:00,2017-03-15,2017-03-14,2017-03-14,Employees/Designated Employees,Market Sale,Sell,Equity Shares,1500.0,0.0,0.0,0.0,0.0,36975.0,0.01,35475.0,0.01
YESBANK,2017-03-15 18:44:00,2017-03-15,2017-03-14,2017-03-14,Employees/Designated Employees,Market Sale,Sell,Equity Shares,1700.0,0.0,0.0,0.0,0.0,3400.0,0.0,1700.0,0.0
YESBANK,2017-03-15 18:51:00,2017-03-15,2017-02-16,2017-03-14,Employees/Designated Employees,Market Sale,Sell,Equity Shares,1100.0,0.0,0.0,0.0,0.0,8400.0,0.0,7300.0,0.0
YESBANK,2017-03-16 12:42:00,2017-03-15,2017-03-14,2017-03-14,Employees/Designated Employees,Market Sale,Sell,Equity Shares,3000.0,0.0,0.0,0.0,0.0,230250.0,0.05,227250.0,0.05
YESBANK,2017-03-16 12:45:00,2017-03-15,2017-03-15,2017-03-15,Employees/Designated Employees,Market Sale,Sell,Equity Shares,1000.0,0.0,0.0,0.0,0.0,62581.0,0.01,61581.0,0.01
YESBANK,2017-03-16 12:48:00,2017-03-15,2017-03-10,2017-03-10,Employees/Designated Employees,Market Sale,Sell,Equity Shares,750.0,0.0,0.0,0.0,0.0,803750.0,0.19,803000.0,0.19
YESBANK,2017-03-16 12:48:00,2017-03-15,2017-03-14,2017-03-14,Employees/Designated Employees,Market Sale,Sell,Equity Shares,1500.0,0.0,0.0,0.0,0.0,803000.0,0.19,801500.0,0.19
YESBANK,2017-03-16 13:02:00,2017-03-15,2017-03-10,2017-03-10,Employees/Designated Employees,Market Sale,Sell,Equity Shares,1000.0,0.0,0.0,0.0,0.0,446150.0,0.11,445150.0,0.11
YESBANK,2017-03-16 13:02:00,2017-03-15,2017-02-13,2017-02-13,Employees/Designated Employees,Market Sale,Sell,Equity Shares,900.0,0.0,0.0,0.0,0.0,447050.0,0.11,446150.0,0.11
YESBANK,2017-03-16 13:46:00,2017-03-14,2017-03-14,2017-03-14,Employees/Designated Employees,Market Sale,Sell,Equity Shares,10000.0,0.0,0.0,0.0,0.0,23910.0,0.0,13910.0,0.0
YESBANK,2017-03-16 13:55:00,2017-03-15,2017-03-14,2017-03-14,Employees/Designated Employees,Market Sale,Sell,Equity Shares,500.0,0.0,0.0,0.0,0.0,10000.0,0.0,9500.0,0.0
YESBANK,2017-03-16 16:32:00,2017-03-16,2017-03-14,2017-03-14,Employees/Designated Employees,Market Sale,Sell,Equity Shares,2500.0,0.0,0.0,0.0,0.0,11999.0,0.0,9499.0,0.0
YESBANK,2017-03-16 16:36:00,2017-03-16,2017-03-16,2017-03-16,Employees/Designated Employees,Market Sale,Sell,Equity Shares,600.0,0.0,0.0,0.0,0.0,22250.0,0.01,21650.0,0.01
YESBANK,2017-03-16 16:38:00,2017-03-15,2017-03-14,2017-03-14,Employees/Designated Employees,Market Sale,Sell,Equity Shares,1000.0,0.0,0.0,0.0,0.0,316500.0,0.07,315500.0,0.07
YESBANK,2017-03-16 17:32:00,2017-03-16,2017-03-14,2017-03-14,Employees/Designated Employees,Market Sale,Sell,Equity Shares,2000.0,0.0,0.0,0.0,0.0,3685.0,0.0,1685.0,0.0
YESBANK,2017-03-17 18:27:00,2017-03-15,2017-03-14,2017-03-14,Employees/Designated Employees,Market Sale,Sell,Equity Shares,500.0,0.0,0.0,0.0,0.0,1500.0,0.0,1000.0,0.0
YESBANK,2017-03-20 14:35:00,2017-03-17,2017-03-15,2017-03-15,Employees/Designated Employees,Market Sale,Sell,Equity Shares,1000.0,0.0,0.0,0.0,0.0,14200.0,0.0,13200.0,0.0
YESBANK,2017-03-20 14:35:00,2017-03-17,2017-03-14,2017-03-14,Employees/Designated Employees,Market Sale,Sell,Equity Shares,500.0,0.0,0.0,0.0,0.0,14700.0,0.0,14200.0,0.0
YESBANK,2017-03-20 14:38:00,2017-03-17,2017-03-15,2017-03-15,Employees/Designated Employees,Market Sale,Sell,Equity Shares,6000.0,0.0,0.0,0.0,0.0,49200.0,0.01,43200.0,0.01
YESBANK,2017-03-20 14:38:00,2017-03-16,2017-03-16,2017-03-16,Employees/Designated Employees,Market Sale,Sell,Equity Shares,2000.0,0.0,0.0,0.0,0.0,43200.0,0.01,41200.0,0.01
YESBANK,2017-03-20 14:40:00,2017-03-17,2017-03-16,2017-03-16,Employees/Designated Employees,Market Sale,Sell,Equity Shares,1000.0,0.0,0.0,0.0,0.0,13100.0,0.0,12100.0,0.0
YESBANK,2017-03-20 16:28:00,2017-03-17,2017-03-15,2017-03-15,Employees/Designated Employees,Market Sale,Sell,Equity Shares,3300.0,0.0,0.0,0.0,0.0,10050.0,0.0,6750.0,0.0
YESBANK,2017-03-20 16:34:00,2017-03-17,2017-03-14,2017-03-14,Employees/Designated Employees,Market Sale,Sell,Equity Shares,1000.0,0.0,0.0,0.0,0.0,1700.0,0.0,700.0,0.0
YESBANK,2017-03-20 16:36:00,2017-03-20,2017-03-16,2017-03-16,Employees/Designated Employees,Market Sale,Sell,Equity Shares,1000.0,0.0,0.0,0.0,0.0,40770.0,0.01,39770.0,0.01
YESBANK,2017-03-21 19:48:00,2017-03-20,2017-03-10,2017-03-10,Employees/Designated Employees,Market Sale,Sell,Equity Shares,1000.0,0.0,0.0,0.0,0.0,2300.0,0.0,1300.0,0.0
YESBANK,2017-03-21 19:48:00,2017-03-20,2017-03-14,2017-03-14,Employees/Designated Employees,Market Sale,Sell,Equity Shares,1300.0,0.0,0.0,0.0,0.0,1300.0,0.0,,0.0
YESBANK,2017-03-21 19:49:00,2017-03-21,2017-03-20,2017-03-20,Employees/Designated Employees,Market Sale,Sell,Equity Shares,1000.0,0.0,0.0,0.0,0.0,466150.0,0.11,465150.0,0.11
YESBANK,2017-03-22 18:26:00,2017-03-22,2017-03-20,2017-03-20,Employees/Designated Employees,Market Sale,Sell,Equity Shares,8500.0,0.0,0.0,0.0,0.0,21250.0,0.01,12750.0,0.0
YESBANK,2017-03-24 17:13:00,2017-03-24,2017-03-23,2017-03-23,Employees/Designated Employees,Market Sale,Sell,Equity Shares,750.0,0.0,0.0,0.0,0.0,22500.0,0.01,21750.0,0.01
YESBANK,2017-03-24 17:22:00,2017-03-23,2017-03-22,2017-03-22,Employees/Designated Employees,Revokation of Pledge,Pledge Revoke,Equity Shares,2800.0,0.0,0.0,0.0,0.0,29900.0,0.01,29900.0,0.01
YESBANK,2017-03-24 17:26:00,2017-03-24,2017-03-21,2017-03-21,Employees/Designated Employees,Market Sale,Sell,Equity Shares,1500.0,0.0,0.0,0.0,0.0,35475.0,0.01,33975.0,0.01
YESBANK,2017-03-24 17:41:00,2017-03-23,2017-02-24,2017-02-24,Employees/Designated Employees,ESOP,Buy,Equity Shares,1500.0,0.0,0.0,0.0,0.0,200.0,0.0,1700.0,0.0
YESBANK,2017-03-27 18:21:00,2017-03-27,2017-03-23,2017-03-23,Employees/Designated Employees,Market Sale,Sell,Equity Shares,500.0,0.0,0.0,0.0,0.0,21600.0,0.01,21100.0,0.0
YESBANK,2017-03-27 18:21:00,2017-03-27,2017-03-24,2017-03-24,Employees/Designated Employees,Market Sale,Sell,Equity Shares,500.0,0.0,0.0,0.0,0.0,21100.0,0.0,20600.0,0.0
YESBANK,2017-03-27 18:30:00,2017-03-24,2017-03-23,2017-03-23,Employees/Designated Employees,Market Sale,Sell,Equity Shares,500.0,0.0,0.0,0.0,0.0,16000.0,0.0,15500.0,0.0
YESBANK,2017-03-27 18:37:00,2017-03-27,2017-03-21,2017-03-21,Employees/Designated Employees,Market Sale,Sell,Equity Shares,500.0,0.0,0.0,0.0,0.0,465150.0,0.11,464650.0,0.11
YESBANK,2017-03-27 18:37:00,2017-03-27,2017-03-23,2017-03-23,Employees/Designated Employees,Market Sale,Sell,Equity Shares,450.0,0.0,0.0,0.0,0.0,464650.0,0.11,464200.0,0.11
YESBANK,2017-03-28 15:05:00,2017-03-27,2017-03-24,2017-03-24,Employees/Designated Employees,Market Sale,Sell,Equity Shares,1000.0,0.0,0.0,0.0,0.0,39770.0,0.01,38770.0,0.01
YESBANK,2017-03-28 15:10:00,2017-03-24,2017-03-24,2017-03-24,Employees/Designated Employees,Market Sale,Sell,Equity Shares,500.0,0.0,0.0,0.0,0.0,2000.0,0.0,1500.0,0.0
YESBANK,2017-03-28 15:32:00,2017-03-27,2017-03-24,2017-03-24,Employees/Designated Employees,Market Sale,Sell,Equity Shares,2500.0,0.0,0.0,0.0,0.0,31207.0,0.01,28707.0,0.01
YESBANK,2017-03-30 13:13:00,2017-03-28,2017-03-28,2017-03-28,Employees/Designated Employees,Market Sale,Sell,Equity Shares,1500.0,0.0,0.0,0.0,0.0,21650.0,0.01,20150.0,0.0
YESBANK,2017-03-30 13:22:00,2017-03-29,2017-03-28,2017-03-28,Employees/Designated Employees,Market Sale,Sell,Equity Shares,300.0,0.0,0.0,0.0,0.0,463800.0,0.11,463500.0,0.11
YESBANK,2017-03-30 13:27:00,2017-03-29,2017-03-27,2017-03-27,Employees/Designated Employees,Market Sale,Sell,Equity Shares,1835.0,0.0,0.0,0.0,0.0,227250.0,0.05,225415.0,0.05
YESBANK,2017-03-30 14:39:00,2017-03-29,2017-03-28,2017-03-28,Employees/Designated Employees,Market Sale,Sell,Equity Shares,4000.0,0.0,0.0,0.0,0.0,225415.0,0.05,221415.0,0.05
YESBANK,2017-03-30 14:39:00,2017-03-29,2017-03-29,2017-03-29,Employees/Designated Employees,Market Sale,Sell,Equity Shares,1000.0,0.0,0.0,0.0,0.0,12100.0,0.0,11100.0,0.0
YESBANK,2017-03-30 16:05:00,2017-03-30,2017-03-29,2017-03-29,Employees/Designated Employees,Pledge Creation,Pledge,Equity Shares,40000.0,0.0,0.0,0.0,0.0,65299.0,0.02,65299.0,0.02
YESBANK,2017-03-30 16:05:00,2017-03-28,2017-02-08,2017-02-08,Employees/Designated Employees,ESOP,Buy,Equity Shares,2500.0,0.0,0.0,0.0,0.0,43000.0,0.01,45500.0,0.01
YESBANK,2017-03-30 20:15:00,2017-03-30,2017-01-10,2017-01-10,Employees/Designated Employees,ESOP,Buy,Equity Shares,565.0,0.0,0.0,0.0,0.0,46297.0,0.01,46862.0,0.01
YESBANK,2017-03-30 20:15:00,2017-03-30,2017-03-30,2017-03-30,Employees/Designated Employees,Market Sale,Sell,Equity Shares,1250.0,0.0,0.0,0.0,0.0,46862.0,0.01,45612.0,0.01
YESBANK,2017-03-30 20:20:00,2017-03-30,2017-03-30,2017-03-30,Employees/Designated Employees,Market Sale,Sell,Equity Shares,600.0,0.0,0.0,0.0,0.0,463000.0,0.11,462400.0,0.11
YESBANK,2017-04-03 18:20:00,2017-03-30,2017-03-28,2017-03-28,Employees/Designated Employees,Market Sale,Sell,Equity Shares,1499.0,0.0,0.0,0.0,0.0,9499.0,0.0,8000.0,0.0
YESBANK,2017-04-04 18:58:00,2017-04-04,2017-03-30,2017-03-30,Employees/Designated Employees,Market Sale,Sell,Equity Shares,500.0,0.0,0.0,0.0,0.0,11100.0,0.0,10600.0,0.0
YESBANK,2017-04-04 18:58:00,2017-04-04,2017-03-31,2017-03-31,Employees/Designated Employees,Market Sale,Sell,Equity Shares,500.0,0.0,0.0,0.0,0.0,10600.0,0.0,10100.0,0.0
YESBANK,2017-04-04 19:00:00,2017-04-03,2017-03-31,2017-03-31,Employees/Designated Employees,Off Market,Pledge Revoke,Equity Shares,500.0,0.0,0.0,0.0,0.0,12200.0,0.0,12200.0,0.0
YESBANK,2017-04-04 19:02:00,2017-04-03,2017-03-30,2017-03-30,Employees/Designated Employees,Market Sale,Sell,Equity Shares,1000.0,0.0,0.0,0.0,0.0,2250.0,0.0,1250.0,0.0
YESBANK,2017-04-04 19:02:00,2017-04-03,2017-03-28,2017-03-28,Employees/Designated Employees,Market Sale,Sell,Equity Shares,938.0,0.0,0.0,0.0,0.0,3188.0,0.0,2250.0,0.0
YESBANK,2017-04-04 19:04:00,2017-03-31,2017-03-29,2017-03-29,Employees/Designated Employees,Market Sale,Sell,Equity Shares,950.0,0.0,0.0,0.0,0.0,1650.0,0.0,700.0,0.0
YESBANK,2017-04-04 19:06:00,2017-03-31,2017-03-29,2017-03-29,Employees/Designated Employees,Market Sale,Sell,Equity Shares,1000.0,0.0,0.0,0.0,0.0,38770.0,0.01,37770.0,0.01
YESBANK,2017-04-04 19:06:00,2017-03-31,2017-03-30,2017-03-30,Employees/Designated Employees,Market Sale,Sell,Equity Shares,1000.0,0.0,0.0,0.0,0.0,37770.0,0.01,36770.0,0.01
YESBANK,2017-04-04 19:07:00,2017-04-03,2017-03-30,2017-03-30,Employees/Designated Employees,Market Sale,Sell,Equity Shares,5000.0,0.0,0.0,0.0,0.0,9416.0,0.0,4416.0,0.0
YESBANK,2017-04-04 19:09:00,2017-03-31,2017-03-30,2017-03-30,Employees/Designated Employees,Market Sale,Sell,Equity Shares,2000.0,0.0,0.0,0.0,0.0,44000.0,0.01,42000.0,0.01
YESBANK,2017-04-04 19:09:00,2017-03-31,2017-03-29,2017-03-29,Employees/Designated Employees,Market Sale,Sell,Equity Shares,1500.0,0.0,0.0,0.0,0.0,45500.0,0.01,44000.0,0.01
YESBANK,2017-04-04 19:09:00,2017-03-31,2017-03-31,2017-03-31,Employees/Designated Employees,Market Sale,Sell,Equity Shares,2000.0,0.0,0.0,0.0,0.0,42000.0,0.01,40000.0,0.01
YESBANK,2017-04-04 19:11:00,2017-03-31,2017-03-31,2017-03-31,Employees/Designated Employees,Market Sale,Sell,Equity Shares,1000.0,0.0,0.0,0.0,0.0,53500.0,0.01,52500.0,0.01
YESBANK,2017-04-04 19:14:00,2017-04-03,2017-03-30,2017-03-30,Employees/Designated Employees,Market Sale,Sell,Equity Shares,3000.0,0.0,0.0,0.0,0.0,8000.0,0.0,5000.0,0.0
YESBANK,2017-04-04 19:14:00,2017-04-03,2017-03-31,2017-03-31,Employees/Designated Employees,Market Sale,Sell,Equity Shares,5000.0,0.0,0.0,0.0,0.0,5000.0,0.0,,0.0
YESBANK,2017-04-04 19:16:00,2017-03-31,2017-03-30,2017-03-30,Employees/Designated Employees,Market Sale,Sell,Equity Shares,4000.0,0.0,0.0,0.0,0.0,221415.0,0.05,217415.0,0.05
YESBANK,2017-04-06 16:49:00,2017-04-06,2017-04-06,2017-04-06,Employees/Designated Employees,ESOP,Buy,Equity Shares,3600.0,0.0,0.0,0.0,0.0,25000.0,0.01,28600.0,0.01
YESBANK,2017-04-06 17:20:00,2017-04-05,2017-04-05,2017-04-05,Employees/Designated Employees,ESOP,Buy,Equity Shares,20000.0,0.0,0.0,0.0,0.0,40000.0,0.01,60000.0,0.01
YESBANK,2017-04-06 17:29:00,2017-04-05,2017-04-05,2017-04-05,Employees/Designated Employees,ESOP,Buy,Equity Shares,1500.0,0.0,0.0,0.0,0.0,7000.0,0.0,8500.0,0.0
YESBANK,2017-04-06 17:46:00,2017-04-05,2017-04-05,2017-04-05,Employees/Designated Employees,ESOP,Buy,Equity Shares,8500.0,0.0,0.0,0.0,0.0,314500.0,0.07,323000.0,0.08
YESBANK,2017-04-06 17:53:00,2017-04-06,2017-04-06,2017-04-06,Employees/Designated Employees,ESOP,Buy,Equity Shares,3000.0,0.0,0.0,0.0,0.0,,0.0,3000.0,0.0
YESBANK,2017-04-06 18:00:00,2017-04-06,2017-04-05,2017-04-05,Employees/Designated Employees,ESOP,Buy,Equity Shares,7500.0,0.0,0.0,0.0,0.0,,0.0,7500.0,0.0
YESBANK,2017-04-06 18:05:00,2017-04-05,2017-04-05,2017-04-05,Employees/Designated Employees,ESOP,Buy,Equity Shares,8000.0,0.0,0.0,0.0,0.0,28207.0,0.01,36207.0,0.01
YESBANK,2017-04-06 18:29:00,2017-04-06,2017-04-05,2017-04-05,Employees/Designated Employees,ESOP,Buy,Equity Shares,6000.0,0.0,0.0,0.0,0.0,10.0,0.0,6010.0,0.0
YESBANK,2017-04-06 18:51:00,2017-04-06,2017-04-06,2017-04-06,Employees/Designated Employees,ESOP,Buy,Equity Shares,6000.0,0.0,0.0,0.0,0.0,,0.0,6000.0,0.0
YESBANK,2017-04-06 18:58:00,2017-04-06,2017-04-06,2017-04-06,Employees/Designated Employees,ESOP,Buy,Equity Shares,4250.0,0.0,0.0,0.0,0.0,,0.0,4250.0,0.0
YESBANK,2017-04-06 19:55:00,2017-04-03,2017-03-30,2017-03-30,Employees/Designated Employees,Market Sale,Sell,Equity Shares,1000.0,0.0,0.0,0.0,0.0,315500.0,0.07,314500.0,0.07
YESBANK,2017-04-07 16:02:00,2017-04-06,2017-04-05,2017-04-05,Employees/Designated Employees,ESOP,Buy,Equity Shares,15000.0,0.0,0.0,0.0,0.0,284095.0,0.0,299095.0,0.0
YESBANK,2017-04-07 16:02:00,2017-04-06,2017-03-08,2017-03-08,Employees/Designated Employees,ESOP,Buy,Equity Shares,1950.0,0.0,0.0,0.0,0.0,12500.0,0.0,14450.0,0.0
YESBANK,2017-04-07 16:02:00,2017-04-07,2017-04-06,2017-04-06,Employees/Designated Employees,ESOP,Buy,Equity Shares,15000.0,0.0,0.0,0.0,0.0,45.0,0.0,15045.0,0.0
YESBANK,2017-04-07 16:02:00,2017-04-06,2017-04-05,2017-04-05,Employees/Designated Employees,ESOP,Buy,Equity Shares,2500.0,0.0,0.0,0.0,0.0,14450.0,0.0,16950.0,0.0
YESBANK,2017-04-10 14:46:00,2017-04-10,2017-04-06,2017-04-06,Employees/Designated Employees,ESOP,Buy,Equity Shares,37500.0,0.0,0.0,0.0,0.0,85500.0,0.02,123000.0,0.03
YESBANK,2017-04-10 19:29:00,2017-04-10,2017-04-06,2017-04-06,Employees/Designated Employees,ESOP,Buy,Equity Shares,3500.0,0.0,0.0,0.0,0.0,148550.0,0.04,152050.0,0.04
YESBANK,2017-04-11 16:13:00,2017-04-10,2017-03-14,2017-03-14,Employees/Designated Employees,Market Sale,Sell,Equity Shares,1500.0,0.0,0.0,0.0,0.0,150050.0,0.04,148550.0,0.04
YESBANK,2017-04-17 17:10:00,2017-04-17,2017-03-24,2017-04-10,Employees/Designated Employees,Market Sale,Sell,Equity Shares,1500.0,0.0,0.0,0.0,0.0,3000.0,0.0,1500.0,0.0
YESBANK,2017-04-21 16:57:00,2017-04-12,2017-04-10,2017-04-10,Employees/Designated Employees,Market Sale,Sell,Equity Shares,300.0,0.0,0.0,0.0,0.0,7300.0,0.0,7000.0,0.0
YESBANK,2017-04-21 16:57:00,2017-04-12,2017-04-11,2017-04-11,Employees/Designated Employees,Market Sale,Sell,Equity Shares,500.0,0.0,0.0,0.0,0.0,7000.0,0.0,6500.0,0.0
YESBANK,2017-04-25 17:53:00,2017-04-25,2017-04-25,2017-04-25,Employees/Designated Employees,Market Sale,Sell,Equity Shares,1000.0,0.0,0.0,0.0,0.0,5000.0,0.0,4000.0,0.0
YESBANK,2017-04-25 19:45:00,,,,Employees/Designated Employees,-,-,,,2100.0,0.0,3278688.0,0.0,,0.0,,
YESBANK,2017-04-25 19:57:00,2017-04-24,2017-03-31,2017-03-31,Employees/Designated Employees,Market Sale,Sell,Equity Shares,375.0,0.0,0.0,0.0,0.0,400.0,0.0,25.0,0.0
YESBANK,2017-04-26 19:59:00,,,,Employees/Designated Employees,-,-,,,700.0,0.0,1083110.0,0.0,,0.0,,
YESBANK,2017-04-27 16:04:00,2017-04-27,2017-04-06,2017-04-06,Employees/Designated Employees,ESOP,Buy,Equity Shares,1000.0,0.0,0.0,0.0,0.0,,0.0,1000.0,0.0
YESBANK,2017-04-27 16:04:00,2017-04-27,2017-04-25,2017-04-25,Employees/Designated Employees,Market Sale,Sell,Equity Shares,1000.0,0.0,0.0,0.0,0.0,1000.0,0.0,,0.0
YESBANK,2017-04-27 16:42:00,2017-04-26,2017-04-26,2017-04-26,Employees/Designated Employees,Market Sale,Sell,Equity Shares,136.0,0.0,0.0,0.0,0.0,21000.0,0.0,20864.0,0.0
YESBANK,2017-04-27 16:42:00,2017-04-26,2017-04-26,2017-04-26,Employees/Designated Employees,Market Sale,Sell,Equity Shares,750.0,0.0,0.0,0.0,0.0,21750.0,0.0,21000.0,0.0
YESBANK,2017-04-27 16:42:00,2017-04-26,2017-04-26,2017-04-26,Employees/Designated Employees,Market Sale,Sell,Equity Shares,1000.0,0.0,0.0,0.0,0.0,53700.0,0.01,52700.0,0.01
YESBANK,2017-04-27 16:42:00,2017-04-26,2017-04-24,2017-04-24,Employees/Designated Employees,Market Sale,Sell,Equity Shares,700.0,0.0,0.0,0.0,0.0,462400.0,0.1,461700.0,0.1
YESBANK,2017-04-27 16:42:00,2017-04-27,2017-04-25,2017-04-25,Employees/Designated Employees,Pledge Creation,Pledge,Equity Shares,3000.0,0.0,0.0,0.0,0.0,3000.0,0.0,3000.0,0.0
YESBANK,2017-04-27 18:23:00,2017-04-27,2017-04-27,2017-04-27,Employees/Designated Employees,Market Sale,Sell,Equity Shares,500.0,0.0,0.0,0.0,0.0,20500.0,0.0,20000.0,0.0
YESBANK,2017-04-27 18:23:00,2017-04-27,2017-04-27,2017-04-27,Employees/Designated Employees,Market Sale,Sell,Equity Shares,364.0,0.0,0.0,0.0,0.0,20864.0,0.0,20500.0,0.0
YESBANK,2017-04-28 12:39:00,2017-04-27,2017-04-27,2017-04-27,Employees/Designated Employees,Market Sale,Sell,Equity Shares,1500.0,0.0,0.0,0.0,0.0,20150.0,0.0,18650.0,0.0
YESBANK,2017-04-28 12:50:00,2017-04-28,2017-04-27,2017-04-27,Employees/Designated Employees,Market Sale,Sell,Equity Shares,400.0,0.0,0.0,0.0,0.0,461100.0,0.1,460700.0,0.1
YESBANK,2017-04-28 15:26:00,2017-04-28,2017-04-26,2017-04-26,Employees/Designated Employees,Market Sale,Sell,Equity Shares,1000.0,0.0,0.0,0.0,0.0,60000.0,0.01,59000.0,0.01
YESBANK,2017-04-28 15:26:00,2017-04-28,2017-04-27,2017-04-27,Employees/Designated Employees,Market Sale,Sell,Equity Shares,1000.0,0.0,0.0,0.0,0.0,59000.0,0.01,58000.0,0.01
YESBANK,2017-04-28 16:57:00,2017-04-28,2017-04-28,2017-04-28,Employees/Designated Employees,ESOP,Buy,Equity Shares,180000.0,0.0,0.0,0.0,0.0,65299.0,0.02,245299.0,0.06
YESBANK,2017-04-28 16:57:00,2017-04-28,2017-04-28,2017-04-28,Employees/Designated Employees,ESOP,Buy,Equity Shares,10000.0,0.0,0.0,0.0,0.0,10.0,0.0,10010.0,0.0
YESBANK,2017-05-02 18:47:00,2017-05-02,2017-04-27,2017-04-27,Employees/Designated Employees,ESOP,Buy,Equity Shares,4500.0,0.0,0.0,0.0,0.0,950.0,0.0,5450.0,0.0
YESBANK,2017-05-02 18:47:00,2017-05-02,2017-04-26,2017-04-26,Employees/Designated Employees,Market Sale,Sell,Equity Shares,750.0,0.0,0.0,0.0,0.0,1700.0,0.0,950.0,0.0
YESBANK,2017-05-02 18:47:00,2017-05-02,2017-04-28,2017-04-28,Employees/Designated Employees,ESOP,Buy,Equity Shares,3000.0,0.0,0.0,0.0,0.0,157000.0,0.03,160000.0,0.04
YESBANK,2017-05-02 18:47:00,2017-05-02,2017-04-27,2017-04-27,Employees/Designated Employees,ESOP,Buy,Equity Shares,5000.0,0.0,0.0,0.0,0.0,460500.0,0.1,465500.0,0.1
YESBANK,2017-05-02 18:47:00,2017-05-02,2017-04-27,2017-04-27,Employees/Designated Employees,ESOP,Buy,Equity Shares,3750.0,0.0,0.0,0.0,0.0,3750.0,0.0,7500.0,0.0
YESBANK,2017-05-02 19:49:00,2017-04-28,2017-04-27,2017-04-27,Employees/Designated Employees,ESOP,Buy,Equity Shares,1800.0,0.0,0.0,0.0,0.0,52700.0,0.01,54500.0,0.01
YESBANK,2017-05-02 19:49:00,2017-04-28,2017-04-27,2017-04-27,Employees/Designated Employees,ESOP,Buy,Equity Shares,24000.0,0.0,0.0,0.0,0.0,180000.0,0.04,204000.0,0.05
YESBANK,2017-05-02 19:49:00,2017-05-02,2017-04-27,2017-04-27,Employees/Designated Employees,ESOP,Buy,Equity Shares,3400.0,0.0,0.0,0.0,0.0,1600.0,0.0,5000.0,0.0
YESBANK,2017-05-02 19:49:00,2017-04-28,2017-04-27,2017-04-27,Employees/Designated Employees,Market Sale,Sell,Equity Shares,1000.0,0.0,0.0,0.0,0.0,54500.0,0.01,53500.0,0.01
YESBANK,2017-05-02 19:49:00,2017-05-02,2017-04-28,2017-04-28,Employees/Designated Employees,ESOP,Buy,Equity Shares,36000.0,0.0,0.0,0.0,0.0,227800.0,0.05,263800.0,0.06
YESBANK,2017-05-02 19:49:00,2017-04-29,2017-04-26,2017-04-26,Employees/Designated Employees,Market Sale,Sell,Equity Shares,3000.0,0.0,0.0,0.0,0.0,36207.0,0.01,33207.0,0.01
YESBANK,2017-05-02 20:13:00,,,,Employees/Designated Employees,-,-,,,0.0,2100.0,0.0,3321990.0,,0.0,,
YESBANK,2017-05-02 20:18:00,2017-04-27,2017-03-30,2017-03-30,Employees/Designated Employees,Pledge Creation,Pledge,Equity Shares,810.0,0.0,0.0,0.0,0.0,10000.0,0.0,10000.0,0.0
YESBANK,2017-05-02 20:18:00,2017-04-27,2017-03-31,2017-03-31,Employees/Designated Employees,Pledge Creation,Pledge,Equity Shares,690.0,0.0,0.0,0.0,0.0,10000.0,0.0,10000.0,0.0
YESBANK,2017-05-02 20:59:00,2017-04-27,2017-03-31,2017-03-31,Employees/Designated Employees,Market Sale,Sell,Equity Shares,690.0,0.0,0.0,0.0,0.0,12690.0,0.0,12000.0,0.0
YESBANK,2017-05-02 20:59:00,2017-04-27,2017-03-30,2017-03-30,Employees/Designated Employees,Market Sale,Sell,Equity Shares,810.0,0.0,0.0,0.0,0.0,13500.0,0.0,12690.0,0.0
YESBANK,2017-05-02 21:43:00,2017-04-27,2017-04-26,2017-04-26,Employees/Designated Employees,Market Sale,Sell,Equity Shares,1000.0,0.0,0.0,0.0,0.0,2250.0,0.0,1250.0,0.0
YESBANK,2017-05-02 21:43:00,2017-05-02,2017-04-05,2017-04-05,Employees/Designated Employees,ESOP,Buy,Equity Shares,1200.0,0.0,0.0,0.0,0.0,52500.0,0.0,53700.0,0.0
YESBANK,2017-05-02 21:43:00,2017-04-27,2017-04-26,2017-04-26,Employees/Designated Employees,Pledge Creation,Pledge,Equity Shares,1000.0,0.0,0.0,0.0,0.0,2250.0,0.0,2250.0,0.0
YESBANK,2017-05-02 21:50:00,2017-05-02,2017-04-27,2017-04-27,Employees/Designated Employees,Market Sale,Sell,Equity Shares,2000.0,0.0,0.0,0.0,0.0,6000.0,0.0,4000.0,0.0
YESBANK,2017-05-02 21:50:00,2017-04-28,2017-04-27,2017-04-27,Employees/Designated Employees,Market Sale,Sell,Equity Shares,500.0,0.0,0.0,0.0,0.0,35020.0,0.0,34520.0,0.0
YESBANK,2017-05-02 21:50:00,2017-04-28,2017-04-27,2017-04-27,Employees/Designated Employees,ESOP,Buy,Equity Shares,1000.0,0.0,0.0,0.0,0.0,2500.0,0.0,3500.0,0.0
YESBANK,2017-05-03 14:40:00,2017-05-03,2017-04-28,2017-04-28,Employees/Designated Employees,ESOP,Buy,Equity Shares,3750.0,0.0,0.0,0.0,0.0,,0.0,3750.0,0.0
YESBANK,2017-05-03 14:40:00,2017-05-03,2017-04-28,2017-04-28,Employees/Designated Employees,ESOP,Buy,Equity Shares,4000.0,0.0,0.0,0.0,0.0,33207.0,0.01,37207.0,0.01
YESBANK,2017-05-03 20:34:00,2017-05-03,2017-05-02,2017-05-02,Employees/Designated Employees,Market Sale,Sell,Equity Shares,2500.0,0.0,0.0,0.0,0.0,26450.0,0.0,23950.0,0.0
YESBANK,2017-05-03 20:34:00,2017-05-03,2017-04-06,2017-04-28,Employees/Designated Employees,ESOP,Buy,Equity Shares,5950.0,0.0,0.0,0.0,0.0,20500.0,0.0,26450.0,0.0
YESBANK,2017-05-03 20:34:00,2017-05-03,2017-04-28,2017-04-28,Employees/Designated Employees,ESOP,Buy,Equity Shares,4000.0,0.0,0.0,0.0,0.0,81000.0,0.02,85000.0,0.02
YESBANK,2017-05-03 20:34:00,2017-05-03,2017-05-02,2017-05-02,Employees/Designated Employees,Market Sale,Sell,Equity Shares,800.0,0.0,0.0,0.0,0.0,1700.0,0.0,900.0,0.0
YESBANK,2017-05-03 20:34:00,2017-05-03,2017-04-28,2017-04-28,Employees/Designated Employees,ESOP,Buy,Equity Shares,10500.0,0.0,0.0,0.0,0.0,14700.0,0.0,25200.0,0.0
YESBANK,2017-05-04 13:21:00,2017-05-04,2017-04-27,2017-04-27,Employees/Designated Employees,Market Sale,Sell,Equity Shares,1500.0,0.0,0.0,0.0,0.0,33975.0,0.01,32475.0,0.01
YESBANK,2017-05-04 19:20:00,2017-05-04,2017-05-03,2017-05-03,Employees/Designated Employees,Market Sale,Sell,Equity Shares,2000.0,0.0,0.0,0.0,0.0,37207.0,0.01,35207.0,0.01
YESBANK,2017-05-05 12:52:00,2017-05-04,2017-04-26,2017-04-26,Employees/Designated Employees,Market Sale,Sell,Equity Shares,1000.0,0.0,0.0,0.0,0.0,63416.0,0.01,62416.0,0.01
YESBANK,2017-05-05 12:52:00,2017-05-04,2017-05-02,2017-05-02,Employees/Designated Employees,Market Sale,Sell,Equity Shares,1000.0,0.0,0.0,0.0,0.0,11000.0,0.0,10000.0,0.0
YESBANK,2017-05-08 11:57:00,2017-05-05,2017-05-04,2017-05-04,Employees/Designated Employees,Market Sale,Sell,Equity Shares,400.0,0.0,0.0,0.0,0.0,465000.0,0.1,464600.0,0.1
YESBANK,2017-05-08 15:56:00,2017-05-08,2017-05-04,2017-05-04,Employees/Designated Employees,Market Sale,Sell,Equity Shares,1000.0,0.0,0.0,0.0,0.0,57500.0,0.01,56500.0,0.01
YESBANK,2017-05-08 17:18:00,2017-05-08,2017-04-26,2017-04-26,Employees/Designated Employees,Market Sale,Sell,Equity Shares,3600.0,0.0,0.0,0.0,0.0,28600.0,0.0,25000.0,0.0
YESBANK,2017-05-08 17:18:00,2017-05-08,2017-04-27,2017-04-27,Employees/Designated Employees,Market Sale,Sell,Equity Shares,4500.0,0.0,0.0,0.0,0.0,25000.0,0.0,20500.0,0.0
YESBANK,2017-05-10 14:58:00,,,,Employees/Designated Employees,-,-,,,0.0,700.0,0.0,1140103.0,,0.0,,
YESBANK,2017-05-10 14:58:00,,,,Employees/Designated Employees,-,-,,,700.0,0.0,1132599.0,0.0,,0.0,,
YESBANK,2017-05-10 14:58:00,,,,Employees/Designated Employees,-,-,,,2100.0,0.0,3450855.0,0.0,,0.0,,
YESBANK,2017-05-10 14:58:00,,,,Employees/Designated Employees,-,-,,,700.0,0.0,1130130.0,0.0,,0.0,,
YESBANK,2017-05-11 20:17:00,2017-05-09,2017-05-08,2017-05-08,Employees/Designated Employees,Market Sale,Sell,Equity Shares,10000.0,0.0,0.0,0.0,0.0,41200.0,0.01,31200.0,0.01
YESBANK,2017-05-11 20:19:00,2017-05-10,2017-05-02,2017-05-02,Employees/Designated Employees,Market Sale,Sell,Equity Shares,1000.0,0.0,0.0,0.0,0.0,60416.0,0.01,59416.0,0.01
YESBANK,2017-05-11 20:19:00,2017-05-10,2017-04-27,2017-04-27,Employees/Designated Employees,Market Sale,Sell,Equity Shares,1000.0,0.0,0.0,0.0,0.0,63416.0,0.01,62416.0,0.01
YESBANK,2017-05-11 20:19:00,2017-05-10,2017-04-27,2017-04-27,Employees/Designated Employees,Market Sale,Sell,Equity Shares,1000.0,0.0,0.0,0.0,0.0,62416.0,0.01,61416.0,0.01
YESBANK,2017-05-11 20:19:00,2017-05-10,2017-04-27,2017-04-27,Employees/Designated Employees,Market Sale,Sell,Equity Shares,1000.0,0.0,0.0,0.0,0.0,61416.0,0.01,60416.0,0.01
YESBANK,2017-05-11 20:20:00,2017-05-11,2017-05-09,2017-05-09,Employees/Designated Employees,Market Sale,Sell,Equity Shares,200.0,0.0,0.0,0.0,0.0,464100.0,0.11,463900.0,0.11
YESBANK,2017-05-11 20:20:00,2017-05-11,2017-05-08,2017-05-08,Employees/Designated Employees,Market Sale,Sell,Equity Shares,200.0,0.0,0.0,0.0,0.0,464300.0,0.11,464100.0,0.11
YESBANK,2017-05-12 18:31:00,2017-05-12,2017-04-28,2017-04-28,Employees/Designated Employees,Market Sale,Sell,Equity Shares,1300.0,0.0,0.0,0.0,0.0,8500.0,0.0,7200.0,0.0
YESBANK,2017-05-12 18:42:00,,,,Employees/Designated Employees,-,-,,,1050.0,0.0,1684294.0,0.0,,0.0,,
YESBANK,2017-05-12 18:42:00,,,,Employees/Designated Employees,-,-,,,350.0,0.0,554445.0,0.0,,0.0,,
YESBANK,2017-05-12 18:42:00,,,,Employees/Designated Employees,-,-,,,350.0,0.0,528002.0,0.0,,0.0,,
YESBANK,2017-05-12 18:42:00,,,,Employees/Designated Employees,-,-,,,700.0,0.0,1115088.0,0.0,,0.0,,
YESBANK,2017-05-16 17:35:00,2017-05-12,2017-05-11,2017-05-11,Employees/Designated Employees,ESOP,Buy,Equity Shares,16500.0,0.0,0.0,0.0,0.0,20500.0,0.0,37000.0,0.01
YESBANK,2017-05-16 17:35:00,2017-05-12,2017-05-12,2017-05-12,Employees/Designated Employees,ESOP,Buy,Equity Shares,4500.0,0.0,0.0,0.0,0.0,43000.0,0.01,47500.0,0.01
YESBANK,2017-05-16 17:35:00,2017-05-12,2017-05-11,2017-05-11,Employees/Designated Employees,ESOP,Buy,Equity Shares,4000.0,0.0,0.0,0.0,0.0,200.0,0.0,4200.0,0.0
YESBANK,2017-05-16 17:35:00,2017-05-15,2017-05-15,2017-05-15,Employees/Designated Employees,Market Sale,Sell,Equity Shares,3000.0,0.0,0.0,0.0,0.0,17144.0,0.0,14144.0,0.0
YESBANK,2017-05-16 17:35:00,2017-05-15,2017-05-11,2017-05-11,Employees/Designated Employees,ESOP,Buy,Equity Shares,7000.0,0.0,0.0,0.0,0.0,13910.0,0.0,20910.0,0.0
YESBANK,2017-05-16 17:35:00,2017-05-15,2017-05-12,2017-05-12,Employees/Designated Employees,Market Purchase,Buy,Equity Shares,2000.0,0.0,0.0,0.0,0.0,3000.0,0.0,5000.0,0.0
YESBANK,2017-05-16 17:35:00,2017-05-15,2017-05-11,2017-05-11,Employees/Designated Employees,ESOP,Buy,Equity Shares,3000.0,0.0,0.0,0.0,0.0,35207.0,0.01,38207.0,0.01
YESBANK,2017-05-16 17:41:00,2017-05-15,2017-05-08,2017-05-12,Employees/Designated Employees,Market Sale,Sell,Equity Shares,2000.0,0.0,0.0,0.0,0.0,2799.0,0.0,799.0,0.0
YESBANK,2017-05-16 17:41:00,2017-05-15,2017-05-08,2017-05-12,Employees/Designated Employees,Market Purchase,Buy,Equity Shares,2000.0,0.0,0.0,0.0,0.0,799.0,0.0,2799.0,0.0
YESBANK,2017-05-16 17:41:00,2017-05-15,2017-05-08,2017-05-12,Employees/Designated Employees,Market Sale,Sell,Equity Shares,800.0,0.0,0.0,0.0,0.0,2799.0,0.0,1999.0,0.0
YESBANK,2017-05-16 17:41:00,2017-05-15,2017-05-08,2017-05-12,Employees/Designated Employees,Market Purchase,Buy,Equity Shares,800.0,0.0,0.0,0.0,0.0,1999.0,0.0,2799.0,0.0
YESBANK,2017-05-16 17:48:00,2017-05-16,2017-05-12,2017-05-12,Employees/Designated Employees,ESOP,Buy,Equity Shares,2250.0,0.0,0.0,0.0,0.0,15500.0,0.0,17750.0,0.0
YESBANK,2017-05-16 17:48:00,2017-05-16,2017-05-12,2017-05-12,Employees/Designated Employees,ESOP,Buy,Equity Shares,5000.0,0.0,0.0,0.0,0.0,463000.0,0.1,468000.0,0.1
YESBANK,2017-05-16 17:48:00,2017-05-12,2017-05-11,2017-05-11,Employees/Designated Employees,ESOP,Buy,Equity Shares,20000.0,0.0,0.0,0.0,0.0,31200.0,0.01,51200.0,0.01
YESBANK,2017-05-16 17:48:00,2017-05-15,2017-05-12,2017-05-12,Employees/Designated Employees,ESOP,Buy,Equity Shares,10000.0,0.0,0.0,0.0,0.0,10000.0,0.0,20000.0,0.01
YESBANK,2017-05-16 17:53:00,2017-05-15,2017-05-12,2017-05-12,Director,Market Purchase,Buy,Equity Shares,1000.0,0.0,0.0,0.0,0.0,1000.0,0.0,2000.0,0.0
YESBANK,2017-05-16 18:36:00,2017-05-16,2017-05-12,2017-05-12,Employees/Designated Employees,ESOP,Buy,Equity Shares,12000.0,0.0,0.0,0.0,0.0,63416.0,0.01,75416.0,0.02
YESBANK,2017-05-16 18:36:00,2017-05-16,2017-05-12,2017-05-12,Employees/Designated Employees,Market Sale,Sell,Equity Shares,2000.0,0.0,0.0,0.0,0.0,39000.0,0.01,37000.0,0.01
YESBANK,2017-05-16 18:36:00,2017-05-12,2017-05-12,2017-05-12,Employees/Designated Employees,Market Sale,Sell,Equity Shares,2000.0,0.0,0.0,0.0,0.0,37000.0,0.01,35000.0,0.01
YESBANK,2017-05-16 18:36:00,2017-05-16,2017-05-15,2017-05-15,Employees/Designated Employees,Market Sale,Sell,Equity Shares,2000.0,0.0,0.0,0.0,0.0,35000.0,0.01,33000.0,0.01
YESBANK,2017-05-16 18:36:00,2017-05-16,2017-05-12,2017-05-12,Employees/Designated Employees,ESOP,Buy,Equity Shares,5250.0,0.0,0.0,0.0,0.0,,0.0,5250.0,0.0
YESBANK,2017-05-17 18:51:00,2017-05-17,2017-05-17,2017-05-17,Employees/Designated Employees,Market Sale,Sell,Equity Shares,5000.0,0.0,0.0,0.0,0.0,9144.0,0.0,4144.0,0.0
YESBANK,2017-05-17 18:51:00,2017-05-16,2017-05-12,2017-05-12,Employees/Designated Employees,Revokation of Pledge,Pledge Revoke,Equity Shares,3000.0,0.0,0.0,0.0,0.0,3000.0,0.0,3000.0,0.0
YESBANK,2017-05-17 18:51:00,2017-05-16,2017-05-10,2017-05-10,Employees/Designated Employees,Market Sale,Sell,Equity Shares,1500.0,0.0,0.0,0.0,0.0,32475.0,0.01,30975.0,0.01
YESBANK,2017-05-17 18:51:00,2017-05-16,2017-05-12,2017-05-12,Employees/Designated Employees,Market Purchase,Buy,Equity Shares,1000.0,0.0,0.0,0.0,0.0,,0.0,1000.0,0.0
YESBANK,2017-05-18 15:38:00,2017-05-18,2017-05-18,2017-05-18,Employees/Designated Employees,Pledge Creation,Pledge,Equity Shares,36300.0,0.0,0.0,0.0,0.0,263800.0,0.06,263800.0,0.06
YESBANK,2017-05-19 19:55:00,2017-05-19,2017-05-18,2017-05-18,Director,Market Purchase,Buy,Equity Shares,500.0,0.0,0.0,0.0,0.0,2000.0,0.0,2500.0,0.0
YESBANK,2017-05-19 19:55:00,2017-05-18,2017-05-17,2017-05-17,Employees/Designated Employees,Market Sale,Sell,Equity Shares,5400.0,0.0,0.0,0.0,0.0,33000.0,0.01,27600.0,0.01
YESBANK,2017-05-19 19:55:00,2017-05-19,2017-05-19,2017-05-19,Employees/Designated Employees,Pledge Creation,Pledge,Equity Shares,180000.0,0.0,0.0,0.0,0.0,245299.0,0.05,245299.0,0.05
YESBANK,2017-05-19 19:55:00,2017-05-19,2017-05-18,2017-05-18,Employees/Designated Employees,Market Sale,Sell,Equity Shares,3000.0,0.0,0.0,0.0,0.0,38207.0,0.01,35207.0,0.01
YESBANK,2017-05-22 15:47:00,2017-05-19,2017-04-05,2017-05-11,Employees/Designated Employees,ESOP,Buy,Equity Shares,6800.0,0.0,0.0,0.0,0.0,2050.0,0.0,8850.0,0.0
YESBANK,2017-05-22 15:47:00,2017-05-19,2017-05-19,2017-05-19,Employees/Designated Employees,Market Sale,Sell,Equity Shares,2850.0,0.0,0.0,0.0,0.0,8850.0,0.0,6000.0,0.0
YESBANK,2017-05-22 16:11:00,2017-05-19,2017-05-19,2017-05-19,Employees/Designated Employees,Market Sale,Sell,Equity Shares,1000.0,0.0,0.0,0.0,0.0,37000.0,0.01,36000.0,0.01
YESBANK,2017-05-23 16:30:00,2017-05-22,2017-05-19,2017-05-19,Employees/Designated Employees,Market Sale,Sell,Equity Shares,1925.0,0.0,0.0,0.0,0.0,20675.0,0.0,18750.0,0.0
YESBANK,2017-05-23 16:30:00,2017-05-19,2017-05-12,2017-05-12,Employees/Designated Employees,Market Sale,Sell,Equity Shares,300.0,0.0,0.0,0.0,0.0,463400.0,0.1,463100.0,0.1
YESBANK,2017-05-23 16:30:00,2017-05-22,2017-05-19,2017-05-19,Employees/Designated Employees,Market Sale,Sell,Equity Shares,3750.0,0.0,0.0,0.0,0.0,3750.0,0.0,,0.0
YESBANK,2017-05-24 13:26:00,2017-05-23,2017-05-22,2017-05-22,Employees/Designated Employees,Market Sale,Sell,Equity Shares,20000.0,0.0,0.0,0.0,0.0,29000.0,0.01,9000.0,0.0
YESBANK,2017-05-26 18:38:00,2017-05-26,2017-05-25,2017-05-25,Employees/Designated Employees,ESOP,Buy,Equity Shares,15000.0,0.0,0.0,0.0,0.0,20000.0,0.0,35000.0,0.01
YESBANK,2017-05-26 18:38:00,2017-05-26,2017-05-26,2017-05-26,Employees/Designated Employees,ESOP,Buy,Equity Shares,22000.0,0.0,0.0,0.0,0.0,170308.0,0.04,192308.0,0.05
YESBANK,2017-05-26 18:38:00,2017-05-25,2017-05-25,2017-05-25,Employees/Designated Employees,ESOP,Buy,Equity Shares,11000.0,0.0,0.0,0.0,0.0,10000.0,0.0,21000.0,0.0
YESBANK,2017-05-26 18:38:00,2017-05-26,2017-05-25,2017-05-25,Employees/Designated Employees,ESOP,Buy,Equity Shares,27000.0,0.0,0.0,0.0,0.0,263800.0,0.06,290800.0,0.07
YESBANK,2017-05-26 18:38:00,2017-05-26,2017-05-25,2017-05-25,Employees/Designated Employees,ESOP,Buy,Equity Shares,3500.0,0.0,0.0,0.0,0.0,16750.0,0.0,20250.0,0.0
YESBANK,2017-05-26 18:38:00,2017-05-26,2017-05-25,2017-05-25,Employees/Designated Employees,ESOP,Buy,Equity Shares,28750.0,0.0,0.0,0.0,0.0,1685.0,0.0,30435.0,0.01
YESBANK,2017-05-26 18:38:00,2017-05-26,2017-05-26,2017-05-26,Employees/Designated Employees,ESOP,Buy,Equity Shares,37000.0,0.0,0.0,0.0,0.0,10.0,0.0,37010.0,0.01
YESBANK,2017-05-26 18:38:00,2017-05-26,2017-05-25,2017-05-25,Employees/Designated Employees,ESOP,Buy,Equity Shares,15250.0,0.0,0.0,0.0,0.0,,0.0,15250.0,0.0
YESBANK,2017-05-26 18:38:00,2017-05-25,2017-05-25,2017-05-25,Employees/Designated Employees,ESOP,Buy,Equity Shares,7500.0,0.0,0.0,0.0,0.0,87500.0,0.02,95000.0,0.02
YESBANK,2017-05-29 17:30:00,2017-05-26,2017-04-05,2017-04-05,Employees/Designated Employees,ESOP,Buy,Equity Shares,400.0,0.0,0.0,0.0,0.0,12500.0,0.0,12900.0,0.0
YESBANK,2017-05-29 17:30:00,2017-05-26,2017-05-25,2017-05-25,Employees/Designated Employees,ESOP,Buy,Equity Shares,6980.0,0.0,0.0,0.0,0.0,12900.0,0.0,19880.0,0.0
YESBANK,2017-05-29 17:30:00,2017-05-29,2017-05-26,2017-05-26,Employees/Designated Employees,ESOP,Buy,Equity Shares,9000.0,0.0,0.0,0.0,0.0,14000.0,0.0,23000.0,0.1
YESBANK,2017-05-29 17:47:00,2017-05-29,2017-05-26,2017-05-26,Employees/Designated Employees,ESOP,Buy,Equity Shares,5500.0,0.0,0.0,0.0,0.0,151050.0,0.03,156550.0,0.03
YESBANK,2017-05-29 17:47:00,2017-05-29,2017-04-27,2017-04-27,Employees/Designated Employees,Market Sale,Sell,Equity Shares,1000.0,0.0,0.0,0.0,0.0,148550.0,0.03,147550.0,0.03
YESBANK,2017-05-29 19:02:00,2017-05-26,2017-05-25,2017-05-25,Employees/Designated Employees,ESOP,Buy,Equity Shares,1600.0,0.0,0.0,0.0,0.0,8600.0,0.0,10200.0,0.0
YESBANK,2017-05-29 19:02:00,2017-05-29,2017-05-26,2017-05-26,Employees/Designated Employees,Market Sale,Sell,Equity Shares,1400.0,0.0,0.0,0.0,0.0,10200.0,0.0,8800.0,0.0
YESBANK,2017-05-30 17:31:00,2017-05-30,2017-05-11,2017-05-11,Employees/Designated Employees,ESOP,Buy,Equity Shares,700.0,0.0,0.0,0.0,0.0,26891.0,0.01,27591.0,0.01
YESBANK,2017-05-30 17:31:00,2017-05-30,2017-05-25,2017-05-25,Employees/Designated Employees,ESOP,Buy,Equity Shares,1550.0,0.0,0.0,0.0,0.0,27591.0,0.01,29141.0,0.01
YESBANK,2017-05-30 17:31:00,2017-05-26,2017-05-26,2017-05-26,Employees/Designated Employees,ESOP,Buy,Equity Shares,25000.0,0.0,0.0,0.0,0.0,10.0,0.0,25010.0,0.01
YESBANK,2017-05-30 17:31:00,2017-05-30,2017-04-27,2017-04-27,Employees/Designated Employees,ESOP,Buy,Equity Shares,1500.0,0.0,0.0,0.0,0.0,25391.0,0.01,26891.0,0.01
YESBANK,2017-05-30 17:31:00,2017-05-30,2017-05-11,2017-05-11,Employees/Designated Employees,ESOP,Buy,Equity Shares,1000.0,0.0,0.0,0.0,0.0,13387.0,0.0,14387.0,0.0
YESBANK,2017-05-30 17:31:00,2017-05-29,2017-05-26,2017-05-26,Employees/Designated Employees,ESOP,Buy,Equity Shares,5000.0,0.0,0.0,0.0,0.0,468000.0,0.1,473000.0,0.1
YESBANK,2017-05-30 17:31:00,2017-05-26,2017-05-25,2017-05-25,Employees/Designated Employees,ESOP,Buy,Equity Shares,3500.0,0.0,0.0,0.0,0.0,15950.0,0.0,19450.0,0.0
YESBANK,2017-05-30 17:31:00,2017-05-30,2017-05-26,2017-05-26,Employees/Designated Employees,ESOP,Buy,Equity Shares,1750.0,0.0,0.0,0.0,0.0,14387.0,0.0,16137.0,0.0
YESBANK,2017-05-30 17:31:00,2017-05-26,2017-05-26,2017-05-26,Employees/Designated Employees,Market Sale,Sell,Equity Shares,400.0,0.0,0.0,0.0,0.0,2799.0,0.0,2399.0,0.0
YESBANK,2017-05-30 17:31:00,2017-05-26,2017-05-26,2017-05-26,Employees/Designated Employees,Market Purchase,Buy,Equity Shares,400.0,0.0,0.0,0.0,0.0,2399.0,0.0,2799.0,0.0
YESBANK,2017-05-30 17:31:00,2017-05-26,2017-05-25,2017-05-25,Employees/Designated Employees,Market Sale,Sell,Equity Shares,400.0,0.0,0.0,0.0,0.0,2799.0,0.0,2399.0,0.0
YESBANK,2017-05-30 17:31:00,2017-05-26,2017-05-25,2017-05-25,Employees/Designated Employees,Market Purchase,Buy,Equity Shares,400.0,0.0,0.0,0.0,0.0,2399.0,0.0,2799.0,0.0
YESBANK,2017-05-30 17:31:00,2017-05-30,2017-05-11,2017-05-11,Employees/Designated Employees,ESOP,Buy,Equity Shares,2500.0,0.0,0.0,0.0,0.0,200.0,0.0,2700.0,0.0
YESBANK,2017-05-30 17:31:00,2017-05-30,2017-05-26,2017-05-26,Employees/Designated Employees,ESOP,Buy,Equity Shares,1500.0,0.0,0.0,0.0,0.0,2625.0,0.0,4125.0,0.0
YESBANK,2017-05-30 17:31:00,2017-05-30,2017-04-05,2017-04-05,Employees/Designated Employees,ESOP,Buy,Equity Shares,650.0,0.0,0.0,0.0,0.0,25.0,0.0,675.0,0.0
YESBANK,2017-05-30 17:31:00,2017-05-30,2017-04-27,2017-04-27,Employees/Designated Employees,ESOP,Buy,Equity Shares,750.0,0.0,0.0,0.0,0.0,12637.0,0.0,13387.0,0.0
YESBANK,2017-05-30 17:58:00,,,,Employees/Designated Employees,-,-,,,350.0,0.0,511000.0,0.0,,0.0,,
YESBANK,2017-05-30 17:58:00,,,,Employees/Designated Employees,-,-,,,0.0,350.0,0.0,511000.0,,0.0,,
YESBANK,2017-05-30 17:58:00,,,,Employees/Designated Employees,-,-,,,0.0,350.0,0.0,507500.0,,0.0,,
YESBANK,2017-05-31 17:23:00,2017-05-29,2017-05-25,2017-05-25,Employees/Designated Employees,ESOP,Buy,Equity Shares,1500.0,0.0,0.0,0.0,0.0,61581.0,0.01,63081.0,0.01
YESBANK,2017-06-01 19:49:00,,,,Employees/Designated Employees,-,-,,,0.0,350.0,0.0,519220.0,,0.0,,
YESBANK,2017-06-01 19:49:00,,,,Employees/Designated Employees,-,-,,,3500.0,0.0,5143799.0,0.0,,0.0,,
YESBANK,2017-06-01 19:49:00,,,,Employees/Designated Employees,-,-,,,0.0,3500.0,0.0,5115392.0,,0.0,,
YESBANK,2017-06-05 17:50:00,2017-06-05,2017-06-02,2017-06-02,Employees/Designated Employees,Market Sale,Sell,Equity Shares,4500.0,0.0,0.0,0.0,0.0,83750.0,0.0,79250.0,0.0
YESBANK,2017-06-05 17:58:00,2017-06-02,2017-06-01,2017-06-01,Employees/Designated Employees,Pledge Creation,Pledge,Equity Shares,2000.0,0.0,0.0,0.0,0.0,13100.0,0.0,13100.0,0.0
YESBANK,2017-06-05 18:20:00,2017-06-01,2017-04-28,2017-04-28,Employees/Designated Employees,Market Sale,Sell,Equity Shares,1000.0,0.0,0.0,0.0,0.0,16950.0,0.0,15950.0,0.0
YESBANK,2017-06-05 18:20:00,2017-06-05,2017-05-31,2017-05-31,Employees/Designated Employees,Market Sale,Sell,Equity Shares,1000.0,0.0,0.0,0.0,0.0,801000.0,0.18,800000.0,0.17
YESBANK,2017-06-07 14:48:00,2017-06-06,2017-06-05,2017-06-05,Employees/Designated Employees,Market Sale,Sell,Equity Shares,2000.0,0.0,0.0,0.0,0.0,79250.0,0.0,77250.0,0.0
YESBANK,2017-06-07 14:48:00,2017-06-06,2017-06-05,2017-06-05,Employees/Designated Employees,Market Sale,Sell,Equity Shares,500.0,0.0,0.0,0.0,0.0,6450.0,0.0,5950.0,0.0
YESBANK,2017-06-07 14:48:00,2017-06-07,2017-06-06,2017-06-06,Employees/Designated Employees,Market Sale,Sell,Equity Shares,1500.0,0.0,0.0,0.0,0.0,30975.0,0.01,29475.0,0.01
YESBANK,2017-06-07 14:48:00,2017-06-06,2017-06-05,2017-06-05,Employees/Designated Employees,Market Sale,Sell,Equity Shares,4000.0,0.0,0.0,0.0,0.0,18750.0,0.0,14750.0,0.0
YESBANK,2017-06-07 14:57:00,2017-06-07,2017-06-05,2017-06-05,Employees/Designated Employees,Market Sale,Sell,Equity Shares,2000.0,0.0,0.0,0.0,0.0,11000.0,0.0,9000.0,0.0
YESBANK,2017-06-08 18:29:00,2017-06-07,2017-06-05,2017-06-05,Employees/Designated Employees,Pledge Creation,Pledge,Equity Shares,2500.0,0.0,0.0,0.0,0.0,3925.0,0.0,3925.0,0.0
YESBANK,2017-06-08 18:29:00,2017-06-08,2017-06-07,2017-06-07,Employees/Designated Employees,Market Sale,Sell,Equity Shares,5000.0,0.0,0.0,0.0,0.0,299095.0,0.0,294095.0,0.0
YESBANK,2017-06-08 18:29:00,2017-06-06,2017-06-06,2017-06-06,Employees/Designated Employees,Market Sale,Sell,Equity Shares,400.0,0.0,0.0,0.0,0.0,2799.0,0.0,2399.0,0.0
YESBANK,2017-06-08 18:29:00,2017-06-06,2017-06-06,2017-06-06,Employees/Designated Employees,Market Purchase,Buy,Equity Shares,400.0,0.0,0.0,0.0,0.0,2399.0,0.0,2799.0,0.0
YESBANK,2017-06-08 18:29:00,2017-06-06,2017-06-05,2017-06-05,Employees/Designated Employees,Market Purchase,Buy,Equity Shares,400.0,0.0,0.0,0.0,0.0,1999.0,0.0,2399.0,0.0
YESBANK,2017-06-08 18:29:00,2017-06-06,2017-06-02,2017-06-02,Employees/Designated Employees,Market Sale,Sell,Equity Shares,400.0,0.0,0.0,0.0,0.0,2799.0,0.0,2399.0,0.0
YESBANK,2017-06-08 18:29:00,2017-06-06,2017-06-02,2017-06-02,Employees/Designated Employees,Market Purchase,Buy,Equity Shares,400.0,0.0,0.0,0.0,0.0,2399.0,0.0,2799.0,0.0
YESBANK,2017-06-08 18:29:00,2017-06-06,2017-06-05,2017-06-05,Employees/Designated Employees,Market Sale,Sell,Equity Shares,800.0,0.0,0.0,0.0,0.0,2799.0,0.0,1999.0,0.0
YESBANK,2017-06-09 15:58:00,2017-06-08,2017-06-08,2017-06-08,Employees/Designated Employees,ESOP,Buy,Equity Shares,9000.0,0.0,0.0,0.0,0.0,192308.0,0.04,201308.0,0.04
YESBANK,2017-06-09 15:58:00,2017-06-08,2017-06-08,2017-06-08,Employees/Designated Employees,ESOP,Buy,Equity Shares,13500.0,0.0,0.0,0.0,0.0,95000.0,0.02,108500.0,0.02
YESBANK,2017-06-09 16:08:00,,,,Employees/Designated Employees,-,-,,,0.0,3500.0,0.0,5312003.0,,0.0,,
YESBANK,2017-06-12 17:01:00,2017-06-08,2017-06-08,2017-06-08,Employees/Designated Employees,ESOP,Buy,Equity Shares,9000.0,0.0,0.0,0.0,0.0,29475.0,0.01,38475.0,0.01
YESBANK,2017-06-12 17:01:00,2017-06-09,2017-06-08,2017-06-08,Employees/Designated Employees,ESOP,Buy,Equity Shares,20000.0,0.0,0.0,0.0,0.0,51200.0,0.01,71200.0,0.02
YESBANK,2017-06-12 17:01:00,2017-06-09,2017-06-08,2017-06-08,Employees/Designated Employees,ESOP,Buy,Equity Shares,10000.0,0.0,0.0,0.0,0.0,,0.0,10000.0,0.0
YESBANK,2017-06-12 17:01:00,2017-06-08,2017-05-25,2017-05-25,Employees/Designated Employees,ESOP,Buy,Equity Shares,5500.0,0.0,0.0,0.0,0.0,18750.0,0.0,24250.0,0.0
YESBANK,2017-06-12 17:01:00,2017-06-08,2017-06-08,2017-06-08,Employees/Designated Employees,ESOP,Buy,Equity Shares,9500.0,0.0,0.0,0.0,0.0,20250.0,0.0,29750.0,0.01
YESBANK,2017-06-12 17:01:00,2017-06-08,2017-06-08,2017-06-08,Employees/Designated Employees,ESOP,Buy,Equity Shares,18500.0,0.0,0.0,0.0,0.0,77250.0,0.02,95750.0,0.02
YESBANK,2017-06-12 18:20:00,2017-06-12,2017-06-08,2017-06-08,Employees/Designated Employees,Market Sale,Sell,Equity Shares,400.0,0.0,0.0,0.0,0.0,478000.0,0.1,477600.0,0.1
YESBANK,2017-06-12 18:20:00,2017-06-12,2017-06-08,2017-06-08,Employees/Designated Employees,ESOP,Buy,Equity Shares,5000.0,0.0,0.0,0.0,0.0,473000.0,0.1,478000.0,0.1
YESBANK,2017-06-12 18:20:00,2017-06-12,2017-06-09,2017-06-09,Employees/Designated Employees,Market Sale,Sell,Equity Shares,1100.0,0.0,0.0,0.0,0.0,477600.0,0.1,476500.0,0.1
YESBANK,2017-06-13 16:35:00,2017-06-13,2017-06-12,2017-06-12,Employees/Designated Employees,Market Sale,Sell,Equity Shares,8000.0,0.0,0.0,0.0,0.0,71200.0,0.02,63200.0,0.01
YESBANK,2017-06-13 16:35:00,2017-06-13,2017-06-08,2017-06-08,Employees/Designated Employees,ESOP,Buy,Equity Shares,7600.0,0.0,0.0,0.0,0.0,54900.0,0.01,62500.0,0.01
YESBANK,2017-06-13 16:35:00,2017-06-12,2017-06-05,2017-06-05,Employees/Designated Employees,Market Sale,Sell,Equity Shares,1000.0,0.0,0.0,0.0,0.0,801000.0,0.18,800000.0,0.18
YESBANK,2017-06-13 16:35:00,2017-06-13,2017-05-25,2017-05-25,Employees/Designated Employees,ESOP,Buy,Equity Shares,4400.0,0.0,0.0,0.0,0.0,50500.0,0.01,54900.0,0.01
YESBANK,2017-06-13 16:47:00,2017-06-13,2017-06-12,2017-06-12,Employees/Designated Employees,Pledge Creation,Pledge,Equity Shares,1000.0,0.0,0.0,0.0,0.0,9000.0,0.0,9000.0,0.0
YESBANK,2017-06-13 16:47:00,2017-06-13,2017-06-13,2017-06-13,Employees/Designated Employees,Market Sale,Sell,Equity Shares,1000.0,0.0,0.0,0.0,0.0,9000.0,0.0,8000.0,0.0
YESBANK,2017-06-13 17:27:00,2017-06-13,2017-06-13,2017-06-13,Employees/Designated Employees,Pledge Creation,Pledge,Equity Shares,27000.0,0.0,0.0,0.0,0.0,290800.0,0.07,290800.0,0.07
YESBANK,2017-06-13 17:27:00,2017-06-12,2017-06-07,2017-06-07,Employees/Designated Employees,Market Purchase,Buy,Equity Shares,800.0,0.0,0.0,0.0,0.0,2399.0,0.0,3199.0,0.0
YESBANK,2017-06-13 17:27:00,2017-06-12,2017-06-07,2017-06-07,Employees/Designated Employees,Market Sale,Sell,Equity Shares,800.0,0.0,0.0,0.0,0.0,3199.0,0.0,2399.0,0.0
YESBANK,2017-06-13 17:27:00,2017-06-12,2017-06-08,2017-06-08,Employees/Designated Employees,Market Purchase,Buy,Equity Shares,800.0,0.0,0.0,0.0,0.0,2399.0,0.0,3199.0,0.0
YESBANK,2017-06-14 12:58:00,2017-06-12,2017-06-06,2017-06-06,Employees/Designated Employees,Market Purchase,Buy,Equity Shares,400.0,0.0,0.0,0.0,0.0,1999.0,0.0,2399.0,0.0
YESBANK,2017-06-14 12:58:00,2017-06-12,2017-06-08,2017-06-08,Employees/Designated Employees,Market Sale,Sell,Equity Shares,400.0,0.0,0.0,0.0,0.0,3199.0,0.0,2799.0,0.0
YESBANK,2017-06-14 12:58:00,2017-06-12,2017-06-09,2017-06-09,Employees/Designated Employees,Market Purchase,Buy,Equity Shares,400.0,0.0,0.0,0.0,0.0,2399.0,0.0,2799.0,0.0
YESBANK,2017-06-14 12:58:00,2017-06-12,2017-06-09,2017-06-09,Employees/Designated Employees,Market Sale,Sell,Equity Shares,400.0,0.0,0.0,0.0,0.0,2799.0,0.0,2399.0,0.0
YESBANK,2017-06-14 12:58:00,2017-06-12,2017-06-06,2017-06-06,Employees/Designated Employees,Market Sale,Sell,Equity Shares,400.0,0.0,0.0,0.0,0.0,2399.0,0.0,1999.0,0.0
YESBANK,2017-06-15 16:10:00,2017-06-14,2017-06-13,2017-06-13,Employees/Designated Employees,Pledge Creation,Pledge,Equity Shares,1500.0,0.0,0.0,0.0,0.0,4000.0,0.0,4000.0,0.0
YESBANK,2017-06-15 16:10:00,2017-06-14,2017-05-25,2017-05-25,Employees/Designated Employees,Market Sale,Sell,Equity Shares,25.0,0.0,0.0,0.0,0.0,4125.0,0.0,4100.0,0.0
YESBANK,2017-06-15 16:10:00,2017-06-14,2017-06-05,2017-06-05,Employees/Designated Employees,Market Sale,Sell,Equity Shares,75.0,0.0,0.0,0.0,0.0,4100.0,0.0,4025.0,0.0
YESBANK,2017-06-15 16:10:00,2017-06-14,2017-06-13,2017-06-13,Employees/Designated Employees,Market Sale,Sell,Equity Shares,25.0,0.0,0.0,0.0,0.0,4025.0,0.0,4000.0,0.0
YESBANK,2017-06-15 16:14:00,2017-06-14,2017-06-13,2017-06-13,Employees/Designated Employees,Market Sale,Sell,Equity Shares,1500.0,0.0,0.0,0.0,0.0,38475.0,0.01,36975.0,0.01
YESBANK,2017-06-15 16:14:00,2017-06-14,2017-06-13,2017-06-13,Employees/Designated Employees,Pledge Creation,Pledge,Equity Shares,6700.0,0.0,0.0,0.0,0.0,25010.0,0.01,25010.0,0.01
YESBANK,2017-06-15 16:16:00,2017-06-14,2017-06-13,2017-06-13,Employees/Designated Employees,Market Sale,Sell,Equity Shares,2000.0,0.0,0.0,0.0,0.0,799000.0,0.19,797000.0,0.19
YESBANK,2017-06-15 16:16:00,2017-06-14,2017-06-12,2017-06-12,Employees/Designated Employees,Market Sale,Sell,Equity Shares,2000.0,0.0,0.0,0.0,0.0,801000.0,0.19,799000.0,0.19
YESBANK,2017-06-15 16:19:00,,,,Employees/Designated Employees,-,-,,,2100.0,0.0,3149634.0,0.0,,0.0,,
YESBANK,2017-06-16 18:31:00,2017-06-15,2017-06-12,2017-06-12,Employees/Designated Employees,Market Purchase,Buy,Equity Shares,2000.0,0.0,0.0,0.0,0.0,799.0,0.0,2799.0,0.0
YESBANK,2017-06-16 18:31:00,2017-06-15,2017-06-12,2017-06-12,Employees/Designated Employees,Market Sale,Sell,Equity Shares,2000.0,0.0,0.0,0.0,0.0,2799.0,0.0,799.0,0.0
YESBANK,2017-06-20 17:22:00,2017-06-19,2017-06-16,2017-06-16,Employees/Designated Employees,Market Sale,Sell,Equity Shares,5000.0,0.0,0.0,0.0,0.0,294095.0,0.06,289095.0,0.06
YESBANK,2017-06-20 17:22:00,2017-06-20,2017-05-09,2017-05-09,Employees/Designated Employees,Market Sale,Sell,Equity Shares,905.0,0.0,0.0,0.0,0.0,14805.0,0.0,13900.0,0.0
YESBANK,2017-06-20 17:22:00,2017-06-20,2017-04-27,2017-04-27,Employees/Designated Employees,Market Sale,Sell,Equity Shares,500.0,0.0,0.0,0.0,0.0,15305.0,0.0,14805.0,0.0
YESBANK,2017-06-20 17:22:00,2017-06-16,2017-05-25,2017-05-25,Employees/Designated Employees,Market Sale,Sell,Equity Shares,700.0,0.0,0.0,0.0,0.0,4900.0,0.0,4200.0,0.0
YESBANK,2017-06-20 17:22:00,2017-06-16,2017-06-16,2017-06-16,Employees/Designated Employees,Market Sale,Sell,Equity Shares,4000.0,0.0,0.0,0.0,0.0,108500.0,0.02,104500.0,0.02
YESBANK,2017-06-20 17:22:00,2017-06-19,2017-06-13,2017-06-13,Employees/Designated Employees,Market Sale,Sell,Equity Shares,1000.0,0.0,0.0,0.0,0.0,6700.0,0.0,5700.0,0.0
YESBANK,2017-06-20 17:22:00,2017-06-15,2017-06-13,2017-06-13,Employees/Designated Employees,Market Sale,Sell,Equity Shares,4000.0,0.0,0.0,0.0,0.0,63200.0,0.01,59200.0,0.01
YESBANK,2017-06-20 17:22:00,2017-06-16,2017-06-05,2017-06-05,Employees/Designated Employees,Market Sale,Sell,Equity Shares,800.0,0.0,0.0,0.0,0.0,4000.0,0.0,3200.0,0.0
YESBANK,2017-06-20 17:22:00,2017-06-16,2017-05-11,2017-05-11,Employees/Designated Employees,Market Sale,Sell,Equity Shares,200.0,0.0,0.0,0.0,0.0,4200.0,0.0,4000.0,0.0
YESBANK,2017-06-21 14:16:00,2017-06-19,2017-06-15,2017-06-15,Employees/Designated Employees,Market Purchase,Buy,Equity Shares,600.0,0.0,0.0,0.0,0.0,2199.0,0.0,2799.0,0.0
YESBANK,2017-06-21 14:16:00,2017-06-19,2017-06-15,2017-06-15,Employees/Designated Employees,Market Sale,Sell,Equity Shares,600.0,0.0,0.0,0.0,0.0,2799.0,0.0,2199.0,0.0
YESBANK,2017-06-22 15:06:00,2017-06-21,2017-06-16,2017-06-16,Employees/Designated Employees,Market Purchase,Buy,Equity Shares,800.0,0.0,0.0,0.0,0.0,1999.0,0.0,2799.0,0.0
YESBANK,2017-06-22 15:06:00,2017-06-21,2017-06-19,2017-06-19,Employees/Designated Employees,Market Sale,Sell,Equity Shares,600.0,0.0,0.0,0.0,0.0,2799.0,0.0,2199.0,0.0
YESBANK,2017-06-22 15:06:00,2017-06-21,2017-06-21,2017-06-21,Employees/Designated Employees,Market Purchase,Buy,Equity Shares,600.0,0.0,0.0,0.0,0.0,2199.0,0.0,2799.0,0.0
YESBANK,2017-06-22 15:06:00,2017-06-21,2017-06-20,2017-06-20,Employees/Designated Employees,Market Sale,Sell,Equity Shares,1200.0,0.0,0.0,0.0,0.0,2799.0,0.0,1599.0,0.0
YESBANK,2017-06-22 15:06:00,2017-06-21,2017-06-20,2017-06-20,Employees/Designated Employees,Market Purchase,Buy,Equity Shares,1200.0,0.0,0.0,0.0,0.0,1599.0,0.0,2799.0,0.0
YESBANK,2017-06-22 15:06:00,2017-06-22,2017-06-21,2017-06-21,Employees/Designated Employees,Market Sale,Sell,Equity Shares,6000.0,0.0,0.0,0.0,0.0,35520.0,0.01,29520.0,0.01
YESBANK,2017-06-22 15:06:00,2017-06-22,2017-06-20,2017-06-20,Employees/Designated Employees,Market Sale,Sell,Equity Shares,1250.0,0.0,0.0,0.0,0.0,36770.0,0.01,35520.0,0.01
YESBANK,2017-06-22 15:06:00,2017-06-22,2017-06-21,2017-06-21,Employees/Designated Employees,Market Sale,Sell,Equity Shares,20000.0,0.0,0.0,0.0,0.0,105100.0,0.02,85100.0,0.02
YESBANK,2017-06-22 15:06:00,2017-06-21,2017-06-16,2017-06-16,Employees/Designated Employees,Market Sale,Sell,Equity Shares,800.0,0.0,0.0,0.0,0.0,2799.0,0.0,1999.0,0.0
YESBANK,2017-06-23 13:09:00,2017-06-22,2017-06-20,2017-06-20,Employees/Designated Employees,Market Sale,Sell,Equity Shares,300.0,0.0,0.0,0.0,0.0,475700.0,0.1,475400.0,0.1
YESBANK,2017-06-23 13:09:00,2017-06-22,2017-06-21,2017-06-21,Employees/Designated Employees,Market Sale,Sell,Equity Shares,100.0,0.0,0.0,0.0,0.0,475400.0,0.1,475300.0,0.1
YESBANK,2017-06-23 13:09:00,2017-06-22,2017-06-22,2017-06-22,Employees/Designated Employees,Market Sale,Sell,Equity Shares,1200.0,0.0,0.0,0.0,0.0,475300.0,0.1,474100.0,0.1
YESBANK,2017-06-23 13:09:00,2017-06-22,2017-06-13,2017-06-13,Employees/Designated Employees,Market Sale,Sell,Equity Shares,500.0,0.0,0.0,0.0,0.0,476200.0,0.1,475700.0,0.1
YESBANK,2017-06-23 13:09:00,2017-06-23,2017-06-22,2017-06-22,Employees/Designated Employees,Market Sale,Sell,Equity Shares,5000.0,0.0,0.0,0.0,0.0,85100.0,0.02,80100.0,0.02
YESBANK,2017-06-27 15:42:00,2017-06-22,2017-06-22,2017-06-22,Employees/Designated Employees,ESOP,Buy,Equity Shares,7500.0,0.0,0.0,0.0,0.0,104500.0,0.02,112000.0,0.02
YESBANK,2017-06-27 15:42:00,2017-06-23,2017-06-22,2017-06-22,Employees/Designated Employees,ESOP,Buy,Equity Shares,2500.0,0.0,0.0,0.0,0.0,19450.0,0.0,21950.0,0.0
YESBANK,2017-06-27 15:42:00,2017-06-23,2017-06-22,2017-06-22,Employees/Designated Employees,ESOP,Buy,Equity Shares,10000.0,0.0,0.0,0.0,0.0,474100.0,0.1,484100.0,0.11
YESBANK,2017-06-27 15:42:00,2017-06-27,2017-04-05,2017-04-05,Employees/Designated Employees,ESOP,Buy,Equity Shares,3508.0,0.0,0.0,0.0,0.0,45612.0,0.01,49120.0,0.01
YESBANK,2017-06-27 15:42:00,2017-06-23,2017-06-22,2017-06-22,Employees/Designated Employees,Market Sale,Sell,Equity Shares,1025.0,0.0,0.0,0.0,0.0,3750.0,0.0,2725.0,0.0
YESBANK,2017-06-27 15:42:00,2017-06-23,2017-06-13,2017-06-13,Employees/Designated Employees,Market Sale,Sell,Equity Shares,25.0,0.0,0.0,0.0,0.0,4025.0,0.0,4000.0,0.0
YESBANK,2017-06-27 15:42:00,2017-06-27,2017-06-22,2017-06-22,Employees/Designated Employees,ESOP,Buy,Equity Shares,808.0,0.0,0.0,0.0,0.0,49120.0,0.01,49928.0,0.01
YESBANK,2017-06-27 15:42:00,2017-06-23,2017-06-20,2017-06-20,Employees/Designated Employees,Market Sale,Sell,Equity Shares,250.0,0.0,0.0,0.0,0.0,4000.0,0.0,3750.0,0.0
YESBANK,2017-06-27 15:42:00,2017-06-23,2017-06-22,2017-06-22,Employees/Designated Employees,Market Sale,Sell,Equity Shares,801.0,0.0,0.0,0.0,0.0,36975.0,0.01,36174.0,0.01
YESBANK,2017-06-28 15:50:00,2017-06-27,2017-06-27,2017-06-27,Employees/Designated Employees,Market Purchase,Buy,Shares,1200.0,0.0,0.0,0.0,0.0,199.0,0.0,1399.0,0.0
YESBANK,2017-06-28 15:50:00,2017-06-27,2017-06-27,2017-06-27,Employees/Designated Employees,Market Sale,Sell,Shares,1200.0,0.0,0.0,0.0,0.0,1399.0,0.0,199.0,0.0
YESBANK,2017-06-28 15:50:00,2017-06-27,2017-06-23,2017-06-23,Employees/Designated Employees,Market Purchase,Buy,Shares,701.0,0.0,0.0,0.0,0.0,698.0,0.0,1399.0,0.0
YESBANK,2017-06-28 15:50:00,2017-06-27,2017-06-23,2017-06-23,Employees/Designated Employees,Market Sale,Sell,Shares,2101.0,0.0,0.0,0.0,0.0,2799.0,0.0,698.0,0.0
YESBANK,2017-06-28 15:50:00,2017-06-27,2017-06-23,2017-06-23,Employees/Designated Employees,Market Purchase,Buy,Shares,2799.0,0.0,0.0,0.0,0.0,,0.0,2799.0,0.0
YESBANK,2017-06-28 15:50:00,2017-06-27,2017-06-23,2017-06-23,Employees/Designated Employees,Market Sale,Sell,Shares,2799.0,0.0,0.0,0.0,0.0,2799.0,0.0,,0.0
YESBANK,2017-06-28 15:50:00,2017-06-27,2017-06-22,2017-06-22,Employees/Designated Employees,Market Purchase,Buy,Shares,990.0,0.0,0.0,0.0,0.0,1809.0,0.0,2799.0,0.0
YESBANK,2017-06-28 15:50:00,2017-06-27,2017-06-22,2017-06-22,Employees/Designated Employees,Market Sale,Sell,Shares,990.0,0.0,0.0,0.0,0.0,2799.0,0.0,1809.0,0.0
YESBANK,2017-06-28 15:50:00,2017-06-27,2017-06-22,2017-06-22,Employees/Designated Employees,Market Purchase,Buy,Shares,2799.0,0.0,0.0,0.0,0.0,,0.0,2799.0,0.0
YESBANK,2017-06-28 15:50:00,2017-06-27,2017-06-22,2017-06-22,Employees/Designated Employees,Market Sale,Sell,Shares,2799.0,0.0,0.0,0.0,0.0,2799.0,0.0,,0.0
YESBANK,2017-06-28 16:01:00,2017-06-27,2017-06-14,2017-06-14,Employees/Designated Employees,Market Sale,Sell,Equity Shares,1000.0,0.0,0.0,0.0,0.0,156550.0,0.03,155550.0,0.03
YESBANK,2017-06-28 16:01:00,2017-06-27,2017-06-22,2017-06-22,Employees/Designated Employees,ESOP,Buy,Equity Shares,2500.0,0.0,0.0,0.0,0.0,155550.0,0.03,158050.0,0.03
YESBANK,2017-06-28 17:08:00,2017-06-28,2017-06-23,2017-06-23,Employees/Designated Employees,ESOP,Buy,Equity Shares,1800.0,0.0,0.0,0.0,0.0,5700.0,0.0,7500.0,0.0
YESBANK,2017-06-28 17:08:00,2017-06-23,2017-06-07,2017-06-07,Employees/Designated Employees,Market Sale,Sell,Equity Shares,500.0,0.0,0.0,0.0,0.0,4115.0,0.0,3615.0,0.0
YESBANK,2017-06-28 17:08:00,2017-06-23,2017-06-15,2017-06-15,Employees/Designated Employees,Market Sale,Sell,Equity Shares,500.0,0.0,0.0,0.0,0.0,4615.0,0.0,4115.0,0.0
YESBANK,2017-06-28 17:08:00,2017-06-28,2017-06-08,2017-06-08,Employees/Designated Employees,ESOP,Buy,Equity Shares,750.0,0.0,0.0,0.0,0.0,5950.0,0.0,6700.0,0.0
YESBANK,2017-06-28 17:08:00,2017-06-28,2017-05-25,2017-05-25,Employees/Designated Employees,ESOP,Buy,Equity Shares,1200.0,0.0,0.0,0.0,0.0,5250.0,0.0,6450.0,0.0
YESBANK,2017-06-28 17:08:00,2017-06-28,2017-06-27,2017-06-27,Employees/Designated Employees,Market Sale,Sell,Equity Shares,817.0,0.0,0.0,0.0,0.0,801000.0,0.18,800183.0,0.17
YESBANK,2017-06-29 17:26:00,2017-06-29,2017-06-28,2017-06-28,Employees/Designated Employees,Market Sale,Sell,Equity Shares,1500.0,0.0,0.0,0.0,0.0,2500.0,0.0,1000.0,0.0
YESBANK,2017-06-29 17:26:00,2017-06-29,2017-06-28,2017-06-28,Employees/Designated Employees,Pledge Creation,Pledge,Equity Shares,14000.0,0.0,0.0,0.0,0.0,21000.0,0.0,21000.0,0.0
YESBANK,2017-06-29 17:26:00,2017-06-29,2017-06-28,2017-06-28,Employees/Designated Employees,Market Sale,Sell,Equity Shares,3683.0,0.0,0.0,0.0,0.0,801000.0,0.18,797317.0,0.17
YESBANK,2017-06-29 17:26:00,2017-06-29,2017-06-28,2017-06-28,Employees/Designated Employees,Market Sale,Sell,Equity Shares,400.0,0.0,0.0,0.0,0.0,483900.0,0.11,483500.0,0.11
YESBANK,2017-06-29 17:26:00,2017-06-29,2017-06-28,2017-06-28,Employees/Designated Employees,Market Sale,Sell,Equity Shares,1000.0,0.0,0.0,0.0,0.0,1000.0,0.0,,0.0
YESBANK,2017-06-29 17:26:00,2017-06-29,2017-06-29,2017-06-29,Employees/Designated Employees,Market Sale,Sell,Equity Shares,300.0,0.0,0.0,0.0,0.0,483500.0,0.11,483200.0,0.11
YESBANK,2017-06-30 11:19:00,2017-06-30,2017-06-28,2017-06-28,Employees/Designated Employees,Market Sale,Sell,Equity Shares,5000.0,0.0,0.0,0.0,0.0,289095.0,0.06,284095.0,0.06
YESBANK,2017-06-30 11:19:00,2017-06-29,2017-06-23,2017-06-23,Employees/Designated Employees,Market Sale,Sell,Equity Shares,12000.0,0.0,0.0,0.0,0.0,25820.0,0.01,13820.0,0.0
YESBANK,2017-06-30 11:19:00,2017-06-30,2017-06-29,2017-06-29,Employees/Designated Employees,Market Sale,Sell,Equity Shares,1500.0,0.0,0.0,0.0,0.0,36174.0,0.01,34674.0,0.01
YESBANK,2017-06-30 11:19:00,2017-06-29,2017-06-27,2017-06-27,Employees/Designated Employees,Pledge Creation,Pledge,Equity Shares,400.0,0.0,0.0,0.0,0.0,9940.0,0.0,9940.0,0.0
YESBANK,2017-06-30 11:19:00,2017-06-29,2017-05-15,2017-05-15,Employees/Designated Employees,Pledge Creation,Pledge,Equity Shares,300.0,0.0,0.0,0.0,0.0,9940.0,0.0,9940.0,0.0
YESBANK,2017-07-03 17:54:00,2017-06-30,2017-06-23,2017-06-23,Employees/Designated Employees,Market Sale,Sell,Equity Shares,750.0,0.0,0.0,0.0,0.0,27520.0,0.01,26770.0,0.01
YESBANK,2017-07-03 17:54:00,2017-06-30,2017-06-28,2017-06-28,Employees/Designated Employees,Market Sale,Sell,Equity Shares,2500.0,0.0,0.0,0.0,0.0,26770.0,0.01,24270.0,0.01
YESBANK,2017-07-03 17:54:00,2017-06-30,2017-06-22,2017-06-22,Employees/Designated Employees,Market Sale,Sell,Equity Shares,2000.0,0.0,0.0,0.0,0.0,29520.0,0.01,27520.0,0.01
YESBANK,2017-07-03 18:01:00,2017-06-30,2017-06-28,2017-06-28,Employees/Designated Employees,Market Sale,Sell,Equity Shares,6000.0,0.0,0.0,0.0,0.0,59100.0,0.01,53100.0,0.01
YESBANK,2017-07-03 18:01:00,2017-06-30,2017-06-29,2017-06-29,Employees/Designated Employees,Market Sale,Sell,Equity Shares,1125.0,0.0,0.0,0.0,0.0,53100.0,0.01,51975.0,0.01
YESBANK,2017-07-03 18:35:00,2017-06-30,2017-06-28,2017-06-28,Employees/Designated Employees,Market Sale,Sell,Equity Shares,1000.0,0.0,0.0,0.0,0.0,70416.0,0.01,69416.0,0.01
YESBANK,2017-07-03 18:38:00,2017-06-30,2017-06-20,2017-06-20,Employees/Designated Employees,Market Sale,Sell,Equity Shares,1000.0,0.0,0.0,0.0,0.0,3200.0,0.0,2200.0,0.0
YESBANK,2017-07-04 18:58:00,2017-06-30,2017-04-25,2017-04-25,Employees/Designated Employees,ESOP,Buy,Equity Shares,550.0,0.0,0.0,0.0,0.0,250.0,0.0,800.0,0.0
YESBANK,2017-07-04 18:58:00,2017-06-30,2017-04-18,2017-04-18,Employees/Designated Employees,Market Sale,Sell,Equity Shares,1800.0,0.0,0.0,0.0,0.0,2050.0,0.0,250.0,0.0
YESBANK,2017-07-04 18:58:00,2017-06-30,2017-06-30,2017-06-30,Employees/Designated Employees,Market Sale,Sell,Equity Shares,700.0,0.0,0.0,0.0,0.0,1975.0,0.0,1275.0,0.0
YESBANK,2017-07-04 18:58:00,2017-06-30,2017-04-05,2017-04-05,Employees/Designated Employees,ESOP,Buy,Equity Shares,250.0,0.0,0.0,0.0,0.0,1800.0,0.0,2050.0,0.0
YESBANK,2017-07-04 18:58:00,2017-06-30,2017-05-24,2017-05-24,Employees/Designated Employees,Market Sale,Sell,Equity Shares,800.0,0.0,0.0,0.0,0.0,800.0,0.0,,0.0
YESBANK,2017-07-04 19:04:00,2017-06-30,2017-06-28,2017-06-28,Employees/Designated Employees,Market Sale,Sell,Equity Shares,2000.0,0.0,0.0,0.0,0.0,95750.0,0.02,93750.0,0.02
YESBANK,2017-07-04 19:04:00,2017-06-30,2017-06-28,2017-06-28,Employees/Designated Employees,Market Sale,Sell,Equity Shares,5000.0,0.0,0.0,0.0,0.0,289095.0,0.6,284095.0,0.6
YESBANK,2017-07-04 19:04:00,2017-07-03,2017-06-30,2017-06-30,Employees/Designated Employees,Market Sale,Sell,Equity Shares,2000.0,0.0,0.0,0.0,0.0,93750.0,0.02,91750.0,0.02
YESBANK,2017-07-04 19:09:00,2017-06-30,2017-06-30,2017-06-30,Employees/Designated Employees,Gift,Sell,Equity Shares,1800.0,0.0,0.0,0.0,0.0,68791.0,0.01,66991.0,0.01
YESBANK,2017-07-05 13:15:00,2017-07-04,2017-05-16,2017-05-17,Employees/Designated Employees,Market Sale,Sell,Equity Shares,1000.0,0.0,0.0,0.0,0.0,3250.0,0.0,2250.0,0.0
YESBANK,2017-07-05 13:15:00,2017-07-03,2017-06-30,2017-06-30,Employees/Designated Employees,Market Sale,Sell,Equity Shares,2875.0,0.0,0.0,0.0,0.0,51975.0,0.01,49100.0,0.01
YESBANK,2017-07-05 13:15:00,2017-07-03,2017-06-28,2017-06-28,Employees/Designated Employees,Market Sale,Sell,Equity Shares,1000.0,0.0,0.0,0.0,0.0,8800.0,0.0,7800.0,0.0
YESBANK,2017-07-05 13:15:00,2017-07-04,2017-06-30,2017-06-30,Employees/Designated Employees,Market Sale,Sell,Equity Shares,2000.0,0.0,0.0,0.0,0.0,161350.0,0.04,159350.0,0.03
YESBANK,2017-07-05 13:15:00,2017-07-03,2017-06-22,2017-06-22,Employees/Designated Employees,ESOP,Buy,Equity Shares,2000.0,0.0,0.0,0.0,0.0,3000.0,0.0,5000.0,0.0
YESBANK,2017-07-05 13:15:00,2017-07-03,2017-06-30,2017-06-30,Employees/Designated Employees,Market Sale,Sell,Equity Shares,1000.0,0.0,0.0,0.0,0.0,5000.0,0.0,4000.0,0.0
YESBANK,2017-07-05 16:09:00,2017-07-03,2017-05-23,2017-05-23,Employees/Designated Employees,Pledge Creation,Pledge,Equity Shares,3750.0,0.0,0.0,0.0,0.0,7500.0,0.0,7500.0,0.0
YESBANK,2017-07-05 16:09:00,2017-07-03,2017-06-05,2017-06-05,Employees/Designated Employees,Revokation of Pledge,Pledge Revoke,Equity Shares,1900.0,0.0,0.0,0.0,0.0,7500.0,0.0,7500.0,0.0
YESBANK,2017-07-05 16:09:00,2017-07-03,2017-06-05,2017-06-05,Employees/Designated Employees,Market Sale,Sell,Equity Shares,1900.0,0.0,0.0,0.0,0.0,7500.0,0.0,5600.0,0.0
YESBANK,2017-07-05 16:54:00,2017-07-04,2017-06-05,2017-06-05,Employees/Designated Employees,Market Sale,Sell,Equity Shares,2000.0,0.0,0.0,0.0,0.0,62500.0,0.01,60500.0,0.01
YESBANK,2017-07-05 16:54:00,2017-07-04,2017-05-23,2017-05-23,Employees/Designated Employees,Market Sale,Sell,Equity Shares,1000.0,0.0,0.0,0.0,0.0,51500.0,0.01,50500.0,0.01
YESBANK,2017-07-05 16:54:00,2017-07-03,2017-05-18,2017-05-18,Employees/Designated Employees,Market Sale,Sell,Equity Shares,4000.0,0.0,0.0,0.0,0.0,4144.0,0.0,144.0,0.0
YESBANK,2017-07-05 16:54:00,2017-07-03,2017-06-29,2017-06-29,Employees/Designated Employees,Market Sale,Sell,Equity Shares,350.0,0.0,0.0,0.0,0.0,2325.0,0.0,1975.0,0.0
YESBANK,2017-07-05 16:54:00,2017-07-03,2017-06-28,2017-06-28,Employees/Designated Employees,Market Sale,Sell,Equity Shares,400.0,0.0,0.0,0.0,0.0,2725.0,0.0,2325.0,0.0
YESBANK,2017-07-06 18:54:00,2017-07-04,2017-04-03,2017-04-03,Employees/Designated Employees,Revokation of Pledge,Pledge Revoke,Equity Shares,4700.0,0.0,0.0,0.0,0.0,9606.0,0.0,9606.0,0.0
YESBANK,2017-07-10 11:41:00,2017-07-06,2017-06-29,2017-06-29,Employees/Designated Employees,Market Sale,Sell,Equity Shares,1000.0,0.0,0.0,0.0,0.0,2200.0,0.0,1200.0,0.0
YESBANK,2017-07-10 11:41:00,2017-07-07,2017-04-27,2017-04-27,Employees/Designated Employees,Market Sale,Sell,Equity Shares,1000.0,0.0,0.0,0.0,0.0,4000.0,0.0,3000.0,0.0
YESBANK,2017-07-11 15:48:00,2017-07-10,2017-07-04,2017-07-04,Employees/Designated Employees,Market Sale,Sell,Equity Shares,500.0,0.0,0.0,0.0,0.0,38046.0,0.01,37546.0,0.01
YESBANK,2017-07-11 15:48:00,2017-07-10,2017-07-06,2017-07-06,Employees/Designated Employees,Market Sale,Sell,Equity Shares,500.0,0.0,0.0,0.0,0.0,37546.0,0.01,37046.0,0.01
YESBANK,2017-07-13 12:48:00,2017-07-12,2017-07-12,2017-07-12,Employees/Designated Employees,ESOP,Buy,Equity Shares,19500.0,0.0,0.0,0.0,0.0,13820.0,0.0,33320.0,0.01
YESBANK,2017-07-13 12:48:00,2017-07-12,2017-07-12,2017-07-12,Employees/Designated Employees,ESOP,Buy,Equity Shares,3500.0,0.0,0.0,0.0,0.0,1.0,0.0,3501.0,0.0
YESBANK,2017-07-13 12:48:00,2017-07-12,2017-07-12,2017-07-12,Employees/Designated Employees,ESOP,Buy,Equity Shares,2500.0,0.0,0.0,0.0,0.0,,0.0,2500.0,0.0
YESBANK,2017-07-13 12:48:00,2017-07-12,2017-07-12,2017-07-12,Employees/Designated Employees,ESOP,Buy,Equity Shares,9000.0,0.0,0.0,0.0,0.0,284095.0,0.06,293095.0,0.06
YESBANK,2017-07-13 12:48:00,2017-07-12,2017-07-12,2017-07-12,Employees/Designated Employees,ESOP,Buy,Equity Shares,3750.0,0.0,0.0,0.0,0.0,3750.0,0.0,7500.0,0.0
YESBANK,2017-07-13 12:57:00,2017-07-12,2017-07-12,2017-07-12,Employees/Designated Employees,ESOP,Buy,Equity Shares,4500.0,0.0,0.0,0.0,0.0,91750.0,0.02,96250.0,0.02
YESBANK,2017-07-13 12:57:00,2017-07-12,2017-07-12,2017-07-12,Employees/Designated Employees,ESOP,Buy,Equity Shares,4000.0,0.0,0.0,0.0,0.0,483200.0,0.11,487200.0,0.11
YESBANK,2017-07-13 12:57:00,2017-07-12,2017-07-12,2017-07-12,Employees/Designated Employees,ESOP,Buy,Equity Shares,6000.0,0.0,0.0,0.0,0.0,,0.0,6000.0,0.0
YESBANK,2017-07-13 12:57:00,2017-07-12,2017-07-12,2017-07-12,Employees/Designated Employees,ESOP,Buy,Equity Shares,4500.0,0.0,0.0,0.0,0.0,3000.0,0.0,7500.0,0.0
YESBANK,2017-07-14 15:10:00,2017-07-13,2017-07-12,2017-07-12,Employees/Designated Employees,ESOP,Buy,Equity Shares,20000.0,0.0,0.0,0.0,0.0,16000.0,0.0,36000.0,0.01
YESBANK,2017-07-14 15:10:00,2017-07-13,2017-07-12,2017-07-12,Employees/Designated Employees,ESOP,Buy,Equity Shares,2500.0,0.0,0.0,0.0,0.0,,0.0,2500.0,0.0
YESBANK,2017-07-14 15:10:00,2017-07-13,2017-07-13,2017-07-13,Employees/Designated Employees,Market Sale,Sell,Equity Shares,1000.0,0.0,0.0,0.0,0.0,5250.0,0.0,4250.0,0.0
YESBANK,2017-07-14 15:10:00,2017-07-13,2017-07-12,2017-07-12,Employees/Designated Employees,ESOP,Buy,Equity Shares,15000.0,0.0,0.0,0.0,0.0,50.0,0.0,15050.0,0.0
YESBANK,2017-07-14 15:10:00,2017-07-13,2017-07-12,2017-07-12,Employees/Designated Employees,ESOP,Buy,Equity Shares,4000.0,0.0,0.0,0.0,0.0,27600.0,0.01,31600.0,0.01
YESBANK,2017-07-14 15:10:00,2017-07-13,2017-07-12,2017-07-12,Employees/Designated Employees,ESOP,Buy,Equity Shares,21500.0,0.0,0.0,0.0,0.0,49200.0,0.01,70700.0,0.02
YESBANK,2017-07-14 15:38:00,2017-07-14,2017-05-17,2017-05-17,Employees/Designated Employees,Market Purchase,Buy,Equity Shares,2000.0,0.0,0.0,0.0,0.0,3400.0,0.0,5400.0,0.0
YESBANK,2017-07-17 17:49:00,2017-07-17,2017-07-17,2017-07-17,Employees/Designated Employees,Market Sale,Sell,Equity Shares,800.0,0.0,0.0,0.0,0.0,7500.0,0.0,6700.0,0.0
YESBANK,2017-07-17 17:49:00,2017-07-14,2017-07-14,2017-07-14,Employees/Designated Employees,Market Sale,Buy,Equity Shares,1000.0,0.0,0.0,0.0,0.0,4250.0,0.0,5250.0,0.0
YESBANK,2017-07-17 17:49:00,2017-07-14,2017-07-14,2017-07-14,Employees/Designated Employees,Market Sale,Sell,Equity Shares,1000.0,0.0,0.0,0.0,0.0,5250.0,0.0,4250.0,0.0
YESBANK,2017-07-17 17:49:00,2017-07-17,2017-07-17,2017-07-17,Employees/Designated Employees,Market Purchase,Buy,Equity Shares,1000.0,0.0,0.0,0.0,0.0,4250.0,0.0,5250.0,0.0
YESBANK,2017-07-27 18:20:00,2017-07-27,2017-07-25,2017-07-25,Employees/Designated Employees,ESOP,Buy,Equity Shares,2500.0,0.0,0.0,0.0,0.0,25300.0,0.01,27800.0,0.01
YESBANK,2017-07-27 18:20:00,2017-07-27,2017-07-12,2017-07-12,Employees/Designated Employees,ESOP,Buy,Equity Shares,1350.0,0.0,0.0,0.0,0.0,23950.0,0.01,25300.0,0.01
YESBANK,2017-07-27 18:27:00,2017-07-27,2017-07-25,2017-07-25,Employees/Designated Employees,ESOP,Buy,Equity Shares,4800.0,0.0,0.0,0.0,0.0,30900.0,0.01,35700.0,0.01
YESBANK,2017-07-27 18:27:00,2017-07-27,2017-07-25,2017-07-25,Employees/Designated Employees,Market Sale,Sell,Equity Shares,1803.0,0.0,0.0,0.0,0.0,37046.0,0.01,35243.0,0.01
YESBANK,2017-07-27 18:27:00,2017-07-27,2017-07-25,2017-07-25,Employees/Designated Employees,ESOP,Buy,Equity Shares,29050.0,0.0,0.0,0.0,0.0,11000.0,0.0,40050.0,0.01
YESBANK,2017-07-27 18:27:00,2017-07-26,2017-07-25,2017-07-25,Employees/Designated Employees,ESOP,Buy,Equity Shares,4000.0,0.0,0.0,0.0,0.0,12000.0,0.0,16000.0,0.0
YESBANK,2017-07-27 18:27:00,2017-07-26,2017-07-26,2017-07-26,Employees/Designated Employees,Market Sale,Sell,Equity Shares,3000.0,0.0,0.0,0.0,0.0,5250.0,0.0,2250.0,0.0
YESBANK,2017-07-27 18:27:00,2017-07-25,2017-07-25,2017-07-25,Employees/Designated Employees,Market Sale,Sell,Equity Shares,700.0,0.0,0.0,0.0,0.0,6200.0,0.0,5500.0,0.0
YESBANK,2017-07-27 18:27:00,2017-07-25,2017-07-24,2017-07-24,Employees/Designated Employees,Market Sale,Sell,Equity Shares,500.0,0.0,0.0,0.0,0.0,6700.0,0.0,6200.0,0.0
YESBANK,2017-07-31 15:43:00,2017-07-28,2017-07-11,2017-07-11,Employees/Designated Employees,Market Sale,Sell,Equity Shares,250.0,0.0,0.0,0.0,0.0,7000.0,0.0,6750.0,0.0
YESBANK,2017-07-31 15:43:00,2017-07-27,2017-06-13,2017-06-13,Employees/Designated Employees,Market Sale,Sell,Equity Shares,1000.0,0.0,0.0,0.0,0.0,18501.0,0.0,17501.0,0.0
YESBANK,2017-07-31 15:43:00,2017-07-28,2017-07-24,2017-07-24,Employees/Designated Employees,Market Sale,Sell,Equity Shares,200.0,0.0,0.0,0.0,0.0,6750.0,0.0,6550.0,0.0
YESBANK,2017-07-31 15:43:00,2017-07-28,2017-07-26,2017-07-26,Employees/Designated Employees,Market Sale,Sell,Equity Shares,200.0,0.0,0.0,0.0,0.0,6550.0,0.0,6350.0,0.0
YESBANK,2017-07-31 16:57:00,,,,Employees/Designated Employees,-,-,,,350.0,0.0,616350.0,0.0,,0.0,,
YESBANK,2017-07-31 16:57:00,,,,Employees/Designated Employees,-,-,,,0.0,350.0,0.0,598115.0,,0.0,,
YESBANK,2017-07-31 16:57:00,,,,Employees/Designated Employees,-,-,,,0.0,350.0,0.0,617365.0,,0.0,,
YESBANK,2017-07-31 16:57:00,,,,Employees/Designated Employees,-,-,,,350.0,0.0,601300.0,0.0,,0.0,,
YESBANK,2017-08-01 15:42:00,,,,Employees/Designated Employees,-,-,,,1050.0,0.0,1940453.0,0.0,,0.0,,
YESBANK,2017-08-01 15:42:00,,,,Employees/Designated Employees,-,-,,,0.0,1050.0,0.0,1943099.0,,0.0,,
YESBANK,2017-08-01 15:45:00,2017-08-01,2017-07-31,2017-07-31,Employees/Designated Employees,Market Sale,Sell,Equity Shares,3000.0,0.0,0.0,0.0,0.0,18650.0,0.0,15650.0,0.0
YESBANK,2017-08-01 15:45:00,2017-07-31,2017-07-26,2017-07-26,Employees/Designated Employees,Market Sale,Sell,Equity Shares,300.0,0.0,0.0,0.0,0.0,5500.0,0.0,5200.0,0.0
YESBANK,2017-08-01 15:45:00,2017-07-31,2017-07-27,2017-07-27,Employees/Designated Employees,Market Sale,Sell,Equity Shares,100.0,0.0,0.0,0.0,0.0,5200.0,0.0,5100.0,0.0
YESBANK,2017-08-01 15:45:00,2017-07-31,2017-07-28,2017-07-28,Employees/Designated Employees,Market Sale,Sell,Equity Shares,200.0,0.0,0.0,0.0,0.0,5100.0,0.0,4900.0,0.0
YESBANK,2017-08-02 20:27:00,,,,Employees/Designated Employees,-,-,,,0.0,1050.0,0.0,1910631.0,,0.0,,
YESBANK,2017-08-02 20:27:00,,,,Employees/Designated Employees,-,-,,,2100.0,0.0,3055513.0,0.0,,0.0,,
YESBANK,2017-08-02 20:27:00,,,,Employees/Designated Employees,-,-,,,0.0,2450.0,0.0,3975709.0,,0.0,,
YESBANK,2017-08-02 20:27:00,,,,Employees/Designated Employees,-,-,,,0.0,2100.0,0.0,3389224.0,,0.0,,
YESBANK,2017-08-02 20:27:00,,,,Employees/Designated Employees,-,-,,,0.0,1050.0,0.0,1887251.0,,0.0,,
YESBANK,2017-08-02 20:27:00,,,,Employees/Designated Employees,-,-,,,0.0,1050.0,0.0,1917731.0,,0.0,,
YESBANK,2017-08-02 20:27:00,,,,Employees/Designated Employees,-,-,,,0.0,1050.0,0.0,1885099.0,,0.0,,
YESBANK,2017-08-02 20:27:00,,,,Employees/Designated Employees,-,-,,,0.0,2100.0,0.0,3015377.0,,0.0,,
YESBANK,2017-08-02 20:30:00,2017-08-01,2017-07-31,2017-07-31,Employees/Designated Employees,Market Sale,Sell,Equity Shares,400.0,0.0,0.0,0.0,0.0,4900.0,0.0,4500.0,0.0
YESBANK,2017-08-02 20:30:00,2017-08-01,2017-08-01,2017-08-01,Employees/Designated Employees,Market Sale,Sell,Equity Shares,1000.0,0.0,0.0,0.0,0.0,4500.0,0.0,3500.0,0.0
YESBANK,2017-08-03 18:13:00,2017-08-01,2017-07-31,2017-07-31,Employees/Designated Employees,Market Sale,Sell,Equity Shares,400.0,0.0,0.0,0.0,0.0,487200.0,0.12,486800.0,0.11
YESBANK,2017-08-03 18:13:00,2017-08-01,2017-08-01,2017-08-01,Employees/Designated Employees,Market Sale,Sell,Equity Shares,400.0,0.0,0.0,0.0,0.0,486800.0,0.11,486400.0,0.11
YESBANK,2017-08-03 18:13:00,2017-08-02,2017-08-02,2017-08-02,Employees/Designated Employees,Market Sale,Sell,Equity Shares,1000.0,0.0,0.0,0.0,0.0,3500.0,0.0,2500.0,0.0
YESBANK,2017-08-03 18:13:00,2017-08-01,2017-07-31,2017-07-31,Employees/Designated Employees,Market Sale,Sell,Equity Shares,2000.0,0.0,0.0,0.0,0.0,10500.0,0.0,8500.0,0.0
YESBANK,2017-08-03 18:13:00,2017-08-01,2017-07-31,2017-07-31,Employees/Designated Employees,Market Sale,Sell,Equity Shares,1000.0,0.0,0.0,0.0,0.0,156050.0,0.04,155050.0,0.04
YESBANK,2017-08-04 18:41:00,2017-08-02,2017-07-31,2017-07-31,Employees/Designated Employees,Market Sale,Sell,Equity Shares,1000.0,0.0,0.0,0.0,0.0,2700.0,0.0,1700.0,0.0
YESBANK,2017-08-04 18:41:00,2017-08-02,2017-08-01,2017-08-01,Employees/Designated Employees,Pledge Creation,Pledge,Equity Shares,3600.0,0.0,0.0,0.0,0.0,15050.0,0.0,15050.0,0.0
YESBANK,2017-08-04 18:41:00,2017-08-02,2017-08-01,2017-08-01,Employees/Designated Employees,Market Sale,Sell,Equity Shares,3266.0,0.0,0.0,0.0,0.0,60700.0,0.01,57434.0,0.01
YESBANK,2017-08-04 18:41:00,2017-08-02,2017-07-31,2017-07-31,Employees/Designated Employees,Market Sale,Sell,Equity Shares,10000.0,0.0,0.0,0.0,0.0,70700.0,0.02,60700.0,0.01
YESBANK,2017-08-04 18:41:00,2017-08-04,2017-08-02,2017-08-02,Employees/Designated Employees,Market Sale,Sell,Equity Shares,30000.0,0.0,0.0,0.0,0.0,1001271.0,0.24,971271.0,0.23
YESBANK,2017-08-04 18:41:00,2017-08-02,2017-08-01,2017-08-01,Employees/Designated Employees,Market Sale,Sell,Equity Shares,1400.0,0.0,0.0,0.0,0.0,1700.0,0.0,300.0,0.0
YESBANK,2017-08-04 18:43:00,2017-08-02,2017-08-01,2017-08-01,Employees/Designated Employees,Market Sale,Sell,Equity Shares,1000.0,0.0,0.0,0.0,0.0,323000.0,0.08,322000.0,0.8
YESBANK,2017-08-04 18:43:00,2017-08-02,2017-08-01,2017-08-01,Employees/Designated Employees,Market Sale,Sell,Equity Shares,1000.0,0.0,0.0,0.0,0.0,8000.0,0.0,7000.0,0.0
YESBANK,2017-08-04 18:43:00,2017-08-02,2017-08-01,2017-08-01,Employees/Designated Employees,Market Sale,Sell,Equity Shares,2000.0,0.0,0.0,0.0,0.0,2500.0,0.0,500.0,0.0
YESBANK,2017-08-04 18:43:00,2017-08-02,2017-08-02,2017-08-02,Employees/Designated Employees,Market Sale,Sell,Equity Shares,5000.0,0.0,0.0,0.0,0.0,10000.0,0.0,5000.0,0.0
YESBANK,2017-08-04 18:43:00,2017-08-04,2017-08-03,2017-08-03,Employees/Designated Employees,Market Sale,Sell,Equity Shares,30000.0,0.0,0.0,0.0,0.0,971271.0,0.23,941271.0,0.22
YESBANK,2017-08-04 18:43:00,2017-08-02,2017-08-02,2017-08-02,Employees/Designated Employees,Market Sale,Sell,Equity Shares,2000.0,0.0,0.0,0.0,0.0,155050.0,0.04,153050.0,0.04
YESBANK,2017-08-07 16:48:00,2017-08-04,2017-08-04,2017-08-04,Employees/Designated Employees,Market Sale,Sell,Equity Shares,35000.0,0.0,0.0,0.0,0.0,941271.0,0.21,906271.0,0.19
YESBANK,2017-08-07 16:48:00,2017-08-03,2017-08-01,2017-08-01,Employees/Designated Employees,Market Sale,Sell,Equity Shares,1000.0,0.0,0.0,0.0,0.0,8500.0,0.0,7500.0,0.0
YESBANK,2017-08-07 16:48:00,2017-08-03,2017-08-01,2017-08-01,Employees/Designated Employees,Market Sale,Sell,Equity Shares,3400.0,0.0,0.0,0.0,0.0,4416.0,0.0,1016.0,0.0
YESBANK,2017-08-07 16:48:00,2017-08-03,2017-08-02,2017-08-03,Employees/Designated Employees,Market Sale,Sell,Equity Shares,10000.0,0.0,0.0,0.0,0.0,293095.0,0.06,283095.0,0.06
YESBANK,2017-08-07 16:48:00,2017-08-03,2017-07-31,2017-07-31,Employees/Designated Employees,Market Sale,Sell,Equity Shares,6000.0,0.0,0.0,0.0,0.0,37000.0,0.01,31000.0,0.01
YESBANK,2017-08-07 16:48:00,2017-08-03,2017-08-02,2017-08-02,Employees/Designated Employees,Market Sale,Sell,Equity Shares,600.0,0.0,0.0,0.0,0.0,35207.0,0.01,34607.0,0.01
YESBANK,2017-08-07 16:48:00,2017-08-03,2017-08-01,2017-08-01,Employees/Designated Employees,Market Sale,Sell,Equity Shares,1500.0,0.0,0.0,0.0,0.0,55500.0,0.01,54000.0,0.01
YESBANK,2017-08-07 16:50:00,2017-08-07,2017-08-07,2017-08-07,Employees/Designated Employees,Market Sale,Sell,Equity Shares,1000.0,0.0,0.0,0.0,0.0,2500.0,0.0,1500.0,0.0
YESBANK,2017-08-07 16:50:00,2017-08-03,2017-08-01,2017-08-01,Employees/Designated Employees,Market Sale,Sell,Equity Shares,5000.0,0.0,0.0,0.0,0.0,10010.0,0.0,5010.0,0.0
YESBANK,2017-08-07 19:14:00,2017-08-03,2017-08-02,2017-08-02,Employees/Designated Employees,Market Sale,Sell,Equity Shares,6734.0,0.0,0.0,0.0,0.0,57434.0,0.01,50700.0,0.01
YESBANK,2017-08-07 19:14:00,2017-08-03,2017-08-03,2017-08-03,Employees/Designated Employees,Market Sale,Sell,Equity Shares,400.0,0.0,0.0,0.0,0.0,486100.0,0.11,485700.0,0.11
YESBANK,2017-08-07 19:14:00,2017-08-03,2017-08-02,2017-08-02,Employees/Designated Employees,Market Sale,Sell,Equity Shares,1000.0,0.0,0.0,0.0,0.0,54000.0,0.01,53000.0,0.01
YESBANK,2017-08-07 19:14:00,2017-08-07,2017-08-07,2017-08-07,Employees/Designated Employees,Market Sale,Sell,Equity Shares,1500.0,0.0,0.0,0.0,0.0,15650.0,0.0,14150.0,0.0
YESBANK,2017-08-07 19:14:00,2017-08-07,2017-08-03,2017-08-03,Employees/Designated Employees,Market Sale,Sell,Equity Shares,5000.0,0.0,0.0,0.0,0.0,12750.0,0.0,7750.0,0.0
YESBANK,2017-08-07 19:14:00,2017-08-03,2017-08-01,2017-08-01,Employees/Designated Employees,Market Sale,Sell,Equity Shares,1500.0,0.0,0.0,0.0,0.0,34674.0,0.01,33174.0,0.01
YESBANK,2017-08-07 19:14:00,2017-08-04,2017-08-03,2017-08-03,Employees/Designated Employees,Market Sale,Sell,Equity Shares,1700.0,0.0,0.0,0.0,0.0,7700.0,0.0,6000.0,0.0
YESBANK,2017-08-07 19:14:00,2017-08-03,2017-08-01,2017-08-01,Employees/Designated Employees,Market Sale,Sell,Equity Shares,1000.0,0.0,0.0,0.0,0.0,63416.0,0.01,62416.0,0.01
YESBANK,2017-08-08 17:26:00,2017-08-07,2017-08-04,2017-08-04,Employees/Designated Employees,Market Sale,Sell,Equity Shares,1000.0,0.0,0.0,0.0,0.0,112000.0,0.02,111000.0,0.02
YESBANK,2017-08-08 17:26:00,2017-08-08,2017-08-07,2017-08-07,Employees/Designated Employees,Market Sale,Sell,Equity Shares,1950.0,0.0,0.0,0.0,0.0,29750.0,0.01,27800.0,0.01
YESBANK,2017-08-08 17:26:00,2017-08-07,2017-08-04,2017-08-04,Employees/Designated Employees,Market Sale,Sell,Equity Shares,2000.0,0.0,0.0,0.0,0.0,153550.0,0.03,151550.0,0.03
YESBANK,2017-08-08 17:26:00,2017-08-08,2017-08-04,2017-08-04,Employees/Designated Employees,Market Sale,Sell,Equity Shares,2000.0,0.0,0.0,0.0,0.0,53000.0,0.01,51000.0,0.01
YESBANK,2017-08-08 17:26:00,2017-08-08,2017-08-07,2017-08-07,Employees/Designated Employees,Market Sale,Sell,Equity Shares,200.0,0.0,0.0,0.0,0.0,485300.0,0.11,485100.0,0.11
YESBANK,2017-08-08 17:36:00,,,,Employees/Designated Employees,-,-,,,1050.0,0.0,1899672.0,0.0,,0.0,,
YESBANK,2017-08-08 17:36:00,,,,Employees/Designated Employees,-,-,,,1050.0,0.0,1889410.0,0.0,,0.0,,
YESBANK,2017-08-10 18:11:00,2017-08-10,2017-08-01,2017-08-01,Employees/Designated Employees,Market Sale,Sell,Equity Shares,3400.0,0.0,0.0,0.0,0.0,4416.0,0.0,1016.0,0.0
YESBANK,2017-08-10 18:11:00,2017-08-09,2017-08-04,2017-08-04,Employees/Designated Employees,Market Sale,Sell,Equity Shares,800.0,0.0,0.0,0.0,0.0,1000.0,0.0,200.0,0.0
YESBANK,2017-08-10 18:11:00,2017-08-10,2017-08-09,2017-08-09,Employees/Designated Employees,Market Sale,Sell,Equity Shares,4000.0,0.0,0.0,0.0,0.0,7500.0,0.0,3500.0,0.0
YESBANK,2017-08-10 18:11:00,2017-08-10,2017-08-08,2017-08-08,Employees/Designated Employees,Market Sale,Sell,Equity Shares,1380.0,0.0,0.0,0.0,0.0,1730.0,0.0,350.0,0.0
YESBANK,2017-08-10 18:11:00,2017-08-09,2017-07-04,2017-07-04,Employees/Designated Employees,Market Sale,Sell,Equity Shares,1200.0,0.0,0.0,0.0,0.0,1500.0,0.0,300.0,0.0
YESBANK,2017-08-11 17:11:00,2017-08-11,2017-08-10,2017-08-10,Employees/Designated Employees,ESOP,Buy,Equity Shares,5000.0,0.0,0.0,0.0,0.0,1016.0,0.0,6016.0,0.0
YESBANK,2017-08-11 17:11:00,2017-08-10,2017-08-10,2017-08-10,Employees/Designated Employees,ESOP,Buy,Equity Shares,13500.0,0.0,0.0,0.0,0.0,201308.0,0.04,214808.0,0.05
YESBANK,2017-08-11 17:11:00,2017-08-10,2017-08-10,2017-08-10,Employees/Designated Employees,ESOP,Buy,Equity Shares,2750.0,0.0,0.0,0.0,0.0,56250.0,0.01,59000.0,0.01
YESBANK,2017-08-14 19:05:00,2017-08-14,2017-07-10,2017-07-10,Employees/Designated Employees,ESOP,Buy,Equity Shares,2000.0,0.0,0.0,0.0,0.0,200.0,0.0,2200.0,0.0
YESBANK,2017-08-14 19:05:00,2017-08-14,2017-08-11,2017-08-11,Employees/Designated Employees,Market Sale,Sell,Equity Shares,200.0,0.0,0.0,0.0,0.0,2200.0,0.0,2000.0,0.0
YESBANK,2017-08-14 19:05:00,2017-08-14,2017-08-10,2017-08-10,Employees/Designated Employees,ESOP,Buy,Equity Shares,2000.0,0.0,0.0,0.0,0.0,2000.0,0.0,4000.0,0.0
YESBANK,2017-08-14 19:05:00,2017-08-14,2017-07-10,2017-07-10,Employees/Designated Employees,ESOP,Buy,Equity Shares,2000.0,0.0,0.0,0.0,0.0,54250.0,0.01,56250.0,0.01
YESBANK,2017-08-14 19:05:00,2017-08-11,2017-08-10,2017-08-10,Employees/Designated Employees,ESOP,Buy,Equity Shares,5000.0,0.0,0.0,0.0,0.0,484300.0,0.11,489300.0,0.11
YESBANK,2017-08-14 19:05:00,2017-08-11,2017-08-10,2017-08-10,Employees/Designated Employees,ESOP,Buy,Equity Shares,4500.0,0.0,0.0,0.0,0.0,31000.0,0.01,35500.0,0.01
YESBANK,2017-08-14 19:05:00,2017-08-14,2017-08-10,2017-08-10,Employees/Designated Employees,ESOP,Buy,Equity Shares,4500.0,0.0,0.0,0.0,0.0,,0.0,4500.0,0.0
YESBANK,2017-08-14 19:05:00,2017-08-11,2017-08-10,2017-08-10,Employees/Designated Employees,Market Sale,Sell,Equity Shares,200.0,0.0,0.0,0.0,0.0,484500.0,0.11,484300.0,0.11
YESBANK,2017-08-14 19:05:00,2017-08-11,2017-07-31,2017-07-31,Employees/Designated Employees,Market Sale,Sell,Equity Shares,6000.0,0.0,0.0,0.0,0.0,37000.0,0.01,31000.0,0.01
YESBANK,2017-08-16 19:29:00,2017-08-11,2017-08-09,2017-08-09,Employees/Designated Employees,Market Sale,Sell,Equity Shares,400.0,0.0,0.0,0.0,0.0,484900.0,0.11,484500.0,0.11
YESBANK,2017-08-16 19:29:00,2017-08-16,2017-08-01,2017-08-01,Employees/Designated Employees,Market Sale,Sell,Equity Shares,1500.0,0.0,0.0,0.0,0.0,3500.0,0.0,2000.0,0.0
YESBANK,2017-08-16 19:29:00,2017-08-16,2017-07-31,2017-07-31,Employees/Designated Employees,Market Sale,Sell,Equity Shares,500.0,0.0,0.0,0.0,0.0,4000.0,0.0,3500.0,0.0
YESBANK,2017-08-18 16:36:00,2017-08-16,2017-08-11,2017-08-11,Employees/Designated Employees,Market Sale,Sell,Equity Shares,900.0,0.0,0.0,0.0,0.0,489300.0,0.12,488400.0,0.12
YESBANK,2017-08-18 16:36:00,2017-08-16,2017-08-16,2017-08-16,Employees/Designated Employees,Market Sale,Sell,Equity Shares,100.0,0.0,0.0,0.0,0.0,487900.0,0.12,487800.0,0.12
YESBANK,2017-08-18 16:36:00,2017-08-16,2017-08-14,2017-08-14,Employees/Designated Employees,Market Sale,Sell,Equity Shares,500.0,0.0,0.0,0.0,0.0,488400.0,0.12,487900.0,0.12
YESBANK,2017-08-21 16:52:00,2017-08-17,2017-08-14,2017-08-14,Employees/Designated Employees,Market Sale,Sell,Equity Shares,2000.0,0.0,0.0,0.0,0.0,96250.0,0.0,94250.0,0.0
YESBANK,2017-08-21 16:52:00,2017-08-17,2017-08-14,2017-08-14,Employees/Designated Employees,Market Sale,Sell,Equity Shares,2000.0,0.0,0.0,0.0,0.0,151050.0,0.04,149050.0,0.04
YESBANK,2017-08-21 16:55:00,,,,Employees/Designated Employees,-,-,,,1050.0,0.0,1847051.0,0.0,,0.0,,
YESBANK,2017-08-21 16:55:00,,,,Employees/Designated Employees,-,-,,,1050.0,0.0,1856857.0,0.0,,0.0,,
YESBANK,2017-08-22 19:49:00,2017-08-21,2017-08-21,2017-08-21,Employees/Designated Employees,Market Sale,Sell,Equity Shares,400.0,0.0,0.0,0.0,0.0,487300.0,0.12,486900.0,0.11
YESBANK,2017-08-22 19:49:00,2017-08-18,2017-08-14,2017-08-14,Employees/Designated Employees,Market Sale,Sell,Equity Shares,3000.0,0.0,0.0,0.0,0.0,50500.0,0.01,47500.0,0.01
YESBANK,2017-08-28 14:04:00,2017-08-23,2017-08-23,2017-08-23,Employees/Designated Employees,Market Sale,Sell,Equity Shares,150.0,0.0,0.0,0.0,0.0,1775.0,0.0,1625.0,0.0
YESBANK,2017-08-28 14:04:00,2017-08-24,2017-08-21,2017-08-21,Employees/Designated Employees,Market Sale,Sell,Equity Shares,350.0,0.0,0.0,0.0,0.0,1465.0,0.0,1115.0,0.0
YESBANK,2017-08-28 14:04:00,2017-08-24,2017-08-24,2017-08-24,Employees/Designated Employees,Market Sale,Sell,Equity Shares,10000.0,0.0,0.0,0.0,0.0,50700.0,0.01,40700.0,0.01
YESBANK,2017-08-28 14:04:00,2017-08-23,2017-08-22,2017-08-22,Employees/Designated Employees,Market Sale,Sell,Equity Shares,2000.0,0.0,0.0,0.0,0.0,149050.0,0.03,147050.0,0.03
YESBANK,2017-08-28 14:04:00,2017-08-24,2017-08-23,2017-08-23,Employees/Designated Employees,Market Sale,Sell,Equity Shares,300.0,0.0,0.0,0.0,0.0,489800.0,0.11,489500.0,0.11
YESBANK,2017-08-28 14:08:00,2017-08-24,2017-08-23,2017-08-23,Employees/Designated Employees,Market Sale,Sell,Equity Shares,3775.0,0.0,0.0,0.0,0.0,799000.0,0.17,795225.0,0.17
YESBANK,2017-08-28 14:08:00,2017-08-24,2017-08-23,2017-08-23,Employees/Designated Employees,Market Sale,Sell,Equity Shares,1500.0,0.0,0.0,0.0,0.0,800500.0,0.17,799000.0,0.17
YESBANK,2017-08-28 14:08:00,2017-08-24,2017-08-22,2017-08-22,Employees/Designated Employees,Market Sale,Sell,Equity Shares,500.0,0.0,0.0,0.0,0.0,801000.0,0.17,800500.0,0.17
YESBANK,2017-08-28 14:18:00,2017-08-23,2017-08-22,2017-08-22,Employees/Designated Employees,ESOP,Buy,Equity Shares,4000.0,0.0,0.0,0.0,0.0,1.0,0.0,4001.0,0.0
YESBANK,2017-08-28 14:18:00,2017-08-23,2017-08-17,2017-08-17,Employees/Designated Employees,Market Sale,Sell,Equity Shares,3177.0,0.0,0.0,0.0,0.0,3178.0,0.0,1.0,0.0
YESBANK,2017-08-28 14:18:00,2017-08-23,2017-08-10,2017-08-10,Employees/Designated Employees,Market Sale,Sell,Equity Shares,323.0,0.0,0.0,0.0,0.0,3501.0,0.0,3178.0,0.0
YESBANK,2017-08-28 14:45:00,2017-08-28,2017-08-21,2017-08-21,Employees/Designated Employees,Market Sale,Sell,Equity Shares,800.0,0.0,0.0,0.0,0.0,2200.0,0.0,1400.0,0.0
YESBANK,2017-08-28 14:45:00,2017-08-23,2017-08-22,2017-08-22,Employees/Designated Employees,ESOP,Buy,Equity Shares,22500.0,0.0,0.0,0.0,0.0,5000.0,0.0,27500.0,0.01
YESBANK,2017-08-28 14:45:00,2017-08-23,2017-08-22,2017-08-22,Employees/Designated Employees,ESOP,Buy,Equity Shares,3750.0,0.0,0.0,0.0,0.0,3750.0,0.0,7500.0,0.0
YESBANK,2017-08-28 14:45:00,2017-08-23,2017-08-22,2017-08-22,Employees/Designated Employees,ESOP,Buy,Equity Shares,5000.0,0.0,0.0,0.0,0.0,,0.0,5000.0,0.0
YESBANK,2017-08-28 14:45:00,2017-08-24,2017-08-22,2017-08-22,Employees/Designated Employees,ESOP,Buy,Equity Shares,11250.0,0.0,0.0,0.0,0.0,63416.0,0.01,74666.0,0.02
YESBANK,2017-08-28 15:41:00,2017-08-23,2017-08-22,2017-08-22,Employees/Designated Employees,ESOP,Buy,Equity Shares,100000.0,0.0,0.0,0.0,0.0,245299.0,0.05,345299.0,0.07
YESBANK,2017-08-28 15:41:00,2017-08-23,2017-08-22,2017-08-22,Employees/Designated Employees,ESOP,Buy,Equity Shares,100000.0,0.0,0.0,0.0,0.0,906271.0,0.19,1006271.0,0.21
YESBANK,2017-08-28 15:41:00,2017-08-23,2017-08-22,2017-08-22,Employees/Designated Employees,ESOP,Buy,Equity Shares,1000.0,0.0,0.0,0.0,0.0,9000.0,0.0,10000.0,0.0
YESBANK,2017-08-28 15:41:00,2017-08-23,2017-08-22,2017-08-22,Employees/Designated Employees,ESOP,Buy,Equity Shares,4000.0,0.0,0.0,0.0,0.0,500.0,0.0,4500.0,0.0
YESBANK,2017-08-29 15:50:00,2017-08-29,2017-08-22,2017-08-22,Employees/Designated Employees,ESOP,Buy,Equity Shares,17700.0,0.0,0.0,0.0,0.0,11005.0,0.0,28705.0,0.01
YESBANK,2017-08-29 15:53:00,,,,Employees/Designated Employees,-,-,,,1050.0,0.0,1815198.0,0.0,,0.0,,
YESBANK,2017-08-29 18:00:00,2017-08-29,2017-08-22,2017-08-22,Employees/Designated Employees,ESOP,Buy,Equity Shares,1500.0,0.0,0.0,0.0,0.0,,0.0,1500.0,0.0
YESBANK,2017-08-29 18:00:00,2017-08-29,2017-08-10,2017-08-10,Employees/Designated Employees,ESOP,Buy,Equity Shares,1500.0,0.0,0.0,0.0,0.0,100.0,0.0,1600.0,0.0
YESBANK,2017-08-29 19:07:00,2017-08-28,2017-08-28,2017-08-28,Employees/Designated Employees,Market Sale,Sell,Equity Shares,3000.0,0.0,0.0,0.0,0.0,214808.0,0.05,211808.0,0.05
YESBANK,2017-08-29 19:07:00,2017-08-28,2017-08-28,2017-08-28,Employees/Designated Employees,Market Sale,Sell,Equity Shares,3000.0,0.0,0.0,0.0,0.0,46500.0,0.01,43500.0,0.01
YESBANK,2017-08-29 19:07:00,2017-08-28,2017-08-28,2017-08-28,Employees/Designated Employees,Market Sale,Sell,Equity Shares,1225.0,0.0,0.0,0.0,0.0,1525.0,0.0,300.0,0.0
YESBANK,2017-08-29 19:07:00,2017-08-28,2017-08-24,2017-08-24,Employees/Designated Employees,Market Sale,Sell,Equity Shares,900.0,0.0,0.0,0.0,0.0,489500.0,0.11,488600.0,0.11
YESBANK,2017-08-29 19:07:00,2017-08-28,2017-08-24,2017-08-28,Employees/Designated Employees,Market Sale,Sell,Equity Shares,10000.0,0.0,0.0,0.0,0.0,283095.0,0.06,273095.0,0.06
YESBANK,2017-08-31 12:56:00,,,,Employees/Designated Employees,-,-,,,350.0,0.0,600985.0,0.0,,0.0,,
YESBANK,2017-08-31 12:56:00,,,,Employees/Designated Employees,-,-,,,0.0,350.0,0.0,602420.0,,0.0,,
YESBANK,2017-08-31 19:21:00,2017-08-31,2017-08-10,2017-08-10,Employees/Designated Employees,ESOP,Buy,Equity Shares,750.0,0.0,0.0,0.0,0.0,750.0,0.0,1500.0,0.0
YESBANK,2017-08-31 19:21:00,2017-08-31,2017-07-10,2017-07-10,Employees/Designated Employees,ESOP,Buy,Equity Shares,500.0,0.0,0.0,0.0,0.0,,0.0,500.0,0.0
YESBANK,2017-08-31 19:21:00,2017-08-29,2017-08-24,2017-08-24,Employees/Designated Employees,Market Sale,Sell,Equity Shares,725.0,0.0,0.0,0.0,0.0,784225.0,0.17,783500.0,0.17
YESBANK,2017-08-31 19:21:00,2017-08-31,2017-08-22,2017-08-22,Employees/Designated Employees,ESOP,Buy,Equity Shares,1000.0,0.0,0.0,0.0,0.0,1500.0,0.0,2500.0,0.0
YESBANK,2017-08-31 19:21:00,2017-08-31,2017-07-24,2017-07-24,Employees/Designated Employees,ESOP,Buy,Equity Shares,250.0,0.0,0.0,0.0,0.0,500.0,0.0,750.0,0.0
YESBANK,2017-08-31 19:21:00,2017-08-31,2017-07-27,2017-07-27,Employees/Designated Employees,Market Sale,Sell,Equity Shares,2300.0,0.0,0.0,0.0,0.0,2880.0,0.0,580.0,0.0
YESBANK,2017-09-01 15:00:00,,,,Employees/Designated Employees,-,-,,,0.0,1050.0,0.0,1841228.0,,0.0,,
YESBANK,2017-09-01 16:11:00,2017-08-31,2017-08-29,2017-08-29,Employees/Designated Employees,Market Sale,Sell,Equity Shares,200.0,0.0,0.0,0.0,0.0,488100.0,0.11,487900.0,0.11
YESBANK,2017-09-01 16:11:00,2017-09-01,2017-08-31,2017-08-31,Employees/Designated Employees,Market Sale,Sell,Equity Shares,400.0,0.0,0.0,0.0,0.0,487500.0,0.11,487100.0,0.11
YESBANK,2017-09-01 16:11:00,2017-08-30,2017-08-28,2017-08-28,Employees/Designated Employees,Market Sale,Sell,Equity Shares,11500.0,0.0,0.0,0.0,0.0,783500.0,0.17,772000.0,0.17
YESBANK,2017-09-01 16:11:00,2017-08-31,2017-08-29,2017-08-29,Employees/Designated Employees,Market Sale,Sell,Equity Shares,500.0,0.0,0.0,0.0,0.0,772000.0,0.17,771500.0,0.17
YESBANK,2017-09-01 16:11:00,2017-08-30,2017-08-29,2017-08-29,Employees/Designated Employees,Market Sale,Sell,Equity Shares,1400.0,0.0,0.0,0.0,0.0,4500.0,0.0,3100.0,0.0
YESBANK,2017-09-01 16:11:00,2017-08-31,2017-07-27,2017-07-27,Employees/Designated Employees,Market Sale,Sell,Equity Shares,700.0,0.0,0.0,0.0,0.0,2250.0,0.0,1550.0,0.0
YESBANK,2017-09-01 16:11:00,2017-08-31,2017-08-30,2017-08-30,Employees/Designated Employees,Market Sale,Sell,Equity Shares,2500.0,0.0,0.0,0.0,0.0,771500.0,0.17,769000.0,0.16
YESBANK,2017-09-01 16:11:00,2017-08-31,2017-08-22,2017-08-22,Employees/Designated Employees,Market Sale,Sell,Equity Shares,750.0,0.0,0.0,0.0,0.0,1550.0,0.0,800.0,0.0
YESBANK,2017-09-01 16:11:00,2017-08-30,2017-08-04,2017-08-04,Employees/Designated Employees,Market Sale,Sell,Equity Shares,300.0,0.0,0.0,0.0,0.0,4800.0,0.0,4500.0,0.0
YESBANK,2017-09-04 18:27:00,2017-09-04,2017-08-30,2017-08-30,Employees/Designated Employees,Market Sale,Sell,Equity Shares,1000.0,0.0,0.0,0.0,0.0,43500.0,0.01,42500.0,0.01
YESBANK,2017-09-04 18:27:00,2017-09-04,2017-09-01,2017-09-01,Employees/Designated Employees,Market Sale,Sell,Equity Shares,600.0,0.0,0.0,0.0,0.0,3400.0,0.0,2800.0,0.0
YESBANK,2017-09-04 18:27:00,2017-09-01,2017-08-31,2017-08-31,Employees/Designated Employees,Market Sale,Sell,Equity Shares,2500.0,0.0,0.0,0.0,0.0,769000.0,0.17,766500.0,0.17
YESBANK,2017-09-04 18:27:00,2017-09-01,2017-09-01,2017-09-01,Employees/Designated Employees,Market Sale,Sell,Equity Shares,600.0,0.0,0.0,0.0,0.0,487100.0,0.11,486500.0,0.11
YESBANK,2017-09-04 18:27:00,2017-09-01,2017-09-01,2017-09-01,Employees/Designated Employees,Market Sale,Sell,Equity Shares,1300.0,0.0,0.0,0.0,0.0,1500.0,0.0,200.0,0.0
YESBANK,2017-09-04 18:27:00,2017-09-04,2017-09-01,2017-09-01,Employees/Designated Employees,Market Sale,Sell,Equity Shares,2000.0,0.0,0.0,0.0,0.0,42500.0,0.01,40500.0,0.01
YESBANK,2017-09-04 18:27:00,2017-09-01,2017-08-31,2017-08-31,Employees/Designated Employees,Market Sale,Sell,Equity Shares,1600.0,0.0,0.0,0.0,0.0,3100.0,0.0,1500.0,0.0
YESBANK,2017-09-04 18:34:00,,,,Employees/Designated Employees,-,-,,,1050.0,0.0,1820455.0,0.0,,0.0,,
YESBANK,2017-09-04 18:34:00,,,,Employees/Designated Employees,-,-,,,0.0,1050.0,0.0,1837518.0,,0.0,,
YESBANK,2017-09-04 19:33:00,2017-09-04,2017-09-01,2017-09-01,Employees/Designated Employees,Market Sale,Sell,Equity Shares,250.0,0.0,0.0,0.0,0.0,26000.0,0.01,25750.0,0.01
YESBANK,2017-09-04 19:33:00,2017-09-04,2017-09-01,2017-09-01,Employees/Designated Employees,Market Sale,Sell,Equity Shares,4000.0,0.0,0.0,0.0,0.0,40700.0,0.01,36700.0,0.01
YESBANK,2017-09-04 19:33:00,2017-08-31,2017-08-30,2017-08-30,Employees/Designated Employees,Market Sale,Sell,Equity Shares,400.0,0.0,0.0,0.0,0.0,487900.0,0.11,487500.0,0.11
YESBANK,2017-09-05 17:47:00,2017-09-05,2017-09-05,2017-09-05,Employees/Designated Employees,Market Sale,Sell,Equity Shares,2000.0,0.0,0.0,0.0,0.0,94250.0,0.02,92250.0,0.02
YESBANK,2017-09-05 17:47:00,2017-09-04,2017-09-01,2017-09-01,Employees/Designated Employees,Market Sale,Sell,Equity Shares,2500.0,0.0,0.0,0.0,0.0,766500.0,0.17,764000.0,0.17
YESBANK,2017-09-05 18:06:00,2017-09-05,2017-09-05,2017-09-05,Employees/Designated Employees,Market Sale,Sell,Equity Shares,2000.0,0.0,0.0,0.0,0.0,63081.0,0.01,61081.0,0.01
YESBANK,2017-09-06 17:53:00,2017-09-06,2017-09-06,2017-09-06,Employees/Designated Employees,Market Sale,Sell,Equity Shares,3000.0,0.0,0.0,0.0,0.0,211808.0,0.05,208808.0,0.05
YESBANK,2017-09-06 17:53:00,2017-09-06,2017-09-04,2017-09-04,Employees/Designated Employees,Market Sale,Sell,Equity Shares,100.0,0.0,0.0,0.0,0.0,486500.0,0.11,486400.0,0.11
YESBANK,2017-09-06 17:53:00,2017-09-06,2017-09-05,2017-09-05,Employees/Designated Employees,Market Sale,Sell,Equity Shares,500.0,0.0,0.0,0.0,0.0,486400.0,0.11,485900.0,0.11
YESBANK,2017-09-06 17:53:00,2017-09-06,2017-09-04,2017-09-04,Employees/Designated Employees,Market Sale,Sell,Equity Shares,1000.0,0.0,0.0,0.0,0.0,78666.0,0.02,77666.0,0.02
YESBANK,2017-09-06 17:53:00,2017-09-06,2017-09-04,2017-09-04,Employees/Designated Employees,Market Sale,Sell,Equity Shares,3500.0,0.0,0.0,0.0,0.0,764000.0,0.17,760500.0,0.17
YESBANK,2017-09-06 17:53:00,2017-09-06,2017-09-05,2017-09-05,Employees/Designated Employees,Market Sale,Sell,Equity Shares,2000.0,0.0,0.0,0.0,0.0,760500.0,0.17,758500.0,0.17
YESBANK,2017-09-06 17:53:00,2017-09-06,2017-09-06,2017-09-06,Employees/Designated Employees,Market Sale,Sell,Equity Shares,600.0,0.0,0.0,0.0,0.0,485900.0,0.11,485300.0,0.11
YESBANK,2017-09-07 19:55:00,2017-09-05,2017-08-01,2017-08-01,Employees/Designated Employees,Market Sale,Sell,Equity Shares,250.0,0.0,0.0,0.0,0.0,26750.0,0.0,26500.0,0.0
YESBANK,2017-09-07 19:55:00,2017-09-05,2017-08-22,2017-08-22,Employees/Designated Employees,Market Sale,Sell,Equity Shares,250.0,0.0,0.0,0.0,0.0,26500.0,0.0,26250.0,0.0
YESBANK,2017-09-07 19:55:00,2017-09-05,2017-08-28,2017-08-28,Employees/Designated Employees,Market Sale,Sell,Equity Shares,250.0,0.0,0.0,0.0,0.0,26250.0,0.0,26000.0,0.0
YESBANK,2017-09-07 19:55:00,2017-09-07,2017-09-06,2017-09-06,Employees/Designated Employees,Market Sale,Sell,Equity Shares,3000.0,0.0,0.0,0.0,0.0,3010.0,0.0,10.0,0.0
YESBANK,2017-09-07 19:55:00,2017-09-07,2017-08-14,2017-08-14,Employees/Designated Employees,Market Sale,Sell,Equity Shares,2000.0,0.0,0.0,0.0,0.0,5010.0,0.0,3010.0,0.0
YESBANK,2017-09-07 19:55:00,2017-09-07,2017-09-07,2017-09-07,Employees/Designated Employees,Market Sale,Sell,Equity Shares,1000.0,0.0,0.0,0.0,0.0,208808.0,0.05,207808.0,0.05
YESBANK,2017-09-07 19:55:00,2017-09-06,2017-09-06,2017-09-06,Employees/Designated Employees,Market Sale,Sell,Equity Shares,1000.0,0.0,0.0,0.0,0.0,77666.0,0.01,76666.0,0.01
YESBANK,2017-09-07 19:55:00,2017-09-05,2017-08-31,2017-08-31,Employees/Designated Employees,Market Sale,Sell,Equity Shares,2000.0,0.0,0.0,0.0,0.0,147050.0,0.04,145050.0,0.04
YESBANK,2017-09-07 19:55:00,2017-09-05,2017-09-05,2017-09-05,Employees/Designated Employees,Market Sale,Sell,Equity Shares,6000.0,0.0,0.0,0.0,0.0,36700.0,0.01,30700.0,0.01
YESBANK,2017-09-08 15:59:00,2017-09-08,2017-09-07,2017-09-07,Employees/Designated Employees,Market Sale,Sell,Equity Shares,5000.0,0.0,0.0,0.0,0.0,1006271.0,0.22,1001271.0,0.22
YESBANK,2017-09-08 15:59:00,2017-09-08,2017-09-07,2017-09-07,Employees/Designated Employees,Market Sale,Sell,Equity Shares,20000.0,0.0,0.0,0.0,0.0,1001271.0,0.22,981271.0,0.21
YESBANK,2017-09-08 15:59:00,2017-09-06,2017-08-04,2017-08-04,Employees/Designated Employees,Market Sale,Sell,Equity Shares,500.0,0.0,0.0,0.0,0.0,16000.0,0.0,15500.0,0.0
YESBANK,2017-09-08 15:59:00,2017-09-06,2017-09-06,2017-09-06,Employees/Designated Employees,Market Sale,Sell,Equity Shares,500.0,0.0,0.0,0.0,0.0,14500.0,0.0,14000.0,0.0
YESBANK,2017-09-08 15:59:00,2017-09-06,2017-09-01,2017-09-01,Employees/Designated Employees,Market Sale,Sell,Equity Shares,500.0,0.0,0.0,0.0,0.0,15000.0,0.0,14500.0,0.0
YESBANK,2017-09-08 15:59:00,2017-09-06,2017-08-07,2017-08-07,Employees/Designated Employees,Market Sale,Sell,Equity Shares,500.0,0.0,0.0,0.0,0.0,15500.0,0.0,15000.0,0.0
YESBANK,2017-09-08 18:43:00,2017-09-07,2017-09-01,2017-09-01,Employees/Designated Employees,Market Sale,Sell,Equity Shares,500.0,0.0,0.0,0.0,0.0,40500.0,0.01,40000.0,0.01
YESBANK,2017-09-08 18:43:00,2017-09-08,2017-09-07,2017-09-07,Employees/Designated Employees,Market Sale,Sell,Equity Shares,3576.0,0.0,0.0,0.0,0.0,753000.0,0.17,749424.0,0.17
YESBANK,2017-09-08 18:43:00,2017-09-07,2017-09-06,2017-09-06,Employees/Designated Employees,Market Sale,Sell,Equity Shares,500.0,0.0,0.0,0.0,0.0,40000.0,0.01,39500.0,0.01
YESBANK,2017-09-08 18:43:00,2017-09-08,2017-09-07,2017-09-07,Employees/Designated Employees,Market Sale,Sell,Equity Shares,1000.0,0.0,0.0,0.0,0.0,39500.0,0.01,38500.0,0.01
YESBANK,2017-09-08 18:43:00,2017-09-08,2017-09-08,2017-09-08,Employees/Designated Employees,Market Sale,Sell,Equity Shares,5000.0,0.0,0.0,0.0,0.0,981271.0,0.21,976271.0,0.21
YESBANK,2017-09-08 18:43:00,2017-09-08,2017-09-08,2017-09-08,Employees/Designated Employees,Market Sale,Sell,Equity Shares,24054.0,0.0,0.0,0.0,0.0,976271.0,0.21,952217.0,0.21
YESBANK,2017-09-08 18:43:00,2017-09-07,2017-09-05,2017-09-05,Employees/Designated Employees,Market Sale,Sell,Equity Shares,500.0,0.0,0.0,0.0,0.0,40500.0,0.01,40000.0,0.01
YESBANK,2017-09-08 18:43:00,2017-09-08,2017-09-06,2017-09-06,Employees/Designated Employees,Market Sale,Sell,Equity Shares,5500.0,0.0,0.0,0.0,0.0,758500.0,0.17,753000.0,0.17
YESBANK,2017-09-08 18:43:00,2017-08-29,2017-08-11,2017-08-11,Employees/Designated Employees,Market Sale,Sell,Equity Shares,500.0,0.0,0.0,0.0,0.0,41000.0,0.01,40500.0,0.01
YESBANK,2017-09-11 17:26:00,2017-09-08,2017-09-01,2017-09-01,Employees/Designated Employees,Market Sale,Sell,Equity Shares,1000.0,0.0,0.0,0.0,0.0,10700.0,0.0,9700.0,0.0
YESBANK,2017-09-11 17:26:00,2017-09-11,2017-09-05,2017-09-05,Employees/Designated Employees,Market Sale,Sell,Equity Shares,6000.0,0.0,0.0,0.0,0.0,37010.0,0.01,31010.0,0.01
YESBANK,2017-09-11 17:26:00,2017-09-11,2017-09-08,2017-09-08,Employees/Designated Employees,Market Sale,Sell,Equity Shares,1000.0,0.0,0.0,0.0,0.0,2800.0,0.0,1800.0,0.0
YESBANK,2017-09-11 17:26:00,2017-09-11,2017-09-06,2017-09-06,Employees/Designated Employees,Market Sale,Sell,Equity Shares,6000.0,0.0,0.0,0.0,0.0,31010.0,0.01,25010.0,0.01
YESBANK,2017-09-11 17:26:00,2017-09-08,2017-09-07,2017-09-07,Employees/Designated Employees,Market Sale,Sell,Equity Shares,1000.0,0.0,0.0,0.0,0.0,9500.0,0.0,8500.0,0.0
YESBANK,2017-09-11 17:26:00,2017-09-08,2017-08-31,2017-08-31,Employees/Designated Employees,Market Sale,Sell,Equity Shares,1000.0,0.0,0.0,0.0,0.0,11700.0,0.0,10700.0,0.0
YESBANK,2017-09-11 17:26:00,2017-09-11,2017-09-08,2017-09-08,Employees/Designated Employees,Market Sale,Sell,Equity Shares,2829.0,0.0,0.0,0.0,0.0,282629.0,0.06,279800.0,0.06
YESBANK,2017-09-11 17:26:00,2017-09-11,2017-09-07,2017-09-07,Employees/Designated Employees,Market Sale,Sell,Equity Shares,8171.0,0.0,0.0,0.0,0.0,290800.0,0.06,282629.0,0.06
YESBANK,2017-09-11 17:26:00,2017-09-08,2017-09-07,2017-09-07,Employees/Designated Employees,Market Sale,Sell,Equity Shares,2000.0,0.0,0.0,0.0,0.0,321000.0,0.07,319000.0,0.07
YESBANK,2017-09-11 18:30:00,2017-09-11,2017-09-11,2017-09-11,Employees/Designated Employees,Market Sale,Sell,Equity Shares,3000.0,0.0,0.0,0.0,0.0,207808.0,0.05,204808.0,0.04
YESBANK,2017-09-11 18:30:00,2017-09-11,2017-09-11,2017-09-11,Employees/Designated Employees,Market Sale,Sell,Equity Shares,750.0,0.0,0.0,0.0,0.0,25500.0,0.01,24750.0,0.01
YESBANK,2017-09-11 18:30:00,2017-09-11,2017-09-11,2017-09-11,Employees/Designated Employees,Market Sale,Sell,Equity Shares,10000.0,0.0,0.0,0.0,0.0,30700.0,0.01,20700.0,0.0
YESBANK,2017-09-12 19:19:00,2017-09-11,2017-09-11,2017-09-11,Employees/Designated Employees,Market Sale,Sell,Equity Shares,1000.0,0.0,0.0,0.0,0.0,76666.0,0.02,75666.0,0.02
YESBANK,2017-09-12 19:19:00,2017-09-11,2017-09-11,2017-09-11,Employees/Designated Employees,Market Sale,Sell,Equity Shares,1000.0,0.0,0.0,0.0,0.0,75666.0,0.02,74666.0,0.02
YESBANK,2017-09-12 19:19:00,2017-09-12,2017-09-11,2017-09-11,Employees/Designated Employees,Market Sale,Sell,Equity Shares,1500.0,0.0,0.0,0.0,0.0,1500.0,0.0,,0.0
YESBANK,2017-09-12 19:19:00,2017-09-12,2017-09-11,2017-09-11,Employees/Designated Employees,Market Sale,Sell,Equity Shares,15000.0,0.0,0.0,0.0,0.0,279800.0,0.06,264800.0,0.06
YESBANK,2017-09-12 19:19:00,2017-09-11,2017-09-11,2017-09-11,Employees/Designated Employees,Market Sale,Sell,Equity Shares,2500.0,0.0,0.0,0.0,0.0,38500.0,0.01,36000.0,0.01
YESBANK,2017-09-12 19:19:00,2017-09-11,2017-09-11,2017-09-11,Employees/Designated Employees,Market Sale,Sell,Equity Shares,3000.0,0.0,0.0,0.0,0.0,145050.0,0.03,142050.0,0.03
YESBANK,2017-09-12 19:19:00,2017-09-12,2017-09-11,2017-09-11,Employees/Designated Employees,Market Sale,Sell,Equity Shares,1500.0,0.0,0.0,0.0,0.0,39500.0,0.01,38000.0,0.01
YESBANK,2017-09-12 19:19:00,2017-09-12,2017-09-08,2017-09-08,Employees/Designated Employees,Market Sale,Sell,Equity Shares,200.0,0.0,0.0,0.0,0.0,485300.0,0.11,485100.0,0.11
YESBANK,2017-09-12 19:19:00,2017-09-12,2017-09-11,2017-09-11,Employees/Designated Employees,Market Sale,Sell,Equity Shares,600.0,0.0,0.0,0.0,0.0,485100.0,0.11,484500.0,0.11
YESBANK,2017-09-12 19:19:00,2017-09-12,2017-09-11,2017-09-11,Employees/Designated Employees,Market Sale,Sell,Equity Shares,27500.0,0.0,0.0,0.0,0.0,157600.0,0.03,130100.0,0.03
YESBANK,2017-09-13 17:15:00,2017-09-13,2017-09-13,2017-09-13,Employees/Designated Employees,Pledge Creation,Pledge,Equity Shares,100000.0,0.0,0.0,0.0,0.0,345299.0,0.08,345299.0,0.08
YESBANK,2017-09-13 17:15:00,2017-09-12,2017-09-11,2017-09-11,Employees/Designated Employees,Market Sale,Sell,Equity Shares,650.0,0.0,0.0,0.0,0.0,1500.0,0.0,850.0,0.0
YESBANK,2017-09-13 17:15:00,2017-09-13,2017-09-12,2017-09-12,Employees/Designated Employees,Market Sale,Sell,Equity Shares,700.0,0.0,0.0,0.0,0.0,7800.0,0.0,7100.0,0.0
YESBANK,2017-09-13 17:15:00,2017-09-13,2017-09-11,2017-09-11,Employees/Designated Employees,Market Sale,Sell,Equity Shares,4000.0,0.0,0.0,0.0,0.0,319000.0,0.07,315000.0,0.07
YESBANK,2017-09-13 17:15:00,2017-09-13,2017-09-11,2017-09-11,Employees/Designated Employees,Market Sale,Sell,Equity Shares,1500.0,0.0,0.0,0.0,0.0,8500.0,0.0,7000.0,0.0
YESBANK,2017-09-13 17:15:00,2017-09-12,2017-09-11,2017-09-11,Employees/Designated Employees,Market Sale,Sell,Equity Shares,6000.0,0.0,0.0,0.0,0.0,25010.0,0.01,19010.0,0.0
YESBANK,2017-09-14 18:15:00,2017-09-13,2017-09-12,2017-09-12,Employees/Designated Employees,Market Sale,Sell,Equity Shares,1500.0,0.0,0.0,0.0,0.0,315000.0,0.07,313500.0,0.07
YESBANK,2017-09-14 18:15:00,2017-09-14,2017-09-13,2017-09-13,Employees/Designated Employees,Market Sale,Sell,Equity Shares,300.0,0.0,0.0,0.0,0.0,484300.0,0.11,484000.0,0.11
YESBANK,2017-09-14 18:15:00,2017-09-14,2017-09-12,2017-09-12,Employees/Designated Employees,Market Sale,Sell,Equity Shares,200.0,0.0,0.0,0.0,0.0,484500.0,0.11,484300.0,0.11
YESBANK,2017-09-14 18:15:00,2017-09-13,2017-09-11,2017-09-11,Employees/Designated Employees,Market Sale,Sell,Equity Shares,14735.0,0.0,0.0,0.0,0.0,749321.0,0.16,734586.0,0.16
YESBANK,2017-09-14 18:15:00,2017-09-13,2017-09-13,2017-09-13,Employees/Designated Employees,Market Sale,Sell,Equity Shares,5000.0,0.0,0.0,0.0,0.0,6000.0,0.0,1000.0,0.0
YESBANK,2017-09-14 18:20:00,,,,Employees/Designated Employees,-,-,,,0.0,350.0,0.0,644665.0,,0.0,,
YESBANK,2017-09-14 18:20:00,,,,Employees/Designated Employees,-,-,,,350.0,0.0,641585.0,0.0,,0.0,,
YESBANK,2017-09-14 18:20:00,,,,Employees/Designated Employees,-,-,,,0.0,350.0,0.0,644665.0,,0.0,,
YESBANK,2017-09-14 18:20:00,,,,Employees/Designated Employees,-,-,,,350.0,0.0,643335.0,0.0,,0.0,,
YESBANK,2017-09-15 15:21:00,2017-09-14,2017-09-05,2017-09-05,Employees/Designated Employees,Pledge Creation,Pledge,Equity Shares,1500.0,0.0,0.0,0.0,0.0,1500.0,0.0,1500.0,0.0
YESBANK,2017-09-15 15:21:00,2017-09-14,2017-09-11,2017-09-11,Employees/Designated Employees,Market Sale,Sell,Equity Shares,1500.0,0.0,0.0,0.0,0.0,1500.0,0.0,,0.0
YESBANK,2017-09-15 15:21:00,2017-09-14,2017-09-13,2017-09-13,Employees/Designated Employees,Market Sale,Sell,Equity Shares,8217.0,0.0,0.0,0.0,0.0,130100.0,0.03,121883.0,0.03
YESBANK,2017-09-15 15:21:00,2017-09-14,2017-09-13,2017-09-13,Employees/Designated Employees,Market Sale,Sell,Equity Shares,1000.0,0.0,0.0,0.0,0.0,734586.0,0.16,733586.0,0.16
YESBANK,2017-09-15 15:21:00,2017-09-14,2017-09-11,2017-09-11,Employees/Designated Employees,Market Sale,Sell,Equity Shares,6500.0,0.0,0.0,0.0,0.0,25000.0,0.0,18500.0,0.0
YESBANK,2017-09-15 15:21:00,2017-09-14,2017-09-14,2017-09-14,Employees/Designated Employees,Market Sale,Sell,Equity Shares,1000.0,0.0,0.0,0.0,0.0,18500.0,0.0,17500.0,0.0
YESBANK,2017-09-15 15:29:00,2017-09-15,2017-09-14,2017-09-14,Employees/Designated Employees,Market Sale,Sell,Equity Shares,970.0,0.0,0.0,0.0,0.0,312970.0,0.07,312000.0,0.07
YESBANK,2017-09-15 15:29:00,2017-09-14,2017-09-05,2017-09-05,Employees/Designated Employees,Market Sale,Sell,Equity Shares,400.0,0.0,0.0,0.0,0.0,12900.0,0.0,12500.0,0.0
YESBANK,2017-09-15 15:29:00,2017-09-14,2017-09-06,2017-09-06,Employees/Designated Employees,Market Sale,Sell,Equity Shares,250.0,0.0,0.0,0.0,0.0,12500.0,0.0,12250.0,0.0
YESBANK,2017-09-15 15:29:00,2017-09-14,2017-09-07,2017-09-07,Employees/Designated Employees,Market Sale,Sell,Equity Shares,250.0,0.0,0.0,0.0,0.0,12250.0,0.0,12000.0,0.0
YESBANK,2017-09-15 15:29:00,2017-09-14,2017-09-11,2017-09-11,Employees/Designated Employees,Market Sale,Sell,Equity Shares,300.0,0.0,0.0,0.0,0.0,12000.0,0.0,11700.0,0.0
YESBANK,2017-09-15 15:29:00,2017-09-14,2017-09-12,2017-09-12,Employees/Designated Employees,Market Sale,Pledge,Equity Shares,2000.0,0.0,0.0,0.0,0.0,13100.0,0.0,13100.0,0.0
YESBANK,2017-09-15 15:29:00,2017-09-14,2017-09-12,2017-09-12,Employees/Designated Employees,Market Sale,Sell,Equity Shares,300.0,0.0,0.0,0.0,0.0,11700.0,0.0,11400.0,0.0
YESBANK,2017-09-15 15:29:00,2017-09-15,2017-09-14,2017-09-14,Employees/Designated Employees,Market Sale,Sell,Equity Shares,2086.0,0.0,0.0,0.0,0.0,733586.0,0.16,731500.0,0.16
YESBANK,2017-09-15 18:28:00,2017-09-14,2017-09-12,2017-09-12,Employees/Designated Employees,Market Sale,Sell,Equity Shares,3000.0,0.0,0.0,0.0,0.0,9946.0,0.0,6946.0,0.0
YESBANK,2017-09-18 18:45:00,,,,Employees/Designated Employees,-,-,,,0.0,700.0,0.0,1265478.0,,0.0,,
YESBANK,2017-09-18 18:45:00,,,,Employees/Designated Employees,-,-,,,700.0,0.0,1255048.0,0.0,,0.0,,
YESBANK,2017-09-18 18:48:00,2017-09-15,2017-09-14,2017-09-14,Employees/Designated Employees,Market Sale,Sell,Equity Shares,21783.0,0.0,0.0,0.0,0.0,121883.0,0.03,100100.0,0.02
YESBANK,2017-09-18 18:48:00,2017-09-18,2017-09-15,2017-09-15,Employees/Designated Employees,Market Sale,Sell,Equity Shares,600.0,0.0,0.0,0.0,0.0,1800.0,0.0,1200.0,0.0
YESBANK,2017-09-18 18:48:00,2017-09-18,2017-09-14,2017-09-14,Employees/Designated Employees,Market Sale,Sell,Equity Shares,1398.0,0.0,0.0,0.0,0.0,33174.0,0.01,31776.0,0.01
YESBANK,2017-09-18 18:48:00,2017-09-18,2017-09-18,2017-09-18,Employees/Designated Employees,Market Sale,Sell,Equity Shares,900.0,0.0,0.0,0.0,0.0,14150.0,0.0,13250.0,0.0
YESBANK,2017-09-19 17:52:00,2017-09-15,2017-08-29,2017-08-29,Employees/Designated Employees,Market Sale,Sell,Equity Shares,250.0,0.0,0.0,0.0,0.0,4000.0,0.0,3750.0,0.0
YESBANK,2017-09-19 17:52:00,2017-09-15,2017-08-30,2017-08-30,Employees/Designated Employees,Market Sale,Sell,Equity Shares,1000.0,0.0,0.0,0.0,0.0,3750.0,0.0,2750.0,0.0
YESBANK,2017-09-19 17:52:00,2017-09-15,2017-09-15,2017-09-15,Employees/Designated Employees,Market Sale,Sell,Equity Shares,400.0,0.0,0.0,0.0,0.0,400.0,0.0,,0.0
YESBANK,2017-09-19 17:52:00,2017-09-15,2017-09-08,2017-09-08,Employees/Designated Employees,Market Sale,Sell,Equity Shares,1000.0,0.0,0.0,0.0,0.0,2250.0,0.0,1250.0,0.0
YESBANK,2017-09-19 17:52:00,2017-09-15,2017-09-11,2017-09-11,Employees/Designated Employees,Market Sale,Sell,Equity Shares,850.0,0.0,0.0,0.0,0.0,1250.0,0.0,400.0,0.0
YESBANK,2017-09-19 17:52:00,2017-09-15,2017-08-31,2017-08-31,Employees/Designated Employees,Market Sale,Sell,Equity Shares,500.0,0.0,0.0,0.0,0.0,2750.0,0.0,2250.0,0.0
YESBANK,2017-09-20 13:48:00,2017-09-20,2017-09-19,2017-09-19,Employees/Designated Employees,Revokation of Pledge,Pledge Revoke,Equity Shares,63300.0,0.0,0.0,0.0,0.0,264800.0,0.06,264800.0,0.06
YESBANK,2017-09-20 13:48:00,2017-09-19,2017-09-18,2017-09-18,Employees/Designated Employees,Revokation of Pledge,Pledge Revoke,Equity Shares,13000.0,0.0,0.0,0.0,0.0,21000.0,0.0,21000.0,0.0
YESBANK,2017-09-20 13:48:00,2017-09-19,2017-09-18,2017-09-18,Employees/Designated Employees,Market Sale,Sell,Equity Shares,1000.0,0.0,0.0,0.0,0.0,312000.0,0.07,311000.0,0.07
YESBANK,2017-09-20 13:48:00,2017-09-19,2017-09-18,2017-09-19,Employees/Designated Employees,Market Sale,Sell,Equity Shares,10000.0,0.0,0.0,0.0,0.0,273095.0,0.0,263095.0,0.0
YESBANK,2017-09-20 13:48:00,2017-09-19,2017-09-15,2017-09-15,Employees/Designated Employees,Market Sale,Sell,Equity Shares,2920.0,0.0,0.0,0.0,0.0,2920.0,0.0,,0.0
YESBANK,2017-09-20 13:48:00,2017-09-20,2017-09-19,2017-09-19,Employees/Designated Employees,Market Sale,Sell,Equity Shares,200.0,0.0,0.0,0.0,0.0,483100.0,0.11,482900.0,0.11
YESBANK,2017-09-20 13:48:00,2017-09-19,2017-09-18,2017-09-18,Employees/Designated Employees,Market Sale,Sell,Equity Shares,10000.0,0.0,0.0,0.0,0.0,100100.0,0.02,90100.0,0.02
YESBANK,2017-09-20 17:15:00,2017-09-20,2017-09-19,2017-09-19,Employees/Designated Employees,Market Sale,Sell,Equity Shares,500.0,0.0,0.0,0.0,0.0,6500.0,0.0,6000.0,0.0
YESBANK,2017-09-20 17:15:00,2017-09-20,2017-09-19,2017-09-19,Employees/Designated Employees,Market Sale,Sell,Equity Shares,200.0,0.0,0.0,0.0,0.0,483100.0,0.11,482900.0,0.11
YESBANK,2017-09-20 17:15:00,2017-09-18,2017-09-18,2017-09-18,Employees/Designated Employees,Market Sale,Sell,Equity Shares,200.0,0.0,0.0,0.0,0.0,483300.0,0.11,483100.0,0.11
YESBANK,2017-09-20 17:15:00,2017-09-18,2017-09-15,2017-09-15,Employees/Designated Employees,Market Sale,Sell,Equity Shares,300.0,0.0,0.0,0.0,0.0,483600.0,0.11,483300.0,0.11
YESBANK,2017-09-20 17:15:00,2017-09-20,2017-09-19,2017-09-19,Employees/Designated Employees,Market Sale,Sell,Equity Shares,1500.0,0.0,0.0,0.0,0.0,17500.0,0.0,16000.0,0.0
YESBANK,2017-09-21 20:20:00,2017-09-21,2017-09-20,2017-09-20,Employees/Designated Employees,Market Sale,Sell,Equity Shares,2500.0,0.0,0.0,0.0,0.0,90100.0,0.02,87600.0,0.02
YESBANK,2017-09-21 20:20:00,2017-09-21,2017-09-20,2017-09-20,Employees/Designated Employees,Market Sale,Sell,Equity Shares,1000.0,0.0,0.0,0.0,0.0,74666.0,0.01,73666.0,0.01
YESBANK,2017-09-21 20:20:00,2017-09-20,2017-09-18,2017-09-18,Employees/Designated Employees,Market Sale,Sell,Equity Shares,4000.0,0.0,0.0,0.0,0.0,30435.0,0.01,26435.0,0.01
YESBANK,2017-09-21 20:20:00,2017-09-19,2017-09-18,2017-09-18,Employees/Designated Employees,Market Sale,Sell,Equity Shares,12925.0,0.0,0.0,0.0,0.0,136625.0,0.0,123700.0,0.0
YESBANK,2017-09-21 20:20:00,2017-09-20,2017-09-14,2017-09-14,Employees/Designated Employees,Pledge Creation,Pledge,Equity Shares,1500.0,0.0,0.0,0.0,0.0,1500.0,0.0,1500.0,0.0
YESBANK,2017-09-21 20:20:00,2017-09-19,2017-09-14,2017-09-14,Employees/Designated Employees,Market Sale,Sell,Equity Shares,2075.0,0.0,0.0,0.0,0.0,138700.0,0.0,136625.0,0.0
YESBANK,2017-09-21 20:20:00,2017-09-21,2017-09-20,2017-09-20,Employees/Designated Employees,Market Sale,Sell,Equity Shares,4000.0,0.0,0.0,0.0,0.0,26435.0,0.01,22435.0,0.0
YESBANK,2017-09-22 09:04:00,,,,Employees/Designated Employees,-,-,,,700.0,0.0,1316350.0,0.0,,0.0,,
YESBANK,2017-09-22 09:04:00,,,,Employees/Designated Employees,-,-,,,0.0,700.0,0.0,1319500.0,,0.0,,
YESBANK,2017-09-22 18:14:00,2017-09-21,2017-09-18,2017-09-18,Employees/Designated Employees,Market Sale,Sell,Equity Shares,1500.0,0.0,0.0,0.0,0.0,731500.0,0.16,730000.0,0.16
YESBANK,2017-09-22 18:14:00,2017-09-22,2017-09-19,2017-09-19,Employees/Designated Employees,Market Purchase,Buy,Equity Shares,400.0,0.0,0.0,0.0,0.0,1000.0,0.0,1400.0,0.0
YESBANK,2017-09-22 18:14:00,2017-09-20,2017-09-18,2017-09-18,Immediate relative,Gift,Sell,Equity Shares,9500.0,0.0,0.0,0.0,0.0,9500.0,0.0,,0.0
YESBANK,2017-09-22 18:14:00,2017-09-21,2017-09-20,2017-09-20,Employees/Designated Employees,Market Sale,Sell,Equity Shares,2000.0,0.0,0.0,0.0,0.0,142050.0,0.03,140050.0,0.03
YESBANK,2017-09-22 18:14:00,2017-09-22,2017-09-20,2017-09-20,Employees/Designated Employees,Market Sale,Sell,Equity Shares,400.0,0.0,0.0,0.0,0.0,1400.0,0.0,1000.0,0.0
YESBANK,2017-09-22 18:14:00,2017-09-22,2017-09-18,2017-09-18,Employees/Designated Employees,Market Purchase,Buy,Equity Shares,400.0,0.0,0.0,0.0,0.0,1000.0,0.0,1400.0,0.0
YESBANK,2017-09-22 18:14:00,2017-09-22,2017-09-19,2017-09-19,Employees/Designated Employees,Market Sale,Sell,Equity Shares,400.0,0.0,0.0,0.0,0.0,1400.0,0.0,1000.0,0.0
YESBANK,2017-09-25 19:10:00,,,,Employees/Designated Employees,-,-,,,31500.0,0.0,11571525.0,0.0,,0.0,,
YESBANK,2017-09-25 19:13:00,2017-09-25,2017-09-18,2017-09-18,Employees/Designated Employees,Market Sale,Sell,Equity Shares,1000.0,0.0,0.0,0.0,0.0,21950.0,0.0,20950.0,0.0
YESBANK,2017-09-25 19:13:00,2017-09-25,2017-09-21,2017-09-21,Employees/Designated Employees,Market Sale,Sell,Equity Shares,5000.0,0.0,0.0,0.0,0.0,3650000.0,0.16,3645000.0,0.16
YESBANK,2017-09-25 19:13:00,2017-09-25,2017-09-19,2017-09-19,Employees/Designated Employees,Market Sale,Sell,Equity Shares,1000.0,0.0,0.0,0.0,0.0,20950.0,0.0,19950.0,0.0
YESBANK,2017-09-28 20:04:00,2017-09-26,2017-09-12,2017-09-20,Employees/Designated Employees,Market Sale,Sell,Equity Shares,1000.0,0.0,0.0,0.0,0.0,1800.0,0.0,800.0,0.0
YESBANK,2017-09-28 20:04:00,2017-09-26,2017-09-26,2017-09-26,Employees/Designated Employees,Market Sale,Sell,Equity Shares,3000.0,0.0,0.0,0.0,0.0,373330.0,0.0,370330.0,0.0
YESBANK,2017-09-28 20:04:00,2017-09-28,2017-09-28,2017-09-28,Employees/Designated Employees,Market Sale,Sell,Equity Shares,3000.0,0.0,0.0,0.0,0.0,370330.0,0.0,367330.0,0.0
YESBANK,2017-09-28 20:04:00,2017-09-28,2017-09-27,2017-09-27,Employees/Designated Employees,Market Sale,Sell,Equity Shares,5000.0,0.0,0.0,0.0,0.0,1014040.0,0.04,1009040.0,0.04
YESBANK,2017-09-28 20:04:00,2017-09-28,2017-09-26,2017-09-26,Employees/Designated Employees,Market Sale,Sell,Equity Shares,10000.0,0.0,0.0,0.0,0.0,1024040.0,0.04,1014040.0,0.04
YESBANK,2017-09-29 20:23:00,2017-09-28,2017-09-28,2017-09-28,Employees/Designated Employees,ESOP,Buy,Equity Shares,11250.0,0.0,0.0,0.0,0.0,367330.0,0.0,378580.0,0.0
YESBANK,2017-09-29 20:23:00,2017-09-29,2017-09-29,2017-09-29,Employees/Designated Employees,Market Sale,Sell,Equity Shares,5000.0,0.0,0.0,0.0,0.0,378580.0,0.0,373580.0,0.0
YESBANK,2017-09-29 20:23:00,2017-09-28,2017-09-28,2017-09-28,Employees/Designated Employees,ESOP,Buy,Equity Shares,12000.0,0.0,0.0,0.0,0.0,85750.0,0.0,97750.0,0.0
YESBANK,2017-09-29 20:23:00,2017-09-29,2017-09-28,2017-09-28,Employees/Designated Employees,ESOP,Buy,Equity Shares,45000.0,0.0,0.0,0.0,0.0,15.0,0.0,45015.0,0.0
YESBANK,2017-09-29 20:23:00,2017-09-28,2017-08-22,2017-08-22,Employees/Designated Employees,ESOP,Buy,Equity Shares,3000.0,0.0,0.0,0.0,0.0,14150.0,0.0,17150.0,0.0
YESBANK,2017-09-29 20:23:00,2017-09-29,2017-09-29,2017-09-29,Employees/Designated Employees,Pledge Creation,Pledge,Equity Shares,6000.0,0.0,0.0,0.0,0.0,373580.0,0.0,373580.0,0.0
YESBANK,2017-10-03 20:09:00,2017-10-03,2017-09-28,2017-09-28,Employees/Designated Employees,ESOP,Buy,Equity Shares,20000.0,0.0,0.0,0.0,0.0,,0.0,20000.0,0.0
YESBANK,2017-10-03 20:09:00,2017-10-03,2017-09-28,2017-09-28,Employees/Designated Employees,ESOP,Buy,Equity Shares,115000.0,0.0,0.0,0.0,0.0,,0.0,115000.0,0.0
YESBANK,2017-10-03 20:09:00,2017-09-29,2017-09-28,2017-09-28,Employees/Designated Employees,ESOP,Buy,Equity Shares,24250.0,0.0,0.0,0.0,0.0,112175.0,0.0,136425.0,0.0
YESBANK,2017-10-03 20:09:00,2017-09-28,2017-09-28,2017-09-28,Employees/Designated Employees,ESOP,Buy,Equity Shares,27500.0,0.0,0.0,0.0,0.0,75750.0,0.0,103250.0,0.0
YESBANK,2017-10-03 20:09:00,2017-09-29,2017-09-28,2017-09-28,Employees/Designated Employees,ESOP,Buy,Equity Shares,10000.0,0.0,0.0,0.0,0.0,27500.0,0.0,37500.0,0.0
YESBANK,2017-10-03 20:09:00,2017-10-03,2017-09-28,2017-09-28,Employees/Designated Employees,Market Sale,Sell,Equity Shares,500.0,0.0,0.0,0.0,0.0,2413000.0,0.0,2412500.0,0.0
YESBANK,2017-10-03 20:32:00,2017-10-03,2017-09-28,2017-09-28,Employees/Designated Employees,ESOP,Buy,Equity Shares,7200.0,0.0,0.0,0.0,0.0,17500.0,0.0,24700.0,0.0
YESBANK,2017-10-03 20:32:00,2017-09-28,2017-08-22,2017-08-22,Employees/Designated Employees,ESOP,Buy,Equity Shares,1000.0,0.0,0.0,0.0,0.0,5000.0,0.0,6000.0,0.0
YESBANK,2017-10-03 20:32:00,2017-09-28,2017-08-10,2017-08-10,Employees/Designated Employees,ESOP,Buy,Equity Shares,1000.0,0.0,0.0,0.0,0.0,4000.0,0.0,5000.0,0.0
YESBANK,2017-10-03 20:32:00,2017-10-03,2017-09-28,2017-09-28,Employees/Designated Employees,ESOP,Buy,Equity Shares,60000.0,0.0,0.0,0.0,0.0,2412500.0,0.0,2472500.0,0.0
YESBANK,2017-10-03 20:32:00,2017-09-28,2017-09-28,2017-09-28,Employees/Designated Employees,ESOP,Buy,Equity Shares,12500.0,0.0,0.0,0.0,0.0,,0.0,12500.0,0.0
YESBANK,2017-10-03 20:32:00,2017-10-03,2017-08-22,2017-08-22,Employees/Designated Employees,ESOP,Buy,Equity Shares,2570.0,0.0,0.0,0.0,0.0,,0.0,2570.0,0.0
YESBANK,2017-10-03 20:32:00,2017-10-03,2017-07-10,2017-07-10,Employees/Designated Employees,ESOP,Buy,Equity Shares,750.0,0.0,0.0,0.0,0.0,2250.0,0.0,3000.0,0.0
YESBANK,2017-10-03 20:32:00,2017-10-03,2017-08-10,2017-08-10,Employees/Designated Employees,ESOP,Buy,Equity Shares,500.0,0.0,0.0,0.0,0.0,3000.0,0.0,3500.0,0.0
YESBANK,2017-10-03 20:32:00,2017-09-28,2017-09-28,2017-09-28,Employees/Designated Employees,ESOP,Buy,Equity Shares,5000.0,0.0,0.0,0.0,0.0,30000.0,0.0,35000.0,0.0
YESBANK,2017-10-03 20:32:00,2017-09-29,2017-08-10,2017-08-10,Employees/Designated Employees,ESOP,Buy,Equity Shares,1250.0,0.0,0.0,0.0,0.0,2250.0,0.0,3500.0,0.0
YESBANK,2017-10-03 20:32:00,2017-09-29,2017-09-28,2017-09-28,Employees/Designated Employees,ESOP,Buy,Equity Shares,7500.0,0.0,0.0,0.0,0.0,17500.0,0.0,25000.0,0.0
YESBANK,2017-10-03 20:32:00,2017-10-03,2017-07-25,2017-07-25,Employees/Designated Employees,ESOP,Buy,Equity Shares,350.0,0.0,0.0,0.0,0.0,,0.0,350.0,0.0
YESBANK,2017-10-04 19:44:00,2017-10-04,2017-09-29,2017-09-29,Employees/Designated Employees,Market Sale,Sell,Equity Shares,500.0,0.0,0.0,0.0,0.0,55500.0,0.0,55000.0,0.0
YESBANK,2017-10-10 15:38:00,2017-10-09,2017-09-13,2017-09-13,Employees/Designated Employees,Market Sale,Sell,Equity Shares,500.0,0.0,0.0,0.0,0.0,12500.0,0.0,12000.0,0.0
YESBANK,2017-10-10 15:38:00,2017-10-09,2017-09-13,2017-09-13,Employees/Designated Employees,Market Sale,Sell,Equity Shares,500.0,0.0,0.0,0.0,0.0,13000.0,0.0,12500.0,0.0
YESBANK,2017-10-10 15:38:00,2017-10-09,2017-09-12,2017-09-12,Employees/Designated Employees,Market Sale,Sell,Equity Shares,500.0,0.0,0.0,0.0,0.0,13500.0,0.0,13000.0,0.0
YESBANK,2017-10-10 15:38:00,2017-10-09,2017-09-19,2017-09-19,Employees/Designated Employees,Market Sale,Sell,Equity Shares,500.0,0.0,0.0,0.0,0.0,12000.0,0.0,11500.0,0.0
YESBANK,2017-10-10 15:38:00,2017-10-09,2017-09-11,2017-09-11,Employees/Designated Employees,Market Sale,Sell,Equity Shares,500.0,0.0,0.0,0.0,0.0,14000.0,0.0,13500.0,0.0
YESBANK,2017-10-10 15:46:00,,,,Employees/Designated Employees,-,-,,,0.0,1050.0,0.0,1981350.0,,0.0,,
YESBANK,2017-10-10 15:46:00,,,,Employees/Designated Employees,-,-,,,1050.0,0.0,1983292.5,0.0,,0.0,,
YESBANK,2017-10-10 15:46:00,,,,Employees/Designated Employees,-,-,,,0.0,5250.0,0.0,1983187.5,,0.0,,
YESBANK,2017-10-10 15:46:00,,,,Employees/Designated Employees,-,-,,,5250.0,0.0,1912925.0,0.0,,0.0,,
YESBANK,2017-10-12 20:16:00,2017-10-11,2017-10-09,2017-10-09,Employees/Designated Employees,Pledge Creation,Pledge,Equity Shares,75000.0,0.0,0.0,0.0,0.0,92505.0,0.0,92505.0,0.0
YESBANK,2017-10-12 20:16:00,2017-10-10,2017-09-13,2017-09-13,Employees/Designated Employees,Market Purchase,Buy,Equity Shares,2300.0,0.0,0.0,0.0,0.0,,0.0,2300.0,0.0
YESBANK,2017-10-16 20:12:00,2017-10-16,2017-09-08,2017-09-15,Employees/Designated Employees,Market Sale,Sell,Equity Shares,1200.0,0.0,0.0,0.0,0.0,5540.0,0.0,4340.0,0.0
YESBANK,2017-10-16 20:19:00,,,,Employees/Designated Employees,-,-,,,0.0,17500.0,0.0,6457500.0,,0.0,,
YESBANK,2017-10-24 09:56:00,2017-10-18,2017-08-04,2017-08-04,Employees/Designated Employees,Market Sale,Sell,Equity Shares,700.0,0.0,0.0,0.0,0.0,2950.0,0.0,2250.0,0.0
YESBANK,2017-10-24 09:56:00,2017-10-18,2017-09-28,2017-09-28,Employees/Designated Employees,ESOP,Buy,Equity Shares,11000.0,0.0,0.0,0.0,0.0,9050.0,0.0,20050.0,0.0
YESBANK,2017-10-24 09:56:00,2017-10-18,2017-07-31,2017-07-31,Employees/Designated Employees,Market Sale,Sell,Equity Shares,750.0,0.0,0.0,0.0,0.0,3700.0,0.0,2950.0,0.0
YESBANK,2017-10-24 09:56:00,2017-10-18,2017-09-21,2017-09-21,Employees/Designated Employees,Market Sale,Sell,Equity Shares,2200.0,0.0,0.0,0.0,0.0,11250.0,0.0,9050.0,0.0
YESBANK,2017-10-24 09:58:00,,,,Employees/Designated Employees,-,-,,,0.0,7000.0,0.0,2630250.0,,0.0,,
YESBANK,2017-10-26 18:51:00,,,,Employees/Designated Employees,-,-,,,0.0,7000.0,0.0,2530500.0,,0.0,,
YESBANK,2017-10-26 18:51:00,,,,Employees/Designated Employees,-,-,,,7000.0,0.0,2545550.0,0.0,,0.0,,
YESBANK,2017-10-26 18:51:00,,,,Employees/Designated Employees,-,-,,,0.0,1750.0,0.0,608125.0,,0.0,,
YESBANK,2017-10-26 18:51:00,,,,Employees/Designated Employees,-,-,,,1750.0,0.0,607512.0,0.0,,0.0,,
YESBANK,2017-10-26 18:51:00,,,,Employees/Designated Employees,-,-,,,0.0,7000.0,0.0,2557100.0,,0.0,,
YESBANK,2017-10-30 18:36:00,,,,Employees/Designated Employees,-,-,,,1750.0,0.0,541013.0,0.0,,0.0,,
YESBANK,2017-10-30 18:36:00,,,,Employees/Designated Employees,-,-,,,1750.0,0.0,540663.0,0.0,,0.0,,
YESBANK,2017-10-30 18:36:00,,,,Employees/Designated Employees,-,-,,,3500.0,0.0,1204175.0,0.0,,0.0,,
YESBANK,2017-10-30 18:36:00,,,,Employees/Designated Employees,-,-,,,1750.0,0.0,576363.0,0.0,,0.0,,
YESBANK,2017-10-30 18:36:00,,,,Employees/Designated Employees,-,-,,,5250.0,0.0,1719113.0,0.0,,0.0,,
YESBANK,2017-10-30 18:36:00,,,,Employees/Designated Employees,-,-,,,0.0,5250.0,0.0,1730453.0,,0.0,,
YESBANK,2017-10-30 18:36:00,,,,Employees/Designated Employees,-,-,,,7000.0,0.0,2187500.0,0.0,,0.0,,
YESBANK,2017-10-30 18:36:00,,,,Employees/Designated Employees,-,-,,,0.0,3500.0,0.0,1153600.0,,0.0,,
YESBANK,2017-10-31 19:30:00,2017-10-30,2017-10-27,2017-10-27,Employees/Designated Employees,ESOP,Buy,Equity Shares,35000.0,0.0,0.0,0.0,0.0,1020000.0,0.04,1055000.0,0.05
YESBANK,2017-10-31 19:30:00,2017-10-30,2017-10-27,2017-10-27,Employees/Designated Employees,ESOP,Buy,Equity Shares,45000.0,0.0,0.0,0.0,0.0,103000.0,0.0,148000.0,0.01
YESBANK,2017-10-31 19:30:00,2017-10-30,2017-10-27,2017-10-27,Employees/Designated Employees,ESOP,Buy,Equity Shares,45000.0,0.0,0.0,0.0,0.0,45000.0,0.0,90000.0,0.0
YESBANK,2017-10-31 19:30:00,2017-10-30,2017-10-27,2017-10-27,Employees/Designated Employees,ESOP,Buy,Equity Shares,195000.0,0.0,0.0,0.0,0.0,1552500.0,0.07,1747500.0,0.08
YESBANK,2017-10-31 19:30:00,2017-10-30,2017-10-27,2017-10-27,Employees/Designated Employees,ESOP,Buy,Equity Shares,15000.0,0.0,0.0,0.0,0.0,2505.0,0.0,17505.0,0.0
YESBANK,2017-10-31 19:30:00,2017-10-30,2017-10-27,2017-10-27,Employees/Designated Employees,ESOP,Buy,Equity Shares,750000.0,0.0,0.0,0.0,0.0,3645000.0,0.16,4395000.0,0.19
YESBANK,2017-10-31 20:05:00,2017-10-30,2017-10-30,2017-10-30,Employees/Designated Employees,ESOP,Buy,Equity Shares,30000.0,0.0,0.0,0.0,0.0,34730.0,0.0,64730.0,0.0
YESBANK,2017-10-31 20:05:00,2017-10-28,2017-10-27,2017-10-27,Employees/Designated Employees,ESOP,Buy,Equity Shares,22500.0,0.0,0.0,0.0,0.0,177500.0,0.01,200000.0,0.01
YESBANK,2017-10-31 20:05:00,2017-10-30,2017-10-27,2017-10-27,Employees/Designated Employees,ESOP,Buy,Equity Shares,52500.0,0.0,0.0,0.0,0.0,,0.0,52500.0,0.0
YESBANK,2017-10-31 20:05:00,2017-10-30,2017-10-27,2017-10-27,Employees/Designated Employees,ESOP,Buy,Equity Shares,25000.0,0.0,0.0,0.0,0.0,30080.0,0.0,55080.0,0.0
YESBANK,2017-10-31 20:05:00,2017-10-30,2017-10-27,2017-10-27,Employees/Designated Employees,ESOP,Buy,Equity Shares,15000.0,0.0,0.0,0.0,0.0,35500.0,0.0,50500.0,0.0
YESBANK,2017-10-31 20:05:00,2017-10-30,2017-10-27,2017-10-27,Employees/Designated Employees,ESOP,Buy,Equity Shares,45000.0,0.0,0.0,0.0,0.0,305405.0,0.01,350405.0,0.02
YESBANK,2017-10-31 20:26:00,2017-10-30,2017-10-27,2017-10-27,Employees/Designated Employees,ESOP,Buy,Equity Shares,7500.0,0.0,0.0,0.0,0.0,10000.0,0.0,17500.0,0.0
YESBANK,2017-10-31 20:26:00,2017-10-30,2017-10-30,2017-10-30,Employees/Designated Employees,ESOP,Buy,Equity Shares,18750.0,0.0,0.0,0.0,0.0,700.0,0.0,19450.0,0.0
YESBANK,2017-10-31 20:26:00,2017-10-27,2017-10-27,2017-10-27,Employees/Designated Employees,ESOP,Buy,Equity Shares,135000.0,0.0,0.0,0.0,0.0,410500.0,0.02,545500.0,0.02
YESBANK,2017-10-31 20:26:00,2017-10-30,2017-10-27,2017-10-27,Employees/Designated Employees,ESOP,Buy,Equity Shares,202500.0,0.0,0.0,0.0,0.0,1009040.0,0.04,1211540.0,0.05
YESBANK,2017-10-31 20:26:00,2017-10-30,2017-10-30,2017-10-30,Employees/Designated Employees,ESOP,Buy,Equity Shares,45000.0,0.0,0.0,0.0,0.0,190000.0,0.01,235000.0,0.01
YESBANK,2017-10-31 20:26:00,2017-10-30,2017-10-27,2017-10-27,Employees/Designated Employees,ESOP,Buy,Equity Shares,32000.0,0.0,0.0,0.0,0.0,2472500.0,0.11,2504500.0,0.11
YESBANK,2017-10-31 20:26:00,2017-10-30,2017-10-26,2017-10-26,Employees/Designated Employees,Market Purchase,Buy,Equity Shares,2500.0,0.0,0.0,0.0,0.0,7500.0,0.0,10000.0,0.0
YESBANK,2017-10-31 20:26:00,2017-10-30,2017-10-30,2017-10-30,Employees/Designated Employees,ESOP,Buy,Equity Shares,28500.0,0.0,0.0,0.0,0.0,235000.0,0.01,263500.0,0.01
YESBANK,2017-10-31 20:32:00,2017-10-31,2017-10-27,2017-10-27,Employees/Designated Employees,ESOP,Buy,Equity Shares,20000.0,0.0,0.0,0.0,0.0,30000.0,0.0,50000.0,0.0
YESBANK,2017-10-31 20:32:00,2017-10-27,2017-10-27,2017-10-27,Employees/Designated Employees,ESOP,Buy,Equity Shares,60000.0,0.0,0.0,0.0,0.0,5000.0,0.0,65000.0,0.0
YESBANK,2017-10-31 20:32:00,2017-10-31,2017-10-30,2017-10-30,Employees/Designated Employees,ESOP,Buy,Equity Shares,500000.0,0.0,0.0,0.0,0.0,,0.0,500000.0,0.02
YESBANK,2017-10-31 20:32:00,2017-10-31,2017-10-27,2017-10-27,Employees/Designated Employees,ESOP,Buy,Equity Shares,112500.0,0.0,0.0,0.0,0.0,103500.0,0.0,216000.0,0.01
YESBANK,2017-10-31 20:32:00,2017-10-27,2017-10-27,2017-10-27,Employees/Designated Employees,ESOP,Buy,Equity Shares,67500.0,0.0,0.0,0.0,0.0,92505.0,0.0,160005.0,0.01
YESBANK,2017-10-31 20:32:00,2017-10-30,2017-10-27,2017-10-27,Employees/Designated Employees,ESOP,Buy,Equity Shares,21000.0,0.0,0.0,0.0,0.0,33767.0,0.0,54767.0,0.0
YESBANK,2017-10-31 20:32:00,2017-10-30,2017-10-27,2017-10-27,Employees/Designated Employees,ESOP,Buy,Equity Shares,66000.0,0.0,0.0,0.0,0.0,158880.0,0.01,224880.0,0.01
YESBANK,2017-10-31 20:39:00,2017-10-30,2017-10-27,2017-10-27,Employees/Designated Employees,ESOP,Buy,Equity Shares,25000.0,0.0,0.0,0.0,0.0,,0.0,25000.0,0.0
YESBANK,2017-10-31 20:39:00,2017-10-27,2017-10-27,2017-10-27,Employees/Designated Employees,ESOP,Buy,Equity Shares,45000.0,0.0,0.0,0.0,0.0,149500.0,0.01,194500.0,0.01
YESBANK,2017-10-31 20:39:00,2017-10-30,2017-10-27,2017-10-27,Employees/Designated Employees,ESOP,Buy,Equity Shares,22500.0,0.0,0.0,0.0,0.0,38750.0,0.0,61250.0,0.0
YESBANK,2017-10-31 20:39:00,2017-10-31,2017-10-27,2017-10-27,Employees/Designated Employees,ESOP,Buy,Equity Shares,20000.0,0.0,0.0,0.0,0.0,7500.0,0.0,27500.0,0.0
YESBANK,2017-10-31 20:39:00,2017-10-30,2017-10-27,2017-10-27,Employees/Designated Employees,ESOP,Buy,Equity Shares,140000.0,0.0,0.0,0.0,0.0,700250.0,0.03,840250.0,0.04
YESBANK,2017-10-31 20:39:00,2017-10-31,2017-10-30,2017-10-30,Employees/Designated Employees,ESOP,Buy,Equity Shares,37500.0,0.0,0.0,0.0,0.0,125500.0,0.01,163000.0,0.01
YESBANK,2017-11-01 18:13:00,2017-10-31,2017-10-30,2017-10-30,Employees/Designated Employees,ESOP,Buy,Equity Shares,90000.0,0.0,0.0,0.0,0.0,180000.0,0.01,270000.0,0.01
YESBANK,2017-11-01 18:13:00,2017-10-31,2017-10-27,2017-10-27,Employees/Designated Employees,ESOP,Buy,Equity Shares,46000.0,0.0,0.0,0.0,0.0,174000.0,0.01,220000.0,0.01
YESBANK,2017-11-01 18:13:00,2017-10-30,2017-10-27,2017-10-27,Employees/Designated Employees,ESOP,Buy,Equity Shares,37500.0,0.0,0.0,0.0,0.0,166600.0,0.01,204100.0,0.01
YESBANK,2017-11-01 18:18:00,2017-10-30,2017-10-27,2017-10-27,Past Employee,ESOP,Buy,Equity Shares,30000.0,0.0,0.0,0.0,0.0,295000.0,0.01,325000.0,0.01
YESBANK,2017-11-01 18:18:00,2017-10-31,2017-10-30,2017-10-30,Past Employee,ESOP,Buy,Equity Shares,18750.0,0.0,0.0,0.0,0.0,200740.0,0.01,219490.0,0.01
YESBANK,2017-11-01 18:18:00,2017-10-31,2017-10-27,2017-10-27,Past Employee,ESOP,Buy,Equity Shares,45000.0,0.0,0.0,0.0,0.0,373580.0,0.02,418580.0,0.02
YESBANK,2017-11-03 18:17:00,2017-11-02,2017-11-02,2017-11-02,Employees/Designated Employees,Market Sale,Sell,Equity Shares,8500.0,0.0,0.0,0.0,0.0,8500.0,0.0,,0.0
YESBANK,2017-11-03 18:17:00,2017-11-02,2017-11-01,2017-11-01,Employees/Designated Employees,Market Sale,Sell,Equity Shares,5000.0,0.0,0.0,0.0,0.0,50500.0,0.0,45500.0,0.0
YESBANK,2017-11-09 17:20:00,2017-11-07,2017-10-30,2017-10-30,Advisor,Market Purchase,Buy,Equity Shares,6000.0,0.0,0.0,0.0,0.0,27000.0,0.0,33000.0,0.0
YESBANK,2017-11-09 17:23:00,2017-11-07,2017-11-02,2017-11-06,Employees/Designated Employees,Market Sale,Sell,Equity Shares,20000.0,0.0,0.0,0.0,0.0,30050.0,0.0,10050.0,0.0
YESBANK,2017-11-10 20:30:00,,,,Employees/Designated Employees,-,-,,,1750.0,0.0,561138.0,0.0,,0.0,,
YESBANK,2017-11-10 20:30:00,,,,Employees/Designated Employees,-,-,,,3500.0,0.0,1086575.0,0.0,,0.0,,
YESBANK,2017-11-10 20:30:00,,,,Employees/Designated Employees,-,-,,,3500.0,0.0,1068113.0,0.0,,0.0,,
YESBANK,2017-11-10 20:30:00,,,,Employees/Designated Employees,-,-,,,1750.0,0.0,534713.0,0.0,,0.0,,
YESBANK,2017-11-10 20:30:00,,,,Employees/Designated Employees,-,-,,,0.0,1750.0,0.0,560000.0,,0.0,,
YESBANK,2017-11-10 20:30:00,,,,Employees/Designated Employees,-,-,,,0.0,1750.0,0.0,568750.0,,0.0,,
YESBANK,2017-11-10 20:33:00,2017-11-09,2017-11-08,2017-11-08,Director,Market Purchase,Buy,Equity Shares,1000.0,0.0,0.0,0.0,0.0,12500.0,0.0,13500.0,0.0
YESBANK,2017-11-10 20:33:00,2017-11-10,2017-11-09,2017-11-09,Employees/Designated Employees,Market Sale,Sell,Equity Shares,10000.0,0.0,0.0,0.0,0.0,192500.0,0.01,182500.0,0.01
YESBANK,2017-11-14 19:16:00,2017-11-14,2017-11-13,2017-11-13,Advisor,Market Purchase,Buy,Equity Shares,1000.0,0.0,0.0,0.0,0.0,33000.0,0.0,34000.0,0.0
YESBANK,2017-11-14 19:25:00,2017-11-13,2017-11-13,2017-11-13,Employees/Designated Employees,Market Sale,Sell,Equity Shares,7500.0,0.0,0.0,0.0,0.0,7500.0,0.0,,0.0
YESBANK,2017-11-14 19:25:00,2017-11-13,2017-10-27,2017-10-27,Employees/Designated Employees,ESOP,Buy,Equity Shares,7500.0,0.0,0.0,0.0,0.0,,0.0,7500.0,0.0
YESBANK,2017-11-14 19:25:00,2017-11-14,2017-11-13,2017-11-13,Employees/Designated Employees,Pledge Creation,Pledge,Equity Shares,20000.0,0.0,0.0,0.0,0.0,27500.0,0.0,27500.0,0.0
YESBANK,2017-11-14 19:25:00,2017-11-13,2017-10-30,2017-10-30,Employees/Designated Employees,ESOP,Buy,Equity Shares,7500.0,0.0,0.0,0.0,0.0,,0.0,7500.0,0.0
YESBANK,2017-11-14 19:25:00,2017-11-13,2017-11-13,2017-11-13,Employees/Designated Employees,Market Sale,Sell,Equity Shares,7500.0,0.0,0.0,0.0,0.0,7500.0,0.0,,0.0
YESBANK,2017-11-15 19:48:00,2017-11-15,2017-11-13,2017-11-13,Employees/Designated Employees,Market Sale,Sell,Equity Shares,6000.0,0.0,0.0,0.0,0.0,6000.0,0.0,,0.0
YESBANK,2017-11-15 19:48:00,2017-11-15,2017-11-13,2017-11-13,Employees/Designated Employees,Pledge Creation,Pledge,Equity Shares,135000.0,0.0,0.0,0.0,0.0,545500.0,0.02,545500.0,0.02
YESBANK,2017-11-16 19:24:00,2017-11-14,2017-11-13,2017-11-13,Employees/Designated Employees,Market Sale,Sell,Equity Shares,19000.0,0.0,0.0,0.0,0.0,19450.0,0.0,450.0,0.0
YESBANK,2017-11-16 19:24:00,2017-11-15,2017-11-15,2017-11-15,Employees/Designated Employees,ESOP,Buy,Equity Shares,67500.0,0.0,0.0,0.0,0.0,,0.0,67500.0,0.0
YESBANK,2017-11-16 19:24:00,2017-11-14,2017-11-14,2017-11-14,Employees/Designated Employees,ESOP,Buy,Equity Shares,125000.0,0.0,0.0,0.0,0.0,1250.0,0.0,126250.0,0.01
YESBANK,2017-11-16 19:24:00,2017-11-14,2017-11-14,2017-11-14,Employees/Designated Employees,ESOP,Buy,Equity Shares,750000.0,0.0,0.0,0.0,0.0,1726495.0,0.08,2476495.0,0.11
YESBANK,2017-11-16 19:24:00,2017-11-14,2017-11-14,2017-11-14,Employees/Designated Employees,ESOP,Buy,Equity Shares,688000.0,0.0,0.0,0.0,0.0,2504500.0,0.11,3192500.0,0.14
YESBANK,2017-11-16 19:24:00,2017-11-15,2017-11-15,2017-11-15,Employees/Designated Employees,ESOP,Buy,Equity Shares,201500.0,0.0,0.0,0.0,0.0,1324000.0,0.06,1525500.0,0.07
YESBANK,2017-11-16 19:24:00,2017-11-15,2017-11-14,2017-11-14,Employees/Designated Employees,ESOP,Buy,Equity Shares,25500.0,0.0,0.0,0.0,0.0,27500.0,0.0,53000.0,0.0
YESBANK,2017-11-16 19:24:00,2017-11-15,2017-11-15,2017-11-15,Employees/Designated Employees,ESOP,Buy,Equity Shares,37500.0,0.0,0.0,0.0,0.0,334955.0,0.01,372455.0,0.02
YESBANK,2017-11-16 19:37:00,2017-11-15,2017-11-14,2017-11-14,Employees/Designated Employees,ESOP,Buy,Equity Shares,9000.0,0.0,0.0,0.0,0.0,1747500.0,0.08,1756500.0,0.08
YESBANK,2017-11-16 19:37:00,2017-11-16,2017-11-14,2017-11-14,Employees/Designated Employees,ESOP,Buy,Equity Shares,30000.0,0.0,0.0,0.0,0.0,55000.0,0.0,85000.0,0.0
YESBANK,2017-11-16 19:37:00,2017-11-16,2017-11-15,2017-11-15,Employees/Designated Employees,ESOP,Buy,Equity Shares,45000.0,0.0,0.0,0.0,0.0,115000.0,0.01,160000.0,0.01
YESBANK,2017-11-16 19:37:00,2017-11-16,2017-11-14,2017-11-14,Employees/Designated Employees,Market Sale,Sell,Equity Shares,2500.0,0.0,0.0,0.0,0.0,57500.0,0.0,55000.0,0.0
YESBANK,2017-11-16 19:37:00,2017-11-16,2017-11-15,2017-11-15,Employees/Designated Employees,ESOP,Buy,Equity Shares,47500.0,0.0,0.0,0.0,0.0,101250.0,0.0,148750.0,0.01
YESBANK,2017-11-16 19:37:00,2017-11-16,2017-11-15,2017-11-15,Employees/Designated Employees,ESOP,Buy,Equity Shares,25000.0,0.0,0.0,0.0,0.0,,0.0,25000.0,0.0
YESBANK,2017-11-16 19:37:00,2017-11-15,2017-11-14,2017-11-14,Employees/Designated Employees,ESOP,Buy,Equity Shares,34533.0,0.0,0.0,0.0,0.0,54767.0,0.0,89300.0,0.0
YESBANK,2017-11-16 19:37:00,2017-11-15,2017-11-15,2017-11-15,Employees/Designated Employees,ESOP,Buy,Equity Shares,20000.0,0.0,0.0,0.0,0.0,,0.0,20000.0,0.0
YESBANK,2017-11-16 19:37:00,2017-11-16,2017-11-15,2017-11-15,Employees/Designated Employees,ESOP,Buy,Equity Shares,56000.0,0.0,0.0,0.0,0.0,55080.0,0.0,111080.0,0.0
YESBANK,2017-11-17 19:05:00,2017-11-15,2017-11-14,2017-11-15,Employees/Designated Employees,Market Sale,Sell,Equity Shares,50000.0,0.0,0.0,0.0,0.0,158000.0,0.01,108000.0,0.0
YESBANK,2017-11-17 19:05:00,2017-11-15,2017-11-14,2017-11-14,Director,Market Purchase,Buy,Equity Shares,1000.0,0.0,0.0,0.0,0.0,13500.0,0.0,14500.0,0.0
YESBANK,2017-11-17 19:05:00,2017-11-15,2017-11-14,2017-11-14,Employees/Designated Employees,ESOP,Buy,Equity Shares,7500.0,0.0,0.0,0.0,0.0,25000.0,0.0,32500.0,0.0
YESBANK,2017-11-17 19:09:00,2017-11-16,2017-11-15,2017-11-15,Employees/Designated Employees,ESOP,Buy,Equity Shares,242500.0,0.0,0.0,0.0,0.0,175000.0,0.01,417500.0,0.02
YESBANK,2017-11-17 19:09:00,2017-11-16,2017-11-15,2017-11-15,Employees/Designated Employees,ESOP,Buy,Equity Shares,60000.0,0.0,0.0,0.0,0.0,409750.0,0.02,469750.0,0.02
YESBANK,2017-11-17 19:09:00,2017-11-15,2017-11-15,2017-11-15,Employees/Designated Employees,ESOP,Buy,Equity Shares,240000.0,0.0,0.0,0.0,0.0,,0.0,240000.0,0.01
YESBANK,2017-11-17 19:09:00,2017-11-17,2017-11-15,2017-11-15,Employees/Designated Employees,ESOP,Buy,Equity Shares,20000.0,0.0,0.0,0.0,0.0,3000.0,0.0,23000.0,0.0
YESBANK,2017-11-17 19:09:00,2017-11-16,2017-11-15,2017-11-15,Employees/Designated Employees,ESOP,Buy,Equity Shares,67500.0,0.0,0.0,0.0,0.0,438000.0,0.02,505500.0,0.02
YESBANK,2017-11-17 19:14:00,2017-11-15,2017-11-15,2017-11-15,Employees/Designated Employees,Market Sale,Sell,Equity Shares,5000.0,0.0,0.0,0.0,0.0,5045.0,0.0,45.0,0.0
YESBANK,2017-11-17 19:14:00,2017-11-15,2017-11-15,2017-11-15,Employees/Designated Employees,Revokation of Pledge,Pledge Revoke,Equity Shares,5000.0,0.0,0.0,0.0,0.0,5045.0,0.0,5045.0,0.0
YESBANK,2017-11-17 19:14:00,2017-11-15,2017-11-14,2017-11-14,Employees/Designated Employees,Pledge Creation,Pledge,Equity Shares,5000.0,0.0,0.0,0.0,0.0,5045.0,0.0,5045.0,0.0
YESBANK,2017-11-17 19:14:00,2017-11-15,2017-10-30,2017-10-30,Employees/Designated Employees,ESOP,Buy,Equity Shares,5000.0,0.0,0.0,0.0,0.0,,0.0,5000.0,0.0
YESBANK,2017-11-17 19:14:00,2017-11-15,2017-11-15,2017-11-15,Employees/Designated Employees,ESOP,Buy,Equity Shares,5000.0,0.0,0.0,0.0,0.0,45.0,0.0,5045.0,0.0
YESBANK,2017-11-17 19:14:00,2017-11-17,2017-11-15,2017-11-15,Employees/Designated Employees,ESOP,Buy,Equity Shares,58250.0,0.0,0.0,0.0,0.0,8375.0,0.0,66625.0,0.0
YESBANK,2017-11-17 19:14:00,2017-11-15,2017-11-15,2017-11-15,Employees/Designated Employees,ESOP,Buy,Equity Shares,5000.0,0.0,0.0,0.0,0.0,5000.0,0.0,10000.0,0.0
YESBANK,2017-11-17 19:14:00,2017-11-15,2017-10-30,2017-10-30,Employees/Designated Employees,ESOP,Buy,Equity Shares,5000.0,0.0,0.0,0.0,0.0,45.0,0.0,5045.0,0.0
YESBANK,2017-11-17 19:24:00,2017-11-16,2017-11-15,2017-11-15,Employees/Designated Employees,ESOP,Buy,Equity Shares,269685.0,0.0,0.0,0.0,0.0,67785.0,0.0,337470.0,0.01
YESBANK,2017-11-17 19:24:00,2017-11-16,2017-11-15,2017-11-15,Employees/Designated Employees,ESOP,Buy,Equity Shares,21000.0,0.0,0.0,0.0,0.0,33000.0,0.0,54000.0,0.0
YESBANK,2017-11-17 19:24:00,2017-11-16,2017-11-15,2017-11-15,Employees/Designated Employees,ESOP,Buy,Equity Shares,15000.0,0.0,0.0,0.0,0.0,65000.0,0.0,80000.0,0.0
YESBANK,2017-11-17 19:24:00,2017-11-16,2017-10-30,2017-10-30,Employees/Designated Employees,ESOP,Buy,Equity Shares,6795.0,0.0,0.0,0.0,0.0,145705.0,0.01,152500.0,0.01
YESBANK,2017-11-17 19:24:00,2017-11-16,2017-11-15,2017-11-15,Employees/Designated Employees,ESOP,Buy,Equity Shares,6000.0,0.0,0.0,0.0,0.0,152500.0,0.01,158500.0,0.01
YESBANK,2017-11-17 19:24:00,2017-11-16,2017-10-30,2017-10-30,Employees/Designated Employees,ESOP,Buy,Equity Shares,15000.0,0.0,0.0,0.0,0.0,50000.0,0.0,65000.0,0.0
YESBANK,2017-11-17 19:24:00,2017-11-15,2017-10-27,2017-10-27,Employees/Designated Employees,ESOP,Buy,Equity Shares,12000.0,0.0,0.0,0.0,0.0,267500.0,0.01,279500.0,0.01
YESBANK,2017-11-17 19:24:00,2017-11-15,2017-11-14,2017-11-14,Employees/Designated Employees,ESOP,Buy,Equity Shares,12000.0,0.0,0.0,0.0,0.0,279500.0,0.01,291500.0,0.01
YESBANK,2017-11-17 19:27:00,2017-11-16,2017-11-14,2017-11-14,Employees/Designated Employees,ESOP,Buy,Equity Shares,36000.0,0.0,0.0,0.0,0.0,110000.0,0.0,146000.0,0.01
YESBANK,2017-11-17 19:27:00,2017-11-16,2017-11-14,2017-11-14,Employees/Designated Employees,ESOP,Buy,Equity Shares,57625.0,0.0,0.0,0.0,0.0,23750.0,0.0,81375.0,0.0
YESBANK,2017-11-17 19:27:00,2017-11-16,2017-11-15,2017-11-15,Employees/Designated Employees,ESOP,Buy,Equity Shares,18750.0,0.0,0.0,0.0,0.0,10000.0,0.0,28750.0,0.0
YESBANK,2017-11-17 19:27:00,2017-11-17,2017-11-16,2017-11-16,Employees/Designated Employees,Market Sale,Sell,Equity Shares,1000.0,0.0,0.0,0.0,0.0,4395000.0,0.19,4394000.0,0.19
YESBANK,2017-11-17 19:27:00,2017-11-17,2017-11-16,2017-11-16,Director,Market Purchase,Buy,Equity Shares,500.0,0.0,0.0,0.0,0.0,14500.0,0.0,15000.0,0.0
YESBANK,2017-11-21 19:04:00,2017-11-20,2017-11-17,2017-11-17,Employees/Designated Employees,Pledge Creation,Pledge,Equity Shares,15000.0,0.0,0.0,0.0,0.0,291500.0,0.01,291500.0,0.01
YESBANK,2017-11-21 19:04:00,2017-11-20,2017-11-20,2017-11-20,Employees/Designated Employees,Pledge Creation,Pledge,Equity Shares,45000.0,0.0,0.0,0.0,0.0,194500.0,0.01,194500.0,0.01
YESBANK,2017-11-21 19:07:00,,,,Employees/Designated Employees,-,-,,,1750.0,0.0,527450.0,0.0,,0.0,,
YESBANK,2017-11-21 19:07:00,,,,Employees/Designated Employees,-,-,,,1750.0,0.0,531038.0,0.0,,0.0,,
YESBANK,2017-11-23 20:17:00,2017-11-23,2017-11-23,2017-11-23,Employees/Designated Employees,Pledge Creation,Pledge,Equity Shares,750000.0,0.0,0.0,0.0,0.0,2476495.0,0.11,2476495.0,0.11
YESBANK,2017-11-23 20:17:00,2017-11-22,2017-11-20,2017-11-20,Employees/Designated Employees,Market Sale,Sell,Equity Shares,10000.0,0.0,0.0,0.0,0.0,45000.0,0.0,35000.0,0.0
YESBANK,2017-11-23 20:17:00,2017-11-22,2017-11-21,2017-11-21,Employees/Designated Employees,Market Sale,Sell,Equity Shares,10000.0,0.0,0.0,0.0,0.0,35000.0,0.0,25000.0,0.0
YESBANK,2017-11-23 20:21:00,,,,Employees/Designated Employees,-,-,,,0.0,5250.0,0.0,1655938.0,,0.0,,
YESBANK,2017-11-23 20:21:00,,,,Employees/Designated Employees,-,-,,,0.0,3500.0,0.0,1099963.0,,0.0,,
YESBANK,2017-11-23 20:21:00,,,,Employees/Designated Employees,-,-,,,1750.0,0.0,548188.0,0.0,,0.0,,
YESBANK,2017-11-27 19:29:00,2017-11-27,2017-11-24,2017-11-24,Employees/Designated Employees,Pledge Creation,Pledge,Equity Shares,125000.0,0.0,0.0,0.0,0.0,126250.0,0.01,126250.0,0.01
YESBANK,2017-11-27 19:29:00,2017-11-27,2017-11-27,2017-11-27,Employees/Designated Employees,Market Sale,Sell,Equity Shares,5000.0,0.0,0.0,0.0,0.0,3187500.0,0.14,3182500.0,0.14
YESBANK,2017-11-27 19:29:00,2017-11-27,2017-11-24,2017-11-24,Employees/Designated Employees,Pledge Creation,Pledge,Equity Shares,47500.0,0.0,0.0,0.0,0.0,148750.0,0.01,148750.0,0.01
YESBANK,2017-11-27 19:29:00,2017-11-27,2017-11-24,2017-11-24,Employees/Designated Employees,Pledge Creation,Pledge,Equity Shares,201500.0,0.0,0.0,0.0,0.0,1525500.0,0.07,1525500.0,0.07
YESBANK,2017-11-27 19:29:00,2017-11-24,2017-11-24,2017-11-24,Employees/Designated Employees,Market Sale,Sell,Equity Shares,5000.0,0.0,0.0,0.0,0.0,3192500.0,0.14,3187500.0,0.14
YESBANK,2017-11-27 19:29:00,2017-11-27,2017-11-24,2017-11-24,Employees/Designated Employees,Market Sale,Sell,Equity Shares,20000.0,0.0,0.0,0.0,0.0,1211540.0,0.01,1191540.0,0.01
YESBANK,2017-11-28 20:38:00,,,,Employees/Designated Employees,-,-,,,3500.0,0.0,1109062.5,0.0,,0.0,,
YESBANK,2017-11-28 20:38:00,,,,Employees/Designated Employees,-,-,,,1750.0,0.0,543987.5,0.0,,0.0,,
YESBANK,2017-11-28 20:38:00,,,,Employees/Designated Employees,-,-,,,0.0,3500.0,0.0,1102937.5,,0.0,,
YESBANK,2017-11-29 19:05:00,2017-11-29,2017-11-29,2017-11-29,Employees/Designated Employees,Market Sale,Sell,Equity Shares,1000.0,0.0,0.0,0.0,0.0,3180500.0,0.14,3179500.0,0.14
YESBANK,2017-11-29 19:05:00,2017-11-29,2017-11-28,2017-11-28,Employees/Designated Employees,Market Sale,Sell,Equity Shares,15000.0,0.0,0.0,0.0,0.0,25000.0,0.01,10000.0,0.0
YESBANK,2017-11-29 19:16:00,2017-11-28,2017-11-27,2017-11-27,Employees/Designated Employees,Pledge Creation,Pledge,Equity Shares,25500.0,0.0,0.0,0.0,0.0,53000.0,0.0,53000.0,0.0
YESBANK,2017-11-29 19:16:00,2017-11-27,2017-11-24,2017-11-24,Employees/Designated Employees,Pledge Creation,Pledge,Equity Shares,240000.0,0.0,0.0,0.0,0.0,240000.0,0.01,240000.0,0.01
YESBANK,2017-11-29 19:16:00,2017-11-28,2017-11-28,2017-11-28,Employees/Designated Employees,Market Sale,Sell,Equity Shares,2000.0,0.0,0.0,0.0,0.0,3182500.0,0.14,3180500.0,0.14
YESBANK,2017-11-30 19:11:00,2017-11-29,2017-11-28,2017-11-28,Employees/Designated Employees,Revokation of Pledge,Pledge Revoke,Equity Shares,25000.0,0.0,0.0,0.0,0.0,215000.0,0.01,215000.0,0.01
YESBANK,2017-11-30 19:11:00,2017-11-30,2017-11-30,2017-11-30,Employees/Designated Employees,Market Sale,Sell,Equity Shares,10000.0,0.0,0.0,0.0,0.0,182500.0,0.01,172500.0,0.01
YESBANK,2017-11-30 19:11:00,2017-11-30,2017-11-29,2017-11-29,Employees/Designated Employees,Pledge Creation,Pledge,Equity Shares,20000.0,0.0,0.0,0.0,0.0,1525500.0,0.01,1525500.0,0.01
YESBANK,2017-11-30 19:11:00,2017-11-28,2017-11-28,2017-11-28,Employees/Designated Employees,Market Sale,Sell,Equity Shares,25000.0,0.0,0.0,0.0,0.0,215000.0,0.01,190000.0,0.01
YESBANK,2017-11-30 19:11:00,2017-11-29,2017-11-27,2017-11-27,Employees/Designated Employees,Market Sale,Sell,Equity Shares,25000.0,0.0,0.0,0.0,0.0,240000.0,0.01,215000.0,0.01
YESBANK,2017-11-30 19:11:00,2017-11-29,2017-11-27,2017-11-27,Employees/Designated Employees,Revokation of Pledge,Pledge Revoke,Equity Shares,25000.0,0.0,0.0,0.0,0.0,240000.0,0.01,240000.0,0.01
YESBANK,2017-12-01 19:16:00,,,,Employees/Designated Employees,-,-,,,1750.0,0.0,550113.0,0.0,,0.0,,
YESBANK,2017-12-01 19:16:00,,,,Employees/Designated Employees,-,-,,,0.0,3500.0,0.0,1082988.0,,0.0,,
YESBANK,2017-12-01 19:16:00,,,,Employees/Designated Employees,-,-,,,7000.0,0.0,2176738.0,0.0,,0.0,,
YESBANK,2017-12-01 19:21:00,2017-12-01,2017-11-30,2017-11-30,Employees/Designated Employees,Market Sale,Sell,Equity Shares,35000.0,0.0,0.0,0.0,0.0,190000.0,0.01,155000.0,0.01
YESBANK,2017-12-01 19:21:00,2017-12-01,2017-12-01,2017-12-01,Employees/Designated Employees,Market Sale,Sell,Equity Shares,21000.0,0.0,0.0,0.0,0.0,155000.0,0.01,134000.0,0.01
YESBANK,2017-12-01 19:21:00,2017-12-01,2017-12-01,2017-12-01,Employees/Designated Employees,Revokation of Pledge,Pledge Revoke,Equity Shares,21000.0,0.0,0.0,0.0,0.0,155000.0,0.01,155000.0,0.01
YESBANK,2017-12-01 19:21:00,2017-12-01,2017-11-30,2017-11-30,Employees/Designated Employees,Revokation of Pledge,Pledge Revoke,Equity Shares,35000.0,0.0,0.0,0.0,0.0,190000.0,0.01,190000.0,0.01
YESBANK,2017-12-04 18:48:00,2017-12-01,2017-11-17,2017-11-17,Employees/Designated Employees,Market Sale,Sell,Equity Shares,10000.0,0.0,0.0,0.0,0.0,89300.0,0.0,79300.0,0.0
YESBANK,2017-12-04 18:48:00,2017-12-01,2017-11-24,2017-11-24,Employees/Designated Employees,Market Sale,Sell,Equity Shares,15850.0,0.0,0.0,0.0,0.0,79300.0,0.0,63450.0,0.0
YESBANK,2017-12-04 18:48:00,2017-12-01,2017-11-30,2017-11-30,Employees/Designated Employees,Pledge Creation,Pledge,Equity Shares,200000.0,0.0,0.0,0.0,0.0,1756500.0,0.02,1756500.0,0.02
YESBANK,2017-12-06 18:21:00,,,,Employees/Designated Employees,-,-,,,3500.0,0.0,1061025.0,0.0,,0.0,,
YESBANK,2017-12-06 18:21:00,,,,Employees/Designated Employees,-,-,,,3500.0,0.0,1081150.0,0.0,,0.0,,
YESBANK,2017-12-06 18:30:00,2017-12-04,2017-12-01,2017-12-01,Employees/Designated Employees,Market Sale,Sell,Equity Shares,2000.0,0.0,0.0,0.0,0.0,3179500.0,0.14,3177500.0,0.14
YESBANK,2017-12-06 18:30:00,2017-12-05,2017-12-04,2017-12-04,Employees/Designated Employees,Market Sale,Sell,Equity Shares,3000.0,0.0,0.0,0.0,0.0,3177500.0,0.14,3174500.0,0.14
YESBANK,2017-12-08 18:55:00,2017-12-06,2017-12-04,2017-12-04,Employees/Designated Employees,Market Sale,Sell,Equity Shares,2500.0,0.0,0.0,0.0,0.0,2545.0,0.0,45.0,0.0
YESBANK,2017-12-08 18:55:00,2017-12-06,2017-11-30,2017-11-30,Employees/Designated Employees,Market Sale,Sell,Equity Shares,2500.0,0.0,0.0,0.0,0.0,5045.0,0.0,2545.0,0.0
YESBANK,2017-12-08 18:55:00,2017-12-08,2017-12-06,2017-12-06,Employees/Designated Employees,Market Sale,Sell,Equity Shares,2000.0,0.0,0.0,0.0,0.0,3174500.0,0.14,3172500.0,0.14
YESBANK,2017-12-08 18:55:00,2017-12-08,2017-12-07,2017-12-07,Employees/Designated Employees,Market Sale,Sell,Equity Shares,2000.0,0.0,0.0,0.0,0.0,3172500.0,0.14,3170500.0,0.14
YESBANK,2017-12-08 18:55:00,2017-12-08,2017-12-08,2017-12-08,Employees/Designated Employees,Market Sale,Sell,Equity Shares,1500.0,0.0,0.0,0.0,0.0,3170500.0,0.14,3169000.0,0.14
YESBANK,2017-12-08 18:59:00,,,,Employees/Designated Employees,-,-,,,0.0,7000.0,0.0,2184000.0,,0.0,,
YESBANK,2017-12-12 16:12:00,,,,Employees/Designated Employees,-,-,,,0.0,7000.0,0.0,2185050.0,,0.0,,
YESBANK,2017-12-12 16:26:00,2017-12-08,2017-10-12,2017-10-13,Employees/Designated Employees,Market Purchase,Buy,Equity Shares,4383.0,0.0,0.0,0.0,0.0,1910.0,0.0,6293.0,0.0
YESBANK,2017-12-12 16:26:00,2017-12-08,2017-12-08,2017-12-08,Employees/Designated Employees,Market Sale,Sell,Equity Shares,2000.0,0.0,0.0,0.0,0.0,4391000.0,0.19,4389000.0,0.19
YESBANK,2017-12-12 16:26:00,2017-12-08,2017-12-07,2017-12-07,Employees/Designated Employees,Market Sale,Sell,Equity Shares,3000.0,0.0,0.0,0.0,0.0,4394000.0,0.19,4391000.0,0.19
YESBANK,2017-12-12 16:26:00,2017-12-11,2017-12-08,2017-12-08,Employees/Designated Employees,Market Sale,Sell,Equity Shares,5000.0,0.0,0.0,0.0,0.0,1191540.0,0.05,1186540.0,0.05
YESBANK,2017-12-12 16:46:00,2017-12-12,2017-12-11,2017-12-11,Employees/Designated Employees,Market Sale,Sell,Equity Shares,1000.0,0.0,0.0,0.0,0.0,3169000.0,0.14,3168000.0,0.14
YESBANK,2017-12-13 19:20:00,2017-12-11,2017-12-05,2017-12-08,Employees/Designated Employees,Market Sale,Sell,Equity Shares,550.0,0.0,0.0,0.0,0.0,10125.0,0.0,9575.0,0.0
YESBANK,2017-12-13 19:20:00,2017-12-12,2017-11-01,2017-11-01,Employees/Designated Employees,Market Sale,Sell,Equity Shares,9250.0,0.0,0.0,0.0,0.0,11370.0,0.0,2120.0,0.0
YESBANK,2017-12-13 19:20:00,2017-12-11,2017-11-09,2017-11-09,Employees/Designated Employees,Market Sale,Sell,Equity Shares,4000.0,0.0,0.0,0.0,0.0,14775.0,0.0,10775.0,0.0
YESBANK,2017-12-13 19:20:00,2017-12-11,2017-11-23,2017-11-23,Employees/Designated Employees,Market Sale,Sell,Equity Shares,650.0,0.0,0.0,0.0,0.0,10775.0,0.0,10125.0,0.0
YESBANK,2017-12-13 19:27:00,2017-12-13,2017-12-12,2017-12-12,Employees/Designated Employees,Market Sale,Sell,Equity Shares,2750.0,0.0,0.0,0.0,0.0,2750.0,0.0,,0.0
YESBANK,2017-12-13 19:27:00,2017-12-13,2017-10-27,2017-10-27,Employees/Designated Employees,ESOP,Buy,Equity Shares,2500.0,0.0,0.0,0.0,0.0,,0.0,2500.0,0.0
YESBANK,2017-12-13 19:27:00,2017-12-13,2017-11-13,2017-11-13,Employees/Designated Employees,Market Sale,Sell,Equity Shares,1500.0,0.0,0.0,0.0,0.0,2500.0,0.0,1000.0,0.0
YESBANK,2017-12-13 19:27:00,2017-12-13,2017-11-14,2017-11-14,Employees/Designated Employees,ESOP,Buy,Equity Shares,1000.0,0.0,0.0,0.0,0.0,2250.0,0.0,3250.0,0.0
YESBANK,2017-12-13 19:27:00,2017-12-13,2017-12-13,2017-12-13,Employees/Designated Employees,ESOP,Buy,Equity Shares,3750.0,0.0,0.0,0.0,0.0,,0.0,3750.0,0.0
YESBANK,2017-12-13 19:27:00,2017-12-13,2017-11-17,2017-11-17,Employees/Designated Employees,Market Sale,Sell,Equity Shares,500.0,0.0,0.0,0.0,0.0,3250.0,0.0,2750.0,0.0
YESBANK,2017-12-13 19:27:00,2017-12-13,2017-11-14,2017-11-14,Employees/Designated Employees,ESOP,Buy,Equity Shares,1250.0,0.0,0.0,0.0,0.0,1000.0,0.0,2250.0,0.0
YESBANK,2017-12-15 13:31:00,2017-12-14,2017-12-13,2017-12-13,Employees/Designated Employees,Market Sale,Sell,Equity Shares,1000.0,0.0,0.0,0.0,0.0,3168000.0,0.14,3167000.0,0.14
YESBANK,2017-12-15 13:31:00,2017-12-14,2017-12-13,2017-12-13,Employees/Designated Employees,Pledge Creation,Pledge,Equity Shares,17000.0,0.0,0.0,0.0,0.0,123550.0,0.01,123550.0,0.01
YESBANK,2017-12-15 13:31:00,2017-12-14,2017-12-13,2017-12-13,Employees/Designated Employees,ESOP,Buy,Equity Shares,96000.0,0.0,0.0,0.0,0.0,1756500.0,0.08,1852500.0,0.08
YESBANK,2017-12-15 13:31:00,2017-12-14,2017-12-13,2017-12-13,Employees/Designated Employees,ESOP,Buy,Equity Shares,20000.0,0.0,0.0,0.0,0.0,111080.0,0.0,131080.0,0.01
YESBANK,2017-12-15 13:31:00,2017-12-14,2017-12-13,2017-12-13,Employees/Designated Employees,ESOP,Buy,Equity Shares,75700.0,0.0,0.0,0.0,0.0,63450.0,0.0,139150.0,0.01
YESBANK,2017-12-15 13:31:00,2017-12-14,2017-12-13,2017-12-13,Employees/Designated Employees,ESOP,Buy,Equity Shares,450000.0,0.0,0.0,0.0,0.0,4761085.0,0.21,5211085.0,0.23
YESBANK,2017-12-15 13:37:00,,,,Employees/Designated Employees,-,-,,,5250.0,0.0,1629863.0,0.0,,0.0,,
YESBANK,2017-12-18 18:08:00,2017-12-15,2017-12-14,2017-12-14,Employees/Designated Employees,ESOP,Buy,Equity Shares,48000.0,0.0,0.0,0.0,0.0,108000.0,0.0,156000.0,0.01
YESBANK,2017-12-18 18:08:00,2017-12-15,2017-12-14,2017-12-14,Employees/Designated Employees,ESOP,Buy,Equity Shares,25000.0,0.0,0.0,0.0,0.0,160050.0,0.01,185050.0,0.01
YESBANK,2017-12-18 18:08:00,2017-12-18,2017-12-14,2017-12-14,Employees/Designated Employees,ESOP,Buy,Equity Shares,70500.0,0.0,0.0,0.0,0.0,36700.0,0.0,107200.0,0.0
YESBANK,2017-12-18 18:08:00,2017-12-15,2017-12-15,2017-12-15,Employees/Designated Employees,Market Sale,Sell,Equity Shares,5000.0,0.0,0.0,0.0,0.0,40000.0,0.0,35000.0,0.0
YESBANK,2017-12-18 18:08:00,2017-12-18,2017-11-15,2017-11-15,Employees/Designated Employees,ESOP,Buy,Equity Shares,15000.0,0.0,0.0,0.0,0.0,21700.0,0.0,36700.0,0.0
YESBANK,2017-12-18 18:08:00,2017-12-15,2017-12-14,2017-12-14,Employees/Designated Employees,ESOP,Buy,Equity Shares,7500.0,0.0,0.0,0.0,0.0,32500.0,0.0,40000.0,0.0
YESBANK,2017-12-18 18:08:00,2017-12-18,2017-12-14,2017-12-14,Employees/Designated Employees,ESOP,Buy,Equity Shares,125000.0,0.0,0.0,0.0,0.0,500.0,0.0,125500.0,0.01
YESBANK,2017-12-18 19:23:00,2017-12-18,2017-12-14,2017-12-14,Employees/Designated Employees,ESOP,Buy,Equity Shares,10250.0,0.0,0.0,0.0,0.0,10050.0,0.0,20300.0,0.0
YESBANK,2017-12-18 19:23:00,2017-12-18,2017-10-27,2017-12-14,Employees/Designated Employees,ESOP,Buy,Equity Shares,23500.0,0.0,0.0,0.0,0.0,80000.0,0.0,103500.0,0.0
YESBANK,2017-12-18 19:23:00,2017-12-18,2017-10-27,2017-10-27,Employees/Designated Employees,ESOP,Buy,Equity Shares,2750.0,0.0,0.0,0.0,0.0,24700.0,0.0,27450.0,0.0
YESBANK,2017-12-18 19:23:00,2017-12-18,2017-11-14,2017-11-14,Employees/Designated Employees,ESOP,Buy,Equity Shares,7600.0,0.0,0.0,0.0,0.0,27450.0,0.0,35050.0,0.0
YESBANK,2017-12-18 19:23:00,2017-12-18,2017-12-14,2017-12-14,Employees/Designated Employees,ESOP,Buy,Equity Shares,2450.0,0.0,0.0,0.0,0.0,35050.0,0.0,37500.0,0.0
YESBANK,2017-12-18 19:23:00,2017-12-18,2017-12-14,2017-12-14,Employees/Designated Employees,ESOP,Buy,Equity Shares,20500.0,0.0,0.0,0.0,0.0,32000.0,0.0,52500.0,0.0
YESBANK,2017-12-18 19:23:00,2017-12-18,2017-12-14,2017-12-14,Employees/Designated Employees,ESOP,Buy,Equity Shares,11000.0,0.0,0.0,0.0,0.0,55000.0,0.0,66000.0,0.0
YESBANK,2017-12-18 19:23:00,2017-12-18,2017-11-14,2017-11-14,Employees/Designated Employees,ESOP,Buy,Equity Shares,10000.0,0.0,0.0,0.0,0.0,50.0,0.0,10050.0,0.0
YESBANK,2017-12-18 19:23:00,2017-12-18,2017-11-14,2017-11-14,Employees/Designated Employees,ESOP,Buy,Equity Shares,13750.0,0.0,0.0,0.0,0.0,41250.0,0.0,55000.0,0.0
YESBANK,2017-12-18 19:33:00,2017-12-18,2017-12-14,2017-12-14,Employees/Designated Employees,ESOP,Buy,Equity Shares,55000.0,0.0,0.0,0.0,0.0,66500.0,0.0,121500.0,0.0
YESBANK,2017-12-19 12:27:00,2017-12-18,2017-12-18,2017-12-18,Employees/Designated Employees,Market Sale,Sell,Equity Shares,10000.0,0.0,0.0,0.0,0.0,172000.0,0.01,162000.0,0.01
YESBANK,2017-12-19 12:27:00,2017-12-19,2017-12-15,2017-12-15,Employees/Designated Employees,Market Sale,Sell,Equity Shares,44778.0,0.0,0.0,0.0,0.0,1186540.0,0.05,1141762.0,0.05
YESBANK,2017-12-19 12:31:00,,,,Employees/Designated Employees,-,-,,,1750.0,0.0,533855.0,0.0,,0.0,,
YESBANK,2017-12-19 12:31:00,,,,Employees/Designated Employees,-,-,,,1750.0,0.0,545580.0,0.0,,0.0,,
YESBANK,2017-12-19 12:31:00,,,,Employees/Designated Employees,-,-,,,1750.0,0.0,540750.0,0.0,,0.0,,
YESBANK,2017-12-19 12:31:00,,,,Employees/Designated Employees,-,-,,,0.0,5250.0,0.0,1640821.0,,0.0,,
YESBANK,2017-12-19 17:43:00,2017-12-19,2017-12-15,2017-12-15,Employees/Designated Employees,Market Sale,Sell,Equity Shares,5000.0,0.0,0.0,0.0,0.0,3167000.0,0.14,3162000.0,0.14
YESBANK,2017-12-19 17:43:00,2017-12-19,2017-12-18,2017-12-18,Employees/Designated Employees,Market Sale,Sell,Equity Shares,3000.0,0.0,0.0,0.0,0.0,3162000.0,0.14,3159000.0,0.14
YESBANK,2017-12-21 16:36:00,2017-12-20,2017-12-13,2017-12-13,Employees/Designated Employees,ESOP,Buy,Equity Shares,3000.0,0.0,0.0,0.0,0.0,66250.0,0.0,69250.0,0.0
YESBANK,2017-12-21 16:36:00,2017-12-20,2017-12-20,2017-12-20,Employees/Designated Employees,Market Sale,Sell,Equity Shares,6000.0,0.0,0.0,0.0,0.0,69250.0,0.0,63250.0,0.0
YESBANK,2017-12-21 16:36:00,2017-12-20,2017-12-19,2017-12-19,Employees/Designated Employees,Market Sale,Sell,Equity Shares,1000.0,0.0,0.0,0.0,0.0,3159000.0,0.14,3158000.0,0.14
YESBANK,2017-12-21 16:56:00,,,,Employees/Designated Employees,-,-,,,0.0,5250.0,0.0,1671075.0,,0.0,,
YESBANK,2017-12-22 16:58:00,2017-12-20,2017-12-18,2017-12-18,Employees/Designated Employees,Market Sale,Sell,Equity Shares,1000.0,0.0,0.0,0.0,0.0,4389000.0,0.02,4388000.0,0.02
YESBANK,2017-12-22 16:58:00,2017-12-22,2017-12-22,2017-12-22,Employees/Designated Employees,Pledge Creation,Pledge,Equity Shares,50000.0,0.0,0.0,0.0,0.0,160005.0,0.01,160005.0,0.01
YESBANK,2017-12-22 16:58:00,2017-12-22,2017-12-19,2017-12-19,Employees/Designated Employees,Market Sale,Sell,Equity Shares,3500.0,0.0,0.0,0.0,0.0,9575.0,0.0,6075.0,0.0
YESBANK,2017-12-22 16:58:00,2017-12-22,2017-12-22,2017-12-22,Employees/Designated Employees,Market Sale,Sell,Equity Shares,40500.0,0.0,0.0,0.0,0.0,139150.0,0.01,98650.0,0.0
YESBANK,2017-12-22 16:58:00,2017-12-21,2017-12-21,2017-12-21,Employees/Designated Employees,Market Sale,Sell,Equity Shares,5000.0,0.0,0.0,0.0,0.0,1141762.0,0.05,1136762.0,0.05
YESBANK,2017-12-22 16:58:00,2017-12-21,2017-12-20,2017-12-20,Employees/Designated Employees,Market Sale,Sell,Equity Shares,2000.0,0.0,0.0,0.0,0.0,3158000.0,0.14,3156000.0,0.14
YESBANK,2017-12-22 17:01:00,,,,Employees/Designated Employees,-,-,,,7000.0,0.0,2188550.0,0.0,,0.0,,
YESBANK,2017-12-27 10:37:00,2017-12-26,2017-12-13,2017-12-13,Employees/Designated Employees,ESOP,Buy,Equity Shares,7500.0,0.0,0.0,0.0,0.0,,0.0,7500.0,0.0
YESBANK,2017-12-27 10:37:00,2017-12-26,2017-12-22,2017-12-22,Employees/Designated Employees,Market Sale,Sell,Equity Shares,500.0,0.0,0.0,0.0,0.0,3156000.0,0.14,3155500.0,0.14
YESBANK,2017-12-27 10:37:00,2017-12-26,2017-12-26,2017-12-26,Employees/Designated Employees,Market Sale,Sell,Equity Shares,7500.0,0.0,0.0,0.0,0.0,7500.0,0.0,,0.0
YESBANK,2017-12-27 20:42:00,2017-12-27,2017-12-26,2017-12-26,Employees/Designated Employees,Market Sale,Sell,Equity Shares,12472.0,0.0,0.0,0.0,0.0,1136762.0,0.05,1124290.0,0.05
YESBANK,2017-12-27 20:42:00,2017-12-27,2017-12-26,2017-12-26,Employees/Designated Employees,Market Sale,Sell,Equity Shares,3000.0,0.0,0.0,0.0,0.0,3155500.0,0.14,3152500.0,0.14
YESBANK,2017-12-27 20:42:00,2017-12-26,2017-12-26,2017-12-26,Employees/Designated Employees,Market Sale,Sell,Equity Shares,6000.0,0.0,0.0,0.0,0.0,63250.0,0.0,57250.0,0.0
YESBANK,2017-12-27 20:48:00,,,,Employees/Designated Employees,-,-,,,0.0,4.0,0.0,1109588.0,,0.0,,
YESBANK,2017-12-27 20:48:00,,,,Employees/Designated Employees,-,-,,,1750.0,0.0,546000.0,0.0,,0.0,,
YESBANK,2017-12-28 19:00:00,2017-12-27,2017-12-27,2017-12-27,Employees/Designated Employees,Market Sale,Sell,Equity Shares,1000.0,0.0,0.0,0.0,0.0,3152500.0,0.14,3151500.0,0.14
YESBANK,2017-12-28 19:00:00,2017-12-28,2017-12-28,2017-12-28,Employees/Designated Employees,Market Sale,Sell,Equity Shares,1000.0,0.0,0.0,0.0,0.0,3151500.0,0.14,3150500.0,0.14
YESBANK,2017-12-28 19:00:00,2017-12-27,2017-12-26,2017-12-26,Employees/Designated Employees,Market Sale,Sell,Equity Shares,2000.0,0.0,0.0,0.0,0.0,4388000.0,0.19,4386000.0,0.19
YESBANK,2017-12-29 18:30:00,,,,Employees/Designated Employees,-,-,,,1750.0,0.0,551512.0,0.0,,0.0,,
YESBANK,2017-12-29 18:30:00,,,,Employees/Designated Employees,-,-,,,0.0,8750.0,0.0,2751875.0,,0.0,,
YESBANK,2017-12-29 18:30:00,,,,Employees/Designated Employees,-,-,,,1750.0,0.0,551512.0,0.0,,0.0,,
YESBANK,2017-12-29 18:30:00,,,,Employees/Designated Employees,-,-,,,0.0,1750.0,0.0,547750.0,,0.0,,
YESBANK,2017-12-29 18:30:00,,,,Employees/Designated Employees,-,-,,,0.0,7000.0,0.0,2193800.0,,0.0,,
YESBANK,2017-12-29 18:36:00,2017-12-29,2017-12-29,2017-12-29,Employees/Designated Employees,Market Sale,Sell,Equity Shares,2000.0,0.0,0.0,0.0,0.0,3150500.0,0.14,3148500.0,0.14
YESBANK,2018-01-01 19:37:00,,,,Employees/Designated Employees,-,-,,,0.0,1750.0,0.0,549500.0,,0.0,,
YESBANK,2018-01-01 19:37:00,,,,Employees/Designated Employees,-,-,,,1750.0,0.0,548800.0,0.0,,0.0,,
YESBANK,2018-01-01 19:37:00,,,,Employees/Designated Employees,-,-,,,0.0,1750.0,0.0,553700.0,,0.0,,
YESBANK,2018-01-01 19:50:00,2017-12-28,2017-10-10,2017-10-10,Employees/Designated Employees,Market Sale,Sell,Equity Shares,150.0,0.0,0.0,0.0,0.0,51649.0,0.0,51499.0,0.0
YESBANK,2018-01-01 19:50:00,2017-12-28,2017-12-26,2017-12-26,Employees/Designated Employees,Market Sale,Sell,Equity Shares,1000.0,0.0,0.0,0.0,0.0,49099.0,0.0,48099.0,0.0
YESBANK,2018-01-01 19:50:00,2017-12-28,2017-12-07,2017-12-07,Employees/Designated Employees,Market Sale,Sell,Equity Shares,200.0,0.0,0.0,0.0,0.0,49299.0,0.0,49099.0,0.0
YESBANK,2018-01-01 19:50:00,2018-01-01,2017-12-29,2017-12-29,Employees/Designated Employees,Market Sale,Sell,Equity Shares,5000.0,0.0,0.0,0.0,0.0,1124290.0,0.05,1119290.0,0.05
YESBANK,2018-01-01 19:50:00,2017-12-28,2017-11-01,2017-11-01,Employees/Designated Employees,Market Sale,Sell,Equity Shares,2200.0,0.0,0.0,0.0,0.0,51499.0,0.0,49299.0,0.0
YESBANK,2018-01-02 10:15:00,,,,Employees/Designated Employees,-,-,,,0.0,1750.0,0.0,553700.0,,0.0,,
YESBANK,2018-01-02 10:15:00,,,,Employees/Designated Employees,-,-,,,1750.0,0.0,548800.0,0.0,,0.0,,
YESBANK,2018-01-02 10:15:00,,,,Employees/Designated Employees,-,-,,,0.0,1750.0,0.0,549500.0,,0.0,,
YESBANK,2018-01-02 10:24:00,2017-12-28,2017-12-07,2017-12-07,Employees/Designated Employees,Market Sale,Sell,Equity Shares,200.0,0.0,0.0,0.0,0.0,49299.0,0.0,49099.0,0.0
YESBANK,2018-01-02 10:24:00,2017-12-28,2017-12-26,2017-12-26,Employees/Designated Employees,Market Sale,Sell,Equity Shares,1000.0,0.0,0.0,0.0,0.0,49099.0,0.0,48099.0,0.0
YESBANK,2018-01-02 10:24:00,2017-12-28,2017-10-10,2017-10-10,Employees/Designated Employees,Market Sale,Sell,Equity Shares,150.0,0.0,0.0,0.0,0.0,51649.0,0.0,51499.0,0.0
YESBANK,2018-01-02 10:24:00,2018-01-01,2017-12-29,2017-12-29,Employees/Designated Employees,Market Sale,Sell,Equity Shares,5000.0,0.0,0.0,0.0,0.0,1124290.0,0.05,1119290.0,0.05
YESBANK,2018-01-02 10:24:00,2017-12-28,2017-11-01,2017-11-01,Employees/Designated Employees,Market Sale,Sell,Equity Shares,2200.0,0.0,0.0,0.0,0.0,51499.0,0.0,49299.0,0.0
YESBANK,2018-01-02 19:04:00,,,,Employees/Designated Employees,-,-,,,0.0,7000.0,0.0,2214257.0,,0.0,,
YESBANK,2018-01-02 19:10:00,2018-01-01,2017-12-28,2017-12-28,Employees/Designated Employees,Market Sale,Sell,Equity Shares,338777.0,0.0,0.0,0.0,0.0,500000.0,0.02,161223.0,0.01
YESBANK,2018-01-02 19:10:00,2017-12-29,2017-12-29,2017-12-29,Employees/Designated Employees,Market Sale,Sell,Equity Shares,10000.0,0.0,0.0,0.0,0.0,162500.0,0.01,152500.0,0.01
YESBANK,2018-01-03 19:29:00,,,,Employees/Designated Employees,-,-,,,3500.0,0.0,1102500.0,0.0,,0.0,,
YESBANK,2018-01-03 19:29:00,,,,Employees/Designated Employees,-,-,,,3500.0,0.0,1093138.0,0.0,,0.0,,
YESBANK,2018-01-03 19:29:00,,,,Employees/Designated Employees,-,-,,,0.0,3500.0,0.0,1110113.0,,0.0,,
YESBANK,2018-01-03 19:29:00,,,,Employees/Designated Employees,-,-,,,0.0,5250.0,0.0,1638682.0,,0.0,,
YESBANK,2018-01-03 19:29:00,,,,Employees/Designated Employees,-,-,,,3500.0,0.0,1102325.0,0.0,,0.0,,
YESBANK,2018-01-03 19:29:00,,,,Employees/Designated Employees,-,-,,,5250.0,0.0,1635742.0,0.0,,0.0,,
YESBANK,2018-01-05 19:28:00,,,,Employees/Designated Employees,-,-,,,0.0,1750.0,0.0,549500.0,,0.0,,
YESBANK,2018-01-05 19:28:00,,,,Employees/Designated Employees,-,-,,,1750.0,0.0,553000.0,0.0,,0.0,,
YESBANK,2018-01-05 19:28:00,,,,Employees/Designated Employees,-,-,,,0.0,7000.0,0.0,2215325.0,,0.0,,
YESBANK,2018-01-05 19:28:00,,,,Employees/Designated Employees,-,-,,,5250.0,0.0,1850625.0,0.0,,0.0,,
YESBANK,2018-01-05 19:28:00,,,,Employees/Designated Employees,-,-,,,0.0,1750.0,0.0,560000.0,,0.0,,
YESBANK,2018-01-08 19:45:00,2018-01-05,2018-01-05,2018-01-05,Employees/Designated Employees,Pledge Creation,Pledge,Equity Shares,5000.0,0.0,0.0,0.0,0.0,105000.0,0.0,105000.0,0.0
YESBANK,2018-01-08 19:48:00,,,,Employees/Designated Employees,-,-,,,0.0,5250.0,0.0,1761288.0,,0.0,,
YESBANK,2018-01-08 19:57:00,2018-01-05,2018-01-04,2018-01-04,Past Employee,Market Sale,Sell,Equity Shares,64000.0,0.0,0.0,0.0,0.0,545000.0,0.02,481000.0,0.02
YESBANK,2018-01-09 20:46:00,,,,Employees/Designated Employees,-,-,,,1750.0,0.0,582750.0,0.0,,0.0,,
YESBANK,2018-01-09 20:46:00,,,,Employees/Designated Employees,-,-,,,0.0,1750.0,0.0,583275.0,,0.0,,
YESBANK,2018-01-09 20:56:00,2018-01-09,2017-10-31,2017-10-31,Employees/Designated Employees,Pledge Creation,Pledge,Equity Shares,45000.0,0.0,0.0,0.0,0.0,45000.0,0.0,45000.0,0.0
YESBANK,2018-01-09 20:56:00,2018-01-09,2017-12-28,2017-12-28,Employees/Designated Employees,Market Sale,Sell,Equity Shares,9000.0,0.0,0.0,0.0,0.0,121500.0,0.0,112500.0,0.0
YESBANK,2018-01-11 20:48:00,2018-01-09,2018-01-09,2018-01-09,Employees/Designated Employees,Market Purchase,Buy,Equity Shares,5000.0,0.0,0.0,0.0,0.0,30000.0,0.0,35000.0,0.0
YESBANK,2018-01-11 20:48:00,2018-01-09,2018-01-09,2018-01-09,Employees/Designated Employees,Market Sale,Sell,Equity Shares,5000.0,0.0,0.0,0.0,0.0,35000.0,0.0,30000.0,0.0
YESBANK,2018-01-16 20:30:00,,,,Employees/Designated Employees,-,-,,,1750.0,0.0,586250.0,0.0,,0.0,,
YESBANK,2018-01-16 20:30:00,,,,Employees/Designated Employees,-,-,,,0.0,1750.0,0.0,590450.0,,0.0,,
YESBANK,2018-01-16 20:30:00,,,,Employees/Designated Employees,-,-,,,0.0,1750.0,0.0,590625.0,,0.0,,
YESBANK,2018-01-16 20:30:00,,,,Employees/Designated Employees,-,-,,,1750.0,0.0,593425.0,0.0,,0.0,,
YESBANK,2018-01-16 20:30:00,,,,Employees/Designated Employees,-,-,,,1750.0,0.0,589050.0,0.0,,0.0,,
YESBANK,2018-01-18 17:11:00,2018-01-17,2018-01-17,2018-01-17,Employees/Designated Employees,ESOP,Buy,Equity Shares,30000.0,0.0,0.0,0.0,0.0,163000.0,0.01,193000.0,0.01
YESBANK,2018-01-18 17:11:00,2018-01-16,2018-01-16,2018-01-16,Employees/Designated Employees,ESOP,Buy,Equity Shares,27500.0,0.0,0.0,0.0,0.0,,0.0,27500.0,0.0
YESBANK,2018-01-18 17:11:00,2018-01-16,2018-01-16,2018-01-16,Employees/Designated Employees,ESOP,Buy,Equity Shares,30000.0,0.0,0.0,0.0,0.0,160005.0,0.01,190005.0,0.01
YESBANK,2018-01-18 17:11:00,2018-01-17,2018-01-17,2018-01-17,Employees/Designated Employees,ESOP,Buy,Equity Shares,30000.0,0.0,0.0,0.0,0.0,148750.0,0.01,178750.0,0.01
YESBANK,2018-01-18 17:11:00,2018-01-17,2018-01-16,2018-01-16,Employees/Designated Employees,ESOP,Buy,Equity Shares,20000.0,0.0,0.0,0.0,0.0,52500.0,0.0,72500.0,0.0
YESBANK,2018-01-18 17:11:00,2018-01-17,2018-01-17,2018-01-17,Employees/Designated Employees,ESOP,Buy,Equity Shares,70000.0,0.0,0.0,0.0,0.0,1852500.0,0.08,1922500.0,0.08
YESBANK,2018-01-18 17:11:00,2018-01-17,2018-01-16,2018-01-16,Employees/Designated Employees,ESOP,Buy,Equity Shares,67500.0,0.0,0.0,0.0,0.0,20000.0,0.0,87500.0,0.0
YESBANK,2018-01-18 17:11:00,2018-01-17,2018-01-17,2018-01-17,Employees/Designated Employees,ESOP,Buy,Equity Shares,40000.0,0.0,0.0,0.0,0.0,98650.0,0.0,138650.0,0.01
YESBANK,2018-01-18 17:11:00,2018-01-16,2018-01-16,2018-01-16,Employees/Designated Employees,ESOP,Buy,Equity Shares,77500.0,0.0,0.0,0.0,0.0,1525500.0,0.07,1603000.0,0.07
YESBANK,2018-01-18 17:11:00,2018-01-17,2018-01-17,2018-01-17,Employees/Designated Employees,ESOP,Buy,Equity Shares,60000.0,0.0,0.0,0.0,0.0,263500.0,0.01,323500.0,0.01
YESBANK,2018-01-18 19:00:00,,,,Immediate relative,-,-,,,3500.0,0.0,1184662.5,0.0,,0.0,,
YESBANK,2018-01-18 19:00:00,,,,Immediate relative,-,-,,,3500.0,0.0,1181600.0,0.0,,0.0,,
YESBANK,2018-01-18 19:00:00,,,,Immediate relative,-,-,,,0.0,3500.0,0.0,1194900.0,,0.0,,
YESBANK,2018-01-18 19:00:00,,,,Employees/Designated Employees,-,-,,,3500.0,0.0,1172063.0,0.0,,0.0,,
YESBANK,2018-01-18 20:23:00,2018-01-18,2018-01-17,2018-01-17,Employees/Designated Employees,ESOP,Buy,Equity Shares,75000.0,0.0,0.0,0.0,0.0,1000.0,0.0,76000.0,0.0
YESBANK,2018-01-18 20:23:00,2018-01-17,2018-01-04,2018-01-17,Employees/Designated Employees,Market Sale,Sell,Equity Shares,3000.0,0.0,0.0,0.0,0.0,8000.0,0.0,5000.0,0.0
YESBANK,2018-01-18 20:23:00,2018-01-18,2018-01-17,2018-01-17,Employees/Designated Employees,ESOP,Buy,Equity Shares,392500.0,0.0,0.0,0.0,0.0,107500.0,0.0,500000.0,0.02
YESBANK,2018-01-18 20:23:00,2018-01-18,2018-01-17,2018-01-17,Employees/Designated Employees,ESOP,Buy,Equity Shares,36000.0,0.0,0.0,0.0,0.0,99400.0,0.0,135400.0,0.01
YESBANK,2018-01-18 20:23:00,2018-01-17,2018-01-17,2018-01-17,Employees/Designated Employees,ESOP,Buy,Equity Shares,17500.0,0.0,0.0,0.0,0.0,450.0,0.0,17950.0,0.0
YESBANK,2018-01-18 20:23:00,2018-01-18,2018-01-16,2018-01-16,Employees/Designated Employees,ESOP,Buy,Equity Shares,300000.0,0.0,0.0,0.0,0.0,4386000.0,0.19,4686000.0,0.2
YESBANK,2018-01-18 20:23:00,2018-01-17,2018-01-17,2018-01-17,Employees/Designated Employees,ESOP,Buy,Equity Shares,20000.0,0.0,0.0,0.0,0.0,30000.0,0.0,50000.0,0.0
YESBANK,2018-01-18 20:23:00,2018-01-18,2018-01-17,2018-01-17,Employees/Designated Employees,ESOP,Buy,Equity Shares,20000.0,0.0,0.0,0.0,0.0,148000.0,0.01,168000.0,0.01
YESBANK,2018-01-18 20:23:00,2018-01-18,2018-01-16,2018-01-16,Employees/Designated Employees,ESOP,Buy,Equity Shares,15000.0,0.0,0.0,0.0,0.0,52500.0,0.0,67500.0,0.0
YESBANK,2018-01-19 18:06:00,2018-01-19,2018-01-17,2018-01-17,Employees/Designated Employees,ESOP,Buy,Equity Shares,15000.0,0.0,0.0,0.0,0.0,37500.0,0.0,52500.0,0.0
YESBANK,2018-01-19 18:06:00,2018-01-18,2018-01-16,2018-01-16,Employees/Designated Employees,ESOP,Buy,Equity Shares,30000.0,0.0,0.0,0.0,0.0,37500.0,0.0,67500.0,0.0
YESBANK,2018-01-19 18:06:00,2018-01-18,2018-01-17,2018-01-17,Employees/Designated Employees,ESOP,Buy,Equity Shares,392500.0,0.0,0.0,0.0,0.0,107500.0,0.0,500000.0,0.02
YESBANK,2018-01-19 18:06:00,2018-01-19,2018-01-17,2018-01-17,Employees/Designated Employees,ESOP,Buy,Equity Shares,30000.0,0.0,0.0,0.0,0.0,160000.0,0.01,190000.0,0.01
YESBANK,2018-01-19 18:06:00,2018-01-17,2018-01-16,2018-01-16,Employees/Designated Employees,ESOP,Buy,Equity Shares,11500.0,0.0,0.0,0.0,0.0,105000.0,0.0,116500.0,0.01
YESBANK,2018-01-19 18:06:00,2018-01-19,2018-01-17,2018-01-17,Employees/Designated Employees,ESOP,Buy,Equity Shares,50000.0,0.0,0.0,0.0,0.0,,0.0,50000.0,0.0
YESBANK,2018-01-19 18:06:00,2018-01-18,2017-12-20,2017-12-20,Employees/Designated Employees,Market Sale,Sell,Equity Shares,8000.0,0.0,0.0,0.0,0.0,45500.0,0.0,37500.0,0.0
YESBANK,2018-01-19 18:06:00,2018-01-17,2018-01-17,2018-01-17,Employees/Designated Employees,ESOP,Buy,Equity Shares,20000.0,0.0,0.0,0.0,0.0,65000.0,0.0,85000.0,0.0
YESBANK,2018-01-19 19:48:00,2018-01-19,2018-01-16,2018-01-16,Employees/Designated Employees,ESOP,Buy,Equity Shares,30000.0,0.0,0.0,0.0,0.0,469750.0,0.02,499750.0,0.02
YESBANK,2018-01-19 19:48:00,2018-01-18,2018-01-12,2018-01-12,Employees/Designated Employees,Pledge Creation,Pledge,Equity Shares,20000.0,0.0,0.0,0.0,0.0,146000.0,0.01,146000.0,0.01
YESBANK,2018-01-19 19:48:00,2018-01-19,2017-12-25,2017-12-31,Employees/Designated Employees,Market Purchase,Buy,Equity Shares,707.0,0.0,0.0,0.0,0.0,17520.0,0.0,18227.0,0.0
YESBANK,2018-01-19 19:48:00,2018-01-19,2017-11-06,2017-12-08,Employees/Designated Employees,Market Sale,Sell,Equity Shares,3000.0,0.0,0.0,0.0,0.0,24520.0,0.0,21520.0,0.0
YESBANK,2018-01-19 19:48:00,2018-01-18,2018-01-17,2018-01-17,Employees/Designated Employees,ESOP,Buy,Equity Shares,47500.0,0.0,0.0,0.0,0.0,1500.0,0.0,49000.0,0.0
YESBANK,2018-01-19 19:48:00,2018-01-19,2018-01-17,2018-01-17,Employees/Designated Employees,ESOP,Buy,Equity Shares,40000.0,0.0,0.0,0.0,0.0,1055000.0,0.05,1095000.0,0.05
YESBANK,2018-01-19 19:48:00,2018-01-19,2018-01-17,2018-01-17,Employees/Designated Employees,ESOP,Buy,Equity Shares,30000.0,0.0,0.0,0.0,0.0,125740.0,0.01,155740.0,0.01
YESBANK,2018-01-19 19:48:00,2018-01-19,2018-01-16,2018-01-16,Employees/Designated Employees,ESOP,Buy,Equity Shares,20000.0,0.0,0.0,0.0,0.0,18227.0,0.0,38227.0,0.0
YESBANK,2018-01-19 19:48:00,2018-01-18,2018-01-17,2018-01-17,Employees/Designated Employees,ESOP,Buy,Equity Shares,31500.0,0.0,0.0,0.0,0.0,146000.0,0.01,177500.0,0.01
YESBANK,2018-01-19 19:48:00,2018-01-19,2017-12-26,2017-12-26,Employees/Designated Employees,Market Sale,Sell,Equity Shares,4000.0,0.0,0.0,0.0,0.0,21520.0,0.0,17520.0,0.0
YESBANK,2018-01-19 19:52:00,,,,Employees/Designated Employees,-,-,,,0.0,3500.0,0.0,1208112.5,,0.0,,
YESBANK,2018-01-19 19:52:00,,,,Employees/Designated Employees,-,-,,,1750.0,0.0,604100.0,0.0,,0.0,,
YESBANK,2018-01-19 19:52:00,,,,Employees/Designated Employees,-,-,,,1750.0,0.0,635862.5,0.0,,0.0,,
YESBANK,2018-01-19 19:52:00,,,,Employees/Designated Employees,-,-,,,0.0,3500.0,0.0,1225000.0,,0.0,,
YESBANK,2018-01-19 19:52:00,,,,Employees/Designated Employees,-,-,,,0.0,3500.0,0.0,1225000.0,,0.0,,
YESBANK,2018-01-19 19:52:00,,,,Employees/Designated Employees,-,-,,,3500.0,0.0,1199888.0,0.0,,0.0,,
YESBANK,2018-01-19 19:52:00,,,,Employees/Designated Employees,-,-,,,3500.0,0.0,1201200.0,0.0,,0.0,,
YESBANK,2018-01-19 20:36:00,2018-01-18,2018-01-15,2018-01-15,Employees/Designated Employees,Market Sale,Sell,Equity Shares,750.0,0.0,0.0,0.0,0.0,2750.0,0.0,2000.0,0.0
YESBANK,2018-01-19 20:36:00,2018-01-18,2018-01-16,2018-01-16,Employees/Designated Employees,ESOP,Buy,Equity Shares,3250.0,0.0,0.0,0.0,0.0,1000.0,0.0,4250.0,0.0
YESBANK,2018-01-19 20:36:00,2018-01-18,2018-01-16,2018-01-16,Employees/Designated Employees,Market Sale,Sell,Equity Shares,1000.0,0.0,0.0,0.0,0.0,2000.0,0.0,1000.0,0.0
YESBANK,2018-01-19 20:36:00,2018-01-19,2017-11-24,2017-11-24,Employees/Designated Employees,Pledge Creation,Pledge,Equity Shares,15000.0,0.0,0.0,0.0,0.0,80000.0,0.0,80000.0,0.0
YESBANK,2018-01-19 20:36:00,2018-01-19,2017-11-15,2017-11-15,Employees/Designated Employees,Pledge Creation,Pledge,Equity Shares,15000.0,0.0,0.0,0.0,0.0,65000.0,0.0,65000.0,0.0
YESBANK,2018-01-19 20:36:00,2018-01-19,2017-11-13,2017-11-13,Employees/Designated Employees,Pledge Creation,Pledge,Equity Shares,25000.0,0.0,0.0,0.0,0.0,25000.0,0.0,25000.0,0.0
YESBANK,2018-01-19 20:36:00,2018-01-18,2018-01-05,2018-01-05,Employees/Designated Employees,Market Sale,Sell,Equity Shares,1000.0,0.0,0.0,0.0,0.0,3750.0,0.0,2750.0,0.0
YESBANK,2018-01-19 20:36:00,2018-01-19,2017-11-15,2017-11-15,Employees/Designated Employees,Pledge Creation,Pledge,Equity Shares,269685.0,0.0,0.0,0.0,0.0,337470.0,0.01,337470.0,0.01
YESBANK,2018-01-19 20:36:00,2018-01-19,2017-12-06,2017-12-06,Employees/Designated Employees,Revokation of Pledge,Pledge Revoke,Equity Shares,134000.0,0.0,0.0,0.0,0.0,134000.0,0.01,134000.0,0.01
YESBANK,2018-01-22 17:05:00,2018-01-22,2018-01-22,2018-01-22,Employees/Designated Employees,Market Sale,Sell,Equity Shares,10000.0,0.0,0.0,0.0,0.0,152500.0,0.01,142500.0,0.01
YESBANK,2018-01-22 17:05:00,2018-01-22,2018-01-22,2018-01-22,Employees/Designated Employees,Market Sale,Sell,Equity Shares,9550.0,0.0,0.0,0.0,0.0,11800.0,0.0,2250.0,0.0
YESBANK,2018-01-22 17:05:00,2018-01-19,2018-01-17,2018-01-17,Employees/Designated Employees,ESOP,Buy,Equity Shares,250000.0,0.0,0.0,0.0,0.0,33750.0,0.0,283750.0,0.01
YESBANK,2018-01-22 17:05:00,2018-01-19,2017-11-13,2017-11-13,Employees/Designated Employees,Pledge Creation,Pledge,Equity Shares,37500.0,0.0,0.0,0.0,0.0,204100.0,0.01,204100.0,0.01
YESBANK,2018-01-22 17:05:00,2018-01-20,2018-01-18,2018-01-19,Employees/Designated Employees,Market Sale,Sell,Equity Shares,341000.0,0.0,0.0,0.0,0.0,481500.0,0.02,140500.0,0.01
YESBANK,2018-01-22 17:05:00,2018-01-22,2018-01-22,2018-01-22,Employees/Designated Employees,Market Sale,Sell,Equity Shares,10000.0,0.0,0.0,0.0,0.0,112500.0,0.0,102500.0,0.0
YESBANK,2018-01-22 17:05:00,2018-01-19,2018-01-17,2018-01-17,Employees/Designated Employees,ESOP,Buy,Equity Shares,64500.0,0.0,0.0,0.0,0.0,840250.0,0.04,904750.0,0.04
YESBANK,2018-01-22 19:33:00,2018-01-19,2018-01-18,2018-01-18,Employees/Designated Employees,Market Sale,Sell,Equity Shares,10000.0,0.0,0.0,0.0,0.0,120875.0,0.01,110875.0,0.0
YESBANK,2018-01-22 19:33:00,2018-01-22,2018-01-19,2018-01-19,Employees/Designated Employees,Pledge Creation,Pledge,Equity Shares,5000.0,0.0,0.0,0.0,0.0,58000.0,0.0,58000.0,0.0
YESBANK,2018-01-22 19:33:00,2018-01-22,2017-12-21,2017-12-21,Employees/Designated Employees,Pledge Creation,Pledge,Equity Shares,3672.0,0.0,0.0,0.0,0.0,505500.0,0.02,505500.0,0.02
YESBANK,2018-01-22 19:33:00,2018-01-22,2018-01-22,2018-01-22,Employees/Designated Employees,Market Sale,Sell,Equity Shares,5000.0,0.0,0.0,0.0,0.0,177500.0,0.01,172500.0,0.01
YESBANK,2018-01-22 19:33:00,2018-01-22,2017-09-14,2017-09-14,Employees/Designated Employees,Market Sale,Sell,Equity Shares,500.0,0.0,0.0,0.0,0.0,36000.0,0.01,35500.0,0.01
YESBANK,2018-01-23 17:13:00,2018-01-19,2017-11-13,2017-11-13,Employees/Designated Employees,Pledge Creation,Pledge,Equity Shares,37500.0,0.0,0.0,0.0,0.0,163000.0,0.01,163000.0,0.01
YESBANK,2018-01-23 17:13:00,2018-01-19,2017-11-20,2017-11-20,Employees/Designated Employees,Pledge Creation,Pledge,Equity Shares,10000.0,0.0,0.0,0.0,0.0,163000.0,0.01,163000.0,0.01
YESBANK,2018-01-23 17:13:00,2018-01-22,2018-01-22,2018-01-22,Employees/Designated Employees,Market Sale,Sell,Equity Shares,3000.0,0.0,0.0,0.0,0.0,3148500.0,0.14,3145500.0,0.14
YESBANK,2018-01-23 17:13:00,2018-01-22,2017-11-13,2017-11-13,Employees/Designated Employees,Pledge Creation,Pledge,Equity Shares,60000.0,0.0,0.0,0.0,0.0,65000.0,0.0,65000.0,0.0
YESBANK,2018-01-23 17:13:00,2018-01-19,2017-11-08,2017-11-08,Employees/Designated Employees,Pledge Creation,Pledge,Equity Shares,40000.0,0.0,0.0,0.0,0.0,110000.0,0.0,110000.0,0.0
YESBANK,2018-01-23 17:13:00,2018-01-19,2017-11-14,2017-11-14,Employees/Designated Employees,Pledge Creation,Pledge,Equity Shares,45000.0,0.0,0.0,0.0,0.0,110000.0,0.0,110000.0,0.0
YESBANK,2018-01-23 17:13:00,2018-01-19,2017-11-28,2017-11-28,Employees/Designated Employees,Pledge Creation,Pledge,Equity Shares,15000.0,0.0,0.0,0.0,0.0,146000.0,0.01,146000.0,0.01
YESBANK,2018-01-23 17:13:00,2018-01-19,2017-11-30,2017-11-30,Employees/Designated Employees,Pledge Creation,Pledge,Equity Shares,10000.0,0.0,0.0,0.0,0.0,146000.0,0.01,146000.0,0.01
YESBANK,2018-01-23 17:13:00,2018-01-22,2018-01-22,2018-01-22,Employees/Designated Employees,Market Sale,Sell,Equity Shares,10000.0,0.0,0.0,0.0,0.0,137500.0,0.01,127500.0,0.01
YESBANK,2018-01-23 17:13:00,2018-01-23,2018-01-22,2018-01-22,Employees/Designated Employees,Market Sale,Sell,Equity Shares,20000.0,0.0,0.0,0.0,0.0,1119290.0,0.05,1099290.0,0.05
YESBANK,2018-01-23 20:32:00,2018-01-23,2018-01-22,2018-01-23,Employees/Designated Employees,Market Sale,Sell,Equity Shares,4000.0,0.0,0.0,0.0,0.0,38227.0,0.0,34227.0,0.0
YESBANK,2018-01-24 18:17:00,2018-01-22,2017-12-13,2017-12-13,Employees/Designated Employees,ESOP,Buy,Equity Shares,4000.0,0.0,0.0,0.0,0.0,5000.0,0.0,9000.0,0.0
YESBANK,2018-01-24 18:17:00,2018-01-22,2017-11-14,2017-12-13,Employees/Designated Employees,Market Sale,Sell,Equity Shares,2250.0,0.0,0.0,0.0,0.0,7250.0,0.0,5000.0,0.0
YESBANK,2018-01-24 18:17:00,2018-01-22,2018-01-01,2018-01-16,Employees/Designated Employees,Market Sale,Sell,Equity Shares,800.0,0.0,0.0,0.0,0.0,8400.0,0.0,7600.0,0.0
YESBANK,2018-01-24 18:17:00,2018-01-22,2018-01-16,2018-01-19,Employees/Designated Employees,Market Sale,Sell,Equity Shares,600.0,0.0,0.0,0.0,0.0,7600.0,0.0,7000.0,0.0
YESBANK,2018-01-24 18:17:00,2018-01-22,2017-10-01,2017-10-27,Employees/Designated Employees,Market Sale,Sell,Equity Shares,1250.0,0.0,0.0,0.0,0.0,2500.0,0.0,1250.0,0.0
YESBANK,2018-01-24 18:17:00,2018-01-22,2017-10-27,2017-10-27,Employees/Designated Employees,ESOP,Buy,Equity Shares,5000.0,0.0,0.0,0.0,0.0,1250.0,0.0,6250.0,0.0
YESBANK,2018-01-24 18:17:00,2018-01-22,2017-11-14,2017-11-14,Employees/Designated Employees,ESOP,Buy,Equity Shares,1000.0,0.0,0.0,0.0,0.0,6250.0,0.0,7250.0,0.0
YESBANK,2018-01-24 18:17:00,2018-01-22,2017-12-13,2017-12-31,Employees/Designated Employees,Market Sale,Sell,Equity Shares,600.0,0.0,0.0,0.0,0.0,9000.0,0.0,8400.0,0.0
YESBANK,2018-01-24 18:36:00,2018-01-24,2018-01-24,2018-01-24,Employees/Designated Employees,Market Sale,Sell,Equity Shares,13500.0,0.0,0.0,0.0,0.0,323500.0,0.01,310000.0,0.01
YESBANK,2018-01-24 18:36:00,2018-01-24,2018-01-24,2018-01-24,Employees/Designated Employees,Market Sale,Sell,Equity Shares,20000.0,0.0,0.0,0.0,0.0,102500.0,0.0,82500.0,0.0
YESBANK,2018-01-24 18:36:00,2018-01-24,2018-01-23,2018-01-23,Employees/Designated Employees,Market Sale,Sell,Equity Shares,11500.0,0.0,0.0,0.0,0.0,1315475.0,0.06,1303975.0,0.06
YESBANK,2018-01-24 18:36:00,2018-01-24,2018-01-24,2018-01-24,Employees/Designated Employees,Revokation of Pledge,Pledge Revoke,Equity Shares,3672.0,0.0,0.0,0.0,0.0,505500.0,0.02,505500.0,0.02
YESBANK,2018-01-24 18:36:00,2018-01-24,2018-01-23,2018-01-23,Employees/Designated Employees,Market Sale,Sell,Equity Shares,20000.0,0.0,0.0,0.0,0.0,1099290.0,0.05,1079290.0,0.05
YESBANK,2018-01-24 18:36:00,2018-01-23,2018-01-23,2018-01-23,Employees/Designated Employees,Market Sale,Sell,Equity Shares,22750.0,0.0,0.0,0.0,0.0,177500.0,0.01,154750.0,0.01
YESBANK,2018-01-24 18:36:00,2018-01-24,2018-01-24,2018-01-24,Employees/Designated Employees,Market Sale,Sell,Equity Shares,2500.0,0.0,0.0,0.0,0.0,172500.0,0.01,170000.0,0.01
YESBANK,2018-01-24 18:36:00,2018-01-24,2018-01-24,2018-01-24,Employees/Designated Employees,Market Sale,Sell,Equity Shares,6000.0,0.0,0.0,0.0,0.0,57250.0,0.0,51250.0,0.0
YESBANK,2018-01-24 19:14:00,2018-01-24,2018-01-18,2018-01-18,Employees/Designated Employees,Market Sale,Sell,Equity Shares,1100.0,0.0,0.0,0.0,0.0,30350.0,0.0,29250.0,0.0
YESBANK,2018-01-24 19:14:00,2018-01-24,2018-01-11,2018-01-11,Employees/Designated Employees,Market Sale,Sell,Equity Shares,50.0,0.0,0.0,0.0,0.0,30400.0,0.0,30350.0,0.0
YESBANK,2018-01-24 19:14:00,2018-01-24,2018-01-09,2018-01-09,Employees/Designated Employees,Market Sale,Sell,Equity Shares,200.0,0.0,0.0,0.0,0.0,30600.0,0.0,30400.0,0.0
YESBANK,2018-01-24 19:14:00,2018-01-24,2018-01-09,2018-01-09,Employees/Designated Employees,Market Sale,Sell,Equity Shares,50.0,0.0,0.0,0.0,0.0,30650.0,0.0,30600.0,0.0
YESBANK,2018-01-24 19:14:00,2018-01-24,2018-01-05,2018-01-05,Employees/Designated Employees,Market Sale,Sell,Equity Shares,850.0,0.0,0.0,0.0,0.0,31500.0,0.0,30650.0,0.0
YESBANK,2018-01-24 19:14:00,2018-01-24,2018-01-23,2018-01-23,Employees/Designated Employees,Market Sale,Sell,Equity Shares,100.0,0.0,0.0,0.0,0.0,29150.0,0.0,29050.0,0.0
YESBANK,2018-01-24 19:14:00,2018-01-24,2018-01-24,2018-01-24,Employees/Designated Employees,Market Sale,Sell,Equity Shares,1950.0,0.0,0.0,0.0,0.0,29050.0,0.0,27100.0,0.0
YESBANK,2018-01-24 19:14:00,2018-01-24,2018-01-24,2018-01-24,Employees/Designated Employees,Market Sale,Sell,Equity Shares,1005.0,0.0,0.0,0.0,0.0,340405.0,0.01,339400.0,0.01
YESBANK,2018-01-24 19:14:00,2018-01-24,2018-01-19,2018-01-19,Employees/Designated Employees,Market Sale,Sell,Equity Shares,101.0,0.0,0.0,0.0,0.0,29351.0,0.0,29250.0,0.0
YESBANK,2018-01-24 19:14:00,2018-01-24,2018-01-19,2018-01-19,Employees/Designated Employees,Market Purchase,Buy,Equity Shares,101.0,0.0,0.0,0.0,0.0,29250.0,0.0,29351.0,0.0
YESBANK,2018-01-24 19:14:00,2018-01-24,2018-01-22,2018-01-22,Employees/Designated Employees,Market Sale,Sell,Equity Shares,100.0,0.0,0.0,0.0,0.0,29250.0,0.0,29150.0,0.0
YESBANK,2018-01-24 19:14:00,2018-01-24,2018-01-24,2018-01-24,Employees/Designated Employees,Market Sale,Sell,Equity Shares,5995.0,0.0,0.0,0.0,0.0,346400.0,0.02,340405.0,0.01
YESBANK,2018-01-25 17:50:00,2018-01-25,2018-01-24,2018-01-24,Past Employee,Revokation of Pledge,Pledge Revoke,Equity Shares,135000.0,0.0,0.0,0.0,0.0,140500.0,0.01,140500.0,0.01
YESBANK,2018-01-25 18:05:00,,,,Employees/Designated Employees,-,-,,,0.0,3500.0,0.0,1236725.0,,0.0,,
YESBANK,2018-01-25 18:05:00,,,,Employees/Designated Employees,-,-,,,0.0,3500.0,0.0,1258337.5,,0.0,,
YESBANK,2018-01-25 18:05:00,,,,Employees/Designated Employees,-,-,,,0.0,3500.0,0.0,1234887.5,,0.0,,
YESBANK,2018-01-25 18:05:00,,,,Immediate relative,-,-,,,0.0,3500.0,0.0,1230075.0,,0.0,,
YESBANK,2018-01-25 18:10:00,2018-01-25,2018-01-24,2018-01-24,Employees/Designated Employees,Market Sale,Sell,Equity Shares,200.0,0.0,0.0,0.0,0.0,6500.0,0.0,6300.0,0.0
YESBANK,2018-01-25 18:10:00,2018-01-25,2018-01-23,2018-01-23,Employees/Designated Employees,Market Sale,Sell,Equity Shares,100.0,0.0,0.0,0.0,0.0,6900.0,0.0,6800.0,0.0
YESBANK,2018-01-25 18:10:00,2018-01-25,2018-01-17,2018-01-17,Employees/Designated Employees,ESOP,Buy,Equity Shares,6000.0,0.0,0.0,0.0,0.0,6000.0,0.0,12000.0,0.0
YESBANK,2018-01-25 18:10:00,2018-01-25,2018-01-25,2018-01-25,Employees/Designated Employees,Market Sale,Sell,Equity Shares,100.0,0.0,0.0,0.0,0.0,11600.0,0.0,11500.0,0.0
YESBANK,2018-01-25 18:10:00,2018-01-25,2018-01-25,2018-01-25,Employees/Designated Employees,Market Sale,Sell,Equity Shares,200.0,0.0,0.0,0.0,0.0,11800.0,0.0,11600.0,0.0
YESBANK,2018-01-25 18:10:00,2018-01-25,2018-01-25,2018-01-25,Employees/Designated Employees,Market Sale,Sell,Equity Shares,200.0,0.0,0.0,0.0,0.0,12000.0,0.0,11800.0,0.0
YESBANK,2018-01-25 18:10:00,2018-01-25,2018-01-22,2018-01-22,Employees/Designated Employees,Market Sale,Sell,Equity Shares,100.0,0.0,0.0,0.0,0.0,7000.0,0.0,6900.0,0.0
YESBANK,2018-01-25 18:10:00,2018-01-25,2018-01-23,2018-01-23,Employees/Designated Employees,Market Sale,Sell,Equity Shares,200.0,0.0,0.0,0.0,0.0,6800.0,0.0,6600.0,0.0
YESBANK,2018-01-25 18:10:00,2018-01-25,2018-01-24,2018-01-24,Employees/Designated Employees,Market Sale,Sell,Equity Shares,300.0,0.0,0.0,0.0,0.0,6300.0,0.0,6000.0,0.0
YESBANK,2018-01-25 18:10:00,2018-01-25,2018-01-23,2018-01-23,Employees/Designated Employees,Market Sale,Sell,Equity Shares,100.0,0.0,0.0,0.0,0.0,6600.0,0.0,6500.0,0.0
YESBANK,2018-01-25 18:20:00,2018-01-25,2018-01-24,2018-01-24,Employees/Designated Employees,Market Sale,Sell,Equity Shares,2500.0,0.0,0.0,0.0,0.0,3145000.0,0.14,3142500.0,0.14
YESBANK,2018-01-25 18:20:00,2018-01-25,2018-01-24,2018-01-24,Employees/Designated Employees,Market Sale,Sell,Equity Shares,22180.0,0.0,0.0,0.0,0.0,45000.0,0.0,22820.0,0.0
YESBANK,2018-01-25 18:20:00,2018-01-24,2018-01-22,2018-01-22,Employees/Designated Employees,Market Sale,Sell,Equity Shares,505.0,0.0,0.0,0.0,0.0,350405.0,0.02,349900.0,0.02
YESBANK,2018-01-25 18:20:00,2018-01-24,2018-01-23,2018-01-23,Employees/Designated Employees,Market Sale,Sell,Equity Shares,3500.0,0.0,0.0,0.0,0.0,349900.0,0.02,346400.0,0.02
YESBANK,2018-01-25 18:20:00,2018-01-23,2017-11-28,2017-11-28,Employees/Designated Employees,Market Sale,Sell,Equity Shares,1000.0,0.0,0.0,0.0,0.0,84000.0,0.0,83000.0,0.0
YESBANK,2018-01-25 18:20:00,2018-01-23,2017-11-29,2017-11-29,Employees/Designated Employees,Market Sale,Sell,Equity Shares,2000.0,0.0,0.0,0.0,0.0,83000.0,0.0,81000.0,0.0
YESBANK,2018-01-25 18:20:00,2018-01-25,2018-01-24,2018-01-24,Employees/Designated Employees,Market Sale,Sell,Equity Shares,10000.0,0.0,0.0,0.0,0.0,1079290.0,0.05,1069290.0,0.05
YESBANK,2018-01-25 18:20:00,2018-01-25,2018-01-24,2018-01-24,Employees/Designated Employees,Market Sale,Sell,Equity Shares,25000.0,0.0,0.0,0.0,0.0,61250.0,0.0,36250.0,0.0
YESBANK,2018-01-25 18:20:00,2018-01-23,2017-11-26,2017-11-26,Employees/Designated Employees,Market Sale,Sell,Equity Shares,1000.0,0.0,0.0,0.0,0.0,85000.0,0.0,84000.0,0.0
YESBANK,2018-01-25 18:20:00,2018-01-25,2018-01-23,2018-01-23,Employees/Designated Employees,Market Sale,Sell,Equity Shares,500.0,0.0,0.0,0.0,0.0,3145500.0,0.14,3145000.0,0.14
YESBANK,2018-01-25 18:44:00,2018-01-24,2018-01-24,2018-01-24,Employees/Designated Employees,Market Sale,Sell,Equity Shares,2500.0,0.0,0.0,0.0,0.0,23500.0,0.0,21000.0,0.0
YESBANK,2018-01-25 18:44:00,2018-01-23,2018-01-16,2018-01-16,Employees/Designated Employees,ESOP,Buy,Equity Shares,10000.0,0.0,0.0,0.0,0.0,56500.0,0.0,66500.0,0.0
YESBANK,2018-01-25 18:44:00,2018-01-24,2018-01-22,2018-01-22,Employees/Designated Employees,Market Sale,Sell,Equity Shares,2000.0,0.0,0.0,0.0,0.0,30000.0,0.0,28000.0,0.0
YESBANK,2018-01-25 18:44:00,2018-01-24,2018-01-24,2018-01-24,Employees/Designated Employees,Market Sale,Sell,Equity Shares,4000.0,0.0,0.0,0.0,0.0,276500.0,0.01,272500.0,0.01
YESBANK,2018-01-25 18:44:00,2018-01-24,2018-01-23,2018-01-23,Employees/Designated Employees,Market Sale,Sell,Equity Shares,4500.0,0.0,0.0,0.0,0.0,28000.0,0.0,23500.0,0.0
YESBANK,2018-01-25 18:44:00,2018-01-24,2017-12-01,2017-12-01,Employees/Designated Employees,Market Sale,Sell,Equity Shares,1000.0,0.0,0.0,0.0,0.0,276500.0,0.01,275500.0,0.01
YESBANK,2018-01-25 18:44:00,2018-01-23,2018-01-23,2018-01-23,Employees/Designated Employees,Market Sale,Sell,Equity Shares,38500.0,0.0,0.0,0.0,0.0,66500.0,0.0,28000.0,0.0
YESBANK,2018-01-25 18:44:00,2018-01-24,2018-01-16,2018-01-16,Employees/Designated Employees,ESOP,Buy,Equity Shares,3000.0,0.0,0.0,0.0,0.0,275500.0,0.01,278500.0,0.01
YESBANK,2018-01-25 18:44:00,2018-01-24,2018-01-23,2018-01-23,Employees/Designated Employees,Market Sale,Sell,Equity Shares,2000.0,0.0,0.0,0.0,0.0,278500.0,0.01,276500.0,0.01
YESBANK,2018-01-25 18:44:00,2018-01-25,2018-01-24,2018-01-24,Employees/Designated Employees,Market Sale,Sell,Equity Shares,20000.0,0.0,0.0,0.0,0.0,1303975.0,0.06,1283975.0,0.06
YESBANK,2018-01-29 16:23:00,,,,Immediate relative,-,-,,,0.0,1750.0,0.0,634287.5,,0.0,,
YESBANK,2018-01-29 16:43:00,2018-01-25,2018-01-25,2018-01-25,Employees/Designated Employees,Market Sale,Sell,Equity Shares,2000.0,0.0,0.0,0.0,0.0,11500.0,0.0,9500.0,0.0
YESBANK,2018-01-29 16:43:00,2018-01-25,2018-01-25,2018-01-25,Employees/Designated Employees,Market Sale,Sell,Equity Shares,2500.0,0.0,0.0,0.0,0.0,170000.0,0.01,167500.0,0.01
YESBANK,2018-01-29 16:43:00,2018-01-25,2017-11-07,2017-11-07,Employees/Designated Employees,Market Purchase,Buy,Equity Shares,2000.0,0.0,0.0,0.0,0.0,,0.0,2000.0,0.0
YESBANK,2018-01-29 16:43:00,2018-01-25,2017-11-08,2017-11-08,Employees/Designated Employees,Market Purchase,Buy,Equity Shares,1000.0,0.0,0.0,0.0,0.0,2000.0,0.0,3000.0,0.0
YESBANK,2018-01-29 16:43:00,2018-01-25,2017-11-17,2017-11-17,Employees/Designated Employees,Market Sale,Sell,Equity Shares,1000.0,0.0,0.0,0.0,0.0,3000.0,0.0,2000.0,0.0
YESBANK,2018-01-29 16:43:00,2018-01-25,2017-11-27,2017-11-27,Employees/Designated Employees,Market Sale,Sell,Equity Shares,2000.0,0.0,0.0,0.0,0.0,2000.0,0.0,,0.0
YESBANK,2018-01-29 16:43:00,2018-01-25,2017-12-01,2017-12-01,Employees/Designated Employees,Market Purchase,Buy,Equity Shares,1500.0,0.0,0.0,0.0,0.0,,0.0,1500.0,0.0
YESBANK,2018-01-29 16:43:00,2018-01-25,2017-12-15,2017-12-15,Employees/Designated Employees,Market Sale,Sell,Equity Shares,1500.0,0.0,0.0,0.0,0.0,1500.0,0.0,,0.0
YESBANK,2018-01-29 16:43:00,2018-01-29,2018-01-24,2018-01-24,Employees/Designated Employees,Market Sale,Sell,Equity Shares,2500.0,0.0,0.0,0.0,0.0,1922500.0,0.08,1920000.0,0.08
YESBANK,2018-01-29 16:43:00,2018-01-25,2018-01-23,2018-01-23,Employees/Designated Employees,Revokation of Pledge,Pledge Revoke,Equity Shares,6750.0,0.0,0.0,0.0,0.0,177500.0,0.01,177500.0,0.01
YESBANK,2018-01-29 16:43:00,2018-01-25,2018-01-21,2018-01-21,Employees/Designated Employees,Market Purchase,Buy,Equity Shares,12000.0,0.0,0.0,0.0,0.0,,0.0,12000.0,0.0
YESBANK,2018-01-29 16:43:00,2018-01-25,2017-11-13,2017-11-13,Employees/Designated Employees,Pledge Creation,Pledge,Equity Shares,5000.0,0.0,0.0,0.0,0.0,152500.0,0.01,152500.0,0.01
YESBANK,2018-01-29 16:43:00,2018-01-25,2017-11-24,2017-11-24,Employees/Designated Employees,Pledge Creation,Pledge,Equity Shares,5000.0,0.0,0.0,0.0,0.0,158500.0,0.01,158500.0,0.01
YESBANK,2018-01-30 19:45:00,2018-01-30,2018-01-29,2018-01-29,Employees/Designated Employees,Market Sale,Sell,Equity Shares,500.0,0.0,0.0,0.0,0.0,3142500.0,0.14,3142000.0,0.14
YESBANK,2018-01-30 19:45:00,2018-01-30,2018-01-30,2018-01-30,Employees/Designated Employees,Market Sale,Sell,Equity Shares,500.0,0.0,0.0,0.0,0.0,3142000.0,0.14,3141500.0,0.14
YESBANK,2018-01-30 19:45:00,2018-01-30,2018-01-29,2018-01-29,Employees/Designated Employees,Pledge Creation,Pledge,Equity Shares,40000.0,0.0,0.0,0.0,0.0,118650.0,0.01,118650.0,0.01
YESBANK,2018-01-30 19:45:00,2018-01-29,2018-01-25,2018-01-25,Employees/Designated Employees,Market Sale,Sell,Equity Shares,4000.0,0.0,0.0,0.0,0.0,10000.0,0.0,6000.0,0.0
YESBANK,2018-01-30 19:45:00,2018-01-30,2018-01-29,2018-01-29,Employees/Designated Employees,Pledge Creation,Pledge,Equity Shares,60000.0,0.0,0.0,0.0,0.0,310000.0,0.01,310000.0,0.01
YESBANK,2018-01-30 19:45:00,2018-01-30,2018-01-30,2018-01-30,Employees/Designated Employees,Market Sale,Sell,Equity Shares,2000.0,0.0,0.0,0.0,0.0,9000.0,0.0,7000.0,0.0
YESBANK,2018-01-30 19:45:00,2018-01-30,2018-01-30,2018-01-30,Employees/Designated Employees,Market Sale,Sell,Equity Shares,27500.0,0.0,0.0,0.0,0.0,27500.0,0.0,,0.0
YESBANK,2018-01-30 19:45:00,2018-01-30,2018-01-30,2018-01-30,Employees/Designated Employees,Market Sale,Sell,Equity Shares,500.0,0.0,0.0,0.0,0.0,9500.0,0.0,9000.0,0.0
YESBANK,2018-01-30 19:45:00,2018-01-30,2018-01-29,2018-01-29,Employees/Designated Employees,Pledge Creation,Pledge,Equity Shares,77500.0,0.0,0.0,0.0,0.0,1603000.0,0.07,1603000.0,0.07
YESBANK,2018-01-30 19:45:00,2018-01-29,2018-01-29,2018-01-29,Employees/Designated Employees,Market Sale,Sell,Equity Shares,20000.0,0.0,0.0,0.0,0.0,138650.0,0.01,118650.0,0.01
YESBANK,2018-01-30 19:45:00,2018-01-29,2018-01-29,2018-01-29,Employees/Designated Employees,Revokation of Pledge,Pledge Revoke,Equity Shares,44000.0,0.0,0.0,0.0,0.0,154750.0,0.01,154750.0,0.01
YESBANK,2018-01-30 19:45:00,2018-01-30,2018-01-30,2018-01-30,Employees/Designated Employees,Market Sale,Sell,Equity Shares,38750.0,0.0,0.0,0.0,0.0,154750.0,0.01,116000.0,0.01
YESBANK,2018-01-30 19:45:00,2018-01-29,2018-01-29,2018-01-29,Employees/Designated Employees,Pledge Creation,Pledge,Equity Shares,75000.0,0.0,0.0,0.0,0.0,76000.0,0.0,76000.0,0.0
YESBANK,2018-01-31 19:41:00,2018-01-31,2018-01-30,2018-01-30,Employees/Designated Employees,Pledge Creation,Pledge,Equity Shares,30000.0,0.0,0.0,0.0,0.0,178750.0,0.01,178750.0,0.01
YESBANK,2018-01-31 19:41:00,2018-01-31,2018-01-31,2018-01-31,Employees/Designated Employees,Market Sale,Sell,Equity Shares,7000.0,0.0,0.0,0.0,0.0,7000.0,0.0,,0.0
YESBANK,2018-01-31 19:41:00,2018-01-31,2018-01-31,2018-01-31,Employees/Designated Employees,Market Sale,Sell,Equity Shares,2000.0,0.0,0.0,0.0,0.0,3141500.0,0.14,3139500.0,0.14
YESBANK,2018-02-01 18:47:00,2018-01-31,2018-01-31,2018-01-31,Employees/Designated Employees,Market Sale,Sell,Equity Shares,2925.0,0.0,0.0,0.0,0.0,138675.0,0.01,135750.0,0.01
YESBANK,2018-02-01 18:47:00,2018-02-01,2018-02-01,2018-02-01,Employees/Designated Employees,Market Sale,Sell,Equity Shares,50000.0,0.0,0.0,0.0,0.0,84000.0,0.0,34000.0,0.0
YESBANK,2018-02-01 18:47:00,2018-01-31,2018-01-30,2018-01-30,Employees/Designated Employees,Market Sale,Sell,Equity Shares,17500.0,0.0,0.0,0.0,0.0,17950.0,0.0,450.0,0.0
YESBANK,2018-02-01 18:47:00,2018-01-31,2018-01-29,2018-01-29,Employees/Designated Employees,Pledge Creation,Pledge,Equity Shares,30000.0,0.0,0.0,0.0,0.0,193000.0,0.01,193000.0,0.01
YESBANK,2018-02-01 18:47:00,2018-01-31,2018-01-31,2018-01-31,Employees/Designated Employees,Market Sale,Sell,Equity Shares,50000.0,0.0,0.0,0.0,0.0,134000.0,0.01,84000.0,0.0
YESBANK,2018-02-01 18:47:00,2018-02-01,2018-01-24,2018-01-24,Employees/Designated Employees,Market Sale,Sell,Equity Shares,5000.0,0.0,0.0,0.0,0.0,94685.0,0.0,89685.0,0.0
YESBANK,2018-02-01 18:47:00,2018-01-31,2018-01-25,2018-01-25,Employees/Designated Employees,Market Sale,Sell,Equity Shares,75.0,0.0,0.0,0.0,0.0,138750.0,0.01,138675.0,0.01
YESBANK,2018-02-01 18:47:00,2018-02-01,2018-02-01,2018-02-01,Employees/Designated Employees,Market Sale,Sell,Equity Shares,1000.0,0.0,0.0,0.0,0.0,21000.0,0.0,20000.0,0.0
YESBANK,2018-02-01 18:47:00,2018-02-01,2018-01-23,2018-01-23,Employees/Designated Employees,Market Sale,Sell,Equity Shares,1500.0,0.0,0.0,0.0,0.0,96185.0,0.0,94685.0,0.0
YESBANK,2018-02-01 18:47:00,2018-02-01,2018-01-31,2018-01-31,Employees/Designated Employees,Market Sale,Sell,Equity Shares,10000.0,0.0,0.0,0.0,0.0,142500.0,0.01,132500.0,0.01
YESBANK,2018-02-01 19:35:00,2018-02-01,2018-02-01,2018-02-01,Employees/Designated Employees,Market Sale,Sell,Equity Shares,3000.0,0.0,0.0,0.0,0.0,272500.0,0.01,269500.0,0.01
YESBANK,2018-02-01 19:35:00,2018-02-01,2018-02-01,2018-02-01,Employees/Designated Employees,Market Sale,Sell,Equity Shares,500.0,0.0,0.0,0.0,0.0,2500.0,0.0,2000.0,0.0
YESBANK,2018-02-01 19:35:00,2018-02-01,2018-01-19,2018-01-19,Employees/Designated Employees,Market Sale,Sell,Equity Shares,1000.0,0.0,0.0,0.0,0.0,4500.0,0.0,3500.0,0.0
YESBANK,2018-02-01 19:35:00,2018-02-01,2018-01-18,2018-01-18,Employees/Designated Employees,Market Sale,Sell,Equity Shares,500.0,0.0,0.0,0.0,0.0,5000.0,0.0,4500.0,0.0
YESBANK,2018-02-01 19:35:00,2018-02-01,2018-01-22,2018-01-22,Employees/Designated Employees,Market Sale,Sell,Equity Shares,1000.0,0.0,0.0,0.0,0.0,3500.0,0.0,2500.0,0.0
YESBANK,2018-02-01 19:35:00,2018-02-01,2018-02-01,2018-02-01,Employees/Designated Employees,Market Sale,Sell,Equity Shares,500.0,0.0,0.0,0.0,0.0,27100.0,0.0,26600.0,0.0
YESBANK,2018-02-02 17:10:00,2018-01-31,2017-11-13,2017-11-13,Employees/Designated Employees,Pledge Creation,Pledge,Equity Shares,22500.0,0.0,0.0,0.0,0.0,38750.0,0.0,38750.0,0.0
YESBANK,2018-02-02 17:10:00,2018-02-02,2018-01-31,2018-01-31,Employees/Designated Employees,Pledge Creation,Pledge,Equity Shares,20000.0,0.0,0.0,0.0,0.0,50000.0,0.0,50000.0,0.0
YESBANK,2018-02-02 17:10:00,2018-02-02,2018-02-01,2018-02-01,Employees/Designated Employees,Market Sale,Sell,Equity Shares,10000.0,0.0,0.0,0.0,0.0,1920000.0,0.08,1910000.0,0.08
YESBANK,2018-02-02 17:10:00,2018-02-01,2018-01-24,2018-01-24,Employees/Designated Employees,Market Sale,Sell,Equity Shares,25000.0,0.0,0.0,0.0,0.0,66000.0,0.0,41000.0,0.0
YESBANK,2018-02-02 17:10:00,2018-02-02,2018-02-01,2018-02-01,Employees/Designated Employees,Market Sale,Sell,Equity Shares,1000.0,0.0,0.0,0.0,0.0,62000.0,0.0,61000.0,0.0
YESBANK,2018-02-02 17:10:00,2018-02-02,2018-01-31,2018-01-31,Employees/Designated Employees,Market Sale,Sell,Equity Shares,500.0,0.0,0.0,0.0,0.0,62500.0,0.0,62000.0,0.0
YESBANK,2018-02-02 17:10:00,2018-02-02,2018-01-24,2018-01-24,Employees/Designated Employees,Market Sale,Sell,Equity Shares,1000.0,0.0,0.0,0.0,0.0,64500.0,0.0,63500.0,0.0
YESBANK,2018-02-02 17:10:00,2018-02-02,2018-01-29,2018-01-29,Employees/Designated Employees,Market Sale,Sell,Equity Shares,1000.0,0.0,0.0,0.0,0.0,63500.0,0.0,62500.0,0.0
YESBANK,2018-02-02 17:11:00,2018-02-02,2018-02-01,2018-02-01,Employees/Designated Employees,Market Sale,Sell,Equity Shares,2000.0,0.0,0.0,0.0,0.0,135750.0,0.01,133750.0,0.01
YESBANK,2018-02-02 17:11:00,2018-01-31,2018-01-29,2018-01-29,Employees/Designated Employees,Market Sale,Sell,Equity Shares,47500.0,0.0,0.0,0.0,0.0,47500.0,0.0,,0.0
YESBANK,2018-02-02 17:11:00,2018-01-31,2018-01-25,2018-01-25,Employees/Designated Employees,Market Sale,Sell,Equity Shares,35000.0,0.0,0.0,0.0,0.0,82500.0,0.0,47500.0,0.0
YESBANK,2018-02-02 17:11:00,2018-02-02,2018-02-01,2018-02-01,Employees/Designated Employees,Market Sale,Sell,Equity Shares,5000.0,0.0,0.0,0.0,0.0,3139500.0,0.14,3134500.0,0.14
YESBANK,2018-02-02 17:11:00,2018-02-02,2018-02-01,2018-02-01,Employees/Designated Employees,Market Sale,Sell,Equity Shares,135000.0,0.0,0.0,0.0,0.0,5046085.0,0.22,4911085.0,0.21
YESBANK,2018-02-02 17:11:00,2018-02-02,2018-01-31,2018-01-31,Employees/Designated Employees,Market Sale,Sell,Equity Shares,15000.0,0.0,0.0,0.0,0.0,5061085.0,0.22,5046085.0,0.22
YESBANK,2018-02-02 17:11:00,2018-02-01,2018-01-30,2018-01-30,Employees/Designated Employees,Market Sale,Sell,Equity Shares,150000.0,0.0,0.0,0.0,0.0,5211085.0,0.23,5061085.0,0.22
YESBANK,2018-02-02 17:11:00,2018-02-02,2018-02-02,2018-02-02,Employees/Designated Employees,Market Sale,Sell,Equity Shares,2000.0,0.0,0.0,0.0,0.0,133750.0,0.01,131750.0,0.01
YESBANK,2018-02-05 19:15:00,2018-02-02,2018-02-01,2018-02-01,Employees/Designated Employees,Market Sale,Sell,Equity Shares,20000.0,0.0,0.0,0.0,0.0,1283975.0,0.06,1263975.0,0.05
YESBANK,2018-02-05 19:15:00,2018-02-02,2018-02-01,2018-02-01,Employees/Designated Employees,Market Sale,Sell,Equity Shares,15000.0,0.0,0.0,0.0,0.0,225500.0,0.01,210500.0,0.01
YESBANK,2018-02-05 19:15:00,2018-02-05,2018-02-01,2018-02-01,Employees/Designated Employees,Market Sale,Sell,Equity Shares,5000.0,0.0,0.0,0.0,0.0,167500.0,0.01,162500.0,0.01
YESBANK,2018-02-05 19:15:00,2018-02-05,2018-02-01,2018-02-01,Employees/Designated Employees,Market Sale,Sell,Equity Shares,10000.0,0.0,0.0,0.0,0.0,20300.0,0.0,10300.0,0.0
YESBANK,2018-02-05 19:15:00,2018-02-02,2018-02-01,2018-02-01,Employees/Designated Employees,Market Sale,Sell,Equity Shares,1500.0,0.0,0.0,0.0,0.0,4250.0,0.0,2750.0,0.0
YESBANK,2018-02-05 19:15:00,2018-02-02,2018-01-29,2018-01-29,Employees/Designated Employees,Market Sale,Sell,Equity Shares,10000.0,0.0,0.0,0.0,0.0,210500.0,0.01,200500.0,0.01
YESBANK,2018-02-06 19:01:00,2018-02-06,2018-01-31,2018-01-31,Employees/Designated Employees,Market Sale,Sell,Equity Shares,1000.0,0.0,0.0,0.0,0.0,77000.0,0.0,76000.0,0.0
YESBANK,2018-02-06 19:01:00,2018-02-06,2018-01-24,2018-01-24,Employees/Designated Employees,Market Sale,Sell,Equity Shares,4000.0,0.0,0.0,0.0,0.0,81000.0,0.0,77000.0,0.0
YESBANK,2018-02-06 19:01:00,2018-02-05,2018-02-01,2018-02-01,Employees/Designated Employees,Market Sale,Sell,Equity Shares,30000.0,0.0,0.0,0.0,0.0,618500.0,0.03,588500.0,0.03
YESBANK,2018-02-06 19:01:00,2018-01-23,2017-12-28,2017-12-28,Employees/Designated Employees,Market Sale,Sell,Equity Shares,1000.0,0.0,0.0,0.0,0.0,84000.0,0.0,83000.0,0.0
YESBANK,2018-02-06 19:01:00,2018-01-23,2017-12-26,2017-12-26,Employees/Designated Employees,Market Sale,Sell,Equity Shares,1000.0,0.0,0.0,0.0,0.0,85000.0,0.0,84000.0,0.0
YESBANK,2018-02-06 19:01:00,2018-02-06,2018-02-05,2018-02-05,Employees/Designated Employees,Revokation of Pledge,Pledge Revoke,Equity Shares,40000.0,0.0,0.0,0.0,0.0,118650.0,0.01,118650.0,0.01
YESBANK,2018-02-06 19:01:00,2018-02-06,2018-02-01,2018-02-01,Employees/Designated Employees,Market Sale,Sell,Equity Shares,1000.0,0.0,0.0,0.0,0.0,76000.0,0.0,75000.0,0.0
YESBANK,2018-02-06 19:01:00,2018-01-23,2017-12-29,2017-12-29,Employees/Designated Employees,Market Sale,Sell,Equity Shares,2000.0,0.0,0.0,0.0,0.0,83000.0,0.0,81000.0,0.0
YESBANK,2018-02-06 19:03:00,2018-02-02,2018-02-01,2018-02-01,Ex-Employee,Market Sale,Sell,Equity Shares,1000.0,0.0,0.0,0.0,0.0,4685000.0,0.2,4684000.0,0.2
YESBANK,2018-02-06 19:04:00,,,,Employees/Designated Employees,-,-,,,3500.0,0.0,1225000.0,0.0,,0.0,,
YESBANK,2018-02-06 19:04:00,,,,Employees/Designated Employees,-,-,,,3500.0,0.0,1223075.0,0.0,,0.0,,
YESBANK,2018-02-06 19:04:00,,,,Employees/Designated Employees,-,-,,,1750.0,0.0,622300.0,0.0,,0.0,,
YESBANK,2018-02-06 19:04:00,,,,Employees/Designated Employees,-,-,,,0.0,3500.0,0.0,1282225.0,,0.0,,
YESBANK,2018-02-06 19:04:00,,,,Employees/Designated Employees,-,-,,,3500.0,0.0,1268225.0,0.0,,0.0,,
YESBANK,2018-02-06 19:04:00,,,,Employees/Designated Employees,-,-,,,0.0,3500.0,0.0,1205837.5,,0.0,,
YESBANK,2018-02-06 19:04:00,,,,Employees/Designated Employees,-,-,,,3500.0,0.0,1176612.5,0.0,,0.0,,
YESBANK,2018-02-06 19:04:00,,,,Employees/Designated Employees,-,-,,,1750.0,0.0,590012.5,0.0,,0.0,,
YESBANK,2018-02-06 19:04:00,,,,Employees/Designated Employees,-,-,,,3500.0,0.0,1179500.0,0.0,,0.0,,
YESBANK,2018-02-06 19:04:00,,,,Employees/Designated Employees,-,-,,,3500.0,0.0,1229550.0,0.0,,0.0,,
YESBANK,2018-02-07 19:50:00,2018-02-07,2018-02-07,2018-02-07,Employees/Designated Employees,Market Sale,Sell,Equity Shares,9000.0,0.0,0.0,0.0,0.0,51250.0,0.0,42250.0,0.0
YESBANK,2018-02-07 19:50:00,2018-02-05,2018-02-02,2018-02-02,Employees/Designated Employees,Market Sale,Sell,Equity Shares,3500.0,0.0,0.0,0.0,0.0,45000.0,0.0,41500.0,0.0
YESBANK,2018-02-08 18:44:00,2018-02-06,2018-02-02,2018-02-02,Employees/Designated Employees,Market Sale,Sell,Equity Shares,6000.0,0.0,0.0,0.0,0.0,6000.0,0.0,,0.0
YESBANK,2018-02-08 18:44:00,2018-02-07,2017-11-13,2017-11-13,Employees/Designated Employees,Pledge Creation,Pledge,Equity Shares,12500.0,0.0,0.0,0.0,0.0,15000.0,0.0,15000.0,0.0
YESBANK,2018-02-09 19:59:00,2018-02-08,2018-02-06,2018-02-06,Employees/Designated Employees,Market Sale,Sell,Equity Shares,4000.0,0.0,0.0,0.0,0.0,4000.0,0.0,,0.0
YESBANK,2018-02-09 19:59:00,2018-02-08,2018-01-17,2018-01-17,Employees/Designated Employees,ESOP,Buy,Equity Shares,4000.0,0.0,0.0,0.0,0.0,10000.0,0.0,14000.0,0.0
YESBANK,2018-02-09 19:59:00,2018-02-09,2018-02-09,2018-02-09,Employees/Designated Employees,Market Purchase,Buy,Equity Shares,3500.0,0.0,0.0,0.0,0.0,41500.0,0.0,45000.0,0.0
YESBANK,2018-02-09 19:59:00,2018-02-07,2018-01-29,2018-01-29,Employees/Designated Employees,Market Sale,Sell,Equity Shares,5000.0,0.0,0.0,0.0,0.0,20000.0,0.0,15000.0,0.0
YESBANK,2018-02-14 19:47:00,2018-02-12,2017-08-02,2017-08-02,Employees/Designated Employees,Market Sale,Sell,Equity Shares,2000.0,0.0,0.0,0.0,0.0,10000.0,0.0,8000.0,0.0
YESBANK,2018-02-14 19:52:00,,,,Employees/Designated Employees,-,-,,,0.0,1750.0,0.0,585025.0,,0.0,,
YESBANK,2018-02-14 19:52:00,,,,Employees/Designated Employees,-,-,,,1750.0,0.0,573388.0,0.0,,0.0,,
YESBANK,2018-02-14 19:52:00,,,,Immediate relative,-,-,,,0.0,1750.0,0.0,586250.0,,0.0,,
YESBANK,2018-02-14 19:52:00,,,,Immediate relative,-,-,,,0.0,1750.0,0.0,585025.0,,0.0,,
YESBANK,2018-02-15 19:52:00,2018-02-15,2018-01-17,2018-01-17,Employees/Designated Employees,ESOP,Buy,Equity Shares,5000.0,0.0,0.0,0.0,0.0,45.0,0.0,5045.0,0.0
YESBANK,2018-02-15 19:52:00,2018-02-15,2018-01-30,2018-01-31,Employees/Designated Employees,Market Sale,Sell,Equity Shares,5000.0,0.0,0.0,0.0,0.0,5045.0,0.0,45.0,0.0
YESBANK,2018-02-15 19:52:00,2018-02-13,2017-12-13,2017-12-22,Employees/Designated Employees,Market Purchase,Buy,Equity Shares,7000.0,0.0,0.0,0.0,0.0,,0.0,7000.0,0.0
YESBANK,2018-02-15 19:52:00,2018-02-14,2018-01-17,2018-01-17,Employees/Designated Employees,ESOP,Buy,Equity Shares,5000.0,0.0,0.0,0.0,0.0,15500.0,0.0,20500.0,0.0
YESBANK,2018-02-15 19:52:00,2018-02-14,2018-01-24,2018-01-24,Employees/Designated Employees,Market Sale,Sell,Equity Shares,8000.0,0.0,0.0,0.0,0.0,20500.0,0.0,12500.0,0.0
YESBANK,2018-02-15 19:52:00,2018-02-14,2018-01-02,2018-01-08,Employees/Designated Employees,Market Sale,Sell,Equity Shares,5056.0,0.0,0.0,0.0,0.0,8200.0,0.0,3144.0,0.0
YESBANK,2018-02-15 19:52:00,2018-02-14,2018-02-14,2018-02-14,Employees/Designated Employees,Market Sale,Sell,Equity Shares,6000.0,0.0,0.0,0.0,0.0,42250.0,0.0,36250.0,0.0
YESBANK,2018-02-15 19:52:00,2018-02-13,2018-01-12,2018-01-12,Employees/Designated Employees,Market Sale,Sell,Equity Shares,7000.0,0.0,0.0,0.0,0.0,7000.0,0.0,,0.0
YESBANK,2018-02-15 19:55:00,,,,Employees/Designated Employees,-,-,,,3500.0,0.0,1150000.0,0.0,,0.0,,
YESBANK,2018-02-16 13:01:00,,,,Employees/Designated Employees,-,-,,,5250.0,0.0,1745625.0,0.0,,0.0,,
YESBANK,2018-02-16 13:01:00,,,,Employees/Designated Employees,-,-,,,1750.0,0.0,563500.0,0.0,,0.0,,
YESBANK,2018-02-16 13:08:00,2018-02-16,2018-02-15,2018-02-15,EX-Employee,Market Sale,Sell,Equity Shares,4000.0,0.0,0.0,0.0,0.0,4684000.0,0.2,4680000.0,0.2
YESBANK,2018-02-16 13:17:00,2018-02-16,2018-02-16,2018-02-16,Employees/Designated Employees,ESOP,Buy,Equity Shares,80000.0,0.0,0.0,0.0,0.0,1910000.0,0.08,1990000.0,0.09
YESBANK,2018-02-16 13:17:00,2018-02-15,2018-02-15,2018-02-15,Employees/Designated Employees,ESOP,Buy,Equity Shares,20000.0,0.0,0.0,0.0,0.0,19250.0,0.0,39250.0,0.0
YESBANK,2018-02-16 13:17:00,2018-02-15,2018-02-15,2018-02-15,Employees/Designated Employees,ESOP,Buy,Equity Shares,100000.0,0.0,0.0,0.0,0.0,225575.0,0.01,325575.0,0.01
YESBANK,2018-02-16 16:40:00,2018-02-16,2018-02-16,2018-02-16,Employees/Designated Employees,ESOP,Buy,Equity Shares,400000.0,0.0,0.0,0.0,0.0,4911085.0,0.21,5311085.0,0.23
YESBANK,2018-02-16 16:40:00,2018-02-16,2018-02-15,2018-02-15,Employees/Designated Employees,Pledge Creation,Pledge,Equity Shares,10000.0,0.0,0.0,0.0,0.0,85000.0,0.0,85000.0,0.0
YESBANK,2018-02-16 16:40:00,2018-02-16,2018-02-16,2018-02-16,Employees/Designated Employees,ESOP,Buy,Equity Shares,50000.0,0.0,0.0,0.0,0.0,162500.0,0.01,212500.0,0.01
YESBANK,2018-02-16 16:40:00,2018-02-16,2018-02-16,2018-02-16,Employees/Designated Employees,ESOP,Buy,Equity Shares,12455.0,0.0,0.0,0.0,0.0,158500.0,0.01,170955.0,0.01
YESBANK,2018-02-16 16:40:00,2018-02-16,2018-02-15,2018-02-15,Employees/Designated Employees,ESOP,Buy,Equity Shares,50000.0,0.0,0.0,0.0,0.0,33200.0,0.0,83200.0,0.0
YESBANK,2018-02-16 16:41:00,,,,Employees/Designated Employees,-,-,,,1750.0,0.0,614250.0,0.0,,0.0,,
YESBANK,2018-02-16 16:41:00,,,,Employees/Designated Employees,-,-,,,0.0,1750.0,0.0,617750.0,,0.0,,
YESBANK,2018-02-16 17:26:00,2018-02-16,2017-11-15,2017-11-15,Employees/Designated Employees,Pledge Creation,Pledge,Equity Shares,66000.0,0.0,0.0,0.0,0.0,223480.0,0.01,223480.0,0.01
YESBANK,2018-02-16 17:26:00,2018-02-16,2018-02-15,2018-02-15,Employees/Designated Employees,ESOP,Buy,Equity Shares,46500.0,0.0,0.0,0.0,0.0,41000.0,0.0,87500.0,0.0
YESBANK,2018-02-16 17:26:00,2018-02-16,2018-02-16,2018-02-16,Employees/Designated Employees,ESOP,Buy,Equity Shares,15000.0,0.0,0.0,0.0,0.0,92935.0,0.0,107935.0,0.01
YESBANK,2018-02-16 17:26:00,2018-02-16,2018-02-15,2018-02-15,Employees/Designated Employees,ESOP,Buy,Equity Shares,22500.0,0.0,0.0,0.0,0.0,40050.0,0.0,62550.0,0.0
YESBANK,2018-02-16 17:26:00,2018-02-15,2018-02-15,2018-02-15,Employees/Designated Employees,ESOP,Buy,Equity Shares,4500.0,0.0,0.0,0.0,0.0,,0.0,4500.0,0.0
YESBANK,2018-02-16 17:26:00,2018-02-16,2018-02-15,2018-02-15,Employees/Designated Employees,ESOP,Buy,Equity Shares,32000.0,0.0,0.0,0.0,0.0,103500.0,0.0,135500.0,0.01
YESBANK,2018-02-19 12:20:00,2018-02-16,2018-02-16,2018-02-16,Employees/Designated Employees,ESOP,Buy,Equity Shares,10000.0,0.0,0.0,0.0,0.0,35000.0,0.0,45000.0,0.0
YESBANK,2018-02-19 12:20:00,2018-02-16,2018-02-16,2018-02-16,Employees/Designated Employees,Market Sale,Sell,Equity Shares,7000.0,0.0,0.0,0.0,0.0,45000.0,0.0,38000.0,0.0
YESBANK,2018-02-19 12:20:00,,,,Employees/Designated Employees,-,-,,,21000.0,0.0,6598830.0,0.0,,0.0,,
YESBANK,2018-02-19 12:24:00,2018-02-16,2018-02-16,2018-02-16,Employees/Designated Employees,ESOP,Buy,Equity Shares,60000.0,0.0,0.0,0.0,0.0,194500.0,0.01,254500.0,0.01
YESBANK,2018-02-19 12:24:00,2018-02-16,2018-02-15,2018-02-15,Employees/Designated Employees,ESOP,Buy,Equity Shares,60000.0,0.0,0.0,0.0,0.0,222380.0,0.01,282380.0,0.01
YESBANK,2018-02-19 12:24:00,2018-02-15,2018-02-13,2018-02-13,Employees/Designated Employees,Market Sale,Sell,Equity Shares,1000.0,0.0,0.0,0.0,0.0,132500.0,0.01,131500.0,0.01
YESBANK,2018-02-19 12:24:00,2018-02-16,2018-02-16,2018-02-16,Employees/Designated Employees,ESOP,Buy,Equity Shares,20000.0,0.0,0.0,0.0,0.0,269500.0,0.01,289500.0,0.01
YESBANK,2018-02-19 12:24:00,2018-02-16,2018-02-16,2018-02-16,Employees/Designated Employees,ESOP,Buy,Equity Shares,27250.0,0.0,0.0,0.0,0.0,99750.0,0.0,127000.0,0.01
YESBANK,2018-02-19 12:24:00,2018-02-16,2018-02-16,2018-02-16,Employees/Designated Employees,ESOP,Buy,Equity Shares,20000.0,0.0,0.0,0.0,0.0,62500.0,0.0,82500.0,0.0
YESBANK,2018-02-19 19:28:00,2018-02-19,2018-02-19,2018-02-19,Employees/Designated Employees,ESOP,Buy,Equity Shares,170000.0,0.0,0.0,0.0,0.0,300000.0,0.01,470000.0,0.02
YESBANK,2018-02-19 19:28:00,2018-02-19,2018-02-16,2018-02-16,Employees/Designated Employees,Pledge Creation,Pledge,Equity Shares,15000.0,0.0,0.0,0.0,0.0,85000.0,0.0,85000.0,0.0
YESBANK,2018-02-19 19:28:00,2018-02-19,2017-11-24,2017-11-24,Employees/Designated Employees,Pledge Creation,Pledge,Equity Shares,242500.0,0.0,0.0,0.0,0.0,417500.0,0.02,417500.0,0.02
YESBANK,2018-02-19 19:28:00,2018-02-19,2018-02-08,2018-02-08,Employees/Designated Employees,Revokation of Pledge,Pledge Revoke,Equity Shares,22500.0,0.0,0.0,0.0,0.0,36250.0,0.0,36250.0,0.0
YESBANK,2018-02-19 19:28:00,2018-02-19,2018-02-16,2018-02-16,Employees/Designated Employees,ESOP,Buy,Equity Shares,30000.0,0.0,0.0,0.0,0.0,70000.0,0.0,100000.0,0.0
YESBANK,2018-02-19 19:28:00,2018-02-19,2018-02-16,2018-02-16,Employees/Designated Employees,ESOP,Buy,Equity Shares,45000.0,0.0,0.0,0.0,0.0,131080.0,0.01,176080.0,0.01
YESBANK,2018-02-20 19:05:00,,,,Employees/Designated Employees,-,-,,,1750.0,0.0,565250.0,0.0,,0.0,,
YESBANK,2018-02-20 19:05:00,,,,Immediate relative,-,-,,,3500.0,0.0,1154125.0,0.0,,0.0,,
YESBANK,2018-02-20 19:05:00,,,,Immediate relative,-,-,,,3500.0,0.0,1098563.0,0.0,,0.0,,
YESBANK,2018-02-20 19:05:00,,,,Employees/Designated Employees,-,-,,,3500.0,0.0,1155000.0,0.0,,0.0,,
YESBANK,2018-02-20 19:05:00,,,,Immediate relative,-,-,,,3500.0,0.0,1097338.0,0.0,,0.0,,
YESBANK,2018-02-20 19:05:00,,,,Employees/Designated Employees,-,-,,,1750.0,0.0,564900.0,0.0,,0.0,,
YESBANK,2018-02-20 19:08:00,2018-02-19,2018-02-16,2018-02-16,Employees/Designated Employees,ESOP,Buy,Equity Shares,15000.0,0.0,0.0,0.0,0.0,22500.0,0.0,37500.0,0.0
YESBANK,2018-02-20 19:08:00,2018-02-20,2018-01-31,2018-01-31,Employees/Designated Employees,Market Sale,Sell,Equity Shares,15000.0,0.0,0.0,0.0,0.0,39110.0,0.0,24110.0,0.0
YESBANK,2018-02-20 19:08:00,2018-02-19,2018-02-02,2018-02-02,Employees/Designated Employees,Market Purchase,Buy,Equity Shares,200.0,0.0,0.0,0.0,0.0,2000.0,0.0,2200.0,0.0
YESBANK,2018-02-20 19:08:00,2018-02-19,2018-02-15,2018-02-15,Employees/Designated Employees,ESOP,Buy,Equity Shares,20000.0,0.0,0.0,0.0,0.0,15000.0,0.0,35000.0,0.0
YESBANK,2018-02-20 19:08:00,2018-02-20,2018-02-16,2018-02-16,Employees/Designated Employees,ESOP,Buy,Equity Shares,44125.0,0.0,0.0,0.0,0.0,24110.0,0.0,68235.0,0.0
YESBANK,2018-02-20 19:08:00,2018-02-20,2018-02-16,2018-02-16,Employees/Designated Employees,ESOP,Buy,Equity Shares,292000.0,0.0,0.0,0.0,0.0,,0.0,292000.0,0.01
YESBANK,2018-02-20 19:08:00,2018-02-20,2018-01-05,2018-01-18,Employees/Designated Employees,Revokation of Pledge,Pledge,Equity Shares,25000.0,0.0,0.0,0.0,0.0,25000.0,0.0,25000.0,0.0
YESBANK,2018-02-20 19:08:00,2018-02-19,2018-02-15,2018-02-15,Employees/Designated Employees,Market Purchase,Buy,Equity Shares,200.0,0.0,0.0,0.0,0.0,2200.0,0.0,2400.0,0.0
YESBANK,2018-02-21 19:18:00,,,,Employees/Designated Employees,-,-,,,1750.0,0.0,552125.0,0.0,,0.0,,
YESBANK,2018-02-21 19:21:00,2018-02-20,2018-01-29,2018-01-29,Employees/Designated Employees,Pledge Creation,Pledge,Equity Shares,47500.0,0.0,0.0,0.0,0.0,49000.0,0.0,49000.0,0.0
YESBANK,2018-02-21 19:21:00,2018-02-21,2018-02-20,2018-02-20,Employees/Designated Employees,Market Sale,Sell,Equity Shares,5000.0,0.0,0.0,0.0,0.0,135500.0,0.01,130500.0,0.01
YESBANK,2018-02-22 19:03:00,2018-02-21,2018-02-15,2018-02-15,Employees/Designated Employees,Pledge Creation,Pledge,Equity Shares,250000.0,0.0,0.0,0.0,0.0,283750.0,0.01,283750.0,0.01
YESBANK,2018-02-22 19:03:00,2018-02-21,2018-02-20,2018-02-20,Employees/Designated Employees,Pledge Creation,Pledge,Equity Shares,25000.0,0.0,0.0,0.0,0.0,1603000.0,0.07,1603000.0,0.07
YESBANK,2018-02-22 19:03:00,2018-02-19,2017-11-23,2017-11-23,Employees/Designated Employees,Pledge Creation,Pledge,Equity Shares,2800.0,0.0,0.0,0.0,0.0,194500.0,0.01,194500.0,0.01
YESBANK,2018-02-22 19:03:00,2018-02-22,2018-02-22,2018-02-22,Employees/Designated Employees,Pledge Creation,Pledge,Equity Shares,60000.0,0.0,0.0,0.0,0.0,254500.0,0.01,254500.0,0.01
YESBANK,2018-02-22 19:03:00,2018-02-20,2017-11-13,2017-11-13,Employees/Designated Employees,Pledge Creation,Pledge,Equity Shares,90000.0,0.0,0.0,0.0,0.0,270500.0,0.01,270500.0,0.01
YESBANK,2018-02-23 19:23:00,2018-02-22,2017-11-13,2017-11-13,Employees/Designated Employees,Pledge Creation,Pledge,Equity Shares,400000.0,0.0,0.0,0.0,0.0,500000.0,0.02,500000.0,0.02
YESBANK,2018-02-23 19:23:00,2018-02-22,2017-11-08,2017-11-08,Employees/Designated Employees,Market Sale,Sell,Equity Shares,10000.0,0.0,0.0,0.0,0.0,10050.0,0.0,50.0,0.0
YESBANK,2018-02-23 19:23:00,2018-02-22,2017-12-28,2017-12-28,Employees/Designated Employees,Revokation of Pledge,Pledge Revoke,Equity Shares,338777.0,0.0,0.0,0.0,0.0,500000.0,0.02,500000.0,0.02
YESBANK,2018-02-23 19:24:00,,,,Immediate relative,-,-,,,0.0,3500.0,0.0,1108975.0,,0.0,,
YESBANK,2018-02-23 19:24:00,,,,Immediate relative,-,-,,,0.0,3500.0,0.0,1101625.0,,0.0,,
YESBANK,2018-02-23 19:24:00,,,,Immediate relative,-,-,,,0.0,3500.0,0.0,1111600.0,,0.0,,
YESBANK,2018-02-23 19:24:00,,,,Immediate relative,-,-,,,0.0,3500.0,0.0,1108713.0,,0.0,,
YESBANK,2018-02-23 19:24:00,,,,Employees/Designated Employees,-,-,,,0.0,3500.0,0.0,1100663.0,,0.0,,
YESBANK,2018-02-23 19:24:00,,,,Employees/Designated Employees,-,-,,,0.0,3500.0,0.0,1102413.0,,0.0,,
YESBANK,2018-02-23 19:24:00,,,,Employees/Designated Employees,-,-,,,3500.0,0.0,1084300.0,0.0,,0.0,,
YESBANK,2018-02-23 19:24:00,,,,Employees/Designated Employees,-,-,,,3500.0,0.0,1102150.0,0.0,,0.0,,
YESBANK,2018-02-26 18:40:00,2018-02-23,2018-01-24,2018-01-24,Employees/Designated Employees,Pledge Creation,Pledge,Equity Shares,125000.0,0.0,0.0,0.0,0.0,125500.0,0.01,125500.0,0.01
YESBANK,2018-02-26 18:40:00,2018-02-23,2018-02-22,2018-02-23,Employees/Designated Employees,Market Sale,Sell,Equity Shares,20000.0,0.0,0.0,0.0,0.0,1263975.0,0.05,1243975.0,0.05
YESBANK,2018-02-26 18:40:00,2018-02-26,2018-02-26,2018-02-26,Employees/Designated Employees,Market Sale,Sell,Equity Shares,10000.0,0.0,0.0,0.0,0.0,62550.0,0.0,52550.0,0.0
YESBANK,2018-02-27 19:48:00,,,,Employees/Designated Employees,-,-,,,0.0,3500.0,0.0,1136625.0,,0.0,,
YESBANK,2018-02-27 19:50:00,2018-02-27,2018-02-26,2018-02-27,Employees/Designated Employees,Market Sale,Sell,Equity Shares,20000.0,0.0,0.0,0.0,0.0,1243975.0,0.05,1223975.0,0.05
YESBANK,2018-02-27 19:50:00,2018-02-26,2017-11-24,2017-11-24,Employees/Designated Employees,Pledge Creation,Pledge,Equity Shares,57625.0,0.0,0.0,0.0,0.0,81375.0,0.0,81375.0,0.0
YESBANK,2018-02-27 19:50:00,2018-02-26,2018-01-01,2018-01-24,Employees/Designated Employees,Market Sale,Sell,Equity Shares,8000.0,0.0,0.0,0.0,0.0,44395.0,0.0,36395.0,0.0
YESBANK,2018-02-27 19:50:00,2018-02-26,2017-11-28,2017-11-28,Employees/Designated Employees,Pledge Creation,Pledge,Equity Shares,12900.0,0.0,0.0,0.0,0.0,44395.0,0.0,44395.0,0.0
YESBANK,2018-02-27 19:50:00,2018-02-26,2017-11-15,2017-11-28,Employees/Designated Employees,Market Sale,Sell,Equity Shares,6500.0,0.0,0.0,0.0,0.0,50895.0,0.0,44395.0,0.0
YESBANK,2018-02-28 19:55:00,2018-02-28,2018-02-27,2018-02-27,Employees/Designated Employees,Market Sale,Sell,Equity Shares,7500.0,0.0,0.0,0.0,0.0,67500.0,0.0,60000.0,0.0
YESBANK,2018-02-28 19:55:00,2018-02-27,2017-12-01,2017-12-27,Employees/Designated Employees,Market Sale,Sell,Equity Shares,9000.0,0.0,0.0,0.0,0.0,65000.0,0.0,56000.0,0.0
YESBANK,2018-02-28 19:55:00,2018-02-27,2017-10-11,2017-12-20,Employees/Designated Employees,ESOP,Buy,Equity Shares,25000.0,0.0,0.0,0.0,0.0,40000.0,0.0,65000.0,0.0
YESBANK,2018-02-28 19:57:00,,,,Employees/Designated Employees,-,-,,,8750.0,0.0,2874200.0,0.0,,0.0,,
YESBANK,2018-02-28 19:57:00,,,,Employees/Designated Employees,-,-,,,0.0,8750.0,0.0,2912000.0,,0.0,,
YESBANK,2018-03-01 16:30:00,,,,Immediate relative,-,-,,,7000.0,0.0,2263800.0,0.0,,0.0,,
YESBANK,2018-03-01 16:30:00,,,,Immediate relative,-,-,,,7000.0,0.0,2263450.0,0.0,,0.0,,
YESBANK,2018-03-01 16:30:00,,,,Employees/Designated Employees,-,-,,,0.0,7000.0,0.0,2290838.0,,0.0,,
YESBANK,2018-03-01 16:30:00,,,,Employees/Designated Employees,-,-,,,0.0,1750.0,0.0,569363.0,,0.0,,
YESBANK,2018-03-01 16:30:00,,,,Employees/Designated Employees,-,-,,,0.0,7000.0,0.0,2291800.0,,0.0,,
YESBANK,2018-03-01 16:30:00,,,,Immediate relative,-,-,,,0.0,1750.0,0.0,569625.0,,0.0,,
YESBANK,2018-03-05 19:47:00,2018-03-01,2018-02-28,2018-03-01,Employees/Designated Employees,Market Sale,Sell,Equity Shares,20000.0,0.0,0.0,0.0,0.0,1223975.0,0.05,1203975.0,0.05
YESBANK,2018-03-05 19:47:00,2018-03-01,2018-01-24,2018-01-29,Employees/Designated Employees,Market Sale,Sell,Equity Shares,2000.0,0.0,0.0,0.0,0.0,34227.0,0.0,32227.0,0.0
YESBANK,2018-03-05 19:47:00,2018-03-01,2018-02-26,2018-02-28,Employees/Designated Employees,Market Sale,Sell,Equity Shares,8227.0,0.0,0.0,0.0,0.0,32227.0,0.0,24000.0,0.0
YESBANK,2018-03-07 18:57:00,2018-03-06,2018-01-31,2018-01-31,Employees/Designated Employees,Market Sale,Sell,Equity Shares,10000.0,0.0,0.0,0.0,0.0,430000.0,0.02,420000.0,0.02
YESBANK,2018-03-07 18:57:00,2018-03-06,2018-02-21,2018-02-21,Employees/Designated Employees,Pledge Creation,Pledge,Equity Shares,4000.0,0.0,0.0,0.0,0.0,66625.0,0.0,66625.0,0.0
YESBANK,2018-03-07 18:57:00,2018-03-07,2018-03-05,2018-03-05,Employees/Designated Employees,Revokation of Pledge,Pledge Revoke,Equity Shares,61223.0,0.0,0.0,0.0,0.0,161223.0,0.01,161223.0,0.01
YESBANK,2018-03-07 18:57:00,2018-03-06,2017-11-08,2017-11-08,Employees/Designated Employees,Pledge Creation,Pledge,Equity Shares,25000.0,0.0,0.0,0.0,0.0,174000.0,0.01,174000.0,0.01
YESBANK,2018-03-07 18:57:00,2018-03-06,2017-11-13,2017-11-13,Employees/Designated Employees,Pledge Creation,Pledge,Equity Shares,46000.0,0.0,0.0,0.0,0.0,174000.0,0.01,174000.0,0.01
YESBANK,2018-03-07 18:57:00,2018-03-05,2018-01-17,2018-01-17,Employees/Designated Employees,ESOP,Buy,Equity Shares,10000.0,0.0,0.0,0.0,0.0,64500.0,0.0,74500.0,0.0
YESBANK,2018-03-07 18:57:00,2018-03-06,2018-01-16,2018-01-16,Employees/Designated Employees,Pledge Creation,Pledge,Equity Shares,4500.0,0.0,0.0,0.0,0.0,66625.0,0.0,66625.0,0.0
YESBANK,2018-03-07 18:57:00,2018-03-06,2018-01-29,2018-03-01,Employees/Designated Employees,Market Sale,Sell,Equity Shares,3750.0,0.0,0.0,0.0,0.0,6075.0,0.0,2325.0,0.0
YESBANK,2018-03-07 18:57:00,2018-03-06,2017-11-23,2017-11-23,Employees/Designated Employees,Pledge Creation,Pledge,Equity Shares,10000.0,0.0,0.0,0.0,0.0,174000.0,0.01,174000.0,0.01
YESBANK,2018-03-07 18:57:00,2018-03-06,2017-12-05,2017-12-05,Employees/Designated Employees,Pledge Creation,Pledge,Equity Shares,5600.0,0.0,0.0,0.0,0.0,66625.0,0.0,66625.0,0.0
YESBANK,2018-03-09 19:08:00,,,,Employees/Designated Employees,-,-,,,29750.0,0.0,9401000.0,0.0,,0.0,,
YESBANK,2018-03-09 19:08:00,,,,Employees/Designated Employees,-,-,,,0.0,1750.0,0.0,525963.0,,0.0,,
YESBANK,2018-03-09 19:08:00,,,,Employees/Designated Employees,-,-,,,0.0,3500.0,0.0,1105125.0,,0.0,,
YESBANK,2018-03-09 19:08:00,,,,Immediate relative,-,-,,,0.0,3500.0,0.0,1044400.0,,0.0,,
YESBANK,2018-03-09 19:11:00,2018-03-09,2018-03-08,2018-03-08,Employees/Designated Employees,ESOP,Buy,Equity Shares,20000.0,0.0,0.0,0.0,0.0,85000.0,0.0,105000.0,0.0
YESBANK,2018-03-09 19:11:00,2018-03-09,2018-03-09,2018-03-09,Employees/Designated Employees,ESOP,Buy,Equity Shares,15000.0,0.0,0.0,0.0,0.0,1069290.0,0.05,1084290.0,0.05
YESBANK,2018-03-09 19:11:00,2018-03-08,2018-03-07,2018-03-07,Employees/Designated Employees,Market Sale,Sell,Equity Shares,7000.0,0.0,0.0,0.0,0.0,38000.0,0.0,31000.0,0.0
YESBANK,2018-03-09 19:11:00,2018-03-08,2018-03-08,2018-03-08,Employees/Designated Employees,ESOP,Buy,Equity Shares,10000.0,0.0,0.0,0.0,0.0,30000.0,0.0,40000.0,0.0
YESBANK,2018-03-09 19:11:00,2018-03-08,2018-03-07,2018-03-08,Employees/Designated Employees,Market Sale,Sell,Equity Shares,5000.0,0.0,0.0,0.0,0.0,5045.0,0.0,45.0,0.0
YESBANK,2018-03-09 19:11:00,2018-03-08,2018-02-27,2018-02-27,Employees/Designated Employees,Market Sale,Sell,Equity Shares,5000.0,0.0,0.0,0.0,0.0,35000.0,0.0,30000.0,0.0
YESBANK,2018-03-12 19:24:00,2018-03-12,2018-03-08,2018-03-08,Employees/Designated Employees,ESOP,Buy,Equity Shares,8000.0,0.0,0.0,0.0,0.0,286500.0,0.01,294500.0,0.01
YESBANK,2018-03-12 19:24:00,2018-03-12,2018-03-01,2018-03-01,Employees/Designated Employees,Market Sale,Sell,Equity Shares,109.0,0.0,0.0,0.0,0.0,289500.0,0.01,289391.0,0.01
YESBANK,2018-03-12 19:24:00,2018-03-12,2018-03-12,2018-03-12,Employees/Designated Employees,Market Sale,Sell,Equity Shares,500.0,0.0,0.0,0.0,0.0,4500.0,0.0,4000.0,0.0
YESBANK,2018-03-12 19:24:00,2018-03-12,2018-03-05,2018-03-05,Employees/Designated Employees,Market Sale,Sell,Equity Shares,2891.0,0.0,0.0,0.0,0.0,289391.0,0.01,286500.0,0.01
YESBANK,2018-03-12 19:24:00,2018-03-12,2018-03-08,2018-03-08,Employees/Designated Employees,ESOP,Buy,Equity Shares,30000.0,0.0,0.0,0.0,0.0,1095000.0,0.05,1125000.0,0.05
YESBANK,2018-03-12 19:24:00,2018-03-09,2018-01-24,2018-01-24,Employees/Designated Employees,Market Sale,Sell,Equity Shares,2700.0,0.0,0.0,0.0,0.0,228275.0,0.01,225575.0,0.01
YESBANK,2018-03-13 19:11:00,2018-03-13,2018-01-17,2018-01-17,Employees/Designated Employees,ESOP,Buy,Equity Shares,5000.0,0.0,0.0,0.0,0.0,185050.0,0.01,190050.0,0.01
YESBANK,2018-03-13 19:11:00,2018-03-09,2018-03-09,2018-03-09,Employees/Designated Employees,ESOP,Buy,Equity Shares,30000.0,0.0,0.0,0.0,0.0,505500.0,0.02,535500.0,0.02
YESBANK,2018-03-13 19:11:00,2018-03-13,2018-03-12,2018-03-12,Employees/Designated Employees,ESOP,Buy,Equity Shares,127000.0,0.0,0.0,0.0,0.0,190050.0,0.01,317050.0,0.01
YESBANK,2018-03-13 19:11:00,2018-03-13,2018-03-12,2018-03-12,Employees/Designated Employees,ESOP,Buy,Equity Shares,27500.0,0.0,0.0,0.0,0.0,176080.0,0.01,203580.0,0.01
YESBANK,2018-03-14 18:20:00,2018-03-14,2018-03-12,2018-03-12,Employees/Designated Employees,Market Sale,Sell,Equity Shares,55000.0,0.0,0.0,0.0,0.0,535500.0,0.02,480500.0,0.02
YESBANK,2018-03-14 18:20:00,2018-03-14,2018-03-14,2018-03-14,Employees/Designated Employees,Market Sale,Sell,Equity Shares,3300.0,0.0,0.0,0.0,0.0,5550.0,0.0,2250.0,0.0
YESBANK,2018-03-14 18:20:00,2018-03-14,2018-03-13,2018-03-13,Employees/Designated Employees,Market Sale,Sell,Equity Shares,2000.0,0.0,0.0,0.0,0.0,7550.0,0.0,5550.0,0.0
YESBANK,2018-03-14 18:20:00,2018-03-13,2018-03-12,2018-03-12,Employees/Designated Employees,Pledge Creation,Pledge,Equity Shares,12205.0,0.0,0.0,0.0,0.0,170955.0,0.01,170955.0,0.01
YESBANK,2018-03-14 18:20:00,2018-03-14,2018-03-14,2018-03-14,Employees/Designated Employees,Market Sale,Sell,Equity Shares,500.0,0.0,0.0,0.0,0.0,4000.0,0.0,3500.0,0.0
YESBANK,2018-03-14 18:20:00,2018-03-14,2018-03-14,2018-03-14,Employees/Designated Employees,Market Sale,Sell,Equity Shares,1000.0,0.0,0.0,0.0,0.0,4680000.0,0.2,4679000.0,0.2
YESBANK,2018-03-14 18:20:00,2018-03-13,2018-03-12,2018-03-12,Employees/Designated Employees,Market Sale,Sell,Equity Shares,40000.0,0.0,0.0,0.0,0.0,325575.0,0.01,285575.0,0.01
YESBANK,2018-03-14 18:20:00,2018-03-13,2018-03-12,2018-03-12,Employees/Designated Employees,ESOP,Buy,Equity Shares,7500.0,0.0,0.0,0.0,0.0,22845.0,0.0,30345.0,0.0
YESBANK,2018-03-14 18:20:00,2018-03-14,2018-03-14,2018-03-14,Employees/Designated Employees,Market Sale,Sell,Equity Shares,5000.0,0.0,0.0,0.0,0.0,52550.0,0.0,47550.0,0.0
YESBANK,2018-03-15 19:23:00,2018-03-15,2018-03-13,2018-03-14,Employees/Designated Employees,Market Sale,Sell,Equity Shares,50000.0,0.0,0.0,0.0,0.0,1203975.0,0.05,1153975.0,0.05
YESBANK,2018-03-15 19:23:00,2018-03-14,2018-03-13,2018-03-13,Employees/Designated Employees,Market Sale,Sell,Equity Shares,3500.0,0.0,0.0,0.0,0.0,12950.0,0.0,9450.0,0.0
YESBANK,2018-03-15 19:23:00,2018-03-14,2018-03-12,2018-03-12,Employees/Designated Employees,ESOP,Buy,Equity Shares,3500.0,0.0,0.0,0.0,0.0,9450.0,0.0,12950.0,0.0
YESBANK,2018-03-15 19:23:00,2018-03-15,2018-03-14,2018-03-14,Employees/Designated Employees,Market Sale,Sell,Equity Shares,10000.0,0.0,0.0,0.0,0.0,1990000.0,0.09,1980000.0,0.09
YESBANK,2018-03-15 19:23:00,2018-03-13,2018-03-12,2018-03-12,Employees/Designated Employees,Market Sale,Sell,Equity Shares,10000.0,0.0,0.0,0.0,0.0,57500.0,0.0,47500.0,0.0
YESBANK,2018-03-15 19:23:00,2018-03-15,2018-03-14,2018-03-14,Employees/Designated Employees,Market Sale,Sell,Equity Shares,10000.0,0.0,0.0,0.0,0.0,480500.0,0.02,470500.0,0.02
YESBANK,2018-03-15 19:23:00,2018-03-14,2018-03-13,2018-03-13,Employees/Designated Employees,Market Sale,Sell,Equity Shares,5000.0,0.0,0.0,0.0,0.0,903750.0,0.04,898750.0,0.04
YESBANK,2018-03-15 19:23:00,2018-03-14,2018-03-08,2018-03-08,Employees/Designated Employees,Market Sale,Sell,Equity Shares,1000.0,0.0,0.0,0.0,0.0,904750.0,0.04,903750.0,0.04
YESBANK,2018-03-15 19:23:00,2018-03-13,2018-03-12,2018-03-12,Employees/Designated Employees,Market Sale,Sell,Equity Shares,10000.0,0.0,0.0,0.0,0.0,67500.0,0.0,57500.0,0.0
YESBANK,2018-03-20 19:57:00,,,,Immediate relative,-,-,,,0.0,7000.0,0.0,2247962.5,,0.0,,
YESBANK,2018-03-20 19:57:00,,,,Immediate relative,-,-,,,3500.0,0.0,1074850.0,0.0,,0.0,,
YESBANK,2018-03-20 19:57:00,,,,Immediate relative,-,-,,,0.0,3500.0,0.0,1123325.0,,0.0,,
YESBANK,2018-03-20 19:57:00,,,,Immediate relative,-,-,,,3500.0,0.0,1102500.0,0.0,,0.0,,
YESBANK,2018-03-20 19:57:00,,,,Immediate relative,-,-,,,3500.0,0.0,1111250.0,0.0,,0.0,,
YESBANK,2018-03-20 20:00:00,2018-03-19,2018-03-16,2018-03-16,Employees/Designated Employees,Market Sale,Sell,Equity Shares,2500.0,0.0,0.0,0.0,0.0,40000.0,0.0,37500.0,0.0
YESBANK,2018-03-20 20:11:00,2018-03-19,2018-03-13,2018-03-13,Employees/Designated Employees,Market Sale,Sell,Equity Shares,10000.0,0.0,0.0,0.0,0.0,17750.0,0.0,7750.0,0.0
YESBANK,2018-03-20 20:11:00,2018-03-16,2018-03-14,2018-03-14,Employees/Designated Employees,Market Sale,Sell,Equity Shares,2000.0,0.0,0.0,0.0,0.0,64000.0,0.0,62000.0,0.0
YESBANK,2018-03-20 20:11:00,2018-03-16,2018-02-15,2018-02-15,Employees/Designated Employees,ESOP,Buy,Equity Shares,2500.0,0.0,0.0,0.0,0.0,62500.0,0.0,65000.0,0.0
YESBANK,2018-03-20 20:11:00,2018-03-16,2017-09-14,2017-09-14,Employees/Designated Employees,Market Sale,Sell,Equity Shares,500.0,0.0,0.0,0.0,0.0,7000.0,0.0,6500.0,0.0
YESBANK,2018-03-20 20:11:00,2018-03-16,2017-09-20,2017-09-20,Employees/Designated Employees,Market Sale,Sell,Equity Shares,500.0,0.0,0.0,0.0,0.0,6000.0,0.0,5500.0,0.0
YESBANK,2018-03-20 20:11:00,2018-03-16,2018-03-13,2018-03-13,Employees/Designated Employees,Market Sale,Sell,Equity Shares,1000.0,0.0,0.0,0.0,0.0,65000.0,0.0,64000.0,0.0
YESBANK,2018-03-20 20:11:00,2018-03-20,2018-01-29,2018-02-16,Employees/Designated Employees,Pledge Creation,Pledge,Equity Shares,43000.0,0.0,0.0,0.0,0.0,135400.0,0.01,135400.0,0.01
YESBANK,2018-03-20 20:11:00,2018-03-16,2017-12-13,2017-12-13,Employees/Designated Employees,ESOP,Buy,Equity Shares,12500.0,0.0,0.0,0.0,0.0,50000.0,0.0,62500.0,0.0
YESBANK,2018-03-20 20:11:00,2018-03-16,2018-03-14,2018-03-14,Employees/Designated Employees,Market Sale,Sell,Equity Shares,10000.0,0.0,0.0,0.0,0.0,245575.0,0.01,235575.0,0.01
YESBANK,2018-03-20 20:11:00,2018-03-16,2018-03-13,2018-03-13,Employees/Designated Employees,Market Sale,Sell,Equity Shares,40000.0,0.0,0.0,0.0,0.0,285575.0,0.01,245575.0,0.01
YESBANK,2018-03-20 20:11:00,2018-03-19,2018-03-16,2018-03-16,Employees/Designated Employees,Market Sale,Sell,Equity Shares,45000.0,0.0,0.0,0.0,0.0,1578000.0,0.07,1533000.0,0.07
YESBANK,2018-03-22 18:57:00,2018-03-19,2018-03-16,2018-03-16,EX-Employee,Market Sale,Sell,Equity Shares,1000.0,0.0,0.0,0.0,0.0,4679000.0,0.2,4678000.0,0.2
YESBANK,2018-03-22 18:57:00,2018-03-20,2018-03-19,2018-03-19,EX-Employee,Market Sale,Sell,Equity Shares,12040.0,0.0,0.0,0.0,0.0,4678000.0,0.2,4665960.0,0.2
YESBANK,2018-03-22 19:07:00,2018-03-21,2018-03-20,2018-03-20,Employees/Designated Employees,Market Sale,Sell,Equity Shares,10000.0,0.0,0.0,0.0,0.0,235575.0,0.01,225575.0,0.01
YESBANK,2018-03-22 19:07:00,2018-03-21,2018-03-16,2018-03-16,Employees/Designated Employees,Market Sale,Sell,Equity Shares,1000.0,0.0,0.0,0.0,0.0,62000.0,0.0,61000.0,0.0
YESBANK,2018-03-22 19:07:00,2018-03-21,2018-03-21,2018-03-21,Employees/Designated Employees,Market Sale,Sell,Equity Shares,1000.0,0.0,0.0,0.0,0.0,61000.0,0.0,60000.0,0.0
YESBANK,2018-03-22 19:07:00,2018-03-20,2018-03-16,2018-03-20,Employees/Designated Employees,Market Sale,Sell,Equity Shares,10000.0,0.0,0.0,0.0,0.0,470500.0,0.02,460500.0,0.02
YESBANK,2018-03-22 19:07:00,2018-03-20,2018-03-16,2018-03-16,Employees/Designated Employees,Market Sale,Sell,Equity Shares,5000.0,0.0,0.0,0.0,0.0,898750.0,0.04,893750.0,0.04
YESBANK,2018-03-22 19:07:00,2018-03-21,2018-03-19,2018-03-19,Employees/Designated Employees,Market Sale,Sell,Equity Shares,7000.0,0.0,0.0,0.0,0.0,135400.0,0.01,128400.0,0.01
YESBANK,2018-03-22 19:07:00,2018-03-21,2018-03-19,2018-03-19,Employees/Designated Employees,Market Sale,Sell,Equity Shares,15000.0,0.0,0.0,0.0,0.0,1153975.0,0.05,1138975.0,0.05
YESBANK,2018-03-22 19:07:00,2018-03-21,2018-03-15,2018-03-15,Employees/Designated Employees,Revokation of Pledge,Pledge,Equity Shares,39000.0,0.0,0.0,0.0,0.0,66625.0,0.0,66625.0,0.0
YESBANK,2018-03-22 19:07:00,2018-03-21,2018-03-19,2018-03-19,Employees/Designated Employees,Market Sale,Sell,Equity Shares,3000.0,0.0,0.0,0.0,0.0,36250.0,0.0,33250.0,0.0
YESBANK,2018-03-22 19:07:00,2018-03-22,2018-03-21,2018-03-21,Employees/Designated Employees,Market Sale,Sell,Equity Shares,7000.0,0.0,0.0,0.0,0.0,60000.0,0.0,53000.0,0.0
YESBANK,2018-03-22 19:07:00,2018-03-20,2018-03-16,2018-03-16,Employees/Designated Employees,Market Sale,Sell,Equity Shares,10000.0,0.0,0.0,0.0,0.0,893750.0,0.04,883750.0,0.04
YESBANK,2018-03-23 20:36:00,,,,Employees/Designated Employees,-,-,,,21000.0,0.0,6373500.0,0.0,,0.0,,
YESBANK,2018-03-26 20:31:00,,,,Employees/Designated Employees,-,-,,,0.0,21000.0,0.0,6385050.0,,0.0,,
YESBANK,2018-03-26 20:34:00,2018-03-23,2018-03-22,2018-03-22,Employees/Designated Employees,Pledge Creation,Pledge,Equity Shares,127000.0,0.0,0.0,0.0,0.0,317050.0,0.01,317050.0,0.01
YESBANK,2018-03-26 20:34:00,2018-03-23,2018-03-13,2018-03-13,Employees/Designated Employees,Pledge Creation,Pledge,Equity Shares,30500.0,0.0,0.0,0.0,0.0,130500.0,0.01,130500.0,0.01
YESBANK,2018-03-26 20:34:00,2018-03-23,2018-01-12,2018-01-12,Employees/Designated Employees,Pledge Creation,Pledge,Equity Shares,11200.0,0.0,0.0,0.0,0.0,31000.0,0.0,31000.0,0.0
YESBANK,2018-03-26 20:34:00,2018-03-23,2018-03-09,2018-03-09,Employees/Designated Employees,ESOP,Buy,Equity Shares,15000.0,0.0,0.0,0.0,0.0,2325.0,0.0,17325.0,0.0
YESBANK,2018-03-26 20:34:00,2018-03-23,2018-03-21,2018-03-21,Employees/Designated Employees,Market Sale,Sell,Equity Shares,625.0,0.0,0.0,0.0,0.0,17325.0,0.0,16700.0,0.0
YESBANK,2018-03-27 19:56:00,2018-03-23,2018-03-21,2018-03-21,Employees/Designated Employees,Pledge Creation,Pledge,Equity Shares,500.0,0.0,0.0,0.0,0.0,254500.0,0.01,254500.0,0.01
YESBANK,2018-03-27 19:56:00,2018-03-23,2018-03-21,2018-03-21,Employees/Designated Employees,Pledge Creation,Pledge,Equity Shares,5000.0,0.0,0.0,0.0,0.0,254500.0,0.01,254500.0,0.01
YESBANK,2018-03-27 19:56:00,2018-03-23,2018-03-21,2018-03-21,Employees/Designated Employees,Pledge Creation,Pledge,Equity Shares,10000.0,0.0,0.0,0.0,0.0,254500.0,0.01,254500.0,0.01
YESBANK,2018-03-28 19:43:00,,,,Immediate relative,-,-,,,1750.0,0.0,530250.0,0.0,,0.0,,
YESBANK,2018-03-28 19:43:00,,,,Immediate relative,-,-,,,0.0,3500.0,0.0,1002838.0,,0.0,,
YESBANK,2018-03-28 19:43:00,,,,Employees/Designated Employees,-,-,,,7000.0,0.0,2038050.0,0.0,,0.0,,
YESBANK,2018-03-28 19:43:00,,,,Employees/Designated Employees,-,-,,,0.0,3500.0,0.0,1071700.0,,0.0,,
YESBANK,2018-03-28 19:43:00,,,,Employees/Designated Employees,-,-,,,0.0,1750.0,0.0,541713.0,,0.0,,
YESBANK,2018-03-28 19:43:00,,,,Employees/Designated Employees,-,-,,,1750.0,0.0,533050.0,0.0,,0.0,,
YESBANK,2018-03-28 19:43:00,,,,Immediate relative,-,-,,,3500.0,0.0,1060413.0,0.0,,0.0,,
YESBANK,2018-03-28 19:43:00,,,,Employees/Designated Employees,-,-,,,0.0,1750.0,0.0,534500.0,,0.0,,
YESBANK,2018-03-28 19:55:00,2018-03-26,2018-03-14,2018-03-14,Employees/Designated Employees,Market Sale,Sell,Equity Shares,1000.0,0.0,0.0,0.0,0.0,99000.0,0.0,98000.0,0.0
YESBANK,2018-03-28 19:55:00,2018-03-26,2018-03-22,2018-03-22,Employees/Designated Employees,Market Sale,Sell,Equity Shares,2000.0,0.0,0.0,0.0,0.0,98000.0,0.0,96000.0,0.0
YESBANK,2018-03-28 19:55:00,2018-03-27,2018-01-31,2018-01-31,Employees/Designated Employees,Market Sale,Sell,Equity Shares,27500.0,0.0,0.0,0.0,0.0,200000.0,0.01,172500.0,0.01
YESBANK,2018-03-28 19:55:00,2018-03-26,2018-02-23,2018-02-23,Employees/Designated Employees,Market Sale,Sell,Equity Shares,1000.0,0.0,0.0,0.0,0.0,100000.0,0.0,99000.0,0.0
YESBANK,2018-03-28 19:55:00,2018-03-26,2018-03-26,2018-03-26,Employees/Designated Employees,Market Sale,Sell,Equity Shares,500.0,0.0,0.0,0.0,0.0,3500.0,0.0,3000.0,0.0
YESBANK,2018-03-28 19:55:00,2018-03-26,2018-03-23,2018-03-23,Employees/Designated Employees,Pledge Creation,Pledge,Equity Shares,15000.0,0.0,0.0,0.0,0.0,193000.0,0.01,193000.0,0.01
YESBANK,2018-03-28 19:55:00,2018-03-27,2018-03-22,2018-03-22,Employees/Designated Employees,Market Sale,Sell,Equity Shares,5000.0,0.0,0.0,0.0,0.0,37500.0,0.0,32500.0,0.0
YESBANK,2018-03-30 21:54:00,2018-03-28,2018-03-27,2018-03-27,Employees/Designated Employees,Market Sale,Sell,Equity Shares,13500.0,0.0,0.0,0.0,0.0,15000.0,0.0,1500.0,0.0
YESBANK,2018-03-30 21:54:00,2018-03-28,2018-01-05,2018-01-19,Employees/Designated Employees,Market Sale,Sell,Equity Shares,1625.0,0.0,0.0,0.0,0.0,1625.0,0.0,,0.0
YESBANK,2018-03-30 21:54:00,2018-03-28,2017-12-29,2018-01-05,Employees/Designated Employees,Market Purchase,Buy,Equity Shares,1625.0,0.0,0.0,0.0,0.0,,0.0,1625.0,0.0
YESBANK,2018-03-30 21:54:00,2018-03-28,2018-03-14,2018-03-14,Employees/Designated Employees,Market Sale,Sell,Equity Shares,25000.0,0.0,0.0,0.0,0.0,1603000.0,0.07,1578000.0,0.07
YESBANK,2018-03-30 21:54:00,2018-03-28,2018-02-06,2018-02-22,Employees/Designated Employees,Market Purchase,Buy,Equity Shares,6000.0,0.0,0.0,0.0,0.0,,0.0,6000.0,0.0
YESBANK,2018-03-30 21:54:00,2018-03-28,2018-03-08,2018-03-23,Employees/Designated Employees,Market Sale,Buy,Equity Shares,200.0,0.0,0.0,0.0,0.0,,0.0,200.0,0.0
YESBANK,2018-03-30 21:54:00,2018-03-28,2018-03-08,2018-03-23,Employees/Designated Employees,Market Sale,Sell,Equity Shares,200.0,0.0,0.0,0.0,0.0,200.0,0.0,,0.0
YESBANK,2018-03-30 21:54:00,2018-03-28,2018-03-26,2018-03-26,Employees/Designated Employees,Market Sale,Sell,Equity Shares,3000.0,0.0,0.0,0.0,0.0,5048.0,0.0,2048.0,0.0
YESBANK,2018-03-30 21:54:00,2018-03-28,2018-02-22,2018-02-22,Employees/Designated Employees,Market Sale,Sell,Equity Shares,1000.0,0.0,0.0,0.0,0.0,6000.0,0.0,5000.0,0.0
YESBANK,2018-04-02 20:25:00,2018-03-28,2018-02-06,2018-02-06,Employees/Designated Employees,Market Purchase,Buy,Equity Shares,150.0,0.0,0.0,0.0,0.0,1300.0,0.0,1450.0,0.0
YESBANK,2018-04-02 20:25:00,2018-03-28,2018-02-02,2018-02-02,Employees/Designated Employees,Market Sale,Sell,Equity Shares,1300.0,0.0,0.0,0.0,0.0,1300.0,0.0,,0.0
YESBANK,2018-04-02 20:25:00,2018-03-28,2018-02-02,2018-02-02,Employees/Designated Employees,Market Purchase,Buy,Equity Shares,1300.0,0.0,0.0,0.0,0.0,,0.0,1300.0,0.0
YESBANK,2018-04-02 20:25:00,2018-03-28,2018-02-05,2018-02-05,Employees/Designated Employees,Market Purchase,Buy,Equity Shares,1300.0,0.0,0.0,0.0,0.0,,0.0,1300.0,0.0
YESBANK,2018-04-02 20:34:00,,,,Employees/Designated Employees,-,-,,,1750.0,0.0,532000.0,0.0,,0.0,,
YESBANK,2018-04-02 20:34:00,,,,Employees/Designated Employees,-,-,,,0.0,1750.0,0.0,532800.0,,0.0,,
YESBANK,2018-04-04 19:41:00,,,,Employees/Designated Employees,-,-,,,0.0,14000.0,0.0,4313750.0,,0.0,,
YESBANK,2018-04-05 19:24:00,2018-04-05,2018-04-04,2018-04-04,Ex-Employee,Market Sale,Sell,Equity Shares,20000.0,0.0,0.0,0.0,0.0,4665960.0,0.2,4645960.0,0.2
YESBANK,2018-04-05 19:25:00,2018-04-05,2018-02-07,2018-02-16,Employees/Designated Employees,Market Purchase,Buy,Equity Shares,2038.0,0.0,0.0,0.0,0.0,685.0,0.0,2723.0,0.0
YESBANK,2018-04-05 19:25:00,2018-04-03,2018-03-28,2018-03-28,Employees/Designated Employees,Revokation of Pledge,Pledge,Equity Shares,17500.0,0.0,0.0,0.0,0.0,535305.0,0.02,535305.0,0.02
YESBANK,2018-04-05 19:25:00,2018-04-03,2018-03-28,2018-03-28,Employees/Designated Employees,Off Market,Sell,Equity Shares,17500.0,0.0,0.0,0.0,0.0,535305.0,0.02,517805.0,0.02
YESBANK,2018-04-05 19:25:00,2018-04-03,2018-03-28,2018-03-28,Employees/Designated Employees,Off Market,Buy,Equity Shares,17500.0,0.0,0.0,0.0,0.0,6550.0,0.0,24050.0,0.0
YESBANK,2018-04-05 19:25:00,2018-04-04,2018-03-30,2018-03-30,Employees/Designated Employees,Pledge Creation,Pledge,Equity Shares,25000.0,0.0,0.0,0.0,0.0,280380.0,0.01,280380.0,0.01
YESBANK,2018-04-05 19:25:00,2018-04-05,2018-02-06,2018-02-06,Employees/Designated Employees,Market Purchase,Buy,Equity Shares,607.0,0.0,0.0,0.0,0.0,1185.0,0.0,1792.0,0.0
YESBANK,2018-04-05 19:25:00,2018-04-05,2018-02-06,2018-02-06,Employees/Designated Employees,Market Sale,Sell,Equity Shares,1107.0,0.0,0.0,0.0,0.0,1792.0,0.0,685.0,0.0
YESBANK,2018-04-05 19:29:00,,,,Employees/Designated Employees,-,-,,,0.0,1750.0,0.0,543987.0,,0.0,,
YESBANK,2018-04-05 19:29:00,,,,Employees/Designated Employees,-,-,,,7000.0,0.0,2188375.0,0.0,,0.0,,
YESBANK,2018-04-06 22:02:00,,,,Employees/Designated Employees,-,-,,,0.0,5250.0,0.0,1639050.0,,0.0,,
YESBANK,2018-04-06 22:02:00,,,,Employees/Designated Employees,-,-,,,0.0,3500.0,0.0,1085000.0,,0.0,,
YESBANK,2018-04-06 22:02:00,,,,Immediate relative,-,-,,,3500.0,0.0,1084650.0,0.0,,0.0,,
YESBANK,2018-04-06 22:02:00,,,,Immediate relative,-,-,,,1750.0,0.0,542325.0,0.0,,0.0,,
YESBANK,2018-04-06 22:02:00,,,,Immediate relative,-,-,,,0.0,3500.0,0.0,1096375.0,,0.0,,
YESBANK,2018-04-09 18:40:00,2018-04-06,2018-04-05,2018-04-05,Ex-Employee,Market Sale,Sell,Equity Shares,960.0,0.0,0.0,0.0,0.0,4645960.0,0.2,4645000.0,0.2
YESBANK,2018-04-09 18:41:00,2018-04-09,2018-04-09,2018-04-09,Employees/Designated Employees,Market Purchase,Buy,Equity Shares,5000.0,0.0,0.0,0.0,0.0,31000.0,0.0,36000.0,0.0
YESBANK,2018-04-09 18:41:00,,,,Employees/Designated Employees,-,-,,,0.0,29750.0,0.0,9496200.0,,0.0,,
YESBANK,2018-04-16 20:21:00,2018-04-12,2018-04-11,2018-04-11,Employees/Designated Employees,Market Purchase,Buy,Equity Shares,2000.0,0.0,0.0,0.0,0.0,,0.0,2000.0,0.0
YESBANK,2018-04-16 20:21:00,2018-04-12,2018-04-11,2018-04-11,Employees/Designated Employees,Market Sale,Sell,Equity Shares,2000.0,0.0,0.0,0.0,0.0,2000.0,0.0,,0.0
YESBANK,2018-04-16 20:22:00,,,,Employees/Designated Employees,-,-,,,1750.0,1750.0,652313.0,650388.0,,0.0,,
YESBANK,2018-04-18 16:49:00,2018-04-16,2018-04-16,2018-04-16,Employees/Designated Employees,Market Purchase,Buy,Equity Shares,2000.0,0.0,0.0,0.0,0.0,2048.0,0.0,4048.0,0.0
YESBANK,2018-04-18 16:49:00,2018-04-16,2018-03-20,2018-03-20,Employees/Designated Employees,Pledge Creation,Pledge,Equity Shares,5600.0,0.0,0.0,0.0,0.0,68235.0,0.0,68235.0,0.0
YESBANK,2018-04-18 16:49:00,2018-04-17,2018-04-16,2018-04-16,Employees/Designated Employees,ESOP,Buy,Equity Shares,150000.0,0.0,0.0,0.0,0.0,36250.0,0.0,186250.0,0.01
YESBANK,2018-04-18 16:49:00,2018-04-16,2018-03-27,2018-03-27,Employees/Designated Employees,Pledge Creation,Pledge,Equity Shares,5000.0,0.0,0.0,0.0,0.0,122050.0,0.01,122050.0,0.01
YESBANK,2018-04-18 16:49:00,2018-04-16,2018-03-12,2018-03-12,Employees/Designated Employees,Pledge Creation,Pledge,Equity Shares,10000.0,0.0,0.0,0.0,0.0,17750.0,0.0,17750.0,0.0
YESBANK,2018-04-18 16:49:00,2018-04-16,2018-03-22,2018-03-22,Employees/Designated Employees,Pledge Creation,Pledge,Equity Shares,7500.0,0.0,0.0,0.0,0.0,30345.0,0.0,30345.0,0.0
YESBANK,2018-04-18 16:49:00,2018-04-16,2018-04-16,2018-04-16,Employees/Designated Employees,ESOP,Buy,Equity Shares,12500.0,0.0,0.0,0.0,0.0,15485.0,0.0,27985.0,0.0
YESBANK,2018-04-18 16:49:00,2018-04-16,2018-04-16,2018-04-16,Employees/Designated Employees,Market Sale,Sell,Equity Shares,2000.0,0.0,0.0,0.0,0.0,4048.0,0.0,2048.0,0.0
YESBANK,2018-04-18 16:49:00,2018-04-17,2018-04-16,2018-04-16,Employees/Designated Employees,ESOP,Buy,Equity Shares,450000.0,0.0,0.0,0.0,0.0,5311085.0,0.23,5761085.0,0.25
YESBANK,2018-04-18 16:49:00,2018-04-17,2018-03-09,2018-03-09,Employees/Designated Employees,ESOP,Buy,Equity Shares,8000.0,0.0,0.0,0.0,0.0,286500.0,0.01,294500.0,0.01
YESBANK,2018-04-18 16:49:00,2018-04-17,2018-04-16,2018-04-16,Employees/Designated Employees,ESOP,Buy,Equity Shares,25000.0,0.0,0.0,0.0,0.0,294500.0,0.01,319500.0,0.02
YESBANK,2018-04-18 16:49:00,2018-04-16,2018-01-30,2018-01-30,Employees/Designated Employees,Revokation of Pledge,Pledge Revoke,Equity Shares,22820.0,0.0,0.0,0.0,0.0,22845.0,0.0,22845.0,0.0
YESBANK,2018-04-18 16:49:00,2018-04-16,2018-01-16,2018-01-16,Employees/Designated Employees,ESOP,Buy,Equity Shares,2000.0,0.0,0.0,0.0,0.0,139250.0,0.01,141250.0,0.01
YESBANK,2018-04-18 16:49:00,2018-04-16,2018-04-16,2018-04-16,Employees/Designated Employees,ESOP,Buy,Equity Shares,20000.0,0.0,0.0,0.0,0.0,10000.0,0.0,30000.0,0.0
YESBANK,2018-04-18 16:49:00,2018-04-16,2018-03-12,2018-03-12,Employees/Designated Employees,Pledge Creation,Pledge,Equity Shares,43075.0,0.0,0.0,0.0,0.0,68235.0,0.0,68235.0,0.0
YESBANK,2018-04-18 16:49:00,2018-04-16,2018-04-16,2018-04-16,Employees/Designated Employees,ESOP,Buy,Equity Shares,100000.0,0.0,0.0,0.0,0.0,1533000.0,0.07,1633000.0,0.07
YESBANK,2018-04-18 16:49:00,2018-04-16,2018-03-14,2018-03-14,Employees/Designated Employees,Market Sale,Sell,Equity Shares,1500.0,0.0,0.0,0.0,0.0,123550.0,0.01,122050.0,0.01
YESBANK,2018-04-18 16:49:00,2018-04-16,2018-04-16,2018-04-16,Employees/Designated Employees,ESOP,Buy,Equity Shares,20000.0,0.0,0.0,0.0,0.0,47500.0,0.0,67500.0,0.0
YESBANK,2018-04-18 16:49:00,2018-04-16,2018-02-05,2018-02-05,Employees/Designated Employees,Revokation of Pledge,Pledge Revoke,Equity Shares,5000.0,0.0,0.0,0.0,0.0,24110.0,0.0,24110.0,0.0
YESBANK,2018-04-18 16:49:00,2018-04-16,2018-04-16,2018-04-16,Employees/Designated Employees,ESOP,Buy,Equity Shares,125000.0,0.0,0.0,0.0,0.0,65.0,0.0,125065.0,0.01
YESBANK,2018-04-18 16:49:00,2018-04-16,2018-03-14,2018-03-14,Employees/Designated Employees,Invocation of pledge,Pledge Invoke,Equity Shares,10000.0,0.0,0.0,0.0,0.0,17750.0,0.0,7750.0,0.0
YESBANK,2018-04-18 21:34:00,2018-04-16,2018-04-16,2018-04-16,Employees/Designated Employees,ESOP,Buy,Equity Shares,12500.0,0.0,0.0,0.0,0.0,87500.0,0.0,100000.0,0.0
YESBANK,2018-04-18 21:34:00,2018-04-16,2018-03-22,2018-03-22,Employees/Designated Employees,Pledge Creation,Pledge,Equity Shares,20000.0,0.0,0.0,0.0,0.0,105000.0,0.0,105000.0,0.0
YESBANK,2018-04-18 21:34:00,2018-04-17,2018-03-12,2018-03-12,Employees/Designated Employees,Pledge Creation,Pledge,Equity Shares,60000.0,0.0,0.0,0.0,0.0,282380.0,0.01,282380.0,0.01
YESBANK,2018-04-18 21:34:00,2018-04-18,2018-04-18,2018-04-18,Employees/Designated Employees,ESOP,Buy,Equity Shares,20000.0,0.0,0.0,0.0,0.0,17500.0,0.0,37500.0,0.0
YESBANK,2018-04-19 19:05:00,,,,Employees/Designated Employees,-,-,,,3500.0,0.0,1170575.0,0.0,,0.0,,
YESBANK,2018-04-19 19:05:00,,,,Employees/Designated Employees,-,-,,,0.0,3500.0,0.0,1171800.0,,0.0,,
YESBANK,2018-04-19 19:35:00,2018-04-19,2018-04-18,2018-04-18,Employees/Designated Employees,ESOP,Buy,Equity Shares,15000.0,0.0,0.0,0.0,0.0,5000.0,0.0,20000.0,0.0
YESBANK,2018-04-19 19:35:00,2018-04-19,2018-04-18,2018-04-18,Employees/Designated Employees,ESOP,Buy,Equity Shares,22450.0,0.0,0.0,0.0,0.0,2250.0,0.0,24700.0,0.0
YESBANK,2018-04-19 19:35:00,2018-04-19,2018-04-18,2018-04-18,Employees/Designated Employees,ESOP,Buy,Equity Shares,20000.0,0.0,0.0,0.0,0.0,317050.0,0.01,337050.0,0.01
YESBANK,2018-04-19 19:35:00,2018-04-19,2018-04-17,2018-04-17,Employees/Designated Employees,Market Purchase,Buy,Equity Shares,2000.0,0.0,0.0,0.0,0.0,2048.0,0.0,4048.0,0.0
YESBANK,2018-04-19 19:35:00,2018-04-19,2018-04-17,2018-04-17,Employees/Designated Employees,Market Sale,Sell,Equity Shares,2000.0,0.0,0.0,0.0,0.0,4048.0,0.0,2048.0,0.0
YESBANK,2018-04-19 19:35:00,2018-04-18,2018-04-18,2018-04-18,Employees/Designated Employees,ESOP,Buy,Equity Shares,25000.0,0.0,0.0,0.0,0.0,25400.0,0.0,50400.0,0.0
YESBANK,2018-04-19 19:35:00,2018-04-19,2018-04-18,2018-04-18,Employees/Designated Employees,ESOP,Buy,Equity Shares,34000.0,0.0,0.0,0.0,0.0,41000.0,0.0,75000.0,0.0
YESBANK,2018-04-19 19:35:00,2018-04-19,2018-04-18,2018-04-18,Employees/Designated Employees,ESOP,Buy,Equity Shares,75000.0,0.0,0.0,0.0,0.0,1138975.0,0.05,1213975.0,0.05
YESBANK,2018-04-19 19:35:00,2018-04-19,2018-04-18,2018-04-18,Employees/Designated Employees,ESOP,Buy,Equity Shares,62500.0,0.0,0.0,0.0,0.0,203580.0,0.01,266080.0,0.01
YESBANK,2018-04-20 19:14:00,2018-04-19,2018-04-18,2018-04-18,Employees/Designated Employees,ESOP,Buy,Equity Shares,15000.0,0.0,0.0,0.0,0.0,795000.0,0.03,810000.0,0.03
YESBANK,2018-04-20 19:14:00,2018-04-19,2018-04-18,2018-04-18,Employees/Designated Employees,ESOP,Buy,Equity Shares,27000.0,0.0,0.0,0.0,0.0,,0.0,27000.0,0.0
YESBANK,2018-04-20 19:14:00,2018-04-19,2018-02-01,2018-02-01,Employees/Designated Employees,Market Sale,Sell,Equity Shares,5000.0,0.0,0.0,0.0,0.0,800000.0,0.03,795000.0,0.03
YESBANK,2018-04-20 19:14:00,2018-04-20,2018-04-18,2018-04-18,Employees/Designated Employees,ESOP,Buy,Equity Shares,162500.0,0.0,0.0,0.0,0.0,5050.0,0.0,167550.0,0.01
YESBANK,2018-04-24 19:29:00,2018-04-23,2018-03-12,2018-03-12,Employees/Designated Employees,Pledge Creation,Pledge,Equity Shares,20000.0,0.0,0.0,0.0,0.0,39250.0,0.0,39250.0,0.0
YESBANK,2018-04-24 19:29:00,2018-04-20,2018-03-08,2018-03-08,Employees/Designated Employees,ESOP,Buy,Equity Shares,5400.0,0.0,0.0,0.0,0.0,5.0,0.0,5405.0,0.0
YESBANK,2018-04-24 19:29:00,2018-04-23,2018-04-23,2018-04-23,Employees/Designated Employees,Market Purchase,Buy,Equity Shares,3000.0,0.0,0.0,0.0,0.0,3048.0,0.0,6048.0,0.0
YESBANK,2018-04-24 19:29:00,2018-04-23,2018-04-23,2018-04-23,Employees/Designated Employees,Market Sale,Sell,Equity Shares,4000.0,0.0,0.0,0.0,0.0,6048.0,0.0,2048.0,0.0
YESBANK,2018-04-24 19:29:00,2018-04-20,2018-04-18,2018-04-18,Employees/Designated Employees,ESOP,Buy,Equity Shares,15000.0,0.0,0.0,0.0,0.0,100000.0,0.0,115000.0,0.0
YESBANK,2018-04-24 19:29:00,2018-04-23,2018-03-14,2018-03-14,Employees/Designated Employees,Pledge Creation,Pledge,Equity Shares,5000.0,0.0,0.0,0.0,0.0,39250.0,0.0,39250.0,0.0
YESBANK,2018-04-24 19:29:00,2018-04-20,2018-04-18,2018-04-18,Employees/Designated Employees,ESOP,Buy,Equity Shares,19600.0,0.0,0.0,0.0,0.0,5405.0,0.0,25005.0,0.0
YESBANK,2018-04-24 19:29:00,2018-04-23,2018-04-20,2018-04-20,Employees/Designated Employees,Market Purchase,Buy,Equity Shares,2000.0,0.0,0.0,0.0,0.0,2048.0,0.0,4048.0,0.0
YESBANK,2018-04-24 19:29:00,2018-04-23,2018-04-20,2018-04-20,Employees/Designated Employees,Market Sale,Sell,Equity Shares,1000.0,0.0,0.0,0.0,0.0,4048.0,0.0,3048.0,0.0
YESBANK,2018-04-27 19:35:00,2018-04-25,2018-01-20,2018-01-20,Employees/Designated Employees,Revokation of Pledge,Pledge Revoke,Equity Shares,8500.0,0.0,0.0,0.0,0.0,11800.0,0.0,11800.0,0.0
YESBANK,2018-04-27 19:35:00,2018-04-25,2018-04-25,2018-04-25,Employees/Designated Employees,Market Sale,Sell,Equity Shares,200.0,0.0,0.0,0.0,0.0,9750.0,0.0,9550.0,0.0
YESBANK,2018-04-27 19:35:00,2018-04-25,2018-04-16,2018-04-16,Employees/Designated Employees,ESOP,Buy,Equity Shares,7250.0,0.0,0.0,0.0,0.0,2500.0,0.0,9750.0,0.0
YESBANK,2018-04-27 19:35:00,2018-04-25,2018-04-03,2018-04-03,Employees/Designated Employees,Market Sale,Sell,Equity Shares,500.0,0.0,0.0,0.0,0.0,3000.0,0.0,2500.0,0.0
YESBANK,2018-04-30 18:47:00,2018-04-26,2018-04-12,2018-04-12,Employees/Designated Employees,Market Purchase,Buy,Equity Shares,900.0,0.0,0.0,0.0,0.0,38000.0,0.0,38900.0,0.0
YESBANK,2018-04-30 18:47:00,,,,Employees/Designated Employees,-,-,,,0.0,21000.0,0.0,7087500.0,,0.0,,
YESBANK,2018-04-30 18:47:00,2018-04-26,2018-04-10,2018-04-10,Employees/Designated Employees,Market Purchase,Buy,Equity Shares,2000.0,0.0,0.0,0.0,0.0,36000.0,0.0,38000.0,0.0
YESBANK,2018-04-30 18:47:00,2018-04-26,2018-04-26,2018-04-26,Employees/Designated Employees,Market Purchase,Buy,Equity Shares,4050.0,0.0,0.0,0.0,0.0,38900.0,0.0,42950.0,0.0
YESBANK,2018-05-02 20:15:00,2018-04-27,2018-04-27,2018-04-27,Employees/Designated Employees,Market Sale,Sell,Equity Shares,18750.0,0.0,0.0,0.0,0.0,68750.0,0.0,50000.0,0.0
YESBANK,2018-05-03 22:34:00,2018-04-30,2018-04-30,2018-04-30,Employees/Designated Employees,Market Sale,Sell,Equity Shares,5000.0,0.0,0.0,0.0,0.0,32500.0,0.0,27500.0,0.0
YESBANK,2018-05-03 22:34:00,2018-04-30,2018-04-30,2018-04-30,Employees/Designated Employees,Market Sale,Sell,Equity Shares,47500.0,0.0,0.0,0.0,0.0,47550.0,0.0,50.0,0.0
YESBANK,2018-05-03 22:34:00,2018-04-30,2018-04-30,2018-04-30,Employees/Designated Employees,Market Sale,Sell,Equity Shares,5000.0,0.0,0.0,0.0,0.0,19100.0,0.0,14100.0,0.0
YESBANK,2018-05-03 22:34:00,2018-04-30,2018-04-30,2018-04-30,Employees/Designated Employees,Market Sale,Sell,Equity Shares,50000.0,0.0,0.0,0.0,0.0,1084290.0,0.05,1034290.0,0.04
YESBANK,2018-05-03 22:34:00,2018-05-02,2018-03-22,2018-03-22,Employees/Designated Employees,Pledge Creation,Pledge,Equity Shares,15000.0,0.0,0.0,0.0,0.0,16700.0,0.0,16700.0,0.0
YESBANK,2018-05-03 22:34:00,2018-04-30,2018-04-30,2018-04-30,Employees/Designated Employees,Market Sale,Sell,Equity Shares,100000.0,0.0,0.0,0.0,0.0,337050.0,0.01,237050.0,0.01
YESBANK,2018-05-03 22:34:00,2018-05-01,2018-04-30,2018-04-30,Employees/Designated Employees,Market Sale,Sell,Equity Shares,10000.0,0.0,0.0,0.0,0.0,266080.0,0.01,256080.0,0.01
YESBANK,2018-05-03 22:37:00,2018-04-30,2018-04-30,2018-04-30,Ex-Employee,Market Sale,Sell,Equity Shares,23000.0,0.0,0.0,0.0,0.0,4640000.0,0.2,4617000.0,0.2
YESBANK,2018-05-04 18:47:00,2018-05-02,2018-05-02,2018-05-02,Employees/Designated Employees,Market Sale,Sell,Equity Shares,10000.0,0.0,0.0,0.0,0.0,68235.0,0.0,58235.0,0.0
YESBANK,2018-05-04 18:47:00,2018-05-02,2018-03-16,2018-03-16,Employees/Designated Employees,Market Sale,Sell,Equity Shares,1000.0,0.0,0.0,0.0,0.0,61000.0,0.0,60000.0,0.0
YESBANK,2018-05-04 18:47:00,2018-05-02,2018-05-02,2018-05-02,Employees/Designated Employees,Revokation of Pledge,Pledge,Equity Shares,10000.0,0.0,0.0,0.0,0.0,68235.0,0.0,68235.0,0.0
YESBANK,2018-05-04 18:47:00,2018-05-02,2018-04-16,2018-04-16,Employees/Designated Employees,ESOP,Buy,Equity Shares,6000.0,0.0,0.0,0.0,0.0,59000.0,0.0,65000.0,0.0
YESBANK,2018-05-04 18:47:00,2018-05-02,2018-04-30,2018-04-30,Employees/Designated Employees,Market Sale,Sell,Equity Shares,2000.0,0.0,0.0,0.0,0.0,65000.0,0.0,63000.0,0.0
YESBANK,2018-05-04 18:47:00,2018-05-02,2018-03-26,2018-03-26,Employees/Designated Employees,Market Sale,Sell,Equity Shares,1000.0,0.0,0.0,0.0,0.0,60000.0,0.0,59000.0,0.0
YESBANK,2018-05-07 23:22:00,2018-05-03,2018-05-03,2018-05-03,Employees/Designated Employees,Market Sale,Sell,Equity Shares,4635.0,0.0,0.0,0.0,0.0,30345.0,0.0,25710.0,0.0
YESBANK,2018-05-07 23:22:00,2018-05-03,2018-05-03,2018-05-03,Employees/Designated Employees,Invocation of pledge,Pledge Invoke,Equity Shares,3000.0,0.0,0.0,0.0,0.0,16700.0,0.0,13700.0,0.0
YESBANK,2018-05-07 23:22:00,2018-05-03,2018-05-02,2018-05-02,Employees/Designated Employees,Market Sale,Sell,Equity Shares,9000.0,0.0,0.0,0.0,0.0,9450.0,0.0,450.0,0.0
YESBANK,2018-05-07 23:22:00,2018-05-03,2018-05-02,2018-05-02,Employees/Designated Employees,Market Sale,Sell,Equity Shares,15000.0,0.0,0.0,0.0,0.0,23800.0,0.0,8800.0,0.0
YESBANK,2018-05-07 23:22:00,2018-05-03,2018-04-30,2018-04-30,Employees/Designated Employees,Market Sale,Sell,Equity Shares,10000.0,0.0,0.0,0.0,0.0,80000.0,0.0,70000.0,0.0
YESBANK,2018-05-07 23:22:00,2018-05-03,2018-04-30,2018-04-30,Employees/Designated Employees,Market Sale,Sell,Equity Shares,11000.0,0.0,0.0,0.0,0.0,34800.0,0.0,23800.0,0.0
YESBANK,2018-05-07 23:22:00,2018-05-03,2018-05-03,2018-05-03,Employees/Designated Employees,Market Sale,Sell,Equity Shares,5000.0,0.0,0.0,0.0,0.0,27500.0,0.0,22500.0,0.0
YESBANK,2018-05-08 23:34:00,2018-05-04,2018-04-26,2018-04-26,Employees/Designated Employees,Market Sale,Sell,Equity Shares,1000.0,0.0,0.0,0.0,0.0,9550.0,0.0,8550.0,0.0
YESBANK,2018-05-08 23:34:00,2018-05-04,2018-04-27,2018-04-27,Employees/Designated Employees,Market Sale,Sell,Equity Shares,500.0,0.0,0.0,0.0,0.0,8550.0,0.0,8050.0,0.0
YESBANK,2018-05-08 23:34:00,2018-05-04,2018-05-03,2018-05-03,Employees/Designated Employees,Revokation of Pledge,Pledge,Equity Shares,2150.0,0.0,0.0,0.0,0.0,24700.0,0.0,24700.0,0.0
YESBANK,2018-05-08 23:34:00,2018-05-04,2018-05-04,2018-05-04,Employees/Designated Employees,Market Sale,Sell,Equity Shares,7250.0,0.0,0.0,0.0,0.0,7250.0,0.0,,0.0
YESBANK,2018-05-08 23:34:00,2018-05-04,2018-05-03,2018-05-03,Employees/Designated Employees,Pledge Creation,Pledge,Equity Shares,20000.0,0.0,0.0,0.0,0.0,24700.0,0.0,24700.0,0.0
YESBANK,2018-05-08 23:34:00,2018-05-04,2018-05-03,2018-05-03,Employees/Designated Employees,ESOP,Buy,Equity Shares,7500.0,0.0,0.0,0.0,0.0,8800.0,0.0,16300.0,0.0
YESBANK,2018-05-08 23:34:00,2018-05-04,2018-05-03,2018-05-03,Employees/Designated Employees,Market Sale,Sell,Equity Shares,4000.0,0.0,0.0,0.0,0.0,16300.0,0.0,12300.0,0.0
YESBANK,2018-05-08 23:34:00,2018-05-04,2018-05-03,2018-05-03,Employees/Designated Employees,Pledge Creation,Pledge,Equity Shares,3750.0,0.0,0.0,0.0,0.0,3750.0,0.0,3750.0,0.0
YESBANK,2018-05-08 23:34:00,2018-05-04,2018-05-03,2018-05-03,Employees/Designated Employees,Pledge Creation,Pledge,Equity Shares,125000.0,0.0,0.0,0.0,0.0,125065.0,0.01,125065.0,0.01
YESBANK,2018-05-08 23:34:00,2018-05-04,2018-04-27,2018-04-27,Employees/Designated Employees,Market Sale,Sell,Equity Shares,800.0,0.0,0.0,0.0,0.0,8050.0,0.0,7250.0,0.0
YESBANK,2018-05-08 23:34:00,2018-05-04,2018-05-03,2018-05-03,Employees/Designated Employees,Pledge Creation,Pledge,Equity Shares,150000.0,0.0,0.0,0.0,0.0,186250.0,0.01,186250.0,0.01
YESBANK,2018-05-08 23:34:00,2018-05-04,2018-05-04,2018-05-04,Employees/Designated Employees,Market Sale,Sell,Equity Shares,2450.0,0.0,0.0,0.0,0.0,24700.0,0.0,22250.0,0.0
YESBANK,2018-05-08 23:34:00,2018-05-04,2018-05-04,2018-05-04,Employees/Designated Employees,Market Sale,Sell,Equity Shares,11750.0,0.0,0.0,0.0,0.0,11750.0,0.0,,0.0
YESBANK,2018-05-08 23:34:00,2018-05-04,2018-04-16,2018-04-16,Employees/Designated Employees,ESOP,Buy,Equity Shares,11750.0,0.0,0.0,0.0,0.0,,0.0,11750.0,0.0
YESBANK,2018-05-08 23:34:00,2018-05-04,2018-05-02,2018-05-02,Employees/Designated Employees,Market Sale,Sell,Equity Shares,45000.0,0.0,0.0,0.0,0.0,588500.0,0.03,543500.0,0.03
YESBANK,2018-05-08 23:35:00,2018-05-04,2018-05-04,2018-05-04,Ex-Employee,Market Sale,Sell,Equity Shares,14000.0,0.0,0.0,0.0,0.0,4599000.0,0.2,4585000.0,0.2
YESBANK,2018-05-08 23:35:00,2018-05-04,2018-05-03,2018-05-03,Ex-Employee,Market Sale,Sell,Equity Shares,18000.0,0.0,0.0,0.0,0.0,4617000.0,0.2,4599000.0,0.2
YESBANK,2018-05-09 21:46:00,2018-05-07,2018-05-03,2018-05-03,Employees/Designated Employees,Pledge Creation,Pledge,Equity Shares,25000.0,0.0,0.0,0.0,0.0,50400.0,0.0,50400.0,0.0
YESBANK,2018-05-09 21:46:00,2018-05-07,2018-05-04,2018-05-04,Employees/Designated Employees,Market Sale,Sell,Equity Shares,10000.0,0.0,0.0,0.0,0.0,1034290.0,0.04,1024290.0,0.04
YESBANK,2018-05-09 21:46:00,2018-05-09,2018-05-08,2018-05-08,Employees/Designated Employees,Market Sale,Sell,Equity Shares,3000.0,0.0,0.0,0.0,0.0,335400.0,0.01,332400.0,0.01
YESBANK,2018-05-09 21:46:00,2018-05-08,2018-05-04,2018-05-04,Employees/Designated Employees,Market Sale,Sell,Equity Shares,2150.0,0.0,0.0,0.0,0.0,22250.0,0.0,20100.0,0.0
YESBANK,2018-05-09 21:46:00,2018-05-08,2018-05-07,2018-05-07,Employees/Designated Employees,Market Sale,Sell,Equity Shares,10000.0,0.0,0.0,0.0,0.0,20100.0,0.0,10100.0,0.0
YESBANK,2018-05-09 21:46:00,2018-05-07,2018-05-07,2018-05-07,Employees/Designated Employees,Revokation of Pledge,Pledge Revoke,Equity Shares,10000.0,0.0,0.0,0.0,0.0,130500.0,0.01,130500.0,0.01
YESBANK,2018-05-09 21:46:00,2018-05-07,2018-05-04,2018-05-04,Employees/Designated Employees,Market Sale,Sell,Equity Shares,2000.0,0.0,0.0,0.0,0.0,339400.0,0.01,337400.0,0.01
YESBANK,2018-05-09 21:46:00,2018-05-07,2018-05-07,2018-05-07,Employees/Designated Employees,Market Sale,Sell,Equity Shares,2000.0,0.0,0.0,0.0,0.0,337400.0,0.01,335400.0,0.01
YESBANK,2018-05-09 21:46:00,2018-05-08,2018-05-07,2018-05-07,Employees/Designated Employees,Revokation of Pledge,Pledge,Equity Shares,20000.0,0.0,0.0,0.0,0.0,20100.0,0.0,20100.0,0.0
YESBANK,2018-05-09 21:46:00,2018-05-07,2018-04-06,2018-04-06,Employees/Designated Employees,Revokation of Pledge,Pledge Revoke,Equity Shares,1100.0,0.0,0.0,0.0,0.0,130500.0,0.01,130500.0,0.01
YESBANK,2018-05-09 21:46:00,2018-05-07,2018-05-04,2018-05-04,Employees/Designated Employees,Invocation of pledge,Pledge Invoke,Equity Shares,5000.0,0.0,0.0,0.0,0.0,13700.0,0.0,8700.0,0.0
YESBANK,2018-05-10 21:08:00,2018-05-08,2018-04-18,2018-04-18,Employees/Designated Employees,ESOP,Buy,Equity Shares,5000.0,0.0,0.0,0.0,0.0,2048.0,0.0,7048.0,0.0
YESBANK,2018-05-10 21:08:00,2018-05-08,2018-05-04,2018-05-04,Employees/Designated Employees,Market Purchase,Buy,Equity Shares,1500.0,0.0,0.0,0.0,0.0,7048.0,0.0,8548.0,0.0
YESBANK,2018-05-10 21:08:00,2018-05-08,2018-05-08,2018-05-08,Employees/Designated Employees,Market Sale,Sell,Equity Shares,6224.0,0.0,0.0,0.0,0.0,13272.0,0.0,7048.0,0.0
YESBANK,2018-05-10 21:08:00,2018-05-08,2018-05-08,2018-05-08,Employees/Designated Employees,Market Purchase,Buy,Equity Shares,6224.0,0.0,0.0,0.0,0.0,7048.0,0.0,13272.0,0.0
YESBANK,2018-05-10 21:08:00,2018-05-08,2018-05-04,2018-05-04,Employees/Designated Employees,Market Sale,Sell,Equity Shares,1500.0,0.0,0.0,0.0,0.0,8548.0,0.0,7048.0,0.0
YESBANK,2018-05-11 20:23:00,2018-05-11,2018-05-08,2018-05-08,Employees/Designated Employees,Market Sale,Sell,Equity Shares,15000.0,0.0,0.0,0.0,0.0,172500.0,0.01,157500.0,0.01
YESBANK,2018-05-11 20:23:00,2018-05-10,2018-05-09,2018-05-09,Employees/Designated Employees,Market Sale,Sell,Equity Shares,12000.0,0.0,0.0,0.0,0.0,28000.0,0.0,16000.0,0.0
YESBANK,2018-05-11 20:23:00,2018-05-11,2018-05-11,2018-05-11,Employees/Designated Employees,Market Sale,Sell,Equity Shares,9000.0,0.0,0.0,0.0,0.0,130500.0,0.0,121500.0,0.0
YESBANK,2018-05-11 20:23:00,2018-05-11,2018-05-11,2018-05-11,Employees/Designated Employees,Market Sale,Sell,Equity Shares,2000.0,0.0,0.0,0.0,0.0,329400.0,0.01,327400.0,0.01
YESBANK,2018-05-11 20:23:00,2018-05-11,2018-05-10,2018-05-10,Employees/Designated Employees,Market Sale,Sell,Equity Shares,1000.0,0.0,0.0,0.0,0.0,131500.0,0.01,130500.0,0.0
YESBANK,2018-05-11 20:23:00,2018-05-10,2018-05-10,2018-05-10,Employees/Designated Employees,Market Sale,Sell,Equity Shares,3000.0,0.0,0.0,0.0,0.0,332400.0,0.01,329400.0,0.01
YESBANK,2018-05-14 18:24:00,2018-05-12,2018-05-10,2018-05-11,EX-Employee,Market Sale,Sell,Equity Shares,10000.0,0.0,0.0,0.0,0.0,4585000.0,0.2,4575000.0,0.2
YESBANK,2018-05-14 18:26:00,2018-05-11,2018-05-11,2018-05-11,Employees/Designated Employees,Market Sale,Sell,Equity Shares,10000.0,0.0,0.0,0.0,0.0,10100.0,0.0,100.0,0.0
YESBANK,2018-05-14 18:26:00,2018-05-11,2018-05-10,2018-05-10,Employees/Designated Employees,Market Sale,Sell,Equity Shares,1500.0,0.0,0.0,0.0,0.0,3134500.0,0.14,3133000.0,0.14
YESBANK,2018-05-14 18:26:00,2018-05-11,2018-05-11,2018-05-11,Employees/Designated Employees,Market Sale,Sell,Equity Shares,1500.0,0.0,0.0,0.0,0.0,3133000.0,0.14,3131500.0,0.14
YESBANK,2018-05-16 15:21:00,2018-05-15,2018-05-15,2018-05-15,Ex-Employee,Market Sale,Sell,Equity Shares,9400.0,0.0,0.0,0.0,0.0,4571400.0,0.2,4562000.0,0.2
YESBANK,2018-05-16 15:21:00,2018-05-15,2018-05-14,2018-05-14,Ex-Employee,Market Sale,Sell,Equity Shares,3600.0,0.0,0.0,0.0,0.0,4575000.0,0.2,4571400.0,0.2
YESBANK,2018-05-16 18:37:00,2018-05-14,2018-05-14,2018-05-14,Employees/Designated Employees,Market Sale,Sell,Equity Shares,3000.0,0.0,0.0,0.0,0.0,3131500.0,0.14,3128500.0,0.14
YESBANK,2018-05-16 18:37:00,2018-05-15,2018-05-11,2018-05-11,Employees/Designated Employees,Market Sale,Sell,Equity Shares,2000.0,0.0,0.0,0.0,0.0,1980000.0,0.09,1978000.0,0.09
YESBANK,2018-05-16 18:37:00,2018-05-16,2018-05-15,2018-05-15,Employees/Designated Employees,Market Sale,Sell,Equity Shares,3000.0,0.0,0.0,0.0,0.0,1977000.0,0.09,1974000.0,0.09
YESBANK,2018-05-16 18:37:00,2018-05-15,2018-05-15,2018-05-15,Employees/Designated Employees,Market Sale,Sell,Equity Shares,51000.0,0.0,0.0,0.0,0.0,254500.0,0.01,203500.0,0.01
YESBANK,2018-05-16 18:37:00,2018-05-15,2018-05-14,2018-05-14,Employees/Designated Employees,Market Sale,Sell,Equity Shares,1000.0,0.0,0.0,0.0,0.0,1978000.0,0.09,1977000.0,0.09
YESBANK,2018-05-16 18:37:00,2018-05-14,2018-05-14,2018-05-14,Employees/Designated Employees,Market Sale,Sell,Equity Shares,5000.0,0.0,0.0,0.0,0.0,225575.0,0.01,220575.0,0.01
YESBANK,2018-05-16 18:41:00,2018-05-16,2018-04-30,2018-04-30,Employees/Designated Employees,Market Sale,Sell,Equity Shares,2500.0,0.0,0.0,0.0,0.0,212500.0,0.01,210000.0,0.01
YESBANK,2018-05-16 18:41:00,2018-05-16,2018-05-15,2018-05-15,Employees/Designated Employees,ESOP,Buy,Equity Shares,52500.0,0.0,0.0,0.0,0.0,210000.0,0.01,262500.0,0.01
YESBANK,2018-05-16 18:41:00,2018-05-15,2018-05-15,2018-05-15,Employees/Designated Employees,ESOP,Buy,Equity Shares,135000.0,0.0,0.0,0.0,0.0,1024290.0,0.04,1159290.0,0.05
YESBANK,2018-05-16 18:41:00,2018-05-15,2018-05-15,2018-05-15,Employees/Designated Employees,Market Sale,Sell,Equity Shares,15000.0,0.0,0.0,0.0,0.0,220575.0,0.01,205575.0,0.01
YESBANK,2018-05-16 18:41:00,2018-05-16,2018-05-15,2018-05-15,Employees/Designated Employees,ESOP,Buy,Equity Shares,15000.0,0.0,0.0,0.0,0.0,67500.0,0.0,82500.0,0.0
YESBANK,2018-05-16 18:41:00,2018-05-16,2018-05-15,2018-05-15,Employees/Designated Employees,ESOP,Buy,Equity Shares,3000.0,0.0,0.0,0.0,0.0,,0.0,3000.0,0.0
YESBANK,2018-05-16 18:41:00,2018-05-15,2018-05-15,2018-05-15,Employees/Designated Employees,Market Sale,Sell,Equity Shares,9500.0,0.0,0.0,0.0,0.0,178750.0,0.01,169250.0,0.01
YESBANK,2018-05-17 13:38:00,2018-05-16,2018-05-15,2018-05-15,Employees/Designated Employees,ESOP,Buy,Equity Shares,95000.0,0.0,0.0,0.0,0.0,237285.0,0.01,332285.0,0.01
YESBANK,2018-05-17 13:38:00,2018-05-16,2018-05-04,2018-05-04,Employees/Designated Employees,Pledge Creation,Pledge,Equity Shares,162500.0,0.0,0.0,0.0,0.0,167550.0,0.01,167550.0,0.01
YESBANK,2018-05-17 13:38:00,2018-05-17,2018-05-16,2018-05-16,Employees/Designated Employees,Market Sale,Sell,Equity Shares,5000.0,0.0,0.0,0.0,0.0,1974000.0,0.09,1969000.0,0.09
YESBANK,2018-05-17 13:38:00,2018-05-16,2018-05-16,2018-05-16,Employees/Designated Employees,Market Sale,Sell,Equity Shares,3000.0,0.0,0.0,0.0,0.0,3127500.0,0.14,3124500.0,0.14
YESBANK,2018-05-17 13:38:00,2018-05-16,2018-05-15,2018-05-15,Employees/Designated Employees,Market Sale,Sell,Equity Shares,1000.0,0.0,0.0,0.0,0.0,3128500.0,0.14,3127500.0,0.14
YESBANK,2018-05-17 13:38:00,2018-05-15,2018-05-11,2018-05-11,Employees/Designated Employees,Revokation of Pledge,Pledge Revoke,Equity Shares,127000.0,0.0,0.0,0.0,0.0,237285.0,0.01,237285.0,0.01
YESBANK,2018-05-17 13:39:00,2018-05-17,2018-05-16,2018-05-16,Ex-Employee,Market Sale,Sell,Equity Shares,15000.0,0.0,0.0,0.0,0.0,4562000.0,0.2,4547000.0,0.2
YESBANK,2018-05-18 20:38:00,2018-05-16,2018-05-15,2018-05-15,Employees/Designated Employees,ESOP,Buy,Equity Shares,48750.0,0.0,0.0,0.0,0.0,17000.0,0.0,65750.0,0.0
YESBANK,2018-05-18 20:38:00,2018-05-17,2018-05-15,2018-05-15,Employees/Designated Employees,ESOP,Buy,Equity Shares,20000.0,0.0,0.0,0.0,0.0,100.0,0.0,20100.0,0.0
YESBANK,2018-05-18 20:38:00,2018-05-16,2018-05-15,2018-05-15,Employees/Designated Employees,ESOP,Buy,Equity Shares,13000.0,0.0,0.0,0.0,0.0,50050.0,0.0,63050.0,0.0
YESBANK,2018-05-18 20:38:00,2018-05-17,2018-05-15,2018-05-15,Employees/Designated Employees,ESOP,Buy,Equity Shares,32500.0,0.0,0.0,0.0,0.0,37500.0,0.0,70000.0,0.0
YESBANK,2018-05-18 20:38:00,2018-05-17,2018-05-15,2018-05-15,Employees/Designated Employees,ESOP,Buy,Equity Shares,39000.0,0.0,0.0,0.0,0.0,256080.0,0.01,295080.0,0.01
YESBANK,2018-05-18 20:38:00,2018-05-17,2018-05-17,2018-05-17,Employees/Designated Employees,Market Sale,Sell,Equity Shares,10000.0,0.0,0.0,0.0,0.0,30000.0,0.0,20000.0,0.0
YESBANK,2018-05-21 19:08:00,2018-05-18,2018-05-15,2018-05-16,Employees/Designated Employees,Market Sale,Sell,Equity Shares,4000.0,0.0,0.0,0.0,0.0,34000.0,0.0,30000.0,0.0
YESBANK,2018-05-21 19:08:00,2018-05-17,2018-05-15,2018-05-15,Employees/Designated Employees,ESOP,Buy,Equity Shares,28250.0,0.0,0.0,0.0,0.0,3000.0,0.0,31250.0,0.0
YESBANK,2018-05-21 19:08:00,2018-05-18,2018-05-18,2018-05-18,Employees/Designated Employees,Market Sale,Sell,Equity Shares,5000.0,0.0,0.0,0.0,0.0,188000.0,0.01,183000.0,0.01
YESBANK,2018-05-23 20:37:00,2018-05-21,2018-04-30,2018-04-30,Employees/Designated Employees,Market Sale,Sell,Equity Shares,4500.0,0.0,0.0,0.0,0.0,889250.0,0.04,884750.0,0.04
YESBANK,2018-05-23 20:37:00,2018-05-21,2018-04-16,2018-04-16,Employees/Designated Employees,ESOP,Buy,Equity Shares,5500.0,0.0,0.0,0.0,0.0,883750.0,0.04,889250.0,0.04
YESBANK,2018-05-24 21:19:00,2018-05-23,2018-05-21,2018-05-21,Employees/Designated Employees,Revokation of Pledge,Pledge Revoke,Equity Shares,47800.0,0.0,0.0,0.0,0.0,203500.0,0.01,203500.0,0.01
YESBANK,2018-05-24 21:19:00,2018-05-23,2018-05-21,2018-05-21,Employees/Designated Employees,Revokation of Pledge,Pledge Revoke,Equity Shares,75500.0,0.0,0.0,0.0,0.0,203500.0,0.01,203500.0,0.01
YESBANK,2018-05-25 18:11:00,2018-05-25,2018-05-15,2018-05-15,Employees/Designated Employees,Market Sale,Sell,Equity Shares,5000.0,0.0,0.0,0.0,0.0,80750.0,0.0,75750.0,0.0
YESBANK,2018-05-25 18:11:00,2018-05-25,2018-05-14,2018-05-14,Employees/Designated Employees,Market Sale,Sell,Equity Shares,500.0,0.0,0.0,0.0,0.0,81250.0,0.0,80750.0,0.0
YESBANK,2018-05-29 19:53:00,2018-05-25,2018-05-23,2018-05-23,Former Employee,Invocation of pledge,Pledge Invoke,Equity Shares,8000.0,0.0,0.0,0.0,0.0,53000.0,0.0,45000.0,0.0
YESBANK,2018-05-29 20:01:00,2018-05-29,2018-05-28,2018-05-28,Employees/Designated Employees,Market Sale,Sell,Equity Shares,2000.0,0.0,0.0,0.0,0.0,90500.0,0.0,88500.0,0.0
YESBANK,2018-05-29 20:01:00,2018-05-29,2018-05-11,2018-05-11,Employees/Designated Employees,Market Sale,Sell,Equity Shares,2500.0,0.0,0.0,0.0,0.0,93000.0,0.0,90500.0,0.0
YESBANK,2018-05-29 20:01:00,2018-05-28,2018-05-28,2018-05-28,Employees/Designated Employees,Market Sale,Sell,Equity Shares,10000.0,0.0,0.0,0.0,0.0,183000.0,0.01,173000.0,0.01
YESBANK,2018-05-29 20:01:00,2018-05-29,2018-05-11,2018-05-11,Employees/Designated Employees,Market Sale,Sell,Equity Shares,2500.0,0.0,0.0,0.0,0.0,22500.0,0.0,20000.0,0.0
YESBANK,2018-05-29 20:01:00,2018-05-29,2018-05-15,2018-05-15,Employees/Designated Employees,Market Sale,Sell,Equity Shares,5000.0,0.0,0.0,0.0,0.0,20000.0,0.0,15000.0,0.0
YESBANK,2018-05-31 18:38:00,2018-05-31,2018-05-31,2018-05-31,Employees/Designated Employees,Market Sale,Sell,Equity Shares,45000.0,0.0,0.0,0.0,0.0,1163975.0,0.05,1118975.0,0.05
YESBANK,2018-05-31 18:38:00,2018-05-29,2018-05-25,2018-05-25,Employees/Designated Employees,Market Sale,Sell,Equity Shares,4000.0,0.0,0.0,0.0,0.0,30000.0,0.0,26000.0,0.0
YESBANK,2018-06-01 21:25:00,2018-06-01,2018-05-31,2018-05-31,Employees/Designated Employees,Revokation of Pledge,Pledge Revoke,Equity Shares,10000.0,0.0,0.0,0.0,0.0,20100.0,0.0,20100.0,0.0
YESBANK,2018-06-01 21:25:00,2018-05-31,2018-05-29,2018-05-29,Employees/Designated Employees,Pledge Creation,Pledge,Equity Shares,20000.0,0.0,0.0,0.0,0.0,20100.0,0.0,20100.0,0.0
YESBANK,2018-06-01 21:25:00,2018-05-31,2018-05-29,2018-05-29,Employees/Designated Employees,Pledge Creation,Pledge,Equity Shares,28250.0,0.0,0.0,0.0,0.0,31250.0,0.0,31250.0,0.0
YESBANK,2018-06-01 21:25:00,2018-05-31,2018-05-31,2018-05-31,Employees/Designated Employees,Market Sale,Sell,Equity Shares,10000.0,0.0,0.0,0.0,0.0,173000.0,0.01,163000.0,0.01
YESBANK,2018-06-01 21:25:00,2018-06-01,2018-05-30,2018-05-30,Employees/Designated Employees,Market Sale,Sell,Equity Shares,2500.0,0.0,0.0,0.0,0.0,3121000.0,0.14,3118500.0,0.14
YESBANK,2018-06-01 21:25:00,2018-06-01,2018-05-31,2018-05-31,Employees/Designated Employees,Market Sale,Sell,Equity Shares,4000.0,0.0,0.0,0.0,0.0,3118500.0,0.14,3114500.0,0.14
YESBANK,2018-06-01 21:25:00,2018-06-01,2018-05-31,2018-05-31,Employees/Designated Employees,Market Sale,Sell,Equity Shares,10000.0,0.0,0.0,0.0,0.0,20100.0,0.0,10100.0,0.0
YESBANK,2018-06-04 20:32:00,2018-06-03,2018-06-01,2018-06-01,Ex-Employee,Market Sale,Sell,Equity Shares,2000.0,0.0,0.0,0.0,0.0,4547000.0,0.2,4545000.0,0.2
YESBANK,2018-06-04 20:39:00,2018-05-31,2018-05-28,2018-05-28,Employees/Designated Employees,Market Sale,Sell,Equity Shares,1000.0,0.0,0.0,0.0,0.0,102550.0,0.0,101550.0,0.0
YESBANK,2018-06-04 20:39:00,2018-05-31,2018-05-07,2018-05-07,Employees/Designated Employees,Market Sale,Sell,Equity Shares,1000.0,0.0,0.0,0.0,0.0,103550.0,0.0,102550.0,0.0
YESBANK,2018-06-04 20:39:00,2018-05-31,2018-05-30,2018-05-30,Employees/Designated Employees,Market Sale,Sell,Equity Shares,1000.0,0.0,0.0,0.0,0.0,101550.0,0.0,100550.0,0.0
YESBANK,2018-06-05 20:46:00,2018-06-04,2018-06-01,2018-06-01,Employees/Designated Employees,Market Sale,Sell,Equity Shares,1500.0,0.0,0.0,0.0,0.0,3114500.0,0.04,3113000.0,0.14
YESBANK,2018-06-05 20:46:00,2018-06-05,2018-06-04,2018-06-04,Employees/Designated Employees,Market Sale,Sell,Equity Shares,2500.0,0.0,0.0,0.0,0.0,67500.0,0.0,65000.0,0.0
YESBANK,2018-06-05 20:46:00,2018-06-05,2018-06-04,2018-06-04,Employees/Designated Employees,Market Sale,Sell,Equity Shares,2500.0,0.0,0.0,0.0,0.0,70000.0,0.0,67500.0,0.0
YESBANK,2018-06-05 20:46:00,2018-06-05,2018-06-04,2018-06-04,Employees/Designated Employees,Market Sale,Sell,Equity Shares,7000.0,0.0,0.0,0.0,0.0,1969000.0,0.09,1962000.0,0.09
YESBANK,2018-06-05 20:46:00,2018-06-04,2018-06-04,2018-06-04,Employees/Designated Employees,Market Sale,Sell,Equity Shares,3000.0,0.0,0.0,0.0,0.0,3113000.0,0.14,3110000.0,0.14
YESBANK,2018-06-05 20:46:00,2018-06-05,2018-06-04,2018-06-04,Employees/Designated Employees,Market Sale,Sell,Equity Shares,27500.0,0.0,0.0,0.0,0.0,157500.0,0.01,130000.0,0.01
YESBANK,2018-06-06 20:07:00,2018-06-06,2018-05-21,2018-05-21,Employees/Designated Employees,ESOP,Buy,Equity Shares,26250.0,0.0,0.0,0.0,0.0,1050.0,0.0,27300.0,0.0
YESBANK,2018-06-06 20:07:00,2018-06-06,2018-06-06,2018-06-06,Employees/Designated Employees,Market Sale,Sell,Equity Shares,10458.0,0.0,0.0,0.0,0.0,1118975.0,0.05,1108517.0,0.05
YESBANK,2018-06-06 20:07:00,2018-06-06,2018-06-05,2018-06-05,Employees/Designated Employees,Pledge Creation,Pledge,Equity Shares,25750.0,0.0,0.0,0.0,0.0,27300.0,0.0,27300.0,0.0
YESBANK,2018-06-07 19:17:00,2018-06-06,2018-06-04,2018-06-04,Ex-Employee,Market Sale,Sell,Equity Shares,20000.0,0.0,0.0,0.0,0.0,4545000.0,0.2,4525000.0,0.2
YESBANK,2018-06-07 19:20:00,2018-06-05,2018-05-02,2018-05-02,Immediate relative,Market Purchase,Buy,Equity Shares,10000.0,0.0,0.0,0.0,0.0,,0.0,10000.0,0.0
YESBANK,2018-06-07 19:20:00,2018-06-05,2018-05-03,2018-05-03,Immediate relative,Market Purchase,Buy,Equity Shares,3000.0,0.0,0.0,0.0,0.0,10000.0,0.0,13000.0,0.0
YESBANK,2018-06-08 19:28:00,2018-06-07,2018-06-04,2018-06-04,Employees/Designated Employees,Market Sale,Sell,Equity Shares,1000.0,0.0,0.0,0.0,0.0,69750.0,0.0,68750.0,0.0
YESBANK,2018-06-08 19:28:00,2018-06-07,2018-05-28,2018-05-28,Employees/Designated Employees,Market Sale,Sell,Equity Shares,2000.0,0.0,0.0,0.0,0.0,73750.0,0.0,71750.0,0.0
YESBANK,2018-06-08 19:28:00,2018-06-07,2018-05-30,2018-05-30,Employees/Designated Employees,Market Sale,Sell,Equity Shares,1000.0,0.0,0.0,0.0,0.0,71750.0,0.0,70750.0,0.0
YESBANK,2018-06-08 19:28:00,2018-06-07,2018-05-31,2018-05-31,Employees/Designated Employees,Market Sale,Sell,Equity Shares,1000.0,0.0,0.0,0.0,0.0,70750.0,0.0,69750.0,0.0
YESBANK,2018-06-08 19:28:00,2018-06-07,2018-05-16,2018-05-16,Employees/Designated Employees,Market Sale,Sell,Equity Shares,2000.0,0.0,0.0,0.0,0.0,75750.0,0.0,73750.0,0.0
YESBANK,2018-06-08 19:29:00,2018-06-08,2018-06-07,2018-06-07,Ex-Employee,Market Sale,Sell,Equity Shares,5000.0,0.0,0.0,0.0,0.0,4525000.0,0.2,4520000.0,0.2
YESBANK,2018-06-11 18:21:00,2018-06-07,2018-06-07,2018-06-07,Employees/Designated Employees,Market Sale,Sell,Equity Shares,5000.0,0.0,0.0,0.0,0.0,100000.0,0.0,95000.0,0.0
YESBANK,2018-06-11 18:21:00,2018-06-11,2018-06-07,2018-06-07,Employees/Designated Employees,Market Sale,Sell,Equity Shares,500.0,0.0,0.0,0.0,0.0,12300.0,0.0,11800.0,0.0
YESBANK,2018-06-11 18:21:00,2018-06-07,2018-06-07,2018-06-07,Employees/Designated Employees,Market Sale,Sell,Equity Shares,25000.0,0.0,0.0,0.0,0.0,1108517.0,0.05,1083517.0,0.05
YESBANK,2018-06-13 21:47:00,2018-06-13,2018-06-12,2018-06-12,Employees/Designated Employees,Market Sale,Sell,Equity Shares,500.0,0.0,0.0,0.0,0.0,5950.0,0.0,5450.0,0.0
YESBANK,2018-06-13 21:47:00,2018-06-13,2018-06-05,2018-06-05,Employees/Designated Employees,Market Sale,Sell,Equity Shares,250.0,0.0,0.0,0.0,0.0,6950.0,0.0,6700.0,0.0
YESBANK,2018-06-13 21:47:00,2018-06-13,2018-06-08,2018-06-08,Employees/Designated Employees,Market Sale,Sell,Equity Shares,750.0,0.0,0.0,0.0,0.0,6700.0,0.0,5950.0,0.0
YESBANK,2018-06-13 21:47:00,2018-06-13,2018-05-17,2018-05-17,Employees/Designated Employees,Market Sale,Sell,Equity Shares,250.0,0.0,0.0,0.0,0.0,7950.0,0.0,7700.0,0.0
YESBANK,2018-06-13 21:47:00,2018-06-13,2018-05-21,2018-05-21,Employees/Designated Employees,Market Sale,Sell,Equity Shares,250.0,0.0,0.0,0.0,0.0,7700.0,0.0,7450.0,0.0
YESBANK,2018-06-13 21:47:00,2018-06-13,2018-05-28,2018-05-28,Employees/Designated Employees,Market Sale,Sell,Equity Shares,250.0,0.0,0.0,0.0,0.0,7450.0,0.0,7200.0,0.0
YESBANK,2018-06-13 21:47:00,2018-06-13,2018-06-04,2018-06-04,Employees/Designated Employees,Market Sale,Sell,Equity Shares,250.0,0.0,0.0,0.0,0.0,7200.0,0.0,6950.0,0.0
YESBANK,2018-06-13 21:47:00,2018-06-13,2018-05-15,2018-05-15,Employees/Designated Employees,Market Sale,Sell,Equity Shares,750.0,0.0,0.0,0.0,0.0,8700.0,0.0,7950.0,0.0
YESBANK,2018-06-13 21:47:00,2018-06-11,2018-06-07,2018-06-07,Employees/Designated Employees,Market Sale,Sell,Equity Shares,100000.0,0.0,0.0,0.0,0.0,5761085.0,0.25,5661085.0,0.25
YESBANK,2018-06-19 19:49:00,2018-06-19,2018-06-19,2018-06-19,Employees/Designated Employees,ESOP,Buy,Equity Shares,3000.0,0.0,0.0,0.0,0.0,2000.0,0.0,5000.0,0.0
YESBANK,2018-06-19 19:49:00,2018-06-19,2018-06-07,2018-06-07,Employees/Designated Employees,Market Sale,Sell,Equity Shares,1000.0,0.0,0.0,0.0,0.0,3000.0,0.0,2000.0,0.0
YESBANK,2018-06-19 19:54:00,2018-06-19,2018-04-26,2018-04-26,Employees/Designated Employees,Market Sale,Sell,Equity Shares,2500.0,0.0,0.0,0.0,0.0,8000.0,0.0,5500.0,0.0
YESBANK,2018-06-19 19:54:00,2018-06-15,2018-06-15,2018-06-15,Employees/Designated Employees,Pledge Creation,Pledge,Equity Shares,2500.0,0.0,0.0,0.0,0.0,4800.0,0.0,4800.0,0.0
YESBANK,2018-06-19 19:54:00,2018-06-19,2018-04-09,2018-04-09,Employees/Designated Employees,Market Sale,Sell,Equity Shares,1000.0,0.0,0.0,0.0,0.0,9000.0,0.0,8000.0,0.0
YESBANK,2018-06-19 19:54:00,2018-06-15,2018-06-14,2018-06-15,Employees/Designated Employees,Market Sale,Sell,Equity Shares,650.0,0.0,0.0,0.0,0.0,5450.0,0.0,4800.0,0.0
YESBANK,2018-06-19 19:54:00,2018-06-18,2018-05-03,2018-05-03,Employees/Designated Employees,Pledge Creation,Pledge,Equity Shares,30000.0,0.0,0.0,0.0,0.0,75000.0,0.0,75000.0,0.0
YESBANK,2018-06-19 19:54:00,2018-06-18,2018-04-30,2018-04-30,Employees/Designated Employees,Market Sale,Sell,Equity Shares,5885.0,0.0,0.0,0.0,0.0,15885.0,0.0,10000.0,0.0
YESBANK,2018-06-21 19:32:00,2018-06-20,2018-06-19,2018-06-19,Employees/Designated Employees,ESOP,Buy,Equity Shares,7500.0,0.0,0.0,0.0,0.0,15902.0,0.0,23402.0,0.0
YESBANK,2018-06-21 19:32:00,2018-06-19,2018-05-03,2018-05-03,Employees/Designated Employees,Pledge Creation,Pledge,Equity Shares,19600.0,0.0,0.0,0.0,0.0,25005.0,0.0,25005.0,0.0
YESBANK,2018-06-21 19:32:00,2018-06-19,2018-04-17,2018-04-17,Employees/Designated Employees,Revokation of Pledge,Pledge Revoke,Equity Shares,19500.0,0.0,0.0,0.0,0.0,75250.0,0.0,75250.0,0.0
YESBANK,2018-06-21 19:32:00,2018-06-20,2018-05-08,2018-05-08,Employees/Designated Employees,Market Sale,Sell,Equity Shares,500.0,0.0,0.0,0.0,0.0,12500.0,0.0,12000.0,0.0
YESBANK,2018-06-21 19:32:00,2018-06-20,2018-05-11,2018-05-11,Employees/Designated Employees,Market Sale,Sell,Equity Shares,1500.0,0.0,0.0,0.0,0.0,12000.0,0.0,10500.0,0.0
YESBANK,2018-06-21 19:32:00,2018-06-20,2018-05-14,2018-05-14,Employees/Designated Employees,Market Sale,Sell,Equity Shares,598.0,0.0,0.0,0.0,0.0,10500.0,0.0,9902.0,0.0
YESBANK,2018-06-21 19:32:00,2018-06-20,2018-05-15,2018-05-15,Employees/Designated Employees,Market Sale,Sell,Equity Shares,250.0,0.0,0.0,0.0,0.0,9902.0,0.0,9652.0,0.0
YESBANK,2018-06-21 19:32:00,2018-06-20,2018-05-15,2018-05-15,Employees/Designated Employees,ESOP,Buy,Equity Shares,6250.0,0.0,0.0,0.0,0.0,9652.0,0.0,15902.0,0.0
YESBANK,2018-06-21 19:36:00,2018-06-20,2018-06-19,2018-06-19,Employees/Designated Employees,ESOP,Buy,Equity Shares,10000.0,0.0,0.0,0.0,0.0,10300.0,0.0,20300.0,0.0
YESBANK,2018-06-21 19:36:00,2018-06-20,2018-06-11,2018-06-11,Employees/Designated Employees,Market Sale,Sell,Equity Shares,1500.0,0.0,0.0,0.0,0.0,11800.0,0.0,10300.0,0.0
YESBANK,2018-06-21 19:36:00,2018-06-20,2018-06-19,2018-06-19,Employees/Designated Employees,ESOP,Buy,Equity Shares,5000.0,0.0,0.0,0.0,0.0,95000.0,0.0,100000.0,0.0
YESBANK,2018-06-21 19:36:00,2018-06-20,2018-06-19,2018-06-19,Employees/Designated Employees,ESOP,Buy,Equity Shares,250000.0,0.0,0.0,0.0,0.0,5661085.0,0.25,5911085.0,0.26
YESBANK,2018-06-21 19:36:00,2018-06-20,2018-05-15,2018-05-15,Employees/Designated Employees,ESOP,Buy,Equity Shares,5500.0,0.0,0.0,0.0,0.0,63000.0,0.0,68500.0,0.0
YESBANK,2018-06-21 19:36:00,2018-06-20,2018-06-19,2018-06-19,Employees/Designated Employees,ESOP,Buy,Equity Shares,11500.0,0.0,0.0,0.0,0.0,68500.0,0.0,80000.0,0.0
YESBANK,2018-06-21 19:36:00,2018-06-20,2018-05-03,2018-05-03,Employees/Designated Employees,Pledge Creation,Pledge,Equity Shares,15000.0,0.0,0.0,0.0,0.0,810000.0,0.04,810000.0,0.04
YESBANK,2018-06-22 18:51:00,2018-06-20,2018-06-19,2018-06-19,Employees/Designated Employees,ESOP,Buy,Equity Shares,27500.0,0.0,0.0,0.0,0.0,10100.0,0.0,37600.0,0.0
YESBANK,2018-06-26 19:15:00,2018-06-25,2018-06-22,2018-06-22,Employees/Designated Employees,ESOP,Buy,Equity Shares,12500.0,0.0,0.0,0.0,0.0,3200.0,0.0,15700.0,0.0
YESBANK,2018-06-26 19:15:00,2018-06-26,2018-04-19,2018-04-19,Employees/Designated Employees,Revokation of Pledge,Pledge,Equity Shares,15000.0,0.0,0.0,0.0,0.0,282380.0,0.01,282380.0,0.01
YESBANK,2018-06-26 19:15:00,2018-06-25,2018-06-25,2018-06-25,Employees/Designated Employees,Market Sale,Sell,Equity Shares,2000.0,0.0,0.0,0.0,0.0,86500.0,0.0,84500.0,0.0
YESBANK,2018-06-26 19:15:00,2018-06-25,2018-06-04,2018-06-04,Employees/Designated Employees,Market Sale,Sell,Equity Shares,2000.0,0.0,0.0,0.0,0.0,88500.0,0.0,86500.0,0.0
YESBANK,2018-06-26 19:15:00,2018-06-25,2018-06-22,2018-06-22,Employees/Designated Employees,ESOP,Buy,Equity Shares,175000.0,0.0,0.0,0.0,0.0,517805.0,0.02,692805.0,0.03
YESBANK,2018-06-26 19:15:00,2018-06-26,2018-06-22,2018-06-25,Employees/Designated Employees,Market Sale,Sell,Equity Shares,25000.0,0.0,0.0,0.0,0.0,163000.0,0.01,138000.0,0.01
YESBANK,2018-06-26 19:16:00,2018-06-25,2018-06-25,2018-06-25,Ex-Employee,Market Sale,Sell,Equity Shares,15000.0,0.0,0.0,0.0,0.0,4520000.0,0.2,4505000.0,0.2
YESBANK,2018-06-26 19:16:00,2018-06-25,2018-06-25,2018-06-25,Ex-Employee,Gift,Sell,Equity Shares,2000.0,0.0,0.0,0.0,0.0,4505000.0,0.2,4503000.0,0.2
YESBANK,2018-06-28 20:20:00,2018-06-27,2018-06-26,2018-06-26,Employees/Designated Employees,Revokation of Pledge,Pledge Revoke,Equity Shares,4000.0,0.0,0.0,0.0,0.0,37600.0,0.0,37600.0,0.0
YESBANK,2018-06-28 20:20:00,2018-06-27,2018-06-26,2018-06-26,Employees/Designated Employees,Market Sale,Sell,Equity Shares,2000.0,0.0,0.0,0.0,0.0,99550.0,0.0,97550.0,0.0
YESBANK,2018-06-28 20:20:00,2018-06-27,2018-05-31,2018-05-31,Employees/Designated Employees,Market Sale,Sell,Equity Shares,1000.0,0.0,0.0,0.0,0.0,100550.0,0.0,99550.0,0.0
YESBANK,2018-06-28 20:20:00,2018-06-26,2018-05-15,2018-05-15,Employees/Designated Employees,Market Sale,Sell,Equity Shares,2500.0,0.0,0.0,0.0,0.0,884750.0,0.04,882250.0,0.04
YESBANK,2018-06-28 20:20:00,2018-06-26,2018-06-22,2018-06-22,Employees/Designated Employees,Market Sale,Sell,Equity Shares,4000.0,0.0,0.0,0.0,0.0,26000.0,0.0,22000.0,0.0
YESBANK,2018-06-28 20:20:00,2018-06-27,2018-06-26,2018-06-26,Employees/Designated Employees,Market Sale,Sell,Equity Shares,4000.0,0.0,0.0,0.0,0.0,37600.0,0.0,33600.0,0.0
YESBANK,2018-06-28 20:20:00,2018-06-26,2018-06-19,2018-06-19,Employees/Designated Employees,Gift,Sell,Equity Shares,360000.0,0.0,0.0,0.0,0.0,882250.0,0.04,522250.0,0.02
YESBANK,2018-06-28 20:21:00,2018-06-26,2018-06-26,2018-06-26,Ex-Employee,Market Sale,Sell,Equity Shares,38000.0,0.0,0.0,0.0,0.0,4503000.0,0.2,4465000.0,0.19
YESBANK,2018-07-02 19:45:00,2018-06-28,2018-06-26,2018-06-26,Employees/Designated Employees,Revokation of Pledge,Pledge Revoke,Equity Shares,24500.0,0.0,0.0,0.0,0.0,27300.0,0.0,27300.0,0.0
YESBANK,2018-07-03 17:46:00,2018-07-02,2018-06-29,2018-06-29,Employees/Designated Employees,Market Sale,Sell,Equity Shares,4500.0,0.0,0.0,0.0,0.0,84500.0,0.0,80000.0,0.0
YESBANK,2018-07-03 17:46:00,2018-06-29,2018-04-30,2018-04-30,Employees/Designated Employees,Market Sale,Sell,Equity Shares,2500.0,0.0,0.0,0.0,0.0,28050.0,0.0,25550.0,0.0
YESBANK,2018-07-03 17:46:00,2018-06-29,2018-06-28,2018-06-28,Employees/Designated Employees,Pledge Creation,Pledge,Equity Shares,12000.0,0.0,0.0,0.0,0.0,25550.0,0.0,25550.0,0.0
YESBANK,2018-07-03 17:46:00,2018-06-29,2018-06-27,2018-06-27,Employees/Designated Employees,Invocation of pledge,Pledge Invoke,Equity Shares,28250.0,0.0,0.0,0.0,0.0,31250.0,0.0,3000.0,0.0
YESBANK,2018-07-03 17:46:00,2018-06-29,2018-06-29,2018-06-29,Employees/Designated Employees,Market Sale,Sell,Equity Shares,60000.0,0.0,0.0,0.0,0.0,67500.0,0.0,7500.0,0.0
YESBANK,2018-07-03 17:46:00,2018-06-29,2018-06-29,2018-06-29,Employees/Designated Employees,Revokation of Pledge,Pledge Revoke,Equity Shares,8000.0,0.0,0.0,0.0,0.0,130500.0,0.01,130500.0,0.01
YESBANK,2018-07-03 17:46:00,2018-07-02,2018-06-29,2018-06-29,Employees/Designated Employees,Market Sale,Sell,Equity Shares,10000.0,0.0,0.0,0.0,0.0,301080.0,0.01,291080.0,0.01
YESBANK,2018-07-03 17:48:00,2018-06-30,2018-05-14,2018-05-14,Employees/Designated Employees,Market Purchase,Buy,Equity Shares,1500.0,0.0,0.0,0.0,0.0,,0.0,1500.0,0.0
YESBANK,2018-07-03 17:48:00,2018-06-30,2018-05-14,2018-05-14,Employees/Designated Employees,Market Sale,Sell,Equity Shares,1500.0,0.0,0.0,0.0,0.0,1500.0,0.0,,0.0
YESBANK,2018-07-03 17:48:00,2018-06-30,2018-04-27,2018-04-27,Employees/Designated Employees,Market Sale,Sell,Equity Shares,1200.0,0.0,0.0,0.0,0.0,1200.0,0.0,,0.0
YESBANK,2018-07-03 17:48:00,2018-06-30,2018-04-25,2018-04-25,Employees/Designated Employees,Market Purchase,Buy,Equity Shares,1200.0,0.0,0.0,0.0,0.0,,0.0,1200.0,0.0
YESBANK,2018-07-03 17:48:00,2018-06-30,2018-05-24,2018-05-24,Employees/Designated Employees,Market Sale,Sell,Equity Shares,1000.0,0.0,0.0,0.0,0.0,1000.0,0.0,,0.0
YESBANK,2018-07-03 17:48:00,2018-06-30,2018-05-24,2018-05-24,Employees/Designated Employees,Market Purchase,Buy,Equity Shares,1000.0,0.0,0.0,0.0,0.0,,0.0,1000.0,0.0
YESBANK,2018-07-03 17:48:00,2018-06-30,2018-05-16,2018-05-16,Employees/Designated Employees,Market Purchase,Buy,Equity Shares,1000.0,0.0,0.0,0.0,0.0,,0.0,1000.0,0.0
YESBANK,2018-07-03 17:48:00,2018-06-30,2018-05-16,2018-05-16,Employees/Designated Employees,Market Sale,Sell,Equity Shares,1000.0,0.0,0.0,0.0,0.0,1000.0,0.0,,0.0
YESBANK,2018-07-03 17:48:00,2018-06-30,2018-04-24,2018-04-24,Employees/Designated Employees,Market Purchase,Buy,Equity Shares,450.0,0.0,0.0,0.0,0.0,,0.0,450.0,0.0
YESBANK,2018-07-03 17:48:00,2018-06-30,2018-04-24,2018-04-24,Employees/Designated Employees,Market Sale,Sell,Equity Shares,450.0,0.0,0.0,0.0,0.0,450.0,0.0,,0.0
YESBANK,2018-07-03 17:52:00,2018-06-29,2018-06-27,2018-06-27,Ex-Employee,Market Sale,Sell,Equity Shares,6366.0,0.0,0.0,0.0,0.0,4465000.0,0.19,4458634.0,0.19
YESBANK,2018-07-03 17:52:00,2018-07-02,2018-06-29,2018-06-29,Designated Person - Former Employee,Market Sale,Sell,Equity Shares,8000.0,0.0,0.0,0.0,0.0,53000.0,0.0,45000.0,0.0
YESBANK,2018-07-03 17:52:00,2018-06-29,2018-06-29,2018-06-29,Ex-Employee,Market Sale,Sell,Equity Shares,107134.0,0.0,0.0,0.0,0.0,4458634.0,0.19,4351500.0,0.19
YESBANK,2018-07-05 17:38:00,2018-07-03,2018-06-29,2018-06-29,Employees/Designated Employees,Market Sale,Sell,Equity Shares,3000.0,0.0,0.0,0.0,0.0,3000.0,0.0,,0.0
YESBANK,2018-07-06 21:55:00,2018-07-05,2018-07-05,2018-07-05,Employees/Designated Employees,Market Sale,Sell,Equity Shares,3000.0,0.0,0.0,0.0,0.0,42000.0,0.0,39000.0,0.0
YESBANK,2018-07-06 21:55:00,2018-07-05,2018-05-04,2018-05-04,Employees/Designated Employees,Market Purchase,Buy,Equity Shares,500.0,0.0,0.0,0.0,0.0,41500.0,0.0,42000.0,0.0
YESBANK,2018-07-06 21:55:00,2018-07-05,2018-05-04,2018-05-04,Employees/Designated Employees,Market Sale,Sell,Equity Shares,500.0,0.0,0.0,0.0,0.0,42000.0,0.0,41500.0,0.0
YESBANK,2018-07-06 21:55:00,2018-07-05,2018-04-27,2018-04-27,Employees/Designated Employees,Market Sale,Sell,Equity Shares,950.0,0.0,0.0,0.0,0.0,42950.0,0.0,42000.0,0.0
YESBANK,2018-07-11 18:00:00,2018-07-10,2018-07-10,2018-07-10,Employees/Designated Employees,Market Sale,Sell,Equity Shares,6000.0,0.0,0.0,0.0,0.0,37000.0,0.0,31000.0,0.0
YESBANK,2018-07-11 18:00:00,2018-07-10,2018-05-15,2018-05-15,Employees/Designated Employees,ESOP,Buy,Equity Shares,10000.0,0.0,0.0,0.0,0.0,27000.0,0.0,37000.0,0.0
YESBANK,2018-07-16 19:58:00,2018-07-13,2018-07-13,2018-07-13,Employees/Designated Employees,ESOP,Buy,Equity Shares,15000.0,0.0,0.0,0.0,0.0,31000.0,0.0,46000.0,0.0
YESBANK,2018-07-16 19:58:00,2018-07-16,2018-07-13,2018-07-13,Employees/Designated Employees,ESOP,Buy,Equity Shares,14500.0,0.0,0.0,0.0,0.0,291080.0,0.01,305580.0,0.01
YESBANK,2018-07-16 19:58:00,2018-07-12,2018-05-15,2018-05-15,Employees/Designated Employees,ESOP,Buy,Equity Shares,22000.0,0.0,0.0,0.0,0.0,70000.0,0.0,92000.0,0.0
YESBANK,2018-07-16 19:58:00,2018-07-12,2018-04-16,2018-04-16,Employees/Designated Employees,ESOP,Buy,Equity Shares,22500.0,0.0,0.0,0.0,0.0,47500.0,0.0,70000.0,0.0
YESBANK,2018-07-16 19:58:00,2018-07-12,2018-05-24,2018-05-24,Employees/Designated Employees,Revokation of Pledge,Pledge Revoke,Equity Shares,77500.0,0.0,0.0,0.0,0.0,169250.0,0.01,169250.0,0.01
YESBANK,2018-07-17 20:00:00,2018-07-13,2018-05-16,2018-05-16,Employees/Designated Employees,Market Sale,Sell,Equity Shares,17000.0,0.0,0.0,0.0,0.0,65750.0,0.0,48750.0,0.0
YESBANK,2018-07-19 19:24:00,,,,Employees/Designated Employees,-,-,,,1750.0,0.0,584150.0,0.0,,0.0,,
YESBANK,2018-07-19 19:24:00,,,,Employees/Designated Employees,-,-,,,0.0,1750.0,0.0,582400.0,,0.0,,
YESBANK,2018-07-19 19:24:00,,,,Employees/Designated Employees,-,-,,,1750.0,0.0,585200.0,0.0,,0.0,,
YESBANK,2018-07-19 19:24:00,,,,Employees/Designated Employees,-,-,,,1750.0,0.0,586250.0,0.0,,0.0,,
YESBANK,2018-07-19 19:24:00,,,,Employees/Designated Employees,-,-,,,1750.0,0.0,581700.0,0.0,,0.0,,
YESBANK,2018-07-19 19:24:00,,,,Employees/Designated Employees,-,-,,,0.0,3500.0,0.0,1172412.5,,0.0,,
YESBANK,2018-07-19 19:24:00,,,,Employees/Designated Employees,-,-,,,0.0,1750.0,0.0,585987.5,,0.0,,
YESBANK,2018-07-19 19:25:00,2018-07-17,2018-07-13,2018-07-13,Employees/Designated Employees,Market Sale,Sell,Equity Shares,1500.0,0.0,0.0,0.0,0.0,39000.0,0.0,37500.0,0.0
YESBANK,2018-07-19 19:25:00,2018-07-17,2018-07-17,2018-07-17,Employees/Designated Employees,Market Sale,Sell,Equity Shares,3500.0,0.0,0.0,0.0,0.0,37500.0,0.0,34000.0,0.0
YESBANK,2018-07-19 19:25:00,2018-07-18,2018-07-18,2018-07-18,Employees/Designated Employees,ESOP,Buy,Equity Shares,30000.0,0.0,0.0,0.0,0.0,52500.0,0.0,82500.0,0.0
YESBANK,2018-07-19 19:25:00,2018-07-17,2018-07-13,2018-07-13,Employees/Designated Employees,ESOP,Buy,Equity Shares,75000.0,0.0,0.0,0.0,0.0,,0.0,75000.0,0.0
YESBANK,2018-07-20 17:56:00,2018-07-20,2018-07-18,2018-07-18,Employees/Designated Employees,ESOP,Buy,Equity Shares,15000.0,0.0,0.0,0.0,0.0,,0.0,15000.0,0.0
YESBANK,2018-07-20 17:56:00,2018-07-20,2018-07-18,2018-07-18,Employees/Designated Employees,ESOP,Buy,Equity Shares,7000.0,0.0,0.0,0.0,0.0,120.0,0.0,7120.0,0.0
YESBANK,2018-07-20 17:56:00,2018-07-20,2018-07-18,2018-07-18,Employees/Designated Employees,ESOP,Buy,Equity Shares,162500.0,0.0,0.0,0.0,0.0,1000.0,0.0,163500.0,0.01
YESBANK,2018-07-20 17:56:00,2018-07-19,2018-07-18,2018-07-18,Employees/Designated Employees,ESOP,Buy,Equity Shares,15000.0,0.0,0.0,0.0,0.0,20000.0,0.0,35000.0,0.0
YESBANK,2018-07-20 18:07:00,2018-07-19,2018-07-18,2018-07-18,Employees/Designated Employees,Market Sale,Sell,Equity Shares,400.0,0.0,0.0,0.0,0.0,20882.0,0.0,20482.0,0.0
YESBANK,2018-07-20 18:07:00,2018-07-19,2018-07-05,2018-07-05,Employees/Designated Employees,Market Sale,Sell,Equity Shares,100.0,0.0,0.0,0.0,0.0,23402.0,0.0,23302.0,0.0
YESBANK,2018-07-20 18:07:00,2018-07-19,2018-07-06,2018-07-06,Employees/Designated Employees,Market Sale,Sell,Equity Shares,400.0,0.0,0.0,0.0,0.0,23302.0,0.0,22902.0,0.0
YESBANK,2018-07-20 18:07:00,2018-07-19,2018-07-09,2018-07-09,Employees/Designated Employees,Market Sale,Sell,Equity Shares,500.0,0.0,0.0,0.0,0.0,22902.0,0.0,22402.0,0.0
YESBANK,2018-07-20 18:07:00,2018-07-19,2018-07-17,2018-07-17,Employees/Designated Employees,Market Sale,Sell,Equity Shares,300.0,0.0,0.0,0.0,0.0,21182.0,0.0,20882.0,0.0
YESBANK,2018-07-20 18:07:00,2018-07-19,2018-07-16,2018-07-16,Employees/Designated Employees,Market Sale,Sell,Equity Shares,700.0,0.0,0.0,0.0,0.0,21882.0,0.0,21182.0,0.0
YESBANK,2018-07-20 18:07:00,2018-07-19,2018-07-12,2018-07-12,Employees/Designated Employees,Market Sale,Sell,Equity Shares,300.0,0.0,0.0,0.0,0.0,22182.0,0.0,21882.0,0.0
YESBANK,2018-07-20 18:07:00,2018-07-19,2018-07-19,2018-07-19,Employees/Designated Employees,Market Sale,Sell,Equity Shares,600.0,0.0,0.0,0.0,0.0,20482.0,0.0,19882.0,0.0
YESBANK,2018-07-20 18:07:00,2018-07-19,2018-07-10,2018-07-10,Employees/Designated Employees,Market Sale,Sell,Equity Shares,220.0,0.0,0.0,0.0,0.0,22402.0,0.0,22182.0,0.0
YESBANK,2018-07-23 20:38:00,2018-07-19,2018-07-19,2018-07-19,Employees/Designated Employees,Market Sale,Sell,Equity Shares,5000.0,0.0,0.0,0.0,0.0,34000.0,0.0,29000.0,0.0
YESBANK,2018-07-23 20:38:00,2018-07-20,2018-07-18,2018-07-18,Employees/Designated Employees,ESOP,Buy,Equity Shares,137000.0,0.0,0.0,0.0,0.0,140000.0,0.01,277000.0,0.01
YESBANK,2018-07-25 19:45:00,2018-07-23,2018-04-27,2018-05-15,Employees/Designated Employees,Market Sale,Buy,Equity Shares,3000.0,0.0,0.0,0.0,0.0,,0.0,3000.0,0.0
YESBANK,2018-07-25 19:45:00,2018-07-23,2018-05-15,2018-05-15,Employees/Designated Employees,Market Sale,Sell,Equity Shares,1500.0,0.0,0.0,0.0,0.0,3000.0,0.0,1500.0,0.0
YESBANK,2018-07-25 19:45:00,2018-07-23,2018-05-16,2018-05-16,Employees/Designated Employees,Market Sale,Buy,Equity Shares,1500.0,0.0,0.0,0.0,0.0,1500.0,0.0,3000.0,0.0
YESBANK,2018-07-25 19:45:00,2018-07-23,2018-05-16,2018-05-16,Employees/Designated Employees,Market Sale,Sell,Equity Shares,1500.0,0.0,0.0,0.0,0.0,3000.0,0.0,1500.0,0.0
YESBANK,2018-07-25 19:45:00,2018-07-23,2018-05-21,2018-05-21,Employees/Designated Employees,Market Sale,Buy,Equity Shares,1500.0,0.0,0.0,0.0,0.0,1500.0,0.0,3000.0,0.0
YESBANK,2018-07-25 19:45:00,2018-07-23,2018-05-21,2018-05-21,Employees/Designated Employees,Market Sale,Sell,Equity Shares,1500.0,0.0,0.0,0.0,0.0,3000.0,0.0,1500.0,0.0
YESBANK,2018-07-25 19:45:00,2018-07-23,2018-05-25,2018-05-25,Employees/Designated Employees,Market Sale,Sell,Equity Shares,1500.0,0.0,0.0,0.0,0.0,1500.0,0.0,,0.0
YESBANK,2018-07-25 19:45:00,2018-07-23,2018-05-29,2018-05-29,Employees/Designated Employees,Market Sale,Buy,Equity Shares,1000.0,0.0,0.0,0.0,0.0,,0.0,1000.0,0.0
YESBANK,2018-07-25 19:45:00,2018-07-23,2018-05-30,2018-05-30,Employees/Designated Employees,Market Sale,Sell,Equity Shares,1000.0,0.0,0.0,0.0,0.0,1000.0,0.0,,0.0
YESBANK,2018-07-25 19:45:00,2018-07-23,2018-05-31,2018-05-31,Employees/Designated Employees,Market Sale,Buy,Equity Shares,1000.0,0.0,0.0,0.0,0.0,,0.0,1000.0,0.0
YESBANK,2018-07-25 19:48:00,2018-07-23,2018-07-02,2018-07-02,Employees/Designated Employees,Market Sale,Buy,Equity Shares,1000.0,0.0,0.0,0.0,0.0,,0.0,1000.0,0.0
YESBANK,2018-07-25 19:48:00,2018-07-23,2018-06-29,2018-06-29,Employees/Designated Employees,Market Sale,Sell,Equity Shares,1500.0,0.0,0.0,0.0,0.0,1500.0,0.0,,0.0
YESBANK,2018-07-25 19:48:00,2018-07-23,2018-06-11,2018-06-11,Employees/Designated Employees,Market Sale,Sell,Equity Shares,1500.0,0.0,0.0,0.0,0.0,3000.0,0.0,1500.0,0.0
YESBANK,2018-07-25 19:48:00,2018-07-23,2018-06-11,2018-06-11,Employees/Designated Employees,Market Sale,Buy,Equity Shares,1500.0,0.0,0.0,0.0,0.0,1500.0,0.0,3000.0,0.0
YESBANK,2018-07-25 19:48:00,2018-07-23,2018-06-04,2018-06-04,Employees/Designated Employees,Market Sale,Sell,Equity Shares,1000.0,0.0,0.0,0.0,0.0,2000.0,0.0,1000.0,0.0
YESBANK,2018-07-25 19:48:00,2018-07-23,2018-06-04,2018-06-04,Employees/Designated Employees,Market Sale,Buy,Equity Shares,1000.0,0.0,0.0,0.0,0.0,1000.0,0.0,2000.0,0.0
YESBANK,2018-07-25 19:48:00,2018-07-23,2018-06-01,2018-06-01,Employees/Designated Employees,Market Sale,Buy,Equity Shares,1000.0,0.0,0.0,0.0,0.0,,0.0,1000.0,0.0
YESBANK,2018-07-25 19:48:00,2018-07-23,2018-05-31,2018-05-31,Employees/Designated Employees,Market Sale,Sell,Equity Shares,1000.0,0.0,0.0,0.0,0.0,1000.0,0.0,,0.0
YESBANK,2018-07-25 19:48:00,2018-07-23,2018-07-02,2018-07-02,Employees/Designated Employees,Market Sale,Sell,Equity Shares,1000.0,0.0,0.0,0.0,0.0,1000.0,0.0,,0.0
YESBANK,2018-07-25 19:48:00,2018-07-23,2018-06-08,2018-06-08,Employees/Designated Employees,Market Sale,Buy,Equity Shares,500.0,0.0,0.0,0.0,0.0,1000.0,0.0,1500.0,0.0
YESBANK,2018-07-26 19:17:00,2018-07-24,2018-05-08,2018-05-08,Employees/Designated Employees,Revokation of Pledge,Pledge Revoke,Equity Shares,7000.0,0.0,0.0,0.0,0.0,8700.0,0.0,8700.0,0.0
YESBANK,2018-07-31 18:52:00,2018-07-30,2018-07-16,2018-07-16,Employees/Designated Employees,Market Sale,Sell,Equity Shares,1000.0,0.0,0.0,0.0,0.0,5000.0,0.0,4000.0,0.0
YESBANK,2018-07-31 18:52:00,2018-07-30,2018-06-28,2018-06-28,Employees/Designated Employees,Market Sale,Sell,Equity Shares,2000.0,0.0,0.0,0.0,0.0,97550.0,0.0,95550.0,0.0
YESBANK,2018-07-31 18:52:00,2018-07-30,2018-07-30,2018-07-30,Employees/Designated Employees,Market Sale,Sell,Equity Shares,2500.0,0.0,0.0,0.0,0.0,2500.0,0.0,,0.0
YESBANK,2018-07-31 18:52:00,2018-07-30,2018-07-30,2018-07-30,Employees/Designated Employees,Market Sale,Sell,Equity Shares,500.0,0.0,0.0,0.0,0.0,3000.0,0.0,2500.0,0.0
YESBANK,2018-07-31 18:52:00,2018-07-30,2018-07-30,2018-07-30,Employees/Designated Employees,Market Sale,Sell,Equity Shares,1000.0,0.0,0.0,0.0,0.0,90000.0,0.0,89000.0,0.0
YESBANK,2018-07-31 18:52:00,2018-07-30,2018-07-13,2018-07-13,Employees/Designated Employees,ESOP,Buy,Equity Shares,10000.0,0.0,0.0,0.0,0.0,80000.0,0.0,90000.0,0.0
YESBANK,2018-07-31 18:52:00,2018-07-30,2018-07-30,2018-07-30,Employees/Designated Employees,Pledge Creation,Pledge,Equity Shares,25000.0,0.0,0.0,0.0,0.0,25000.0,0.0,25000.0,0.0
YESBANK,2018-07-31 18:52:00,2018-07-27,2018-06-29,2018-06-29,Employees/Designated Employees,Market Sale,Sell,Equity Shares,10000.0,0.0,0.0,0.0,0.0,65000.0,0.0,55000.0,0.0
YESBANK,2018-07-31 18:52:00,2018-07-27,2018-06-15,2018-06-15,Employees/Designated Employees,ESOP,Buy,Equity Shares,15000.0,0.0,0.0,0.0,0.0,50000.0,0.0,65000.0,0.0
YESBANK,2018-07-31 18:52:00,2018-07-30,2018-07-26,2018-07-26,Employees/Designated Employees,Market Sale,Sell,Equity Shares,700.0,0.0,0.0,0.0,0.0,3700.0,0.0,3000.0,0.0
YESBANK,2018-07-31 18:52:00,2018-07-30,2018-07-16,2018-07-16,Employees/Designated Employees,Market Sale,Sell,Equity Shares,300.0,0.0,0.0,0.0,0.0,4000.0,0.0,3700.0,0.0
YESBANK,2018-07-31 18:52:00,2018-07-30,2018-07-30,2018-07-30,Employees/Designated Employees,Market Sale,Sell,Equity Shares,5000.0,0.0,0.0,0.0,0.0,95550.0,0.0,90550.0,0.0
YESBANK,2018-08-01 20:23:00,2018-07-30,2018-07-30,2018-07-30,Employees/Designated Employees,Market Sale,Sell,Equity Shares,2500.0,0.0,0.0,0.0,0.0,58235.0,0.0,55735.0,0.0
YESBANK,2018-08-02 19:08:00,2018-08-01,2018-07-31,2018-07-31,Advisor,Market Purchase,Buy,Equity Shares,2000.0,0.0,0.0,0.0,0.0,34000.0,0.0,36000.0,0.0
YESBANK,2018-08-02 19:18:00,2018-07-31,2018-04-16,2018-04-16,Employees/Designated Employees,ESOP,Buy,Equity Shares,14000.0,0.0,0.0,0.0,0.0,,0.0,14000.0,0.0
YESBANK,2018-08-02 19:18:00,2018-07-31,2018-07-30,2018-07-30,Employees/Designated Employees,Market Sale,Sell,Equity Shares,27000.0,0.0,0.0,0.0,0.0,237500.0,0.01,210500.0,0.01
YESBANK,2018-08-02 19:18:00,2018-07-31,2018-07-31,2018-07-31,Employees/Designated Employees,Revokation of Pledge,Pledge,Equity Shares,25000.0,0.0,0.0,0.0,0.0,25000.0,0.0,25000.0,0.0
YESBANK,2018-08-02 19:18:00,2018-07-31,2018-07-31,2018-07-31,Employees/Designated Employees,Market Sale,Sell,Equity Shares,25000.0,0.0,0.0,0.0,0.0,25000.0,0.0,,0.0
YESBANK,2018-08-02 19:18:00,2018-07-31,2018-05-15,2018-05-15,Employees/Designated Employees,ESOP,Buy,Equity Shares,2000.0,0.0,0.0,0.0,0.0,14000.0,0.0,16000.0,0.0
YESBANK,2018-08-02 19:18:00,2018-07-31,2018-07-30,2018-07-30,Employees/Designated Employees,Market Sale,Sell,Equity Shares,12000.0,0.0,0.0,0.0,0.0,16000.0,0.0,4000.0,0.0
YESBANK,2018-08-03 19:28:00,2018-08-01,2018-07-31,2018-07-31,Employees/Designated Employees,Market Sale,Sell,Equity Shares,4000.0,0.0,0.0,0.0,0.0,1159290.0,0.05,1155290.0,0.05
YESBANK,2018-08-03 19:28:00,2018-08-01,2018-07-31,2018-07-31,Employees/Designated Employees,Market Sale,Sell,Equity Shares,10000.0,0.0,0.0,0.0,0.0,121500.0,0.01,111500.0,0.0
YESBANK,2018-08-03 19:28:00,2018-08-01,2018-08-01,2018-08-01,Employees/Designated Employees,Revokation of Pledge,Pledge,Equity Shares,10500.0,0.0,0.0,0.0,0.0,66625.0,0.0,66625.0,0.0
YESBANK,2018-08-03 19:28:00,2018-08-01,2018-07-30,2018-07-30,Employees/Designated Employees,Market Sale,Sell,Equity Shares,2000.0,0.0,0.0,0.0,0.0,1962000.0,0.09,1960000.0,0.09
YESBANK,2018-08-03 19:28:00,2018-08-01,2018-07-31,2018-07-31,Employees/Designated Employees,Market Sale,Sell,Equity Shares,2000.0,0.0,0.0,0.0,0.0,1960000.0,0.09,1958000.0,0.09
YESBANK,2018-08-03 19:28:00,2018-08-01,2018-07-31,2018-07-31,Employees/Designated Employees,Market Sale,Sell,Equity Shares,4000.0,0.0,0.0,0.0,0.0,261000.0,0.01,257000.0,0.01
YESBANK,2018-08-06 18:54:00,2018-08-02,2018-07-31,2018-07-31,Employees/Designated Employees,Market Sale,Sell,Equity Shares,3000.0,0.0,0.0,0.0,0.0,80000.0,0.0,77000.0,0.0
YESBANK,2018-08-06 19:40:00,2018-08-02,2018-07-31,2018-07-31,Employees/Designated Employees,Market Sale,Sell,Equity Shares,6500.0,0.0,0.0,0.0,0.0,6500.0,0.0,,0.0
YESBANK,2018-08-07 18:42:00,2018-08-03,2018-06-29,2018-06-29,Employees/Designated Employees,Market Sale,Sell,Equity Shares,3000.0,0.0,0.0,0.0,0.0,15000.0,0.0,12000.0,0.0
YESBANK,2018-08-07 18:42:00,2018-08-03,2018-08-01,2018-08-01,Employees/Designated Employees,Market Sale,Sell,Equity Shares,3000.0,0.0,0.0,0.0,0.0,12000.0,0.0,9000.0,0.0
YESBANK,2018-08-07 18:42:00,2018-08-03,2018-08-03,2018-08-03,Employees/Designated Employees,Market Sale,Sell,Equity Shares,2000.0,0.0,0.0,0.0,0.0,33600.0,0.0,31600.0,0.0
YESBANK,2018-08-07 18:42:00,2018-08-03,2018-08-03,2018-08-03,Employees/Designated Employees,Revokation of Pledge,Pledge Revoke,Equity Shares,2000.0,0.0,0.0,0.0,0.0,33600.0,0.0,33600.0,0.0
YESBANK,2018-08-07 18:42:00,2018-08-03,2018-08-02,2018-08-02,Employees/Designated Employees,Market Sale,Sell,Equity Shares,15000.0,0.0,0.0,0.0,0.0,20000.0,0.0,5000.0,0.0
YESBANK,2018-08-08 20:06:00,2018-08-06,2018-08-03,2018-08-03,Employees/Designated Employees,Market Sale,Sell,Equity Shares,16500.0,0.0,0.0,0.0,0.0,305580.0,0.01,289080.0,0.01
YESBANK,2018-08-08 20:06:00,2018-08-06,2018-08-03,2018-08-03,Employees/Designated Employees,Market Sale,Sell,Equity Shares,10000.0,0.0,0.0,0.0,0.0,1958000.0,0.09,1948000.0,0.08
YESBANK,2018-08-08 20:06:00,2018-08-06,2018-08-03,2018-08-03,Employees/Designated Employees,Market Sale,Sell,Equity Shares,50000.0,0.0,0.0,0.0,0.0,1143517.0,0.05,1093517.0,0.05
YESBANK,2018-08-08 20:06:00,2018-08-06,2018-08-02,2018-08-02,Employees/Designated Employees,Market Sale,Sell,Equity Shares,25000.0,0.0,0.0,0.0,0.0,161223.0,0.01,136223.0,0.01
YESBANK,2018-08-08 20:06:00,2018-08-06,2018-08-06,2018-08-06,Employees/Designated Employees,Market Sale,Sell,Equity Shares,3000.0,0.0,0.0,0.0,0.0,74500.0,0.0,71500.0,0.0
YESBANK,2018-08-08 20:06:00,2018-08-06,2018-08-03,2018-08-03,Employees/Designated Employees,Market Sale,Sell,Equity Shares,3000.0,0.0,0.0,0.0,0.0,9000.0,0.0,6000.0,0.0
YESBANK,2018-08-08 20:06:00,2018-08-06,2018-08-01,2018-08-01,Employees/Designated Employees,Market Sale,Sell,Equity Shares,2000.0,0.0,0.0,0.0,0.0,257000.0,0.01,255000.0,0.01
YESBANK,2018-08-08 20:06:00,2018-08-06,2018-08-03,2018-08-03,Employees/Designated Employees,Market Sale,Sell,Equity Shares,2500.0,0.0,0.0,0.0,0.0,255000.0,0.01,252500.0,0.01
YESBANK,2018-08-08 20:06:00,2018-08-06,2018-08-03,2018-08-03,Employees/Designated Employees,Market Sale,Sell,Equity Shares,2500.0,0.0,0.0,0.0,0.0,77000.0,0.0,74500.0,0.0
YESBANK,2018-08-08 20:06:00,2018-08-06,2018-08-03,2018-08-03,Employees/Designated Employees,Market Sale,Sell,Equity Shares,50000.0,0.0,0.0,0.0,0.0,136223.0,0.01,86223.0,0.0
YESBANK,2018-08-09 18:19:00,2018-08-07,2018-06-29,2018-06-29,Employees/Designated Employees,Market Sale,Sell,Equity Shares,2750.0,0.0,0.0,0.0,0.0,68000.0,0.0,65250.0,0.0
YESBANK,2018-08-09 18:19:00,2018-08-07,2018-08-03,2018-08-03,Employees/Designated Employees,Market Sale,Sell,Equity Shares,3000.0,0.0,0.0,0.0,0.0,65250.0,0.0,62250.0,0.0
YESBANK,2018-08-09 18:19:00,2018-08-07,2018-08-07,2018-08-07,Employees/Designated Employees,Market Sale,Sell,Equity Shares,3000.0,0.0,0.0,0.0,0.0,62250.0,0.0,59250.0,0.0
YESBANK,2018-08-09 18:19:00,2018-08-08,2018-08-06,2018-08-06,Employees/Designated Employees,Market Sale,Sell,Equity Shares,2000.0,0.0,0.0,0.0,0.0,89000.0,0.0,87000.0,0.0
YESBANK,2018-08-09 18:19:00,2018-08-08,2018-08-07,2018-08-07,Employees/Designated Employees,Market Sale,Sell,Equity Shares,1000.0,0.0,0.0,0.0,0.0,87000.0,0.0,86000.0,0.0
YESBANK,2018-08-09 18:19:00,2018-08-07,2018-08-06,2018-08-06,Employees/Designated Employees,Market Sale,Sell,Equity Shares,25000.0,0.0,0.0,0.0,0.0,1149290.0,0.05,1124290.0,0.05
YESBANK,2018-08-09 18:19:00,2018-08-08,2018-08-07,2018-08-07,Employees/Designated Employees,Market Sale,Sell,Equity Shares,4000.0,0.0,0.0,0.0,0.0,3100000.0,0.13,3096000.0,0.13
YESBANK,2018-08-09 18:19:00,2018-08-08,2018-08-08,2018-08-08,Employees/Designated Employees,Market Sale,Sell,Equity Shares,3000.0,0.0,0.0,0.0,0.0,3096000.0,0.13,3093000.0,0.13
YESBANK,2018-08-09 18:23:00,2018-08-08,2018-08-07,2018-08-07,Employees/Designated Employees,Market Sale,Sell,Equity Shares,500.0,0.0,0.0,0.0,0.0,30500.0,0.0,30000.0,0.0
YESBANK,2018-08-09 18:23:00,2018-08-08,2018-07-19,2018-07-19,Employees/Designated Employees,Market Sale,Sell,Equity Shares,500.0,0.0,0.0,0.0,0.0,31000.0,0.0,30500.0,0.0
YESBANK,2018-08-09 18:23:00,2018-08-08,2018-07-12,2018-07-12,Employees/Designated Employees,Market Sale,Sell,Equity Shares,500.0,0.0,0.0,0.0,0.0,31500.0,0.0,31000.0,0.0
YESBANK,2018-08-09 18:23:00,2018-08-08,2018-07-10,2018-07-10,Employees/Designated Employees,Market Sale,Sell,Equity Shares,500.0,0.0,0.0,0.0,0.0,32000.0,0.0,31500.0,0.0
YESBANK,2018-08-09 18:23:00,2018-08-08,2018-07-09,2018-07-09,Employees/Designated Employees,Market Sale,Sell,Equity Shares,500.0,0.0,0.0,0.0,0.0,32500.0,0.0,32000.0,0.0
YESBANK,2018-08-09 18:23:00,2018-08-08,2018-07-05,2018-07-05,Employees/Designated Employees,Market Sale,Sell,Equity Shares,500.0,0.0,0.0,0.0,0.0,33000.0,0.0,32500.0,0.0
YESBANK,2018-08-09 18:23:00,2018-08-08,2018-06-19,2018-06-19,Employees/Designated Employees,ESOP,Buy,Equity Shares,2000.0,0.0,0.0,0.0,0.0,31000.0,0.0,33000.0,0.0
YESBANK,2018-08-09 18:23:00,2018-08-08,2018-05-15,2018-05-15,Employees/Designated Employees,ESOP,Buy,Equity Shares,3500.0,0.0,0.0,0.0,0.0,27500.0,0.0,31000.0,0.0
YESBANK,2018-08-09 18:23:00,2018-08-08,2018-04-16,2018-04-16,Employees/Designated Employees,ESOP,Buy,Equity Shares,3000.0,0.0,0.0,0.0,0.0,25000.0,0.0,28000.0,0.0
YESBANK,2018-08-09 18:23:00,2018-08-08,2018-05-08,2018-05-08,Employees/Designated Employees,Market Sale,Sell,Equity Shares,500.0,0.0,0.0,0.0,0.0,28000.0,0.0,27500.0,0.0
YESBANK,2018-08-09 18:57:00,2018-08-08,2018-08-08,2018-08-08,Employees/Designated Employees,Market Sale,Sell,Equity Shares,10000.0,0.0,0.0,0.0,0.0,111500.0,0.0,101500.0,0.0
YESBANK,2018-08-09 18:57:00,2018-08-08,2018-08-08,2018-08-08,Employees/Designated Employees,Market Sale,Sell,Equity Shares,20000.0,0.0,0.0,0.0,0.0,205575.0,0.01,185575.0,0.01
YESBANK,2018-08-09 18:57:00,2018-08-07,2018-08-07,2018-08-07,Employees/Designated Employees,Market Sale,Sell,Equity Shares,1000.0,0.0,0.0,0.0,0.0,250000.0,0.01,249000.0,0.01
YESBANK,2018-08-09 18:57:00,2018-08-07,2018-08-06,2018-08-06,Employees/Designated Employees,Market Sale,Sell,Equity Shares,2500.0,0.0,0.0,0.0,0.0,252500.0,0.01,250000.0,0.01
YESBANK,2018-08-09 18:57:00,2018-08-07,2018-08-07,2018-08-07,Employees/Designated Employees,Revokation of Pledge,Pledge Revoke,Equity Shares,5000.0,0.0,0.0,0.0,0.0,65000.0,0.0,65000.0,0.0
YESBANK,2018-08-09 18:57:00,2018-08-08,2018-08-08,2018-08-08,Employees/Designated Employees,Revokation of Pledge,Pledge Revoke,Equity Shares,3000.0,0.0,0.0,0.0,0.0,60000.0,0.0,60000.0,0.0
YESBANK,2018-08-09 18:57:00,2018-08-08,2018-08-08,2018-08-08,Employees/Designated Employees,Market Sale,Sell,Equity Shares,3000.0,0.0,0.0,0.0,0.0,60000.0,0.0,57000.0,0.0
YESBANK,2018-08-09 18:57:00,2018-08-08,2018-08-07,2018-08-07,Employees/Designated Employees,Market Sale,Sell,Equity Shares,20000.0,0.0,0.0,0.0,0.0,125000.0,0.01,105000.0,0.01
YESBANK,2018-08-09 18:57:00,2018-08-07,2018-08-07,2018-08-07,Employees/Designated Employees,Market Sale,Sell,Equity Shares,5000.0,0.0,0.0,0.0,0.0,65000.0,0.0,60000.0,0.0
YESBANK,2018-08-09 19:07:00,2018-08-07,2018-08-06,2018-08-06,Employees/Designated Employees,Market Sale,Sell,Equity Shares,10000.0,0.0,0.0,0.0,0.0,1948000.0,0.08,1938000.0,0.08
YESBANK,2018-08-09 19:07:00,2018-08-08,2018-08-07,2018-08-07,Employees/Designated Employees,Market Sale,Sell,Equity Shares,7000.0,0.0,0.0,0.0,0.0,1938000.0,0.08,1931000.0,0.08
YESBANK,2018-08-09 19:07:00,2018-08-07,2018-08-03,2018-08-03,Employees/Designated Employees,Market Sale,Sell,Equity Shares,2500.0,0.0,0.0,0.0,0.0,35000.0,0.0,32500.0,0.0
YESBANK,2018-08-09 19:07:00,2018-08-07,2018-08-06,2018-08-06,Employees/Designated Employees,Market Sale,Sell,Equity Shares,400.0,0.0,0.0,0.0,0.0,12400.0,0.0,12000.0,0.0
YESBANK,2018-08-09 19:07:00,2018-08-07,2018-08-03,2018-08-03,Employees/Designated Employees,Market Sale,Sell,Equity Shares,600.0,0.0,0.0,0.0,0.0,13000.0,0.0,12400.0,0.0
YESBANK,2018-08-09 19:07:00,2018-08-07,2018-08-02,2018-08-02,Employees/Designated Employees,Market Sale,Sell,Equity Shares,1100.0,0.0,0.0,0.0,0.0,14100.0,0.0,13000.0,0.0
YESBANK,2018-08-09 19:07:00,2018-08-07,2018-08-06,2018-08-06,Employees/Designated Employees,Market Sale,Sell,Equity Shares,2000.0,0.0,0.0,0.0,0.0,32500.0,0.0,30500.0,0.0
YESBANK,2018-08-09 19:07:00,2018-08-07,2018-08-07,2018-08-07,Employees/Designated Employees,Market Sale,Sell,Equity Shares,1550.0,0.0,0.0,0.0,0.0,12000.0,0.0,10450.0,0.0
YESBANK,2018-08-10 18:34:00,2018-08-08,2018-08-06,2018-08-06,Employees/Designated Employees,Market Sale,Sell,Equity Shares,50000.0,0.0,0.0,0.0,0.0,5911085.0,0.26,5861085.0,0.25
YESBANK,2018-08-10 18:34:00,2018-08-08,2018-08-07,2018-08-07,Employees/Designated Employees,Market Sale,Sell,Equity Shares,13000.0,0.0,0.0,0.0,0.0,5861085.0,0.25,5848085.0,0.25
YESBANK,2018-08-10 18:34:00,2018-08-08,2018-08-08,2018-08-08,Employees/Designated Employees,Market Sale,Sell,Equity Shares,37000.0,0.0,0.0,0.0,0.0,5848085.0,0.25,5811085.0,0.25
YESBANK,2018-08-10 18:34:00,2018-08-10,2018-08-10,2018-08-10,Employees/Designated Employees,Market Sale,Sell,Equity Shares,50000.0,0.0,0.0,0.0,0.0,5811085.0,0.25,5761085.0,0.25
YESBANK,2018-08-10 18:41:00,2018-08-10,2018-07-30,2018-08-08,Employees/Designated Employees,Market Sale,Sell,Equity Shares,3200.0,0.0,0.0,0.0,0.0,20300.0,0.0,17100.0,0.0
YESBANK,2018-08-10 18:41:00,2018-08-09,2018-08-07,2018-08-07,Employees/Designated Employees,Revokation of Pledge,Pledge Revoke,Equity Shares,1000.0,0.0,0.0,0.0,0.0,30600.0,0.0,30600.0,0.0
YESBANK,2018-08-10 18:41:00,2018-08-09,2018-08-06,2018-08-06,Employees/Designated Employees,Revokation of Pledge,Pledge Revoke,Equity Shares,1000.0,0.0,0.0,0.0,0.0,31600.0,0.0,31600.0,0.0
YESBANK,2018-08-10 18:41:00,2018-08-09,2018-08-06,2018-08-06,Employees/Designated Employees,Market Sale,Sell,Equity Shares,1000.0,0.0,0.0,0.0,0.0,31600.0,0.0,30600.0,0.0
YESBANK,2018-08-10 18:43:00,2018-08-08,2018-08-06,2018-08-06,Employees/Designated Employees,Market Sale,Sell,Equity Shares,2000.0,0.0,0.0,0.0,0.0,25550.0,0.0,23550.0,0.0
YESBANK,2018-08-10 18:43:00,2018-08-08,2018-08-07,2018-08-07,Employees/Designated Employees,Market Sale,Sell,Equity Shares,2000.0,0.0,0.0,0.0,0.0,23550.0,0.0,21550.0,0.0
YESBANK,2018-08-10 18:52:00,2018-08-10,2018-08-09,2018-08-09,Employees/Designated Employees,Market Sale,Sell,Equity Shares,35000.0,0.0,0.0,0.0,0.0,61980.0,0.0,26980.0,0.0
YESBANK,2018-08-10 18:52:00,2018-08-10,2018-08-10,2018-08-10,Employees/Designated Employees,Market Sale,Sell,Equity Shares,30400.0,0.0,0.0,0.0,0.0,310000.0,0.01,279600.0,0.01
YESBANK,2018-08-10 18:52:00,2018-08-09,2018-08-08,2018-08-08,Employees/Designated Employees,Market Sale,Sell,Equity Shares,200.0,0.0,0.0,0.0,0.0,10450.0,0.0,10250.0,0.0
YESBANK,2018-08-10 18:52:00,2018-08-10,2018-08-10,2018-08-10,Employees/Designated Employees,Market Sale,Sell,Equity Shares,5250.0,0.0,0.0,0.0,0.0,10250.0,0.0,5000.0,0.0
YESBANK,2018-08-10 18:52:00,2018-08-08,2018-08-08,2018-08-08,Employees/Designated Employees,Market Sale,Sell,Equity Shares,5000.0,0.0,0.0,0.0,0.0,887250.0,0.04,882250.0,0.04
YESBANK,2018-08-10 18:52:00,2018-08-09,2018-08-09,2018-08-09,Employees/Designated Employees,Market Sale,Sell,Equity Shares,7000.0,0.0,0.0,0.0,0.0,57000.0,0.0,50000.0,0.0
YESBANK,2018-08-13 19:50:00,2018-08-13,2018-08-13,2018-08-13,Employees/Designated Employees,Market Sale,Sell,Equity Shares,500.0,0.0,0.0,0.0,0.0,3090500.0,0.13,3090000.0,0.13
YESBANK,2018-08-13 19:50:00,2018-08-13,2018-08-10,2018-08-10,Employees/Designated Employees,Market Sale,Sell,Equity Shares,5000.0,0.0,0.0,0.0,0.0,1114290.0,0.05,1109290.0,0.05
YESBANK,2018-08-13 19:50:00,2018-08-10,2018-08-08,2018-08-08,Employees/Designated Employees,Market Sale,Sell,Equity Shares,5000.0,0.0,0.0,0.0,0.0,1119290.0,0.05,1114290.0,0.05
YESBANK,2018-08-13 19:50:00,2018-08-10,2018-08-10,2018-08-10,Employees/Designated Employees,Revokation of Pledge,Pledge Revoke,Equity Shares,1000.0,0.0,0.0,0.0,0.0,29600.0,0.0,29600.0,0.0
YESBANK,2018-08-13 19:50:00,2018-08-10,2018-08-07,2018-08-07,Employees/Designated Employees,Market Sale,Sell,Equity Shares,1000.0,0.0,0.0,0.0,0.0,30600.0,0.0,29600.0,0.0
YESBANK,2018-08-13 19:50:00,2018-08-09,2018-08-07,2018-08-07,Employees/Designated Employees,Market Sale,Sell,Equity Shares,5000.0,0.0,0.0,0.0,0.0,1124290.0,0.05,1119290.0,0.05
YESBANK,2018-08-13 19:50:00,2018-08-10,2018-08-10,2018-08-10,Employees/Designated Employees,Market Sale,Sell,Equity Shares,1000.0,0.0,0.0,0.0,0.0,29600.0,0.0,28600.0,0.0
YESBANK,2018-08-13 19:50:00,2018-08-13,2018-08-10,2018-08-10,Employees/Designated Employees,Market Sale,Sell,Equity Shares,10000.0,0.0,0.0,0.0,0.0,185575.0,0.01,175575.0,0.01
YESBANK,2018-08-13 19:50:00,2018-08-10,2018-08-10,2018-08-10,Employees/Designated Employees,Market Sale,Sell,Equity Shares,6000.0,0.0,0.0,0.0,0.0,21550.0,0.0,15550.0,0.0
YESBANK,2018-08-13 19:50:00,2018-08-13,2018-08-10,2018-08-10,Employees/Designated Employees,Market Sale,Sell,Equity Shares,2500.0,0.0,0.0,0.0,0.0,3093000.0,0.13,3090500.0,0.13
YESBANK,2018-08-13 19:50:00,2018-08-10,2018-08-10,2018-08-10,Employees/Designated Employees,Market Sale,Sell,Equity Shares,6500.0,0.0,0.0,0.0,0.0,71500.0,0.0,65000.0,0.0
YESBANK,2018-08-13 19:50:00,2018-08-10,2018-08-09,2018-08-09,Employees/Designated Employees,Market Sale,Sell,Equity Shares,12500.0,0.0,0.0,0.0,0.0,82500.0,0.0,70000.0,0.0
YESBANK,2018-08-14 19:20:00,2018-08-14,2018-08-14,2018-08-14,Employees/Designated Employees,ESOP,Buy,Equity Shares,2750.0,0.0,0.0,0.0,0.0,145750.0,0.01,148500.0,0.01
YESBANK,2018-08-14 19:20:00,2018-08-14,2018-08-14,2018-08-14,Employees/Designated Employees,Market Sale,Sell,Equity Shares,2000.0,0.0,0.0,0.0,0.0,148500.0,0.01,146500.0,0.01
YESBANK,2018-08-14 19:20:00,2018-08-14,2018-05-15,2018-05-15,Employees/Designated Employees,ESOP,Buy,Equity Shares,7000.0,0.0,0.0,0.0,0.0,210500.0,0.01,217500.0,0.01
YESBANK,2018-08-14 19:20:00,2018-08-14,2018-07-13,2018-07-13,Employees/Designated Employees,ESOP,Buy,Equity Shares,4500.0,0.0,0.0,0.0,0.0,217500.0,0.01,222000.0,0.01
YESBANK,2018-08-14 19:20:00,2018-08-14,2018-08-14,2018-08-14,Employees/Designated Employees,ESOP,Buy,Equity Shares,7500.0,0.0,0.0,0.0,0.0,222000.0,0.01,229500.0,0.01
YESBANK,2018-08-14 19:20:00,2018-08-14,2018-08-14,2018-08-14,Employees/Designated Employees,ESOP,Buy,Equity Shares,10000.0,0.0,0.0,0.0,0.0,,0.0,10000.0,0.0
YESBANK,2018-08-14 19:20:00,2018-08-14,2018-07-13,2018-07-13,Employees/Designated Employees,ESOP,Buy,Equity Shares,2000.0,0.0,0.0,0.0,0.0,143750.0,0.01,145750.0,0.01
YESBANK,2018-08-14 19:20:00,2018-08-10,2018-08-06,2018-08-06,Employees/Designated Employees,Market Sale,Sell,Equity Shares,1500.0,0.0,0.0,0.0,0.0,6000.0,0.0,4500.0,0.0
YESBANK,2018-08-14 19:20:00,2018-08-10,2018-08-08,2018-08-08,Employees/Designated Employees,Market Sale,Sell,Equity Shares,2000.0,0.0,0.0,0.0,0.0,4500.0,0.0,2500.0,0.0
YESBANK,2018-08-14 19:20:00,2018-08-10,2018-08-09,2018-08-09,Employees/Designated Employees,Market Sale,Sell,Equity Shares,1500.0,0.0,0.0,0.0,0.0,2500.0,0.0,1000.0,0.0
YESBANK,2018-08-14 19:27:00,2018-08-14,2018-08-10,2018-08-10,Employees/Designated Employees,Revokation of Pledge,Pledge Revoke,Equity Shares,47500.0,0.0,0.0,0.0,0.0,47500.0,0.0,47500.0,0.0
YESBANK,2018-08-14 19:27:00,2018-08-14,2018-08-10,2018-08-10,Employees/Designated Employees,Market Sale,Sell,Equity Shares,47500.0,0.0,0.0,0.0,0.0,47500.0,0.0,,0.0
YESBANK,2018-08-14 19:27:00,2018-08-14,2018-08-10,2018-08-10,Employees/Designated Employees,Market Sale,Sell,Equity Shares,8900.0,0.0,0.0,0.0,0.0,1929000.0,0.08,1920100.0,0.08
YESBANK,2018-08-14 19:27:00,2018-08-14,2018-08-08,2018-08-08,Employees/Designated Employees,Market Sale,Sell,Equity Shares,2000.0,0.0,0.0,0.0,0.0,1931000.0,0.08,1929000.0,0.08
YESBANK,2018-08-14 19:27:00,2018-08-14,2018-08-14,2018-08-14,Employees/Designated Employees,ESOP,Buy,Equity Shares,20000.0,0.0,0.0,0.0,0.0,,0.0,20000.0,0.0
YESBANK,2018-08-17 16:24:00,2018-08-17,2018-08-14,2018-08-14,Employees/Designated Employees,ESOP,Buy,Equity Shares,122500.0,0.0,0.0,0.0,0.0,245000.0,0.01,367500.0,0.01
YESBANK,2018-08-17 16:24:00,2018-08-16,2018-08-14,2018-08-14,Employees/Designated Employees,ESOP,Buy,Equity Shares,450000.0,0.0,0.0,0.0,0.0,5761085.0,0.25,6211085.0,0.27
YESBANK,2018-08-17 16:24:00,2018-08-17,2018-08-14,2018-08-14,Employees/Designated Employees,ESOP,Buy,Equity Shares,10000.0,0.0,0.0,0.0,0.0,16000.0,0.0,26000.0,0.0
YESBANK,2018-08-17 16:24:00,2018-08-06,2018-08-03,2018-08-06,Employees/Designated Employees,Market Sale,Sell,Equity Shares,6000.0,0.0,0.0,0.0,0.0,22000.0,0.0,16000.0,0.0
YESBANK,2018-08-20 19:35:00,2018-08-20,2018-08-20,2018-08-20,Employees/Designated Employees,Market Sale,Sell,Equity Shares,3000.0,0.0,0.0,0.0,0.0,26600.0,0.0,23600.0,0.0
YESBANK,2018-08-20 19:35:00,2018-08-20,2018-08-20,2018-08-20,Employees/Designated Employees,Revokation of Pledge,Pledge Revoke,Equity Shares,3000.0,0.0,0.0,0.0,0.0,26600.0,0.0,26600.0,0.0
YESBANK,2018-08-20 19:35:00,2018-08-17,2018-08-17,2018-08-17,Employees/Designated Employees,Market Sale,Sell,Equity Shares,2000.0,0.0,0.0,0.0,0.0,28600.0,0.0,26600.0,0.0
YESBANK,2018-08-20 19:35:00,2018-08-17,2018-08-17,2018-08-17,Employees/Designated Employees,Revokation of Pledge,Pledge Revoke,Equity Shares,2000.0,0.0,0.0,0.0,0.0,28600.0,0.0,28600.0,0.0
YESBANK,2018-08-20 19:35:00,2018-08-20,2018-08-09,2018-08-09,Employees/Designated Employees,Market Sale,Sell,Equity Shares,7500.0,0.0,0.0,0.0,0.0,7500.0,0.0,,0.0
YESBANK,2018-08-20 19:35:00,2018-08-20,2018-07-13,2018-07-13,Employees/Designated Employees,ESOP,Buy,Equity Shares,7500.0,0.0,0.0,0.0,0.0,,0.0,7500.0,0.0
YESBANK,2018-08-20 19:35:00,2018-08-20,2018-08-17,2018-08-20,Employees/Designated Employees,Market Sale,Sell,Equity Shares,3500.0,0.0,0.0,0.0,0.0,13100.0,0.0,9600.0,0.0
YESBANK,2018-08-20 19:35:00,2018-08-17,2018-08-14,2018-08-14,Employees/Designated Employees,Market Sale,Sell,Equity Shares,40000.0,0.0,0.0,0.0,0.0,86223.0,0.0,46223.0,0.0
YESBANK,2018-08-20 19:40:00,2018-08-17,2018-08-16,2018-08-16,Employees/Designated Employees,Market Sale,Sell,Equity Shares,1500.0,0.0,0.0,0.0,0.0,3090000.0,0.13,3088500.0,0.13
YESBANK,2018-08-20 19:40:00,2018-08-17,2018-08-14,2018-08-14,Employees/Designated Employees,ESOP,Buy,Equity Shares,5000.0,0.0,0.0,0.0,0.0,85000.0,0.0,90000.0,0.0
YESBANK,2018-08-20 19:40:00,2018-08-17,2018-08-10,2018-08-10,Employees/Designated Employees,Market Sale,Sell,Equity Shares,1000.0,0.0,0.0,0.0,0.0,86000.0,0.0,85000.0,0.0
YESBANK,2018-08-20 19:40:00,2018-08-20,2018-08-17,2018-08-17,Employees/Designated Employees,Market Sale,Sell,Equity Shares,3000.0,0.0,0.0,0.0,0.0,28000.0,0.0,25000.0,0.0
YESBANK,2018-08-20 19:40:00,2018-08-20,2018-08-14,2018-08-14,Employees/Designated Employees,Market Sale,Sell,Equity Shares,2500.0,0.0,0.0,0.0,0.0,30500.0,0.0,28000.0,0.0
YESBANK,2018-08-20 19:40:00,2018-08-20,2018-08-17,2018-08-17,Employees/Designated Employees,Market Sale,Sell,Equity Shares,3000.0,0.0,0.0,0.0,0.0,1920100.0,0.08,1917100.0,0.08
YESBANK,2018-08-20 19:40:00,2018-08-20,2018-08-17,2018-08-17,Employees/Designated Employees,Market Sale,Sell,Equity Shares,6000.0,0.0,0.0,0.0,0.0,367500.0,0.02,361500.0,0.02
YESBANK,2018-08-20 19:40:00,2018-08-17,2018-08-17,2018-08-17,Employees/Designated Employees,Market Sale,Sell,Equity Shares,6000.0,0.0,0.0,0.0,0.0,3088500.0,0.13,3082500.0,0.13
YESBANK,2018-08-20 19:40:00,2018-08-17,2018-08-17,2018-08-17,Employees/Designated Employees,Market Sale,Sell,Equity Shares,1000.0,0.0,0.0,0.0,0.0,90000.0,0.0,89000.0,0.0
YESBANK,2018-08-21 18:37:00,2018-08-21,2018-08-21,2018-08-21,Employees/Designated Employees,ESOP,Buy,Equity Shares,21250.0,0.0,0.0,0.0,0.0,10300.0,0.0,31550.0,0.0
YESBANK,2018-08-21 18:37:00,2018-08-21,2018-08-20,2018-08-20,Employees/Designated Employees,Market Sale,Sell,Equity Shares,10000.0,0.0,0.0,0.0,0.0,1109290.0,0.05,1099290.0,0.05
YESBANK,2018-08-21 18:37:00,2018-08-21,2018-08-20,2018-08-20,Employees/Designated Employees,Market Sale,Sell,Equity Shares,5000.0,0.0,0.0,0.0,0.0,105000.0,0.01,100000.0,0.0
YESBANK,2018-08-21 18:37:00,2018-08-21,2018-08-20,2018-08-20,Employees/Designated Employees,Market Sale,Sell,Equity Shares,15000.0,0.0,0.0,0.0,0.0,65000.0,0.0,50000.0,0.0
YESBANK,2018-08-21 18:37:00,2018-08-20,2018-08-17,2018-08-17,Employees/Designated Employees,Market Sale,Sell,Equity Shares,100000.0,0.0,0.0,0.0,0.0,186250.0,0.01,86250.0,0.0
YESBANK,2018-08-21 18:37:00,2018-08-20,2018-08-20,2018-08-20,Immediate relative,Market Sale,Sell,Equity Shares,13000.0,0.0,0.0,0.0,0.0,13000.0,0.0,,0.0
YESBANK,2018-08-23 19:50:00,2018-08-23,2018-08-21,2018-08-21,Employees/Designated Employees,ESOP,Buy,Equity Shares,25000.0,0.0,0.0,0.0,0.0,70000.0,0.0,95000.0,0.0
YESBANK,2018-08-23 19:50:00,2018-08-23,2018-08-21,2018-08-21,Employees/Designated Employees,ESOP,Buy,Equity Shares,180000.0,0.0,0.0,0.0,0.0,470000.0,0.02,650000.0,0.03
YESBANK,2018-08-23 19:50:00,2018-08-23,2018-08-21,2018-08-21,Employees/Designated Employees,ESOP,Buy,Equity Shares,67500.0,0.0,0.0,0.0,0.0,66625.0,0.0,134125.0,0.01
YESBANK,2018-08-23 19:50:00,2018-08-21,2018-08-17,2018-08-17,Employees/Designated Employees,Market Sale,Sell,Equity Shares,5000.0,0.0,0.0,0.0,0.0,45000.0,0.0,40000.0,0.0
YESBANK,2018-08-23 19:50:00,2018-08-21,2018-07-03,2018-07-03,Employees/Designated Employees,Market Sale,Sell,Equity Shares,200.0,0.0,0.0,0.0,0.0,45400.0,0.0,45200.0,0.0
YESBANK,2018-08-23 19:50:00,2018-08-21,2018-07-05,2018-07-05,Employees/Designated Employees,Market Sale,Sell,Equity Shares,200.0,0.0,0.0,0.0,0.0,45200.0,0.0,45000.0,0.0
YESBANK,2018-08-23 19:50:00,2018-08-23,2018-08-21,2018-08-21,Key Managerial Personnel,ESOP,Buy,Equity Shares,62500.0,0.0,0.0,0.0,0.0,26980.0,0.0,89480.0,0.0
YESBANK,2018-08-24 19:56:00,2018-08-24,2018-08-24,2018-08-24,Employees/Designated Employees,Market Sale,Sell,Equity Shares,4703.0,0.0,0.0,0.0,0.0,281673.0,0.01,276970.0,0.01
YESBANK,2018-08-24 19:56:00,2018-08-24,2018-08-17,2018-08-17,Employees/Designated Employees,Market Sale,Sell,Equity Shares,257.0,0.0,0.0,0.0,0.0,281930.0,0.01,281673.0,0.01
YESBANK,2018-08-24 19:56:00,2018-08-24,2018-06-28,2018-06-28,Employees/Designated Employees,Market Sale,Sell,Equity Shares,450.0,0.0,0.0,0.0,0.0,282380.0,0.01,281930.0,0.01
YESBANK,2018-08-24 19:56:00,2018-08-24,2018-08-21,2018-08-21,Employees/Designated Employees,ESOP,Buy,Equity Shares,75000.0,0.0,0.0,0.0,0.0,35500.0,0.0,110500.0,0.0
YESBANK,2018-08-24 19:56:00,2018-08-24,2018-08-21,2018-08-21,Employees/Designated Employees,Market Sale,Sell,Equity Shares,2500.0,0.0,0.0,0.0,0.0,30000.0,0.0,27500.0,0.0
YESBANK,2018-08-24 19:56:00,2018-08-24,2018-08-21,2018-08-21,Employees/Designated Employees,ESOP,Buy,Equity Shares,5000.0,0.0,0.0,0.0,0.0,25000.0,0.0,30000.0,0.0
YESBANK,2018-08-24 19:56:00,2018-08-24,2018-08-23,2018-08-23,Employees/Designated Employees,Market Sale,Sell,Equity Shares,2000.0,0.0,0.0,0.0,0.0,27500.0,0.0,25500.0,0.0
YESBANK,2018-08-24 20:06:00,2018-08-23,2018-08-21,2018-08-21,Employees/Designated Employees,ESOP,Buy,Equity Shares,150000.0,0.0,0.0,0.0,0.0,50.0,0.0,150050.0,0.01
YESBANK,2018-08-24 20:06:00,2018-08-24,2018-08-21,2018-08-21,Employees/Designated Employees,ESOP,Buy,Equity Shares,100000.0,0.0,0.0,0.0,0.0,5000.0,0.0,105000.0,0.01
YESBANK,2018-08-24 20:06:00,2018-08-23,2018-08-21,2018-08-21,Employees/Designated Employees,ESOP,Buy,Equity Shares,62500.0,0.0,0.0,0.0,0.0,,0.0,62500.0,0.0
YESBANK,2018-08-24 20:06:00,2018-08-24,2018-08-20,2018-08-20,Employees/Designated Employees,Market Sale,Sell,Equity Shares,3000.0,0.0,0.0,0.0,0.0,127500.0,0.01,124500.0,0.01
YESBANK,2018-08-24 20:06:00,2018-08-24,2018-08-21,2018-08-21,Employees/Designated Employees,ESOP,Buy,Equity Shares,32500.0,0.0,0.0,0.0,0.0,289080.0,0.01,321580.0,0.01
YESBANK,2018-08-27 19:42:00,2018-08-24,2018-08-17,2018-08-17,Employees/Designated Employees,Market Sale,Sell,Equity Shares,2500.0,0.0,0.0,0.0,0.0,65000.0,0.0,62500.0,0.0
YESBANK,2018-08-27 19:42:00,2018-08-24,2018-08-21,2018-08-21,Employees/Designated Employees,ESOP,Buy,Equity Shares,15000.0,0.0,0.0,0.0,0.0,62500.0,0.0,77500.0,0.0
YESBANK,2018-08-27 19:42:00,2018-08-27,2018-08-02,2018-08-06,Employees/Designated Employees,Market Sale,Sell,Equity Shares,7000.0,0.0,0.0,0.0,0.0,7000.0,0.0,,0.0
YESBANK,2018-08-27 19:42:00,2018-08-23,2018-08-21,2018-08-21,Employees/Designated Employees,ESOP,Buy,Equity Shares,25000.0,0.0,0.0,0.0,0.0,6670.0,0.0,31670.0,0.0
YESBANK,2018-08-27 19:42:00,2018-08-24,2018-08-10,2018-08-10,Employees/Designated Employees,Market Sale,Sell,Equity Shares,1000.0,0.0,0.0,0.0,0.0,1000.0,0.0,,0.0
YESBANK,2018-08-27 19:42:00,2018-08-24,2018-08-21,2018-08-21,Employees/Designated Employees,ESOP,Buy,Equity Shares,30000.0,0.0,0.0,0.0,0.0,,0.0,30000.0,0.0
YESBANK,2018-08-27 19:42:00,2018-08-24,2018-08-21,2018-08-21,Employees/Designated Employees,ESOP,Buy,Equity Shares,18000.0,0.0,0.0,0.0,0.0,,0.0,18000.0,0.0
YESBANK,2018-08-29 19:25:00,2018-08-28,2018-08-20,2018-08-20,Employees/Designated Employees,Market Sale,Sell,Equity Shares,1000.0,0.0,0.0,0.0,0.0,361500.0,0.02,360500.0,0.02
YESBANK,2018-08-29 19:25:00,2018-08-28,2018-08-27,2018-08-27,Employees/Designated Employees,Market Sale,Sell,Equity Shares,2000.0,0.0,0.0,0.0,0.0,3081500.0,0.13,3079500.0,0.13
YESBANK,2018-08-29 19:25:00,2018-08-28,2018-08-20,2018-08-20,Employees/Designated Employees,Market Sale,Sell,Equity Shares,1000.0,0.0,0.0,0.0,0.0,3082500.0,0.13,3081500.0,0.13
YESBANK,2018-08-29 19:25:00,2018-08-28,2018-08-27,2018-08-27,Employees/Designated Employees,Market Sale,Sell,Equity Shares,5500.0,0.0,0.0,0.0,0.0,360500.0,0.02,355000.0,0.02
YESBANK,2018-08-30 19:03:00,2018-08-30,2018-08-28,2018-08-28,Employees/Designated Employees,Market Sale,Sell,Equity Shares,5000.0,0.0,0.0,0.0,0.0,30000.0,0.0,25000.0,0.0
YESBANK,2018-08-30 19:03:00,2018-08-29,2018-08-29,2018-08-29,Employees/Designated Employees,Pledge Creation,Pledge,Equity Shares,10000.0,0.0,0.0,0.0,0.0,10000.0,0.0,10000.0,0.0
YESBANK,2018-08-30 19:03:00,2018-08-30,2018-08-29,2018-08-29,Employees/Designated Employees,Market Sale,Sell,Equity Shares,10000.0,0.0,0.0,0.0,0.0,25000.0,0.0,15000.0,0.0
YESBANK,2018-08-31 18:32:00,2018-08-29,2018-08-27,2018-08-27,Employees/Designated Employees,Market Sale,Sell,Equity Shares,57000.0,0.0,0.0,0.0,0.0,276970.0,0.01,219970.0,0.01
YESBANK,2018-09-04 18:04:00,2018-09-03,2018-09-03,2018-09-03,Employees/Designated Employees,Pledge Creation,Pledge,Equity Shares,8000.0,0.0,0.0,0.0,0.0,50400.0,0.0,50400.0,0.0
YESBANK,2018-09-04 18:04:00,2018-08-24,2018-08-23,2018-08-23,Employees/Designated Employees,Revokation of Pledge,Pledge Revoke,Equity Shares,150000.0,0.0,0.0,0.0,0.0,186250.0,0.01,186250.0,0.01
YESBANK,2018-09-04 19:15:00,2018-08-20,2018-08-17,2018-08-20,Employees/Designated Employees,Market Sale,Sell,Equity Shares,4000.0,0.0,0.0,0.0,0.0,26000.0,0.0,22000.0,0.0
YESBANK,2018-09-05 18:58:00,2018-09-03,2018-08-30,2018-08-30,Employees/Designated Employees,Pledge Creation,Pledge,Equity Shares,97500.0,0.0,0.0,0.0,0.0,355000.0,0.02,355000.0,0.02
YESBANK,2018-09-06 19:31:00,2018-09-05,2018-09-03,2018-09-03,Employees/Designated Employees,Market Sale,Sell,Equity Shares,5000.0,0.0,0.0,0.0,0.0,15000.0,0.0,10000.0,0.0
YESBANK,2018-09-06 19:31:00,2018-09-05,2018-09-05,2018-09-05,Employees/Designated Employees,Market Sale,Sell,Equity Shares,10000.0,0.0,0.0,0.0,0.0,75500.0,0.0,65500.0,0.0
YESBANK,2018-09-06 19:31:00,2018-09-05,2018-09-04,2018-09-04,Employees/Designated Employees,Market Sale,Sell,Equity Shares,2000.0,0.0,0.0,0.0,0.0,77500.0,0.0,75500.0,0.0
YESBANK,2018-09-06 19:31:00,2018-09-05,2018-09-04,2018-09-04,Employees/Designated Employees,Market Sale,Sell,Equity Shares,2500.0,0.0,0.0,0.0,0.0,10000.0,0.0,7500.0,0.0
YESBANK,2018-09-07 19:51:00,2018-09-05,2018-08-27,2018-08-27,Employees/Designated Employees,Market Sale,Sell,Equity Shares,5000.0,0.0,0.0,0.0,0.0,372455.0,0.01,367455.0,0.01
YESBANK,2018-09-07 19:51:00,2018-08-10,2018-08-10,2018-08-10,Employees/Designated Employees,Market Sale,Sell,Equity Shares,7500.0,0.0,0.0,0.0,0.0,50000.0,0.0,42500.0,0.0
YESBANK,2018-09-07 19:51:00,2018-08-10,2018-08-10,2018-08-10,Employees/Designated Employees,Revokation of Pledge,Pledge Revoke,Equity Shares,7500.0,0.0,0.0,0.0,0.0,50000.0,0.0,50000.0,0.0
YESBANK,2018-09-07 19:51:00,2018-09-05,2018-09-04,2018-09-04,Employees/Designated Employees,Market Sale,Sell,Equity Shares,3000.0,0.0,0.0,0.0,0.0,10000.0,0.0,7000.0,0.0
YESBANK,2018-09-07 19:51:00,2018-09-05,2018-08-14,2018-08-14,Employees/Designated Employees,ESOP,Buy,Equity Shares,10000.0,0.0,0.0,0.0,0.0,,0.0,10000.0,0.0
YESBANK,2018-09-07 19:51:00,2018-09-05,2018-09-03,2018-09-03,Employees/Designated Employees,Market Sale,Sell,Equity Shares,5000.0,0.0,0.0,0.0,0.0,367455.0,0.01,362455.0,0.01
YESBANK,2018-09-07 19:51:00,2018-08-09,2018-08-09,2018-08-09,Employees/Designated Employees,Revokation of Pledge,Pledge Revoke,Equity Shares,7000.0,0.0,0.0,0.0,0.0,57000.0,0.0,57000.0,0.0
YESBANK,2018-09-11 19:26:00,2018-09-11,2018-08-17,2018-08-17,Employees/Designated Employees,Market Sale,Sell,Equity Shares,1500.0,0.0,0.0,0.0,0.0,146500.0,0.01,145000.0,0.01
YESBANK,2018-09-11 19:26:00,2018-09-07,2018-09-07,2018-09-07,Employees/Designated Employees,Market Sale,Sell,Equity Shares,5000.0,0.0,0.0,0.0,0.0,5000.0,0.0,,0.0
YESBANK,2018-09-11 19:26:00,2018-09-11,2018-09-11,2018-09-11,Employees/Designated Employees,ESOP,Buy,Equity Shares,1000.0,0.0,0.0,0.0,0.0,144000.0,0.01,145000.0,0.01
YESBANK,2018-09-11 19:26:00,2018-09-11,2018-09-11,2018-09-11,Employees/Designated Employees,ESOP,Buy,Equity Shares,10000.0,0.0,0.0,0.0,0.0,22082.0,0.0,32082.0,0.0
YESBANK,2018-09-11 19:26:00,2018-09-10,2018-09-07,2018-09-07,Employees/Designated Employees,Market Sale,Sell,Equity Shares,53000.0,0.0,0.0,0.0,0.0,210500.0,0.01,157500.0,0.01
YESBANK,2018-09-11 19:26:00,2018-09-07,2018-09-05,2018-09-05,Employees/Designated Employees,Market Sale,Sell,Equity Shares,2000.0,0.0,0.0,0.0,0.0,7000.0,0.0,5000.0,0.0
YESBANK,2018-09-11 19:26:00,2018-09-11,2018-08-20,2018-08-20,Employees/Designated Employees,Market Sale,Sell,Equity Shares,1000.0,0.0,0.0,0.0,0.0,145000.0,0.01,144000.0,0.01
YESBANK,2018-09-11 19:26:00,2018-09-11,2018-09-11,2018-09-11,Employees/Designated Employees,ESOP,Buy,Equity Shares,5000.0,0.0,0.0,0.0,0.0,,0.0,5000.0,0.0
YESBANK,2018-09-14 18:59:00,2018-09-12,2018-08-14,2018-08-14,Employees/Designated Employees,ESOP,Buy,Equity Shares,4500.0,0.0,0.0,0.0,0.0,46000.0,0.0,50500.0,0.0
YESBANK,2018-09-14 18:59:00,2018-09-11,2018-09-11,2018-09-11,Employees/Designated Employees,ESOP,Buy,Equity Shares,639500.0,0.0,0.0,0.0,0.0,1000.0,0.0,640500.0,0.03
YESBANK,2018-09-14 18:59:00,2018-09-11,2018-08-14,2018-08-14,Employees/Designated Employees,ESOP,Buy,Equity Shares,1000.0,0.0,0.0,0.0,0.0,,0.0,1000.0,0.0
YESBANK,2018-09-14 18:59:00,2018-09-11,2018-09-11,2018-09-11,Employees/Designated Employees,ESOP,Buy,Equity Shares,6500.0,0.0,0.0,0.0,0.0,30375.0,0.0,36875.0,0.0
YESBANK,2018-09-14 18:59:00,2018-09-11,2018-09-11,2018-09-11,Employees/Designated Employees,ESOP,Buy,Equity Shares,100000.0,0.0,0.0,0.0,0.0,10000.0,0.0,110000.0,0.0
YESBANK,2018-09-14 18:59:00,2018-09-12,2018-09-11,2018-09-11,Employees/Designated Employees,ESOP,Buy,Equity Shares,10000.0,0.0,0.0,0.0,0.0,50500.0,0.0,60500.0,0.0
YESBANK,2018-09-17 18:18:00,2018-09-12,2018-09-11,2018-09-11,Employees/Designated Employees,ESOP,Buy,Equity Shares,13750.0,0.0,0.0,0.0,0.0,6050.0,0.0,19800.0,0.0
YESBANK,2018-09-18 19:54:00,2018-09-14,2018-09-11,2018-09-11,Employees/Designated Employees,ESOP,Buy,Equity Shares,20000.0,0.0,0.0,0.0,0.0,9000.0,0.0,29000.0,0.0
YESBANK,2018-09-18 19:54:00,2018-09-14,2018-09-10,2018-09-10,Employees/Designated Employees,Market Sale,Sell,Equity Shares,600.0,0.0,0.0,0.0,0.0,9600.0,0.0,9000.0,0.0
YESBANK,2018-09-18 19:54:00,2018-09-18,2018-09-18,2018-09-18,Employees/Designated Employees,Market Sale,Sell,Equity Shares,100000.0,0.0,0.0,0.0,0.0,1633000.0,0.07,1533000.0,0.07
YESBANK,2018-09-18 19:54:00,2018-09-17,2018-09-10,2018-09-10,Employees/Designated Employees,Market Sale,Sell,Equity Shares,3000.0,0.0,0.0,0.0,0.0,65500.0,0.0,62500.0,0.0
YESBANK,2018-09-18 19:54:00,2018-09-17,2018-08-14,2018-08-14,Employees/Designated Employees,ESOP,Buy,Equity Shares,5000.0,0.0,0.0,0.0,0.0,125000.0,0.01,130000.0,0.01
YESBANK,2018-09-18 19:54:00,2018-09-17,2018-07-13,2018-07-13,Employees/Designated Employees,ESOP,Buy,Equity Shares,5000.0,0.0,0.0,0.0,0.0,120000.0,0.01,125000.0,0.01
YESBANK,2018-09-18 19:54:00,2018-09-17,2018-09-10,2018-09-10,Employees/Designated Employees,Market Sale,Sell,Equity Shares,3000.0,0.0,0.0,0.0,0.0,62500.0,0.0,59500.0,0.0
YESBANK,2018-09-18 19:54:00,2018-09-17,2018-05-17,2018-05-17,Employees/Designated Employees,ESOP,Buy,Equity Shares,5000.0,0.0,0.0,0.0,0.0,115000.0,0.0,120000.0,0.01
YESBANK,2018-09-19 17:04:00,2018-09-18,2018-08-21,2018-08-21,Employees/Designated Employees,ESOP,Buy,Equity Shares,5000.0,0.0,0.0,0.0,0.0,127000.0,0.01,132000.0,0.01
YESBANK,2018-09-19 17:04:00,2018-09-18,2018-09-18,2018-09-18,Employees/Designated Employees,ESOP,Buy,Equity Shares,7500.0,0.0,0.0,0.0,0.0,132000.0,0.01,139500.0,0.01
YESBANK,2018-09-19 17:04:00,2018-09-19,2018-09-18,2018-09-18,Employees/Designated Employees,ESOP,Buy,Equity Shares,73000.0,0.0,0.0,0.0,0.0,332285.0,0.01,405285.0,0.02
YESBANK,2018-09-19 17:04:00,2018-09-18,2018-09-18,2018-09-18,Employees/Designated Employees,ESOP,Buy,Equity Shares,15000.0,0.0,0.0,0.0,0.0,15550.0,0.0,30550.0,0.0
YESBANK,2018-09-20 19:35:00,2018-09-18,2018-09-18,2018-09-18,Employees/Designated Employees,ESOP,Buy,Equity Shares,10500.0,0.0,0.0,0.0,0.0,6775.0,0.0,17275.0,0.0
YESBANK,2018-09-20 19:35:00,2018-09-19,2018-08-20,2018-08-20,Employees/Designated Employees,Market Sale,Sell,Equity Shares,1000.0,0.0,0.0,0.0,0.0,7000.0,0.0,6000.0,0.0
YESBANK,2018-09-20 19:35:00,2018-09-19,2018-08-21,2018-08-21,Employees/Designated Employees,ESOP,Buy,Equity Shares,5000.0,0.0,0.0,0.0,0.0,6000.0,0.0,11000.0,0.0
YESBANK,2018-09-20 19:35:00,2018-09-18,2018-09-18,2018-09-18,Employees/Designated Employees,ESOP,Buy,Equity Shares,25000.0,0.0,0.0,0.0,0.0,23600.0,0.0,48600.0,0.0
YESBANK,2018-09-20 19:35:00,2018-09-19,2018-09-18,2018-09-18,Employees/Designated Employees,ESOP,Buy,Equity Shares,3000.0,0.0,0.0,0.0,0.0,11000.0,0.0,14000.0,0.0
YESBANK,2018-09-20 19:35:00,2018-09-19,2018-09-19,2018-09-19,Employees/Designated Employees,Market Sale,Sell,Equity Shares,7500.0,0.0,0.0,0.0,0.0,7500.0,0.0,,0.0
YESBANK,2018-09-20 19:35:00,2018-09-20,2018-08-28,2018-08-28,Employees/Designated Employees,Market Sale,Sell,Equity Shares,2000.0,0.0,0.0,0.0,0.0,25500.0,0.0,23500.0,0.0
YESBANK,2018-09-20 19:35:00,2018-09-20,2018-09-18,2018-09-18,Employees/Designated Employees,ESOP,Buy,Equity Shares,10000.0,0.0,0.0,0.0,0.0,23500.0,0.0,33500.0,0.0
YESBANK,2018-09-21 19:48:00,2018-09-21,2018-08-20,2018-09-20,Employees/Designated Employees,Revokation of Pledge,Pledge Revoke,Equity Shares,5000.0,0.0,0.0,0.0,0.0,34310.0,0.0,34310.0,0.0
YESBANK,2018-09-21 19:48:00,2018-09-21,2018-08-20,2018-08-20,Employees/Designated Employees,Market Sale,Sell,Equity Shares,1000.0,0.0,0.0,0.0,0.0,34310.0,0.0,33310.0,0.0
YESBANK,2018-09-21 19:48:00,2018-09-21,2018-08-21,2018-08-21,Employees/Designated Employees,Market Sale,Sell,Equity Shares,5000.0,0.0,0.0,0.0,0.0,29310.0,0.0,24310.0,0.0
YESBANK,2018-09-21 19:48:00,2018-09-21,2018-08-21,2018-08-21,Employees/Designated Employees,Market Sale,Sell,Equity Shares,5000.0,0.0,0.0,0.0,0.0,24310.0,0.0,19310.0,0.0
YESBANK,2018-09-21 19:48:00,2018-09-21,2018-08-23,2018-08-23,Employees/Designated Employees,Revokation of Pledge,Pledge Revoke,Equity Shares,14250.0,0.0,0.0,0.0,0.0,19310.0,0.0,19310.0,0.0
YESBANK,2018-09-21 19:48:00,2018-09-21,2018-08-20,2018-08-20,Employees/Designated Employees,Market Sale,Sell,Equity Shares,4000.0,0.0,0.0,0.0,0.0,33310.0,0.0,29310.0,0.0
YESBANK,2018-09-21 19:48:00,2018-09-21,2018-08-14,2018-08-14,Employees/Designated Employees,Market Sale,Sell,Equity Shares,7000.0,0.0,0.0,0.0,0.0,50110.0,0.0,43110.0,0.0
YESBANK,2018-09-21 19:48:00,2018-09-21,2018-08-23,2018-08-23,Employees/Designated Employees,Market Sale,Sell,Equity Shares,5000.0,0.0,0.0,0.0,0.0,19310.0,0.0,14310.0,0.0
YESBANK,2018-09-21 19:48:00,2018-09-21,2018-08-10,2018-08-10,Employees/Designated Employees,Revokation of Pledge,Pledge Revoke,Equity Shares,5700.0,0.0,0.0,0.0,0.0,50110.0,0.0,50110.0,0.0
YESBANK,2018-09-21 19:48:00,2018-09-21,2018-09-18,2018-09-18,Employees/Designated Employees,ESOP,Buy,Equity Shares,35000.0,0.0,0.0,0.0,0.0,14310.0,0.0,49310.0,0.0
YESBANK,2018-09-21 19:48:00,2018-09-21,2018-08-17,2018-08-17,Employees/Designated Employees,Market Sale,Sell,Equity Shares,3000.0,0.0,0.0,0.0,0.0,38110.0,0.0,35110.0,0.0
YESBANK,2018-09-21 19:48:00,2018-09-21,2018-08-17,2018-08-17,Employees/Designated Employees,Market Sale,Sell,Equity Shares,800.0,0.0,0.0,0.0,0.0,35110.0,0.0,34310.0,0.0
YESBANK,2018-09-21 19:48:00,2018-09-21,2018-08-21,2018-08-21,Employees/Designated Employees,Revokation of Pledge,Pledge Revoke,Equity Shares,15000.0,0.0,0.0,0.0,0.0,29310.0,0.0,29310.0,0.0
YESBANK,2018-09-21 19:48:00,2018-09-21,2018-08-16,2018-08-16,Employees/Designated Employees,Market Sale,Sell,Equity Shares,5000.0,0.0,0.0,0.0,0.0,43110.0,0.0,38110.0,0.0
YESBANK,2018-09-21 19:52:00,2018-09-21,2018-09-18,2018-09-18,Employees/Designated Employees,ESOP,Buy,Equity Shares,20000.0,0.0,0.0,0.0,0.0,156000.0,0.01,176000.0,0.01
YESBANK,2018-09-21 19:52:00,2018-09-21,2018-09-18,2018-09-18,Employees/Designated Employees,ESOP,Buy,Equity Shares,30000.0,0.0,0.0,0.0,0.0,130000.0,0.01,160000.0,0.01
YESBANK,2018-09-21 19:52:00,2018-09-19,2018-09-18,2018-09-18,Director,Market Purchase,Buy,Equity Shares,300.0,0.0,0.0,0.0,0.0,2400.0,0.0,2700.0,0.0
YESBANK,2018-09-24 19:52:00,2018-09-24,2018-09-21,2018-09-21,Employees/Designated Employees,Market Sale,Sell,Equity Shares,22500.0,0.0,0.0,0.0,0.0,130000.0,0.01,107500.0,0.0
YESBANK,2018-09-25 17:42:00,2018-09-24,2018-07-23,2018-07-23,Employees/Designated Employees,Market Sale,Sell,Equity Shares,500.0,0.0,0.0,0.0,0.0,44201.0,0.0,43701.0,0.0
YESBANK,2018-09-25 17:42:00,2018-09-24,2018-07-12,2018-07-12,Employees/Designated Employees,Market Sale,Sell,Equity Shares,200.0,0.0,0.0,0.0,0.0,43401.0,0.0,43201.0,0.0
YESBANK,2018-09-25 17:42:00,2018-09-24,2018-07-18,2018-07-18,Employees/Designated Employees,Market Sale,Sell,Equity Shares,500.0,0.0,0.0,0.0,0.0,44701.0,0.0,44201.0,0.0
YESBANK,2018-09-25 17:42:00,2018-09-24,2018-07-13,2018-07-13,Employees/Designated Employees,ESOP,Buy,Equity Shares,1500.0,0.0,0.0,0.0,0.0,43201.0,0.0,44701.0,0.0
YESBANK,2018-09-25 17:42:00,2018-09-24,2018-08-10,2018-08-10,Employees/Designated Employees,Market Sale,Sell,Equity Shares,1000.0,0.0,0.0,0.0,0.0,43701.0,0.0,42701.0,0.0
YESBANK,2018-09-25 17:42:00,2018-09-24,2018-08-14,2018-08-14,Employees/Designated Employees,ESOP,Buy,Equity Shares,2500.0,0.0,0.0,0.0,0.0,42701.0,0.0,45201.0,0.0
YESBANK,2018-09-25 17:42:00,2018-09-24,2018-08-20,2018-08-20,Employees/Designated Employees,Market Sale,Sell,Equity Shares,500.0,0.0,0.0,0.0,0.0,45201.0,0.0,44701.0,0.0
YESBANK,2018-09-25 17:58:00,2018-09-24,2018-09-24,2018-09-24,Advisor,Market Purchase,Buy,Equity Shares,4000.0,0.0,0.0,0.0,0.0,41000.0,0.0,45000.0,0.0
YESBANK,2018-09-25 17:58:00,2018-09-24,2018-09-21,2018-09-21,Advisor,Market Purchase,Buy,Equity Shares,5000.0,0.0,0.0,0.0,0.0,36000.0,0.0,41000.0,0.0
YESBANK,2018-09-25 18:02:00,2018-09-24,2018-09-24,2018-09-24,Employees/Designated Employees,Pledge Creation,Pledge,Equity Shares,20000.0,0.0,0.0,0.0,0.0,122050.0,0.01,122050.0,0.01
YESBANK,2018-09-25 18:02:00,2018-09-24,2018-03-27,2018-03-27,Employees/Designated Employees,Pledge Creation,Pledge,Equity Shares,2000.0,0.0,0.0,0.0,0.0,128400.0,0.01,128400.0,0.01
YESBANK,2018-09-25 18:02:00,2018-09-24,2018-09-07,2018-09-07,Employees/Designated Employees,Market Purchase,Buy,Equity Shares,1395.0,0.0,0.0,0.0,0.0,6426.0,0.0,7821.0,0.0
YESBANK,2018-09-25 18:02:00,2018-09-24,2018-09-24,2018-09-24,Employees/Designated Employees,Pledge Creation,Pledge,Equity Shares,25000.0,0.0,0.0,0.0,0.0,190005.0,0.01,190005.0,0.01
YESBANK,2018-09-25 18:02:00,2018-09-24,2018-09-24,2018-09-24,Employees/Designated Employees,Pledge Creation,Pledge,Equity Shares,40000.0,0.0,0.0,0.0,0.0,193000.0,0.01,193000.0,0.01
YESBANK,2018-09-25 18:02:00,2018-09-24,2018-09-21,2018-09-21,Employees/Designated Employees,Market Purchase,Buy,Equity Shares,4217.0,0.0,0.0,0.0,0.0,7821.0,0.0,12038.0,0.0
YESBANK,2018-09-25 18:02:00,2018-09-24,2018-09-11,2018-09-11,Employees/Designated Employees,ESOP,Buy,Equity Shares,1525.0,0.0,0.0,0.0,0.0,55735.0,0.0,57260.0,0.0
YESBANK,2018-09-25 18:02:00,2018-09-24,2018-09-24,2018-09-24,Employees/Designated Employees,Pledge Creation,Pledge,Equity Shares,30000.0,0.0,0.0,0.0,0.0,128400.0,0.01,128400.0,0.01
YESBANK,2018-09-25 18:02:00,2018-09-24,2018-09-22,2018-09-22,Employees/Designated Employees,Pledge Creation,Pledge,Equity Shares,25000.0,0.0,0.0,0.0,0.0,190005.0,0.01,190005.0,0.01
YESBANK,2018-09-25 18:02:00,2018-09-24,2018-09-21,2018-09-21,Employees/Designated Employees,Invocation of pledge,Pledge Invoke,Equity Shares,6000.0,0.0,0.0,0.0,0.0,19800.0,0.0,13800.0,0.0
YESBANK,2018-09-25 18:13:00,2018-09-24,2018-09-21,2018-09-21,Employees/Designated Employees,Market Purchase,Buy,Equity Shares,3000.0,0.0,0.0,0.0,0.0,8048.0,0.0,11048.0,0.0
YESBANK,2018-09-25 18:13:00,2018-09-24,2018-09-21,2018-09-21,Employees/Designated Employees,Market Sale,Sell,Equity Shares,2000.0,0.0,0.0,0.0,0.0,8048.0,0.0,6048.0,0.0
YESBANK,2018-09-25 18:13:00,2018-09-24,2018-09-21,2018-09-21,Employees/Designated Employees,Market Purchase,Buy,Equity Shares,2000.0,0.0,0.0,0.0,0.0,6048.0,0.0,8048.0,0.0
YESBANK,2018-09-25 18:13:00,2018-09-24,2018-09-21,2018-09-21,Employees/Designated Employees,Revokation of Pledge,Pledge Revoke,Equity Shares,4000.0,0.0,0.0,0.0,0.0,133500.0,0.01,133500.0,0.01
YESBANK,2018-09-25 18:13:00,2018-09-24,2018-09-21,2018-09-21,Employees/Designated Employees,Market Sale,Sell,Equity Shares,3000.0,0.0,0.0,0.0,0.0,11048.0,0.0,8048.0,0.0
YESBANK,2018-09-25 18:13:00,2018-09-24,2018-09-11,2018-09-11,Employees/Designated Employees,ESOP,Buy,Equity Shares,1000.0,0.0,0.0,0.0,0.0,132500.0,0.01,133500.0,0.01
YESBANK,2018-09-25 18:13:00,2018-09-24,2018-08-14,2018-08-14,Employees/Designated Employees,ESOP,Buy,Equity Shares,2000.0,0.0,0.0,0.0,0.0,130500.0,0.01,132500.0,0.01
YESBANK,2018-09-25 19:15:00,2018-09-21,2018-09-18,2018-09-18,Employees/Designated Employees,Pledge Creation,Pledge,Equity Shares,5000.0,0.0,0.0,0.0,0.0,5030.0,0.0,5030.0,0.0
YESBANK,2018-09-25 19:15:00,2018-09-21,2018-09-18,2018-09-18,Employees/Designated Employees,ESOP,Buy,Equity Shares,5000.0,0.0,0.0,0.0,0.0,30.0,0.0,5030.0,0.0
YESBANK,2018-09-26 19:47:00,2018-09-25,2018-09-17,2018-09-17,Employees/Designated Employees,Pledge Creation,Pledge,Equity Shares,2000.0,0.0,0.0,0.0,0.0,25005.0,0.0,25005.0,0.0
YESBANK,2018-09-26 19:47:00,2018-09-25,2018-09-24,2018-09-24,Employees/Designated Employees,Pledge Creation,Pledge,Equity Shares,2400.0,0.0,0.0,0.0,0.0,25005.0,0.0,25005.0,0.0
YESBANK,2018-09-26 19:47:00,2018-09-25,2018-06-18,2018-06-18,Employees/Designated Employees,Pledge Creation,Pledge,Equity Shares,1000.0,0.0,0.0,0.0,0.0,25005.0,0.0,25005.0,0.0
YESBANK,2018-09-26 19:47:00,2018-09-25,2018-09-24,2018-09-24,Employees/Designated Employees,Pledge Creation,Pledge,Equity Shares,45000.0,0.0,0.0,0.0,0.0,204100.0,0.01,204100.0,0.01
YESBANK,2018-09-26 19:47:00,2018-09-25,2018-09-25,2018-09-25,Employees/Designated Employees,Pledge Creation,Pledge,Equity Shares,1000.0,0.0,0.0,0.0,0.0,57260.0,0.0,57260.0,0.0
YESBANK,2018-09-26 19:47:00,2018-09-25,2018-09-24,2018-09-24,Employees/Designated Employees,Market Sale,Sell,Equity Shares,40000.0,0.0,0.0,0.0,0.0,60000.0,0.0,20000.0,0.0
YESBANK,2018-09-26 19:51:00,2018-09-25,2018-09-21,2018-09-21,Promoters,Market Sale,Sell,Equity Shares,500000.0,0.0,0.0,0.0,0.0,39212250.0,1.7,38712250.0,1.68
YESBANK,2018-09-26 19:51:00,2018-09-25,2018-09-21,2018-09-21,Promoters,Market Sale,Sell,Equity Shares,350000.0,0.0,0.0,0.0,0.0,175625000.0,7.62,175275000.0,7.6
YESBANK,2018-09-27 17:38:00,2018-09-26,2018-09-24,2018-09-24,Employees/Designated Employees,Pledge Creation,Pledge,Equity Shares,17500.0,0.0,0.0,0.0,0.0,352000.0,0.02,352000.0,0.02
YESBANK,2018-09-27 17:38:00,2018-09-26,2018-09-10,2018-09-10,Employees/Designated Employees,Market Sale,Sell,Equity Shares,3000.0,0.0,0.0,0.0,0.0,355000.0,0.02,352000.0,0.02
YESBANK,2018-09-27 17:38:00,2018-09-26,2018-09-24,2018-09-24,Employees/Designated Employees,Pledge Creation,Pledge,Equity Shares,32500.0,0.0,0.0,0.0,0.0,352000.0,0.02,352000.0,0.02
YESBANK,2018-09-27 17:38:00,2018-09-26,2018-09-24,2018-09-24,Employees/Designated Employees,Pledge Creation,Pledge,Equity Shares,10000.0,0.0,0.0,0.0,0.0,110000.0,0.0,110000.0,0.0
YESBANK,2018-09-27 17:38:00,2018-09-26,2018-09-26,2018-09-26,Employees/Designated Employees,Pledge Creation,Pledge,Equity Shares,5000.0,0.0,0.0,0.0,0.0,50400.0,0.0,50400.0,0.0
YESBANK,2018-09-27 17:38:00,2018-09-26,2018-09-21,2018-09-21,Employees/Designated Employees,Market Purchase,Buy,Equity Shares,1260.0,0.0,0.0,0.0,0.0,12038.0,0.0,13298.0,0.0
YESBANK,2018-09-27 17:38:00,2018-09-26,2018-09-26,2018-09-26,Employees/Designated Employees,Market Purchase,Buy,Equity Shares,3560.0,0.0,0.0,0.0,0.0,13298.0,0.0,16858.0,0.0
YESBANK,2018-09-27 17:38:00,2018-09-27,2018-09-26,2018-09-26,Employees/Designated Employees,Pledge Creation,Pledge,Equity Shares,15000.0,0.0,0.0,0.0,0.0,124500.0,0.01,124500.0,0.01
YESBANK,2018-09-27 17:38:00,2018-09-25,2018-09-21,2018-09-21,Director,Market Purchase,Buy,Equity Shares,300.0,0.0,0.0,0.0,0.0,2700.0,0.0,3000.0,0.0
YESBANK,2018-09-28 19:08:00,2018-09-27,2018-09-25,2018-09-25,Employees/Designated Employees,Pledge Creation,Pledge,Equity Shares,10000.0,0.0,0.0,0.0,0.0,39250.0,0.0,39250.0,0.0
YESBANK,2018-09-28 19:08:00,2018-09-27,2018-09-21,2018-09-21,Employees/Designated Employees,Market Purchase,Buy,Equity Shares,3500.0,0.0,0.0,0.0,0.0,,0.0,3500.0,0.0
YESBANK,2018-09-28 19:08:00,2018-09-27,2018-09-27,2018-09-27,Employees/Designated Employees,Market Purchase,Buy,Equity Shares,1500.0,0.0,0.0,0.0,0.0,3500.0,0.0,5000.0,0.0
YESBANK,2018-09-28 19:08:00,2018-09-26,2018-09-25,2018-09-25,Employees/Designated Employees,Market Sale,Sell,Equity Shares,4000.0,0.0,0.0,0.0,0.0,20600.0,0.0,16600.0,0.0
YESBANK,2018-09-28 19:08:00,2018-09-28,2018-09-27,2018-09-27,Employees/Designated Employees,Pledge Creation,Pledge,Equity Shares,10000.0,0.0,0.0,0.0,0.0,75000.0,0.0,75000.0,0.0
YESBANK,2018-09-28 19:08:00,2018-09-28,2018-09-27,2018-09-27,Employees/Designated Employees,Pledge Creation,Pledge,Equity Shares,100000.0,0.0,0.0,0.0,0.0,110000.0,0.01,110000.0,0.01
YESBANK,2018-09-28 19:08:00,2018-09-27,2018-09-26,2018-09-26,Employees/Designated Employees,Pledge Creation,Pledge,Equity Shares,73000.0,0.0,0.0,0.0,0.0,405285.0,0.02,405285.0,0.02
YESBANK,2018-09-28 19:08:00,2018-09-27,2018-09-27,2018-09-27,Employees/Designated Employees,Pledge Creation,Pledge,Equity Shares,639500.0,0.0,0.0,0.0,0.0,640500.0,0.03,640500.0,0.03
YESBANK,2018-09-28 19:08:00,2018-09-26,2018-09-24,2018-09-24,Employees/Designated Employees,Market Sale,Sell,Equity Shares,4400.0,0.0,0.0,0.0,0.0,25000.0,0.0,20600.0,0.0
YESBANK,2018-10-01 19:42:00,2018-09-28,2018-09-27,2018-09-27,Employees/Designated Employees,Pledge Creation,Pledge,Equity Shares,13750.0,0.0,0.0,0.0,0.0,13800.0,0.0,13800.0,0.0
YESBANK,2018-10-01 19:42:00,2018-09-28,2018-09-28,2018-09-28,Employees/Designated Employees,Market Sale,Sell,Equity Shares,150000.0,0.0,0.0,0.0,0.0,490500.0,0.02,340500.0,0.01
YESBANK,2018-10-01 19:42:00,2018-09-28,2018-09-28,2018-09-28,Employees/Designated Employees,Market Sale,Sell,Equity Shares,150000.0,0.0,0.0,0.0,0.0,640500.0,0.03,490500.0,0.02
YESBANK,2018-10-01 19:42:00,2018-09-28,2018-09-28,2018-09-28,Employees/Designated Employees,Revokation of Pledge,Pledge Revoke,Equity Shares,150000.0,0.0,0.0,0.0,0.0,640500.0,0.03,640500.0,0.03
YESBANK,2018-10-01 19:42:00,2018-09-28,2018-09-28,2018-09-28,Employees/Designated Employees,Pledge Creation,Pledge,Equity Shares,12000.0,0.0,0.0,0.0,0.0,50400.0,0.0,50400.0,0.0
YESBANK,2018-10-01 19:42:00,2018-09-28,2018-09-28,2018-09-28,Employees/Designated Employees,Market Sale,Sell,Equity Shares,140000.0,0.0,0.0,0.0,0.0,337470.0,0.01,197470.0,0.01
YESBANK,2018-10-01 19:42:00,2018-09-28,2018-09-27,2018-09-27,Employees/Designated Employees,Market Purchase,Buy,Equity Shares,5000.0,0.0,0.0,0.0,0.0,,0.0,5000.0,0.0
YESBANK,2018-10-01 19:42:00,2018-09-28,2018-09-28,2018-09-28,Employees/Designated Employees,Revokation of Pledge,Pledge Revoke,Equity Shares,150000.0,0.0,0.0,0.0,0.0,640500.0,0.03,640500.0,0.03
YESBANK,2018-10-01 19:46:00,2018-09-28,2018-09-28,2018-09-28,Employees/Designated Employees,Market Sale,Sell,Equity Shares,27500.0,0.0,0.0,0.0,0.0,113500.0,0.0,86000.0,0.0
YESBANK,2018-10-01 19:46:00,2018-09-28,2018-09-28,2018-09-28,Employees/Designated Employees,Market Sale,Sell,Equity Shares,16500.0,0.0,0.0,0.0,0.0,130000.0,0.0,113500.0,0.0
YESBANK,2018-10-01 19:46:00,2018-09-28,2018-09-27,2018-09-27,Employees/Designated Employees,Market Sale,Sell,Equity Shares,3500.0,0.0,0.0,0.0,0.0,133500.0,0.01,130000.0,0.01
YESBANK,2018-10-01 19:46:00,2018-09-28,2018-09-27,2018-09-27,Employees/Designated Employees,Revokation of Pledge,Pledge Revoke,Equity Shares,2000.0,0.0,0.0,0.0,0.0,133500.0,0.01,133500.0,0.01
YESBANK,2018-10-01 19:46:00,2018-09-28,2018-09-27,2018-09-27,Employees/Designated Employees,Market Sale,Sell,Equity Shares,15000.0,0.0,0.0,0.0,0.0,214500.0,0.01,199500.0,0.01
YESBANK,2018-10-01 19:46:00,2018-09-28,2018-09-27,2018-09-27,Employees/Designated Employees,Market Sale,Sell,Equity Shares,10000.0,0.0,0.0,0.0,0.0,224500.0,0.01,214500.0,0.01
YESBANK,2018-10-01 19:46:00,2018-09-28,2018-09-27,2018-09-27,Employees/Designated Employees,Market Sale,Sell,Equity Shares,5000.0,0.0,0.0,0.0,0.0,229500.0,0.01,224500.0,0.01
YESBANK,2018-10-01 19:51:00,2018-09-27,2018-09-25,2018-09-25,Employees/Designated Employees,Market Purchase,Buy,Equity Shares,950.0,0.0,0.0,0.0,0.0,1821.0,0.0,2771.0,0.0
YESBANK,2018-10-01 19:51:00,2018-09-27,2018-09-05,2018-09-05,Employees/Designated Employees,Market Sale,Sell,Equity Shares,100.0,0.0,0.0,0.0,0.0,1921.0,0.0,1821.0,0.0
YESBANK,2018-10-01 19:51:00,2018-09-27,2018-09-04,2018-09-04,Employees/Designated Employees,Market Purchase,Buy,Equity Shares,200.0,0.0,0.0,0.0,0.0,1721.0,0.0,1921.0,0.0
YESBANK,2018-10-01 19:51:00,2018-09-27,2018-09-03,2018-09-03,Employees/Designated Employees,Market Purchase,Buy,Equity Shares,150.0,0.0,0.0,0.0,0.0,1571.0,0.0,1721.0,0.0
YESBANK,2018-10-01 19:51:00,2018-09-27,2018-07-10,2018-07-10,Employees/Designated Employees,Market Sale,Sell,Equity Shares,1000.0,0.0,0.0,0.0,0.0,3571.0,0.0,2571.0,0.0
YESBANK,2018-10-01 19:51:00,2018-09-27,2018-07-10,2018-07-10,Employees/Designated Employees,Market Sale,Sell,Equity Shares,500.0,0.0,0.0,0.0,0.0,2571.0,0.0,2071.0,0.0
YESBANK,2018-10-01 19:51:00,2018-09-27,2018-07-18,2018-07-18,Employees/Designated Employees,Market Sale,Sell,Equity Shares,500.0,0.0,0.0,0.0,0.0,2071.0,0.0,1571.0,0.0
YESBANK,2018-10-03 18:54:00,2018-10-03,2018-09-28,2018-09-28,Promoters,Market Sale,Sell,Equity Shares,1497225.0,0.0,0.0,0.0,0.0,38712250.0,1.68,37215025.0,1.62
YESBANK,2018-10-03 19:03:00,2018-10-01,2018-09-28,2018-09-28,Immediate relative,Market Purchase,Buy,Equity Shares,1140.0,0.0,0.0,0.0,0.0,6000.0,0.0,7140.0,0.0
YESBANK,2018-10-03 19:03:00,2018-10-01,2018-09-28,2018-09-28,Employees/Designated Employees,Market Sale,Sell,Equity Shares,5000.0,0.0,0.0,0.0,0.0,75000.0,0.0,70000.0,0.0
YESBANK,2018-10-03 19:03:00,2018-09-27,2018-09-25,2018-09-25,Employees/Designated Employees,Pledge Creation,Pledge,Equity Shares,30000.0,0.0,0.0,0.0,0.0,283750.0,0.01,283750.0,0.01
YESBANK,2018-10-03 19:03:00,2018-10-03,2018-09-28,2018-09-28,Employees/Designated Employees,Pledge Creation,Pledge,Equity Shares,25000.0,0.0,0.0,0.0,0.0,48600.0,0.0,48600.0,0.0
YESBANK,2018-10-03 19:03:00,2018-10-01,2018-09-24,2018-09-24,Immediate relative,Market Purchase,Buy,Equity Shares,2500.0,0.0,0.0,0.0,0.0,2500.0,0.0,5000.0,0.0
YESBANK,2018-10-03 19:03:00,2018-10-01,2018-09-28,2018-09-28,Employees/Designated Employees,Market Sale,Sell,Equity Shares,50000.0,0.0,0.0,0.0,0.0,193000.0,0.01,143000.0,0.01
YESBANK,2018-10-03 19:03:00,2018-10-01,2018-09-25,2018-09-25,Immediate relative,Market Purchase,Buy,Equity Shares,1000.0,0.0,0.0,0.0,0.0,5000.0,0.0,6000.0,0.0
YESBANK,2018-10-03 19:14:00,2018-10-03,2018-09-28,2018-09-28,Employees/Designated Employees,Market Sale,Sell,Equity Shares,5000.0,0.0,0.0,0.0,0.0,5000.0,0.0,,0.0
YESBANK,2018-10-03 19:14:00,2018-10-01,2018-09-28,2018-09-28,Employees/Designated Employees,Market Purchase,Buy,Equity Shares,14000.0,0.0,0.0,0.0,0.0,8048.0,0.0,22048.0,0.0
YESBANK,2018-10-03 19:14:00,2018-10-03,2018-09-28,2018-09-28,Employees/Designated Employees,Pledge Creation,Pledge,Equity Shares,40000.0,0.0,0.0,0.0,0.0,82500.0,0.0,82500.0,0.0
YESBANK,2018-10-03 19:14:00,2018-10-01,2018-09-28,2018-09-28,Employees/Designated Employees,Pledge Creation,Pledge,Equity Shares,10000.0,0.0,0.0,0.0,0.0,190005.0,0.01,190005.0,0.01
YESBANK,2018-10-03 19:14:00,2018-10-01,2018-09-28,2018-09-28,Employees/Designated Employees,Market Sale,Sell,Equity Shares,14000.0,0.0,0.0,0.0,0.0,22048.0,0.0,8048.0,0.0
YESBANK,2018-10-03 19:14:00,2018-10-03,2018-09-28,2018-09-28,Employees/Designated Employees,Revokation of Pledge,Pledge Revoke,Equity Shares,5000.0,0.0,0.0,0.0,0.0,5000.0,0.0,5000.0,0.0
YESBANK,2018-10-03 19:14:00,2018-10-01,2018-09-27,2018-09-27,Employees/Designated Employees,Market Purchase,Buy,Equity Shares,2000.0,0.0,0.0,0.0,0.0,8048.0,0.0,10048.0,0.0
YESBANK,2018-10-03 19:14:00,2018-10-01,2018-09-27,2018-09-27,Employees/Designated Employees,Market Sale,Sell,Equity Shares,2000.0,0.0,0.0,0.0,0.0,10048.0,0.0,8048.0,0.0
YESBANK,2018-10-03 19:14:00,2018-10-01,2018-09-29,2018-09-29,Employees/Designated Employees,Pledge Creation,Pledge,Equity Shares,2350000.0,0.0,0.0,0.0,0.0,2476495.0,0.11,2476495.0,0.11
YESBANK,2018-10-04 18:38:00,2018-10-01,2018-09-28,2018-09-28,Employees/Designated Employees,Pledge Creation,Pledge,Equity Shares,20000.0,0.0,0.0,0.0,0.0,352000.0,0.02,352000.0,0.02
YESBANK,2018-10-04 18:38:00,2018-10-01,2018-10-01,2018-10-01,Employees/Designated Employees,Invocation of pledge,Pledge Invoke,Equity Shares,30000.0,0.0,0.0,0.0,0.0,299500.0,0.01,269500.0,0.01
YESBANK,2018-10-04 18:38:00,2018-10-03,2018-10-03,2018-10-03,Employees/Designated Employees,Market Sale,Sell,Equity Shares,42201.0,0.0,0.0,0.0,0.0,86000.0,0.0,43799.0,0.0
YESBANK,2018-10-05 18:55:00,2018-10-03,2018-09-28,2018-09-28,Employees/Designated Employees,Invocation of pledge,Pledge Invoke,Equity Shares,117400.0,0.0,0.0,0.0,0.0,155740.0,0.01,38340.0,0.0
YESBANK,2018-10-05 18:55:00,2018-10-03,2018-10-01,2018-10-01,Employees/Designated Employees,Market Purchase,Buy,Equity Shares,117400.0,0.0,0.0,0.0,0.0,38340.0,0.0,155740.0,0.01
YESBANK,2018-10-05 18:55:00,2018-10-03,2018-10-01,2018-10-01,Employees/Designated Employees,Pledge Creation,Pledge,Equity Shares,7000.0,0.0,0.0,0.0,0.0,38000.0,0.0,38000.0,0.0
YESBANK,2018-10-05 18:55:00,2018-10-03,2018-09-28,2018-09-28,Employees/Designated Employees,Market Sale,Sell,Equity Shares,2000.0,0.0,0.0,0.0,0.0,40000.0,0.0,38000.0,0.0
YESBANK,2018-10-05 18:55:00,2018-10-04,2018-10-04,2018-10-04,Employees/Designated Employees,Pledge Creation,Pledge,Equity Shares,20000.0,0.0,0.0,0.0,0.0,122050.0,0.01,122050.0,0.01
YESBANK,2018-10-08 19:29:00,2018-10-05,2018-10-04,2018-10-04,Employees/Designated Employees,Invocation of pledge,Pledge Invoke,Equity Shares,623.0,0.0,0.0,0.0,0.0,31670.0,0.0,31047.0,0.0
YESBANK,2018-10-08 19:29:00,2018-10-08,2018-10-05,2018-10-05,Employees/Designated Employees,Pledge Creation,Pledge,Equity Shares,200000.0,0.0,0.0,0.0,0.0,1914100.0,0.08,1914100.0,0.08
YESBANK,2018-10-09 19:02:00,2018-10-08,2018-10-08,2018-10-08,Employees/Designated Employees,Market Sale,Sell,Equity Shares,4000.0,0.0,0.0,0.0,0.0,12048.0,0.0,8048.0,0.0
YESBANK,2018-10-09 19:02:00,2018-10-08,2018-10-08,2018-10-08,Employees/Designated Employees,Market Purchase,Buy,Equity Shares,4000.0,0.0,0.0,0.0,0.0,8048.0,0.0,12048.0,0.0
YESBANK,2018-10-10 20:12:00,2018-10-09,2018-10-09,2018-10-09,Employees/Designated Employees,ESOP,Buy,Equity Shares,50000.0,0.0,0.0,0.0,0.0,110000.0,0.01,160000.0,0.01
YESBANK,2018-10-10 20:12:00,2018-10-10,2018-10-09,2018-10-09,Employees/Designated Employees,ESOP,Buy,Equity Shares,12500.0,0.0,0.0,0.0,0.0,87500.0,0.0,100000.0,0.0
YESBANK,2018-10-10 20:12:00,2018-10-10,2018-10-09,2018-10-09,Employees/Designated Employees,ESOP,Buy,Equity Shares,93500.0,0.0,0.0,0.0,0.0,219934.0,0.01,313434.0,0.01
YESBANK,2018-10-10 20:12:00,2018-10-09,2018-10-09,2018-10-09,Employees/Designated Employees,ESOP,Buy,Equity Shares,13500.0,0.0,0.0,0.0,0.0,60500.0,0.0,74000.0,0.0
YESBANK,2018-10-10 20:12:00,2018-10-10,2018-10-09,2018-10-09,Employees/Designated Employees,ESOP,Buy,Equity Shares,37500.0,0.0,0.0,0.0,0.0,200.0,0.0,37700.0,0.0
YESBANK,2018-10-10 20:12:00,2018-10-10,2018-10-08,2018-10-08,Employees/Designated Employees,Pledge Creation,Pledge,Equity Shares,35000.0,0.0,0.0,0.0,0.0,86250.0,0.0,86250.0,0.0
YESBANK,2018-10-10 20:12:00,2018-10-10,2018-10-09,2018-10-09,Employees/Designated Employees,ESOP,Buy,Equity Shares,56250.0,0.0,0.0,0.0,0.0,105000.0,0.01,161250.0,0.01
YESBANK,2018-10-10 20:12:00,2018-10-09,2018-10-09,2018-10-09,Employees/Designated Employees,ESOP,Buy,Equity Shares,7600.0,0.0,0.0,0.0,0.0,39250.0,0.0,46850.0,0.0
YESBANK,2018-10-10 20:12:00,2018-10-09,2018-10-09,2018-10-09,Employees/Designated Employees,ESOP,Buy,Equity Shares,22500.0,0.0,0.0,0.0,0.0,86250.0,0.0,108750.0,0.01
YESBANK,2018-10-10 20:12:00,2018-10-10,2018-10-08,2018-10-09,Employees/Designated Employees,Pledge Creation,Pledge,Equity Shares,218615.0,0.0,0.0,0.0,0.0,219934.0,0.01,219934.0,0.01
YESBANK,2018-10-12 19:34:00,2018-10-10,2018-10-09,2018-10-09,Employees/Designated Employees,ESOP,Buy,Equity Shares,45000.0,0.0,0.0,0.0,0.0,107500.0,0.0,152500.0,0.01
YESBANK,2018-10-15 19:59:00,2018-10-15,2018-10-12,2018-10-12,Employees/Designated Employees,ESOP,Buy,Equity Shares,60000.0,0.0,0.0,0.0,0.0,327400.0,0.01,387400.0,0.02
YESBANK,2018-10-15 19:59:00,2018-10-12,2018-10-12,2018-10-12,Employees/Designated Employees,ESOP,Buy,Equity Shares,200000.0,0.0,0.0,0.0,0.0,1914100.0,0.08,2114100.0,0.09
YESBANK,2018-10-15 19:59:00,2018-10-11,2018-10-09,2018-10-09,Employees/Designated Employees,Pledge Creation,Pledge,Equity Shares,59000.0,0.0,0.0,0.0,0.0,204100.0,0.01,204100.0,0.01
YESBANK,2018-10-15 19:59:00,2018-10-15,2018-10-12,2018-10-12,Employees/Designated Employees,ESOP,Buy,Equity Shares,9000.0,0.0,0.0,0.0,0.0,,0.0,9000.0,0.0
YESBANK,2018-10-15 19:59:00,2018-10-11,2018-10-09,2018-10-09,Employees/Designated Employees,ESOP,Buy,Equity Shares,450000.0,0.0,0.0,0.0,0.0,2476495.0,0.11,2926495.0,0.12
YESBANK,2018-10-15 19:59:00,2018-10-12,2018-10-09,2018-10-09,Employees/Designated Employees,ESOP,Buy,Equity Shares,20000.0,0.0,0.0,0.0,0.0,340500.0,0.01,360500.0,0.02
YESBANK,2018-10-15 19:59:00,2018-10-15,2018-10-12,2018-10-12,Employees/Designated Employees,ESOP,Buy,Equity Shares,35250.0,0.0,0.0,0.0,0.0,160000.0,0.01,195250.0,0.01
YESBANK,2018-10-15 19:59:00,2018-10-12,2018-10-11,2018-10-11,Employees/Designated Employees,Market Purchase,Buy,Equity Shares,5000.0,0.0,0.0,0.0,0.0,8060.0,0.0,13060.0,0.0
YESBANK,2018-10-15 19:59:00,2018-10-12,2018-10-11,2018-10-11,Employees/Designated Employees,Market Sale,Sell,Equity Shares,4025.0,0.0,0.0,0.0,0.0,12085.0,0.0,8060.0,0.0
YESBANK,2018-10-15 19:59:00,2018-10-12,2018-10-08,2018-10-08,Employees/Designated Employees,Market Purchase,Buy,Equity Shares,12.0,0.0,0.0,0.0,0.0,8048.0,0.0,8060.0,0.0
YESBANK,2018-10-15 19:59:00,2018-10-12,2018-10-11,2018-10-11,Employees/Designated Employees,Market Sale,Sell,Equity Shares,5500.0,0.0,0.0,0.0,0.0,13060.0,0.0,7560.0,0.0
YESBANK,2018-10-15 19:59:00,2018-10-12,2018-10-11,2018-10-11,Employees/Designated Employees,Market Purchase,Buy,Equity Shares,4025.0,0.0,0.0,0.0,0.0,8060.0,0.0,12085.0,0.0
YESBANK,2018-10-16 19:28:00,2018-10-16,2018-10-12,2018-10-12,Employees/Designated Employees,ESOP,Buy,Equity Shares,38000.0,0.0,0.0,0.0,0.0,143000.0,0.01,181000.0,0.01
YESBANK,2018-10-16 19:28:00,2018-10-16,2018-10-12,2018-10-12,Employees/Designated Employees,ESOP,Buy,Equity Shares,59000.0,0.0,0.0,0.0,0.0,204100.0,0.01,263100.0,0.01
YESBANK,2018-10-16 19:37:00,2018-10-16,2018-10-12,2018-10-12,Employees/Designated Employees,ESOP,Buy,Equity Shares,9000.0,0.0,0.0,0.0,0.0,,0.0,9000.0,0.0
YESBANK,2018-10-16 19:37:00,2018-10-15,2018-10-12,2018-10-12,Employees/Designated Employees,ESOP,Buy,Equity Shares,137500.0,0.0,0.0,0.0,0.0,175575.0,0.01,313075.0,0.01
YESBANK,2018-10-16 19:37:00,2018-10-16,2018-10-12,2018-10-12,Employees/Designated Employees,ESOP,Buy,Equity Shares,13000.0,0.0,0.0,0.0,0.0,90000.0,0.0,103000.0,0.0
YESBANK,2018-10-16 19:37:00,2018-10-15,2018-10-12,2018-10-12,Employees/Designated Employees,ESOP,Buy,Equity Shares,65000.0,0.0,0.0,0.0,0.0,544074.0,0.02,609074.0,0.03
YESBANK,2018-10-16 19:37:00,2018-10-16,2018-10-12,2018-10-12,Employees/Designated Employees,ESOP,Buy,Equity Shares,7500.0,0.0,0.0,0.0,0.0,1700.0,0.0,9200.0,0.0
YESBANK,2018-10-16 19:37:00,2018-10-16,2018-10-12,2018-10-12,Employees/Designated Employees,ESOP,Buy,Equity Shares,21000.0,0.0,0.0,0.0,0.0,42500.0,0.0,63500.0,0.0
YESBANK,2018-10-16 19:37:00,2018-10-16,2018-10-12,2018-10-12,Employees/Designated Employees,ESOP,Buy,Equity Shares,18000.0,0.0,0.0,0.0,0.0,321580.0,0.01,339580.0,0.02
YESBANK,2018-10-16 19:37:00,2018-10-16,2018-10-12,2018-10-12,Key Managerial Personnel,ESOP,Buy,Equity Shares,11000.0,0.0,0.0,0.0,0.0,89480.0,0.0,100480.0,0.0
YESBANK,2018-10-17 20:40:00,2018-10-16,2018-10-12,2018-10-12,Employees/Designated Employees,ESOP,Buy,Equity Shares,7000.0,0.0,0.0,0.0,0.0,23500.0,0.0,30500.0,0.0
YESBANK,2018-10-17 20:40:00,2018-10-16,2018-10-12,2018-10-12,Employees/Designated Employees,ESOP,Buy,Equity Shares,30000.0,0.0,0.0,0.0,0.0,50000.0,0.0,80000.0,0.0
YESBANK,2018-10-19 19:10:00,2018-10-16,2018-10-12,2018-10-12,Employees/Designated Employees,ESOP,Buy,Equity Shares,7500.0,0.0,0.0,0.0,0.0,33940.0,0.0,41440.0,0.0
YESBANK,2018-10-19 19:10:00,2018-10-16,2018-10-12,2018-10-12,Employees/Designated Employees,ESOP,Buy,Equity Shares,9000.0,0.0,0.0,0.0,0.0,1200.0,0.0,10200.0,0.0
YESBANK,2018-10-19 19:10:00,2018-10-16,2018-10-12,2018-10-12,Employees/Designated Employees,ESOP,Buy,Equity Shares,34000.0,0.0,0.0,0.0,0.0,116000.0,0.01,150000.0,0.01
YESBANK,2018-10-19 19:10:00,2018-10-16,2018-10-12,2018-10-12,Employees/Designated Employees,ESOP,Buy,Equity Shares,7500.0,0.0,0.0,0.0,0.0,1500.0,0.0,9000.0,0.0
YESBANK,2018-10-19 19:10:00,2018-10-17,2018-09-18,2018-09-18,Employees/Designated Employees,Pledge Creation,Pledge,Equity Shares,1650.0,0.0,0.0,0.0,0.0,5000.0,0.0,5000.0,0.0
YESBANK,2018-10-19 19:10:00,2018-10-16,2018-10-12,2018-10-12,Employees/Designated Employees,ESOP,Buy,Equity Shares,7500.0,0.0,0.0,0.0,0.0,,0.0,7500.0,0.0
YESBANK,2018-10-19 19:10:00,2018-10-19,2018-09-07,2018-09-28,Employees/Designated Employees,Market Purchase,Buy,Equity Shares,6500.0,0.0,0.0,0.0,0.0,167550.0,0.01,174050.0,0.01
YESBANK,2018-10-19 19:10:00,2018-10-17,2018-09-14,2018-09-14,Employees/Designated Employees,Pledge Creation,Pledge,Equity Shares,1485.0,0.0,0.0,0.0,0.0,5000.0,0.0,5000.0,0.0
YESBANK,2018-10-22 18:40:00,2018-10-19,2018-10-17,2018-10-17,Employees/Designated Employees,Revokation of Pledge,Pledge Revoke,Equity Shares,15000.0,0.0,0.0,0.0,0.0,50400.0,0.0,50400.0,0.0
YESBANK,2018-10-24 19:56:00,2018-10-22,2018-08-10,2018-08-10,Employees/Designated Employees,Market Sale,Sell,Equity Shares,40000.0,0.0,0.0,0.0,0.0,75000.0,0.0,35000.0,0.0
YESBANK,2018-10-24 19:56:00,2018-10-22,2018-10-19,2018-10-19,Employees/Designated Employees,Market Sale,Sell,Equity Shares,3000.0,0.0,0.0,0.0,0.0,9560.0,0.0,6560.0,0.0
YESBANK,2018-10-24 19:56:00,2018-10-22,2018-10-19,2018-10-19,Employees/Designated Employees,Market Purchase,Buy,Equity Shares,3000.0,0.0,0.0,0.0,0.0,6560.0,0.0,9560.0,0.0
YESBANK,2018-10-24 19:56:00,2018-10-22,2018-10-15,2018-10-15,Employees/Designated Employees,Market Sale,Sell,Equity Shares,1000.0,0.0,0.0,0.0,0.0,7560.0,0.0,6560.0,0.0
YESBANK,2018-10-24 19:56:00,2018-10-22,2018-10-22,2018-10-22,Employees/Designated Employees,Invocation of pledge,Pledge Invoke,Equity Shares,60000.0,0.0,0.0,0.0,0.0,190005.0,0.01,130005.0,0.01
YESBANK,2018-10-24 19:56:00,2018-10-23,2018-09-25,2018-09-25,Employees/Designated Employees,Pledge Creation,Pledge,Equity Shares,65000.0,0.0,0.0,0.0,0.0,337470.0,0.01,337470.0,0.01
YESBANK,2018-10-24 19:56:00,2018-10-22,2018-08-10,2018-08-10,Employees/Designated Employees,Revokation of Pledge,Pledge Revoke,Equity Shares,35000.0,0.0,0.0,0.0,0.0,75000.0,0.0,75000.0,0.0
YESBANK,2018-10-25 19:49:00,2018-10-23,2018-09-04,2018-09-04,Employees/Designated Employees,Market Purchase,Buy,Equity Shares,42.0,0.0,0.0,0.0,0.0,,0.0,42.0,0.0
YESBANK,2018-10-25 19:49:00,2018-10-23,2018-09-12,2018-09-12,Employees/Designated Employees,Market Purchase,Buy,Equity Shares,17.0,0.0,0.0,0.0,0.0,94.0,0.0,111.0,0.0
YESBANK,2018-10-25 19:49:00,2018-10-23,2018-09-27,2018-09-27,Employees/Designated Employees,Market Purchase,Buy,Equity Shares,50.0,0.0,0.0,0.0,0.0,211.0,0.0,261.0,0.0
YESBANK,2018-10-25 19:49:00,2018-10-24,2018-10-22,2018-10-22,Employees/Designated Employees,Market Sale,Sell,Equity Shares,4000.0,0.0,0.0,0.0,0.0,11060.0,0.0,7060.0,0.0
YESBANK,2018-10-25 19:49:00,2018-10-23,2018-09-12,2018-09-19,Employees/Designated Employees,Market Sale,Sell,Equity Shares,5500.0,0.0,0.0,0.0,0.0,29000.0,0.0,23500.0,0.0
YESBANK,2018-10-25 19:49:00,2018-10-23,2018-09-10,2018-09-10,Employees/Designated Employees,Market Purchase,Buy,Equity Shares,22.0,0.0,0.0,0.0,0.0,42.0,0.0,64.0,0.0
YESBANK,2018-10-25 19:49:00,2018-10-24,2018-10-22,2018-10-22,Employees/Designated Employees,Market Purchase,Buy,Equity Shares,4500.0,0.0,0.0,0.0,0.0,6560.0,0.0,11060.0,0.0
YESBANK,2018-10-25 19:49:00,2018-10-23,2018-09-21,2018-09-21,Employees/Designated Employees,Market Purchase,Buy,Equity Shares,100.0,0.0,0.0,0.0,0.0,111.0,0.0,211.0,0.0
YESBANK,2018-10-25 19:49:00,2018-10-23,2018-09-11,2018-10-11,Employees/Designated Employees,Market Purchase,Buy,Equity Shares,30.0,0.0,0.0,0.0,0.0,64.0,0.0,94.0,0.0
YESBANK,2018-10-25 19:51:00,,,,Employees/Designated Employees,-,-,,,1750.0,0.0,8487.5,0.0,,0.0,,
YESBANK,2018-10-25 19:51:00,,,,Employees/Designated Employees,-,-,,,0.0,1750.0,0.0,15225.0,,0.0,,
YESBANK,2018-10-25 19:51:00,,,,Employees/Designated Employees,-,-,,,0.0,5250.0,0.0,10762.5,,0.0,,
YESBANK,2018-10-25 19:51:00,,,,Employees/Designated Employees,-,-,,,1750.0,0.0,12687.5,0.0,,0.0,,
YESBANK,2018-10-25 19:51:00,,,,Employees/Designated Employees,-,-,,,3500.0,0.0,24062.5,0.0,,0.0,,
YESBANK,2018-10-26 18:11:00,2018-10-26,2018-09-24,2018-09-24,Employees/Designated Employees,Pledge Creation,Pledge,Equity Shares,4500.0,0.0,0.0,0.0,0.0,176455.0,0.01,176455.0,0.01
YESBANK,2018-10-26 18:11:00,2018-10-26,2018-09-26,2018-09-26,Employees/Designated Employees,Pledge Creation,Pledge,Equity Shares,4750.0,0.0,0.0,0.0,0.0,176455.0,0.01,176455.0,0.01
YESBANK,2018-10-26 18:11:00,2018-10-26,2018-09-11,2018-09-11,Employees/Designated Employees,ESOP,Buy,Equity Shares,5500.0,0.0,0.0,0.0,0.0,170955.0,0.01,176455.0,0.01
YESBANK,2018-10-26 18:11:00,2018-10-25,2018-09-27,2018-09-27,Employees/Designated Employees,Market Purchase,Buy,Equity Shares,5000.0,0.0,0.0,0.0,0.0,,0.0,5000.0,0.0
YESBANK,2018-10-26 18:11:00,2018-10-25,2018-10-24,2018-10-24,Employees/Designated Employees,Pledge Creation,Pledge,Equity Shares,20000.0,0.0,0.0,0.0,0.0,181000.0,0.01,181000.0,0.01
YESBANK,2018-10-29 19:29:00,2018-10-29,2018-09-28,2018-09-28,Employees/Designated Employees,Invocation of pledge,Pledge Invoke,Equity Shares,24000.0,0.0,0.0,0.0,0.0,27500.0,0.0,3500.0,0.0
YESBANK,2018-10-29 19:29:00,2018-10-26,2018-10-24,2018-10-24,Employees/Designated Employees,Market Sale,Sell,Equity Shares,2000.0,0.0,0.0,0.0,0.0,10060.0,0.0,8060.0,0.0
YESBANK,2018-10-29 19:29:00,2018-10-26,2018-10-24,2018-10-24,Employees/Designated Employees,Market Purchase,Buy,Equity Shares,3000.0,0.0,0.0,0.0,0.0,7060.0,0.0,10060.0,0.0
YESBANK,2018-10-29 19:29:00,2018-10-29,2018-09-27,2018-09-27,Employees/Designated Employees,Invocation of pledge,Pledge Invoke,Equity Shares,35000.0,0.0,0.0,0.0,0.0,62500.0,0.0,27500.0,0.0
YESBANK,2018-10-30 18:45:00,2018-10-29,2018-10-22,2018-10-22,Employees/Designated Employees,Revokation of Pledge,Pledge Revoke,Equity Shares,12500.0,0.0,0.0,0.0,0.0,13800.0,0.0,13800.0,0.0
YESBANK,2018-10-30 18:45:00,2018-10-29,2018-10-09,2018-10-09,Employees/Designated Employees,Market Sale,Sell,Equity Shares,500.0,0.0,0.0,0.0,0.0,500.0,0.0,,0.0
YESBANK,2018-10-30 18:45:00,2018-10-29,2018-10-12,2018-10-12,Employees/Designated Employees,ESOP,Buy,Equity Shares,5000.0,0.0,0.0,0.0,0.0,,0.0,5000.0,0.0
YESBANK,2018-10-30 18:45:00,2018-10-29,2018-10-12,2018-10-12,Employees/Designated Employees,ESOP,Buy,Equity Shares,5000.0,0.0,0.0,0.0,0.0,5000.0,0.0,10000.0,0.0
YESBANK,2018-10-30 18:45:00,2018-10-29,2018-10-09,2018-10-09,Employees/Designated Employees,Market Sale,Sell,Equity Shares,1000.0,0.0,0.0,0.0,0.0,1500.0,0.0,500.0,0.0
YESBANK,2018-10-30 18:45:00,2018-10-29,2018-10-25,2018-10-25,Employees/Designated Employees,Revokation of Pledge,Pledge Revoke,Equity Shares,1200.0,0.0,0.0,0.0,0.0,13800.0,0.0,13800.0,0.0
YESBANK,2018-10-30 18:45:00,2018-10-30,2018-10-29,2018-10-29,Employees/Designated Employees,Revokation of Pledge,Pledge Revoke,Equity Shares,50.0,0.0,0.0,0.0,0.0,13800.0,0.0,13800.0,0.0
YESBANK,2018-10-30 18:45:00,2018-10-29,2018-10-26,2018-10-26,Employees/Designated Employees,Market Sale,Sell,Equity Shares,1500.0,0.0,0.0,0.0,0.0,10000.0,0.0,8500.0,0.0
YESBANK,2018-10-31 18:37:00,2018-10-30,2018-08-21,2018-08-21,Employees/Designated Employees,Pledge Creation,Pledge,Equity Shares,75000.0,0.0,0.0,0.0,0.0,110500.0,0.0,110500.0,0.0
YESBANK,2018-10-31 18:37:00,2018-10-30,2018-09-11,2018-09-11,Employees/Designated Employees,Invocation of pledge,Pledge Invoke,Equity Shares,12115.0,0.0,0.0,0.0,0.0,110500.0,0.0,98385.0,0.0
YESBANK,2018-10-31 18:37:00,2018-10-30,2018-09-24,2018-09-24,Employees/Designated Employees,Pledge Creation,Pledge,Equity Shares,32000.0,0.0,0.0,0.0,0.0,98385.0,0.0,98385.0,0.0
YESBANK,2018-11-02 18:56:00,2018-10-31,2018-10-01,2018-10-01,Employees/Designated Employees,Pledge Creation,Pledge,Equity Shares,14000.0,0.0,0.0,0.0,0.0,79100.0,0.0,79100.0,0.0
YESBANK,2018-11-02 18:56:00,2018-10-31,2018-10-29,2018-10-29,Employees/Designated Employees,Market Sale,Sell,Equity Shares,500000.0,0.0,0.0,0.0,0.0,6211085.0,0.27,5711085.0,0.25
YESBANK,2018-11-02 18:56:00,2018-11-01,2018-10-31,2018-10-31,Employees/Designated Employees,Pledge Creation,Pledge,Equity Shares,450000.0,0.0,0.0,0.0,0.0,2926495.0,0.13,2926495.0,0.13
YESBANK,2018-11-02 18:56:00,2018-11-01,2018-11-01,2018-11-01,Employees/Designated Employees,Market Sale,Sell,Equity Shares,1000.0,0.0,0.0,0.0,0.0,8000.0,0.0,7000.0,0.0
YESBANK,2018-11-02 18:56:00,2018-11-01,2018-10-30,2018-10-30,Employees/Designated Employees,Market Sale,Sell,Equity Shares,500.0,0.0,0.0,0.0,0.0,8500.0,0.0,8000.0,0.0
YESBANK,2018-11-02 18:56:00,2018-10-31,2018-09-27,2018-09-27,Employees/Designated Employees,Pledge Creation,Pledge,Equity Shares,18200.0,0.0,0.0,0.0,0.0,79100.0,0.0,79100.0,0.0
YESBANK,2018-11-02 18:56:00,2018-10-31,2018-08-29,2018-08-29,Employees/Designated Employees,Market Sale,Sell,Equity Shares,900.0,0.0,0.0,0.0,0.0,80000.0,0.0,79100.0,0.0
YESBANK,2018-11-02 19:02:00,2018-11-02,2018-11-01,2018-11-01,Employees/Designated Employees,Market Sale,Sell,Equity Shares,9000.0,0.0,0.0,0.0,0.0,2114100.0,0.09,2105100.0,0.09
YESBANK,2018-11-02 19:02:00,2018-11-02,2018-10-30,2018-10-30,Employees/Designated Employees,Market Sale,Sell,Equity Shares,16250.0,0.0,0.0,0.0,0.0,17505.0,0.0,1255.0,0.0
YESBANK,2018-11-02 19:02:00,2018-11-02,2018-09-28,2018-09-28,Employees/Designated Employees,Pledge Creation,Pledge,Equity Shares,10525.0,0.0,0.0,0.0,0.0,134125.0,0.01,134125.0,0.01
YESBANK,2018-11-02 19:02:00,2018-11-02,2018-09-25,2018-09-25,Employees/Designated Employees,Pledge Creation,Pledge,Equity Shares,25000.0,0.0,0.0,0.0,0.0,134125.0,0.01,134125.0,0.01
YESBANK,2018-11-02 19:02:00,2018-11-02,2018-09-17,2018-09-17,Employees/Designated Employees,Pledge Creation,Pledge,Equity Shares,8000.0,0.0,0.0,0.0,0.0,134125.0,0.01,134125.0,0.01
YESBANK,2018-11-02 19:02:00,2018-11-02,2018-09-05,2018-09-05,Employees/Designated Employees,Pledge Creation,Pledge,Equity Shares,10000.0,0.0,0.0,0.0,0.0,134125.0,0.01,134125.0,0.01
YESBANK,2018-11-02 19:02:00,2018-11-02,2018-11-01,2018-11-01,Employees/Designated Employees,Pledge Creation,Pledge,Equity Shares,42000.0,0.0,0.0,0.0,0.0,263100.0,0.01,263100.0,0.01
YESBANK,2018-11-05 18:54:00,2018-11-02,2018-11-02,2018-11-02,Employees/Designated Employees,Market Sale,Sell,Equity Shares,30000.0,0.0,0.0,0.0,0.0,882250.0,0.04,852250.0,0.04
YESBANK,2018-11-05 18:54:00,2018-11-01,2018-10-31,2018-10-31,Employees/Designated Employees,Invocation of pledge,Pledge Invoke,Equity Shares,35000.0,0.0,0.0,0.0,0.0,157340.0,0.01,122340.0,0.01
YESBANK,2018-11-05 18:54:00,2018-11-05,2018-11-02,2018-11-02,Employees/Designated Employees,Revokation of Pledge,Pledge Revoke,Equity Shares,9250.0,0.0,0.0,0.0,0.0,176455.0,0.01,176455.0,0.01
YESBANK,2018-11-05 18:54:00,2018-11-05,2018-11-02,2018-11-02,Employees/Designated Employees,Market Sale,Sell,Equity Shares,5000.0,0.0,0.0,0.0,0.0,2105100.0,0.09,2100100.0,0.09
YESBANK,2018-11-06 18:21:00,2018-11-05,2018-11-02,2018-11-02,Employees/Designated Employees,Pledge Creation,Pledge,Equity Shares,20000.0,0.0,0.0,0.0,0.0,318500.0,0.01,318500.0,0.01
YESBANK,2018-11-06 18:21:00,2018-11-06,2018-10-09,2018-10-09,Employees/Designated Employees,ESOP,Buy,Equity Shares,10000.0,0.0,0.0,0.0,0.0,43799.0,0.0,53799.0,0.0
YESBANK,2018-11-06 18:21:00,2018-11-06,2018-11-06,2018-11-06,Employees/Designated Employees,Revokation of Pledge,Pledge Revoke,Equity Shares,5400.0,0.0,0.0,0.0,0.0,53799.0,0.0,53799.0,0.0
YESBANK,2018-11-09 18:12:00,2018-11-09,2018-10-22,2018-10-22,Employees/Designated Employees,Market Purchase,Buy,Equity Shares,1150.0,0.0,0.0,0.0,0.0,1.0,0.0,1151.0,0.0
YESBANK,2018-11-09 18:12:00,2018-11-09,2018-10-05,2018-10-05,Employees/Designated Employees,Market Sale,Sell,Equity Shares,2900.0,0.0,0.0,0.0,0.0,2901.0,0.0,1.0,0.0
YESBANK,2018-11-09 18:12:00,2018-11-09,2018-10-04,2018-10-04,Employees/Designated Employees,Market Sale,Sell,Equity Shares,15000.0,0.0,0.0,0.0,0.0,17901.0,0.0,2901.0,0.0
YESBANK,2018-11-09 18:12:00,2018-11-09,2018-10-03,2018-10-03,Employees/Designated Employees,Market Purchase,Buy,Equity Shares,3800.0,0.0,0.0,0.0,0.0,14101.0,0.0,17901.0,0.0
YESBANK,2018-11-09 18:12:00,2018-11-09,2018-10-01,2018-10-01,Employees/Designated Employees,Market Purchase,Buy,Equity Shares,5950.0,0.0,0.0,0.0,0.0,8151.0,0.0,14101.0,0.0
YESBANK,2018-11-09 18:12:00,2018-11-09,2018-09-27,2018-09-27,Employees/Designated Employees,Market Sale,Sell,Equity Shares,3000.0,0.0,0.0,0.0,0.0,11151.0,0.0,8151.0,0.0
YESBANK,2018-11-09 18:12:00,2018-11-09,2018-09-25,2018-09-25,Employees/Designated Employees,Market Purchase,Buy,Equity Shares,11150.0,0.0,0.0,0.0,0.0,1.0,0.0,11151.0,0.0
YESBANK,2018-11-09 18:16:00,2018-11-06,2018-11-05,2018-11-05,Employees/Designated Employees,Market Sale,Sell,Equity Shares,2500.0,0.0,0.0,0.0,0.0,130005.0,0.01,127505.0,0.01
YESBANK,2018-11-12 19:20:00,2018-11-12,2018-11-07,2018-11-07,Employees/Designated Employees,Market Sale,Sell,Equity Shares,10000.0,0.0,0.0,0.0,0.0,3079500.0,0.13,3069500.0,0.13
YESBANK,2018-11-12 19:20:00,2018-11-12,2018-11-09,2018-11-09,Employees/Designated Employees,Market Sale,Sell,Equity Shares,9000.0,0.0,0.0,0.0,0.0,3069500.0,0.13,3060500.0,0.13
YESBANK,2018-11-12 19:20:00,2018-11-12,2018-11-06,2018-11-06,Employees/Designated Employees,Market Sale,Sell,Equity Shares,6000.0,0.0,0.0,0.0,0.0,2100100.0,0.09,2094100.0,0.09
YESBANK,2018-11-12 19:20:00,2018-11-12,2018-11-09,2018-11-09,Employees/Designated Employees,Market Sale,Sell,Equity Shares,10000.0,0.0,0.0,0.0,0.0,2094100.0,0.09,2084100.0,0.09
YESBANK,2018-11-13 19:36:00,2018-11-12,2018-11-06,2018-11-12,Employees/Designated Employees,Market Sale,Sell,Equity Shares,13000.0,0.0,0.0,0.0,0.0,23500.0,0.0,10500.0,0.0
YESBANK,2018-11-13 19:36:00,2018-11-12,2018-11-12,2018-11-12,Employees/Designated Employees,Market Sale,Sell,Equity Shares,2500.0,0.0,0.0,0.0,0.0,127505.0,0.01,125005.0,0.01
YESBANK,2018-11-13 19:36:00,2018-11-13,2018-11-13,2018-11-13,Employees/Designated Employees,ESOP,Buy,Equity Shares,22500.0,0.0,0.0,0.0,0.0,63500.0,0.0,86000.0,0.0
YESBANK,2018-11-13 19:36:00,2018-11-13,2018-11-13,2018-11-13,Employees/Designated Employees,ESOP,Buy,Equity Shares,10000.0,0.0,0.0,0.0,0.0,1255.0,0.0,11255.0,0.0
YESBANK,2018-11-14 19:12:00,2018-11-13,2018-11-13,2018-11-13,Employees/Designated Employees,Market Sale,Sell,Equity Shares,3500.0,0.0,0.0,0.0,0.0,3059500.0,0.13,3056000.0,0.13
YESBANK,2018-11-14 19:12:00,2018-11-13,2018-11-13,2018-11-13,Employees/Designated Employees,ESOP,Buy,Equity Shares,11000.0,0.0,0.0,0.0,0.0,150000.0,0.01,161000.0,0.01
YESBANK,2018-11-14 19:12:00,2018-11-13,2018-11-13,2018-11-13,Employees/Designated Employees,ESOP,Buy,Equity Shares,13750.0,0.0,0.0,0.0,0.0,161250.0,0.01,175000.0,0.01
YESBANK,2018-11-14 19:12:00,2018-11-13,2018-11-13,2018-11-13,Employees/Designated Employees,ESOP,Buy,Equity Shares,54000.0,0.0,0.0,0.0,0.0,360500.0,0.02,414500.0,0.02
YESBANK,2018-11-14 19:12:00,2018-11-13,2018-11-13,2018-11-13,Employees/Designated Employees,Market Sale,Sell,Equity Shares,4500.0,0.0,0.0,0.0,0.0,59500.0,0.0,55000.0,0.0
YESBANK,2018-11-14 19:12:00,2018-11-13,2018-11-13,2018-11-13,Employees/Designated Employees,ESOP,Buy,Equity Shares,10000.0,0.0,0.0,0.0,0.0,59250.0,0.0,69250.0,0.0
YESBANK,2018-11-14 19:12:00,2018-11-14,2018-11-13,2018-11-13,Employees/Designated Employees,Pledge Creation,Pledge,Equity Shares,100000.0,0.0,0.0,0.0,0.0,2084100.0,0.09,2084100.0,0.09
YESBANK,2018-11-14 19:12:00,2018-11-14,2018-11-14,2018-11-14,Employees/Designated Employees,Market Sale,Sell,Equity Shares,20000.0,0.0,0.0,0.0,0.0,57260.0,0.0,37260.0,0.0
YESBANK,2018-11-14 19:12:00,2018-11-13,2018-11-09,2018-11-09,Employees/Designated Employees,Revokation of Pledge,Pledge Revoke,Equity Shares,50.0,0.0,0.0,0.0,0.0,49310.0,0.0,49310.0,0.0
YESBANK,2018-11-14 19:12:00,2018-11-14,2018-11-13,2018-11-13,Employees/Designated Employees,ESOP,Buy,Equity Shares,1500.0,0.0,0.0,0.0,0.0,,0.0,1500.0,0.0
YESBANK,2018-11-14 19:12:00,2018-11-13,2018-11-12,2018-11-12,Employees/Designated Employees,Market Sale,Sell,Equity Shares,1000.0,0.0,0.0,0.0,0.0,3060500.0,0.13,3059500.0,0.13
YESBANK,2018-11-15 19:10:00,2018-11-15,2018-11-14,2018-11-14,Connected Person,Market Sale,Sell,Equity Shares,56405.0,0.0,0.0,0.0,0.0,313434.0,0.01,257029.0,0.01
YESBANK,2018-11-15 19:15:00,2018-11-15,2018-11-14,2018-11-14,Employees/Designated Employees,Market Sale,Sell,Equity Shares,14100.0,0.0,0.0,0.0,0.0,2084100.0,0.09,2070000.0,0.09
YESBANK,2018-11-15 19:15:00,2018-11-15,2018-10-09,2018-10-09,Employees/Designated Employees,ESOP,Buy,Equity Shares,3000.0,0.0,0.0,0.0,0.0,1533000.0,0.07,1536000.0,0.07
YESBANK,2018-11-15 19:15:00,2018-11-14,2018-11-14,2018-11-14,Employees/Designated Employees,ESOP,Buy,Equity Shares,100000.0,0.0,0.0,0.0,0.0,852250.0,0.04,952250.0,0.04
YESBANK,2018-11-15 19:15:00,2018-11-15,2018-11-13,2018-11-13,Employees/Designated Employees,ESOP,Buy,Equity Shares,34500.0,0.0,0.0,0.0,0.0,1536000.0,0.07,1570500.0,0.07
YESBANK,2018-11-16 18:50:00,2018-11-16,2018-11-15,2018-11-15,Employees/Designated Employees,ESOP,Buy,Equity Shares,15000.0,0.0,0.0,0.0,0.0,387400.0,0.0,402400.0,0.0
YESBANK,2018-11-16 18:50:00,2018-11-16,2018-11-15,2018-11-15,Employees/Designated Employees,ESOP,Buy,Equity Shares,10000.0,0.0,0.0,0.0,0.0,80000.0,0.0,90000.0,0.0
YESBANK,2018-11-16 18:50:00,2018-11-14,2018-11-13,2018-11-13,Employees/Designated Employees,ESOP,Buy,Equity Shares,50000.0,0.0,0.0,0.0,0.0,,0.0,50000.0,0.0
YESBANK,2018-11-16 18:50:00,2018-11-16,2018-11-15,2018-11-15,Employees/Designated Employees,ESOP,Buy,Equity Shares,12500.0,0.0,0.0,0.0,0.0,,0.0,12500.0,0.0
YESBANK,2018-11-16 18:50:00,2018-11-15,2018-10-09,2018-10-09,Employees/Designated Employees,ESOP,Buy,Equity Shares,1250.0,0.0,0.0,0.0,0.0,31000.0,0.0,32250.0,0.0
YESBANK,2018-11-16 18:50:00,2018-11-15,2018-09-21,2018-09-21,Employees/Designated Employees,Market Purchase,Buy,Equity Shares,2000.0,0.0,0.0,0.0,0.0,29000.0,0.0,31000.0,0.0
YESBANK,2018-11-16 18:50:00,2018-11-15,2018-10-26,2018-10-26,Employees/Designated Employees,Pledge Creation,Pledge,Equity Shares,1750.0,0.0,0.0,0.0,0.0,32250.0,0.0,32250.0,0.0
YESBANK,2018-11-16 18:50:00,2018-11-15,2018-11-13,2018-11-13,Employees/Designated Employees,ESOP,Buy,Equity Shares,4250.0,0.0,0.0,0.0,0.0,32250.0,0.0,36500.0,0.0
YESBANK,2018-11-16 18:50:00,2018-11-16,2018-11-15,2018-11-15,Employees/Designated Employees,ESOP,Buy,Equity Shares,150000.0,0.0,0.0,0.0,0.0,2070000.0,0.09,2220000.0,0.1
YESBANK,2018-11-19 19:29:00,2018-11-17,2018-11-15,2018-11-15,Employees/Designated Employees,Invocation of pledge,Pledge Invoke,Equity Shares,10000.0,0.0,0.0,0.0,0.0,122340.0,0.01,112340.0,0.01
YESBANK,2018-11-19 19:29:00,2018-11-19,2018-11-15,2018-11-15,Employees/Designated Employees,ESOP,Buy,Equity Shares,9000.0,0.0,0.0,0.0,0.0,,0.0,9000.0,0.0
YESBANK,2018-11-19 19:29:00,2018-11-16,2018-11-15,2018-11-15,Employees/Designated Employees,Market Sale,Sell,Equity Shares,4000.0,0.0,0.0,0.0,0.0,3052000.0,0.13,3048000.0,0.13
YESBANK,2018-11-19 19:29:00,2018-11-19,2018-11-15,2018-11-15,Employees/Designated Employees,ESOP,Buy,Equity Shares,21000.0,0.0,0.0,0.0,0.0,279600.0,0.01,300600.0,0.01
YESBANK,2018-11-19 19:29:00,2018-11-19,2018-11-15,2018-11-15,Employees/Designated Employees,ESOP,Buy,Equity Shares,94000.0,0.0,0.0,0.0,0.0,54000.0,0.0,148000.0,0.01
YESBANK,2018-11-19 19:29:00,2018-11-16,2018-11-14,2018-11-14,Employees/Designated Employees,Market Sale,Sell,Equity Shares,4000.0,0.0,0.0,0.0,0.0,3056000.0,0.13,3052000.0,0.13
YESBANK,2018-11-19 19:29:00,2018-11-16,2018-11-15,2018-11-15,Key Managerial Personnel,ESOP,Buy,Equity Shares,9500.0,0.0,0.0,0.0,0.0,100480.0,0.0,109980.0,0.01
YESBANK,2018-11-19 19:29:00,2018-11-16,2018-11-14,2018-11-14,Employees/Designated Employees,Market Sale,Sell,Equity Shares,5000.0,0.0,0.0,0.0,0.0,55000.0,0.0,50000.0,0.0
YESBANK,2018-11-19 19:29:00,2018-11-16,2018-11-15,2018-11-15,Employees/Designated Employees,ESOP,Buy,Equity Shares,40000.0,0.0,0.0,0.0,0.0,125005.0,0.01,165005.0,0.01
YESBANK,2018-11-20 19:04:00,2018-11-20,2018-11-19,2018-11-19,Employees/Designated Employees,Market Sale,Sell,Equity Shares,20000.0,0.0,0.0,0.0,0.0,952250.0,0.04,932250.0,0.04
YESBANK,2018-11-20 19:04:00,2018-11-20,2018-11-19,2018-11-19,Employees/Designated Employees,Market Sale,Sell,Equity Shares,40000.0,0.0,0.0,0.0,0.0,2220000.0,0.1,2180000.0,0.09
YESBANK,2018-11-21 19:05:00,2018-11-21,2018-11-19,2018-11-19,Connected Person,Revokation of Pledge,Pledge Revoke,Equity Shares,162210.0,0.0,0.0,0.0,0.0,257029.0,0.01,257029.0,0.01
YESBANK,2018-11-21 19:10:00,2018-11-21,2018-11-20,2018-11-20,Employees/Designated Employees,Pledge Creation,Pledge,Equity Shares,40000.0,0.0,0.0,0.0,0.0,175000.0,0.01,175000.0,0.01
YESBANK,2018-11-21 19:10:00,2018-11-20,2018-11-20,2018-11-20,Employees/Designated Employees,Invocation of pledge,Pledge Invoke,Equity Shares,5250.0,0.0,0.0,0.0,0.0,112340.0,0.01,107090.0,0.01
YESBANK,2018-11-21 19:10:00,2018-11-21,2018-11-20,2018-11-20,Employees/Designated Employees,Market Sale,Sell,Equity Shares,30000.0,0.0,0.0,0.0,0.0,2180000.0,0.09,2150000.0,0.09
YESBANK,2018-11-22 18:44:00,2018-11-22,2018-11-21,2018-11-21,Employees/Designated Employees,Market Sale,Sell,Equity Shares,30000.0,0.0,0.0,0.0,0.0,2150000.0,0.09,2120000.0,0.09
YESBANK,2018-11-22 18:44:00,2018-11-21,2018-11-19,2018-11-19,Employees/Designated Employees,Market Sale,Sell,Equity Shares,4000.0,0.0,0.0,0.0,0.0,3048000.0,0.13,3044000.0,0.13
YESBANK,2018-11-22 18:44:00,2018-11-21,2018-11-21,2018-11-21,Employees/Designated Employees,Market Sale,Sell,Equity Shares,1000.0,0.0,0.0,0.0,0.0,3044000.0,0.13,3043000.0,0.13
YESBANK,2018-11-22 18:44:00,2018-11-22,2018-11-22,2018-11-22,Employees/Designated Employees,Pledge Creation,Pledge,Equity Shares,16250.0,0.0,0.0,0.0,0.0,175000.0,0.01,175000.0,0.01
YESBANK,2018-11-23 17:02:00,2018-11-23,2018-11-22,2018-11-22,Employees/Designated Employees,Market Sale,Sell,Equity Shares,15000.0,0.0,0.0,0.0,0.0,2120000.0,0.09,2105000.0,0.09
YESBANK,2018-11-26 18:48:00,2018-11-26,2018-11-22,2018-11-22,Employees/Designated Employees,Market Sale,Sell,Equity Shares,25000.0,0.0,0.0,0.0,0.0,300600.0,0.01,275600.0,0.01
YESBANK,2018-11-28 19:30:00,2018-11-28,2018-11-28,2018-11-28,Employees/Designated Employees,Market Sale,Sell,Equity Shares,47355.0,0.0,0.0,0.0,0.0,121050.0,0.01,73695.0,0.0
YESBANK,2018-11-28 19:30:00,2018-11-28,2018-11-02,2018-11-02,Employees/Designated Employees,Market Purchase,Buy,Equity Shares,2000.0,0.0,0.0,0.0,0.0,8060.0,0.0,10060.0,0.0
YESBANK,2018-11-28 19:30:00,2018-11-27,2018-11-26,2018-11-26,Employees/Designated Employees,Pledge Creation,Pledge,Equity Shares,20000.0,0.0,0.0,0.0,0.0,181000.0,0.01,181000.0,0.01
YESBANK,2018-11-28 19:30:00,2018-11-27,2018-11-26,2018-11-26,Employees/Designated Employees,Market Sale,Sell,Equity Shares,10000.0,0.0,0.0,0.0,0.0,100000.0,0.0,90000.0,0.0
YESBANK,2018-11-28 19:30:00,2018-11-28,2018-11-02,2018-11-02,Employees/Designated Employees,Market Sale,Sell,Equity Shares,2000.0,0.0,0.0,0.0,0.0,10060.0,0.0,8060.0,0.0
YESBANK,2018-11-28 19:30:00,2018-11-28,2018-11-27,2018-11-27,Employees/Designated Employees,Market Purchase,Buy,Equity Shares,4000.0,0.0,0.0,0.0,0.0,8060.0,0.0,12060.0,0.0
YESBANK,2018-11-28 19:30:00,2018-11-28,2018-11-27,2018-11-27,Employees/Designated Employees,Market Sale,Sell,Equity Shares,3990.0,0.0,0.0,0.0,0.0,12060.0,0.0,8070.0,0.0
YESBANK,2018-11-28 19:30:00,2018-11-28,2018-11-26,2018-11-26,Employees/Designated Employees,Invocation of pledge,Pledge Invoke,Equity Shares,75000.0,0.0,0.0,0.0,0.0,165005.0,0.01,90005.0,0.0
YESBANK,2018-11-28 19:30:00,2018-11-28,2018-11-05,2018-11-05,Employees/Designated Employees,Market Sale,Sell,Equity Shares,1000.0,0.0,0.0,0.0,0.0,122050.0,0.01,121050.0,0.01
YESBANK,2018-11-28 19:30:00,2018-11-27,2018-11-13,2018-11-13,Employees/Designated Employees,ESOP,Buy,Equity Shares,5000.0,0.0,0.0,0.0,0.0,95000.0,0.0,100000.0,0.0
YESBANK,2018-11-28 19:30:00,2018-11-28,2018-11-28,2018-11-28,Employees/Designated Employees,Market Sale,Sell,Equity Shares,1500.0,0.0,0.0,0.0,0.0,1500.0,0.0,,0.0
YESBANK,2018-11-28 19:30:00,2018-11-28,2018-11-28,2018-11-28,Employees/Designated Employees,Market Sale,Sell,Equity Shares,20000.0,0.0,0.0,0.0,0.0,932250.0,0.04,912250.0,0.04
YESBANK,2018-11-28 19:30:00,2018-11-27,2018-10-09,2018-10-09,Employees/Designated Employees,ESOP,Buy,Equity Shares,8000.0,0.0,0.0,0.0,0.0,87000.0,0.0,95000.0,0.0
YESBANK,2018-11-29 18:58:00,2018-11-29,2018-11-13,2018-11-13,Employees/Designated Employees,Market Sale,Sell,Equity Shares,1000.0,0.0,0.0,0.0,0.0,110000.0,0.01,109000.0,0.01
YESBANK,2018-11-29 18:58:00,2018-11-29,2018-11-28,2018-11-28,Employees/Designated Employees,Market Sale,Sell,Equity Shares,9000.0,0.0,0.0,0.0,0.0,109000.0,0.01,100000.0,0.0
YESBANK,2018-11-29 18:58:00,2018-11-28,2018-11-26,2018-11-26,Employees/Designated Employees,Market Sale,Sell,Equity Shares,4750.0,0.0,0.0,0.0,0.0,107090.0,0.01,102340.0,0.0
YESBANK,2018-11-29 18:58:00,2018-11-28,2018-11-28,2018-11-28,Employees/Designated Employees,Invocation of pledge,Pledge Invoke,Equity Shares,242500.0,0.0,0.0,0.0,0.0,692805.0,0.03,450305.0,0.02
YESBANK,2018-11-29 18:58:00,2018-11-29,2018-11-29,2018-11-29,Employees/Designated Employees,Market Sale,Sell,Equity Shares,46000.0,0.0,0.0,0.0,0.0,3038000.0,0.13,2992000.0,0.13
YESBANK,2018-11-29 18:58:00,2018-11-29,2018-11-28,2018-11-28,Employees/Designated Employees,Market Sale,Sell,Equity Shares,4000.0,0.0,0.0,0.0,0.0,3042000.0,0.13,3038000.0,0.13
YESBANK,2018-11-29 18:58:00,2018-11-29,2018-11-22,2018-11-22,Employees/Designated Employees,Market Sale,Sell,Equity Shares,1000.0,0.0,0.0,0.0,0.0,3043000.0,0.13,3042000.0,0.13
YESBANK,2018-11-30 18:33:00,2018-11-30,2018-11-27,2018-11-27,Employees/Designated Employees,Pledge Creation,Pledge,Equity Shares,22500.0,0.0,0.0,0.0,0.0,86000.0,0.0,86000.0,0.0
YESBANK,2018-11-30 18:33:00,2018-11-30,2018-10-25,2018-10-25,Employees/Designated Employees,Pledge Creation,Pledge,Equity Shares,21000.0,0.0,0.0,0.0,0.0,63500.0,0.0,63500.0,0.0
YESBANK,2018-11-30 18:33:00,2018-11-30,2018-11-29,2018-11-29,Employees/Designated Employees,Invocation of pledge,Pledge Invoke,Equity Shares,15000.0,0.0,0.0,0.0,0.0,332000.0,0.01,317000.0,0.0
YESBANK,2018-11-30 18:33:00,2018-11-30,2018-11-29,2018-11-29,Employees/Designated Employees,Invocation of pledge,Pledge Invoke,Equity Shares,20000.0,0.0,0.0,0.0,0.0,352000.0,0.02,332000.0,0.01
YESBANK,2018-11-30 18:33:00,2018-11-30,2018-11-29,2018-11-29,Employees/Designated Employees,Market Sale,Sell,Equity Shares,5000.0,0.0,0.0,0.0,0.0,102340.0,0.0,97340.0,0.0
YESBANK,2018-11-30 18:33:00,2018-11-30,2018-11-04,2018-11-04,Employees/Designated Employees,Pledge Creation,Pledge,Equity Shares,40500.0,0.0,0.0,0.0,0.0,199500.0,0.01,199500.0,0.01
YESBANK,2018-11-30 18:33:00,2018-11-30,2018-11-29,2018-11-29,Employees/Designated Employees,Market Sale,Sell,Equity Shares,200000.0,0.0,0.0,0.0,0.0,2992000.0,0.13,2792000.0,0.12
YESBANK,2018-12-04 15:42:00,2018-11-29,2018-11-05,2018-11-05,Employees/Designated Employees,Others,Buy,Equity Shares,2500.0,0.0,0.0,0.0,0.0,,0.0,2500.0,0.0
YESBANK,2018-12-04 15:42:00,2018-11-30,2018-11-28,2018-11-28,Employees/Designated Employees,Market Sale,Sell,Equity Shares,3000.0,0.0,0.0,0.0,0.0,7000.0,0.0,4000.0,0.0
YESBANK,2018-12-04 15:42:00,2018-11-30,2018-09-28,2018-09-29,Employees/Designated Employees,Invocation of pledge,Pledge Invoke,Equity Shares,65000.0,0.0,0.0,0.0,0.0,105000.0,0.0,40000.0,0.0
YESBANK,2018-12-04 15:42:00,2018-11-30,2018-11-29,2018-11-29,Employees/Designated Employees,Market Sale,Sell,Equity Shares,5000.0,0.0,0.0,0.0,0.0,2105000.0,0.09,2100000.0,0.09
YESBANK,2018-12-04 15:42:00,2018-11-30,2018-11-28,2018-11-28,Employees/Designated Employees,Revokation of Pledge,Pledge Revoke,Equity Shares,190000.0,0.0,0.0,0.0,0.0,2105000.0,0.09,2105000.0,0.09
YESBANK,2018-12-04 15:42:00,2018-11-29,2018-11-27,2018-11-27,Employees/Designated Employees,Others,Buy,Equity Shares,2550.0,0.0,0.0,0.0,0.0,,0.0,2550.0,0.0
YESBANK,2018-12-04 15:42:00,2018-11-29,2018-11-05,2018-11-05,Employees/Designated Employees,Others,Sell,Equity Shares,2500.0,0.0,0.0,0.0,0.0,2500.0,0.0,,0.0
YESBANK,2018-12-04 15:42:00,2018-11-29,2018-11-26,2018-11-26,Employees/Designated Employees,Others,Buy,Equity Shares,2550.0,0.0,0.0,0.0,0.0,,0.0,2550.0,0.0
YESBANK,2018-12-04 15:42:00,2018-11-29,2018-11-27,2018-11-27,Employees/Designated Employees,Others,Sell,Equity Shares,2550.0,0.0,0.0,0.0,0.0,2550.0,0.0,,0.0
YESBANK,2018-12-05 19:00:00,2018-12-04,2018-11-30,2018-11-30,Employees/Designated Employees,Market Sale,Sell,Equity Shares,10500.0,0.0,0.0,0.0,0.0,142000.0,0.01,131500.0,0.01
YESBANK,2018-12-05 19:00:00,2018-12-04,2018-10-12,2018-10-12,Employees/Designated Employees,ESOP,Buy,Equity Shares,2500.0,0.0,0.0,0.0,0.0,139500.0,0.01,142000.0,0.01
YESBANK,2018-12-05 19:00:00,2018-12-03,2018-11-29,2018-11-29,Employees/Designated Employees,Pledge Creation,Pledge,Equity Shares,11850.0,0.0,0.0,0.0,0.0,46850.0,0.0,46850.0,0.0
YESBANK,2018-12-05 19:00:00,2018-12-03,2018-12-03,2018-12-03,Employees/Designated Employees,Market Sale,Sell,Equity Shares,29000.0,0.0,0.0,0.0,0.0,2074000.0,0.09,2045000.0,0.09
YESBANK,2018-12-05 19:08:00,,,,Employees/Designated Employees,-,-,,,0.0,1750.0,0.0,420350.0,,0.0,,
YESBANK,2018-12-05 19:08:00,,,,Employees/Designated Employees,-,-,,,1750.0,0.0,416762.5,0.0,,0.0,,
YESBANK,2018-12-05 19:08:00,,,,Employees/Designated Employees,-,-,,,1750.0,0.0,479850.0,0.0,,0.0,,
YESBANK,2018-12-05 19:08:00,,,,Employees/Designated Employees,-,-,,,1750.0,0.0,357525.0,0.0,,0.0,,
YESBANK,2018-12-06 19:16:00,2018-12-04,2018-10-22,2018-10-31,Employees/Designated Employees,Market Purchase,Buy,Equity Shares,3460.0,0.0,0.0,0.0,0.0,,0.0,3460.0,0.0
YESBANK,2018-12-06 19:16:00,2018-12-05,2018-10-01,2018-11-09,Employees/Designated Employees,Market Sale,Sell,Equity Shares,3415.0,0.0,0.0,0.0,0.0,3415.0,0.0,,0.0
YESBANK,2018-12-06 19:16:00,2018-12-05,2018-10-01,2018-11-09,Employees/Designated Employees,Market Purchase,Buy,Equity Shares,3000.0,0.0,0.0,0.0,0.0,415.0,0.0,3415.0,0.0
YESBANK,2018-12-06 19:16:00,2018-12-04,2018-10-31,2018-10-31,Employees/Designated Employees,Market Sale,Sell,Equity Shares,3060.0,0.0,0.0,0.0,0.0,3460.0,0.0,400.0,0.0
YESBANK,2018-12-12 19:28:00,2018-12-11,2018-11-27,2018-11-27,Employees/Designated Employees,Market Sale,Sell,Equity Shares,2500.0,0.0,0.0,0.0,0.0,90000.0,0.0,87500.0,0.0
YESBANK,2018-12-12 19:28:00,2018-12-11,2018-12-11,2018-12-11,Employees/Designated Employees,ESOP,Buy,Equity Shares,10000.0,0.0,0.0,0.0,0.0,87500.0,0.0,97500.0,0.0
YESBANK,2018-12-12 19:28:00,2018-12-11,2018-12-10,2018-12-10,Employees/Designated Employees,Market Sale,Sell,Equity Shares,35000.0,0.0,0.0,0.0,0.0,95000.0,0.0,60000.0,0.0
YESBANK,2018-12-12 19:28:00,2018-12-11,2018-12-11,2018-12-11,Employees/Designated Employees,Market Sale,Sell,Equity Shares,31000.0,0.0,0.0,0.0,0.0,275600.0,0.01,244600.0,0.01
YESBANK,2018-12-12 19:28:00,2018-12-12,2018-12-11,2018-12-11,Employees/Designated Employees,ESOP,Buy,Equity Shares,11000.0,0.0,0.0,0.0,0.0,86000.0,0.0,97000.0,0.0
YESBANK,2018-12-13 18:43:00,2018-12-12,2018-12-11,2018-12-11,Employees/Designated Employees,ESOP,Buy,Equity Shares,23250.0,0.0,0.0,0.0,0.0,33250.0,0.0,56500.0,0.0
YESBANK,2018-12-13 18:43:00,2018-12-13,2018-12-12,2018-12-12,Employees/Designated Employees,ESOP,Buy,Equity Shares,22500.0,0.0,0.0,0.0,0.0,157500.0,0.01,180000.0,0.01
YESBANK,2018-12-13 18:43:00,2018-12-12,2018-12-12,2018-12-12,Employees/Designated Employees,ESOP,Buy,Equity Shares,70250.0,0.0,0.0,0.0,0.0,7800.0,0.0,78050.0,0.0
YESBANK,2018-12-13 18:43:00,2018-12-12,2018-12-10,2018-12-10,Employees/Designated Employees,Pledge Creation,Pledge,Equity Shares,7800.0,0.0,0.0,0.0,0.0,7800.0,0.0,7800.0,0.0
YESBANK,2018-12-13 18:43:00,2018-12-12,2018-10-12,2018-10-12,Employees/Designated Employees,Market Sale,Sell,Equity Shares,200.0,0.0,0.0,0.0,0.0,8000.0,0.0,7800.0,0.0
YESBANK,2018-12-13 18:43:00,2018-12-12,2018-10-12,2018-10-12,Employees/Designated Employees,ESOP,Buy,Equity Shares,1500.0,0.0,0.0,0.0,0.0,31000.0,0.0,32500.0,0.0
YESBANK,2018-12-13 18:43:00,2018-12-12,2018-12-01,2018-12-01,Employees/Designated Employees,Pledge Creation,Pledge,Equity Shares,30000.0,0.0,0.0,0.0,0.0,32500.0,0.0,32500.0,0.0
YESBANK,2018-12-13 18:43:00,2018-12-12,2018-12-11,2018-12-11,Employees/Designated Employees,ESOP,Buy,Equity Shares,30000.0,0.0,0.0,0.0,0.0,168000.0,0.01,198000.0,0.01
YESBANK,2018-12-13 18:43:00,2018-12-13,2018-12-11,2018-12-11,Employees/Designated Employees,ESOP,Buy,Equity Shares,35000.0,0.0,0.0,0.0,0.0,244600.0,0.01,279600.0,0.01
YESBANK,2018-12-13 18:43:00,2018-12-12,2018-12-10,2018-12-10,Employees/Designated Employees,Invocation of pledge,Pledge Invoke,Equity Shares,22716.0,0.0,0.0,0.0,0.0,263100.0,0.01,240384.0,0.01
YESBANK,2018-12-14 18:06:00,2018-12-13,2018-12-11,2018-12-11,Connected Person,Market Sale,Sell,Equity Shares,5600.0,0.0,0.0,0.0,0.0,257029.0,0.01,251429.0,0.01
YESBANK,2018-12-14 18:12:00,2018-12-13,2018-12-12,2018-12-12,Employees/Designated Employees,Market Sale,Sell,Equity Shares,40000.0,0.0,0.0,0.0,0.0,2040000.0,0.09,2000000.0,0.09
YESBANK,2018-12-14 18:12:00,2018-12-13,2018-12-12,2018-12-12,Employees/Designated Employees,ESOP,Buy,Equity Shares,14500.0,0.0,0.0,0.0,0.0,49310.0,0.0,63810.0,0.0
YESBANK,2018-12-14 18:12:00,2018-12-14,2018-11-29,2018-11-29,Employees/Designated Employees,Market Purchase,Buy,Equity Shares,500.0,0.0,0.0,0.0,0.0,7500.0,0.0,8000.0,0.0
YESBANK,2018-12-14 18:12:00,2018-12-14,2018-12-12,2018-12-14,Employees/Designated Employees,Market Purchase,Buy,Equity Shares,4350.0,0.0,0.0,0.0,0.0,8000.0,0.0,12350.0,0.0
YESBANK,2018-12-14 18:12:00,2018-12-13,2018-10-01,2018-11-07,Employees/Designated Employees,Market Purchase,Buy,Equity Shares,2500.0,0.0,0.0,0.0,0.0,125.0,0.0,2625.0,0.0
YESBANK,2018-12-14 18:12:00,2018-12-13,2018-10-09,2018-11-09,Employees/Designated Employees,Market Sale,Sell,Equity Shares,2625.0,0.0,0.0,0.0,0.0,2625.0,0.0,,0.0
YESBANK,2018-12-14 18:12:00,2018-12-14,2018-10-29,2018-11-07,Employees/Designated Employees,Market Purchase,Buy,Equity Shares,2500.0,0.0,0.0,0.0,0.0,5000.0,0.0,7500.0,0.0
YESBANK,2018-12-14 18:12:00,2018-12-13,2018-12-04,2018-12-04,Employees/Designated Employees,Market Sale,Sell,Equity Shares,5000.0,0.0,0.0,0.0,0.0,2045000.0,0.09,2040000.0,0.09
YESBANK,2018-12-17 19:02:00,2018-12-13,2018-12-12,2018-12-12,Employees/Designated Employees,ESOP,Buy,Equity Shares,20000.0,0.0,0.0,0.0,0.0,90000.0,0.0,110000.0,0.01
YESBANK,2018-12-17 19:02:00,2018-12-14,2018-11-16,2018-12-13,Immediate relative,Market Purchase,Buy,Equity Shares,15000.0,0.0,0.0,0.0,0.0,,0.0,15000.0,0.0
YESBANK,2018-12-17 19:02:00,2018-12-14,2018-11-16,2018-12-13,Other,Market Purchase,Buy,Equity Shares,10000.0,0.0,0.0,0.0,0.0,,0.0,10000.0,0.0
YESBANK,2018-12-18 18:28:00,,,,Employees/Designated Employees,-,-,,,1750.0,0.0,268625.0,0.0,,0.0,,
YESBANK,2018-12-18 18:28:00,,,,Employees/Designated Employees,-,-,,,1750.0,0.0,390162.5,0.0,,0.0,,
YESBANK,2018-12-18 18:28:00,,,,Employees/Designated Employees,-,-,,,1750.0,0.0,390162.5,0.0,,0.0,,
YESBANK,2018-12-18 18:31:00,2018-12-17,2018-10-01,2018-12-17,Employees/Designated Employees,Market Purchase,Buy,Equity Shares,8878.0,0.0,0.0,0.0,0.0,,0.0,8878.0,0.0
YESBANK,2018-12-18 18:31:00,2018-12-17,2018-10-01,2018-12-17,Employees/Designated Employees,Market Sale,Sell,Equity Shares,5877.0,0.0,0.0,0.0,0.0,8878.0,0.0,3001.0,0.0
YESBANK,2018-12-18 18:31:00,2018-12-14,2018-11-28,2018-11-28,Employees/Designated Employees,Market Sale,Sell,Equity Shares,10000.0,0.0,0.0,0.0,0.0,134125.0,0.01,124125.0,0.01
YESBANK,2018-12-18 19:07:00,2018-12-14,2018-12-12,2018-12-12,Employees/Designated Employees,ESOP,Buy,Equity Shares,16000.0,0.0,0.0,0.0,0.0,600.0,0.0,16600.0,0.0
YESBANK,2018-12-19 18:32:00,2018-12-18,2018-12-18,2018-12-18,Employees/Designated Employees,Revokation of Pledge,Pledge Revoke,Equity Shares,185000.0,0.0,0.0,0.0,0.0,2000000.0,0.09,2000000.0,0.09
YESBANK,2018-12-19 18:32:00,2018-12-19,2018-12-18,2018-12-18,Employees/Designated Employees,Pledge Creation,Pledge,Equity Shares,65000.0,0.0,0.0,0.0,0.0,97500.0,0.0,97500.0,0.0
YESBANK,2018-12-20 18:43:00,2018-12-19,2018-12-17,2018-12-17,Employees/Designated Employees,Pledge Creation,Pledge,Equity Shares,4000.0,0.0,0.0,0.0,0.0,7875.0,0.0,7875.0,0.0
YESBANK,2018-12-21 17:45:00,2018-12-21,2018-12-21,2018-12-21,Employees/Designated Employees,Pledge Creation,Pledge,Equity Shares,9000.0,0.0,0.0,0.0,0.0,30550.0,0.0,30550.0,0.0
YESBANK,2018-12-31 17:07:00,2018-12-27,2018-12-27,2018-12-27,Employees/Designated Employees,Off Market,Sell,Equity Shares,20000.0,0.0,0.0,0.0,0.0,90005.0,0.0,70005.0,0.0
YESBANK,2018-12-31 17:07:00,2018-12-31,2018-11-19,2018-11-19,Employees/Designated Employees,Pledge Creation,Pledge,Equity Shares,162500.0,0.0,0.0,0.0,0.0,163500.0,0.01,163500.0,0.01
YESBANK,2019-01-01 18:44:00,2018-12-31,2018-12-28,2018-12-28,Employees/Designated Employees,Market Sale,Sell,Equity Shares,5000.0,0.0,0.0,0.0,0.0,20000.0,0.0,15000.0,0.0
YESBANK,2019-01-01 18:44:00,2018-12-31,2018-12-31,2018-12-31,Employees/Designated Employees,Market Sale,Sell,Equity Shares,2500.0,0.0,0.0,0.0,0.0,96750.0,0.0,94250.0,0.0
YESBANK,2019-01-01 18:44:00,2019-01-01,2018-12-31,2018-12-31,Employees/Designated Employees,Market Sale,Sell,Equity Shares,100000.0,0.0,0.0,0.0,0.0,1570500.0,0.07,1470500.0,0.06
YESBANK,2019-01-01 18:44:00,2018-12-31,2018-11-27,2018-11-27,Employees/Designated Employees,Pledge Creation,Pledge,Equity Shares,12000.0,0.0,0.0,0.0,0.0,57260.0,0.0,57260.0,0.0
YESBANK,2019-01-01 18:44:00,2018-12-31,2018-12-31,2018-12-31,Employees/Designated Employees,Market Sale,Sell,Equity Shares,12000.0,0.0,0.0,0.0,0.0,57260.0,0.0,45260.0,0.0
YESBANK,2019-01-01 18:44:00,2018-12-31,2018-12-03,2018-12-03,Employees/Designated Employees,Market Sale,Sell,Equity Shares,3000.0,0.0,0.0,0.0,0.0,100000.0,0.0,97000.0,0.0
YESBANK,2019-01-01 18:44:00,2018-12-31,2018-12-13,2018-12-13,Employees/Designated Employees,Market Sale,Sell,Equity Shares,250.0,0.0,0.0,0.0,0.0,97000.0,0.0,96750.0,0.0
YESBANK,2019-01-01 18:44:00,2018-12-31,2018-12-31,2018-12-31,Employees/Designated Employees,Revokation of Pledge,Pledge Revoke,Equity Shares,12000.0,0.0,0.0,0.0,0.0,57260.0,0.0,57260.0,0.0
YESBANK,2019-01-02 19:56:00,2018-12-31,2018-12-27,2018-12-27,Employees/Designated Employees,Market Purchase,Buy,Debentures,1.0,0.0,0.0,0.0,0.0,,0.0,1.0,0.0
YESBANK,2019-01-02 19:56:00,2018-12-31,2018-11-29,2018-11-29,Employees/Designated Employees,Market Purchase,Buy,Equity Shares,500.0,0.0,0.0,0.0,0.0,,0.0,500.0,0.0
YESBANK,2019-01-02 19:56:00,2018-12-31,2018-10-08,2018-10-08,Employees/Designated Employees,Market Sale,Sell,Equity Shares,90.0,0.0,0.0,0.0,0.0,90.0,0.0,,0.0
YESBANK,2019-01-02 19:56:00,2018-12-31,2018-10-12,2018-10-12,Employees/Designated Employees,Market Purchase,Buy,Equity Shares,4032.0,0.0,0.0,0.0,0.0,,0.0,4032.0,0.0
YESBANK,2019-01-02 19:56:00,2018-12-31,2018-11-29,2018-11-29,Employees/Designated Employees,Market Sale,Sell,Equity Shares,5145.0,0.0,0.0,0.0,0.0,5145.0,0.0,,0.0
YESBANK,2019-01-02 19:56:00,2019-01-01,2019-01-01,2019-01-01,Employees/Designated Employees,Pledge Creation,Pledge,Equity Shares,70250.0,0.0,0.0,0.0,0.0,78050.0,0.0,78050.0,0.0
YESBANK,2019-01-02 19:56:00,2019-01-02,2018-12-31,2018-12-31,Employees/Designated Employees,Off Market,Sell,Equity Shares,20000.0,0.0,0.0,0.0,0.0,70005.0,0.0,50005.0,0.0
YESBANK,2019-01-02 19:56:00,2018-12-31,2018-10-15,2018-10-15,Employees/Designated Employees,Market Purchase,Buy,Equity Shares,1113.0,0.0,0.0,0.0,0.0,4032.0,0.0,5145.0,0.0
YESBANK,2019-01-02 19:56:00,2018-12-31,2018-10-03,2018-10-03,Employees/Designated Employees,Market Purchase,Buy,Equity Shares,90.0,0.0,0.0,0.0,0.0,,0.0,90.0,0.0
YESBANK,2019-01-03 19:02:00,2019-01-03,2018-12-27,2018-12-27,Employees/Designated Employees,Market Sale,Sell,Equity Shares,7000.0,0.0,0.0,0.0,0.0,414500.0,0.02,407500.0,0.02
YESBANK,2019-01-03 19:02:00,2019-01-02,2018-12-03,2018-12-03,Employees/Designated Employees,Revokation of Pledge,Pledge,Equity Shares,48145.0,0.0,0.0,0.0,0.0,73695.0,0.0,73695.0,0.0
YESBANK,2019-01-04 19:35:00,2019-01-03,2018-11-01,2018-11-01,Employees/Designated Employees,Market Sale,Sell,Equity Shares,1000.0,0.0,0.0,0.0,0.0,1210.0,0.0,210.0,0.0
YESBANK,2019-01-04 19:35:00,2019-01-03,2018-11-16,2018-11-16,Employees/Designated Employees,Market Purchase,Buy,Equity Shares,2000.0,0.0,0.0,0.0,0.0,210.0,0.0,2210.0,0.0
YESBANK,2019-01-04 19:35:00,2019-01-03,2018-11-28,2018-11-28,Employees/Designated Employees,Market Purchase,Buy,Equity Shares,1200.0,0.0,0.0,0.0,0.0,2210.0,0.0,3410.0,0.0
YESBANK,2019-01-04 19:35:00,2019-01-03,2018-11-30,2018-11-30,Employees/Designated Employees,Market Sale,Sell,Equity Shares,1200.0,0.0,0.0,0.0,0.0,3410.0,0.0,2210.0,0.0
YESBANK,2019-01-04 19:35:00,2019-01-03,2018-10-29,2018-10-29,Employees/Designated Employees,Market Purchase,Buy,Equity Shares,1000.0,0.0,0.0,0.0,0.0,210.0,0.0,1210.0,0.0
YESBANK,2019-01-04 19:35:00,2019-01-03,2018-11-13,2018-11-30,Employees/Designated Employees,Market Purchase,Buy,Equity Shares,2250.0,0.0,0.0,0.0,0.0,,0.0,2250.0,0.0
YESBANK,2019-01-04 19:35:00,2019-01-03,2018-11-13,2018-11-30,Employees/Designated Employees,Market Sale,Sell,Equity Shares,2250.0,0.0,0.0,0.0,0.0,2250.0,0.0,,0.0
YESBANK,2019-01-04 19:35:00,2019-01-04,2018-11-29,2018-11-29,Employees/Designated Employees,Pledge Creation,Pledge,Equity Shares,20000.0,0.0,0.0,0.0,0.0,160000.0,0.01,160000.0,0.01
YESBANK,2019-01-04 19:35:00,2019-01-04,2019-01-03,2019-01-03,Employees/Designated Employees,Pledge Creation,Pledge,Equity Shares,11000.0,0.0,0.0,0.0,0.0,97000.0,0.0,97000.0,0.0
YESBANK,2019-01-08 20:42:00,2019-01-04,2018-12-27,2018-12-27,Employees/Designated Employees,Market Sale,Sell,Equity Shares,21000.0,0.0,0.0,0.0,0.0,34500.0,0.0,13500.0,0.0
YESBANK,2019-01-08 20:42:00,2019-01-04,2018-11-13,2018-11-13,Employees/Designated Employees,Market Sale,Sell,Equity Shares,4000.0,0.0,0.0,0.0,0.0,35700.0,0.0,31700.0,0.0
YESBANK,2019-01-08 20:42:00,2019-01-04,2018-10-09,2018-10-09,Employees/Designated Employees,ESOP,Buy,Equity Shares,7200.0,0.0,0.0,0.0,0.0,28500.0,0.0,35700.0,0.0
YESBANK,2019-01-08 20:42:00,2019-01-04,2018-11-16,2018-11-16,Employees/Designated Employees,ESOP,Buy,Equity Shares,2800.0,0.0,0.0,0.0,0.0,31700.0,0.0,34500.0,0.0
YESBANK,2019-01-08 20:42:00,2019-01-08,2018-10-08,2018-12-03,Employees/Designated Employees,Market Sale,Sell,Equity Shares,3500.0,0.0,0.0,0.0,0.0,4270.0,0.0,770.0,0.0
YESBANK,2019-01-08 20:42:00,2019-01-04,2018-09-28,2018-11-30,Employees/Designated Employees,Market Sale,Sell,Equity Shares,9000.0,0.0,0.0,0.0,0.0,14000.0,0.0,5000.0,0.0
YESBANK,2019-01-08 20:42:00,2019-01-08,2018-10-05,2018-12-04,Employees/Designated Employees,Market Purchase,Buy,Equity Shares,3700.0,0.0,0.0,0.0,0.0,570.0,0.0,4270.0,0.0
YESBANK,2019-01-08 20:42:00,2019-01-04,2018-12-03,2018-12-03,Employees/Designated Employees,Market Purchase,Buy,Equity Shares,3000.0,0.0,0.0,0.0,0.0,,0.0,3000.0,0.0
YESBANK,2019-01-08 20:42:00,2019-01-07,2018-12-11,2018-12-11,Employees/Designated Employees,Off Market,Buy,Equity Shares,12250.0,0.0,0.0,0.0,0.0,500.0,0.0,12750.0,0.0
YESBANK,2019-01-08 20:42:00,2019-01-04,2018-10-09,2018-10-09,Employees/Designated Employees,Market Sale,Sell,Equity Shares,2500.0,0.0,0.0,0.0,0.0,2500.0,0.0,,0.0
YESBANK,2019-01-08 20:45:00,,,,Employees/Designated Employees,-,-,,,1750.0,1750.0,375375.0,375462.5,,0.0,,
YESBANK,2019-01-08 20:45:00,,,,Employees/Designated Employees,-,-,,,1750.0,0.0,377125.0,0.0,,0.0,,
YESBANK,2019-01-08 20:45:00,,,,Employees/Designated Employees,-,-,,,1750.0,1750.0,388587.5,383775.0,,0.0,,
YESBANK,2019-01-08 20:45:00,,,,Employees/Designated Employees,-,-,,,3500.0,3500.0,764225.0,764575.0,,0.0,,
YESBANK,2019-01-08 20:45:00,,,,Employees/Designated Employees,-,-,,,1750.0,1750.0,348075.0,347025.0,,0.0,,
YESBANK,2019-01-08 20:45:00,,,,Employees/Designated Employees,-,-,,,1750.0,1750.0,341775.0,348950.0,,0.0,,
YESBANK,2019-01-08 20:45:00,,,,Employees/Designated Employees,-,-,,,3500.0,3500.0,679000.0,681275.0,,0.0,,
YESBANK,2019-01-08 20:45:00,,,,Employees/Designated Employees,-,-,,,1750.0,1750.0,390600.0,390600.0,,0.0,,
YESBANK,2019-01-09 19:42:00,2019-01-09,2019-01-08,2019-01-08,Employees/Designated Employees,ESOP,Buy,Equity Shares,23750.0,0.0,0.0,0.0,0.0,269500.0,0.01,293250.0,0.01
YESBANK,2019-01-09 19:42:00,2019-01-09,2018-10-05,2018-12-17,Employees/Designated Employees,Market Purchase,Buy,Equity Shares,17000.0,0.0,0.0,0.0,0.0,,0.0,17000.0,0.0
YESBANK,2019-01-09 19:42:00,2019-01-09,2018-10-08,2018-12-17,Employees/Designated Employees,Market Sale,Sell,Equity Shares,12700.0,0.0,0.0,0.0,0.0,17000.0,0.0,4300.0,0.0
YESBANK,2019-01-09 19:42:00,2019-01-09,2018-09-21,2018-10-03,Employees/Designated Employees,Market Sale,Sell,Equity Shares,1600.0,0.0,0.0,0.0,0.0,1600.0,0.0,,0.0
YESBANK,2019-01-09 19:42:00,2019-01-09,2019-01-08,2019-01-08,Employees/Designated Employees,ESOP,Buy,Equity Shares,30000.0,0.0,0.0,0.0,0.0,22500.0,0.0,52500.0,0.0
YESBANK,2019-01-09 19:42:00,2019-01-08,2019-01-08,2019-01-08,Employees/Designated Employees,ESOP,Buy,Equity Shares,3250.0,0.0,0.0,0.0,0.0,78050.0,0.0,81300.0,0.0
YESBANK,2019-01-09 19:42:00,2019-01-08,2019-01-08,2019-01-08,Employees/Designated Employees,ESOP,Buy,Equity Shares,18750.0,0.0,0.0,0.0,0.0,407500.0,0.02,426250.0,0.02
YESBANK,2019-01-09 19:42:00,2019-01-09,2019-01-01,2019-01-04,Employees/Designated Employees,Market Sale,Sell,Equity Shares,4300.0,0.0,0.0,0.0,0.0,4300.0,0.0,,0.0
YESBANK,2019-01-10 17:55:00,2019-01-10,2019-01-09,2019-01-09,Employees/Designated Employees,ESOP,Buy,Equity Shares,37500.0,0.0,0.0,0.0,0.0,283750.0,0.01,321250.0,0.01
YESBANK,2019-01-10 17:55:00,2019-01-10,2019-01-09,2019-01-09,Employees/Designated Employees,ESOP,Buy,Equity Shares,7500.0,0.0,0.0,0.0,0.0,144875.0,0.01,152375.0,0.01
YESBANK,2019-01-10 17:55:00,2019-01-09,2018-10-03,2018-12-07,Employees/Designated Employees,Market Purchase,Buy,Equity Shares,8600.0,0.0,0.0,0.0,0.0,800.0,0.0,9400.0,0.0
YESBANK,2019-01-10 17:55:00,2019-01-10,2019-01-09,2019-01-09,Employees/Designated Employees,ESOP,Buy,Equity Shares,14000.0,0.0,0.0,0.0,0.0,97000.0,0.0,111000.0,0.0
YESBANK,2019-01-10 17:55:00,2019-01-09,2018-11-02,2018-12-07,Employees/Designated Employees,Market Sale,Sell,Equity Shares,5930.0,0.0,0.0,0.0,0.0,9400.0,0.0,3470.0,0.0
YESBANK,2019-01-10 17:55:00,2019-01-10,2019-01-08,2019-01-08,Employees/Designated Employees,ESOP,Buy,Equity Shares,112500.0,0.0,0.0,0.0,0.0,2926495.0,0.13,3038995.0,0.13
YESBANK,2019-01-10 17:55:00,2019-01-09,2018-10-24,2018-10-24,Employees/Designated Employees,Market Purchase,Buy,Equity Shares,2000.0,0.0,0.0,0.0,0.0,,0.0,2000.0,0.0
YESBANK,2019-01-10 17:55:00,2019-01-09,2018-11-23,2018-11-30,Employees/Designated Employees,Market Purchase,Buy,Equity Shares,3600.0,0.0,0.0,0.0,0.0,,0.0,3600.0,0.0
YESBANK,2019-01-10 17:55:00,2019-01-09,2018-11-09,2018-11-16,Employees/Designated Employees,Market Sale,Sell,Equity Shares,2000.0,0.0,0.0,0.0,0.0,2000.0,0.0,,0.0
YESBANK,2019-01-10 17:55:00,2019-01-10,2019-01-08,2019-01-08,Employees/Designated Employees,ESOP,Buy,Equity Shares,25000.0,0.0,0.0,0.0,0.0,609074.0,0.03,634074.0,0.03
YESBANK,2019-01-10 17:55:00,2019-01-09,2018-12-07,2018-12-07,Employees/Designated Employees,Market Purchase,Buy,Equity Shares,1900.0,0.0,0.0,0.0,0.0,3470.0,0.0,5370.0,0.0
YESBANK,2019-01-11 20:21:00,2019-01-09,2018-10-01,2018-10-08,Employees/Designated Employees,Market Purchase,Buy,Equity Shares,2255.0,0.0,0.0,0.0,0.0,995.0,0.0,3250.0,0.0
YESBANK,2019-01-11 20:21:00,2019-01-09,2018-11-12,2018-11-12,Employees/Designated Employees,Market Sale,Sell,Equity Shares,3250.0,0.0,0.0,0.0,0.0,3250.0,0.0,,0.0
YESBANK,2019-01-11 20:21:00,2019-01-09,2019-01-07,2019-01-07,Employees/Designated Employees,Pledge Creation,Pledge,Equity Shares,210000.0,0.0,0.0,0.0,0.0,430000.0,0.02,430000.0,0.02
YESBANK,2019-01-14 20:55:00,2019-01-11,2019-01-09,2019-01-09,Employees/Designated Employees,ESOP,Buy,Equity Shares,15000.0,0.0,0.0,0.0,0.0,110000.0,0.0,125000.0,0.01
YESBANK,2019-01-14 20:55:00,2019-01-14,2018-11-02,2018-12-04,Employees/Designated Employees,Market Sale,Sell,Equity Shares,2900.0,0.0,0.0,0.0,0.0,5000.0,0.0,2100.0,0.0
YESBANK,2019-01-14 20:55:00,2019-01-11,2018-11-13,2018-11-13,Employees/Designated Employees,Revokation of Pledge,Pledge Revoke,Equity Shares,39000.0,0.0,0.0,0.0,0.0,134125.0,0.01,134125.0,0.01
YESBANK,2019-01-14 20:55:00,2019-01-11,2018-12-03,2018-12-03,Employees/Designated Employees,Market Sale,Sell,Equity Shares,2800.0,0.0,0.0,0.0,0.0,2800.0,0.0,,0.0
YESBANK,2019-01-14 20:55:00,2019-01-11,2018-12-04,2018-12-04,Employees/Designated Employees,Market Purchase,Buy,Equity Shares,1800.0,0.0,0.0,0.0,0.0,,0.0,1800.0,0.0
YESBANK,2019-01-14 20:55:00,2019-01-14,2018-10-26,2018-11-28,Employees/Designated Employees,Market Purchase,Buy,Equity Shares,5000.0,0.0,0.0,0.0,0.0,,0.0,5000.0,0.0
YESBANK,2019-01-14 20:55:00,2019-01-11,2018-12-04,2018-12-04,Employees/Designated Employees,Market Sale,Sell,Equity Shares,1800.0,0.0,0.0,0.0,0.0,1800.0,0.0,,0.0
YESBANK,2019-01-14 20:55:00,2019-01-11,2018-12-03,2018-12-03,Employees/Designated Employees,Market Purchase,Buy,Equity Shares,2800.0,0.0,0.0,0.0,0.0,,0.0,2800.0,0.0
YESBANK,2019-01-14 20:55:00,2019-01-11,2019-01-09,2019-01-09,Employees/Designated Employees,ESOP,Buy,Equity Shares,150000.0,0.0,0.0,0.0,0.0,430000.0,0.02,580000.0,0.03
YESBANK,2019-01-14 20:59:00,,,,Employees/Designated Employees,-,-,,,1750.0,1750.0,328300.0,329612.5,,0.0,,
YESBANK,2019-01-14 20:59:00,,,,Employees/Designated Employees,-,-,,,1750.0,1750.0,333025.0,330750.0,,0.0,,
YESBANK,2019-01-15 20:35:00,2019-01-11,2019-01-09,2019-01-09,Employees/Designated Employees,ESOP,Buy,Equity Shares,7500.0,0.0,0.0,0.0,0.0,28000.0,0.0,35500.0,0.0
YESBANK,2019-01-16 19:33:00,2019-01-16,2018-11-12,2018-11-12,Employees/Designated Employees,Revokation of Pledge,Pledge Revoke,Equity Shares,12000.0,0.0,0.0,0.0,0.0,275000.0,0.01,275000.0,0.01
YESBANK,2019-01-16 19:33:00,2019-01-14,2018-12-05,2018-12-05,Employees/Designated Employees,Revokation of Pledge,Pledge Revoke,Equity Shares,125000.0,0.0,0.0,0.0,0.0,125065.0,0.01,125065.0,0.01
YESBANK,2019-01-17 19:37:00,2019-01-15,2018-10-17,2018-12-06,Employees/Designated Employees,Market Purchase,Buy,Equity Shares,2502.0,0.0,0.0,0.0,0.0,,0.0,2502.0,0.0
YESBANK,2019-01-17 19:37:00,2019-01-15,2018-10-11,2018-10-11,Employees/Designated Employees,Market Sale,Sell,Equity Shares,640.0,0.0,0.0,0.0,0.0,640.0,0.0,,0.0
YESBANK,2019-01-17 19:37:00,2019-01-15,2018-10-17,2018-10-17,Employees/Designated Employees,Market Purchase,Buy,Equity Shares,400.0,0.0,0.0,0.0,0.0,,0.0,400.0,0.0
YESBANK,2019-01-17 19:37:00,2019-01-15,2018-10-22,2018-11-22,Employees/Designated Employees,Market Purchase,Buy,Equity Shares,2750.0,0.0,0.0,0.0,0.0,400.0,0.0,3150.0,0.0
YESBANK,2019-01-17 19:37:00,2019-01-15,2018-11-02,2018-11-26,Employees/Designated Employees,Market Sale,Sell,Equity Shares,3150.0,0.0,0.0,0.0,0.0,3150.0,0.0,,0.0
YESBANK,2019-01-17 19:37:00,2019-01-15,2018-10-11,2018-10-11,Employees/Designated Employees,Market Sale,Sell,Equity Shares,3020.0,0.0,0.0,0.0,0.0,3020.0,0.0,,0.0
YESBANK,2019-01-21 19:39:00,2019-01-17,2019-01-17,2019-01-17,Employees/Designated Employees,Market Purchase,Buy,Equity Shares,3300.0,0.0,0.0,0.0,0.0,,0.0,3300.0,0.0
YESBANK,2019-01-29 18:21:00,2019-01-29,2019-01-28,2019-01-29,Employees/Designated Employees,Market Purchase,Buy,Equity Shares,2700.0,0.0,0.0,0.0,0.0,,0.0,2700.0,0.0
YESBANK,2019-01-29 18:21:00,2019-01-25,2019-01-24,2019-01-24,Employees/Designated Employees,Market Sale,Sell,Equity Shares,3300.0,0.0,0.0,0.0,0.0,3300.0,0.0,,0.0
YESBANK,2019-01-29 18:21:00,2019-01-28,2019-01-25,2019-01-25,Employees/Designated Employees,Pledge Creation,Pledge,Equity Shares,14000.0,0.0,0.0,0.0,0.0,111000.0,0.0,111000.0,0.0
YESBANK,2019-01-29 18:21:00,2019-01-29,2019-01-28,2019-01-28,Employees/Designated Employees,Pledge Creation,Pledge,Equity Shares,37500.0,0.0,0.0,0.0,0.0,321250.0,0.01,321250.0,0.01
YESBANK,2019-02-01 18:59:00,2019-01-31,2019-01-30,2019-01-30,Employees/Designated Employees,Market Sale,Sell,Equity Shares,5000.0,0.0,0.0,0.0,0.0,2000000.0,0.09,1995000.0,0.09
YESBANK,2019-02-05 16:34:00,2019-02-01,2019-01-30,2019-01-30,Employees/Designated Employees,Revokation of Pledge,Pledge Revoke,Equity Shares,20000.0,0.0,0.0,0.0,0.0,124125.0,0.01,124125.0,0.01
YESBANK,2019-02-06 18:51:00,2019-02-06,2019-02-05,2019-02-05,Employees/Designated Employees,Market Sale,Sell,Equity Shares,7500.0,0.0,0.0,0.0,0.0,7500.0,0.0,,0.0
YESBANK,2019-02-06 18:51:00,2019-02-06,2019-01-09,2019-01-09,Employees/Designated Employees,ESOP,Buy,Equity Shares,7500.0,0.0,0.0,0.0,0.0,,0.0,7500.0,0.0
YESBANK,2019-02-06 18:51:00,2019-02-05,2019-02-05,2019-02-05,Employees/Designated Employees,Revokation of Pledge,Pledge Revoke,Equity Shares,30000.0,0.0,0.0,0.0,0.0,53685.0,0.0,53685.0,0.0
YESBANK,2019-02-06 18:51:00,2019-02-05,2019-02-05,2019-02-05,Employees/Designated Employees,Market Sale,Sell,Equity Shares,30000.0,0.0,0.0,0.0,0.0,53685.0,0.0,23685.0,0.0
YESBANK,2019-02-11 17:48:00,2019-02-08,2019-02-07,2019-02-07,Employees/Designated Employees,Pledge Creation,Pledge,Equity Shares,30000.0,0.0,0.0,0.0,0.0,348500.0,0.01,348500.0,0.01
YESBANK,2019-02-13 16:54:00,2019-02-12,2019-02-07,2019-02-07,Employees/Designated Employees,Market Sale,Sell,Equity Shares,2000.0,0.0,0.0,0.0,0.0,2792000.0,0.12,2790000.0,0.12
YESBANK,2019-02-13 16:54:00,2019-02-12,2019-02-12,2019-02-12,Employees/Designated Employees,ESOP,Buy,Equity Shares,7000.0,0.0,0.0,0.0,0.0,,0.0,7000.0,0.0
YESBANK,2019-02-13 16:54:00,2019-02-12,2019-02-12,2019-02-12,Employees/Designated Employees,ESOP,Buy,Equity Shares,25000.0,0.0,0.0,0.0,0.0,2790000.0,0.12,2815000.0,0.12
YESBANK,2019-02-13 16:54:00,2019-02-12,2019-02-12,2019-02-12,Employees/Designated Employees,ESOP,Buy,Equity Shares,3500.0,0.0,0.0,0.0,0.0,111000.0,0.0,114500.0,0.0
YESBANK,2019-02-13 16:54:00,2019-02-12,2019-02-12,2019-02-12,Employees/Designated Employees,ESOP,Buy,Equity Shares,4000.0,0.0,0.0,0.0,0.0,279600.0,0.01,283600.0,0.01
YESBANK,2019-02-13 16:54:00,2019-02-12,2019-02-12,2019-02-12,Employees/Designated Employees,ESOP,Buy,Equity Shares,12000.0,0.0,0.0,0.0,0.0,30000.0,0.0,42000.0,0.0
YESBANK,2019-02-13 16:54:00,2019-02-12,2019-02-08,2019-02-08,Employees/Designated Employees,Off Market,Sell,Equity Shares,40000.0,0.0,0.0,0.0,0.0,50005.0,0.0,10005.0,0.0
YESBANK,2019-02-14 16:19:00,2019-02-13,2019-02-12,2019-02-12,Employees/Designated Employees,ESOP,Buy,Equity Shares,17250.0,0.0,0.0,0.0,0.0,100000.0,0.0,117250.0,0.01
YESBANK,2019-02-14 16:19:00,2019-02-14,2019-02-14,2019-02-14,Employees/Designated Employees,Market Sale,Sell,Equity Shares,30000.0,0.0,0.0,0.0,0.0,912250.0,0.04,882250.0,0.04
YESBANK,2019-02-14 16:19:00,2019-02-13,2019-02-12,2019-02-12,Employees/Designated Employees,ESOP,Buy,Equity Shares,10000.0,0.0,0.0,0.0,0.0,199500.0,0.01,209500.0,0.01
YESBANK,2019-02-15 17:59:00,2019-02-14,2019-02-12,2019-02-12,Employees/Designated Employees,ESOP,Buy,Equity Shares,25000.0,0.0,0.0,0.0,0.0,7500.0,0.0,32500.0,0.0
YESBANK,2019-02-15 17:59:00,2019-02-14,2019-02-12,2019-02-12,Employees/Designated Employees,Market Sale,Sell,Equity Shares,20000.0,0.0,0.0,0.0,0.0,131500.0,0.01,111500.0,0.0
YESBANK,2019-02-15 17:59:00,2019-02-15,2019-02-14,2019-02-14,Employees/Designated Employees,Market Sale,Sell,Equity Shares,2500.0,0.0,0.0,0.0,0.0,32500.0,0.0,30000.0,0.0
YESBANK,2019-02-15 17:59:00,2019-02-15,2019-02-13,2019-02-13,Employees/Designated Employees,ESOP,Buy,Equity Shares,10000.0,0.0,0.0,0.0,0.0,35500.0,0.0,45500.0,0.0
YESBANK,2019-02-15 17:59:00,2019-02-15,2019-01-08,2019-01-08,Employees/Designated Employees,ESOP,Buy,Equity Shares,15000.0,0.0,0.0,0.0,0.0,20500.0,0.0,35500.0,0.0
YESBANK,2019-02-15 17:59:00,2019-02-14,2019-02-14,2019-02-14,Employees/Designated Employees,Market Sale,Sell,Equity Shares,20000.0,0.0,0.0,0.0,0.0,129000.0,0.01,109000.0,0.0
YESBANK,2019-02-15 17:59:00,2019-02-14,2019-02-12,2019-02-12,Employees/Designated Employees,ESOP,Buy,Equity Shares,17500.0,0.0,0.0,0.0,0.0,111500.0,0.0,129000.0,0.01
YESBANK,2019-02-15 18:01:00,2019-02-14,2019-02-12,2019-02-12,Connected Person,ESOP,Buy,Equity Shares,73500.0,0.0,0.0,0.0,0.0,50.0,0.0,73550.0,0.0
YESBANK,2019-02-19 18:58:00,2019-02-18,2019-02-15,2019-02-15,Employees/Designated Employees,Market Sale,Sell,Equity Shares,40000.0,0.0,0.0,0.0,0.0,1089289.0,0.05,1049289.0,0.05
YESBANK,2019-02-19 18:58:00,2019-02-15,2019-02-14,2019-02-14,Employees/Designated Employees,Revokation of Pledge,Pledge Revoke,Equity Shares,35000.0,0.0,0.0,0.0,0.0,317000.0,0.01,317000.0,0.01
YESBANK,2019-02-19 18:58:00,2019-02-18,2019-02-15,2019-02-15,Employees/Designated Employees,Revokation of Pledge,Pledge Revoke,Equity Shares,17500.0,0.0,0.0,0.0,0.0,317000.0,0.01,317000.0,0.01
YESBANK,2019-02-19 18:58:00,2019-02-15,2019-02-14,2019-02-14,Employees/Designated Employees,ESOP,Buy,Equity Shares,66000.0,0.0,0.0,0.0,0.0,109000.0,0.0,175000.0,0.01
YESBANK,2019-02-19 18:58:00,2019-02-18,2019-02-15,2019-02-18,Employees/Designated Employees,Market Sale,Sell,Equity Shares,25000.0,0.0,0.0,0.0,0.0,1995000.0,0.09,1970000.0,0.09
YESBANK,2019-02-19 18:58:00,2019-02-18,2019-02-14,2019-02-14,Employees/Designated Employees,Market Sale,Sell,Equity Shares,2700.0,0.0,0.0,0.0,0.0,2700.0,0.0,,0.0
YESBANK,2019-02-19 18:58:00,2019-02-18,2019-02-14,2019-02-14,Employees/Designated Employees,Gift,Sell,Equity Shares,10000.0,0.0,0.0,0.0,0.0,128400.0,0.01,118400.0,0.01
YESBANK,2019-02-19 18:58:00,2019-02-15,2019-02-14,2019-02-14,Employees/Designated Employees,ESOP,Buy,Equity Shares,15000.0,0.0,0.0,0.0,0.0,104500.0,0.0,119500.0,0.01
YESBANK,2019-02-19 18:58:00,2019-02-15,2019-02-13,2019-02-13,Employees/Designated Employees,Pledge Creation,Pledge,Equity Shares,35000.0,0.0,0.0,0.0,0.0,104500.0,0.0,104500.0,0.0
YESBANK,2019-02-19 18:58:00,2019-02-15,2019-01-08,2019-01-08,Employees/Designated Employees,ESOP,Buy,Equity Shares,7000.0,0.0,0.0,0.0,0.0,97500.0,0.0,104500.0,0.0
YESBANK,2019-02-19 18:58:00,2019-02-18,2019-02-12,2019-02-12,Employees/Designated Employees,Market Sale,Sell,Equity Shares,2000.0,0.0,0.0,0.0,0.0,2815000.0,0.12,2813000.0,0.12
YESBANK,2019-02-19 18:58:00,2019-02-18,2019-02-15,2019-02-15,Employees/Designated Employees,Market Sale,Sell,Equity Shares,5000.0,0.0,0.0,0.0,0.0,2813000.0,0.12,2808000.0,0.12
YESBANK,2019-02-19 18:58:00,2019-02-15,2019-02-14,2019-02-14,Employees/Designated Employees,Market Sale,Sell,Equity Shares,10001.0,0.0,0.0,0.0,0.0,1099290.0,0.05,1089289.0,0.05
YESBANK,2019-02-19 18:58:00,2019-02-15,2019-02-14,2019-02-14,Employees/Designated Employees,ESOP,Buy,Equity Shares,120000.0,0.0,0.0,0.0,0.0,101500.0,0.0,221500.0,0.01
YESBANK,2019-02-19 18:58:00,2019-02-18,2019-02-14,2019-02-14,Employees/Designated Employees,ESOP,Buy,Equity Shares,12500.0,0.0,0.0,0.0,0.0,198000.0,0.01,210500.0,0.01
YESBANK,2019-02-19 18:58:00,2019-02-18,2019-02-14,2019-02-14,Employees/Designated Employees,ESOP,Buy,Equity Shares,300000.0,0.0,0.0,0.0,0.0,650000.0,0.03,950000.0,0.04
YESBANK,2019-02-19 19:00:00,2019-02-18,2019-02-14,2019-02-14,Connected Person,ESOP,Buy,Equity Shares,120000.0,0.0,0.0,0.0,0.0,580000.0,0.03,700000.0,0.03
YESBANK,2019-02-20 19:27:00,2019-02-18,2019-02-14,2019-02-14,Employees/Designated Employees,Market Sale,Sell,Equity Shares,6000.0,0.0,0.0,0.0,0.0,11500.0,0.0,5500.0,0.0
YESBANK,2019-02-22 17:37:00,2019-02-21,2019-02-19,2019-02-19,Employees/Designated Employees,Market Sale,Sell,Equity Shares,2500.0,0.0,0.0,0.0,0.0,30000.0,0.0,27500.0,0.0
YESBANK,2019-02-26 19:23:00,2019-02-25,2019-02-22,2019-02-22,Employees/Designated Employees,Market Sale,Sell,Equity Shares,5500.0,0.0,0.0,0.0,0.0,5500.0,0.0,,0.0
YESBANK,2019-02-26 19:23:00,2019-02-26,2019-02-25,2019-02-25,Employees/Designated Employees,Market Sale,Sell,Equity Shares,2500.0,0.0,0.0,0.0,0.0,27500.0,0.0,25000.0,0.0
YESBANK,2019-02-26 19:23:00,2019-02-26,2019-02-26,2019-02-26,Employees/Designated Employees,Market Sale,Sell,Equity Shares,20000.0,0.0,0.0,0.0,0.0,1049289.0,0.05,1029289.0,0.04
YESBANK,2019-02-26 19:23:00,2019-02-26,2019-02-26,2019-02-26,Employees/Designated Employees,Market Sale,Sell,Equity Shares,3250.0,0.0,0.0,0.0,0.0,163250.0,0.01,160000.0,0.01
YESBANK,2019-02-26 19:23:00,2019-02-26,2019-02-25,2019-02-25,Employees/Designated Employees,Market Sale,Sell,Equity Shares,3000.0,0.0,0.0,0.0,0.0,166250.0,0.01,163250.0,0.01
YESBANK,2019-02-26 19:23:00,2019-02-26,2019-02-26,2019-02-26,Employees/Designated Employees,Market Sale,Sell,Equity Shares,4100.0,0.0,0.0,0.0,0.0,43600.0,0.0,39500.0,0.0
YESBANK,2019-02-26 19:23:00,2019-02-26,2019-02-26,2019-02-26,Employees/Designated Employees,Revokation of Pledge,Pledge Revoke,Equity Shares,4100.0,0.0,0.0,0.0,0.0,43600.0,0.0,43600.0,0.0
YESBANK,2019-02-26 19:23:00,2019-02-26,2019-02-25,2019-02-25,Employees/Designated Employees,Market Sale,Sell,Equity Shares,5000.0,0.0,0.0,0.0,0.0,48600.0,0.0,43600.0,0.0
YESBANK,2019-02-26 19:23:00,2019-02-26,2019-02-25,2019-02-25,Employees/Designated Employees,Revokation of Pledge,Pledge Revoke,Equity Shares,5000.0,0.0,0.0,0.0,0.0,48600.0,0.0,48600.0,0.0
YESBANK,2019-02-26 19:23:00,2019-02-25,2019-02-25,2019-02-25,Employees/Designated Employees,Market Sale,Sell,Equity Shares,25000.0,0.0,0.0,0.0,0.0,317000.0,0.01,292000.0,0.01
YESBANK,2019-02-26 19:23:00,2019-02-26,2019-02-25,2019-02-25,Employees/Designated Employees,Market Sale,Sell,Equity Shares,35000.0,0.0,0.0,0.0,0.0,1965000.0,0.08,1930000.0,0.08
YESBANK,2019-02-26 19:23:00,2019-02-25,2019-02-22,2019-02-22,Employees/Designated Employees,Market Sale,Sell,Equity Shares,5000.0,0.0,0.0,0.0,0.0,1970000.0,0.09,1965000.0,0.08
YESBANK,2019-02-28 19:22:00,2019-02-27,2019-02-25,2019-02-25,Employees/Designated Employees,Market Sale,Sell,Equity Shares,9000.0,0.0,0.0,0.0,0.0,256640.0,0.01,247640.0,0.01
YESBANK,2019-02-28 19:22:00,2019-02-27,2019-02-26,2019-02-26,Employees/Designated Employees,Market Sale,Sell,Equity Shares,50000.0,0.0,0.0,0.0,0.0,160000.0,0.01,110000.0,0.0
YESBANK,2019-02-28 19:22:00,2019-02-27,2019-02-26,2019-02-26,Employees/Designated Employees,Market Sale,Sell,Equity Shares,20000.0,0.0,0.0,0.0,0.0,1029289.0,0.04,1009289.0,0.04
YESBANK,2019-02-28 19:22:00,2019-02-26,2019-02-26,2019-02-26,Employees/Designated Employees,Market Sale,Sell,Equity Shares,2500.0,0.0,0.0,0.0,0.0,40000.0,0.0,37500.0,0.0
YESBANK,2019-02-28 19:22:00,2019-02-26,2019-02-25,2019-02-25,Employees/Designated Employees,Market Sale,Sell,Equity Shares,5000.0,0.0,0.0,0.0,0.0,45000.0,0.0,40000.0,0.0
YESBANK,2019-02-28 19:22:00,2019-02-26,2018-12-20,2018-12-20,Employees/Designated Employees,Market Sale,Sell,Equity Shares,5000.0,0.0,0.0,0.0,0.0,50000.0,0.0,45000.0,0.0
YESBANK,2019-03-01 19:00:00,2019-02-28,2019-02-27,2019-02-27,Employees/Designated Employees,Market Sale,Sell,Equity Shares,30000.0,0.0,0.0,0.0,0.0,1009289.0,0.04,979289.0,0.0
YESBANK,2019-03-01 19:00:00,2019-02-28,2019-02-27,2019-02-27,Employees/Designated Employees,Market Sale,Sell,Equity Shares,23000.0,0.0,0.0,0.0,0.0,46223.0,0.0,23223.0,0.0
YESBANK,2019-03-01 19:00:00,2019-02-28,2018-12-10,2018-12-10,Employees/Designated Employees,Market Purchase,Buy,Equity Shares,200.0,0.0,0.0,0.0,0.0,144.0,0.0,344.0,0.0
YESBANK,2019-03-01 19:00:00,2019-02-28,2019-02-27,2019-02-27,Employees/Designated Employees,Market Sale,Sell,Equity Shares,2000.0,0.0,0.0,0.0,0.0,1930000.0,0.08,1928000.0,0.08
YESBANK,2019-03-01 19:00:00,2019-02-27,2019-02-25,2019-02-25,Employees/Designated Employees,Pledge Creation,Pledge,Equity Shares,49000.0,0.0,0.0,0.0,0.0,124125.0,0.01,124125.0,0.01
YESBANK,2019-03-01 19:02:00,,,,Employees/Designated Employees,-,-,,,1750.0,0.0,387887.5,0.0,,0.0,,
YESBANK,2019-03-01 19:02:00,,,,Employees/Designated Employees,-,-,,,0.0,1750.0,0.0,192675.0,,0.0,,
YESBANK,2019-03-01 19:02:00,,,,Employees/Designated Employees,-,-,,,1750.0,0.0,193725.0,0.0,,0.0,,
YESBANK,2019-03-01 19:02:00,,,,Employees/Designated Employees,-,-,,,0.0,1750.0,0.0,389900.0,,0.0,,
YESBANK,2019-03-05 19:13:00,2019-03-05,2019-02-14,2019-02-14,Employees/Designated Employees,ESOP,Buy,Equity Shares,5000.0,0.0,0.0,0.0,0.0,,0.0,5000.0,0.0
YESBANK,2019-03-05 19:13:00,2019-03-02,2019-03-01,2019-03-01,Employees/Designated Employees,Revokation of Pledge,Pledge Revoke,Equity Shares,10000.0,0.0,0.0,0.0,0.0,124125.0,0.01,124125.0,0.01
YESBANK,2019-03-05 19:13:00,2019-03-05,2018-10-15,2018-12-17,Employees/Designated Employees,Market Purchase,Buy,Equity Shares,6400.0,0.0,0.0,0.0,0.0,300.0,0.0,6700.0,0.0
YESBANK,2019-03-05 19:13:00,2019-03-05,2018-12-13,2018-12-21,Employees/Designated Employees,Market Sale,Sell,Equity Shares,4050.0,0.0,0.0,0.0,0.0,6700.0,0.0,2650.0,0.0
YESBANK,2019-03-05 19:13:00,2019-03-05,2019-03-01,2019-03-01,Employees/Designated Employees,Market Sale,Sell,Equity Shares,5000.0,0.0,0.0,0.0,0.0,5000.0,0.0,,0.0
YESBANK,2019-03-06 18:21:00,2019-03-04,2019-03-01,2019-03-01,Connected Person,Market Sale,Sell,Equity Shares,30000.0,0.0,0.0,0.0,0.0,700000.0,0.03,670000.0,0.03
YESBANK,2019-03-06 18:21:00,2019-03-06,2019-03-05,2019-03-05,Connected Person,Market Sale,Sell,Equity Shares,5000.0,0.0,0.0,0.0,0.0,670000.0,0.03,665000.0,0.03
YESBANK,2019-03-06 18:28:00,2019-03-05,2018-12-10,2018-12-12,Employees/Designated Employees,Market Sale,Sell,Equity Shares,1300.0,0.0,0.0,0.0,0.0,6870.0,0.0,5570.0,0.0
YESBANK,2019-03-06 18:28:00,2019-03-05,2018-12-10,2018-12-12,Employees/Designated Employees,Market Purchase,Buy,Equity Shares,1500.0,0.0,0.0,0.0,0.0,5370.0,0.0,6870.0,0.0
YESBANK,2019-03-06 18:28:00,2019-03-05,2019-03-01,2019-03-01,Employees/Designated Employees,Revokation of Pledge,Pledge Revoke,Equity Shares,39400.0,0.0,0.0,0.0,0.0,39500.0,0.0,39500.0,0.0
YESBANK,2019-03-06 18:28:00,2019-03-06,2019-03-05,2019-03-05,Employees/Designated Employees,Pledge Creation,Pledge,Equity Shares,3500.0,0.0,0.0,0.0,0.0,114500.0,0.0,114500.0,0.0
YESBANK,2019-03-06 18:28:00,2019-03-05,2018-12-13,2018-12-13,Employees/Designated Employees,Market Purchase,Buy,Equity Shares,1100.0,0.0,0.0,0.0,0.0,5570.0,0.0,6670.0,0.0
YESBANK,2019-03-06 18:28:00,2019-03-05,2018-12-13,2018-12-14,Employees/Designated Employees,Market Sale,Sell,Equity Shares,1400.0,0.0,0.0,0.0,0.0,6670.0,0.0,5270.0,0.0
YESBANK,2019-03-06 18:28:00,2019-03-05,2018-12-14,2018-12-14,Employees/Designated Employees,Market Purchase,Buy,Equity Shares,300.0,0.0,0.0,0.0,0.0,5270.0,0.0,5570.0,0.0
YESBANK,2019-03-06 18:28:00,2019-03-05,2018-12-14,2018-12-14,Employees/Designated Employees,Market Sale,Sell,Equity Shares,3000.0,0.0,0.0,0.0,0.0,5570.0,0.0,2570.0,0.0
YESBANK,2019-03-06 18:28:00,2019-03-05,2018-12-19,2018-12-21,Employees/Designated Employees,Market Purchase,Buy,Equity Shares,1400.0,0.0,0.0,0.0,0.0,2570.0,0.0,3970.0,0.0
YESBANK,2019-03-06 18:28:00,2019-03-05,2018-12-19,2018-12-21,Employees/Designated Employees,Market Sale,Sell,Equity Shares,2000.0,0.0,0.0,0.0,0.0,3970.0,0.0,1970.0,0.0
YESBANK,2019-03-06 18:33:00,2019-03-01,2018-10-26,2018-11-02,Employees/Designated Employees,Market Purchase,Buy,Equity Shares,500.0,0.0,0.0,0.0,0.0,5501.0,0.0,6001.0,0.0
YESBANK,2019-03-06 18:33:00,2019-03-06,2019-01-24,2019-01-24,Employees/Designated Employees,Market Sale,Sell,Equity Shares,2500.0,0.0,0.0,0.0,0.0,2650.0,0.0,150.0,0.0
YESBANK,2019-03-06 18:33:00,2019-03-06,2019-01-29,2019-01-29,Employees/Designated Employees,Market Purchase,Buy,Equity Shares,2100.0,0.0,0.0,0.0,0.0,150.0,0.0,2250.0,0.0
YESBANK,2019-03-06 18:33:00,2019-03-06,2019-02-13,2019-02-13,Employees/Designated Employees,Market Sale,Sell,Equity Shares,250.0,0.0,0.0,0.0,0.0,2250.0,0.0,2000.0,0.0
YESBANK,2019-03-06 18:33:00,2019-03-01,2018-10-09,2018-10-09,Employees/Designated Employees,ESOP,Buy,Equity Shares,4500.0,0.0,0.0,0.0,0.0,1001.0,0.0,5501.0,0.0
YESBANK,2019-03-06 18:33:00,2019-03-01,2018-12-14,2018-12-21,Employees/Designated Employees,Market Sale,Sell,Equity Shares,1000.0,0.0,0.0,0.0,0.0,6001.0,0.0,5001.0,0.0
YESBANK,2019-03-06 18:33:00,2019-03-01,2018-12-21,2018-12-28,Employees/Designated Employees,Market Purchase,Buy,Equity Shares,500.0,0.0,0.0,0.0,0.0,5001.0,0.0,5501.0,0.0
YESBANK,2019-03-07 19:15:00,2019-03-05,2019-03-01,2019-03-01,Employees/Designated Employees,Market Sale,Sell,Equity Shares,20000.0,0.0,0.0,0.0,0.0,969289.0,0.04,949289.0,0.04
YESBANK,2019-03-07 19:15:00,2019-03-05,2019-02-28,2019-02-28,Employees/Designated Employees,Market Sale,Sell,Equity Shares,10000.0,0.0,0.0,0.0,0.0,979289.0,0.04,969289.0,0.04
YESBANK,2019-03-08 17:13:00,2019-03-06,2019-02-14,2019-02-27,Employees/Designated Employees,Market Sale,Sell,Equity Shares,2000.0,0.0,0.0,0.0,0.0,106750.0,0.0,104750.0,0.0
YESBANK,2019-03-08 17:13:00,2019-03-06,2019-02-27,2019-02-27,Employees/Designated Employees,Market Sale,Sell,Equity Shares,2500.0,0.0,0.0,0.0,0.0,292000.0,0.01,289500.0,0.01
YESBANK,2019-03-08 17:13:00,2019-03-06,2019-03-01,2019-03-01,Employees/Designated Employees,Market Sale,Sell,Equity Shares,2500.0,0.0,0.0,0.0,0.0,289500.0,0.01,287000.0,0.01
YESBANK,2019-03-08 17:13:00,2019-03-08,2019-03-06,2019-03-06,Employees/Designated Employees,Pledge Creation,Pledge,Equity Shares,10000.0,0.0,0.0,0.0,0.0,124125.0,0.01,124125.0,0.01
YESBANK,2019-03-08 17:13:00,2019-03-08,2019-03-07,2019-03-07,Employees/Designated Employees,Revokation of Pledge,Pledge Revoke,Equity Shares,50000.0,0.0,0.0,0.0,0.0,124125.0,0.01,124125.0,0.01
YESBANK,2019-03-08 17:13:00,2019-03-06,2019-02-14,2019-02-14,Employees/Designated Employees,ESOP,Buy,Equity Shares,12500.0,0.0,0.0,0.0,0.0,94250.0,0.0,106750.0,0.0
YESBANK,2019-03-08 17:13:00,2019-03-08,2019-03-07,2019-03-07,Employees/Designated Employees,Market Sale,Sell,Equity Shares,20000.0,0.0,0.0,0.0,0.0,27985.0,0.0,7985.0,0.0
YESBANK,2019-03-08 17:13:00,2019-03-06,2019-03-01,2019-03-05,Employees/Designated Employees,Market Sale,Sell,Equity Shares,500.0,0.0,0.0,0.0,0.0,104750.0,0.0,104250.0,0.0
YESBANK,2019-03-08 17:13:00,2019-03-07,2019-03-05,2019-03-05,Employees/Designated Employees,Revokation of Pledge,Pledge Revoke,Equity Shares,5000.0,0.0,0.0,0.0,0.0,32500.0,0.0,32500.0,0.0
YESBANK,2019-03-13 17:59:00,2019-03-13,2019-03-12,2019-03-12,Employees/Designated Employees,Revokation of Pledge,Pledge Revoke,Equity Shares,1000.0,0.0,0.0,0.0,0.0,120000.0,0.0,120000.0,0.0
YESBANK,2019-03-13 17:59:00,2019-03-12,2019-03-12,2019-03-12,Employees/Designated Employees,ESOP,Buy,Equity Shares,2500.0,0.0,0.0,0.0,0.0,,0.0,2500.0,0.0
YESBANK,2019-03-13 17:59:00,2019-03-12,2019-03-08,2019-03-08,Employees/Designated Employees,Market Sale,Sell,Equity Shares,7000.0,0.0,0.0,0.0,0.0,7000.0,0.0,,0.0
YESBANK,2019-03-13 18:50:00,2019-03-12,2019-03-11,2019-03-11,Employees/Designated Employees,ESOP,Sell,Equity Shares,25000.0,0.0,0.0,0.0,0.0,1928000.0,0.0,1903000.0,0.0
YESBANK,2019-03-13 18:50:00,2019-03-12,2019-03-12,2019-03-12,Employees/Designated Employees,ESOP,Buy,Equity Shares,7500.0,0.0,0.0,0.0,0.0,70500.0,0.0,78000.0,0.0
YESBANK,2019-03-13 18:50:00,2019-03-13,2019-03-12,2019-03-12,Employees/Designated Employees,ESOP,Buy,Equity Shares,10000.0,0.0,0.0,0.0,0.0,221500.0,0.0,231500.0,0.0
YESBANK,2019-03-13 18:50:00,2019-03-13,2019-03-12,2019-03-12,Employees/Designated Employees,ESOP,Buy,Equity Shares,18750.0,0.0,0.0,0.0,0.0,13500.0,0.0,32250.0,0.0
YESBANK,2019-03-13 19:25:00,2019-03-12,2019-03-11,2019-03-11,Employees/Designated Employees,Market Sale,Sell,Equity Shares,2750.0,0.0,0.0,0.0,0.0,104250.0,0.0,101500.0,0.0
YESBANK,2019-03-13 19:25:00,2019-03-12,2019-03-12,2019-03-12,Employees/Designated Employees,Market Sale,Sell,Equity Shares,1750.0,0.0,0.0,0.0,0.0,101150.0,0.0,99400.0,0.0
YESBANK,2019-03-13 19:25:00,2019-03-12,2019-03-12,2019-03-12,Employees/Designated Employees,ESOP,Buy,Equity Shares,6500.0,0.0,0.0,0.0,0.0,283600.0,0.0,290100.0,0.0
YESBANK,2019-03-13 19:25:00,2019-03-12,2019-03-12,2019-03-12,Employees/Designated Employees,ESOP,Buy,Equity Shares,10000.0,0.0,0.0,0.0,0.0,1255.0,0.0,11255.0,0.0
YESBANK,2019-03-13 19:25:00,2019-03-11,2019-03-08,2019-03-08,Employees/Designated Employees,Market Sale,Sell,Equity Shares,10000.0,0.0,0.0,0.0,0.0,11255.0,0.0,1255.0,0.0
YESBANK,2019-03-13 19:32:00,2019-03-12,2019-03-12,2019-03-12,Employees/Designated Employees,ESOP,Buy,Equity Shares,5500.0,0.0,0.0,0.0,0.0,114500.0,0.0,120000.0,0.0
YESBANK,2019-03-13 19:32:00,2019-03-13,2019-03-12,2019-03-12,Employees/Designated Employees,ESOP,Sell,Equity Shares,30000.0,0.0,0.0,0.0,0.0,1181789.0,0.05,1151789.0,0.05
YESBANK,2019-03-13 19:32:00,2019-03-12,2019-03-12,2019-03-12,Employees/Designated Employees,ESOP,Buy,Equity Shares,232500.0,0.0,0.0,0.0,0.0,949289.0,0.04,1181789.0,0.05
YESBANK,2019-03-13 19:32:00,2019-03-12,2019-03-08,2019-03-08,Employees/Designated Employees,Revokation of Pledge,Pledge Revoke,Equity Shares,15125.0,0.0,0.0,0.0,0.0,124125.0,0.0,124125.0,0.0
YESBANK,2019-03-13 19:32:00,2019-03-13,2019-03-12,2019-03-12,Employees/Designated Employees,ESOP,Buy,Equity Shares,25000.0,0.0,0.0,0.0,0.0,,0.0,25000.0,0.0
YESBANK,2019-03-13 19:32:00,2019-03-13,2019-03-12,2019-03-12,Employees/Designated Employees,ESOP,Buy,Equity Shares,10000.0,0.0,0.0,0.0,0.0,52500.0,0.0,62500.0,0.0
YESBANK,2019-03-14 18:44:00,,,,Employees/Designated Employees,-,-,,,19250.0,19250.0,153282.0,199657.0,,0.0,,
YESBANK,2019-03-14 18:58:00,2019-03-13,2019-03-13,2019-03-13,Employees/Designated Employees,Revokation of Pledge,Pledge Revoke,Equity Shares,1000.0,0.0,0.0,0.0,0.0,120000.0,0.01,120000.0,0.01
YESBANK,2019-03-14 18:58:00,2019-03-13,2019-02-12,2019-02-12,Employees/Designated Employees,ESOP,Buy,Equity Shares,750.0,0.0,0.0,0.0,0.0,30500.0,0.0,31250.0,0.0
YESBANK,2019-03-14 18:58:00,2019-03-13,2019-03-12,2019-03-12,Employees/Designated Employees,ESOP,Buy,Equity Shares,10000.0,0.0,0.0,0.0,0.0,209500.0,0.01,219500.0,0.01
YESBANK,2019-03-14 18:58:00,2019-03-14,2019-03-12,2019-03-12,Employees/Designated Employees,ESOP,Buy,Equity Shares,500000.0,0.0,0.0,0.0,0.0,5711085.0,0.25,6211085.0,0.27
YESBANK,2019-03-14 18:58:00,2019-03-14,2019-03-12,2019-03-12,Employees/Designated Employees,Market Sale,Sell,Equity Shares,500000.0,0.0,0.0,0.0,0.0,6211085.0,0.27,5711085.0,0.25
YESBANK,2019-03-14 18:58:00,2019-03-13,2018-10-01,2018-12-31,Employees/Designated Employees,Market Purchase,Buy,Equity Shares,21846.0,0.0,0.0,0.0,0.0,,0.0,21846.0,0.0
YESBANK,2019-03-14 18:58:00,2019-03-13,2018-10-01,2018-12-31,Employees/Designated Employees,Market Sale,Sell,Equity Shares,19846.0,0.0,0.0,0.0,0.0,21846.0,0.0,2000.0,0.0
YESBANK,2019-03-14 18:58:00,2019-03-13,2019-01-01,2019-02-28,Employees/Designated Employees,Market Purchase,Buy,Equity Shares,16458.0,0.0,0.0,0.0,0.0,2000.0,0.0,18458.0,0.0
YESBANK,2019-03-14 18:58:00,2019-03-13,2019-01-01,2019-02-28,Employees/Designated Employees,Market Sale,Sell,Equity Shares,17358.0,0.0,0.0,0.0,0.0,18458.0,0.0,1100.0,0.0
YESBANK,2019-03-14 18:58:00,2019-03-14,2019-03-11,2019-03-11,Employees/Designated Employees,Market Sale,Sell,Equity Shares,4000.0,0.0,0.0,0.0,0.0,22000.0,0.0,18000.0,0.0
YESBANK,2019-03-14 18:58:00,2019-03-14,2019-03-12,2019-03-12,Employees/Designated Employees,ESOP,Buy,Equity Shares,6000.0,0.0,0.0,0.0,0.0,18000.0,0.0,24000.0,0.0
YESBANK,2019-03-14 18:58:00,2019-03-13,2019-03-12,2019-03-12,Employees/Designated Employees,Market Sale,Sell,Equity Shares,2505.0,0.0,0.0,0.0,0.0,1903000.0,0.08,1900495.0,0.08
YESBANK,2019-03-14 18:58:00,2019-03-13,2019-03-12,2019-03-12,Employees/Designated Employees,Revokation of Pledge,Pledge Revoke,Equity Shares,1500000.0,0.0,0.0,0.0,0.0,3038995.0,0.13,3038995.0,0.13
YESBANK,2019-03-14 18:58:00,2019-03-13,2019-03-13,2019-03-13,Employees/Designated Employees,Pledge Creation,Pledge,Equity Shares,1500000.0,0.0,0.0,0.0,0.0,3038995.0,0.13,3038995.0,0.13
YESBANK,2019-03-14 18:58:00,2019-03-14,2019-03-13,2019-03-13,Employees/Designated Employees,Market Sale,Sell,Equity Shares,50000.0,0.0,0.0,0.0,0.0,1151789.0,0.05,1101789.0,0.05
YESBANK,2019-03-14 18:58:00,2019-03-14,2019-03-14,2019-03-14,Employees/Designated Employees,Revokation of Pledge,Pledge Revoke,Equity Shares,1000.0,0.0,0.0,0.0,0.0,120000.0,0.01,120000.0,0.01
YESBANK,2019-03-14 18:58:00,2019-03-14,2019-03-13,2019-03-13,Employees/Designated Employees,Market Sale,Sell,Equity Shares,3023.0,0.0,0.0,0.0,0.0,1900495.0,0.08,1897472.0,0.08
YESBANK,2019-03-14 18:58:00,2019-03-13,2019-03-12,2019-03-12,Employees/Designated Employees,ESOP,Buy,Equity Shares,3150.0,0.0,0.0,0.0,0.0,31250.0,0.0,34400.0,0.0
YESBANK,2019-03-15 19:07:00,2019-03-13,2018-11-30,2018-12-28,Employees/Designated Employees,Market Purchase,Buy,Equity Shares,6500.0,0.0,0.0,0.0,0.0,1265.0,0.0,7765.0,0.0
YESBANK,2019-03-15 19:07:00,2019-03-13,2019-03-11,2019-03-11,Employees/Designated Employees,Market Sale,Sell,Equity Shares,5000.0,0.0,0.0,0.0,0.0,160000.0,0.01,155000.0,0.01
YESBANK,2019-03-18 20:02:00,2019-03-15,2019-03-15,2019-03-15,Connected Person,ESOP,Buy,Equity Shares,15500.0,0.0,0.0,0.0,0.0,119500.0,0.01,135000.0,0.01
YESBANK,2019-03-18 20:02:00,2019-03-18,2019-03-15,2019-03-15,Connected Person,ESOP,Buy,Equity Shares,30000.0,0.0,0.0,0.0,0.0,50.0,0.0,30050.0,0.0
YESBANK,2019-03-18 20:02:00,2019-03-14,2019-03-12,2019-03-12,Connected Person,ESOP,Buy,Equity Shares,82500.0,0.0,0.0,0.0,0.0,665000.0,0.03,747500.0,0.03
YESBANK,2019-03-18 20:14:00,2019-03-18,2019-03-15,2019-03-15,Employees/Designated Employees,ESOP,Buy,Equity Shares,17850.0,0.0,0.0,0.0,0.0,2001.0,0.0,19851.0,0.0
YESBANK,2019-03-18 20:14:00,2019-03-18,2019-01-09,2019-01-09,Employees/Designated Employees,ESOP,Buy,Equity Shares,501.0,0.0,0.0,0.0,0.0,,0.0,501.0,0.0
YESBANK,2019-03-18 20:14:00,2019-03-15,2019-03-13,2019-03-13,Employees/Designated Employees,Market Sale,Sell,Equity Shares,12500.0,0.0,0.0,0.0,0.0,287000.0,0.01,274500.0,0.01
YESBANK,2019-03-18 20:14:00,2019-03-15,2019-03-14,2019-03-14,Employees/Designated Employees,Market Sale,Sell,Equity Shares,2500.0,0.0,0.0,0.0,0.0,274500.0,0.01,272000.0,0.01
YESBANK,2019-03-18 20:14:00,2019-03-18,2019-03-15,2019-03-15,Employees/Designated Employees,Revokation of Pledge,Pledge Revoke,Equity Shares,1000000.0,0.0,0.0,0.0,0.0,3038995.0,0.13,3038995.0,0.13
YESBANK,2019-03-18 20:14:00,2019-03-18,2019-03-15,2019-03-15,Employees/Designated Employees,Pledge Creation,Pledge,Equity Shares,1000000.0,0.0,0.0,0.0,0.0,3038995.0,0.13,3038995.0,0.13
YESBANK,2019-03-18 20:14:00,2019-03-14,2018-10-01,2018-12-31,Employees/Designated Employees,Market Sale,Sell,Equity Shares,3410.0,0.0,0.0,0.0,0.0,3524.0,0.0,114.0,0.0
YESBANK,2019-03-18 20:14:00,2019-03-18,2019-03-18,2019-03-18,Employees/Designated Employees,ESOP,Pledge Revoke,Equity Shares,1000.0,0.0,0.0,0.0,0.0,120000.0,0.01,120000.0,0.01
YESBANK,2019-03-18 20:14:00,2019-03-15,2019-03-14,2019-03-14,Employees/Designated Employees,Market Sale,Sell,Equity Shares,20000.0,0.0,0.0,0.0,0.0,1101789.0,0.05,1081789.0,0.05
YESBANK,2019-03-18 20:14:00,2019-03-15,2019-03-14,2019-03-14,Employees/Designated Employees,Market Sale,Sell,Equity Shares,4000.0,0.0,0.0,0.0,0.0,1897472.0,0.08,1893472.0,0.08
YESBANK,2019-03-18 20:14:00,2019-03-14,2018-10-01,2018-12-31,Employees/Designated Employees,Market Purchase,Buy,Equity Shares,2078.0,0.0,0.0,0.0,0.0,1446.0,0.0,3524.0,0.0
YESBANK,2019-03-18 20:14:00,2019-03-15,2019-03-12,2019-03-12,Employees/Designated Employees,Market Sale,Sell,Equity Shares,1000.0,0.0,0.0,0.0,0.0,25000.0,0.0,24000.0,0.0
YESBANK,2019-03-18 20:14:00,2019-03-18,2019-02-14,2019-02-14,Employees/Designated Employees,ESOP,Buy,Equity Shares,1500.0,0.0,0.0,0.0,0.0,501.0,0.0,2001.0,0.0
YESBANK,2019-03-18 20:14:00,2019-03-15,2019-03-13,2019-03-13,Employees/Designated Employees,Market Sale,Sell,Equity Shares,2500.0,0.0,0.0,0.0,0.0,24000.0,0.0,21500.0,0.0
YESBANK,2019-03-18 20:14:00,2019-03-15,2019-01-14,2019-03-14,Employees/Designated Employees,Market Sale,Sell,Equity Shares,2500.0,0.0,0.0,0.0,0.0,21500.0,0.0,19000.0,0.0
YESBANK,2019-03-18 20:14:00,2019-03-15,2019-03-13,2019-03-13,Employees/Designated Employees,Market Sale,Sell,Equity Shares,14310.0,0.0,0.0,0.0,0.0,63810.0,0.0,49500.0,0.0
YESBANK,2019-03-18 20:14:00,2019-03-15,2019-03-15,2019-03-15,Employees/Designated Employees,ESOP,Buy,Equity Shares,7500.0,0.0,0.0,0.0,0.0,64550.0,0.0,72050.0,0.0
YESBANK,2019-03-18 20:14:00,2019-03-14,2019-03-13,2019-03-13,Employees/Designated Employees,Market Sale,Sell,Equity Shares,7500.0,0.0,0.0,0.0,0.0,37500.0,0.0,30000.0,0.0
YESBANK,2019-03-19 19:35:00,2019-03-15,2019-03-15,2019-03-15,Employees/Designated Employees,ESOP,Buy,Equity Shares,9000.0,0.0,0.0,0.0,0.0,36875.0,0.0,45875.0,0.0
YESBANK,2019-03-19 19:35:00,2019-03-15,2019-03-05,2019-03-05,Employees/Designated Employees,Revokation of Pledge,Pledge Revoke,Equity Shares,34000.0,0.0,0.0,0.0,0.0,47750.0,0.0,47750.0,0.0
YESBANK,2019-03-19 19:35:00,2019-03-15,2019-03-06,2019-03-06,Employees/Designated Employees,Market Sale,Sell,Equity Shares,30000.0,0.0,0.0,0.0,0.0,47750.0,0.0,17750.0,0.0
YESBANK,2019-03-19 19:35:00,2019-03-15,2018-12-19,2018-12-28,Employees/Designated Employees,Market Sale,Sell,Equity Shares,2950.0,0.0,0.0,0.0,0.0,14678.0,0.0,11728.0,0.0
YESBANK,2019-03-19 19:35:00,2019-03-15,2018-11-16,2018-11-16,Employees/Designated Employees,ESOP,Buy,Equity Shares,2500.0,0.0,0.0,0.0,0.0,7978.0,0.0,10478.0,0.0
YESBANK,2019-03-19 19:35:00,2019-03-15,2018-12-11,2018-12-11,Employees/Designated Employees,ESOP,Buy,Equity Shares,2250.0,0.0,0.0,0.0,0.0,10478.0,0.0,12728.0,0.0
YESBANK,2019-03-19 19:35:00,2019-03-15,2018-12-19,2018-12-27,Employees/Designated Employees,Market Purchase,Buy,Equity Shares,1950.0,0.0,0.0,0.0,0.0,12728.0,0.0,14678.0,0.0
YESBANK,2019-03-19 19:35:00,2019-03-15,2019-03-13,2019-03-13,Employees/Designated Employees,Market Sale,Sell,Equity Shares,4500.0,0.0,0.0,0.0,0.0,8500.0,0.0,4000.0,0.0
YESBANK,2019-03-20 19:04:00,2019-03-19,2019-03-19,2019-03-19,Employees/Designated Employees,Market Sale,Sell,Equity Shares,5000.0,0.0,0.0,0.0,0.0,69250.0,0.0,64250.0,0.0
YESBANK,2019-03-20 19:04:00,2019-03-20,2019-03-19,2019-03-19,Employees/Designated Employees,Market Sale,Sell,Equity Shares,2000.0,0.0,0.0,0.0,0.0,219500.0,0.01,217500.0,0.01
YESBANK,2019-03-20 19:04:00,2019-03-18,2019-03-14,2019-03-14,Employees/Designated Employees,Market Sale,Sell,Equity Shares,5000.0,0.0,0.0,0.0,0.0,85000.0,0.0,80000.0,0.0
YESBANK,2019-03-20 19:04:00,2019-03-13,2019-03-12,2019-03-12,Employees/Designated Employees,Market Sale,Sell,Equity Shares,5000.0,0.0,0.0,0.0,0.0,293250.0,0.01,288250.0,0.01
YESBANK,2019-03-20 19:04:00,2019-03-12,2018-12-11,2018-12-11,Employees/Designated Employees,ESOP,Buy,Equity Shares,10000.0,0.0,0.0,0.0,0.0,30550.0,0.0,40550.0,0.0
YESBANK,2019-03-20 19:04:00,2019-03-12,2018-12-27,2018-12-27,Employees/Designated Employees,Revokation of Pledge,Pledge Revoke,Equity Shares,9000.0,0.0,0.0,0.0,0.0,40550.0,0.0,40550.0,0.0
YESBANK,2019-03-20 19:04:00,2019-03-19,2019-03-19,2019-03-19,Employees/Designated Employees,Revokation of Pledge,Pledge Revoke,Equity Shares,1000.0,0.0,0.0,0.0,0.0,120000.0,0.01,120000.0,0.01
YESBANK,2019-03-20 19:04:00,2019-03-19,2019-03-15,2019-03-15,Employees/Designated Employees,Market Sale,Sell,Equity Shares,250.0,0.0,0.0,0.0,0.0,97250.0,0.0,97000.0,0.0
YESBANK,2019-03-20 19:04:00,2019-03-19,2019-03-15,2019-03-15,Employees/Designated Employees,ESOP,Buy,Equity Shares,4500.0,0.0,0.0,0.0,0.0,176455.0,0.01,180955.0,0.01
YESBANK,2019-03-20 19:04:00,2019-03-19,2019-03-19,2019-03-19,Employees/Designated Employees,Market Sale,Sell,Equity Shares,5000.0,0.0,0.0,0.0,0.0,288250.0,0.01,283250.0,0.01
YESBANK,2019-03-20 19:04:00,2019-03-20,2019-03-20,2019-03-20,Employees/Designated Employees,Market Sale,Sell,Equity Shares,2000.0,0.0,0.0,0.0,0.0,217500.0,0.01,215500.0,0.01
YESBANK,2019-03-22 17:49:00,2019-03-20,2019-03-20,2019-03-20,Employees/Designated Employees,Market Sale,Sell,Equity Shares,17750.0,0.0,0.0,0.0,0.0,17750.0,0.0,,0.0
YESBANK,2019-03-22 17:49:00,2019-03-20,2019-03-13,2019-03-13,Employees/Designated Employees,Market Sale,Sell,Equity Shares,5001.0,0.0,0.0,0.0,0.0,37500.0,0.0,32499.0,0.0
YESBANK,2019-03-22 17:49:00,2019-03-22,2019-03-20,2019-03-20,Employees/Designated Employees,Revokation of Pledge,Pledge Revoke,Equity Shares,1000.0,0.0,0.0,0.0,0.0,120000.0,0.01,120000.0,0.01
YESBANK,2019-03-22 17:49:00,2019-03-20,2019-03-20,2019-03-20,Employees/Designated Employees,Market Sale,Sell,Equity Shares,2500.0,0.0,0.0,0.0,0.0,30099.0,0.0,27599.0,0.0
YESBANK,2019-03-22 17:49:00,2019-03-20,2019-03-18,2019-03-18,Employees/Designated Employees,Market Sale,Sell,Equity Shares,2400.0,0.0,0.0,0.0,0.0,32499.0,0.0,30099.0,0.0
YESBANK,2019-03-25 18:56:00,2019-03-25,2019-03-20,2019-03-20,Employees/Designated Employees,Market Sale,Sell,Equity Shares,25000.0,0.0,0.0,0.0,0.0,1893472.0,0.08,1868472.0,0.08
YESBANK,2019-03-25 18:56:00,2019-03-25,2019-03-22,2019-03-22,Employees/Designated Employees,Market Sale,Sell,Equity Shares,20000.0,0.0,0.0,0.0,0.0,1868472.0,0.08,1848472.0,0.08
YESBANK,2019-03-25 18:56:00,2019-03-22,2019-02-15,2019-02-15,Employees/Designated Employees,ESOP,Buy,Equity Shares,3500.0,0.0,0.0,0.0,0.0,450.0,0.0,3950.0,0.0
YESBANK,2019-03-25 18:56:00,2019-03-20,2019-03-19,2019-03-20,Employees/Designated Employees,Market Sale,Sell,Equity Shares,40000.0,0.0,0.0,0.0,0.0,1470500.0,0.06,1430500.0,0.06
YESBANK,2019-03-25 18:56:00,2019-03-22,2019-03-22,2019-03-22,Employees/Designated Employees,Market Sale,Sell,Equity Shares,9250.0,0.0,0.0,0.0,0.0,64250.0,0.0,55000.0,0.0
YESBANK,2019-03-25 18:56:00,2019-03-25,2019-03-22,2019-03-22,Employees/Designated Employees,Market Sale,Sell,Equity Shares,2000.0,0.0,0.0,0.0,0.0,215500.0,0.01,213500.0,0.01
YESBANK,2019-03-25 18:56:00,2019-03-22,2019-03-15,2019-03-15,Employees/Designated Employees,ESOP,Buy,Equity Shares,6500.0,0.0,0.0,0.0,0.0,3950.0,0.0,10450.0,0.0
YESBANK,2019-03-26 19:42:00,2019-03-26,2019-03-22,2019-03-22,Employees/Designated Employees,Market Sale,Sell,Equity Shares,26000.0,0.0,0.0,0.0,0.0,176000.0,0.01,150000.0,0.01
YESBANK,2019-03-26 19:42:00,2019-03-25,2019-03-22,2019-03-22,Employees/Designated Employees,Market Sale,Sell,Equity Shares,500.0,0.0,0.0,0.0,0.0,25005.0,0.0,24505.0,0.0
YESBANK,2019-03-26 19:42:00,2019-03-26,2019-03-26,2019-03-26,Employees/Designated Employees,Revokation of Pledge,Pledge Revoke,Equity Shares,1000.0,0.0,0.0,0.0,0.0,120000.0,0.01,120000.0,0.01
YESBANK,2019-03-26 19:42:00,2019-03-25,2019-03-22,2019-03-22,Employees/Designated Employees,Market Sale,Sell,Equity Shares,50000.0,0.0,0.0,0.0,0.0,1081789.0,0.05,1031789.0,0.04
YESBANK,2019-03-26 19:42:00,2019-03-25,2019-03-22,2019-03-25,Employees/Designated Employees,Pledge Creation,Pledge,Equity Shares,28000.0,0.0,0.0,0.0,0.0,40550.0,0.0,40550.0,0.0
YESBANK,2019-03-26 19:42:00,2019-03-25,2019-03-25,2019-03-25,Employees/Designated Employees,Market Sale,Sell,Equity Shares,1000.0,0.0,0.0,0.0,0.0,24505.0,0.0,23505.0,0.0
YESBANK,2019-03-27 20:17:00,2019-03-27,2019-03-27,2019-03-27,Employees/Designated Employees,Revokation of Pledge,Pledge Revoke,Equity Shares,1000.0,0.0,0.0,0.0,0.0,120000.0,0.01,120000.0,0.01
YESBANK,2019-03-27 20:17:00,2019-03-20,2019-03-19,2019-03-19,Employees/Designated Employees,Market Sale,Sell,Equity Shares,5000.0,0.0,0.0,0.0,0.0,272000.0,0.01,267000.0,0.01
YESBANK,2019-03-27 20:17:00,2019-03-20,2019-03-20,2019-03-20,Employees/Designated Employees,Market Sale,Sell,Equity Shares,12000.0,0.0,0.0,0.0,0.0,267000.0,0.01,255000.0,0.01
YESBANK,2019-03-27 20:17:00,2019-03-27,2019-03-26,2019-03-26,Employees/Designated Employees,Market Sale,Sell,Equity Shares,10000.0,0.0,0.0,0.0,0.0,172650.0,0.01,162650.0,0.01
YESBANK,2019-03-27 20:17:00,2019-03-27,2019-03-27,2019-03-27,Employees/Designated Employees,Market Sale,Sell,Equity Shares,3000.0,0.0,0.0,0.0,0.0,255000.0,0.01,252000.0,0.01
YESBANK,2019-03-27 20:17:00,2019-03-27,2019-03-26,2019-03-26,Employees/Designated Employees,Market Sale,Sell,Equity Shares,220000.0,0.0,0.0,0.0,0.0,231500.0,0.01,11500.0,0.0
YESBANK,2019-03-27 20:17:00,2019-03-27,2019-03-27,2019-03-27,Employees/Designated Employees,Market Sale,Sell,Equity Shares,15000.0,0.0,0.0,0.0,0.0,55000.0,0.0,40000.0,0.0
YESBANK,2019-03-27 20:17:00,2019-03-27,2019-03-27,2019-03-27,Employees/Designated Employees,Market Sale,Sell,Equity Shares,50000.0,0.0,0.0,0.0,0.0,290100.0,0.01,240100.0,0.01
YESBANK,2019-03-29 16:56:00,2019-03-28,2019-03-27,2019-03-27,Employees/Designated Employees,Market Sale,Sell,Equity Shares,60000.0,0.0,0.0,0.0,0.0,1848472.0,0.08,1788472.0,0.08
YESBANK,2019-03-29 16:56:00,2019-03-28,2019-03-27,2019-03-27,Employees/Designated Employees,Pledge Creation,Pledge,Equity Shares,5500.0,0.0,0.0,0.0,0.0,120000.0,0.01,120000.0,0.01
YESBANK,2019-03-29 16:56:00,2019-03-28,2019-03-27,2019-03-27,Employees/Designated Employees,Market Sale,Sell,Equity Shares,15000.0,0.0,0.0,0.0,0.0,50000.0,0.0,35000.0,0.0
YESBANK,2019-03-29 16:56:00,2019-03-27,2019-03-20,2019-03-27,Employees/Designated Employees,Market Sale,Sell,Equity Shares,4000.0,0.0,0.0,0.0,0.0,97000.0,0.0,93000.0,0.0
YESBANK,2019-03-29 16:56:00,2019-03-28,2019-03-26,2019-03-26,Immediate relative,Market Sale,Sell,Equity Shares,1000.0,0.0,0.0,0.0,0.0,8140.0,0.0,7140.0,0.0
YESBANK,2019-03-29 16:56:00,2019-03-28,2019-03-27,2019-03-27,Employees/Designated Employees,Market Sale,Sell,Equity Shares,10000.0,0.0,0.0,0.0,0.0,11255.0,0.0,1255.0,0.0
YESBANK,2019-03-29 16:56:00,2019-03-28,2019-03-27,2019-03-27,Employees/Designated Employees,Market Sale,Sell,Equity Shares,15000.0,0.0,0.0,0.0,0.0,1031789.0,0.04,1016789.0,0.04
YESBANK,2019-03-29 16:56:00,2019-03-28,2019-03-28,2019-03-28,Employees/Designated Employees,Market Sale,Sell,Equity Shares,15000.0,0.0,0.0,0.0,0.0,40000.0,0.0,25000.0,0.0
YESBANK,2019-03-29 16:56:00,2019-03-28,2019-03-26,2019-03-28,Employees/Designated Employees,Market Sale,Sell,Equity Shares,16500.0,0.0,0.0,0.0,0.0,213500.0,0.01,197000.0,0.01
YESBANK,2019-03-29 16:56:00,2019-03-28,2019-03-26,2019-03-26,Employees/Designated Employees,Market Sale,Sell,Equity Shares,7985.0,0.0,0.0,0.0,0.0,7985.0,0.0,,0.0
YESBANK,2019-03-29 17:48:00,2019-03-29,2019-03-28,2019-03-28,Connected Person,Market Sale,Sell,Equity Shares,2500.0,0.0,0.0,0.0,0.0,12000.0,0.0,9500.0,0.0
YESBANK,2019-03-29 17:48:00,2019-03-29,2019-03-27,2019-03-27,Connected Person,Market Sale,Sell,Equity Shares,3000.0,0.0,0.0,0.0,0.0,15000.0,0.0,12000.0,0.0
YESBANK,2019-03-29 17:48:00,2019-03-28,2019-03-26,2019-03-28,Connected Person,Market Sale,Sell,Equity Shares,15000.0,0.0,0.0,0.0,0.0,73550.0,0.0,58550.0,0.0
YESBANK,2019-03-29 17:48:00,2019-03-29,2019-03-19,2019-03-19,Connected Person,Market Sale,Sell,Equity Shares,1500.0,0.0,0.0,0.0,0.0,16500.0,0.0,15000.0,0.0
YESBANK,2019-03-29 18:13:00,2019-03-28,2019-03-28,2019-03-28,Employees/Designated Employees,Market Sale,Sell,Equity Shares,7000.0,0.0,0.0,0.0,0.0,252000.0,0.01,245000.0,0.01
YESBANK,2019-03-29 18:13:00,2019-03-29,2019-03-28,2019-03-28,Employees/Designated Employees,Market Sale,Sell,Equity Shares,16000.0,0.0,0.0,0.0,0.0,1788472.0,0.08,1772472.0,0.08
YESBANK,2019-03-29 18:13:00,2019-03-29,2019-03-28,2019-03-28,Employees/Designated Employees,Market Sale,Sell,Equity Shares,25000.0,0.0,0.0,0.0,0.0,150000.0,0.01,125000.0,0.01
YESBANK,2019-03-29 18:13:00,2019-03-28,2019-03-28,2019-03-28,Employees/Designated Employees,Market Sale,Sell,Equity Shares,28100.0,0.0,0.0,0.0,0.0,240100.0,0.01,212000.0,0.01
YESBANK,2019-03-29 18:13:00,2019-03-28,2019-03-28,2019-03-28,Employees/Designated Employees,Revokation of Pledge,Pledge Revoke,Equity Shares,2000.0,0.0,0.0,0.0,0.0,120000.0,0.01,120000.0,0.01
YESBANK,2019-03-29 18:13:00,2019-03-29,2019-03-27,2019-03-27,Employees/Designated Employees,Market Sale,Sell,Equity Shares,2000.0,0.0,0.0,0.0,0.0,50400.0,0.0,48400.0,0.0
YESBANK,2019-03-29 18:13:00,2019-03-29,2019-03-20,2019-03-28,Employees/Designated Employees,Market Sale,Sell,Equity Shares,2500.0,0.0,0.0,0.0,0.0,32500.0,0.0,30000.0,0.0
YESBANK,2019-03-29 18:13:00,2019-03-29,2019-03-27,2019-03-29,Employees/Designated Employees,Market Sale,Sell,Equity Shares,12400.0,0.0,0.0,0.0,0.0,34500.0,0.0,22100.0,0.0
YESBANK,2019-03-29 18:13:00,2019-03-14,2019-03-14,2019-03-14,Employees/Designated Employees,Market Sale,Sell,Equity Shares,5000.0,0.0,0.0,0.0,0.0,39500.0,0.0,34500.0,0.0
YESBANK,2019-03-29 18:13:00,2019-03-29,2019-03-28,2019-03-29,Employees/Designated Employees,Market Sale,Sell,Equity Shares,25000.0,0.0,0.0,0.0,0.0,25000.0,0.0,,0.0
YESBANK,2019-03-29 18:13:00,2019-03-28,2019-03-28,2019-03-28,Employees/Designated Employees,Market Sale,Sell,Equity Shares,4455.0,0.0,0.0,0.0,0.0,74775.0,0.0,70320.0,0.0
YESBANK,2019-04-02 20:15:00,2019-03-29,2019-03-27,2019-03-29,Connected Person,Market Sale,Sell,Equity Shares,87500.0,0.0,0.0,0.0,0.0,785000.0,0.03,697500.0,0.03
YESBANK,2019-04-02 20:15:00,2019-03-14,2019-03-14,2019-03-14,Connected Person,Market Sale,Sell,Equity Shares,10000.0,0.0,0.0,0.0,0.0,795000.0,0.03,785000.0,0.03
YESBANK,2019-04-02 20:15:00,2019-03-14,2019-03-13,2019-03-13,Connected Person,Market Sale,Sell,Equity Shares,12500.0,0.0,0.0,0.0,0.0,807500.0,0.03,795000.0,0.03
YESBANK,2019-04-02 20:19:00,2019-03-30,2019-03-27,2019-03-28,Connected Person,Market Sale,Sell,Equity Shares,5000.0,0.0,0.0,0.0,0.0,135000.0,0.01,130000.0,0.01
YESBANK,2019-04-02 20:21:00,2019-03-30,2019-03-26,2019-03-28,Employees/Designated Employees,Market Sale,Sell,Equity Shares,3000.0,0.0,0.0,0.0,0.0,23505.0,0.0,20505.0,0.0
YESBANK,2019-04-02 20:21:00,2019-03-29,2019-03-29,2019-03-29,Employees/Designated Employees,Market Sale,Sell,Equity Shares,5000.0,0.0,0.0,0.0,0.0,245000.0,0.01,240000.0,0.01
YESBANK,2019-04-02 20:21:00,2019-03-18,2019-02-14,2019-02-14,Key Managerial Personnel,ESOP,Buy,Equity Shares,2250.0,0.0,0.0,0.0,0.0,114230.0,0.0,116480.0,0.01
YESBANK,2019-04-02 20:21:00,2019-03-30,2019-03-28,2019-03-29,Employees/Designated Employees,Market Sale,Sell,Equity Shares,9000.0,0.0,0.0,0.0,0.0,401400.0,0.02,392400.0,0.02
YESBANK,2019-04-02 20:21:00,2019-03-22,2019-03-20,2019-03-20,Employees/Designated Employees,Pledge Creation,Pledge,Equity Shares,21000.0,0.0,0.0,0.0,0.0,203500.0,0.01,203500.0,0.01
YESBANK,2019-04-02 20:21:00,2019-03-29,2019-03-28,2019-03-29,Employees/Designated Employees,Market Sale,Sell,Equity Shares,44000.0,0.0,0.0,0.0,0.0,203500.0,0.01,159500.0,0.01
YESBANK,2019-04-02 20:21:00,2019-03-29,2019-03-29,2019-03-29,Employees/Designated Employees,Market Sale,Sell,Equity Shares,13500.0,0.0,0.0,0.0,0.0,32250.0,0.0,18750.0,0.0
YESBANK,2019-04-02 20:21:00,2019-03-18,2019-03-05,2019-03-05,Key Managerial Personnel,Market Sale,Sell,Equity Shares,2100.0,0.0,0.0,0.0,0.0,116480.0,0.01,114380.0,0.0
YESBANK,2019-04-02 20:21:00,2019-03-18,2019-03-15,2019-03-15,Key Managerial Personnel,ESOP,Buy,Equity Shares,3000.0,0.0,0.0,0.0,0.0,114380.0,0.0,117380.0,0.01
YESBANK,2019-04-02 20:21:00,2019-04-02,2019-03-29,2019-03-29,Employees/Designated Employees,Market Sale,Sell,Equity Shares,2000.0,0.0,0.0,0.0,0.0,197000.0,0.01,195000.0,0.01
YESBANK,2019-04-02 20:21:00,2019-03-29,2019-03-29,2019-03-29,Employees/Designated Employees,Market Sale,Sell,Equity Shares,5000.0,0.0,0.0,0.0,0.0,8645.0,0.0,3645.0,0.0
YESBANK,2019-04-02 20:22:00,2019-04-01,2019-03-20,2019-03-20,Employees/Designated Employees,Market Sale,Sell,Equity Shares,11500.0,0.0,0.0,0.0,0.0,161000.0,0.01,149500.0,0.01
YESBANK,2019-04-02 20:22:00,2019-03-29,2019-01-29,2019-01-29,Employees/Designated Employees,Market Purchase,Buy,Equity Shares,2961.0,0.0,0.0,0.0,0.0,1058.0,0.0,4019.0,0.0
YESBANK,2019-04-02 20:22:00,2019-04-01,2019-03-29,2019-03-29,Employees/Designated Employees,Market Sale,Sell,Equity Shares,29500.0,0.0,0.0,0.0,0.0,149500.0,0.01,120000.0,0.01
YESBANK,2019-04-02 20:22:00,2019-03-29,2019-03-29,2019-03-29,Employees/Designated Employees,Revokation of Pledge,Pledge Revoke,Equity Shares,5000.0,0.0,0.0,0.0,0.0,120000.0,0.01,120000.0,0.01
YESBANK,2019-04-02 20:22:00,2019-03-29,2019-03-29,2019-03-29,Employees/Designated Employees,Market Sale,Sell,Equity Shares,35000.0,0.0,0.0,0.0,0.0,138000.0,0.01,103000.0,0.01
YESBANK,2019-04-02 20:22:00,2019-03-29,2019-01-31,2019-01-31,Employees/Designated Employees,Market Sale,Sell,Equity Shares,148.0,0.0,0.0,0.0,0.0,4019.0,0.0,3871.0,0.0
YESBANK,2019-04-02 20:22:00,2019-03-29,2019-03-27,2019-03-28,Employees/Designated Employees,Market Sale,Sell,Equity Shares,3870.0,0.0,0.0,0.0,0.0,3871.0,0.0,1.0,0.0
YESBANK,2019-04-02 20:22:00,2019-03-29,2019-03-28,2019-03-28,Employees/Designated Employees,Revokation of Pledge,Pledge Revoke,Equity Shares,324000.0,0.0,0.0,0.0,0.0,1430500.0,0.06,1430500.0,0.06
YESBANK,2019-04-02 20:22:00,2019-03-29,2019-03-28,2019-03-29,Employees/Designated Employees,Market Sale,Sell,Equity Shares,30000.0,0.0,0.0,0.0,0.0,40050.0,0.0,10050.0,0.0
YESBANK,2019-04-02 20:22:00,2019-03-29,2019-03-29,2019-03-29,Employees/Designated Employees,Market Sale,Sell,Equity Shares,5000.0,0.0,0.0,0.0,0.0,25000.0,0.0,20000.0,0.0
YESBANK,2019-04-02 20:23:00,2019-03-29,2019-03-28,2019-03-28,Employees/Designated Employees,Market Sale,Sell,Equity Shares,2500.0,0.0,0.0,0.0,0.0,2500.0,0.0,,0.0
YESBANK,2019-04-02 20:23:00,2019-04-01,2019-03-29,2019-03-29,Employees/Designated Employees,Invocation of pledge,Pledge Invoke,Equity Shares,127250.0,0.0,0.0,0.0,0.0,127250.0,0.01,,0.0
YESBANK,2019-04-02 20:23:00,2019-03-29,2019-03-27,2019-03-27,Employees/Designated Employees,Market Sale,Sell,Equity Shares,1500.0,0.0,0.0,0.0,0.0,4000.0,0.0,2500.0,0.0
YESBANK,2019-04-02 20:23:00,2019-03-29,2019-03-27,2019-03-29,Employees/Designated Employees,Market Sale,Sell,Equity Shares,100000.0,0.0,0.0,0.0,0.0,2808000.0,0.12,2708000.0,0.12
YESBANK,2019-04-02 20:23:00,2019-03-29,2019-03-27,2019-03-29,Employees/Designated Employees,Market Sale,Sell,Equity Shares,25000.0,0.0,0.0,0.0,0.0,110000.0,0.01,85000.0,0.0
YESBANK,2019-04-02 20:23:00,2019-03-29,2019-03-29,2019-03-29,Employees/Designated Employees,Market Sale,Sell,Equity Shares,30000.0,0.0,0.0,0.0,0.0,1093517.0,0.05,1063517.0,0.05
YESBANK,2019-04-02 20:23:00,2019-04-01,2019-03-29,2019-03-29,Employees/Designated Employees,Market Sale,Sell,Equity Shares,12000.0,0.0,0.0,0.0,0.0,349580.0,0.02,337580.0,0.01
YESBANK,2019-04-02 20:23:00,2019-03-29,2019-03-27,2019-03-28,Employees/Designated Employees,Market Sale,Sell,Equity Shares,8000.0,0.0,0.0,0.0,0.0,24000.0,0.0,16000.0,0.0
YESBANK,2019-04-02 20:23:00,2019-03-29,2019-03-29,2019-03-29,Employees/Designated Employees,Market Sale,Sell,Equity Shares,45000.0,0.0,0.0,0.0,0.0,125500.0,0.01,80500.0,0.0
YESBANK,2019-04-02 20:23:00,2019-04-01,2019-03-28,2019-03-28,Employees/Designated Employees,Market Sale,Sell,Equity Shares,5000.0,0.0,0.0,0.0,0.0,88550.0,0.0,83550.0,0.0
YESBANK,2019-04-04 20:08:00,2019-04-02,2019-03-29,2019-03-29,Employees/Designated Employees,Market Sale,Sell,Equity Shares,20000.0,0.0,0.0,0.0,0.0,26900.0,0.0,6900.0,0.0
YESBANK,2019-04-04 20:08:00,2019-04-04,2019-03-28,2019-03-28,Employees/Designated Employees,ESOP,Sell,Equity Shares,15000.0,0.0,0.0,0.0,0.0,902250.0,0.04,887250.0,0.04
YESBANK,2019-04-04 20:08:00,2019-03-12,2019-03-12,2019-03-12,Employees/Designated Employees,ESOP,Buy,Equity Shares,20000.0,0.0,0.0,0.0,0.0,882250.0,0.04,902250.0,0.04
YESBANK,2019-04-04 20:08:00,2019-04-03,2019-03-27,2019-03-27,Employees/Designated Employees,Market Sale,Sell,Equity Shares,23223.0,0.0,0.0,0.0,0.0,23223.0,0.0,,0.0
YESBANK,2019-04-04 20:08:00,2019-04-02,2019-03-29,2019-03-29,Employees/Designated Employees,Pledge Creation,Pledge,Equity Shares,22000.0,0.0,0.0,0.0,0.0,22100.0,0.0,22100.0,0.0
YESBANK,2019-04-10 19:26:00,2019-04-09,2019-04-09,2019-04-09,Employees/Designated Employees,ESOP,Buy,Equity Shares,1100.0,0.0,0.0,0.0,0.0,188250.0,0.01,189350.0,0.01
YESBANK,2019-04-10 19:26:00,2019-04-09,2019-04-09,2019-04-09,Employees/Designated Employees,ESOP,Buy,Equity Shares,26250.0,0.0,0.0,0.0,0.0,35000.0,0.0,61250.0,0.0
YESBANK,2019-04-10 19:26:00,2019-04-08,2019-02-09,2019-02-09,Employees/Designated Employees,Revokation of Pledge,Pledge Revoke,Equity Shares,17500.0,0.0,0.0,0.0,0.0,17500.0,0.0,17500.0,0.0
YESBANK,2019-04-10 19:26:00,2019-04-10,2019-04-09,2019-04-09,Employees/Designated Employees,ESOP,Buy,Equity Shares,30000.0,0.0,0.0,0.0,0.0,,0.0,30000.0,0.0
YESBANK,2019-04-10 19:26:00,2019-04-09,2019-04-09,2019-04-09,Employees/Designated Employees,ESOP,Buy,Equity Shares,4500.0,0.0,0.0,0.0,0.0,,0.0,4500.0,0.0
YESBANK,2019-04-12 18:07:00,2019-04-11,2019-03-30,2019-03-30,Employees/Designated Employees,Revokation of Pledge,Pledge Revoke,Equity Shares,212000.0,0.0,0.0,0.0,0.0,212000.0,0.01,212000.0,0.01
YESBANK,2019-04-15 18:48:00,2019-04-11,2019-04-09,2019-04-09,Employees/Designated Employees,ESOP,Buy,Shares,100000.0,0.0,0.0,0.0,0.0,349000.0,0.02,449000.0,0.02
YESBANK,2019-04-15 18:48:00,2019-04-15,2019-04-11,2019-04-11,Employees/Designated Employees,ESOP,Buy,Shares,40000.0,0.0,0.0,0.0,0.0,70000.0,0.0,110000.0,0.0
YESBANK,2019-04-15 18:48:00,2019-04-15,2019-04-11,2019-04-11,Employees/Designated Employees,ESOP,Buy,Shares,21000.0,0.0,0.0,0.0,0.0,5000.0,0.0,26000.0,0.0
YESBANK,2019-04-15 18:48:00,2019-04-15,2019-04-11,2019-04-11,Employees/Designated Employees,ESOP,Buy,Shares,13250.0,0.0,0.0,0.0,0.0,,0.0,13250.0,0.0
YESBANK,2019-04-15 18:48:00,2019-04-15,2019-04-11,2019-04-11,Employees/Designated Employees,ESOP,Buy,Shares,7500.0,0.0,0.0,0.0,0.0,125000.0,0.01,132500.0,0.01
YESBANK,2019-04-15 18:48:00,2019-04-12,2019-04-11,2019-04-11,Employees/Designated Employees,ESOP,Buy,Shares,8500.0,0.0,0.0,0.0,0.0,,0.0,8500.0,0.0
YESBANK,2019-04-15 18:48:00,2019-04-12,2019-04-11,2019-04-11,Employees/Designated Employees,ESOP,Buy,Shares,18750.0,0.0,0.0,0.0,0.0,198500.0,0.01,217250.0,0.01
YESBANK,2019-04-15 18:48:00,2019-04-12,2019-04-11,2019-04-11,Employees/Designated Employees,ESOP,Buy,Shares,60000.0,0.0,0.0,0.0,0.0,138500.0,0.01,198500.0,0.01
YESBANK,2019-04-15 18:48:00,2019-04-11,2019-04-09,2019-04-09,Employees/Designated Employees,ESOP,Buy,Shares,187500.0,0.0,0.0,0.0,0.0,161500.0,0.01,349000.0,0.02
YESBANK,2019-04-15 18:48:00,2019-04-11,2019-04-09,2019-04-09,Employees/Designated Employees,ESOP,Buy,Shares,150000.0,0.0,0.0,0.0,0.0,11500.0,0.0,161500.0,0.01
YESBANK,2019-04-18 18:23:00,,,,Employees/Designated Employees,-,-,,,3500.0,3500.0,767112.5,774987.5,,0.0,,
YESBANK,2019-04-18 18:27:00,2019-04-15,2019-04-11,2019-04-11,Employees/Designated Employees,ESOP,Buy,Shares,2000.0,0.0,0.0,0.0,0.0,337580.0,0.01,339580.0,0.01
YESBANK,2019-04-18 18:27:00,2019-04-15,2019-04-11,2019-04-11,Employees/Designated Employees,ESOP,Buy,Shares,3000.0,0.0,0.0,0.0,0.0,120000.0,0.01,123000.0,0.01
YESBANK,2019-04-18 18:27:00,2019-04-15,2019-04-11,2019-04-11,Employees/Designated Employees,ESOP,Buy,Shares,7500.0,0.0,0.0,0.0,0.0,345080.0,0.01,352580.0,0.02
YESBANK,2019-04-18 18:27:00,2019-04-15,2019-04-11,2019-04-11,Employees/Designated Employees,ESOP,Buy,Shares,5500.0,0.0,0.0,0.0,0.0,339580.0,0.01,345080.0,0.01
YESBANK,2019-04-18 18:27:00,2019-04-15,2019-04-11,2019-04-11,Employees/Designated Employees,ESOP,Buy,Shares,12000.0,0.0,0.0,0.0,0.0,123000.0,0.01,135000.0,0.01
YESBANK,2019-04-18 18:29:00,2019-04-11,2019-04-09,2019-04-09,Connected Person,ESOP,Buy,Equity Shares,10000.0,0.0,0.0,0.0,0.0,130000.0,0.01,140000.0,0.01
YESBANK,2019-04-18 18:29:00,2019-04-15,2019-04-11,2019-04-11,Connected Person,ESOP,Buy,Equity Shares,112500.0,0.0,0.0,0.0,0.0,9500.0,0.0,122000.0,0.01
YESBANK,2019-04-23 15:07:00,2019-04-22,2019-02-26,2019-02-26,Employees/Designated Employees,Revokation of Pledge,Pledge Revoke,Equity Shares,63200.0,0.0,0.0,0.0,0.0,277000.0,0.01,277000.0,0.01
YESBANK,2019-04-23 15:07:00,2019-04-22,2019-02-14,2019-03-05,Employees/Designated Employees,Market Sale,Sell,Equity Shares,3100.0,0.0,0.0,0.0,0.0,3200.0,0.0,100.0,0.0
YESBANK,2019-04-23 15:07:00,2019-04-19,2019-02-20,2019-02-20,Immediate relative,Market Purchase,Buy,Debentures,2.0,0.0,0.0,0.0,0.0,,0.0,2.0,0.0
YESBANK,2019-04-23 15:07:00,2019-04-22,2019-02-14,2019-03-05,Employees/Designated Employees,Market Purchase,Buy,Equity Shares,3200.0,0.0,0.0,0.0,0.0,,0.0,3200.0,0.0
YESBANK,2019-04-25 16:52:00,2019-04-23,2019-02-01,2019-02-18,Employees/Designated Employees,Market Purchase,Buy,Equity Shares,4600.0,0.0,0.0,0.0,0.0,,0.0,4600.0,0.01
YESBANK,2019-04-25 16:52:00,2019-04-25,2019-03-20,2019-03-20,Employees/Designated Employees,Market Sale,Sell,Equity Shares,3500.0,0.0,0.0,0.0,0.0,3500.0,0.0,,0.01
YESBANK,2019-04-25 16:52:00,2019-04-25,2019-03-22,2019-03-25,Employees/Designated Employees,Market Purchase,Buy,Equity Shares,5500.0,0.0,0.0,0.0,0.0,,0.0,5500.0,0.01
YESBANK,2019-04-25 16:52:00,2019-04-25,2019-01-25,2019-02-15,Employees/Designated Employees,Market Sale,Sell,Equity Shares,4000.0,0.0,0.0,0.0,0.0,4000.0,0.0,,0.01
YESBANK,2019-04-25 16:52:00,2019-04-23,2019-02-18,2019-02-18,Employees/Designated Employees,Market Sale,Sell,Equity Shares,2200.0,0.0,0.0,0.0,0.0,4600.0,0.0,2400.0,0.01
YESBANK,2019-04-25 16:52:00,2019-04-24,2019-01-07,2019-02-25,Employees/Designated Employees,Market Purchase,Buy,Equity Shares,4500.0,0.0,0.0,0.0,0.0,,0.0,4500.0,0.01
YESBANK,2019-04-25 16:52:00,2019-04-25,2019-03-06,2019-03-13,Employees/Designated Employees,Market Purchase,Buy,Equity Shares,3500.0,0.0,0.0,0.0,0.0,,0.0,3500.0,0.01
YESBANK,2019-04-25 16:52:00,2019-04-24,2019-01-08,2019-03-27,Employees/Designated Employees,Market Sale,Sell,Equity Shares,4500.0,0.0,0.0,0.0,0.0,4500.0,0.0,,0.01
YESBANK,2019-05-03 16:09:00,2019-04-29,2019-04-26,2019-04-26,Connected Person,ESOP,Buy,Equity Shares,16500.0,0.0,0.0,0.0,0.0,122000.0,0.01,138500.0,0.01
YESBANK,2019-05-03 16:11:00,2019-05-01,2019-03-12,2019-03-12,Employees/Designated Employees,ESOP,Buy,Equity Shares,12653.0,0.0,0.0,0.0,0.0,16600.0,0.0,29253.0,0.0
YESBANK,2019-05-06 15:21:00,2019-04-30,2019-04-25,2019-04-25,Employees/Designated Employees,ESOP,Buy,Shares,11250.0,0.0,0.0,0.0,0.0,,0.0,11250.0,0.0
YESBANK,2019-05-06 15:21:00,2019-04-30,2019-04-25,2019-04-25,Employees/Designated Employees,ESOP,Buy,Shares,2200.0,0.0,0.0,0.0,0.0,4500.0,0.0,6700.0,0.0
YESBANK,2019-05-06 15:21:00,2019-04-30,2019-04-25,2019-04-25,Employees/Designated Employees,ESOP,Buy,Shares,52500.0,0.0,0.0,0.0,0.0,1016789.0,0.04,1069289.0,0.05
YESBANK,2019-05-06 15:21:00,2019-04-26,2019-04-25,2019-04-25,Employees/Designated Employees,ESOP,Buy,Shares,21250.0,0.0,0.0,0.0,0.0,,0.0,21250.0,0.0
YESBANK,2019-05-06 15:21:00,2019-04-30,2019-04-30,2019-04-30,Employees/Designated Employees,Market Sale,Sell,Shares,4500.0,0.0,0.0,0.0,0.0,6700.0,0.0,2200.0,0.0
YESBANK,2019-05-06 15:21:00,2019-05-01,2019-04-25,2019-04-25,Employees/Designated Employees,ESOP,Buy,Shares,34000.0,0.0,0.0,0.0,0.0,350000.0,0.02,384000.0,0.02
YESBANK,2019-05-06 15:21:00,2019-05-03,2019-04-25,2019-04-25,Employees/Designated Employees,ESOP,Buy,Shares,8200.0,0.0,0.0,0.0,0.0,150.0,0.0,8350.0,0.0
YESBANK,2019-05-06 15:21:00,2019-04-30,2019-04-11,2019-04-11,Employees/Designated Employees,ESOP,Buy,Shares,4500.0,0.0,0.0,0.0,0.0,,0.0,4500.0,0.0
YESBANK,2019-05-06 17:29:00,2019-05-03,2019-05-03,2019-05-03,Employees/Designated Employees,Pledge Creation,Pledge,Equity Shares,87500.0,0.0,0.0,0.0,0.0,87500.0,0.0,87500.0,0.0
YESBANK,2019-05-06 17:29:00,2019-05-02,2019-01-01,2019-03-31,Employees/Designated Employees,Market Purchase,Buy,Equity Shares,4400.0,0.0,0.0,0.0,0.0,1.0,0.0,4401.0,0.0
YESBANK,2019-05-06 17:29:00,2019-05-02,2019-01-01,2019-03-31,Employees/Designated Employees,Market Sale,Sell,Equity Shares,4401.0,0.0,0.0,0.0,0.0,4401.0,0.0,,0.0
YESBANK,2019-05-07 18:39:00,2019-04-17,2019-03-01,2019-03-12,Employees/Designated Employees,Market Sale,Sell,Shares,1500.0,0.0,0.0,0.0,0.0,29000.0,0.0,27500.0,0.0
YESBANK,2019-05-07 18:39:00,2019-05-06,2019-05-06,2019-05-06,Employees/Designated Employees,Invocation of pledge,Pledge Invoke,Shares,12500.0,0.0,0.0,0.0,0.0,240000.0,0.01,227500.0,0.01
YESBANK,2019-05-07 18:39:00,2019-05-06,2019-05-06,2019-05-06,Employees/Designated Employees,Invocation of pledge,Pledge Invoke,Shares,27500.0,0.0,0.0,0.0,0.0,227500.0,0.01,200000.0,0.01
YESBANK,2019-05-07 18:39:00,2019-04-17,2019-03-12,2019-03-12,Employees/Designated Employees,ESOP,Buy,Shares,4500.0,0.0,0.0,0.0,0.0,27500.0,0.0,32000.0,0.0
YESBANK,2019-05-07 18:39:00,2019-04-17,2019-03-13,2019-03-31,Employees/Designated Employees,Market Sale,Sell,Shares,1100.0,0.0,0.0,0.0,0.0,32000.0,0.0,30900.0,0.0
YESBANK,2019-05-07 18:39:00,2019-05-06,2019-04-30,2019-04-30,Employees/Designated Employees,Pledge Creation,Pledge,Shares,25000.0,0.0,0.0,0.0,0.0,124125.0,0.01,124125.0,0.01
YESBANK,2019-05-09 17:07:00,2019-05-08,2019-05-08,2019-05-08,Employees/Designated Employees,Invocation of pledge,Pledge Invoke,Shares,100000.0,0.0,0.0,0.0,0.0,283250.0,0.01,183250.0,0.01
YESBANK,2019-05-13 18:37:00,2019-05-10,2019-05-06,2019-05-06,Connected Person,Market Sale,Sell,Equity Shares,5000.0,0.0,0.0,0.0,0.0,138500.0,0.01,133500.0,0.01
YESBANK,2019-05-13 18:37:00,2019-05-10,2019-05-09,2019-05-09,Connected Person,Market Sale,Sell,Equity Shares,5000.0,0.0,0.0,0.0,0.0,133500.0,0.01,128500.0,0.01
YESBANK,2019-05-13 18:52:00,2019-05-09,2019-05-08,2019-05-08,Employees/Designated Employees,Pledge Creation,Pledge,Shares,25000.0,0.0,0.0,0.0,0.0,189350.0,0.01,189350.0,0.01
YESBANK,2019-05-15 20:16:00,2019-05-14,2019-05-13,2019-05-13,Employees/Designated Employees,Invocation of pledge,Pledge Invoke,Shares,45000.0,0.0,0.0,0.0,0.0,300000.0,0.01,255000.0,0.01
YESBANK,2019-05-15 20:16:00,2019-05-13,2019-05-08,2019-05-08,Employees/Designated Employees,Invocation of pledge,Pledge Invoke,Shares,50000.0,0.0,0.0,0.0,0.0,350000.0,0.02,300000.0,0.01
YESBANK,2019-05-15 20:16:00,2019-05-14,2019-05-14,2019-05-14,Employees/Designated Employees,Pledge Creation,Pledge,Shares,20000.0,0.0,0.0,0.0,0.0,124125.0,0.01,124125.0,0.01
YESBANK,2019-05-15 20:16:00,2019-05-14,2019-05-14,2019-05-14,Employees/Designated Employees,Pledge Creation,Pledge,Shares,10125.0,0.0,0.0,0.0,0.0,124125.0,0.01,124125.0,0.01
YESBANK,2019-05-15 20:18:00,2019-05-14,2019-05-10,2019-05-10,Connected Person,ESOP,Sell,Equity Shares,18500.0,0.0,0.0,0.0,0.0,128500.0,0.01,110000.0,0.01
YESBANK,2019-05-16 19:54:00,2019-05-15,2019-05-13,2019-05-13,Connected Person,Pledge Creation,Pledge,Equity Shares,20000.0,0.0,0.0,0.0,0.0,747500.0,0.03,747500.0,0.03
YESBANK,2019-05-16 19:56:00,2019-05-15,2019-05-15,2019-05-15,Employees/Designated Employees,Market Sale,Sell,Shares,20300.0,0.0,0.0,0.0,0.0,48050.0,0.0,27750.0,0.0
YESBANK,2019-05-16 19:56:00,2019-05-15,2019-05-15,2019-05-15,Employees/Designated Employees,Revokation of Pledge,Pledge Revoke,Shares,20300.0,0.0,0.0,0.0,0.0,48050.0,0.0,48050.0,0.0
YESBANK,2019-05-16 19:56:00,2019-05-15,2019-05-15,2019-05-15,Employees/Designated Employees,Market Sale,Sell,Shares,88500.0,0.0,0.0,0.0,0.0,92500.0,0.0,4000.0,0.0
YESBANK,2019-05-16 19:56:00,2019-05-15,2019-05-15,2019-05-15,Employees/Designated Employees,Revokation of Pledge,Pledge Revoke,Shares,88500.0,0.0,0.0,0.0,0.0,92500.0,0.0,92500.0,0.0
YESBANK,2019-05-16 19:56:00,2019-05-15,2019-05-15,2019-05-15,Employees/Designated Employees,Market Sale,Sell,Shares,20000.0,0.0,0.0,0.0,0.0,95740.0,0.0,75740.0,0.0
YESBANK,2019-05-16 19:56:00,2019-05-15,2019-05-15,2019-05-15,Employees/Designated Employees,Revokation of Pledge,Pledge Revoke,Shares,20000.0,0.0,0.0,0.0,0.0,95740.0,0.0,95740.0,0.0
YESBANK,2019-05-16 19:56:00,2019-05-15,2019-05-08,2019-05-08,Employees/Designated Employees,Market Sale,Sell,Shares,1600.0,0.0,0.0,0.0,0.0,97340.0,0.0,95740.0,0.0
YESBANK,2019-05-16 19:56:00,2019-05-15,2019-05-15,2019-05-15,Employees/Designated Employees,Invocation of pledge,Pledge Invoke,Shares,10000.0,0.0,0.0,0.0,0.0,190000.0,0.01,180000.0,0.01
YESBANK,2019-05-16 19:56:00,2019-05-15,2019-05-15,2019-05-15,Employees/Designated Employees,Invocation of pledge,Pledge Invoke,Shares,10000.0,0.0,0.0,0.0,0.0,200000.0,0.01,190000.0,0.01
YESBANK,2019-05-17 19:19:00,2019-05-15,2019-05-10,2019-05-10,Employees/Designated Employees,Market Sale,Sell,Shares,500.0,0.0,0.0,0.0,0.0,3500.0,0.0,3000.0,0.0
YESBANK,2019-05-17 19:19:00,2019-05-15,2019-05-15,2019-05-15,Employees/Designated Employees,Market Sale,Sell,Shares,3000.0,0.0,0.0,0.0,0.0,3000.0,0.0,,0.0
YESBANK,2019-05-17 19:19:00,2019-05-16,2019-05-15,2019-05-15,Employees/Designated Employees,Invocation of pledge,Pledge Invoke,Shares,80000.0,0.0,0.0,0.0,0.0,255000.0,0.01,175000.0,0.01
YESBANK,2019-05-17 19:19:00,2019-05-16,2019-05-15,2019-05-15,Employees/Designated Employees,Invocation of pledge,Pledge Invoke,Shares,77000.0,0.0,0.0,0.0,0.0,175000.0,0.01,98000.0,0.0
YESBANK,2019-05-17 19:19:00,2019-05-16,2019-05-16,2019-05-16,Employees/Designated Employees,Invocation of pledge,Pledge Invoke,Shares,30000.0,0.0,0.0,0.0,0.0,180000.0,0.01,150000.0,0.01
YESBANK,2019-05-17 19:19:00,2019-05-15,2019-05-09,2019-05-09,Employees/Designated Employees,Market Sale,Sell,Shares,5000.0,0.0,0.0,0.0,0.0,8500.0,0.0,3500.0,0.0
YESBANK,2019-05-17 19:19:00,2019-05-16,2019-05-16,2019-05-16,Employees/Designated Employees,Invocation of pledge,Pledge Invoke,Shares,36000.0,0.0,0.0,0.0,0.0,150000.0,0.01,114000.0,0.0
YESBANK,2019-05-20 20:45:00,2019-05-20,2019-05-16,2019-05-16,Employees/Designated Employees,ESOP,Buy,Equity Shares,100000.0,0.0,0.0,0.0,0.0,1125000.0,0.05,1225000.0,0.05
YESBANK,2019-05-20 20:45:00,2019-05-20,2019-05-16,2019-05-16,Employees/Designated Employees,ESOP,Buy,Equity Shares,30000.0,0.0,0.0,0.0,0.0,309475.0,0.01,339475.0,0.01
YESBANK,2019-05-20 20:45:00,2019-05-17,2019-05-16,2019-05-16,Employees/Designated Employees,ESOP,Buy,Equity Shares,20000.0,0.0,0.0,0.0,0.0,4000.0,0.0,24000.0,0.0
YESBANK,2019-05-20 20:45:00,2019-05-17,2019-05-17,2019-05-17,Employees/Designated Employees,Pledge Creation,Pledge,Equity Shares,21250.0,0.0,0.0,0.0,0.0,21250.0,0.0,21250.0,0.0
YESBANK,2019-05-20 20:45:00,2019-05-17,2019-05-16,2019-05-16,Employees/Designated Employees,ESOP,Buy,Equity Shares,30000.0,0.0,0.0,0.0,0.0,180000.0,0.01,210000.0,0.01
YESBANK,2019-05-20 20:47:00,2019-05-17,2019-05-15,2019-05-15,Connected Person,Market Sale,Sell,Equity Shares,10000.0,0.0,0.0,0.0,0.0,110000.0,0.01,100000.0,0.01
YESBANK,2019-05-22 16:59:00,2019-05-20,2019-05-20,2019-05-20,Employees/Designated Employees,Revokation of Pledge,Pledge Revoke,Shares,87500.0,0.0,0.0,0.0,0.0,87500.0,0.0,87500.0,0.0
YESBANK,2019-05-22 16:59:00,2019-05-20,2019-05-17,2019-05-17,Employees/Designated Employees,Pledge Creation,Pledge,Shares,10000.0,0.0,0.0,0.0,0.0,118400.0,0.01,118400.0,0.01
YESBANK,2019-05-22 16:59:00,2019-05-21,2019-05-17,2019-05-17,Employees/Designated Employees,Revokation of Pledge,Pledge Revoke,Shares,200000.0,0.0,0.0,0.0,0.0,2683000.0,0.12,2683000.0,0.12
YESBANK,2019-05-22 16:59:00,2019-05-21,2019-05-17,2019-05-17,Employees/Designated Employees,Market Sale,Sell,Shares,25000.0,0.0,0.0,0.0,0.0,2708000.0,0.12,2683000.0,0.12
YESBANK,2019-05-22 16:59:00,2019-05-20,2019-05-17,2019-05-17,Employees/Designated Employees,Invocation of pledge,Pledge Invoke,Shares,34000.0,0.0,0.0,0.0,0.0,98000.0,0.0,64000.0,0.0
YESBANK,2019-05-22 16:59:00,2019-05-20,2019-05-20,2019-05-20,Employees/Designated Employees,Revokation of Pledge,Pledge Revoke,Shares,52000.0,0.0,0.0,0.0,0.0,114000.0,0.0,114000.0,0.0
YESBANK,2019-05-22 16:59:00,2019-05-20,2019-05-17,2019-05-17,Employees/Designated Employees,Market Sale,Sell,Shares,11250.0,0.0,0.0,0.0,0.0,11250.0,0.0,,0.0
YESBANK,2019-05-22 16:59:00,2019-05-20,2019-05-20,2019-05-20,Employees/Designated Employees,Revokation of Pledge,Pledge Revoke,Shares,40000.0,0.0,0.0,0.0,0.0,114000.0,0.0,114000.0,0.0
YESBANK,2019-05-24 19:53:00,2019-05-22,2019-05-20,2019-05-20,Employees/Designated Employees,Market Sale,Sell,Shares,2200.0,0.0,0.0,0.0,0.0,2200.0,0.0,,0.0
YESBANK,2019-05-24 19:53:00,2019-05-23,2019-05-16,2019-05-16,Employees/Designated Employees,Pledge Creation,Pledge,Shares,20000.0,0.0,0.0,0.0,0.0,130875.0,0.01,130875.0,0.01
YESBANK,2019-05-24 19:53:00,2019-05-22,2019-05-22,2019-05-22,Employees/Designated Employees,Gift,Sell,Shares,50000.0,0.0,0.0,0.0,0.0,887250.0,0.04,837250.0,0.04
YESBANK,2019-05-24 19:56:00,2019-05-24,2019-05-23,2019-05-23,Connected Person,Market Sale,Sell,Equity Shares,5000.0,0.0,0.0,0.0,0.0,100000.0,0.01,95000.0,0.0
YESBANK,2019-05-29 19:38:00,2019-05-27,2019-05-27,2019-05-27,Connected Person,Market Sale,Sell,Equity Shares,5000.0,0.0,0.0,0.0,0.0,95000.0,0.0,90000.0,0.0
YESBANK,2019-05-29 19:38:00,2019-05-29,2019-05-28,2019-05-28,Connected Person,Market Sale,Sell,Equity Shares,10000.0,0.0,0.0,0.0,0.0,90000.0,0.0,80000.0,0.0
YESBANK,2019-05-31 18:21:00,2019-05-30,2019-05-29,2019-05-29,Employees/Designated Employees,ESOP,Buy,Shares,35000.0,0.0,0.0,0.0,0.0,52000.0,0.0,87000.0,0.0
YESBANK,2019-05-31 18:21:00,2019-05-30,2019-04-11,2019-04-11,Employees/Designated Employees,ESOP,Buy,Shares,10000.0,0.0,0.0,0.0,0.0,42000.0,0.0,52000.0,0.0
YESBANK,2019-05-31 18:21:00,2019-05-30,2019-05-29,2019-05-29,Employees/Designated Employees,ESOP,Buy,Shares,20000.0,0.0,0.0,0.0,0.0,24000.0,0.0,44000.0,0.0
YESBANK,2019-05-31 18:21:00,2019-05-29,2019-05-28,2019-05-28,Employees/Designated Employees,Market Sale,Sell,Shares,25000.0,0.0,0.0,0.0,0.0,2683000.0,0.12,2658000.0,0.11
YESBANK,2019-05-31 18:22:00,2019-05-29,2019-05-27,2019-05-27,Connected Person,Market Sale,Sell,Equity Shares,10000.0,0.0,0.0,0.0,0.0,747500.0,0.03,737500.0,0.03
YESBANK,2019-06-04 19:07:00,2019-06-04,2019-05-29,2019-05-29,Employees/Designated Employees,ESOP,Buy,Shares,10000.0,0.0,0.0,0.0,0.0,60400.0,0.0,70400.0,0.0
YESBANK,2019-06-04 19:07:00,2019-06-04,2019-05-16,2019-05-16,Employees/Designated Employees,ESOP,Buy,Shares,15000.0,0.0,0.0,0.0,0.0,45400.0,0.0,60400.0,0.0
YESBANK,2019-06-04 19:07:00,2019-05-31,2019-05-30,2019-05-30,Employees/Designated Employees,Market Sale,Sell,Shares,15000.0,0.0,0.0,0.0,0.0,2653000.0,0.11,2638000.0,0.11
YESBANK,2019-06-04 19:07:00,2019-05-31,2019-05-29,2019-05-29,Employees/Designated Employees,Market Sale,Sell,Shares,5000.0,0.0,0.0,0.0,0.0,2658000.0,0.11,2653000.0,0.11
YESBANK,2019-06-04 19:07:00,2019-06-03,2019-06-03,2019-06-03,Employees/Designated Employees,Gift,Sell,Shares,225000.0,0.0,0.0,0.0,0.0,837250.0,0.04,612250.0,0.03
YESBANK,2019-06-11 20:00:00,2019-06-10,2019-06-07,2019-06-07,Employees/Designated Employees,Revokation of Pledge,Pledge Revoke,Shares,125000.0,0.0,0.0,0.0,0.0,1772472.0,0.08,1772472.0,0.08
YESBANK,2019-06-14 17:49:00,2019-06-12,2019-06-11,2019-06-11,Connected Person,Pledge Creation,Pledge,Equity Shares,10000.0,0.0,0.0,0.0,0.0,737500.0,0.03,737500.0,0.03
YESBANK,2019-06-14 17:49:00,2019-06-14,2019-06-13,2019-06-13,Connected Person,Pledge Creation,Pledge,Equity Shares,37000.0,0.0,0.0,0.0,0.0,737500.0,0.03,737500.0,0.03
YESBANK,2019-06-14 17:52:00,2019-06-13,2019-06-13,2019-06-13,Employees/Designated Employees,Invocation of pledge,Pledge Invoke,Shares,41590.0,0.0,0.0,0.0,0.0,75740.0,0.0,34150.0,0.0
YESBANK,2019-06-14 17:52:00,2019-06-13,2019-06-13,2019-06-13,Employees/Designated Employees,Market Sale,Sell,Shares,125000.0,0.0,0.0,0.0,0.0,125000.0,0.01,,0.0
YESBANK,2019-06-14 17:52:00,2019-06-13,2019-06-13,2019-06-13,Employees/Designated Employees,Invocation of pledge,Pledge Invoke,Shares,65000.0,0.0,0.0,0.0,0.0,150000.0,0.01,85000.0,0.0
YESBANK,2019-06-14 17:52:00,2019-06-13,2019-06-13,2019-06-13,Employees/Designated Employees,Market Sale,Sell,Shares,39350.0,0.0,0.0,0.0,0.0,189350.0,0.01,150000.0,0.01
YESBANK,2019-06-14 17:53:00,2019-06-11,2019-06-06,2019-06-06,Employees/Designated Employees,Market Sale,Sell,Shares,10000.0,0.0,0.0,0.0,0.0,44000.0,0.0,34000.0,0.0
YESBANK,2019-06-17 18:01:00,2019-06-13,2019-06-11,2019-06-11,Employees/Designated Employees,ESOP,Buy,Equity Shares,60000.0,0.0,0.0,0.0,0.0,12500.0,0.0,72500.0,0.0
YESBANK,2019-06-17 18:01:00,2019-06-13,2019-06-11,2019-06-11,Employees/Designated Employees,ESOP,Buy,Equity Shares,535000.0,0.0,0.0,0.0,0.0,,0.0,535000.0,0.02
YESBANK,2019-06-17 18:01:00,2019-06-13,2019-04-11,2019-04-11,Employees/Designated Employees,ESOP,Buy,Equity Shares,10000.0,0.0,0.0,0.0,0.0,2500.0,0.0,12500.0,0.0
YESBANK,2019-06-17 18:01:00,2019-06-13,2019-05-16,2019-05-16,Employees/Designated Employees,ESOP,Buy,Equity Shares,25000.0,0.0,0.0,0.0,0.0,384000.0,0.02,409000.0,0.02
YESBANK,2019-06-17 18:01:00,2019-06-13,2019-06-11,2019-06-11,Employees/Designated Employees,ESOP,Buy,Equity Shares,16000.0,0.0,0.0,0.0,0.0,409000.0,0.02,425000.0,0.02
YESBANK,2019-06-18 18:29:00,2019-06-17,2019-06-17,2019-06-17,Employees/Designated Employees,Revokation of Pledge,Pledge Revoke,Shares,3000.0,0.0,0.0,0.0,0.0,30505.0,0.0,30505.0,0.0
YESBANK,2019-06-18 18:29:00,2019-06-17,2019-06-17,2019-06-17,Employees/Designated Employees,Market Sale,Sell,Shares,10000.0,0.0,0.0,0.0,0.0,118400.0,0.01,108400.0,0.0
YESBANK,2019-06-18 18:29:00,2019-06-14,2019-06-14,2019-06-14,Employees/Designated Employees,Invocation of pledge,Pledge Invoke,Shares,10000.0,0.0,0.0,0.0,0.0,38970.0,0.0,28970.0,0.0
YESBANK,2019-06-18 18:29:00,2019-06-17,2019-05-29,2019-05-29,Employees/Designated Employees,ESOP,Buy,Shares,10000.0,0.0,0.0,0.0,0.0,20505.0,0.0,30505.0,0.0
YESBANK,2019-06-20 19:01:00,2019-06-18,2019-06-18,2019-06-18,Employees/Designated Employees,Invocation of pledge,Pledge Invoke,Shares,20000.0,0.0,0.0,0.0,0.0,43442.0,0.0,23442.0,0.0
YESBANK,2019-06-20 19:01:00,2019-06-18,2019-06-18,2019-06-18,Employees/Designated Employees,Invocation of pledge,Pledge Invoke,Shares,50000.0,0.0,0.0,0.0,0.0,183250.0,0.01,133250.0,0.01
YESBANK,2019-06-20 19:01:00,2019-06-18,2019-06-18,2019-06-18,Employees/Designated Employees,Invocation of pledge,Pledge Invoke,Shares,558.0,0.0,0.0,0.0,0.0,64000.0,0.0,63442.0,0.0
YESBANK,2019-06-20 19:01:00,2019-06-18,2019-06-17,2019-06-17,Employees/Designated Employees,Market Sale,Sell,Shares,3000.0,0.0,0.0,0.0,0.0,30505.0,0.0,27505.0,0.0
YESBANK,2019-06-20 19:01:00,2019-06-18,2019-06-18,2019-06-18,Employees/Designated Employees,Invocation of pledge,Pledge Invoke,Shares,20000.0,0.0,0.0,0.0,0.0,63442.0,0.0,43442.0,0.0
YESBANK,2019-06-20 19:01:00,2019-06-18,2019-06-18,2019-06-18,Employees/Designated Employees,Invocation of pledge,Pledge Invoke,Shares,85000.0,0.0,0.0,0.0,0.0,85000.0,0.0,,0.0
YESBANK,2019-06-20 19:01:00,2019-06-18,2019-06-18,2019-06-18,Employees/Designated Employees,Revokation of Pledge,Pledge Revoke,Shares,7000.0,0.0,0.0,0.0,0.0,27505.0,0.0,27505.0,0.0
YESBANK,2019-06-20 19:01:00,2019-06-18,2019-06-18,2019-06-18,Employees/Designated Employees,Pledge Creation,Pledge,Shares,20000.0,0.0,0.0,0.0,0.0,130875.0,0.01,130875.0,0.01
YESBANK,2019-06-20 19:02:00,2019-06-18,2019-06-14,2019-06-14,Employees/Designated Employees,Market Sale,Sell,Shares,500000.0,0.0,0.0,0.0,0.0,5711085.0,0.25,5211085.0,0.23
YESBANK,2019-06-20 19:02:00,2019-06-20,2019-06-20,2019-06-20,Employees/Designated Employees,Market Sale,Sell,Shares,10000.0,0.0,0.0,0.0,0.0,108400.0,0.0,98400.0,0.0
YESBANK,2019-06-20 19:02:00,2019-06-19,2019-06-17,2019-06-17,Employees/Designated Employees,Market Sale,Sell,Shares,500000.0,0.0,0.0,0.0,0.0,5211085.0,0.23,4711085.0,0.2
YESBANK,2019-06-20 19:02:00,2019-06-19,2019-06-17,2019-06-17,Employees/Designated Employees,Pledge Creation,Pledge,Shares,10000.0,0.0,0.0,0.0,0.0,108400.0,0.0,108400.0,0.0
YESBANK,2019-06-20 19:02:00,2019-06-20,2019-06-20,2019-06-20,Employees/Designated Employees,ESOP,Buy,Shares,1200000.0,0.0,0.0,0.0,0.0,4711085.0,0.2,5911085.0,0.26
YESBANK,2019-06-20 19:02:00,2019-06-20,2019-06-19,2019-06-19,Employees/Designated Employees,Market Sale,Sell,Shares,40000.0,0.0,0.0,0.0,0.0,60000.0,0.0,20000.0,0.0
YESBANK,2019-06-21 20:32:00,2019-06-21,2019-06-20,2019-06-20,Employees/Designated Employees,Market Sale,Sell,Equity Shares,40000.0,0.0,0.0,0.0,0.0,499750.0,0.01,459750.0,0.01
YESBANK,2019-06-21 20:33:00,2019-06-21,2019-06-19,2019-06-19,Connected Person,Pledge Creation,Pledge,Equity Shares,43000.0,0.0,0.0,0.0,0.0,737500.0,0.03,737500.0,0.03
YESBANK,2019-06-26 19:51:00,2019-06-24,2019-05-25,2019-05-25,Employees/Designated Employees,Revokation of Pledge,Pledge Revoke,Equity Shares,18407.0,0.0,0.0,0.0,0.0,235657.0,0.01,235657.0,0.01
YESBANK,2019-06-27 19:48:00,2019-06-26,2019-06-20,2019-06-20,Connected Person,Market Sale,Sell,Equity Shares,25000.0,0.0,0.0,0.0,0.0,98500.0,0.0,73500.0,0.0
YESBANK,2019-06-27 19:48:00,2019-06-11,2019-06-11,2019-06-11,Connected Person,Market Sale,Sell,Equity Shares,10000.0,0.0,0.0,0.0,0.0,108500.0,0.0,98500.0,0.0
YESBANK,2019-06-27 19:52:00,2019-06-26,2019-06-25,2019-06-25,Employees/Designated Employees,Market Sale,Sell,Shares,20000.0,0.0,0.0,0.0,0.0,1772472.0,0.08,1752472.0,0.08
YESBANK,2019-06-28 16:54:00,2019-06-27,2019-06-26,2019-06-26,Employees/Designated Employees,Market Sale,Sell,Shares,24000.0,0.0,0.0,0.0,0.0,1752472.0,0.08,1728472.0,0.07
YESBANK,2019-06-28 16:54:00,2019-06-28,2019-06-28,2019-06-28,Employees/Designated Employees,Market Purchase,Buy,Equity Shares,10000.0,0.0,0.0,0.0,0.0,13000.0,0.0,23000.0,0.0
YESBANK,2019-06-28 16:54:00,2019-06-28,2019-06-27,2019-06-27,Employees/Designated Employees,Market Purchase,Buy,Equity Shares,8000.0,0.0,0.0,0.0,0.0,5000.0,0.0,13000.0,0.0
YESBANK,2019-06-28 16:54:00,2019-06-27,2019-06-25,2019-06-25,Employees/Designated Employees,Pledge Creation,Pledge,Shares,21750.0,0.0,0.0,0.0,0.0,130875.0,0.01,130875.0,0.01
YESBANK,2019-07-01 18:26:00,2019-06-28,2019-06-27,2019-06-27,Employees/Designated Employees,Revokation of Pledge,Pledge Revoke,Shares,20000.0,0.0,0.0,0.0,0.0,95000.0,0.0,95000.0,0.0
YESBANK,2019-07-01 18:26:00,2019-06-28,2019-06-20,2019-06-20,Employees/Designated Employees,Market Sale,Sell,Shares,3400.0,0.0,0.0,0.0,0.0,98400.0,0.0,95000.0,0.0
YESBANK,2019-07-03 19:57:00,2019-07-01,2019-06-28,2019-06-28,Connected Person,Pledge Creation,Pledge,Equity Shares,29000.0,0.0,0.0,0.0,0.0,140000.0,0.01,140000.0,0.01
YESBANK,2019-07-08 15:51:00,2019-07-08,2019-07-05,2019-07-05,Employees/Designated Employees,Invocation of pledge,Pledge Invoke,Shares,90000.0,0.0,0.0,0.0,0.0,240500.0,0.01,150500.0,0.01
YESBANK,2019-07-08 15:51:00,2019-07-08,2019-07-05,2019-07-05,Employees/Designated Employees,Invocation of pledge,Pledge Invoke,Shares,30000.0,0.0,0.0,0.0,0.0,270500.0,0.01,240500.0,0.01
YESBANK,2019-07-08 15:51:00,2019-07-01,2019-06-28,2019-06-28,Employees/Designated Employees,Market Sale,Sell,Shares,35000.0,0.0,0.0,0.0,0.0,344080.0,0.01,309080.0,0.01
YESBANK,2019-07-08 15:51:00,2019-07-01,2019-06-25,2019-06-25,Employees/Designated Employees,Market Sale,Sell,Shares,8500.0,0.0,0.0,0.0,0.0,352580.0,0.02,344080.0,0.01
YESBANK,2019-07-08 15:51:00,2019-07-01,2019-06-28,2019-06-28,Employees/Designated Employees,Market Sale,Sell,Shares,350000.0,0.0,0.0,0.0,0.0,535000.0,0.02,185000.0,0.01
YESBANK,2019-07-08 15:51:00,2019-07-08,2019-07-05,2019-07-05,Employees/Designated Employees,Invocation of pledge,Pledge Invoke,Shares,100000.0,0.0,0.0,0.0,0.0,150500.0,0.01,50500.0,0.0
YESBANK,2019-07-08 15:51:00,2019-07-08,2019-07-05,2019-07-05,Employees/Designated Employees,Invocation of pledge,Pledge Invoke,Shares,50000.0,0.0,0.0,0.0,0.0,50500.0,0.0,500.0,0.0
YESBANK,2019-07-09 19:30:00,2019-07-05,2019-06-28,2019-06-28,Employees/Designated Employees,Gift,Sell,Equity Shares,3500000.0,0.0,0.0,0.0,0.0,5911085.0,0.25,2411085.0,0.1
YESBANK,2019-07-09 19:35:00,2019-07-05,2019-06-28,2019-06-28,Connected Person,Gift,Buy,Equity Shares,3500000.0,0.0,0.0,0.0,0.0,,0.0,3500000.0,0.15
YESBANK,2019-07-22 21:14:00,2019-07-18,2019-07-16,2019-07-16,Connected Person,ESOP,Buy,Equity Shares,145000.0,0.0,0.0,0.0,0.0,469750.0,0.02,614750.0,0.03
YESBANK,2019-07-22 21:14:00,2019-07-18,2019-07-18,2019-07-18,Connected Person,Market Sale,Sell,Equity Shares,469750.0,0.0,0.0,0.0,0.0,614750.0,0.03,145000.0,0.01
YESBANK,2019-07-22 21:16:00,2019-07-19,2019-07-19,2019-07-19,Employees/Designated Employees,Pledge Creation,Pledge,Equity Shares,15000.0,0.0,0.0,0.0,0.0,195000.0,0.01,195000.0,0.01
YESBANK,2019-07-23 13:29:00,2019-07-22,2019-07-18,2019-07-18,Promoters,Pledge Creation,Pledge,Equity Shares,100000000.0,0.0,0.0,0.0,0.0,100000000.0,4.31,100000000.0,4.31
YESBANK,2019-07-23 13:29:00,2019-07-22,2019-07-18,2019-07-18,Promoter Group,Pledge Creation,Pledge,Equity Shares,34700000.0,0.0,0.0,0.0,0.0,70250000.0,3.03,70250000.0,3.03
YESBANK,2019-07-23 13:29:00,2019-07-22,2019-07-22,2019-07-22,Promoter Group,Pledge Creation,Pledge,Equity Shares,35550000.0,0.0,0.0,0.0,0.0,70250000.0,3.03,70250000.0,3.03
YESBANK,2019-07-26 20:02:00,2019-07-24,2019-07-22,2019-07-22,Employees/Designated Employees,Market Sale,Sell,Equity Shares,1000000.0,0.0,0.0,0.0,0.0,2411085.0,0.1,1411085.0,0.06
YESBANK,2019-07-26 20:05:00,2019-07-24,2019-07-22,2019-07-22,Connected Person,Market Sale,Sell,Equity Shares,1000000.0,0.0,0.0,0.0,0.0,3500000.0,0.0,2500000.0,0.0
YESBANK,2019-07-29 19:54:00,2019-07-22,2019-07-05,2019-07-05,Promoters,Revokation of Pledge,Pledge Revoke,Equity Shares,450000.0,0.0,0.0,0.0,0.0,175275000.0,7.56,175275000.0,7.56
YESBANK,2019-07-29 19:54:00,2019-07-22,2019-07-08,2019-07-08,Promoters,Pledge Creation,Pledge,Equity Shares,450000.0,0.0,0.0,0.0,0.0,175275000.0,7.56,175275000.0,7.56
YESBANK,2019-07-30 17:33:00,2019-07-30,2019-07-25,2019-07-26,Connected Person,Market Sale,Sell,Equity Shares,25000.0,0.0,0.0,0.0,0.0,73500.0,0.0,48500.0,0.0
YESBANK,2019-07-30 17:38:00,2019-07-26,2019-07-26,2019-07-26,Employees/Designated Employees,Market Purchase,Buy,Equity Shares,21500.0,0.0,0.0,0.0,0.0,2808.0,0.0,24308.0,0.0
YESBANK,2019-08-02 19:43:00,2019-08-01,2019-07-25,2019-07-25,Employees/Designated Employees,Gift,Sell,Equity Shares,70320.0,0.0,0.0,0.0,0.0,70320.0,0.0,,0.0
YESBANK,2019-08-02 19:43:00,2019-07-31,2019-07-23,2019-07-23,Employees/Designated Employees,Pledge Creation,Pledge,Equity Shares,18000.0,0.0,0.0,0.0,0.0,105500.0,0.0,105500.0,0.0
YESBANK,2019-08-06 15:56:00,2019-08-02,2019-08-01,2019-08-02,Employees/Designated Employees,Market Purchase,Buy,Equity Shares,20000.0,0.0,0.0,0.0,0.0,23000.0,0.0,43000.0,0.0
YESBANK,2019-08-08 20:01:00,2019-08-07,2019-08-01,2019-08-01,Employees/Designated Employees,Market Sale,Sell,Equity Shares,72500.0,0.0,0.0,0.0,0.0,72500.0,0.0,,0.0
YESBANK,2019-08-19 19:22:00,2019-08-14,2019-08-10,2019-08-10,Connected Person,ESOP,Buy,Equity Shares,200000.0,0.0,0.0,0.0,0.0,145000.0,0.01,345000.0,0.01
YESBANK,2019-08-19 19:23:00,2019-08-19,2019-08-14,2019-08-14,Employees/Designated Employees,Market Sale,Sell,Equity Shares,7777.0,0.0,0.0,0.0,0.0,449000.0,0.02,441223.0,0.02
YESBANK,2019-08-19 19:23:00,2019-08-14,2019-07-03,2019-07-03,Employees/Designated Employees,Revokation of Pledge,Pledge Revoke,Equity Shares,98385.0,0.0,0.0,0.0,0.0,98385.0,0.0,98385.0,0.0
YESBANK,2019-08-19 19:23:00,2019-08-19,2019-08-16,2019-08-16,Employees/Designated Employees,Market Sale,Sell,Equity Shares,8000.0,0.0,0.0,0.0,0.0,441223.0,0.02,433223.0,0.02
YESBANK,2019-08-23 18:52:00,2019-08-21,2019-08-19,2019-08-19,Connected Person,Market Sale,Sell,Equity Shares,500000.0,0.0,0.0,0.0,0.0,2500000.0,0.0,2000000.0,0.0
YESBANK,2019-08-23 18:52:00,2019-08-23,2019-08-22,2019-08-22,Connected Person,Market Sale,Sell,Equity Shares,1000000.0,0.0,0.0,0.0,0.0,1500000.0,0.0,500000.0,0.0
YESBANK,2019-08-23 18:52:00,2019-08-21,2019-08-20,2019-08-20,Connected Person,Market Sale,Sell,Equity Shares,500000.0,0.0,0.0,0.0,0.0,2000000.0,0.0,1500000.0,0.0
YESBANK,2019-08-23 18:52:00,2019-08-21,2019-07-05,2019-07-05,Employees/Designated Employees,Invocation of pledge,Pledge Invoke,Equity Shares,6500.0,0.0,0.0,0.0,0.0,28970.0,0.0,22470.0,0.0
YESBANK,2019-08-23 18:52:00,2019-08-22,2019-08-21,2019-08-21,Employees/Designated Employees,Market Sale,Sell,Equity Shares,210000.0,0.0,0.0,0.0,0.0,950000.0,0.04,740000.0,0.03
YESBANK,2019-08-23 18:52:00,2019-08-23,2019-08-22,2019-08-22,Employees/Designated Employees,Market Sale,Sell,Equity Shares,59000.0,0.0,0.0,0.0,0.0,433223.0,0.02,374223.0,0.02
YESBANK,2019-08-23 18:52:00,2019-08-21,2019-08-05,2019-08-05,Employees/Designated Employees,Invocation of pledge,Pledge Invoke,Equity Shares,4300.0,0.0,0.0,0.0,0.0,22470.0,0.0,18170.0,0.0
YESBANK,2019-08-23 18:52:00,2019-08-21,2019-08-21,2019-08-21,Employees/Designated Employees,Invocation of pledge,Pledge Invoke,Equity Shares,5000.0,0.0,0.0,0.0,0.0,18170.0,0.0,13170.0,0.0
YESBANK,2019-08-28 19:55:00,2019-08-28,2019-08-22,2019-08-22,Employees/Designated Employees,Pledge Creation,Pledge,Equity Shares,10000.0,0.0,0.0,0.0,0.0,95000.0,0.0,95000.0,0.0
YESBANK,2019-08-28 19:55:00,2019-08-27,2019-08-26,2019-08-26,Employees/Designated Employees,Revokation of Pledge,Pledge Revoke,Equity Shares,28000.0,0.0,0.0,0.0,0.0,127175.0,0.01,127175.0,0.01
YESBANK,2019-08-28 19:55:00,2019-08-27,2019-08-22,2019-08-22,Employees/Designated Employees,Market Purchase,Buy,Equity Shares,1800.0,0.0,0.0,0.0,0.0,125375.0,0.01,127175.0,0.01
YESBANK,2019-08-28 19:55:00,2019-08-27,2019-08-16,2019-08-16,Employees/Designated Employees,Market Purchase,Buy,Equity Shares,1250.0,0.0,0.0,0.0,0.0,124125.0,0.01,125375.0,0.01
YESBANK,2019-08-28 19:55:00,2019-08-27,2019-08-22,2019-08-22,Employees/Designated Employees,Market Sale,Sell,Equity Shares,650000.0,0.0,0.0,0.0,0.0,2638000.0,0.11,1988000.0,0.09
YESBANK,2019-08-28 19:55:00,2019-08-26,2019-08-22,2019-08-22,Employees/Designated Employees,Market Sale,Sell,Equity Shares,200000.0,0.0,0.0,0.0,0.0,740000.0,0.03,540000.0,0.02
YESBANK,2019-08-28 19:55:00,2019-08-28,2019-08-27,2019-08-27,Employees/Designated Employees,Revokation of Pledge,Pledge Revoke,Equity Shares,85000.0,0.0,0.0,0.0,0.0,95000.0,0.0,95000.0,0.0
YESBANK,2019-09-05 13:12:00,2019-08-30,2019-08-28,2019-08-28,Promoters,Pledge Creation,Pledge,Equity Shares,3750000.0,0.0,0.0,0.0,0.0,175275000.0,7.56,175275000.0,7.56
YESBANK,2019-09-05 13:12:00,2019-09-05,2019-09-05,2019-09-05,Employees/Designated Employees,Market Purchase,Buy,Equity Shares,20000.0,0.0,0.0,0.0,0.0,26000.0,0.0,46000.0,0.0
YESBANK,2019-09-05 13:12:00,2019-09-04,2019-08-22,2019-08-22,Employees/Designated Employees,Market Sale,Sell,Equity Shares,50000.0,0.0,0.0,0.0,0.0,425000.0,0.02,375000.0,0.02
YESBANK,2019-09-05 13:12:00,2019-08-30,2019-08-28,2019-08-28,Promoters,Revokation of Pledge,Pledge,Equity Shares,3750000.0,0.0,0.0,0.0,0.0,175275000.0,7.56,175275000.0,7.56
YESBANK,2019-09-09 19:07:00,2019-09-06,2019-09-05,2019-09-05,Employees/Designated Employees,Market Sale,Sell,Equity Shares,100000.0,0.0,0.0,0.0,0.0,1430500.0,0.06,1330500.0,0.06
YESBANK,2019-09-09 19:07:00,2019-09-06,2019-09-06,2019-09-06,Employees/Designated Employees,Market Sale,Sell,Equity Shares,465000.0,0.0,0.0,0.0,0.0,540000.0,0.02,75000.0,0.0
YESBANK,2019-09-16 16:24:00,2019-09-13,2019-09-13,2019-09-13,Employees/Designated Employees,Market Sale,Sell,Equity Shares,15500.0,0.0,0.0,0.0,0.0,31000.0,0.0,15500.0,0.0
YESBANK,2019-09-16 16:24:00,2019-09-16,2019-09-13,2019-09-13,Employees/Designated Employees,Market Sale,Sell,Equity Shares,40000.0,0.0,0.0,0.0,0.0,1726422.0,0.07,1686422.0,0.07
YESBANK,2019-09-16 16:24:00,2019-09-13,2019-09-11,2019-09-11,Employees/Designated Employees,Market Sale,Sell,Equity Shares,35000.0,0.0,0.0,0.0,0.0,75000.0,0.0,40000.0,0.0
YESBANK,2019-09-19 19:44:00,2019-09-18,2019-09-16,2019-09-16,Employees/Designated Employees,ESOP,Buy,Equity Shares,10000.0,0.0,0.0,0.0,0.0,68900.0,0.0,78900.0,0.0
YESBANK,2019-09-19 19:44:00,2019-09-18,2019-09-12,2019-09-12,Employees/Designated Employees,Market Sale,Sell,Equity Shares,5000.0,0.0,0.0,0.0,0.0,73900.0,0.0,68900.0,0.0
YESBANK,2019-09-19 19:44:00,2019-09-18,2019-09-11,2019-09-11,Employees/Designated Employees,Market Sale,Sell,Equity Shares,4000.0,0.0,0.0,0.0,0.0,77900.0,0.0,73900.0,0.0
YESBANK,2019-09-19 19:46:00,2019-09-18,2019-09-17,2019-09-17,Employees/Designated Employees,Market Sale,Sell,Equity Shares,10000.0,0.0,0.0,0.0,0.0,1676422.0,0.0,1666422.0,0.0
YESBANK,2019-09-19 19:46:00,2019-09-18,2019-08-05,2019-08-05,Employees/Designated Employees,Pledge Creation,Pledge,Equity Shares,10500.0,0.0,0.0,0.0,0.0,108750.0,0.0,108750.0,0.0
YESBANK,2019-09-19 19:46:00,2019-09-18,2019-09-05,2019-09-05,Employees/Designated Employees,Invocation of pledge,Pledge Invoke,Equity Shares,28000.0,0.0,0.0,0.0,0.0,78750.0,0.0,50750.0,0.0
YESBANK,2019-09-19 19:46:00,2019-09-18,2019-08-22,2019-08-22,Employees/Designated Employees,Invocation of pledge,Pledge Invoke,Equity Shares,30000.0,0.0,0.0,0.0,0.0,108750.0,0.0,78750.0,0.0
YESBANK,2019-09-19 19:46:00,2019-09-18,2019-08-22,2019-08-22,Employees/Designated Employees,Pledge Creation,Pledge,Equity Shares,10000.0,0.0,0.0,0.0,0.0,108750.0,0.0,108750.0,0.0
YESBANK,2019-09-19 19:46:00,2019-09-18,2019-08-21,2019-08-21,Employees/Designated Employees,Pledge Creation,Pledge,Equity Shares,7500.0,0.0,0.0,0.0,0.0,108750.0,0.0,108750.0,0.0
YESBANK,2019-09-19 19:46:00,2019-09-18,2019-07-18,2019-07-18,Employees/Designated Employees,Pledge Creation,Pledge,Equity Shares,6300.0,0.0,0.0,0.0,0.0,108750.0,0.0,108750.0,0.0
YESBANK,2019-09-19 19:46:00,2019-09-18,2019-09-16,2019-09-16,Employees/Designated Employees,Market Sale,Sell,Equity Shares,10000.0,0.0,0.0,0.0,0.0,1686422.0,0.0,1676422.0,0.0
YESBANK,2019-09-19 19:46:00,2019-09-18,2019-05-20,2019-05-20,Employees/Designated Employees,Pledge Creation,Pledge,Equity Shares,7000.0,0.0,0.0,0.0,0.0,108750.0,0.0,108750.0,0.0
YESBANK,2019-09-19 19:46:00,2019-09-18,2019-06-20,2019-06-20,Employees/Designated Employees,Pledge Creation,Pledge,Equity Shares,13563.0,0.0,0.0,0.0,0.0,108750.0,0.0,108750.0,0.0
YESBANK,2019-09-23 19:55:00,2019-09-20,2019-09-18,2019-09-20,Promoter Group,Market Sale,Sell,Equity Shares,70250000.0,0.0,0.0,0.0,0.0,70250000.0,2.75,,0.0
YESBANK,2019-09-23 19:55:00,2019-09-19,2019-08-20,2019-08-20,Employees/Designated Employees,Market Purchase,Buy,Equity Shares,1380.0,0.0,0.0,0.0,0.0,125375.0,0.01,126755.0,0.01
YESBANK,2019-09-23 19:55:00,2019-09-19,2019-09-18,2019-09-18,Employees/Designated Employees,Revokation of Pledge,Pledge Revoke,Equity Shares,68125.0,0.0,0.0,0.0,0.0,130055.0,0.01,130055.0,0.01
YESBANK,2019-09-23 19:55:00,2019-09-19,2019-09-19,2019-09-19,Employees/Designated Employees,Market Sale,Sell,Equity Shares,18750.0,0.0,0.0,0.0,0.0,18750.0,0.0,,0.0
YESBANK,2019-09-23 19:55:00,2019-09-20,2019-09-18,2019-09-20,Promoter Group,Revokation of Pledge,Pledge Revoke,Equity Shares,70250000.0,0.0,0.0,0.0,0.0,70250000.0,2.75,70250000.0,2.75
YESBANK,2019-09-23 19:55:00,2019-09-19,2019-08-21,2019-08-21,Employees/Designated Employees,Market Purchase,Buy,Equity Shares,1500.0,0.0,0.0,0.0,0.0,126755.0,0.01,128255.0,0.01
YESBANK,2019-09-23 20:01:00,2019-09-23,2019-09-20,2019-09-20,Connected Person,Market Sale,Sell,Equity Shares,500000.0,0.0,0.0,0.0,0.0,500000.0,0.0,,0.0
YESBANK,2019-09-23 20:01:00,2019-09-20,2019-09-19,2019-09-19,Connected Person,Market Sale,Sell,Equity Shares,411085.0,0.0,0.0,0.0,0.0,911085.0,0.04,500000.0,0.04
YESBANK,2019-09-23 20:01:00,2019-09-19,2019-09-17,2019-09-17,Connected Person,Market Sale,Sell,Equity Shares,500000.0,0.0,0.0,0.0,0.0,500000.0,0.0,,0.0
YESBANK,2019-09-23 20:01:00,2019-09-19,2019-09-18,2019-09-18,Connected Person,Market Sale,Sell,Equity Shares,500000.0,0.0,0.0,0.0,0.0,1411085.0,0.05,911085.0,0.04
YESBANK,2019-09-26 12:20:00,2019-09-23,2019-08-26,2019-08-26,Employees/Designated Employees,Market Purchase,Buy,Equity Shares,10000.0,0.0,0.0,0.0,0.0,27500.0,0.0,37500.0,0.0
YESBANK,2019-09-26 12:20:00,2019-09-23,2019-09-23,2019-09-23,Employees/Designated Employees,Market Purchase,Buy,Equity Shares,3330.0,0.0,0.0,0.0,0.0,39500.0,0.0,42830.0,0.0
YESBANK,2019-09-26 12:20:00,2019-09-23,2019-08-22,2019-08-22,Employees/Designated Employees,Market Purchase,Buy,Equity Shares,500.0,0.0,0.0,0.0,0.0,27000.0,0.0,27500.0,0.0
YESBANK,2019-09-26 12:20:00,2019-09-23,2019-08-21,2019-08-21,Employees/Designated Employees,Market Purchase,Buy,Equity Shares,2500.0,0.0,0.0,0.0,0.0,24500.0,0.0,27000.0,0.0
YESBANK,2019-09-26 12:20:00,2019-09-23,2019-09-20,2019-09-20,Employees/Designated Employees,Market Purchase,Buy,Equity Shares,2000.0,0.0,0.0,0.0,0.0,37500.0,0.0,39500.0,0.0
YESBANK,2019-09-26 12:52:00,2019-09-24,2019-09-23,2019-09-23,Employees/Designated Employees,Market Sale,Sell,Equity Shares,110000.0,0.0,0.0,0.0,0.0,210000.0,0.01,100000.0,0.0
YESBANK,2019-09-26 12:52:00,2019-09-24,2019-09-24,2019-09-24,Employees/Designated Employees,Revokation of Pledge,Pledge Revoke,Equity Shares,23442.0,0.0,0.0,0.0,0.0,23442.0,0.0,23442.0,0.0
YESBANK,2019-10-01 13:44:00,2019-09-30,2019-09-26,2019-09-27,Promoters,Market Sale,Sell,Equity Shares,55200000.0,0.0,0.0,0.0,0.0,75625000.0,2.97,20425000.0,0.8
YESBANK,2019-10-01 20:13:00,2019-09-30,2019-09-30,2019-09-30,Employees/Designated Employees,Invocation of pledge,Pledge Invoke,Equity Shares,104700.0,0.0,0.0,0.0,0.0,187470.0,0.01,82770.0,0.0
YESBANK,2019-10-01 20:13:00,2019-10-01,2019-09-30,2019-09-30,Employees/Designated Employees,Market Sale,Sell,Equity Shares,45875.0,0.0,0.0,0.0,0.0,45875.0,0.0,,0.0
YESBANK,2019-10-01 20:13:00,2019-09-27,2019-08-10,2019-08-10,Employees/Designated Employees,ESOP,Buy,Equity Shares,10000.0,0.0,0.0,0.0,0.0,195000.0,0.01,205000.0,0.01
YESBANK,2019-10-01 20:13:00,2019-09-30,2019-08-22,2019-08-22,Employees/Designated Employees,Invocation of pledge,Pledge Invoke,Equity Shares,10000.0,0.0,0.0,0.0,0.0,197470.0,0.01,187470.0,0.01
YESBANK,2019-10-01 20:13:00,2019-09-27,2019-09-26,2019-09-26,Employees/Designated Employees,Market Sale,Sell,Equity Shares,4500.0,0.0,0.0,0.0,0.0,200500.0,0.01,196000.0,0.01
YESBANK,2019-10-01 20:13:00,2019-09-27,2019-09-25,2019-09-25,Employees/Designated Employees,Market Sale,Sell,Equity Shares,4500.0,0.0,0.0,0.0,0.0,205000.0,0.01,200500.0,0.01
YESBANK,2019-10-04 16:03:00,2019-10-03,2019-10-01,2019-10-01,Promoters,Invocation of pledge,Pledge Invoke,Equity Shares,100000000.0,0.0,0.0,0.0,0.0,100000000.0,3.92,,0.0
YESBANK,2019-10-04 18:51:00,2019-10-03,2019-10-01,2019-10-01,Promoters,Invocation of pledge,Pledge Invoke,Equity Shares,100000000.0,0.0,0.0,0.0,0.0,100000000.0,3.92,,0.0
YESBANK,2019-10-09 12:32:00,2019-10-03,2019-09-30,2019-09-30,Employees/Designated Employees,Market Sale,Sell,Equity Shares,100000.0,0.0,0.0,0.0,0.0,309080.0,0.01,209080.0,0.01
YESBANK,2019-10-09 12:32:00,2019-10-04,2019-10-01,2019-10-01,Employees/Designated Employees,Invocation of pledge,Pledge Invoke,Equity Shares,51000.0,0.0,0.0,0.0,0.0,75825.0,0.0,24825.0,0.0
YESBANK,2019-10-09 12:32:00,2019-10-03,2019-09-24,2019-09-24,Employees/Designated Employees,Market Sale,Sell,Equity Shares,103000.0,0.0,0.0,0.0,0.0,103000.0,0.0,,0.0
YESBANK,2019-10-09 12:32:00,2019-10-03,2019-09-24,2019-09-24,Employees/Designated Employees,Market Sale,Sell,Equity Shares,20000.0,0.0,0.0,0.0,0.0,23442.0,0.0,3442.0,0.0
YESBANK,2019-10-15 20:08:00,2019-10-11,2019-10-10,2019-10-10,Employees/Designated Employees,Revokation of Pledge,Pledge Revoke,Equity Shares,79985.0,0.0,0.0,0.0,0.0,82770.0,0.0,82770.0,0.0
YESBANK,2019-11-11 17:23:00,2019-11-11,2019-11-08,2019-11-08,Employees/Designated Employees,Market Sale,Sell,Equity Shares,20000.0,0.0,0.0,0.0,0.0,1646422.0,0.0,1626422.0,0.0
YESBANK,2019-11-11 17:23:00,2019-11-07,2019-11-05,2019-11-05,Employees/Designated Employees,Revokation of Pledge,Pledge Revoke,Equity Shares,25000.0,0.0,0.0,0.0,0.0,30000.0,0.0,30000.0,0.0
YESBANK,2019-11-11 17:23:00,2019-11-07,2019-11-06,2019-11-06,Employees/Designated Employees,Market Sale,Sell,Equity Shares,20000.0,0.0,0.0,0.0,0.0,1666422.0,0.0,1646422.0,0.0
YESBANK,2019-11-13 19:39:00,2019-11-13,2019-11-11,2019-11-11,Employees/Designated Employees,Market Sale,Sell,Equity Shares,20000.0,0.0,0.0,0.0,0.0,1626422.0,0.0,1606422.0,0.0
YESBANK,2019-11-15 19:04:00,2019-11-15,2019-11-13,2019-11-14,Promoter Group,Market Sale,Sell,Equity Shares,20424100.0,0.0,0.0,0.0,0.0,20425000.0,0.8,900.0,0.0
YESBANK,2019-11-18 20:16:00,2019-11-15,2019-11-13,2019-11-13,Employees/Designated Employees,ESOP,Buy,Equity Shares,135000.0,0.0,0.0,0.0,0.0,185000.0,0.01,320000.0,0.01
YESBANK,2019-11-21 17:58:00,2019-11-18,2019-11-13,2019-11-13,Promoters,Others,Pledge Revoke,Equity Shares,11175000.0,0.0,0.0,0.0,0.0,175275000.0,6.87,175275000.0,6.87
YESBANK,2019-11-25 16:16:00,2019-11-21,2019-11-07,2019-11-07,Employees/Designated Employees,Market Purchase,Buy,Equity Shares,1000.0,0.0,0.0,0.0,0.0,49500.0,0.0,50500.0,0.0
YESBANK,2019-11-25 16:16:00,2019-11-21,2019-11-21,2019-11-21,Employees/Designated Employees,Market Purchase,Buy,Equity Shares,3000.0,0.0,0.0,0.0,0.0,63000.0,0.0,66000.0,0.0
YESBANK,2019-11-25 16:16:00,2019-11-21,2019-11-19,2019-11-19,Employees/Designated Employees,Market Purchase,Buy,Equity Shares,3500.0,0.0,0.0,0.0,0.0,59500.0,0.0,63000.0,0.0
YESBANK,2019-11-25 16:16:00,2019-11-21,2019-11-18,2019-11-18,Employees/Designated Employees,Market Purchase,Buy,Equity Shares,5000.0,0.0,0.0,0.0,0.0,54500.0,0.0,59500.0,0.0
YESBANK,2019-11-25 16:16:00,2019-11-21,2019-11-13,2019-11-13,Employees/Designated Employees,Market Purchase,Buy,Equity Shares,4000.0,0.0,0.0,0.0,0.0,50500.0,0.0,54500.0,0.0
YESBANK,2019-12-03 19:51:00,2019-12-02,2019-11-20,2019-11-20,Employees/Designated Employees,Revokation of Pledge,Pledge Revoke,Equity Shares,36563.0,0.0,0.0,0.0,0.0,50750.0,0.0,50750.0,0.0
YESBANK,2019-12-03 19:51:00,2019-11-27,2019-11-21,2019-11-21,Employees/Designated Employees,Market Sale,Sell,Equity Shares,10000.0,0.0,0.0,0.0,0.0,1606422.0,0.07,1596422.0,0.07
YESBANK,2019-12-03 19:51:00,2019-11-27,2019-11-26,2019-11-26,Employees/Designated Employees,Market Sale,Sell,Equity Shares,10000.0,0.0,0.0,0.0,0.0,1596422.0,0.07,1586422.0,0.07
YESBANK,2019-12-18 17:47:00,2019-12-17,2019-12-13,2019-12-13,Employees/Designated Employees,Market Sale,Sell,Equity Shares,50000.0,0.0,0.0,0.0,0.0,1988000.0,0.09,1938000.0,0.08
YESBANK,2019-12-27 16:01:00,2019-12-24,2019-12-23,2019-12-23,Employees/Designated Employees,Market Sale,Sell,Equity Shares,100000.0,0.0,0.0,0.0,0.0,100000.0,0.0,,0.0
YESBANK,2019-12-27 16:01:00,2019-12-23,2019-12-23,2019-12-23,Employees/Designated Employees,Market Sale,Sell,Equity Shares,23500.0,0.0,0.0,0.0,0.0,26500.0,0.0,3000.0,0.0
YESBANK,2019-12-31 16:10:00,2019-12-26,2019-12-24,2019-12-24,Employees/Designated Employees,Market Sale,Sell,Equity Shares,20000.0,0.0,0.0,0.0,0.0,133000.0,0.01,113000.0,0.0
YESBANK,2019-12-31 16:10:00,2019-12-26,2019-12-19,2019-12-19,Employees/Designated Employees,Market Sale,Sell,Equity Shares,25000.0,0.0,0.0,0.0,0.0,41500.0,0.0,16500.0,0.0
YESBANK,2019-12-31 16:10:00,2019-12-26,2019-12-18,2019-12-18,Employees/Designated Employees,Market Sale,Sell,Equity Shares,31000.0,0.0,0.0,0.0,0.0,72500.0,0.0,41500.0,0.0
YESBANK,2019-12-31 16:10:00,2019-12-26,2019-12-23,2019-12-23,Employees/Designated Employees,Market Sale,Sell,Equity Shares,2000.0,0.0,0.0,0.0,0.0,135000.0,0.01,133000.0,0.01
YESBANK,2020-01-02 12:54:00,2019-12-31,2019-10-03,2019-10-03,Employees/Designated Employees,Pledge Creation,Pledge,Equity Shares,12000.0,0.0,0.0,0.0,0.0,67250.0,0.0,67250.0,0.0
YESBANK,2020-01-02 12:54:00,2019-12-31,2019-12-27,2019-12-27,Employees/Designated Employees,Revokation of Pledge,Pledge Revoke,Equity Shares,17000.0,0.0,0.0,0.0,0.0,67250.0,0.0,67250.0,0.0
YESBANK,2020-01-02 12:54:00,2019-12-31,2019-12-31,2019-12-31,Employees/Designated Employees,Revokation of Pledge,Pledge Revoke,Equity Shares,50000.0,0.0,0.0,0.0,0.0,105500.0,0.0,105500.0,0.0
YESBANK,2020-01-02 12:54:00,2019-12-31,2019-12-31,2019-12-31,Employees/Designated Employees,Market Sale,Sell,Equity Shares,100000.0,0.0,0.0,0.0,0.0,868000.0,0.04,768000.0,0.03
YESBANK,2020-01-02 12:54:00,2019-12-31,2019-12-30,2019-12-30,Employees/Designated Employees,Market Sale,Sell,Equity Shares,53500.0,0.0,0.0,0.0,0.0,113500.0,0.0,60000.0,0.0
YESBANK,2020-01-02 12:54:00,2019-12-31,2019-12-31,2019-12-31,Employees/Designated Employees,Market Sale,Sell,Equity Shares,58500.0,0.0,0.0,0.0,0.0,60000.0,0.0,1500.0,0.0
YESBANK,2020-01-02 12:54:00,2019-12-31,2019-12-31,2019-12-31,Employees/Designated Employees,Market Sale,Sell,Equity Shares,130000.0,0.0,0.0,0.0,0.0,277000.0,0.01,147000.0,0.01
YESBANK,2020-01-02 12:54:00,2020-01-01,2019-12-30,2019-12-30,Employees/Designated Employees,Market Sale,Sell,Equity Shares,75000.0,0.0,0.0,0.0,0.0,1330500.0,0.06,1255500.0,0.05
YESBANK,2020-01-02 12:54:00,2020-01-01,2019-12-31,2019-12-31,Employees/Designated Employees,Market Sale,Sell,Equity Shares,75000.0,0.0,0.0,0.0,0.0,1255500.0,0.05,1180500.0,0.05
YESBANK,2020-01-02 12:54:00,2019-12-31,2019-12-30,2019-12-30,Employees/Designated Employees,Market Sale,Sell,Equity Shares,1070000.0,0.0,0.0,0.0,0.0,1938000.0,0.08,868000.0,0.04
YESBANK,2020-01-02 12:54:00,2019-12-31,2019-12-31,2019-12-31,Employees/Designated Employees,Market Sale,Sell,Equity Shares,50000.0,0.0,0.0,0.0,0.0,105500.0,0.0,55500.0,0.0
YESBANK,2020-01-03 17:34:00,2020-01-02,2019-12-31,2019-12-31,Employees/Designated Employees,Market Sale,Sell,Equity Shares,405050.0,0.0,0.0,0.0,0.0,405285.0,0.02,235.0,0.0
YESBANK,2020-01-07 14:45:00,2020-01-03,2019-08-13,2019-08-13,Employees/Designated Employees,Revokation of Pledge,Pledge Revoke,Equity Shares,18000.0,0.0,0.0,0.0,0.0,105500.0,0.0,105500.0,0.0
YESBANK,2020-01-07 14:45:00,2020-01-03,2019-08-13,2019-08-13,Employees/Designated Employees,Revokation of Pledge,Pledge Revoke,Equity Shares,87500.0,0.0,0.0,0.0,0.0,105500.0,0.0,105500.0,0.0
YESBANK,2020-01-15 16:11:00,2020-01-13,2019-12-30,2019-12-30,Employees/Designated Employees,Market Sale,Sell,Equity Shares,30000.0,0.0,0.0,0.0,0.0,375000.0,0.02,345000.0,0.01
YESBANK,2020-01-15 16:11:00,2020-01-13,2019-12-31,2019-12-31,Employees/Designated Employees,Market Sale,Sell,Equity Shares,60000.0,0.0,0.0,0.0,0.0,345000.0,0.01,285000.0,0.01
YESBANK,2020-02-24 12:00:00,2020-02-20,2020-02-19,2020-02-19,Employees/Designated Employees,Revokation of Pledge,Pledge Revoke,Equity Shares,105000.0,0.0,0.0,0.0,0.0,105000.0,0.0,105000.0,0.0
YESBANK,2020-03-03 18:44:00,2020-02-29,2019-12-24,2019-12-24,Employees/Designated Employees,Market Sale,Sell,Equity Shares,18000.0,0.0,0.0,0.0,0.0,113000.0,0.0,95000.0,0.0
YESBANK,2020-03-03 18:44:00,2020-02-29,2019-12-24,2019-12-24,Employees/Designated Employees,Revokation of Pledge,Pledge Revoke,Equity Shares,79250.0,0.0,0.0,0.0,0.0,95000.0,0.0,95000.0,0.0
YESBANK,2020-03-18 19:05:00,2020-03-18,2020-03-06,2020-03-06,Promoters,Revokation of Pledge,Pledge Invoke,Equity Shares,2500000.0,0.0,0.0,0.0,0.0,175275000.0,6.87,172775000.0,6.77
YESBANK,2020-03-19 12:19:00,2020-03-18,2020-03-16,2020-03-16,Employees/Designated Employees,Revokation of Pledge,Pledge Revoke,Equity Shares,32787.0,0.0,0.0,0.0,0.0,44687.0,0.0,44687.0,0.0
YESBANK,2020-03-19 12:19:00,2020-03-18,2020-03-06,2020-03-06,Employees/Designated Employees,Invocation of pledge,Pledge Invoke,Equity Shares,4213.0,0.0,0.0,0.0,0.0,48900.0,0.0,44687.0,0.0
YESBANK,2020-03-19 12:19:00,2020-03-18,2020-03-18,2020-03-18,Employees/Designated Employees,Market Sale,Sell,Equity Shares,5000.0,0.0,0.0,0.0,0.0,91500.0,0.0,86500.0,0.0
YESBANK,2020-03-19 12:19:00,2020-03-18,2020-03-17,2020-03-17,Employees/Designated Employees,Market Sale,Sell,Equity Shares,13500.0,0.0,0.0,0.0,0.0,105000.0,0.0,91500.0,0.0
YESBANK,2020-03-19 12:19:00,2020-03-18,2020-03-17,2020-03-17,Employees/Designated Employees,Revokation of Pledge,Pledge Revoke,Equity Shares,15437.0,0.0,0.0,0.0,0.0,130875.0,0.01,130875.0,0.01
YESBANK,2020-03-19 12:19:00,2020-03-18,2020-03-18,2020-03-18,Employees/Designated Employees,Market Sale,Sell,Equity Shares,17281.0,0.0,0.0,0.0,0.0,130875.0,0.01,113594.0,0.0
YESBANK,2020-03-19 12:19:00,2020-03-18,2020-03-18,2020-03-18,Employees/Designated Employees,Market Sale,Sell,Equity Shares,48800.0,0.0,0.0,0.0,0.0,195250.0,0.01,146450.0,0.01
YESBANK,2020-03-20 16:35:00,2020-03-19,2020-03-18,2020-03-18,Employees/Designated Employees,Market Sale,Sell,Equity Shares,155000.0,0.0,0.0,0.0,0.0,633500.0,0.0,478500.0,0.0
YESBANK,2020-03-20 16:35:00,2020-03-19,2020-03-18,2020-03-18,Employees/Designated Employees,Market Sale,Sell,Equity Shares,30000.0,0.0,0.0,0.0,0.0,217000.0,0.01,187000.0,0.01
YESBANK,2020-03-20 16:35:00,2020-03-19,2020-03-17,2020-03-17,Employees/Designated Employees,Revokation of Pledge,Pledge Revoke,Equity Shares,38076.0,0.0,0.0,0.0,0.0,40126.0,0.0,40126.0,0.0
YESBANK,2020-03-20 16:35:00,2020-03-19,2020-03-17,2020-03-17,Employees/Designated Employees,Market Sale,Sell,Equity Shares,500.0,0.0,0.0,0.0,0.0,40626.0,0.0,40126.0,0.0
YESBANK,2020-03-20 16:35:00,2020-03-19,2020-03-18,2020-03-19,Employees/Designated Employees,Market Sale,Sell,Equity Shares,230875.0,0.0,0.0,0.0,0.0,1063517.0,0.01,832642.0,0.0
YESBANK,2020-03-20 18:41:00,2020-03-20,2020-03-19,2020-03-19,Promoters,Market Sale,Sell,Equity Shares,1450000.0,0.0,0.0,0.0,0.0,147975000.0,1.17,146525000.0,1.16
YESBANK,2020-03-20 18:41:00,2020-03-20,2020-03-18,2020-03-18,Promoters,Market Sale,Sell,Equity Shares,24800000.0,0.0,0.0,0.0,0.0,172775000.0,1.38,147975000.0,1.17
YESBANK,2020-03-23 18:36:00,2020-03-20,2020-03-18,2020-03-18,Employees/Designated Employees,Market Sale,Sell,Equity Shares,24000.0,0.0,0.0,0.0,0.0,768000.0,0.03,744000.0,0.03
YESBANK,2020-03-23 18:36:00,2020-03-20,2020-03-19,2020-03-19,Employees/Designated Employees,Market Sale,Sell,Equity Shares,46000.0,0.0,0.0,0.0,0.0,744000.0,0.03,698000.0,0.03
YESBANK,2020-03-23 18:36:00,2020-03-20,2020-03-18,2020-03-18,Employees/Designated Employees,Market Sale,Sell,Equity Shares,10000.0,0.0,0.0,0.0,0.0,209080.0,0.01,199080.0,0.01
YESBANK,2020-03-23 18:36:00,2020-03-20,2020-03-19,2020-03-19,Employees/Designated Employees,Market Sale,Sell,Equity Shares,41000.0,0.0,0.0,0.0,0.0,199080.0,0.01,158080.0,0.01
YESBANK,2020-03-24 19:20:00,2020-03-24,2020-03-23,2020-03-23,Employees/Designated Employees,Market Sale,Sell,Equity Shares,40000.0,0.0,0.0,0.0,0.0,1586422.0,0.01,1546422.0,0.01
YESBANK,2020-03-26 17:27:00,2020-03-23,2020-03-23,2020-03-23,Employees/Designated Employees,Market Sale,Sell,Equity Shares,12000.0,0.0,0.0,0.0,0.0,680000.0,0.03,668000.0,0.03
YESBANK,2020-03-26 17:27:00,2020-03-23,2020-03-20,2020-03-20,Employees/Designated Employees,Market Sale,Sell,Equity Shares,18000.0,0.0,0.0,0.0,0.0,698000.0,0.03,680000.0,0.03
YESBANK,2020-05-04 19:46:00,2020-04-30,2019-07-11,2019-07-11,Employees/Designated Employees,Revokation of Pledge,Pledge Revoke,Equity Shares,80000.0,0.0,0.0,0.0,0.0,110000.0,0.0,110000.0,0.0
YESBANK,2020-05-20 19:21:00,2020-05-20,2020-03-06,2020-03-06,Employees/Designated Employees,Invocation of pledge,Pledge Invoke,Equity Shares,317500.0,0.0,0.0,0.0,0.0,321250.0,0.01,3750.0,0.0
YESBANK,2020-05-20 19:21:00,2020-05-20,2020-03-18,2020-03-18,Employees/Designated Employees,Market Purchase,Buy,Equity Shares,10000.0,0.0,0.0,0.0,0.0,57250.0,0.0,67250.0,0.0
YESBANK,2020-05-20 19:21:00,2020-05-20,2020-03-18,2020-03-18,Employees/Designated Employees,Market Sale,Sell,Equity Shares,10000.0,0.0,0.0,0.0,0.0,67250.0,0.0,57250.0,0.0
YESBANK,2020-06-03 16:03:00,2020-06-03,2020-06-03,2020-06-03,Employees/Designated Employees,Market Sale,Sell,Equity Shares,59500.0,0.0,0.0,0.0,0.0,238250.0,0.01,178750.0,0.01
YESBANK,2020-06-03 16:03:00,2020-06-03,2020-03-09,2020-03-09,Employees/Designated Employees,Invocation of pledge,Pledge Invoke,Equity Shares,145000.0,0.0,0.0,0.0,0.0,185500.0,0.0,40500.0,0.0
YESBANK,2020-06-03 16:03:00,2020-06-03,2019-06-13,2019-06-13,Employees/Designated Employees,Pledge Creation,Pledge,Equity Shares,38500.0,0.0,0.0,0.0,0.0,195000.0,0.0,195000.0,0.0
YESBANK,2020-06-03 19:58:00,2020-06-03,2020-06-01,2020-06-01,Employees/Designated Employees,Market Sale,Sell,Equity Shares,50000.0,0.0,0.0,0.0,0.0,285000.0,0.01,235000.0,0.01
YESBANK,2020-06-29 15:18:00,2020-06-29,2020-06-26,2020-06-26,Employees/Designated Employees,Market Sale,Sell,Equity Shares,200000.0,0.0,0.0,0.0,0.0,1180500.0,0.0,980500.0,0.0
YESBANK,2020-06-29 16:03:00,2020-06-29,2020-06-23,2020-06-24,-,Market Sale,Sell,Equity Shares,80000.0,0.0,0.0,0.0,0.0,320000.0,0.0,240000.0,0.0
YESBANK,2020-07-01 11:24:00,2020-06-30,2020-06-30,2020-06-30,Employees/Designated Employees,Market Sale,Sell,Equity Shares,40662.0,0.0,0.0,0.0,0.0,162650.0,0.0,121988.0,0.0
YESBANK,2020-07-28 17:38:00,2020-07-27,2020-07-24,2020-07-24,Director,Others,Buy,Equity Shares,192000.0,0.0,0.0,0.0,0.0,,0.0,192000.0,0.0
YESBANK,2020-07-28 21:36:00,2020-07-27,2020-07-24,2020-07-24,Employees/Designated Employees,Others,Buy,Equity Shares,1000000.0,0.0,0.0,0.0,0.0,832642.0,0.0,1832642.0,0.0
YESBANK,2020-07-28 21:36:00,2020-07-27,2020-07-24,2020-07-24,Employees/Designated Employees,Others,Buy,Equity Shares,100000.0,0.0,0.0,0.0,0.0,16500.0,0.0,116500.0,0.0
YESBANK,2020-07-28 21:36:00,2020-07-28,2020-07-24,2020-07-24,Employees/Designated Employees,Others,Buy,Equity Shares,4166000.0,0.0,0.0,0.0,0.0,43000.0,0.0,4209000.0,0.01
YESBANK,2020-07-28 21:36:00,2020-07-27,2020-07-24,2020-07-24,Immediate relative,Others,Buy,Equity Shares,76000.0,0.0,0.0,0.0,0.0,,0.0,76000.0,0.0
YESBANK,2020-07-29 12:56:00,2020-07-27,2020-07-24,2020-07-24,Employees/Designated Employees,Others,Buy,Equity Shares,41000.0,0.0,0.0,0.0,0.0,235000.0,0.0,276000.0,0.0
YESBANK,2020-07-29 12:56:00,2020-07-27,2020-07-24,2020-07-24,Employees/Designated Employees,Others,Buy,Equity Shares,114000.0,0.0,0.0,0.0,0.0,276000.0,0.0,390000.0,0.0
YESBANK,2020-07-29 12:56:00,2020-07-27,2020-07-24,2020-07-24,Employees/Designated Employees,Others,Buy,Equity Shares,45000.0,0.0,0.0,0.0,0.0,80250.0,0.0,125250.0,0.0
YESBANK,2020-07-29 12:56:00,2020-07-27,2020-07-24,2020-07-24,Employees/Designated Employees,Others,Buy,Equity Shares,50000.0,0.0,0.0,0.0,0.0,125250.0,0.0,175250.0,0.0
YESBANK,2020-07-29 12:56:00,2020-07-27,2019-07-16,2019-07-16,Employees/Designated Employees,Revokation of Pledge,Pledge Revoke,Equity Shares,80000.0,0.0,0.0,0.0,0.0,80500.0,0.0,80500.0,0.0
YESBANK,2020-07-29 12:56:00,2020-07-27,2020-07-24,2020-07-24,Employees/Designated Employees,Others,Buy,Equity Shares,41000.0,0.0,0.0,0.0,0.0,80500.0,0.0,121500.0,0.0
YESBANK,2020-07-29 12:56:00,2020-07-27,2020-07-24,2020-07-24,Employees/Designated Employees,Others,Buy,Equity Shares,425000.0,0.0,0.0,0.0,0.0,121500.0,0.0,546500.0,0.0
YESBANK,2020-07-29 12:56:00,2020-07-27,2020-07-24,2020-07-24,Employees/Designated Employees,Others,Buy,Equity Shares,41000.0,0.0,0.0,0.0,0.0,158080.0,0.0,199080.0,0.0
YESBANK,2020-07-29 12:56:00,2020-07-27,2020-07-24,2020-07-24,Employees/Designated Employees,Others,Buy,Equity Shares,15000.0,0.0,0.0,0.0,0.0,199080.0,0.0,214080.0,0.0
YESBANK,2020-07-29 12:56:00,2020-07-27,2020-07-24,2020-07-24,Immediate relative,Others,Buy,Equity Shares,62000.0,0.0,0.0,0.0,0.0,,0.0,62000.0,0.0
YESBANK,2020-07-29 12:56:00,2020-07-27,2020-07-24,2020-07-24,Employees/Designated Employees,Others,Buy,Equity Shares,41000.0,0.0,0.0,0.0,0.0,651000.0,0.0,692000.0,0.0
YESBANK,2020-07-29 12:56:00,2020-07-27,2020-07-24,2020-07-24,Employees/Designated Employees,Others,Buy,Equity Shares,200000.0,0.0,0.0,0.0,0.0,692000.0,0.0,892000.0,0.0
YESBANK,2020-07-29 12:56:00,2020-07-27,2020-07-24,2020-07-24,Employees/Designated Employees,Others,Buy,Equity Shares,41000.0,0.0,0.0,0.0,0.0,24000.0,0.0,65000.0,0.0
YESBANK,2020-07-29 12:56:00,2020-07-27,2020-07-24,2020-07-24,Employees/Designated Employees,Others,Buy,Equity Shares,83000.0,0.0,0.0,0.0,0.0,65000.0,0.0,148000.0,0.0
YESBANK,2020-07-29 12:56:00,2020-07-27,2020-07-24,2020-07-24,Employees/Designated Employees,Others,Buy,Equity Shares,45000.0,0.0,0.0,0.0,0.0,15000.0,0.0,60000.0,0.0
YESBANK,2020-07-29 12:56:00,2020-07-27,2020-07-24,2020-07-24,Employees/Designated Employees,Others,Buy,Equity Shares,1500000.0,0.0,0.0,0.0,0.0,60000.0,0.0,1560000.0,0.0
YESBANK,2020-07-29 12:56:00,2020-07-27,2020-07-24,2020-07-24,Employees/Designated Employees,Others,Buy,Equity Shares,45000.0,0.0,0.0,0.0,0.0,35000.0,0.0,80000.0,0.0
YESBANK,2020-07-29 12:56:00,2020-07-27,2020-07-24,2020-07-24,Employees/Designated Employees,Others,Buy,Equity Shares,175000.0,0.0,0.0,0.0,0.0,80000.0,0.0,255000.0,0.0
YESBANK,2020-07-29 12:56:00,2020-07-27,2020-07-24,2020-07-24,Employees/Designated Employees,Others,Buy,Equity Shares,41000.0,0.0,0.0,0.0,0.0,,0.0,41000.0,0.0
YESBANK,2020-07-29 12:56:00,2020-07-27,2020-07-24,2020-07-24,Employees/Designated Employees,Others,Buy,Equity Shares,450000.0,0.0,0.0,0.0,0.0,41000.0,0.0,491000.0,0.0
YESBANK,2020-07-29 12:56:00,2020-07-27,2020-07-24,2020-07-24,Immediate relative,Others,Buy,Equity Shares,461000.0,0.0,0.0,0.0,0.0,,0.0,461000.0,0.0
YESBANK,2020-07-29 12:56:00,2020-07-28,2020-07-24,2020-07-24,Employees/Designated Employees,Others,Buy,Equity Shares,45000.0,0.0,0.0,0.0,0.0,275000.0,0.0,320000.0,0.0
YESBANK,2020-07-29 12:56:00,2020-07-27,2020-07-24,2020-07-24,Employees/Designated Employees,Others,Buy,Equity Shares,400000.0,0.0,0.0,0.0,0.0,45000.0,0.0,445000.0,0.0
YESBANK,2020-07-29 12:56:00,2020-07-28,2020-07-24,2020-07-24,Employees/Designated Employees,Others,Buy,Equity Shares,45000.0,0.0,0.0,0.0,0.0,,0.0,45000.0,0.0
YESBANK,2020-07-29 12:56:00,2020-07-28,2020-07-24,2020-07-24,Employees/Designated Employees,Others,Buy,Equity Shares,375000.0,0.0,0.0,0.0,0.0,45000.0,0.0,420000.0,0.0
YESBANK,2020-07-29 12:56:00,2020-07-27,2020-07-24,2020-07-24,Employees/Designated Employees,Others,Buy,Equity Shares,75000.0,0.0,0.0,0.0,0.0,174050.0,0.0,249050.0,0.0
YESBANK,2020-07-29 12:56:00,2020-07-27,2020-07-24,2020-07-24,Employees/Designated Employees,Others,Buy,Equity Shares,41000.0,0.0,0.0,0.0,0.0,249050.0,0.0,290050.0,0.0
YESBANK,2020-07-29 12:56:00,2020-07-28,2020-07-24,2020-07-24,Employees/Designated Employees,Others,Buy,Equity Shares,192000.0,0.0,0.0,0.0,0.0,,0.0,192000.0,0.0
YESBANK,2020-07-29 12:56:00,2020-07-27,2020-07-24,2020-07-24,Employees/Designated Employees,Others,Buy,Equity Shares,44000.0,0.0,0.0,0.0,0.0,25500.0,0.0,69500.0,0.0
YESBANK,2020-07-29 12:56:00,2020-07-27,2020-07-24,2020-07-24,Employees/Designated Employees,Others,Buy,Equity Shares,153000.0,0.0,0.0,0.0,0.0,69500.0,0.0,222500.0,0.0
YESBANK,2020-07-29 12:56:00,2020-07-27,2020-07-24,2020-07-24,Employees/Designated Employees,Others,Buy,Equity Shares,375000.0,0.0,0.0,0.0,0.0,,0.0,375000.0,0.0
YESBANK,2020-07-29 12:56:00,2020-07-27,2020-07-24,2020-07-24,Employees/Designated Employees,Others,Buy,Equity Shares,133000.0,0.0,0.0,0.0,0.0,34626.0,0.0,167626.0,0.0
YESBANK,2020-07-29 12:56:00,2020-07-27,2020-07-24,2020-07-24,Employees/Designated Employees,Others,Buy,Equity Shares,464000.0,0.0,0.0,0.0,0.0,49250.0,0.0,513250.0,0.0
YESBANK,2020-07-29 12:56:00,2020-07-27,2020-07-24,2020-07-24,Employees/Designated Employees,Others,Buy,Equity Shares,38000.0,0.0,0.0,0.0,0.0,11250.0,0.0,49250.0,0.0
YESBANK,2020-07-29 12:56:00,2020-07-27,2020-07-24,2020-07-24,Employees/Designated Employees,Others,Buy,Equity Shares,45000.0,0.0,0.0,0.0,0.0,,0.0,45000.0,0.0
YESBANK,2020-07-29 12:56:00,2020-07-27,2020-07-24,2020-07-24,Employees/Designated Employees,Others,Buy,Equity Shares,70000.0,0.0,0.0,0.0,0.0,45000.0,0.0,115000.0,0.0
YESBANK,2020-07-29 12:56:00,2020-07-28,2020-07-24,2020-07-24,Employees/Designated Employees,Others,Buy,Equity Shares,40000.0,0.0,0.0,0.0,0.0,320000.0,0.0,360000.0,0.0
YESBANK,2020-07-29 12:56:00,2020-07-28,2020-07-24,2020-07-24,Immediate relative,Others,Buy,Equity Shares,15000.0,0.0,0.0,0.0,0.0,,0.0,15000.0,0.0
YESBANK,2020-07-29 12:56:00,2020-07-27,2020-07-24,2020-07-24,Employees/Designated Employees,Others,Buy,Equity Shares,38000.0,0.0,0.0,0.0,0.0,72500.0,0.0,110500.0,0.0
YESBANK,2020-07-29 12:56:00,2020-07-27,2020-07-24,2020-07-24,Employees/Designated Employees,Others,Buy,Equity Shares,200000.0,0.0,0.0,0.0,0.0,110500.0,0.0,310500.0,0.0
YESBANK,2020-07-29 12:56:00,2020-07-27,2020-07-24,2020-07-24,Employees/Designated Employees,Others,Buy,Equity Shares,44000.0,0.0,0.0,0.0,0.0,55500.0,0.0,99500.0,0.0
YESBANK,2020-07-29 12:56:00,2020-07-27,2020-07-24,2020-07-24,Employees/Designated Employees,Others,Buy,Equity Shares,500000.0,0.0,0.0,0.0,0.0,99500.0,0.0,599500.0,0.0
YESBANK,2020-07-29 12:56:00,2020-07-27,2020-07-24,2020-07-24,Employees/Designated Employees,Others,Buy,Equity Shares,50000.0,0.0,0.0,0.0,0.0,117935.0,0.0,167935.0,0.0
YESBANK,2020-07-29 12:56:00,2020-07-27,2020-07-24,2020-07-24,Employees/Designated Employees,Others,Buy,Equity Shares,45000.0,0.0,0.0,0.0,0.0,167935.0,0.0,212935.0,0.0
YESBANK,2020-07-29 12:56:00,2020-07-27,2020-07-24,2020-07-24,Employees/Designated Employees,Others,Buy,Equity Shares,385000.0,0.0,0.0,0.0,0.0,50000.0,0.0,435000.0,0.0
YESBANK,2020-07-29 12:56:00,2020-07-27,2020-07-24,2020-07-24,Employees/Designated Employees,Others,Buy,Equity Shares,159000.0,0.0,0.0,0.0,0.0,,0.0,159000.0,0.0
YESBANK,2020-07-29 12:56:00,2020-07-27,2020-07-24,2020-07-24,Employees/Designated Employees,Others,Buy,Equity Shares,85000.0,0.0,0.0,0.0,0.0,22500.0,0.0,107500.0,0.0
YESBANK,2020-07-29 12:56:00,2020-07-27,2020-07-24,2020-07-24,Employees/Designated Employees,Others,Buy,Equity Shares,81000.0,0.0,0.0,0.0,0.0,11000.0,0.0,92000.0,0.0
YESBANK,2020-07-29 12:56:00,2020-07-27,2020-07-24,2020-07-24,Employees/Designated Employees,Others,Buy,Equity Shares,41000.0,0.0,0.0,0.0,0.0,92000.0,0.0,133000.0,0.0
YESBANK,2020-07-29 12:56:00,2020-07-27,2020-07-24,2020-07-24,Employees/Designated Employees,Others,Buy,Equity Shares,41000.0,0.0,0.0,0.0,0.0,100000.0,0.0,141000.0,0.0
YESBANK,2020-07-29 12:56:00,2020-07-27,2020-07-24,2020-07-24,Employees/Designated Employees,Others,Buy,Equity Shares,171000.0,0.0,0.0,0.0,0.0,141000.0,0.0,312000.0,0.0
YESBANK,2020-07-29 12:56:00,2020-07-28,2020-07-24,2020-07-24,Employees/Designated Employees,Others,Buy,Equity Shares,44000.0,0.0,0.0,0.0,0.0,16000.0,0.0,60000.0,0.0
YESBANK,2020-07-29 12:56:00,2020-07-28,2020-07-24,2020-07-24,Employees/Designated Employees,Others,Buy,Equity Shares,116000.0,0.0,0.0,0.0,0.0,60000.0,0.0,176000.0,0.0
YESBANK,2020-07-29 12:56:00,2020-07-25,2020-07-24,2020-07-24,Employees/Designated Employees,Others,Buy,Equity Shares,44000.0,0.0,0.0,0.0,0.0,117380.0,0.0,161380.0,0.0
YESBANK,2020-07-29 12:56:00,2020-07-25,2020-07-24,2020-07-24,Employees/Designated Employees,Others,Buy,Equity Shares,77000.0,0.0,0.0,0.0,0.0,161380.0,0.0,238380.0,0.0
YESBANK,2020-07-29 12:56:00,2020-07-27,2020-07-24,2020-07-24,Employees/Designated Employees,Others,Buy,Equity Shares,110000.0,0.0,0.0,0.0,0.0,46000.0,0.0,156000.0,0.0
YESBANK,2020-07-29 12:56:00,2020-07-27,2020-07-24,2020-07-24,Employees/Designated Employees,Others,Buy,Equity Shares,375000.0,0.0,0.0,0.0,0.0,24308.0,0.0,399308.0,0.0
YESBANK,2020-07-29 12:56:00,2020-07-27,2020-07-24,2020-07-24,Employees/Designated Employees,Others,Buy,Equity Shares,45000.0,0.0,0.0,0.0,0.0,,0.0,45000.0,0.0
YESBANK,2020-07-29 12:56:00,2020-07-27,2020-07-24,2020-07-24,Employees/Designated Employees,Others,Buy,Equity Shares,309000.0,0.0,0.0,0.0,0.0,,0.0,309000.0,0.0
YESBANK,2020-07-29 12:56:00,2020-07-27,2020-07-24,2020-07-24,Employees/Designated Employees,Others,Buy,Equity Shares,41000.0,0.0,0.0,0.0,0.0,,0.0,41000.0,0.0
YESBANK,2020-07-29 12:56:00,2020-07-27,2020-07-24,2020-07-24,Employees/Designated Employees,Others,Buy,Equity Shares,84000.0,0.0,0.0,0.0,0.0,41000.0,0.0,125000.0,0.0
YESBANK,2020-07-29 12:56:00,2020-07-27,2020-07-24,2020-07-24,Employees/Designated Employees,Others,Buy,Equity Shares,240000.0,0.0,0.0,0.0,0.0,339475.0,0.0,579475.0,0.0
YESBANK,2020-07-29 12:56:00,2020-07-27,2020-07-24,2020-07-24,Employees/Designated Employees,Others,Buy,Equity Shares,300000.0,0.0,0.0,0.0,0.0,110000.0,0.0,410000.0,0.0
YESBANK,2020-07-29 12:56:00,2020-07-27,2020-07-24,2020-07-24,Employees/Designated Employees,Others,Buy,Equity Shares,41000.0,0.0,0.0,0.0,0.0,83550.0,0.0,124550.0,0.0
YESBANK,2020-07-29 12:56:00,2020-07-27,2020-07-24,2020-07-24,Employees/Designated Employees,Others,Buy,Equity Shares,62000.0,0.0,0.0,0.0,0.0,124550.0,0.0,186550.0,0.0
YESBANK,2020-07-29 12:56:00,2020-07-27,2020-07-24,2020-07-24,Employees/Designated Employees,Others,Buy,Equity Shares,41000.0,0.0,0.0,0.0,0.0,40000.0,0.0,81000.0,0.0
YESBANK,2020-07-29 12:56:00,2020-07-27,2020-07-24,2020-07-24,Employees/Designated Employees,Others,Buy,Equity Shares,80000.0,0.0,0.0,0.0,0.0,81000.0,0.0,161000.0,0.0
YESBANK,2020-07-29 12:56:00,2020-07-28,2020-07-24,2020-07-24,Employees/Designated Employees,Others,Buy,Equity Shares,45000.0,0.0,0.0,0.0,0.0,195500.0,0.0,240500.0,0.0
YESBANK,2020-07-29 12:56:00,2020-07-28,2020-07-24,2020-07-24,Employees/Designated Employees,Others,Buy,Equity Shares,625000.0,0.0,0.0,0.0,0.0,240500.0,0.0,865500.0,0.0
YESBANK,2020-07-29 12:56:00,2020-07-27,2020-07-24,2020-07-24,Employees/Designated Employees,Others,Buy,Equity Shares,769000.0,0.0,0.0,0.0,0.0,20000.0,0.0,789000.0,0.0
YESBANK,2020-07-29 12:56:00,2020-07-27,2020-07-24,2020-07-24,Employees/Designated Employees,Others,Buy,Equity Shares,45000.0,0.0,0.0,0.0,0.0,,0.0,45000.0,0.0
YESBANK,2020-07-29 12:56:00,2020-07-27,2020-07-24,2020-07-24,Employees/Designated Employees,Others,Buy,Equity Shares,16000.0,0.0,0.0,0.0,0.0,45000.0,0.0,61000.0,0.0
YESBANK,2020-07-29 12:56:00,2020-07-27,2020-07-24,2020-07-24,Immediate relative,Others,Buy,Equity Shares,82000.0,0.0,0.0,0.0,0.0,,0.0,82000.0,0.0
YESBANK,2020-07-29 12:56:00,2020-07-27,2020-07-24,2020-07-24,Employees/Designated Employees,Others,Buy,Equity Shares,44000.0,0.0,0.0,0.0,0.0,1000.0,0.0,45000.0,0.0
YESBANK,2020-07-29 12:56:00,2020-07-27,2020-07-24,2020-07-24,Employees/Designated Employees,Others,Buy,Equity Shares,1000000.0,0.0,0.0,0.0,0.0,45000.0,0.0,1045000.0,0.0
YESBANK,2020-07-29 12:56:00,2020-07-27,2020-07-24,2020-07-24,Employees/Designated Employees,Others,Buy,Equity Shares,45000.0,0.0,0.0,0.0,0.0,65900.0,0.0,110900.0,0.0
YESBANK,2020-07-29 12:56:00,2020-07-27,2020-07-24,2020-07-24,Employees/Designated Employees,Others,Buy,Equity Shares,500000.0,0.0,0.0,0.0,0.0,110900.0,0.0,610900.0,0.0
YESBANK,2020-07-29 12:56:00,2020-07-27,2020-07-24,2020-07-24,Employees/Designated Employees,Others,Buy,Equity Shares,44000.0,0.0,0.0,0.0,0.0,1500.0,0.0,45500.0,0.0
YESBANK,2020-07-29 12:56:00,2020-07-27,2020-07-24,2020-07-24,Employees/Designated Employees,Others,Buy,Equity Shares,200000.0,0.0,0.0,0.0,0.0,45500.0,0.0,245500.0,0.0
YESBANK,2020-07-29 12:56:00,2020-07-27,2020-07-24,2020-07-24,Employees/Designated Employees,Others,Buy,Equity Shares,45000.0,0.0,0.0,0.0,0.0,,0.0,45000.0,0.0
YESBANK,2020-07-29 12:56:00,2020-07-27,2020-07-24,2020-07-24,Employees/Designated Employees,Others,Buy,Equity Shares,100000.0,0.0,0.0,0.0,0.0,45000.0,0.0,145000.0,0.0
YESBANK,2020-07-29 12:56:00,2020-07-27,2020-07-24,2020-07-24,Employees/Designated Employees,Others,Buy,Equity Shares,41000.0,0.0,0.0,0.0,0.0,,0.0,41000.0,0.0
YESBANK,2020-07-29 12:56:00,2020-07-27,2020-07-24,2020-07-24,Employees/Designated Employees,Others,Buy,Equity Shares,15000.0,0.0,0.0,0.0,0.0,41000.0,0.0,56000.0,0.0
YESBANK,2020-07-29 12:56:00,2020-07-27,2020-07-24,2020-07-24,Immediate relative,Others,Buy,Equity Shares,80000.0,0.0,0.0,0.0,0.0,,0.0,80000.0,0.0
YESBANK,2020-07-31 11:10:00,2020-07-30,2020-06-16,2020-06-16,-,Market Sale,Sell,Equity Shares,4100000.0,0.0,0.0,0.0,0.0,146525000.0,1.16,142425000.0,1.13
YESBANK,2020-07-31 11:10:00,2020-07-30,2020-06-17,2020-06-17,-,Market Sale,Sell,Equity Shares,1050000.0,0.0,0.0,0.0,0.0,142425000.0,1.13,141375000.0,1.12
YESBANK,2020-07-31 11:10:00,2020-07-30,2020-06-18,2020-06-18,-,Market Sale,Sell,Equity Shares,650000.0,0.0,0.0,0.0,0.0,141375000.0,1.12,140725000.0,1.12
YESBANK,2020-07-31 11:10:00,2020-07-30,2020-06-25,2020-06-25,-,Market Sale,Sell,Equity Shares,1541136.0,0.0,0.0,0.0,0.0,140725000.0,1.12,139183864.0,1.1
YESBANK,2020-07-31 11:10:00,2020-07-30,2020-07-24,2020-07-24,-,Others,Buy,Equity Shares,3460000.0,0.0,0.0,0.0,0.0,29496973.0,0.23,32956973.0,0.13
YESBANK,2020-07-31 11:10:00,2020-07-30,2020-07-16,2020-07-16,-,Others,Sell,Equity Shares,1080000.0,0.0,0.0,0.0,0.0,137932000.0,1.09,136852000.0,1.09
YESBANK,2020-07-31 11:10:00,2020-07-30,2020-07-17,2020-07-17,-,Others,Sell,Equity Shares,6400000.0,0.0,0.0,0.0,0.0,136852000.0,1.09,130452000.0,1.03
YESBANK,2020-07-31 11:10:00,2020-07-30,2020-07-15,2020-07-15,-,Others,Sell,Equity Shares,8583052.0,0.0,0.0,0.0,0.0,37215025.0,0.29,28631973.0,0.22
YESBANK,2020-07-31 11:10:00,2020-07-30,2020-07-16,2020-07-16,-,Others,Buy,Equity Shares,865000.0,0.0,0.0,0.0,0.0,28631973.0,0.22,29496973.0,0.23
YESBANK,2020-07-31 11:10:00,2020-07-30,2020-06-30,2020-06-30,-,Market Sale,Sell,Equity Shares,1251864.0,0.0,0.0,0.0,0.0,139183864.0,1.1,137932000.0,1.09
YESBANK,2020-08-02 17:52:00,2020-07-31,2020-07-31,2020-07-31,Employees/Designated Employees,Market Sale,Sell,Equity Shares,345000.0,0.0,0.0,0.0,0.0,445000.0,0.0,100000.0,0.0
YESBANK,2020-08-04 19:20:00,2020-08-04,2020-07-24,2020-07-24,Employees/Designated Employees,Others,Buy,Equity Shares,45000.0,0.0,0.0,0.0,0.0,178750.0,0.0,223750.0,0.0
YESBANK,2020-08-04 19:20:00,2020-08-04,2020-08-04,2020-08-04,Employees/Designated Employees,Market Sale,Sell,Equity Shares,45000.0,0.0,0.0,0.0,0.0,223750.0,0.0,178750.0,0.0
YESBANK,2020-08-07 20:09:00,2020-08-07,2020-08-07,2020-08-07,Employees/Designated Employees,Market Sale,Sell,Equity Shares,105000.0,0.0,0.0,0.0,0.0,105000.0,0.0,,0.0
YESBANK,2020-08-07 20:09:00,2020-08-07,2020-08-06,2020-08-06,Employees/Designated Employees,Market Sale,Sell,Equity Shares,10000.0,0.0,0.0,0.0,0.0,115000.0,0.0,105000.0,0.0
YESBANK,2020-08-07 20:09:00,2020-08-07,2020-08-04,2020-08-04,Immediate relative,Market Sale,Sell,Equity Shares,43000.0,0.0,0.0,0.0,0.0,82000.0,0.0,39000.0,0.0
YESBANK,2020-08-07 20:09:00,2020-08-07,2020-08-06,2020-08-06,Immediate relative,Market Sale,Sell,Equity Shares,5000.0,0.0,0.0,0.0,0.0,39000.0,0.0,34000.0,0.0
YESBANK,2020-08-07 20:09:00,2020-08-07,2020-08-06,2020-08-06,Immediate relative,Market Sale,Sell,Equity Shares,5000.0,0.0,0.0,0.0,0.0,34000.0,0.0,29000.0,0.0
YESBANK,2020-08-07 20:09:00,2020-08-07,2020-08-07,2020-08-07,Immediate relative,Market Sale,Sell,Equity Shares,15000.0,0.0,0.0,0.0,0.0,29000.0,0.0,14000.0,0.0
YESBANK,2020-08-07 20:09:00,2020-08-07,2020-08-07,2020-08-07,Immediate relative,Market Sale,Sell,Equity Shares,14000.0,0.0,0.0,0.0,0.0,14000.0,0.0,,0.0
YESBANK,2020-08-07 20:09:00,2020-08-07,2020-07-24,2020-07-24,Employees/Designated Employees,Others,Buy,Equity Shares,41000.0,0.0,0.0,0.0,0.0,,0.0,41000.0,0.0
YESBANK,2020-08-07 20:09:00,2020-08-07,2020-08-07,2020-08-07,Employees/Designated Employees,Market Sale,Sell,Equity Shares,41000.0,0.0,0.0,0.0,0.0,41000.0,0.0,,0.0
YESBANK,2020-08-11 11:45:00,2020-08-10,2020-08-10,2020-08-10,Employees/Designated Employees,Market Sale,Sell,Equity Shares,56000.0,0.0,0.0,0.0,0.0,56000.0,0.0,,0.0
YESBANK,2020-08-11 11:45:00,2020-08-10,2020-07-24,2020-07-24,Employees/Designated Employees,Others,Buy,Equity Shares,40000.0,0.0,0.0,0.0,0.0,,0.0,40000.0,0.0
YESBANK,2020-08-11 11:45:00,2020-08-10,2020-07-24,2020-07-24,Employees/Designated Employees,Others,Buy,Equity Shares,41000.0,0.0,0.0,0.0,0.0,15000.0,0.0,56000.0,0.0
YESBANK,2020-08-11 11:45:00,2020-08-10,2020-07-24,2020-07-24,Employees/Designated Employees,Others,Buy,Equity Shares,45000.0,0.0,0.0,0.0,0.0,40000.0,0.0,85000.0,0.0
YESBANK,2020-08-11 11:45:00,2020-08-10,2020-08-07,2020-08-07,Employees/Designated Employees,Market Sale,Sell,Equity Shares,45000.0,0.0,0.0,0.0,0.0,85000.0,0.0,40000.0,0.0
YESBANK,2020-08-11 11:45:00,2020-08-10,2020-07-24,2020-07-24,Employees/Designated Employees,Others,Buy,Equity Shares,15000.0,0.0,0.0,0.0,0.0,,0.0,15000.0,0.0
YESBANK,2020-08-14 17:42:00,2020-08-14,2020-08-13,2020-08-13,Employees/Designated Employees,Market Purchase,Buy,Equity Shares,100000.0,0.0,0.0,0.0,0.0,156000.0,0.0,256000.0,0.0
YESBANK,2020-08-19 19:36:00,2020-08-18,2020-08-17,2020-08-17,Employees/Designated Employees,Market Sale,Sell,Equity Shares,400000.0,0.0,0.0,0.0,0.0,491000.0,0.0,91000.0,0.0
YESBANK,2020-08-19 19:36:00,2020-08-18,2020-08-18,2020-08-18,Employees/Designated Employees,Market Sale,Sell,Equity Shares,145000.0,0.0,0.0,0.0,0.0,145000.0,0.0,,0.0
YESBANK,2020-08-21 20:51:00,2020-08-21,2020-08-13,2020-08-13,Immediate relative,Market Purchase,Buy,Equity Shares,15000.0,0.0,0.0,0.0,0.0,135000.0,0.0,150000.0,0.0
YESBANK,2020-08-21 20:51:00,2020-08-21,2020-08-13,2020-08-13,Immediate relative,Market Purchase,Buy,Equity Shares,8100.0,0.0,0.0,0.0,0.0,126900.0,0.0,135000.0,0.0
YESBANK,2020-08-21 20:51:00,2020-08-21,2020-08-13,2020-08-13,Immediate relative,Market Purchase,Buy,Equity Shares,1900.0,0.0,0.0,0.0,0.0,125000.0,0.0,126900.0,0.0
YESBANK,2020-08-21 20:51:00,2020-08-21,2020-08-13,2020-08-13,Immediate relative,Market Purchase,Buy,Equity Shares,25000.0,0.0,0.0,0.0,0.0,100000.0,0.0,125000.0,0.0
YESBANK,2020-08-21 20:51:00,2020-08-21,2020-08-07,2020-08-07,Immediate relative,Market Purchase,Buy,Equity Shares,5200.0,0.0,0.0,0.0,0.0,90000.0,0.0,95200.0,0.0
YESBANK,2020-08-21 20:51:00,2020-08-21,2020-08-07,2020-08-07,Immediate relative,Market Purchase,Buy,Equity Shares,10000.0,0.0,0.0,0.0,0.0,80000.0,0.0,90000.0,0.0
YESBANK,2020-08-21 20:51:00,2020-08-21,2020-08-07,2020-08-07,Immediate relative,Market Purchase,Buy,Equity Shares,4800.0,0.0,0.0,0.0,0.0,95200.0,0.0,100000.0,0.0
YESBANK,2020-09-10 15:19:00,2020-09-09,2020-08-17,2020-08-17,Employees/Designated Employees,Market Sale,Sell,Equity Shares,15000.0,0.0,0.0,0.0,0.0,35000.0,0.0,20000.0,0.0
YESBANK,2020-09-10 15:19:00,2020-09-09,2020-08-18,2020-08-18,Employees/Designated Employees,Market Sale,Sell,Equity Shares,10000.0,0.0,0.0,0.0,0.0,20000.0,0.0,10000.0,0.0
YESBANK,2020-09-10 15:19:00,2020-09-09,2020-08-06,2020-08-06,Employees/Designated Employees,Market Sale,Sell,Equity Shares,2500.0,0.0,0.0,0.0,0.0,45000.0,0.0,42500.0,0.0
YESBANK,2020-09-10 15:19:00,2020-09-09,2020-08-12,2020-08-12,Employees/Designated Employees,Market Sale,Sell,Equity Shares,2095.0,0.0,0.0,0.0,0.0,37095.0,0.0,35000.0,0.0
YESBANK,2020-09-10 15:19:00,2020-09-09,2020-08-12,2020-08-12,Employees/Designated Employees,Market Sale,Sell,Equity Shares,405.0,0.0,0.0,0.0,0.0,37500.0,0.0,37095.0,0.0
YESBANK,2020-09-10 15:19:00,2020-09-09,2020-08-10,2020-08-10,Employees/Designated Employees,Market Sale,Sell,Equity Shares,2500.0,0.0,0.0,0.0,0.0,42500.0,0.0,40000.0,0.0
YESBANK,2020-09-10 15:19:00,2020-09-09,2020-08-11,2020-08-11,Employees/Designated Employees,Market Sale,Sell,Equity Shares,2500.0,0.0,0.0,0.0,0.0,40000.0,0.0,37500.0,0.0
YESBANK,2020-09-10 15:19:00,2020-09-09,2020-07-24,2020-07-24,Employees/Designated Employees,Others,Buy,Equity Shares,45000.0,0.0,0.0,0.0,0.0,,0.0,45000.0,0.0
YESBANK,2020-09-16 21:15:00,2020-09-16,2020-09-16,2020-09-16,Employees/Designated Employees,Market Sale,Sell,Equity Shares,100000.0,0.0,0.0,0.0,0.0,1045000.0,0.0,945000.0,0.0
YESBANK,2020-09-17 19:55:00,2020-09-17,2020-09-17,2020-09-17,Employees/Designated Employees,Market Sale,Sell,Equity Shares,100000.0,0.0,0.0,0.0,0.0,945000.0,0.0,845000.0,0.0
YESBANK,2020-09-25 17:19:00,2020-09-25,2020-07-24,2020-07-24,Immediate relative,Others,Buy,Equity Shares,15000.0,0.0,0.0,0.0,0.0,,0.0,15000.0,0.0
YESBANK,2020-09-25 17:19:00,2020-09-25,2020-09-18,2020-09-18,Employees/Designated Employees,Market Purchase,Buy,Equity Shares,27000.0,0.0,0.0,0.0,0.0,63000.0,0.0,90000.0,0.0
YESBANK,2020-09-25 17:19:00,2020-09-25,2020-07-24,2020-07-24,Employees/Designated Employees,Others,Buy,Equity Shares,41000.0,0.0,0.0,0.0,0.0,22000.0,0.0,63000.0,0.0
YESBANK,2020-09-25 17:19:00,2020-09-25,2020-07-24,2020-07-24,Employees/Designated Employees,Others,Buy,Equity Shares,15000.0,0.0,0.0,0.0,0.0,7000.0,0.0,22000.0,0.0
YESBANK,2020-09-30 16:02:00,2020-09-30,2020-07-24,2020-07-24,Employees/Designated Employees,Others,Buy,Equity Shares,41000.0,0.0,0.0,0.0,0.0,1255.0,0.0,42255.0,0.0
YESBANK,2020-09-30 16:02:00,2020-09-30,2020-07-24,2020-07-24,Employees/Designated Employees,Others,Buy,Equity Shares,42000.0,0.0,0.0,0.0,0.0,42255.0,0.0,84255.0,0.0
YESBANK,2020-09-30 16:02:00,2020-09-30,2020-09-29,2020-09-29,Employees/Designated Employees,Market Sale,Sell,Equity Shares,83000.0,0.0,0.0,0.0,0.0,84255.0,0.0,1255.0,0.0
YESBANK,2020-10-05 17:24:00,2020-10-03,2020-09-29,2020-09-29,Employees/Designated Employees,Market Purchase,Buy,Equity Shares,150000.0,0.0,0.0,0.0,0.0,1429000.0,0.01,1579000.0,0.01
YESBANK,2020-10-05 17:24:00,2020-10-03,2020-07-24,2020-07-24,Immediate relative,Others,Buy,Equity Shares,15000.0,0.0,0.0,0.0,0.0,,0.0,15000.0,0.0
YESBANK,2020-10-05 17:24:00,2020-10-03,2020-09-28,2020-09-28,Employees/Designated Employees,Market Purchase,Buy,Equity Shares,600000.0,0.0,0.0,0.0,0.0,829000.0,0.0,1429000.0,0.01
YESBANK,2020-10-05 17:24:00,2020-10-03,2020-07-24,2020-07-24,Immediate relative,Others,Buy,Equity Shares,15000.0,0.0,0.0,0.0,0.0,,0.0,15000.0,0.0
YESBANK,2020-10-05 17:24:00,2020-10-03,2020-07-24,2020-07-24,Employees/Designated Employees,Others,Buy,Equity Shares,40000.0,0.0,0.0,0.0,0.0,789000.0,0.0,829000.0,0.0
YESBANK,2020-10-28 11:20:00,2020-10-27,2019-06-17,2019-06-17,Employees/Designated Employees,Off Market,Pledge Revoke,Equity Shares,34060.0,0.0,0.0,0.0,0.0,34150.0,0.0,34150.0,0.0
YESBANK,2020-11-06 11:34:00,2020-11-05,2020-11-05,2020-11-05,Employees/Designated Employees,Market Sale,Sell,Equity Shares,375000.0,0.0,0.0,0.0,0.0,420000.0,0.0,45000.0,0.0
YESBANK,2020-11-06 11:34:00,2020-11-05,2020-11-03,2020-11-03,Immediate relative,Market Sale,Sell,Equity Shares,461000.0,0.0,0.0,0.0,0.0,461000.0,0.0,,0.0
YESBANK,2020-11-06 17:45:00,2020-11-06,2020-11-06,2020-11-06,Employees/Designated Employees,Market Sale,Sell,Equity Shares,50000.0,0.0,0.0,0.0,0.0,755000.0,0.0,705000.0,0.0
YESBANK,2020-11-06 17:45:00,2020-11-06,2020-10-30,2020-10-30,Employees/Designated Employees,Market Sale,Sell,Equity Shares,50000.0,0.0,0.0,0.0,0.0,805000.0,0.0,755000.0,0.0
YESBANK,2020-11-09 16:39:00,2020-11-09,2020-11-09,2020-11-09,Employees/Designated Employees,Market Sale,Sell,Equity Shares,250000.0,0.0,0.0,0.0,0.0,705000.0,0.0,455000.0,0.0
YESBANK,2020-12-16 10:56:00,2020-12-15,2020-08-28,2020-08-28,Employees/Designated Employees,Market Purchase,Buy,Equity Shares,20000.0,0.0,0.0,0.0,0.0,121301.0,0.0,141301.0,0.0
YESBANK,2020-12-16 10:56:00,2020-12-15,2020-08-13,2020-08-13,Immediate relative,Market Purchase,Buy,Equity Shares,14000.0,0.0,0.0,0.0,0.0,3065.0,0.0,17065.0,0.0
YESBANK,2020-12-16 10:56:00,2020-12-15,2020-08-12,2020-08-12,Employees/Designated Employees,Market Purchase,Buy,Equity Shares,20000.0,0.0,0.0,0.0,0.0,101301.0,0.0,121301.0,0.0
YESBANK,2020-12-16 10:56:00,2020-12-15,2020-07-24,2020-07-24,Employees/Designated Employees,Others,Buy,Equity Shares,38000.0,0.0,0.0,0.0,0.0,63301.0,0.0,101301.0,0.0
YESBANK,2020-12-23 17:28:00,2020-12-23,2020-12-22,2020-12-22,Employees/Designated Employees,Market Sale,Sell,Equity Shares,466812.0,0.0,0.0,0.0,0.0,513250.0,0.0,46438.0,0.0
YESBANK,2021-01-12 17:48:00,2021-01-11,2020-07-24,2020-07-24,Immediate relative,Others,Buy,Equity Shares,500000.0,0.0,0.0,0.0,0.0,,0.0,500000.0,0.0
YESBANK,2021-01-12 17:48:00,2021-01-11,2020-07-24,2020-07-24,Employees/Designated Employees,Others,Buy,Equity Shares,41000.0,0.0,0.0,0.0,0.0,5000.0,0.0,46000.0,0.0
YESBANK,2021-02-24 15:02:00,2019-06-11,2019-06-06,2019-06-06,Employees/Designated Employees,Market Sale,Sell,Equity Shares,10000.0,0.0,0.0,0.0,0.0,44000.0,0.0,34000.0,0.0
YESBANK,2021-02-24 15:02:00,2021-02-23,2019-04-09,2019-04-09,Employees/Designated Employees,ESOP,Buy,Equity Shares,13000.0,0.0,0.0,0.0,0.0,49500.0,0.0,62500.0,0.0
YESBANK,2021-02-24 15:02:00,2021-02-23,2018-09-24,2018-09-24,Immediate relative,Pledge Creation,Pledge,Equity Shares,24000.0,0.0,0.0,0.0,0.0,24000.0,0.0,24000.0,0.0
YESBANK,2021-02-24 15:02:00,2021-02-23,2019-07-08,2019-07-08,Immediate relative,Invocation of pledge,Pledge Invoke,Equity Shares,9389.0,0.0,0.0,0.0,0.0,19000.0,0.0,9611.0,0.0
YESBANK,2021-02-24 15:02:00,2021-02-23,2019-08-23,2019-08-23,Immediate relative,Invocation of pledge,Pledge Invoke,Equity Shares,4449.0,0.0,0.0,0.0,0.0,9611.0,0.0,5162.0,0.0
YESBANK,2021-03-26 16:59:00,2021-03-24,2021-03-16,2021-03-16,-,Market Sale,Sell,Equity Shares,59050.0,0.0,0.0,0.0,0.0,68200.0,0.0,9150.0,0.0
YESBANK,2021-03-26 16:59:00,2021-03-24,2021-03-16,2021-03-16,Immediate relative,Market Sale,Sell,Equity Shares,15000.0,0.0,0.0,0.0,0.0,15200.0,0.0,200.0,0.0
YESBANK,2021-03-31 19:40:00,2021-03-31,2021-03-31,2021-03-31,-,Market Sale,Sell,Equity Shares,10000.0,0.0,0.0,0.0,0.0,83000.0,0.0,73000.0,0.0
YESBANK,2021-03-31 19:40:00,2021-03-31,2021-03-30,2021-03-30,-,Market Sale,Sell,Equity Shares,65000.0,0.0,0.0,0.0,0.0,148000.0,0.0,83000.0,0.0
YESBANK,2021-05-03 20:13:00,2021-04-29,2019-05-15,2019-05-15,Immediate relative,Market Purchase,Buy,Equity Shares,5000.0,0.0,0.0,0.0,0.0,15000.0,0.0,20000.0,0.0
YESBANK,2021-05-03 20:13:00,2021-04-29,2019-04-30,2019-04-30,Immediate relative,Market Purchase,Buy,Equity Shares,10000.0,0.0,0.0,0.0,0.0,,0.0,10000.0,0.0
YESBANK,2021-05-03 20:13:00,2021-04-29,2019-05-02,2019-05-02,Immediate relative,Market Purchase,Buy,Equity Shares,5000.0,0.0,0.0,0.0,0.0,10000.0,0.0,15000.0,0.0
YESBANK,2021-05-03 20:13:00,2021-04-29,2019-05-17,2019-05-17,Immediate relative,Market Purchase,Buy,Equity Shares,2000.0,0.0,0.0,0.0,0.0,26000.0,0.0,28000.0,0.0
YESBANK,2021-05-03 20:13:00,2021-04-29,2019-05-16,2019-05-16,Immediate relative,Market Purchase,Buy,Equity Shares,6000.0,0.0,0.0,0.0,0.0,20000.0,0.0,26000.0,0.0
YESBANK,2021-05-14 19:26:00,2021-05-12,2021-05-11,2021-05-11,-,Market Purchase,Buy,Equity Shares,152000.0,0.0,0.0,0.0,0.0,380000.0,0.0,532000.0,0.0
YESBANK,2021-05-14 19:26:00,2021-05-12,2021-05-05,2021-05-05,-,Market Purchase,Buy,Equity Shares,72000.0,0.0,0.0,0.0,0.0,308000.0,0.0,380000.0,0.0
YESBANK,2021-05-20 20:12:00,2021-05-17,2021-05-14,2021-05-14,-,Market Purchase,Buy,Equity Shares,100000.0,0.0,0.0,0.0,0.0,5030.0,0.0,105030.0,0.0
YESBANK,2021-08-13 19:15:00,2021-08-11,2021-08-11,2021-08-11,-,Market Sale,Sell,Equity Shares,350000.0,0.0,0.0,0.0,0.0,350000.0,0.0,,0.0
YESBANK,2021-10-04 13:38:00,2021-09-30,2021-09-30,2021-09-30,-,Market Purchase,Buy,Equity Shares,100000.0,0.0,0.0,0.0,0.0,312000.0,0.0,412000.0,0.0
