symbol,sector,signal_date,entry_date,entry_price,shares,stop_price,target_price,exit_date,exit_price,exit_reason,held_days,gross_pnl_pct,net_pnl_pct,cost_rupees
HCLTECH,IT,2005-01-05,2005-01-06,340.0,28,318.213926948451,394.4651826288725,2005-01-06,318.213926948451,stop,0.0,-6.407668544573242,-6.720070117555686,29.740629747928715
NICOLASPIR,Unknown:NICOLASPIR,2005-01-03,2005-01-04,319.8,31,133.70889378873846,785.0277655281539,2005-01-13,260.0,time,7.0,-18.699186991869922,-18.99270601463415,29.098888878800008
HCLTECH,IT,2005-01-06,2005-01-07,329.8,28,306.4272178807045,388.23195529823874,2005-01-14,306.4272178807045,stop,5.0,-7.086956373346121,-7.398314406704521,28.752046232448095
AUROPHARMA,Pharma,2005-01-05,2005-01-06,316.0,31,296.425548540475,364.93612864881254,2005-01-17,308.7,time,7.0,-2.310126582278482,-2.628822905759495,31.219491848199997
HINDOILEXP,Unknown:HINDOILEXP,2005-01-05,2005-01-06,83.0,117,74.89090933664602,103.27272665838497,2005-01-17,88.5,time,7.0,6.626506024096379,6.294081013253006,32.281792803
STERLINBIO,Unknown:STERLINBIO,2005-01-05,2005-01-06,156.0,62,146.57693765894916,179.55765585262708,2005-01-17,164.9,time,7.0,5.705128205128207,5.374118638846156,32.01524525080001
AUROPHARMA,Pharma,2005-01-14,2005-01-17,308.7,30,287.4998135744195,361.70046606395135,2005-01-17,287.4998135744195,stop,0.0,-6.867569298859899,-7.179264360346188,28.86607964424529
AARTIDRUGS,Unknown:AARTIDRUGS,2005-01-12,2005-01-13,143.0,63,127.3307755527174,182.1730611182065,2005-01-25,147.95,time,7.0,3.4615384615384492,3.1339755561538336,29.5101421461
AMTEKAUTO,Unknown:AMTEKAUTO,2005-01-14,2005-01-17,157.5,60,138.72622119036959,204.434447024076,2005-01-28,155.0,time,7.0,-1.5873015873015928,-1.9071083333333387,30.221737500000003
AUROPHARMA,Pharma,2005-01-17,2005-01-18,287.3,32,263.1998268905324,347.5504327736691,2005-01-28,300.0,time,6.0,4.420466411416624,4.091430375983279,30.2502569536
DRREDDY,Pharma,2005-01-14,2005-01-17,740.05,12,682.1777662739825,884.7305843150436,2005-01-28,734.0,time,7.0,-0.8175123302479492,-1.1385016465509017,28.5057772236
FINPIPE,Unknown:FINPIPE,2005-01-14,2005-01-17,55.0,173,50.43795081441199,66.40512296397003,2005-01-28,57.55,time,7.0,4.6363636363636385,4.306995934000002,31.339336879900003
APTECHT,Unknown:APTECHT,2005-01-24,2005-01-25,39.15,239,35.2095468284219,49.001132928945246,2005-02-04,41.6,time,7.0,6.257982120051087,5.926123245210729,31.0515371305
ALPSINDUS,Unknown:ALPSINDUS,2005-01-27,2005-01-28,84.35,114,73.31183227504941,111.94541931237646,2005-02-08,99.0,time,7.0,17.36810906935389,17.01918252863071,33.5524272294
AMTEKAUTO,Unknown:AMTEKAUTO,2005-01-27,2005-01-28,155.0,61,139.55239542753142,193.61901143117143,2005-02-08,174.0,time,7.0,12.25806451612903,11.916988158709675,32.24876959400001
BPCL,Oil & Gas,2005-01-27,2005-01-28,396.0,24,364.8900346276414,473.77491343089656,2005-02-08,445.5,time,7.0,12.5,12.158551975,32.451220296
CADILAHC,Unknown:CADILAHC,2005-01-27,2005-01-28,482.4,19,429.4656945248731,614.7357636878173,2005-02-08,548.0,time,7.0,13.598673300165842,13.255537464676621,31.450458137600002
AFTEKINFO,Unknown:AFTEKINFO,2005-02-03,2005-02-04,75.8,139,62.085092230742276,110.08726942314429,2005-02-15,82.9,time,7.0,9.366754617414252,9.03011996543536,35.4685002018
IPCALAB,Unknown:IPCALAB,2005-02-07,2005-02-08,405.0,26,311.7644364447315,638.0889088881713,2005-02-17,390.0,time,7.0,-3.703703703703709,-4.020259177777783,33.333291419999995
TVSMOTOR,Auto,2005-02-07,2005-02-08,73.6,146,67.4574317990914,88.9564205022715,2005-02-17,75.5,time,7.0,2.5815217391304435,2.255310738315226,35.0533293036
AARTIIND,Chemicals,2005-02-09,2005-02-10,132.75,81,70.6183296384338,288.0791759039155,2005-02-21,120.0,time,7.0,-9.6045197740113,-9.912010261016949,33.063683341499996
AUROPHARMA,Pharma,2005-02-09,2005-02-10,285.0,37,260.7751087110563,345.5622282223592,2005-02-21,299.0,time,7.0,4.912280701754379,4.582489128421046,34.776521407999994
VIJAYABANK,Unknown:VIJAYABANK,2005-02-14,2005-02-15,59.0,184,52.26634255440633,75.83414361398417,2005-02-24,65.25,time,7.0,10.593220338983045,10.25470155847457,36.749598812
BATAINDIA,Unknown:BATAINDIA,2005-02-16,2005-02-17,78.0,136,69.11455723936236,100.21360690159412,2005-02-28,85.5,time,7.0,9.615384615384626,9.278368011538472,35.750721336
IPCALAB,Unknown:IPCALAB,2005-02-16,2005-02-17,390.0,27,326.69140492898947,548.2714876775264,2005-02-28,371.0,time,7.0,-4.871794871794877,-5.186555893846159,33.144335622
DENABANK,Unknown:DENABANK,2005-02-25,2005-02-28,35.0,304,31.77385038678832,43.0653740330292,2005-02-28,31.77385038678832,stop,0.0,-9.217570323461944,-9.525655252274213,32.78023642562546
AARTIIND,Chemicals,2005-02-18,2005-02-21,120.0,89,77.10623212353195,227.2344196911701,2005-03-02,118.6,time,7.0,-1.1666666666666714,-1.4871196030000047,34.2243736004
BONGAIREFN,Unknown:BONGAIREFN,2005-02-18,2005-02-21,86.5,122,81.27904959712099,99.55237600719754,2005-03-02,82.1,time,7.0,-5.086705202312148,-5.401136073526021,33.181889839200004
CHENNPETRO,Unknown:CHENNPETRO,2005-02-23,2005-02-24,210.0,50,193.22860204380189,251.92849489049527,2005-03-07,210.95,time,7.0,0.45238095238093745,0.12944079299998507,33.908716735
BONGAIREFN,Unknown:BONGAIREFN,2005-03-01,2005-03-02,82.1,128,77.29012189926624,94.1246952518344,2005-03-07,94.1246952518344,target,3.0,14.646401037557123,14.3016556554768,36.2286027120569
ANDHRSUGAR,Unknown:ANDHRSUGAR,2005-02-25,2005-02-28,128.0,83,115.09011973783204,160.2747006554199,2005-03-09,131.9,time,7.0,3.0468750000000044,2.7199491114062546,34.732606404200006
DIVISLAB,Pharma,2005-02-28,2005-03-01,1064.0,10,985.105440503744,1261.23639874064,2005-03-10,1051.0,time,7.0,-1.2218045112781906,-1.5421727434210477,34.087179899999995
AARTIIND,Chemicals,2005-03-01,2005-03-02,118.6,89,88.52984862365821,193.77537844085444,2005-03-11,115.0,time,7.0,-3.0354131534569895,-3.352995272849907,33.5220630304
GLENMARK,Pharma,2005-03-04,2005-03-07,304.9,36,204.92593477395715,554.835163065107,2005-03-16,302.4,time,7.0,-0.8199409642505762,-1.1409265496228294,35.2326617928
RCF,Unknown:RCF,2005-03-07,2005-03-08,37.05,296,33.82778599027467,45.105535024313326,2005-03-17,34.15,time,7.0,-7.827260458839403,-8.137481217813761,34.0212901952
VYSYABANK,Unknown:VYSYABANK,2005-03-08,2005-03-09,175.0,62,122.8669661014664,305.332584746334,2005-03-18,166.1,time,7.0,-5.085714285714293,-5.400146679200008,34.1159146932
ANDHRSUGAR,Unknown:ANDHRSUGAR,2005-03-09,2005-03-10,124.0,87,110.98596653424299,156.53508366439252,2005-03-21,123.4,time,7.0,-0.4838709677419284,-0.8053728325806382,34.6836211788
GOETZEIND,Unknown:GOETZEIND,2005-03-10,2005-03-11,177.0,61,158.56838428205072,223.07903929487318,2005-03-22,173.05,time,7.0,-2.231638418079085,-2.550455317118633,34.42266058930001
APTECHT,Unknown:APTECHT,2005-03-17,2005-03-18,38.7,272,35.77184993797298,46.02037515506757,2005-03-22,35.77184993797298,stop,2.0,-7.566279230043982,-7.876900915167528,32.697281062845
ADANIEXPO,Unknown:ADANIEXPO,2005-03-18,2005-03-21,71.85,145,65.02595746483289,88.91010633791777,2005-03-24,65.02595746483289,stop,3.0,-9.497623570169955,-9.805278273903246,32.05223617169371
AARTIDRUGS,Unknown:AARTIDRUGS,2005-03-15,2005-03-16,143.0,74,127.66692031386265,181.33269921534338,2005-03-28,130.0,time,7.0,-9.090909090909093,-9.399188600000002,32.622137652
ANDHRSUGAR,Unknown:ANDHRSUGAR,2005-03-21,2005-03-22,120.9,86,109.15995350487265,150.2501162378184,2005-03-28,109.15995350487265,stop,3.0,-9.710543006722382,-10.017870618081337,31.954081063435975
GLENMARK,Pharma,2005-03-16,2005-03-17,294.85,35,225.90140096475892,467.22149758810275,2005-03-29,299.65,time,7.0,1.6279464134305366,1.3032003198236177,33.512984995000004
ALEMBICLTD,Unknown:ALEMBICLTD,2005-03-22,2005-03-23,282.05,35,262.24374598505034,331.56563503737425,2005-03-30,262.24374598505034,stop,4.0,-7.022249251887846,-7.333706690008615,30.746299647687046
ADANIEXPO,Unknown:ADANIEXPO,2005-03-24,2005-03-28,64.7,149,56.89942526949949,84.20143682625128,2005-03-31,59.8,time,3.0,-7.573415765069558,-7.884026486862448,29.943805413
ANDHRSUGAR,Unknown:ANDHRSUGAR,2005-03-28,2005-03-29,109.0,88,96.37082288766835,140.57294278082912,2005-04-01,114.75,time,3.0,5.275229357798161,4.944880213302748,31.68708994
ALEMBICLTD,Unknown:ALEMBICLTD,2005-03-30,2005-03-31,265.0,34,243.83362629415439,317.91593426461407,2005-04-04,300.0,time,2.0,13.207547169811317,12.865012192452827,30.86240146
ALEMBICLTD,Unknown:ALEMBICLTD,2005-04-01,2005-04-04,300.0,34,278.3795043046535,354.0512392383662,2005-04-05,278.3795043046535,stop,1.0,-7.20683189844884,-7.518005775908813,31.739735500917302
AARTIDRUGS,Unknown:AARTIDRUGS,2005-03-24,2005-03-28,130.0,74,114.03600787477907,169.90998031305233,2005-04-06,142.95,time,7.0,9.961538461538444,9.623990087153828,32.472153615799996
ADANIEXPO,Unknown:ADANIEXPO,2005-03-30,2005-03-31,59.8,157,51.430953832758874,80.7226154181028,2005-04-06,60.25,time,4.0,0.7525083612040184,0.4291071382943194,30.3628472141
ALOKTEXT,Unknown:ALOKTEXT,2005-03-28,2005-03-29,61.4,158,56.837538389724486,72.80615402568878,2005-04-07,63.4,time,7.0,3.2573289902280145,2.9300797967426724,31.7470987584
ANDHRSUGAR,Unknown:ANDHRSUGAR,2005-03-31,2005-04-01,114.75,84,102.57999194030882,145.17502014922798,2005-04-07,132.1,time,4.0,15.119825708061008,14.774353038692816,33.300110600400004
APTECHT,Unknown:APTECHT,2005-04-05,2005-04-06,35.7,282,31.500428108052624,46.198929729868446,2005-04-08,31.500428108052624,stop,2.0,-11.763506700132709,-12.06768049528879,30.6223926535434
ADANIEXPO,Unknown:ADANIEXPO,2005-04-05,2005-04-06,60.25,168,53.1029772078672,78.117556980332,2005-04-11,64.7,time,3.0,7.385892116182569,7.052300516680494,33.7661417016
ALEMBICLTD,Unknown:ALEMBICLTD,2005-04-08,2005-04-11,270.0,37,245.74829998621803,330.6292500344549,2005-04-13,273.25,time,2.0,1.2037037037037068,0.8796093427777809,32.37702665650001
CENBNK,Unknown:CENBNK,2005-04-06,2005-04-07,15.5,658,13.923295482370477,19.441761294073807,2005-04-13,13.923295482370477,stop,4.0,-10.172287210513053,-10.478905478420796,31.27199714391065
ALEMBICLTD,Unknown:ALEMBICLTD,2005-04-13,2005-04-15,285.0,34,262.6018640924639,340.9953397688402,2005-04-15,262.6018640924639,stop,0.0,-7.85899505527582,-8.169167062738033,30.055667523088523
BALRAMCHIN,Unknown:BALRAMCHIN,2005-04-05,2005-04-06,65.85,149,-13.07505747334578,263.1626436833644,2005-04-18,64.1,time,7.0,-2.6575550493545985,-2.9757176441913487,31.217000236300002
BHARATFORG,Auto,2005-04-08,2005-04-11,1314.4,7,1216.209706798649,1559.875733003378,2005-04-18,1216.209706798649,stop,4.0,-7.470350973931151,-7.781120026535873,28.593238992055234
GRASIM,Cement,2005-04-06,2005-04-07,1216.0,8,1147.549527749625,1387.1261806259376,2005-04-19,1191.0,time,7.0,-2.055921052631582,-2.3750078932565817,31.040767856000002
ALEMBICLTD,Unknown:ALEMBICLTD,2005-04-15,2005-04-18,257.0,37,231.50887380014507,320.7278154996373,2005-04-21,260.0,time,3.0,1.1673151750972721,0.8432767151750931,30.812817154
CADILAHC,Unknown:CADILAHC,2005-04-12,2005-04-13,454.0,22,421.1503257150832,536.1241857122918,2005-04-25,440.0,time,7.0,-3.083700440528636,-3.4012083797356847,31.712692968000002
APTECHT,Unknown:APTECHT,2005-04-15,2005-04-18,32.4,294,28.27067642344398,42.723308941390044,2005-04-27,35.45,time,7.0,9.41358024691359,9.076873660185194,32.073322625399996
AARTIDRUGS,Unknown:AARTIDRUGS,2005-04-18,2005-04-19,131.0,73,117.45510990640007,164.86222523399982,2005-04-28,128.05,time,7.0,-2.251908396946556,-2.5706941567175483,30.485482206900002
ADANIEXPO,Unknown:ADANIEXPO,2005-04-18,2005-04-19,61.4,146,54.9718591102427,77.47035222439325,2005-04-28,60.95,time,7.0,-0.7328990228012922,-1.0540183242670902,28.786418660600003
BANKBARODA,Banking,2005-04-22,2005-04-25,190.3,50,172.56382847512273,234.6404288121932,2005-04-29,172.56382847512273,stop,4.0,-9.320111153377441,-9.628038556300734,29.299292388151198
AFTEKINFO,Unknown:AFTEKINFO,2005-04-20,2005-04-21,71.0,133,62.524295759303854,92.18926060174036,2005-05-02,68.75,time,7.0,-3.169014084507038,-3.486390962676052,29.9698986055
AARTIDRUGS,Unknown:AARTIDRUGS,2005-04-27,2005-04-28,128.05,74,114.20473665877395,162.66315835306517,2005-05-02,114.20473665877395,stop,2.0,-10.812388396115624,-11.118023323939413,28.961048855798765
BANKBARODA,Banking,2005-04-29,2005-05-02,175.0,52,157.42151905830485,218.9462023542379,2005-05-04,171.95,time,2.0,-1.742857142857146,-2.0624249204000034,29.0806677564
CADILAHC,Unknown:CADILAHC,2005-04-26,2005-04-27,439.0,21,405.90407283423855,521.7398179144036,2005-05-06,442.05,time,7.0,0.6947608200455591,0.3714483104100238,29.8061802633
CENBNK,Unknown:CENBNK,2005-04-27,2005-04-28,13.05,728,11.825080057202173,16.112299856994568,2005-05-09,14.15,time,7.0,8.429118773946364,8.09392454252874,31.844792761600004
AFTEKINFO,Unknown:AFTEKINFO,2005-04-29,2005-05-02,68.75,133,61.513202674352854,86.84199331411786,2005-05-11,67.1,time,7.0,-2.4000000000000132,-2.718558257600013,29.1281706793
ALEMBICLTD,Unknown:ALEMBICLTD,2005-05-02,2005-05-03,252.0,34,227.6441790369343,312.8895524076642,2005-05-12,275.0,time,7.0,9.126984126984116,8.790717816666655,28.811297468
ALPSINDUS,Unknown:ALPSINDUS,2005-05-03,2005-05-04,89.85,99,80.82038203198184,112.42404492004539,2005-05-13,105.9,time,7.0,17.86310517529217,17.513418208681152,31.105180210500002
DHAMPURSUG,Unknown:DHAMPURSUG,2005-05-05,2005-05-06,118.5,78,101.00006621863477,162.24983445341306,2005-05-17,120.35,time,7.0,1.561181434599157,1.2365379070886084,30.0068012478
HEXAWARE,Unknown:HEXAWARE,2005-05-06,2005-05-09,145.0,64,39.29498812844736,409.2625296788816,2005-05-18,134.4,time,7.0,-7.310344827586201,-7.621359685793098,28.8621788416
HINDALC0,Unknown:HINDALC0,2005-05-10,2005-05-11,1201.0,7,1131.926811903356,1373.6829702416096,2005-05-20,1198.0,time,7.0,-0.24979184013321776,-0.5716533034138174,27.058893218
LAKSHVILAS,Unknown:LAKSHVILAS,2005-05-11,2005-05-12,113.0,83,94.37474718015771,159.5631320496057,2005-05-23,105.7,time,7.0,-6.460176991150435,-6.772497899292028,29.292577974600004
NIPPONDENR,Unknown:NIPPONDENR,2005-05-12,2005-05-13,22.0,435,19.525385227394725,28.186536931513185,2005-05-24,21.0,time,7.0,-4.545454545454541,-4.860716899999996,30.17060733
GLENMARK,Pharma,2005-05-16,2005-05-17,251.45,38,228.07942963409644,309.87642591475884,2005-05-26,237.0,time,7.0,-5.746669317955854,-6.060086335136209,29.9473094086
HEXAWARE,Unknown:HEXAWARE,2005-05-17,2005-05-18,134.4,70,67.48304523197216,301.6923869200696,2005-05-27,130.5,time,7.0,-2.9017857142857206,-3.2195731156250065,29.897438718000004
AMTEKAUTO,Unknown:AMTEKAUTO,2005-05-19,2005-05-20,154.0,60,140.9897281228226,186.5256796929435,2005-05-31,158.0,time,7.0,2.5974025974025983,2.2711672000000007,30.14415072
HINDALC0,Unknown:HINDALC0,2005-05-20,2005-05-23,1170.0,7,1102.8645906440142,1337.8385233899646,2005-06-01,1130.0,time,7.0,-3.4188034188034178,-3.735796564102563,25.961738600000004
BHUSANSTL,Unknown:BHUSANSTL,2005-05-23,2005-05-24,193.6,47,176.86603991503648,235.43490021240873,2005-06-02,189.0,time,7.0,-2.3760330578512345,-2.694628134090904,28.989603177200003
BHUSANSTL,Unknown:BHUSANSTL,2005-06-01,2005-06-02,189.0,47,171.58018918934093,232.5495270266477,2005-06-03,171.58018918934093,stop,1.0,-9.216831116750834,-9.524917181151672,27.36728510072647
GIPCL,Unknown:GIPCL,2005-05-25,2005-05-26,66.45,138,62.27736539041282,76.88158652396797,2005-06-06,67.8,time,7.0,2.0316027088036037,1.7062365079006692,29.836405989000006
CHENNPETRO,Unknown:CHENNPETRO,2005-05-26,2005-05-27,210.5,43,195.79895618328095,247.25260954179765,2005-06-07,206.8,time,7.0,-1.7577197149643675,-2.077264660237527,28.923610721400003
EIDPARRY,Unknown:EIDPARRY,2005-05-30,2005-05-31,125.85,71,18.917896762692294,393.18025809326923,2005-06-09,112.05,time,7.0,-10.965435041716331,-11.270834855303935,27.288542243400002
DENABANK,Unknown:DENABANK,2005-05-31,2005-06-01,28.5,315,26.694250240442393,33.01437439889401,2005-06-10,29.75,time,7.0,4.385964912280693,4.05698187894736,29.5344518175
CHENNPETRO,Unknown:CHENNPETRO,2005-06-06,2005-06-07,206.8,42,194.48142688387307,237.5964327903174,2005-06-10,194.48142688387307,stop,3.0,-5.956756825980147,-6.269851101268399,27.194116374436405
BHUSANSTL,Unknown:BHUSANSTL,2005-06-03,2005-06-06,176.9,48,159.264550882646,220.98862279338502,2005-06-13,179.0,time,5.0,1.1871113623516116,0.8630424910118717,27.517336003200004
BHUSANSTL,Unknown:BHUSANSTL,2005-06-10,2005-06-13,179.0,48,162.76796887247554,219.58007781881116,2005-06-15,180.9,time,2.0,1.0614525139664766,0.7375766830167558,27.827411395200006
GRASIM,Cement,2005-06-03,2005-06-06,1110.0,7,1063.5798671980665,1226.0503320048335,2005-06-15,1098.9,time,7.0,-0.9999999999999898,-1.3207089739999898,24.919087279800003
CHENNPETRO,Unknown:CHENNPETRO,2005-06-14,2005-06-15,195.0,44,183.4797850512861,223.8005373717848,2005-06-16,199.0,time,1.0,2.051282051282044,1.7258856184615312,27.919013936000002
APOLLOTYRE,Unknown:APOLLOTYRE,2005-06-14,2005-06-15,272.5,31,257.19161104259183,310.77097239352037,2005-06-17,257.19161104259183,stop,2.0,-5.61775741556263,-5.9313724705591495,26.492631770831018
BAJAJHIND,Unknown:BAJAJHIND,2005-06-08,2005-06-09,129.6,66,117.58227393597836,159.64431516005405,2005-06-20,128.5,time,7.0,-0.8487654320987637,-1.1697067365740723,27.4520354196
EIDPARRY,Unknown:EIDPARRY,2005-06-09,2005-06-10,110.0,79,46.5650728662705,268.58731783432376,2005-06-21,112.4,time,7.0,2.181818181818196,1.856221216000014,28.2943763296
ANDHRSUGAR,Unknown:ANDHRSUGAR,2005-06-10,2005-06-13,120.0,72,112.68740164532804,138.2814958866799,2005-06-22,117.65,time,7.0,-1.9583333333333286,-2.2775700907499954,27.582055840800002
APOLLOTYRE,Unknown:APOLLOTYRE,2005-06-17,2005-06-20,259.95,32,243.77859674219178,300.3785081445205,2005-06-24,250.35,time,4.0,-3.6930178880553943,-4.009589777957299,26.333716089600003
CHENNPETRO,Unknown:CHENNPETRO,2005-06-15,2005-06-16,199.0,44,187.6169432619085,227.45764184522875,2005-06-24,191.0,time,6.0,-4.020100502512558,-4.336169919597985,27.67503816
APOLLOTYRE,Unknown:APOLLOTYRE,2005-06-23,2005-06-24,250.35,33,232.9874883265759,293.7562791835602,2005-06-29,242.95,time,3.0,-2.955861793489123,-3.273566121749558,26.247301931400003
BAJAJHIND,Unknown:BAJAJHIND,2005-06-17,2005-06-20,128.5,65,115.58174647500947,160.79563381247635,2005-06-29,135.0,time,7.0,5.058365758754868,4.728349765758759,27.564585815
BEL,Unknown:BEL,2005-06-20,2005-06-21,720.0,11,669.6481173633147,845.8797065917133,2005-06-30,705.0,time,7.0,-2.083333333333337,-2.4023780625000035,25.26834255
CEAT,Unknown:CEAT,2005-06-23,2005-06-24,88.65,95,81.78887399849688,105.8028150037578,2005-06-30,81.78887399849688,stop,4.0,-7.73956683756698,-8.049922313762371,26.137362316485415
ANDHRSUGAR,Unknown:ANDHRSUGAR,2005-06-21,2005-06-22,117.65,71,108.81020581412126,139.74948546469687,2005-07-01,116.5,time,7.0,-0.97747556311093,-1.2982191397365144,26.7921920709
APOLLOTYRE,Unknown:APOLLOTYRE,2005-06-28,2005-06-29,242.95,34,225.81521933436125,285.7869516640969,2005-07-05,241.2,time,4.0,-0.7203128215682253,-1.041451458283599,26.5270148086
APIL,Unknown:APIL,2005-06-28,2005-06-29,205.8,40,189.576079753712,246.35980061572005,2005-07-08,218.0,time,7.0,5.928085519922255,5.596733440816327,27.276903152000003
BATAINDIA,Unknown:BATAINDIA,2005-06-29,2005-06-30,86.0,96,79.05065721829466,103.37335695426334,2005-07-11,88.25,time,7.0,2.6162790697674465,2.290014673837214,26.936388528000002
ANDHRABANK,Unknown:ANDHRABANK,2005-06-30,2005-07-01,95.4,85,89.24190768988231,110.79523077529424,2005-07-12,99.9,time,7.0,4.716981132075482,4.387489583018878,26.718469713
ANDHRSUGAR,Unknown:ANDHRSUGAR,2005-06-30,2005-07-01,116.5,69,107.46677669922524,139.0830582519369,2005-07-12,127.0,time,7.0,9.012875536480692,8.676784522746786,27.016676139
BEL,Unknown:BEL,2005-07-04,2005-07-05,722.9,11,670.8158371892321,853.1104070269198,2005-07-14,755.0,time,7.0,4.440448194771074,4.111381462802614,26.1670574594
BONGAIREFN,Unknown:BONGAIREFN,2005-07-07,2005-07-08,85.5,98,78.51578067951874,102.96054830120315,2005-07-19,87.85,time,7.0,2.7485380116959,2.4220704361403445,27.3547181558
CEAT,Unknown:CEAT,2005-07-08,2005-07-11,85.65,99,78.93432160837794,102.43919597905514,2005-07-20,83.25,time,7.0,-2.8021015761821477,-3.120042114886176,26.959291068600002
BPCL,Oil & Gas,2005-07-11,2005-07-12,354.1,24,332.57192636292575,407.92018409268564,2005-07-21,346.9,time,7.0,-2.0333239197966813,-2.352445474724668,27.120226224000003
CHENNPETRO,Unknown:CHENNPETRO,2005-07-11,2005-07-12,183.9,46,172.03784816477526,213.5553795880619,2005-07-21,190.0,time,7.0,3.3170201196302207,2.9896792270799217,27.6910754644
COCHINREFN,Unknown:COCHINREFN,2005-07-13,2005-07-14,155.0,55,145.92686500838005,177.68283747904985,2005-07-25,152.9,time,7.0,-1.3548387096774195,-1.6750025712258068,27.293969197000006
HEXAWARE,Unknown:HEXAWARE,2005-07-18,2005-07-19,104.0,82,89.69625511761359,139.75936220596603,2005-07-29,104.2,time,7.0,0.19230769230769162,-0.13023293576923145,27.5062647624
ELECTCAST,Unknown:ELECTCAST,2005-07-22,2005-07-25,400.0,21,376.6664635727497,458.33384106812576,2005-07-29,376.6664635727497,stop,3.0,-5.833384106812578,-6.146667910479706,26.315839508038728
CEAT,Unknown:CEAT,2005-07-27,2005-07-29,80.2,107,73.77202587704431,96.26993530738922,2005-07-29,73.77202587704431,stop,0.0,-8.014930327874925,-8.324862783517055,26.59654374847375
KALPATPOWR,Unknown:KALPATPOWR,2005-07-19,2005-07-20,498.9,17,459.63961310082954,597.0509672479261,2005-08-01,505.1,time,7.0,1.242734014832636,0.9185796945279656,27.492500368
BHARATFORG,Auto,2005-07-20,2005-07-21,340.0,25,90.93975802065364,962.6506049483659,2005-08-02,319.0,time,7.0,-6.176470588235294,-6.489227333529412,26.58432335
BPCL,Oil & Gas,2005-07-20,2005-07-21,346.9,24,327.18265136890614,396.1933715777346,2005-08-02,375.5,time,7.0,8.244450850389162,7.909540310637072,27.8833118976
ELECTCAST,Unknown:ELECTCAST,2005-07-29,2005-08-01,383.0,21,356.96152556490273,448.09618608774315,2005-08-04,393.9,time,3.0,2.845953002610968,2.519335775613579,26.269823567400003
CEAT,Unknown:CEAT,2005-07-29,2005-08-01,77.0,108,69.93116688582685,94.67208278543285,2005-08-09,81.5,time,6.0,5.844155844155852,5.5129327000000075,27.544516668
HEXAWARE,Unknown:HEXAWARE,2005-07-29,2005-08-01,104.0,79,92.43561053714093,132.91097365714768,2005-08-10,98.0,time,7.0,-5.769230769230771,-6.0826131269230785,25.747494508000003
BHARATFORG,Auto,2005-08-01,2005-08-02,319.0,26,158.33923462343935,720.6519134414016,2005-08-11,315.9,time,7.0,-0.9717868338558033,-1.2925391496551764,26.6031970724
MASTEK,Unknown:MASTEK,2005-08-01,2005-08-02,356.0,23,329.24016998595073,422.8995750351231,2005-08-11,366.0,time,7.0,2.8089887640449396,2.4824283224719057,26.738768956000005
RANBAXY,Unknown:RANBAXY,2005-08-03,2005-08-04,505.0,16,407.06785171383024,749.8303707154244,2005-08-16,538.65,time,7.0,6.663366336633669,6.330884700019808,26.8645162384
MPHASISBFL,Unknown:MPHASISBFL,2005-08-08,2005-08-09,267.5,31,245.12194571157536,323.4451357210616,2005-08-19,264.3,time,7.0,-1.1962616822429828,-1.5166691539439174,26.569789590800003
UCALFUEL,Unknown:UCALFUEL,2005-08-09,2005-08-10,236.0,35,220.44806299911403,274.87984250221496,2005-08-22,234.45,time,7.0,-0.6567796610169485,-0.9780158990254231,26.534113259500003
BHARATFORG,Auto,2005-08-10,2005-08-11,315.9,26,211.609031149708,576.6274221257299,2005-08-23,305.5,time,7.0,-3.292181069958844,-3.609368735802465,26.051891746400003
BONGAIREFN,Unknown:BONGAIREFN,2005-08-16,2005-08-17,83.5,101,77.58453393074639,98.288665173134,2005-08-24,77.58453393074639,stop,5.0,-7.084390502100135,-7.395752477216655,26.258712171451776
MPHASISBFL,Unknown:MPHASISBFL,2005-08-19,2005-08-22,275.0,30,253.8410575782358,327.8973560544106,2005-08-24,253.8410575782358,stop,2.0,-7.694160880641531,-8.004586110648507,25.610081475575484
MATRIXLABS,Unknown:MATRIXLABS,2005-08-22,2005-08-23,184.0,45,169.80769383937346,219.48076540156637,2005-08-25,169.80769383937346,stop,2.0,-7.713209869905735,-8.02360583636013,25.70078602242384
PRAJIND,Unknown:PRAJIND,2005-08-17,2005-08-18,118.35,71,-102.73144484607434,671.0536121151858,2005-08-29,113.95,time,7.0,-3.7177862272919193,-4.034320067427111,26.5978637858
APIL,Unknown:APIL,2005-08-18,2005-08-19,203.8,41,188.13890243862417,242.95274390343963,2005-08-30,204.95,time,7.0,0.5642787046123532,0.24116664499508134,26.998597477500006
ADANIEXPO,Unknown:ADANIEXPO,2005-08-25,2005-08-26,63.85,120,60.36423394456987,72.56441513857534,2005-08-31,72.56441513857534,target,3.0,13.648261767541637,13.305049752959533,26.296904557280765
ANDHRABANK,Unknown:ANDHRABANK,2005-08-24,2005-08-25,94.0,86,86.21074536906559,113.47313657733602,2005-09-05,96.8,time,7.0,2.9787234042553123,2.6519022119148867,26.420225188800003
ARVINDMILL,Unknown:ARVINDMILL,2005-08-24,2005-08-25,125.7,61,117.26240206893927,146.79399482765183,2005-09-05,138.9,time,7.0,10.50119331742243,10.16281591121718,25.945764375599996
BONGAIREFN,Unknown:BONGAIREFN,2005-08-26,2005-08-29,78.0,103,72.87594044109562,90.81014889726096,2005-09-08,84.4,time,7.0,8.20512820512822,7.870278073846169,26.901859547200004
HINDPETRO,Oil & Gas,2005-08-29,2005-08-30,291.0,27,274.6489913909984,331.8775215225041,2005-09-09,302.0,time,7.0,3.7800687285223455,3.452016488659803,25.775064486
HINDALC0,Unknown:HINDALC0,2005-08-31,2005-09-01,144.95,57,-84.87693019198193,719.5173254799547,2005-09-13,147.0,time,7.0,1.4142807864780949,1.0898629315626067,26.803889799900002
KOTAKBANK,Banking,2005-09-02,2005-09-05,193.0,44,135.21447786192428,337.4638053451893,2005-09-15,204.5,time,7.0,5.958549222797926,5.627150344559585,28.142392740000002
M&M,Auto,2005-09-02,2005-09-05,366.0,23,269.7290213550202,606.6774466124494,2005-09-15,372.0,time,7.0,1.6393442622950838,1.314580659016395,27.338600124000003
NAGARCONST,Unknown:NAGARCONST,2005-09-06,2005-09-08,235.85,36,104.09591401078538,565.2352149730366,2005-09-19,227.95,time,7.0,-3.349586601653598,-3.666686079626886,26.9236482768
VISHALEXPO,Unknown:VISHALEXPO,2005-09-08,2005-09-09,10.0,854,7.242776341371023,16.89305914657244,2005-09-20,9.35,time,7.0,-6.500000000000005,-6.8122597310000055,26.666981027400002
HINDALC0,Unknown:HINDALC0,2005-09-12,2005-09-13,147.0,58,7.040953326915371,496.8976166827116,2005-09-22,155.9,time,7.0,6.054421768707496,5.722875608571442,28.267625613200003
JINDALPOLY,Unknown:JINDALPOLY,2005-09-14,2005-09-15,342.0,25,327.8434481551675,377.3913796120812,2005-09-22,327.8434481551675,stop,5.0,-4.139342644687871,-4.455228878894193,27.008273024640513
KOTAKBANK,Banking,2005-09-14,2005-09-15,204.5,41,161.94785279090124,310.8803680227469,2005-09-26,199.0,time,7.0,-2.689486552567233,-3.007600093398529,26.672229831
M&M,Auto,2005-09-16,2005-09-19,376.0,22,318.8417348670147,518.8956628324632,2005-09-28,370.0,time,7.0,-1.5957446808510634,-1.9155384563829783,26.453341111999997
ORCHIDCHEM,Unknown:ORCHIDCHEM,2005-09-19,2005-09-20,247.0,35,209.5218754213461,340.6953114466347,2005-09-29,254.0,time,7.0,2.8340080971659853,2.5074092202429084,28.234472909999997
APIL,Unknown:APIL,2005-09-21,2005-09-22,199.4,42,185.51177223502415,234.12056941243964,2005-10-03,195.8,time,7.0,-1.8054162487462388,-2.1248879213640923,26.755113638400005
ADANIEXPO,Unknown:ADANIEXPO,2005-09-22,2005-09-23,62.95,130,57.521419626587104,76.52145093353225,2005-10-04,64.45,time,7.0,2.3828435266084247,2.0569377404289173,26.670500012
BANKBARODA,Banking,2005-09-23,2005-09-26,227.65,35,204.44068424399438,285.6732893900141,2005-10-05,252.1,time,7.0,10.740171315616065,10.401426785196561,26.990317322500005
ELDERPHARM,Unknown:ELDERPHARM,2005-09-27,2005-09-28,223.8,38,199.87883070966154,283.6029232258462,2005-10-07,229.75,time,7.0,2.6586237712243,2.332294324262727,27.7523614874
ESSAROIL,Unknown:ESSAROIL,2005-09-28,2005-09-29,40.5,212,36.67108230018912,50.07229424952719,2005-10-10,39.1,time,7.0,-3.4567901234567877,-3.77372491259259,27.2120209952
ALPSINDUS,Unknown:ALPSINDUS,2005-10-06,2005-10-07,135.0,63,119.48223989008727,173.79440027478182,2005-10-10,119.48223989008727,stop,1.0,-11.494637118453877,-11.799223958051943,25.905110707815524
APIL,Unknown:APIL,2005-09-30,2005-10-03,195.8,43,181.79896739975118,230.80258150062207,2005-10-13,188.0,time,7.0,-3.9836567926455624,-4.299782195505624,26.6158621684
HINDOILEXP,Unknown:HINDOILEXP,2005-10-03,2005-10-04,156.5,55,142.17945442132915,192.3013639466771,2005-10-14,151.0,time,7.0,-3.514376996805113,-3.831223319488819,27.272547224999997
INDIABULLS,Unknown:INDIABULLS,2005-10-04,2005-10-05,186.95,47,151.58704620484852,275.3573844878787,2005-10-17,182.0,time,7.0,-2.6477667825621776,-2.9659444143888694,27.9571548869
ALPSINDUS,Unknown:ALPSINDUS,2005-10-10,2005-10-11,124.1,63,105.60254357869769,170.34364105325577,2005-10-19,117.55,time,5.0,-5.278001611603544,-5.5921386082997575,24.5601728127
ADLABSFILM,Unknown:ADLABSFILM,2005-10-11,2005-10-13,292.95,27,256.55392602722026,383.9401849319493,2005-10-19,256.55392602722026,stop,4.0,-12.4239883846321,-12.72714753065193,23.978827393157495
BANKBARODA,Banking,2005-10-07,2005-10-10,231.0,37,210.14202455363124,283.1449386159219,2005-10-20,226.85,time,7.0,-1.7965367965367962,-2.11602211,27.3064097417
APIL,Unknown:APIL,2005-10-13,2005-10-14,182.7,45,165.58616223262908,225.4845944184273,2005-10-20,165.58616223262908,stop,4.0,-9.367179949299898,-9.675035043915104,25.31030660378923
ADANIEXPO,Unknown:ADANIEXPO,2005-10-18,2005-10-19,61.65,129,57.531234835128394,71.94691291217902,2005-10-21,57.531234835128394,stop,2.0,-6.680884290140476,-6.99286614199097,24.81144870489206
ADLABSFILM,Unknown:ADLABSFILM,2005-10-19,2005-10-20,252.0,30,217.3953020066503,338.51174498337423,2005-10-24,309.7,time,2.0,22.89682539682538,22.539405498333316,27.020944326
ACC,Unknown:ACC,2005-10-14,2005-10-17,449.0,18,419.6241645577622,522.4395886055945,2005-10-26,452.0,time,7.0,0.6681514476614803,0.344879816035645,26.126813268000006
ALBK,Unknown:ALBK,2005-10-20,2005-10-21,81.0,92,73.81952154676074,98.95119613309815,2005-10-27,73.81952154676074,stop,4.0,-8.864788213875629,-9.17341509573698,22.998875236307853
ADANIEXPO,Unknown:ADANIEXPO,2005-10-21,2005-10-24,59.05,133,54.638692759758406,70.07826810060398,2005-10-28,57.95,time,4.0,-1.8628281117696766,-2.182211586790845,25.083260285999998
AFTEKINFO,Unknown:AFTEKINFO,2005-10-19,2005-10-20,106.0,73,90.60641879197308,144.48395302006728,2005-10-31,98.0,time,7.0,-7.547169811320753,-7.857820852830187,24.038177592
ADANIEXPO,Unknown:ADANIEXPO,2005-10-27,2005-10-28,57.95,134,53.8967475507981,68.08313112300475,2005-11-02,58.55,time,3.0,1.035375323554777,0.7115395530629736,25.146819086
ALPSINDUS,Unknown:ALPSINDUS,2005-10-21,2005-10-24,108.6,72,92.56833313546741,148.67916716133143,2005-11-02,115.9,time,7.0,6.721915285451208,6.3893437044199,26.004437064
ALOKTEXT,Unknown:ALOKTEXT,2005-10-25,2005-10-26,69.05,114,61.403312162196684,88.1667195945083,2005-11-08,72.95,time,7.0,5.648081100651714,5.317159171614784,26.049181488000002
ACC,Unknown:ACC,2005-10-27,2005-10-28,435.0,17,405.45571997801824,508.86070005495446,2005-11-10,484.0,time,7.0,11.264367816091948,10.924818001379304,25.109708798000003
ADLABSFILM,Unknown:ADLABSFILM,2005-10-28,2005-10-31,265.0,28,221.18020541546963,374.5494864613259,2005-11-11,296.0,time,7.0,11.698113207547166,11.357897061886788,25.244038007999997
ALBK,Unknown:ALBK,2005-11-01,2005-11-02,78.8,101,71.7014171316054,96.54645717098649,2005-11-16,85.5,time,7.0,8.502538071066002,8.167231051015241,26.686415111800002
ANDHRABANK,Unknown:ANDHRABANK,2005-11-01,2005-11-02,89.0,89,79.90211398444563,111.74471503888591,2005-11-16,93.3,time,7.0,4.831460674157295,4.501793258651677,26.1129559822
ARVINDMILL,Unknown:ARVINDMILL,2005-11-07,2005-11-08,112.0,73,99.36633416175987,143.58416459560033,2005-11-18,116.9,time,7.0,4.374999999999996,4.046033811249996,26.8962755922
INDIABULLS,Unknown:INDIABULLS,2005-11-09,2005-11-10,164.9,50,130.09073282991932,251.92316792520168,2005-11-22,171.0,time,7.0,3.6992116434202416,3.3712836183141164,27.037665670000003
ORIENTBANK,Unknown:ORIENTBANK,2005-11-10,2005-11-11,239.9,34,220.02140171553043,289.59649571117393,2005-11-23,247.4,time,7.0,3.126302626094213,2.7992547187161385,26.675989613200002
NIPPONDENR,Unknown:NIPPONDENR,2005-11-21,2005-11-22,13.0,668,11.07510364567674,17.812240885808148,2005-11-23,11.07510364567674,stop,1.0,-14.80689503325584,-15.106393496126481,26.00844651568651
MPHASISBFL,Unknown:MPHASISBFL,2005-11-14,2005-11-16,129.0,66,95.55898901044617,212.60252747388458,2005-11-25,138.0,time,7.0,6.976744186046502,6.643781130232548,28.348474572
GEOINFO,Unknown:GEOINFO,2005-11-21,2005-11-22,189.0,45,153.966681318751,276.5832967031225,2005-12-01,214.5,time,7.0,13.492063492063489,13.14909143333333,29.169773595000002
NIPPONDENR,Unknown:NIPPONDENR,2005-11-23,2005-11-24,10.4,814,8.330063857751885,15.57484035562029,2005-12-01,10.5,time,5.0,0.9615384615384581,0.6378161211538427,27.4050384476
IFCI,Financial Services,2005-11-22,2005-11-23,10.9,768,9.231841618333029,15.070395954167427,2005-12-02,10.3,time,7.0,-5.5045871559633035,-5.8183760660550465,26.267897241600004
NIPPONDENR,Unknown:NIPPONDENR,2005-11-30,2005-12-01,10.5,822,8.553601177962065,15.365997055094835,2005-12-05,10.5,time,2.0,0.0,-0.32224520000000006,27.812983212000002
HEXAWARE,Unknown:HEXAWARE,2005-11-24,2005-11-25,100.7,85,92.65407352912949,120.81481617717628,2005-12-06,105.5,time,7.0,4.766633565044676,4.437065738629581,28.209358102000003
MPHASISBFL,Unknown:MPHASISBFL,2005-11-24,2005-11-25,138.0,60,114.43044374869461,196.92389062826348,2005-12-06,144.0,time,7.0,4.347826086956519,4.018901643478258,27.23494392
IFCI,Financial Services,2005-12-01,2005-12-02,10.3,840,8.676447516907109,14.35888120773223,2005-12-13,10.1,time,7.0,-1.9417475728155442,-2.261009809708748,27.622568736
JSTAINLESS,Unknown:JSTAINLESS,2005-12-02,2005-12-05,108.0,80,95.35815526292856,139.60461184267862,2005-12-14,108.9,time,7.0,0.8333333333333304,0.509807944999997,27.952593551999996
GUJALKALI,Unknown:GUJALKALI,2005-12-05,2005-12-06,136.0,63,126.79398448702844,159.0150387824289,2005-12-15,133.1,time,7.0,-2.132352941176474,-2.4513223651470626,27.329300245800003
HIMACHLFUT,Unknown:HIMACHLFUT,2005-12-07,2005-12-08,20.45,420,18.759855987347525,24.67536003163119,2005-12-19,19.65,time,7.0,-3.9119804400978064,-4.228215954034237,27.161468292000002
PANACEABIO,Unknown:PANACEABIO,2005-12-13,2005-12-14,264.35,32,242.45304962713024,319.0923759321745,2005-12-23,266.0,time,7.0,0.6241724985814212,0.30096842856061545,27.3404786912
GUJALKALI,Unknown:GUJALKALI,2005-12-20,2005-12-21,131.95,64,123.65155551565982,152.6961112108504,2005-12-23,123.65155551565982,stop,2.0,-6.289082595180117,-6.601666342981254,26.3970723343104
CENTENKA,Unknown:CENTENKA,2005-12-15,2005-12-16,218.0,39,201.7995119486824,258.501220128294,2005-12-27,207.1,time,7.0,-5.000000000000004,-5.314564070000005,26.7442372314
ARVINDMILL,Unknown:ARVINDMILL,2005-12-23,2005-12-26,103.5,79,96.99508099777844,119.7622975055539,2005-12-28,96.99508099777844,stop,2.0,-6.284945895866234,-6.597535998572411,25.558929747770563
DENABANK,Unknown:DENABANK,2005-12-22,2005-12-23,31.25,271,29.268941961447034,36.20264509638241,2006-01-03,33.5,time,7.0,7.200000000000006,6.8666939728000065,28.2268541785
GUJNRECOKE,Unknown:GUJNRECOKE,2005-12-22,2005-12-23,105.95,80,99.78046591906956,121.37383520232612,2006-01-03,105.0,time,7.0,-0.8966493629070316,-1.2175171068428503,27.196749976000003
ARVINDMILL,Unknown:ARVINDMILL,2005-12-28,2005-12-29,93.7,82,86.53582104669069,111.6104473832733,2006-01-04,98.05,time,4.0,4.642475987193162,4.31309889487726,25.307359511000005
ALOKTEXT,Unknown:ALOKTEXT,2005-12-26,2005-12-27,66.3,122,61.568515140370764,78.12871214907308,2006-01-05,70.0,time,7.0,5.580693815987936,5.249875409049777,26.7585776636
ARVINDMILL,Unknown:ARVINDMILL,2006-01-03,2006-01-04,98.05,85,91.33272034867066,114.84319912832332,2006-01-09,100.0,time,3.0,1.988781234064252,1.6634808166241704,27.1113500405
CHENNPETRO,Unknown:CHENNPETRO,2006-01-02,2006-01-03,230.9,37,215.6282073064188,269.07948173395306,2006-01-13,245.0,time,7.0,6.106539627544394,5.77491340259853,28.331823275800005
JSTAINLESS,Unknown:JSTAINLESS,2006-01-02,2006-01-03,98.3,87,89.4389077783417,120.45273055414575,2006-01-13,104.9,time,7.0,6.714140386571721,6.381580749542219,28.440832718400003
ARVINDMILL,Unknown:ARVINDMILL,2006-01-10,2006-01-12,95.0,86,88.46019178470834,111.34952053822914,2006-01-16,98.5,time,2.0,3.6842105263157787,3.3563055463157787,26.789836865999998
BHARTI,Unknown:BHARTI,2006-01-13,2006-01-16,335.2,26,313.7239606697821,388.8900983255447,2006-01-18,388.8900983255447,target,2.0,16.017332436021704,15.670480993482844,30.228796920146713
RADICO,FMCG,2006-01-06,2006-01-09,156.0,56,26.389832558617513,480.0254186034562,2006-01-19,161.0,time,7.0,3.205128205128216,2.8779592038461645,28.581483952000003
ARVINDMILL,Unknown:ARVINDMILL,2006-01-18,2006-01-19,93.15,97,85.89581998631469,111.28545003421328,2006-01-23,93.0,time,2.0,-0.16103059581320522,-0.48302841642512145,29.094274080300004
PANTALOONR,Unknown:PANTALOONR,2006-01-12,2006-01-13,1589.0,5,1463.1777578086476,1903.555605478381,2006-01-24,1676.0,time,7.0,5.475141598489608,5.144485343612327,26.27063945
STERLINBIO,Unknown:STERLINBIO,2006-01-12,2006-01-13,120.9,74,114.40111761503084,137.1472059624229,2006-01-24,124.0,time,7.0,2.564102564102555,2.237918323076914,29.1823993076
D-LINK,Unknown:D-LINK,2006-01-23,2006-01-24,133.0,69,123.33319837949321,157.16700405126699,2006-01-27,123.33319837949321,stop,2.0,-7.268271895117884,-7.579351386857535,28.547764956947738
APTECHT,Unknown:APTECHT,2006-01-18,2006-01-19,124.85,72,113.68941661546015,152.75145846134959,2006-01-31,123.5,time,7.0,-1.0812975570684724,-1.4018816396475673,28.8179443512
ARVINDMILL,Unknown:ARVINDMILL,2006-01-20,2006-01-23,93.0,99,86.13899784534277,110.15250538664307,2006-01-31,90.1,time,5.0,-3.1182795698924792,-3.4357343877419417,29.228065079400004
ARVINDMILL,Unknown:ARVINDMILL,2006-01-30,2006-01-31,90.1,98,83.55486688394502,106.46283279013743,2006-02-02,91.1,time,2.0,1.1098779134295134,0.7859276901220771,28.6041568176
CENTENKA,Unknown:CENTENKA,2006-01-27,2006-01-30,193.0,47,174.32177166986511,239.6955708253372,2006-02-02,174.32177166986511,stop,3.0,-9.677838513023252,-9.985216365875743,27.88224503224958
BIOCON,Pharma,2006-01-23,2006-01-24,468.9,19,443.64472955920286,532.0381761019928,2006-02-03,457.2,time,7.0,-2.49520153550864,-2.8136135420345516,28.3676440734
APTECHT,Unknown:APTECHT,2006-01-30,2006-01-31,123.5,72,111.44061042943117,153.64847392642207,2006-02-10,119.0,time,7.0,-3.6437246963562764,-3.9603723117408918,28.156305960000005
ADORWELD,Unknown:ADORWELD,2006-02-01,2006-02-02,377.0,23,345.88259124175823,454.7935218956044,2006-02-14,381.0,time,7.0,1.0610079575596787,0.7371328095490687,28.083214083999998
ADANIEXPO,Unknown:ADANIEXPO,2006-02-02,2006-02-03,58.4,148,55.49406023171431,65.66484942071423,2006-02-15,58.45,time,7.0,0.08561643835616195,-0.23676028784246822,27.8636651988
AEGISCHEM,Unknown:AEGISCHEM,2006-02-02,2006-02-03,258.2,33,231.99368942628317,323.7157764342921,2006-02-15,272.1,time,7.0,5.383423702556178,5.052908347095295,28.161891377400003
FLEX,Unknown:FLEX,2006-02-14,2006-02-15,90.65,97,83.4203043732069,108.72423906698276,2006-02-20,83.4203043732069,stop,3.0,-7.97539506540883,-8.285388256149078,27.257856258385313
AFTEKINFO,Unknown:AFTEKINFO,2006-02-08,2006-02-10,96.85,88,85.72201857951178,124.66995355122053,2006-02-21,91.0,time,7.0,-6.040268456375831,-6.353234438926166,26.6734647608
ASTRAMICRO,Unknown:ASTRAMICRO,2006-02-13,2006-02-14,191.55,46,174.2772521081377,234.73186972965578,2006-02-23,190.7,time,7.0,-0.44374836857218325,-0.765311870790925,28.333924871
ADANIEXPO,Unknown:ADANIEXPO,2006-02-14,2006-02-15,58.45,152,55.28073063057224,66.37317342356941,2006-02-24,57.75,time,7.0,-1.1976047904191711,-1.5180101988024046,28.466098102400004
AEGISCHEM,Unknown:AEGISCHEM,2006-02-20,2006-02-21,243.0,35,216.08743695335818,310.28140761660455,2006-03-02,251.5,time,7.0,3.4979423868312765,3.170323556790124,27.863981495
AFTEKINFO,Unknown:AFTEKINFO,2006-02-20,2006-02-21,91.0,88,81.30898834992537,115.22752912518658,2006-03-02,94.5,time,7.0,3.8461538461538547,3.518000084615393,26.278553224000003
BANKBARODA,Banking,2006-02-22,2006-02-23,224.0,38,207.22812947109526,265.92967632226186,2006-03-06,225.8,time,7.0,0.8035714285714368,0.4800917612500083,27.5345892824
ADANIEXPO,Unknown:ADANIEXPO,2006-02-23,2006-02-24,57.75,147,53.96904887911593,67.20237780221018,2006-03-07,57.6,time,7.0,-0.2597402597402598,-0.5815864400000001,27.322326857700002
FEDERALBNK,Banking,2006-03-01,2006-03-02,171.9,50,161.67608510359983,197.45978724100044,2006-03-13,184.5,time,7.0,7.329842931937169,6.9963374366492115,28.66479732
FOURSOFT,Unknown:FOURSOFT,2006-03-01,2006-03-02,57.0,151,51.809675948654316,69.97581012836422,2006-03-13,53.0,time,7.0,-7.017543859649122,-7.329008526315789,26.80776386
ESSAROIL,Unknown:ESSAROIL,2006-03-03,2006-03-06,38.0,227,34.35356483455998,47.11608791360004,2006-03-16,38.7,time,7.0,1.8421052631579116,1.5170301731579117,28.040977263400002
ADANIEXPO,Unknown:ADANIEXPO,2006-03-06,2006-03-07,57.6,148,53.96200139040096,66.6949965239976,2006-03-17,55.2,time,7.0,-4.1666666666666625,-4.482510924999996,26.9250913344
AEGISCHEM,Unknown:AEGISCHEM,2006-03-10,2006-03-13,248.0,34,223.28802512432264,309.7799371891934,2006-03-23,251.25,time,7.0,1.310483870967749,0.9862254715725878,27.341468237
BPCL,Oil & Gas,2006-03-10,2006-03-13,421.75,20,393.0884910292731,493.40377242681734,2006-03-23,428.3,time,7.0,1.553052756372253,1.2284217163485422,27.382628226
ADANIEXPO,Unknown:ADANIEXPO,2006-03-16,2006-03-17,55.2,156,51.77059447145973,63.773513821350676,2006-03-24,51.77059447145973,stop,5.0,-6.212691174891793,-6.525392277178954,26.92731732015198
ANDHRABANK,Unknown:ANDHRABANK,2006-03-14,2006-03-16,84.0,101,78.36410460284112,98.0897384928972,2006-03-27,80.95,time,7.0,-3.630952380952379,-3.9476196174999982,26.866048348700005
AFTEKINFO,Unknown:AFTEKINFO,2006-03-22,2006-03-23,80.9,105,71.7373614774362,103.80659630640953,2006-04-03,78.0,time,7.0,-3.584672435105074,-3.901410768108782,26.905337697
ARVINDMILL,Unknown:ARVINDMILL,2006-03-22,2006-03-23,91.0,93,83.87487350914012,108.81281622714971,2006-04-03,102.1,time,7.0,12.197802197802199,11.856818416923078,28.857457375800003
ANDHRABANK,Unknown:ANDHRABANK,2006-03-24,2006-03-27,80.95,103,76.38735193321298,92.35662016696756,2006-04-05,88.5,time,7.0,9.326744904261886,8.990171716244593,28.062967557100002
BANKRAJAS,Unknown:BANKRAJAS,2006-03-24,2006-03-27,43.95,188,41.19904869442506,50.82737826393737,2006-04-05,48.05,time,7.0,9.328782707622274,8.992206389078474,27.809954896
J&KBANK,Unknown:J&KBANK,2006-04-04,2006-04-05,466.0,19,431.99930081214933,551.0017479696266,2006-04-13,431.99930081214933,stop,4.0,-7.296287379367095,-7.607323832991439,27.539167603899458
BIOCON,Pharma,2006-03-31,2006-04-03,449.6,19,421.18540625370207,520.636484365745,2006-04-17,440.0,time,7.0,-2.135231316725983,-2.4541963188612144,27.2472663424
BONGAIREFN,Unknown:BONGAIREFN,2006-03-31,2006-04-03,65.05,131,60.99993777698699,75.17515555753252,2006-04-17,68.95,time,7.0,5.995388162951576,5.663932691775558,28.245143704
IVRCLINFRA,Unknown:IVRCLINFRA,2006-04-04,2006-04-05,308.0,29,84.11761290160189,867.7059677459953,2006-04-19,293.5,time,7.0,-4.707792207792205,-5.022805174999998,28.136958230999998
AFTEKINFO,Unknown:AFTEKINFO,2006-04-13,2006-04-17,74.5,116,66.01517839655638,95.71205400860906,2006-04-26,75.4,time,7.0,1.2080536912751683,0.8839526477852353,28.008812178400007
APOLLOHOSP,Pharma,2006-04-13,2006-04-17,489.5,17,453.01208566805695,580.7197858298576,2006-04-26,491.95,time,7.0,0.5005107252298302,0.17749662764045332,26.8796181309
BANKINDIA,Banking,2006-04-13,2006-04-17,126.0,69,114.93386925391455,153.66532686521361,2006-04-26,123.4,time,7.0,-2.063492063492056,-2.382567273333326,27.7403987436
HDFC,Unknown:HDFC,2006-04-18,2006-04-19,1300.0,6,1216.9230206758093,1507.692448310477,2006-04-28,1252.2,time,7.0,-3.6769230769230776,-3.9935196920923084,24.6945359832
APOLLOHOSP,Pharma,2006-04-25,2006-04-26,491.95,17,458.5208671627833,575.5228320930418,2006-04-28,458.5208671627833,stop,2.0,-6.795229766686994,-7.1070359580434355,26.07681949242624
ANDHRABANK,Unknown:ANDHRABANK,2006-04-27,2006-04-28,78.6,110,72.91135164640615,92.8216208839846,2006-04-28,72.91135164640615,stop,0.0,-7.2374660987199135,-7.548592915124941,26.900024546378717
ALBK,Unknown:ALBK,2006-04-25,2006-04-26,78.0,110,72.71004802618724,91.22487993453191,2006-05-08,82.0,time,7.0,5.128205128205132,4.79808184615385,28.3245776
APOLLOHOSP,Pharma,2006-04-28,2006-05-02,485.0,15,450.1781323457124,572.0546691357189,2006-05-08,500.0,time,4.0,3.092783505154628,2.7657870907216386,23.788989150000003
ASTRAMICRO,Unknown:ASTRAMICRO,2006-04-25,2006-04-26,175.85,49,154.19821193317054,229.97947016707366,2006-05-08,187.7,time,7.0,6.738697753767409,6.40610039107193,28.6587506527
ANDHRABANK,Unknown:ANDHRABANK,2006-04-28,2006-05-02,82.9,101,76.51054081452001,98.8736479637,2006-05-10,87.0,time,6.0,4.945717732207466,4.615874792038588,27.617419537400004
ADLABSFILM,Unknown:ADLABSFILM,2006-05-09,2006-05-10,383.0,22,337.90000032814686,495.7499991796328,2006-05-15,337.90000032814686,stop,3.0,-11.775456833382025,-12.079612270432706,25.628137125890373
DWARKESH,Unknown:DWARKESH,2006-05-05,2006-05-08,220.1,39,192.65046631269382,288.72383421826544,2006-05-16,192.65046631269382,stop,6.0,-12.47139195243352,-12.77447827586,26.016626916605688
ESABINDIA,Unknown:ESABINDIA,2006-05-05,2006-05-08,447.65,19,394.59643442346317,580.283913941342,2006-05-16,394.59643442346317,stop,6.0,-11.851572786001741,-12.155611291746993,25.85953904840376
CIPLA,Pharma,2006-05-05,2006-05-08,277.4,31,192.02631310903269,490.8342172274182,2006-05-17,266.5,time,7.0,-3.9293439077144887,-4.245552747440517,27.1920629634
ADLABSFILM,Unknown:ADLABSFILM,2006-05-15,2006-05-16,337.7,23,295.36529855716896,443.53675360707757,2006-05-18,295.36529855716896,stop,2.0,-12.53618639112557,-12.839173175650677,23.533286540849566
APTECHT,Unknown:APTECHT,2006-05-16,2006-05-17,110.9,70,96.96162938920622,145.74592652698448,2006-05-18,96.96162938920622,stop,1.0,-12.568413535431722,-12.87135081177984,23.517020762904394
APIL,Unknown:APIL,2006-05-16,2006-05-17,324.95,24,280.2495397064646,436.7011507338386,2006-05-19,280.2495397064646,stop,2.0,-13.756104106334943,-14.057216821548085,23.48317843404248
ABB,Capital Goods,2006-05-18,2006-05-19,2848.0,2,2530.4285476301793,3641.928630924552,2006-05-19,2530.4285476301793,stop,0.0,-11.150683018603258,-11.455798249432322,17.37936354802344
APOLLOHOSP,Pharma,2006-05-16,2006-05-17,468.9,16,426.3811433467647,575.1971416330882,2006-05-22,426.3811433467647,stop,3.0,-9.067787727284127,-9.376102756014992,23.131026715504433
ADLABSFILM,Unknown:ADLABSFILM,2006-05-18,2006-05-19,308.0,23,258.1683895517858,432.5790261205355,2006-05-22,258.1683895517858,stop,1.0,-16.179094301368234,-16.47648475604602,21.067139809374382
ABB,Capital Goods,2006-05-19,2006-05-22,2650.0,2,2306.8265085137377,3507.9337287156554,2006-05-22,2306.8265085137377,stop,0.0,-12.949943074953296,-13.252294235703033,16.024611519736048
AFTEKINFO,Unknown:AFTEKINFO,2006-05-19,2006-05-22,71.0,97,56.36345489682976,107.59136275792561,2006-05-22,56.36345489682976,stop,0.0,-20.61485225798626,-20.905428385961383,20.011977933646712
ABB,Capital Goods,2006-05-22,2006-05-23,2400.0,2,1995.6531864770423,3410.8670338073944,2006-05-23,1995.6531864770423,stop,0.0,-16.847783896789903,-17.144147093125273,14.225433424097762
ADLABSFILM,Unknown:ADLABSFILM,2006-05-22,2006-05-23,256.0,24,196.34825425638672,405.12936435903316,2006-05-25,290.2,time,2.0,13.359374999999996,13.016606780781247,21.059679388800003
ABB,Capital Goods,2006-05-23,2006-05-24,2620.0,1,2139.535101728682,3821.162245678295,2006-05-30,2580.0,time,4.0,-1.526717557251911,-1.846617374045804,8.3813752
ADLABSFILM,Unknown:ADLABSFILM,2006-05-24,2006-05-25,290.2,22,227.83395392514979,446.1151151871255,2006-05-30,311.5,time,3.0,7.339765678842181,7.006244939972436,21.2932980524
ABB,Capital Goods,2006-05-29,2006-05-30,2580.0,2,2111.860507092693,3750.348732268268,2006-05-31,2400.0,time,1.0,-6.976744186046513,-7.28827153023256,16.07481096
AFTEKINFO,Unknown:AFTEKINFO,2006-05-22,2006-05-23,62.0,99,46.030350975627634,101.92412256093091,2006-05-31,67.25,time,6.0,8.467741935483875,8.132488370161294,20.5778638395
3IINFOTECH,Unknown:3IINFOTECH,2006-05-22,2006-05-23,167.8,38,139.84261954116357,237.69345114709108,2006-06-01,175.0,time,7.0,4.290822407628125,3.9619855346841444,20.9679543664
ABB,Capital Goods,2006-05-30,2006-05-31,2400.0,2,1939.5918994432147,3551.020251391963,2006-06-01,2368.9,time,1.0,-1.2958333333333294,-1.616087840474996,15.3722163428
ADLABSFILM,Unknown:ADLABSFILM,2006-05-30,2006-05-31,300.0,22,243.36891290233763,441.5777177441559,2006-06-01,322.0,time,1.0,7.333333333333325,6.999822475999991,22.011716584
ABB,Capital Goods,2006-05-31,2006-06-01,2368.9,2,1916.7853351972708,3499.186662006823,2006-06-02,2277.0,time,1.0,-3.8794377137067904,-4.195723220625613,14.984974746799999
ABANLOYD,Unknown:ABANLOYD,2006-05-31,2006-06-01,1060.9,6,893.0956573817873,1480.4108565455322,2006-06-07,893.0956573817873,stop,4.0,-15.817168688680628,-16.11511514289469,18.96548359654196
AFTEKINFO,Unknown:AFTEKINFO,2006-05-31,2006-06-01,63.0,104,49.61751121194242,96.45622197014396,2006-06-07,49.61751121194242,stop,4.0,-21.24204569532949,-21.531658312439138,18.975418673024055
3IINFOTECH,Unknown:3IINFOTECH,2006-06-01,2006-06-02,168.25,32,142.92564768093933,231.5608807976517,2006-06-07,142.92564768093933,stop,3.0,-15.051620992012282,-15.350743500502206,16.104755857097558
AMTEKAUTO,Unknown:AMTEKAUTO,2006-05-29,2006-05-30,291.0,21,242.177970368922,413.05507407769505,2006-06-08,278.0,time,7.0,-4.467353951890029,-4.782736286597933,19.273014474
ABB,Capital Goods,2006-06-07,2006-06-08,2180.0,2,1764.1477757805533,3219.630560548617,2006-06-09,2161.0,time,1.0,-0.8715596330275188,-1.1924659204587114,13.991514132
ABANLOYD,Unknown:ABANLOYD,2006-06-07,2006-06-08,811.65,7,660.4155289021239,1189.7361777446902,2006-06-12,817.0,time,2.0,0.6591511119324878,0.33589330685640817,18.3660538243
ABB,Capital Goods,2006-06-08,2006-06-09,2161.0,2,1710.7086489390852,3286.7283776522872,2006-06-12,2290.0,time,1.0,5.969458583988896,5.638042946506249,14.323783852
3IINFOTECH,Unknown:3IINFOTECH,2006-06-07,2006-06-08,140.0,42,114.3254522442552,204.186369389362,2006-06-13,135.7,time,3.0,-3.0714285714285805,-3.388955363000009,18.6705753444
ABANLOYD,Unknown:ABANLOYD,2006-06-09,2006-06-12,817.0,7,672.4197672676477,1178.4505818308808,2006-06-14,672.4197672676477,stop,2.0,-17.696478914608605,-17.99153832359153,16.874447599733564
3IINFOTECH,Unknown:3IINFOTECH,2006-06-12,2006-06-13,135.7,43,108.50547324366933,203.68631689082662,2006-06-19,145.0,time,4.0,6.8533529845246965,6.520579485482692,19.4176664426
ABANLOYD,Unknown:ABANLOYD,2006-06-14,2006-06-15,715.0,7,567.432371970489,1083.9190700737774,2006-06-19,929.25,time,2.0,29.965034965034974,29.596756699230777,18.4323272035
ABB,Capital Goods,2006-06-09,2006-06-12,2290.0,2,1846.3008883005791,3399.2477792485524,2006-06-19,2085.5,time,5.0,-8.930131004366814,-9.2386575049345,14.130513726
ACC,Unknown:ACC,2006-06-07,2006-06-08,710.0,6,589.670813938987,1010.8229651525326,2006-06-19,732.0,time,7.0,3.0985915492957705,2.771586212394362,13.930427352000002
3IINFOTECH,Unknown:3IINFOTECH,2006-06-16,2006-06-19,145.0,41,117.2908585306237,214.27285367344075,2006-06-22,159.0,time,3.0,9.6551724137931,9.318094686896547,20.039270864000002
ADLABSFILM,Unknown:ADLABSFILM,2006-06-16,2006-06-19,210.05,28,152.07003205692837,354.9999198576792,2006-06-28,208.1,time,7.0,-0.9283503927636327,-1.249169436753159,18.8686512532
AFTEKINFO,Unknown:AFTEKINFO,2006-06-16,2006-06-19,47.8,127,34.88732161653836,80.08169595865411,2006-06-28,49.6,time,7.0,3.765690376569042,3.4376602251046067,19.9133983748
ALBK,Unknown:ALBK,2006-06-16,2006-06-19,69.5,50,60.13958096107945,92.90104759730137,2006-06-28,72.05,time,7.0,3.669064748201434,3.3411830355395633,11.393889515
ALOKTEXT,Unknown:ALOKTEXT,2006-06-21,2006-06-22,62.0,104,51.07857531057437,89.30356172356406,2006-07-03,56.55,time,7.0,-8.79032258064517,-9.099063858548396,19.9076375992
CORPBANK,Unknown:CORPBANK,2006-06-27,2006-06-28,229.0,26,187.51100594108217,332.7224851472946,2006-07-07,228.0,time,7.0,-0.4366812227074246,-0.7582555816593897,19.146537332
GAMMONIND,Unknown:GAMMONIND,2006-06-27,2006-06-28,316.15,19,252.94583064294562,474.16042339263583,2006-07-07,360.0,time,7.0,13.869998418472251,13.526445766281835,20.6366924881
HINDCONS,Unknown:HINDCONS,2006-06-27,2006-06-28,95.0,40,73.23174059607337,149.4206485098166,2006-07-07,107.0,time,7.0,12.631578947368416,12.289928787368416,12.98270608
ALBK,Unknown:ALBK,2006-06-30,2006-07-03,64.2,91,54.44846583968514,88.57883540078716,2006-07-12,56.0,time,7.0,-12.772585669781932,-13.075209291588786,17.6798772332
BHARTISHIP,Unknown:BHARTISHIP,2006-07-06,2006-07-07,307.1,20,252.94667563102965,442.48331092242597,2006-07-18,296.75,time,7.0,-3.3702377075871093,-3.6873054607945335,19.474301402000002
UNITECH,Unknown:UNITECH,2006-07-06,2006-07-07,290.05,21,-1071.612258494583,3694.205646236458,2006-07-18,202.7,time,7.0,-30.115497328046892,-30.391478318048616,16.810140091500003
MPHASISBFL,Unknown:MPHASISBFL,2006-07-07,2006-07-10,138.7,34,119.07707460857401,187.75731347856492,2006-07-19,135.0,time,7.0,-2.667627974044695,-2.9857750945926402,15.003181910799999
ALBK,Unknown:ALBK,2006-07-11,2006-07-12,56.0,91,48.406588444924495,74.98352888768876,2006-07-21,55.05,time,7.0,-1.6964285714285765,-2.016067673750005,16.2888086543
ASTRAMICRO,Unknown:ASTRAMICRO,2006-07-17,2006-07-18,193.4,29,168.7428833331494,255.04279166712655,2006-07-26,168.7428833331494,stop,6.0,-12.749284729498767,-13.051944146815908,16.974956079649175
BANKINDIA,Banking,2006-07-17,2006-07-18,85.55,53,74.31177724466096,113.64555688834761,2006-07-27,103.5,time,7.0,20.981881940385747,20.627403827819997,16.0725693409
CANBK,Banking,2006-07-18,2006-07-19,180.0,25,157.71398495175006,235.71503762062486,2006-07-28,190.0,time,7.0,5.555555555555558,5.224775766666669,14.8850905
ALBK,Unknown:ALBK,2006-07-20,2006-07-21,55.05,93,48.466711072884436,71.50822231778889,2006-08-01,64.5,time,7.0,17.166212534059945,16.817596152043595,17.8479386019
ASTRAMICRO,Unknown:ASTRAMICRO,2006-07-26,2006-07-27,172.0,34,147.857648255001,232.3558793624975,2006-08-07,155.1,time,7.0,-9.825581395348838,-10.132732281744186,17.9621838364
BALRAMCHIN,Unknown:BALRAMCHIN,2006-07-26,2006-07-27,90.9,49,74.1797137974291,132.70071550642726,2006-08-07,99.0,time,7.0,8.910891089108897,8.57495674653464,14.962851552600002
AMTEKAUTO,Unknown:AMTEKAUTO,2006-07-27,2006-07-28,273.85,17,249.25930239659263,335.3267440085185,2006-08-08,292.7,time,7.0,6.883330290304901,6.550510739346347,15.4942477851
DHAMPURSUG,Unknown:DHAMPURSUG,2006-07-31,2006-08-01,101.9,58,84.11320604865816,146.36698487835463,2006-08-10,122.7,time,7.0,20.41216879293424,20.058565888518146,20.898638856800005
ASTRAMICRO,Unknown:ASTRAMICRO,2006-08-04,2006-08-07,155.1,39,133.87556990809213,208.16107522976964,2006-08-17,177.9,time,7.0,14.700193423597696,14.355365404255336,20.858302062
HAVELLS,Consumer Durables,2006-08-04,2006-08-07,291.0,14,225.65689369761577,454.3577657559606,2006-08-17,299.0,time,7.0,2.7491408934707806,2.4226723917525677,13.30032676
HEROHONDA,Unknown:HEROHONDA,2006-08-07,2006-08-08,680.0,7,630.9297069700202,802.6757325749494,2006-08-18,697.1,time,7.0,2.514705882352941,2.1885975257941177,15.522757772200002
TCS,IT,2006-08-09,2006-08-10,961.0,6,779.2263624434936,1415.434093891266,2006-08-22,972.0,time,7.0,1.144640998959412,0.8206373716961444,18.682049148000004
CROMPGREAV,Unknown:CROMPGREAV,2006-08-16,2006-08-17,212.0,30,50.520716225636676,615.6982094359083,2006-08-28,209.4,time,7.0,-1.2264150943396168,-1.5467762435848997,20.374969092
LUPIN,Pharma,2006-08-16,2006-08-17,517.5,12,386.7346675833751,844.4133310415623,2006-08-28,537.0,time,7.0,3.7681159420289934,3.440082064347834,20.370903804
CROMPGREAV,Unknown:CROMPGREAV,2006-08-25,2006-08-28,209.4,30,106.13878238063825,467.55304404840444,2006-09-06,217.9,time,7.0,4.059216809933153,3.7307357355300965,20.635181094
LUPIN,Pharma,2006-08-25,2006-08-28,537.0,12,437.89966363649916,784.750840908752,2006-09-06,504.9,time,7.0,-5.977653631284918,-6.290715804357544,20.173726432800002
DRREDDY,Pharma,2006-08-28,2006-08-29,721.1,8,510.51650985524213,1247.5587253618946,2006-09-07,730.0,time,7.0,1.2342254888364934,0.9100842395506801,18.6990603888
BAJAJHIND,Unknown:BAJAJHIND,2006-08-29,2006-08-30,323.0,15,284.92776608466284,418.18058478834286,2006-09-08,326.0,time,7.0,0.9287925696594534,0.6051205343653359,15.68191011
CADILAHC,Unknown:CADILAHC,2006-09-05,2006-09-06,343.8,18,269.70050692930624,529.0487326767344,2006-09-15,330.0,time,7.0,-4.013961605584648,-4.330040453403147,19.5602234184
EIDPARRY,Unknown:EIDPARRY,2006-09-05,2006-09-06,170.0,37,153.22859573579206,211.92851066051986,2006-09-15,168.8,time,7.0,-0.7058823529411673,-1.027043158117638,20.2010146456
DRREDDY,Pharma,2006-09-06,2006-09-07,730.0,8,589.3159682808032,1081.710079297992,2006-09-18,747.0,time,7.0,2.328767123287667,2.0029444106849277,19.028046416
SAKHTISUG,Unknown:SAKHTISUG,2006-09-07,2006-09-08,130.0,39,113.60003392337447,170.99991519156384,2006-09-19,127.2,time,7.0,-2.1538461538461506,-2.472782559384612,16.1700757608
CADILAHC,Unknown:CADILAHC,2006-09-14,2006-09-15,330.0,19,279.2272870405882,456.93178239852955,2006-09-26,330.1,time,7.0,0.03030303030304715,-0.2919887219999831,20.2076928694
HOTELEELA,Unknown:HOTELEELA,2006-09-14,2006-09-15,72.4,82,28.668407465190427,181.72898133702395,2006-09-26,67.7,time,7.0,-6.491712707182328,-6.803985169337024,18.538991533200004
ASTRAMICRO,Unknown:ASTRAMICRO,2006-09-18,2006-09-19,160.3,39,146.32265374205153,195.2433656448712,2006-09-28,169.9,time,7.0,5.988771054273223,5.657325748471601,20.7209661828
VIDEOIND,Unknown:VIDEOIND,2006-09-18,2006-09-19,402.0,11,365.81778544361146,492.45553639097136,2006-09-28,407.95,time,7.0,1.480099502487553,1.1555805351492445,14.3502287357
ALPSINDUS,Unknown:ALPSINDUS,2006-09-25,2006-09-26,70.35,88,48.20217869871492,125.7195532532127,2006-10-06,64.9,time,7.0,-7.746979388770415,-8.057323477611922,19.212781852
BAJAJHIND,Unknown:BAJAJHIND,2006-09-25,2006-09-26,300.0,19,270.61971428765986,373.45071428085043,2006-10-06,324.5,time,7.0,8.166666666666679,7.8318756210000116,19.083089603
EIDPARRY,Unknown:EIDPARRY,2006-09-27,2006-09-28,154.95,40,143.10135598094524,184.57161004763688,2006-10-10,166.9,time,7.0,7.712165214585354,7.378072385866412,20.707073524000002
HOTELEELA,Unknown:HOTELEELA,2006-09-27,2006-09-28,67.0,75,41.35568539160906,131.11078652097734,2006-10-10,66.15,time,7.0,-1.2686567164179041,-1.5889529729850682,16.0948868925
ALPSINDUS,Unknown:ALPSINDUS,2006-10-05,2006-10-06,64.9,98,49.50046606517654,103.39883483705867,2006-10-17,66.2,time,7.0,2.003081664098616,1.6777592779661044,20.691154402800002
GLENMARK,Pharma,2006-10-05,2006-10-06,299.95,18,271.18673638959586,371.8581590260103,2006-10-17,336.0,time,7.0,12.018669778296399,11.677961185297566,18.3951976446
GUJNRECOKE,Unknown:GUJNRECOKE,2006-10-09,2006-10-10,35.25,185,28.368115113253673,52.454712216865815,2006-10-19,33.0,time,7.0,-6.382978723404253,-6.695418225531913,20.3749610325
LT,Capital Goods,2006-10-09,2006-10-10,1300.0,3,1054.7097745190297,1913.2255637024257,2006-10-19,1313.1,time,7.0,1.0076923076923094,0.6838990645692324,12.627936481799999
GUJALKALI,Unknown:GUJALKALI,2006-10-16,2006-10-17,167.9,38,154.51701209176875,201.35746977057815,2006-10-20,154.51701209176875,stop,3.0,-7.970808760113912,-8.280808996455598,19.778635079072203
AUROPHARMA,Pharma,2006-10-16,2006-10-17,610.0,10,574.1961371549281,699.5096571126796,2006-10-30,606.0,time,7.0,-0.6557377049180357,-0.9769755436065604,19.59550816
GUJALKALI,Unknown:GUJALKALI,2006-10-20,2006-10-23,161.45,36,147.30485428865595,196.8128642783601,2006-10-30,158.0,time,3.0,-2.1368844843604795,-2.4558469468566084,18.538736245200003
GUJNRECOKE,Unknown:GUJNRECOKE,2006-10-18,2006-10-19,33.0,193,28.22922478880841,44.92693802797898,2006-11-01,32.9,time,7.0,-0.303030303030305,-0.624809980000002,20.494147626200004
HINDOILEXP,Unknown:HINDOILEXP,2006-10-18,2006-10-19,104.8,47,95.97936408197201,126.85158979506997,2006-11-01,98.9,time,7.0,-5.629770992366401,-5.943367591793882,15.4465141014
GUJALKALI,Unknown:GUJALKALI,2006-10-27,2006-10-30,158.0,37,144.36855498257185,192.0786125435704,2006-11-03,152.6,time,4.0,-3.417721518987349,-3.734716326329121,18.5315164372
ARVINDMILL,Unknown:ARVINDMILL,2006-11-02,2006-11-03,61.7,93,56.920673447069476,73.64831638232633,2006-11-06,56.920673447069476,stop,1.0,-7.7460722089635725,-8.056417691438286,17.807934129881495
GLAXO,Unknown:GLAXO,2006-10-27,2006-10-30,1168.0,5,1102.1887726864734,1332.5280682838165,2006-11-08,1162.05,time,7.0,-0.5094178082191814,-0.830880427337332,18.7734169565
AFTEKINFO,Unknown:AFTEKINFO,2006-10-31,2006-11-01,53.55,115,48.28251016194955,66.7187245951261,2006-11-10,53.0,time,7.0,-1.0270774976657293,-1.3477448745098002,19.7474987345
BIOCON,Pharma,2006-10-31,2006-11-01,365.0,13,344.1515057017739,417.12123574556534,2006-11-10,362.0,time,7.0,-0.8219178082191747,-1.1429003567123255,15.230621926
ARVINDMILL,Unknown:ARVINDMILL,2006-11-06,2006-11-07,58.5,90,53.41476434976909,71.2130891255773,2006-11-14,56.9,time,5.0,-2.7350427350427364,-3.0530862912820527,16.744993236
ARVINDMILL,Unknown:ARVINDMILL,2006-11-13,2006-11-14,56.9,91,52.11103929857874,68.87240175355315,2006-11-16,54.35,time,2.0,-4.481546572934969,-4.796907104569415,16.329052967499997
ASIANELEC,Unknown:ASIANELEC,2006-11-07,2006-11-08,499.0,11,459.9018751672413,596.7453120818967,2006-11-17,484.0,time,7.0,-3.006012024048099,-3.323639310220444,17.434561738
BAJAJAUTO,Unknown:BAJAJAUTO,2006-11-09,2006-11-10,2620.0,2,2445.956246704054,3055.109383239864,2006-11-21,2575.0,time,7.0,-1.717557251908397,-2.037163895801527,16.74738814
BIOCON,Pharma,2006-11-09,2006-11-10,362.0,16,340.1949922773021,416.51251930674476,2006-11-21,348.25,time,7.0,-3.7983425414364613,-4.114752628867401,18.326472264000003
ARVINDMILL,Unknown:ARVINDMILL,2006-11-16,2006-11-17,53.0,100,48.28759232470025,64.78101918824937,2006-11-23,51.95,time,4.0,-1.9811320754716921,-2.3003338088679186,16.91769187
ARVINDMILL,Unknown:ARVINDMILL,2006-11-22,2006-11-23,51.95,100,47.28351271308215,63.61621821729463,2006-11-28,52.4,time,3.0,0.8662175168431041,0.5426416109720743,16.80976831
ASIANELEC,Unknown:ASIANELEC,2006-11-20,2006-11-21,488.0,11,448.7093353054011,586.2266617364972,2006-11-30,468.0,time,7.0,-4.098360655737709,-4.414309847540988,16.960152616000002
AUROPHARMA,Pharma,2006-11-20,2006-11-21,588.25,9,549.069920486395,686.2001987840126,2006-11-30,609.0,time,7.0,3.5274118147046396,3.199747712962183,17.347356706499998
ARVINDMILL,Unknown:ARVINDMILL,2006-11-27,2006-11-28,52.4,99,47.55456539017546,64.51358652456133,2006-12-04,54.0,time,4.0,3.053435114503822,2.726499148091608,16.9601301936
BAJAJHIND,Unknown:BAJAJHIND,2006-11-29,2006-11-30,258.9,19,233.23492674156296,323.0626831460925,2006-12-04,233.23492674156296,stop,2.0,-9.913122154668608,-10.22013855867343,15.102443929401204
ASIANELEC,Unknown:ASIANELEC,2006-11-29,2006-11-30,468.0,12,428.6467700179064,566.383074955234,2006-12-11,468.35,time,7.0,0.07478632478632452,-0.2475737639102567,18.103742581200002
BAJAJHIND,Unknown:BAJAJHIND,2006-12-04,2006-12-05,247.0,17,215.48113485831408,325.7971628542148,2006-12-11,255.8,time,4.0,3.5627530364372495,3.2350346425910956,13.760895357600003
BILT,Unknown:BILT,2006-12-08,2006-12-11,114.0,52,104.59629390778349,137.5092652305413,2006-12-12,104.59629390778349,stop,1.0,-8.248864993172377,-8.558438072299376,18.351492130648488
BALRAMCHIN,Unknown:BALRAMCHIN,2006-12-01,2006-12-04,82.0,66,74.74688798053857,100.13278004865356,2006-12-13,81.25,time,7.0,-0.9146341463414642,-1.2354742615853667,17.363867037
BPCL,Oil & Gas,2006-12-08,2006-12-11,332.0,12,309.91578595693693,387.2105351076576,2006-12-20,327.0,time,7.0,-1.5060240963855387,-1.8259557030120446,12.746075208
3IINFOTECH,Unknown:3IINFOTECH,2006-12-12,2006-12-13,176.0,32,163.39808756687512,207.50478108281223,2006-12-22,175.0,time,7.0,-0.5681818181818232,-0.8895541625000051,18.099690432000003
ALOKTEXT,Unknown:ALOKTEXT,2006-12-12,2006-12-13,63.8,84,58.03117610959948,78.22205972600129,2006-12-22,67.1,time,7.0,5.1724137931034475,4.842222596551723,17.695606605600002
ANDHRABANK,Unknown:ANDHRABANK,2006-12-19,2006-12-20,86.0,45,78.62449970881511,104.43875072796223,2007-01-02,86.75,time,7.0,0.8720930232558155,0.5485080912790713,12.5227368675
AMARAJABAT,Unknown:AMARAJABAT,2006-12-21,2006-12-22,382.0,15,351.9837684588523,457.0405788528692,2007-01-04,401.1,time,7.0,5.000000000000004,4.670073670000004,18.904778709
ASIANELEC,Unknown:ASIANELEC,2006-12-21,2006-12-22,445.0,12,395.96208975838596,567.594775604035,2007-01-04,469.0,time,7.0,5.393258426966296,5.062727963146072,17.650326768
BHEL,Capital Goods,2006-12-29,2007-01-02,2319.0,1,2167.1259465826242,2698.6851335434394,2007-01-10,2167.1259465826242,stop,6.0,-6.5491183017410854,-6.861302575928875,7.239553318414838
HINDLEVER,Unknown:HINDLEVER,2007-01-03,2007-01-04,213.0,27,199.86282119282527,245.84294701793686,2007-01-15,221.8,time,7.0,4.131455399061035,3.802863349859157,18.8973287496
INDIABULLS,Unknown:INDIABULLS,2007-01-03,2007-01-04,311.0,18,182.56295071494753,632.0926232126312,2007-01-15,281.55,time,7.0,-9.469453376205783,-9.777151355723468,17.224932893400002
ALBK,Unknown:ALBK,2007-01-10,2007-01-11,88.15,47,82.75792639038306,101.63018402404236,2007-01-22,90.9,time,7.0,3.119682359614284,2.792644622461703,13.5493369691
INDIABULLS,Unknown:INDIABULLS,2007-01-12,2007-01-15,281.55,20,191.83349586128023,505.84126034679946,2007-01-24,306.1,time,7.0,8.719587995027522,8.383947537240273,18.899914178000003
BHEL,Capital Goods,2007-01-15,2007-01-16,2205.0,2,2053.9212805899115,2582.6967985252213,2007-01-25,2390.0,time,7.0,8.390022675736963,8.054888504761907,14.77941694
BALRAMCHIN,Unknown:BALRAMCHIN,2007-01-24,2007-01-25,77.0,66,69.70058081394654,95.24854796513365,2007-01-31,69.70058081394654,stop,2.0,-9.479765176692801,-9.787447314954472,15.636406266458065
BAJAJHIND,Unknown:BAJAJHIND,2007-01-23,2007-01-24,187.5,31,164.40659703797772,245.23350740505572,2007-02-01,164.40659703797772,stop,4.0,-12.31648157974522,-12.619805880513894,17.630724982179196
BRFL,Unknown:BRFL,2007-01-19,2007-01-22,210.4,25,188.12138696265575,266.0965325933606,2007-02-02,213.0,time,7.0,1.2357414448669113,0.9115978667300291,17.04995221
BAJAJHIND,Unknown:BAJAJHIND,2007-02-01,2007-02-02,165.0,34,142.25097119879712,221.8725720030072,2007-02-06,160.0,time,2.0,-3.0303030303030276,-3.3478929999999973,17.816797299999998
BALRAMCHIN,Unknown:BALRAMCHIN,2007-01-31,2007-02-01,67.5,68,59.853927131282994,86.61518217179251,2007-02-07,67.8,time,4.0,0.4444444444444473,0.1215164773333362,14.8223936904
BALRAMCHIN,Unknown:BALRAMCHIN,2007-02-06,2007-02-07,67.8,68,60.5530667637592,85.917333090602,2007-02-12,60.0,time,3.0,-11.504424778761058,-11.80899658230088,14.0419784304
BIRLAJUTE,Unknown:BIRLAJUTE,2007-02-01,2007-02-02,315.0,15,285.3530972923843,389.1172567690393,2007-02-12,285.3530972923843,stop,6.0,-9.411715145274824,-9.719501823764059,14.542920558616355
BAJAJHIND,Unknown:BAJAJHIND,2007-02-05,2007-02-06,160.0,34,138.16537822753423,214.5865544311644,2007-02-12,138.16537822753423,stop,4.0,-13.646638607791106,-13.947919486749214,16.38967981532105
ALBK,Unknown:ALBK,2007-02-09,2007-02-12,86.0,47,81.18817549580646,98.02956126048385,2007-02-13,81.18817549580646,stop,1.0,-5.595144772318072,-5.908794565445073,12.677724638193377
ALBK,Unknown:ALBK,2007-02-13,2007-02-14,81.0,47,75.43062070811884,94.92344822970291,2007-02-22,81.9,time,5.0,1.1111111111111072,0.7871589933333294,12.3328571238
ALOKTEXT,Unknown:ALOKTEXT,2007-02-12,2007-02-13,64.25,82,59.668296569637285,75.70425857590679,2007-02-23,63.4,time,7.0,-1.3229571984435862,-1.6431700371984501,16.8704134098
ALPSINDUS,Unknown:ALPSINDUS,2007-02-12,2007-02-13,66.0,56,59.291575398023824,82.77106150494045,2007-02-23,66.6,time,7.0,0.9090909090909038,0.5854491399999947,11.9617997856
ACC,Unknown:ACC,2007-02-22,2007-02-23,975.0,5,906.544990606828,1146.13752348293,2007-02-23,906.544990606828,stop,0.0,-7.0210266044278935,-7.33248592081148,15.183641673699825
ALBK,Unknown:ALBK,2007-02-22,2007-02-23,77.9,52,70.9714646174126,95.22133845646852,2007-02-26,78.0,time,1.0,0.12836970474967568,-0.19407270012837313,13.061496936800001
AIAENG,Unknown:AIAENG,2007-02-21,2007-02-22,1270.0,3,1139.1605078089299,1597.0987304776752,2007-03-05,1156.0,time,7.0,-8.976377952755909,-9.28483340755906,11.752152828
ACC,Unknown:ACC,2007-02-23,2007-02-26,909.9,5,834.9060627063403,1097.3848432341492,2007-03-05,834.9060627063403,stop,5.0,-8.24199772432791,-8.551581353131857,14.084507192435552
ALBK,Unknown:ALBK,2007-02-23,2007-02-26,78.0,51,71.21636000188312,94.95909999529219,2007-03-06,74.5,time,6.0,-4.487179487179482,-4.80253136538461,12.544697715000002
AIAENG,Unknown:AIAENG,2007-03-02,2007-03-05,1156.0,3,1013.6370862937757,1511.9072842655607,2007-03-14,1170.0,time,7.0,1.211072664359869,0.8869669830449902,11.239985028
ABIRLANUVO,Unknown:ABIRLANUVO,2007-03-05,2007-03-06,1150.0,3,1027.973586251236,1455.0660343719103,2007-03-14,1027.973586251236,stop,6.0,-10.610992499892525,-10.916936817328386,10.555078951537174
ABB,Capital Goods,2007-03-05,2007-03-06,3440.0,1,3151.0763866083703,4162.309033479074,2007-03-15,3550.0,time,7.0,3.197674418604657,2.8705168680232616,11.25421974
ACC,Unknown:ACC,2007-03-13,2007-03-14,722.1,6,598.0497227099797,1032.225693225051,2007-03-23,755.0,time,7.0,4.556155657111205,4.226911172330704,14.2648465476
ABIRLANUVO,Unknown:ABIRLANUVO,2007-03-14,2007-03-15,1039.95,4,904.3971534428515,1378.8321163928713,2007-03-26,1080.0,time,7.0,3.851146689744689,3.522985258070089,13.6508592348
ADLABSFILM,Unknown:ADLABSFILM,2007-03-14,2007-03-15,401.5,6,354.55695690481747,518.8576077379563,2007-03-26,430.0,time,7.0,7.098381070983817,6.765231153424664,8.025581514
BINDALAGRO,Unknown:BINDALAGRO,2007-03-23,2007-03-26,34.35,63,30.448699932451092,44.10325016887227,2007-04-02,30.448699932451092,stop,4.0,-11.357496557638747,-11.662294076131992,6.595970698953066
ACC,Unknown:ACC,2007-03-22,2007-03-23,755.0,6,657.2411307123654,999.3971732190867,2007-04-04,680.0,time,7.0,-9.93377483443708,-10.240759511258274,13.90640586
AMTEKINDIA,Unknown:AMTEKINDIA,2007-03-23,2007-03-26,147.25,34,133.6118998025828,181.345250493543,2007-04-05,140.0,time,7.0,-4.923599320882854,-5.238280759592532,15.754526229
ADLABSFILM,Unknown:ADLABSFILM,2007-04-02,2007-04-03,398.0,4,361.4140058293451,489.46498542663716,2007-04-13,425.0,time,7.0,6.78391959798994,6.451252764321598,5.296055992
ANDHRABANK,Unknown:ANDHRABANK,2007-04-03,2007-04-04,72.35,60,65.97182358014881,88.29544104962795,2007-04-16,76.9,time,7.0,6.288873531444383,5.956967200414667,14.408053830000002
ASHOKLEY,Auto,2007-04-04,2007-04-05,35.7,134,31.84728068086733,45.33179829783169,2007-04-17,38.4,time,7.0,7.563025210084029,7.229161494117642,15.9713724444
AMTEKINDIA,Unknown:AMTEKINDIA,2007-04-12,2007-04-13,138.0,12,126.61404543695784,166.4648864076054,2007-04-24,151.9,time,7.0,10.072463768115947,9.73474498739131,5.5926230088
PUNJLLOYD,Unknown:PUNJLLOYD,2007-04-13,2007-04-16,168.35,27,81.958052850665,384.3298678733375,2007-04-25,187.9,time,7.0,11.612711612711625,11.272626663201676,15.458391337500002
BEML,Capital Goods,2007-04-18,2007-04-19,969.0,5,887.4136264625411,1172.9659338436472,2007-04-30,985.0,time,7.0,1.6511867905056654,1.326404994427234,15.735678020000002
ANSALINFRA,Unknown:ANSALINFRA,2007-04-23,2007-04-24,270.15,8,186.47758669010483,479.3310332747378,2007-05-07,289.0,time,7.0,6.977605034240253,6.644640655968922,7.196026143200001
GEOINFO,Unknown:GEOINFO,2007-04-24,2007-04-25,221.0,23,197.65711392957198,279.3572151760701,2007-05-08,226.55,time,7.0,2.5113122171945834,2.1852090740724113,16.575822764900003
CIPLA,Pharma,2007-04-27,2007-04-30,219.9,22,195.87441064923698,279.9639733769076,2007-05-11,207.0,time,7.0,-5.866302864938611,-6.179536097953617,15.1535973468
ANSALINFRA,Unknown:ANSALINFRA,2007-05-04,2007-05-07,289.0,8,223.20952931223138,453.4761767194216,2007-05-16,320.0,time,7.0,10.726643598615926,10.387919849826998,7.831293072
GHCL,Unknown:GHCL,2007-05-07,2007-05-08,137.0,37,119.82252877852709,179.94367805368228,2007-05-17,128.65,time,7.0,-6.094890510948902,-6.407772581678829,15.8599921653
CIPLA,Pharma,2007-05-10,2007-05-11,207.0,22,187.6115772604298,255.4710568489255,2007-05-22,208.0,time,7.0,0.48309178743961567,0.16010444927536444,14.708843380000001
REIAGRO,Unknown:REIAGRO,2007-05-15,2007-05-16,174.0,15,149.48749775149156,235.2812556212711,2007-05-25,180.0,time,7.0,3.4482758620689724,3.1207333310344896,8.548860059999999
GHCL,Unknown:GHCL,2007-05-16,2007-05-17,128.65,38,114.12080491359434,164.9729877160142,2007-05-28,134.9,time,7.0,4.858142246404973,4.528433841974347,16.118454767400003
BAJAJAUTO,Unknown:BAJAJAUTO,2007-05-21,2007-05-22,2244.0,2,1986.3035819508086,2888.2410451229784,2007-05-31,2220.0,time,7.0,-1.0695187165775444,-1.3901208941176515,14.388625728000001
DRREDDY,Pharma,2007-05-24,2007-05-25,631.1,4,588.6588162309232,737.2029594226921,2007-06-05,656.25,time,7.0,3.9851053715734386,3.6567381490888877,8.2893021644
CIPLA,Pharma,2007-05-25,2007-05-28,207.0,25,192.7654744416368,242.58631389590798,2007-06-06,222.3,time,7.0,7.391304347826089,7.057704433913045,17.263795545
BAJAJAUTO,Unknown:BAJAJAUTO,2007-05-30,2007-05-31,2220.0,2,2018.5149760376166,2723.712559905958,2007-06-11,2125.1,time,7.0,-4.274774774774781,-4.590452954621628,14.0161111852
BHEL,Capital Goods,2007-06-04,2007-06-05,1377.0,2,1055.310396291677,2181.224009270807,2007-06-14,1327.0,time,7.0,-3.631082062454616,-3.9477490997821394,8.721010208000001
HEXAWARE,Unknown:HEXAWARE,2007-06-05,2007-06-06,153.0,34,139.88455267215903,185.78861831960245,2007-06-15,167.9,time,7.0,9.738562091503278,9.401356259215696,17.541447395600002
ALOKTEXT,Unknown:ALOKTEXT,2007-06-08,2007-06-11,56.0,82,51.39424567619536,67.5143858095116,2007-06-20,55.5,time,7.0,-0.8928571428571397,-1.2137307124999968,14.734514317999999
ASHOKLEY,Auto,2007-06-13,2007-06-14,36.1,73,33.85338770092462,41.71653074768845,2007-06-25,38.95,time,7.0,7.8947368421052655,7.560363542105265,8.811739574900002
BHARATFORG,Auto,2007-06-14,2007-06-15,301.2,17,279.55679953643505,355.3080011589123,2007-06-26,308.0,time,7.0,2.257636122177953,1.9319226828685239,16.6778309464
ALOKTEXT,Unknown:ALOKTEXT,2007-06-19,2007-06-20,55.5,92,50.929890702759685,66.92527324310079,2007-06-29,56.35,time,7.0,1.531531531531538,1.2069335529729794,16.573972785200002
DHAMPURSUG,Unknown:DHAMPURSUG,2007-06-22,2007-06-25,61.95,46,52.99976572932086,84.32558567669784,2007-07-02,84.32558567669784,target,5.0,36.11878236755099,35.74105055498962,10.764223462561459
ESCORTS,Unknown:ESCORTS,2007-06-25,2007-06-26,111.0,47,103.66711990247919,129.33220024380202,2007-07-05,119.0,time,7.0,7.2072072072072,6.873890108108101,17.38915306
ABB,Capital Goods,2007-06-28,2007-06-29,1050.0,4,289.3531655540926,2951.6170861147684,2007-07-10,1125.05,time,7.0,7.147619047619047,6.8143934894,13.9954734452
TCS,IT,2007-07-02,2007-07-03,1150.0,4,1095.423941449414,1286.440146376465,2007-07-12,1155.0,time,7.0,0.43478260869564966,0.11186948434782357,14.85400372
WIPRO,IT,2007-07-04,2007-07-05,492.7,11,462.1620094587038,569.0449763532405,2007-07-16,512.9,time,7.0,4.099857925715433,3.771314417373643,17.8060725216
ABB,Capital Goods,2007-07-09,2007-07-10,1125.05,4,629.0435220346603,2365.066194913349,2007-07-19,1060.0,time,7.0,-5.7819652459890625,-6.095328040647078,14.1019524852
HINDPETRO,Oil & Gas,2007-07-11,2007-07-12,259.7,19,241.45545102878938,305.3113724280265,2007-07-23,253.5,time,7.0,-2.3873700423565625,-2.705947702425873,15.719577480800002
ORCHIDCHEM,Unknown:ORCHIDCHEM,2007-07-13,2007-07-16,242.8,23,227.77135744543804,280.37160638640495,2007-07-24,227.77135744543804,stop,6.0,-6.189720986228153,-6.5024573759163635,17.46445094574844
CIPLA,Pharma,2007-07-20,2007-07-23,198.0,24,186.67777283069387,226.3055679232653,2007-07-25,186.67777283069387,stop,2.0,-5.718296550154611,-6.031757154318553,14.895647909870535
3IINFOTECH,Unknown:3IINFOTECH,2007-07-18,2007-07-19,298.0,14,279.4239884078431,344.4400289803921,2007-07-30,302.7,time,7.0,1.5771812080536796,1.252513101275156,13.545153414800001
AMTEKAUTO,Unknown:AMTEKAUTO,2007-07-25,2007-07-26,396.95,11,372.9527193096165,456.9432017259588,2007-08-01,372.9527193096165,stop,4.0,-6.045416473204057,-6.3583745472370925,13.665157823615484
BAJAJHIND,Unknown:BAJAJHIND,2007-07-24,2007-07-25,157.0,34,145.67585715940436,185.31035710148913,2007-08-03,153.0,time,7.0,-2.547770700636942,-2.8661019490445856,16.99252204
ADLABSFILM,Unknown:ADLABSFILM,2007-07-27,2007-07-30,495.0,8,455.87852267400496,592.8036933149876,2007-08-06,455.87852267400496,stop,5.0,-7.903328752726269,-8.213432653609784,12.280114474987169
ADLABSFILM,Unknown:ADLABSFILM,2007-08-06,2007-08-07,483.0,10,439.1775667517349,592.5560831206627,2007-08-08,490.0,time,1.0,1.449275362318847,1.1248037478260935,15.671978980000002
3IINFOTECH,Unknown:3IINFOTECH,2007-08-01,2007-08-02,286.7,15,264.74993922030507,341.5751519492373,2007-08-13,292.5,time,7.0,2.0230205790024547,1.697667562190456,13.991806488000002
AIAENG,Unknown:AIAENG,2007-08-02,2007-08-03,1395.0,3,1255.7414718147909,1743.146320463023,2007-08-14,1365.0,time,7.0,-2.1505376344086002,-2.469479122580643,13.34770128
ADLABSFILM,Unknown:ADLABSFILM,2007-08-07,2007-08-08,490.0,10,446.50059769803954,598.7485057549011,2007-08-16,446.50059769803954,stop,5.0,-8.877429041216423,-9.186036503910152,15.121765671992685
AMTEKAUTO,Unknown:AMTEKAUTO,2007-08-10,2007-08-13,376.0,11,346.0348330902039,450.91291727449027,2007-08-16,346.0348330902039,stop,2.0,-7.969459284520242,-8.27946159396142,12.821695518487147
AIAENG,Unknown:AIAENG,2007-08-13,2007-08-14,1365.0,3,1221.2494194157082,1724.3764514607296,2007-08-16,1221.2494194157082,stop,1.0,-10.531178064783287,-10.837244995229538,12.53344080177395
ADLABSFILM,Unknown:ADLABSFILM,2007-08-16,2007-08-17,459.0,11,413.274233747508,573.31441563123,2007-08-20,464.0,time,1.0,1.089324618736387,0.765405969934644,16.354652578
3IINFOTECH,Unknown:3IINFOTECH,2007-08-17,2007-08-20,291.9,17,271.59614239179785,342.65964402050525,2007-08-22,271.59614239179785,stop,2.0,-6.955758002124746,-7.267317585832174,15.460521222313695
AMTEKAUTO,Unknown:AMTEKAUTO,2007-08-16,2007-08-17,357.0,8,327.73495929270337,430.16260176824164,2007-08-23,346.5,time,4.0,-2.941176470588236,-3.25890335882353,9.074279928000001
AIAENG,Unknown:AIAENG,2007-08-16,2007-08-17,1320.0,3,1166.925264700279,1702.6868382493026,2007-08-24,1336.0,time,5.0,1.21212121212122,0.8880139200000078,12.834648768000001
3IINFOTECH,Unknown:3IINFOTECH,2007-08-22,2007-08-23,276.0,18,254.26334724299562,330.341631892511,2007-08-27,254.26334724299562,stop,2.0,-7.875598825001584,-8.185745325321047,15.408078135870927
ADLABSFILM,Unknown:ADLABSFILM,2007-08-22,2007-08-23,443.5,6,390.7349539270767,575.4126151823084,2007-08-28,459.0,time,3.0,3.4949267192784683,3.167312521984218,8.717813790000001
AMTEKAUTO,Unknown:AMTEKAUTO,2007-08-23,2007-08-24,343.25,12,313.75155151251283,416.9961212187179,2007-08-28,335.2,time,2.0,-2.345229424617634,-2.6638718221995714,13.124880356400002
3IINFOTECH,Unknown:3IINFOTECH,2007-08-27,2007-08-28,137.4,36,97.81901380935182,236.3524654766205,2007-08-29,134.0,time,1.0,-2.4745269286754024,-2.792970696069871,15.751502510400002
3IINFOTECH,Unknown:3IINFOTECH,2007-08-28,2007-08-29,134.0,36,96.41765568011239,227.95586079971903,2007-09-03,148.0,time,3.0,10.447761194029859,10.109465871641799,16.319366352000003
AMTEKAUTO,Unknown:AMTEKAUTO,2007-08-27,2007-08-28,335.2,14,306.7089908449728,406.427522887568,2007-09-04,358.55,time,5.0,6.965990453460624,6.633043917810267,15.624515025000001
3IINFOTECH,Unknown:3IINFOTECH,2007-08-31,2007-09-03,148.0,34,114.63359676720368,231.41600808199078,2007-09-06,148.7,time,3.0,0.4729729729729737,0.1500011795945953,16.2519406428
APOLLOTYRE,Unknown:APOLLOTYRE,2007-08-27,2007-08-28,40.5,41,-14.940642279673753,179.10160569918438,2007-09-06,39.2,time,7.0,-3.2098765432098664,-3.5271906474073975,5.269000700200001
3IINFOTECH,Unknown:3IINFOTECH,2007-09-05,2007-09-06,148.7,34,119.9467609684936,220.58309757876594,2007-09-07,149.85,time,1.0,0.773369199731011,0.44993592985878506,16.352139258199998
3IINFOTECH,Unknown:3IINFOTECH,2007-09-06,2007-09-07,149.85,33,121.50770661360121,220.70573346599696,2007-09-12,144.0,time,3.0,-3.9039039039039047,-4.220151825225226,15.638617833300001
EKC,Unknown:EKC,2007-09-03,2007-09-04,219.0,23,95.1939101273295,528.5152246816763,2007-09-13,234.5,time,7.0,7.077625570776247,6.744507538356156,16.779155293000002
3IINFOTECH,Unknown:3IINFOTECH,2007-09-11,2007-09-12,144.0,33,119.16340431125433,206.0914892218642,2007-09-17,138.8,time,3.0,-3.6111111111110983,-3.927808828333321,15.049475522400002
APOLLOTYRE,Unknown:APOLLOTYRE,2007-09-05,2007-09-06,39.2,47,4.833299198772217,125.11675200306946,2007-09-17,42.5,time,7.0,8.418367346938771,8.083189632142853,6.1753142174
3IINFOTECH,Unknown:3IINFOTECH,2007-09-14,2007-09-17,138.8,36,116.49446037602979,194.56384905992556,2007-09-18,135.0,time,1.0,-2.737752161383289,-3.0557915553314157,15.891792436800001
3IINFOTECH,Unknown:3IINFOTECH,2007-09-17,2007-09-18,135.0,36,113.61628463488479,188.459288412788,2007-09-21,150.0,time,3.0,11.111111111111116,10.771796733333339,16.49067876
GLENMARK,Pharma,2007-09-12,2007-09-13,384.0,13,292.02104910674706,613.9473772331323,2007-09-24,379.95,time,7.0,-1.0546875000000067,-1.3753124616406316,16.005598085099997
DCHL,Unknown:DCHL,2007-09-14,2007-09-17,198.85,10,173.38189073827346,262.5202731543163,2007-09-26,209.0,time,7.0,5.104350012572301,4.774263377369887,6.563772740999999
HCLTECH,IT,2007-09-20,2007-09-21,275.5,19,251.8619945362968,334.595013659258,2007-10-03,297.0,time,7.0,7.803992740471877,7.469758843920153,17.495473315
GLENMARK,Pharma,2007-09-21,2007-09-24,379.95,13,311.8498134521034,550.2004663697415,2007-10-04,424.0,time,7.0,11.593630740886972,11.253575103908423,16.796538105099998
INFOSYSTCH,Unknown:INFOSYSTCH,2007-09-25,2007-09-26,1780.0,1,1664.286242566809,2069.284393582978,2007-10-08,2000.0,time,7.0,12.35955056179776,12.018318298876412,6.07393428
AIAENG,Unknown:AIAENG,2007-10-03,2007-10-04,1300.0,4,1184.6832981788273,1588.291754552932,2007-10-09,1184.6832981788273,stop,3.0,-8.870515524705592,-9.179133608123136,16.04814033771227
DCHL,Unknown:DCHL,2007-10-01,2007-10-03,205.0,26,180.46980650068065,266.32548374829844,2007-10-10,180.46980650068065,stop,5.0,-11.96594804844846,-12.269810847941784,16.19588721299418
AIAENG,Unknown:AIAENG,2007-10-09,2007-10-10,1222.0,3,1095.7134730134705,1537.7163174663237,2007-10-15,1301.0,time,3.0,6.464811783960722,6.132635172013096,12.177594594
BILT,Unknown:BILT,2007-10-05,2007-10-08,130.0,23,119.2809652530537,156.7975868673658,2007-10-17,125.1,time,7.0,-3.769230769230769,-4.085685578923077,9.4619988098
AUROPHARMA,Pharma,2007-10-10,2007-10-11,573.0,9,529.0371803783762,682.9070490540594,2007-10-17,529.0371803783762,stop,4.0,-7.672394349323519,-7.982853017641835,16.010353525175564
AIAENG,Unknown:AIAENG,2007-10-17,2007-10-18,1270.0,3,1105.7058956704207,1680.7352608239482,2007-10-19,1230.0,time,1.0,-3.149606299212604,-3.46701299212599,12.093195000000001
CONCOR,Logistics,2007-10-12,2007-10-15,1940.0,2,1778.5329055856355,2343.667736035911,2007-10-24,1920.0,time,7.0,-1.0309278350515427,-1.3515892969072127,12.44166472
BILT,Unknown:BILT,2007-10-16,2007-10-17,125.1,28,113.92282860607354,153.04292848481612,2007-10-26,140.9,time,7.0,12.629896083133495,12.288248508393288,11.967231248000001
AIAENG,Unknown:AIAENG,2007-10-18,2007-10-19,1230.0,3,1058.0126174082477,1659.9684564793806,2007-10-29,1398.0,time,6.0,13.658536585365844,13.315308786341454,12.665105784000001
CONCOR,Logistics,2007-10-25,2007-10-26,1885.0,2,1727.6990404291387,2278.2523989271535,2007-10-29,2278.2523989271535,target,1.0,20.862196229557206,20.507901981292257,13.35689315958853
HEXAWARE,Unknown:HEXAWARE,2007-10-29,2007-10-30,111.0,42,99.65106129032338,139.37234677419156,2007-11-01,99.65106129032338,stop,2.0,-10.224269107816774,-10.530807519782348,14.290820765835111
ASIANELEC,Unknown:ASIANELEC,2007-10-23,2007-10-24,388.0,12,224.40544306009386,796.9863923497653,2007-11-02,455.95,time,7.0,17.51288659793815,17.163737646211345,16.2563751924
ANSALINFRA,Unknown:ANSALINFRA,2007-10-26,2007-10-29,238.4,18,208.52776765244624,313.08058086888445,2007-11-07,243.8,time,7.0,2.2651006711409405,1.9393757645973162,13.9775071896
I-FLEX,Unknown:I-FLEX,2007-11-01,2007-11-02,1531.1,2,1359.6207924909895,1959.798018772526,2007-11-08,1359.6207924909895,stop,4.0,-11.199739240350759,-11.504779109736512,9.340930880330525
ASIANELEC,Unknown:ASIANELEC,2007-11-01,2007-11-02,455.95,12,316.39390841280476,804.840228967988,2007-11-13,416.0,time,7.0,-8.761925649742297,-9.070710551749096,16.8948571284
3IINFOTECH,Unknown:3IINFOTECH,2007-11-06,2007-11-07,133.0,41,117.10781072258304,172.73047319354242,2007-11-16,127.05,time,7.0,-4.473684210526319,-4.789056820526318,17.197268423300002
ALOKTEXT,Unknown:ALOKTEXT,2007-11-08,2007-11-09,65.0,42,55.97613563858393,87.55966090354016,2007-11-20,81.0,time,7.0,24.615384615384617,24.255324621538463,9.829637832
AUROPHARMA,Pharma,2007-11-12,2007-11-13,525.0,9,478.1037114161675,642.2407214595812,2007-11-22,522.4,time,7.0,-0.49523809523810414,-0.8167224976000089,15.190138011599998
3IINFOTECH,Unknown:3IINFOTECH,2007-11-15,2007-11-16,127.05,42,113.62321666357646,160.61695834105885,2007-11-27,136.8,time,7.0,7.674144037780417,7.340109618181834,17.824410664200002
INFOSYSTCH,Unknown:INFOSYSTCH,2007-11-19,2007-11-20,1619.95,2,1485.012655420267,1957.2933614493325,2007-11-29,1594.7,time,7.0,-1.5586900830272588,-1.87854078279577,10.362842821800001
AUROPHARMA,Pharma,2007-11-21,2007-11-22,522.4,9,479.96455878423774,628.4886030394056,2007-12-03,503.8,time,7.0,-3.5604900459418,-3.877265528560483,14.893516090799999
ERACONS,Unknown:ERACONS,2007-11-26,2007-11-27,550.5,9,489.591670185435,702.7708245364124,2007-12-06,572.0,time,7.0,3.9055404178020003,3.577295425068122,16.262898165000003
CONCOR,Logistics,2007-11-28,2007-11-29,1790.0,2,1644.8007314030458,2152.9981714923856,2007-12-10,1825.0,time,7.0,1.9553072625698276,1.630058268715079,11.64391398
AUROPHARMA,Pharma,2007-11-30,2007-12-03,503.8,10,464.73347474598927,601.4663131350268,2007-12-12,520.1,time,7.0,3.2354108773322787,2.908195355021838,16.485118014
GLAXO,Unknown:GLAXO,2007-12-05,2007-12-06,972.0,5,895.8329719068096,1162.417570232976,2007-12-17,1138.0,time,7.0,17.078189300411516,16.7297081419753,16.9361843
ERACONS,Unknown:ERACONS,2007-12-07,2007-12-10,554.0,7,494.78287695389633,702.0428076152591,2007-12-17,702.0428076152591,target,5.0,26.72252845040779,26.359231407416534,14.088659327200912
NBVENTURES,Unknown:NBVENTURES,2007-12-12,2007-12-13,255.0,21,222.5297682547692,336.17557936307696,2007-12-26,257.4,time,7.0,0.9411764705882231,0.6174854108235172,17.3336562504
SATYAMCOMP,Unknown:SATYAMCOMP,2007-12-14,2007-12-17,415.0,13,385.2987979066596,489.253005233351,2007-12-28,449.7,time,7.0,8.361445783132538,8.0263555127229,18.078120088600002
BAGFILMS,Unknown:BAGFILMS,2007-12-17,2007-12-18,79.0,65,66.53281615425874,110.16795961435317,2007-12-31,90.0,time,7.0,13.924050632911399,13.580414944303804,17.645692609999998
JPASSOCIAT,Unknown:JPASSOCIAT,2007-12-24,2007-12-26,423.0,12,70.0959635679676,1305.260091080081,2008-01-04,484.4,time,7.0,14.515366430260034,14.170822346950342,17.4890576688
ACC,Unknown:ACC,2008-01-03,2008-01-04,1019.4,6,935.8635403058894,1228.2411492352765,2008-01-10,935.8635403058894,stop,4.0,-8.19466938337361,-8.504325719205466,18.939820124819732
ACC,Unknown:ACC,2008-01-10,2008-01-11,950.0,6,870.8513351408538,1147.8716621478654,2008-01-14,870.8513351408538,stop,1.0,-8.33143840622591,-8.640884633928867,17.63843497906856
JPASSOCIAT,Unknown:JPASSOCIAT,2008-01-03,2008-01-04,484.4,12,255.7047532921018,1056.1381167697455,2008-01-15,474.5,time,7.0,-2.0437654830718355,-2.362870997398838,18.5489653368
GRASIM,Cement,2008-01-07,2008-01-08,3544.0,1,3285.8317545971495,4189.420613507125,2008-01-15,3285.8317545971495,stop,5.0,-7.284657037326481,-7.595711357784657,11.023765117037762
ABB,Capital Goods,2008-01-14,2008-01-15,1488.0,4,1363.0168169148872,1800.457957712782,2008-01-16,1363.0168169148872,stop,1.0,-8.399407465397369,-8.708749277264431,18.41202464232756
ACC,Unknown:ACC,2008-01-14,2008-01-15,880.0,6,798.2156920347159,1084.4607699132105,2008-01-16,798.2156920347159,stop,1.0,-9.29367135969138,-9.601639380113166,16.260711478270338
ABB,Capital Goods,2008-01-16,2008-01-17,1400.0,4,1267.187969686816,1732.03007578296,2008-01-17,1267.187969686816,stop,0.0,-9.486573593798864,-9.794245272793157,17.229614023680394
AMTEKAUTO,Unknown:AMTEKAUTO,2008-01-15,2008-01-16,398.0,13,350.1690354884073,517.5774112789818,2008-01-21,350.1690354884073,stop,3.0,-12.01783027929465,-12.32161337595601,15.717737421258782
ACC,Unknown:ACC,2008-01-16,2008-01-17,865.0,5,771.8222038462601,1097.9444903843498,2008-01-21,771.8222038462601,stop,2.0,-10.771999555345657,-11.077696529556746,13.221394134629623
ABB,Capital Goods,2008-01-17,2008-01-18,1389.8,3,1233.917400423472,1779.50649894132,2008-01-22,1233.917400423472,stop,2.0,-11.21618934929688,-11.521203947597566,12.717278661548846
3IINFOTECH,Unknown:3IINFOTECH,2008-01-21,2008-01-22,101.0,53,84.47877818783101,142.3030545304225,2008-01-22,84.47877818783101,stop,0.0,-16.357645358583163,-16.654761518484527,15.90462803952008
ABAN,Unknown:ABAN,2008-01-21,2008-01-22,3392.7,1,2774.8931598568356,4937.217100357911,2008-01-22,2774.8931598568356,stop,0.0,-18.209887114780688,-18.504157812737898,9.983721969594228
ABB,Capital Goods,2008-01-22,2008-01-23,1250.0,2,1079.443195601446,1676.392010996385,2008-01-24,1289.65,time,1.0,3.171999999999997,2.844881891127997,8.177952721799999
ABB,Capital Goods,2008-01-23,2008-01-24,1289.65,2,1110.175824487057,1738.3354387823574,2008-01-28,1200.0,time,2.0,-6.951498468576755,-7.263064595890367,8.0362251218
ABB,Capital Goods,2008-01-25,2008-01-28,1200.0,2,1010.072777236289,1674.8180569092774,2008-01-29,1052.0,time,1.0,-12.333333333333329,-12.636631745999996,7.279161904
3IINFOTECH,Unknown:3IINFOTECH,2008-01-22,2008-01-23,118.7,42,96.58029403155737,173.9992649211066,2008-01-31,122.4,time,6.0,3.1171019376579734,2.790068164616693,16.303941721200005
ABAN,Unknown:ABAN,2008-01-22,2008-01-23,3849.0,1,3103.8936484384903,5711.765878903774,2008-01-31,3899.0,time,6.0,1.299038711353595,0.9747978943102071,12.480029047999999
3IINFOTECH,Unknown:3IINFOTECH,2008-01-30,2008-01-31,122.4,41,100.02195336527609,178.3451165868098,2008-02-01,118.0,time,1.0,-3.594771241830075,-3.911494060784323,15.894417946400003
ABAN,Unknown:ABAN,2008-01-30,2008-01-31,3899.0,1,3162.3662049727554,5740.584487568111,2008-02-01,3700.0,time,1.0,-5.103872787894337,-5.418277285816881,12.258631374
ABB,Capital Goods,2008-01-28,2008-01-29,1052.0,2,863.2390074336969,1523.9024814157578,2008-02-01,1144.0,time,3.0,8.745247148288971,8.409567272243343,7.062704592000001
ABB,Capital Goods,2008-01-31,2008-02-01,1144.0,2,947.8491615640787,1634.3770960898032,2008-02-04,1142.0,time,1.0,-0.17482517482517723,-0.49680180384615635,7.366825272000002
ABB,Capital Goods,2008-02-01,2008-02-04,1142.0,2,948.0170785952159,1626.9573035119602,2008-02-06,1224.6,time,2.0,7.232924693520126,6.899568086549898,7.6138649032000005
3IINFOTECH,Unknown:3IINFOTECH,2008-01-31,2008-02-01,118.0,42,94.54895669632778,176.62760825918053,2008-02-11,122.0,time,6.0,3.3898305084745672,3.0623777627118556,16.22855808
ABAN,Unknown:ABAN,2008-01-31,2008-02-01,3700.0,1,2973.697190331844,5515.75702417039,2008-02-11,3600.0,time,6.0,-2.7027027027026973,-3.020795940540535,11.7694498
ABAN,Unknown:ABAN,2008-02-08,2008-02-11,3600.0,1,2968.531737648702,5178.670655878245,2008-02-12,3518.0,time,1.0,-2.2777777777777786,-2.5965237963333343,11.474856668000001
ADHUNIK,Unknown:ADHUNIK,2008-02-08,2008-02-11,168.0,30,143.29170960939388,229.7707259765153,2008-02-13,143.29170960939388,stop,2.0,-14.707315708694125,-15.00696714791222,15.102432536592023
AIRDECCAN,Unknown:AIRDECCAN,2008-02-05,2008-02-06,177.95,15,131.6549951647471,293.68751208813217,2008-02-15,168.05,time,7.0,-5.56336049452092,-5.877059115481864,8.373400440000001
ABAN,Unknown:ABAN,2008-02-13,2008-02-14,3400.0,1,2763.8812053987604,4990.296986503099,2008-02-20,3810.0,time,4.0,12.058823529411766,11.718053251176473,11.58618946
3IINFOTECH,Unknown:3IINFOTECH,2008-02-11,2008-02-12,120.0,30,100.0553870089717,169.86153247757073,2008-02-21,127.0,time,7.0,5.833333333333335,5.502126815000001,11.92343466
ADANIENT,Diversified,2008-02-14,2008-02-15,710.0,4,598.5365403825139,988.6586490437153,2008-02-26,674.0,time,7.0,-5.0704225352112715,-5.384878420281694,8.930547136000001
BEML,Capital Goods,2008-02-19,2008-02-20,1225.0,3,1018.1483015194995,1742.1292462012514,2008-02-29,1230.0,time,7.0,0.40816326530612734,0.08529103428571916,11.865554490000001
FEDERALBNK,Banking,2008-02-20,2008-02-21,295.0,15,262.5588017570479,376.1029956073803,2008-03-03,292.2,time,7.0,-0.9491525423728886,-1.2699396295593293,14.194828608000002
ADANIENT,Diversified,2008-02-25,2008-02-26,674.0,4,578.5278787394578,912.6803031513554,2008-03-07,641.0,time,7.0,-4.896142433234418,-5.210866051928781,8.484948760000002
BANKBARODA,Banking,2008-02-28,2008-02-29,352.05,10,296.72598921240734,490.3600269689817,2008-03-07,296.72598921240734,stop,4.0,-15.714816300977896,-16.01291999159111,10.494740428038199
3IINFOTECH,Unknown:3IINFOTECH,2008-03-07,2008-03-10,110.5,37,96.06034357034667,146.5991410741333,2008-03-10,96.06034357034667,stop,0.0,-13.067562379776765,-13.36973285069233,12.354239703382877
DCHL,Unknown:DCHL,2008-02-29,2008-03-03,165.0,27,137.64279930453435,233.3930017386641,2008-03-13,160.0,time,7.0,-3.0303030303030276,-3.3478929999999973,14.148633150000002
3IINFOTECH,Unknown:3IINFOTECH,2008-03-10,2008-03-11,110.7,32,94.54889045817906,151.07777385455236,2008-03-14,94.54889045817906,stop,3.0,-14.589981519260109,-14.889813210310702,10.621237823776212
ABIRLANUVO,Unknown:ABIRLANUVO,2008-03-05,2008-03-07,1546.7,1,1346.1980566543693,2047.9548583640767,2008-03-17,1346.1980566543693,stop,6.0,-12.963208336822307,-13.265539119131864,4.676150209981915
ALBK,Unknown:ALBK,2008-03-12,2008-03-13,91.0,47,77.4580808934052,124.85479776648702,2008-03-18,77.4580808934052,stop,3.0,-14.881229787466822,-15.18061405535534,12.804665137591957
3IINFOTECH,Unknown:3IINFOTECH,2008-03-14,2008-03-17,99.0,31,83.0034246245328,138.991438438668,2008-03-19,93.0,time,2.0,-6.060606060606055,-6.3735407999999945,9.603967152
3IINFOTECH,Unknown:3IINFOTECH,2008-03-18,2008-03-19,93.0,46,76.44019776299001,134.39950559252497,2008-03-24,90.25,time,1.0,-2.9569892473118253,-3.2746918435483847,13.591317067000002
ABIRLANUVO,Unknown:ABIRLANUVO,2008-03-18,2008-03-19,1399.0,1,1170.9759921556617,1969.0600196108455,2008-03-24,1170.9759921556617,stop,1.0,-16.299071325542403,-16.596277468396252,4.157913938525324
3IINFOTECH,Unknown:3IINFOTECH,2008-03-19,2008-03-24,90.25,47,73.80875506563358,131.35311233591605,2008-03-28,95.6,time,4.0,5.927977839335163,5.596625925650953,14.055119798699998
ABB,Capital Goods,2008-03-17,2008-03-18,1001.35,1,852.9649258609132,1372.312685347717,2008-03-31,1200.0,time,7.0,19.83821840515303,19.485497218245353,3.5319736050999997
3IINFOTECH,Unknown:3IINFOTECH,2008-03-27,2008-03-28,95.6,45,79.67562482896606,135.41093792758483,2008-04-01,101.0,time,2.0,5.648535564853563,5.31761293765691,14.236291422
ABIRLANUVO,Unknown:ABIRLANUVO,2008-03-24,2008-03-25,1259.65,1,1005.731340175035,1894.4466495624129,2008-04-01,1400.0,time,5.0,11.141983884412321,10.802622079077505,4.2747709809
ALBK,Unknown:ALBK,2008-03-28,2008-03-31,79.0,29,66.32604673357567,110.68488316606084,2008-04-09,75.7,time,7.0,-4.177215189873418,-4.493043243291139,7.2356207038
ABAN,Unknown:ABAN,2008-03-31,2008-04-01,3038.0,1,2540.384270747887,4282.039323130282,2008-04-10,3088.0,time,7.0,1.6458196181698526,1.32104606728111,9.866620476000001
ANDHRABANK,Unknown:ANDHRABANK,2008-03-31,2008-04-01,75.85,38,65.65049732021114,101.34875669947212,2008-04-10,77.75,time,7.0,2.5049439683586083,2.1788506083058725,9.3989889168
BEML,Capital Goods,2008-04-08,2008-04-09,964.0,2,822.3417621247332,1318.145594688167,2008-04-22,1090.0,time,7.0,13.070539419087135,12.728214916597508,6.600016408
HCC,Unknown:HCC,2008-04-09,2008-04-10,114.5,38,92.60502739272327,169.2374315181918,2008-04-23,132.25,time,7.0,15.502183406113534,15.156123348908293,15.057073089000001
HCLTECH,IT,2008-04-09,2008-04-10,239.0,8,207.14289397815972,318.6427650546007,2008-04-23,263.65,time,7.0,10.313807531380736,9.975717992092033,6.4642719912
CONCOR,Logistics,2008-04-21,2008-04-22,920.0,2,701.5328435131805,1466.1678912170487,2008-05-02,889.0,time,7.0,-3.3695652173913015,-3.6866340036956493,5.834065668
RENUKA,Unknown:RENUKA,2008-04-22,2008-04-23,123.45,37,-75.586534719619,621.0413367990475,2008-05-05,127.0,time,7.0,2.8756581611988574,2.5489953003645116,14.920816162900003
ZEEL,Unknown:ZEEL,2008-04-22,2008-04-23,211.9,13,186.58667157683215,275.18332105791967,2008-05-05,215.0,time,7.0,1.462954223690427,1.138461595375184,8.9387984322
ACC,Unknown:ACC,2008-05-02,2008-05-05,759.0,6,699.5693326873043,907.5766682817393,2008-05-12,699.5693326873043,stop,5.0,-7.8301274456779595,-8.140343800312596,14.12725279006132
CONCOR,Logistics,2008-04-30,2008-05-02,889.0,2,736.0467750549791,1271.3830623625522,2008-05-13,938.0,time,7.0,5.5118110236220375,5.181098436220463,5.880069804000001
ACC,Unknown:ACC,2008-05-12,2008-05-13,705.0,6,650.0104150559974,842.4739623600065,2008-05-14,699.0,time,1.0,-0.8510638297872353,-1.1720016034042566,13.575667824
GRASIM,Cement,2008-05-02,2008-05-05,2371.35,1,2135.564407259225,2960.8139818519367,2008-05-14,2238.0,time,7.0,-5.6233790878613465,-5.936985506698718,7.436705813100001
ACC,Unknown:ACC,2008-05-13,2008-05-14,699.0,6,642.9382425519976,839.154393620006,2008-05-23,691.0,time,6.0,-1.1444921316165924,-1.4649791330472075,13.441224840000002
BPCL,Oil & Gas,2008-05-12,2008-05-13,360.0,7,322.58319685768214,453.5420078557947,2008-05-23,351.15,time,7.0,-2.45833333333334,-2.776801977750007,8.0254098393
ACC,Unknown:ACC,2008-05-22,2008-05-23,691.0,3,638.5198683682719,822.2003290793202,2008-05-26,660.0,time,1.0,-4.486251808972508,-4.801605112301017,6.537273978000001
CUMMINSIND,Auto,2008-05-13,2008-05-14,282.2,8,254.77650897932125,350.75872755169684,2008-05-26,290.0,time,7.0,2.7639971651311157,2.437505840822115,7.3708681376000005
ABB,Capital Goods,2008-05-22,2008-05-23,1012.0,4,926.0542036103017,1226.8644909742459,2008-06-03,1011.0,time,7.0,-0.09881422924901129,-0.4209076282608691,13.038340792000003
ACC,Unknown:ACC,2008-05-23,2008-05-26,660.0,6,607.2113063419667,791.971734145083,2008-06-03,615.2,time,6.0,-6.7878787878787765,-7.0996962719999885,12.347972371200001
ACC,Unknown:ACC,2008-06-02,2008-06-03,615.2,7,562.1113476651367,747.9216308371584,2008-06-04,647.0,time,1.0,5.169050715214563,4.838864685110531,14.2191312004
CROMPGREAV,Unknown:CROMPGREAV,2008-05-23,2008-05-26,234.0,3,212.01175780977246,288.97060547556885,2008-06-04,232.8,time,7.0,-0.512820512820511,-0.8342779046153829,2.2566308904000003
ACC,Unknown:ACC,2008-06-03,2008-06-04,647.0,1,589.8605371176269,789.8486572059328,2008-06-12,636.15,time,6.0,-1.676970633693975,-1.9966396278052576,2.0682583918999997
AIRDECCAN,Unknown:AIRDECCAN,2008-06-02,2008-06-03,109.0,32,92.79958969824811,149.50102575437973,2008-06-12,102.05,time,7.0,-6.376146788990833,-6.688596786513768,10.8982559136
ABB,Capital Goods,2008-06-03,2008-06-04,1000.0,4,919.6994087365777,1200.7514781585558,2008-06-13,965.0,time,7.0,-3.500000000000003,-3.816868409000003,12.674736359999999
ABIRLANUVO,Unknown:ABIRLANUVO,2008-06-11,2008-06-12,1259.1,3,1110.8386072180742,1629.7534819548143,2008-06-23,1265.0,time,7.0,0.46858867445001007,0.14562361634501436,12.199359139800002
ADLABSFILM,Unknown:ADLABSFILM,2008-06-11,2008-06-12,510.0,1,423.03368201611715,727.4157949597071,2008-06-23,520.0,time,7.0,1.9607843137254832,1.635526905882346,1.6588127799999999
ABB,Capital Goods,2008-06-12,2008-06-13,965.0,4,885.9729297680598,1162.5676755798504,2008-06-23,885.9729297680598,stop,6.0,-8.189333702791735,-8.498998235434831,11.95305096002347
3IINFOTECH,Unknown:3IINFOTECH,2008-06-23,2008-06-24,109.0,33,96.86710988700142,139.33222528249644,2008-06-27,96.86710988700142,stop,3.0,-11.131091846787688,-11.436237174084265,10.976077422857866
ADLABSFILM,Unknown:ADLABSFILM,2008-06-20,2008-06-23,520.0,1,442.7218541740242,713.1953645649394,2008-06-30,442.7218541740242,stop,5.0,-14.86118188961073,-15.16059695560118,1.5569583431503444
ABIRLANUVO,Unknown:ABIRLANUVO,2008-06-20,2008-06-23,1265.0,3,1110.3526219200498,1651.6184451998756,2008-07-01,1110.3526219200498,stop,6.0,-12.225089176280646,-12.528553876435724,11.516485370885253
ADLABSFILM,Unknown:ADLABSFILM,2008-06-30,2008-07-01,438.0,1,364.85854197707107,620.8536450573224,2008-07-02,375.8,time,1.0,-14.200913242009127,-14.501342629863009,1.3158807188
3IINFOTECH,Unknown:3IINFOTECH,2008-06-27,2008-06-30,103.5,31,90.25260634846542,136.61848412883643,2008-07-03,100.0,time,3.0,-3.3816425120772986,-3.6986927449275404,10.172556721000001
3IINFOTECH,Unknown:3IINFOTECH,2008-07-02,2008-07-03,100.0,34,85.90913853774728,135.2271536556318,2008-07-09,103.95,time,4.0,3.950000000000009,3.621686707300009,11.162651951800001
ABB,Capital Goods,2008-07-01,2008-07-02,725.65,1,638.2683752592483,944.1040618518794,2008-07-09,944.1040618518794,target,5.0,30.10460440320808,29.736111727204158,2.6739671034224655
ABAN,Unknown:ABAN,2008-07-01,2008-07-02,2620.0,1,2133.736373196502,3835.659067008745,2008-07-11,2817.0,time,7.0,7.519083969465656,7.18528775717558,8.745460762
3IINFOTECH,Unknown:3IINFOTECH,2008-07-08,2008-07-09,103.95,34,90.08679992129842,138.60800019675398,2008-07-14,102.2,time,3.0,-1.683501683501687,-2.003160644444448,11.2977066566
ALOKTEXT,Unknown:ALOKTEXT,2008-07-09,2008-07-10,40.85,25,33.63207466795587,58.89481333011033,2008-07-21,40.35,time,7.0,-1.2239902080783405,-1.5443550824969452,3.27172628
AMTEKAUTO,Unknown:AMTEKAUTO,2008-07-10,2008-07-11,225.0,12,197.13492237638656,294.6626940590336,2008-07-22,213.0,time,7.0,-5.333333333333334,-5.647385328,8.479403856000001
ANDHRABANK,Unknown:ANDHRABANK,2008-07-11,2008-07-14,51.5,69,45.478069584652594,66.55482603836852,2008-07-23,55.5,time,7.0,7.7669902912621325,7.432813238834948,11.874981558
3IINFOTECH,Unknown:3IINFOTECH,2008-07-18,2008-07-21,95.0,10,82.02970213124652,127.4257446718837,2008-07-30,114.0,time,7.0,19.999999999999996,19.647030279999996,3.35321234
ABIRLANUVO,Unknown:ABIRLANUVO,2008-07-21,2008-07-22,1055.0,2,922.049055095453,1387.3773622613674,2008-07-31,1305.0,time,7.0,23.696682464454977,23.338033804739336,7.56748672
BIOCON,Pharma,2008-07-22,2008-07-23,370.0,11,332.66664999876843,463.3333750030789,2008-08-01,378.0,time,7.0,2.1621621621621623,1.8365953924324325,13.250567528000001
ABB,Capital Goods,2008-07-29,2008-07-30,777.1,1,665.0989370472843,1057.1026573817894,2008-08-08,851.0,time,7.0,9.509715609316682,9.172861336945044,2.6176945506000004
DRREDDY,Pharma,2008-07-30,2008-07-31,590.0,5,527.5267185787645,746.1832035530886,2008-08-11,645.0,time,7.0,9.322033898305083,8.985467947457625,9.92869555
BEL,Unknown:BEL,2008-07-31,2008-08-01,975.0,4,833.7980777232925,1328.0048056917688,2008-08-12,974.0,time,7.0,-0.10256410256410664,-0.42465174092308106,12.561417896000002
AMTEKAUTO,Unknown:AMTEKAUTO,2008-08-07,2008-08-08,197.0,6,173.70350301429295,255.24124246426766,2008-08-20,184.9,time,7.0,-6.1421319796954315,-6.454941476852792,3.6974082564
INDIAINFO,Unknown:INDIAINFO,2008-08-08,2008-08-11,156.0,21,-30.064322000727202,621.1608050018181,2008-08-21,145.7,time,7.0,-6.602564102564113,-6.914666271923087,10.2244670682
SESAGOA,Unknown:SESAGOA,2008-08-11,2008-08-12,180.1,22,-573.5760981540266,2064.2902453850666,2008-08-22,158.0,time,7.0,-12.270960577456968,-12.574354808772904,12.0210862332
AMTEKAUTO,Unknown:AMTEKAUTO,2008-08-19,2008-08-20,184.9,6,162.7896844141706,240.17578896457348,2008-08-29,175.2,time,7.0,-5.246078961600875,-5.560264998702011,3.4855798956
INDIAINFO,Unknown:INDIAINFO,2008-08-20,2008-08-21,145.7,21,26.628574572797532,443.37856356800614,2008-09-01,127.0,time,7.0,-12.834591626630054,-13.137119993273842,9.256460434200001
GTLINFRA,Unknown:GTLINFRA,2008-08-21,2008-08-22,38.9,89,35.20953963843097,48.12615090392258,2008-09-02,40.1,time,7.0,3.084832904884327,2.757848704370188,11.320520006000002
ADANIENT,Diversified,2008-08-28,2008-08-29,560.0,1,481.9713560641052,755.071609839737,2008-09-10,612.0,time,7.0,9.285714285714274,8.949204129999988,1.884456872
ABAN,Unknown:ABAN,2008-08-29,2008-09-01,2077.0,1,1854.5028776474062,2633.2428058814844,2008-09-11,2324.0,time,7.0,11.892152142513247,11.551637909195962,7.072480626
CHENNPETRO,Unknown:CHENNPETRO,2008-09-01,2008-09-02,269.0,15,243.2412906752299,333.39677331192524,2008-09-12,246.2,time,7.0,-8.475836431226769,-8.785060830929371,12.477204528000001
GITANJALI,Unknown:GITANJALI,2008-09-09,2008-09-10,236.7,5,215.1285776470787,290.62855588230315,2008-09-12,215.1285776470787,stop,2.0,-9.113401923498643,-9.421646878515315,3.6480790426223058
CESC,Power,2008-09-12,2008-09-15,305.0,3,274.9410188387318,380.14745290317046,2008-09-15,274.9410188387318,stop,0.0,-9.855403659432193,-10.162508732090078,2.810011414819649
GESHIP,Logistics,2008-09-10,2008-09-11,338.0,7,302.57938371882,426.55154070295,2008-09-18,302.57938371882,stop,5.0,-10.479472272538459,-10.785618634767106,7.243422930329797
BIOCON,Pharma,2008-09-11,2008-09-12,202.0,18,149.4506685810058,333.37332854748547,2008-09-23,185.95,time,7.0,-7.945544554455452,-8.25558360232674,11.2730197806
ADANIENT,Diversified,2008-09-15,2008-09-16,545.0,1,453.221089432567,774.4472764185825,2008-09-25,566.0,time,7.0,3.8532110091743066,3.525046406238527,1.788497086
3IINFOTECH,Unknown:3IINFOTECH,2008-09-18,2008-09-19,91.8,28,80.886053795287,119.08486551178251,2008-09-25,80.886053795287,stop,4.0,-11.888830288358388,-12.192811558159825,7.813534558976121
ADLABSFILM,Unknown:ADLABSFILM,2008-09-22,2008-09-23,395.0,8,332.5102846778134,551.2242883054665,2008-09-29,332.5102846778134,stop,4.0,-15.820181094224461,-16.118122920702806,9.41496171671567
AIRDECCAN,Unknown:AIRDECCAN,2008-09-24,2008-09-25,67.0,11,55.410926325805235,95.97268418548691,2008-09-29,55.410926325805235,stop,2.0,-17.297124886857862,-17.592797793881424,2.1791093247636515
3IINFOTECH,Unknown:3IINFOTECH,2008-09-25,2008-09-26,80.7,28,69.91501192176901,107.66247019557748,2008-09-29,69.91501192176901,stop,1.0,-13.364297494710032,-13.666012113426923,6.817543524526883
3IINFOTECH,Unknown:3IINFOTECH,2008-09-29,2008-09-30,68.0,55,56.630290891729395,96.42427277067651,2008-10-06,56.630290891729395,stop,3.0,-16.720160453339126,-17.016719708126534,11.091316129049085
3IINFOTECH,Unknown:3IINFOTECH,2008-10-06,2008-10-07,58.0,57,45.80040967718355,88.49897580704112,2008-10-08,47.0,time,1.0,-18.965517241379317,-19.25862712068966,9.69021261
ABB,Capital Goods,2008-09-29,2008-09-30,758.0,1,677.9024220960085,958.2439447599786,2008-10-08,677.9024220960085,stop,5.0,-10.566962784167744,-10.872974741197673,2.319570634286863
ADANIENT,Diversified,2008-09-29,2008-09-30,475.0,1,383.29336639035824,704.2665840241043,2008-10-08,383.29336639035824,stop,5.0,-19.306659707293004,-19.59924551467751,1.3897825850763945
3IINFOTECH,Unknown:3IINFOTECH,2008-10-07,2008-10-08,47.0,58,34.44323755738472,78.39190610653819,2008-10-13,36.0,time,2.0,-23.404255319148938,-23.69054629361702,7.804291964000001
3IINFOTECH,Unknown:3IINFOTECH,2008-10-10,2008-10-13,36.0,58,23.07911809794907,68.30220475512732,2008-10-17,55.0,time,4.0,52.77777777777777,52.374453983333325,8.421400828000001
3IINFOTECH,Unknown:3IINFOTECH,2008-10-16,2008-10-17,55.0,58,40.88581559755111,90.28546100612223,2008-10-20,50.2,time,1.0,-8.727272727272716,-9.036110863999989,9.8519365616
ABAN,Unknown:ABAN,2008-10-08,2008-10-10,970.0,1,609.3344295616355,1871.6639260959114,2008-10-21,1099.9,time,7.0,13.391752577319593,13.048934618824749,3.3253341974
ALBK,Unknown:ALBK,2008-10-08,2008-10-10,57.1,1,50.8874991345163,72.63125216370926,2008-10-21,57.0,time,7.0,-0.17513134851138146,-0.49710750718038327,0.18384838660000002
3IINFOTECH,Unknown:3IINFOTECH,2008-10-17,2008-10-20,50.2,58,36.26540019772604,85.03649950568493,2008-10-22,52.0,time,2.0,3.585657370517925,3.257903790438244,9.5428732376
ABAN,Unknown:ABAN,2008-10-20,2008-10-21,1099.9,1,731.8229869508332,2020.0925326229174,2008-10-24,731.8229869508332,stop,3.0,-33.46458887618573,-33.73542490467482,2.9789254773515306
ALBK,Unknown:ALBK,2008-10-20,2008-10-21,57.0,1,50.05535384185389,74.36161539536526,2008-10-24,50.05535384185389,stop,3.0,-12.183589751133518,-12.487118203784492,0.17301121801105585
3IINFOTECH,Unknown:3IINFOTECH,2008-10-21,2008-10-22,52.0,57,38.73241139497806,85.16897151255486,2008-10-28,44.4,time,4.0,-14.615384615384619,-14.915177281538465,8.8858546248
3IINFOTECH,Unknown:3IINFOTECH,2008-10-27,2008-10-28,44.4,56,31.627597924093298,76.33100518976676,2008-10-29,49.7,time,1.0,11.936936936936938,11.596353904054055,8.468256529600001
ABAN,Unknown:ABAN,2008-10-24,2008-10-27,725.0,1,368.67092436231627,1615.8226890942092,2008-10-31,749.0,time,3.0,3.310344827586209,2.9830141897931055,2.373147124
ALBK,Unknown:ALBK,2008-10-24,2008-10-27,47.05,2,39.962634347073845,64.76841413231537,2008-10-31,48.0,time,3.0,2.0191285866099973,1.6937815487779038,0.30615156260000004
ABAN,Unknown:ABAN,2008-10-29,2008-10-31,749.0,1,426.90955569388075,1554.226110765298,2008-11-06,969.8,time,4.0,29.479305740987982,29.111773665046726,2.7528152488
ALBK,Unknown:ALBK,2008-10-29,2008-10-31,48.0,2,40.12902975966518,67.67742560083705,2008-11-06,53.0,time,4.0,10.416666666666675,10.078419112500008,0.324717652
ABB,Capital Goods,2008-10-28,2008-10-29,561.9,5,424.93989142773086,904.3002714306728,2008-11-10,503.0,time,7.0,-10.482292222815449,-10.788434252963162,8.601060337
AMTEKAUTO,Unknown:AMTEKAUTO,2008-11-05,2008-11-06,65.0,16,42.746537768647016,120.63365557838247,2008-11-18,51.4,time,7.0,-20.923076923076923,-21.213179548307693,3.0170673024
APOLLOTYRE,Unknown:APOLLOTYRE,2008-11-05,2008-11-06,24.1,1,18.112123123044938,39.06969219238766,2008-11-18,25.1,time,7.0,4.149377593361003,3.8207580116182647,0.0791973192
ABB,Capital Goods,2008-11-07,2008-11-10,503.0,5,379.42941023126525,811.9264744218368,2008-11-20,405.0,time,7.0,-19.483101391650102,-19.77541614473161,7.3517160399999995
ACC,Unknown:ACC,2008-11-17,2008-11-18,432.0,1,344.223904290132,651.4402392746699,2008-11-28,403.2,time,7.0,-6.666666666666665,-6.978670359999999,1.3478559552
AMTEKAUTO,Unknown:AMTEKAUTO,2008-11-17,2008-11-18,51.4,8,32.242770395594555,99.2930740110136,2008-11-28,49.5,time,7.0,-3.696498054474706,-4.013064598054473,1.3017216272
ABB,Capital Goods,2008-11-19,2008-11-20,405.0,4,301.50028193253604,663.7492951686598,2008-12-02,411.15,time,7.0,1.518518518518519,1.1939405308888895,5.2581633996
ANSALINFRA,Unknown:ANSALINFRA,2008-11-26,2008-11-28,26.0,46,14.130124097686197,55.674689755784506,2008-12-10,27.0,time,7.0,3.8461538461538547,3.518000084615393,3.9247189880000004
AXISBANK,Banking,2008-12-01,2008-12-02,408.0,4,295.9295599764288,688.176100058928,2008-12-12,449.7,time,7.0,10.220588235294127,9.882641901911773,5.5152841608
BHUSANSTL,Unknown:BHUSANSTL,2008-12-08,2008-12-10,328.9,3,236.05070211326557,561.023244716836,2008-12-19,333.9,time,7.0,1.5202189115232523,1.1956383117056786,3.2026367784
HCLTECH,IT,2008-12-08,2008-12-10,118.0,2,89.95924428697359,188.10188928256605,2008-12-19,136.0,time,7.0,15.254237288135597,14.908558132203394,0.8158028079999999
ICSA,Unknown:ICSA,2008-12-11,2008-12-12,138.9,13,110.63536100495327,209.56159748761684,2008-12-23,142.0,time,7.0,2.2318214542836445,1.9061476721382162,5.880691484200001
ROLTA,Unknown:ROLTA,2008-12-18,2008-12-19,133.2,2,105.70866448777537,201.92833878056155,2008-12-26,105.70866448777537,stop,4.0,-20.63914077494341,-20.92967959026728,0.7739954040227944
BHUSANSTL,Unknown:BHUSANSTL,2008-12-18,2008-12-19,333.9,3,261.0837977904252,515.940505523937,2008-12-31,325.0,time,7.0,-2.665468703204543,-2.983619140880494,3.1869129342000004
GTLINFRA,Unknown:GTLINFRA,2008-12-22,2008-12-23,33.5,55,28.00714297816286,47.23214255459285,2009-01-02,32.5,time,7.0,-2.985074626865669,-3.302734077611938,5.8528753799999995
ICSA,Unknown:ICSA,2008-12-26,2008-12-29,132.0,1,106.98547653645116,194.53630865887212,2009-01-07,149.0,time,7.0,12.87878787878789,12.53675795000001,0.451479506
ROLTA,Unknown:ROLTA,2008-12-30,2008-12-31,116.15,9,92.15979495433972,176.12551261415072,2009-01-12,115.0,time,7.0,-0.990099009900991,-1.3108231940594068,3.3526902591
STERLINBIO,Unknown:STERLINBIO,2009-01-02,2009-01-05,160.0,11,143.3305446297352,201.67363842566203,2009-01-15,155.0,time,7.0,-3.125,-3.44244449375,5.587023090000001
GTLINFRA,Unknown:GTLINFRA,2009-01-07,2009-01-09,29.15,6,24.22498543333704,41.4625364166574,2009-01-20,29.5,time,7.0,1.2006861063464935,0.8765963811320853,0.5668329294
AKRUTI,Unknown:AKRUTI,2009-01-09,2009-01-12,602.55,1,530.5381613855592,782.5795965361019,2009-01-21,705.0,time,7.0,17.00273836196167,16.654373113218824,2.0990748063
DCHL,Unknown:DCHL,2009-01-14,2009-01-15,38.0,56,29.730810048915572,58.67297487771107,2009-01-27,39.0,time,7.0,2.6315789473684292,2.305291047368429,6.943406512000001
ICSA,Unknown:ICSA,2009-01-19,2009-01-20,94.0,2,66.16412865925699,163.58967835185751,2009-01-30,81.0,time,7.0,-13.829787234042556,-14.130786755319152,0.5658791
EVERONN,Unknown:EVERONN,2009-01-20,2009-01-21,192.7,3,158.47501738309955,278.2624565422511,2009-02-02,180.0,time,7.0,-6.5905552672547945,-6.902675884898801,1.8043692906
ABAN,Unknown:ABAN,2009-01-23,2009-01-27,478.8,4,371.20659400514546,747.7835149871364,2009-02-05,432.15,time,7.0,-9.743107769423565,-10.050385353947375,5.8849802988
APOLLOTYRE,Unknown:APOLLOTYRE,2009-01-29,2009-01-30,17.0,32,14.813111630928091,22.467220922679772,2009-02-10,17.1,time,7.0,0.588235294117645,0.2650864317647038,1.7579298112
ABIRLANUVO,Unknown:ABIRLANUVO,2009-01-30,2009-02-02,470.0,1,404.4899021786427,633.7752445533932,2009-02-11,422.9,time,7.0,-10.021276595744688,-10.328126850085113,1.4421961954
ABAN,Unknown:ABAN,2009-02-04,2009-02-05,432.15,4,329.65619043973686,688.3845239006578,2009-02-16,462.4,time,7.0,6.999884299433057,6.666885695175276,5.7562138732
DRREDDY,Pharma,2009-02-13,2009-02-16,430.0,4,391.74106625774834,525.6473343556291,2009-02-18,391.74106625774834,stop,2.0,-8.89742645168643,-9.206003193838262,5.307519965011503
APOLLOTYRE,Unknown:APOLLOTYRE,2009-02-09,2009-02-10,17.1,35,15.322128395392198,21.54467901151951,2009-02-19,17.2,time,7.0,0.5847953216374213,0.2616517438596435,1.934014313
ABIRLANUVO,Unknown:ABIRLANUVO,2009-02-10,2009-02-11,422.9,1,362.4117198787443,574.1207003031391,2009-02-20,427.0,time,7.0,0.9694963348309438,0.6457617693544717,1.3690734774000002
ABAN,Unknown:ABAN,2009-02-18,2009-02-19,395.0,5,320.7862654817285,580.5343362956787,2009-02-27,320.7862654817285,stop,5.0,-18.78828721981557,-19.08166936449302,5.794297357379669
ADANIENT,Diversified,2009-02-18,2009-02-19,255.95,1,224.90371022275616,333.5657244431095,2009-03-03,245.1,time,7.0,-4.239109201015823,-4.554842171244383,0.8081185373
ABB,Capital Goods,2009-02-19,2009-02-20,390.0,1,341.0460594706282,512.3848513234294,2009-03-04,355.0,time,7.0,-8.974358974358976,-9.282817530769233,1.20298837
ABAN,Unknown:ABAN,2009-03-03,2009-03-04,287.0,1,225.18400170160075,441.5399957459981,2009-03-09,225.18400170160075,stop,3.0,-21.5386753652959,-21.827832292194174,0.8298803801980433
3IINFOTECH,Unknown:3IINFOTECH,2009-02-27,2009-03-02,28.55,59,24.110160562168016,39.64959859457996,2009-03-13,25.95,time,7.0,-9.106830122591948,-9.415085173380039,5.192402203
ALBK,Unknown:ALBK,2009-03-02,2009-03-03,39.95,6,36.06075979949221,49.67310050126948,2009-03-16,39.5,time,7.0,-1.126408010012525,-1.4469227927409356,0.7682739342
ABAN,Unknown:ABAN,2009-03-09,2009-03-12,235.35,1,176.42253416803985,382.66866457990034,2009-03-17,269.1,time,3.0,14.340344168260044,13.996068958699814,0.8102517057000002
3IINFOTECH,Unknown:3IINFOTECH,2009-03-12,2009-03-13,25.95,61,22.376281895134888,34.88429526216278,2009-03-24,31.8,time,7.0,22.543352601156073,22.18647571676301,5.6491826414999995
ADLABSFILM,Unknown:ADLABSFILM,2009-03-13,2009-03-16,145.5,1,127.58020675076042,190.29948312309892,2009-03-25,157.0,time,7.0,7.9037800687285165,7.569392876288654,0.48653336500000005
ALBK,Unknown:ALBK,2009-03-16,2009-03-17,40.3,9,36.59321262834842,49.56696842912895,2009-03-26,38.95,time,7.0,-3.3498759305210735,-3.6669749640198326,1.1501181945
ALOKTEXT,Unknown:ALOKTEXT,2009-03-23,2009-03-24,11.9,163,9.929510994129387,16.826222514676534,2009-04-02,13.5,time,7.0,13.4453781512605,13.102477811764702,6.6512378852000005
SOBHA,Unknown:SOBHA,2009-03-24,2009-03-25,75.2,2,65.99072504949753,98.22318737625619,2009-04-06,87.3,time,7.0,16.09042553191489,15.743461801861697,0.5218334499999999
CROMPGREAV,Unknown:CROMPGREAV,2009-03-25,2009-03-26,108.0,3,89.33053065484815,154.67367336287964,2009-04-08,125.55,time,7.0,16.249999999999986,15.902791127499986,1.1249567469
IOC,Oil & Gas,2009-04-01,2009-04-02,394.6,5,366.2786984838176,465.4032537904561,2009-04-17,429.0,time,7.0,8.717688798783563,8.382051258590963,6.622128668
STERLINBIO,Unknown:STERLINBIO,2009-04-02,2009-04-06,143.8,3,133.42852663967687,169.72868340080782,2009-04-20,140.0,time,7.0,-2.6425591098748313,-2.9607447418637047,1.3726528164
STERLINBIO,Unknown:STERLINBIO,2009-04-17,2009-04-20,140.0,20,130.7035281887102,163.24117952822445,2009-04-29,136.95,time,7.0,-2.178571428571441,-2.4974698505000124,8.929155814000001
STERLINBIO,Unknown:STERLINBIO,2009-04-28,2009-04-29,136.95,20,128.64725551680039,157.70686120799897,2009-05-12,130.55,time,7.0,-4.673238408178149,-4.9883044578313065,8.629659100000001
STERLINBIO,Unknown:STERLINBIO,2009-05-11,2009-05-12,130.55,20,122.98665406995005,149.45836482512493,2009-05-21,134.1,time,7.0,2.7192646495595385,2.392842044504004,8.522894218000001
TATACOMM,Telecom,2009-05-29,2009-06-01,528.0,5,447.5134472715476,729.216381821131,2009-06-10,498.0,time,7.0,-5.681818181818176,-5.995334824999994,8.27683938
TATACOMM,Telecom,2009-06-09,2009-06-10,498.0,5,416.85457370098715,700.8635657475321,2009-06-19,472.1,time,7.0,-5.200803212851401,-5.515058803734935,7.8249642129999994
STERLINBIO,Unknown:STERLINBIO,2009-06-15,2009-06-16,123.8,1,112.76141945561449,151.39645136096377,2009-06-25,117.95,time,7.0,-4.72536348949919,-5.040349463247171,0.38995263550000003
TATACOMM,Telecom,2009-06-18,2009-06-19,472.1,5,396.4085349330969,661.3286626672578,2009-06-30,476.15,time,7.0,0.8578690955306056,0.5343060147214551,7.6377065225
STERLINBIO,Unknown:STERLINBIO,2009-06-24,2009-06-25,117.95,1,107.26411556962148,144.6647110759463,2009-07-06,114.85,time,7.0,-2.628232301822808,-2.946439943026708,0.37532591280000005
SUNPHARMA,Pharma,2009-06-29,2009-06-30,1105.0,2,946.3407988014969,1501.6480029962577,2009-07-09,1135.0,time,7.0,2.714932126696823,2.388516177375556,7.21379248
STERLINBIO,Unknown:STERLINBIO,2009-07-03,2009-07-06,114.85,2,105.00747270824388,139.45631822939026,2009-07-15,109.5,time,7.0,-4.658249891162381,-4.9733389665650805,0.7237596062
BRFL,Unknown:BRFL,2009-07-08,2009-07-09,158.1,14,128.49110695598415,232.1222326100396,2009-07-20,180.0,time,7.0,13.851992409867186,13.508467418975346,7.603582148400001
ESSAROIL,Unknown:ESSAROIL,2009-07-08,2009-07-09,110.05,1,83.90059345007843,175.4235163748039,2009-07-20,147.0,time,7.0,33.575647432985,33.201822450431614,0.41139439330000005
COREPROTEC,Unknown:COREPROTEC,2009-07-14,2009-07-15,103.4,2,79.16162942169666,163.99592644575839,2009-07-24,113.9,time,7.0,10.154738878143132,9.816893704255317,0.6986638196000001
BHARTIARTL,Telecom,2009-07-24,2009-07-27,416.1,6,287.26126370694027,738.1968407326494,2009-08-05,403.9,time,7.0,-2.9319875030040965,-3.2497285075703064,7.93272192
BHARTIARTL,Telecom,2009-08-04,2009-08-05,403.9,6,312.43609496328304,632.5597625917923,2009-08-14,410.9,time,7.0,1.7331022530329365,1.4081946162911687,7.873811668799998
CROMPGREAV,Unknown:CROMPGREAV,2009-08-06,2009-08-07,272.0,1,242.3246240321037,346.18843991974074,2009-08-18,271.0,time,7.0,-0.3676470588235281,-0.6893274698529399,0.8749707180000001
3IINFOTECH,Unknown:3IINFOTECH,2009-08-10,2009-08-11,66.4,1,57.34963473968357,89.02591315079108,2009-08-20,80.6,time,7.0,21.385542168674675,21.03044394277106,0.23578522200000002
DIVISLAB,Pharma,2009-08-13,2009-08-14,485.8,5,373.0342245978925,767.7144385052688,2009-08-25,486.65,time,7.0,0.17496912309591384,-0.14754486902018338,7.833864868500001
AREVAT&D,Unknown:AREVAT&D,2009-08-17,2009-08-18,285.0,1,253.7015943500501,363.24601412487476,2009-08-27,296.0,time,7.0,3.8596491228070073,3.531474629473674,0.935297306
INDIACEM,Unknown:INDIACEM,2009-08-19,2009-08-20,128.85,1,113.2669689734717,167.80757756632073,2009-08-31,132.4,time,7.0,2.7551416375630744,2.4286639173457676,0.4206665425000001
MAX,Unknown:MAX,2009-09-01,2009-09-02,184.5,15,164.43485197767956,234.66287005580108,2009-09-11,184.5,time,7.0,0.0,-0.3222452,8.91813591
ADANIENT,Diversified,2009-09-10,2009-09-11,637.55,4,573.0817445502124,798.7206386244687,2009-09-23,694.8,time,7.0,8.979687867618225,8.643647837644105,8.5696928444
INDIACEM,Unknown:INDIACEM,2009-09-11,2009-09-14,124.95,2,114.67231080567439,150.64422298581405,2009-09-24,130.0,time,7.0,4.041616646658652,3.7131626100840225,0.8208066374
JINDALSTEL,Metals,2009-09-22,2009-09-23,630.0,4,141.76247236567315,1850.5938190858171,2009-10-06,605.95,time,7.0,-3.8174603174603083,-4.1338410356666575,7.972794098800001
TV-18,Unknown:TV-18,2009-09-23,2009-09-24,95.0,6,82.80228343179469,125.49429142051326,2009-10-07,92.4,time,7.0,-2.7368421052631486,-3.0548828972631488,1.8128325144000002
DISHTV,Unknown:DISHTV,2009-10-05,2009-10-06,42.4,57,38.43650244225378,52.308743894365534,2009-10-16,45.0,time,7.0,6.132075471698117,5.800410017924532,8.0156906868
BHARTIARTL,Telecom,2009-10-06,2009-10-07,352.0,1,301.06199660207307,479.34500849481736,2009-10-20,335.9,time,7.0,-4.57386363636364,-4.889082348125004,1.1095698654000001
GMRINFRA,Unknown:GMRINFRA,2009-10-06,2009-10-07,71.45,2,52.96460636946181,117.66348407634548,2009-10-20,74.2,time,7.0,3.8488453463960903,3.520687450104978,0.4689376338
AMBUJACEM,Cement,2009-10-15,2009-10-16,94.0,27,87.21164642619354,110.97088393451615,2009-10-28,90.0,time,7.0,-4.255319148936165,-4.571027217021271,8.012670768
BHARTIARTL,Telecom,2009-10-16,2009-10-20,335.9,1,290.729407925185,448.8264801870374,2009-10-29,312.0,time,7.0,-7.115212860970521,-7.426527485977964,1.0457058254
GMRINFRA,Unknown:GMRINFRA,2009-10-16,2009-10-20,74.2,3,61.01565034895797,107.16087412760508,2009-10-29,64.9,time,7.0,-12.533692722371958,-12.83668333773584,0.6744571098000001
ABIRLANUVO,Unknown:ABIRLANUVO,2009-10-27,2009-10-28,850.0,2,762.171620952203,1069.5709476194925,2009-11-03,762.171620952203,stop,3.0,-10.332750476211405,-10.639122236278338,5.208319921137838
ACC,Unknown:ACC,2009-10-28,2009-10-29,735.0,1,691.7734255623213,843.0664360941967,2009-11-03,691.7734255623213,stop,2.0,-5.881166590160358,-6.194376989134223,2.302096432457903
ALOKTEXT,Unknown:ALOKTEXT,2009-10-28,2009-10-29,19.0,26,17.183647254790976,23.540881863022562,2009-11-10,20.5,time,7.0,7.8947368421052655,7.560363542105265,1.6518041019999998
3IINFOTECH,Unknown:3IINFOTECH,2009-11-03,2009-11-04,78.5,28,68.82452654977891,102.68868362555273,2009-11-13,84.0,time,7.0,7.006369426751591,6.67336085987261,7.3195283
AMBUJACEM,Cement,2009-11-09,2009-11-10,84.7,6,77.6678492234875,102.28037694128128,2009-11-19,87.0,time,7.0,2.715466351829976,2.3890495818181696,1.6588500252
GTLINFRA,Unknown:GTLINFRA,2009-11-09,2009-11-10,32.4,1,29.143605151025042,40.540987122437386,2009-11-19,34.0,time,7.0,4.938271604938271,4.608440103703703,0.10686540640000002
ABAN,Unknown:ABAN,2009-11-12,2009-11-13,1222.0,1,1047.0558831231856,1659.3602921920362,2009-11-24,1380.0,time,7.0,12.929623567921444,12.587515544026191,4.180560052
IBSEC,Unknown:IBSEC,2009-11-18,2009-11-19,38.5,7,33.28380973622653,51.54047565943367,2009-11-27,33.28380973622653,stop,6.0,-13.548546139671346,-13.849977710829384,0.8123580842709104
IBREALEST,Unknown:IBREALEST,2009-11-23,2009-11-24,227.0,6,197.4543139298864,300.86421517528396,2009-11-27,197.4543139298864,stop,3.0,-13.015720735732861,-13.317970847129889,4.116646517227522
HINDPETRO,Oil & Gas,2009-11-18,2009-11-19,348.0,4,322.38452871076544,412.03867822308644,2009-11-30,360.0,time,7.0,3.4482758620689724,3.1207333310344896,4.559392032
3IINFOTECH,Unknown:3IINFOTECH,2009-11-27,2009-11-30,79.45,36,72.4724679554904,96.893830111274,2009-12-09,88.4,time,7.0,11.264946507237262,10.925395803524236,9.711829227600001
RELIANCE,Oil & Gas,2009-12-08,2009-12-09,1070.0,2,881.0163463255003,1542.4591341862492,2009-12-18,1035.0,time,7.0,-3.2710280373831724,-3.5882481990654154,6.7885114600000005
NTPC,Power,2009-12-09,2009-12-10,207.7,5,199.11042941927528,229.17392645181175,2009-12-21,208.0,time,7.0,0.1444390948483365,-0.17802799624458598,3.348820741
ADANIENT,Diversified,2009-12-17,2009-12-18,424.5,4,338.32322422282107,639.9419394429474,2009-12-31,439.0,time,7.0,3.4157832744405203,3.0882906593639596,5.5608246040000004
BRFL,Unknown:BRFL,2009-12-17,2009-12-18,180.2,2,166.28336888614535,214.99157778463658,2009-12-31,187.6,time,7.0,4.106548279689237,3.777994493451723,1.1841078456
ANDHRABANK,Unknown:ANDHRABANK,2009-12-18,2009-12-21,102.4,10,93.28062398635325,125.19844003411691,2010-01-04,104.0,time,7.0,1.5625,1.2378544468750001,3.324370464
ADANIENT,Diversified,2009-12-30,2009-12-31,439.0,4,372.27303059521194,605.8174235119701,2010-01-12,504.5,time,7.0,14.920273348519352,14.57510723667425,6.061116924
JINDALSAW,Unknown:JINDALSAW,2009-12-30,2009-12-31,184.0,2,98.48547187232691,397.7863203191827,2010-01-12,207.5,time,7.0,12.771739130434788,12.429873652717397,1.258064958
ANDHRABANK,Unknown:ANDHRABANK,2009-12-31,2010-01-04,104.0,10,96.47068967727601,122.82327580680996,2010-01-13,106.0,time,7.0,1.9230769230769162,1.5978774423076856,3.3820746
LITL,Unknown:LITL,2010-01-11,2010-01-12,56.0,43,-24.147159229203652,256.36789807300914,2010-01-21,50.65,time,7.0,-9.553571428571427,-9.861140183749999,7.4062556247
PIRHEALTH,Unknown:PIRHEALTH,2010-01-12,2010-01-13,378.05,2,349.6994644038822,448.92633899029454,2010-01-22,338.25,time,7.0,-10.52770797513557,-10.83378023642376,2.3142123675999997
HINDUNILVR,FMCG,2010-01-14,2010-01-15,257.75,1,247.6835295403492,282.91617614912695,2010-01-27,263.0,time,7.0,2.036857419980609,1.7114831466537417,0.8386521895000001
BANKRAJAS,Unknown:BANKRAJAS,2010-01-21,2010-01-22,70.6,10,65.03303312174843,84.51741719562891,2010-01-27,65.03303312174843,stop,2.0,-7.885222207155184,-8.195353923784776,2.1895299194049107
BALRAMCHIN,Unknown:BALRAMCHIN,2010-01-20,2010-01-21,128.0,17,117.81421010821605,153.46447472945988,2010-01-28,117.81421010821605,stop,4.0,-7.957648352956214,-8.267668806657547,6.746045072540973
AMTEKAUTO,Unknown:AMTEKAUTO,2010-01-25,2010-01-27,172.85,1,159.73816497640615,205.62958755898458,2010-02-05,173.3,time,7.0,0.2603413364188789,-0.06230380671100244,0.5576921298999999
ANDHRABANK,Unknown:ANDHRABANK,2010-01-27,2010-01-28,106.05,7,97.50381838554637,127.41545403613407,2010-02-05,97.50381838554637,stop,6.0,-8.05863424276627,-8.368499559318042,2.3002851774220807
ABAN,Unknown:ABAN,2010-01-28,2010-01-29,1138.0,1,983.2612684613138,1524.8468288467157,2010-02-09,1180.0,time,7.0,3.690685413005279,3.3627704861159997,3.7316718680000003
BAJAJHIND,Unknown:BAJAJHIND,2010-02-04,2010-02-05,175.15,6,151.97857826395676,233.0785543401081,2010-02-17,178.4,time,7.0,1.855552383671144,1.5304566358549865,3.4164312138000006
ANANTRAJ,Realty,2010-02-05,2010-02-08,131.0,5,116.09622946714158,168.25942633214606,2010-02-18,133.0,time,7.0,1.526717557251911,1.202126974045804,2.1260683200000003
APTECHT,Unknown:APTECHT,2010-02-08,2010-02-09,163.45,7,144.89352258965172,209.84119352587064,2010-02-19,169.0,time,7.0,3.3955338023860637,3.0680722950749595,3.7466508358999997
BAJAJHIND,Unknown:BAJAJHIND,2010-02-17,2010-02-18,182.1,3,161.06851385707955,234.6787153573011,2010-02-22,161.06851385707955,stop,2.0,-11.549415784140827,-11.85391847132842,1.6634981801058175
BALRAMCHIN,Unknown:BALRAMCHIN,2010-02-18,2010-02-19,111.0,12,100.51846832337087,137.20382919157282,2010-02-24,100.51846832337087,stop,3.0,-9.442821330296514,-9.750560222655558,4.099082046222465
3IINFOTECH,Unknown:3IINFOTECH,2010-02-16,2010-02-17,77.9,14,70.7312719405437,95.82182014864077,2010-02-26,74.0,time,7.0,-5.006418485237496,-5.3209726949935945,3.4305282116000004
ARVIND,Unknown:ARVIND,2010-02-22,2010-02-23,34.25,14,31.101482980179945,42.121292549550134,2010-03-05,35.9,time,7.0,4.817518248175179,4.487872251386857,1.5806525546000003
ABIRLANUVO,Unknown:ABIRLANUVO,2010-02-24,2010-02-25,809.0,1,748.2856360958282,960.7859097604295,2010-03-09,863.0,time,7.0,6.674907292954257,6.342407926823231,2.689919872
3IINFOTECH,Unknown:3IINFOTECH,2010-02-25,2010-02-26,74.0,19,68.0445013372559,88.88874665686028,2010-03-10,82.0,time,7.0,10.81081081081081,10.471957762162162,4.764273864
BPCL,Oil & Gas,2010-03-04,2010-03-05,536.8,1,491.4815288547859,650.0961778630351,2010-03-16,530.0,time,7.0,-1.2667660208643738,-1.5870651819672055,1.7193658968
CROMPGREAV,Unknown:CROMPGREAV,2010-03-08,2010-03-09,250.8,3,192.4585264561376,396.65368385965604,2010-03-18,251.2,time,7.0,0.15948963317382603,-0.163000578947386,2.426416356
AMTEKAUTO,Unknown:AMTEKAUTO,2010-03-09,2010-03-10,167.95,9,152.61448678999272,206.28878302501818,2010-03-19,178.5,time,7.0,6.28163143792797,5.949736232390608,5.0167619793
ALOKTEXT,Unknown:ALOKTEXT,2010-03-15,2010-03-16,23.05,29,21.15386279494554,27.790343012636157,2010-03-26,22.8,time,7.0,-1.0845986984815648,-1.4051777097613911,2.1429104009
BALRAMCHIN,Unknown:BALRAMCHIN,2010-03-17,2010-03-18,94.7,8,84.14890989593977,121.07772526015057,2010-03-30,94.45,time,7.0,-0.2639915522703262,-0.5858312015839482,2.4382571832
CHAMBLFERT,Chemicals,2010-03-18,2010-03-19,59.0,27,53.96435256382166,71.58911859044585,2010-03-31,61.25,time,7.0,3.813559322033888,3.485455633050837,5.226691765500001
BPCL,Oil & Gas,2010-03-25,2010-03-26,505.15,1,468.8844857689151,595.8137855777122,2010-04-07,501.0,time,7.0,-0.8215381569830704,-1.142521288706321,1.6214462899000002
ALOKTEXT,Unknown:ALOKTEXT,2010-03-29,2010-03-30,22.35,41,20.328968065714925,27.402579835712697,2010-04-09,22.25,time,7.0,-0.4474272930648837,-0.7689851436241678,2.9465953636
DHAMPURSUG,Unknown:DHAMPURSUG,2010-03-30,2010-03-31,70.25,23,60.17396611612657,95.44008470968357,2010-04-12,71.0,time,7.0,1.067615658362997,0.7437303594306126,5.2331767175
BPCL,Oil & Gas,2010-04-06,2010-04-07,501.0,1,469.30134858866876,580.2466285283281,2010-04-19,495.0,time,7.0,-1.19760479041916,-1.5180101988023935,1.6052310960000002
ALOKTEXT,Unknown:ALOKTEXT,2010-04-09,2010-04-12,22.0,74,20.308286239575967,26.229284401060077,2010-04-19,20.308286239575967,stop,4.0,-7.689608001927429,-8.00004022618506,5.053836610914233
HINDPETRO,Oil & Gas,2010-04-08,2010-04-09,314.0,3,296.8861684385504,356.78457890362404,2010-04-21,302.0,time,7.0,-3.821656050955413,-4.138030323566878,2.9802456480000004
ALOKTEXT,Unknown:ALOKTEXT,2010-04-20,2010-04-21,21.25,47,19.699020735907425,25.12744816023144,2010-04-22,20.35,time,1.0,-4.235294117647048,-4.551032948705872,3.1534415752000005
IOC,Oil & Gas,2010-04-16,2010-04-19,280.0,1,266.80261488687347,312.9934627828164,2010-04-28,280.35,time,7.0,0.12499999999999734,-0.19743722825000265,0.9028242391
ABIRLANUVO,Unknown:ABIRLANUVO,2010-04-19,2010-04-20,810.0,2,743.128825956577,977.1779351085574,2010-04-29,821.7,time,7.0,1.4444444444444482,1.1199802513333372,5.2563199284
ALOKTEXT,Unknown:ALOKTEXT,2010-04-21,2010-04-22,20.35,47,18.76694782619975,24.307630434500624,2010-04-30,20.8,time,6.0,2.211302211302213,1.885659951351353,3.1146053953000004
BAJAJHIND,Unknown:BAJAJHIND,2010-04-27,2010-04-28,123.8,2,113.8513725788452,148.671568552887,2010-05-05,113.8513725788452,stop,5.0,-8.036047997701779,-8.345948011830462,0.7673124349826181
ACC,Unknown:ACC,2010-04-29,2010-04-30,900.0,1,852.4443100177907,1018.8892249555231,2010-05-07,852.4443100177907,stop,5.0,-5.283965553578806,-5.598093388312294,2.8271505126013903
APTECHT,Unknown:APTECHT,2010-05-05,2010-05-06,156.55,2,146.11959048172707,182.62602379568233,2010-05-07,146.11959048172707,stop,1.0,-6.662669765744456,-6.974679599220905,0.9769027886147634
3IINFOTECH,Unknown:3IINFOTECH,2010-04-28,2010-04-29,74.0,22,69.20124434962801,85.99688912592998,2010-05-10,70.5,time,7.0,-4.729729729729726,-5.044708995945943,5.127862454000001
3IINFOTECH,Unknown:3IINFOTECH,2010-05-07,2010-05-10,70.5,38,65.84257313838829,82.14356715402927,2010-05-19,71.0,time,7.0,0.7092198581560183,0.3858851361702027,8.662137202
ALOKTEXT,Unknown:ALOKTEXT,2010-05-07,2010-05-10,20.0,2,18.565934266871707,23.585164332820735,2010-05-19,19.8,time,7.0,-1.0000000000000009,-1.3207089740000009,0.12828358960000003
3IINFOTECH,Unknown:3IINFOTECH,2010-05-18,2010-05-19,71.0,38,66.61768400562703,81.95578998593243,2010-05-25,66.61768400562703,stop,4.0,-6.172276048412639,-6.48503923746789,8.43835084071068
3IINFOTECH,Unknown:3IINFOTECH,2010-05-25,2010-05-26,65.1,38,60.55621252956594,76.45946867608512,2010-05-28,65.6,time,2.0,0.7680491551459223,0.44462405806450905,8.0008900516
ISPATIND,Unknown:ISPATIND,2010-05-18,2010-05-19,17.9,1,16.5664751179285,21.23381220517874,2010-05-28,17.6,time,7.0,-1.6759776536312665,-1.9956481731843392,0.057221022999999996
3IINFOTECH,Unknown:3IINFOTECH,2010-05-27,2010-05-28,65.6,38,61.27295876273798,76.41760309315504,2010-06-04,66.1,time,5.0,0.7621951219512146,0.4387790179878,8.0621166396
ALOKTEXT,Unknown:ALOKTEXT,2010-05-25,2010-05-26,18.15,3,16.681278907020783,21.821802732448035,2010-06-04,19.1,time,7.0,5.234159779614345,4.903873727272747,0.1798407555
3IINFOTECH,Unknown:3IINFOTECH,2010-06-03,2010-06-04,66.1,38,61.89663714875734,76.60840712810662,2010-06-08,63.7,time,2.0,-3.6308623298033194,-3.9475297046898548,7.954051122399999
ISPATIND,Unknown:ISPATIND,2010-05-27,2010-05-28,17.6,1,16.30719655678473,20.832008608038173,2010-06-08,17.05,time,7.0,-3.125,-3.44244449375,0.055870230900000005
3IINFOTECH,Unknown:3IINFOTECH,2010-06-07,2010-06-08,63.7,38,59.48026366397956,74.24934084005113,2010-06-15,63.8,time,5.0,0.15698587127157548,-0.16550049450550464,7.806104970000002
HOTELEELA,Unknown:HOTELEELA,2010-06-03,2010-06-04,46.15,1,42.415913103202186,55.485217241994526,2010-06-15,46.3,time,7.0,0.3250270855904569,0.0022825705308686106,0.1489465937
3IINFOTECH,Unknown:3IINFOTECH,2010-06-14,2010-06-15,63.8,38,60.0916947488211,73.07076312794726,2010-06-17,62.95,time,2.0,-1.3322884012539116,-1.652486905172407,7.762892529000001
RAJESHEXPO,Unknown:RAJESHEXPO,2010-06-16,2010-06-17,77.75,31,68.96444080005841,99.71389799985397,2010-06-28,87.35,time,7.0,12.34726688102894,12.006053488617365,8.2240957906
NTPC,Power,2010-06-25,2010-06-28,195.5,13,187.77682041588164,214.8079489602959,2010-07-07,200.0,time,7.0,2.3017902813299296,1.9760090112532032,8.279730979
PETRONET,Unknown:PETRONET,2010-06-25,2010-06-28,78.25,2,73.88264085376872,89.16839786557819,2010-07-07,77.5,time,7.0,-0.9584664536741228,-1.2792392325878608,0.502009399
ORBITCORP,Unknown:ORBITCORP,2010-07-06,2010-07-07,133.75,20,101.7563413054464,213.734146736384,2010-07-16,139.8,time,7.0,4.523364485981318,4.194170375850478,8.805942446
ACC,Unknown:ACC,2010-07-15,2010-07-16,808.0,3,765.3379446619554,914.6551383451115,2010-07-27,826.0,time,7.0,2.2277227722772297,1.9020552866336653,7.894179852
ORBITCORP,Unknown:ORBITCORP,2010-07-15,2010-07-16,139.8,3,115.24995443764593,201.1751139058852,2010-07-27,135.0,time,7.0,-3.433476394849788,-3.7504469991416336,1.3293747144
ABB,Capital Goods,2010-07-26,2010-07-27,830.0,3,795.6784038117655,915.8039904705862,2010-08-04,795.6784038117655,stop,6.0,-4.135132070871627,-4.4510247734709205,7.8657282947224
APOLLOTYRE,Unknown:APOLLOTYRE,2010-07-26,2010-07-27,62.1,6,58.10480511402846,72.08798721492886,2010-08-05,66.75,time,7.0,7.4879227053139985,7.154174363768105,1.2435463206000001
SELMCL,Unknown:SELMCL,2010-08-02,2010-08-03,45.55,1,38.341672370182316,63.57081907454419,2010-08-12,43.75,time,7.0,-3.9517014270032846,-4.267875920526885,0.14401748179999999
ABB,Capital Goods,2010-08-04,2010-08-05,790.1,3,741.1080552849797,912.5798617875507,2010-08-16,782.7,time,7.0,-0.936590305024676,-1.257396690646749,7.604073758400002
EKC,Unknown:EKC,2010-08-04,2010-08-05,119.0,3,110.42502194097042,140.43744514757395,2010-08-16,118.0,time,7.0,-0.8403361344537785,-1.1612903882352912,1.1458066860000002
HCC,Unknown:HCC,2010-08-11,2010-08-12,70.0,1,52.237195763387895,114.40701059153027,2010-08-23,64.2,time,7.0,-8.285714285714285,-8.595230756,0.2166615292
ABB,Capital Goods,2010-08-13,2010-08-16,782.7,3,739.2404000400793,891.348999899802,2010-08-25,774.0,time,7.0,-1.1115369873514802,-1.4320746153315491,7.526544042600001
BHARTISHIP,Unknown:BHARTISHIP,2010-08-13,2010-08-16,227.6,1,212.22819182353842,266.0295204411539,2010-08-25,222.45,time,7.0,-2.262741652021094,-2.5815107694639763,0.7255185113
ABGSHIP,Unknown:ABGSHIP,2010-08-24,2010-08-25,242.0,1,226.3455236932822,281.1361907667945,2010-08-31,226.3455236932822,stop,4.0,-6.468791862280088,-6.781099536032665,0.7557845704812362
ESCORTS,Unknown:ESCORTS,2010-08-20,2010-08-23,182.0,1,170.00463439320276,211.98841401699306,2010-09-01,195.0,time,7.0,7.14285714285714,6.809638899999997,0.6064572020000001
ABB,Capital Goods,2010-08-24,2010-08-25,774.0,3,733.2795893845034,875.8010265387414,2010-09-03,781.1,time,7.0,0.9173126614987037,0.5936582619379802,7.5152551578
3IINFOTECH,Unknown:3IINFOTECH,2010-08-31,2010-09-01,58.6,7,55.48066855802602,66.39832860493495,2010-09-13,62.0,time,7.0,5.802047781569963,5.4708893249146735,1.3584119892
ABGSHIP,Unknown:ABGSHIP,2010-09-02,2010-09-03,236.05,9,220.48532830235698,274.9616792441076,2010-09-15,245.9,time,7.0,4.1728447362846754,3.8441891037068316,6.982124586300001
IVRCLINFRA,Unknown:IVRCLINFRA,2010-09-02,2010-09-03,156.95,1,145.22070843849556,186.27322890376107,2010-09-15,156.15,time,7.0,-0.5097164702134283,-0.8311786305192581,0.5045348606
DABUR,FMCG,2010-09-09,2010-09-13,109.0,4,85.6171047146627,167.45723821334323,2010-09-22,109.15,time,7.0,0.1376146788990784,-0.18484192834862806,1.4059108076
BAJAJ-AUTO,Auto,2010-09-14,2010-09-15,1475.65,1,1167.5186072381,2245.9784819047504,2010-09-24,1435.0,time,7.0,-2.754718259749944,-3.072731589936642,4.692763706900001
KOTAKBANK,Banking,2010-09-14,2010-09-15,479.0,1,381.5503036716502,722.6242408208744,2010-09-24,478.0,time,7.0,-0.20876826722338038,-0.5306927519832969,1.5420182820000004
BHUSANSTL,Unknown:BHUSANSTL,2010-09-21,2010-09-22,425.0,2,61.76424371608323,1333.089390709792,2010-10-01,420.25,time,7.0,-1.1176470588235343,-1.438175300352946,2.7244900530000002
BAJAJ-AUTO,Auto,2010-09-23,2010-09-24,1435.0,1,1226.6059118198577,1955.9852204503554,2010-10-05,1534.75,time,7.0,6.951219512195128,6.618295668048787,4.777457163499999
DABUR,FMCG,2010-09-23,2010-09-24,104.7,5,89.37585576532015,143.01036058669962,2010-10-05,110.15,time,7.0,5.2053486150907435,4.875106823209177,1.7288157805000002
BHUSANSTL,Unknown:BHUSANSTL,2010-09-30,2010-10-01,420.25,2,193.84910621233863,986.2522344691534,2010-10-12,509.9,time,7.0,21.332540154669832,20.977523351838183,2.9839162278
BRFL,Unknown:BRFL,2010-10-04,2010-10-05,255.15,8,238.38254217496237,297.0686445625941,2010-10-14,261.0,time,7.0,2.2927689594356204,1.9670015481481424,6.649564399200001
GTLINFRA,Unknown:GTLINFRA,2010-10-11,2010-10-12,44.75,23,42.10908163047325,51.352295923816875,2010-10-21,44.15,time,7.0,-1.3407821229050265,-1.6609675785474844,3.2955088021999996
HAVELLS,Consumer Durables,2010-10-13,2010-10-14,420.0,5,327.6132691679222,650.9668270801944,2010-10-25,416.75,time,7.0,-0.7738095238095211,-1.0948659774999974,6.7421855275
BRFL,Unknown:BRFL,2010-10-20,2010-10-21,247.65,1,233.09410854633222,284.0397286341695,2010-10-28,233.09410854633222,stop,5.0,-5.8776060786060125,-6.1908219473303,0.7756790988956979
BGRENERGY,Unknown:BGRENERGY,2010-10-20,2010-10-21,735.0,1,684.5413710991809,861.1465722520477,2010-11-01,765.0,time,7.0,4.081632653061229,3.7531171428571475,2.4145890000000003
DCHL,Unknown:DCHL,2010-10-22,2010-10-25,127.0,16,119.10102064503114,146.74744838742214,2010-11-03,136.15,time,7.0,7.204724409448815,6.871411124488185,6.7729259504
ADANIPOWER,Power,2010-10-28,2010-10-29,131.3,2,124.79849352256673,147.55376619358321,2010-11-09,142.4,time,7.0,8.45392231530846,8.118689980045703,0.8803201124000001
APOLLOTYRE,Unknown:APOLLOTYRE,2010-10-29,2010-11-01,72.45,11,66.39086049678187,87.59784875804536,2010-11-10,73.7,time,7.0,1.7253278122843385,1.4004321188405842,2.5892562289
BFUTILITIE,Unknown:BFUTILITIE,2010-11-02,2010-11-03,949.8,2,866.6277144846181,1157.7307137884548,2010-11-12,1000.0,time,7.0,5.285323225942307,4.95495857498421,6.2756069096000004
APOLLOTYRE,Unknown:APOLLOTYRE,2010-11-11,2010-11-12,69.8,28,63.77293000603776,84.86767498490558,2010-11-18,63.77293000603776,stop,3.0,-8.634770764988875,-8.94375100563566,6.03870982320075
BRFL,Unknown:BRFL,2010-11-08,2010-11-09,218.85,2,200.94579477348134,263.6105130662966,2010-11-19,219.0,time,7.0,0.06854009595613775,-0.2538103971213126,1.4109281082
HINDPETRO,Oil & Gas,2010-11-09,2010-11-10,467.6,2,439.8093920596247,537.0765198509382,2010-11-22,446.0,time,7.0,-4.619332763045348,-4.934481623952106,2.9472721472
APOLLOTYRE,Unknown:APOLLOTYRE,2010-11-18,2010-11-19,65.25,10,58.78321412698992,81.41696468252522,2010-11-24,62.05,time,3.0,-4.904214559386977,-5.218925777471268,2.053490698
ABAN,Unknown:ABAN,2010-11-18,2010-11-19,796.7,2,744.5662051065373,927.0344872336569,2010-11-25,744.5662051065373,stop,4.0,-6.543717195112686,-6.855909766620907,4.974476434411991
ABIRLANUVO,Unknown:ABIRLANUVO,2010-11-19,2010-11-22,790.25,1,748.1827994820649,895.418001294838,2010-11-25,748.1827994820649,stop,3.0,-5.323277509387547,-5.637344952072411,2.4819179658171344
APIL,Unknown:APIL,2010-11-23,2010-11-24,692.0,1,623.0398271996061,864.4004320009849,2010-11-25,623.0398271996061,stop,1.0,-9.965342890230334,-10.272279071383446,2.1239983735795422
ABAN,Unknown:ABAN,2010-11-25,2010-11-26,733.8,3,675.2329786186959,880.21755345326,2010-11-26,675.2329786186959,stop,0.0,-7.981332976465527,-8.291317045232423,6.823989289834454
ISPATIND,Unknown:ISPATIND,2010-11-25,2010-11-26,17.25,2,15.48797588389018,21.65506029027455,2010-11-26,15.48797588389018,stop,0.0,-10.214632557158376,-10.521185773043623,0.10576085948041017
ABAN,Unknown:ABAN,2010-11-26,2010-11-29,675.0,3,610.073480145932,837.3162996351701,2010-11-30,674.0,time,1.0,-0.1481481481481528,-0.47016575911111574,6.520856622
APIL,Unknown:APIL,2010-11-25,2010-11-26,652.9,1,580.684851003742,833.4378724906451,2010-12-03,700.0,time,5.0,7.213968448460717,6.8806409625670115,2.1762951554
ABAN,Unknown:ABAN,2010-11-29,2010-11-30,674.0,3,608.7968029926511,837.0079925183722,2010-12-07,738.0,time,5.0,9.495548961424326,9.158716452225512,6.810753336000001
ISPATIND,Unknown:ISPATIND,2010-11-26,2010-11-29,17.35,1,15.399549035040883,22.2261274123978,2010-12-07,18.85,time,6.0,8.645533141210372,8.310006448414983,0.058213881200000005
GVKPIL,Unknown:GVKPIL,2010-12-06,2010-12-07,40.85,1,37.00870889915681,50.45322775210799,2010-12-09,37.00870889915681,stop,2.0,-9.403405387621033,-9.71120483177603,0.12573607293731606
AMTEKAUTO,Unknown:AMTEKAUTO,2010-12-02,2010-12-03,126.0,5,110.602182274254,164.494544314365,2010-12-10,110.602182274254,stop,5.0,-12.22049025852857,-12.523962023660673,1.9118721203322409
ABIRLANUVO,Unknown:ABIRLANUVO,2010-12-06,2010-12-07,750.0,3,692.4676745333309,893.830813666673,2010-12-16,798.0,time,7.0,6.400000000000006,6.067922953600005,7.471733544000001
GMRINFRA,Unknown:GMRINFRA,2010-12-09,2010-12-10,44.0,1,38.942864716491215,56.64283820877196,2010-12-22,45.75,time,7.0,3.9772727272727293,3.648917537500002,0.1444762835
ADANIPOWER,Power,2010-12-10,2010-12-13,125.5,4,114.90439028554322,151.98902428614196,2010-12-23,125.6,time,7.0,0.07968127490038945,-0.2426863335458257,1.6182853944000002
ALBK,Unknown:ALBK,2010-12-15,2010-12-16,214.55,11,191.27555673682966,272.7361081579259,2010-12-28,216.0,time,7.0,0.6758331391284012,0.35254970668841046,7.629650647300001
ASHOKLEY,Auto,2010-12-21,2010-12-22,67.5,1,60.95201584749291,83.86996038126773,2010-12-31,62.5,time,7.0,-7.4074074074074066,-7.718273155555555,0.20983438
ADANIPOWER,Power,2010-12-22,2010-12-23,125.6,4,117.16093548229877,146.69766129425307,2011-01-03,130.6,time,7.0,3.9808917197452276,3.6525309703821702,1.6496844048
CROMPGREAV,Unknown:CROMPGREAV,2010-12-27,2010-12-28,310.0,7,289.99966760083487,360.0008309979128,2011-01-06,307.7,time,7.0,-0.7419354838709702,-1.0630409032903252,6.967987601400001
BAJAJ-AUTO,Auto,2011-01-05,2011-01-06,1383.2,1,1292.270592051605,1610.5235198709875,2011-01-10,1292.270592051605,stop,2.0,-6.573843836639314,-6.885990126817529,4.317607485745069
ASHOKLEY,Auto,2010-12-30,2010-12-31,62.5,5,57.144702842727604,75.88824289318099,2011-01-11,60.5,time,7.0,-3.200000000000003,-3.5173292768000026,0.99165399
LICHSGFIN,Financial Services,2010-12-31,2011-01-03,196.4,2,13.442097137448968,653.7947571563776,2011-01-12,170.0,time,7.0,-13.441955193482691,-13.743550512423628,1.1846664128000002
ABB,Capital Goods,2011-01-10,2011-01-11,746.0,3,694.2769049314782,875.3077376713046,2011-01-20,730.0,time,7.0,-2.144772117962468,-2.463722463270779,7.138108728
ALBK,Unknown:ALBK,2011-01-10,2011-01-11,203.05,1,186.95823356344408,243.27941609138983,2011-01-20,206.0,time,7.0,1.4528441270623027,1.1283670301403623,0.6588507453000001
ABGSHIP,Unknown:ABGSHIP,2011-01-11,2011-01-12,362.0,1,322.56244391455635,460.5938902136091,2011-01-21,367.25,time,7.0,1.4502762430939287,1.1258030910221053,1.1745928105
ABB,Capital Goods,2011-01-19,2011-01-20,730.0,3,679.418356298072,856.45410925482,2011-02-01,740.0,time,7.0,1.3698630136986356,1.0455133945205533,7.1032566600000004
ANDHRABANK,Unknown:ANDHRABANK,2011-01-19,2011-01-20,130.8,1,120.00529989870824,157.78675025322946,2011-02-01,141.0,time,7.0,7.7981651376146655,7.463940193577968,0.43716622680000006
AEGISCHEM,Unknown:AEGISCHEM,2011-01-20,2011-01-21,289.75,1,264.20402125891746,353.6149468527063,2011-02-02,282.1,time,7.0,-2.6402070750647044,-2.958396320310606,0.9219533381
ABAN,Unknown:ABAN,2011-01-31,2011-02-01,671.0,3,617.7651210069429,804.0871974826429,2011-02-08,617.7651210069429,stop,5.0,-7.933663039203742,-8.243720339767679,6.2414534603520355
ABAN,Unknown:ABAN,2011-02-08,2011-02-09,615.0,3,560.7209622163173,750.6975944592068,2011-02-09,560.7209622163173,stop,0.0,-8.825859802224834,-9.1345464869243,5.695269332705173
ABGSHIP,Unknown:ABGSHIP,2011-01-31,2011-02-01,351.5,1,316.50306978862477,438.99232552843813,2011-02-10,340.0,time,7.0,-3.271692745376953,-3.5889118859174935,1.1150252790000001
AMBUJACEM,Cement,2011-02-01,2011-02-02,122.0,3,111.23692956195079,148.907676095123,2011-02-11,117.4,time,7.0,-3.770491803278686,-4.086944675737702,1.1582175132
ABAN,Unknown:ABAN,2011-02-09,2011-02-10,530.0,3,464.40517920086603,693.9870519978349,2011-02-18,601.0,time,6.0,13.396226415094347,13.053401583773592,5.450914817999999
ABGSHIP,Unknown:ABGSHIP,2011-02-09,2011-02-10,340.0,1,304.4222921124385,428.9442697189037,2011-02-21,362.0,time,7.0,6.470588235294117,6.138402749411764,1.1294306520000001
ADANIPOWER,Power,2011-02-10,2011-02-11,117.0,4,108.68669310636517,137.78326723408708,2011-02-22,123.0,time,7.0,5.128205128205132,4.79808184615385,1.54497696
AREVAT&D,Unknown:AREVAT&D,2011-02-17,2011-02-18,286.2,6,262.7619318009325,344.79517049766883,2011-02-24,262.7619318009325,stop,4.0,-8.18940188646664,-8.499066314364201,5.317557555856917
ALOKTEXT,Unknown:ALOKTEXT,2011-02-18,2011-02-21,22.55,21,19.807797307651185,29.405506730872034,2011-03-03,21.5,time,7.0,-4.656319290465638,-4.971411331707323,1.4921183613
ASHOKLEY,Auto,2011-02-21,2011-02-22,50.0,9,43.77394087893606,65.56514780265984,2011-03-04,53.9,time,7.0,7.800000000000007,7.465772237200007,1.5040249326
ABAN,Unknown:ABAN,2011-02-24,2011-02-25,534.1,3,467.29341166147816,701.1164708463047,2011-03-09,619.05,time,7.0,15.905261187043607,15.558581911271279,5.5548420357
ADANIPOWER,Power,2011-03-01,2011-03-03,115.0,4,107.95024040851233,132.62439897871917,2011-03-14,111.6,time,7.0,-2.9565217391304355,-3.274225053565218,1.4614352464
ALOKTEXT,Unknown:ALOKTEXT,2011-03-03,2011-03-04,21.6,22,19.085247979059524,27.886880052351195,2011-03-15,20.4,time,7.0,-5.55555555555557,-5.869266166666681,1.4907528240000003
AREVAT&D,Unknown:AREVAT&D,2011-03-08,2011-03-09,253.0,7,227.97494857538013,315.56262856154973,2011-03-15,227.97494857538013,stop,4.0,-9.891324673762792,-10.198374563624517,5.437853549451134
AREVAT&D,Unknown:AREVAT&D,2011-03-15,2011-03-16,232.0,6,205.18079740100592,299.0480064974852,2011-03-18,237.5,time,2.0,2.37068965517242,2.044802540086213,4.536348642
ADANIPOWER,Power,2011-03-11,2011-03-14,111.6,4,104.3740723781236,129.66481905469098,2011-03-23,110.95,time,7.0,-0.5824372759856589,-0.9037877206989204,1.4345083852
ARSSINFRA,Unknown:ARSSINFRA,2011-03-14,2011-03-15,534.15,1,437.73477315338073,775.188067116548,2011-03-24,502.4,time,7.0,-5.944023214452865,-6.257137051446219,1.6724975603
AREVAT&D,Unknown:AREVAT&D,2011-03-17,2011-03-18,237.5,6,212.10334061617345,300.99164845956636,2011-03-25,235.15,time,5.0,-0.989473684210529,-1.3101988290105289,4.5703333134
AREVAT&D,Unknown:AREVAT&D,2011-03-24,2011-03-25,235.15,6,211.24030490904255,294.92423772739363,2011-03-29,242.8,time,2.0,3.253242611099294,2.9259996952158156,4.6170703002
ADANIPOWER,Power,2011-03-22,2011-03-23,110.95,5,104.68739199370434,126.60652001573918,2011-04-01,112.5,time,7.0,1.3970256872465114,1.0726343400630953,1.7995609985
ARSSINFRA,Unknown:ARSSINFRA,2011-03-23,2011-03-24,502.4,1,424.3912955085532,697.421761228617,2011-04-04,530.0,time,7.0,5.493630573248409,5.16294591512739,1.6613597224
CENTRALBK,Unknown:CENTRALBK,2011-03-28,2011-03-29,138.0,11,123.26142595130622,174.84643512173446,2011-04-07,144.85,time,7.0,4.9637681159420355,4.6338974463043545,5.0074367651
KGL,Unknown:KGL,2011-03-31,2011-04-01,11.3,51,9.621902273418256,15.495244316454365,2011-04-13,12.7,time,7.0,12.389380530973447,12.048102442477873,1.966785624
PIRHEALTH,Unknown:PIRHEALTH,2011-04-01,2011-04-04,419.2,1,381.58450494448493,513.2387376387877,2011-04-15,444.0,time,7.0,5.916030534351147,5.584696974427482,1.3889502832000002
RAJESHEXPO,Unknown:RAJESHEXPO,2011-04-06,2011-04-07,107.75,15,96.94365960669884,134.7658509832529,2011-04-20,99.0,time,7.0,-8.120649651972156,-8.430419698839906,5.0066583824999995
RAJESHEXPO,Unknown:RAJESHEXPO,2011-04-19,2011-04-20,99.0,26,89.28465602967866,123.28835992580335,2011-04-29,89.28465602967866,stop,6.0,-9.81347875790034,-10.120648236682005,7.906542383840078
PATNI,Unknown:PATNI,2011-04-29,2011-05-02,429.0,5,406.4414158667771,485.39646033305723,2011-05-03,406.4414158667771,stop,1.0,-5.2584112198654775,-5.572578311830829,6.738884122656778
GVKPIL,Unknown:GVKPIL,2011-04-27,2011-04-28,24.5,3,22.060016409980193,30.599958975049514,2011-05-09,22.95,time,7.0,-6.3265306122448965,-6.6390568314285705,0.22970677110000004
RAJESHEXPO,Unknown:RAJESHEXPO,2011-04-29,2011-05-02,86.5,1,77.3809519102737,109.29762022431576,2011-05-11,87.6,time,7.0,1.2716763005780285,0.9474775183814966,0.28043194660000004
ALBK,Unknown:ALBK,2011-05-03,2011-05-04,197.0,10,179.3713546452982,241.0716133867545,2011-05-13,196.5,time,7.0,-0.25380710659898,-0.5756624015228379,6.34054931
ADANIPOWER,Power,2011-05-06,2011-05-09,109.95,1,104.41371025224767,123.79072436938083,2011-05-18,114.45,time,7.0,4.092769440654842,3.764236821828103,0.3612216144
ARSSINFRA,Unknown:ARSSINFRA,2011-05-12,2011-05-13,434.5,4,380.7533219627535,568.8666950931163,2011-05-18,380.7533219627535,stop,3.0,-12.369776303163748,-12.673018731192645,5.270353399142212
ASHOKLEY,Auto,2011-05-10,2011-05-11,48.45,3,44.33014821048147,58.74962947379634,2011-05-20,50.4,time,7.0,4.024767801857587,3.696339648916411,0.47737032030000004
ARSSINFRA,Unknown:ARSSINFRA,2011-05-18,2011-05-19,376.15,4,321.2972753170086,513.2818117074785,2011-05-24,370.0,time,3.0,-1.6349860428020668,-1.9547195347334771,4.8107101196
BALRAMCHIN,Unknown:BALRAMCHIN,2011-05-19,2011-05-20,63.1,5,57.86495896653557,76.18760258366109,2011-05-26,57.86495896653557,stop,4.0,-8.296420021338246,-8.605920045194546,0.9764725752666255
ALBK,Unknown:ALBK,2011-05-17,2011-05-18,192.1,1,177.70865523964457,228.07836190088852,2011-05-27,180.4,time,7.0,-6.090577824049969,-6.40346652004164,0.601059185
ABAN,Unknown:ABAN,2011-05-23,2011-05-24,562.0,2,519.4021758665929,668.4945603335178,2011-06-02,595.0,time,7.0,5.87188612099645,5.540620376868336,3.723426964
ALBK,Unknown:ALBK,2011-05-26,2011-05-27,180.4,4,167.84487427011229,211.78781432471933,2011-06-07,200.0,time,7.0,10.864745011086473,10.525809107317071,2.4457614816
BAJAJHIND,Unknown:BAJAJHIND,2011-05-26,2011-05-27,61.75,2,56.53829862175886,74.77925344560283,2011-06-07,66.4,time,7.0,7.530364372469656,7.196550830931194,0.4122597238
COREPROTEC,Unknown:COREPROTEC,2011-06-01,2011-06-02,277.1,4,261.5813339457384,315.8966651356541,2011-06-13,285.0,time,7.0,2.8509563334536248,2.524331420209309,3.6203105384
ADANIENT,Diversified,2011-06-06,2011-06-07,603.0,1,564.9370603116702,698.1573492208245,2011-06-16,650.05,time,7.0,7.8026533996683245,7.468421560646766,2.0154179893
BALRAMCHIN,Unknown:BALRAMCHIN,2011-06-06,2011-06-07,60.7,6,55.791012366553474,72.97246908361632,2011-06-16,60.0,time,7.0,-1.1532125205930832,-1.4736861255354226,1.1671648692
BHUSANSTL,Unknown:BHUSANSTL,2011-06-15,2011-06-16,411.05,3,381.24062858252125,485.57342854369693,2011-06-20,381.24062858252125,stop,2.0,-7.252006183549142,-7.563110663097813,3.8363848895544366
BHARATFORG,Auto,2011-06-10,2011-06-13,309.05,3,292.60777209400806,350.15556976497993,2011-06-21,292.60777209400806,stop,6.0,-5.3202484730600075,-5.634320569029232,2.911919437778669
NHPC,Power,2011-06-16,2011-06-17,23.8,1,22.848511946291687,26.178720134270783,2011-06-23,22.848511946291687,stop,4.0,-3.997848965160977,-4.313952565636624,0.0752326569132039
ABAN,Unknown:ABAN,2011-06-20,2011-06-21,523.95,2,482.81945695133663,626.7763576216586,2011-06-30,527.0,time,7.0,0.5821166141807277,0.25897715150299117,3.386178429400001
ABGSHIP,Unknown:ABGSHIP,2011-06-21,2011-06-22,352.75,2,329.2845729944902,411.4135675137745,2011-07-01,356.05,time,7.0,0.935506732813618,0.6118243830474946,2.2835789776
ALOKTEXT,Unknown:ALOKTEXT,2011-06-23,2011-06-24,23.7,12,21.311128670974114,29.67217832256471,2011-07-05,26.1,time,7.0,10.126582278481022,9.78878035949368,0.9607086576000001
BRFL,Unknown:BRFL,2011-06-29,2011-06-30,281.0,3,271.9185530825518,303.7036172936205,2011-07-11,286.0,time,7.0,1.7793594306049876,1.454380732384347,2.7395704260000002
APIL,Unknown:APIL,2011-06-30,2011-07-01,516.1,1,475.2592514735039,618.2018713162403,2011-07-12,530.0,time,7.0,2.693276496802932,2.3668938154233543,1.6844610186000002
TITAN,Retail,2011-07-04,2011-07-05,218.0,3,-314.2387116986524,1548.596779246631,2011-07-14,226.0,time,7.0,3.669724770642202,3.3418420440366976,2.1443530319999997
GLODYNE,Unknown:GLODYNE,2011-07-08,2011-07-11,320.0,2,286.0954843277092,404.761289180727,2011-07-20,309.0,time,7.0,-3.4375000000000044,-3.7544644231250044,2.028572308
AMTEKAUTO,Unknown:AMTEKAUTO,2011-07-19,2011-07-20,156.75,4,147.07918107942945,180.9270473014264,2011-07-20,147.07918107942945,stop,0.0,-6.1695814485298595,-6.48234877709951,1.9610511501317103
ADANIPOWER,Power,2011-07-11,2011-07-12,107.15,7,102.45451029026178,118.88872427434556,2011-07-21,112.25,time,7.0,4.75968268782081,4.430125539524029,2.4718433908
AMBUJACEM,Cement,2011-07-13,2011-07-14,123.25,5,114.8452442359026,144.2618894102435,2011-07-25,129.6,time,7.0,5.152129817444218,4.8219697816632845,2.0346112205
JPASSOCIAT,Unknown:JPASSOCIAT,2011-07-20,2011-07-21,75.75,1,70.91994001901358,87.82514995246603,2011-07-28,70.91994001901358,stop,5.0,-6.376316806582727,-6.688766542920217,0.23668067527564912
AMTEKAUTO,Unknown:AMTEKAUTO,2011-07-20,2011-07-21,151.9,9,140.98423957375593,179.18940106561024,2011-07-29,158.85,time,6.0,4.575378538512176,4.246104523041471,4.5015050655
3IINFOTECH,Unknown:3IINFOTECH,2011-07-22,2011-07-25,42.95,15,39.44289971690458,51.71775070773856,2011-08-02,39.44289971690458,stop,6.0,-8.165541986252444,-8.475243068349071,1.995249221407522
ABAN,Unknown:ABAN,2011-07-28,2011-07-29,496.95,3,467.2914527137076,571.096368215731,2011-08-02,467.2914527137076,stop,2.0,-5.968114958505366,-6.281191785135121,4.6675058698097045
3IINFOTECH,Unknown:3IINFOTECH,2011-08-02,2011-08-03,38.5,51,35.09051310414159,47.023717239646025,2011-08-05,35.09051310414159,stop,2.0,-8.85581011911275,-9.164450793356705,6.060159638780075
3IINFOTECH,Unknown:3IINFOTECH,2011-08-05,2011-08-08,35.2,50,31.625312423396167,44.13671894150959,2011-08-08,31.625312423396167,stop,0.0,-10.155362433533622,-10.462006701723805,5.396939120147211
GMRINFRA,Unknown:GMRINFRA,2011-07-28,2011-07-29,29.9,1,28.17237440761934,34.21906398095164,2011-08-09,28.05,time,7.0,-6.187290969899662,-6.5000310926421365,0.09350929670000002
3IINFOTECH,Unknown:3IINFOTECH,2011-08-08,2011-08-09,30.1,54,26.2377901074393,39.75552473140176,2011-08-12,32.5,time,3.0,7.973421926910285,7.638927748837195,5.436868370400001
ASHOKLEY,Auto,2011-08-02,2011-08-03,26.0,1,19.165910244001758,43.0852243899956,2011-08-12,25.45,time,7.0,-2.115384615384619,-2.434380106538465,0.0829388277
ALOKTEXT,Unknown:ALOKTEXT,2011-08-11,2011-08-12,21.2,1,19.11340975393575,26.416475615160632,2011-08-16,19.11340975393575,stop,1.0,-9.842406821057793,-10.149531859796706,0.06511050821264969
3IINFOTECH,Unknown:3IINFOTECH,2011-08-11,2011-08-12,32.5,54,28.358828303951945,42.85292924012014,2011-08-17,28.358828303951945,stop,2.0,-12.742066757070935,-13.044737262824986,5.311867375983611
ALOKTEXT,Unknown:ALOKTEXT,2011-08-16,2011-08-17,18.8,1,16.497786981709904,24.55553254572524,2011-08-18,16.497786981709904,stop,1.0,-12.245813927074977,-12.549246789329041,0.057045378103764276
3IINFOTECH,Unknown:3IINFOTECH,2011-08-17,2011-08-18,29.2,52,24.844367997005254,40.089080007486864,2011-08-19,27.1,time,1.0,-7.191780821917804,-7.502977821232872,4.7252152376000005
3IINFOTECH,Unknown:3IINFOTECH,2011-08-18,2011-08-19,27.1,52,22.82691314007631,37.78271714980923,2011-08-24,28.9,time,3.0,6.6420664206642055,6.309617505535054,4.6848701120000005
ALOKTEXT,Unknown:ALOKTEXT,2011-08-18,2011-08-19,16.05,1,13.541969387290685,22.320076531773292,2011-08-24,17.55,time,3.0,9.345794392523366,9.009191940186918,0.05402469360000001
KSOILS,Unknown:KSOILS,2011-08-16,2011-08-17,8.95,1,6.113161862124743,16.04209534468814,2011-08-26,10.05,time,7.0,12.29050279329611,11.949376603351975,0.030530794
3IINFOTECH,Unknown:3IINFOTECH,2011-08-23,2011-08-24,28.9,52,24.884594813683545,38.93851296579113,2011-08-29,25.6,time,3.0,-11.418685121107252,-11.723388640138394,4.579084483999999
3IINFOTECH,Unknown:3IINFOTECH,2011-08-26,2011-08-29,25.6,52,21.758292567661353,35.204268580846616,2011-08-30,27.1,time,1.0,5.859375,5.52812847578125,4.409553730400001
ALOKTEXT,Unknown:ALOKTEXT,2011-08-25,2011-08-26,17.2,1,14.84045466493745,23.098863337656372,2011-08-30,17.5,time,2.0,1.744186046511631,1.4192613825581426,0.0558870422
3IINFOTECH,Unknown:3IINFOTECH,2011-08-29,2011-08-30,27.1,52,23.28270024139983,36.64324939650044,2011-09-06,27.0,time,3.0,-0.3690036900369065,-0.6906820169741759,4.533090983200001
ALOKTEXT,Unknown:ALOKTEXT,2011-08-29,2011-08-30,17.5,1,15.167534889665454,23.331162775836365,2011-09-08,20.3,time,5.0,16.000000000000014,15.653175184000014,0.06069434280000001
ALBK,Unknown:ALBK,2011-09-05,2011-09-06,175.75,7,160.19730902305074,214.63172744237318,2011-09-15,166.0,time,7.0,-5.5476529160739645,-5.861375667425316,3.8595741485
AMTEKAUTO,Unknown:AMTEKAUTO,2011-09-05,2011-09-06,140.5,1,123.05655699853992,184.1086075036502,2011-09-15,142.5,time,7.0,1.4234875444839812,1.0990555459074687,0.455826958
IFCI,Financial Services,2011-09-07,2011-09-08,36.05,1,31.911021290594004,46.39744677351498,2011-09-19,34.1,time,7.0,-5.40915395284326,-5.7230894699029,0.11317375390000001
ALBK,Unknown:ALBK,2011-09-14,2011-09-15,166.0,7,152.30374536679048,200.2406365830238,2011-09-26,162.05,time,7.0,-2.379518072289155,-2.698107794759035,3.7020125751000004
ANDHRABANK,Unknown:ANDHRABANK,2011-09-14,2011-09-15,123.0,1,113.96651892601324,145.5837026849669,2011-09-26,121.0,time,7.0,-1.6260162601625994,-1.9457635317073148,0.39328914400000003
BALRAMCHIN,Unknown:BALRAMCHIN,2011-09-16,2011-09-19,50.45,1,46.069415025068224,61.40146243732944,2011-09-28,49.0,time,7.0,-2.87413280475719,-3.191962687215069,0.1603451757
ABB,Capital Goods,2011-09-23,2011-09-26,756.8,1,700.3131729072765,898.0170677318088,2011-09-29,700.3131729072765,stop,3.0,-7.463904214154793,-7.7746831704394985,2.3519751411626535
AMTEKAUTO,Unknown:AMTEKAUTO,2011-09-23,2011-09-26,132.0,3,117.31575274590357,168.71061813524108,2011-10-03,117.31575274590357,stop,5.0,-11.124429737951846,-11.429585299753231,1.2084160247334854
ABB,Capital Goods,2011-09-29,2011-09-30,708.0,1,646.2936883435216,862.2657791411962,2011-10-05,694.95,time,3.0,-1.8432203389830426,-2.162633935974568,2.2614482667000004
AMTEKAUTO,Unknown:AMTEKAUTO,2011-10-03,2011-10-04,121.3,3,105.60079979638878,160.54800050902804,2011-10-05,112.5,time,1.0,-7.254740313272878,-7.56584059258038,1.1320939164000001
BAJAJHIND,Unknown:BAJAJHIND,2011-09-27,2011-09-28,40.3,3,33.47248189581668,57.3687952604583,2011-10-10,37.8,time,7.0,-6.203473945409432,-6.516189207444172,0.3780727518
ABB,Capital Goods,2011-10-04,2011-10-05,694.95,1,635.3642249601738,843.9144375995656,2011-10-12,656.1,time,4.0,-5.590330239585583,-5.903987428922946,2.1797606373000002
ABB,Capital Goods,2011-10-11,2011-10-12,656.1,1,600.1823167192712,795.894208201822,2011-10-17,665.1,time,3.0,1.3717421124828544,1.0473896065843633,2.1280767912000003
ALBK,Unknown:ALBK,2011-10-04,2011-10-05,147.5,2,134.44094353151493,180.14764117121268,2011-10-17,156.8,time,7.0,6.3050847457627235,5.97315351064408,0.9791971436
GVKPIL,Unknown:GVKPIL,2011-10-14,2011-10-17,17.0,2,15.72240566348394,20.19398584129015,2011-10-17,15.72240566348394,stop,0.0,-7.51526080303565,-7.825960863993246,0.10563802072558257
ADANIPOWER,Power,2011-10-07,2011-10-10,78.55,2,69.97568232621839,99.98579418445401,2011-10-19,83.7,time,7.0,6.556333545512416,6.2240163354551274,0.5220703369999999
GVKPIL,Unknown:GVKPIL,2011-10-17,2011-10-18,14.85,2,13.3493766875208,18.601558281197995,2011-10-25,13.3493766875208,stop,5.0,-10.105207491442414,-10.411928808958665,0.09109623130232666
ADANIENT,Diversified,2011-10-14,2011-10-17,473.9,2,419.92105600595403,608.8473599851147,2011-10-26,469.0,time,7.0,-1.0339734121122546,-1.3546301952732591,3.0391849908
ASHOKLEY,Auto,2011-10-18,2011-10-19,24.05,7,22.12863369890724,28.8534157527319,2011-10-31,26.9,time,7.0,11.850311850311845,11.509861893139288,0.5731475028999999
ALBK,Unknown:ALBK,2011-10-25,2011-10-26,141.95,6,129.43123908334388,173.24690229164025,2011-11-08,170.0,time,7.0,19.760479041916177,19.407877280239532,3.0031092042000003
DABUR,FMCG,2011-10-25,2011-10-26,97.1,1,91.48027522680218,111.14931193299452,2011-11-08,99.5,time,7.0,2.471678681771383,2.1456364247168,0.3165870316
BPCL,Oil & Gas,2011-11-04,2011-11-08,626.0,1,589.2092296955905,717.9769257610237,2011-11-09,589.2092296955905,stop,1.0,-5.877119856934431,-6.190336472605092,1.960736014098338
DCHL,Unknown:DCHL,2011-10-28,2011-10-31,50.1,4,44.63337604980127,63.76655987549682,2011-11-11,49.25,time,7.0,-1.6966067864271461,-2.0162456149700603,0.6405562124
GVKPIL,Unknown:GVKPIL,2011-11-04,2011-11-08,14.0,35,12.49599790335786,17.76000524160535,2011-11-14,12.49599790335786,stop,3.0,-10.742872118872427,-11.04861383940874,1.498134430627934
DISHTV,Unknown:DISHTV,2011-11-09,2011-11-11,73.0,1,67.50244644923148,86.74388387692127,2011-11-14,67.50244644923148,stop,1.0,-7.530895275025362,-7.84157131790059,0.22679351129891712
ANDHRABANK,Unknown:ANDHRABANK,2011-11-09,2011-11-11,114.2,6,106.66144945173697,133.04637637065758,2011-11-15,106.66144945173697,stop,2.0,-6.601182616692669,-6.913286908326158,2.1385386062726646
ADANIENT,Diversified,2011-11-15,2011-11-16,408.0,1,370.6158615834015,501.4603460414962,2011-11-16,370.6158615834015,stop,0.0,-9.162779023676105,-9.470948124307679,1.2573299305768226
ADANIENT,Diversified,2011-11-16,2011-11-17,391.0,1,349.70044289887284,494.2488927528179,2011-11-17,349.70044289887284,stop,0.0,-10.562546573178299,-10.868565314506371,1.1965332785927638
AMTEKAUTO,Unknown:AMTEKAUTO,2011-11-14,2011-11-15,117.0,4,105.26487474671045,146.33781313322388,2011-11-18,105.26487474671045,stop,3.0,-10.030021584008164,-10.336858404070249,1.43599631789056
ADANIENT,Diversified,2011-11-17,2011-11-18,365.0,1,320.2289826918105,476.9275432704738,2011-11-21,320.2289826918105,stop,1.0,-12.26603213923001,-12.56943394174089,1.1074165791647093
BAJAJHIND,Unknown:BAJAJHIND,2011-11-14,2011-11-15,29.4,2,25.771652893161413,38.470867767096465,2011-11-24,27.25,time,7.0,-7.312925170068018,-7.623936064285705,0.1828744058
ADANIENT,Diversified,2011-11-21,2011-11-22,310.0,1,261.27396976997943,431.81507557505137,2011-11-25,329.0,time,3.0,6.129032258064515,5.797371479354838,1.028148414
ADANIENT,Diversified,2011-11-24,2011-11-25,329.0,1,277.856236000235,456.8594099994125,2011-11-28,325.6,time,1.0,-1.0334346504559222,-1.3540922612765909,1.0549635396
ADANIENT,Diversified,2011-11-25,2011-11-28,325.6,1,274.8522191430754,452.46945214231164,2011-11-29,320.0,time,1.0,-1.7199017199017286,-2.0395047621621707,1.0406275055999998
ADANIPOWER,Power,2011-11-18,2011-11-21,73.5,8,66.27996440540238,91.55008898649405,2011-11-30,71.5,time,7.0,-2.7210884353741527,-3.0391534285714314,1.8702221600000004
ADANIENT,Diversified,2011-11-28,2011-11-29,320.0,1,270.9270606328557,442.68234841786074,2011-12-01,311.0,time,2.0,-2.8124999999999956,-3.1304245643749957,1.0173586060000002
ALOKTEXT,Unknown:ALOKTEXT,2011-11-23,2011-11-24,17.2,5,15.215398897512623,22.16150275621844,2011-12-05,19.1,time,7.0,11.046511627906996,10.707296489534903,0.29172501900000003
ADANIPOWER,Power,2011-11-29,2011-11-30,71.5,8,64.49324406341512,89.0168898414622,2011-12-12,74.5,time,7.0,4.195804195804187,3.8671132923076836,1.880111968
ANDHRABANK,Unknown:ANDHRABANK,2011-11-30,2011-12-01,101.5,3,93.81579315730305,120.71051710674237,2011-12-13,94.05,time,7.0,-7.339901477832511,-7.650870930344826,0.9469019829
ARSSINFRA,Unknown:ARSSINFRA,2011-12-09,2011-12-12,182.0,3,152.6624321551443,255.34391961213925,2011-12-13,152.6624321551443,stop,1.0,-16.119542771898733,-16.41702471118443,1.6242513884999064
ARVIND,Unknown:ARVIND,2011-12-02,2011-12-05,84.0,1,74.54882813700804,107.6279296574799,2011-12-15,78.0,time,7.0,-7.14285714285714,-7.454129299999996,0.26146861200000004
APTECHT,Unknown:APTECHT,2011-12-14,2011-12-15,84.9,1,74.81542536940026,110.11143657649937,2011-12-16,74.81542536940026,stop,1.0,-11.878179776913722,-12.182177408307753,0.25809398905353226
ANDHRABANK,Unknown:ANDHRABANK,2011-12-12,2011-12-13,94.05,3,86.79158734064579,112.19603164838551,2011-12-19,86.79158734064579,stop,4.0,-7.71761048309857,-8.02799968921656,0.8757631450619129
AMTEKAUTO,Unknown:AMTEKAUTO,2011-12-13,2011-12-14,100.3,5,84.44805162212919,139.92987094467702,2011-12-23,94.75,time,7.0,-5.533399800598204,-5.84714444795613,1.5734294065
APTECHT,Unknown:APTECHT,2011-12-16,2011-12-19,76.8,1,66.22248411953389,103.24378970116527,2011-12-26,72.5,time,5.0,-5.598958333333326,-5.912602267968743,0.24087854179999998
ALBK,Unknown:ALBK,2011-12-19,2011-12-20,132.7,2,116.72906942627164,172.62732643432088,2011-12-28,116.72906942627164,stop,6.0,-12.035365918408703,-12.33912207636533,0.8061688432168872
ADANIPOWER,Power,2011-12-22,2011-12-23,68.9,6,62.179678657529834,85.70080335617544,2011-12-28,62.179678657529834,stop,3.0,-9.753731991974124,-10.060993255291022,1.2702180625520545
ADANIPOWER,Power,2011-12-28,2011-12-29,61.8,9,55.35877764831605,77.90305587920987,2012-01-03,63.5,time,3.0,2.7508090614886793,2.4243379970873846,1.8158320602
ALOKTEXT,Unknown:ALOKTEXT,2011-12-23,2011-12-26,17.65,7,15.581495371380875,22.821261571547808,2012-01-04,18.35,time,7.0,3.966005665722405,3.637667784702575,0.4056614520000001
ADANIPOWER,Power,2012-01-02,2012-01-03,63.5,9,57.09494697279532,79.5126325680117,2012-01-09,65.8,time,4.0,3.622047244094473,3.2942377609448665,1.8734311962
ASHOKLEY,Auto,2011-12-28,2011-12-29,22.6,2,19.975440403667218,29.161398990831962,2012-01-09,23.5,time,7.0,3.9823008849557473,3.653937970796455,0.14842003720000002
CENTRALBK,Unknown:CENTRALBK,2012-01-03,2012-01-04,68.1,2,60.8911272273314,86.12218193167148,2012-01-13,77.4,time,7.0,13.656387665198256,13.3131631674009,0.467471766
BHARTIARTL,Telecom,2012-01-06,2012-01-09,330.0,1,302.29486394412476,399.2628401396881,2012-01-18,347.4,time,7.0,5.272727272727273,4.942381972000001,1.0901394924
DLF,Realty,2012-01-06,2012-01-09,176.9,1,158.33364237886832,223.3158940528292,2012-01-18,198.85,time,7.0,12.40814019219898,12.066833284624078,0.6037719195
IGL,Oil & Gas,2012-01-17,2012-01-18,340.05,1,310.1994207558822,414.67644811029453,2012-01-23,310.1994207558822,stop,3.0,-8.77829120544561,-9.087050966260234,1.049937566650126
EVERONN,Unknown:EVERONN,2012-01-13,2012-01-16,230.55,1,170.46926562640797,380.75183593398015,2012-01-25,284.25,time,7.0,23.29212752114509,22.934100349251793,0.8254316448000001
IGL,Oil & Gas,2012-01-23,2012-01-24,327.65,1,296.67929524699997,405.0767618825,2012-01-30,352.0,time,3.0,7.431710666870139,7.098048679719216,1.0932435008999999
MCLEODRUSS,Unknown:MCLEODRUSS,2012-01-20,2012-01-23,180.7,1,158.61671452775954,235.90821368060114,2012-02-02,197.4,time,7.0,9.241837299391275,8.90539454864418,0.6079520506
DISHTV,Unknown:DISHTV,2012-01-24,2012-01-25,57.8,6,51.069313565880556,74.6267160852986,2012-02-06,64.9,time,7.0,12.283737024221475,11.942621228027702,1.1829895812000002
DABUR,FMCG,2012-01-30,2012-01-31,93.8,3,89.57024191580712,104.3743952104822,2012-02-09,99.8,time,7.0,6.396588486140731,6.064516680597021,0.9344500607999999
IGL,Oil & Gas,2012-02-07,2012-02-08,337.0,1,307.43457621550357,410.9135594612411,2012-02-17,349.1,time,7.0,3.5905044510385897,3.2627434247477884,1.1045546586000001
GLODYNE,Unknown:GLODYNE,2012-02-14,2012-02-15,228.45,2,210.17058065776507,274.1485483555873,2012-02-27,228.9,time,7.0,0.1969796454366346,-0.125568159816156,1.4737209222
MANAPPURAM,Financial Services,2012-02-14,2012-02-15,44.35,3,37.55334354705364,61.341641132365886,2012-02-27,43.5,time,7.0,-1.916572717023679,-2.2358736281848968,0.4248298623000001
CIPLA,Pharma,2012-02-22,2012-02-23,317.0,1,298.40391437654785,363.49021405863044,2012-03-05,312.4,time,7.0,-1.4511041009463765,-1.771120077097796,1.0144506443999999
EROSMEDIA,Unknown:EROSMEDIA,2012-02-24,2012-02-27,187.65,3,167.96085827212215,236.87285431969462,2012-03-07,185.45,time,7.0,-1.1723954169997386,-1.4928395526778626,1.8039402617999998
GSPL,Unknown:GSPL,2012-02-24,2012-02-27,74.0,1,66.6822456877668,92.29438578058301,2012-03-07,76.1,time,7.0,2.83783783783782,2.5112330775675495,0.24168752260000004
GLODYNE,Unknown:GLODYNE,2012-03-02,2012-03-05,228.9,1,204.63968327799114,289.5507918050222,2012-03-09,289.5507918050222,target,3.0,26.496632505470586,26.133682489703236,0.830792586091462
CIPLA,Pharma,2012-03-06,2012-03-07,306.35,2,289.0562441327778,349.58438966805556,2012-03-19,304.35,time,7.0,-0.6528480496164502,-0.9740903274685802,1.9682514364
DISHTV,Unknown:DISHTV,2012-03-06,2012-03-07,52.75,2,45.18260708644887,71.66848228387782,2012-03-19,53.6,time,7.0,1.611374407582944,1.2866537723222804,0.34258027020000004
MANAPPURAM,Financial Services,2012-03-09,2012-03-12,38.5,7,34.13708123255273,49.407296918618165,2012-03-21,44.6,time,7.0,15.84415584415584,15.497570439999995,0.9340476642
BIOCON,Pharma,2012-03-16,2012-03-19,241.05,3,220.44457900887622,292.5635524778095,2012-03-28,234.0,time,7.0,-2.9247044181705095,-3.242456611201001,2.2978249839
ADANIENT,Diversified,2012-03-20,2012-03-21,284.9,1,241.0149984708493,394.6125038228767,2012-03-30,300.0,time,7.0,5.300105300105318,4.9697179405405585,0.9412735873999999
KFA,Unknown:KFA,2012-03-20,2012-03-21,19.35,1,15.615297200039784,28.686756999900545,2012-03-30,16.7,time,7.0,-13.695090439276491,-13.996296885271324,0.05828344730000001
BIOCON,Pharma,2012-03-27,2012-03-28,234.0,3,215.52152725751637,280.196181856209,2012-04-10,243.5,time,7.0,4.059829059829068,3.7313470448718027,2.305943745
BAJAJHIND,Unknown:BAJAJHIND,2012-03-29,2012-03-30,29.5,11,26.122143833082255,37.944640417294366,2012-04-12,31.45,time,7.0,6.610169491525419,6.277769577288131,1.0786377216999998
HINDALCO,Metals,2012-04-09,2012-04-10,127.0,5,115.65431760298242,155.36420599254393,2012-04-19,131.0,time,7.0,3.149606299212593,2.8225225921259787,2.0769815400000002
PARSVNATH,Unknown:PARSVNATH,2012-04-09,2012-04-10,54.3,1,49.499747118992666,66.30063220251833,2012-04-19,57.9,time,7.0,6.629834254143652,6.297404130386745,0.1805095572
GSPL,Unknown:GSPL,2012-04-18,2012-04-19,77.0,1,71.22750303130468,91.4312424217383,2012-04-19,71.22750303130468,stop,0.0,-7.4967493099939215,-7.807477808788427,0.23926094407176907
AMBUJACEM,Cement,2012-04-11,2012-04-12,160.25,2,148.67519362435758,189.18701593910603,2012-04-23,159.35,time,7.0,-0.5616224648986035,-0.8830048858658421,1.0300306592000001
IDEA,Telecom,2012-04-19,2012-04-20,88.0,1,81.514920001896,104.21269999525998,2012-04-23,81.514920001896,stop,1.0,-7.369409088754542,-7.680333210907761,0.27361322749483274
EXIDEIND,Auto,2012-04-18,2012-04-19,133.5,5,122.18189857935114,161.79525355162215,2012-04-25,122.18189857935114,stop,4.0,-8.477978592246338,-8.787199701105486,2.0640509016348116
IDFC,Unknown:IDFC,2012-04-20,2012-04-23,129.8,2,119.03406865289145,156.71482836777142,2012-04-27,119.03406865289145,stop,4.0,-8.294246030129859,-8.603749393727977,0.8034707319007137
ALBK,Unknown:ALBK,2012-04-25,2012-04-26,175.0,3,159.12578500625537,214.6855374843616,2012-04-27,159.12578500625537,stop,1.0,-9.0709799964255,-9.379290121109511,1.618628154591059
AMBUJACEM,Cement,2012-04-23,2012-04-24,158.0,1,146.54108303257522,186.64729241856193,2012-05-03,146.54108303257522,stop,6.0,-7.25247909330683,-7.563582846359235,0.49154392982280093
ADANIPOWER,Power,2012-04-27,2012-04-30,63.75,12,57.624264921344064,79.06433769663983,2012-05-07,57.624264921344064,stop,4.0,-9.608996201813236,-9.91647981201411,2.352249618036681
CENTRALBK,Unknown:CENTRALBK,2012-05-03,2012-05-04,95.0,1,87.48267704321177,113.79330739197057,2012-05-07,87.48267704321177,stop,1.0,-7.912971533461299,-8.223060620854335,0.29458463302338506
GMRINFRA,Unknown:GMRINFRA,2012-05-07,2012-05-08,26.0,1,22.965534965662542,33.586162585843645,2012-05-09,22.965534965662542,stop,1.0,-11.671019362836377,-11.975335239444684,0.07912212791815991
GTL,Unknown:GTL,2012-04-27,2012-04-30,32.4,1,27.27181178709684,45.22047053225789,2012-05-10,34.15,time,7.0,5.401234567901225,5.0706918509259165,0.10709584030000001
ABAN,Unknown:ABAN,2012-05-07,2012-05-08,394.85,2,357.6086143848337,487.9534640379159,2012-05-11,357.6086143848337,stop,3.0,-9.431780578742899,-9.739536432191539,2.4303479746839107
ABAN,Unknown:ABAN,2012-05-11,2012-05-14,357.7,1,321.205218800636,448.93695299841,2012-05-17,354.0,time,3.0,-1.034386357282635,-1.3550425060665323,1.1469870442000003
ADANIPOWER,Power,2012-05-09,2012-05-10,54.0,1,48.1837615300167,68.54059617495824,2012-05-21,51.25,time,7.0,-5.0925925925925934,-5.407014419444446,0.1697877865
GVKPIL,Unknown:GVKPIL,2012-05-09,2012-05-10,13.0,1,11.070348958577743,17.824127603555645,2012-05-21,11.95,time,7.0,-8.076923076923082,-8.386760297692312,0.0402788387
ABAN,Unknown:ABAN,2012-05-16,2012-05-17,354.0,2,317.6978373560486,444.7554066098786,2012-05-23,370.0,time,4.0,4.519774011299438,4.190585416949156,2.3306552480000002
ADANIPOWER,Power,2012-05-18,2012-05-21,51.25,1,45.37395746175176,65.9401063456206,2012-05-30,50.95,time,7.0,-0.585365853658526,-0.9067117994146235,0.1646897972
GVKPIL,Unknown:GVKPIL,2012-05-18,2012-05-21,11.95,1,10.182910949656389,16.367722625859024,2012-05-30,12.5,time,7.0,4.602510460251041,4.273194764016732,0.0393532257
ABB,Capital Goods,2012-05-22,2012-05-23,722.0,1,666.5566932604289,860.6082668489275,2012-06-01,738.0,time,7.0,2.216066481994461,1.8904169030470923,2.35118996
INDHOTEL,Services,2012-05-29,2012-05-30,56.0,1,52.368359418967046,65.07910145258238,2012-06-08,55.5,time,7.0,-0.8928571428571397,-1.2137307124999968,0.17968919900000002
KFA,Unknown:KFA,2012-05-29,2012-05-30,11.7,2,9.787163775561252,16.482090561096868,2012-06-08,11.85,time,7.0,1.2820512820512775,0.957836561538457,0.0758662446
ADANIPOWER,Power,2012-05-31,2012-06-01,46.9,15,42.202958304996066,58.64260423750982,2012-06-12,47.85,time,7.0,2.025586353944564,1.7002293955223893,2.2888862025
COX&KINGS,Unknown:COX&KINGS,2012-06-11,2012-06-12,131.25,1,119.64107677381598,160.27230806546004,2012-06-14,119.64107677381598,stop,2.0,-8.84489388661639,-9.153551330660529,0.40511289530793226
ONMOBILE,Unknown:ONMOBILE,2012-06-07,2012-06-08,40.85,2,34.957736499809606,55.580658750476,2012-06-19,36.15,time,7.0,-11.505507955936356,-11.810078095471239,0.248833804
CIPLA,Pharma,2012-06-11,2012-06-12,300.55,2,286.40050213800583,335.92374465498546,2012-06-21,309.4,time,7.0,2.944601563799698,2.617832790317748,1.9642070974
APOLLOTYRE,Unknown:APOLLOTYRE,2012-06-14,2012-06-15,79.5,1,71.99223638974051,98.26940902564873,2012-06-26,78.0,time,7.0,-1.8867924528301883,-2.2061391132075467,0.25388059500000004
ALOKTEXT,Unknown:ALOKTEXT,2012-06-18,2012-06-19,18.0,6,16.56008652159152,21.59978369602121,2012-06-28,17.95,time,7.0,-0.2777777777777768,-0.5995962483333324,0.34756394820000003
COX&KINGS,Unknown:COX&KINGS,2012-06-20,2012-06-21,125.0,5,114.1910362716915,152.02240932077123,2012-07-02,132.0,time,7.0,5.600000000000005,5.269151934400005,2.0678004100000003
ALOKTEXT,Unknown:ALOKTEXT,2012-06-28,2012-06-29,17.55,11,16.371080394487105,20.497299013782243,2012-07-10,17.8,time,7.0,1.4245014245014342,1.100067868376078,0.6263189801
CAIRN,Unknown:CAIRN,2012-06-29,2012-07-02,310.8,2,290.6196874035357,361.25078149116086,2012-07-11,312.8,time,7.0,0.6435006435006496,0.32026688108108714,2.0092210672000004
ONMOBILE,Unknown:ONMOBILE,2012-06-29,2012-07-02,30.9,1,24.731697978113576,46.32075505471605,2012-07-11,33.1,time,7.0,7.119741100323629,6.7865583689320435,0.10295346400000001
KFA,Unknown:KFA,2012-07-09,2012-07-10,12.1,16,10.232845565081096,16.76788608729726,2012-07-11,10.232845565081096,stop,1.0,-15.431028387759538,-15.729568040743523,0.5779727681769964
KFA,Unknown:KFA,2012-07-11,2012-07-12,10.25,20,8.3242392882587,15.06440177935325,2012-07-19,9.65,time,5.0,-5.85365853658536,-6.166911194146336,0.642167948
RUCHISOYA,Unknown:RUCHISOYA,2012-07-10,2012-07-11,88.5,7,83.78782309995434,100.28044225011416,2012-07-20,88.3,time,7.0,-0.2259887005649719,-0.5478867308474578,1.9941582976
ASHOKLEY,Auto,2012-07-23,2012-07-24,24.3,1,22.79083952418567,28.07290118953582,2012-07-25,22.79083952418567,stop,1.0,-6.210536937507527,-6.523241349190168,0.07598717203888167
ALOKTEXT,Unknown:ALOKTEXT,2012-07-18,2012-07-19,17.3,11,16.278706204719914,19.853234488200222,2012-07-26,16.278706204719914,stop,5.0,-5.903432342659465,-6.21660853640543,0.5959742966985726
ADANIENT,Diversified,2012-07-19,2012-07-20,196.0,3,174.8661138878643,248.83471528033928,2012-07-27,174.8661138878643,stop,5.0,-10.782594955171287,-11.088275652453685,1.797402500020495
ADANIENT,Diversified,2012-07-27,2012-07-30,174.0,3,153.20729786124514,225.98175534688716,2012-07-31,178.75,time,1.0,2.7298850574712707,2.403446137068972,1.7040111645000002
ASHOKLEY,Auto,2012-07-25,2012-07-26,22.3,1,20.633427957078464,26.466430107303847,2012-08-02,22.1,time,5.0,-0.8968609865470767,-1.2177284053811575,0.0715534344
ADANIPOWER,Power,2012-07-26,2012-07-27,42.9,4,39.042792554333346,52.543018614166634,2012-08-07,43.1,time,7.0,0.4662004662004726,0.14323907692308335,0.554201744
ADANIENT,Diversified,2012-07-30,2012-07-31,178.75,3,157.96391944258477,230.71520139353805,2012-08-08,182.95,time,6.0,2.349650349650334,2.023795555692292,1.7473963326
ALOKTEXT,Unknown:ALOKTEXT,2012-08-01,2012-08-02,15.5,2,14.332597126481604,18.418507183795988,2012-08-13,16.1,time,7.0,3.8709677419354938,3.542775860645171,0.10173948320000001
ADANIPOWER,Power,2012-08-06,2012-08-07,43.1,4,39.48013719212919,52.14965701967702,2012-08-17,43.0,time,7.0,-0.23201856148492572,-0.55390732853829,0.5549362344
ABGSHIP,Unknown:ABGSHIP,2012-08-07,2012-08-08,359.6,1,337.10123527291034,415.8469118177242,2012-08-21,363.0,time,7.0,0.9454949944382562,0.6217973004449302,1.1640169076000002
ADANIENT,Diversified,2012-08-10,2012-08-13,177.1,1,160.50389942894012,218.5902514276497,2012-08-24,178.0,time,7.0,0.5081874647091977,0.18516157391303734,0.5720788526
ABGSHIP,Unknown:ABGSHIP,2012-08-17,2012-08-21,363.0,1,342.1026128402222,415.2434678994445,2012-08-28,342.1026128402222,stop,5.0,-5.756855966880936,-6.0702573350663585,1.1376469665130833
ANDHRABANK,Unknown:ANDHRABANK,2012-08-16,2012-08-17,98.0,2,90.62173369787794,116.44566575530516,2012-08-29,91.5,time,7.0,-6.632653061224492,-6.944709007142859,0.6116296539999999
ADANIPOWER,Power,2012-08-23,2012-08-24,40.85,4,37.903208382020004,48.21697904495,2012-08-29,37.903208382020004,stop,3.0,-7.213688171309663,-7.524851515985004,0.5084409051995082
ABGSHIP,Unknown:ABGSHIP,2012-08-28,2012-08-29,357.0,1,333.2239876774213,416.44003080644677,2012-08-30,355.2,time,1.0,-0.5042016806722671,-0.8256723129411747,1.1476501572000002
ADANIPOWER,Power,2012-08-29,2012-08-30,37.7,5,34.84993191896276,44.825170202593114,2012-09-04,40.3,time,3.0,6.896551724137923,6.563711862068957,0.6274031400000001
ABGSHIP,Unknown:ABGSHIP,2012-08-29,2012-08-30,355.2,1,331.4222742718912,414.644314320272,2012-09-07,349.9,time,6.0,-1.49211711711712,-1.8120700880067595,1.1364729526000001
ADANIENT,Diversified,2012-08-28,2012-08-29,156.25,1,139.5982314063171,197.87942148420728,2012-09-07,154.0,time,7.0,-1.4399999999999968,-1.7600330345599968,0.5000516165
ABGSHIP,Unknown:ABGSHIP,2012-09-06,2012-09-07,349.9,1,328.286935125356,403.93266218660983,2012-09-10,343.25,time,1.0,-1.9005430122892242,-2.219868548699627,1.1173200519000002
ALBK,Unknown:ALBK,2012-09-03,2012-09-04,118.05,1,111.15512045083535,135.2871988729116,2012-09-13,120.95,time,7.0,2.45658619229141,2.130567120711571,0.384865514
ABGSHIP,Unknown:ABGSHIP,2012-09-07,2012-09-10,343.25,1,321.72358261640204,397.06604345899484,2012-09-17,321.72358261640204,stop,5.0,-6.2713524788340695,-6.58396346410092,1.0730372069284648
ALOKTEXT,Unknown:ALOKTEXT,2012-09-06,2012-09-07,11.9,20,10.246269433561082,16.034326416097294,2012-09-18,14.0,time,7.0,17.647058823529417,17.29770375294118,0.831465068
ABGSHIP,Unknown:ABGSHIP,2012-09-17,2012-09-18,330.0,1,306.95004326097825,387.6248918475544,2012-09-20,337.85,time,1.0,2.3787878787878913,2.0528883230000123,1.0754685341
JISLJALEQS,Unknown:JISLJALEQS,2012-09-12,2012-09-13,60.9,2,53.333651354082534,79.81587161479368,2012-09-25,70.05,time,7.0,15.024630541871907,14.67930411379309,0.4206075894
TULIP,Unknown:TULIP,2012-09-17,2012-09-18,59.0,4,48.75736144552088,84.6065963861978,2012-09-25,48.75736144552088,stop,4.0,-17.360404329625634,-17.655980025123952,0.6975586413760271
ABGSHIP,Unknown:ABGSHIP,2012-09-18,2012-09-20,337.85,1,313.91789731376554,397.68025671558627,2012-09-25,397.68025671558627,target,3.0,17.70911845954899,17.35966805133435,1.1806182041531583
TULIP,Unknown:TULIP,2012-09-25,2012-09-26,45.7,16,36.68975873741556,68.22560315646112,2012-09-28,41.3,time,2.0,-9.62800875273524,-9.935463155361061,2.248106592
TULIP,Unknown:TULIP,2012-09-27,2012-09-28,41.3,16,32.876883809302186,62.35779047674453,2012-10-08,47.65,time,5.0,15.375302663438251,15.029437523728808,2.2854768432
TULIP,Unknown:TULIP,2012-10-05,2012-10-08,47.65,16,39.74774372323889,67.40564069190276,2012-10-10,38.95,time,2.0,-18.25813221406085,-18.552328796642172,2.2429547456
MTNL,Unknown:MTNL,2012-10-09,2012-10-10,29.4,22,25.048197919916348,40.27950520020912,2012-10-19,29.1,time,7.0,-1.0204081632652962,-1.3410857857142757,2.074142862
HINDOILEXP,Unknown:HINDOILEXP,2012-10-18,2012-10-19,109.4,2,101.81498918996247,128.36252702509384,2012-10-25,101.81498918996247,stop,3.0,-6.933282276085495,-7.244876387587634,0.6817679159666785
GLENMARK,Pharma,2012-10-18,2012-10-19,400.9,1,375.3751037893941,464.7122405265148,2012-10-31,408.0,time,7.0,1.7710152157645265,1.4460493361436735,1.3027882114
HINDOILEXP,Unknown:HINDOILEXP,2012-10-25,2012-10-26,104.25,2,95.27502098746663,126.68744753133343,2012-10-31,99.25,time,3.0,-4.796163069544368,-5.111040279136694,0.656518982
APPAPER,Unknown:APPAPER,2012-10-30,2012-10-31,305.0,2,278.98630248788606,370.03424378028484,2012-11-09,302.15,time,7.0,-0.9344262295082006,-1.2552359396393482,1.9569392318
SKUMARSYNF,Unknown:SKUMARSYNF,2012-11-08,2012-11-09,15.55,2,13.423841705565813,20.865395736085468,2012-11-12,13.423841705565813,stop,1.0,-13.673043694110532,-13.974284008888503,0.0936857378959491
BAJAJHIND,Unknown:BAJAJHIND,2012-11-12,2012-11-13,28.8,1,26.931956017941467,33.470109955146334,2012-11-16,26.931956017941467,stop,2.0,-6.486263826592131,-6.7985446594588606,0.08993687986561816
APOLLOTYRE,Unknown:APOLLOTYRE,2012-11-08,2012-11-09,82.3,7,76.7439611955047,96.19009701123827,2012-11-21,79.0,time,7.0,-4.009720534629402,-4.32580589769137,1.8209677766000003
BAJAJHIND,Unknown:BAJAJHIND,2012-11-16,2012-11-19,26.9,1,24.708931257805173,32.37767185548706,2012-11-23,27.0,time,4.0,0.3717472118959231,0.048930924163581024,0.0868375814
BAJAJHIND,Unknown:BAJAJHIND,2012-11-22,2012-11-23,27.0,1,24.901657789831674,32.245855525420815,2012-11-29,27.25,time,3.0,0.92592592592593,0.6022582944444486,0.0873902605
ABAN,Unknown:ABAN,2012-11-20,2012-11-21,375.05,1,346.9331416003153,445.3421459992118,2012-12-03,383.65,time,7.0,2.293027596320485,1.9672597877082998,1.2217921662000002
APOLLOTYRE,Unknown:APOLLOTYRE,2012-11-20,2012-11-21,79.0,2,73.98007232757831,91.5498191810542,2012-12-03,84.75,time,7.0,7.278481012658222,6.945054420886071,0.526814015
BAJAJHIND,Unknown:BAJAJHIND,2012-11-27,2012-11-29,27.25,1,25.282996415546716,32.16750896113321,2012-12-05,27.45,time,4.0,0.7339449541284404,0.4105722488073395,0.08811906219999999
SATYAMCOMP,Unknown:SATYAMCOMP,2012-11-30,2012-12-03,103.75,1,97.15925882484355,120.22685293789112,2012-12-10,97.15925882484355,stop,5.0,-6.35252161460863,-6.665007905738706,0.32420452704745417
BHUSANSTL,Unknown:BHUSANSTL,2012-11-30,2012-12-03,458.15,1,439.1056558131503,505.76086046712413,2012-12-12,445.05,time,7.0,-2.8593255484011704,-3.1771781781512525,1.4562418232
BALRAMCHIN,Unknown:BALRAMCHIN,2012-12-10,2012-12-11,55.8,2,50.80700503511709,68.28248741220725,2012-12-18,50.80700503511709,stop,5.0,-8.948019650327787,-9.256518669892442,0.3442849058341556
BALRAMCHIN,Unknown:BALRAMCHIN,2012-12-18,2012-12-19,51.1,2,46.565104166650976,62.43723958337256,2012-12-20,50.3,time,1.0,-1.5655577299413026,-1.8853978794520658,0.3268766328
ALOKTEXT,Unknown:ALOKTEXT,2012-12-11,2012-12-12,10.85,43,10.03494113970203,12.887647150744927,2012-12-21,11.6,time,7.0,6.912442396313367,6.5795781225806484,1.5529782691000003
BALRAMCHIN,Unknown:BALRAMCHIN,2012-12-19,2012-12-20,50.3,2,45.80331101189019,61.541722470274514,2012-12-21,45.80331101189019,stop,1.0,-8.939739538985702,-9.248251278672685,0.310362810125104
BALRAMCHIN,Unknown:BALRAMCHIN,2012-12-21,2012-12-24,46.6,2,41.51356918882369,59.316077027940786,2012-12-31,48.9,time,4.0,4.935622317596566,4.605794886266094,0.30739916600000006
BAJAJHIND,Unknown:BAJAJHIND,2012-12-28,2012-12-31,25.85,3,24.30213787462196,29.71965531344511,2013-01-01,24.30213787462196,stop,1.0,-5.98786122003111,-6.300907711940507,0.242767554475737
CAIRN,Unknown:CAIRN,2012-12-20,2012-12-21,319.0,1,307.94068523592534,346.64828691018664,2013-01-02,322.0,time,7.0,0.940438871473348,0.61674894482758,1.032570866
HEXAWARE,Unknown:HEXAWARE,2012-12-20,2012-12-21,87.7,2,79.44639501672236,108.3340124581941,2013-01-02,86.4,time,7.0,-1.4823261117445807,-1.8022941238312398,0.5612238932
BAJAJHIND,Unknown:BAJAJHIND,2013-01-02,2013-01-03,25.0,2,23.431576862443308,28.921057843891727,2013-01-09,25.25,time,4.0,1.0000000000000009,0.6762185740000008,0.16189071300000002
EVERONN,Unknown:EVERONN,2013-01-01,2013-01-02,132.0,4,123.45035669129402,153.37410827176498,2013-01-11,134.4,time,7.0,1.81818181818183,1.4931434800000116,1.7162024256000001
AMBUJACEM,Cement,2013-01-10,2013-01-11,191.25,3,181.08904761977553,216.65238095056117,2013-01-22,199.25,time,7.0,4.18300653594772,3.854335292549027,1.885751259
BAJAJHIND,Unknown:BAJAJHIND,2013-01-21,2013-01-22,23.95,25,22.65490356824219,27.187741079394524,2013-01-24,22.65490356824219,stop,2.0,-5.407500758905259,-5.721438815644409,1.8797041147256606
ASHOKLEY,Auto,2013-01-24,2013-01-25,24.25,2,22.74419632986553,28.014509175336176,2013-01-25,22.74419632986553,stop,0.0,-6.209499670657603,-6.522205675816548,0.15166241250208803
ABAN,Unknown:ABAN,2013-01-24,2013-01-25,360.6,1,340.9932305349542,409.61692366261457,2013-02-05,347.1,time,7.0,-3.7437603993344393,-4.060254337271211,1.1412771402000002
ANANTRAJ,Realty,2013-01-24,2013-01-25,78.85,2,69.62759409798954,101.90601475502612,2013-02-05,75.75,time,7.0,-3.9315155358275122,-4.24772103944197,0.4986560792
ASHOKLEY,Auto,2013-01-25,2013-01-28,25.5,2,23.673182306303705,30.067044234240733,2013-02-05,25.15,time,6.0,-1.3725490196078494,-1.6926856741176532,0.16326969380000003
ASHOKLEY,Auto,2013-02-04,2013-02-05,25.15,2,23.50010194714621,29.274745132134477,2013-02-06,24.8,time,1.0,-1.391650099403574,-1.7117574103379678,0.1610139774
KFA,Unknown:KFA,2013-02-04,2013-02-05,13.5,1,11.61214625049047,18.219634373773822,2013-02-06,11.61214625049047,stop,1.0,-13.984101848218744,-14.284864307372862,0.04060293198580597
20MICRONS,Unknown:20MICRONS,2013-02-04,2013-02-05,70.45,7,51.27708426499237,118.3822893375191,2013-02-08,51.27708426499237,stop,3.0,-27.214926522367122,-27.49536344465537,1.3829746822645053
KFA,Unknown:KFA,2013-02-06,2013-02-07,11.7,2,9.732922022106578,16.61769494473355,2013-02-11,9.732922022106578,stop,2.0,-16.812632289687357,-17.1090494868355,0.06936162413266539
20MICRONS,Unknown:20MICRONS,2013-02-08,2013-02-11,39.45,9,20.812488382248205,86.0437790443795,2013-02-14,33.05,time,3.0,-16.223067173637528,-16.52039007604564,1.0556449650000002
IVRCLINFRA,Unknown:IVRCLINFRA,2013-02-05,2013-02-06,33.8,1,28.649323851515152,46.67669037121211,2013-02-15,29.45,time,7.0,-12.869822485207095,-13.172296729289936,0.10223629450000002
20MICRONS,Unknown:20MICRONS,2013-02-13,2013-02-14,33.05,9,16.510308664649887,74.39922833837528,2013-02-20,34.9,time,4.0,5.597579425113475,5.26673507806355,0.9840965102999999
ALOKTEXT,Unknown:ALOKTEXT,2013-02-11,2013-02-12,10.15,2,9.334992530720953,12.18751867319762,2013-02-21,10.0,time,7.0,-1.4778325123152691,-1.797807427586205,0.0649549078
20MICRONS,Unknown:20MICRONS,2013-02-19,2013-02-20,34.9,9,21.551897016114776,68.27025745971306,2013-02-25,33.3,time,3.0,-4.584527220630374,-4.899729550716334,0.9900505187999998
ASHOKLEY,Auto,2013-02-14,2013-02-15,22.75,1,21.10488156043697,26.86279609890758,2013-02-26,21.55,time,7.0,-5.274725274725267,-5.588867304615377,0.0714673118
JPPOWER,Unknown:JPPOWER,2013-02-20,2013-02-21,30.5,1,27.19489177399496,38.7627705650126,2013-02-28,27.19489177399496,stop,5.0,-10.836420413131275,-11.142018422345693,0.0932073928103972
20MICRONS,Unknown:20MICRONS,2013-02-22,2013-02-25,33.3,9,21.9390006357158,61.70249841071049,2013-03-01,30.5,time,4.0,-8.408408408408397,-8.717736392792782,0.9270559692000001
ALOKTEXT,Unknown:ALOKTEXT,2013-02-25,2013-02-26,8.95,2,8.125654627119607,11.010863432200978,2013-03-01,8.125654627119607,stop,3.0,-9.21056282547924,-9.518658519392105,0.055149129210402895
ALOKTEXT,Unknown:ALOKTEXT,2013-03-01,2013-03-04,8.15,2,7.185520923707912,10.561197690730221,2013-03-07,9.0,time,3.0,10.42944785276072,10.091180663803666,0.055137551800000004
ABAN,Unknown:ABAN,2013-02-28,2013-03-01,280.75,1,258.1539519155557,337.24012021111076,2013-03-12,294.55,time,7.0,4.915405164737319,4.585608791522715,0.9259033178000001
ASHOKLEY,Auto,2013-02-28,2013-03-01,21.75,1,19.98243105533717,26.16892236165708,2013-03-12,23.75,time,7.0,9.195402298850585,8.859030882758631,0.07316078300000001
ALOKTEXT,Unknown:ALOKTEXT,2013-03-06,2013-03-07,9.0,2,7.985182022371094,11.537044944072264,2013-03-13,8.65,time,4.0,-3.888888888888886,-4.205159876666664,0.056928777800000004
CHAMBLFERT,Chemicals,2013-03-11,2013-03-12,57.0,1,52.58981938425615,68.02545153935962,2013-03-18,52.58981938425615,stop,4.0,-7.737158974989211,-8.047518150205699,0.17690472987339828
AANJANEYA,Unknown:AANJANEYA,2013-03-11,2013-03-12,234.35,1,158.61076651984095,423.6980837003976,2013-03-21,163.8,time,7.0,-30.104544484745034,-30.38054230078941,0.6468008819000001
IFCI,Financial Services,2013-03-12,2013-03-13,28.3,1,24.403243444197944,38.04189138950514,2013-03-22,25.7,time,7.0,-9.187279151943473,-9.495410614841,0.087201204
ALOKTEXT,Unknown:ALOKTEXT,2013-03-18,2013-03-19,8.1,8,7.1465957462182255,10.483510634454436,2013-04-01,8.45,time,7.0,4.320987654320985,3.9921044407407376,0.21311632240000003
AANJANEYA,Unknown:AANJANEYA,2013-03-20,2013-03-21,163.8,1,110.25847731428482,297.65380671428795,2013-04-03,114.6,time,7.0,-30.03663003663004,-30.31273218461539,0.4522553184
BAJAJHIND,Unknown:BAJAJHIND,2013-03-21,2013-03-22,19.1,1,17.10034271869257,24.09914320326858,2013-04-04,19.9,time,7.0,4.188481675392652,3.8598020209423907,0.062777814
ADANIPOWER,Power,2013-03-28,2013-04-01,41.7,1,36.806884607590035,53.932788481024915,2013-04-10,47.25,time,7.0,13.309352517985594,12.9666611446043,0.1429023027
KPIT,Unknown:KPIT,2013-04-02,2013-04-03,99.0,1,91.36201001279349,118.09497496801627,2013-04-12,96.05,time,7.0,-2.9797979797979823,-3.297465536666669,0.3144908813
MANAPPURAM,Financial Services,2013-04-03,2013-04-04,21.65,3,17.754204904079657,31.389487739800852,2013-04-15,19.15,time,7.0,-11.547344110854507,-11.851849980600464,0.1977765624
GVKPIL,Unknown:GVKPIL,2013-04-09,2013-04-10,9.35,5,8.288050943739352,12.004872640651618,2013-04-22,9.6,time,7.0,2.673796791443861,2.3474440352941284,0.1525699135
ANDHRABANK,Unknown:ANDHRABANK,2013-04-11,2013-04-12,90.0,1,82.69240956449023,108.26897608877442,2013-04-25,93.7,time,7.0,4.11111111111111,3.782550315333332,0.2957047162
CENTRALBK,Unknown:CENTRALBK,2013-04-12,2013-04-15,65.0,1,60.25820869308052,76.85447826729869,2013-04-26,70.0,time,7.0,7.692307692307687,7.358245369230764,0.21714051
SKUMARSYNF,Unknown:SKUMARSYNF,2013-04-25,2013-04-26,8.0,8,6.963032633853543,10.592418415366142,2013-04-30,6.963032633853543,stop,2.0,-12.96209207683071,-13.26442457396789,0.19349279816779436
KFA,Unknown:KFA,2013-04-18,2013-04-22,7.25,7,6.237562503983042,9.781093740042396,2013-05-03,7.0,time,7.0,-3.4482758620689613,-3.7652237310344785,0.1608510435
KPIT,Unknown:KPIT,2013-04-23,2013-04-25,94.1,1,87.2346347542911,111.26341311427224,2013-05-07,107.0,time,7.0,13.708820403825728,13.36551535749204,0.32305004860000003
SKUMARSYNF,Unknown:SKUMARSYNF,2013-04-30,2013-05-02,6.85,9,5.770438300501543,9.54890424874614,2013-05-08,6.95,time,4.0,1.4598540145985384,1.1353661489051077,0.20004676920000003
CHAMBLFERT,Chemicals,2013-05-07,2013-05-08,47.45,4,43.36995254825506,57.65011862936237,2013-05-17,47.95,time,7.0,1.0537407797681864,0.7298767957850463,0.6146938416000001
KFA,Unknown:KFA,2013-05-16,2013-05-17,6.2,5,5.468177924403608,8.02955518899098,2013-05-20,5.468177924403608,stop,1.0,-11.803581864457946,-12.107694095104637,0.0942747915004743
GSPL,Unknown:GSPL,2013-05-16,2013-05-17,61.8,3,57.642736412480275,72.1931589687993,2013-05-27,57.642736412480275,stop,6.0,-6.726963733850688,-7.038874797261689,0.5782831115639968
KFA,Unknown:KFA,2013-05-20,2013-05-21,5.25,5,4.47256157767454,7.193596055813651,2013-05-28,5.65,time,5.0,7.619047619047636,7.2850978400000175,0.087661817
KFA,Unknown:KFA,2013-05-27,2013-05-28,5.65,5,4.916674703731171,7.483313240672075,2013-05-30,6.2,time,2.0,9.734513274336276,9.397313661946896,0.0952588905
ANDHRABANK,Unknown:ANDHRABANK,2013-05-27,2013-05-28,87.6,2,82.8501617196926,99.47459570076849,2013-06-06,87.8,time,7.0,0.22831050228311334,-0.09428543424656699,0.5651880807999999
GVKPIL,Unknown:GVKPIL,2013-05-29,2013-05-30,8.45,3,7.7758249881816575,10.135437529545854,2013-06-10,8.1,time,7.0,-4.142011834319526,-4.457893968047336,0.08007612089999999
BAJAJHIND,Unknown:BAJAJHIND,2013-06-07,2013-06-10,18.2,1,17.021026432943174,21.14743391764206,2013-06-11,17.021026432943174,stop,1.0,-6.477876742070466,-6.790170459394502,0.05683745655297456
IBPOW,Unknown:IBPOW,2013-06-06,2013-06-07,7.85,1,7.105994240985008,9.71001439753748,2013-06-13,7.105994240985008,stop,4.0,-9.477780369617728,-9.785465556991632,0.02415328720885144
ALOKTEXT,Unknown:ALOKTEXT,2013-06-05,2013-06-06,7.9,22,6.893116636310257,10.417208409224358,2013-06-17,7.45,time,7.0,-5.696202531645566,-6.009697077215186,0.5448535202
ASHOKLEY,Auto,2013-06-11,2013-06-12,21.0,1,19.41116113915214,24.972097152119655,2013-06-21,21.9,time,7.0,4.2857142857142705,3.956885259999985,0.0690540954
ALBK,Unknown:ALBK,2013-06-14,2013-06-17,111.2,1,103.60213718315737,130.1946570421066,2013-06-21,103.60213718315737,stop,4.0,-6.832610446800935,-7.144359212984687,0.34666462799633313
GVKPIL,Unknown:GVKPIL,2013-06-13,2013-06-14,7.4,1,6.696089071449696,9.159777321375762,2013-06-25,7.3,time,7.0,-1.3513513513513598,-1.6715205702702787,0.023692522200000003
ALBK,Unknown:ALBK,2013-06-21,2013-06-24,100.0,1,92.17121311273957,119.57196721815109,2013-06-25,92.17121311273957,stop,1.0,-7.8287868872604305,-8.139005301295763,0.31021841403533146
ADANIPOWER,Power,2013-06-20,2013-06-21,41.5,1,34.37752906837213,59.30617732906968,2013-07-02,42.5,time,7.0,2.4096385542168752,2.083691604819285,0.135267984
ALBK,Unknown:ALBK,2013-06-25,2013-06-26,93.0,1,84.753750081903,113.61562479524251,2013-07-03,91.95,time,5.0,-1.1290322580645107,-1.4495430093548334,0.29807499870000004
ALOKTEXT,Unknown:ALOKTEXT,2013-06-24,2013-06-25,7.1,6,6.309366075513719,9.076584811215703,2013-07-04,7.05,time,7.0,-0.7042253521126751,-1.0253887028169006,0.1368155874
ASHOKLEY,Auto,2013-07-01,2013-07-02,20.6,2,18.91841780392893,24.803955490177685,2013-07-04,18.91841780392893,stop,2.0,-8.163020369277053,-8.47272532514724,0.12759844181851707
ALBK,Unknown:ALBK,2013-07-02,2013-07-03,91.95,1,83.61297195580713,112.7925701104822,2013-07-05,89.1,time,2.0,-3.0995106035889175,-3.4169942548124084,0.2919262173
ASHOKLEY,Auto,2013-07-04,2013-07-05,18.9,2,17.18431629563843,23.189209260903922,2013-07-11,18.45,time,4.0,-2.3809523809523725,-2.6995398999999916,0.12042608219999999
ALBK,Unknown:ALBK,2013-07-04,2013-07-05,89.1,1,80.53439928842552,110.51400177893618,2013-07-12,90.7,time,5.0,1.7957351290684764,1.470731274074088,0.2895784348
BALRAMCHIN,Unknown:BALRAMCHIN,2013-07-03,2013-07-04,39.45,1,36.520781892322866,46.77304526919285,2013-07-15,41.2,time,7.0,4.435994930291498,4.106935039543716,0.1298141269
ASHOKLEY,Auto,2013-07-10,2013-07-11,18.45,2,16.92545964493256,22.261350887668602,2013-07-16,17.1,time,3.0,-7.317073170731692,-7.628077692682911,0.1147606686
ASHOKLEY,Auto,2013-07-15,2013-07-16,17.1,2,15.610708760902636,20.823228097743414,2013-07-16,15.610708760902636,stop,0.0,-8.709305491797458,-9.018171230259016,0.10563208255385284
ASHOKLEY,Auto,2013-07-16,2013-07-17,16.1,2,14.452800992266734,20.21799751933317,2013-07-22,15.45,time,3.0,-4.037267080745355,-4.35331012608697,0.10176586060000001
DBREALTY,Unknown:DBREALTY,2013-07-11,2013-07-12,53.85,1,46.558907473478435,72.07773131630393,2013-07-23,59.75,time,7.0,10.956360259981434,10.617283614484684,0.18259277360000004
HINDCOPPER,Metals,2013-07-12,2013-07-15,66.4,1,57.92353833589769,87.5911541602558,2013-07-24,60.75,time,7.0,-8.50903614457832,-8.818209542018078,0.20529113589999998
ASHOKLEY,Auto,2013-07-19,2013-07-22,15.45,2,13.821903709916183,19.520240725209536,2013-07-25,14.35,time,3.0,-7.119741100323617,-7.4310487689320315,0.09619406959999999
ASHOKLEY,Auto,2013-07-24,2013-07-25,14.35,4,12.832788793981726,18.143028015045683,2013-07-26,14.2,time,1.0,-1.0452961672473893,-1.3659355560975635,0.1840470092
DISHTV,Unknown:DISHTV,2013-07-22,2013-07-23,57.5,1,53.15857491989506,68.35356270026236,2013-07-26,53.15857491989506,stop,3.0,-7.550304487139026,-7.860950713077966,0.1786215799148907
ASHOKLEY,Auto,2013-07-25,2013-07-26,14.2,4,12.734018165840174,17.864954585399563,2013-07-31,13.6,time,3.0,-4.225352112676051,-4.541106216901403,0.17934833120000002
SAIL,Metals,2013-07-23,2013-07-24,44.3,1,40.86340263798638,52.891493405034026,2013-07-31,40.86340263798638,stop,5.0,-7.757556121926901,-8.067883962515937,0.13747523338094325
BOMDYEING,Unknown:BOMDYEING,2013-07-26,2013-07-29,50.0,1,43.90269791998916,65.24325520002711,2013-08-02,43.90269791998916,stop,4.0,-12.194604160021683,-12.49811569205135,0.15175576601483326
ASHOKLEY,Auto,2013-07-31,2013-08-01,13.35,3,11.871889130429018,17.045277173927452,2013-08-05,13.0,time,2.0,-2.621722846441943,-2.939940487640445,0.12744616530000002
ASHOKLEY,Auto,2013-08-02,2013-08-05,13.0,1,11.514281954298491,16.714295114253773,2013-08-06,12.2,time,1.0,-6.153846153846154,-6.466637655384615,0.0406628952
ALOKTEXT,Unknown:ALOKTEXT,2013-07-30,2013-07-31,6.35,9,5.82911338600024,7.652216534999397,2013-08-12,6.1,time,7.0,-3.937007874015752,-4.2532049401574845,0.18070662329999998
ASHOKLEY,Auto,2013-08-05,2013-08-06,12.2,1,10.69183324327717,15.970416891807073,2013-08-13,13.4,time,4.0,9.836065573770503,9.498709954098372,0.0411573856
ADANIPOWER,Power,2013-08-02,2013-08-05,31.9,2,26.513092518685287,45.367268703286776,2013-08-16,35.25,time,7.0,10.501567398119139,10.163189417241396,0.2158851518
ANDHRABANK,Unknown:ANDHRABANK,2013-08-14,2013-08-16,59.7,1,53.21663185336198,75.90842036659505,2013-08-20,53.21663185336198,stop,2.0,-10.859913143447276,-11.16547506251857,0.18242046568556286
ALOKTEXT,Unknown:ALOKTEXT,2013-08-08,2013-08-12,6.1,10,5.5228223534468945,7.542944116382762,2013-08-22,6.3,time,7.0,3.2786885245901676,2.9514065180327904,0.19964202400000003
GMRINFRA,Unknown:GMRINFRA,2013-08-12,2013-08-13,12.8,1,10.717881044881935,18.005297387795164,2013-08-23,12.6,time,7.0,-1.562500000000011,-1.882344846875011,0.040940140400000005
ANDHRABANK,Unknown:ANDHRABANK,2013-08-21,2013-08-22,53.5,1,46.862451123590986,70.09387219102253,2013-08-27,53.0,time,3.0,-0.9345794392523366,-1.2553889140186918,0.171633069
ANANTRAJ,Realty,2013-08-20,2013-08-21,46.25,1,39.92369053832341,62.06577365419146,2013-08-30,43.0,time,7.0,-7.027027027027022,-7.3384771254054,0.1440456705
ANDHRABANK,Unknown:ANDHRABANK,2013-08-26,2013-08-27,53.0,1,47.024856092758526,67.93785976810368,2013-09-02,50.0,time,4.0,-5.660377358490565,-5.973926939622641,0.166181278
CHAMBLFERT,Chemicals,2013-08-22,2013-08-23,33.0,1,29.130079246393063,42.67480188401734,2013-09-03,34.2,time,7.0,3.6363636363636376,3.3085321600000013,0.10818438720000001
ANDHRABANK,Unknown:ANDHRABANK,2013-08-30,2013-09-02,50.0,1,44.42016906667212,63.949577333319695,2013-09-05,48.95,time,3.0,-2.0999999999999908,-2.419019125399991,0.1595095627
ANANTRAJ,Realty,2013-08-29,2013-08-30,43.0,1,37.31412040146892,57.2146989963277,2013-09-11,44.3,time,7.0,3.023255813953485,2.6963662097674383,0.1405625298
ANDHRABANK,Unknown:ANDHRABANK,2013-09-04,2013-09-05,48.95,1,43.57416597648639,62.38958505878403,2013-09-12,55.5,time,4.0,13.381001021450455,13.038199579775277,0.16780130570000001
ADANIPOWER,Power,2013-09-03,2013-09-04,32.2,1,26.974558915841733,45.26360271039568,2013-09-16,36.85,time,7.0,14.440993788819867,14.096563958695643,0.11090640530000002
PIPAVAVDOC,Unknown:PIPAVAVDOC,2013-09-10,2013-09-11,44.65,1,40.79259846921629,54.29350382695928,2013-09-20,48.5,time,7.0,8.622620380739088,8.287128887122066,0.14979695190000003
ERAINFRA,Unknown:ERAINFRA,2013-09-19,2013-09-20,142.9,1,138.13692126370972,154.8076968407257,2013-09-20,138.13692126370972,stop,0.0,-3.333155168852542,-3.650279889220116,0.4531712254052638
ERAINFRA,Unknown:ERAINFRA,2013-09-20,2013-09-23,139.2,1,133.40571260201617,153.68571849495956,2013-09-25,133.40571260201617,stop,2.0,-4.1625627859079195,-4.478413348729576,0.43966398344774493
ERAINFRA,Unknown:ERAINFRA,2013-09-25,2013-09-26,121.6,1,114.50599511174545,139.33501222063634,2013-09-30,114.50599511174545,stop,2.0,-5.83388559889354,-6.147168632155494,0.38095216844653623
ERAINFRA,Unknown:ERAINFRA,2013-09-30,2013-10-01,104.35,1,96.25782480339095,124.58043799152261,2013-10-03,99.15,time,1.0,-4.983229516051734,-5.297819349305208,0.328274491
ERAINFRA,Unknown:ERAINFRA,2013-10-01,2013-10-03,99.15,1,90.85726588886303,119.88183527784244,2013-10-07,90.85726588886303,stop,2.0,-8.363826637556205,-8.673223109616098,0.3067666020473845
ERAINFRA,Unknown:ERAINFRA,2013-10-07,2013-10-08,85.05,1,76.44178686509915,106.57053283725213,2013-10-11,73.0,time,3.0,-14.16813639035861,-14.468616130864195,0.25555801930000005
OPTOCIRCUI,Unknown:OPTOCIRCUI,2013-09-30,2013-10-01,20.95,1,17.432393933542407,29.74401516614398,2013-10-11,22.55,time,7.0,7.637231503579955,7.303253789976137,0.069968331
ERAINFRA,Unknown:ERAINFRA,2013-10-10,2013-10-11,73.0,1,64.42443722398791,94.43890694003022,2013-10-14,69.35,time,1.0,-5.000000000000004,-5.314564070000005,0.22963177110000002
ERAINFRA,Unknown:ERAINFRA,2013-10-11,2013-10-14,69.35,1,60.84412027941734,90.61469930145662,2013-10-18,59.55,time,3.0,-14.131218457101657,-14.431754911896178,0.20842203139999999
ERAINFRA,Unknown:ERAINFRA,2013-10-17,2013-10-18,59.55,1,51.3681786639504,80.00455334012399,2013-10-23,51.15,time,3.0,-14.10579345088161,-14.406368964231735,0.17899271819999998
ERAINFRA,Unknown:ERAINFRA,2013-10-22,2013-10-23,51.15,1,43.42599800462793,70.46000498843019,2013-10-24,48.6,time,1.0,-4.985337243401755,-5.299923838709673,0.16091104350000002
ERAINFRA,Unknown:ERAINFRA,2013-10-23,2013-10-24,48.6,1,41.04914100429736,67.4771474892566,2013-10-29,41.75,time,3.0,-14.094650205761317,-14.39524283765432,0.14608801910000002
ADANIPOWER,Power,2013-10-28,2013-10-29,32.2,2,28.99737273104195,40.20656817239514,2013-11-08,34.3,time,7.0,6.521739130434767,6.189475065217376,0.21397805800000003
ERAINFRA,Unknown:ERAINFRA,2013-11-07,2013-11-08,27.9,2,22.05992132488764,42.5001966877809,2013-11-18,22.05992132488764,stop,5.0,-20.9321816312271,-21.222270269568487,0.1618694601944937
UNITECH,Unknown:UNITECH,2013-11-26,2013-11-27,15.8,4,14.053019398695957,20.16745150326011,2013-12-06,16.0,time,7.0,1.2658227848101111,0.9416329949366934,0.2048879472
PIPAVAVDOC,Unknown:PIPAVAVDOC,2013-12-05,2013-12-06,45.5,1,42.3720158094951,53.319960476262246,2013-12-11,42.3720158094951,stop,3.0,-6.874690528582194,-7.186374650250232,0.14181627535895744
PIPAVAVDOC,Unknown:PIPAVAVDOC,2013-12-11,2013-12-12,41.1,1,37.842509463114055,49.24372634221486,2013-12-17,38.65,time,3.0,-5.9610705596107145,-6.274158208029206,0.12867902350000002
PIPAVAVDOC,Unknown:PIPAVAVDOC,2013-12-16,2013-12-17,38.65,1,35.00553691343352,47.76115771641619,2013-12-23,40.45,time,4.0,4.657179818887469,4.3277801381630185,0.12731297660000002
UNITECH,Unknown:UNITECH,2013-12-13,2013-12-16,15.35,1,13.72897239566347,19.402569010841322,2013-12-26,15.8,time,7.0,2.931596091205213,2.6048472970684053,0.0501559399
PIPAVAVDOC,Unknown:PIPAVAVDOC,2013-12-20,2013-12-23,40.45,1,37.21330929260139,48.541726768496545,2013-12-27,44.2,time,3.0,9.270704573547594,8.934217476143392,0.13610903090000004
NIPPONDENR,Unknown:NIPPONDENR,2005-12-02,2005-12-05,10.5,827,8.746217342222394,14.884456644444017,,,unresolved,,,,
AFTEKINFO,Unknown:AFTEKINFO,2006-11-15,2006-11-16,52.5,94,47.35957675512611,65.35105811218472,,,unresolved,,,,
