symbol_a,symbol_b,long_symbol,short_symbol,signal_entry_date,entry_fill_date,signal_exit_date,exit_fill_date,exit_reason,long_entry_price,long_exit_price,short_entry_price,short_exit_price,long_net_pct,short_net_pct,net_pnl_pct,long_cost_pct,short_cost_pct,short_contract_expiry,rolled_forward_at_entry
BEL,INDIANB,INDIANB,BEL,2019-07-22,2019-07-23,2019-07-29,2019-07-30,reverted,220.0,211.5,99.4,92.0,-4.179946145000005,7.261330342052319,1.540692098526157,0.31630978136363636,0.18333766599597584,2019-08-29,True
BEL,INDIANB,INDIANB,BEL,2019-07-30,2019-07-31,2019-07-31,2019-08-01,window_end,184.0,188.0,95.3,100.1,1.8483282217391401,-5.2312670933892855,-1.6914694358250726,0.32558482173913045,0.19454096537250787,2019-08-29,False
INDIANB,ORIENTBANK,ORIENTBANK,INDIANB,2019-07-23,2019-07-24,2019-07-31,,no_fill,,,,,,,,,,,False
BATAINDIA,LICHSGFIN,BATAINDIA,LICHSGFIN,2019-07-09,2019-07-10,2019-07-18,2019-07-19,reverted,1381.5,1348.65,575.9,536.25,-2.6964424476221462,6.701035711060945,2.0022966317193998,0.3185922847557003,0.1838401354401806,2019-07-25,False
LT,NMDC,LT,NMDC,2019-07-10,2019-07-11,2019-07-30,2019-07-25,rollover,1512.0,1395.1,115.0,108.45,-8.041849378611113,5.510744591304351,-1.265552393653381,0.31036789712962964,0.18490758260869564,2019-07-25,False
BAJAJ-AUTO,GODREJCP,BAJAJ-AUTO,GODREJCP,2019-07-18,2019-07-19,2019-07-26,2019-07-29,reverted,2640.0,2590.0,652.05,623.9,-2.2132750749999985,4.1310086695805515,0.9588667972902765,0.31933568106060606,0.18614492293535773,2019-08-29,True
ESCORTS,RBLBANK,ESCORTS,RBLBANK,2019-07-08,2019-07-09,2019-07-11,2019-07-12,reverted,517.0,543.0,625.95,634.25,4.699042638297874,-1.5171947072449798,1.5909239655264469,0.3299709013539652,0.1912102036903906,2019-07-25,False
ESCORTS,RBLBANK,RBLBANK,ESCORTS,2019-07-16,2019-07-17,2019-07-31,2019-08-01,window_end,583.0,395.0,548.9,459.8,-32.51970480754717,16.057015190380756,-8.231344808583207,0.27270652281303603,0.17544973947895795,2019-08-29,True
DISHTV,INDIACEM,INDIACEM,DISHTV,2019-07-15,2019-07-16,2019-07-26,2019-07-29,reverted,97.45,96.0,33.45,31.75,-1.8079019186249372,4.896754050822133,1.5444260660985978,0.3199593839917907,0.1854582062780269,2019-08-29,True
DHFL,VEDL,DHFL,VEDL,2019-07-15,2019-07-16,2019-07-31,2019-08-01,window_end,46.4,49.8,169.0,152.4,6.994084178448277,9.641281869822478,8.317683024135377,0.33350202844827587,0.18120333727810653,2019-08-29,True
INDUSINDBK,PCJEWELLER,PCJEWELLER,INDUSINDBK,2019-07-05,2019-07-08,2019-07-23,2019-07-24,reverted,40.0,38.4,1510.5,1415.8,-4.316100296000004,6.085054658722283,0.8844771813611398,0.316100296,0.1843925441906653,2019-07-25,False
HINDUNILVR,ZEEL,HINDUNILVR,ZEEL,2019-07-01,2019-07-02,2019-07-05,2019-07-08,reverted,1784.0,1784.75,359.75,345.3,-0.28026942474775285,3.830263619179986,1.7749970972161164,0.32230978349215245,0.1864146296038916,2019-07-25,False
HINDUNILVR,ZEEL,HINDUNILVR,ZEEL,2019-07-22,2019-07-23,2019-07-31,2019-08-01,reverted,1683.0,1721.0,365.0,355.9,1.932159043137259,2.3053685369863057,2.1187637900617826,0.32571380297088537,0.18778214794520545,2019-08-29,True
BHEL,ICICIPRULI,BHEL,ICICIPRULI,2019-07-05,2019-07-08,2019-07-31,2019-07-25,rollover,69.5,62.2,392.75,396.1,-10.809706423309349,-1.0437455149586208,-5.926725969133985,0.30610930100719425,0.19078561680458309,2019-07-25,False
INDIGO,SUNTV,SUNTV,INDIGO,2019-07-08,2019-07-09,2019-07-16,2019-07-17,reverted,470.0,480.9,1575.6,1437.35,1.993340999276584,8.592291068799192,5.292816034037887,0.32580793689361703,0.18214406702208685,2019-07-25,False
BAJAJFINSV,LICHSGFIN,BAJAJFINSV,LICHSGFIN,2019-07-08,2019-07-09,2019-07-18,2019-07-19,reverted,7590.0,7900.0,552.75,536.25,3.7558018347826145,2.797734029850744,3.2767679323166794,0.3285196408432148,0.18734059701492536,2019-07-25,False
BAJAJFINSV,LICHSGFIN,BAJAJFINSV,LICHSGFIN,2019-07-25,2019-07-26,2019-07-31,2019-08-01,window_end,6775.0,7075.0,518.2,510.25,4.098996603690043,1.3455137553068433,2.7222551794984433,0.3290476767527675,0.18864294094944037,2019-08-29,False
SUNTV,WOCKPHARMA,WOCKPHARMA,SUNTV,2019-07-22,2019-07-23,2019-07-31,2019-08-01,window_end,336.4,311.3,470.9,467.2,-7.772138400772879,0.5964147249946838,-3.5878618378890974,0.31078287164090374,0.18931472924187728,2019-08-29,True
ICICIPRULI,SAIL,SAIL,ICICIPRULI,2019-07-05,2019-07-08,2019-07-31,2019-07-25,rollover,48.45,43.7,392.75,396.1,-10.111105729411763,-1.0437455149586208,-5.577425622185192,0.3071841607843137,0.19078561680458309,2019-07-25,False
EDELWEISS,ICICIPRULI,EDELWEISS,ICICIPRULI,2019-06-28,2019-07-01,2019-07-10,2019-07-11,reverted,169.15,168.25,390.15,372.3,-0.8534999422997389,4.389250065359471,1.7678750615298662,0.32142781696718886,0.18591333333333332,2019-07-25,False
EDELWEISS,ICICIPRULI,EDELWEISS,ICICIPRULI,2019-07-19,2019-07-22,2019-07-31,2019-08-01,window_end,151.8,147.0,376.7,395.65,-3.47944290434783,-5.225063674011143,-4.352253289179487,0.31738756837944665,0.19453540217679852,2019-08-29,True
ENGINERSIN,OIL,OIL,ENGINERSIN,2019-07-01,2019-07-02,2019-07-24,2019-07-25,reverted,174.95,155.5,121.0,103.25,-11.422628397656462,14.49256876033058,1.5349701813370586,0.30516626561874827,0.17685272727272727,2019-07-25,False
LTI,MRF,LTI,MRF,2019-07-03,2019-07-04,2019-07-29,2019-07-25,rollover,1710.0,1545.0,57003.9,54112.9,-9.956544773684207,4.886115074266845,-2.535214849708681,0.30742196666666666,0.18546774725939802,2019-07-25,False
FEDERALBNK,SBILIFE,FEDERALBNK,SBILIFE,2019-07-08,2019-07-09,2019-07-31,,no_fill,,,,,,,,,,,False
IRB,ORIENTBANK,ORIENTBANK,IRB,2019-07-17,2019-07-18,2019-07-31,,no_fill,,,,,,,,,,,False
LICHSGFIN,RECLTD,RECLTD,LICHSGFIN,2019-07-09,2019-07-10,2019-07-15,2019-07-16,reverted,139.15,149.75,575.9,536.1,7.283731087747042,6.7271052786942125,7.005418183220627,0.33394767617678767,0.18381675638131625,2019-07-25,False
DELTACORP,PFC,PFC,DELTACORP,2019-07-31,2019-08-01,2019-07-31,,no_fill,,,,,,,,,,,False
GODREJCP,IDBI,GODREJCP,IDBI,2019-07-04,2019-07-05,2019-07-05,2019-07-08,reverted,674.5,666.6,37.65,35.45,-1.4916838678428443,5.658518432934911,2.0834172825460335,0.3204459138028169,0.1847750597609562,2019-07-25,False
GODREJCP,IDBI,IDBI,GODREJCP,2019-07-24,2019-07-25,2019-07-31,2019-08-01,window_end,31.95,27.55,616.1,599.95,-14.07260703286385,2.4336606102905347,-5.819473211286658,0.30108903599374026,0.18766709625060865,2019-08-29,True
BERGEPAINT,SRF,SRF,BERGEPAINT,2019-07-12,2019-07-15,2019-07-31,2019-07-25,rollover,2755.0,2668.0,310.55,327.05,-3.475288696842104,-5.507943168571878,-4.491615932706991,0.31739396000000003,0.19478908710352597,2019-07-25,False
ENGINERSIN,MCX,ENGINERSIN,MCX,2019-07-04,2019-07-05,2019-07-31,2019-07-25,rollover,120.0,103.45,869.95,835.9,-14.092724749750001,3.7275112696132005,-5.1826067400684,0.3010580830833333,0.18650677740100005,2019-07-25,False
BHARTIARTL,TV18BRDCST,TV18BRDCST,BHARTIARTL,2019-07-08,2019-07-09,2019-07-15,2019-07-16,reverted,22.2,23.85,355.95,352.0,7.098769336486488,0.9206824919230158,4.009725914204752,0.33366309594594595,0.18902392751790983,2019-07-25,False
ABFRL,SAIL,SAIL,ABFRL,2019-07-08,2019-07-09,2019-07-16,,no_fill,,,,,,,,,,,False
ABFRL,SAIL,SAIL,ABFRL,2019-07-19,2019-07-22,2019-07-23,,no_fill,,,,,,,,,,,False
ABFRL,SAIL,SAIL,ABFRL,2019-07-25,2019-07-26,2019-07-26,,no_fill,,,,,,,,,,,False
RELCAPITAL,RELIANCE,RELCAPITAL,RELIANCE,2019-07-16,2019-07-17,2019-07-26,2019-07-29,reverted,52.6,53.9,1295.5,1213.55,2.1454409334600806,6.141400943265157,4.143420938362619,0.32604195627376426,0.1843420131223466,2019-08-29,True
DMART,SUNPHARMA,SUNPHARMA,DMART,2019-07-02,2019-07-03,2019-07-09,,no_fill,,,,,,,,,,,False
BAJAJ-AUTO,RBLBANK,BAJAJ-AUTO,RBLBANK,2019-07-11,2019-07-12,2019-07-15,2019-07-16,reverted,2720.0,2710.0,634.25,602.75,-0.6893274698529399,4.780933787938512,2.045803159042786,0.3216804110294118,0.1855620733149389,2019-07-25,False
BAJAJ-AUTO,RBLBANK,RBLBANK,BAJAJ-AUTO,2019-07-19,2019-07-22,2019-07-31,2019-08-01,window_end,495.0,395.0,2563.0,2499.8,-20.493230533333332,2.278053676160739,-9.107588428586297,0.2912103313131313,0.18780664377682404,2019-08-29,True
BIOCON,HDFCLIFE,BIOCON,HDFCLIFE,2019-07-19,2019-07-22,2019-07-31,,no_fill,,,,,,,,,,,False
IRB,TATASTEEL,IRB,TATASTEEL,2019-07-16,2019-07-17,2019-07-17,2019-07-18,reverted,87.05,91.9,482.4,476.8,5.240706326593914,0.9718843449419516,3.106295335767933,0.3308042994830558,0.18897800995024877,2019-08-29,True
IRB,TATASTEEL,TATASTEEL,IRB,2019-07-25,2019-07-26,2019-07-31,,no_fill,,,,,,,,,,,False
HEROMOTOCO,TATAPOWER,HEROMOTOCO,TATAPOWER,2019-06-28,2019-07-01,2019-07-11,2019-07-12,reverted,2596.0,2502.0,69.9,68.0,-3.937637910169488,2.530588640915597,-0.7035246346269455,0.3166825942989214,0.18758017167381974,2019-07-25,False
HEROMOTOCO,TATAPOWER,TATAPOWER,HEROMOTOCO,2019-07-25,2019-07-26,2019-07-31,2019-08-01,window_end,61.3,60.3,2418.95,2340.0,-1.9510604920065202,3.0767224097232204,0.5628309588583501,0.3197391216965742,0.18709040162053783,2019-08-29,False
IDBI,NMDC,IDBI,NMDC,2019-07-18,2019-07-19,2019-07-31,2019-08-01,window_end,34.45,27.55,115.65,108.6,-20.320503663280117,5.911430998702995,-7.204536332288561,0.2914760870827286,0.18454824902723732,2019-08-29,True
HAVELLS,MCX,HAVELLS,MCX,2019-07-02,2019-07-03,2019-07-30,2019-07-25,rollover,794.0,695.8,856.0,835.9,-12.671003714710334,2.160218523364489,-5.255392595672923,0.3032455283123426,0.1879123177570094,2019-07-25,False
COLPAL,SIEMENS,COLPAL,SIEMENS,2019-06-28,2019-07-01,2019-07-26,2019-07-25,rollover,1130.0,1154.0,1326.5,1171.6,1.798385824424773,11.497807986430457,6.648096905427615,0.3255079808849558,0.1795384138710893,2019-07-25,False
CGPOWER,DLF,CGPOWER,DLF,2019-06-28,2019-07-01,2019-07-19,2019-07-22,reverted,28.8,22.8,188.65,178.15,-21.123573825,5.380838627087195,-7.871367598956403,0.29024049166666666,0.18502408163265305,2019-07-25,False
IDFC,POWERGRID,IDFC,POWERGRID,2019-07-23,2019-07-24,2019-07-31,2019-08-01,reverted,34.5,35.3,209.35,209.6,1.9930331165217405,-0.3095444327680861,0.8417443418768272,0.32580746318840587,0.19012718891807975,2019-08-29,True
GODFRYPHLP,UPL,UPL,GODFRYPHLP,2019-07-02,2019-07-03,2019-07-19,,no_fill,,,,,,,,,,,False
ADANIPORTS,GMRINFRA,ADANIPORTS,GMRINFRA,2019-07-25,2019-07-26,2019-07-31,2019-08-01,window_end,380.65,376.0,14.65,14.9,-1.5419631952975072,-1.898036382252563,-1.7199997887750351,0.32036855455142516,0.19155174061433447,2019-08-29,False
BERGEPAINT,CUMMINSIND,CUMMINSIND,BERGEPAINT,2019-07-23,2019-07-24,2019-07-31,2019-08-01,window_end,729.7,705.6,314.8,329.0,-3.619898612827198,-4.704869402795419,-4.162384007811308,0.31717146468411683,0.19406889453621348,2019-08-29,True
MPHASIS,PAGEIND,MPHASIS,PAGEIND,2019-07-11,2019-07-12,2019-07-19,2019-07-22,reverted,942.15,916.5,20600.0,19750.05,-3.0405592479859904,3.9396543452427215,0.44954754862836555,0.3180628302181182,0.18631652854368932,2019-07-25,False
MPHASIS,PAGEIND,PAGEIND,MPHASIS,2019-07-26,2019-07-29,2019-07-31,,no_fill,,,,,,,,,,,False
CONCOR,OIL,OIL,CONCOR,2019-07-01,2019-07-02,2019-07-09,2019-07-10,reverted,174.95,178.0,579.6,555.0,1.4184318567019223,4.058096107660462,2.7382639821811923,0.3249233876536154,0.18621031055900622,2019-07-25,False
CONCOR,OIL,OIL,CONCOR,2019-07-19,2019-07-22,2019-07-26,2019-07-29,reverted,158.9,156.95,524.85,508.2,-1.5475468735682947,2.985162440697353,0.7188077835645292,0.32035996356198865,0.18717251214632752,2019-08-29,True
BHEL,TATASTEEL,BHEL,TATASTEEL,2019-07-12,2019-07-15,2019-07-30,2019-07-25,rollover,65.3,62.2,478.0,440.35,-5.06227230474731,7.6936190460251,1.315673370638895,0.3149522434915773,0.18294999163179917,2019-07-25,False
BANKINDIA,LTI,BANKINDIA,LTI,2019-08-05,2019-08-06,2019-08-27,,no_fill,,,,,,,,,,,False
NATIONALUM,VEDL,VEDL,NATIONALUM,2019-08-01,2019-08-02,2019-08-14,2019-08-16,reverted,141.9,144.35,44.2,41.4,1.4016704069767452,6.150507782805441,3.776089094891093,0.3248975986610289,0.18433384615384613,2019-08-29,False
ADANIPOWER,MARICO,ADANIPOWER,MARICO,2019-08-05,2019-08-06,2019-08-23,2019-08-26,reverted,57.8,59.25,376.3,384.0,2.1825514648789035,-2.23809640712197,-0.02777247112153325,0.3260990541522491,0.19185670475684294,2019-08-29,False
ADANIENT,NESTLEIND,ADANIENT,NESTLEIND,2019-08-21,2019-08-22,2019-08-26,2019-08-27,reverted,130.95,134.75,12603.9,12454.25,2.5751678135166287,0.9983766537341617,1.7867722336253953,0.32670312959144715,0.18895425177921119,2019-09-26,True
GLENMARK,JUSTDIAL,GLENMARK,JUSTDIAL,2019-08-16,2019-08-19,2019-08-30,2019-08-29,rollover,360.8,376.5,674.85,699.7,4.02251124451219,-3.875625002593169,0.07344312095951033,0.328929997172949,0.19332523227383866,2019-08-29,False
BOSCHLTD,SRF,BOSCHLTD,SRF,2019-08-06,2019-08-07,2019-08-23,2019-08-26,reverted,14589.0,14098.0,2996.85,2848.35,-3.6826243420522293,4.7696307532909605,0.5435032056193656,0.31707495552813764,0.18557220982031133,2019-08-29,False
BHARTIARTL,LUPIN,LUPIN,BHARTIARTL,2019-08-06,2019-08-07,2019-08-22,2019-08-23,reverted,750.6,736.0,365.25,350.0,-2.264367648760989,3.9889501300479173,0.8622912406434642,0.31925707055688785,0.1862723203285421,2019-08-29,False
MCDOWELL-N,TV18BRDCST,TV18BRDCST,MCDOWELL-N,2019-08-05,2019-08-06,2019-08-13,2019-08-14,reverted,19.6,21.9,587.0,586.05,11.39442153571426,-0.02803486882452197,5.683193333444869,0.34027234183673466,0.1898747325383305,2019-08-29,False
AMBUJACEM,IOC,IOC,AMBUJACEM,2019-08-07,2019-08-08,2019-08-23,2019-08-26,reverted,130.4,124.1,205.65,200.9,-5.1461115927914225,2.1218028057379037,-1.5121543935267594,0.31482324923312877,0.18794676878191102,2019-08-29,False
IBREALEST,PRAJIND,IBREALEST,PRAJIND,2019-08-01,2019-08-02,2019-08-30,,no_fill,,,,,,,,,,,False
HINDZINC,UJJIVAN,HINDZINC,UJJIVAN,2019-08-01,2019-08-02,2019-08-20,2019-08-21,reverted,208.95,205.1,277.5,270.7,-2.161960696482405,2.262629974774783,0.050334639146188964,0.31941463283082083,0.1878204756756757,2019-08-29,False
BEL,SIEMENS,SIEMENS,BEL,2019-07-31,2019-08-01,2019-08-05,2019-08-06,reverted,1140.0,1098.1,100.1,91.5,-3.9920374921578983,8.409100239760237,2.2085313738011694,0.31659889566666666,0.18230835164835166,2019-08-29,False
MCDOWELL-N,PVR,PVR,MCDOWELL-N,2019-07-31,2019-08-01,2019-08-21,2019-08-22,reverted,1504.0,1468.1,590.0,580.0,-2.7055463626728784,1.5064166101694871,-0.5995648762516956,0.3185782775664894,0.1884986440677966,2019-08-29,False
TORNTPOWER,UNIONBANK,UNIONBANK,TORNTPOWER,2019-08-22,2019-08-23,2019-08-27,2019-08-28,reverted,58.0,62.9,282.9,286.25,8.11305220103447,-1.3752469211735736,3.3689026399304485,0.33522366103448276,0.1910829056203606,2019-09-26,True
APOLLOTYRE,PAGEIND,APOLLOTYRE,PAGEIND,2019-08-02,2019-08-05,2019-08-08,2019-08-09,reverted,148.0,157.8,18123.35,17100.0,6.289204114324335,5.461631372180078,5.875417743252207,0.33241750729729735,0.18495162709984636,2019-08-29,False
BHARATFORG,MPHASIS,BHARATFORG,MPHASIS,2019-08-07,2019-08-08,2019-08-30,,no_fill,,,,,,,,,,,False
BHARTIARTL,BIOCON,BIOCON,BHARTIARTL,2019-08-05,2019-08-06,2019-08-28,2019-08-29,reverted,227.0,218.9,357.55,342.15,-3.885045450837003,4.12093596140401,0.11794525528350341,0.31676351251101326,0.18615395609005733,2019-08-29,False
AUROPHARMA,HEXAWARE,HEXAWARE,AUROPHARMA,2019-08-09,2019-08-13,2019-08-20,2019-08-21,reverted,362.1,378.4,599.55,598.55,4.172358367025676,-0.023078527228758472,2.0746399198984586,0.32916055040044184,0.18987028771578685,2019-08-29,False
CUMMINSIND,MUTHOOTFIN,CUMMINSIND,MUTHOOTFIN,2019-08-01,2019-08-02,2019-08-30,2019-08-29,rollover,688.5,571.05,608.5,615.85,-17.35486252117648,-1.398992450287602,-9.37692748573204,0.29603899176470583,0.1911042004930156,2019-08-29,False
SBIN,UPL,SBIN,UPL,2019-08-23,2019-08-26,2019-08-30,2019-09-03,window_end,288.0,272.0,557.4,559.3,-5.8692661666666694,-0.5311942805884445,-3.200230223627557,0.31371061111111115,0.190325963401507,2019-09-26,True
ITC,NCC,NCC,ITC,2019-08-16,2019-08-19,2019-08-30,2019-08-29,rollover,63.1,59.0,253.6,241.2,-6.80988620380349,4.703958801261833,-1.0529637012708286,0.3122633828843106,0.18563110410094638,2019-08-29,False
BRITANNIA,TV18BRDCST,TV18BRDCST,BRITANNIA,2019-08-05,2019-08-06,2019-08-21,2019-08-22,reverted,19.6,19.1,2559.95,2381.05,-2.8693466642857115,6.804670546299724,1.9676619410070064,0.318326256122449,0.18374719623430147,2019-08-29,False
BRITANNIA,TV18BRDCST,TV18BRDCST,BRITANNIA,2019-08-22,2019-08-23,2019-08-28,2019-08-29,reverted,18.05,21.65,2434.0,2692.0,19.59171372742381,-10.799370073952339,4.396171826735735,0.35288461052631576,0.19953441248972886,2019-09-26,True
DISHTV,IDFC,DISHTV,IDFC,2019-08-30,2019-09-03,2019-08-30,,no_fill,,,,,,,,,,,False
MPHASIS,RELCAPITAL,RELCAPITAL,MPHASIS,2019-08-13,2019-08-14,2019-08-30,,no_fill,,,,,,,,,,,False
BANKINDIA,HINDUNILVR,BANKINDIA,HINDUNILVR,2019-08-22,2019-08-23,2019-08-27,2019-08-28,reverted,62.4,69.25,1879.9,1841.9,10.638454883173072,1.8331785105590745,6.235816696866073,0.3391092193910257,0.18820560561732008,2019-09-26,True
COALINDIA,TATAGLOBAL,COALINDIA,TATAGLOBAL,2019-08-02,2019-08-05,2019-08-30,2019-08-29,rollover,196.0,183.3,265.25,274.55,-6.791882919285708,-3.699293394910463,-5.245588157098085,0.3122910825510205,0.19316709896324225,2019-08-29,False
ABFRL,APOLLOHOSP,ABFRL,APOLLOHOSP,2019-08-01,2019-08-02,2019-08-06,2019-08-07,reverted,185.1,200.45,1352.15,1340.0,7.957829857212304,0.7093555012387723,4.333592679225538,0.3349848375472717,0.18921344451429203,2019-08-29,False
ABFRL,APOLLOHOSP,ABFRL,APOLLOHOSP,2019-08-16,2019-08-19,2019-08-30,2019-08-29,rollover,189.9,190.75,1457.0,1518.3,0.12467118120063225,-4.401071673301299,-2.1382002460503333,0.3229328209057398,0.19379645024021963,2019-08-29,False
BEL,EICHERMOT,EICHERMOT,BEL,2019-07-31,2019-08-01,2019-08-02,2019-08-05,reverted,15950.0,16872.0,100.1,93.4,5.449438810206886,6.509294605394589,5.979366707800738,0.3311254531159874,0.18401208791208795,2019-08-29,False
BEL,EICHERMOT,EICHERMOT,BEL,2019-08-23,2019-08-26,2019-08-30,2019-09-03,window_end,16099.0,15971.0,101.0,100.65,-1.1161042165351929,0.15682570297028625,-0.47963925678245334,0.3210237767563203,0.1897089504950495,2019-09-26,True
INDIACEM,RELINFRA,INDIACEM,RELINFRA,2019-08-01,2019-08-02,2019-08-08,2019-08-09,reverted,84.1,87.35,47.0,46.85,3.536265222711057,0.1294154042553168,1.8328403134831868,0.3281818640903687,0.18973353191489364,2019-08-29,False
INDIACEM,RELINFRA,RELINFRA,INDIACEM,2019-08-29,2019-08-30,2019-08-30,,no_fill,,,,,,,,,,,False
BALRAMCHIN,PFC,BALRAMCHIN,PFC,2019-08-08,2019-08-09,2019-08-20,2019-08-21,reverted,122.05,125.95,109.4,105.95,2.8682576419500263,2.966375539305303,2.9173165906276646,0.32715407455960677,0.1871893601462523,2019-08-29,False
BANKBARODA,KOTAKBANK,BANKBARODA,KOTAKBANK,2019-08-22,2019-08-23,2019-08-30,2019-09-03,reverted,90.75,92.0,1476.7,1429.95,1.0530492545454573,2.978664417958958,2.0158568362522074,0.3243612137741047,0.18717833954086813,2019-09-26,True
JSWSTEEL,ULTRACEMCO,JSWSTEEL,ULTRACEMCO,2019-08-01,2019-08-02,2019-08-14,2019-08-16,reverted,223.0,226.35,4225.0,4233.0,1.177689169013456,-0.3795390721893429,0.3990750484120566,0.32455298345291483,0.19018995976331357,2019-08-29,False
BOMDYEING,UPL,BOMDYEING,UPL,2019-07-31,2019-08-01,2019-08-08,2019-08-09,reverted,70.8,71.75,578.0,536.85,1.01750138940678,6.935747515570935,3.9766244524888577,0.32430652019774003,0.18362964705882354,2019-08-29,False
BOMDYEING,UPL,UPL,BOMDYEING,2019-08-27,2019-08-28,2019-08-30,,no_fill,,,,,,,,,,,False
NMDC,SAIL,SAIL,NMDC,2019-08-13,2019-08-14,2019-08-20,2019-08-21,reverted,37.0,34.2,103.25,90.0,-7.878187273513503,12.654428619854722,2.3881206731706093,0.31061970594594596,0.1785011622276029,2019-08-29,False
EQUITAS,TORNTPHARM,EQUITAS,TORNTPHARM,2019-08-05,2019-08-06,2019-08-16,2019-08-19,reverted,102.85,112.55,1675.65,1673.7,9.09447682994652,-0.0735427929460214,4.51046701850025,0.33673367078269323,0.1899155438188166,2019-08-29,False
IBULHSGFIN,TORNTPHARM,IBULHSGFIN,TORNTPHARM,2019-07-31,2019-08-01,2019-08-13,2019-08-14,reverted,535.1,587.0,1676.1,1665.0,9.361976416632395,0.4728260927152241,4.917401254673809,0.3371452428704915,0.18942556291390727,2019-08-29,False
EDELWEISS,VGUARD,VGUARD,EDELWEISS,2019-09-20,2019-09-23,2019-09-25,,no_fill,,,,,,,,,,,False
EDELWEISS,VGUARD,EDELWEISS,VGUARD,2019-09-30,2019-10-01,2019-09-30,,no_fill,,,,,,,,,,,False
KAJARIACER,ONGC,ONGC,KAJARIACER,2019-09-17,2019-09-18,2019-09-30,2019-09-26,rollover,129.7,131.8,533.0,571.5,1.29438851272168,-7.419768142589111,-3.0626898149337154,0.32473253585196615,0.1965036022514071,2019-09-26,False
CONCOR,STAR,STAR,CONCOR,2019-09-18,2019-09-19,2019-09-30,2019-10-01,window_end,366.2,309.0,526.05,645.1,-15.918129381540142,-22.841262140480968,-19.379695761010556,0.2982495344620426,0.21033352152837184,2019-10-31,True
BANKINDIA,ONGC,BANKINDIA,ONGC,2019-09-05,2019-09-06,2019-09-13,2019-09-16,reverted,63.8,68.25,126.5,130.6,6.641961374137942,-3.434035936758897,1.6039627186895227,0.33296025595611284,0.19292921739130436,2019-09-26,False
BANKINDIA,ONGC,BANKINDIA,ONGC,2019-09-17,2019-09-18,2019-09-23,2019-09-24,reverted,65.45,71.4,129.05,136.5,8.754698200000012,-5.968158024021686,1.3932700879891633,0.3362108909090909,0.19520180550174349,2019-10-31,True
BANKINDIA,ONGC,BANKINDIA,ONGC,2019-09-30,2019-10-01,2019-09-30,,no_fill,,,131.35,,,,,,,2019-10-31,False
BHEL,IDBI,BHEL,IDBI,2019-09-03,2019-09-04,2019-09-05,2019-09-06,reverted,49.5,51.4,27.1,27.25,3.5102420133333356,-0.7440223616236199,1.383109825854858,0.3281418250505051,0.19051682656826568,2019-09-26,False
BHEL,IDBI,BHEL,IDBI,2019-09-24,2019-09-25,2019-09-30,2019-09-26,rollover,51.9,50.1,33.25,35.7,-3.7851253410404606,-7.565054947368422,-5.675090144204441,0.3169172485549133,0.19663389473684212,2019-09-26,False
IDBI,MUTHOOTFIN,MUTHOOTFIN,IDBI,2019-09-25,2019-09-26,2019-09-30,,no_fill,,,36.65,,,,,,,2019-09-26,False
BPCL,HINDUNILVR,HINDUNILVR,BPCL,2019-09-05,2019-09-06,2019-09-17,2019-09-18,reverted,1831.0,1839.5,377.25,380.0,0.14126884036045811,-0.9196338899933714,-0.38918252481645665,0.3229583578918624,0.19067431411530816,2019-09-26,False
ADANIPORTS,YESBANK,YESBANK,ADANIPORTS,2019-09-19,2019-09-20,2019-09-30,2019-10-01,window_end,53.7,42.0,363.25,415.8,-22.076483851396652,-14.669626023399871,-18.373054937398262,0.2887743541899442,0.2030052388162423,2019-10-31,True
DMART,NAUKRI,NAUKRI,DMART,2019-09-12,2019-09-13,2019-09-30,,no_fill,,,,,,,,,,,False
DABUR,MPHASIS,MPHASIS,DABUR,2019-09-19,2019-09-20,2019-09-20,2019-09-23,reverted,970.85,974.9,460.0,446.1,0.09427416804861116,2.8344314434782536,1.4643528057634323,0.3228860523767832,0.18730768695652172,2019-10-31,True
DABUR,MPHASIS,MPHASIS,DABUR,2019-09-27,2019-09-30,2019-09-30,2019-10-01,window_end,940.5,957.1,447.7,450.65,1.440061939649133,-0.8495348358275582,0.2952635519107874,0.3249566674747475,0.1906114496314496,2019-10-31,False
EICHERMOT,IBREALEST,IBREALEST,EICHERMOT,2019-09-11,2019-09-12,2019-09-30,2019-09-26,rollover,65.0,57.4,17070.45,17911.45,-11.996590865230766,-5.121084392561421,-8.558837628896093,0.3042831729230769,0.194442154073267,2019-09-26,False
AJANTPHARM,SUNTV,SUNTV,AJANTPHARM,2019-09-03,2019-09-04,2019-09-11,,no_fill,,,,,,,,,,,False
AJANTPHARM,SUNTV,SUNTV,AJANTPHARM,2019-09-19,2019-09-20,2019-09-20,,no_fill,,,,,,,,,,,False
AJANTPHARM,SUNTV,AJANTPHARM,SUNTV,2019-09-23,2019-09-24,2019-09-30,2019-10-01,window_end,1021.95,1010.0,493.15,477.5,-1.48978197766036,2.986305142451587,0.7482615823956136,0.3204488400313127,0.1871714873770658,2019-10-31,True
PEL,SIEMENS,SIEMENS,PEL,2019-08-30,2019-09-03,2019-09-06,2019-09-09,reverted,1199.0,1184.4,2016.8,1890.0,-1.538055967339446,6.102811003570011,2.2823775181152826,0.32037456617180987,0.18437662038873462,2019-09-26,False
PEL,SIEMENS,PEL,SIEMENS,2019-09-20,2019-09-23,2019-09-30,2019-10-01,window_end,1900.0,1642.9,1351.5,1515.0,-13.833036583968417,-12.298548124306333,-13.065792354137375,0.3014576366,0.2008788679245283,2019-10-31,True
ADANIENT,CASTROLIND,ADANIENT,CASTROLIND,2019-09-30,2019-10-01,2019-09-30,,no_fill,,,136.85,,,,,,,2019-10-31,False
APOLLOTYRE,ASIANPAINT,ASIANPAINT,APOLLOTYRE,2019-09-04,2019-09-05,2019-09-19,2019-09-20,reverted,1537.0,1559.0,170.65,174.9,1.1069156996747014,-2.6827330383826595,-0.7879086693539791,0.3244440921275212,0.1922554526809259,2019-09-26,False
COLPAL,UPL,UPL,COLPAL,2019-09-16,2019-09-17,2019-09-30,2019-10-01,window_end,569.1,609.95,1308.0,1511.15,6.8447281206642,-15.735306501529061,-4.4452891904324305,0.33327223076787904,0.2039609357798165,2019-10-31,True
RAYMOND,STRTECH,RAYMOND,STRTECH,2019-09-16,2019-09-17,2019-09-30,,no_fill,,,,,,,,,,,False
KAJARIACER,PNBHOUSING,PNBHOUSING,KAJARIACER,2019-09-17,2019-09-18,2019-09-30,2019-09-26,rollover,626.55,647.0,533.0,571.5,2.9366462178118233,-7.419768142589111,-2.2415609623886437,0.3272592965126487,0.1965036022514071,2019-09-26,False
ESCORTS,IDBI,ESCORTS,IDBI,2019-09-25,2019-09-26,2019-09-30,,no_fill,,,36.65,,,,,,,2019-09-26,False
ABFRL,ALBK,ALBK,ABFRL,2019-09-20,2019-09-23,2019-09-30,,no_fill,,,,,,,,,,,False
ADANIENT,DISHTV,DISHTV,ADANIENT,2019-08-30,2019-09-03,2019-09-30,2019-09-26,rollover,21.9,19.75,136.0,152.7,-10.124515127397252,-12.480453764705883,-11.302484446051569,0.30716352922374435,0.201042,2019-09-26,False
CASTROLIND,IDFC,IDFC,CASTROLIND,2019-09-30,2019-10-01,2019-09-30,,no_fill,,,136.85,,,,,,,2019-10-31,False
AMBUJACEM,TATAELXSI,TATAELXSI,AMBUJACEM,2019-09-20,2019-09-23,2019-09-24,2019-09-25,reverted,651.0,681.0,217.5,217.4,4.278970348387099,-0.14400171954023572,2.0674843144234316,0.3293245824884793,0.18997873103448276,2019-10-31,True
MCX,POWERGRID,POWERGRID,MCX,2019-08-30,2019-09-03,2019-09-05,2019-09-06,reverted,201.4,200.35,952.7,860.7,-0.8427948339126177,9.475412895979844,4.316309031033613,0.321444287735849,0.18135208775060355,2019-09-26,False
MCX,POWERGRID,POWERGRID,MCX,2019-09-24,2019-09-25,2019-09-30,2019-09-26,rollover,193.5,199.95,988.1,982.8,3.005967379999988,0.3468444145329474,1.6764058972664677,0.32736595333333335,0.18953854265762576,2019-09-26,False
IGL,TATAGLOBAL,TATAGLOBAL,IGL,2019-09-11,2019-09-12,2019-09-25,2019-09-26,reverted,259.8,281.9,334.95,350.3,8.17123032170899,-4.776907045827743,1.6971616379406234,0.335313173287144,0.1941334975369458,2019-09-26,False
ONGC,STAR,STAR,ONGC,2019-09-16,2019-09-17,2019-09-30,2019-10-01,window_end,376.0,309.0,131.25,131.35,-18.1140198962766,-0.2662788647619027,-9.19014938051925,0.294870960106383,0.19008838857142857,2019-10-31,True
IDBI,SRF,SRF,IDBI,2019-09-24,2019-09-25,2019-09-30,2019-09-26,rollover,2876.5,2780.0,33.25,35.7,-3.671862936520075,-7.565054947368422,-5.618458941944248,0.3170915129150009,0.19663389473684212,2019-09-26,False
NCC,RELINFRA,RELINFRA,NCC,2019-09-20,2019-09-23,2019-09-30,2019-10-01,window_end,37.0,28.9,64.05,55.95,-22.180506198378378,12.467701405152216,-4.856402396613081,0.2886143064864865,0.1786686182669789,2019-10-31,True
HCLTECH,VOLTAS,HCLTECH,VOLTAS,2019-09-09,2019-09-11,2019-09-30,2019-09-26,rollover,1088.0,1054.0,644.05,678.0,-3.44244449375,-5.466081411381121,-4.454262952565561,0.31744449375,0.19475154568744663,2019-09-26,False
IDFC,KOTAKBANK,KOTAKBANK,IDFC,2019-08-30,2019-09-03,2019-09-17,,no_fill,,,,,,,,,,,False
IDFC,KOTAKBANK,IDFC,KOTAKBANK,2019-09-27,2019-09-30,2019-09-30,2019-10-01,window_end,36.15,34.4,1645.5,1650.55,-5.155748946887972,-0.49719307079915703,-2.8264710088435643,0.3148084213001383,0.1902954712853236,2019-10-31,False
IDBI,LTI,LTI,IDBI,2019-09-23,2019-09-24,2019-09-30,2019-09-26,rollover,1490.0,1506.15,30.5,35.7,0.7599823134295434,-17.254503672131158,-8.247260679350807,0.32391030402013427,0.20532334426229507,2019-09-26,False
BANKINDIA,TORNTPOWER,BANKINDIA,TORNTPOWER,2019-09-30,2019-10-01,2019-09-30,,no_fill,,,292.25,,,,,,,2019-10-31,False
ABCAPITAL,AMARAJABAT,ABCAPITAL,AMARAJABAT,2019-09-23,2019-09-24,2019-09-30,2019-10-01,window_end,93.35,85.0,730.75,719.6,-9.253335197750394,1.3371792117687238,-3.9580779929908347,0.30850391762185325,0.1886504153267191,2019-10-31,True
JSWSTEEL,ORIENTBANK,JSWSTEEL,ORIENTBANK,2019-08-30,2019-09-03,2019-09-04,,no_fill,,,,,,,,,,,False
EICHERMOT,JISLJALEQS,EICHERMOT,JISLJALEQS,2019-09-16,2019-09-17,2019-09-24,,no_fill,,,,,,,,,,,False
APOLLOTYRE,PIDILITIND,PIDILITIND,APOLLOTYRE,2019-09-04,2019-09-05,2019-09-23,2019-09-24,reverted,1361.95,1492.7,170.65,190.0,9.26321230214766,-11.539195833577487,-1.1379917657149141,0.3369932854289805,0.20019788455903897,2019-09-26,False
AMARAJABAT,BALRAMCHIN,AMARAJABAT,BALRAMCHIN,2019-09-19,2019-09-20,2019-09-23,,no_fill,,,,,,,,,,,False
COLPAL,IDFC,IDFC,COLPAL,2019-09-16,2019-09-17,2019-09-30,2019-10-01,window_end,35.9,34.4,1308.0,1511.15,-4.494099408913653,-15.735306501529061,-10.114702955221357,0.3158264284122562,0.2039609357798165,2019-10-31,True
BEML,NATIONALUM,NATIONALUM,BEML,2019-09-24,2019-09-25,2019-09-30,,no_fill,,,,,,,,,,,False
BALRAMCHIN,HEROMOTOCO,HEROMOTOCO,BALRAMCHIN,2019-09-17,2019-09-18,2019-09-30,,no_fill,,,,,,,,,,,False
AXISBANK,CHOLAFIN,AXISBANK,CHOLAFIN,2019-09-30,2019-10-01,2019-10-10,2019-10-11,reverted,687.1,676.55,311.0,286.9,-1.855325219749685,7.5661318199357,2.8554033000930077,0.31988641899286857,0.18306432154340835,2019-10-31,False
AXISBANK,CHOLAFIN,CHOLAFIN,AXISBANK,2019-10-16,2019-10-17,2019-10-18,2019-10-22,reverted,271.0,298.05,694.4,711.35,9.643970699151307,-2.6331672235023014,3.505401737824503,0.3375791163468635,0.19221100230414745,2019-10-31,False
MUTHOOTFIN,RAJESHEXPO,RAJESHEXPO,MUTHOOTFIN,2019-10-29,2019-10-30,2019-10-31,2019-11-01,window_end,676.9,680.0,715.0,708.4,0.13502141240952725,0.7338854769230803,0.43445344466630376,0.32294874566405674,0.18919144615384614,2019-11-28,True
INDIANB,WIPRO,INDIANB,WIPRO,2019-09-30,2019-10-01,2019-10-18,2019-10-22,reverted,126.1,122.8,240.2,248.4,-2.9351955998413977,-3.6069060616153212,-3.2710508307283597,0.3182249416336241,0.19308424646128228,2019-10-31,False
ICICIGI,TITAN,TITAN,ICICIGI,2019-10-30,2019-10-31,2019-10-31,,no_fill,,,,,,,,,,,False
MARICO,TORNTPHARM,TORNTPHARM,MARICO,2019-09-30,2019-10-01,2019-10-09,2019-10-10,reverted,1669.65,1565.0,397.8,384.0,-6.580397144964517,3.2821737858220197,-1.6491116795712488,0.3126164723684605,0.18690615384615386,2019-10-31,False
MARICO,TORNTPHARM,MARICO,TORNTPHARM,2019-10-29,2019-10-30,2019-10-31,2019-11-01,window_end,372.0,367.1,1822.3,1780.3,-1.637425977580635,2.116828444273721,0.23970123334654292,0.32022167650537636,0.18795122976458323,2019-11-28,True
BOSCHLTD,ONGC,BOSCHLTD,ONGC,2019-10-14,2019-10-15,2019-10-23,2019-10-24,reverted,13350.0,14620.05,137.75,142.15,9.176623085907865,-3.387079484573515,2.8947718006671748,0.33686006015955056,0.19288710707803988,2019-10-31,False
BOSCHLTD,ONGC,ONGC,BOSCHLTD,2019-10-29,2019-10-30,2019-10-31,2019-11-01,window_end,144.0,140.55,15748.3,15367.9,-2.714397991874997,2.2276469674822,-0.24337551219639852,0.31856465854166666,0.18785184826298712,2019-11-28,True
BALKRISIND,MFSL,MFSL,BALKRISIND,2019-10-18,2019-10-22,2019-10-31,2019-11-01,window_end,411.4,407.95,843.85,872.0,-1.1595568237967857,-3.5289152349351065,-2.344236029365946,0.3209569210257657,0.19301430467500144,2019-11-28,True
HAVELLS,UNIONBANK,UNIONBANK,HAVELLS,2019-09-30,2019-10-01,2019-10-17,2019-10-18,reverted,53.1,52.0,727.4,686.7,-2.390625899435028,5.410273142700017,1.5098236216324947,0.3190628109227872,0.18499768490514162,2019-10-31,False
HAVELLS,UNIONBANK,HAVELLS,UNIONBANK,2019-10-30,2019-10-31,2019-10-31,2019-11-01,window_end,693.0,693.9,57.65,57.5,-0.19257457999999444,0.07040435385949476,-0.061085113070249844,0.3224447098701299,0.18978645273200342,2019-11-28,True
ITC,UJJIVAN,UJJIVAN,ITC,2019-10-25,2019-10-29,2019-10-31,2019-11-01,window_end,274.0,273.0,251.6,260.0,-0.6866480372262825,-3.531649507154209,-2.1091487721902458,0.3216845335766424,0.19301675675675678,2019-11-28,True
HDFCBANK,RELCAPITAL,RELCAPITAL,HDFCBANK,2019-10-15,2019-10-16,2019-10-29,2019-10-30,reverted,13.9,18.4,1233.95,1247.5,32.002121584172635,-1.2891052530491385,15.356508165561747,0.3719791352517986,0.19100565419992707,2019-10-31,False
APOLLOHOSP,TATASTEEL,TATASTEEL,APOLLOHOSP,2019-10-07,2019-10-09,2019-10-25,2019-10-29,reverted,323.35,365.55,1418.0,1525.0,12.708579374856967,-7.742632355430183,2.4829735097133923,0.3422942914488944,0.19679314527503527,2019-10-31,False
APOLLOHOSP,TATASTEEL,APOLLOHOSP,TATASTEEL,2019-10-29,2019-10-30,2019-10-31,2019-11-01,window_end,1459.8,1492.8,391.75,380.4,1.9348656742293453,2.709836479897895,2.32235107706362,0.32571796736539255,0.18741942310146778,2019-11-28,True
BALRAMCHIN,VEDL,VEDL,BALRAMCHIN,2019-10-03,2019-10-04,2019-10-09,,no_fill,,,,,,,,,,,False
ABFRL,HINDPETRO,ABFRL,HINDPETRO,2019-10-01,2019-10-03,2019-10-18,2019-10-22,reverted,206.5,207.55,312.0,317.5,0.1854482444067827,-1.9544228205128142,-0.8844872880530158,0.3230263318644068,0.19160230769230766,2019-10-31,False
TECHM,YESBANK,YESBANK,TECHM,2019-09-30,2019-10-01,2019-10-17,2019-10-18,reverted,42.0,46.6,717.45,727.0,10.613310420000005,-1.522318011011217,4.545496204494394,0.33907053238095247,0.19121479824378004,2019-10-31,False
TECHM,YESBANK,TECHM,YESBANK,2019-10-31,2019-11-01,2019-10-31,,no_fill,,,70.6,,,,,,,2019-11-28,False
BHEL,DLF,BHEL,DLF,2019-10-14,2019-10-15,2019-10-23,2019-10-24,reverted,43.1,53.8,154.65,176.2,24.465602553596288,-14.137219017135452,5.164191768230418,0.3603835252900232,0.20252777885548012,2019-10-31,False
BANDHANBNK,GRASIM,GRASIM,BANDHANBNK,2019-10-04,2019-10-07,2019-10-18,,no_fill,,,,,,,,,,,False
MARUTI,TATAMOTORS,TATAMOTORS,MARUTI,2019-10-01,2019-10-03,2019-10-14,2019-10-15,reverted,112.65,127.1,6818.7,6826.35,12.485390427430085,-0.3023121765145981,6.091539125457744,0.3419508952507767,0.19012070306656695,2019-10-31,False
MARUTI,TATAMOTORS,MARUTI,TATAMOTORS,2019-10-29,2019-10-30,2019-10-31,2019-11-01,window_end,7744.0,7599.95,174.95,175.1,-2.179537382911935,-0.2758357416404618,-1.2276865622761983,0.3193875895235021,0.19009695913118035,2019-11-28,True
MCX,RAYMOND,RAYMOND,MCX,2019-10-23,2019-10-24,2019-10-31,,no_fill,,,,,,,,,,,False
ADANIPORTS,BALRAMCHIN,BALRAMCHIN,ADANIPORTS,2019-10-11,2019-10-14,2019-10-22,2019-10-23,reverted,152.05,161.7,411.5,418.85,6.014601507727709,-1.9777714848116732,2.0184150114580177,0.331995006576784,0.19162324665856625,2019-10-31,False
PIIND,SUNPHARMA,SUNPHARMA,PIIND,2019-10-24,2019-10-25,2019-10-25,,no_fill,,,,,,,,,,,False
AUBANK,RECLTD,AUBANK,RECLTD,2019-10-31,2019-11-01,2019-10-31,,no_fill,,,140.15,,,,,,,2019-11-28,False
MCX,RELCAPITAL,RELCAPITAL,MCX,2019-09-30,2019-10-01,2019-10-30,,no_fill,,,,,,,,,,,False
ICICIBANK,MUTHOOTFIN,ICICIBANK,MUTHOOTFIN,2019-10-04,2019-10-07,2019-10-11,2019-10-14,reverted,415.1,430.0,676.5,669.15,3.2617370290050625,0.8974297206208425,2.0795833748129526,0.32775947786075643,0.1890447804878049,2019-10-31,False
ICICIBANK,MUTHOOTFIN,MUTHOOTFIN,ICICIBANK,2019-10-25,2019-10-29,2019-10-31,2019-11-01,reverted,665.15,710.0,472.1,468.35,6.4102362348492825,0.6050162211395865,3.5076262279944346,0.3326037260617906,0.1893070154628257,2019-11-28,True
GLENMARK,LTTS,GLENMARK,LTTS,2019-10-03,2019-10-04,2019-10-22,,no_fill,,,,,,,,,,,False
NATIONALUM,UNIONBANK,UNIONBANK,NATIONALUM,2019-09-30,2019-10-01,2019-10-11,2019-10-14,reverted,53.1,49.15,46.7,40.25,-7.749612257062147,13.633940428265529,2.942164085601691,0.3108175301318267,0.17762274089935762,2019-10-31,False
GODFRYPHLP,MINDTREE,MINDTREE,GODFRYPHLP,2019-10-17,2019-10-18,2019-10-31,,no_fill,,,,,,,,,,,False
JSWSTEEL,NESTLEIND,JSWSTEEL,NESTLEIND,2019-10-01,2019-10-03,2019-10-29,2019-10-30,reverted,220.95,236.95,13630.0,14831.4,6.908087628241683,-9.012311831548043,-1.0521121016531803,0.33336971504865354,0.19793178752751286,2019-10-31,False
IGL,STRTECH,STRTECH,IGL,2019-10-14,2019-10-15,2019-10-22,2019-10-23,reverted,139.0,157.35,374.0,378.05,12.858913255323744,-1.2738797005347515,5.792516777394496,0.3425255935971223,0.19099199999999997,2019-10-31,False
IGL,STRTECH,STRTECH,IGL,2019-10-25,2019-10-29,2019-10-31,2019-11-01,window_end,130.6,130.0,378.8,393.35,-0.7809575004594093,-4.034544836325248,-2.4077511683923283,0.32153943001531393,0.19346775079197465,2019-11-28,True
JUSTDIAL,RELIANCE,JUSTDIAL,RELIANCE,2019-09-30,2019-10-01,2019-10-23,2019-10-24,reverted,690.95,647.1,1339.9,1402.55,-6.658830552037056,-4.86993899694007,-5.764384774488564,0.31249579554236917,0.19421692812896485,2019-10-31,False
JUBLFOOD,SRTRANSFIN,SRTRANSFIN,JUBLFOOD,2019-10-23,2019-10-24,2019-10-31,2019-11-01,window_end,1086.0,1145.75,1526.0,1585.0,5.1711443484806585,-4.0598075753604235,0.5556683865601175,0.330697272145488,0.19349040629095673,2019-11-28,True
MINDTREE,PAGEIND,MINDTREE,PAGEIND,2019-10-29,2019-10-30,2019-10-31,2019-11-01,window_end,718.0,711.0,23986.25,25071.0,-1.2956778487465146,-4.716461905675137,-3.006069877210826,0.3207474866295265,0.19407929063525978,2019-11-28,True
HDFCBANK,MGL,HDFCBANK,MGL,2019-10-31,2019-11-01,2019-10-31,,no_fill,,,1027.95,,,,,,,2019-11-28,False
NCC,PRAJIND,PRAJIND,NCC,2019-10-29,2019-10-30,2019-10-31,2019-11-01,window_end,105.2,115.25,57.8,58.0,9.216310815874513,-0.5363513494809742,4.3399797331967696,0.3369211232889734,0.19033058823529414,2019-11-28,True
ICICIGI,STRTECH,STRTECH,ICICIGI,2019-10-14,2019-10-15,2019-10-22,,no_fill,,,,,,,,,,,False
ICICIGI,STRTECH,STRTECH,ICICIGI,2019-10-25,2019-10-29,2019-10-31,,no_fill,,,,,,,,,,,False
IOC,RAMCOCEM,RAMCOCEM,IOC,2019-09-30,2019-10-01,2019-10-16,2019-10-17,reverted,755.45,732.0,149.55,146.4,-3.4215867183400706,1.9181895887662992,-0.7516985647868857,0.31747658530677075,0.1881293681043129,2019-10-31,False
ALBK,CONCOR,ALBK,CONCOR,2019-10-01,2019-10-03,2019-10-24,2019-10-25,reverted,27.8,25.6,636.3,591.45,-8.223757080575535,6.864868788307389,-0.679444146134073,0.3100880158273382,0.18369321074964642,2019-10-31,False
DLF,PCJEWELLER,PCJEWELLER,DLF,2019-10-25,2019-10-29,2019-10-31,2019-11-01,window_end,32.7,32.2,180.05,184.45,-1.848948218348622,-2.6359791446820147,-2.2424636815153183,0.3198962305810398,0.19221352402110523,2019-11-28,True
BATAINDIA,RADICO,BATAINDIA,RADICO,2019-11-01,2019-11-04,2019-11-14,,no_fill,,,,,,,,,,,False
BOMDYEING,TATAMTRDVR,BOMDYEING,TATAMTRDVR,2019-10-31,2019-11-01,2019-11-08,2019-11-11,reverted,81.75,91.2,81.35,77.65,11.219629618715603,4.362310817455425,7.790970218085514,0.3400034088073395,0.18593749231714812,2019-11-28,False
CUB,CUMMINSIND,CUMMINSIND,CUB,2019-11-28,2019-11-29,2019-11-29,,no_fill,,,,,,,,,,,False
EQUITAS,SAIL,SAIL,EQUITAS,2019-11-29,2019-12-02,2019-11-29,,no_fill,,,106.5,,,,,,,2019-12-26,False
ADANIENT,APOLLOTYRE,APOLLOTYRE,ADANIENT,2019-11-06,2019-11-07,2019-11-29,2019-11-28,rollover,168.4,171.75,208.0,213.1,1.6640099323634243,-2.6441439230769257,-0.4900669953567507,0.32530123153206647,0.1922208461538462,2019-11-28,False
AJANTPHARM,RELIANCE,AJANTPHARM,RELIANCE,2019-11-13,2019-11-14,2019-11-29,2019-11-28,rollover,982.0,1001.3,1478.1,1580.25,1.6401123191649756,-7.107122350314601,-2.7335050155748126,0.3252644629124236,0.19622322305662673,2019-11-28,False
BHARTIARTL,M&MFIN,M&MFIN,BHARTIARTL,2019-11-18,2019-11-19,2019-11-28,2019-11-29,reverted,326.85,358.3,429.0,440.2,9.285123835429083,-2.8030859953380003,3.2410189200455415,0.3370269982866758,0.19236338461538463,2019-12-26,True
SIEMENS,SUNTV,SUNTV,SIEMENS,2019-11-13,2019-11-14,2019-11-15,2019-11-18,reverted,471.15,491.45,1634.0,1569.9,3.979742407386196,3.736389801713584,3.8580661045498896,0.3288641934840284,0.1864988151774786,2019-11-28,False
KOTAKBANK,YESBANK,KOTAKBANK,YESBANK,2019-10-31,2019-11-01,2019-11-18,2019-11-19,reverted,1572.0,1629.9,70.6,65.35,3.3553026698854964,7.2529154107648734,5.304109040325185,0.32790343698473284,0.18334521246458924,2019-11-28,False
NESTLEIND,PIIND,NESTLEIND,PIIND,2019-11-11,2019-11-13,2019-11-22,,no_fill,,,,,,,,,,,False
ABCAPITAL,DIVISLAB,DIVISLAB,ABCAPITAL,2019-11-05,2019-11-06,2019-11-14,,no_fill,,,,,,,,,,,False
ABCAPITAL,DIVISLAB,DIVISLAB,ABCAPITAL,2019-11-21,2019-11-22,2019-11-29,,no_fill,,,,,,,,,,,False
SHREECEM,VIPIND,VIPIND,SHREECEM,2019-11-07,2019-11-08,2019-11-29,2019-11-28,rollover,452.0,437.35,20025.0,21185.7,-3.5584165028982233,-5.991477399850197,-4.77494695137421,0.317266060420354,0.1952227182022472,2019-11-28,False
BATAINDIA,EQUITAS,EQUITAS,BATAINDIA,2019-10-31,2019-11-01,2019-11-04,2019-11-05,reverted,93.6,98.75,1800.0,1722.75,5.171439026602567,4.105498866666672,4.638468946634619,0.3306977255341881,0.1861678,2019-11-28,False
BATAINDIA,EQUITAS,EQUITAS,BATAINDIA,2019-11-13,2019-11-14,2019-11-20,2019-11-21,reverted,85.75,89.4,1697.7,1691.75,3.927775528979589,0.16076875655298714,2.044272142766288,0.3287842377842566,0.1897054143841668,2019-11-28,False
BATAINDIA,EQUITAS,BATAINDIA,EQUITAS,2019-11-28,2019-11-29,2019-11-29,2019-12-02,window_end,1638.0,1625.1,102.0,106.5,-1.1085811392307776,-4.605744705882359,-2.8571629225565687,0.32103535168498165,0.19397999999999999,2019-12-26,False
COLPAL,LICHSGFIN,COLPAL,LICHSGFIN,2019-11-01,2019-11-04,2019-11-15,2019-11-18,reverted,1530.0,1581.65,430.0,418.75,3.048385775627452,2.42860744186047,2.738496608743961,0.3274312178366013,0.18767162790697675,2019-11-28,False
COLPAL,LICHSGFIN,COLPAL,LICHSGFIN,2019-11-25,2019-11-26,2019-11-29,2019-12-02,window_end,1523.7,1470.0,447.25,464.3,-3.841146864619025,-4.005627396310781,-3.923387130464903,0.3168310544201614,0.19344181777529346,2019-12-26,True
ABFRL,TVSMOTOR,TVSMOTOR,ABFRL,2019-11-19,2019-11-20,2019-11-26,,no_fill,,,,,,,,,,,False
NBCC,NTPC,NTPC,NBCC,2019-11-04,2019-11-05,2019-11-14,2019-11-15,reverted,120.2,118.55,38.9,37.2,-1.6928485503327886,4.184082622107957,1.2456170358875842,0.32013640391014975,0.1860973264781491,2019-11-28,False
HDFCAMC,LTTS,LTTS,HDFCAMC,2019-11-11,2019-11-13,2019-11-29,,no_fill,,,,,,,,,,,False
HINDALCO,IPCALAB,HINDALCO,IPCALAB,2019-11-14,2019-11-15,2019-11-25,,no_fill,,,,,,,,,,,False
BANKINDIA,YESBANK,BANKINDIA,YESBANK,2019-10-31,2019-11-01,2019-11-18,2019-11-19,reverted,71.5,71.5,70.6,65.35,-0.32224520000000006,7.2529154107648734,3.4653351053824366,0.32224520000000006,0.18334521246458924,2019-11-28,False
BPCL,RBLBANK,BPCL,RBLBANK,2019-11-11,2019-11-13,2019-11-29,2019-11-28,rollover,514.0,506.5,344.6,381.0,-1.7791475939688663,-10.762472884503765,-6.270810239236316,0.32000362509727626,0.19950132327336043,2019-11-28,False
LT,TATAPOWER,LT,TATAPOWER,2019-11-27,2019-11-28,2019-11-29,2019-12-02,window_end,1344.0,1330.55,56.65,57.25,-1.3214518785937535,-1.2501057193292242,-1.2857787989614888,0.32070783097470246,0.19097067961165048,2019-12-26,True
BANDHANBNK,ONGC,ONGC,BANDHANBNK,2019-11-28,2019-11-29,2019-11-29,,no_fill,,,,,,,,,,,False
PCJEWELLER,SRF,PCJEWELLER,SRF,2019-11-15,2019-11-18,2019-11-29,2019-11-28,rollover,32.15,30.25,3237.15,3225.15,-6.22296423763608,0.18100918307770955,-3.020977527279185,0.31316641493001557,0.18968726287011725,2019-11-28,False
EDELWEISS,PFC,PFC,EDELWEISS,2019-11-08,2019-11-11,2019-11-27,,no_fill,,,,,,,,,,,False
ABCAPITAL,TORNTPHARM,TORNTPHARM,ABCAPITAL,2019-11-21,2019-11-22,2019-11-29,,no_fill,,,,,,,,,,,False
ICICIBANK,M&MFIN,M&MFIN,ICICIBANK,2019-11-08,2019-11-11,2019-11-25,2019-11-26,reverted,328.9,344.55,488.6,501.25,4.428730191638796,-2.7813737945149297,0.8236781985619333,0.3295550014290058,0.19234391322144903,2019-11-28,False
AXISBANK,GODREJIND,AXISBANK,GODREJIND,2019-11-07,2019-11-08,2019-11-21,,no_fill,,,,,,,,,,,False
STAR,YESBANK,STAR,YESBANK,2019-10-31,2019-11-01,2019-11-19,2019-11-20,reverted,387.35,380.5,70.6,62.0,-2.0879549849232073,12.002217053824355,4.9571310344505735,0.31952849725054866,0.17908606232294616,2019-11-28,False
BHARTIARTL,RELIANCE,RELIANCE,BHARTIARTL,2019-11-18,2019-11-19,2019-11-29,2019-12-02,window_end,1467.0,1600.0,429.0,470.0,8.729948524744387,-9.755708018648017,-0.5128797469518149,0.3361728113156101,0.19859846153846153,2019-12-26,True
PCJEWELLER,POWERGRID,POWERGRID,PCJEWELLER,2019-11-06,2019-11-07,2019-11-15,,no_fill,,,,,,,,,,,False
BOMDYEING,MCX,MCX,BOMDYEING,2019-11-07,2019-11-08,2019-11-13,,no_fill,,,,,,,,,,,False
GMRINFRA,HDFC,GMRINFRA,HDFC,2019-11-25,2019-11-26,2019-11-28,2019-11-29,reverted,20.9,22.1,2308.8,2320.0,5.410561157894745,-0.6755559112959132,2.3675026232994156,0.33106563636363645,0.1904554261954262,2019-12-26,True
JINDALSTEL,KOTAKBANK,KOTAKBANK,JINDALSTEL,2019-10-31,2019-11-01,2019-11-21,2019-11-22,reverted,1572.0,1591.95,116.65,136.95,0.94488916967558,-17.60812654093441,-8.331618685629415,0.32419479979007637,0.20564047149592798,2019-11-28,False
ARVIND,RAYMOND,ARVIND,RAYMOND,2019-12-05,2019-12-06,2019-12-16,,no_fill,,,,,,,,,,,False
MARUTI,UJJIVAN,MARUTI,UJJIVAN,2019-11-29,2019-12-02,2019-12-12,2019-12-13,reverted,7291.0,7043.95,342.65,330.9,-3.7054638993101126,3.2422131241791954,-0.23162538756545858,0.3170398148223838,0.18694199036918138,2019-12-26,False
GAIL,NESTLEIND,GAIL,NESTLEIND,2019-12-06,2019-12-09,2019-12-16,2019-12-17,reverted,117.8,120.6,14260.55,14181.65,2.051013346010187,0.3637512124707597,1.2073822792404734,0.32589667096774194,0.18952338072514738,2019-12-26,False
CENTURYTEX,ZEEL,ZEEL,CENTURYTEX,2019-12-03,2019-12-04,2019-12-20,2019-12-23,reverted,280.0,285.0,472.3,488.0,1.4607258249999937,-3.5171621384713134,-1.0282181567356599,0.3249884607142857,0.19300376455642598,2019-12-26,False
BAJAJ-AUTO,INDIGO,INDIGO,BAJAJ-AUTO,2019-12-03,2019-12-04,2019-12-26,2019-12-26,rollover,1390.0,1304.95,3268.6,3230.05,-6.431550522208627,0.9904426592424754,-2.720553931483076,0.31284548623741004,0.18896136694609314,2019-12-26,False
CROMPTON,TATACHEM,CROMPTON,TATACHEM,2019-12-24,2019-12-26,2019-12-31,2020-01-01,window_end,246.55,239.95,688.0,672.0,-2.9950746092070712,2.1376488372093063,-0.42871288599888246,0.31813281241127567,0.1879325581395349,2020-01-30,True
DRREDDY,NATIONALUM,NATIONALUM,DRREDDY,2019-12-23,2019-12-24,2019-12-26,2019-12-27,reverted,41.55,43.45,2925.95,2891.0,4.243533790613731,1.0055360115518008,2.624534901082766,0.3292700601684718,0.18894783130265386,2020-01-30,True
KOTAKBANK,YESBANK,YESBANK,KOTAKBANK,2019-12-03,2019-12-04,2019-12-24,2019-12-26,reverted,58.55,51.0,1646.0,1711.35,-13.197397196071732,-4.163814541919789,-8.68060586899576,0.30243562476515806,0.19358367922235725,2019-12-26,False
HDFCLIFE,VEDL,VEDL,HDFCLIFE,2019-12-20,2019-12-23,2019-12-30,,no_fill,,,,,,,,,,,False
ASHOKLEY,ICICIGI,ASHOKLEY,ICICIGI,2019-12-03,2019-12-04,2019-12-12,,no_fill,,,,,,,,,,,False
SBIN,WOCKPHARMA,WOCKPHARMA,SBIN,2019-12-30,2019-12-31,2019-12-31,2020-01-01,window_end,240.0,235.6,336.0,336.75,-2.152762118999998,-0.4134346428571365,-1.2830983809285672,0.3194287856666667,0.19022035714285712,2020-01-30,False
DISHTV,TATACHEM,DISHTV,TATACHEM,2019-11-29,2019-12-02,2019-12-04,2019-12-05,reverted,12.25,14.2,676.15,669.5,15.571667937142847,0.7943723744731193,8.183020155807982,0.3466994097959184,0.18913720180433335,2019-12-26,False
BHARATFORG,UJJIVAN,BHARATFORG,UJJIVAN,2019-11-29,2019-12-02,2019-12-12,2019-12-13,reverted,464.4,450.95,342.65,330.9,-3.214006130297158,3.2422131241791954,0.014103496941018756,0.3177959666451335,0.18694199036918138,2019-12-26,False
CROMPTON,FEDERALBNK,CROMPTON,FEDERALBNK,2019-12-27,2019-12-30,2019-12-31,2020-01-01,window_end,243.05,239.95,89.05,88.5,-1.5957435334293493,0.4281649298147041,-0.5837893018073226,0.32028580868134127,0.18946561482313307,2020-01-30,False
MGL,RAJESHEXPO,RAJESHEXPO,MGL,2019-12-31,2020-01-01,2019-12-31,,no_fill,,,1068.0,,,,,,,2020-01-30,False
APOLLOTYRE,MCX,MCX,APOLLOTYRE,2019-12-06,2019-12-09,2019-12-16,2019-12-17,reverted,1130.0,1136.25,172.95,165.1,0.23000246261061197,4.352938172882333,2.2914703177464726,0.3230948825221239,0.18594589765828276,2019-12-26,False
APOLLOTYRE,TORNTPOWER,APOLLOTYRE,TORNTPOWER,2019-12-20,2019-12-23,2019-12-31,2020-01-01,window_end,163.75,164.5,285.75,286.3,0.13506645221373892,-0.3826687069116411,-0.1238011273489511,0.32294881496183214,0.19019276640419946,2020-01-30,True
BATAINDIA,IBREALEST,IBREALEST,BATAINDIA,2019-12-04,2019-12-05,2019-12-18,2019-12-19,reverted,63.15,60.3,1695.7,1665.95,-4.828376246555823,1.5659924786223989,-1.631191883966712,0.31531211353919236,0.18844521672465644,2019-12-26,False
BHARTIARTL,SBILIFE,BHARTIARTL,SBILIFE,2019-12-16,2019-12-17,2019-12-18,,no_fill,,,,,,,,,,,False
JSWSTEEL,SAIL,JSWSTEEL,SAIL,2019-12-13,2019-12-16,2019-12-24,2019-12-26,reverted,259.2,267.0,41.0,41.4,2.682391156944441,-1.166505463414635,0.757942846764903,0.32686810231481483,0.19089570731707314,2019-12-26,False
BATAINDIA,BRITANNIA,BRITANNIA,BATAINDIA,2019-12-30,2019-12-31,2019-12-31,2020-01-01,window_end,3046.0,3044.7,1778.3,1764.0,-0.36485855870650324,0.6148405792048602,0.1249910102491785,0.32217963552856205,0.18929820502727324,2020-01-30,False
MINDTREE,PNB,PNB,MINDTREE,2019-12-05,2019-12-06,2019-12-27,2019-12-26,rollover,62.55,63.4,761.0,792.45,1.0345800724220686,-4.326449634691203,-1.6459347811345673,0.3243327972821743,0.19372952956636003,2019-12-26,False
AUBANK,M&MFIN,M&MFIN,AUBANK,2019-12-26,2019-12-27,2019-12-31,,no_fill,,,,,,,,,,,False
RELIANCE,RELINFRA,RELIANCE,RELINFRA,2019-12-30,2019-12-31,2019-12-31,,no_fill,,,,,,,,,,,False
BANKBARODA,BHEL,BHEL,BANKBARODA,2019-11-29,2019-12-02,2019-12-30,2019-12-26,rollover,53.3,43.7,106.0,99.05,-18.30583287429642,6.372468981132083,-5.9666819465821685,0.29457583864915576,0.1841347924528302,2019-12-26,False
BOMDYEING,CEATLTD,BOMDYEING,CEATLTD,2019-12-09,2019-12-10,2019-12-30,,no_fill,,,,,,,,,,,False
GRASIM,INDHOTEL,GRASIM,INDHOTEL,2019-12-27,2019-12-30,2019-12-31,,no_fill,,,,,,,,,,,False
APOLLOTYRE,INFY,INFY,APOLLOTYRE,2020-01-17,2020-01-20,2020-01-20,2020-01-21,reverted,771.6,768.45,180.25,174.2,-0.7298606598366997,3.1694421248266327,1.2197907324949666,0.32161804708398134,0.18700725104022192,2020-01-30,False
APOLLOTYRE,INFY,APOLLOTYRE,INFY,2020-01-31,2020-02-03,2020-01-31,,no_fill,,,786.65,,,,,,,2020-02-27,False
EQUITAS,ZEEL,ZEEL,EQUITAS,2020-01-10,2020-01-13,2020-01-16,2020-01-17,reverted,265.4,279.65,106.05,105.25,5.038760368764137,0.5650182649693505,2.801889316866744,0.33049358752825925,0.1893428854314003,2020-01-30,False
BPCL,IDBI,BPCL,IDBI,2020-01-17,2020-01-20,2020-01-21,,no_fill,,,,,,,,,,,False
BPCL,IDBI,IDBI,BPCL,2020-01-28,2020-01-29,2020-01-31,2020-02-03,window_end,34.85,38.2,480.8,441.5,9.275613172740321,7.9911937437604035,8.633403458250363,0.33701236527977046,0.18268312811980034,2020-02-27,True
BANDHANBNK,PAGEIND,BANDHANBNK,PAGEIND,2020-01-16,2020-01-17,2020-01-31,2020-01-30,rollover,477.0,451.0,25402.05,24424.4,-5.764605393710687,3.6621397219121947,-1.051232835899246,0.31387164109014676,0.18656540228052462,2020-01-30,False
ABCAPITAL,BAJAJ-AUTO,ABCAPITAL,BAJAJ-AUTO,2020-01-30,2020-01-31,2020-01-31,2020-02-03,window_end,100.6,94.6,3164.95,3135.7,-6.2772975300198794,0.7349947648462071,-2.771151382586836,0.31308281829025847,0.18919045134994236,2020-02-27,False
HINDPETRO,TVSMOTOR,HINDPETRO,TVSMOTOR,2020-01-06,2020-01-07,2020-01-21,2020-01-22,reverted,250.0,251.35,439.35,461.95,0.21692523796000712,-5.338599893023768,-2.5608373275318805,0.32307476204,0.19463722089450328,2020-01-30,False
HINDPETRO,TVSMOTOR,HINDPETRO,TVSMOTOR,2020-01-31,2020-02-03,2020-01-31,,no_fill,,,445.9,,,,,,,2020-02-27,False
ESCORTS,RBLBANK,ESCORTS,RBLBANK,2020-01-02,2020-01-03,2020-01-06,2020-01-07,reverted,618.0,612.3,366.2,342.8,-1.243158389611659,6.205666466411791,2.481254038400066,0.3208282925242718,0.1842843801201529,2020-01-30,False
ESCORTS,RBLBANK,RBLBANK,ESCORTS,2020-01-16,2020-01-17,2020-01-31,2020-01-30,rollover,348.0,335.45,693.0,818.35,-3.9230269137068987,-18.294278897546896,-11.108652905626897,0.3167050746264369,0.2062558095238095,2020-01-30,False
ICICIGI,TITAN,TITAN,ICICIGI,2020-01-03,2020-01-06,2020-01-09,,no_fill,,,,,,,,,,,False
ICICIGI,TITAN,ICICIGI,TITAN,2020-01-20,2020-01-21,2020-01-31,2020-02-03,window_end,1357.65,1285.0,1187.6,1164.15,-5.665182862954375,1.78632293701582,-1.9394299629692777,0.31402461156409966,0.18824762546311888,2020-02-27,True
BAJAJFINSV,HINDUNILVR,BAJAJFINSV,HINDUNILVR,2020-01-20,2020-01-21,2020-01-30,2020-01-31,reverted,9583.95,9708.0,2068.1,2065.3,0.970117877485793,-0.054508502490218186,0.4578046874977874,0.32423361641807397,0.18989847396160728,2020-02-27,True
TATACHEM,TECHM,TECHM,TATACHEM,2020-01-14,2020-01-15,2020-01-31,2020-01-30,rollover,796.15,805.6,733.0,757.9,0.8628936135778402,-3.5900677817189632,-1.3635870840705615,0.3240686422784651,0.19306914597544336,2020-01-30,False
ADANIPOWER,BOMDYEING,ADANIPOWER,BOMDYEING,2020-01-02,2020-01-03,2020-01-22,,no_fill,,,,,,,,,,,False
ADANIPOWER,BOMDYEING,ADANIPOWER,BOMDYEING,2020-01-29,2020-01-30,2020-01-31,,no_fill,,,,,,,,,,,False
RAJESHEXPO,SRF,RAJESHEXPO,SRF,2019-12-31,2020-01-01,2020-01-06,2020-01-07,reverted,670.5,691.45,3447.95,3445.6,2.7974887396420622,-0.1218023819951016,1.3378431788234804,0.32704519026099926,0.18995882277875262,2020-01-30,False
RAJESHEXPO,SRF,RAJESHEXPO,SRF,2020-01-28,2020-01-29,2020-01-31,2020-02-03,window_end,720.1,726.3,3779.0,3710.0,0.5374236513817319,1.6374987721619494,1.0874612117718407,0.3235678775725594,0.18838109023551206,2020-02-27,True
NCC,PVR,NCC,PVR,2020-01-30,2020-01-31,2020-01-31,2020-02-03,window_end,55.95,50.8,1972.15,1910.2,-9.512751788203763,2.9540413705853994,-3.279355208809182,0.30810478194816804,0.18720042136754303,2020-02-27,False
ASIANPAINT,STRTECH,ASIANPAINT,STRTECH,2020-01-03,2020-01-06,2020-01-16,,no_fill,,,,,,,,,,,False
ICICIPRULI,SBILIFE,ICICIPRULI,SBILIFE,2020-01-06,2020-01-07,2020-01-13,,no_fill,,,,,,,,,,,False
ICICIPRULI,SBILIFE,SBILIFE,ICICIPRULI,2020-01-22,2020-01-23,2020-01-31,2020-02-03,window_end,985.4,895.0,512.85,452.5,-9.482091472539066,11.58811593838355,1.0530122329222422,0.3081519555916379,0.17945742614799648,2020-02-27,True
PAGEIND,RELCAPITAL,RELCAPITAL,PAGEIND,2020-01-16,2020-01-17,2020-01-31,2020-01-30,rollover,11.25,9.65,25402.05,24424.4,-14.522618874666659,3.6621397219121947,-5.430239576377232,0.3003966524444444,0.18656540228052462,2020-01-30,False
CHOLAFIN,MGL,CHOLAFIN,MGL,2020-01-06,2020-01-07,2020-01-16,2020-01-17,reverted,295.4,325.0,1057.7,1126.65,9.682672779146923,-6.714733011250821,1.4839698839480513,0.3376386629654705,0.19587133024487097,2020-01-30,False
AMBUJACEM,BPCL,BPCL,AMBUJACEM,2020-01-02,2020-01-03,2020-01-28,2020-01-29,reverted,483.9,483.95,205.8,216.95,-0.31192836001238816,-5.612764528668594,-2.9623464443404908,0.32226107338293036,0.19488309037900872,2020-01-30,False
SCI,TCS,SCI,TCS,2020-01-06,2020-01-07,2020-01-15,2020-01-16,reverted,59.85,63.0,2206.85,2223.6,4.932827294736836,-0.9497016639100893,1.9915628154133735,0.3303305999999999,0.19070127874572357,2020-01-30,False
JUSTDIAL,PIIND,PIIND,JUSTDIAL,2020-01-17,2020-01-20,2020-01-21,2020-01-22,reverted,1446.55,1449.2,579.5,572.9,-0.139332130897654,0.949915144089733,0.4052915065960395,0.3225266281497356,0.18899771182053496,2020-01-30,False
JUSTDIAL,PIIND,PIIND,JUSTDIAL,2020-01-22,2020-01-23,2020-01-31,2020-02-03,window_end,1451.6,1480.0,588.4,544.1,1.6312110676770495,7.345629843643778,4.488420455660414,0.325250767539267,0.18326206662134603,2020-02-27,True
APOLLOTYRE,CENTURYTEX,APOLLOTYRE,CENTURYTEX,2020-01-13,2020-01-14,2020-01-17,2020-01-20,reverted,171.5,180.0,519.35,534.95,4.626409073469377,-3.1964708635794774,0.7149691049449498,0.32985914810495626,0.19271617021276596,2020-01-30,False
APOLLOTYRE,CENTURYTEX,APOLLOTYRE,CENTURYTEX,2020-01-21,2020-01-22,2020-01-31,2020-02-03,window_end,175.5,164.25,568.55,595.7,-6.722654007692308,-4.969611916278276,-5.846132961985292,0.31239759743589746,0.1943063143083282,2020-02-27,True
ABCAPITAL,YESBANK,YESBANK,ABCAPITAL,2020-01-13,2020-01-14,2020-01-23,,no_fill,,,,,,,,,,,False
ASHOKLEY,HDFCLIFE,HDFCLIFE,ASHOKLEY,2020-01-16,2020-01-17,2020-01-31,2020-01-30,rollover,607.5,605.9,83.8,83.4,-0.5852150828642021,0.28773541766108557,-0.14873983260155826,0.3218405972674897,0.18959155131264918,2020-01-30,False
CHOLAFIN,INDIGO,CHOLAFIN,INDIGO,2020-01-06,2020-01-07,2020-01-13,2020-01-14,reverted,295.4,320.0,1336.75,1435.0,7.992652850236982,-7.546533125116891,0.22305986256004529,0.3350384158429249,0.19661728445857488,2020-01-30,False
CHOLAFIN,INDIGO,INDIGO,CHOLAFIN,2020-01-30,2020-01-31,2020-01-31,2020-02-03,window_end,1417.0,1366.55,330.65,315.5,-3.8771144588779154,4.395976866777558,0.25943120394982144,0.31677571505292873,0.18590730077120823,2020-02-27,False
BRITANNIA,TATACHEM,BRITANNIA,TATACHEM,2020-01-10,2020-01-13,2020-01-29,2020-01-30,reverted,2995.0,3208.95,696.0,760.0,6.810353279041721,-9.393676091954033,-1.2916614064561558,0.3332193419933222,0.19827379310344828,2020-01-30,False
BPCL,LTI,BPCL,LTI,2020-01-07,2020-01-08,2020-01-28,,no_fill,,,,,,,,,,,False
EICHERMOT,GRASIM,EICHERMOT,GRASIM,2020-01-08,2020-01-09,2020-01-16,2020-01-17,reverted,20238.0,21509.05,756.55,718.05,5.948618422604504,4.90343814552905,5.426028284066777,0.3318934856868268,0.1854522120150684,2020-01-30,False
AJANTPHARM,YESBANK,YESBANK,AJANTPHARM,2020-01-13,2020-01-14,2020-01-31,,no_fill,,,,,,,,,,,False
NATIONALUM,WIPRO,WIPRO,NATIONALUM,2020-01-15,2020-01-16,2020-01-28,2020-01-29,reverted,248.0,244.6,48.5,44.8,-1.691106825645169,7.445693649484543,2.877293411919687,0.3201390837096774,0.1831723298969072,2020-01-30,False
CONCOR,INFRATEL,INFRATEL,CONCOR,2020-01-17,2020-01-20,2020-01-21,2020-01-22,reverted,219.0,244.85,555.15,553.2,11.463274689452064,0.16155170494459603,5.81241319719833,0.3403782785844749,0.18970471223993512,2020-01-30,False
CASTROLIND,INFRATEL,INFRATEL,CASTROLIND,2020-01-07,2020-01-08,2020-01-13,2020-01-14,reverted,238.05,246.5,126.95,127.15,3.2219761359798356,-0.3477037495076742,1.4371361932360807,0.3276983021634111,0.19016141000393855,2020-01-30,False
CASTROLIND,INFRATEL,INFRATEL,CASTROLIND,2020-01-15,2020-01-16,2020-01-22,2020-01-23,reverted,247.05,239.2,134.65,130.2,-3.49485828476018,3.1178109097660758,-0.18852368749705217,0.3173638504351346,0.1870535536576309,2020-01-30,False
BANKBARODA,PRAJIND,BANKBARODA,PRAJIND,2020-01-02,2020-01-03,2020-01-28,,no_fill,,,,,,,,,,,False
KOTAKBANK,SBILIFE,KOTAKBANK,SBILIFE,2020-01-20,2020-01-21,2020-01-31,,no_fill,,,,,,,,,,,False
BPCL,FEDERALBNK,BPCL,FEDERALBNK,2020-01-02,2020-01-03,2020-01-28,2020-01-29,reverted,483.9,483.95,92.9,96.3,-0.31192836001238816,-3.853154381054896,-2.082541370533642,0.32226107338293036,0.19330508073196986,2020-01-30,False
DISHTV,JSWSTEEL,JSWSTEEL,DISHTV,2020-01-22,2020-01-23,2020-01-31,2020-01-30,rollover,266.0,261.3,13.9,13.05,-2.086448108947369,5.93057683453237,1.9220643627925003,0.31953081571428577,0.18453107913669065,2020-01-30,False
NIITTECH,RECLTD,RECLTD,NIITTECH,2020-01-08,2020-01-09,2020-01-30,2020-01-30,rollover,139.85,147.6,1700.1,1849.0,5.210893340221657,-8.956189792365162,-1.8726482260717527,0.3307584295316411,0.19788145756131995,2020-01-30,False
MRF,PNBHOUSING,MRF,PNBHOUSING,2020-01-16,2020-01-17,2020-01-31,,no_fill,,,,,,,,,,,False
BAJFINANCE,BALRAMCHIN,BAJFINANCE,BALRAMCHIN,2020-01-01,2020-01-02,2020-01-20,,no_fill,,,,,,,,,,,False
BAJFINANCE,BALRAMCHIN,BALRAMCHIN,BAJFINANCE,2020-01-24,2020-01-27,2020-01-31,2020-02-03,window_end,177.05,160.0,4195.7,4278.0,-9.937499278904264,-2.153312715875789,-6.045405997390026,0.3074512698672691,0.1917806711633339,2020-02-27,True
STAR,WOCKPHARMA,WOCKPHARMA,STAR,2020-01-02,2020-01-03,2020-01-14,,no_fill,,,,,,,,,,,False
STAR,WOCKPHARMA,STAR,WOCKPHARMA,2020-01-16,2020-01-17,2020-01-31,,no_fill,,,,,,,,,,,False
COLPAL,EQUITAS,COLPAL,EQUITAS,2020-01-27,2020-01-28,2020-01-31,2020-02-03,window_end,1485.0,1314.5,111.9,102.4,-11.78608853111111,8.307323342269886,-1.7393825944206123,0.3046070496296297,0.18239962466487936,2020-02-27,True
AMARAJABAT,GAIL,AMARAJABAT,GAIL,2020-01-03,2020-01-06,2020-01-09,2020-01-10,reverted,720.0,743.5,123.95,125.3,2.936629617916666,-1.2801464703509482,0.828241573782859,0.32725927097222224,0.19099762000806775,2020-01-30,False
BHEL,ESCORTS,BHEL,ESCORTS,2020-01-17,2020-01-20,2020-01-31,2020-01-30,rollover,46.3,44.65,706.0,818.35,-3.8804854313174877,-16.11790177903684,-9.999193605177163,0.31677052850971926,0.20430404532577903,2020-01-30,False
PNB,SBIN,PNB,SBIN,2020-01-10,2020-01-13,2020-01-14,2020-01-15,reverted,62.75,62.85,334.35,330.2,-0.16312746709162917,1.0523084103484432,0.44459047162840704,0.3224900168924303,0.18890588604755496,2020-01-30,False
PNB,SBIN,SBIN,PNB,2020-01-17,2020-01-20,2020-01-22,2020-01-23,reverted,321.0,316.0,63.7,61.2,-1.877484723364486,3.7381495447409767,0.9303324106882453,0.3198523246105919,0.18649723704866564,2020-01-30,False
NCC,TECHM,NCC,TECHM,2020-01-31,2020-02-03,2020-02-28,2020-02-27,rollover,50.8,39.85,810.0,809.15,-21.8442497773622,-0.08498753580246998,-10.964618656582335,0.2891316671259843,0.1899258074074074,2020-02-27,False
RBLBANK,TATACHEM,RBLBANK,TATACHEM,2020-02-14,2020-02-17,2020-02-26,2020-02-27,reverted,316.0,314.85,769.4,745.6,-0.6856101810442947,2.9060760332726776,1.1102329261141914,0.32168613041139243,0.18724343644398234,2020-02-27,False
CANBK,TORNTPOWER,CANBK,TORNTPOWER,2020-02-05,2020-02-06,2020-02-28,2020-02-27,rollover,185.15,159.4,315.0,307.95,-14.208522370132325,2.050084152380953,-6.0792191088756855,0.3008799180664326,0.18801108571428568,2020-02-27,False
MCDOWELL-N,RAYMOND,RAYMOND,MCDOWELL-N,2020-02-03,2020-02-04,2020-02-28,2020-02-27,rollover,618.6,554.0,626.65,686.35,-10.749138151891366,-9.72542041809623,-10.237279284993797,0.3062024907209829,0.19857129976861088,2020-02-27,False
CANBK,LICHSGFIN,CANBK,LICHSGFIN,2020-02-06,2020-02-07,2020-02-26,2020-02-27,reverted,189.95,159.4,438.25,347.55,-16.380717585206618,20.52450648488306,2.0718944498382204,0.2975378010529087,0.17144331545921276,2020-02-27,False
BALRAMCHIN,M&M,BALRAMCHIN,M&M,2020-02-03,2020-02-04,2020-02-07,2020-02-10,reverted,158.65,169.0,562.1,567.25,6.191527293476194,-1.1070494680661747,2.5422389127050096,0.332267222754491,0.19084238747553817,2020-02-27,False
AMBUJACEM,LTI,AMBUJACEM,LTI,2020-02-03,2020-02-04,2020-02-06,,no_fill,,,,,,,,,,,False
AMBUJACEM,LTI,AMBUJACEM,LTI,2020-02-14,2020-02-17,2020-02-24,,no_fill,,,,,,,,,,,False
RAYMOND,STAR,RAYMOND,STAR,2020-01-31,2020-02-03,2020-02-28,,no_fill,,,,,,,,,,,False
LALPATHLAB,RAYMOND,RAYMOND,LALPATHLAB,2020-01-31,2020-02-03,2020-02-06,,no_fill,,,,,,,,,,,False
LALPATHLAB,RAYMOND,RAYMOND,LALPATHLAB,2020-02-28,2020-03-02,2020-02-28,,no_fill,,,,,,,,,,,False
DABUR,ITC,ITC,DABUR,2020-02-03,2020-02-04,2020-02-28,2020-02-27,rollover,210.8,198.4,500.75,506.35,-6.19556151764706,-1.3093463225162203,-3.7524539200816402,0.31320857647058825,0.19102380629056417,2020-02-27,False
GSKCONS,WIPRO,WIPRO,GSKCONS,2020-02-03,2020-02-04,2020-02-24,,no_fill,,,,,,,,,,,False
GSKCONS,WIPRO,WIPRO,GSKCONS,2020-02-27,2020-02-28,2020-02-28,,no_fill,,,,,,,,,,,False
BOMDYEING,LT,BOMDYEING,LT,2020-02-28,2020-03-02,2020-02-28,,no_fill,,,1204.7,,,,,,,2020-03-26,False
ENGINERSIN,OBEROIRLTY,ENGINERSIN,OBEROIRLTY,2020-01-31,2020-02-03,2020-02-28,,no_fill,,,,,,,,,,,False
HINDZINC,IDBI,HINDZINC,IDBI,2020-02-03,2020-02-04,2020-02-28,,no_fill,,,,,,,,,,,False
IPCALAB,UPL,UPL,IPCALAB,2020-02-20,2020-02-24,2020-02-28,,no_fill,,,,,,,,,,,False
CROMPTON,INDUSINDBK,INDUSINDBK,CROMPTON,2020-02-17,2020-02-18,2020-02-28,,no_fill,,,,,,,,,,,False
ICICIGI,IDBI,IDBI,ICICIGI,2020-02-28,2020-03-02,2020-02-28,,no_fill,,,,,,,,,,,False
AUROPHARMA,UPL,AUROPHARMA,UPL,2020-02-17,2020-02-18,2020-02-26,2020-02-27,reverted,490.0,512.25,591.9,560.0,4.211595406428565,5.204241436053383,4.707918421240974,0.3292209201020408,0.1851824531170806,2020-03-26,True
BANKINDIA,GSKCONS,BANKINDIA,GSKCONS,2020-02-03,2020-02-04,2020-02-28,,no_fill,,,,,,,,,,,False
AMARAJABAT,MARUTI,MARUTI,AMARAJABAT,2020-02-19,2020-02-20,2020-02-25,2020-02-26,reverted,6761.0,6350.0,785.0,714.65,-6.391888908238421,8.77980753630573,1.1939593140336546,0.31290650918503177,0.18197590318471335,2020-03-26,True
AMARAJABAT,MARUTI,AMARAJABAT,MARUTI,2020-02-28,2020-03-02,2020-02-28,,no_fill,,,6380.0,,,,,,,2020-03-26,False
ASTRAL,SUNTV,SUNTV,ASTRAL,2020-02-28,2020-03-02,2020-02-28,,no_fill,,,,,,,,,,,False
CESC,ICICIBANK,CESC,ICICIBANK,2020-02-18,2020-02-19,2020-02-28,2020-03-02,reverted,688.75,650.0,545.5,506.7,-5.93973648747731,6.929105000916588,0.4946842567196392,0.3136021862068966,0.18363560403299728,2020-03-26,True
IPCALAB,TVSMOTOR,TVSMOTOR,IPCALAB,2020-02-11,2020-02-12,2020-02-27,,no_fill,,,,,,,,,,,False
BHEL,PIDILITIND,BHEL,PIDILITIND,2020-01-31,2020-02-03,2020-02-28,2020-02-27,rollover,39.9,33.25,1485.0,1553.15,-16.9633081,-4.783364878114476,-10.873336489057237,0.2966414333333333,0.1941392888888889,2020-02-27,False
ASIANPAINT,L&TFH,L&TFH,ASIANPAINT,2020-02-03,2020-02-04,2020-02-12,2020-02-13,reverted,111.6,127.55,1872.2,1896.2,13.947913577150544,-1.4730849716910692,6.2374143027297375,0.3442011181899642,0.19117064629847239,2020-02-27,False
ASIANPAINT,L&TFH,L&TFH,ASIANPAINT,2020-02-28,2020-03-02,2020-02-28,,no_fill,,,1821.0,,,,,,,2020-03-26,False
SRF,UBL,UBL,SRF,2020-02-10,2020-02-11,2020-02-28,2020-02-27,rollover,1300.35,1238.0,4149.95,4144.1,-5.109742128434649,-0.04892791551706574,-2.5793350219758575,0.31487920691352334,0.18989346931890747,2020-02-27,False
INFRATEL,ULTRACEMCO,INFRATEL,ULTRACEMCO,2020-02-18,2020-02-19,2020-02-27,2020-02-28,reverted,215.0,217.0,4537.5,4280.0,0.6065583106976716,5.490004947658398,3.048281629178035,0.32367424744186046,0.1849261818181818,2020-03-26,True
MANAPPURAM,TCS,TCS,MANAPPURAM,2020-01-31,2020-02-03,2020-02-04,2020-02-05,reverted,2152.0,2115.0,185.1,175.0,-2.038934774256504,5.2713877579686645,1.6162264918560802,0.31960391923791825,0.18512223662884927,2020-02-27,False
BANKBARODA,NAUKRI,BANKBARODA,NAUKRI,2020-02-03,2020-02-04,2020-02-25,,no_fill,,,,,,,,,,,False
BALRAMCHIN,TORNTPHARM,BALRAMCHIN,TORNTPHARM,2020-02-19,2020-02-20,2020-02-28,2020-03-02,window_end,164.0,144.15,2240.55,2174.0,-12.407309781646337,2.7828989386534646,-4.8122054214964365,0.3036512450609756,0.1873539010510812,2020-03-26,True
TORNTPOWER,VEDL,VEDL,TORNTPOWER,2020-02-28,2020-03-02,2020-02-28,,no_fill,,,305.15,,,,,,,2020-03-26,False
CANBK,GMRINFRA,CANBK,GMRINFRA,2020-02-05,2020-02-06,2020-02-28,2020-02-27,rollover,185.15,159.4,23.2,22.8,-14.208522370132325,1.5356655172413716,-6.336428426445477,0.3008799180664326,0.18847241379310345,2020-02-27,False
BHARTIARTL,PVR,PVR,BHARTIARTL,2020-02-28,2020-03-02,2020-02-28,,no_fill,,,531.55,,,,,,,2020-03-26,False
HCLTECH,RELINFRA,RELINFRA,HCLTECH,2020-02-12,2020-02-13,2020-02-17,2020-02-18,reverted,19.3,21.7,611.95,616.0,12.093884632124352,-0.8524328245771646,5.620725903773594,0.3413485284974094,0.1906140485333769,2020-02-27,False
MGL,WIPRO,MGL,WIPRO,2020-02-19,2020-02-20,2020-02-28,2020-03-02,window_end,1148.0,1020.0,247.0,225.4,-11.454942331707315,8.562768728744938,-1.4460868014811883,0.30511654773519165,0.18217054251012146,2020-03-26,True
BOMDYEING,NAUKRI,BOMDYEING,NAUKRI,2020-02-03,2020-02-04,2020-02-28,,no_fill,,,,,,,,,,,False
CUB,INDHOTEL,CUB,INDHOTEL,2020-02-20,2020-02-24,2020-02-28,,no_fill,,,,,,,,,,,False
GSKCONS,TORNTPOWER,TORNTPOWER,GSKCONS,2020-02-03,2020-02-04,2020-02-17,,no_fill,,,,,,,,,,,False
BEL,HEXAWARE,BEL,HEXAWARE,2020-01-31,2020-02-03,2020-02-20,,no_fill,,,,,,,,,,,False
BEL,HEXAWARE,BEL,HEXAWARE,2020-02-28,2020-03-02,2020-02-28,,no_fill,,,,,,,,,,,False
ADANIPORTS,BAJAJ-AUTO,ADANIPORTS,BAJAJ-AUTO,2020-01-31,2020-02-03,2020-02-11,2020-02-12,reverted,364.0,376.95,3135.7,3148.05,3.229981688269218,-0.5842249736901033,1.3228783572895573,0.32771061942307694,0.19037352106387725,2020-02-27,False
FORTIS,TATAELXSI,TATAELXSI,FORTIS,2020-02-27,2020-02-28,2020-02-28,,no_fill,,,,,,,,,,,False
AUBANK,SCI,SCI,AUBANK,2020-02-27,2020-02-28,2020-02-28,,no_fill,,,,,,,,,,,False
IGL,RECLTD,RECLTD,IGL,2020-03-12,2020-03-13,2020-03-19,2020-03-20,reverted,85.6,89.75,371.2,327.0,4.518437816471968,11.727995603448274,8.123216709960122,0.32969302464953276,0.1793319827586207,2020-03-26,False
BHARTIARTL,NTPC,NTPC,BHARTIARTL,2020-03-17,2020-03-18,2020-03-30,2020-03-31,reverted,89.0,82.75,463.05,444.0,-7.333929006179776,3.9276993132491107,-1.7031148464653327,0.3114570960674158,0.18632724975704568,2020-04-30,True
GODREJCP,PFC,PFC,GODREJCP,2020-03-04,2020-03-05,2020-03-13,2020-03-16,reverted,114.0,96.45,638.0,532.0,-15.69333224710526,16.4393131661442,0.3729904595194693,0.29859540500000004,0.17510689655172415,2020-03-26,False
BEL,GRANULES,GRANULES,BEL,2020-03-18,2020-03-19,2020-03-25,2020-03-26,reverted,128.0,138.0,69.0,62.5,7.478253034375,9.238725507246373,8.358489270810686,0.33424696562500006,0.18156434782608694,2020-04-30,True
CANFINHOME,STAR,STAR,CANFINHOME,2020-03-02,2020-03-03,2020-03-04,,no_fill,,,,,,,,,,,False
CANFINHOME,STAR,CANFINHOME,STAR,2020-03-11,2020-03-12,2020-03-12,,no_fill,,,,,,,,,,,False
GRASIM,INFIBEAM,INFIBEAM,GRASIM,2020-03-13,2020-03-16,2020-03-31,2020-03-26,rollover,41.1,33.1,576.1,471.4,-19.757063185401456,18.000221055372332,-0.8784210650145621,0.29234299075425796,0.17370708210380142,2020-03-26,False
HINDZINC,NTPC,HINDZINC,NTPC,2020-03-13,2020-03-16,2020-03-31,2020-03-26,rollover,136.0,142.0,94.0,79.65,4.082742038235301,15.089640170212764,9.586191104224032,0.32902266764705884,0.1763172765957447,2020-03-26,False
CHOLAFIN,ITC,CHOLAFIN,ITC,2020-03-05,2020-03-06,2020-03-12,2020-03-13,reverted,275.0,230.0,184.35,148.05,-16.660743320000005,19.518459999999994,1.4288583399999943,0.2971069563636364,0.17234553295362087,2020-03-26,False
CHOLAFIN,ITC,CHOLAFIN,ITC,2020-03-17,2020-03-18,2020-03-31,2020-04-01,window_end,219.35,150.85,152.0,171.65,-31.502901009892863,-13.129255421052626,-22.316078215472743,0.2742709665830864,0.20162384210526316,2020-04-30,True
OBEROIRLTY,SHREECEM,SHREECEM,OBEROIRLTY,2020-03-19,2020-03-20,2020-03-26,,no_fill,,,,,,,,,,,False
OBEROIRLTY,SHREECEM,OBEROIRLTY,SHREECEM,2020-03-31,2020-04-01,2020-03-31,,no_fill,,,17425.05,,,,,,,2020-04-30,False
APOLLOTYRE,M&M,APOLLOTYRE,M&M,2020-03-09,2020-03-11,2020-03-19,2020-03-20,reverted,126.4,87.15,461.2,315.4,-31.326757169541132,31.451538993928885,0.0623909121938766,0.2745419796677215,0.1616440069384215,2020-03-26,False
NATIONALUM,TORNTPOWER,NATIONALUM,TORNTPOWER,2020-03-02,2020-03-03,2020-03-16,2020-03-17,reverted,32.8,30.1,315.0,284.9,-8.541306754268277,9.374112622222228,0.4164029339769755,0.309599437195122,0.1814429333333333,2020-03-26,False
BANKBARODA,MCDOWELL-N,MCDOWELL-N,BANKBARODA,2020-03-17,2020-03-18,2020-03-26,2020-03-27,reverted,525.0,504.0,64.3,58.1,-4.316100296000004,9.46093664074649,2.5724181723732436,0.316100296,0.1813650699844479,2020-04-30,True
DRREDDY,HDFCAMC,HDFCAMC,DRREDDY,2020-03-04,2020-03-05,2020-03-31,2020-03-26,rollover,3030.0,2089.0,3169.0,2948.4,-31.330641613663367,6.777414855159357,-12.276613379252005,0.27453600310231024,0.18377163900284,2020-03-26,False
HINDZINC,MUTHOOTFIN,MUTHOOTFIN,HINDZINC,2020-03-18,2020-03-19,2020-03-31,,no_fill,,,,,,,,,,,False
COLPAL,IDEA,COLPAL,IDEA,2020-03-13,2020-03-16,2020-03-19,2020-03-20,reverted,1199.6,1125.0,5.5,3.5,-6.531431390430134,36.20625636363636,14.837412486603114,0.31269181057019013,0.15738,2020-03-26,False
IBREALEST,IBULHSGFIN,IBULHSGFIN,IBREALEST,2020-03-09,2020-03-11,2020-03-31,,no_fill,,,,,,,,,,,False
BHEL,DLF,BHEL,DLF,2020-03-02,2020-03-03,2020-03-11,2020-03-12,reverted,30.0,26.0,204.3,170.0,-13.635095519999997,16.614085570239844,1.4894950251199237,0.3017621866666666,0.17495016152716591,2020-03-26,False
BHEL,DLF,DLF,BHEL,2020-03-18,2020-03-19,2020-03-23,2020-03-24,reverted,132.65,126.0,22.0,20.45,-5.327736415303434,6.861758545454543,0.7670110650755544,0.3145438031662269,0.18369599999999997,2020-04-30,True
PCJEWELLER,PNBHOUSING,PNBHOUSING,PCJEWELLER,2020-03-09,2020-03-11,2020-03-16,,no_fill,,,,,,,,,,,False
PCJEWELLER,PNBHOUSING,PNBHOUSING,PCJEWELLER,2020-03-27,2020-03-30,2020-03-31,,no_fill,,,,,,,,,,,False
CANBK,IPCALAB,CANBK,IPCALAB,2020-03-02,2020-03-03,2020-03-27,,no_fill,,,,,,,,,,,False
PAGEIND,SAIL,SAIL,PAGEIND,2020-02-28,2020-03-02,2020-03-20,2020-03-23,reverted,36.65,24.7,22312.15,16555.05,-32.87788530723056,25.63567395132249,-3.6211056779540325,0.27215543001364256,0.16685964584318408,2020-03-26,False
ASIANPAINT,ONGC,ONGC,ASIANPAINT,2020-03-02,2020-03-03,2020-03-20,2020-03-23,reverted,90.9,60.65,1787.0,1600.95,-33.54945000033004,10.230629047565753,-11.659410476382144,0.27112216754675467,0.180674813654169,2020-03-26,False
HINDALCO,INDHOTEL,HINDALCO,INDHOTEL,2020-02-28,2020-03-02,2020-03-04,,no_fill,,,,,,,,,,,False
EQUITAS,HAVELLS,EQUITAS,HAVELLS,2020-03-02,2020-03-03,2020-03-31,2020-03-26,rollover,107.4,38.55,632.8,493.2,-64.32990892430168,21.890464348925406,-21.219722287688136,0.22376367290502797,0.17021833122629584,2020-03-26,False
GSKCONS,NTPC,NTPC,GSKCONS,2020-03-12,2020-03-13,2020-03-31,,no_fill,,,,,,,,,,,False
HINDPETRO,ICICIGI,HINDPETRO,ICICIGI,2020-02-28,2020-03-02,2020-03-03,,no_fill,,,,,,,,,,,False
HINDPETRO,ICICIGI,ICICIGI,HINDPETRO,2020-03-16,2020-03-17,2020-03-25,2020-03-26,reverted,1075.0,1000.0,203.15,179.15,-7.28827153023256,11.63451477725818,2.1731216235128104,0.3115273441860465,0.17941581589958158,2020-04-30,True
GODREJPROP,PIIND,GODREJPROP,PIIND,2020-02-28,2020-03-02,2020-03-25,,no_fill,,,,,,,,,,,False
GODREJPROP,PIIND,GODREJPROP,PIIND,2020-03-31,2020-04-01,2020-03-31,,no_fill,,,,,,,,,,,False
EICHERMOT,MCX,MCX,EICHERMOT,2020-03-13,2020-03-16,2020-03-31,2020-03-26,rollover,1080.0,950.0,16825.1,14758.9,-12.340790627777775,12.101464871531213,-0.11966287812328069,0.3037535907407407,0.17899705737261595,2020-03-26,False
DISHTV,L&TFH,DISHTV,L&TFH,2020-03-03,2020-03-04,2020-03-16,2020-03-17,reverted,8.0,5.7,107.7,72.05,-29.028078702499997,32.94089870009285,1.9564099987964276,0.2780787025,0.16030835654596104,2020-03-26,False
DLF,TATAMOTORS,TATAMOTORS,DLF,2020-02-28,2020-03-02,2020-03-24,2020-03-25,reverted,133.0,67.75,199.75,117.75,-49.307028097368416,40.898141802252816,-4.2044431475578,0.24687772142857148,0.15317234042553193,2020-03-26,False
CADILAHC,GODREJPROP,GODREJPROP,CADILAHC,2020-02-28,2020-03-02,2020-03-30,2020-03-26,rollover,1029.5,645.0,259.55,256.85,-37.61309717697912,0.8511757310730015,-18.38096072295306,0.26486988217581353,0.1890862608360624,2020-03-26,False
INDIACEM,PEL,PEL,INDIACEM,2020-02-28,2020-03-02,2020-03-30,,no_fill,,,,,,,,,,,False
LT,RADICO,RADICO,LT,2020-03-11,2020-03-12,2020-03-13,2020-03-16,reverted,328.9,310.0,1071.0,1006.55,-6.059844874247486,5.83312195331466,-0.11336146046641282,0.3134173886895713,0.18461847619047617,2020-03-26,False
MGL,ONGC,ONGC,MGL,2020-03-09,2020-03-11,2020-03-19,2020-03-20,reverted,76.75,63.05,969.55,759.2,-18.144986182149843,21.525085993502135,1.6900499056761458,0.2948233157003257,0.17054600072198445,2020-03-26,False
PIIND,TATASTEEL,TATASTEEL,PIIND,2020-02-28,2020-03-02,2020-03-13,,no_fill,,,,,,,,,,,False
CASTROLIND,HCLTECH,HCLTECH,CASTROLIND,2020-03-19,2020-03-20,2020-03-20,,no_fill,,,,,,,,,,,False
CASTROLIND,HCLTECH,CASTROLIND,HCLTECH,2020-03-23,2020-03-24,2020-03-31,2020-04-01,window_end,95.95,100.0,420.6,430.6,3.8922188799374737,-2.569709966714221,0.6612544566116263,0.32872953069306926,0.19215409415121257,2020-04-30,True
ADANIENT,IDEA,ADANIENT,IDEA,2020-03-11,2020-03-12,2020-03-25,2020-03-26,reverted,180.1,135.0,4.55,3.4,-25.325419107495836,25.107391868131867,-0.10901361968198486,0.2837755761243754,0.1673334065934066,2020-03-26,False
COALINDIA,TATAMTRDVR,TATAMTRDVR,COALINDIA,2020-02-28,2020-03-02,2020-03-30,2020-03-26,rollover,57.0,30.3,168.0,123.25,-47.0923904031579,26.47079404761905,-10.310798177769424,0.25028513999999996,0.1661107142857143,2020-03-26,False
GSKCONS,STAR,STAR,GSKCONS,2020-03-02,2020-03-03,2020-03-31,,no_fill,,,,,,,,,,,False
CROMPTON,DIVISLAB,CROMPTON,DIVISLAB,2020-03-06,2020-03-09,2020-03-12,2020-03-13,reverted,266.2,224.0,2235.0,1825.3,-16.150634104132234,18.157530188814324,1.003448042341045,0.2978918051089407,0.17356600805369127,2020-03-26,False
CROMPTON,DIVISLAB,CROMPTON,DIVISLAB,2020-03-19,2020-03-20,2020-03-31,2020-04-01,window_end,211.1,210.1,1900.0,1992.3,-0.7952266182851747,-5.052275183157895,-2.9237509007215348,0.321517475698721,0.19438044631578946,2020-04-30,True
HDFC,PAGEIND,HDFC,PAGEIND,2020-03-06,2020-03-09,2020-03-20,2020-03-23,reverted,2067.3,1578.6,21699.65,16555.05,-23.925459361166748,23.53947698709427,-0.1929911870362382,0.2859295396604266,0.16873950487680678,2020-03-26,False
HINDPETRO,MCX,MCX,HINDPETRO,2020-03-17,2020-03-18,2020-03-31,2020-04-01,reverted,1075.0,1106.45,213.6,189.65,2.598841841144191,11.032591198501867,6.815716519823029,0.3267395542046512,0.17995561797752813,2020-04-30,True
PIDILITIND,RAJESHEXPO,RAJESHEXPO,PIDILITIND,2020-03-17,2020-03-18,2020-03-30,2020-03-31,reverted,602.5,543.6,1585.0,1309.15,-10.083160766572606,17.229387126813876,3.573113180120635,0.3072271566141079,0.1743983621451104,2020-04-30,True
DIVISLAB,HCLTECH,HCLTECH,DIVISLAB,2020-02-28,2020-03-02,2020-03-30,2020-03-26,rollover,541.05,461.1,2130.6,1883.25,-15.076367505018005,11.429806403829902,-1.8232805505940517,0.2995446605489327,0.17959939735285835,2020-03-26,False
JUSTDIAL,NTPC,JUSTDIAL,NTPC,2020-03-12,2020-03-13,2020-03-31,2020-03-26,rollover,337.15,272.9,89.15,79.65,-19.34976929298532,10.47574242288278,-4.437013435051271,0.2929696489099807,0.18045499719573752,2020-03-26,False
CROMPTON,LTTS,LTTS,CROMPTON,2020-03-16,2020-03-17,2020-03-20,,no_fill,,,,,,,,,,,False
CADILAHC,ESCORTS,ESCORTS,CADILAHC,2020-03-11,2020-03-12,2020-03-26,2020-03-26,rollover,690.25,647.0,249.55,256.85,-6.578465152988053,-3.1179111961530888,-4.848188174570571,0.31261944491126403,0.1926457182929273,2020-03-26,False
BALKRISIND,UNIONBANK,BALKRISIND,UNIONBANK,2020-03-19,2020-03-20,2020-03-26,,no_fill,,,,,,,,,,,False
IDFCFIRSTB,VOLTAS,VOLTAS,IDFCFIRSTB,2020-04-17,2020-04-20,2020-04-24,2020-04-27,reverted,522.6,490.2,26.95,22.5,-6.5124913304248,16.336860593692023,4.912184631633611,0.31272095154994267,0.17519877551020407,2020-04-30,False
ICICIPRULI,INDIACEM,INDIACEM,ICICIPRULI,2020-04-29,2020-04-30,2020-04-30,2020-05-04,window_end,101.2,101.1,407.95,394.9,-0.4209076282608801,3.0117727883319105,1.2954325800355153,0.3220933990118577,0.18714864811864199,2020-05-28,True
MANAPPURAM,PETRONET,PETRONET,MANAPPURAM,2020-04-28,2020-04-29,2020-04-30,2020-05-04,window_end,225.0,234.0,130.5,127.85,3.6716098960000036,1.8424540536398484,2.757031974819926,0.328390104,0.18819728735632185,2020-05-28,True
BANKBARODA,BANKINDIA,BANKBARODA,BANKINDIA,2020-04-03,2020-04-07,2020-04-30,,no_fill,,,,,,,,,,,False
GAIL,HINDZINC,HINDZINC,GAIL,2020-04-30,2020-05-04,2020-04-30,,no_fill,,,91.4,,,,,,,2020-05-28,False
CIPLA,DRREDDY,DRREDDY,CIPLA,2020-04-09,2020-04-13,2020-04-21,2020-04-22,reverted,3694.0,3989.95,599.4,589.05,7.677087607669191,1.5382566366366448,4.607672122152918,0.33455289043584185,0.1884700900900901,2020-04-30,False
APOLLOHOSP,SUNTV,SUNTV,APOLLOHOSP,2020-04-03,2020-04-07,2020-04-15,2020-04-16,reverted,282.0,345.45,1223.25,1351.15,22.143189714999984,-10.655158200694878,5.744015757152553,0.35681028500000006,0.19940508399754753,2020-04-30,False
BANDHANBNK,HDFCLIFE,HDFCLIFE,BANDHANBNK,2020-04-30,2020-05-04,2020-04-30,,no_fill,,,241.55,,,,,,,2020-05-28,False
BAJAJ-AUTO,LTTS,LTTS,BAJAJ-AUTO,2020-04-07,2020-04-08,2020-04-16,2020-04-17,reverted,1116.95,1242.0,2193.25,2401.9,10.856222496736635,-9.711838499487074,0.5721919986247803,0.3394442743811272,0.1985591195714123,2020-04-30,False
BHARTIARTL,CDSL,BHARTIARTL,CDSL,2020-04-01,2020-04-03,2020-04-08,,no_fill,,,,,,,,,,,False
IRB,PIIND,IRB,PIIND,2020-04-01,2020-04-03,2020-04-09,,no_fill,,,,,,,,,,,False
IRB,PIIND,PIIND,IRB,2020-04-17,2020-04-20,2020-04-24,,no_fill,,,,,,,,,,,False
PFC,STAR,PFC,STAR,2020-04-24,2020-04-27,2020-04-30,,no_fill,,,,,,,,,,,False
MCDOWELL-N,MOTHERSUMI,MCDOWELL-N,MOTHERSUMI,2020-04-16,2020-04-17,2020-04-22,2020-04-23,reverted,555.05,544.0,89.7,73.65,-2.3099985019907994,17.719017324414715,7.704509411211958,0.31918686339969377,0.17395926421404684,2020-04-30,False
BHARTIARTL,UBL,UBL,BHARTIARTL,2020-04-15,2020-04-16,2020-04-28,2020-04-29,reverted,912.5,943.0,501.6,489.5,3.01508577063013,2.2244259649122826,2.6197558677712065,0.3273799827945205,0.1878547368421052,2020-04-30,False
PCJEWELLER,PNBHOUSING,PNBHOUSING,PCJEWELLER,2020-03-31,2020-04-01,2020-04-30,,no_fill,,,,,,,,,,,False
STRTECH,UBL,UBL,STRTECH,2020-04-15,2020-04-16,2020-04-30,,no_fill,,,,,,,,,,,False
BHARTIARTL,TECHM,TECHM,BHARTIARTL,2020-04-13,2020-04-15,2020-04-28,2020-04-29,reverted,528.0,525.95,524.35,489.5,-0.709906324374991,6.462269760656056,2.8761817181405327,0.32164874861742426,0.18405425955945454,2020-04-30,False
IBREALEST,RAJESHEXPO,RAJESHEXPO,IBREALEST,2020-04-17,2020-04-20,2020-04-30,,no_fill,,,,,,,,,,,False
GLENMARK,GUJGASLTD,GUJGASLTD,GLENMARK,2020-04-09,2020-04-13,2020-04-30,2020-04-30,rollover,235.0,259.6,254.9,337.05,10.12975856187236,-32.447272977638285,-11.158757207882964,0.3383265445106383,0.21894814437034132,2020-04-30,False
BRITANNIA,RAJESHEXPO,RAJESHEXPO,BRITANNIA,2020-03-31,2020-04-01,2020-04-08,2020-04-09,reverted,568.2,623.65,2695.4,2827.7,9.421650658553304,-5.102788141277714,2.159431258637795,0.3372370570397747,0.19442574608592417,2020-04-30,False
BRITANNIA,RAJESHEXPO,RAJESHEXPO,BRITANNIA,2020-04-15,2020-04-16,2020-04-29,2020-04-30,reverted,563.6,615.0,2846.55,3156.5,8.783687728246974,-11.088413181921965,-1.1523627268374952,0.33625549389638043,0.19979362491437,2020-04-30,False
AMARAJABAT,RIIL,AMARAJABAT,RIIL,2020-04-17,2020-04-20,2020-04-30,,no_fill,,,,,,,,,,,False
CROMPTON,MUTHOOTFIN,CROMPTON,MUTHOOTFIN,2020-04-27,2020-04-28,2020-04-30,2020-05-04,window_end,219.7,219.9,819.7,825.2,-0.2313518204824654,-0.8615994558984952,-0.5464756381904803,0.3223850476103778,0.19062226912284985,2020-05-28,True
EICHERMOT,KAJARIACER,KAJARIACER,EICHERMOT,2020-04-28,2020-04-29,2020-04-30,2020-05-04,window_end,343.4,370.0,14381.05,14259.7,7.411923812347134,0.6545561871351396,4.033239999741137,0.3341449121723938,0.18926258826719886,2020-05-28,True
COLPAL,SIEMENS,SIEMENS,COLPAL,2020-04-03,2020-04-07,2020-04-30,2020-04-30,rollover,1092.0,1148.0,1283.1,1459.15,4.79808184615385,-13.923012165848355,-4.562465159847253,0.3301232820512821,0.20233567921440265,2020-04-30,False
SRF,STRTECH,SRF,STRTECH,2020-04-20,2020-04-21,2020-04-28,,no_fill,,,,,,,,,,,False
HAVELLS,SBIN,SBIN,HAVELLS,2020-04-08,2020-04-09,2020-04-17,2020-04-20,reverted,188.0,194.0,529.3,531.05,2.8643413127659567,-0.5209421235594099,1.1716995946032733,0.3271480489361702,0.19031676931796715,2020-04-30,False
M&MFIN,SUNTV,M&MFIN,SUNTV,2020-04-24,2020-04-27,2020-04-30,2020-05-04,reverted,142.95,156.0,384.05,376.0,8.792796598321097,1.9079426819424592,5.3503696401317775,0.33626950870933897,0.18813855747949484,2020-05-28,True
ASIANPAINT,WOCKPHARMA,ASIANPAINT,WOCKPHARMA,2020-04-13,2020-04-15,2020-04-30,,no_fill,,,,,,,,,,,False
RADICO,SAIL,RADICO,SAIL,2020-04-24,2020-04-27,2020-04-30,2020-05-04,window_end,286.45,310.0,26.15,28.6,7.886455054040859,-9.567454493307846,-0.8404997196334936,0.3348750210158841,0.19842963671128108,2020-05-28,True
BAJAJHLDNG,IPCALAB,IPCALAB,BAJAJHLDNG,2020-05-27,2020-05-28,2020-05-29,,no_fill,,,,,,,,,,,False
HDFC,UBL,UBL,HDFC,2020-04-30,2020-05-04,2020-05-04,2020-05-05,reverted,975.0,974.7,1852.55,1748.75,-0.35296716227691544,5.418096967423285,2.532564902573185,0.3221979315076923,0.1849906685379612,2020-05-28,False
LTI,MGL,MGL,LTI,2020-05-06,2020-05-07,2020-05-29,,no_fill,,,,,,,,,,,False
CANBK,GRASIM,CANBK,GRASIM,2020-05-19,2020-05-20,2020-05-29,2020-06-01,window_end,76.4,85.15,516.4,590.0,11.113040169764409,-14.455330487993807,-1.6711451591146993,0.3398394113874346,0.2028130596436871,2020-06-25,True
BERGEPAINT,PNB,BERGEPAINT,PNB,2020-05-13,2020-05-14,2020-05-18,2020-05-19,reverted,450.0,441.5,30.45,27.5,-2.208232328666662,9.50668909688013,3.649228384106734,0.31934343977777774,0.181324039408867,2020-05-28,False
BERGEPAINT,PNB,PNB,BERGEPAINT,2020-05-29,2020-06-01,2020-05-29,,no_fill,,,486.95,,,,,,,2020-06-25,False
JUBLFOOD,MFSL,MFSL,JUBLFOOD,2020-05-13,2020-05-14,2020-05-19,2020-05-20,reverted,452.1,424.4,1615.75,1474.95,-6.43979586131388,8.532021286090043,1.0461127123880813,0.31283280004423797,0.1821981166640879,2020-05-28,False
ESCORTS,HCLTECH,ESCORTS,HCLTECH,2020-04-30,2020-05-04,2020-05-07,2020-05-08,reverted,690.0,757.5,527.05,520.4,9.445335197826084,1.0728524105872268,5.259093804206656,0.33727349782608695,0.1888874622901053,2020-05-28,False
PNB,WIPRO,PNB,WIPRO,2020-05-19,2020-05-20,2020-05-29,2020-06-01,window_end,26.6,27.4,183.95,216.65,2.6806533684210523,-17.982545969013334,-7.650946300296141,0.32686542857142853,0.20597624898070133,2020-06-25,True
AMARAJABAT,CESC,CESC,AMARAJABAT,2020-05-15,2020-05-18,2020-05-29,2020-05-28,rollover,581.0,564.0,572.35,614.4,-3.243739891566265,-7.543517698960424,-5.393628795263345,0.3177502185886403,0.19661458023936404,2020-05-28,False
UBL,VOLTAS,VOLTAS,UBL,2020-05-04,2020-05-05,2020-05-11,2020-05-12,reverted,475.0,467.45,983.0,882.4,-1.9092770934105294,10.053143637843332,4.071933272216402,0.31980340920000006,0.18083398168870804,2020-05-28,False
COALINDIA,WOCKPHARMA,WOCKPHARMA,COALINDIA,2020-05-29,2020-06-01,2020-05-29,,no_fill,,,141.55,,,,,,,2020-06-25,False
DLF,UJJIVAN,UJJIVAN,DLF,2020-05-18,2020-05-19,2020-05-29,2020-06-01,window_end,157.0,175.2,134.5,152.0,11.252303008152863,-13.212851226765808,-0.9802741093064729,0.3400536797452229,0.20169881040892193,2020-06-25,True
ACC,BOMDYEING,BOMDYEING,ACC,2020-05-06,2020-05-07,2020-05-29,2020-05-28,rollover,46.9,45.25,1172.6,1272.2,-3.8349642343283525,-8.691589244414129,-6.263276739371241,0.3168405669509595,0.1976441651031895,2020-05-28,False
BERGEPAINT,WELCORP,WELCORP,BERGEPAINT,2020-05-21,2020-05-22,2020-05-28,2020-05-29,reverted,57.0,58.5,457.95,455.15,2.305291047368429,0.42194927175455865,1.3636201595614938,0.3262879,0.18947118899443172,2020-06-25,True
BALRAMCHIN,TATAPOWER,TATAPOWER,BALRAMCHIN,2020-05-11,2020-05-12,2020-05-29,,no_fill,,,,,,,,,,,False
BAJAJHLDNG,EICHERMOT,EICHERMOT,BAJAJHLDNG,2020-05-19,2020-05-20,2020-05-29,,no_fill,,,,,,,,,,,False
ACC,STAR,STAR,ACC,2020-05-28,2020-05-29,2020-05-29,2020-06-01,window_end,397.0,403.0,1263.15,1278.0,1.1867680604534034,-1.3667075952974688,-0.08996976742203266,0.324566952141058,0.19107524759529748,2020-06-25,False
FEDERALBNK,RECLTD,FEDERALBNK,RECLTD,2020-05-13,2020-05-14,2020-05-26,2020-05-27,reverted,43.45,38.9,100.6,84.65,-10.777964812658233,15.679082107355859,2.450558647348813,0.30615813831990796,0.1757886679920477,2020-05-28,False
BHARATFORG,INDIGO,INDIGO,BHARATFORG,2020-05-29,2020-06-01,2020-05-29,,no_fill,,,325.0,,,,,,,2020-06-25,False
ABCAPITAL,AMARAJABAT,ABCAPITAL,AMARAJABAT,2020-05-05,2020-05-06,2020-05-29,2020-05-28,rollover,44.65,44.7,569.3,614.4,-0.21043514692047677,-8.119140281046894,-4.164787713983685,0.322417229787234,0.19713079571403477,2020-05-28,False
DRREDDY,HDFCBANK,HDFCBANK,DRREDDY,2020-05-20,2020-05-21,2020-05-27,2020-05-28,reverted,861.45,920.0,3950.0,3875.0,6.46399357969702,1.7104184810126573,4.087206030354839,0.3326864365546463,0.18831569620253166,2020-06-25,True
LICHSGFIN,MGL,LICHSGFIN,MGL,2020-05-18,2020-05-19,2020-05-29,2020-06-01,window_end,226.0,243.0,882.1,970.05,7.188323011504425,-10.169494426935712,-1.4905857077156432,0.33380088230088495,0.1989695431356989,2020-06-25,True
DELTACORP,PAGEIND,DELTACORP,PAGEIND,2020-05-20,2020-05-21,2020-05-21,2020-05-22,reverted,68.0,74.4,18466.0,18399.8,9.075060908235304,0.168798483266546,4.621929695750925,0.3367037976470588,0.1896982133651034,2020-06-25,True
DELTACORP,PAGEIND,PAGEIND,DELTACORP,2020-05-27,2020-05-28,2020-05-29,,no_fill,,,,,,,,,,,False
NATIONALUM,SHREECEM,NATIONALUM,SHREECEM,2020-05-12,2020-05-13,2020-05-29,2020-05-28,rollover,28.6,29.1,19568.9,20807.65,1.4233208384615403,-6.525899390256983,-2.5512892758977213,0.3249309097902098,0.1957019851907874,2020-05-28,False
INDIACEM,STAR,INDIACEM,STAR,2020-04-30,2020-05-04,2020-05-13,,no_fill,,,,,,,,,,,False
INDIACEM,STAR,STAR,INDIACEM,2020-05-22,2020-05-26,2020-05-29,,no_fill,,,,,,,,,,,False
ADANIPORTS,CUMMINSIND,CUMMINSIND,ADANIPORTS,2020-05-13,2020-05-14,2020-05-29,2020-05-28,rollover,359.65,348.5,303.75,331.8,-3.4177188772139484,-9.432876849382728,-6.425297863298338,0.3174825363269846,0.19830894814814817,2020-05-28,False
CESC,HINDZINC,CESC,HINDZINC,2020-05-15,2020-05-18,2020-05-20,,no_fill,,,,,,,,,,,False
HCLTECH,MCX,MCX,HCLTECH,2020-04-30,2020-05-04,2020-05-07,2020-05-08,reverted,1030.0,1120.0,527.05,520.4,8.402195543689317,1.0728524105872268,4.737523977138272,0.33566853398058255,0.1888874622901053,2020-05-28,False
HCLTECH,MCX,HCLTECH,MCX,2020-05-27,2020-05-28,2020-05-29,,no_fill,,,,,,,,,,,False
TRENT,WIPRO,WIPRO,TRENT,2020-06-03,2020-06-04,2020-06-11,,no_fill,,,,,,,,,,,False
TRENT,WIPRO,WIPRO,TRENT,2020-06-23,2020-06-24,2020-06-30,,no_fill,,,,,,,,,,,False
HINDUNILVR,VBL,HINDUNILVR,VBL,2020-06-17,2020-06-18,2020-06-26,,no_fill,,,,,,,,,,,False
AJANTPHARM,AUBANK,AJANTPHARM,AUBANK,2020-06-04,2020-06-05,2020-06-30,,no_fill,,,,,,,,,,,False
INFY,PIIND,PIIND,INFY,2020-06-26,2020-06-29,2020-06-30,2020-07-01,window_end,1555.0,1515.0,734.95,734.9,-2.8906407601286137,-0.18321070957207075,-1.5369257348503422,0.31829349324758843,0.19001389346214026,2020-07-30,False
INDIGO,ONGC,INDIGO,ONGC,2020-06-01,2020-06-02,2020-06-08,2020-06-09,reverted,952.0,1121.0,83.75,91.65,17.40258440147059,-9.631322734328371,3.88563083357111,0.34951643886554623,0.19848691343283587,2020-06-25,False
BEML,IDFCFIRSTB,BEML,IDFCFIRSTB,2020-06-01,2020-06-02,2020-06-19,2020-06-22,reverted,600.0,647.0,23.8,25.95,7.4990543630000035,-9.231742016806711,-0.8663438269033539,0.3342789703333333,0.19812857142857143,2020-06-25,False
ONGC,ULTRACEMCO,ULTRACEMCO,ONGC,2020-06-08,2020-06-09,2020-06-12,2020-06-15,reverted,3805.0,3726.45,91.65,83.45,-2.3834627938948776,8.765092187670485,3.1908146968878035,0.3190738320026281,0.1819890998363339,2020-06-25,False
CENTURYTEX,WELCORP,CENTURYTEX,WELCORP,2020-06-08,2020-06-09,2020-06-22,,no_fill,,,,,,,,,,,False
ACC,BATAINDIA,BATAINDIA,ACC,2020-06-30,2020-07-01,2020-06-30,,no_fill,,,1333.85,,,,,,,2020-07-30,False
VOLTAS,WELCORP,VOLTAS,WELCORP,2020-06-08,2020-06-09,2020-06-30,,no_fill,,,,,,,,,,,False
ABCAPITAL,IBREALEST,IBREALEST,ABCAPITAL,2020-06-29,2020-06-30,2020-06-30,,no_fill,,,,,,,,,,,False
COALINDIA,PNB,PNB,COALINDIA,2020-05-29,2020-06-01,2020-06-03,2020-06-04,reverted,27.4,29.95,141.55,140.95,8.970027149270086,0.23423896149771856,4.602133055383902,0.3365421937956205,0.18963952666902156,2020-06-25,False
COALINDIA,PNB,COALINDIA,PNB,2020-06-15,2020-06-16,2020-06-30,2020-07-01,window_end,134.5,132.85,34.55,34.8,-1.5471264097397843,-0.914258494934877,-1.2306924523373306,0.32036061048327136,0.190669493487699,2020-07-30,True
STAR,SUNPHARMA,STAR,SUNPHARMA,2020-05-29,2020-06-01,2020-06-26,2020-06-25,rollover,403.0,423.0,477.35,487.65,4.632910005955337,-2.3497026814706055,1.141603662242366,0.3298691503722084,0.19195679270975177,2020-06-25,False
ADANIPOWER,PEL,ADANIPOWER,PEL,2020-06-22,2020-06-23,2020-06-30,2020-07-01,window_end,38.0,35.8,1196.45,1339.2,-6.102824944210533,-12.131858973630328,-9.11734195892043,0.31335125999999996,0.20072938192151782,2020-07-30,True
CROMPTON,INDUSINDBK,CROMPTON,INDUSINDBK,2020-06-11,2020-06-12,2020-06-24,2020-06-25,reverted,218.5,227.9,488.3,477.95,3.973205360915327,1.9314811591234897,2.9523432600194086,0.3288541356521739,0.18811744828998564,2020-06-25,False
SHREECEM,ULTRACEMCO,ULTRACEMCO,SHREECEM,2020-06-12,2020-06-15,2020-06-18,2020-06-19,reverted,3726.45,3859.25,22241.6,21825.65,3.2359935845590453,1.6818028756923868,2.4588982301257163,0.32771986926431323,0.18834135853535716,2020-06-25,False
ABFRL,BOSCHLTD,BOSCHLTD,ABFRL,2020-05-29,2020-06-01,2020-06-04,,no_fill,,,,,,,,,,,False
ABFRL,BOSCHLTD,BOSCHLTD,ABFRL,2020-06-15,2020-06-16,2020-06-19,,no_fill,,,,,,,,,,,False
MARICO,NBCC,MARICO,NBCC,2020-06-05,2020-06-08,2020-06-25,,no_fill,,,,,,,,,,,False
GAIL,HCLTECH,HCLTECH,GAIL,2020-06-08,2020-06-09,2020-06-10,2020-06-11,reverted,574.15,580.0,104.7,98.05,0.6950870438212992,6.16716150907355,3.4311242764474246,0.3238104568318384,0.1843189111747851,2020-06-25,False
GAIL,HCLTECH,HCLTECH,GAIL,2020-06-24,2020-06-25,2020-06-30,2020-07-01,window_end,557.6,557.95,102.85,101.1,-0.25957261734217124,1.5130143218279095,0.6267208522428691,0.3223416273852224,0.18849272727272728,2020-07-30,True
INDIGO,MFSL,MFSL,INDIGO,2020-06-04,2020-06-05,2020-06-10,2020-06-11,reverted,466.2,484.95,1111.8,1023.5,3.6934553067567615,7.759184720273426,5.726320013515094,0.32842371512226515,0.18289119266055046,2020-06-25,False
BAJAJFINSV,PIDILITIND,PIDILITIND,BAJAJFINSV,2020-06-19,2020-06-22,2020-06-30,2020-07-01,window_end,1400.0,1383.25,5998.2,5810.0,-1.5168357867500046,2.9504042659464482,0.7167842395982218,0.3204072153214286,0.18720368310493152,2020-07-30,True
BEL,ITC,ITC,BEL,2020-06-18,2020-06-19,2020-06-30,2020-07-01,window_end,187.1,194.65,78.0,88.4,3.706830959112789,-13.53532133333333,-4.914245187110271,0.3284442947621593,0.201988,2020-07-30,True
BALRAMCHIN,CANBK,CANBK,BALRAMCHIN,2020-06-11,2020-06-12,2020-06-19,,no_fill,,,,,,,,,,,False
EXIDEIND,IBULHSGFIN,EXIDEIND,IBULHSGFIN,2020-06-08,2020-06-09,2020-06-30,2020-06-25,rollover,159.85,149.0,152.8,227.3,-7.099431279386924,-48.99032837696334,-28.044879828175134,0.3118178918360963,0.2337838743455497,2020-06-25,False
CUB,RADICO,CUB,RADICO,2020-06-16,2020-06-17,2020-06-30,,no_fill,,,,,,,,,,,False
ABBOTINDIA,GRANULES,ABBOTINDIA,GRANULES,2020-06-10,2020-06-11,2020-06-25,,no_fill,,,,,,,,,,,False
HAVELLS,PNB,PNB,HAVELLS,2020-05-29,2020-06-01,2020-06-09,2020-06-10,reverted,27.4,32.0,501.45,544.2,16.440285312408772,-8.722948985940778,3.8586681632339968,0.3480358554744526,0.19767228836374515,2020-06-25,False
BAJAJ-AUTO,IBREALEST,BAJAJ-AUTO,IBREALEST,2020-06-09,2020-06-10,2020-06-16,,no_fill,,,,,,,,,,,False
ESCORTS,IRB,ESCORTS,IRB,2020-06-22,2020-06-23,2020-06-30,,no_fill,,,,,,,,,,,False
HEROMOTOCO,STAR,STAR,HEROMOTOCO,2020-05-29,2020-06-01,2020-06-10,2020-06-11,reverted,403.0,411.9,2351.05,2315.0,1.8827988666501105,1.3447137776738176,1.6137563221619642,0.3256378579156327,0.1886436583654112,2020-06-25,False
ADANIGREEN,HDFC,HDFC,ADANIGREEN,2020-06-08,2020-06-09,2020-06-30,,no_fill,,,,,,,,,,,False
DIXON,NMDC,NMDC,DIXON,2020-06-03,2020-06-04,2020-06-30,,no_fill,,,,,,,,,,,False
INDUSINDBK,NAVINFLUOR,NAVINFLUOR,INDUSINDBK,2020-06-11,2020-06-12,2020-06-22,2020-06-23,reverted,1470.0,1641.2,488.3,499.5,11.306122018285727,-2.485750722916247,4.41018564768474,0.34013648511564626,0.19207879991808316,2020-06-25,False
ABBOTINDIA,HEROMOTOCO,ABBOTINDIA,HEROMOTOCO,2020-06-24,2020-06-25,2020-06-30,2020-07-01,window_end,15687.0,15799.85,2455.75,2528.05,0.39603513974565646,-3.1367733942787392,-1.3703691272665415,0.3233503386759738,0.19266263381858903,2020-07-30,True
BHARATFORG,STRTECH,BHARATFORG,STRTECH,2020-06-25,2020-06-26,2020-06-30,,no_fill,,,,,,,,,,,False
AUBANK,EXIDEIND,EXIDEIND,AUBANK,2020-06-08,2020-06-09,2020-06-30,,no_fill,,,,,,,,,,,False
DEEPAKNTR,PNBHOUSING,DEEPAKNTR,PNBHOUSING,2020-06-02,2020-06-03,2020-06-29,,no_fill,,,,,,,,,,,False
CANBK,IRB,IRB,CANBK,2020-06-01,2020-06-02,2020-06-15,2020-06-16,reverted,63.3,70.5,92.95,105.8,11.03468872227489,-14.027065895642814,-1.496188586683962,0.3397188606635071,0.20242899408284026,2020-06-25,False
CANBK,IRB,CANBK,IRB,2020-06-23,2020-06-24,2020-06-30,,no_fill,,,,,,,,,,,False
BAJAJHLDNG,IPCALAB,BAJAJHLDNG,IPCALAB,2020-07-16,2020-07-17,2020-07-27,,no_fill,,,,,,,,,,,False
BAJAJ-AUTO,LUPIN,LUPIN,BAJAJ-AUTO,2020-07-02,2020-07-03,2020-07-30,2020-07-30,rollover,898.8,864.3,2890.25,3048.95,-4.1547997397196275,-5.6858231007698325,-4.92031142024473,0.3163484713618158,0.19494860894386298,2020-07-30,False
KOTAKBANK,TATASTEEL,KOTAKBANK,TATASTEEL,2020-07-13,2020-07-14,2020-07-23,2020-07-24,reverted,1328.8,1360.0,339.45,347.55,2.022130909933785,-2.578374856385328,-0.2781219732257716,0.3258522327513546,0.1921618647812638,2020-07-30,False
DELTACORP,GRASIM,GRASIM,DELTACORP,2020-07-15,2020-07-16,2020-07-20,,no_fill,,,,,,,,,,,False
DELTACORP,GRASIM,DELTACORP,GRASIM,2020-07-31,2020-08-03,2020-07-31,,no_fill,,,629.0,,,,,,,2020-08-27,False
PNBHOUSING,YESBANK,YESBANK,PNBHOUSING,2020-07-13,2020-07-14,2020-07-31,,no_fill,,,,,,,,,,,False
BAJAJHLDNG,EQUITAS,EQUITAS,BAJAJHLDNG,2020-07-29,2020-07-30,2020-07-31,,no_fill,,,,,,,,,,,False
DIVISLAB,SHREECEM,DIVISLAB,SHREECEM,2020-06-30,2020-07-01,2020-07-13,2020-07-14,reverted,2284.0,2243.5,22800.1,22472.85,-2.0927260602014037,1.2465690482936465,-0.42307850595387864,0.31952115652364277,0.18873167407160496,2020-07-30,False
DIVISLAB,SHREECEM,SHREECEM,DIVISLAB,2020-07-23,2020-07-24,2020-07-31,2020-08-03,window_end,21547.1,21670.05,2382.85,2619.95,0.24748864359519684,-10.149220997125283,-4.950866176765043,0.3231217865787044,0.19895136202446648,2020-08-27,True
EICHERMOT,ESCORTS,EICHERMOT,ESCORTS,2020-07-15,2020-07-16,2020-07-31,2020-07-30,rollover,18600.0,21450.0,1105.0,1130.05,14.976796498387106,-2.4590231565610825,6.258886670913012,0.34578414677419356,0.1920548307692308,2020-07-30,False
EXIDEIND,HAVELLS,HAVELLS,EXIDEIND,2020-07-21,2020-07-22,2020-07-23,2020-07-24,reverted,581.0,604.0,161.35,160.3,3.6303652650602363,0.4613233405639797,2.045844302812108,0.3283266454388985,0.18943587852494578,2020-08-27,True
GAIL,NESTLEIND,GAIL,NESTLEIND,2020-07-15,2020-07-16,2020-07-21,2020-07-22,reverted,97.5,104.3,16920.25,17442.15,6.641399582769219,-3.27725841219841,1.6820705852854048,0.3329593915897436,0.1927886200854006,2020-07-30,False
NIITTECH,WOCKPHARMA,WOCKPHARMA,NIITTECH,2020-07-08,2020-07-09,2020-07-23,2020-07-24,reverted,266.0,269.8,1550.0,1618.65,1.1041316199999949,-4.623027757419363,-1.759448068709684,0.3244398085714286,0.1939954993548387,2020-07-30,False
AXISBANK,NTPC,NTPC,AXISBANK,2020-07-01,2020-07-02,2020-07-27,2020-07-28,reverted,94.5,87.9,439.95,434.15,-7.295642986666664,1.1294949630639866,-3.0830740118013384,0.31151600253968253,0.1888366655301739,2020-07-30,False
CROMPTON,DRREDDY,DRREDDY,CROMPTON,2020-06-30,2020-07-01,2020-07-14,,no_fill,,,,,,,,,,,False
CROMPTON,DRREDDY,CROMPTON,DRREDDY,2020-07-29,2020-07-30,2020-07-31,2020-08-03,window_end,251.95,244.1,4385.0,4535.0,-3.4331563434411545,-3.6138430330672726,-3.523499688254214,0.317458784401667,0.19309046750285058,2020-08-27,True
ASIANPAINT,TORNTPHARM,TORNTPHARM,ASIANPAINT,2020-07-27,2020-07-28,2020-07-29,2020-07-30,reverted,2298.9,2405.9,1780.0,1756.95,4.325004520214006,1.106086161797748,2.715545341005877,0.3293954101874809,0.18885765842696628,2020-08-27,True
ASIANPAINT,TORNTPHARM,ASIANPAINT,TORNTPHARM,2020-07-31,2020-08-03,2020-07-31,,no_fill,,,2692.85,,,,,,,2020-08-27,False
GODREJPROP,IDEA,IDEA,GODREJPROP,2020-07-16,2020-07-17,2020-07-31,2020-07-30,rollover,7.6,8.25,888.15,870.35,8.217247603947367,1.8159449023250553,5.016596253136211,0.335383975,0.18822106063165006,2020-07-30,False
BAJAJFINSV,GRASIM,BAJAJFINSV,GRASIM,2020-07-31,2020-08-03,2020-07-31,,no_fill,,,629.0,,,,,,,2020-08-27,False
RAMCOCEM,TECHM,RAMCOCEM,TECHM,2020-07-15,2020-07-16,2020-07-22,2020-07-23,reverted,655.0,687.0,623.75,612.4,4.555745756946564,1.6312525867735497,3.093499171860057,0.329750426259542,0.18838669178356715,2020-07-30,False
RAMCOCEM,TECHM,RAMCOCEM,TECHM,2020-07-27,2020-07-28,2020-07-31,2020-08-03,window_end,686.2,696.2,670.0,684.55,1.1328171345963358,-2.363611056716407,-0.6153969610600355,0.32448394380647044,0.19196926567164177,2020-08-27,True
INFY,IOC,IOC,INFY,2020-06-30,2020-07-01,2020-07-28,2020-07-29,time,85.65,92.3,734.9,953.25,7.429983751663733,-29.928214442781336,-11.2491153455588,0.334172699007589,0.21668906517893594,2020-07-30,False
ICICIBANK,NBCC,ICICIBANK,NBCC,2020-07-07,2020-07-08,2020-07-14,,no_fill,,,,,,,,,,,False
ICICIBANK,NBCC,NBCC,ICICIBANK,2020-07-23,2020-07-24,2020-07-28,2020-07-29,reverted,24.8,24.3,390.35,354.0,-2.335277002419353,9.130494348661465,3.3976086731210557,0.3191479701612904,0.18166140899193034,2020-08-27,True
IBULHSGFIN,MPHASIS,IBULHSGFIN,MPHASIS,2020-07-16,2020-07-17,2020-07-31,,no_fill,,,,,,,,,,,False
IGL,PNBHOUSING,IGL,PNBHOUSING,2020-07-24,2020-07-27,2020-07-31,,no_fill,,,,,,,,,,,False
NIITTECH,PFIZER,PFIZER,NIITTECH,2020-07-07,2020-07-08,2020-07-23,2020-07-24,reverted,4110.0,4270.0,1513.95,1618.65,3.5647183970802874,-7.1119116556029,-1.7735966292613063,0.32822564184914843,0.1962275180818389,2020-07-30,False
NIITTECH,PFIZER,PFIZER,NIITTECH,2020-07-30,2020-07-31,2020-07-31,2020-08-03,window_end,4230.0,4295.0,1925.45,1918.25,1.2120371950354687,0.18425420706848036,0.6981457010519745,0.32460583096926715,0.18968435274870812,2020-08-27,False
ADANIGREEN,LALPATHLAB,ADANIGREEN,LALPATHLAB,2020-07-14,2020-07-15,2020-07-30,,no_fill,,,,,,,,,,,False
RAMCOCEM,ULTRACEMCO,ULTRACEMCO,RAMCOCEM,2020-07-07,2020-07-08,2020-07-28,2020-07-29,reverted,3884.95,4169.9,655.95,719.85,7.0012017530187025,-9.94036021495541,-1.4695792309683537,0.3335129794746393,0.19876405671163958,2020-07-30,False
DRREDDY,HDFCLIFE,DRREDDY,HDFCLIFE,2020-06-30,2020-07-01,2020-07-16,2020-07-17,reverted,3965.2,4141.0,554.95,601.9,4.104515908372844,-8.657835536534819,-2.2766598140809875,0.3290561686976697,0.19761389494549056,2020-07-30,False
DRREDDY,HDFCLIFE,HDFCLIFE,DRREDDY,2020-07-30,2020-07-31,2020-07-31,2020-08-03,window_end,628.7,624.0,4487.2,4535.0,-1.0686711166216059,-1.2562284435728412,-1.1624497800972236,0.3210967568315572,0.1909761704403637,2020-08-27,False
BOSCHLTD,BRITANNIA,BRITANNIA,BOSCHLTD,2020-07-07,2020-07-08,2020-07-16,2020-07-17,reverted,3675.55,3900.0,13442.7,13025.0,5.774942814699843,2.9200317568643284,4.347487285782085,0.33162627019901786,0.18723092102033073,2020-07-30,False
MPHASIS,ULTRACEMCO,ULTRACEMCO,MPHASIS,2020-07-08,2020-07-09,2020-07-31,,no_fill,,,,,,,,,,,False
RAYMOND,WIPRO,RAYMOND,WIPRO,2020-07-03,2020-07-06,2020-07-31,2020-07-30,rollover,274.0,243.0,226.25,284.1,-11.618733154014603,-25.782031562430944,-18.700382358222775,0.3048645408759124,0.21297078895027627,2020-07-30,False
PNB,YESBANK,YESBANK,PNB,2020-07-13,2020-07-14,2020-07-31,2020-07-30,rollover,21.8,11.95,33.7,31.75,-45.43631939220184,5.6015239762611335,-19.917397707970352,0.25283315366972475,0.1848261721068249,2020-07-30,False
CONCOR,NATIONALUM,CONCOR,NATIONALUM,2020-07-08,2020-07-09,2020-07-15,2020-07-16,reverted,438.8,430.95,36.05,33.7,-2.108466855856887,6.3345552011095565,2.113044172626335,0.319496937898815,0.18416879334257977,2020-07-30,False
BOSCHLTD,CROMPTON,CROMPTON,BOSCHLTD,2020-07-07,2020-07-08,2020-07-20,2020-07-21,reverted,242.45,254.0,13442.7,13399.0,4.434305259764907,0.13535529752208514,2.2848302786434957,0.3295635791709631,0.189728205048093,2020-07-30,False
HINDUNILVR,IDFCFIRSTB,IDFCFIRSTB,HINDUNILVR,2020-07-15,2020-07-16,2020-07-22,2020-07-23,reverted,25.25,27.15,2270.0,2248.7,7.190947554851469,0.7491482325991287,3.9700478937252988,0.3338049203960396,0.18917775859030836,2020-07-30,False
EQUITAS,UBL,UBL,EQUITAS,2020-07-07,2020-07-08,2020-07-27,2020-07-28,reverted,1048.15,982.25,57.85,52.2,-6.599854579058354,9.585384390665512,1.492764905803579,0.312586535362305,0.18125346585998273,2020-07-30,False
EICHERMOT,TATACHEM,TATACHEM,EICHERMOT,2020-07-07,2020-07-08,2020-07-31,2020-07-30,rollover,319.95,315.0,19950.0,21200.5,-1.8669852160337512,-6.463816735839592,-4.165400975936672,0.3198684790436006,0.19564630977443606,2020-07-30,False
APLLTD,MARUTI,MARUTI,APLLTD,2020-07-20,2020-07-21,2020-07-23,,no_fill,,,,,,,,,,,False
APOLLOHOSP,CONCOR,CONCOR,APOLLOHOSP,2020-07-28,2020-07-29,2020-07-31,2020-08-03,window_end,455.85,448.2,1584.0,1647.0,-1.9978507437315034,-4.17086272727273,-3.0843567355021166,0.3196671307008884,0.19358999999999998,2020-08-27,True
AUROPHARMA,FORTIS,AUROPHARMA,FORTIS,2020-07-02,2020-07-03,2020-07-14,,no_fill,,,,,,,,,,,False
AUROPHARMA,FORTIS,AUROPHARMA,FORTIS,2020-07-21,2020-07-22,2020-07-31,,no_fill,,,,,,,,,,,False
FEDERALBNK,OIL,OIL,FEDERALBNK,2020-07-22,2020-07-23,2020-07-30,2020-07-31,reverted,95.05,97.0,57.25,54.35,1.7261549675960002,4.880028978165937,3.3030919728809685,0.3253968472382957,0.1854732052401747,2020-08-27,True
HDFCAMC,PFC,HDFCAMC,PFC,2020-07-29,2020-07-30,2020-07-31,2020-08-03,reverted,2405.0,2420.0,84.6,81.2,0.30049727858628417,3.8324999054373468,2.0664985920118153,0.3232033451143451,0.18641262411347517,2020-08-27,True
JUBLFOOD,SUNPHARMA,JUBLFOOD,SUNPHARMA,2020-07-10,2020-07-13,2020-07-15,2020-07-16,reverted,1638.0,1720.75,495.35,495.9,4.721886503205132,-0.3011522660744786,2.2103671185653266,0.33000604868742367,0.19011966286464116,2020-07-30,False
ICICIPRULI,TATAPOWER,ICICIPRULI,TATAPOWER,2020-08-13,2020-08-14,2020-08-31,2020-08-27,rollover,468.8,451.0,56.85,61.6,-4.11334058762799,-8.552840756376426,-6.333090672002208,0.3164122599829351,0.19751973614775725,2020-08-27,False
M&MFIN,MARICO,MARICO,M&MFIN,2020-08-26,2020-08-27,2020-08-31,2020-09-01,reverted,371.4,368.9,145.0,136.5,-0.9943398243941812,5.67731075862069,2.3414854671132543,0.3212111221863221,0.18475820689655173,2020-09-24,True
IBULHSGFIN,NESTLEIND,IBULHSGFIN,NESTLEIND,2020-07-31,2020-08-03,2020-08-10,2020-08-11,reverted,188.0,207.05,16624.75,16764.3,9.795166978031922,-1.0301845743845774,4.382491201823672,0.33781174537234043,0.19077345542038227,2020-08-27,False
CUMMINSIND,WIPRO,WIPRO,CUMMINSIND,2020-08-13,2020-08-14,2020-08-31,2020-08-27,rollover,278.5,273.0,433.45,470.45,-2.294076710592465,-8.733845400853626,-5.513961055723046,0.3192113605026931,0.19768206021455761,2020-08-27,False
NESTLEIND,RADICO,NESTLEIND,RADICO,2020-08-13,2020-08-14,2020-08-31,,no_fill,,,,,,,,,,,False
DELTACORP,PIIND,PIIND,DELTACORP,2020-08-12,2020-08-13,2020-08-24,,no_fill,,,,,,,,,,,False
CUB,METROPOLIS,METROPOLIS,CUB,2020-08-28,2020-08-31,2020-08-31,,no_fill,,,,,,,,,,,False
LT,SHREECEM,SHREECEM,LT,2020-08-11,2020-08-12,2020-08-21,2020-08-24,reverted,21566.0,22317.75,953.75,996.3,3.158210805306958,-4.655361324246383,-0.7485752594697124,0.3276001934874339,0.1940244959370904,2020-08-27,False
FORTIS,PIDILITIND,FORTIS,PIDILITIND,2020-08-25,2020-08-26,2020-08-31,2020-09-01,window_end,136.4,133.9,1476.25,1432.3,-2.152274111290321,2.78979029771381,0.3187580932117444,0.319429536510264,0.18734772091447924,2020-09-24,True
CANBK,RAYMOND,RAYMOND,CANBK,2020-07-31,2020-08-03,2020-08-28,2020-08-27,rollover,240.0,302.0,101.8,105.55,25.471402294999994,-3.877020000000005,10.797191147499994,0.3619310383333333,0.1933264833005894,2020-08-27,False
OBEROIRLTY,TATAELXSI,OBEROIRLTY,TATAELXSI,2020-08-03,2020-08-04,2020-08-21,,no_fill,,,,,,,,,,,False
OBEROIRLTY,TATAELXSI,OBEROIRLTY,TATAELXSI,2020-08-26,2020-08-27,2020-08-31,,no_fill,,,,,,,,,,,False
AXISBANK,OIL,OIL,AXISBANK,2020-08-28,2020-08-31,2020-08-31,2020-09-01,window_end,97.0,95.3,522.55,496.6,-2.0721301647422727,4.780469468950327,1.354169652104027,0.3195528451546392,0.18556248971390302,2020-09-24,False
AMARAJABAT,LUPIN,AMARAJABAT,LUPIN,2020-07-31,2020-08-03,2020-08-12,2020-08-13,reverted,713.0,743.45,921.3,941.0,3.9418812962552714,-2.3302221838706245,0.8058295561923234,0.3288059407713886,0.19193932269619018,2020-08-27,False
AMARAJABAT,LUPIN,AMARAJABAT,LUPIN,2020-08-14,2020-08-17,2020-08-18,2020-08-19,reverted,749.0,769.95,1029.9,988.0,2.4705206298130844,3.881987907563853,3.176254268688469,0.3265421205206943,0.18636824351878822,2020-08-27,False
ABBOTINDIA,CANBK,CANBK,ABBOTINDIA,2020-08-03,2020-08-04,2020-08-19,,no_fill,,,,,,,,,,,False
ABBOTINDIA,CANBK,ABBOTINDIA,CANBK,2020-08-28,2020-08-31,2020-08-31,2020-09-01,window_end,16820.0,16375.0,117.3,109.3,-2.963840797086803,6.636221091219095,1.8361901470661461,0.3181808684304399,0.18389826086956523,2020-09-24,False
RAYMOND,TATACHEM,TATACHEM,RAYMOND,2020-08-11,2020-08-12,2020-08-24,,no_fill,,,,,,,,,,,False
HDFCLIFE,INDIGO,HDFCLIFE,INDIGO,2020-08-13,2020-08-14,2020-08-31,2020-08-27,rollover,600.0,594.2,1171.1,1185.7,-1.2874268481999933,-1.4378301750491158,-1.3626285116245547,0.3207601815333333,0.19113902997182136,2020-08-27,False
PIIND,SIEMENS,SIEMENS,PIIND,2020-08-06,2020-08-07,2020-08-12,,no_fill,,,,,,,,,,,False
BEL,TATASTEEL,BEL,TATASTEEL,2020-08-06,2020-08-07,2020-08-10,2020-08-11,reverted,99.3,109.4,397.4,414.45,9.833327929305137,-4.484258570709613,2.6745346792977616,0.33787045941591143,0.19387105183694014,2020-08-27,False
AJANTPHARM,IGL,IGL,AJANTPHARM,2020-07-31,2020-08-03,2020-08-20,,no_fill,,,,,,,,,,,False
AMARAJABAT,SBIN,SBIN,AMARAJABAT,2020-08-10,2020-08-11,2020-08-13,2020-08-14,reverted,195.0,203.0,755.0,746.95,3.7740164369230844,0.8771622092715154,2.3255893230973,0.3285476656410257,0.18906295629139075,2020-08-27,False
AMARAJABAT,SBIN,SBIN,AMARAJABAT,2020-08-17,2020-08-18,2020-08-19,2020-08-20,reverted,193.8,194.0,764.3,727.3,-0.21920456284830347,4.6553563181996624,2.2180758776756795,0.322403737254902,0.1856746905665315,2020-09-24,True
AMARAJABAT,SBIN,AMARAJABAT,SBIN,2020-08-26,2020-08-27,2020-08-31,2020-09-01,window_end,745.0,727.6,211.5,213.7,-2.6542277057181165,-1.231142799054375,-1.9426852523862457,0.31865723591946316,0.19095367375886524,2020-09-24,True
APLLTD,BANDHANBNK,BANDHANBNK,APLLTD,2020-08-04,2020-08-05,2020-08-20,,no_fill,,,,,,,,,,,False
APLLTD,BANDHANBNK,APLLTD,BANDHANBNK,2020-08-28,2020-08-31,2020-08-31,2020-09-01,window_end,999.0,940.0,325.6,309.0,-6.219078299699699,4.912836314496322,-0.6531209926016888,0.3131723937937938,0.1854437837837838,2020-09-24,False
ABBOTINDIA,BAJAJFINSV,BAJAJFINSV,ABBOTINDIA,2020-08-03,2020-08-04,2020-08-25,,no_fill,,,,,,,,,,,False
EQUITAS,ICICIPRULI,EQUITAS,ICICIPRULI,2020-07-31,2020-08-03,2020-08-13,2020-08-14,reverted,49.1,53.0,449.5,470.1,7.608526120977601,-4.777003439377091,1.415761340800255,0.3344474024439919,0.19413358398220246,2020-08-27,False
EQUITAS,ICICIPRULI,ICICIPRULI,EQUITAS,2020-08-20,2020-08-21,2020-08-31,2020-08-27,rollover,443.15,451.0,57.15,55.9,1.4464427444657573,1.9991698512685938,1.7228062978671757,0.3249664849148144,0.18805674540682413,2020-08-27,False
PIIND,TRENT,TRENT,PIIND,2020-08-06,2020-08-07,2020-08-18,,no_fill,,,,,,,,,,,False
PIIND,TRENT,PIIND,TRENT,2020-08-31,2020-09-01,2020-08-31,,no_fill,,,,,,,,,,,False
DIVISLAB,TATACHEM,TATACHEM,DIVISLAB,2020-07-31,2020-08-03,2020-08-24,2020-08-25,reverted,301.0,334.0,2619.95,3254.8,10.624367604651157,-24.443148546727997,-6.90939047103842,0.33908754485049825,0.2117700853069715,2020-08-27,False
FEDERALBNK,JSWSTEEL,FEDERALBNK,JSWSTEEL,2020-08-03,2020-08-04,2020-08-31,2020-08-27,rollover,52.5,56.9,222.75,289.3,8.045832143999997,-30.093380395061722,-11.023774125530863,0.33512023695238097,0.2168371851851852,2020-08-27,False
GMRINFRA,LALPATHLAB,LALPATHLAB,GMRINFRA,2020-08-21,2020-08-24,2020-08-31,2020-09-01,window_end,1845.0,1760.0,24.9,23.95,-4.922213806504068,3.628665622489952,-0.6467740920070582,0.31516773604336046,0.18659542168674698,2020-09-24,True
EXIDEIND,PFC,EXIDEIND,PFC,2020-08-06,2020-08-07,2020-08-07,2020-08-10,reverted,157.2,161.9,86.6,87.85,2.6629836408397116,-1.6347336258660499,0.5141250074868309,0.32683824211195933,0.1913156120092379,2020-08-27,False
EXIDEIND,PFC,EXIDEIND,PFC,2020-08-13,2020-08-14,2020-08-27,2020-08-27,rollover,166.85,172.0,96.0,97.5,2.7596178123464323,-1.7539225,0.5028476561732161,0.3269869224453102,0.19142250000000002,2020-08-27,False
AMARAJABAT,NESTLEIND,NESTLEIND,AMARAJABAT,2020-08-10,2020-08-11,2020-08-31,2020-08-27,rollover,16725.0,16235.0,755.0,741.8,-3.247490337578478,1.5598936847682172,-0.8437983264051304,0.3177444481913304,0.18845068609271523,2020-08-27,False
INDUSINDBK,YESBANK,YESBANK,INDUSINDBK,2020-08-28,2020-08-31,2020-08-31,2020-09-01,window_end,15.35,14.35,704.95,639.0,-6.826895193485345,9.173650717072135,1.1733777617933954,0.31223721302931595,0.1816227065749344,2020-09-24,False
BEL,HINDPETRO,HINDPETRO,BEL,2020-08-10,2020-08-11,2020-08-31,2020-08-27,rollover,216.0,210.1,109.8,110.3,-3.0495305086111086,-0.6458021493624815,-1.847666328986795,0.3180490271296296,0.1904287431693989,2020-08-27,False
APOLLOHOSP,SRTRANSFIN,SRTRANSFIN,APOLLOHOSP,2020-08-05,2020-08-06,2020-08-13,2020-08-14,reverted,644.0,708.0,1685.25,1739.65,9.600376156521737,-3.4209251737131106,3.0897254914043133,0.3375120422360249,0.19291745972407653,2020-08-27,False
APOLLOHOSP,SRTRANSFIN,APOLLOHOSP,SRTRANSFIN,2020-08-26,2020-08-27,2020-08-31,2020-09-01,window_end,1656.0,1635.0,734.4,711.4,-1.5884130293478207,2.94459938997821,0.6780931803151946,0.32029708731884066,0.1872088888888889,2020-09-24,True
VOLTAS,WOCKPHARMA,VOLTAS,WOCKPHARMA,2020-08-03,2020-08-04,2020-08-18,,no_fill,,,,,,,,,,,False
AXISBANK,GAIL,AXISBANK,GAIL,2020-08-20,2020-08-21,2020-08-25,2020-08-26,reverted,440.0,452.0,103.0,100.1,2.4008378200000062,2.6280412038835004,2.5144395119417533,0.32643490727272734,0.1874927766990291,2020-09-24,True
AXISBANK,GAIL,GAIL,AXISBANK,2020-08-27,2020-08-28,2020-08-31,2020-09-01,window_end,99.4,96.7,478.65,496.6,-3.034370139436621,-3.943516692781798,-3.488943416109209,0.3180723527162978,0.19338611720463805,2020-09-24,False
ITC,L&TFH,ITC,L&TFH,2020-08-18,2020-08-19,2020-08-31,2020-09-01,window_end,198.6,191.1,68.2,68.3,-4.092878787613289,-0.33677917888563036,-2.21482898324946,0.31644374229607247,0.19015161290322583,2020-09-24,True
NAVINFLUOR,TECHM,TECHM,NAVINFLUOR,2020-08-10,2020-08-11,2020-08-13,,no_fill,,,,,,,,,,,False
NAVINFLUOR,TECHM,NAVINFLUOR,TECHM,2020-08-31,2020-09-01,2020-08-31,,no_fill,,,743.45,,,,,,,2020-09-24,False
DIXON,M&M,M&M,DIXON,2020-08-03,2020-08-04,2020-08-17,,no_fill,,,,,,,,,,,False
CIPLA,WHIRLPOOL,WHIRLPOOL,CIPLA,2020-07-31,2020-08-03,2020-08-21,2020-08-24,reverted,2100.0,2225.0,725.05,765.3,5.620991550000001,-5.746344170746848,-0.06267631037342358,0.33138940238095244,0.1950028839390387,2020-08-27,False
AUROPHARMA,NTPC,NTPC,AUROPHARMA,2020-09-16,2020-09-17,2020-09-30,2020-10-01,window_end,89.05,85.8,822.05,802.6,-3.9662735722627693,2.1781398832187686,-0.8940668445220004,0.3166385357664233,0.18789624597043975,2020-10-29,True
LALPATHLAB,TATAPOWER,TATAPOWER,LALPATHLAB,2020-09-16,2020-09-17,2020-09-30,,no_fill,,,,,,,,,,,False
CANBK,EXIDEIND,CANBK,EXIDEIND,2020-09-22,2020-09-23,2020-09-30,2020-10-01,window_end,90.9,89.0,158.85,166.6,-2.4092431874587565,-5.073215719231985,-3.7412294533453707,0.3190341665566557,0.1943992256846081,2020-10-29,True
NCC,PFIZER,NCC,PFIZER,2020-09-08,2020-09-09,2020-09-25,,no_fill,,,,,,,,,,,False
HDFCBANK,HINDALCO,HINDALCO,HDFCBANK,2020-09-24,2020-09-25,2020-09-29,2020-09-30,reverted,161.95,177.5,1043.0,1060.6,9.264733303056504,-1.8789747229146547,3.6928792900709246,0.336995625625193,0.19153464621284755,2020-10-29,False
BERGEPAINT,JINDALSTEL,JINDALSTEL,BERGEPAINT,2020-09-08,2020-09-09,2020-09-29,2020-09-24,rollover,191.0,172.25,554.15,575.05,-10.12391837408377,-3.964947337363529,-7.04443285572365,0.307164447382199,0.19340533610033386,2020-09-24,False
TATASTEEL,ULTRACEMCO,ULTRACEMCO,TATASTEEL,2020-09-01,2020-09-02,2020-09-08,2020-09-09,reverted,3897.2,3811.0,432.2,400.5,-2.53069170823155,7.151130837575199,2.3102195646718244,0.31884730712306275,0.183436492364646,2020-09-24,False
TATASTEEL,ULTRACEMCO,TATASTEEL,ULTRACEMCO,2020-09-21,2020-09-22,2020-09-30,2020-10-01,window_end,374.0,364.3,3894.75,4082.0,-2.911843758235289,-5.00208946787343,-3.9569666130543593,0.3182608705347593,0.19433544001540537,2020-10-29,True
M&MFIN,MUTHOOTFIN,MUTHOOTFIN,M&MFIN,2020-09-03,2020-09-04,2020-09-11,2020-09-14,reverted,1115.55,1138.0,135.55,131.9,1.6871234276993532,2.505130306160095,2.096126866929724,0.3253367937161042,0.18760300258207305,2020-09-24,False
M&MFIN,MUTHOOTFIN,M&MFIN,MUTHOOTFIN,2020-09-24,2020-09-25,2020-09-30,2020-10-01,window_end,117.0,124.85,1037.55,1142.95,6.376849352051281,-10.357684887475306,-1.990417767712013,0.3325523573504273,0.19913831140667923,2020-10-29,False
MCDOWELL-N,TATAMTRDVR,MCDOWELL-N,TATAMTRDVR,2020-09-07,2020-09-08,2020-09-30,,no_fill,,,,,,,,,,,False
INDIAMART,TCS,TCS,INDIAMART,2020-09-02,2020-09-03,2020-09-21,,no_fill,,,,,,,,,,,False
GODREJCP,HDFCAMC,HDFCAMC,GODREJCP,2020-09-14,2020-09-15,2020-09-30,2020-10-01,window_end,2350.0,2284.0,701.1,733.1,-3.126441331234038,-4.758373045214663,-3.94240718822435,0.3179306929361702,0.1941168763371844,2020-10-29,True
JUBLFOOD,METROPOLIS,METROPOLIS,JUBLFOOD,2020-09-02,2020-09-03,2020-09-14,2020-09-15,reverted,1775.0,1918.0,2239.85,2351.5,7.721716472225347,-5.179203072080714,1.2712567000723163,0.334621555943662,0.1944942746166038,2020-09-24,False
APOLLOTYRE,GLENMARK,APOLLOTYRE,GLENMARK,2020-09-09,2020-09-10,2020-09-14,2020-09-15,reverted,115.0,125.55,472.6,483.05,8.837574639739124,-2.403176986881076,3.2171988264290237,0.33633840373913043,0.1920047482014388,2020-09-24,False
INDIACEM,IPCALAB,INDIACEM,IPCALAB,2020-09-09,2020-09-10,2020-09-10,,no_fill,,,,,,,,,,,False
ACC,COALINDIA,COALINDIA,ACC,2020-09-14,2020-09-15,2020-09-30,2020-10-01,window_end,125.65,117.1,1371.95,1409.45,-7.11640776880224,-2.925809205145965,-5.021108486974103,0.31179177198567454,0.19247344218083748,2020-10-29,True
FORTIS,ZEEL,ZEEL,FORTIS,2020-09-22,2020-09-23,2020-09-30,,no_fill,,,,,,,,,,,False
BANDHANBNK,INDIACEM,INDIACEM,BANDHANBNK,2020-09-02,2020-09-03,2020-09-10,2020-09-11,reverted,115.5,119.3,322.35,305.1,2.9627438400000083,5.166109548627264,4.064426694313636,0.3272994500432901,0.1852166496044672,2020-09-24,False
ABFRL,GRANULES,ABFRL,GRANULES,2020-09-09,2020-09-10,2020-09-30,,no_fill,,,,,,,,,,,False
CADILAHC,IBULHSGFIN,IBULHSGFIN,CADILAHC,2020-09-16,2020-09-17,2020-09-30,2020-10-01,window_end,186.3,159.0,388.25,399.9,-14.953517894686,-3.1933572929813163,-9.073437593833658,0.29973367568438003,0.1927133779781069,2020-10-29,True
HINDZINC,LTTS,LTTS,HINDZINC,2020-09-11,2020-09-14,2020-09-30,,no_fill,,,,,,,,,,,False
ASHOKLEY,MGL,MGL,ASHOKLEY,2020-09-15,2020-09-16,2020-09-30,2020-10-01,window_end,917.0,851.25,77.5,76.1,-7.481350231679386,1.618053083870979,-2.9316485739042033,0.311230275299891,0.1883985290322581,2020-10-29,True
ADANIGREEN,SAIL,SAIL,ADANIGREEN,2020-08-31,2020-09-01,2020-09-28,,no_fill,,,,,,,,,,,False
LUPIN,MRF,MRF,LUPIN,2020-09-15,2020-09-16,2020-09-28,2020-09-29,reverted,58600.0,59778.8,1015.0,1015.85,1.6862686170498247,-0.2738390108374429,0.7062148031061909,0.3253354785133106,0.19009516847290642,2020-10-29,True
CADILAHC,GRANULES,CADILAHC,GRANULES,2020-09-01,2020-09-02,2020-09-17,,no_fill,,,,,,,,,,,False
CHOLAFIN,LICHSGFIN,CHOLAFIN,LICHSGFIN,2020-09-08,2020-09-09,2020-09-17,2020-09-18,reverted,220.5,240.95,281.3,306.75,8.937883679047625,-9.245421322431572,-0.15376882169197348,0.3364927381859411,0.19814083896196227,2020-09-24,False
CHOLAFIN,LICHSGFIN,LICHSGFIN,CHOLAFIN,2020-09-23,2020-09-24,2020-09-30,2020-10-01,window_end,272.05,278.7,222.4,249.9,2.1184032459106628,-12.566226834532381,-5.223911794310859,0.32600035636831465,0.20111892086330935,2020-10-29,True
HAVELLS,IDFCFIRSTB,IDFCFIRSTB,HAVELLS,2020-09-09,2020-09-10,2020-09-29,2020-09-24,rollover,29.75,27.95,647.45,664.45,-6.363370555294118,-2.8180621963086057,-4.590716375801362,0.3129503872268908,0.19237681519808475,2020-09-24,False
IOC,MOTHERSUMI,IOC,MOTHERSUMI,2020-09-15,2020-09-16,2020-09-30,2020-10-01,window_end,82.25,73.95,122.0,115.0,-10.397928268936171,5.552835081967208,-2.4225465934844816,0.3067428586018237,0.18486983606557378,2020-10-29,True
ADANIENT,DEEPAKNTR,ADANIENT,DEEPAKNTR,2020-09-15,2020-09-16,2020-09-28,,no_fill,,,,,,,,,,,False
IDEA,SBIN,SBIN,IDEA,2020-08-31,2020-09-01,2020-09-21,2020-09-22,reverted,213.1,186.15,10.6,10.45,-12.94946186320976,1.2263445283018921,-5.8615586674539335,0.3028170954950728,0.18874981132075475,2020-09-24,False
GLENMARK,TATAPOWER,TATAPOWER,GLENMARK,2020-09-16,2020-09-17,2020-09-30,2020-10-01,window_end,57.35,53.5,498.05,491.1,-7.0250970394071555,1.2066747736171048,-2.909211132895025,0.31193226172624233,0.18876745105913062,2020-10-29,True
BANKBARODA,TORNTPOWER,BANKBARODA,TORNTPOWER,2020-09-21,2020-09-22,2020-09-28,2020-09-29,reverted,42.65,43.4,327.35,318.15,1.4335527613130095,2.622950190927158,2.028251476120084,0.32494665252051586,0.18749734229418052,2020-10-29,True
DIXON,RELIANCE,RELIANCE,DIXON,2020-09-04,2020-09-07,2020-09-10,,no_fill,,,,,,,,,,,False
ICICIBANK,M&MFIN,M&MFIN,ICICIBANK,2020-08-31,2020-09-01,2020-09-03,2020-09-04,reverted,135.8,135.0,395.2,376.0,-0.9104418268041328,4.672640404858301,1.8810992890270841,0.3213402067746686,0.18565919028340078,2020-09-24,False
ICICIBANK,M&MFIN,M&MFIN,ICICIBANK,2020-09-22,2020-09-23,2020-09-29,2020-09-30,reverted,119.0,124.15,357.9,358.75,3.9988375194117713,-0.4277296842693462,1.7855539175712125,0.32889357302521016,0.19023317686504615,2020-10-29,True
CONCOR,PETRONET,PETRONET,CONCOR,2020-09-18,2020-09-21,2020-09-30,2020-10-01,reverted,225.95,221.3,384.0,369.2,-2.377061110201357,3.6676061666666695,0.6452725282326564,0.31908368156671835,0.1865605,2020-10-29,True
HDFC,STAR,HDFC,STAR,2020-09-11,2020-09-14,2020-09-30,,no_fill,,,,,,,,,,,False
ADANIGREEN,AXISBANK,AXISBANK,ADANIGREEN,2020-09-01,2020-09-02,2020-09-29,,no_fill,,,,,,,,,,,False
ASIANPAINT,PNB,PNB,ASIANPAINT,2020-09-09,2020-09-10,2020-09-30,2020-09-24,rollover,33.2,28.95,1995.1,1918.35,-13.103784475602424,3.6603579660167407,-4.721713254792842,0.3025796563253012,0.1865670001503684,2020-09-24,False
CUB,NBCC,NBCC,CUB,2020-09-24,2020-09-25,2020-09-25,,no_fill,,,,,,,,,,,False
STAR,TORNTPOWER,TORNTPOWER,STAR,2020-09-11,2020-09-14,2020-09-30,,no_fill,,,,,,,,,,,False
CIPLA,RADICO,CIPLA,RADICO,2020-09-15,2020-09-16,2020-09-18,,no_fill,,,,,,,,,,,False
BRITANNIA,GLENMARK,BRITANNIA,GLENMARK,2020-09-18,2020-09-21,2020-09-22,2020-09-23,reverted,3790.0,3618.9,512.0,471.9,-4.829821762833773,7.649041281250004,1.4096097592081156,0.3153098894828496,0.18298996874999998,2020-10-29,True
BAJAJHLDNG,PVR,PVR,BAJAJHLDNG,2020-10-27,2020-10-28,2020-10-30,,no_fill,,,,,,,,,,,False
KOTAKBANK,TRENT,TRENT,KOTAKBANK,2020-10-19,2020-10-20,2020-10-30,2020-11-02,window_end,642.5,662.85,1367.05,1545.85,2.840204263175095,-13.281018199041737,-5.220406967933322,0.32711091192217895,0.20175994221133095,2020-11-26,True
RBLBANK,SRF,RBLBANK,SRF,2020-10-13,2020-10-14,2020-10-19,2020-10-20,reverted,167.5,177.0,4384.9,4474.45,5.34068366746269,-2.234088965768887,1.5532973508469015,0.3309581235820896,0.19185311090332732,2020-10-29,False
AMARAJABAT,INFY,AMARAJABAT,INFY,2020-10-12,2020-10-13,2020-10-22,2020-10-23,reverted,724.0,754.75,1136.55,1128.05,3.918467652279012,0.5585286428225794,2.2384981475507955,0.32876991678176803,0.18934870529233208,2020-10-29,False
AUROPHARMA,NAVINFLUOR,AUROPHARMA,NAVINFLUOR,2020-09-30,2020-10-01,2020-10-01,,no_fill,,,,,,,,,,,False
AUROPHARMA,NAVINFLUOR,AUROPHARMA,NAVINFLUOR,2020-10-29,2020-10-30,2020-10-30,,no_fill,,,,,,,,,,,False
BERGEPAINT,CYIENT,BERGEPAINT,CYIENT,2020-10-22,2020-10-23,2020-10-29,,no_fill,,,,,,,,,,,False
NTPC,RAMCOCEM,NTPC,RAMCOCEM,2020-10-14,2020-10-15,2020-10-22,2020-10-23,reverted,79.1,86.0,773.0,792.65,8.387489364601768,-2.734345723156527,2.8265718207226205,0.3356459072060684,0.19230173868046574,2020-10-29,False
GAIL,SRF,GAIL,SRF,2020-10-08,2020-10-09,2020-10-21,2020-10-22,reverted,84.5,86.15,4292.55,4441.85,1.6274177906508909,-3.6712610264295114,-1.0219216178893102,0.32524493124260356,0.19314195967431946,2020-10-29,False
ASHOKLEY,JUBLFOOD,JUBLFOOD,ASHOKLEY,2020-10-22,2020-10-23,2020-10-30,2020-11-02,window_end,2204.7,2170.6,80.05,79.5,-1.8665648214178792,0.4976672954403434,-0.6844487629887679,0.31986912585839344,0.18940328544659588,2020-11-26,True
HEXAWARE,INDUSINDBK,INDUSINDBK,HEXAWARE,2020-10-29,2020-10-30,2020-10-30,,no_fill,,,,,,,,,,,False
AXISBANK,INDIAMART,INDIAMART,AXISBANK,2020-10-19,2020-10-20,2020-10-30,2020-11-02,window_end,4849.6,4846.0,490.0,496.7,-0.3963640878752983,-1.5585942693877604,-0.9774791786315293,0.32213116144836684,0.1912473306122449,2020-11-26,True
CANBK,PIIND,CANBK,PIIND,2020-10-21,2020-10-22,2020-10-26,,no_fill,,,,,,,,,,,False
INDIACEM,TV18BRDCST,TV18BRDCST,INDIACEM,2020-10-20,2020-10-21,2020-10-23,,no_fill,,,,,,,,,,,False
INFRATEL,KOTAKBANK,INFRATEL,KOTAKBANK,2020-10-27,2020-10-28,2020-10-30,2020-11-02,window_end,190.0,186.6,1575.75,1545.85,-2.1089698482105295,1.7091923268284992,-0.19988876069101513,0.31949616399999997,0.1883167958115183,2020-11-26,True
BERGEPAINT,TATAPOWER,TATAPOWER,BERGEPAINT,2020-10-29,2020-10-30,2020-10-30,2020-11-02,window_end,52.45,52.4,634.0,629.3,-0.41742763794090376,0.5519703343848668,0.0672713482219815,0.3220987532888465,0.18935458675078864,2020-11-26,False
INFY,SIEMENS,SIEMENS,INFY,2020-10-09,2020-10-12,2020-10-23,2020-10-26,reverted,1281.55,1282.95,1118.1,1119.9,-0.21317030759626904,-0.35115189160183136,-0.2821610995990502,0.3224130214974055,0.1901645022806547,2020-10-29,False
HAVELLS,RAMCOCEM,RAMCOCEM,HAVELLS,2020-10-26,2020-10-27,2020-10-29,2020-10-30,reverted,759.95,793.9,715.25,730.2,4.1382910362392105,-2.2820744033554656,0.9281083164418724,0.32910813475886574,0.1918961440055925,2020-11-26,True
GLENMARK,ICICIGI,ICICIGI,GLENMARK,2020-10-12,2020-10-13,2020-10-14,2020-10-15,reverted,1202.0,1248.0,495.75,489.0,3.4988308069883494,1.1727755219364622,2.3358031644624058,0.3281242678868552,0.18879785173978822,2020-10-29,False
ESCORTS,ZEEL,ZEEL,ESCORTS,2020-10-12,2020-10-13,2020-10-22,2020-10-23,reverted,190.5,184.9,1255.65,1195.5,-3.2573618059842517,4.604627444749743,0.6736328193827454,0.3177292600524934,0.18572018396846254,2020-10-29,False
AJANTPHARM,BEL,BEL,AJANTPHARM,2020-10-28,2020-10-29,2020-10-30,,no_fill,,,,,,,,,,,False
ASIANPAINT,MOTHERSUMI,MOTHERSUMI,ASIANPAINT,2020-10-15,2020-10-16,2020-10-30,2020-10-29,rollover,106.45,105.0,2083.75,2225.45,-1.68229449290747,-6.996363847390503,-4.339329170148987,0.32015264227336776,0.1961238953809238,2020-10-29,False
EQUITAS,MARICO,EQUITAS,MARICO,2020-10-19,2020-10-20,2020-10-26,2020-10-27,reverted,50.0,49.35,364.0,349.65,-1.6202481062000011,3.755826307692316,1.0677891007461575,0.3202481062,0.1864813846153846,2020-11-26,True
INDIACEM,SUNPHARMA,SUNPHARMA,INDIACEM,2020-10-16,2020-10-19,2020-10-30,,no_fill,,,,,,,,,,,False
MOTHERSUMI,PFC,PFC,MOTHERSUMI,2020-10-08,2020-10-09,2020-10-12,2020-10-13,reverted,86.8,86.0,121.95,113.9,-1.2424883096774153,6.416971127511275,2.5872414089169298,0.32082932350230414,0.18409488314883152,2020-10-29,False
MOTHERSUMI,PFC,MOTHERSUMI,PFC,2020-10-22,2020-10-23,2020-10-29,2020-10-30,reverted,107.0,107.05,90.95,86.5,-0.275588014299076,4.7071700164925865,2.2157910010967554,0.32231698626168226,0.18562822429906545,2020-11-26,True
IDFC,LTTS,IDFC,LTTS,2020-10-13,2020-10-14,2020-10-21,,no_fill,,,,,,,,,,,False
APOLLOTYRE,NBCC,NBCC,APOLLOTYRE,2020-10-26,2020-10-27,2020-10-30,2020-11-02,window_end,23.15,22.9,146.9,141.35,-1.4004998155507513,3.5914515316541906,1.0954758580517197,0.32058620863930887,0.1866287950987066,2020-11-26,True
CDSL,PAGEIND,CDSL,PAGEIND,2020-09-30,2020-10-01,2020-10-21,2020-10-22,reverted,487.0,465.9,21848.9,20274.7,-4.648238142792615,7.021386532685864,1.1865741949466244,0.31558927215605753,0.18355284641332056,2020-10-29,False
CDSL,PAGEIND,PAGEIND,CDSL,2020-10-30,2020-11-02,2020-10-30,,no_fill,,,,,,,,,,,False
ADANIGREEN,WIPRO,WIPRO,ADANIGREEN,2020-09-30,2020-10-01,2020-10-07,,no_fill,,,,,,,,,,,False
ADANIGREEN,WIPRO,ADANIGREEN,WIPRO,2020-10-09,2020-10-12,2020-10-14,2020-10-15,reverted,683.95,730.7,377.25,353.15,6.502549219840638,6.204050817760107,6.353300018800373,0.3327457578624169,0.18428582902584492,2020-10-29,False
ADANIGREEN,WIPRO,WIPRO,ADANIGREEN,2020-10-30,2020-11-02,2020-10-30,,no_fill,,,,,,,,,,,False
BIOCON,PNB,BIOCON,PNB,2020-10-26,2020-10-27,2020-10-30,2020-11-02,window_end,401.25,403.6,28.2,26.95,0.26252486078504633,4.246582836879436,2.2545538488322414,0.32314492114641746,0.18604127659574468,2020-11-26,True
INFY,SHREECEM,INFY,SHREECEM,2020-10-30,2020-11-02,2020-10-30,,no_fill,,,21800.0,,,,,,,2020-11-26,False
DMART,FORTIS,DMART,FORTIS,2020-10-07,2020-10-08,2020-10-15,,no_fill,,,,,,,,,,,False
DMART,FORTIS,FORTIS,DMART,2020-10-19,2020-10-20,2020-10-30,,no_fill,,,,,,,,,,,False
BANDHANBNK,INFRATEL,INFRATEL,BANDHANBNK,2020-10-06,2020-10-07,2020-10-20,2020-10-21,reverted,182.0,190.0,308.4,322.55,4.06660655384616,-4.782335512321666,-0.3578644792377528,0.3289978417582418,0.19413836575875487,2020-10-29,False
RELIANCE,SHREECEM,RELIANCE,SHREECEM,2020-10-27,2020-10-28,2020-10-30,2020-11-02,window_end,2041.8,2027.0,21794.8,21800.0,-1.045982287628562,-0.21390031787398744,-0.6299413027512748,0.32113166562836715,0.190041415750546,2020-11-26,True
PETRONET,TITAN,PETRONET,TITAN,2020-09-30,2020-10-01,2020-10-16,2020-10-19,reverted,221.3,222.3,1205.85,1228.85,0.12893589986443982,-2.0991003002031845,-0.9850822001693723,0.3229393825576142,0.1917320537380271,2020-10-29,False
CANFINHOME,RAMCOCEM,RAMCOCEM,CANFINHOME,2020-10-09,2020-10-12,2020-10-21,,no_fill,,,,,,,,,,,False
AUBANK,MARUTI,MARUTI,AUBANK,2020-10-19,2020-10-20,2020-10-30,,no_fill,,,,,,,,,,,False
MRF,NCC,NCC,MRF,2020-10-27,2020-10-28,2020-10-30,2020-11-02,window_end,34.9,33.6,68368.3,65881.4,-4.041451234957012,3.451630618254382,-0.29491030835131515,0.31652286819484243,0.18587389772745555,2020-11-26,True
HINDPETRO,LICHSGFIN,HINDPETRO,LICHSGFIN,2020-10-06,2020-10-07,2020-10-19,2020-10-20,reverted,174.3,174.75,288.3,289.4,-0.06446625662651545,-0.571909476240026,-0.3181878664332707,0.32264181600688463,0.19036247658688862,2020-10-29,False
HINDPETRO,LICHSGFIN,LICHSGFIN,HINDPETRO,2020-10-30,2020-11-02,2020-10-30,,no_fill,,,188.8,,,,,,,2020-11-26,False
AXISBANK,LALPATHLAB,AXISBANK,LALPATHLAB,2020-10-07,2020-10-08,2020-10-09,,no_fill,,,,,,,,,,,False
LT,PFC,PFC,LT,2020-10-26,2020-10-27,2020-10-30,2020-11-02,reverted,88.0,87.85,950.0,927.0,-0.49243788875001154,2.233205768421051,0.8703839398355198,0.3219833432954546,0.18784686315789473,2020-11-26,True
CONCOR,ICICIBANK,ICICIBANK,CONCOR,2020-10-30,2020-11-02,2020-11-02,2020-11-03,reverted,417.0,425.0,390.0,392.1,1.5932728316546865,-0.7289648615384774,0.43215398505810454,0.3251923961630696,0.1905033230769231,2020-11-26,False
CONCOR,ICICIBANK,CONCOR,ICICIBANK,2020-11-06,2020-11-09,2020-11-23,2020-11-24,reverted,381.0,414.45,450.0,474.2,8.443795020551175,-5.5726248711111035,1.4355850747200356,0.335732538503937,0.19484709333333333,2020-11-26,False
BAJAJ-AUTO,PAGEIND,BAJAJ-AUTO,PAGEIND,2020-11-05,2020-11-06,2020-11-23,2020-11-24,reverted,2960.0,3077.0,21154.0,22031.85,3.6243852580405305,-4.343551049257821,-0.3595828956086451,0.3283174446621622,0.19374486603006527,2020-11-26,False
HAVELLS,INDHOTEL,INDHOTEL,HAVELLS,2020-11-02,2020-11-03,2020-11-10,2020-11-11,reverted,93.0,113.5,781.1,840.75,21.686902506451617,-7.833540911535006,6.926680797458305,0.3561082462365592,0.19687467161695046,2020-11-26,False
COALINDIA,METROPOLIS,METROPOLIS,COALINDIA,2020-11-10,2020-11-11,2020-11-18,2020-11-19,reverted,1871.15,2035.0,125.0,121.55,8.420949593036362,2.5724573760000067,5.496703484518184,0.3356973887662667,0.18754262400000002,2020-11-26,False
ADANIENT,PVR,PVR,ADANIENT,2020-10-30,2020-11-02,2020-11-06,2020-11-09,reverted,1077.9,1215.0,338.3,355.9,12.377391446757578,-5.397172751995265,3.4901093473811566,0.34178472913999447,0.19468974874371858,2020-11-26,False
COALINDIA,PAGEIND,PAGEIND,COALINDIA,2020-11-02,2020-11-03,2020-11-04,2020-11-05,reverted,19853.6,20410.2,116.1,115.85,2.4769697363762804,0.025504892334193813,1.251237314355237,0.32655204304911956,0.18982671834625323,2020-11-26,False
RELIANCE,TECHM,RELIANCE,TECHM,2020-11-02,2020-11-03,2020-11-10,2020-11-11,reverted,1890.0,2089.0,820.7,818.75,10.190680251111104,0.04779531863044223,5.119237784870773,0.338420277989418,0.1898067284025831,2020-11-26,False
AUROPHARMA,BEML,BEML,AUROPHARMA,2020-11-12,2020-11-13,2020-11-19,2020-11-20,reverted,620.9,653.3,838.85,829.3,4.887970016234504,0.9494652571973627,2.9187176367159333,0.33026158305685294,0.18899811527686713,2020-11-26,False
BRITANNIA,MCX,MCX,BRITANNIA,2020-11-23,2020-11-24,2020-11-27,2020-12-01,window_end,1588.0,1622.0,3583.45,3636.0,1.8155235856423066,-1.6578001805522744,0.07886170254501612,0.3255343488664988,0.19133629798099597,2020-12-31,True
BSOFT,FEDERALBNK,BSOFT,FEDERALBNK,2020-11-10,2020-11-11,2020-11-23,2020-11-24,reverted,179.5,195.0,59.2,58.85,8.299586831754878,0.4017268918918928,4.350656861823385,0.3355106612813371,0.1894893243243243,2020-11-26,False
AXISBANK,PAGEIND,PAGEIND,AXISBANK,2020-11-11,2020-11-12,2020-11-25,2020-11-26,reverted,21849.0,22410.0,602.6,602.7,2.241433582617049,-0.20662965151012358,1.0174019655534627,0.3261896495674859,0.19003489545303687,2020-11-26,False
ICICIBANK,ONGC,ONGC,ICICIBANK,2020-11-03,2020-11-04,2020-11-27,2020-11-26,rollover,66.3,81.15,439.2,475.3,22.041536163348425,-8.416887795992729,6.812324183677848,0.3566538819004525,0.19739781420765032,2020-11-26,False
BHARATFORG,TITAN,BHARATFORG,TITAN,2020-11-20,2020-11-23,2020-11-25,2020-11-26,reverted,500.6,499.25,1371.95,1315.0,-0.591507304454661,3.964731872881664,1.6866122842135014,0.3218309161206552,0.1862940391413681,2020-12-31,True
ITC,YESBANK,YESBANK,ITC,2020-11-02,2020-11-03,2020-11-09,2020-11-10,reverted,12.4,13.5,167.5,174.9,8.535094730645154,-4.611895964179097,1.9615993832330285,0.3358730112903226,0.19398551641791048,2020-11-26,False
DABUR,PAGEIND,DABUR,PAGEIND,2020-11-09,2020-11-10,2020-11-27,2020-11-26,rollover,527.7,501.8,22000.0,22836.4,-5.222796980670843,-3.9952506938181953,-4.60902383724452,0.31470526189122605,0.19343251200000003,2020-11-26,False
APOLLOHOSP,UJJIVAN,APOLLOHOSP,UJJIVAN,2020-11-06,2020-11-09,2020-11-17,,no_fill,,,,,,,,,,,False
APOLLOHOSP,UJJIVAN,APOLLOHOSP,UJJIVAN,2020-11-23,2020-11-24,2020-11-27,,no_fill,,,,,,,,,,,False
JSWSTEEL,NCC,JSWSTEEL,NCC,2020-11-19,2020-11-20,2020-11-27,,no_fill,,,,,,,,,,,False
LT,MINDTREE,MINDTREE,LT,2020-11-10,2020-11-11,2020-11-27,2020-11-26,rollover,1318.4,1379.9,1042.4,1118.85,4.335333842854974,-7.530639869531842,-1.5976530133384341,0.32941130277609226,0.196603031465848,2020-11-26,False
MCDOWELL-N,SUNTV,SUNTV,MCDOWELL-N,2020-11-06,2020-11-09,2020-11-27,2020-11-26,rollover,439.0,417.1,549.1,557.0,-5.303192045239172,-1.6300292952103348,-3.466610670224753,0.31458156687927114,0.19131139318885448,2020-11-26,False
BEL,BPCL,BEL,BPCL,2020-10-30,2020-11-02,2020-11-18,2020-11-19,reverted,87.85,96.5,354.9,385.0,9.508957583266936,-8.67889510848126,0.41503123739283776,0.3373713865680137,0.19763278106508875,2020-11-26,False
BEL,BPCL,BPCL,BEL,2020-11-20,2020-11-23,2020-11-27,2020-12-01,window_end,386.0,374.9,108.7,111.0,-3.193475223678762,-2.3078346090156425,-2.7506549163472025,0.3178275552849741,0.1919192456301748,2020-12-31,True
MGL,TECHM,TECHM,MGL,2020-11-11,2020-11-12,2020-11-27,2020-11-26,rollover,837.0,866.5,878.15,929.05,3.196832617562733,-5.991499000170818,-1.3973331913040425,0.32765961660692955,0.19522273757330752,2020-11-26,False
COROMANDEL,TORNTPHARM,TORNTPHARM,COROMANDEL,2020-11-24,2020-11-25,2020-11-27,,no_fill,,,,,,,,,,,False
CANBK,JUSTDIAL,JUSTDIAL,CANBK,2020-11-27,2020-12-01,2020-11-27,,no_fill,,,104.4,,,,,,,2020-12-31,False
BAJFINANCE,COROMANDEL,COROMANDEL,BAJFINANCE,2020-11-05,2020-11-06,2020-11-27,2020-11-26,rollover,748.55,799.7,3721.5,4821.35,6.50046831814844,-29.77049092194008,-11.63501130189582,0.3327425562086701,0.21654761950826285,2020-11-26,False
GNFC,ICICIGI,GNFC,ICICIGI,2020-11-11,2020-11-12,2020-11-27,2020-11-26,rollover,192.35,202.9,1271.95,1457.1,5.154122263322083,-14.759475610676503,-4.80267667367721,0.33067108214192875,0.20308581548016824,2020-11-26,False
BANKBARODA,CENTURYTEX,CENTURYTEX,BANKBARODA,2020-11-02,2020-11-03,2020-11-19,2020-11-20,reverted,307.0,334.0,44.9,48.1,8.459032291205215,-7.3233659242761755,0.5678331834645198,0.3357559824104235,0.19641714922048997,2020-11-26,False
BANKBARODA,CENTURYTEX,BANKBARODA,CENTURYTEX,2020-11-24,2020-11-25,2020-11-25,,no_fill,,,,,,,,,,,False
HDFC,MPHASIS,MPHASIS,HDFC,2020-11-10,2020-11-11,2020-11-24,2020-11-25,reverted,1301.05,1341.1,2286.35,2233.5,2.751308787064298,2.1235994440921035,2.437454115578201,0.3269741382652473,0.1879451575655521,2020-11-26,False
LTTS,SAIL,LTTS,SAIL,2020-11-05,2020-11-06,2020-11-27,2020-11-26,rollover,1697.0,1697.0,38.25,46.55,-0.32224519999999995,-21.908843738562084,-11.115544469281042,0.32224519999999995,0.20949733333333334,2020-11-26,False
CDSL,NAVINFLUOR,CDSL,NAVINFLUOR,2020-11-03,2020-11-04,2020-11-27,,no_fill,,,,,,,,,,,False
BERGEPAINT,INDUSINDBK,INDUSINDBK,BERGEPAINT,2020-10-30,2020-11-02,2020-11-02,2020-11-03,reverted,590.0,631.55,629.3,632.35,6.709309005033885,-0.6751205371047242,3.0170942339645803,0.3330638763220339,0.1904550357540124,2020-11-26,False
BERGEPAINT,INDUSINDBK,BERGEPAINT,INDUSINDBK,2020-11-05,2020-11-06,2020-11-27,2020-11-26,rollover,660.0,636.05,714.9,850.55,-3.945458440500008,-19.18173344803468,-11.563595944267345,0.3166705617121212,0.20705167436005037,2020-11-26,False
RADICO,TATAPOWER,RADICO,TATAPOWER,2020-11-18,2020-11-19,2020-11-27,2020-12-01,window_end,453.2,459.0,60.1,65.4,0.9555769291262151,-9.016571214642276,-4.030497142758031,0.32421124386584294,0.19793560732113144,2020-12-31,True
LTI,SUNTV,SUNTV,LTI,2020-11-23,2020-11-24,2020-11-27,,no_fill,,,,,,,,,,,False
BHARTIARTL,LALPATHLAB,LALPATHLAB,BHARTIARTL,2020-11-09,2020-11-10,2020-11-23,2020-11-24,reverted,2260.0,2321.0,473.8,478.55,2.372723393539815,-1.1934525875897013,0.5896354029750569,0.32639165070796466,0.1909198733642887,2020-11-26,False
BRITANNIA,LT,BRITANNIA,LT,2020-11-18,2020-11-19,2020-11-27,2020-12-01,window_end,3489.0,3702.5,1135.75,1131.95,5.787586148495267,0.14486099317631326,2.96622357083579,0.3316457231011752,0.1897196803874092,2020-12-31,True
BEML,WIPRO,WIPRO,BEML,2020-11-19,2020-11-20,2020-11-27,,no_fill,,,,,,,,,,,False
AUBANK,NAVINFLUOR,AUBANK,NAVINFLUOR,2020-11-03,2020-11-04,2020-11-10,,no_fill,,,,,,,,,,,False
INDIAMART,MUTHOOTFIN,INDIAMART,MUTHOOTFIN,2020-11-02,2020-11-03,2020-11-04,2020-11-05,reverted,4768.05,4920.0,1246.9,1170.9,2.8596964839022156,5.91056686342128,4.385131673661748,0.3271409024506874,0.18454902397946907,2020-11-26,False
DMART,TATASTEEL,DMART,TATASTEEL,2020-11-13,2020-11-17,2020-11-27,2020-12-01,window_end,2374.15,2330.0,506.5,591.0,-2.179001328387007,-16.88811421520236,-9.533557771794683,0.3193884142914307,0.2049947680157947,2020-12-31,True
BEL,TATAPOWER,TATAPOWER,BEL,2020-11-13,2020-11-17,2020-11-27,2020-12-01,reverted,56.5,65.6,97.5,111.0,15.759206735221237,-14.048602153846149,0.8553022906875443,0.34698795504424784,0.20244830769230768,2020-12-31,True
BALRAMCHIN,EQUITAS,BALRAMCHIN,EQUITAS,2020-11-17,2020-11-18,2020-11-27,,no_fill,,,,,,,,,,,False
COLPAL,EQUITAS,EQUITAS,COLPAL,2020-11-04,2020-11-05,2020-11-10,2020-11-11,reverted,42.0,47.15,1499.7,1471.95,11.920822505,1.6620109661932423,6.791416735596622,0.34108225690476196,0.1883591078215643,2020-11-26,False
COLPAL,EQUITAS,COLPAL,EQUITAS,2020-11-23,2020-11-24,2020-11-27,,no_fill,,,,,,,,,,,False
LT,LTI,LTI,LT,2020-11-12,2020-11-13,2020-11-23,2020-11-24,reverted,2985.0,3249.95,1067.0,1135.0,8.540166087145717,-6.568748847235237,0.9857086199552403,0.3358808140268007,0.195740412371134,2020-11-26,False
DABUR,SBILIFE,DABUR,SBILIFE,2020-11-10,2020-11-11,2020-11-27,2020-11-26,rollover,516.8,501.8,831.7,851.5,-3.22026311989163,-2.5728229914632657,-2.896543055677448,0.3177863397058824,0.19215688589635685,2020-11-26,False
APLLTD,HINDPETRO,HINDPETRO,APLLTD,2020-12-10,2020-12-11,2020-12-29,,no_fill,,,,,,,,,,,False
CESC,MOTHERSUMI,CESC,MOTHERSUMI,2020-12-28,2020-12-29,2020-12-31,2021-01-01,window_end,611.65,617.0,162.0,167.4,0.5510943227499402,-3.5263453333333437,-1.4876255052917018,0.3235889111256437,0.193012,2021-01-28,True
BPCL,MINDTREE,BPCL,MINDTREE,2020-12-21,2020-12-22,2020-12-31,2021-01-01,window_end,367.35,381.1,1449.85,1657.0,3.415029032339726,-14.490529558919887,-5.53775026329008,0.3279953313461277,0.2028446259957927,2021-01-28,True
JSWSTEEL,PETRONET,PETRONET,JSWSTEEL,2020-12-28,2020-12-29,2020-12-31,2021-01-01,window_end,252.3,248.85,388.0,388.5,-1.6875642726516076,-0.3190016494845356,-1.0032829610680716,0.3201445342449465,0.19013567010309276,2021-01-28,True
IRCTC,VOLTAS,IRCTC,VOLTAS,2020-11-27,2020-12-01,2020-12-10,2020-12-11,reverted,1358.0,1403.95,808.65,817.7,3.0562091752061957,-1.3101737476040303,0.8730177138010827,0.327443254837997,0.19102454832127622,2020-12-31,False
ESCORTS,POWERGRID,ESCORTS,POWERGRID,2020-12-14,2020-12-15,2020-12-31,2020-12-31,rollover,1331.0,1265.15,190.5,189.85,-5.262052827190072,0.1514936167978982,-2.5552796051960867,0.3146448632531931,0.18971373228346455,2020-12-31,False
CUMMINSIND,DIXON,CUMMINSIND,DIXON,2020-12-16,2020-12-17,2020-12-31,,no_fill,,,,,,,,,,,False
AMBUJACEM,IRCTC,AMBUJACEM,IRCTC,2020-12-04,2020-12-07,2020-12-15,,no_fill,,,,,,,,,,,False
ACC,DIXON,ACC,DIXON,2020-11-27,2020-12-01,2020-12-29,,no_fill,,,,,,,,,,,False
HAVELLS,RBLBANK,RBLBANK,HAVELLS,2020-12-18,2020-12-21,2020-12-30,2020-12-31,reverted,226.05,231.0,916.8,904.95,1.8641718233576505,1.1036794502617753,1.483925636809713,0.32560919854014597,0.18885981675392674,2020-12-31,False
ADANIPORTS,NTPC,NTPC,ADANIPORTS,2020-12-01,2020-12-02,2020-12-14,2020-12-15,reverted,94.65,105.1,425.5,469.5,10.701470001584777,-10.54007743830787,0.08069628163845355,0.33920617379820395,0.19930188014101058,2020-12-31,False
COLPAL,GODREJCP,COLPAL,GODREJCP,2020-12-02,2020-12-03,2020-12-10,2020-12-11,reverted,1524.5,1582.0,724.25,735.6,3.4436890082650105,-1.7585650824991468,0.8425619628829318,0.3280394272876353,0.19142666344494305,2020-12-31,False
DIVISLAB,FSL,FSL,DIVISLAB,2020-12-03,2020-12-04,2020-12-15,2020-12-16,reverted,75.7,79.45,3729.8,3652.1,4.6239095589167665,1.8950715201887547,3.2594905395527607,0.32985530237780714,0.1881501002734731,2020-12-31,False
DIVISLAB,FSL,DIVISLAB,FSL,2020-12-24,2020-12-28,2020-12-31,,no_fill,,,,,,,,,,,False
BDL,NATIONALUM,BDL,NATIONALUM,2020-12-02,2020-12-03,2020-12-09,2020-12-10,reverted,320.2,344.45,42.45,42.05,7.239511989100553,0.7531108362779919,3.9963114126892725,0.3338796411305434,0.18917420494699647,2020-12-31,False
CUB,YESBANK,CUB,YESBANK,2020-12-08,2020-12-09,2020-12-23,,no_fill,,,,,,,,,,,False
DMART,PIIND,PIIND,DMART,2020-12-08,2020-12-09,2020-12-31,,no_fill,,,,,,,,,,,False
BHARTIARTL,IBULHSGFIN,IBULHSGFIN,BHARTIARTL,2020-12-22,2020-12-23,2020-12-24,2020-12-28,reverted,187.0,206.0,504.15,521.2,9.822573894117642,-3.574985601507492,3.123794146305075,0.33785391336898396,0.193055620351086,2021-01-28,True
BHARTIARTL,IBULHSGFIN,BHARTIARTL,IBULHSGFIN,2020-12-28,2020-12-29,2020-12-31,2021-01-01,window_end,523.0,512.25,220.8,222.0,-2.37453689608031,-0.733986086956513,-1.5542614915184114,0.3190875652963671,0.1905078260869565,2021-01-28,True
CUB,NCC,CUB,NCC,2020-12-03,2020-12-04,2020-12-21,,no_fill,,,,,,,,,,,False
DABUR,MANAPPURAM,DABUR,MANAPPURAM,2020-11-27,2020-12-01,2020-12-10,2020-12-11,reverted,503.05,517.35,180.55,172.4,2.51604760751416,4.3280167986707285,3.422032203092444,0.32661216785607794,0.18596824702298534,2020-12-31,False
DABUR,MANAPPURAM,MANAPPURAM,DABUR,2020-12-30,2020-12-31,2020-12-31,2021-01-01,window_end,165.8,165.95,541.0,535.0,-0.23191373673102472,0.9200327911275445,0.34405952719825994,0.3223841830518697,0.1890245101663586,2021-01-28,True
BIOCON,DEEPAKNTR,BIOCON,DEEPAKNTR,2020-12-17,2020-12-18,2020-12-18,,no_fill,,,,,,,,,,,False
L&TFH,MCDOWELL-N,MCDOWELL-N,L&TFH,2020-11-27,2020-12-01,2020-12-21,2020-12-22,reverted,554.0,559.9,84.6,84.55,0.7411006964981879,-0.1308652955082825,0.3051177004949527,0.32388125296028886,0.18996695035460995,2020-12-31,False
L&TFH,MCDOWELL-N,MCDOWELL-N,L&TFH,2020-12-28,2020-12-29,2020-12-31,2021-01-01,window_end,581.0,579.0,93.75,93.6,-0.6659504578313201,-0.02987638399999537,-0.34791342091565775,0.32171637865748715,0.18987638399999995,2021-01-28,True
LTTS,MOTHERSUMI,MOTHERSUMI,LTTS,2020-12-17,2020-12-18,2020-12-31,,no_fill,,,,,,,,,,,False
ESCORTS,ICICIPRULI,ESCORTS,ICICIPRULI,2020-12-03,2020-12-04,2020-12-31,2020-12-31,rollover,1417.9,1265.15,479.2,498.85,-11.078669593716064,-4.2942849916527575,-7.686477292684411,0.30569547706467315,0.19370068447412353,2020-12-31,False
BALRAMCHIN,SRTRANSFIN,SRTRANSFIN,BALRAMCHIN,2020-12-22,2020-12-23,2020-12-28,,no_fill,,,,,,,,,,,False
FEDERALBNK,MFSL,MFSL,FEDERALBNK,2020-12-01,2020-12-02,2020-12-17,2020-12-18,reverted,644.9,651.0,66.0,67.5,0.622184792463944,-2.464787272727271,-0.9213012401316634,0.3236982901845248,0.19206,2020-12-31,False
APOLLOHOSP,BOSCHLTD,BOSCHLTD,APOLLOHOSP,2020-12-22,2020-12-23,2020-12-29,2020-12-30,reverted,12640.0,12875.0,2402.8,2402.2,1.5340758988132843,-0.16502671882802014,0.6845245899926321,0.32510131637658224,0.18999758614949228,2021-01-28,True
BEL,BEML,BEL,BEML,2020-12-17,2020-12-18,2020-12-31,,no_fill,,,,,,,,,,,False
BALKRISIND,TORNTPHARM,BALKRISIND,TORNTPHARM,2020-12-15,2020-12-16,2020-12-31,2020-12-31,rollover,1620.0,1623.5,2750.6,2802.65,-0.10652771796296867,-2.0840329455391715,-1.09528033175107,0.32257710067901235,0.1917185414091471,2020-12-31,False
BALKRISIND,GUJGASLTD,BALKRISIND,GUJGASLTD,2020-12-21,2020-12-22,2020-12-31,,no_fill,,,,,,,,,,,False
HINDALCO,ICICIGI,ICICIGI,HINDALCO,2020-12-04,2020-12-07,2020-12-11,2020-12-14,reverted,1457.9,1479.7,252.3,245.45,1.1707591400233257,2.5274388030122985,1.849098971517812,0.32454232098223473,0.18758299643281803,2020-12-31,False
AUROPHARMA,MPHASIS,AUROPHARMA,MPHASIS,2020-12-21,2020-12-22,2020-12-31,,no_fill,,,,,,,,,,,False
DIVISLAB,WIPRO,WIPRO,DIVISLAB,2020-12-17,2020-12-18,2020-12-21,2020-12-22,reverted,358.95,354.0,3840.65,3675.15,-1.6991488582532355,4.123014324918957,1.2119327333328607,0.3201267103217719,0.18615209222397253,2020-12-31,False
DIVISLAB,WIPRO,DIVISLAB,WIPRO,2020-12-23,2020-12-24,2020-12-31,2021-01-01,window_end,3705.0,3839.0,388.9,387.8,3.2889328220242855,0.09308294677294368,1.6910078843986145,0.327801321025641,0.18976611468243768,2021-01-28,True
AJANTPHARM,PIDILITIND,PIDILITIND,AJANTPHARM,2020-12-07,2020-12-08,2020-12-17,,no_fill,,,,,,,,,,,False
ADANIENT,BOSCHLTD,BOSCHLTD,ADANIENT,2020-12-28,2020-12-29,2020-12-31,2021-01-01,window_end,12890.0,12813.0,495.0,480.95,-0.9186898128626868,2.6509115717171734,0.8661108794272433,0.3213275165089218,0.1874722666666667,2021-01-28,True
ASHOKLEY,PVR,ASHOKLEY,PVR,2020-12-09,2020-12-10,2020-12-16,2020-12-17,reverted,95.35,100.95,1481.0,1430.0,5.541831500996348,3.256690168804857,4.399260834900602,0.33126760755112744,0.18692900742741392,2020-12-31,False
AJANTPHARM,TATACHEM,TATACHEM,AJANTPHARM,2021-01-11,2021-01-12,2021-01-12,,no_fill,,,,,,,,,,,False
AJANTPHARM,TATACHEM,AJANTPHARM,TATACHEM,2021-01-13,2021-01-14,2021-01-18,2021-01-19,reverted,1784.9,1748.0,548.0,517.55,-2.386412002655615,5.371536919708034,1.4925624585262096,0.3190692943806376,0.18503242335766423,2021-01-28,False
AJANTPHARM,TATACHEM,TATACHEM,AJANTPHARM,2021-01-29,2021-02-01,2021-01-29,,no_fill,,,,,,,,,,,False
DIXON,GLENMARK,GLENMARK,DIXON,2021-01-07,2021-01-08,2021-01-22,,no_fill,,,,,,,,,,,False
ESCORTS,GUJGASLTD,GUJGASLTD,ESCORTS,2021-01-22,2021-01-25,2021-01-25,2021-01-27,reverted,350.0,355.0,1310.3,1233.6,1.104131619999995,5.668855518583538,3.3864935692917664,0.3244398085714285,0.1847657895138518,2021-02-25,True
KAJARIACER,NMDC,NMDC,KAJARIACER,2021-01-21,2021-01-22,2021-01-29,,no_fill,,,,,,,,,,,False
CUMMINSIND,IDFC,IDFC,CUMMINSIND,2021-01-04,2021-01-05,2021-01-22,2021-01-25,reverted,36.9,42.4,607.45,623.0,14.560006173983743,-2.7521992213350766,5.9039034763243325,0.3451428775067751,0.19231774960902132,2021-01-28,False
CONCOR,STAR,STAR,CONCOR,2021-01-27,2021-01-28,2021-01-29,2021-02-01,window_end,806.9,818.0,428.2,438.9,1.0512766603792274,-2.691095273236796,-0.8199093064287843,0.3243584864791177,0.19226295189163942,2021-02-25,True
LTTS,PNB,PNB,LTTS,2021-01-27,2021-01-28,2021-01-29,,no_fill,,,,,,,,,,,False
ADANIGREEN,BANKBARODA,ADANIGREEN,BANKBARODA,2021-01-12,2021-01-13,2021-01-22,2021-01-25,reverted,930.0,1055.0,71.8,75.05,13.097966816129043,-4.720545348189413,4.188710733969815,0.3428933989247312,0.19408295264623954,2021-01-28,False
BAJFINANCE,TITAN,BAJFINANCE,TITAN,2021-01-05,2021-01-06,2021-01-15,2021-01-18,reverted,5130.0,4870.0,1587.65,1474.0,-5.38268538011696,6.974784096620803,0.7960493582519215,0.31445925925925927,0.18359463924668531,2021-01-28,False
BAJFINANCE,TITAN,BAJFINANCE,TITAN,2021-01-18,2021-01-19,2021-01-22,2021-01-25,reverted,4765.1,5049.0,1523.6,1504.7,5.626504363253642,1.0515765240220472,3.3390404436378445,0.33139788433820905,0.18890654239957994,2021-02-25,True
JSWSTEEL,MINDTREE,JSWSTEEL,MINDTREE,2021-01-22,2021-01-25,2021-01-28,2021-01-29,reverted,388.0,382.05,1815.5,1685.2,-1.853394544149479,6.993508354723212,2.5700569052868665,0.3198893895103093,0.18357784742495178,2021-02-25,True
AJANTPHARM,HDFCAMC,AJANTPHARM,HDFCAMC,2021-01-14,2021-01-15,2021-01-19,2021-01-20,reverted,1768.0,1790.0,3347.3,3222.0,0.9201870979637965,3.5566555080213944,2.2384213029925952,0.32415679343891407,0.18666,2021-01-28,False
AJANTPHARM,HDFCAMC,HDFCAMC,AJANTPHARM,2021-01-25,2021-01-27,2021-01-29,,no_fill,,,,,,,,,,,False
AUROPHARMA,AXISBANK,AXISBANK,AUROPHARMA,2021-01-04,2021-01-05,2021-01-05,2021-01-06,reverted,618.0,662.0,968.15,982.3,6.7865583689320435,-1.6528822672106465,2.5668380508606985,0.3331827313915858,0.19133188762071993,2021-01-28,False
AUROPHARMA,AXISBANK,AUROPHARMA,AXISBANK,2021-01-13,2021-01-14,2021-01-22,2021-01-25,reverted,941.0,935.0,685.15,653.0,-0.9588852259298626,4.5065950244472,1.7738548992586685,0.3212656722635494,0.18580809895643288,2021-01-28,False
ABFRL,UPL,ABFRL,UPL,2021-01-08,2021-01-11,2021-01-12,2021-01-13,reverted,168.6,177.0,506.9,505.45,4.652307410676163,0.09628923653580629,2.3742983236059847,0.32989899501779363,0.18976323929769184,2021-01-28,False
ABFRL,UPL,ABFRL,UPL,2021-01-18,2021-01-19,2021-01-29,2021-02-01,window_end,172.0,152.0,562.7,551.4,-11.93228908372093,1.8199574089212818,-5.056165837399824,0.3043821069767442,0.18821746223564959,2021-02-25,True
JINDALSTEL,SUNTV,SUNTV,JINDALSTEL,2021-01-04,2021-01-05,2021-01-08,2021-01-11,reverted,488.0,531.65,287.15,294.7,8.60868589325819,-2.821667877415993,2.8935090079210988,0.33598623788934434,0.1923800487550061,2021-01-28,False
DIVISLAB,IDFCFIRSTB,DIVISLAB,IDFCFIRSTB,2021-01-07,2021-01-08,2021-01-29,2021-01-28,rollover,3819.0,3460.0,46.7,47.9,-9.708170700549886,-2.761919614561025,-6.235045157555455,0.307804112437811,0.1923264668094218,2021-01-28,False
POWERGRID,RBLBANK,POWERGRID,RBLBANK,2021-01-05,2021-01-06,2021-01-11,2021-01-12,reverted,188.0,201.05,252.95,253.35,6.608580465265965,-0.34829595967583593,3.1301422527950646,0.3329088964361702,0.19016194109507809,2021-01-28,False
POWERGRID,RBLBANK,RBLBANK,POWERGRID,2021-01-27,2021-01-28,2021-01-29,2021-02-01,window_end,213.6,215.95,190.25,184.9,0.7762519296348356,2.624593487516426,1.7004227085756307,0.3239353362827715,0.18749586859395534,2021-02-25,True
AXISBANK,BRITANNIA,BRITANNIA,AXISBANK,2021-01-05,2021-01-06,2021-01-18,2021-01-19,reverted,3568.0,3628.75,663.95,658.5,1.377773697715809,0.6315617335642828,1.0046677156400459,0.32486083143217487,0.18928320957903455,2021-01-28,False
JINDALSTEL,TITAN,TITAN,JINDALSTEL,2021-01-07,2021-01-08,2021-01-22,2021-01-25,reverted,1547.9,1505.05,302.0,286.8,-3.0862592006395837,4.847610304635756,0.8806755519980862,0.3179925167452678,0.1855022781456954,2021-01-28,False
DIVISLAB,TATAMOTORS,DIVISLAB,TATAMOTORS,2021-01-11,2021-01-12,2021-01-29,2021-01-28,rollover,3822.95,3460.0,227.75,266.8,-9.801637469668705,-17.351403657519217,-13.576520563593961,0.30766030543690087,0.20541024368825464,2021-01-28,False
EICHERMOT,ICICIPRULI,ICICIPRULI,EICHERMOT,2021-01-12,2021-01-13,2021-01-29,2021-01-28,rollover,528.0,498.55,2876.45,2798.45,-5.891328181875,2.524089850683998,-1.683619165595501,0.3136766667234849,0.18758599975664447,2021-01-28,False
INDIACEM,SUNTV,SUNTV,INDIACEM,2021-01-01,2021-01-04,2021-01-07,,no_fill,,,,,,,,,,,False
APOLLOHOSP,CENTURYTEX,CENTURYTEX,APOLLOHOSP,2021-01-25,2021-01-27,2021-01-28,2021-01-29,reverted,395.5,419.35,2705.95,2637.85,5.698832172920351,2.3289151820987093,4.0138736775095305,0.3315091671554994,0.18776103143073597,2021-02-25,True
INFY,TITAN,TITAN,INFY,2021-01-11,2021-01-12,2021-01-28,2021-01-28,rollover,1560.0,1420.0,1381.9,1276.2,-9.282817530769233,7.465734853462622,-0.9085413386533054,0.3084585564102564,0.1831543570446487,2021-01-28,False
L&TFH,SUNTV,SUNTV,L&TFH,2021-01-05,2021-01-06,2021-01-08,2021-01-11,reverted,495.0,531.65,100.6,102.0,7.070420924666653,-1.5829192445328097,2.7437508400669217,0.3336194793737374,0.19126914512922463,2021-01-28,False
L&TFH,SUNTV,L&TFH,SUNTV,2021-01-22,2021-01-25,2021-01-29,2021-02-01,window_end,92.2,86.95,514.85,481.15,-6.007640876247287,6.3614511313975,0.17690512757510657,0.313497709219089,0.18414467320578806,2021-02-25,True
DRREDDY,PNBHOUSING,DRREDDY,PNBHOUSING,2021-01-20,2021-01-21,2021-01-25,,no_fill,,,,,,,,,,,False
GAIL,LUPIN,GAIL,LUPIN,2021-01-27,2021-01-28,2021-01-29,2021-02-01,window_end,126.0,124.25,1063.75,1007.7,-1.7090004416666618,5.08380472197415,1.6874021401537438,0.3201115527777778,0.18529046016451234,2021-02-25,True
PERSISTENT,UBL,PERSISTENT,UBL,2021-01-27,2021-01-28,2021-01-29,2021-02-01,window_end,1510.0,1532.05,1287.4,1280.0,1.13577640375496,0.3852978685723256,0.7605371361636428,0.32448849690728476,0.18950405779089638,2021-02-25,True
ABFRL,ULTRACEMCO,ABFRL,ULTRACEMCO,2021-01-08,2021-01-11,2021-01-12,2021-01-13,reverted,168.6,177.0,5567.8,5665.1,4.652307410676163,-1.939137002765896,1.3565852039551334,0.32989899501779363,0.19158859944681922,2021-01-28,False
ABFRL,ULTRACEMCO,ABFRL,ULTRACEMCO,2021-01-28,2021-01-29,2021-01-29,2021-02-01,window_end,154.9,152.0,5514.75,5404.4,-2.1915447123305425,1.8127734205539747,-0.18938564588828388,0.31936911517107813,0.1882239048007616,2021-02-25,False
CIPLA,IDFCFIRSTB,CIPLA,IDFCFIRSTB,2021-01-07,2021-01-08,2021-01-27,2021-01-28,reverted,830.7,835.5,46.7,47.0,0.25469305872155656,-0.8329949036402617,-0.2891509224593526,0.3231328712170458,0.19059661670235545,2021-01-28,False
AUBANK,HAVELLS,AUBANK,HAVELLS,2021-01-21,2021-01-22,2021-01-29,2021-02-01,window_end,913.6,891.0,1143.0,1055.0,-2.7921752889229476,7.515928276465446,2.3618764937712493,0.3184449911996498,0.183109343832021,2021-02-25,True
BPCL,FORTIS,BPCL,FORTIS,2021-01-08,2021-01-11,2021-01-13,,no_fill,,,,,,,,,,,False
BPCL,FORTIS,BPCL,FORTIS,2021-01-25,2021-01-27,2021-01-29,,no_fill,,,,,,,,,,,False
AMARAJABAT,TCS,AMARAJABAT,TCS,2021-01-18,2021-01-19,2021-01-29,2021-02-01,window_end,970.05,919.0,3237.2,3139.75,-5.576775962610173,2.8229996194241846,-1.3768881715929944,0.3141606335034277,0.18731793895959473,2021-02-25,True
NAUKRI,POLYCAB,POLYCAB,NAUKRI,2021-01-05,2021-01-06,2021-01-06,2021-01-07,reverted,1150.4,1190.3,5510.0,5384.45,3.1407854486961013,2.090609649364799,2.6156975490304504,0.32757338301460354,0.18797474264972777,2021-01-28,False
NAUKRI,POLYCAB,NAUKRI,POLYCAB,2021-01-07,2021-01-08,2021-01-11,,no_fill,,,,,,,,,,,False
NAUKRI,POLYCAB,NAUKRI,POLYCAB,2021-01-18,2021-01-19,2021-01-29,,no_fill,,,,,,,,,,,False
GNFC,HINDUNILVR,GNFC,HINDUNILVR,2021-01-19,2021-01-20,2021-01-28,2021-01-29,reverted,212.2,209.4,2385.0,2326.5,-1.6397280309142208,2.265011849056603,0.31264190907119116,0.3202181345900094,0.1878183396226415,2021-02-25,True
HINDZINC,INDHOTEL,INDHOTEL,HINDZINC,2021-01-05,2021-01-06,2021-01-15,,no_fill,,,,,,,,,,,False
BANDHANBNK,HEROMOTOCO,BANDHANBNK,HEROMOTOCO,2021-01-12,2021-01-13,2021-01-29,2021-01-28,rollover,395.3,299.9,3266.0,3397.4,-24.418740024082986,-4.216901342314762,-14.317820683198875,0.2851705831520364,0.19363128720146972,2021-01-28,False
ADANIGREEN,CADILAHC,ADANIGREEN,CADILAHC,2021-01-11,2021-01-12,2021-01-19,2021-01-20,reverted,980.0,994.65,496.85,482.85,1.170356258071427,2.630261050618898,1.9003086543451624,0.3245417011122449,0.1874907859514944,2021-01-28,False
ITC,POWERGRID,ITC,POWERGRID,2021-01-06,2021-01-07,2021-01-15,2021-01-18,reverted,206.1,218.4,198.1,201.55,5.636563349344988,-1.9331278849066285,1.8517177322191798,0.3314133609898108,0.19158321049974764,2021-01-28,False
GODREJCP,RAYMOND,RAYMOND,GODREJCP,2021-01-18,2021-01-19,2021-01-29,2021-02-01,reverted,332.7,324.7,788.0,754.4,-2.7231199195671767,4.077766720812186,0.6773234006225048,0.31855123907424104,0.18619267005076146,2021-02-25,True
ADANIGREEN,ASHOKLEY,ADANIGREEN,ASHOKLEY,2021-01-07,2021-01-08,2021-01-21,2021-01-22,reverted,1071.0,1047.8,112.7,120.1,-2.485117240784317,-6.762018438331841,-4.6235678395580795,0.318917427525677,0.19591373558118896,2021-01-28,False
IDEA,SIEMENS,SIEMENS,IDEA,2021-01-01,2021-01-04,2021-01-11,2021-01-12,reverted,1604.9,1656.0,11.85,11.45,2.856862461000686,3.188537299578062,3.022699880289374,0.32713654205246434,0.18699012658227848,2021-01-28,False
IDEA,SIEMENS,SIEMENS,IDEA,2021-01-15,2021-01-18,2021-01-29,2021-01-28,rollover,1625.0,1604.7,13.55,11.75,-1.569556868443077,13.106036678966799,5.768239905261861,0.3203260992123077,0.1780961623616236,2021-01-28,False
ALKEM,IDFCFIRSTB,ALKEM,IDFCFIRSTB,2021-02-09,2021-02-10,2021-02-26,2021-02-25,rollover,2902.0,2782.3,50.4,64.7,-4.440650222322535,-28.588503492063502,-16.51457685719302,0.31590866477601653,0.21548761904761907,2021-02-25,False
DMART,MINDTREE,MINDTREE,DMART,2021-02-16,2021-02-17,2021-02-26,,no_fill,,,,,,,,,,,False
BEL,TORNTPHARM,TORNTPHARM,BEL,2021-02-01,2021-02-02,2021-02-16,2021-02-17,reverted,2553.0,2587.7,133.75,133.0,1.0348520564747208,0.3712309906542012,0.7030415235644609,0.32433321575401486,0.1895166728971963,2021-02-25,False
BEL,TORNTPHARM,TORNTPHARM,BEL,2021-02-18,2021-02-19,2021-02-26,2021-03-01,window_end,2501.0,2406.8,141.6,139.0,-4.082952417544975,1.647786327683607,-1.217583044930684,0.3164590149060376,0.1883718644067797,2021-03-25,True
LTI,MARUTI,MARUTI,LTI,2021-02-03,2021-02-04,2021-02-09,,no_fill,,,,,,,,,,,False
HINDUNILVR,VBL,HINDUNILVR,VBL,2021-02-15,2021-02-16,2021-02-26,,no_fill,,,,,,,,,,,False
AARTIIND,BERGEPAINT,BERGEPAINT,AARTIIND,2021-02-23,2021-02-24,2021-02-26,2021-03-01,window_end,721.7,681.0,1247.95,1239.95,-5.95304409175558,0.45160673184021405,-2.750718679957683,0.3135817112650686,0.18944459233142352,2021-03-25,True
GRASIM,JUSTDIAL,JUSTDIAL,GRASIM,2021-02-01,2021-02-02,2021-02-15,2021-02-16,reverted,613.0,688.3,1147.85,1237.55,11.942733948809122,-8.011644316766123,1.9655448160214997,0.34111596962479607,0.19703439386679444,2021-02-25,False
GRASIM,JUSTDIAL,GRASIM,JUSTDIAL,2021-02-25,2021-02-26,2021-02-26,,no_fill,,,,,,,,,,,False
HEROMOTOCO,MOTHERSUMI,HEROMOTOCO,MOTHERSUMI,2021-02-12,2021-02-15,2021-02-26,2021-02-25,rollover,3488.95,3450.0,200.65,218.25,-1.4369119048051613,-8.969385940692744,-5.2031489227489525,0.3205301853766893,0.19789329180164467,2021-02-25,False
DIVISLAB,JUBLFOOD,JUBLFOOD,DIVISLAB,2021-02-03,2021-02-04,2021-02-04,2021-02-05,reverted,2735.05,2830.0,3731.25,3700.15,3.144021791144587,0.6442289878726984,1.8941253895086427,0.3275783624175061,0.1892718496482412,2021-02-25,False
DIVISLAB,JUBLFOOD,JUBLFOOD,DIVISLAB,2021-02-05,2021-02-08,2021-02-09,2021-02-10,reverted,2770.0,2810.0,3780.0,3756.05,1.1195797444043305,0.44414660105819803,0.7818631727312643,0.32446357689530686,0.18945128253968255,2021-02-25,False
DIVISLAB,JUBLFOOD,DIVISLAB,JUBLFOOD,2021-02-18,2021-02-19,2021-02-26,2021-03-01,window_end,3588.0,3396.7,2911.1,3017.7,-5.645715656137125,-3.8551529105836173,-4.750434283360371,0.314054563606466,0.19330687300333207,2021-03-25,True
SBILIFE,VBL,SBILIFE,VBL,2021-02-19,2021-02-22,2021-02-26,,no_fill,,,,,,,,,,,False
DIXON,NAUKRI,NAUKRI,DIXON,2021-01-29,2021-02-01,2021-02-26,,no_fill,,,,,,,,,,,False
BRITANNIA,PEL,PEL,BRITANNIA,2021-01-29,2021-02-01,2021-02-02,2021-02-03,reverted,1325.0,1490.9,3543.3,3525.55,12.179274808045282,0.31137509496796306,6.245324951506622,0.341479908935849,0.18957035136736938,2021-02-25,False
BRITANNIA,PEL,BRITANNIA,PEL,2021-02-12,2021-02-15,2021-02-26,2021-02-25,rollover,3429.0,3420.0,1729.4,1949.7,-0.5843091826771613,-12.939976128136925,-6.762142655407043,0.32184199107611555,0.20145409737481204,2021-02-25,False
BANDHANBNK,CENTURYTEX,BANDHANBNK,CENTURYTEX,2021-02-22,2021-02-23,2021-02-26,,no_fill,,,,,,,,,,,False
HINDPETRO,POWERGRID,HINDPETRO,POWERGRID,2021-02-16,2021-02-17,2021-02-22,2021-02-23,reverted,225.65,242.0,221.0,222.1,6.912358258852198,-0.6882043257918534,3.112076966530172,0.3333762857965876,0.19046676923076925,2021-03-25,True
FORTIS,HINDALCO,FORTIS,HINDALCO,2021-02-08,2021-02-09,2021-02-26,2021-02-25,rollover,169.45,160.65,280.5,350.7,-5.50753951171436,-25.239221967914435,-15.373380739814397,0.3142671599881972,0.212484,2021-02-25,False
AARTIIND,WOCKPHARMA,WOCKPHARMA,AARTIIND,2021-02-15,2021-02-16,2021-02-26,2021-03-01,reverted,495.95,506.7,1220.75,1239.95,1.8419821556810265,-1.7642353528568564,0.03887340141208506,0.32557505774775686,0.19143174851525702,2021-03-25,True
LT,UJJIVAN,UJJIVAN,LT,2021-02-01,2021-02-02,2021-02-24,2021-02-25,reverted,259.45,249.3,1477.2,1534.85,-4.228357092888791,-4.0961766910370825,-4.162266891962936,0.3162352967816536,0.1935230219333875,2021-02-25,False
ABFRL,ADANIENT,ABFRL,ADANIENT,2021-01-29,2021-02-01,2021-02-26,2021-02-25,rollover,152.0,182.3,511.0,843.5,19.581341873815788,-65.31691863013698,-22.867788378160597,0.35286865249999994,0.2484254794520548,2021-02-25,False
INDIAMART,PVR,PVR,INDIAMART,2021-02-04,2021-02-05,2021-02-17,,no_fill,,,,,,,,,,,False
DABUR,ICICIBANK,DABUR,ICICIBANK,2021-01-29,2021-02-01,2021-02-25,2021-02-25,rollover,515.15,508.0,553.2,628.0,-1.7080582610695922,-13.723487187274038,-7.715772724171815,0.32011300240706597,0.20215674620390456,2021-02-25,False
RAMCOCEM,SAIL,SAIL,RAMCOCEM,2021-02-15,2021-02-16,2021-02-22,2021-02-23,reverted,62.75,67.5,989.3,952.0,7.235847113147404,3.5837069261093686,5.409777019628386,0.33387400239043824,0.18663574042252098,2021-03-25,True
LTTS,RAYMOND,RAYMOND,LTTS,2021-02-05,2021-02-08,2021-02-11,,no_fill,,,,,,,,,,,False
LTTS,RAYMOND,LTTS,RAYMOND,2021-02-22,2021-02-23,2021-02-26,,no_fill,,,,,,,,,,,False
BAJFINANCE,WOCKPHARMA,WOCKPHARMA,BAJFINANCE,2021-02-01,2021-02-02,2021-02-23,2021-02-24,reverted,488.5,491.0,5116.45,5429.8,0.18873933121800468,-6.319880801141413,-3.065570734961704,0.3230313954964176,0.19551722874258518,2021-02-25,False
CADILAHC,POLYCAB,CADILAHC,POLYCAB,2021-02-22,2021-02-23,2021-02-26,,no_fill,,,,,,,,,,,False
CHOLAFIN,DLF,DLF,CHOLAFIN,2021-02-15,2021-02-16,2021-02-24,2021-02-25,reverted,318.95,317.0,527.0,509.95,-0.9326870746825486,3.0481781176470584,1.0577455214822549,0.32130598046715786,0.18711599999999998,2021-03-25,True
INDHOTEL,ONGC,INDHOTEL,ONGC,2021-02-18,2021-02-19,2021-02-26,2021-03-01,window_end,125.6,124.0,109.5,114.65,-1.5941735745222927,-4.897437936073075,-3.245805755297684,0.3202882242038217,0.1942415890410959,2021-03-25,True
IOC,SRF,SRF,IOC,2021-02-02,2021-02-03,2021-02-09,2021-02-10,reverted,5469.8,5559.0,100.55,98.15,1.3060221706680333,2.1989946593734357,1.7525084150207344,0.324750435277341,0.18787754351069122,2021-02-25,False
LTI,SUNPHARMA,LTI,SUNPHARMA,2021-02-11,2021-02-12,2021-02-26,2021-02-25,rollover,4026.35,3730.0,652.8,609.55,-7.6712024298707195,6.441233247549023,-0.6149845911608485,0.3109381706781576,0.184073125,2021-02-25,False
LTI,SIEMENS,LTI,SIEMENS,2021-02-02,2021-02-03,2021-02-03,2021-02-04,reverted,4050.0,4317.0,1811.2,1794.65,6.260219680444446,0.7245590238515911,3.4923893521480185,0.3323729121481481,0.18919981007067138,2021-02-25,False
HINDALCO,RBLBANK,RBLBANK,HINDALCO,2021-02-08,2021-02-09,2021-02-26,2021-02-25,rollover,248.5,250.25,280.5,350.7,0.3808983028169004,-25.239221967914435,-12.429161832548768,0.3233270492957747,0.212484,2021-02-25,False
PAGEIND,PETRONET,PETRONET,PAGEIND,2021-02-10,2021-02-11,2021-02-16,2021-02-17,reverted,241.4,243.5,31399.95,28800.0,0.5463438328914639,8.097520951880497,4.321932392385981,0.3235816020712511,0.18258777440728408,2021-02-25,False
PAGEIND,PETRONET,PAGEIND,PETRONET,2021-02-22,2021-02-23,2021-02-26,2021-03-01,window_end,27530.0,28498.0,253.9,259.25,3.188517361685423,-2.299040149665223,0.44473860601009996,0.32764682284053764,0.19191135880267823,2021-03-25,True
BALKRISIND,GNFC,GNFC,BALKRISIND,2021-02-08,2021-02-09,2021-02-26,2021-02-25,rollover,225.0,263.0,1860.25,1580.45,16.540698538666664,14.8644699061954,15.702584222431032,0.3481903502222223,0.17651920817094477,2021-02-25,False
IOC,PFC,IOC,PFC,2021-02-09,2021-02-10,2021-02-19,2021-02-22,reverted,98.1,97.5,126.75,125.0,-0.9329264073394422,1.1918899013806665,0.12948174702061216,0.32130561223241594,0.18878071005917157,2021-02-25,False
ASHOKLEY,SBIN,ASHOKLEY,SBIN,2021-02-05,2021-02-08,2021-02-26,2021-02-25,rollover,133.1,128.15,398.25,407.25,-4.0355402272727146,-2.4519354802259903,-3.2437378537493524,0.3165319628099174,0.1920484745762712,2021-02-25,False
OBEROIRLTY,TATACHEM,OBEROIRLTY,TATACHEM,2021-02-09,2021-02-10,2021-02-26,2021-02-25,rollover,566.9,564.0,578.15,732.6,-0.833013403316277,-26.928519406728363,-13.88076640502232,0.32145933734344684,0.21399895355876503,2021-02-25,False
ADANIENT,NCC,ADANIENT,NCC,2021-02-03,2021-02-04,2021-02-12,,no_fill,,,,,,,,,,,False
DIVISLAB,INDHOTEL,INDHOTEL,DIVISLAB,2021-02-05,2021-02-08,2021-02-10,2021-02-11,reverted,120.0,127.5,3780.0,3732.5,5.9181533875,1.0677216931216924,3.4929375403108462,0.33184661249999997,0.18889206349206347,2021-02-25,False
GUJGASLTD,HDFCAMC,HDFCAMC,GUJGASLTD,2021-02-08,2021-02-09,2021-02-26,,no_fill,,,,,,,,,,,False
CHOLAFIN,LT,CHOLAFIN,LT,2021-02-02,2021-02-03,2021-02-10,2021-02-11,reverted,444.75,469.95,1539.15,1551.95,5.335154935986512,-1.022394315693727,2.1563803101463925,0.33094961713322096,0.19076646915505308,2021-02-25,False
CHOLAFIN,LT,LT,CHOLAFIN,2021-02-15,2021-02-16,2021-02-26,2021-03-01,window_end,1540.0,1456.0,527.0,528.95,-5.7684112400000025,-0.5603711043643451,-3.1643911721821736,0.31386578545454547,0.19035212903225804,2021-03-25,True
JINDALSTEL,MRF,MRF,JINDALSTEL,2021-02-16,2021-02-17,2021-02-26,2021-03-01,window_end,90999.9,85200.0,330.55,339.95,-6.685977514895507,-3.036317818786868,-4.8611476668411875,0.3124540275070632,0.19257254575707153,2021-03-25,True
PETRONET,TATAELXSI,TATAELXSI,PETRONET,2021-02-25,2021-02-26,2021-02-26,2021-03-01,window_end,2660.0,2681.8,258.1,259.25,0.49604465989473906,-0.6359836729949555,-0.06996950655010822,0.3235042122857143,0.1904199380085238,2021-03-25,False
APOLLOTYRE,SUNTV,SUNTV,APOLLOTYRE,2021-03-03,2021-03-04,2021-03-08,2021-03-09,reverted,503.9,505.0,245.35,237.05,-0.10428327275252691,3.19593886692479,1.5458277970861316,0.3225805539591189,0.18698348889341757,2021-03-25,False
DABUR,DIXON,DIXON,DABUR,2021-03-18,2021-03-19,2021-03-31,2021-04-01,window_end,4233.8,3702.45,521.8,545.3,-12.853156587285659,-4.697703710233806,-8.775430148759732,0.3029652697930937,0.19406246837868918,2021-04-29,True
GRASIM,RELIANCE,GRASIM,RELIANCE,2021-02-26,2021-03-01,2021-03-01,2021-03-02,reverted,1206.95,1275.0,2111.9,2124.2,5.307272163660464,-0.7729567148065533,2.2671577244269554,0.33090671698910473,0.19054277475259246,2021-03-25,False
GRASIM,RELIANCE,RELIANCE,GRASIM,2021-03-10,2021-03-12,2021-03-31,2021-03-25,rollover,2195.0,2054.0,1401.25,1372.8,-6.736067165102506,1.8421324867083022,-2.446967339197102,0.31237696009111615,0.18819757573595006,2021-03-25,False
PIDILITIND,SUNTV,SUNTV,PIDILITIND,2021-03-17,2021-03-18,2021-03-31,2021-04-01,window_end,463.5,474.5,1744.3,1833.45,2.047355989644022,-5.305540325632064,-1.6290921679940211,0.3258910437971953,0.1946075732385484,2021-04-29,True
ICICIPRULI,TATAMTRDVR,ICICIPRULI,TATAMTRDVR,2021-03-02,2021-03-03,2021-03-24,,no_fill,,,,,,,,,,,False
NBCC,NMDC,NMDC,NBCC,2021-02-26,2021-03-01,2021-03-15,,no_fill,,,,,,,,,,,False
BATAINDIA,HFCL,HFCL,BATAINDIA,2021-03-17,2021-03-18,2021-03-31,2021-04-01,window_end,27.45,25.4,1503.5,1420.2,-7.77889633551913,5.355358788160956,-1.2117687736790872,0.3107724739526412,0.18504693182573997,2021-04-29,True
COLPAL,MINDTREE,COLPAL,MINDTREE,2021-03-10,2021-03-12,2021-03-31,2021-03-25,rollover,1646.0,1556.0,1897.9,1969.5,-5.781646151397325,-3.965997035671006,-4.873821593534165,0.3138454223572297,0.1934062774645661,2021-03-25,False
CANBK,TORNTPHARM,CANBK,TORNTPHARM,2021-03-17,2021-03-18,2021-03-31,2021-04-01,window_end,152.8,154.4,2445.8,2568.95,0.723266605235592,-5.2297018807751945,-2.253217637769801,0.32385381361256543,0.19453956169760406,2021-04-29,True
BERGEPAINT,MANAPPURAM,BERGEPAINT,MANAPPURAM,2021-02-26,2021-03-01,2021-03-03,2021-03-04,reverted,681.0,729.9,178.25,174.45,6.847340489955939,1.9437308443197845,4.395535667137862,0.3332762501321586,0.1881064628330996,2021-03-25,False
SHREECEM,SYNGENE,SYNGENE,SHREECEM,2021-03-04,2021-03-05,2021-03-25,2021-03-25,rollover,554.65,526.6,28548.65,27579.85,-5.371719437933822,3.206531482749637,-1.0825939775920925,0.3144761313440909,0.18697398948811939,2021-03-25,False
HINDUNILVR,JUSTDIAL,HINDUNILVR,JUSTDIAL,2021-03-01,2021-03-02,2021-03-17,,no_fill,,,,,,,,,,,False
HDFC,POWERGRID,HDFC,POWERGRID,2021-03-19,2021-03-22,2021-03-23,2021-03-24,reverted,2530.1,2484.85,233.35,219.0,-2.1079645697284737,5.965060591386326,1.9285480108289261,0.31949771071103916,0.18450015427469468,2021-04-29,True
ASIANPAINT,LALPATHLAB,ASIANPAINT,LALPATHLAB,2021-03-19,2021-03-22,2021-03-30,2021-03-31,reverted,2390.0,2578.05,2553.55,2629.95,7.533868302121349,-3.184618760157413,2.174624770981968,0.33433253469874474,0.19270554130524167,2021-04-29,True
COALINDIA,EXIDEIND,EXIDEIND,COALINDIA,2021-02-26,2021-03-01,2021-03-17,2021-03-18,reverted,204.5,194.1,151.85,141.3,-5.400007180244497,6.763861909779372,0.6819273647674375,0.3144326081173594,0.18378379321699045,2021-03-25,False
COALINDIA,EXIDEIND,COALINDIA,EXIDEIND,2021-03-25,2021-03-26,2021-03-31,2021-04-01,window_end,129.1,131.45,182.95,186.0,1.4952527619674585,-1.8586385733807034,-0.18169290570662244,0.3250415835011619,0.19151640885487836,2021-04-29,False
IRCTC,PIIND,PIIND,IRCTC,2021-03-01,2021-03-02,2021-03-17,2021-03-18,reverted,2184.0,2254.7,1973.0,1840.95,2.909961247884604,6.508841027876332,4.709401137880468,0.32721823929487187,0.1840124946781551,2021-03-25,False
GMRINFRA,SBIN,SBIN,GMRINFRA,2021-03-04,2021-03-05,2021-03-18,2021-03-19,reverted,395.0,363.95,29.05,25.0,-8.170928790556964,13.763974079173838,2.7965226443084372,0.3101692968860759,0.17750612736660928,2021-03-25,False
INDIANB,MINDTREE,INDIANB,MINDTREE,2021-03-15,2021-03-16,2021-03-31,2021-04-01,window_end,127.0,118.0,1956.0,2085.7,-7.3979727322834625,-6.8268512229038825,-7.1124119775936725,0.3113585590551181,0.1959718773006135,2021-04-29,True
ASHOKLEY,BIOCON,ASHOKLEY,BIOCON,2021-03-18,2021-03-19,2021-03-31,2021-04-01,window_end,111.45,115.25,391.0,411.3,3.0821176005383486,-5.386496030690547,-1.1521892150760993,0.32748311727231944,0.19468017391304346,2021-04-29,True
LAURUSLABS,LUPIN,LAURUSLABS,LUPIN,2021-03-08,2021-03-09,2021-03-10,2021-03-12,reverted,344.0,367.55,1060.0,1068.0,6.513168136540709,-0.9454144150943394,2.7838768607231845,0.33276209601744183,0.1906974339622641,2021-03-25,False
DEEPAKNTR,DIXON,DIXON,DEEPAKNTR,2021-03-01,2021-03-02,2021-03-12,2021-03-15,reverted,19640.0,20980.0,1585.05,1574.6,6.490084011608964,0.46985697044257135,3.479970491025768,0.33272657902240327,0.18942822560802497,2021-03-25,False
DEEPAKNTR,DIXON,DIXON,DEEPAKNTR,2021-03-18,2021-03-19,2021-03-31,2021-04-01,window_end,4233.8,3702.45,1503.2,1677.85,-12.853156587285659,-11.818995907397545,-12.336076247341602,0.3029652697930937,0.20044880787653005,2021-04-29,True
ADANIPORTS,HFCL,HFCL,ADANIPORTS,2021-03-02,2021-03-03,2021-03-31,2021-03-25,rollover,29.15,26.65,732.2,688.25,-8.8853993509434,5.817826151324783,-1.5337865998093085,0.30907001989708405,0.1846321933897842,2021-03-25,False
ONGC,YESBANK,ONGC,YESBANK,2021-03-30,2021-03-31,2021-03-31,,no_fill,,,,,,,,,,,False
KAJARIACER,WOCKPHARMA,WOCKPHARMA,KAJARIACER,2021-03-18,2021-03-19,2021-03-22,,no_fill,,,,,,,,,,,False
IPCALAB,MOTHERSUMI,MOTHERSUMI,IPCALAB,2021-03-25,2021-03-26,2021-03-31,,no_fill,,,,,,,,,,,False
COALINDIA,CONCOR,COALINDIA,CONCOR,2021-03-26,2021-03-30,2021-03-31,,no_fill,,,,,,,,,,,False
GODREJCP,UBL,UBL,GODREJCP,2021-03-30,2021-03-31,2021-03-31,2021-04-01,window_end,1228.0,1242.0,734.45,732.9,0.8160685488599353,0.02121170808088496,0.4186401284704101,0.3239965977198697,0.18983056845258356,2021-04-29,False
ADANIPORTS,MOTHERSUMI,MOTHERSUMI,ADANIPORTS,2021-03-09,2021-03-10,2021-03-16,2021-03-17,reverted,218.45,222.75,758.45,717.75,1.6431446961776301,5.181004104423504,3.4120744003005674,0.32526912849622347,0.18520329224075416,2021-03-25,False
AARTIIND,BHARATFORG,BHARATFORG,AARTIIND,2021-03-17,2021-03-18,2021-03-31,2021-04-01,window_end,602.05,603.8,1294.2,1331.2,-0.03201820813885986,-3.0514951352186666,-1.5417566716787632,0.32269174023752184,0.19258615669911913,2021-04-29,True
L&TFH,TITAN,L&TFH,TITAN,2021-03-24,2021-03-25,2021-03-31,2021-04-01,window_end,96.9,96.45,1500.7,1567.05,-0.7859280671826679,-4.615258605983858,-2.7005933365832626,0.3215317823529412,0.1939885320183914,2021-04-29,True
BIOCON,PEL,PEL,BIOCON,2021-03-24,2021-03-25,2021-03-31,2021-04-01,window_end,1830.0,1777.4,405.0,411.3,-3.192146539475408,-1.7469718222222212,-2.4695591808488144,0.3178295995846995,0.19141626666666667,2021-04-29,True
ALKEM,AMBER,ALKEM,AMBER,2021-03-08,2021-03-09,2021-03-24,,no_fill,,,,,,,,,,,False
IOC,SUNPHARMA,IOC,SUNPHARMA,2021-03-25,2021-03-26,2021-03-31,2021-04-01,window_end,91.8,92.0,583.9,604.4,-0.10471496601305785,-3.7040465113889294,-1.9043807387009937,0.32257988976034857,0.19317136153450937,2021-04-29,False
AUROPHARMA,JUSTDIAL,AUROPHARMA,JUSTDIAL,2021-02-26,2021-03-01,2021-03-18,,no_fill,,,,,,,,,,,False
CADILAHC,FORTIS,CADILAHC,FORTIS,2021-03-01,2021-03-02,2021-03-31,,no_fill,,,,,,,,,,,False
ESCORTS,TECHM,ESCORTS,TECHM,2021-03-16,2021-03-17,2021-03-19,2021-03-22,reverted,1354.95,1343.15,1041.8,997.0,-1.191788174515661,4.114089472067567,1.461150648775953,0.32090733020406664,0.18616009598771358,2021-04-29,True
ESCORTS,TECHM,ESCORTS,TECHM,2021-03-26,2021-03-30,2021-03-31,,no_fill,,,,,,,,,,,False
PIDILITIND,RAYMOND,RAYMOND,PIDILITIND,2021-03-19,2021-03-22,2021-03-31,2021-04-01,window_end,339.0,363.4,1768.85,1833.45,6.8643377161061805,-3.8453884574723687,1.509474629316906,0.33330240188790555,0.19329811629024507,2021-04-29,True
HDFCLIFE,JUSTDIAL,HDFCLIFE,JUSTDIAL,2021-03-01,2021-03-02,2021-03-18,,no_fill,,,,,,,,,,,False
DIXON,NTPC,DIXON,NTPC,2021-03-18,2021-03-19,2021-03-31,2021-04-01,window_end,4233.8,3702.45,103.2,107.45,-12.853156587285659,-4.3119335658914695,-8.582545076588564,0.3029652697930937,0.19371651162790698,2021-04-29,True
AUBANK,PEL,PEL,AUBANK,2021-03-30,2021-03-31,2021-03-31,2021-04-01,window_end,1765.0,1777.4,1271.7,1251.75,0.37922510014731936,1.3801543430054266,0.879689721576373,0.3233244749235128,0.1886118754423213,2021-04-29,False
CANBK,CDSL,CANBK,CDSL,2021-03-25,2021-03-26,2021-03-31,,no_fill,,,,,,,,,,,False
SHREECEM,UPL,SHREECEM,UPL,2021-03-08,2021-03-09,2021-03-23,2021-03-24,reverted,27445.0,28172.0,637.0,627.1,2.322619670460932,1.3655351397174167,1.8440774050891744,0.32631456163964295,0.1886249858712716,2021-03-25,False
GLENMARK,LTI,GLENMARK,LTI,2021-03-10,2021-03-12,2021-03-31,2021-03-25,rollover,491.95,459.5,4200.0,3837.25,-6.908310748592331,8.454637247619049,0.7731632495133587,0.31211194790120955,0.18226751428571428,2021-03-25,False
CUB,LAURUSLABS,CUB,LAURUSLABS,2021-03-31,2021-04-01,2021-04-29,,no_fill,,,,,,,,,,,False
INDIANB,SBILIFE,INDIANB,SBILIFE,2021-04-12,2021-04-13,2021-04-27,2021-04-28,reverted,105.55,113.85,881.6,931.3,7.529246343533876,-5.832557513611616,0.8483444149611299,0.3343254234012316,0.19508019963702358,2021-04-29,False
AUROPHARMA,MFSL,MFSL,AUROPHARMA,2021-04-09,2021-04-12,2021-04-28,2021-04-29,reverted,875.0,925.0,943.9,963.9,5.3832620800000015,-2.310790420595413,1.5362358297022942,0.3310236342857143,0.19192189638732918,2021-04-29,False
IPCALAB,MUTHOOTFIN,MUTHOOTFIN,IPCALAB,2021-03-31,2021-04-01,2021-04-23,,no_fill,,,,,,,,,,,False
CENTURYTEX,VBL,VBL,CENTURYTEX,2021-04-23,2021-04-26,2021-04-30,,no_fill,,,,,,,,,,,False
HAL,SBIN,SBIN,HAL,2021-04-12,2021-04-13,2021-04-15,,no_fill,,,,,,,,,,,False
HAL,SBIN,HAL,SBIN,2021-04-27,2021-04-28,2021-04-30,2021-05-03,window_end,954.7,955.7,359.0,350.0,-0.21766116585315493,2.31919403899721,1.0507664365720275,0.32240611190950036,0.18776974930362117,2021-05-27,True
NMDC,RAMCOCEM,NMDC,RAMCOCEM,2021-04-12,2021-04-13,2021-04-30,2021-04-29,rollover,135.2,149.4,1064.45,989.55,10.164578461834322,6.852793682183297,8.50868607200881,0.33838011804733736,0.183704039644887,2021-04-29,False
ICICIPRULI,RAYMOND,RAYMOND,ICICIPRULI,2021-04-12,2021-04-13,2021-04-30,2021-04-29,rollover,334.0,329.9,443.05,524.5,-1.54790432377246,-18.590450994244442,-10.069177659008451,0.3203594135928144,0.20652141519015912,2021-04-29,False
COROMANDEL,HDFCLIFE,COROMANDEL,HDFCLIFE,2021-04-13,2021-04-15,2021-04-19,2021-04-20,reverted,738.95,743.95,710.0,673.15,0.35335110150889376,5.004779515492959,2.679065308500926,0.3232846654577441,0.18536132957746482,2021-04-29,False
COROMANDEL,HDFCLIFE,COROMANDEL,HDFCLIFE,2021-04-26,2021-04-27,2021-04-28,2021-04-29,reverted,726.0,726.0,715.75,679.85,-0.3222452,4.830199886831993,2.2539773434159964,0.3222452,0.18551789172196997,2021-05-27,True
ICICIGI,RAMCOCEM,ICICIGI,RAMCOCEM,2021-04-06,2021-04-07,2021-04-16,2021-04-19,reverted,1426.95,1410.0,1048.2,960.05,-1.5082686044150118,8.22718315207022,3.359457273827604,0.32042039669925365,0.18247149398969661,2021-04-29,False
JUSTDIAL,WOCKPHARMA,JUSTDIAL,WOCKPHARMA,2021-04-20,2021-04-22,2021-04-30,,no_fill,,,,,,,,,,,False
ICICIGI,TATASTEEL,ICICIGI,TATASTEEL,2021-03-31,2021-04-01,2021-04-30,2021-04-29,rollover,1438.0,1431.0,824.0,1031.35,-0.8082845892906784,-25.376442009708736,-13.092363299499707,0.32149738484005563,0.21260705825242715,2021-04-29,False
IBULHSGFIN,SYNGENE,IBULHSGFIN,SYNGENE,2021-04-05,2021-04-06,2021-04-28,,no_fill,,,,,,,,,,,False
IDEA,INDIAMART,IDEA,INDIAMART,2021-04-09,2021-04-12,2021-04-30,,no_fill,,,,,,,,,,,False
RELIANCE,SBIN,SBIN,RELIANCE,2021-04-12,2021-04-13,2021-04-22,2021-04-23,reverted,332.0,331.65,1929.0,1904.7,-0.42750493521085353,1.0708307869362297,0.3216629258626881,0.3220832484638554,0.18888927527216173,2021-04-29,False
BANDHANBNK,STAR,BANDHANBNK,STAR,2021-04-16,2021-04-19,2021-04-28,,no_fill,,,,,,,,,,,False
HDFC,INDIANB,INDIANB,HDFC,2021-04-12,2021-04-13,2021-04-26,2021-04-27,reverted,105.55,109.0,2427.7,2501.0,2.941326586167702,-3.212048837170983,-0.13536112550164048,0.32726649767882515,0.19273014046216586,2021-04-29,False
DABUR,TRENT,TRENT,DABUR,2021-04-06,2021-04-07,2021-04-22,2021-04-23,reverted,700.05,747.0,548.65,565.85,6.3741156584101235,-3.3278015948236623,1.5231570317932306,0.33254815131776305,0.1928339469607218,2021-04-29,False
HAL,IPCALAB,HAL,IPCALAB,2021-04-06,2021-04-07,2021-04-28,,no_fill,,,,,,,,,,,False
M&MFIN,NAUKRI,M&MFIN,NAUKRI,2021-04-08,2021-04-09,2021-04-30,2021-04-29,rollover,197.0,168.5,4863.2,5008.85,-14.767025686802034,-3.187649861819379,-8.977337774310707,0.3000206106598985,0.19270825958216808,2021-04-29,False
ICICIBANK,SUNTV,ICICIBANK,SUNTV,2021-04-09,2021-04-12,2021-04-15,2021-04-16,reverted,551.4,574.6,488.35,469.6,3.8787630620239457,3.652885702877031,3.7658243824504885,0.32870882771128035,0.18657370123886555,2021-04-29,False
ICICIBANK,SUNTV,ICICIBANK,SUNTV,2021-04-30,2021-05-03,2021-04-30,,no_fill,,,555.0,,,,,,,2021-05-27,False
BANKBARODA,ICICIGI,BANKBARODA,ICICIGI,2021-04-12,2021-04-13,2021-04-28,2021-04-29,reverted,67.15,68.45,1382.6,1431.2,1.6107449804914369,-3.7082916157963424,-1.0487733176524527,0.325219278629933,0.19317516852307245,2021-04-29,False
MINDTREE,SYNGENE,MINDTREE,SYNGENE,2021-04-16,2021-04-19,2021-04-29,,no_fill,,,,,,,,,,,False
CIPLA,NATIONALUM,NATIONALUM,CIPLA,2021-04-12,2021-04-13,2021-04-26,2021-04-27,reverted,54.15,57.8,922.1,912.0,6.407935363434905,0.9062890510790601,3.657112207256983,0.33260018596491236,0.18903683548422076,2021-04-29,False
DEEPAKNTR,GUJGASLTD,GUJGASLTD,DEEPAKNTR,2021-04-07,2021-04-08,2021-04-13,2021-04-15,reverted,536.1,530.0,1718.5,1599.0,-1.4583446257414703,6.7699604015129475,2.6558078878857385,0.32049720921469876,0.183778324119872,2021-04-29,False
DEEPAKNTR,GUJGASLTD,GUJGASLTD,DEEPAKNTR,2021-04-27,2021-04-28,2021-04-30,2021-05-03,window_end,545.0,530.0,1803.75,1873.2,-3.0703106330275176,-4.0437878902287006,-3.557049261628109,0.3180170550458716,0.19347603991683993,2021-05-27,True
BEML,INDIACEM,BEML,INDIACEM,2021-04-08,2021-04-09,2021-04-27,,no_fill,,,,,,,,,,,False
JUSTDIAL,ZEEL,ZEEL,JUSTDIAL,2021-04-08,2021-04-09,2021-04-16,,no_fill,,,,,,,,,,,False
BPCL,HFCL,BPCL,HFCL,2021-04-23,2021-04-26,2021-04-30,,no_fill,,,,,,,,,,,False
ADANIPORTS,DRREDDY,DRREDDY,ADANIPORTS,2021-04-06,2021-04-07,2021-04-30,2021-04-29,rollover,4662.3,5070.25,857.3,746.75,8.414286052885908,12.716690565729612,10.56548830930776,0.33568713631254965,0.17844532602356236,2021-04-29,False
LTTS,TVSMOTOR,TVSMOTOR,LTTS,2021-04-06,2021-04-07,2021-04-20,2021-04-22,reverted,572.05,528.15,2769.45,2604.05,-7.984610321685162,5.787645711242288,-1.0984823052214372,0.31045596454855345,0.18465925905865788,2021-04-29,False
LTTS,TVSMOTOR,LTTS,TVSMOTOR,2021-04-28,2021-04-29,2021-04-30,2021-05-03,window_end,2640.0,2730.0,652.1,625.0,3.081608575000008,3.9695145744517717,3.5255615747258897,0.3274823340909091,0.18628975003833767,2021-05-27,True
HINDALCO,PFC,PFC,HINDALCO,2021-04-01,2021-04-05,2021-04-30,2021-04-29,rollover,114.0,109.3,349.4,372.15,-4.438718654210528,-6.707026410990276,-5.572872532600402,0.3159116366666667,0.1958644190040069,2021-04-29,False
CEATLTD,FSL,CEATLTD,FSL,2021-04-15,2021-04-16,2021-04-22,,no_fill,,,,,,,,,,,False
BAJAJ-AUTO,RBLBANK,RBLBANK,BAJAJ-AUTO,2021-03-31,2021-04-01,2021-04-30,2021-04-29,rollover,210.9,195.95,3710.6,3836.35,-7.400023019487917,-3.582001706462561,-5.491012362975239,0.3113554045045045,0.1930619123591872,2021-04-29,False
CADILAHC,SBILIFE,SBILIFE,CADILAHC,2021-04-09,2021-04-12,2021-04-30,2021-04-29,rollover,900.65,930.4,520.05,561.5,2.975850317293063,-8.167561682530526,-2.5958556826187316,0.327319615533226,0.19717421978655897,2021-04-29,False
HEROMOTOCO,INDIGO,HEROMOTOCO,INDIGO,2021-04-29,2021-04-30,2021-04-30,2021-05-03,window_end,2834.8,2779.95,1630.65,1622.15,-2.2541535534605734,0.3317124134547542,-0.9612205700029096,0.3192727858579088,0.18955211296108912,2021-05-27,False
BHARATFORG,LTTS,BHARATFORG,LTTS,2021-04-07,2021-04-08,2021-04-13,2021-04-15,reverted,615.0,591.95,2885.25,2705.85,-4.064454954585354,6.03339320301534,0.9844691242149928,0.3164874749105691,0.18443887392773592,2021-04-29,False
APOLLOTYRE,HINDALCO,APOLLOTYRE,HINDALCO,2021-04-05,2021-04-06,2021-04-30,2021-04-29,rollover,223.95,215.55,354.6,372.15,-4.067320306764896,-5.143701015228416,-4.605510660996655,0.3164830663094441,0.19446243654822337,2021-04-29,False
CDSL,STAR,STAR,CDSL,2021-04-06,2021-04-07,2021-04-12,,no_fill,,,,,,,,,,,False
AXISBANK,GRANULES,AXISBANK,GRANULES,2021-04-06,2021-04-07,2021-04-26,2021-04-27,reverted,680.5,691.1,337.1,325.5,1.2330400320940438,3.2541841412044015,2.2436120866492226,0.32463814571638505,0.18693125482052803,2021-04-29,False
CADILAHC,HDFCAMC,HDFCAMC,CADILAHC,2021-04-06,2021-04-07,2021-04-30,2021-04-29,rollover,2870.0,2854.0,462.35,561.5,-0.8788800565853679,-21.654061751919528,-11.266470904252447,0.3213887673867596,0.20926884611225263,2021-04-29,False
BANKINDIA,SBIN,SBIN,BANKINDIA,2021-04-09,2021-04-12,2021-04-19,,no_fill,,,,,,,,,,,False
ACC,RAYMOND,RAYMOND,ACC,2021-04-19,2021-04-20,2021-04-30,2021-05-03,window_end,319.05,320.0,1971.95,1864.1,-0.024943653126469678,5.284094767615821,2.6295755572446757,0.32270262507443975,0.18511084104566544,2021-05-27,True
APOLLOHOSP,CIPLA,APOLLOHOSP,CIPLA,2021-04-12,2021-04-13,2021-04-26,2021-04-27,reverted,3032.35,3200.0,922.1,912.0,5.1979767965076515,0.9062890510790601,3.052132923793356,0.3307385562715386,0.18903683548422076,2021-04-29,False
HINDUNILVR,MCX,HINDUNILVR,MCX,2021-05-10,2021-05-11,2021-05-25,,no_fill,,,,,,,,,,,False
BIOCON,TVSMOTOR,BIOCON,TVSMOTOR,2021-04-30,2021-05-03,2021-05-14,2021-05-17,reverted,380.95,393.65,625.0,604.5,3.0064042106313087,3.0929241280000053,3.049664169315657,0.327366625436409,0.18707587199999998,2021-05-27,False
BIOCON,TVSMOTOR,BIOCON,TVSMOTOR,2021-05-26,2021-05-27,2021-05-28,2021-05-31,reverted,383.5,384.0,655.5,622.85,-0.19206739374184317,4.7953814706331,2.3016570384456285,0.32244549022164276,0.18554911670480548,2021-06-24,True
HINDZINC,TATACONSUM,TATACONSUM,HINDZINC,2021-05-07,2021-05-10,2021-05-28,,no_fill,,,,,,,,,,,False
ACC,IOC,ACC,IOC,2021-05-10,2021-05-11,2021-05-31,2021-05-27,rollover,1870.0,1979.3,98.8,110.25,5.513695468352932,-11.78949117408907,-3.137897852868069,0.33122431774331557,0.20042234817813767,2021-05-27,False
HCLTECH,PFIZER,PFIZER,HCLTECH,2021-05-27,2021-05-28,2021-05-31,2021-06-01,window_end,5165.0,5150.0,948.6,950.25,-0.6122153182962236,-0.36411667299177464,-0.4881659956439991,0.3217990549854792,0.19017612903225808,2021-06-24,False
BAJFINANCE,HDFC,HDFC,BAJFINANCE,2021-04-30,2021-05-03,2021-05-17,2021-05-18,reverted,2365.0,2508.0,5390.0,5531.0,5.714977619534877,-2.8083235547309724,1.4533270324019523,0.33153400837209307,0.19236808163265304,2021-05-27,False
BERGEPAINT,HONAUT,HONAUT,BERGEPAINT,2021-05-14,2021-05-17,2021-05-31,2021-05-27,rollover,42600.75,43894.0,759.0,798.3,2.7088358859562427,-5.372533264822127,-1.331848689432942,0.32690878990041256,0.19466765217391305,2021-05-27,False
SYNGENE,TATAMTRDVR,SYNGENE,TATAMTRDVR,2021-05-11,2021-05-12,2021-05-27,,no_fill,,,,,,,,,,,False
BHEL,IDBI,IDBI,BHEL,2021-05-03,2021-05-04,2021-05-31,2021-05-27,rollover,37.35,38.4,54.8,73.3,2.4846810722891473,-33.979446277372276,-15.747382602541563,0.3265639076305221,0.22032218978102192,2021-05-27,False
MINDTREE,TECHM,TECHM,MINDTREE,2021-05-05,2021-05-06,2021-05-14,2021-05-17,reverted,965.0,954.0,2183.25,2115.1,-1.4603904346113963,2.9342750390472965,0.7369423022179501,0.32049406155440413,0.18721814771556167,2021-05-27,False
MINDTREE,TECHM,TECHM,MINDTREE,2021-05-31,2021-06-01,2021-05-31,,no_fill,,,2410.0,,,,,,,2021-06-24,False
NATIONALUM,PEL,PEL,NATIONALUM,2021-04-30,2021-05-03,2021-05-20,2021-05-21,reverted,1655.1,1689.6,64.7,71.25,1.7590187842305511,-10.322754590417313,-4.281867903093381,0.32544741116548853,0.19910698608964447,2021-05-27,False
DIXON,EICHERMOT,DIXON,EICHERMOT,2021-05-18,2021-05-19,2021-05-31,2021-06-01,window_end,3943.0,4050.0,2596.0,2653.05,2.3872557844788225,-2.3896042865947633,-0.0011742510579704213,0.3264140100938372,0.19199257627118646,2021-06-24,True
BHEL,YESBANK,YESBANK,BHEL,2021-05-03,2021-05-04,2021-05-31,2021-05-27,rollover,14.0,13.5,54.8,73.3,-3.8881872499999983,-33.979446277372276,-18.93381676368614,0.3167586785714286,0.22032218978102192,2021-05-27,False
HONAUT,TITAN,HONAUT,TITAN,2021-05-18,2021-05-19,2021-05-31,2021-06-01,window_end,42522.45,41799.95,1540.0,1606.3,-2.018737468707468,-4.499079148051944,-3.258908308379706,0.3196349946026158,0.19388434285714284,2021-06-24,True
NBCC,ULTRACEMCO,ULTRACEMCO,NBCC,2021-05-10,2021-05-11,2021-05-25,,no_fill,,,,,,,,,,,False
APOLLOHOSP,BEL,APOLLOHOSP,BEL,2021-05-11,2021-05-12,2021-05-28,2021-05-27,rollover,3274.9,3186.5,152.55,148.55,-3.017417499050359,2.434424706653554,-0.2914963961984025,0.3180984358728511,0.18766641101278267,2021-05-27,False
NAUKRI,OBEROIRLTY,NAUKRI,OBEROIRLTY,2021-05-12,2021-05-14,2021-05-31,,no_fill,,,,,,,,,,,False
RECLTD,SHREECEM,SHREECEM,RECLTD,2021-05-10,2021-05-11,2021-05-27,2021-05-27,rollover,27200.0,27180.0,135.0,142.85,-0.395661653970588,-6.010054192592584,-3.202857923281586,0.3221322422058824,0.19523937777777775,2021-05-27,False
IDBI,INDIGO,INDIGO,IDBI,2021-05-06,2021-05-07,2021-05-14,,no_fill,,,,,,,,,,,False
ESCORTS,SHREECEM,SHREECEM,ESCORTS,2021-05-07,2021-05-10,2021-05-21,2021-05-24,reverted,27979.0,27611.0,1174.0,1168.95,-1.6354968131098273,0.24051942759795134,-0.697488692755938,0.32022464469780904,0.1896338943781942,2021-05-27,False
HINDPETRO,MCDOWELL-N,MCDOWELL-N,HINDPETRO,2021-05-11,2021-05-12,2021-05-14,2021-05-17,reverted,558.0,571.0,266.6,255.45,2.003924882795704,3.9960296024006174,2.9999772425981606,0.3258242211469534,0.1862659714928732,2021-05-27,False
HINDPETRO,MCDOWELL-N,MCDOWELL-N,HINDPETRO,2021-05-24,2021-05-25,2021-05-27,2021-05-28,reverted,579.95,607.0,288.75,283.95,4.334784731321653,1.4738097766233793,2.904297253972516,0.3294104579187861,0.18852788571428575,2021-06-24,True
DRREDDY,ICICIGI,DRREDDY,ICICIGI,2021-05-21,2021-05-24,2021-05-24,2021-05-25,reverted,5236.0,5289.4,1544.65,1509.95,0.696050551176463,2.058460025895836,1.3772552885361495,0.32381193927425517,0.1880035742724889,2021-06-24,True
MCX,POLYCAB,MCX,POLYCAB,2021-05-14,2021-05-17,2021-05-20,,no_fill,,,,,,,,,,,False
MCX,POLYCAB,MCX,POLYCAB,2021-05-25,2021-05-26,2021-05-31,,no_fill,,,,,,,,,,,False
AMBUJACEM,JUBLFOOD,AMBUJACEM,JUBLFOOD,2021-05-26,2021-05-27,2021-05-31,2021-06-01,window_end,322.0,327.0,3174.8,3130.0,1.228164386956519,1.2223591256142217,1.2252617562853705,0.32463064409937886,0.18875338541010456,2021-06-24,True
PAGEIND,PFC,PAGEIND,PFC,2021-05-10,2021-05-11,2021-05-24,2021-05-25,reverted,29127.95,30542.25,113.55,119.9,4.525769560970812,-5.787289713782474,-0.630760076405831,0.3297043051955253,0.19503960369881113,2021-05-27,False
EXIDEIND,LTTS,LTTS,EXIDEIND,2021-05-04,2021-05-05,2021-05-21,2021-05-24,reverted,2602.0,2640.0,182.75,188.5,1.1359263377402056,-3.3392190150478864,-1.1016463386538404,0.32448872759415837,0.19284418604651163,2021-05-27,False
CUMMINSIND,FSL,CUMMINSIND,FSL,2021-05-03,2021-05-04,2021-05-31,,no_fill,,,,,,,,,,,False
L&TFH,NMDC,L&TFH,NMDC,2021-04-30,2021-05-03,2021-05-20,2021-05-21,reverted,86.1,91.0,153.1,180.9,5.360068960975608,-18.364385303723076,-6.502158171373734,0.330987949593496,0.20631868060091446,2021-05-27,False
SUNTV,TECHM,TECHM,SUNTV,2021-04-30,2021-05-03,2021-05-06,2021-05-07,reverted,960.0,980.0,555.0,495.85,1.7578876624999926,10.47720397117116,6.117545816835577,0.32544567083333326,0.18045368648648652,2021-05-27,False
ASHOKLEY,NCC,ASHOKLEY,NCC,2021-05-10,2021-05-11,2021-05-20,,no_fill,,,,,,,,,,,False
ADANIGREEN,RBLBANK,RBLBANK,ADANIGREEN,2021-05-19,2021-05-20,2021-05-27,,no_fill,,,,,,,,,,,False
BHEL,IRCTC,IRCTC,BHEL,2021-05-05,2021-05-06,2021-05-27,2021-05-27,rollover,1735.5,1900.0,59.0,73.3,9.141730070700095,-24.44906352542371,-7.6536667273618075,0.33680637412849324,0.21177538983050845,2021-05-27,False
BAJFINANCE,CANBK,CANBK,BAJFINANCE,2021-04-30,2021-05-03,2021-05-10,2021-05-11,reverted,136.95,144.0,5390.0,5416.6,4.817710701204823,-0.6839694649350728,2.066870618134875,0.33015348280394313,0.1904629714285714,2021-05-27,False
HONAUT,MCX,HONAUT,MCX,2021-05-10,2021-05-11,2021-05-12,,no_fill,,,,,,,,,,,False
ADANIPOWER,GUJGASLTD,ADANIPOWER,GUJGASLTD,2021-05-31,2021-06-01,2021-05-31,,no_fill,,,540.95,,,,,,,2021-06-24,False
FSL,GRANULES,GRANULES,FSL,2021-05-19,2021-05-20,2021-05-31,,no_fill,,,,,,,,,,,False
HINDUNILVR,SBICARD,HINDUNILVR,SBICARD,2021-05-19,2021-05-20,2021-05-31,,no_fill,,,,,,,,,,,False
IDFC,INDIANB,IDFC,INDIANB,2021-05-21,2021-05-24,2021-05-31,,no_fill,,,,,,,,,,,False
BATAINDIA,LUPIN,BATAINDIA,LUPIN,2021-05-05,2021-05-06,2021-05-14,2021-05-17,reverted,1365.0,1424.35,1213.95,1194.0,4.019060659846156,1.4548506388236817,2.7369556493349187,0.3289246881391941,0.188544888174966,2021-05-27,False
CDSL,EXIDEIND,EXIDEIND,CDSL,2021-05-28,2021-05-31,2021-05-31,,no_fill,,,,,,,,,,,False
IDFC,PVR,PVR,IDFC,2021-05-04,2021-05-05,2021-05-18,,no_fill,,,,,,,,,,,False
BEL,CEATLTD,CEATLTD,BEL,2021-05-05,2021-05-06,2021-05-25,2021-05-26,reverted,1377.9,1339.85,139.9,151.75,-3.079451572066201,-8.667958927805575,-5.873705249935888,0.31800299089193695,0.19762297355253755,2021-05-27,False
NATIONALUM,OBEROIRLTY,OBEROIRLTY,NATIONALUM,2021-05-03,2021-05-04,2021-05-19,2021-05-20,reverted,552.15,591.0,68.8,71.6,6.703077197881008,-4.263440465116264,1.219818366382372,0.3330542881282261,0.19367302325581395,2021-05-27,False
ESCORTS,SRF,ESCORTS,SRF,2021-06-08,2021-06-09,2021-06-28,2021-06-24,rollover,1212.95,1168.0,7058.15,6936.25,-4.022393321629091,1.5386116873401579,-1.2418908171444665,0.31655219050249395,0.18846977168238135,2021-06-24,False
BEL,DELTACORP,DELTACORP,BEL,2021-06-23,2021-06-24,2021-06-30,2021-07-01,window_end,179.25,178.0,170.0,177.8,-1.0185239824267747,-4.7823736941176485,-2.9004488382722116,0.3211739126917713,0.1941384,2021-07-29,True
IDBI,JSWSTEEL,JSWSTEEL,IDBI,2021-06-23,2021-06-24,2021-06-25,,no_fill,,,,,,,,,,,False
ACC,SIEMENS,SIEMENS,ACC,2021-06-17,2021-06-18,2021-06-30,2021-07-01,reverted,2017.0,2029.0,2059.0,2030.05,0.2717838177491237,1.2172643865954331,0.7445241021722784,0.3231591668815072,0.18875795434677028,2021-07-29,True
DIXON,TATAELXSI,TATAELXSI,DIXON,2021-06-02,2021-06-03,2021-06-08,,no_fill,,,,,,,,,,,False
DIXON,TATAELXSI,TATAELXSI,DIXON,2021-06-21,2021-06-22,2021-06-28,,no_fill,,,,,,,,,,,False
DIXON,TATAELXSI,DIXON,TATAELXSI,2021-06-30,2021-07-01,2021-06-30,,no_fill,,,,,,,,,,,False
CYIENT,HINDCOPPER,HINDCOPPER,CYIENT,2021-06-16,2021-06-17,2021-06-30,,no_fill,,,,,,,,,,,False
ADANIPORTS,IDBI,IDBI,ADANIPORTS,2021-06-01,2021-06-02,2021-06-29,2021-06-24,rollover,37.85,39.65,806.7,709.9,4.4260633685600945,11.820254907648456,8.123159138104276,0.32955089828269485,0.17924924507251766,2021-06-24,False
BANKBARODA,IDFC,IDFC,BANKBARODA,2021-06-28,2021-06-29,2021-06-30,2021-07-01,window_end,55.95,53.95,88.0,86.25,-3.8913739721179574,1.8004013636363645,-1.0454863042407965,0.3167537755138516,0.18823500000000004,2021-07-29,False
AUBANK,SRTRANSFIN,SRTRANSFIN,AUBANK,2021-06-14,2021-06-15,2021-06-30,2021-07-01,window_end,1475.0,1349.7,1081.0,1048.75,-8.804110344555934,2.796006604995372,-3.004051869780281,0.3091950903186441,0.1873421461609621,2021-07-29,True
HINDZINC,TATACOMM,HINDZINC,TATACOMM,2021-06-14,2021-06-15,2021-06-29,,no_fill,,,,,,,,,,,False
APOLLOHOSP,JSWSTEEL,JSWSTEEL,APOLLOHOSP,2021-06-25,2021-06-28,2021-06-30,2021-07-01,window_end,692.9,687.8,3457.0,3632.55,-1.0571514270746194,-5.272680505640726,-3.1649159663576727,0.3211144809063357,0.1945781047150709,2021-07-29,False
APOLLOHOSP,SHREECEM,SHREECEM,APOLLOHOSP,2021-06-29,2021-06-30,2021-06-30,2021-07-01,window_end,27830.0,27600.0,3618.05,3632.55,-1.14742187272727,-0.5911480993905538,-0.8692849860589119,0.3209755917355372,0.19037972968864442,2021-07-29,False
TITAN,UBL,UBL,TITAN,2021-05-31,2021-06-01,2021-06-08,2021-06-09,reverted,1255.0,1389.75,1606.3,1717.65,10.398312054701199,-7.1283221702048385,1.6349949422481802,0.33873973812749003,0.1962422349498848,2021-06-24,False
ASIANPAINT,BSOFT,ASIANPAINT,BSOFT,2021-06-08,2021-06-09,2021-06-21,,no_fill,,,,,,,,,,,False
ALKEM,TATAELXSI,ALKEM,TATAELXSI,2021-06-29,2021-06-30,2021-06-30,,no_fill,,,,,,,,,,,False
IDEA,YESBANK,YESBANK,IDEA,2021-06-03,2021-06-04,2021-06-24,2021-06-24,rollover,13.55,13.75,9.55,9.55,1.1515020678966812,-0.19002000000000002,0.48074103394834056,0.32451269225092255,0.19002000000000002,2021-06-24,False
IDEA,YESBANK,YESBANK,IDEA,2021-06-25,2021-06-28,2021-06-30,2021-07-01,window_end,13.7,13.55,10.95,9.05,-1.4154537116788253,17.17715296803652,7.880849628178847,0.32056320072992706,0.17444520547945205,2021-07-29,False
EXIDEIND,HINDPETRO,EXIDEIND,HINDPETRO,2021-06-17,2021-06-18,2021-06-29,2021-06-30,reverted,188.0,183.2,311.0,295.4,-2.87151441021277,4.8305596012861765,0.9795225955367033,0.31832292085106384,0.1855175691318328,2021-07-29,True
BIOCON,TATACOMM,BIOCON,TATACOMM,2021-06-02,2021-06-03,2021-06-29,,no_fill,,,,,,,,,,,False
PERSISTENT,VEDL,VEDL,PERSISTENT,2021-06-17,2021-06-18,2021-06-30,,no_fill,,,,,,,,,,,False
TATAMTRDVR,WOCKPHARMA,WOCKPHARMA,TATAMTRDVR,2021-06-24,2021-06-25,2021-06-30,,no_fill,,,,,,,,,,,False
GODREJCP,VEDL,VEDL,GODREJCP,2021-06-14,2021-06-15,2021-06-25,2021-06-28,reverted,274.05,263.85,927.2,881.25,-4.03847599540229,4.770209154443495,0.3658665795206022,0.31652744586754245,0.18557169111302846,2021-07-29,True
HDFCBANK,TRENT,HDFCBANK,TRENT,2021-06-08,2021-06-09,2021-06-16,2021-06-17,reverted,1483.9,1466.0,868.0,838.65,-1.5266728268347034,3.1943514930875594,0.833839333126428,0.3203920801536491,0.1869849124423963,2021-06-24,False
HDFCAMC,POLYCAB,HDFCAMC,POLYCAB,2021-06-16,2021-06-17,2021-06-30,,no_fill,,,,,,,,,,,False
DMART,NATIONALUM,NATIONALUM,DMART,2021-06-15,2021-06-16,2021-06-25,,no_fill,,,,,,,,,,,False
BANDHANBNK,RBLBANK,RBLBANK,BANDHANBNK,2021-06-17,2021-06-18,2021-06-30,2021-07-01,window_end,211.1,211.6,320.4,332.0,-0.0857544908574071,-3.813744144818985,-1.9497493178381962,0.3226090621506395,0.19326973782771537,2021-07-29,True
LAURUSLABS,PIDILITIND,PIDILITIND,LAURUSLABS,2021-06-07,2021-06-08,2021-06-18,,no_fill,,,,,,,,,,,False
CANBK,IBREALEST,CANBK,IBREALEST,2021-06-24,2021-06-25,2021-06-28,,no_fill,,,,,,,,,,,False
CENTURYTEX,YESBANK,CENTURYTEX,YESBANK,2021-06-07,2021-06-08,2021-06-30,,no_fill,,,,,,,,,,,False
KOTAKBANK,UNIONBANK,KOTAKBANK,UNIONBANK,2021-06-21,2021-06-22,2021-06-30,,no_fill,,,,,,,,,,,False
BSOFT,VBL,VBL,BSOFT,2021-06-10,2021-06-11,2021-06-30,,no_fill,,,,,,,,,,,False
BPCL,ICICIGI,BPCL,ICICIGI,2021-06-18,2021-06-21,2021-06-30,2021-07-01,window_end,471.7,468.1,1539.15,1582.0,-1.08426970421878,-2.976523080271565,-2.030396392245173,0.321072757006572,0.19251892213234575,2021-07-29,True
NAVINFLUOR,VBL,NAVINFLUOR,VBL,2021-06-04,2021-06-07,2021-06-30,,no_fill,,,,,,,,,,,False
JSWSTEEL,RECLTD,JSWSTEEL,RECLTD,2021-06-09,2021-06-10,2021-06-15,2021-06-16,reverted,701.3,720.0,165.4,157.05,2.3401350329673476,4.8628790084643265,3.601507020715837,0.3263415105946101,0.18548858524788392,2021-06-24,False
DEEPAKNTR,EXIDEIND,EXIDEIND,DEEPAKNTR,2021-07-01,2021-07-02,2021-07-30,2021-07-29,rollover,182.75,177.3,1886.0,1900.75,-3.2998799842954787,-0.9728004665959638,-2.1363402254457213,0.31766384202462383,0.19072199363732772,2021-07-29,False
BPCL,JINDALSTEL,BPCL,JINDALSTEL,2021-07-27,2021-07-28,2021-07-30,2021-08-02,window_end,453.6,448.05,421.55,434.1,-1.5439105319444475,-3.169800543233315,-2.3568555375888813,0.32036555839947095,0.19269225240185034,2021-08-26,True
MPHASIS,TATAELXSI,MPHASIS,TATAELXSI,2021-06-30,2021-07-01,2021-07-08,,no_fill,,,,,,,,,,,False
MPHASIS,TATAELXSI,TATAELXSI,MPHASIS,2021-07-23,2021-07-26,2021-07-30,2021-08-02,window_end,4262.75,4264.0,2475.3,2626.95,-0.29296645464782867,-6.322049290995025,-3.307507872821427,0.32229024797372585,0.19551917343352318,2021-08-26,True
HCLTECH,SBIN,SBIN,HCLTECH,2021-07-15,2021-07-16,2021-07-20,2021-07-22,reverted,432.0,425.55,1038.95,973.8,-1.8130070847916668,6.086362755666783,2.136677835437558,0.3199515292361111,0.1843913710958179,2021-07-29,False
ABCAPITAL,L&TFH,L&TFH,ABCAPITAL,2021-07-19,2021-07-20,2021-07-30,,no_fill,,,,,,,,,,,False
JSWSTEEL,PETRONET,PETRONET,JSWSTEEL,2021-07-13,2021-07-14,2021-07-30,2021-07-29,rollover,222.55,217.0,704.7,748.4,-2.8122357395192124,-6.39680659287639,-4.604521166197801,0.3184141263985621,0.19558621541081309,2021-07-29,False
BHARATFORG,GODREJPROP,GODREJPROP,BHARATFORG,2021-07-01,2021-07-02,2021-07-05,2021-07-06,reverted,1388.0,1452.3,767.0,769.8,4.303202974942369,-0.555406346805724,1.8738983140683225,0.32936186655619604,0.19034767666232072,2021-07-29,False
BHARATFORG,GODREJPROP,BHARATFORG,GODREJPROP,2021-07-30,2021-08-02,2021-07-30,,no_fill,,,1615.95,,,,,,,2021-08-26,False
ADANIPORTS,DIVISLAB,ADANIPORTS,DIVISLAB,2021-07-16,2021-07-19,2021-07-30,2021-07-29,rollover,686.0,671.0,4742.9,4843.85,-2.5054750265306085,-2.3203751143815023,-2.4129250704560556,0.31888610524781336,0.19193049189314557,2021-07-29,False
BANKBARODA,BANKINDIA,BANKBARODA,BANKINDIA,2021-07-30,2021-08-02,2021-07-30,,no_fill,,,,,,,,,,,False
NAM-INDIA,TATACHEM,TATACHEM,NAM-INDIA,2021-07-01,2021-07-02,2021-07-14,2021-07-15,reverted,725.0,781.0,371.0,388.3,7.390026709517239,-4.85727835040432,1.2663741795564598,0.3341112215172414,0.19420557412398923,2021-07-29,False
NAM-INDIA,TATACHEM,TATACHEM,NAM-INDIA,2021-07-16,2021-07-19,2021-07-30,2021-07-29,rollover,778.0,738.0,407.25,400.75,-5.455735040616962,1.4074838428483691,-2.0241255988842966,0.3143468658097686,0.18858736648250457,2021-07-29,False
EICHERMOT,RECLTD,EICHERMOT,RECLTD,2021-07-15,2021-07-16,2021-07-27,2021-07-28,reverted,2667.5,2576.5,151.25,145.55,-3.7284383934020617,3.5819577322314,-0.07324033058533086,0.31700446650421743,0.1866373090909091,2021-07-29,False
DMART,EICHERMOT,EICHERMOT,DMART,2021-07-16,2021-07-19,2021-07-30,,no_fill,,,,,,,,,,,False
DIXON,EICHERMOT,EICHERMOT,DIXON,2021-07-15,2021-07-16,2021-07-28,,no_fill,,,,,,,,,,,False
BEL,SUNPHARMA,SUNPHARMA,BEL,2021-07-28,2021-07-29,2021-07-29,2021-07-30,reverted,687.8,702.95,191.5,187.8,1.8770461893719148,1.7438291488250572,1.810437669098486,0.3256290069060774,0.18828573368146212,2021-08-26,True
BEL,SUNPHARMA,BEL,SUNPHARMA,2021-07-30,2021-08-02,2021-07-30,,no_fill,,,781.6,,,,,,,2021-08-26,False
DELTACORP,TCS,TCS,DELTACORP,2021-07-05,2021-07-06,2021-07-15,,no_fill,,,,,,,,,,,False
NESTLEIND,SBIN,SBIN,NESTLEIND,2021-07-22,2021-07-23,2021-07-30,2021-08-02,window_end,422.9,434.75,18000.0,17738.8,2.475531040695201,1.2623936284444475,1.8689623345698243,0.3265498294868764,0.18871748266666666,2021-08-26,True
HINDCOPPER,MOTHERSUMI,HINDCOPPER,MOTHERSUMI,2021-06-30,2021-07-01,2021-07-07,2021-07-08,reverted,145.0,148.85,243.35,235.35,2.3288482688965426,3.100376876926243,2.714612572911393,0.3263241448965517,0.1870691884117526,2021-07-29,False
HINDCOPPER,MOTHERSUMI,MOTHERSUMI,HINDCOPPER,2021-07-27,2021-07-28,2021-07-30,,no_fill,,,,,,,,,,,False
INDIAMART,TORNTPHARM,INDIAMART,TORNTPHARM,2021-07-22,2021-07-23,2021-07-30,2021-08-02,window_end,7260.0,7111.0,3025.0,3083.95,-2.371433937272732,-2.1405295378512412,-2.255981737561987,0.31909233947658405,0.19176920727272728,2021-08-26,True
COALINDIA,TATAELXSI,COALINDIA,TATAELXSI,2021-06-30,2021-07-01,2021-07-20,,no_fill,,,,,,,,,,,False
BIOCON,INFY,BIOCON,INFY,2021-07-26,2021-07-27,2021-07-30,2021-08-02,window_end,394.95,387.3,1614.25,1626.1,-2.256223645651346,-0.9247659538485291,-1.5904947997499375,0.3192696008355488,0.19067891652470184,2021-08-26,True
ABFRL,TORNTPOWER,ABFRL,TORNTPOWER,2021-07-20,2021-07-22,2021-07-22,2021-07-23,reverted,210.9,220.7,475.55,475.35,4.3173683539117995,-0.14792568394491326,2.0847213349834433,0.3293836612612613,0.18998225002628535,2021-08-26,True
ABFRL,TORNTPOWER,TORNTPOWER,ABFRL,2021-07-28,2021-07-29,2021-07-30,2021-08-02,window_end,455.95,460.85,229.0,225.0,0.7507830909529531,1.5582727510917072,1.1545279210223303,0.3238961501919071,0.18845213973799127,2021-08-26,True
MCDOWELL-N,SYNGENE,MCDOWELL-N,SYNGENE,2021-07-15,2021-07-16,2021-07-23,,no_fill,,,,,,,,,,,False
BEL,NATIONALUM,BEL,NATIONALUM,2021-07-30,2021-08-02,2021-07-30,,no_fill,,,94.7,,,,,,,2021-08-26,False
BAJAJFINSV,POLYCAB,POLYCAB,BAJAJFINSV,2021-07-09,2021-07-12,2021-07-20,2021-07-22,reverted,1951.0,1905.0,12880.0,12425.0,-2.67638838831369,3.3457595652173904,0.33468558845185026,0.31862313972321893,0.18684913043478263,2021-07-29,False
BAJAJFINSV,POLYCAB,POLYCAB,BAJAJFINSV,2021-07-26,2021-07-27,2021-07-30,2021-08-02,window_end,1860.0,1869.95,13593.95,14349.95,0.21187923824193744,-5.756309309582572,-2.7722150356703175,0.3230669983172043,0.19501182062608732,2021-08-26,True
GRASIM,MINDTREE,MINDTREE,GRASIM,2021-07-12,2021-07-13,2021-07-30,2021-07-29,rollover,2505.0,2729.0,1548.2,1544.6,8.606133457724543,0.042716814365076794,4.32442513604481,0.3359823107385231,0.1898112827800026,2021-07-29,False
APOLLOTYRE,MGL,MGL,APOLLOTYRE,2021-07-14,2021-07-15,2021-07-19,2021-07-20,reverted,1175.9,1143.0,238.0,226.8,-3.1158040200187163,4.520086352941171,0.7021411664612272,0.31794705939280554,0.18579599999999996,2021-07-29,False
CROMPTON,LT,LT,CROMPTON,2021-07-02,2021-07-05,2021-07-15,,no_fill,,,,,,,,,,,False
DRREDDY,IDBI,IDBI,DRREDDY,2021-07-01,2021-07-02,2021-07-09,2021-07-12,reverted,37.85,40.0,5577.0,5498.95,5.349345590224559,1.2107341273085943,3.2800398587665764,0.3309714507265522,0.18876381065088763,2021-07-29,False
DRREDDY,IDBI,DRREDDY,IDBI,2021-07-27,2021-07-28,2021-07-30,,no_fill,,,,,,,,,,,False
EICHERMOT,LICHSGFIN,EICHERMOT,LICHSGFIN,2021-07-16,2021-07-19,2021-07-26,2021-07-27,reverted,2609.0,2566.1,467.2,443.7,-1.9640273350939146,4.844460650684932,1.440216657795509,0.3197191710463779,0.18550510273972604,2021-07-29,False
EICHERMOT,LICHSGFIN,LICHSGFIN,EICHERMOT,2021-07-29,2021-07-30,2021-07-30,2021-08-02,window_end,408.0,414.0,2517.75,2510.0,1.1460838794117594,0.11807081124019031,0.6320773453259748,0.32450435588235305,0.1897437056896038,2021-08-26,False
AUBANK,COALINDIA,COALINDIA,AUBANK,2021-07-06,2021-07-07,2021-07-30,2021-07-29,rollover,147.5,144.05,1129.3,1193.65,-2.6576350442711827,-5.893354858762074,-4.275494951516628,0.3186519934237288,0.19513472239440363,2021-07-29,False
CHOLAFIN,COLPAL,CHOLAFIN,COLPAL,2021-06-30,2021-07-01,2021-07-29,2021-07-29,rollover,514.0,484.0,1699.25,1709.5,-6.149854775875488,-0.7937687362071392,-3.4718117560413133,0.31327890038910505,0.19056143887008972,2021-07-29,False
BAJAJFINSV,JUSTDIAL,JUSTDIAL,BAJAJFINSV,2021-07-22,2021-07-23,2021-07-30,2021-08-02,window_end,986.0,970.0,13040.5,14349.95,-1.9424703910750507,-10.240442624285874,-6.091456507680462,0.319752338336714,0.19903316912695065,2021-08-26,True
RBLBANK,SCI,SCI,RBLBANK,2021-07-07,2021-07-08,2021-07-13,2021-07-14,reverted,109.25,111.85,224.4,219.25,2.053961493272308,2.1070489126559715,2.0805052029641398,0.32590120695652175,0.18796,2021-07-29,False
ICICIBANK,IDBI,IDBI,ICICIBANK,2021-07-06,2021-07-07,2021-07-12,2021-07-13,reverted,37.7,39.1,650.0,653.9,3.3855778334217512,-0.7905585600000006,1.2975096367108754,0.3279500180371353,0.19055856000000004,2021-07-29,False
ICICIBANK,IDBI,IDBI,ICICIBANK,2021-07-23,2021-07-26,2021-07-30,2021-08-02,window_end,37.4,38.0,678.8,686.5,1.2795683411764769,-1.325392940483214,-0.022912299653368606,0.32470973368983963,0.19103819681791398,2021-08-26,True
BANDHANBNK,SIEMENS,BANDHANBNK,SIEMENS,2021-07-29,2021-07-30,2021-07-30,2021-08-02,window_end,293.0,294.9,1951.3,1967.75,0.32522277631398294,-1.0338044267923934,-0.3542908252392052,0.3232413875085323,0.19077670168605546,2021-08-26,False
COALINDIA,IPCALAB,COALINDIA,IPCALAB,2021-07-22,2021-07-23,2021-07-30,,no_fill,,,,,,,,,,,False
GRASIM,PFIZER,GRASIM,PFIZER,2021-07-08,2021-07-09,2021-07-12,2021-07-13,reverted,1475.0,1540.0,5750.1,5772.9,4.0777646515254204,-0.5868907549433715,1.7454369482910246,0.32901500949152546,0.1903759117232744,2021-07-29,False
GRASIM,PFIZER,PFIZER,GRASIM,2021-07-20,2021-07-22,2021-07-29,2021-07-30,reverted,5565.0,5835.0,1587.7,1526.05,4.52205343396226,3.6964407318763084,4.109247082919284,0.3296985876010782,0.18653464130503242,2021-08-26,True
CROMPTON,MARUTI,MARUTI,CROMPTON,2021-07-30,2021-08-02,2021-07-30,,no_fill,,,,,,,,,,,False
COLPAL,NMDC,NMDC,COLPAL,2021-07-06,2021-07-07,2021-07-16,2021-07-19,reverted,166.0,176.9,1687.35,1742.75,6.233932593132527,-3.4762218573502914,1.378855367891118,0.3323324671084337,0.19296704951551247,2021-07-29,False
MANAPPURAM,SUNPHARMA,SUNPHARMA,MANAPPURAM,2021-07-02,2021-07-05,2021-07-30,2021-07-29,rollover,684.0,687.8,174.35,208.6,0.2324568966666647,-19.852046268999143,-9.809794686166239,0.3230986588888889,0.20765280757097793,2021-07-29,False
YESBANK,ZEEL,ZEEL,YESBANK,2021-07-15,2021-07-16,2021-07-30,,no_fill,,,,,,,,,,,False
HINDPETRO,SBIN,HINDPETRO,SBIN,2021-07-08,2021-07-09,2021-07-22,2021-07-23,reverted,284.1,275.45,426.15,424.1,-3.3622704182682277,0.2914630646485912,-1.5354036768098183,0.31756784875044003,0.18958820837733192,2021-07-29,False
BHEL,ICICIGI,BHEL,ICICIGI,2021-08-10,2021-08-11,2021-08-31,2021-08-26,rollover,54.6,53.1,1441.1,1471.15,-3.0652775461538475,-2.2771043716605583,-2.6711909589072027,0.3180247989010989,0.19189168690583586,2021-08-26,False
INDIGO,TATAMTRDVR,INDIGO,TATAMTRDVR,2021-08-03,2021-08-04,2021-08-11,,no_fill,,,,,,,,,,,False
INDIGO,TATAMTRDVR,TATAMTRDVR,INDIGO,2021-08-27,2021-08-30,2021-08-31,2021-09-01,window_end,138.0,136.55,1781.85,1920.0,-1.3713556871739088,-7.950157129387994,-4.660756408280951,0.3206310494927537,0.1969792524623285,2021-09-30,False
MFSL,PIDILITIND,MFSL,PIDILITIND,2021-08-20,2021-08-23,2021-08-30,2021-08-31,reverted,1040.05,1061.0,2283.15,2281.95,1.6889865739820176,-0.13741385848497373,0.7757863577485219,0.3253396603336378,0.18997282307338542,2021-09-30,True
GRASIM,WIPRO,GRASIM,WIPRO,2021-08-17,2021-08-18,2021-08-31,2021-09-01,window_end,1482.2,1510.0,632.0,644.0,1.5504638080421018,-2.0904584810126683,-0.26999733648528323,0.32512653064363783,0.19172430379746838,2021-09-30,True
GMRINFRA,TRENT,GMRINFRA,TRENT,2021-08-31,2021-09-01,2021-08-31,,no_fill,,,999.05,,,,,,,2021-09-30,False
RAYMOND,TATACOFFEE,RAYMOND,TATACOFFEE,2021-08-31,2021-09-01,2021-08-31,,no_fill,,,,,,,,,,,False
SBILIFE,TECHM,SBILIFE,TECHM,2021-08-10,2021-08-11,2021-08-30,2021-08-26,rollover,1130.0,1151.2,1326.05,1449.5,1.5509788715752304,-9.50798001055768,-3.978500569491225,0.3251273231150443,0.19837630029033596,2021-08-26,False
BHARATFORG,SUNTV,BHARATFORG,SUNTV,2021-07-30,2021-08-02,2021-08-06,2021-08-09,reverted,777.25,784.0,555.0,542.6,0.5448671157928571,2.0462196828828825,1.2955433993378698,0.3235793300096494,0.18801455135135137,2021-08-26,False
CENTURYTEX,PIDILITIND,PIDILITIND,CENTURYTEX,2021-07-30,2021-08-02,2021-08-11,,no_fill,,,,,,,,,,,False
DIXON,STAR,DIXON,STAR,2021-08-03,2021-08-04,2021-08-06,2021-08-09,reverted,4289.75,4300.0,791.95,715.0,-0.08367060512849378,9.535224058337024,4.7257767266042645,0.3226122683955942,0.1812984493970579,2021-08-26,False
DIXON,STAR,STAR,DIXON,2021-08-09,2021-08-10,2021-08-31,,no_fill,,,,,,,,,,,False
CADILAHC,IEX,CADILAHC,IEX,2021-08-16,2021-08-17,2021-08-31,,no_fill,,,,,,,,,,,False
BHARTIARTL,NAUKRI,BHARTIARTL,NAUKRI,2021-08-26,2021-08-27,2021-08-31,2021-09-01,window_end,588.8,668.0,5820.0,6180.0,13.108177847010882,-6.381139175257732,3.363519335876575,0.3429091095108695,0.19557216494845361,2021-09-30,False
BALKRISIND,TATACOMM,BALKRISIND,TATACOMM,2021-08-09,2021-08-10,2021-08-12,,no_fill,,,,,,,,,,,False
FORTIS,TV18BRDCST,TV18BRDCST,FORTIS,2021-08-17,2021-08-18,2021-08-31,,no_fill,,,,,,,,,,,False
ASHOKLEY,NAVINFLUOR,NAVINFLUOR,ASHOKLEY,2021-07-30,2021-08-02,2021-08-10,2021-08-11,reverted,3664.3,3880.0,134.4,131.85,5.555238522724654,1.709004464285727,3.63212149350519,0.3312882354556123,0.18831696428571426,2021-08-26,False
BHARTIARTL,DLF,DLF,BHARTIARTL,2021-08-06,2021-08-09,2021-08-31,2021-08-26,rollover,345.0,309.0,609.95,586.9,-10.740997624347822,3.5923703074022537,-3.574313658472784,0.30621501565217385,0.1866279711451758,2021-08-26,False
BEL,LAURUSLABS,BEL,LAURUSLABS,2021-08-09,2021-08-10,2021-08-23,,no_fill,,,,,,,,,,,False
BANKINDIA,ICICIGI,ICICIGI,BANKINDIA,2021-08-02,2021-08-03,2021-08-05,,no_fill,,,,,,,,,,,False
BANKINDIA,ICICIGI,BANKINDIA,ICICIGI,2021-08-20,2021-08-23,2021-08-31,2021-09-01,window_end,65.0,66.2,1476.65,1607.55,1.5210725366153914,-9.062636790708689,-3.770782127046649,0.3250813095384616,0.197976918701114,2021-09-30,True
DELTACORP,LALPATHLAB,DELTACORP,LALPATHLAB,2021-08-03,2021-08-04,2021-08-17,2021-08-18,reverted,179.7,181.9,3917.1,3875.0,0.9001367158597688,0.8857194235531317,0.8929280697064503,0.32412594412910406,0.18905528222409437,2021-08-26,False
CHOLAFIN,TATAMOTORS,TATAMOTORS,CHOLAFIN,2021-08-02,2021-08-03,2021-08-11,2021-08-12,reverted,298.5,297.3,522.9,505.2,-0.7236376719597986,3.197986792885822,1.2371745604630118,0.3216276217085427,0.18698165232358008,2021-08-26,False
CHOLAFIN,TATAMOTORS,TATAMOTORS,CHOLAFIN,2021-08-26,2021-08-27,2021-08-31,2021-09-01,window_end,282.9,289.0,532.95,556.5,1.8306812833510233,-4.61278732901772,-1.3910530228333482,0.3255576703428774,0.19398631578947367,2021-09-30,False
BHARATFORG,ICICIBANK,BHARATFORG,ICICIBANK,2021-08-23,2021-08-24,2021-08-31,2021-09-01,window_end,727.25,770.7,687.25,722.45,5.643138228023376,-5.316479879228819,0.16332917439727845,0.33142347702990715,0.19461738377591847,2021-09-30,True
MARICO,MCDOWELL-N,MCDOWELL-N,MARICO,2021-07-30,2021-08-02,2021-08-05,2021-08-06,reverted,647.0,646.5,554.25,534.1,-0.3994062335394166,3.4487867911592147,1.524690278809899,0.32212648083462136,0.18675673612990523,2021-08-26,False
MARICO,MCDOWELL-N,MARICO,MCDOWELL-N,2021-08-18,2021-08-20,2021-08-31,2021-09-01,window_end,523.7,549.35,718.7,716.3,4.568072883463811,0.14421601502714962,2.3561444492454804,0.32976939264846283,0.1897202588006122,2021-09-30,True
INFY,MFSL,MFSL,INFY,2021-08-05,2021-08-06,2021-08-30,2021-08-26,rollover,1084.7,1013.35,1655.4,1727.7,-6.889995755443907,-4.561464755346127,-5.725730255395018,0.31214012715958334,0.19394028996013046,2021-08-26,False
ESCORTS,YESBANK,YESBANK,ESCORTS,2021-08-02,2021-08-03,2021-08-31,2021-08-26,rollover,12.8,10.95,1199.35,1343.15,-14.75316693359376,-12.190609892858653,-13.471888413226207,0.30004193359375,0.20078206945428778,2021-08-26,False
GRASIM,NCC,NCC,GRASIM,2021-08-18,2021-08-20,2021-08-31,2021-09-01,window_end,79.0,79.5,1492.1,1510.9,0.3096938974683578,-1.4511201192949725,-0.5707131109133073,0.32321749493670887,0.19115094832786006,2021-09-30,True
MOTHERSUMI,NATIONALUM,MOTHERSUMI,NATIONALUM,2021-07-30,2021-08-02,2021-08-11,2021-08-12,reverted,237.0,225.85,94.7,83.5,-5.019659157848101,11.647417296726504,3.3138790694392015,0.3150178076371308,0.1794042449841605,2021-08-26,False
DABUR,GRASIM,GRASIM,DABUR,2021-08-17,2021-08-18,2021-08-31,2021-09-01,window_end,1482.2,1510.0,600.85,620.65,1.5504638080421018,-3.48830950320379,-0.968922847580844,0.32512653064363783,0.19297788965632023,2021-09-30,True
BPCL,VOLTAS,BPCL,VOLTAS,2021-07-30,2021-08-02,2021-08-04,2021-08-05,reverted,448.05,456.1,1057.75,1036.0,1.4716691802477422,1.868077168518078,1.66987317438291,0.32500529804709305,0.1881743086740723,2021-08-26,False
BPCL,VOLTAS,VOLTAS,BPCL,2021-08-13,2021-08-16,2021-08-31,2021-08-26,rollover,975.1,965.0,457.3,466.75,-1.3564451915290718,-2.2583520183686816,-1.8073986049488768,0.3206539906266024,0.1918748698884758,2021-08-26,False
NBCC,TATACOFFEE,NBCC,TATACOFFEE,2021-08-31,2021-09-01,2021-08-31,,no_fill,,,,,,,,,,,False
IDBI,SRF,IDBI,SRF,2021-07-30,2021-08-02,2021-08-25,2021-08-26,reverted,38.0,37.7,8670.0,8906.95,-1.1105060742105177,-2.925460441983864,-2.017983258097191,0.32103239,0.19247312941176473,2021-08-26,False
IDBI,SRF,IDBI,SRF,2021-08-30,2021-08-31,2021-08-31,2021-09-01,window_end,38.5,38.3,9789.95,10262.5,-0.8409276800000112,-5.0212414146139555,-2.931084547306983,0.32144716051948047,0.19435261538618684,2021-09-30,False
FORTIS,JUBLFOOD,JUBLFOOD,FORTIS,2021-08-23,2021-08-24,2021-08-31,,no_fill,,,,,,,,,,,False
CENTURYTEX,MINDTREE,CENTURYTEX,MINDTREE,2021-08-18,2021-08-20,2021-08-31,2021-09-01,window_end,778.0,776.0,3174.9,3663.55,-0.5789196920308509,-15.594870931997871,-8.086895312014361,0.3218502832904885,0.20383499385807424,2021-09-30,True
AMARAJABAT,BALRAMCHIN,AMARAJABAT,BALRAMCHIN,2021-07-30,2021-08-02,2021-08-04,,no_fill,,,,,,,,,,,False
AMARAJABAT,BALRAMCHIN,AMARAJABAT,BALRAMCHIN,2021-08-25,2021-08-26,2021-08-31,,no_fill,,,,,,,,,,,False
JSWSTEEL,SIEMENS,JSWSTEEL,SIEMENS,2021-08-13,2021-08-16,2021-08-31,2021-08-26,rollover,745.0,683.0,2233.6,2211.05,-8.63160815140939,0.8204671454154637,-3.905570502996963,0.3094605004026846,0.18911380014326645,2021-08-26,False
ASTRAL,EICHERMOT,ASTRAL,EICHERMOT,2021-08-11,2021-08-12,2021-08-13,2021-08-16,reverted,1995.0,2051.05,2724.95,2549.0,2.482962546000008,6.272775013486485,4.377868779743246,0.3265612635238095,0.18422419750821115,2021-08-26,False
BANKBARODA,MRF,BANKBARODA,MRF,2021-08-20,2021-08-23,2021-08-31,2021-09-01,window_end,75.3,77.2,78299.0,80244.45,2.1971189043824677,-2.6654945968914086,-0.23418784625447042,0.3261214674634795,0.18085239201011508,2021-09-30,True
JSWSTEEL,JUSTDIAL,JSWSTEEL,JUSTDIAL,2021-08-20,2021-08-23,2021-08-31,,no_fill,,,,,,,,,,,False
BAJFINANCE,ZEEL,ZEEL,BAJFINANCE,2021-08-10,2021-08-11,2021-08-31,2021-08-26,rollover,184.9,170.15,6208.0,6932.05,-8.287275306273658,-11.863665413659792,-10.075470359966726,0.30999028734451056,0.20048886726804122,2021-08-26,False
APLLTD,STAR,APLLTD,STAR,2021-07-30,2021-08-02,2021-08-09,2021-08-10,reverted,794.7,770.1,777.65,685.05,-3.4129975392978555,11.728338870957371,4.157670665829758,0.31748980052850134,0.1793316749180222,2021-08-26,False
LALPATHLAB,WOCKPHARMA,WOCKPHARMA,LALPATHLAB,2021-08-03,2021-08-04,2021-08-31,2021-08-26,rollover,530.55,437.7,3917.1,3801.2,-17.796066972858352,2.7714574154348925,-7.51230477871173,0.29536015917444164,0.18736416175231677,2021-08-26,False
MINDTREE,NCC,NCC,MINDTREE,2021-08-16,2021-08-17,2021-08-31,2021-09-01,window_end,80.8,79.5,2938.05,3663.55,-1.9286844403465362,-24.90543358383961,-13.417059012093073,0.31977354925742574,0.21218466023382856,2021-09-30,True
IDEA,ONGC,IDEA,ONGC,2021-08-03,2021-08-04,2021-08-31,2021-08-26,rollover,7.15,6.25,119.0,115.55,-12.890320676923084,2.711741949579833,-5.089289363671625,0.3029080895104895,0.18741771428571427,2021-08-26,False
INDIGO,ZEEL,INDIGO,ZEEL,2021-09-14,2021-09-15,2021-09-30,2021-09-30,rollover,1954.0,2027.25,262.0,303.2,3.420716491171947,-15.929325770992369,-6.254304639910211,0.32800408201125897,0.2041349312977099,2021-09-30,False
BOSCHLTD,IPCALAB,IPCALAB,BOSCHLTD,2021-09-16,2021-09-17,2021-09-30,2021-09-30,rollover,2574.5,2378.25,15348.55,15474.5,-7.933374182229564,-1.0113552578582357,-4.4723647200439,0.3105347959409594,0.19075656938277558,2021-09-30,False
BEL,LTI,BEL,LTI,2021-09-23,2021-09-24,2021-09-29,2021-09-30,reverted,208.0,206.0,6152.6,5779.0,-1.282306521153843,5.887660059812116,2.3026767693291363,0.3207680596153847,0.1845695666872542,2021-10-28,True
HDFCAMC,TRENT,HDFCAMC,TRENT,2021-09-28,2021-09-29,2021-09-30,2021-10-01,window_end,2910.0,2898.5,1001.0,1025.15,-0.7168271038144316,-2.6047729510489686,-1.6608000274317,0.32163810037800694,0.19218553846153846,2021-10-28,True
INDUSINDBK,TVSMOTOR,TVSMOTOR,INDUSINDBK,2021-09-16,2021-09-17,2021-09-30,2021-09-30,rollover,549.0,550.0,1139.05,1111.9,-0.1403756601092968,2.1956847399148343,1.0276545399027688,0.32252502258652094,0.18788051183003382,2021-09-30,False
BOMDYEING,GAIL,GAIL,BOMDYEING,2021-09-07,2021-09-08,2021-09-22,,no_fill,,,,,,,,,,,False
BANKBARODA,SUNTV,SUNTV,BANKBARODA,2021-09-01,2021-09-02,2021-09-20,2021-09-21,reverted,489.95,488.45,78.15,78.55,-0.6279285678946844,-0.7023156365962812,-0.6651221022454827,0.32177487874272886,0.19047942418426103,2021-09-30,False
BANKBARODA,SUNTV,BANKBARODA,SUNTV,2021-09-23,2021-09-24,2021-09-28,2021-09-29,reverted,80.05,78.95,533.0,491.9,-1.6942753703935025,7.5279708742964395,2.9168477519514684,0.3201342086196128,0.18309854409005624,2021-10-28,True
LTTS,PEL,PEL,LTTS,2021-09-03,2021-09-06,2021-09-28,2021-09-29,reverted,2627.95,2680.0,4361.7,4575.5,1.6553433932647277,-5.096178307082101,-1.7204174569086867,0.32528789728495594,0.1944198184194236,2021-09-30,False
DELTACORP,PIDILITIND,PIDILITIND,DELTACORP,2021-09-02,2021-09-03,2021-09-30,,no_fill,,,,,,,,,,,False
BANKBARODA,TATACONSUM,TATACONSUM,BANKBARODA,2021-09-16,2021-09-17,2021-09-20,2021-09-21,reverted,879.9,855.0,86.5,78.55,-3.1477649150357996,9.00898106358382,2.93060807427401,0.31789788469144226,0.18177038150289013,2021-09-30,False
BANKBARODA,TATACONSUM,TATACONSUM,BANKBARODA,2021-09-29,2021-09-30,2021-09-30,2021-10-01,window_end,823.0,812.9,81.85,81.05,-1.5475774135358522,0.7882549908368974,-0.3796612113494774,0.3203599165735116,0.18914268784361637,2021-10-28,True
BPCL,TATAPOWER,BPCL,TATAPOWER,2021-09-15,2021-09-16,2021-09-30,2021-09-30,rollover,437.5,439.8,140.0,158.75,0.2026614697599992,-13.594898571428567,-6.696118550834284,0.3230528159542857,0.20204142857142854,2021-09-30,False
NAM-INDIA,SIEMENS,SIEMENS,NAM-INDIA,2021-09-08,2021-09-09,2021-09-30,2021-09-30,rollover,2212.0,2134.8,440.75,425.35,-3.806937937468348,3.3071604968803103,-0.24988872029401876,0.31688368792043403,0.18688374588769144,2021-09-30,False
IEX,SBICARD,SBICARD,IEX,2021-08-31,2021-09-01,2021-09-29,2021-09-30,time,1149.0,1028.0,508.9,640.1,-10.836963794778072,-25.994257594812346,-18.41561069479521,0.30606736309834637,0.2131611122027903,2021-09-30,False
HINDALCO,IBULHSGFIN,IBULHSGFIN,HINDALCO,2021-08-31,2021-09-01,2021-09-16,2021-09-17,reverted,224.6,243.0,472.9,484.5,7.857511452537858,-2.6451716515119594,2.6061699005129495,0.33483048869100623,0.19222176781560585,2021-09-30,False
HINDALCO,IBULHSGFIN,IBULHSGFIN,HINDALCO,2021-09-21,2021-09-22,2021-09-27,2021-09-28,reverted,209.75,234.15,456.25,481.55,11.292780347365923,-5.740202855890409,2.776288745737757,0.3401159577592372,0.19499737643835616,2021-10-28,True
L&TFH,PIDILITIND,L&TFH,PIDILITIND,2021-09-21,2021-09-22,2021-09-23,2021-09-24,reverted,84.0,88.25,2455.0,2449.0,4.729506037500004,0.05459855804481037,2.3920522977724072,0.3300177720238096,0.1898006272912424,2021-10-28,True
L&TFH,PIDILITIND,PIDILITIND,L&TFH,2021-09-29,2021-09-30,2021-09-30,2021-10-01,window_end,2405.1,2384.0,91.0,90.8,-1.1981998643133351,0.02995749450549373,-0.5841211849039207,0.3208974652446884,0.18982272527472527,2021-10-28,True
IDEA,NAVINFLUOR,NAVINFLUOR,IDEA,2021-09-07,2021-09-08,2021-09-30,2021-09-30,rollover,4135.0,3697.85,8.75,11.9,-10.877951096108825,-36.222333600000006,-23.550142348054415,0.30600430046191046,0.2223336,2021-09-30,False
BPCL,COLPAL,COLPAL,BPCL,2021-09-06,2021-09-07,2021-09-07,2021-09-08,reverted,1702.0,1731.65,490.55,484.95,1.4171467447179877,0.9525804607073771,1.1848636027126824,0.3249214103936546,0.1889953215778208,2021-09-30,False
BPCL,COLPAL,BPCL,COLPAL,2021-09-16,2021-09-17,2021-09-29,2021-09-30,reverted,441.0,439.8,1722.45,1678.0,-0.5939360228571388,2.3929228035646877,0.8994933903537745,0.32182717931972793,0.1877036297134895,2021-09-30,False
BHARTIARTL,CANBK,CANBK,BHARTIARTL,2021-09-07,2021-09-08,2021-09-30,2021-09-30,rollover,156.1,168.95,668.35,688.3,7.897011363677118,-3.177662271265053,2.3596745462060325,0.3348912628443306,0.19269930276052963,2021-09-30,False
HINDZINC,MGL,MGL,HINDZINC,2021-09-17,2021-09-20,2021-09-30,,no_fill,,,,,,,,,,,False
M&M,NATIONALUM,M&M,NATIONALUM,2021-09-06,2021-09-07,2021-09-20,2021-09-21,reverted,755.1,740.1,99.0,83.9,-2.3056853549463594,15.076195919191917,6.385255282122779,0.31919349956297177,0.17632933333333337,2021-09-30,False
DMART,HINDALCO,HINDALCO,DMART,2021-09-20,2021-09-21,2021-09-29,,no_fill,,,,,,,,,,,False
ACC,TATACOMM,TATACOMM,ACC,2021-09-01,2021-09-02,2021-09-16,2021-09-17,reverted,1394.05,1390.0,2419.6,2432.15,-0.612319321064518,-0.7091663415440579,-0.660742831304288,0.32179889496789926,0.1904855678624566,2021-09-30,False
ABCAPITAL,HDFCLIFE,HDFCLIFE,ABCAPITAL,2021-09-27,2021-09-28,2021-09-30,,no_fill,,,,,,,,,,,False
BANKINDIA,TVSMOTOR,BANKINDIA,TVSMOTOR,2021-09-02,2021-09-03,2021-09-30,2021-09-30,rollover,60.0,55.6,528.6,549.45,-7.6443128760000025,-4.1379418615209955,-5.891127368760499,0.31097954266666666,0.19356047673098747,2021-09-30,False
BSOFT,HAVELLS,BSOFT,HAVELLS,2021-09-01,2021-09-02,2021-09-20,2021-09-21,reverted,410.0,412.35,1349.05,1410.0,0.25004501192684087,-4.712069495570972,-2.2310122418220657,0.3231257197804878,0.19407535154367891,2021-09-30,False
ADANIPORTS,HINDZINC,HINDZINC,ADANIPORTS,2021-08-31,2021-09-01,2021-09-07,2021-09-08,reverted,321.75,328.95,752.4,748.7,1.9120793292307734,0.30218110579478175,1.1071302175127775,0.3256829085314686,0.18957859649122807,2021-09-30,False
IBREALEST,MOTHERSUMI,IBREALEST,MOTHERSUMI,2021-09-15,2021-09-16,2021-09-22,2021-09-23,reverted,138.55,146.8,229.6,227.75,5.623136348538437,0.6164523693379822,3.1197943589382096,0.3313927023457236,0.18929675958188155,2021-09-30,False
ICICIPRULI,NTPC,NTPC,ICICIPRULI,2021-09-07,2021-09-08,2021-09-14,2021-09-15,reverted,113.85,116.0,704.75,689.4,1.5633034289855137,1.9900123746009246,1.7766579017932191,0.32514628555116387,0.1880649577864491,2021-09-30,False
ICICIPRULI,NTPC,ICICIPRULI,NTPC,2021-09-28,2021-09-29,2021-09-30,2021-10-01,window_end,663.0,673.75,132.4,140.45,1.2966817337104015,-6.2755378851963695,-2.489428075742984,0.3247360641779789,0.19547746223564955,2021-10-28,True
APLAPOLLO,FEDERALBNK,FEDERALBNK,APLAPOLLO,2021-09-07,2021-09-08,2021-09-30,,no_fill,,,,,,,,,,,False
IGL,MRF,MRF,IGL,2021-09-06,2021-09-07,2021-09-20,2021-09-21,reverted,81785.0,78870.0,570.8,539.9,-3.880993015870877,5.228293917309036,0.6736504507190793,0.31676974754539344,0.1851608829712684,2021-09-30,False
IGL,MRF,IGL,MRF,2021-09-27,2021-09-28,2021-09-30,2021-10-01,window_end,527.5,535.0,82311.2,78926.4,1.0973715402843638,3.93787062348745,2.517621081885907,0.32442940758293837,0.1743279594514477,2021-10-28,True
BOSCHLTD,VEDL,VEDL,BOSCHLTD,2021-09-20,2021-09-21,2021-09-30,2021-10-01,window_end,286.0,285.8,15177.15,15407.35,-0.39206784153846036,-1.7081352424532976,-1.050101541995879,0.3221377716083917,0.1913814382146846,2021-10-28,True
ADANIENT,M&MFIN,ADANIENT,M&MFIN,2021-09-15,2021-09-16,2021-09-30,2021-09-30,rollover,1523.0,1484.7,172.8,185.2,-2.8331554130137904,-7.372387037037019,-5.102771225025404,0.3183819396060407,0.19646111111111111,2021-09-30,False
NATIONALUM,SUNTV,SUNTV,NATIONALUM,2021-08-31,2021-09-01,2021-09-17,2021-09-20,reverted,485.6,492.5,90.8,90.35,1.0964945118204235,0.3060195594713667,0.7012570356458951,0.3244280581960462,0.18957515418502202,2021-09-30,False
ABFRL,HEROMOTOCO,HEROMOTOCO,ABFRL,2021-09-02,2021-09-03,2021-09-14,2021-09-15,reverted,2732.0,2860.0,219.7,217.5,4.355769553733529,0.8122443240782843,2.5840069389059064,0.3294427449487555,0.18912117432862996,2021-09-30,False
ABFRL,HEROMOTOCO,ABFRL,HEROMOTOCO,2021-09-20,2021-09-21,2021-09-22,2021-09-23,reverted,202.0,216.65,2885.05,2878.85,6.919088606485143,0.025073850019941835,3.4720812282525424,0.333386641039604,0.1898271049028613,2021-10-28,True
ABFRL,HEROMOTOCO,HEROMOTOCO,ABFRL,2021-09-30,2021-10-01,2021-09-30,,no_fill,,,243.0,,,,,,,2021-10-28,False
DELTACORP,TRENT,TRENT,DELTACORP,2021-09-02,2021-09-03,2021-09-30,,no_fill,,,,,,,,,,,False
PFC,PVR,PFC,PVR,2021-09-21,2021-09-22,2021-09-30,2021-10-01,window_end,133.4,141.9,1528.2,1590.0,6.03978034647677,-4.237623172359638,0.9010785870585662,0.33203374647676165,0.19364987043580684,2021-10-28,True
JUBLFOOD,TATAMTRDVR,JUBLFOOD,TATAMTRDVR,2021-09-15,2021-09-16,2021-09-17,,no_fill,,,,,,,,,,,False
JUBLFOOD,TATAMTRDVR,JUBLFOOD,TATAMTRDVR,2021-09-23,2021-09-24,2021-09-30,,no_fill,,,,,,,,,,,False
RAMCOCEM,SHREECEM,RAMCOCEM,SHREECEM,2021-08-31,2021-09-01,2021-09-28,2021-09-29,reverted,1015.85,982.0,28348.95,29234.15,-3.649311080779645,-3.3153370065205214,-3.4823240436500833,0.31712621096618593,0.19282276877979607,2021-09-30,False
INDIAMART,SBICARD,SBICARD,INDIAMART,2021-09-06,2021-09-07,2021-09-20,2021-09-21,reverted,1093.0,1030.9,9022.75,7989.25,-5.995127209643176,11.274640658890032,2.639756724623428,0.31351696261665146,0.1797385492227979,2021-09-30,False
MRF,STAR,STAR,MRF,2021-09-27,2021-09-28,2021-09-29,2021-09-30,reverted,593.0,597.5,82311.2,79800.0,0.4354423182124767,2.8759557334603256,1.6556990258364013,0.32341097015177067,0.1749049027592843,2021-10-28,True
AUBANK,PEL,AUBANK,PEL,2021-08-31,2021-09-01,2021-09-29,2021-09-30,reverted,1172.0,1162.6,2636.75,2660.25,-1.1230608549146799,-1.0820686811415512,-1.1025647680281154,0.3210130733447099,0.19081998482980944,2021-09-30,False
DIVISLAB,RELIANCE,DIVISLAB,RELIANCE,2021-09-08,2021-09-09,2021-09-15,2021-09-16,reverted,5084.2,5157.0,2426.55,2382.75,1.1074421204673344,1.6166320318971423,1.3620370761822382,0.3244449020730891,0.1883998034246152,2021-09-30,False
DIVISLAB,RELIANCE,DIVISLAB,RELIANCE,2021-09-27,2021-09-28,2021-09-30,2021-10-01,window_end,4965.0,4800.0,2541.5,2500.1,-3.640402757099692,1.4404014298642587,-1.1000006636177169,0.3171399172205438,0.18855784615384613,2021-10-28,True
IBREALEST,NAVINFLUOR,IBREALEST,NAVINFLUOR,2021-08-31,2021-09-01,2021-09-08,2021-09-09,reverted,136.9,148.15,4044.1,4019.95,7.882807727319202,0.40768225859895024,4.145244992959076,0.33486940927684444,0.18948398358101928,2021-09-30,False
IBREALEST,NAVINFLUOR,NAVINFLUOR,IBREALEST,2021-09-23,2021-09-24,2021-09-30,,no_fill,,,,,,,,,,,False
HINDZINC,TATACONSUM,TATACONSUM,HINDZINC,2021-10-14,2021-10-18,2021-10-22,,no_fill,,,,,,,,,,,False
INDIANB,NBCC,NBCC,INDIANB,2021-10-12,2021-10-13,2021-10-29,,no_fill,,,,,,,,,,,False
PIIND,TATAPOWER,PIIND,TATAPOWER,2021-09-30,2021-10-01,2021-10-29,2021-10-28,rollover,3170.0,2993.55,158.65,218.0,-5.879940244867505,-37.6329904128585,-21.756465328863,0.3136941880851736,0.2235986700283643,2021-10-28,False
ASHOKLEY,DMART,ASHOKLEY,DMART,2021-10-14,2021-10-18,2021-10-18,,no_fill,,,,,,,,,,,False
JINDALSTEL,SAIL,SAIL,JINDALSTEL,2021-10-01,2021-10-04,2021-10-28,2021-10-28,rollover,115.8,116.3,405.25,414.2,0.10887041917099338,-2.4005156249228876,-1.145822602875947,0.32290851001727117,0.1920023615052437,2021-10-28,False
LUPIN,MOTILALOFS,LUPIN,MOTILALOFS,2021-10-21,2021-10-22,2021-10-29,,no_fill,,,,,,,,,,,False
MINDTREE,POLYCAB,POLYCAB,MINDTREE,2021-10-19,2021-10-20,2021-10-29,2021-11-01,window_end,2389.9,2280.0,4810.0,4554.95,-4.9136996023850426,5.1172343218295255,0.10176735972224149,0.31518083590945223,0.18526048066528067,2021-11-25,True
CANBK,TECHM,TECHM,CANBK,2021-09-30,2021-10-01,2021-10-19,2021-10-20,reverted,1375.0,1544.0,172.4,191.1,11.949782276799995,-11.046623897911822,0.4515791894440868,0.34112681410909096,0.19975614849187937,2021-10-28,False
CANBK,TECHM,TECHM,CANBK,2021-10-29,2021-11-01,2021-10-29,,no_fill,,,214.5,,,,,,,2021-11-25,False
KOTAKBANK,PNB,KOTAKBANK,PNB,2021-10-18,2021-10-19,2021-10-21,2021-10-22,reverted,2011.9,2154.9,47.5,45.8,6.774544883105514,3.392139831578954,5.083342357342234,0.33316424756697643,0.1868075368421053,2021-11-25,True
BSOFT,L&TFH,BSOFT,L&TFH,2021-09-30,2021-10-01,2021-10-07,2021-10-08,reverted,407.9,429.45,90.8,91.0,4.952796312552102,-0.4104820264317309,2.2711571430601856,0.3303613241235597,0.19021770925110132,2021-10-28,False
BSOFT,L&TFH,L&TFH,BSOFT,2021-10-28,2021-10-29,2021-10-29,2021-11-01,window_end,81.2,82.05,423.0,410.05,0.7229447112068966,2.8741936926713962,1.7985692019391464,0.3238533183497537,0.18727202836879434,2021-11-25,False
EXIDEIND,MGL,MGL,EXIDEIND,2021-10-12,2021-10-13,2021-10-29,2021-10-28,rollover,1069.05,1000.0,188.5,172.0,-6.771328366802297,8.571152625994698,0.8999121295962,0.3123227075721435,0.18216302387267905,2021-10-28,False
JUSTDIAL,MCX,JUSTDIAL,MCX,2021-10-07,2021-10-08,2021-10-26,2021-10-27,reverted,1005.0,841.0,1909.95,1729.0,-16.615584397611936,9.292553927066157,-3.6615152352728897,0.2971764374129353,0.18151607476635512,2021-10-28,False
ASIANPAINT,SRF,ASIANPAINT,SRF,2021-10-04,2021-10-05,2021-10-29,2021-10-28,rollover,3208.55,3103.0,11597.7,2120.2,-3.6068395290801174,81.60211985531613,38.99764016311801,0.3171915572548347,0.11666921493054656,2021-10-28,False
GUJGASLTD,TATAMOTORS,GUJGASLTD,TATAMOTORS,2021-10-11,2021-10-12,2021-10-29,2021-10-28,rollover,621.85,594.0,422.5,481.05,-4.793937104140869,-14.060447095857983,-9.427192099999425,0.3153651012462813,0.2024589301775148,2021-10-28,False
CANBK,GAIL,GAIL,CANBK,2021-10-04,2021-10-05,2021-10-06,2021-10-07,reverted,161.6,168.05,182.5,176.65,3.662959838551992,3.018336690410958,3.340648264481475,0.3283767951113861,0.18714276164383561,2021-10-28,False
CANBK,GAIL,GAIL,CANBK,2021-10-12,2021-10-13,2021-10-29,2021-10-28,rollover,158.3,150.5,189.0,195.4,-5.242028798989271,-3.5793028783068737,-4.410665838648072,0.31467567201516106,0.19305949206349204,2021-10-28,False
COLPAL,MANAPPURAM,COLPAL,MANAPPURAM,2021-10-01,2021-10-04,2021-10-29,2021-10-28,rollover,1690.0,1537.0,181.95,200.6,-9.361591793017746,-10.449289161857655,-9.9054404774377,0.308337355147929,0.19922046166529267,2021-10-28,False
IEX,TATACOFFEE,TATACOFFEE,IEX,2021-09-30,2021-10-01,2021-10-06,2021-10-07,reverted,203.0,215.4,639.05,635.0,5.776745340689661,0.44430208434394347,3.1105237125168026,0.3316290435467981,0.1894511431030436,2021-10-28,False
IEX,TATACOFFEE,TATACOFFEE,IEX,2021-10-11,2021-10-12,2021-10-25,2021-10-26,reverted,217.3,212.0,784.8,720.0,-2.7575226975609777,8.074272110091739,2.6583747062653806,0.31849830731707324,0.182608623853211,2021-10-28,False
BAJFINANCE,IDBI,BAJFINANCE,IDBI,2021-09-30,2021-10-01,2021-10-25,,no_fill,,,,,,,,,,,False
HAVELLS,SHREECEM,SHREECEM,HAVELLS,2021-10-06,2021-10-07,2021-10-29,2021-10-28,rollover,28205.0,28244.0,1384.65,1263.75,-0.184184263336292,8.549265728523462,4.182540732593585,0.32245761912426874,0.18218265193370167,2021-10-28,False
IGL,UBL,IGL,UBL,2021-10-11,2021-10-12,2021-10-29,2021-10-28,rollover,514.95,474.0,1706.7,1630.95,-8.262257151704054,4.252353773949723,-2.0049516888771652,0.3100287800174774,0.1860361012480225,2021-10-28,False
DALBHARAT,MOTILALOFS,DALBHARAT,MOTILALOFS,2021-10-21,2021-10-22,2021-10-28,,no_fill,,,,,,,,,,,False
M&MFIN,RADICO,M&MFIN,RADICO,2021-10-11,2021-10-12,2021-10-29,,no_fill,,,,,,,,,,,False
IRCTC,POLYCAB,POLYCAB,IRCTC,2021-10-06,2021-10-07,2021-10-26,2021-10-27,reverted,2414.0,2319.95,4580.1,4249.6,-4.212283225878222,7.032456731949088,1.4100867530354328,0.31626002786661145,0.1835429187135652,2021-10-28,False
IRCTC,POLYCAB,IRCTC,POLYCAB,2021-10-28,2021-10-29,2021-10-29,2021-11-01,window_end,822.15,874.2,2260.05,2287.85,5.998990515708826,-1.4211853848366012,2.2889025654361124,0.33197098766648425,0.19112410300657068,2021-11-25,False
BOMDYEING,METROPOLIS,METROPOLIS,BOMDYEING,2021-10-13,2021-10-14,2021-10-20,,no_fill,,,,,,,,,,,False
OFSS,PFIZER,PFIZER,OFSS,2021-10-07,2021-10-08,2021-10-29,2021-10-28,rollover,5589.9,5161.55,4742.0,4431.05,-7.973400991568715,6.37322564993673,-0.8000876708159925,0.3104732111075333,0.18413411387600165,2021-10-28,False
IPCALAB,LTI,IPCALAB,LTI,2021-10-19,2021-10-20,2021-10-29,2021-11-01,window_end,2335.0,2174.2,6808.05,6753.7,-7.198175600822279,0.6090162080184487,-3.2945796964019154,0.3116659648479657,0.18930342829444552,2021-11-25,True
COALINDIA,TCS,TCS,COALINDIA,2021-09-30,2021-10-01,2021-10-20,2021-10-21,reverted,3781.75,3604.1,185.35,182.7,-5.012589338324853,1.2409908659293278,-1.8857992361977625,0.31502868518807436,0.18873667655786355,2021-10-28,False
RBLBANK,VEDL,RBLBANK,VEDL,2021-10-14,2021-10-18,2021-10-22,2021-10-25,reverted,192.0,205.0,346.0,326.7,6.438186603124993,5.39302152601156,5.915604064568276,0.33264673020833335,0.18501315606936414,2021-10-28,False
BIOCON,COROMANDEL,BIOCON,COROMANDEL,2021-10-06,2021-10-07,2021-10-26,2021-10-27,reverted,359.5,334.7,866.0,815.7,-7.210117688233662,5.623507630484987,-0.7933050288743377,0.311647590876217,0.18480645727482675,2021-10-28,False
GMRINFRA,SRTRANSFIN,SRTRANSFIN,GMRINFRA,2021-10-01,2021-10-04,2021-10-19,2021-10-20,reverted,1301.4,1437.8,41.05,41.95,10.142674023420923,-2.384436175395869,3.879118924012527,0.3383464161057323,0.1919879415347138,2021-10-28,False
EICHERMOT,TCS,TCS,EICHERMOT,2021-10-11,2021-10-12,2021-10-19,2021-10-20,reverted,3706.0,3612.0,2863.4,2704.75,-2.8547760892606555,5.3555693078158875,1.250396609277616,0.3183486742579601,0.18504674303275825,2021-10-28,False
ICICIBANK,LUPIN,LUPIN,ICICIBANK,2021-10-18,2021-10-19,2021-10-29,2021-11-01,window_end,941.8,926.0,753.9,810.0,-1.9973065324697328,-7.63800452845206,-4.817655530460897,0.3196679680186877,0.1966993155590927,2021-11-25,True
HDFCLIFE,HINDZINC,HINDZINC,HDFCLIFE,2021-10-01,2021-10-04,2021-10-08,2021-10-11,reverted,308.85,317.0,729.45,726.25,2.312522408256423,0.24906044691206083,1.2807914275842418,0.3262990260968107,0.1896262348344643,2021-10-28,False
HDFCLIFE,HINDZINC,HDFCLIFE,HINDZINC,2021-10-13,2021-10-14,2021-10-22,,no_fill,,,,,,,,,,,False
BPCL,FEDERALBNK,BPCL,FEDERALBNK,2021-10-13,2021-10-14,2021-10-29,2021-10-28,rollover,460.0,429.0,94.3,97.85,-7.05102280739131,-3.9579802120890646,-5.504501509740187,0.3118923726086957,0.19339908801696715,2021-10-28,False
INDIAMART,M&M,INDIAMART,M&M,2021-10-22,2021-10-25,2021-10-29,2021-11-01,window_end,7911.75,7248.9,894.55,887.45,-8.687419941313877,0.6043875747582473,-4.041516183277815,0.3093746289619869,0.18930757922978034,2021-11-25,True
HINDALCO,RECLTD,RECLTD,HINDALCO,2021-10-18,2021-10-19,2021-10-22,2021-10-25,reverted,166.0,151.65,546.85,478.0,-8.953543487289148,12.411570885983364,1.7290136993471084,0.3089651740361446,0.17871895583798117,2021-11-25,True
ASTRAL,CENTURYTEX,CENTURYTEX,ASTRAL,2021-10-25,2021-10-26,2021-10-29,2021-11-01,window_end,791.0,789.35,2141.95,2200.5,-0.5305214613274335,-2.9259640920656524,-1.728242776696543,0.32192474830594187,0.1924735810826583,2021-11-25,True
FORTIS,METROPOLIS,FORTIS,METROPOLIS,2021-10-28,2021-10-29,2021-10-29,2021-11-01,window_end,247.5,244.3,2832.65,2874.5,-1.6131882613333306,-1.6687612691296065,-1.6409747652314686,0.32025896840404044,0.1913461278308298,2021-11-25,False
BHEL,UNIONBANK,UNIONBANK,BHEL,2021-09-30,2021-10-01,2021-10-07,2021-10-08,reverted,36.0,37.55,64.25,63.95,3.976696049166651,0.2773251828793758,2.1270106160230133,0.3288595063888889,0.18960088715953308,2021-10-28,False
BHEL,UNIONBANK,BHEL,UNIONBANK,2021-10-18,2021-10-19,2021-10-29,,no_fill,,,,,,,,,,,False
FORTIS,IBREALEST,FORTIS,IBREALEST,2021-10-18,2021-10-19,2021-10-29,,no_fill,,,,,,,,,,,False
PIDILITIND,TVSMOTOR,PIDILITIND,TVSMOTOR,2021-10-21,2021-10-22,2021-10-29,2021-11-01,window_end,2306.0,2332.6,614.8,665.25,0.8294953198785743,-8.403306258946012,-3.786905469533719,0.32401725601040765,0.197385634352635,2021-11-25,True
INDUSINDBK,UPL,INDUSINDBK,UPL,2021-11-08,2021-11-09,2021-11-30,2021-11-25,rollover,1081.0,968.0,745.95,727.3,-10.759470589639223,2.312391721965295,-4.223539433836964,0.3061865933395005,0.18777584958777396,2021-11-25,False
GAIL,HINDALCO,HINDALCO,GAIL,2021-11-10,2021-11-11,2021-11-12,2021-11-15,reverted,449.05,473.6,152.75,149.35,5.136453308339841,2.037837178396071,3.587145243367956,0.33064389687117246,0.18802206873977087,2021-11-25,False
IDBI,ITC,IDBI,ITC,2021-11-17,2021-11-18,2021-11-30,2021-12-01,window_end,51.1,45.5,241.55,222.55,-11.264313956164383,7.6829066818464105,-1.7907036371589862,0.3054098465753424,0.18295959842682671,2021-12-30,True
SBICARD,TORNTPOWER,SBICARD,TORNTPOWER,2021-11-10,2021-11-11,2021-11-30,2021-11-25,rollover,1073.0,1003.0,539.2,552.55,-6.83598836682199,-2.668132566765571,-4.752060466793781,0.3122232223671948,0.1922423590504451,2021-11-25,False
CANBK,GRASIM,GRASIM,CANBK,2021-10-29,2021-11-01,2021-11-15,2021-11-16,reverted,1722.0,1860.0,214.5,228.95,7.679380863414635,-6.932663505827492,0.37335867879357165,0.33455641881533094,0.19606676923076924,2021-11-25,False
ADANIENT,GAIL,GAIL,ADANIENT,2021-11-09,2021-11-10,2021-11-30,2021-11-25,rollover,150.65,140.75,1633.1,1763.05,-6.883673253501502,-8.154421636152115,-7.519047444826809,0.31214985489545305,0.19716243585818383,2021-11-25,False
MARUTI,OFSS,OFSS,MARUTI,2021-10-29,2021-11-01,2021-11-10,2021-11-11,reverted,4485.0,4478.7,7420.0,7533.85,-0.4624976364816066,-1.7257638242587545,-1.0941307303701806,0.3220294090568562,0.1913972474393531,2021-11-25,False
MARUTI,OFSS,OFSS,MARUTI,2021-11-17,2021-11-18,2021-11-30,2021-12-01,window_end,4495.0,4235.1,8283.15,7174.15,-6.095342749779745,13.210623938598243,3.5576405944092486,0.3133627720266963,0.17800236902627625,2021-12-30,True
APOLLOTYRE,BEL,APOLLOTYRE,BEL,2021-10-29,2021-11-01,2021-11-01,2021-11-02,reverted,215.1,221.75,209.5,202.4,2.7645907354253927,3.202043465393796,2.9833171004095944,0.32699457373314744,0.18697801431980904,2021-11-25,False
APOLLOTYRE,BEL,APOLLOTYRE,BEL,2021-11-30,2021-12-01,2021-11-30,,no_fill,,,204.75,,,,,,,2021-12-30,False
AMARAJABAT,GMRINFRA,AMARAJABAT,GMRINFRA,2021-11-11,2021-11-12,2021-11-15,2021-11-16,reverted,699.0,687.5,43.15,40.6,-1.9649252287553685,5.72490208574739,1.8799884284960107,0.31971778955650926,0.18471552723059093,2021-11-25,False
AMARAJABAT,GMRINFRA,AMARAJABAT,GMRINFRA,2021-11-24,2021-11-25,2021-11-30,2021-12-01,reverted,635.0,622.0,39.3,38.05,-2.366344264881888,2.993496539440207,0.31357613727915945,0.3191001703937008,0.18716503816793895,2021-12-30,True
MARUTI,SBICARD,SBICARD,MARUTI,2021-10-29,2021-11-01,2021-11-11,2021-11-12,reverted,1069.9,1085.0,7420.0,7551.95,1.0869335071127963,-1.9699180905660287,-0.4414922917266162,0.32441334773343306,0.1916162037735849,2021-11-25,False
MARUTI,SBICARD,SBICARD,MARUTI,2021-11-16,2021-11-17,2021-11-30,2021-12-01,reverted,1079.0,965.0,8085.35,7174.15,-10.87135272882298,11.089861429004316,0.10925435009066753,0.30601445264133453,0.1799042583190585,2021-12-30,True
ICICIGI,PVR,ICICIGI,PVR,2021-11-08,2021-11-09,2021-11-11,2021-11-12,reverted,1511.0,1519.0,1799.05,1724.9,0.20639213898081377,3.935299309635629,2.0708457243082212,0.32305855592322963,0.18632043411800675,2021-11-25,False
ICICIGI,PVR,PVR,ICICIGI,2021-11-24,2021-11-25,2021-11-30,2021-12-01,window_end,1570.0,1371.6,1482.6,1450.9,-12.939774675261157,1.9500348981518778,-5.494869888554639,0.3028320001019108,0.18810080938891138,2021-12-30,True
DALBHARAT,TATACONSUM,TATACONSUM,DALBHARAT,2021-11-10,2021-11-11,2021-11-15,2021-11-16,reverted,842.15,855.9,2166.95,2075.8,1.3079723256783318,4.020128653176109,2.6640504894272206,0.32475343576559995,0.18624435958374674,2021-11-25,False
BALKRISIND,IBREALEST,BALKRISIND,IBREALEST,2021-11-02,2021-11-03,2021-11-22,,no_fill,,,,,,,,,,,False
NCC,PFC,PFC,NCC,2021-11-15,2021-11-16,2021-11-30,,no_fill,,,,,,,,,,,False
CONCOR,UPL,CONCOR,UPL,2021-11-15,2021-11-16,2021-11-30,2021-12-01,window_end,679.8,626.0,787.75,686.6,-8.224179745631064,12.661873651539194,2.218846952954065,0.3100873655192704,0.1784944855601396,2021-12-30,True
APOLLOTYRE,BERGEPAINT,APOLLOTYRE,BERGEPAINT,2021-11-22,2021-11-23,2021-11-24,2021-11-25,reverted,216.8,223.0,776.5,763.35,2.5331401315498043,1.504996540888601,2.0190683362192026,0.32663846623616233,0.18849991757887957,2021-12-30,True
APOLLOTYRE,BERGEPAINT,APOLLOTYRE,BERGEPAINT,2021-11-26,2021-11-29,2021-11-30,2021-12-01,window_end,210.0,205.25,766.05,752.25,-2.5806751650000033,1.6130459721950214,-0.4838145964024909,0.31877040309523813,0.18840301938515763,2021-12-30,False
CESC,M&M,CESC,M&M,2021-11-12,2021-11-15,2021-11-23,2021-11-24,reverted,91.0,90.9,934.85,902.25,-0.43196649384614233,3.3003005605177362,1.434167033335797,0.32207638395604393,0.186889897844574,2021-11-25,False
FEDERALBNK,LALPATHLAB,FEDERALBNK,LALPATHLAB,2021-11-26,2021-11-29,2021-11-30,2021-12-01,window_end,88.0,87.5,3759.7,3847.2,-0.8895541625000051,-2.519422345931846,-1.7044882542159254,0.32137234431818185,0.1921089964624837,2021-12-30,False
ASTRAL,BATAINDIA,BATAINDIA,ASTRAL,2021-11-30,2021-12-01,2021-11-30,,no_fill,,,2200.0,,,,,,,2021-12-30,False
BERGEPAINT,DELTACORP,BERGEPAINT,DELTACORP,2021-11-10,2021-11-11,2021-11-18,2021-11-22,reverted,775.0,795.2,300.9,293.05,2.2802023141677425,2.4211618411432294,2.350682077655486,0.3262492987354839,0.18767830508474573,2021-11-25,False
BERGEPAINT,DELTACORP,DELTACORP,BERGEPAINT,2021-11-29,2021-11-30,2021-11-30,2021-12-01,window_end,250.0,250.0,742.75,752.25,-0.32224519999999995,-1.4701986873106643,-0.8962219436553321,0.32224519999999995,0.19116805789296532,2021-12-30,False
APLAPOLLO,IOC,IOC,APLAPOLLO,2021-11-11,2021-11-12,2021-11-30,,no_fill,,,,,,,,,,,False
BAJFINANCE,STAR,STAR,BAJFINANCE,2021-11-10,2021-11-11,2021-11-24,2021-11-25,reverted,503.0,503.4,7600.0,7148.55,-0.24284450226639615,5.755443441052623,2.7562994693931135,0.32236736508946323,0.18468813789473684,2021-11-25,False
APOLLOHOSP,CROMPTON,CROMPTON,APOLLOHOSP,2021-11-03,2021-11-04,2021-11-30,2021-11-25,rollover,468.45,438.1,4448.95,5702.3,-6.791105385910972,-28.387122843592323,-17.58911411475165,0.312292278855801,0.21530702188156756,2021-11-25,False
BHARATFORG,COROMANDEL,COROMANDEL,BHARATFORG,2021-11-08,2021-11-09,2021-11-11,2021-11-12,reverted,779.0,798.0,820.0,793.65,2.1130322975609777,3.0262789951219484,2.569655646341463,0.3259920926829269,0.1871356390243903,2021-11-25,False
BHARATFORG,COROMANDEL,BHARATFORG,COROMANDEL,2021-11-26,2021-11-29,2021-11-30,2021-12-01,window_end,690.0,697.3,750.05,740.05,0.7341005319130323,1.144421170588627,0.9392608512508296,0.32387048257971013,0.18882327978134789,2021-12-30,False
BATAINDIA,PAGEIND,BATAINDIA,PAGEIND,2021-11-26,2021-11-29,2021-11-30,2021-12-01,window_end,1890.0,1911.0,38513.65,38907.6,0.7871589933333294,-1.2138222351036505,-0.21333162088516056,0.32395211777777777,0.19093814076308013,2021-12-30,False
DELTACORP,ICICIGI,ICICIGI,DELTACORP,2021-11-10,2021-11-11,2021-11-22,2021-11-23,reverted,1527.0,1449.9,300.9,274.05,-5.363604530412572,8.741219800598195,1.6888076350928114,0.3144886168565816,0.18201050847457628,2021-11-25,False
DELTACORP,ICICIGI,DELTACORP,ICICIGI,2021-11-29,2021-11-30,2021-11-30,2021-12-01,window_end,250.0,250.0,1454.6,1450.9,-0.32224519999999995,0.06457377973325037,-0.1288357101333748,0.32224519999999995,0.1897916815619414,2021-12-30,False
BALRAMCHIN,DRREDDY,BALRAMCHIN,DRREDDY,2021-11-29,2021-11-30,2021-11-30,2021-12-01,window_end,312.0,326.0,4720.0,4718.8,4.158040965384622,-0.16457345084746078,1.9967337572685806,0.3291385217948718,0.18999717966101692,2021-12-30,False
BPCL,NATIONALUM,BPCL,NATIONALUM,2021-11-23,2021-11-24,2021-11-24,2021-11-25,reverted,401.1,404.0,97.3,96.05,0.3996558083769596,1.0958196711202515,0.7477377397486056,0.3233559093991524,0.18886686536485098,2021-12-30,True
HINDALCO,LAURUSLABS,LAURUSLABS,HINDALCO,2021-11-01,2021-11-02,2021-11-15,2021-11-16,reverted,492.0,492.7,480.85,457.7,-0.18018734597560593,4.628692579806601,2.2242526169154977,0.3224637687398374,0.18569860247478426,2021-11-25,False
HINDALCO,LAURUSLABS,HINDALCO,LAURUSLABS,2021-11-26,2021-11-29,2021-11-30,2021-12-01,window_end,414.0,419.5,523.75,508.0,1.0042163355072522,2.8198391312649167,1.9120277333860844,0.32428607995169084,0.1873207732696897,2021-12-30,False
IDEA,SRTRANSFIN,SRTRANSFIN,IDEA,2021-11-25,2021-11-26,2021-11-30,2021-12-01,window_end,1542.0,1430.0,11.45,11.15,-7.57438156108949,2.4324191266375497,-2.5709812172259703,0.31108713826199746,0.18766820960698694,2021-12-30,False
BALKRISIND,GODREJPROP,BALKRISIND,GODREJPROP,2021-11-03,2021-11-04,2021-11-10,2021-11-11,reverted,2454.7,2514.85,2449.05,2378.0,2.1243917008880975,2.7137089757252864,2.419050338306692,0.326009570142991,0.18741595026642982,2021-11-25,False
COROMANDEL,MPHASIS,MPHASIS,COROMANDEL,2021-11-26,2021-11-29,2021-11-30,2021-12-01,window_end,2958.0,2867.8,750.05,740.05,-3.3669183715618556,1.144421170588627,-1.1112486004866144,0.31756069745774174,0.18882327978134789,2021-12-30,False
GLENMARK,TECHM,GLENMARK,TECHM,2021-11-17,2021-11-18,2021-11-23,2021-11-24,reverted,501.4,517.2,1626.25,1570.2,2.8240905856402163,3.2596532039969177,3.0418718948185672,0.3270861195851616,0.18692635019215986,2021-12-30,True
IDBI,TATACONSUM,IDBI,TATACONSUM,2021-11-22,2021-11-23,2021-11-30,2021-12-01,window_end,47.55,45.5,810.95,789.7,-4.62687345804416,2.4327155570627044,-1.0970789504907277,0.31562214363827557,0.18766794376965287,2021-12-30,True
BPCL,HAVELLS,BPCL,HAVELLS,2021-11-16,2021-11-17,2021-11-30,2021-12-01,window_end,420.5,372.75,1395.6,1370.95,-11.660329672889418,1.5778308053883499,-5.041249433750534,0.3048005409036861,0.18843460017196906,2021-12-30,True
AUROPHARMA,MFSL,MFSL,AUROPHARMA,2021-12-20,2021-12-21,2021-12-31,2022-01-03,window_end,926.0,983.0,694.15,741.25,5.823806108639306,-6.981387422026954,-0.5787906566938239,0.3317014507559396,0.1961104645969891,2022-01-27,True
MCDOWELL-N,TCS,MCDOWELL-N,TCS,2021-11-30,2021-12-01,2021-12-09,2021-12-10,reverted,890.0,929.7,3551.0,3611.85,4.131576353685402,-1.9051599312869698,1.113208211199216,0.3290978036179775,0.19155812897775273,2021-12-30,False
AMARAJABAT,INFY,AMARAJABAT,INFY,2021-12-16,2021-12-17,2021-12-31,2021-12-30,rollover,629.0,626.45,1815.0,1892.85,-0.727027811081077,-4.483126234710738,-2.6050770228959075,0.3216224056756757,0.19387003636363634,2021-12-30,False
ASIANPAINT,MCX,MCX,ASIANPAINT,2021-12-20,2021-12-21,2021-12-31,2022-01-03,window_end,1565.0,1586.0,3275.0,3406.1,1.0175464456230139,-4.19666657587787,-1.5895600651274282,0.3243065895207668,0.19361314076335878,2022-01-27,True
BANDHANBNK,IDBI,BANDHANBNK,IDBI,2021-12-10,2021-12-13,2021-12-17,,no_fill,,,,,,,,,,,False
DMART,EICHERMOT,DMART,EICHERMOT,2021-12-29,2021-12-30,2021-12-31,2022-01-03,window_end,4677.5,4770.0,2575.5,2635.0,1.6522689442009646,-2.5023246864686417,-0.42502787113383855,0.325283166969535,0.19209366336633663,2022-01-27,True
MRF,PIIND,MRF,PIIND,2021-12-15,2021-12-16,2021-12-31,2021-12-30,rollover,74060.0,72698.95,3137.55,2990.05,-2.157188650719289,4.515320026453759,1.1790656878672352,0.3194219750509047,0.18580027441793756,2021-12-30,False
ADANIPORTS,FSL,FSL,ADANIPORTS,2021-12-21,2021-12-22,2021-12-31,2022-01-03,window_end,157.3,183.95,733.65,735.9,16.593876590909066,-0.49698103046412595,8.04844778022247,0.3482721694214876,0.19029528112860356,2022-01-27,True
EXIDEIND,METROPOLIS,EXIDEIND,METROPOLIS,2021-11-30,2021-12-01,2021-12-23,2021-12-24,reverted,164.8,165.25,3305.35,3251.75,-0.049606426759710276,1.4330490050977889,0.6917212891690393,0.32266467918689323,0.18856443977188497,2021-12-30,False
HCLTECH,ZEEL,ZEEL,HCLTECH,2021-12-24,2021-12-27,2021-12-31,2022-01-03,window_end,332.0,318.65,1267.0,1300.25,-4.337152243042172,-2.8166849723756866,-3.5769186077089294,0.3160679056927711,0.19237558011049724,2022-01-27,True
AMBUJACEM,SAIL,AMBUJACEM,SAIL,2021-12-07,2021-12-08,2021-12-24,2021-12-27,reverted,376.4,367.0,109.5,107.65,-2.8157519682252867,1.500994210045657,-0.6573788790898148,0.3184087163655686,0.18850350684931508,2021-12-30,False
ICICIPRULI,TVSMOTOR,TVSMOTOR,ICICIPRULI,2021-12-16,2021-12-17,2021-12-29,2021-12-30,reverted,634.0,625.0,576.35,549.75,-1.7396227971608855,4.429373798906922,1.3448755008730182,0.3200644375394322,0.18587735056823113,2021-12-30,False
CESC,LAURUSLABS,CESC,LAURUSLABS,2021-12-27,2021-12-28,2021-12-31,2022-01-03,window_end,86.6,87.9,529.65,548.0,1.1766034214780776,-3.657681844614366,-1.2405392115681444,0.32455131293302547,0.19312978193146418,2022-01-27,True
ABCAPITAL,TATASTEEL,TATASTEEL,ABCAPITAL,2021-11-30,2021-12-01,2021-12-17,,no_fill,,,,,,,,,,,False
ABCAPITAL,TATASTEEL,TATASTEEL,ABCAPITAL,2021-12-29,2021-12-30,2021-12-31,,no_fill,,,,,,,,,,,False
BAJAJ-AUTO,INDIGO,BAJAJ-AUTO,INDIGO,2021-12-27,2021-12-28,2021-12-31,2022-01-03,window_end,3161.2,3258.7,2034.75,2000.2,2.757288456997342,1.5095014193389817,2.133394938168162,0.3269833385233456,0.188495877626244,2022-01-27,True
NMDC,OFSS,OFSS,NMDC,2021-12-03,2021-12-06,2021-12-15,2021-12-16,reverted,4183.0,4200.0,144.75,139.05,0.08353735218743574,3.75133842487046,1.917437888528948,0.32286953282333253,0.1864854093264249,2021-12-30,False
APOLLOHOSP,COFORGE,APOLLOHOSP,COFORGE,2021-12-17,2021-12-20,2021-12-31,2021-12-30,rollover,4780.0,4999.95,5305.1,5860.55,4.272150345843094,-10.669531638234906,-3.198690646195906,0.32931408930334727,0.19941797402499484,2021-12-30,False
DABUR,TATACOMM,DABUR,TATACOMM,2021-12-07,2021-12-08,2021-12-20,,no_fill,,,,,,,,,,,False
ABFRL,IBULHSGFIN,ABFRL,IBULHSGFIN,2021-12-01,2021-12-02,2021-12-16,2021-12-17,reverted,259.0,273.65,252.0,253.55,5.325435992702704,-0.8056514603174582,2.259892266192623,0.33093466366795365,0.19057209523809526,2021-12-30,False
ADANIPORTS,LICHSGFIN,LICHSGFIN,ADANIPORTS,2021-12-21,2021-12-22,2021-12-27,2021-12-28,reverted,344.65,365.9,733.65,733.0,5.8339582520528115,-0.10134236897703472,2.8663079415378885,0.33171707073843026,0.18994047434062564,2022-01-27,True
ASTRAL,BATAINDIA,BATAINDIA,ASTRAL,2021-11-30,2021-12-01,2021-12-08,2021-12-09,reverted,1911.0,1988.0,2200.0,2240.0,3.700868907692316,-2.0098338181818076,0.8455175447552541,0.3284351216117216,0.19165199999999996,2021-12-30,False
ASTRAL,BATAINDIA,BATAINDIA,ASTRAL,2021-12-28,2021-12-29,2021-12-31,2022-01-03,window_end,1830.0,1871.65,2251.2,2305.0,1.950214700934423,-2.582001648898376,-0.3158934739819764,0.3257415832185792,0.19216511727078894,2022-01-27,True
GRASIM,OBEROIRLTY,GRASIM,OBEROIRLTY,2021-12-27,2021-12-28,2021-12-31,2022-01-03,window_end,1617.0,1629.75,871.05,871.7,0.4650407071428514,-0.2647095631709032,0.10016557198597409,0.32345650992578856,0.19008698122955056,2022-01-27,True
BSOFT,TRENT,TRENT,BSOFT,2021-12-23,2021-12-24,2021-12-31,2022-01-03,window_end,1043.35,1065.0,536.5,550.95,1.7496137837638535,-2.885820618825726,-0.5681034175309363,0.32543294072938134,0.19243758061509786,2022-01-27,True
ADANIGREEN,LTI,ADANIGREEN,LTI,2021-12-30,2021-12-31,2021-12-31,2022-01-03,window_end,1325.1,1340.0,7350.0,7362.35,0.800470838985742,-0.35819803210884815,0.22113640343844693,0.32397259924534,0.1901708212244898,2022-01-27,False
HAVELLS,OFSS,OFSS,HAVELLS,2021-12-22,2021-12-23,2021-12-31,2022-01-03,window_end,3995.8,3965.0,1385.4,1413.4,-1.0918704124530816,-2.2129110639526597,-1.6523907382028706,0.3210610626357676,0.19183411866608918,2022-01-27,True
MUTHOOTFIN,TATAELXSI,TATAELXSI,MUTHOOTFIN,2021-12-20,2021-12-21,2021-12-30,2021-12-31,reverted,5530.15,5875.0,1425.35,1492.2,5.903991565076896,-4.884305933981127,0.5098428155478847,0.33182482326699997,0.19422981232679692,2022-01-27,True
BIOCON,BOMDYEING,BIOCON,BOMDYEING,2021-12-14,2021-12-15,2021-12-20,,no_fill,,,,,,,,,,,False
BIOCON,BOMDYEING,BIOCON,BOMDYEING,2021-12-27,2021-12-28,2021-12-31,,no_fill,,,,,,,,,,,False
GUJGASLTD,MRF,MRF,GUJGASLTD,2021-12-02,2021-12-03,2021-12-09,2021-12-10,reverted,74189.95,74055.0,690.95,667.95,-0.5038637161215219,3.141718157609088,1.318927220743783,0.321965763636045,0.18703211375642234,2021-12-30,False
PETRONET,POWERGRID,PETRONET,POWERGRID,2021-12-17,2021-12-20,2021-12-27,2021-12-28,reverted,213.7,216.9,204.0,207.5,1.1728807133364716,-1.9072462745097978,-0.3671827805866631,0.3245455852129154,0.19155999999999998,2021-12-30,False
AMBUJACEM,GODREJCP,AMBUJACEM,GODREJCP,2021-12-01,2021-12-02,2021-12-08,2021-12-09,reverted,371.9,379.4,942.35,908.35,1.691327885506861,3.421219815355224,2.5562738504310425,0.32534326265125035,0.1867814580569852,2021-12-30,False
AMBUJACEM,GODREJCP,AMBUJACEM,GODREJCP,2021-12-21,2021-12-22,2021-12-31,2022-01-03,window_end,361.25,378.75,946.0,978.65,4.5146035321799385,-3.6444921606765237,0.4350556857517074,0.32968712525951555,0.19311795348837213,2022-01-27,True
IBREALEST,JUSTDIAL,IBREALEST,JUSTDIAL,2021-12-09,2021-12-10,2021-12-31,,no_fill,,,,,,,,,,,False
CAMS,CESC,CAMS,CESC,2021-12-13,2021-12-14,2021-12-31,,no_fill,,,,,,,,,,,False
BSOFT,HDFCLIFE,HDFCLIFE,BSOFT,2021-12-22,2021-12-23,2021-12-31,2022-01-03,window_end,641.05,654.0,515.2,550.95,1.6947746694797634,-7.135301288819885,-2.7202633096700604,0.3253485658372982,0.19624849378881987,2022-01-27,True
BIOCON,RAIN,BIOCON,RAIN,2021-12-29,2021-12-30,2021-12-31,,no_fill,,,,,,,,,,,False
DLF,TORNTPOWER,DLF,TORNTPOWER,2021-11-30,2021-12-01,2021-12-10,2021-12-13,reverted,380.0,420.95,551.85,581.7,10.437515732973688,-5.603953742864923,2.4167809950543826,0.33880005649999995,0.1948751889100299,2021-12-30,False
AARTIIND,ONGC,ONGC,AARTIIND,2021-11-30,2021-12-01,2021-12-28,2021-12-29,time,142.4,140.2,941.95,987.2,-1.8648156373595626,-4.99819627262593,-3.4315059549927462,0.3198718171348315,0.19433194861723022,2021-12-30,False
IEX,TVSMOTOR,IEX,TVSMOTOR,2021-12-03,2021-12-06,2021-12-24,2021-12-27,reverted,258.0,250.75,672.0,606.05,-3.128005805232563,9.632777130952388,3.252385662859912,0.3179282858527132,0.18121096428571426,2021-12-30,False
BEL,MCX,MCX,BEL,2021-11-30,2021-12-01,2021-12-08,2021-12-09,reverted,1620.0,1716.0,204.75,208.95,5.594577164444453,-2.2431432820512747,1.675716941196589,0.33134876148148157,0.19186123076923076,2021-12-30,False
HINDALCO,M&M,M&M,HINDALCO,2021-12-07,2021-12-08,2021-12-28,2021-12-29,reverted,834.5,843.45,446.0,456.4,0.748605702013192,-2.523951623318379,-0.8876729606525935,0.3238928000838826,0.19211305829596412,2021-12-30,False
CIPLA,INDIGO,INDIGO,CIPLA,2021-11-30,2021-12-01,2021-12-07,2021-12-08,reverted,1907.9,1972.0,978.95,897.35,3.0323083884165842,8.152923374023196,5.59261588121989,0.32740648133549977,0.1825380897900812,2021-12-30,False
BSOFT,LICHSGFIN,LICHSGFIN,BSOFT,2021-12-17,2021-12-20,2021-12-31,2021-12-30,rollover,361.8,367.35,485.75,541.15,1.209394917661704,-11.60530091405044,-5.197952998194368,0.32460176558872306,0.20025716726711273,2021-12-30,False
DMART,NTPC,DMART,NTPC,2021-12-30,2021-12-31,2021-12-31,2022-01-03,reverted,4641.0,4770.0,125.3,124.25,2.4530581149321167,0.6487210055865885,1.5508895602593527,0.3265152528765352,0.18926782122905028,2022-01-27,False
CANBK,IEX,IEX,CANBK,2021-12-03,2021-12-06,2021-12-24,2021-12-27,reverted,258.0,250.75,207.35,190.0,-3.128005805232563,8.184985237521094,2.528489716144265,0.3179282858527132,0.18250933687002652,2021-12-30,False
M&M,TECHM,TECHM,M&M,2022-01-18,2022-01-19,2022-01-31,2022-02-01,window_end,1663.1,1504.0,895.15,892.45,-9.874021187216634,0.11187616488855354,-4.8810725111640405,0.30754893660032473,0.18974926101770653,2022-02-24,True
ASHOKLEY,HEROMOTOCO,ASHOKLEY,HEROMOTOCO,2022-01-25,2022-01-27,2022-01-31,2022-02-01,window_end,129.9,133.55,2657.95,2675.45,2.4832919632794486,-0.8490131338061202,0.8171394147366642,0.32656177036181677,0.19061098177166613,2022-02-24,True
M&M,TORNTPHARM,TORNTPHARM,M&M,2022-01-12,2022-01-13,2022-01-25,2022-01-27,reverted,3185.25,2940.05,880.0,845.1,-8.008402248420055,3.779448890909092,-2.114476678755481,0.31041935853700653,0.18646020000000002,2022-01-27,False
M&M,TORNTPHARM,TORNTPHARM,M&M,2022-01-27,2022-01-28,2022-01-31,2022-02-01,window_end,2705.0,2683.9,867.55,892.45,-1.101083855504614,-3.0627478243329023,-2.081915839918758,0.3210468869279113,0.19259624805486716,2022-02-24,False
ICICIGI,TATACONSUM,TATACONSUM,ICICIGI,2022-01-05,2022-01-06,2022-01-13,2022-01-14,reverted,733.0,730.2,1439.6,1409.45,-0.703650188703951,1.9061916310086064,0.6012707211523277,0.32165837424283766,0.18814012781328146,2022-01-27,False
IDEA,NATIONALUM,IDEA,NATIONALUM,2022-01-11,2022-01-12,2022-01-31,2022-01-27,rollover,12.2,11.0,109.85,106.25,-10.143200354098362,3.090117787892578,-3.5265412831028917,0.30713478032786884,0.18707838871187987,2022-01-27,False
M&MFIN,OFSS,OFSS,M&MFIN,2022-01-12,2022-01-13,2022-01-31,2022-01-27,rollover,4225.0,3450.05,166.45,156.6,-18.63607955884734,5.732984722138778,-6.451547418354281,0.29406772452781066,0.18470827876239113,2022-01-27,False
NTPC,SHREECEM,SHREECEM,NTPC,2022-01-04,2022-01-05,2022-01-31,2022-01-27,rollover,26902.0,24390.0,131.3,135.0,-9.645496260471344,-3.0105235186595456,-6.328009889565445,0.3079005426808416,0.1925494135567403,2022-01-27,False
ICICIBANK,NESTLEIND,NESTLEIND,ICICIBANK,2022-01-10,2022-01-11,2022-01-31,2022-01-27,rollover,19550.0,18550.0,811.05,794.65,-5.429476780562659,1.833865166142656,-1.7978058072100016,0.31438726649616366,0.18820498982800074,2022-01-27,False
ASHOKLEY,JUBLFOOD,JUBLFOOD,ASHOKLEY,2022-01-06,2022-01-07,2022-01-07,2022-01-10,reverted,3598.0,3784.8,133.2,135.0,4.861552270350199,-1.5425843243243327,1.6594839730129332,0.3302209369872151,0.191232972972973,2022-01-27,False
ASHOKLEY,JUBLFOOD,JUBLFOOD,ASHOKLEY,2022-01-20,2022-01-21,2022-01-31,2022-02-01,window_end,3670.0,3450.0,139.05,133.35,-6.307586624523161,3.912904358144566,-1.1973411331892974,0.3130362158038147,0.1863405177993527,2022-02-24,True
NAVINFLUOR,POWERGRID,NAVINFLUOR,POWERGRID,2022-01-20,2022-01-21,2022-01-31,2022-02-01,window_end,4015.0,4000.05,209.1,216.15,-0.694026854328766,-3.564638880918219,-2.1293328676234924,0.3216731806052304,0.19304634146341465,2022-02-24,True
CONCOR,PERSISTENT,PERSISTENT,CONCOR,2022-01-14,2022-01-17,2022-01-21,2022-01-24,reverted,4414.95,4282.0,693.35,630.2,-3.328978203846015,8.926109435350108,2.7985656157520467,0.3176190718060227,0.18184470036777964,2022-01-27,False
DEEPAKNTR,IBULHSGFIN,DEEPAKNTR,IBULHSGFIN,2022-01-25,2022-01-27,2022-01-31,2022-02-01,window_end,2216.4,2253.9,210.35,212.85,1.3670884728478712,-1.3795821583075751,-0.006246842729851987,0.324844391256091,0.19108679343950555,2022-02-24,True
ACC,RAMCOCEM,RAMCOCEM,ACC,2022-01-14,2022-01-17,2022-01-31,2022-01-27,rollover,1010.85,860.0,2368.95,2167.7,-15.222404502359405,8.31293033664704,-3.454737082856182,0.29931996954048573,0.18239459634015073,2022-01-27,False
HAVELLS,LT,HAVELLS,LT,2022-01-10,2022-01-11,2022-01-31,2022-01-27,rollover,1349.05,1175.0,1957.1,1910.85,-13.20409686337052,2.1752916345613458,-5.514402614404587,0.30242531672658535,0.18789880026569927,2022-01-27,False
CANBK,KOTAKBANK,KOTAKBANK,CANBK,2022-01-13,2022-01-14,2022-01-21,2022-01-24,reverted,1909.0,1884.1,224.9,218.0,-1.6245892530434818,2.880764099599819,0.6280874232781687,0.32024142695652175,0.18726613606047132,2022-01-27,False
CANBK,KOTAKBANK,KOTAKBANK,CANBK,2022-01-27,2022-01-28,2022-01-31,2022-02-01,window_end,1895.0,1882.0,242.9,253.35,-1.0072071557783673,-4.496063606422385,-2.751635381100376,0.3211913246437995,0.19388163853437626,2022-02-24,False
BIOCON,HDFC,HDFC,BIOCON,2022-01-21,2022-01-24,2022-01-31,2022-02-01,window_end,2571.65,2552.6,376.45,384.0,-1.0618767554099562,-2.1973986372692185,-1.6296376963395873,0.32110721056520136,0.19182020719883117,2022-02-24,True
COFORGE,DMART,DMART,COFORGE,2022-01-12,2022-01-13,2022-01-31,2022-01-27,rollover,4276.0,4040.0,5772.15,4400.8,-5.832943297848454,23.58935031712619,8.878203509638869,0.3137664971000935,0.16869477872196667,2022-01-27,False
LT,MOTILALOFS,MOTILALOFS,LT,2022-01-28,2022-01-31,2022-01-31,2022-02-01,window_end,864.0,895.0,1910.0,1928.1,3.260205840972213,-1.1385145842931796,1.060845628339517,0.32775712199074075,0.1908706052356021,2022-02-24,False
JINDALSTEL,MCDOWELL-N,MCDOWELL-N,JINDALSTEL,2022-01-05,2022-01-06,2022-01-11,2022-01-12,reverted,895.0,886.8,406.05,388.95,-1.2370388253407845,4.025064093091992,1.394012633875604,0.3208377080223464,0.1862399335057259,2022-01-27,False
ADANIPOWER,TATAPOWER,ADANIPOWER,TATAPOWER,2022-01-04,2022-01-05,2022-01-18,2022-01-19,reverted,100.65,110.7,226.9,240.0,9.64751230491803,-5.968670753635971,1.8394207756410292,0.33758456542473914,0.1952022653151168,2022-01-27,False
METROPOLIS,TCS,METROPOLIS,TCS,2022-01-07,2022-01-10,2022-01-31,2022-01-27,rollover,3277.0,2526.7,3960.0,3649.3,-23.18301326933782,7.662982129292929,-7.760015570022446,0.28707185951174863,0.18297746666666667,2022-01-27,False
SBICARD,UNIONBANK,SBICARD,UNIONBANK,2022-01-27,2022-01-28,2022-01-31,,no_fill,,,,,,,,,,,False
BSOFT,OFSS,BSOFT,OFSS,2022-01-19,2022-01-20,2022-01-20,2022-01-21,reverted,514.0,497.0,3906.3,3694.7,-3.6245572929961085,5.231732864859338,0.8035877859316147,0.3171642968871595,0.18515779894017353,2022-02-24,True
BSOFT,OFSS,BSOFT,OFSS,2022-01-24,2022-01-25,2022-01-31,2022-02-01,reverted,443.0,482.3,3472.7,3535.15,8.53545825783296,-1.989946717539675,3.2727557701466425,0.33587357060948086,0.1916341653468483,2022-02-24,True
HINDPETRO,M&M,M&M,HINDPETRO,2022-01-05,2022-01-06,2022-01-12,2022-01-13,reverted,839.0,880.55,311.35,319.55,4.622471106281292,-2.8260759884374473,0.8981975589219224,0.3298530891895113,0.19238400192709165,2022-01-27,False
APOLLOHOSP,AUBANK,APOLLOHOSP,AUBANK,2022-01-05,2022-01-06,2022-01-31,2022-01-27,rollover,4970.0,4427.0,1154.7,1275.7,-11.231014400845066,-10.678338143240659,-10.954676272042862,0.30546108092555335,0.1994258716549753,2022-01-27,False
IDFCFIRSTB,LTI,LTI,IDFCFIRSTB,2022-01-19,2022-01-20,2022-01-31,2022-02-01,window_end,6949.8,6390.0,49.05,47.25,-8.364779095726503,3.4829987155963194,-2.4408901900650917,0.3098710408184408,0.18672605504587153,2022-02-24,True
GMRINFRA,INDIANB,GMRINFRA,INDIANB,2022-01-27,2022-01-28,2022-01-31,,no_fill,,,,,,,,,,,False
BAJFINANCE,BANKBARODA,BAJFINANCE,BANKBARODA,2022-01-19,2022-01-20,2022-01-31,2022-02-01,window_end,7610.0,7075.9,96.65,108.8,-7.329860202541402,-12.77243680289705,-10.051148502719226,0.3114633562864652,0.2013038489394723,2022-02-24,True
COFORGE,MARUTI,COFORGE,MARUTI,2022-01-24,2022-01-25,2022-01-31,2022-02-01,window_end,4685.0,4925.0,8014.15,8838.0,4.792617249519751,-10.47918962822009,-2.843286189350169,0.3301148742796158,0.19924727625512378,2022-02-24,True
DLF,HINDUNILVR,HINDUNILVR,DLF,2022-01-14,2022-01-17,2022-01-21,2022-01-24,reverted,2364.0,2338.9,418.7,392.45,-1.3823738263705545,6.085012720324818,2.351319446977132,0.3206140970981387,0.18439258180081203,2022-01-27,False
ABCAPITAL,TATAPOWER,TATAPOWER,ABCAPITAL,2022-01-03,2022-01-04,2022-01-12,2022-01-13,reverted,224.3,239.0,133.7,134.55,6.221409493624603,-0.8263423335826559,2.6975335800209734,0.33231319919750335,0.19059065071054598,2022-01-27,False
ABCAPITAL,TATAPOWER,ABCAPITAL,TATAPOWER,2022-01-20,2022-01-21,2022-01-31,2022-02-01,window_end,126.8,119.4,247.5,250.0,-6.149241988328074,-1.2010276767676833,-3.6751348325478785,0.3132798432176656,0.1909266666666667,2022-02-24,True
ASHOKLEY,UPL,UPL,ASHOKLEY,2022-01-21,2022-01-24,2022-01-27,2022-01-28,reverted,776.7,778.0,138.0,131.85,-0.15512753472383828,4.270501913043481,2.0576871891598216,0.32250232550534313,0.1860198260869565,2022-02-24,True
DEEPAKNTR,LAURUSLABS,LAURUSLABS,DEEPAKNTR,2022-01-03,2022-01-04,2022-01-24,2022-01-25,reverted,530.0,467.0,2549.05,2245.25,-12.190776853207543,11.738843336537144,-0.22596675833519964,0.3039844003773585,0.17932225456542633,2022-01-27,False
AMBUJACEM,BRITANNIA,BRITANNIA,AMBUJACEM,2022-01-17,2022-01-18,2022-01-31,2022-02-01,window_end,3668.0,3560.0,408.6,368.55,-3.2621058213740413,9.620540176211458,3.1792171774187086,0.31772196095965105,0.18122193832599118,2022-02-24,True
FEDERALBNK,SHREECEM,SHREECEM,FEDERALBNK,2022-01-10,2022-01-11,2022-01-31,2022-01-27,rollover,27000.5,24390.0,95.9,100.1,-9.975731920716289,-4.573513138686126,-7.274622529701207,0.30739244552137923,0.19395109489051096,2022-01-27,False
BPCL,L&TFH,L&TFH,BPCL,2022-01-25,2022-01-27,2022-01-31,2022-02-01,window_end,73.3,75.7,376.9,388.35,2.946940417462482,-3.2306879543645595,-0.14187376845103872,0.32727513506139155,0.1927468559299549,2022-02-24,True
IRB,JSWSTEEL,JSWSTEEL,IRB,2022-01-10,2022-01-11,2022-01-17,,no_fill,,,,,,,,,,,False
IRB,JSWSTEEL,JSWSTEEL,IRB,2022-01-31,2022-02-01,2022-01-31,,no_fill,,,,,,,,,,,False
MGL,SUNPHARMA,MGL,SUNPHARMA,2022-01-27,2022-01-28,2022-01-31,2022-02-01,window_end,813.2,825.0,808.45,838.0,1.1265831980816514,-3.8484434127033067,-1.3609301073108275,0.32447435233644856,0.19330085595893376,2022-02-24,False
DIXON,L&TFH,DIXON,L&TFH,2022-01-27,2022-01-28,2022-01-31,2022-02-01,window_end,4400.0,4510.0,73.4,75.05,2.173914234999991,-2.4399941689373104,-0.13303996696865972,0.3260857650000001,0.19203776566757494,2022-02-24,False
INFY,MINDTREE,MINDTREE,INFY,2022-01-14,2022-01-17,2022-01-31,2022-01-27,rollover,4550.0,3790.0,1944.0,1678.6,-16.999881864615382,13.474497646090533,-1.7626921092624244,0.29658516131868135,0.17776572839506175,2022-01-27,False
MARUTI,PVR,MARUTI,PVR,2022-01-12,2022-01-13,2022-01-25,2022-01-27,reverted,8175.0,8656.0,1546.55,1541.95,5.5525080146055,0.10768320778506726,2.8300956111952837,0.3312840343241591,0.18975302124082635,2022-01-27,False
BALKRISIND,SRF,SRF,BALKRISIND,2022-01-24,2022-01-25,2022-01-27,2022-01-28,reverted,2330.65,2390.0,2329.0,2269.35,2.220342704099715,2.373463977672828,2.2969033408862716,0.3261571993606934,0.18772108029197082,2022-02-24,True
MANAPPURAM,SUNPHARMA,MANAPPURAM,SUNPHARMA,2022-01-24,2022-01-25,2022-01-31,2022-02-01,window_end,149.05,158.1,790.25,838.0,5.740215152029511,-6.237835298956021,-0.24881007346325523,0.3315728385776585,0.19544365074343562,2022-02-24,True
AMARAJABAT,LTI,LTI,AMARAJABAT,2022-01-17,2022-01-18,2022-01-31,2022-02-01,window_end,7077.0,6390.0,665.7,622.35,-10.014835460534128,6.327767435781884,-1.843534012376122,0.3073322812208563,0.18417488057683642,2022-02-24,True
LUPIN,SUNTV,SUNTV,LUPIN,2022-01-24,2022-01-25,2022-01-27,2022-01-28,reverted,471.0,477.35,918.65,889.7,1.023878996369432,2.96417207750503,1.9940255369372308,0.32431633271762217,0.1871913361998585,2022-02-24,True
BPCL,NTPC,BPCL,NTPC,2022-01-04,2022-01-05,2022-01-06,2022-01-07,reverted,384.95,398.0,131.3,131.1,3.0625975719703886,-0.0375603503427111,1.5125186108138386,0.3274530839589557,0.18988327494287893,2022-01-27,False
BPCL,NTPC,BPCL,NTPC,2022-01-24,2022-01-25,2022-01-31,2022-02-01,window_end,372.1,395.0,130.05,139.1,5.822560074012345,-7.155128250672804,-0.6662840883302295,0.33169953361999466,0.19626627450980388,2022-02-24,True
BAJFINANCE,NESTLEIND,NESTLEIND,BAJFINANCE,2022-01-06,2022-01-07,2022-01-21,2022-01-24,reverted,19650.5,18974.25,7760.05,7348.8,-3.7583467097198544,5.114316157627847,0.6779847239539964,0.3169584498791379,0.1852630976604532,2022-01-27,False
IDFCFIRSTB,VOLTAS,IDFCFIRSTB,VOLTAS,2022-01-14,2022-01-17,2022-01-19,2022-01-20,reverted,49.2,48.8,1314.4,1255.1,-1.134004365853674,4.325593791844203,1.5957947129952645,0.3209962357723577,0.18597041996348143,2022-01-27,False
IOC,VOLTAS,IOC,VOLTAS,2022-02-24,2022-02-25,2022-02-28,2022-03-02,window_end,113.0,113.75,1196.6,1230.0,0.3404519951327388,-2.9837672706000506,-1.321657637733656,0.3232648190265487,0.19252541868627782,2022-03-31,False
GAIL,INDIANB,GAIL,INDIANB,2022-02-02,2022-02-03,2022-02-17,,no_fill,,,,,,,,,,,False
GAIL,INDIANB,INDIANB,GAIL,2022-02-28,2022-03-02,2022-02-28,,no_fill,,,141.9,,,,,,,2022-03-31,False
BRITANNIA,IDBI,IDBI,BRITANNIA,2022-02-22,2022-02-23,2022-02-28,2022-03-02,window_end,44.85,43.25,3509.0,3380.3,-3.884211840802677,3.4809837366771164,-0.20161405206278027,0.3167647950947603,0.18672786206896552,2022-03-31,True
GLENMARK,ONGC,GLENMARK,ONGC,2022-02-17,2022-02-18,2022-02-25,2022-02-28,reverted,475.0,445.0,169.0,158.7,-6.628332193684208,5.910125136094677,-0.3591035287947655,0.31254272000000005,0.1845494201183432,2022-03-31,True
COLPAL,NTPC,COLPAL,NTPC,2022-01-31,2022-02-01,2022-02-03,2022-02-04,reverted,1424.9,1471.0,139.1,137.0,2.908099384279588,1.3210403594536222,2.114569871866605,0.3272153746508527,0.18866488856937455,2022-02-24,False
IDEA,RECLTD,RECLTD,IDEA,2022-02-21,2022-02-22,2022-02-24,2022-02-25,reverted,124.05,119.45,11.0,10.0,-4.024730778718258,8.909049090909093,2.4421591560954177,0.3165485941152761,0.18186,2022-03-31,True
LUPIN,SBICARD,LUPIN,SBICARD,2022-02-07,2022-02-08,2022-02-22,2022-02-23,reverted,804.75,754.7,838.55,803.95,-6.532013685703623,3.9398538250551387,-1.296079930324242,0.31269091465672577,0.18631634965118363,2022-02-24,False
DLF,RELIANCE,RELIANCE,DLF,2022-02-01,2022-02-02,2022-02-08,2022-02-09,reverted,2407.0,2371.15,408.95,388.45,-1.809363035392602,4.8273172783958875,1.5089771215016428,0.31995713593269626,0.18552047683090844,2022-02-24,False
DLF,RELIANCE,DLF,RELIANCE,2022-02-14,2022-02-15,2022-02-25,2022-02-28,reverted,358.0,341.6,2360.45,2268.65,-4.8962133267039,3.7025597911415082,-0.5968267677811958,0.3152077401117318,0.18652915376305368,2022-03-31,True
FORTIS,MCX,MCX,FORTIS,2022-02-24,2022-02-25,2022-02-28,,no_fill,,,,,,,,,,,False
LT,MPHASIS,LT,MPHASIS,2022-02-22,2022-02-23,2022-02-28,2022-03-02,window_end,1849.0,1800.0,3134.9,3100.5,-2.9682552014061603,0.9082886363201362,-1.029983282543012,0.31817407647376955,0.18903504226610102,2022-03-31,True
GMRINFRA,SBICARD,GMRINFRA,SBICARD,2022-02-24,2022-02-25,2022-02-28,2022-03-02,reverted,35.75,37.8,761.85,782.35,5.403211406153832,-2.8832536811708303,1.259978862491501,0.33105432811188806,0.19243527859814924,2022-03-31,False
AUROPHARMA,STAR,STAR,AUROPHARMA,2022-02-10,2022-02-11,2022-02-28,2022-02-24,rollover,385.0,332.0,681.55,605.45,-14.067330920000005,10.985727540165787,-1.5408016899171093,0.30109715376623375,0.17999764507372903,2022-02-24,False
GRANULES,ITC,GRANULES,ITC,2022-02-24,2022-02-25,2022-02-25,2022-02-28,reverted,274.0,287.0,209.95,214.0,4.414991683941617,-2.1207822195760864,1.1471047321827652,0.32953386350364966,0.19175149797570853,2022-03-31,False
RADICO,RAMCOCEM,RADICO,RAMCOCEM,2022-02-04,2022-02-07,2022-02-16,2022-02-17,reverted,978.0,1000.0,871.5,864.1,1.9237878294478545,0.6598528904188163,1.2918203599333355,0.3257009231083845,0.1892578382099828,2022-02-24,False
ASTRAL,CAMS,ASTRAL,CAMS,2022-02-02,2022-02-03,2022-02-09,,no_fill,,,,,,,,,,,False
SUNTV,TATAMOTORS,TATAMOTORS,SUNTV,2022-02-14,2022-02-15,2022-02-15,2022-02-16,reverted,476.15,504.0,519.05,513.0,5.517766583240589,0.9766172179944012,3.247191900617495,0.33123058151842905,0.18897376553318565,2022-03-31,True
HEROMOTOCO,TRENT,HEROMOTOCO,TRENT,2022-02-24,2022-02-25,2022-02-28,2022-03-02,window_end,2584.7,2498.0,1030.1,1099.95,-3.6714466239872996,-6.977001590136902,-5.324224107062101,0.31709215344914304,0.19610653140471795,2022-03-31,False
GRASIM,ICICIBANK,ICICIBANK,GRASIM,2022-02-17,2022-02-18,2022-02-24,2022-02-25,reverted,746.85,724.95,1713.5,1593.75,-3.25005622639084,6.8048727691858755,1.7774082713975177,0.31774050034143403,0.18374701488182082,2022-03-31,True
SRTRANSFIN,YESBANK,YESBANK,SRTRANSFIN,2022-02-01,2022-02-02,2022-02-04,2022-02-07,reverted,13.5,13.9,1294.35,1240.8,2.6361659822222263,3.9509052891412653,3.293535635681746,0.32679698074074076,0.18630643875304206,2022-02-24,False
SRTRANSFIN,YESBANK,SRTRANSFIN,YESBANK,2022-02-23,2022-02-24,2022-02-28,,no_fill,,,,,,,,,,,False
SUNTV,UPL,UPL,SUNTV,2022-02-03,2022-02-04,2022-02-18,2022-02-21,reverted,773.6,724.9,511.6,485.55,-6.607817303645297,4.90641910867866,-0.8506990974833184,0.31257428399689763,0.18544953870211103,2022-02-24,False
FSL,PERSISTENT,FSL,PERSISTENT,2022-02-09,2022-02-10,2022-02-28,2022-02-24,rollover,145.7,122.5,4399.8,3776.15,-16.220913392724775,13.997210970498662,-1.1118512111130565,0.29778367412491424,0.17729696168007633,2022-02-24,False
INDIGO,PNB,INDIGO,PNB,2022-01-31,2022-02-01,2022-02-25,2022-02-24,rollover,1867.1,1975.0,41.7,32.0,5.447892511670516,23.0922503117506,14.270071411710559,0.3311230739971079,0.1691405755395683,2022-02-24,False
ICICIPRULI,PETRONET,ICICIPRULI,PETRONET,2022-02-07,2022-02-08,2022-02-18,2022-02-21,reverted,523.25,521.35,213.4,211.25,-0.684802518795981,0.8183819868790997,0.06678973404155936,0.3216873730721453,0.1891156701030928,2022-02-24,False
ICICIPRULI,PETRONET,ICICIPRULI,PETRONET,2022-02-28,2022-03-02,2022-02-28,,no_fill,,,215.6,,,,,,,2022-03-31,False
INDUSTOWER,SRTRANSFIN,INDUSTOWER,SRTRANSFIN,2022-02-24,2022-02-25,2022-02-28,2022-03-02,window_end,213.0,214.95,1095.2,1100.0,0.5918413536619594,-0.6286895105916797,-0.018424078464860105,0.3236516040845071,0.19041339663988316,2022-03-31,False
M&M,METROPOLIS,METROPOLIS,M&M,2022-02-14,2022-02-15,2022-02-28,2022-03-02,window_end,2060.0,1950.0,827.35,785.2,-5.653847876699027,4.909131971958664,-0.37235795237018143,0.3140420514563107,0.18544710581978607,2022-03-31,True
HDFCLIFE,INDIANB,HDFCLIFE,INDIANB,2022-01-31,2022-02-01,2022-02-17,,no_fill,,,,,,,,,,,False
INDIGO,TATACOFFEE,INDIGO,TATACOFFEE,2022-01-31,2022-02-01,2022-02-04,,no_fill,,,,,,,,,,,False
HFCL,TATACOFFEE,HFCL,TATACOFFEE,2022-02-17,2022-02-18,2022-02-28,,no_fill,,,,,,,,,,,False
FORTIS,GMRINFRA,FORTIS,GMRINFRA,2022-02-09,2022-02-10,2022-02-15,2022-02-16,reverted,260.0,266.95,43.9,41.3,2.3467252728076917,5.737847334851942,4.042286303829817,0.3263516502692308,0.1847039179954442,2022-02-24,False
KEI,MCX,MCX,KEI,2022-02-23,2022-02-24,2022-02-28,,no_fill,,,,,,,,,,,False
SBIN,SUNPHARMA,SBIN,SUNPHARMA,2022-02-28,2022-03-02,2022-02-28,,no_fill,,,844.85,,,,,,,2022-03-31,False
MARUTI,MOTHERSUMI,MOTHERSUMI,MARUTI,2022-02-18,2022-02-21,2022-02-28,2022-03-02,window_end,158.0,150.3,8580.05,8260.35,-5.188176250506321,3.5394100466780354,-0.8243831019141428,0.31475852898734175,0.1866754656441396,2022-03-31,True
INDUSTOWER,INFY,INDUSTOWER,INFY,2022-02-24,2022-02-25,2022-02-28,2022-03-02,window_end,213.0,214.95,1709.85,1708.9,0.5918413536619594,-0.13440969968126804,0.2287158269903457,0.3236516040845071,0.1899701289586806,2022-03-31,False
LT,TATAMTRDVR,LT,TATAMTRDVR,2022-01-31,2022-02-01,2022-02-09,,no_fill,,,,,,,,,,,False
LT,TATAMTRDVR,TATAMTRDVR,LT,2022-02-24,2022-02-25,2022-02-28,2022-03-02,window_end,214.0,216.4,1784.45,1800.7,0.7975272568224434,-1.1014821311888792,-0.15197743718321788,0.32396807028037383,0.19083739471545857,2022-03-31,False
DLF,HINDALCO,DLF,HINDALCO,2022-02-07,2022-02-08,2022-02-28,2022-02-24,rollover,388.8,325.5,527.9,517.65,-16.578098310648148,1.753378446675506,-7.412359931986321,0.29723411311728404,0.1882771699185452,2022-02-24,False
DMART,SHREECEM,SHREECEM,DMART,2022-02-28,2022-03-02,2022-02-28,,no_fill,,,,,,,,,,,False
INDHOTEL,NAVINFLUOR,INDHOTEL,NAVINFLUOR,2022-02-28,2022-03-02,2022-02-28,,no_fill,,,3807.45,,,,,,,2022-03-31,False
LT,PVR,LT,PVR,2022-02-08,2022-02-09,2022-02-18,2022-02-21,reverted,1884.5,1874.95,1637.1,1570.0,-0.8282324136747112,3.912370138659818,1.5420688624925534,0.32146669332448935,0.18634099688473518,2022-02-24,False
AUROPHARMA,KEI,AUROPHARMA,KEI,2022-03-17,2022-03-21,2022-03-22,,no_fill,,,,,,,,,,,False
AUROPHARMA,KEI,AUROPHARMA,KEI,2022-03-31,2022-04-01,2022-03-31,,no_fill,,,,,,,,,,,False
BHARATFORG,INDUSINDBK,BHARATFORG,INDUSINDBK,2022-03-03,2022-03-04,2022-03-07,2022-03-08,reverted,633.5,613.0,895.0,831.35,-3.5532645160220993,6.928095334078213,1.6874154090280569,0.31727398721389105,0.18363650949720672,2022-03-31,False
BOSCHLTD,TATAMTRDVR,TATAMTRDVR,BOSCHLTD,2022-03-08,2022-03-09,2022-03-09,2022-03-10,reverted,189.9,212.0,14521.45,14600.05,11.297580711216415,-0.7317741041700215,5.282903303523197,0.34012334354923646,0.19050584239177215,2022-03-31,False
BPCL,YESBANK,YESBANK,BPCL,2022-03-11,2022-03-14,2022-03-31,2022-03-31,rollover,12.75,12.25,358.0,359.35,-4.2377894117647035,-0.5674534525139654,-2.4026214321393344,0.3162207843137256,0.19035848044692738,2022-03-31,False
IRCTC,PAGEIND,IRCTC,PAGEIND,2022-03-04,2022-03-07,2022-03-21,2022-03-22,reverted,740.0,774.0,40200.95,41860.0,4.265291058918916,-4.320616822413403,-0.027662881747243517,0.3293035356756757,0.1937242987292589,2022-03-31,False
BHARTIARTL,SBICARD,SBICARD,BHARTIARTL,2022-03-07,2022-03-08,2022-03-08,2022-03-09,reverted,735.15,781.9,676.75,684.5,6.027231972617838,-1.3362270779460597,2.3455024473358894,0.33201443967897704,0.19104791281861838,2022-03-31,False
BHARTIARTL,SBICARD,BHARTIARTL,SBICARD,2022-03-23,2022-03-24,2022-03-28,2022-03-29,reverted,698.0,740.4,860.0,853.55,5.742921564699137,0.5606532000000062,3.1517873823495717,0.3315770026361032,0.18934679999999998,2022-04-28,True
BALRAMCHIN,KEI,KEI,BALRAMCHIN,2022-03-11,2022-03-14,2022-03-17,2022-03-21,reverted,1011.5,1132.5,491.35,487.5,11.621809832525951,0.5942388297547638,6.108024331140357,0.3406221991102323,0.18931668057392897,2022-03-31,False
MRF,ZEEL,MRF,ZEEL,2022-03-24,2022-03-25,2022-03-31,2022-04-01,window_end,66900.05,65100.0,304.05,288.15,-3.0087674318797957,5.044076970892956,1.01765476950658,0.31811174477642395,0.18532608781450421,2022-04-28,True
LT,RAMCOCEM,RAMCOCEM,LT,2022-03-03,2022-03-04,2022-03-29,2022-03-30,reverted,722.95,744.0,1746.75,1763.95,2.5849631052354916,-1.1755896991555743,0.7046867030399586,0.3267182005256241,0.19090385401459856,2022-03-31,False
BHARTIARTL,EICHERMOT,EICHERMOT,BHARTIARTL,2022-03-07,2022-03-08,2022-03-23,2022-03-24,reverted,2251.0,2385.0,676.75,700.55,5.621519603020871,-3.7099849619504965,0.9557673205351871,0.3313902148378498,0.19317668710749908,2022-03-31,False
ASIANPAINT,POLYCAB,ASIANPAINT,POLYCAB,2022-03-03,2022-03-04,2022-03-17,2022-03-21,reverted,2863.8,3117.3,2289.85,2465.2,8.516031450219986,-7.854600394348973,0.3307155279355065,0.335843680724911,0.19689355765661506,2022-03-31,False
L&TFH,PIIND,L&TFH,PIIND,2022-03-02,2022-03-03,2022-03-21,2022-03-22,reverted,64.2,72.2,2527.6,2796.05,12.119670986915889,-10.82030013609749,0.6496854254091993,0.34138820311526474,0.19955318246558001,2022-03-31,False
L&TFH,PIIND,PIIND,L&TFH,2022-03-23,2022-03-24,2022-03-31,2022-04-01,window_end,2731.0,2840.0,86.15,79.85,3.6628354065909914,7.129370458502629,5.39610293254681,0.3283766036616624,0.18345600696459663,2022-04-28,True
KEI,LAURUSLABS,KEI,LAURUSLABS,2022-03-11,2022-03-14,2022-03-23,2022-03-24,reverted,1011.5,1132.65,582.95,609.65,11.636616512318337,-4.774283816793878,3.4311663477622294,0.340644980514088,0.1941311450381679,2022-03-31,False
KEI,LAURUSLABS,LAURUSLABS,KEI,2022-03-31,2022-04-01,2022-03-31,,no_fill,,,,,,,,,,,False
NAVINFLUOR,UNIONBANK,UNIONBANK,NAVINFLUOR,2022-02-28,2022-03-02,2022-03-04,2022-03-07,reverted,39.8,39.05,3807.45,3450.0,-2.2037724123115576,9.206580011031,3.5014037993597213,0.319350301758794,0.18159317574754757,2022-03-31,False
NAVINFLUOR,UNIONBANK,UNIONBANK,NAVINFLUOR,2022-03-17,2022-03-21,2022-03-31,2022-03-31,rollover,40.3,39.15,4017.6,4082.2,-3.171459443424317,-1.7993884030266865,-2.4854239232255018,0.31786142853598015,0.19146327359617682,2022-03-31,False
GRASIM,KEI,GRASIM,KEI,2022-03-02,2022-03-03,2022-03-10,,no_fill,,,,,,,,,,,False
CENTURYTEX,MOTHERSUMI,MOTHERSUMI,CENTURYTEX,2022-03-04,2022-03-07,2022-03-31,,no_fill,,,,,,,,,,,False
HAVELLS,PRESTIGE,HAVELLS,PRESTIGE,2022-03-17,2022-03-21,2022-03-31,,no_fill,,,,,,,,,,,False
HCLTECH,HDFC,HDFC,HCLTECH,2022-03-04,2022-03-07,2022-03-17,2022-03-21,reverted,2139.4,2459.0,1115.15,1198.55,14.593573355221093,-7.675547493162335,3.459012931029379,0.3451945236234458,0.1967329839035107,2022-03-31,False
CHAMBLFERT,MUTHOOTFIN,MUTHOOTFIN,CHAMBLFERT,2022-03-11,2022-03-14,2022-03-31,2022-03-31,rollover,1388.0,1320.0,426.65,422.1,-5.213854467435156,0.8773851517637338,-2.1682346578357112,0.3147190207492796,0.18906275635767025,2022-03-31,False
BEML,INDIANB,BEML,INDIANB,2022-03-08,2022-03-09,2022-03-25,,no_fill,,,,,,,,,,,False
BEML,INDIANB,INDIANB,BEML,2022-03-31,2022-04-01,2022-03-31,,no_fill,,,,,,,,,,,False
MCX,WELCORP,WELCORP,MCX,2022-03-14,2022-03-15,2022-03-24,2022-03-25,reverted,147.1,155.45,1415.0,1439.8,5.345445155472467,-1.9442433554770362,1.7006008999977151,0.3309654495581238,0.19159317879858653,2022-03-31,False
ASHOKLEY,ICICIPRULI,ASHOKLEY,ICICIPRULI,2022-03-07,2022-03-08,2022-03-15,2022-03-16,reverted,99.15,111.95,433.0,462.85,12.567655261119508,-7.08997227713627,2.7388414919916193,0.34207746707009584,0.19620784295612012,2022-03-31,False
APLAPOLLO,WIPRO,WIPRO,APLAPOLLO,2022-03-15,2022-03-16,2022-03-23,,no_fill,,,,,,,,,,,False
ONGC,TATACOFFEE,TATACOFFEE,ONGC,2022-03-03,2022-03-04,2022-03-14,2022-03-15,reverted,191.05,196.95,170.1,168.9,2.7612074388903247,0.5160805996472552,1.6386440192687899,0.3269893682282125,0.18938677248677252,2022-03-31,False
ONGC,TATACOFFEE,ONGC,TATACOFFEE,2022-03-30,2022-03-31,2022-03-31,,no_fill,,,,,,,,,,,False
AMARAJABAT,GRASIM,GRASIM,AMARAJABAT,2022-03-03,2022-03-04,2022-03-14,2022-03-15,reverted,1485.0,1573.0,553.8,576.55,5.594577164444453,-4.301688544600937,0.6464443099217578,0.3313487614814815,0.193707323943662,2022-03-31,False
AMARAJABAT,GRASIM,AMARAJABAT,GRASIM,2022-03-28,2022-03-29,2022-03-31,2022-04-01,window_end,542.0,538.55,1635.15,1671.35,-0.9577987092804536,-2.4058713359630497,-1.6818350226217516,0.3212673439667897,0.1920071644803229,2022-04-28,True
HAVELLS,HDFCLIFE,HDFCLIFE,HAVELLS,2022-02-28,2022-03-02,2022-03-02,2022-03-03,reverted,518.0,560.75,1170.95,1163.7,7.917972239864873,0.42969114052691826,4.173831690195896,0.33492351303088813,0.18946424612494128,2022-03-31,False
BATAINDIA,ITC,BATAINDIA,ITC,2022-03-04,2022-03-07,2022-03-17,2022-03-21,reverted,1700.0,1943.2,222.15,245.55,13.96166008451764,-10.732898163403105,1.6143809605572672,0.34422226842352943,0.19947480081026334,2022-03-31,False
ABCAPITAL,BOSCHLTD,BOSCHLTD,ABCAPITAL,2022-03-16,2022-03-17,2022-03-30,2022-03-31,reverted,14257.9,14480.0,110.2,108.4,1.2330946761767199,1.4448399637023568,1.3389673199395382,0.3246382297912035,0.18855386569872956,2022-03-31,False
HCLTECH,SOBHA,SOBHA,HCLTECH,2022-03-14,2022-03-15,2022-03-21,2022-03-22,reverted,709.1,750.0,1212.0,1172.8,5.436768811648565,3.0472065610561048,4.241987686352335,0.3311059591877027,0.1871168712871287,2022-03-31,False
BANKBARODA,CROMPTON,CROMPTON,BANKBARODA,2022-03-25,2022-03-28,2022-03-31,2022-04-01,window_end,377.8,375.9,109.6,112.2,-0.8243842075701469,-2.5644121167883376,-1.694398162179242,0.32147261413446265,0.19214934306569345,2022-04-28,True
BANDHANBNK,IRCTC,BANDHANBNK,IRCTC,2022-03-02,2022-03-03,2022-03-15,2022-03-16,reverted,298.0,283.8,818.9,762.35,-5.080025599597308,6.721783551105139,0.8208789757539154,0.3149249284563758,0.18382152888020517,2022-03-31,False
DELTACORP,GMRINFRA,GMRINFRA,DELTACORP,2022-03-11,2022-03-14,2022-03-31,2022-03-31,rollover,39.3,37.05,282.65,330.05,-6.038640852671759,-16.974929336635434,-11.506785094653596,0.31345001297709923,0.20507262338581284,2022-03-31,False
BERGEPAINT,PVR,BERGEPAINT,PVR,2022-02-28,2022-03-02,2022-03-15,2022-03-16,reverted,680.0,702.2,1619.95,1708.95,2.937445356294124,-5.688948139757409,-1.3757513917316426,0.32726052605882355,0.19495141146331676,2022-03-31,False
BERGEPAINT,PVR,BERGEPAINT,PVR,2022-03-28,2022-03-29,2022-03-31,2022-04-01,window_end,686.7,705.2,1864.4,1924.45,2.367660118042823,-3.4137864063505567,-0.5230631441538669,0.32638386040483475,0.19291105771293715,2022-04-28,True
ACC,TATAPOWER,ACC,TATAPOWER,2022-03-03,2022-03-04,2022-03-15,2022-03-16,reverted,1940.0,2088.35,225.3,231.65,7.312914638809269,-3.011014123391037,2.150950257709116,0.333992577685567,0.19254985352862847,2022-03-31,False
M&M,MGL,M&M,MGL,2022-03-07,2022-03-08,2022-03-17,2022-03-21,reverted,690.55,789.6,720.0,761.7,13.999358856867728,-5.986885266666684,4.006236795100522,0.34428027136340594,0.19521860000000002,2022-03-31,False
MFSL,TATAMOTORS,TATAMOTORS,MFSL,2022-03-02,2022-03-03,2022-03-10,2022-03-11,reverted,458.5,413.6,852.1,774.0,-10.100003859236633,8.983797927473306,-0.5581029658816634,0.3072012420065431,0.1817929656143645,2022-03-31,False
MFSL,TATAMOTORS,MFSL,TATAMOTORS,2022-03-25,2022-03-28,2022-03-31,2022-04-01,window_end,735.75,751.5,434.0,436.5,1.8151390256880753,-0.7665739170506971,0.5242825543186891,0.32553375718654437,0.19053705069124421,2022-04-28,True
BAJFINANCE,MAXHEALTH,BAJFINANCE,MAXHEALTH,2022-03-07,2022-03-08,2022-03-10,,no_fill,,,,,,,,,,,False
BAJFINANCE,MAXHEALTH,MAXHEALTH,BAJFINANCE,2022-03-17,2022-03-21,2022-03-29,2022-03-30,reverted,336.5,360.65,7035.2,7108.95,6.8435497902228795,-1.2392609313168026,2.8021444294530387,0.3332704178008915,0.19096095405958607,2022-03-31,False
TRENT,TVSMOTOR,TVSMOTOR,TRENT,2022-02-28,2022-03-02,2022-03-30,2022-03-31,reverted,610.0,623.5,1099.95,1273.7,1.8874697096721258,-16.00037119778172,-7.056450744054798,0.32564504442622955,0.20419864448384012,2022-03-31,False
IDEA,TATAMTRDVR,TATAMTRDVR,IDEA,2022-03-03,2022-03-04,2022-03-15,2022-03-16,reverted,209.25,213.0,11.25,10.2,1.4671164021505434,9.151690933333338,5.3094036677419405,0.3249982931899642,0.1816424,2022-03-31,False
GODREJPROP,RELIANCE,GODREJPROP,RELIANCE,2022-03-07,2022-03-08,2022-03-16,2022-03-17,reverted,1374.0,1549.0,2224.25,2428.55,12.394724265065513,-9.38338314173318,1.5056705616661663,0.3418113972343523,0.19826456243677648,2022-03-31,False
APOLLOHOSP,REDINGTON,REDINGTON,APOLLOHOSP,2022-02-28,2022-03-02,2022-03-21,2022-03-22,reverted,151.0,150.0,4790.4,4802.8,-0.9834794874172219,-0.4491033800935294,-0.7162914337553756,0.3212278317880795,0.19025234468937874,2022-03-31,False
ABFRL,SOBHA,SOBHA,ABFRL,2022-03-14,2022-03-15,2022-03-31,2022-03-31,rollover,709.1,719.85,276.55,302.1,1.191432076900302,-9.437148432471533,-4.1228581777856155,0.324574128148357,0.19831277888266138,2022-03-31,False
MAXHEALTH,SUNTV,MAXHEALTH,SUNTV,2022-03-17,2022-03-21,2022-03-29,2022-03-30,reverted,336.5,360.65,477.0,485.65,6.8435497902228795,-2.005064914046119,2.4192424380883804,0.3332704178008915,0.19164772327044025,2022-03-31,False
COFORGE,DALBHARAT,COFORGE,DALBHARAT,2022-04-12,2022-04-13,2022-04-28,2022-04-28,rollover,4194.2,4085.0,1633.75,1538.3,-2.921840930313282,5.657611272838569,1.3678851712626434,0.318245488989557,0.18477587329762818,2022-04-28,False
GODREJCP,LALPATHLAB,LALPATHLAB,GODREJCP,2022-04-12,2022-04-13,2022-04-21,2022-04-22,reverted,2675.0,2753.0,808.0,794.95,2.5891631877383086,1.4265287227722758,2.0078459552552923,0.32672466272897194,0.1885702871287129,2022-04-28,False
RELIANCE,RIIL,RELIANCE,RIIL,2022-04-13,2022-04-18,2022-04-25,,no_fill,,,,,,,,,,,False
HCLTECH,HINDALCO,HINDALCO,HCLTECH,2022-04-25,2022-04-26,2022-04-29,2022-05-02,window_end,498.0,477.85,1090.1,1061.9,-4.362214084759029,2.3992206494816846,-0.9814967176386722,0.3160293458032129,0.18769798183652878,2022-05-26,True
GLENMARK,UNIONBANK,UNIONBANK,GLENMARK,2022-04-29,2022-05-02,2022-04-29,,no_fill,,,435.0,,,,,,,2022-05-26,False
BALKRISIND,MCDOWELL-N,MCDOWELL-N,BALKRISIND,2022-04-21,2022-04-22,2022-04-29,2022-05-02,window_end,871.0,857.5,2138.55,2117.5,-1.8698067326061973,0.7951753183231667,-0.5373157071415153,0.31986413788748563,0.18913648172827385,2022-05-26,True
BAJFINANCE,HEROMOTOCO,HEROMOTOCO,BAJFINANCE,2022-04-01,2022-04-04,2022-04-20,2022-04-21,reverted,2250.0,2282.0,7476.75,7095.95,1.097792167466658,4.90767359788678,3.0027328826767192,0.3244300547555556,0.18544841368241546,2022-04-28,False
BAJFINANCE,HEROMOTOCO,BAJFINANCE,HEROMOTOCO,2022-04-27,2022-04-28,2022-04-29,2022-05-02,window_end,6748.0,6550.0,2534.9,2461.0,-3.251940328215768,2.7278991542072655,-0.26202058700425135,0.3177376014819206,0.18740322458479622,2022-05-26,True
AMBUJACEM,WELCORP,AMBUJACEM,WELCORP,2022-03-31,2022-04-01,2022-04-11,,no_fill,,,,,,,,,,,False
ADANIGREEN,BEML,ADANIGREEN,BEML,2022-03-31,2022-04-01,2022-04-04,,no_fill,,,,,,,,,,,False
ADANIGREEN,BEML,BEML,ADANIGREEN,2022-04-11,2022-04-12,2022-04-29,,no_fill,,,,,,,,,,,False
GUJGASLTD,MUTHOOTFIN,MUTHOOTFIN,GUJGASLTD,2022-04-11,2022-04-12,2022-04-29,2022-04-28,rollover,1361.25,1265.0,538.9,512.0,-7.382090066666668,4.806110161439969,-1.2879899526133491,0.31138299595959595,0.1855394952681388,2022-04-28,False
INFY,WELCORP,INFY,WELCORP,2022-04-01,2022-04-04,2022-04-29,,no_fill,,,,,,,,,,,False
DABUR,JUBLFOOD,JUBLFOOD,DABUR,2022-04-19,2022-04-20,2022-04-29,2022-05-02,window_end,554.8,537.15,554.5,555.5,-3.4986845675378424,-0.3705245266005396,-1.934604547069191,0.31735796335616434,0.19018187556357077,2022-05-26,True
HAVELLS,INFY,INFY,HAVELLS,2022-04-05,2022-04-06,2022-04-29,2022-04-28,rollover,1855.0,1570.0,1244.5,1317.05,-15.662524207547172,-6.024903156287663,-10.843713681917418,0.2986428059299191,0.19525269425472075,2022-04-28,False
DALBHARAT,JUBLFOOD,JUBLFOOD,DALBHARAT,2022-04-19,2022-04-20,2022-04-29,2022-05-02,window_end,554.8,537.15,1561.1,1509.8,-3.4986845675378424,3.09907402856959,-0.19980526948412614,0.31735796335616434,0.18707035679969253,2022-05-26,True
BSOFT,SUNTV,BSOFT,SUNTV,2022-04-12,2022-04-13,2022-04-29,2022-04-28,rollover,465.0,421.6,523.85,491.3,-9.641240423999994,6.0291681034647375,-1.8060361602676283,0.3079070906666667,0.18444266297604273,2022-04-28,False
ACC,NTPC,ACC,NTPC,2022-04-05,2022-04-06,2022-04-22,2022-04-25,reverted,2149.65,2252.0,149.95,158.75,4.431680660902931,-6.0639105501834045,-0.8161149446402369,0.3295595409903938,0.19528767589196397,2022-04-28,False
GMRINFRA,HINDUNILVR,GMRINFRA,HINDUNILVR,2022-04-18,2022-04-19,2022-04-29,2022-05-02,window_end,38.85,37.45,2198.75,2230.3,-3.9203128540540506,-1.6262141685048392,-2.773263511279445,0.3167092504504505,0.19130797180216033,2022-05-26,True
MFSL,NATIONALUM,NATIONALUM,MFSL,2022-04-26,2022-04-27,2022-04-29,2022-05-02,window_end,108.4,103.25,746.15,747.1,-5.06586921854244,-0.3174545265697352,-2.6916618725560877,0.3149467093173432,0.1901342826509415,2022-05-26,True
ABB,MRF,ABB,MRF,2022-04-26,2022-04-27,2022-04-29,2022-05-02,window_end,2082.0,2090.0,68963.05,70300.1,0.06141042881844311,-2.1275082360626536,-1.0330489036221053,0.322835488568684,0.18871637578384365,2022-05-26,True
GRANULES,YESBANK,GRANULES,YESBANK,2022-04-06,2022-04-07,2022-04-28,,no_fill,,,,,,,,,,,False
IEX,PNB,IEX,PNB,2022-04-27,2022-04-28,2022-04-29,2022-05-02,window_end,224.0,214.0,35.6,34.9,-4.779672762499995,1.7780370786516957,-1.5008178419241498,0.31538704821428576,0.18825505617977525,2022-05-26,True
BERGEPAINT,DELTACORP,DELTACORP,BERGEPAINT,2022-04-20,2022-04-21,2022-04-29,2022-05-02,window_end,291.65,261.95,717.0,710.55,-10.490040189816556,0.7103690543933114,-4.889835567711622,0.30660113615635187,0.18921253556485357,2022-05-26,True
CHAMBLFERT,ICICIBANK,ICICIBANK,CHAMBLFERT,2022-04-18,2022-04-19,2022-04-19,2022-04-20,reverted,761.8,766.8,510.4,461.1,0.33308675983198155,9.477740909090906,4.905413834461444,0.3232534869519559,0.18135,2022-05-26,True
IGL,UBL,IGL,UBL,2022-04-29,2022-05-02,2022-04-29,,no_fill,,,1582.9,,,,,,,2022-05-26,False
LTI,PVR,LTI,PVR,2022-04-12,2022-04-13,2022-04-29,2022-04-28,rollover,5915.0,4888.0,1948.7,1816.2,-17.658209627692315,6.615487877046238,-5.5213608753230385,0.29557226505494505,0.18391685431313184,2022-04-28,False
COROMANDEL,NESTLEIND,NESTLEIND,COROMANDEL,2022-04-28,2022-04-29,2022-04-29,2022-05-02,window_end,18410.0,18269.0,911.1,899.85,-1.0869567270722431,1.0458594863352038,-0.020548620368519677,0.3210686227810972,0.18891166941060256,2022-05-26,False
HAVELLS,MINDTREE,MINDTREE,HAVELLS,2022-04-12,2022-04-13,2022-04-29,2022-04-28,rollover,4114.0,3573.0,1268.85,1317.05,-13.452262257219246,-3.9921450991054868,-8.722203678162366,0.30204349202722414,0.1934297269180754,2022-04-28,False
BHARATFORG,IEX,IEX,BHARATFORG,2022-04-28,2022-04-29,2022-04-29,2022-05-02,window_end,215.9,214.0,724.25,693.8,-1.2009303183881497,4.018103150845706,1.408586416228778,0.32089326419638725,0.18624617604418367,2022-05-26,False
LTTS,POWERGRID,LTTS,POWERGRID,2022-04-05,2022-04-06,2022-04-29,2022-04-28,rollover,5165.0,4074.8,231.35,235.6,-21.397273397769606,-2.0287123708666512,-11.712992884318128,0.2898193803446273,0.19166893019234926,2022-04-28,False
MCX,SIEMENS,SIEMENS,MCX,2022-04-29,2022-05-02,2022-04-29,,no_fill,,,1421.65,,,,,,,2022-05-26,False
ADANIPORTS,INDUSINDBK,INDUSINDBK,ADANIPORTS,2022-04-05,2022-04-06,2022-04-29,2022-04-28,rollover,967.0,978.0,849.9,887.15,0.8135460630816975,-4.576822635604179,-1.8816382862612406,0.32399271664943124,0.1939540628309213,2022-04-28,False
GLENMARK,PERSISTENT,GLENMARK,PERSISTENT,2022-03-31,2022-04-01,2022-04-06,2022-04-07,reverted,444.25,476.05,4809.8,4867.2,6.824889974608896,-1.3844880078173643,2.720200983395766,0.333241708002251,0.1910911929809971,2022-04-28,False
GLENMARK,PERSISTENT,PERSISTENT,GLENMARK,2022-04-11,2022-04-12,2022-04-27,2022-04-28,reverted,4515.9,4290.0,474.7,441.9,-5.316885616010087,6.725809214240581,0.7044617991152471,0.3145604980934033,0.18381791868548555,2022-04-28,False
ASTRAL,DIVISLAB,DIVISLAB,ASTRAL,2022-04-06,2022-04-07,2022-04-29,2022-04-28,rollover,4386.9,4569.75,2044.85,2164.6,3.839443032599349,-6.0514517725016415,-1.1060043699511461,0.32864833032209534,0.1952765029219747,2022-04-28,False
ASIANPAINT,M&M,ASIANPAINT,M&M,2022-04-01,2022-04-04,2022-04-29,2022-04-28,rollover,3124.95,3190.0,820.0,922.9,1.7561902469255655,-12.750064273170732,-5.496937013122583,0.3254430592073474,0.20128378536585367,2022-04-28,False
LICHSGFIN,M&MFIN,LICHSGFIN,M&MFIN,2022-04-12,2022-04-13,2022-04-29,2022-04-28,rollover,389.3,385.0,181.4,182.1,-1.4250949889031634,-0.5762539140022093,-1.0006744514526864,0.32054836676085285,0.19036637265711134,2022-04-28,False
HINDPETRO,ICICIPRULI,HINDPETRO,ICICIPRULI,2022-04-29,2022-05-02,2022-04-29,,no_fill,,,519.9,,,,,,,2022-05-26,False
DLF,TORNTPHARM,TORNTPHARM,DLF,2022-04-06,2022-04-07,2022-04-13,2022-04-18,reverted,2750.0,2825.0,399.6,382.8,2.4008378200000062,4.017957897897904,3.2093978589489547,0.32643490727272734,0.18624630630630631,2022-04-28,False
ACC,ADANIPOWER,ACC,ADANIPOWER,2022-03-31,2022-04-01,2022-04-29,,no_fill,,,,,,,,,,,False
BEML,JUBLFOOD,JUBLFOOD,BEML,2022-03-31,2022-04-01,2022-04-29,,no_fill,,,,,,,,,,,False
LTTS,MFSL,LTTS,MFSL,2022-04-18,2022-04-19,2022-04-29,2022-05-02,window_end,4375.0,4030.0,778.0,747.1,-8.1958452464,3.785267383033413,-2.205288931683293,0.31013096068571433,0.18645498200514138,2022-05-26,True
IDBI,PETRONET,IDBI,PETRONET,2022-05-04,2022-05-05,2022-05-31,2022-05-26,rollover,43.85,33.95,214.9,219.95,-22.864528809122003,-2.542059497440668,-12.703294153281336,0.2875618763968073,0.19212929734760353,2022-05-26,False
BANDHANBNK,MUTHOOTFIN,MUTHOOTFIN,BANDHANBNK,2022-05-13,2022-05-16,2022-05-19,2022-05-20,reverted,1115.0,1172.0,322.55,319.2,4.782009070672656,0.8495109130367438,2.8157599918546996,0.33009855264573984,0.18908775383661444,2022-05-26,False
BANDHANBNK,MUTHOOTFIN,MUTHOOTFIN,BANDHANBNK,2022-05-27,2022-05-30,2022-05-31,2022-06-01,window_end,1100.0,1145.0,326.35,327.7,3.7623793300000097,-0.6040576160563693,1.57916085697182,0.3285297609090909,0.19039130687911748,2022-06-30,False
IDEA,RECLTD,RECLTD,IDEA,2022-05-16,2022-05-17,2022-05-19,2022-05-20,reverted,116.5,117.3,9.6,9.1,0.3633951598283311,5.022988333333338,2.693191746580834,0.323300119141631,0.18534500000000004,2022-06-30,True
BHEL,IDBI,IDBI,BHEL,2022-05-05,2022-05-06,2022-05-31,2022-05-26,rollover,40.5,33.95,52.9,50.2,-16.470239569629623,4.918531077504719,-5.775854246062452,0.29740006345679015,0.18543867674858228,2022-05-26,False
BEML,NAVINFLUOR,BEML,NAVINFLUOR,2022-05-11,2022-05-12,2022-05-23,2022-05-24,reverted,1385.1,1390.1,3898.3,3719.6,0.0381850122590488,4.398144100248832,2.2181645562539405,0.32279975418381346,0.18590535720698764,2022-05-26,False
BEML,MARUTI,BEML,MARUTI,2022-05-11,2022-05-12,2022-05-31,2022-05-26,rollover,1385.1,1298.65,7274.0,7805.0,-6.5540835699588404,-7.496544960131966,-7.025314265045403,0.3126569581618656,0.19657245532031892,2022-05-26,False
INFY,TORNTPHARM,INFY,TORNTPHARM,2022-05-26,2022-05-27,2022-05-31,2022-06-01,window_end,1443.95,1513.0,2900.0,2840.8,4.452430072322436,1.853191652413792,3.152810862368114,0.32959146581945364,0.18818765793103448,2022-06-30,False
ACC,DIXON,DIXON,ACC,2022-05-02,2022-05-04,2022-05-31,2022-05-26,rollover,4001.0,3385.0,2351.3,2208.0,-15.694744194851289,5.909951338408545,-4.892396428221372,0.29859323259185205,0.18454957597924554,2022-05-26,False
FSL,HINDCOPPER,HINDCOPPER,FSL,2022-05-09,2022-05-10,2022-05-18,2022-05-19,reverted,95.0,96.0,114.75,111.75,0.7287692989473716,2.426705751633989,1.5777375252906802,0.32386228000000006,0.18767333333333333,2022-05-26,False
BSOFT,SUNPHARMA,BSOFT,SUNPHARMA,2022-05-13,2022-05-16,2022-05-30,2022-05-26,rollover,364.0,348.0,882.45,899.95,-4.711096953846149,-2.174915234857504,-3.4430060943518264,0.31549255824175826,0.19180004419513852,2022-05-26,False
FEDERALBNK,IBULHSGFIN,IBULHSGFIN,FEDERALBNK,2022-05-11,2022-05-12,2022-05-31,2022-05-26,rollover,109.0,111.0,90.35,85.05,1.5097984220183376,5.681321759822908,3.595560090920623,0.32506396330275233,0.18475460985058106,2022-05-26,False
BAJAJFINSV,INDIGO,BAJAJFINSV,INDIGO,2022-05-06,2022-05-09,2022-05-31,2022-05-26,rollover,13540.0,12450.0,1735.2,1816.2,-8.360099806056127,-4.8622598340249015,-6.611179820040514,0.30987824032496303,0.19421004149377594,2022-05-26,False
COFORGE,HDFCAMC,HDFCAMC,COFORGE,2022-05-05,2022-05-06,2022-05-06,2022-05-09,reverted,1940.0,1956.0,4050.0,3834.95,0.5012300775257703,5.124622688395065,2.8129263829604176,0.3235121905154639,0.1852538548148148,2022-05-26,False
COFORGE,HDFCAMC,HDFCAMC,COFORGE,2022-05-18,2022-05-19,2022-05-25,2022-05-26,reverted,1753.65,1705.0,3813.45,3496.15,-3.0921971633393306,8.137998158884995,2.5229004977728327,0.3179833806574859,0.18255147464893995,2022-06-30,True
LTTS,PERSISTENT,LTTS,PERSISTENT,2022-04-29,2022-05-02,2022-05-10,2022-05-11,reverted,4030.0,3898.0,4325.0,4019.5,-3.592647635930521,6.879904087861276,1.6436282259653776,0.31721339275434246,0.18367972716763004,2022-05-26,False
LTTS,PERSISTENT,LTTS,PERSISTENT,2022-05-31,2022-06-01,2022-05-31,,no_fill,,,3824.35,,,,,,,2022-06-30,False
AUBANK,DABUR,AUBANK,DABUR,2022-05-31,2022-06-01,2022-05-31,,no_fill,,,521.15,,,,,,,2022-06-30,False
GRANULES,METROPOLIS,METROPOLIS,GRANULES,2022-05-17,2022-05-18,2022-05-31,2022-06-01,window_end,1882.05,1632.45,254.65,269.9,-13.564005939108949,-6.184007198115058,-9.874006568612003,0.30187156435801393,0.19539537796976242,2022-06-30,True
HINDUNILVR,IOC,IOC,HINDUNILVR,2022-05-18,2022-05-19,2022-05-31,2022-06-01,window_end,117.0,117.0,2250.8,2353.65,-0.32224520000000006,-4.763607975830812,-2.542926587915406,0.32224520000000006,0.19412157099697885,2022-06-30,True
HEROMOTOCO,TATASTEEL,TATASTEEL,HEROMOTOCO,2022-05-23,2022-05-24,2022-05-31,2022-06-01,window_end,1031.0,1065.5,2642.6,2799.15,3.0188799409311264,-6.119427374555377,-1.5502737168121252,0.32738582046556747,0.1953374631045183,2022-06-30,True
AUBANK,IOC,IOC,AUBANK,2022-05-23,2022-05-24,2022-05-31,2022-06-01,reverted,117.7,117.0,1317.4,1260.05,-0.9160639271028028,4.167159092151213,1.625547582524205,0.32133155666949875,0.186112503415819,2022-06-30,True
ICICIPRULI,SUNTV,SUNTV,ICICIPRULI,2022-04-29,2022-05-02,2022-05-30,2022-05-26,rollover,479.95,417.95,519.9,528.9,-13.220412506594434,-1.922675972302363,-7.571544239448398,0.3024002136472549,0.1915738372763993,2022-05-26,False
HAL,LT,LT,HAL,2022-05-16,2022-05-17,2022-05-31,2022-06-01,window_end,1545.0,1653.55,1620.0,1845.25,6.692851412796109,-14.106821506172848,-3.706985046688369,0.3330385548414239,0.20250051851851852,2022-06-30,True
DIXON,MAXHEALTH,DIXON,MAXHEALTH,2022-05-13,2022-05-16,2022-05-31,,no_fill,,,,,,,,,,,False
IRCTC,JPPOWER,IRCTC,JPPOWER,2022-05-18,2022-05-19,2022-05-27,,no_fill,,,,,,,,,,,False
BAJFINANCE,CDSL,CDSL,BAJFINANCE,2022-05-11,2022-05-12,2022-05-13,2022-05-16,reverted,1073.9,1109.0,5771.65,5572.85,2.941194456150466,3.2574940190413413,3.0993442375959037,0.32726629438495203,0.1869282865385115,2022-05-26,False
BAJFINANCE,CDSL,CDSL,BAJFINANCE,2022-05-25,2022-05-26,2022-05-31,2022-06-01,window_end,1055.0,1263.8,5835.0,6063.35,19.43881982475828,-4.106986014738646,7.6659169050098175,0.3526493695545024,0.19353271568123395,2022-06-30,True
BHEL,TCS,BHEL,TCS,2022-05-09,2022-05-10,2022-05-16,2022-05-17,reverted,49.25,49.9,3418.95,3354.05,0.9955242479187834,1.709927476271949,1.3527258620953662,0.32427270639593914,0.18831613653314613,2022-05-26,False
BHEL,TCS,TCS,BHEL,2022-05-20,2022-05-23,2022-05-31,2022-06-01,window_end,3304.8,3388.0,54.95,51.65,2.191437503848951,5.820830009099188,4.006133756474069,0.32611272611958364,0.18462949954504093,2022-06-30,True
HINDUNILVR,INDUSTOWER,INDUSTOWER,HINDUNILVR,2022-04-29,2022-05-02,2022-05-09,2022-05-10,reverted,208.1,205.95,2230.3,2117.15,-1.3538151731379162,4.8878423252477265,1.767013576054905,0.3206580371456031,0.18546619826929112,2022-05-26,False
HINDUNILVR,INDUSTOWER,INDUSTOWER,HINDUNILVR,2022-05-13,2022-05-16,2022-05-26,2022-05-26,rollover,185.0,199.95,2201.05,2280.2,7.7464215142162125,-3.7892587742213752,1.9785813699974186,0.3346595668648649,0.19324777946888982,2022-05-26,False
BANKBARODA,JINDALSTEL,JINDALSTEL,BANKBARODA,2022-05-23,2022-05-24,2022-05-31,2022-06-01,window_end,398.0,384.95,96.25,98.6,-3.596102549422117,-2.6337699844155873,-3.114936266918852,0.3172080770603015,0.19221154285714284,2022-06-30,True
CDSL,COFORGE,CDSL,COFORGE,2022-05-02,2022-05-04,2022-05-19,2022-05-20,reverted,1294.0,1158.0,4145.95,3740.0,-10.816145761360122,9.61025209011203,-0.6029468356240457,0.3060993935085008,0.18123116463054306,2022-05-26,False
CDSL,COFORGE,COFORGE,CDSL,2022-05-31,2022-06-01,2022-05-31,,no_fill,,,,,,,,,,,False
CUMMINSIND,STAR,STAR,CUMMINSIND,2022-05-06,2022-05-09,2022-05-17,2022-05-18,reverted,295.0,303.55,1011.5,1009.1,2.571607433118637,0.04746435392980769,1.3095358935242225,0.32669765162711867,0.18980702521008402,2022-05-26,False
CANBK,FEDERALBNK,CANBK,FEDERALBNK,2022-05-09,2022-05-10,2022-05-16,2022-05-17,reverted,201.1,199.45,92.2,85.2,-1.141472065788168,7.40898563991323,3.133756787062531,0.3209847460467429,0.18320524945770064,2022-05-26,False
FORTIS,ICICIBANK,FORTIS,ICICIBANK,2022-05-05,2022-05-06,2022-05-24,2022-05-25,reverted,250.0,245.0,721.0,712.25,-2.319172748000002,1.0246615533980576,-0.6472555973009722,0.319172748,0.1889306796116505,2022-05-26,False
FORTIS,ICICIBANK,FORTIS,ICICIBANK,2022-05-26,2022-05-27,2022-05-31,2022-06-01,window_end,241.0,240.3,735.9,748.7,-0.612255424813277,-1.930948017393678,-1.2716017211034774,0.3217989932780083,0.19158125560538117,2022-06-30,False
TATAMTRDVR,UPL,TATAMTRDVR,UPL,2022-05-04,2022-05-05,2022-05-20,2022-05-23,reverted,213.1,205.8,832.0,823.9,-3.742604444580001,0.784411557692307,-1.479096443443847,0.3169826707648991,0.18914613461538463,2022-05-26,False
JINDALSTEL,M&MFIN,JINDALSTEL,M&MFIN,2022-05-10,2022-05-11,2022-05-20,2022-05-23,reverted,463.0,446.0,173.5,172.35,-3.9883108928725695,0.47339915850144143,-1.757455867185564,0.3166046293736501,0.18942504899135446,2022-05-26,False
JINDALSTEL,M&MFIN,JINDALSTEL,M&MFIN,2022-05-23,2022-05-24,2022-05-31,2022-06-01,window_end,398.0,384.95,172.0,179.0,-3.596102549422117,-4.263440465116286,-3.9297715072692014,0.3172080770603015,0.19367302325581395,2022-06-30,True
BIOCON,STAR,BIOCON,STAR,2022-05-26,2022-05-27,2022-05-31,2022-06-01,window_end,327.5,334.0,325.75,332.55,1.659438626259543,-2.279384138142747,-0.3099727559416019,0.325294198167939,0.1918937313891021,2022-06-30,False
BATAINDIA,CHAMBLFERT,CHAMBLFERT,BATAINDIA,2022-05-25,2022-05-26,2022-05-31,2022-06-01,window_end,362.7,365.0,1775.0,1890.0,0.31091352076095435,-6.674708676056329,-3.181897577647687,0.32321937143644885,0.1958354366197183,2022-06-30,True
HFCL,MGL,HFCL,MGL,2022-05-02,2022-05-04,2022-05-17,2022-05-18,reverted,68.2,68.5,775.95,768.4,0.11696173870967702,0.7838542032347511,0.4504079709722141,0.32292095923753666,0.1891466344480959,2022-05-26,False
BANDHANBNK,SUNPHARMA,SUNPHARMA,BANDHANBNK,2022-05-16,2022-05-17,2022-05-18,2022-05-19,reverted,880.15,885.0,341.45,325.2,0.227950710231205,4.573367318787527,2.4006590145093663,0.3230917257172073,0.1857482178942744,2022-06-30,True
BANDHANBNK,SUNPHARMA,BANDHANBNK,SUNPHARMA,2022-05-20,2022-05-23,2022-05-27,2022-05-30,reverted,319.95,326.05,923.95,900.75,1.5813738096577694,2.3231922214405567,1.952283015549163,0.3251740884513206,0.18776616375344984,2022-06-30,True
BANDHANBNK,CAMS,CAMS,BANDHANBNK,2022-05-02,2022-05-04,2022-05-20,2022-05-23,reverted,2439.0,2256.0,339.0,321.0,-7.813793811808117,5.124480530973449,-1.344656640417334,0.3107187810578106,0.18525398230088494,2022-05-26,False
ABFRL,HDFCAMC,HDFCAMC,ABFRL,2022-05-13,2022-05-16,2022-05-26,2022-05-26,rollover,1782.8,1705.0,266.5,257.35,-4.6794631502580195,3.2464576885553376,-0.716502730851341,0.31554122968364373,0.18693818386491554,2022-05-26,False
IDEA,TCS,IDEA,TCS,2022-05-12,2022-05-13,2022-05-17,2022-05-18,reverted,8.25,9.4,3428.3,3448.0,13.595734680000001,-0.7651646116150884,6.415285034192457,0.34365925939393943,0.19053578683312425,2022-05-26,False
CDSL,ICICIPRULI,CDSL,ICICIPRULI,2022-05-05,2022-05-06,2022-05-31,2022-05-26,rollover,1210.0,1055.0,510.95,528.9,-13.112483627272729,-3.7062372267345096,-8.40936042700362,0.30256627190082647,0.19317332615715826,2022-05-26,False
AMBUJACEM,EXIDEIND,EXIDEIND,AMBUJACEM,2022-05-12,2022-05-13,2022-05-18,2022-05-19,reverted,142.1,142.5,377.9,358.25,-0.041185728078821204,5.014435633765536,2.4866249528433575,0.32267763518648834,0.18535267001852343,2022-05-26,False
FORTIS,NAVINFLUOR,FORTIS,NAVINFLUOR,2022-05-10,2022-05-11,2022-05-20,2022-05-23,reverted,245.0,243.5,3783.1,3799.1,-0.9335495514285677,-0.6133331981708193,-0.7734413747996935,0.3213046534693878,0.1903996251751209,2022-05-26,False
MARICO,UBL,UBL,MARICO,2022-05-23,2022-05-24,2022-05-30,2022-05-31,reverted,1475.0,1542.5,535.0,530.15,4.246995799661023,0.7173357682242989,2.4821657839426607,0.329275386779661,0.18920628785046728,2022-06-30,True
IOC,M&M,IOC,M&M,2022-04-29,2022-05-02,2022-05-12,2022-05-13,reverted,125.95,125.0,920.45,874.4,-1.0753540410480316,4.817458350806683,1.8710521548793255,0.32108647455339423,0.18552931826823835,2022-05-26,False
IOC,M&M,IOC,M&M,2022-05-18,2022-05-19,2022-05-31,2022-06-01,window_end,117.0,117.0,902.65,1034.95,-0.32224520000000006,-14.860019720822043,-7.591132460411021,0.32224520000000006,0.2031759829391237,2022-06-30,True
DRREDDY,GRANULES,GRANULES,DRREDDY,2022-05-10,2022-05-11,2022-05-18,2022-05-19,reverted,252.0,253.3,3935.0,3880.0,0.1928353183333315,1.2089474205844961,0.7008913694589138,0.32303769753968253,0.18876541296060992,2022-05-26,False
DRREDDY,GRANULES,GRANULES,DRREDDY,2022-05-25,2022-05-26,2022-05-31,2022-06-01,window_end,256.95,269.65,4329.65,4330.5,4.612757691535311,-0.20966969362421276,2.201543998955549,0.32983814423039504,0.19003762174771635,2022-06-30,True
ADANIGREEN,NAUKRI,ADANIGREEN,NAUKRI,2022-05-31,2022-06-01,2022-06-20,2022-06-21,reverted,1828.95,1760.0,4190.0,3626.9,-4.08637638003773,13.261183784248203,4.587403702105236,0.31645374683288224,0.17795702720763723,2022-06-30,False
ADANIGREEN,NAUKRI,NAUKRI,ADANIGREEN,2022-06-30,2022-07-01,2022-06-30,,no_fill,,,,,,,,,,,False
COROMANDEL,DEEPAKNTR,DEEPAKNTR,COROMANDEL,2022-06-30,2022-07-01,2022-06-30,,no_fill,,,945.0,,,,,,,2022-07-28,False
BIOCON,INDUSINDBK,BIOCON,INDUSINDBK,2022-06-02,2022-06-03,2022-06-27,2022-06-28,reverted,325.0,318.6,955.95,817.1,-2.288450785723075,14.34783572048747,6.029692467382198,0.31922001649230775,0.1769825231445159,2022-06-30,False
GAIL,SRF,GAIL,SRF,2022-05-31,2022-06-01,2022-06-07,2022-06-08,reverted,147.45,152.15,2474.8,2338.9,2.860379240691778,5.306261874898981,4.083320557795379,0.3271419529331977,0.18509096169387426,2022-06-30,False
BERGEPAINT,NAUKRI,BERGEPAINT,NAUKRI,2022-05-31,2022-06-01,2022-06-13,2022-06-14,reverted,615.0,569.0,4190.0,3582.65,-7.790429525853661,14.318217645823388,3.263894059984864,0.3107547291056911,0.1770090844868735,2022-06-30,False
BERGEPAINT,NAUKRI,BERGEPAINT,NAUKRI,2022-06-28,2022-06-29,2022-06-30,2022-07-01,window_end,572.0,570.45,3875.0,3700.15,-0.5928079359615295,4.326288267354839,1.8667401656966547,0.32182891498251753,0.18596979716129033,2022-07-28,True
ADANIGREEN,UPL,ADANIGREEN,UPL,2022-05-31,2022-06-01,2022-06-14,2022-06-15,reverted,1828.95,1819.8,776.55,723.3,-0.821763695973099,6.673388305968708,2.9258123049978044,0.3214766460264085,0.183864929495847,2022-06-30,False
CROMPTON,HFCL,HFCL,CROMPTON,2022-06-20,2022-06-21,2022-06-30,2022-07-01,window_end,54.1,55.15,330.0,337.75,1.615623492606276,-2.540612848484844,-0.462494677939284,0.32522678465804067,0.192128,2022-07-28,True
BHEL,RIIL,BHEL,RIIL,2022-06-29,2022-06-30,2022-06-30,,no_fill,,,,,,,,,,,False
BAJFINANCE,ITC,BAJFINANCE,ITC,2022-06-13,2022-06-14,2022-06-24,2022-06-27,reverted,5347.0,5700.0,263.2,267.1,6.2694456962408776,-1.673112948328275,2.298166373956301,0.33238710720029924,0.19135003039513676,2022-06-30,False
MAXHEALTH,VOLTAS,VOLTAS,MAXHEALTH,2022-06-20,2022-06-21,2022-06-30,,no_fill,,,,,,,,,,,False
ABFRL,SBIN,ABFRL,SBIN,2022-06-15,2022-06-16,2022-06-30,2022-06-30,rollover,241.0,240.95,456.0,465.9,-0.34296021605809124,-2.3630213684210566,-1.3529907922395739,0.32221332809128633,0.19196873684210525,2022-06-30,False
CROMPTON,JUSTDIAL,JUSTDIAL,CROMPTON,2022-05-31,2022-06-01,2022-06-14,2022-06-15,reverted,662.95,600.0,362.85,318.2,-9.803095124323105,12.12638563318177,1.1616452544293319,0.307658062704578,0.17897470855725506,2022-06-30,False
LTI,TV18BRDCST,LTI,TV18BRDCST,2022-06-08,2022-06-09,2022-06-28,,no_fill,,,,,,,,,,,False
MCDOWELL-N,TATACONSUM,MCDOWELL-N,TATACONSUM,2022-06-08,2022-06-09,2022-06-13,2022-06-14,reverted,775.9,779.0,749.2,735.45,0.07667704505736167,1.6469183342231741,0.8617976896402679,0.32285897762598276,0.18837264281900692,2022-06-30,False
MCDOWELL-N,TATACONSUM,TATACONSUM,MCDOWELL-N,2022-06-30,2022-07-01,2022-06-30,,no_fill,,,759.6,,,,,,,2022-07-28,False
IBULHSGFIN,TRENT,IBULHSGFIN,TRENT,2022-06-10,2022-06-13,2022-06-27,2022-06-28,reverted,109.05,103.0,1101.25,1049.95,-5.861636151581839,4.472504120771841,-0.6945660154049991,0.31372235057313164,0.1858386715096481,2022-06-30,False
HEROMOTOCO,MUTHOOTFIN,MUTHOOTFIN,HEROMOTOCO,2022-06-23,2022-06-24,2022-06-30,2022-07-01,window_end,999.8,980.0,2665.0,2685.0,-2.2995989432686508,-0.9411626641651021,-1.6203808037168765,0.31920286405281056,0.1906936210131332,2022-07-28,True
L&TFH,RBLBANK,RBLBANK,L&TFH,2022-06-13,2022-06-14,2022-06-27,2022-06-28,reverted,87.0,90.45,68.45,69.75,3.637180110689669,-2.0909212125639156,0.7731294490628766,0.3283371306896552,0.1917247187728269,2022-06-30,False
AUBANK,HDFCAMC,AUBANK,HDFCAMC,2022-06-09,2022-06-10,2022-06-28,2022-06-29,reverted,609.95,594.0,1870.05,1770.0,-2.9331964575293177,5.16490659982353,1.115855071147106,0.31822801749323715,0.18521772840298387,2022-06-30,False
IPCALAB,TV18BRDCST,IPCALAB,TV18BRDCST,2022-06-02,2022-06-03,2022-06-14,,no_fill,,,,,,,,,,,False
DABUR,HDFCLIFE,HDFCLIFE,DABUR,2022-06-20,2022-06-21,2022-06-30,2022-07-01,window_end,555.4,549.95,503.4,493.3,-1.3020124971371845,1.8181376797775095,0.2580625913201625,0.3207377402052575,0.18821909415971397,2022-07-28,True
ABCAPITAL,HINDPETRO,ABCAPITAL,HINDPETRO,2022-06-22,2022-06-23,2022-06-30,2022-07-01,window_end,89.75,89.0,225.0,217.75,-1.1566160417827283,3.035094488888893,0.9392392235530823,0.3209614456824513,0.18712773333333332,2022-07-28,True
KPITTECH,NMDC,NMDC,KPITTECH,2022-05-31,2022-06-01,2022-06-14,,no_fill,,,,,,,,,,,False
KPITTECH,NMDC,NMDC,KPITTECH,2022-06-23,2022-06-24,2022-06-30,,no_fill,,,,,,,,,,,False
BANKBARODA,ICICIPRULI,ICICIPRULI,BANKBARODA,2022-06-22,2022-06-23,2022-06-30,2022-07-01,window_end,490.4,489.0,95.55,97.95,-0.6072878761011422,-2.7040485086342394,-1.6556681923676908,0.32180663629690054,0.19227456828885406,2022-07-28,True
GODREJPROP,LTI,GODREJPROP,LTI,2022-06-10,2022-06-13,2022-06-29,2022-06-30,reverted,1266.1,1213.0,4153.15,4041.9,-4.509783814595996,2.491074061134312,-1.0093548767308418,0.31580229654845593,0.18761560815284783,2022-06-30,False
BAJFINANCE,GNFC,GNFC,BAJFINANCE,2022-06-20,2022-06-21,2022-06-27,2022-06-28,reverted,552.0,612.9,5547.6,5623.05,10.693414915326082,-1.5512883668613493,4.571063274232366,0.339193780326087,0.19124077871512002,2022-07-28,True
EICHERMOT,RAYMOND,EICHERMOT,RAYMOND,2022-05-31,2022-06-01,2022-06-09,,no_fill,,,,,,,,,,,False
ASTRAL,BAJFINANCE,BAJFINANCE,ASTRAL,2022-06-13,2022-06-14,2022-06-20,2022-06-21,reverted,5347.0,5525.0,1629.8,1606.05,3.001610266093134,1.2685220296968913,2.135066147895013,0.32735924952309714,0.18871198674684012,2022-06-30,False
IBREALEST,TITAN,IBREALEST,TITAN,2022-06-13,2022-06-14,2022-06-17,2022-06-20,reverted,65.6,63.2,2093.5,1940.5,-3.9751614463414557,7.124875285407212,1.574856919532878,0.31662486097560977,0.18346003821351806,2022-06-30,False
GNFC,UBL,GNFC,UBL,2022-06-13,2022-06-14,2022-06-17,2022-06-20,reverted,598.45,606.05,1506.35,1451.75,0.9457512378644599,3.4378891154114153,2.1918201766379375,0.32419612615924476,0.18676650911142828,2022-06-30,False
GNFC,UBL,GNFC,UBL,2022-06-20,2022-06-21,2022-06-27,2022-06-28,reverted,552.0,612.9,1456.7,1488.25,10.693414915326082,-2.3578183991212898,4.167798258102396,0.339193780326087,0.19196407084506076,2022-07-28,True
HFCL,UPL,UPL,HFCL,2022-06-07,2022-06-08,2022-06-13,,no_fill,,,,,,,,,,,False
BPCL,SHREECEM,SHREECEM,BPCL,2022-06-03,2022-06-06,2022-06-20,2022-06-21,reverted,20599.95,18504.0,328.55,297.1,-10.481154066843365,9.390935568406634,-0.5451092492183651,0.3066148082529327,0.1814278465986912,2022-06-30,False
GUJGASLTD,L&TFH,GUJGASLTD,L&TFH,2022-06-08,2022-06-09,2022-06-30,2022-06-30,rollover,486.95,421.0,77.55,67.6,-13.844924303665671,12.65192857511283,-0.5964978642764205,0.30143934627785196,0.17850340425531913,2022-06-30,False
METROPOLIS,VOLTAS,METROPOLIS,VOLTAS,2022-07-18,2022-07-19,2022-07-29,2022-08-01,window_end,1445.5,1598.0,1032.5,1010.0,10.211530347215492,1.9911127845036325,6.101321565859562,0.338452357730889,0.18806397094430993,2022-08-25,True
PERSISTENT,PFC,PERSISTENT,PFC,2022-07-04,2022-07-05,2022-07-20,2022-07-21,reverted,3269.0,3515.0,108.4,109.6,7.191431410706641,-1.2980247232472175,2.9467033437297117,0.33380566485163654,0.19101365313653135,2022-07-28,False
MAXHEALTH,RECLTD,MAXHEALTH,RECLTD,2022-06-30,2022-07-01,2022-07-12,2022-07-13,reverted,364.6,369.7,118.6,124.25,1.0743991355457982,-4.958208397976391,-1.9419046312152966,0.32439406247942953,0.19429608768971332,2022-07-28,False
BOMDYEING,PIDILITIND,BOMDYEING,PIDILITIND,2022-07-27,2022-07-28,2022-07-29,2022-08-01,window_end,96.25,98.85,2374.45,2470.25,2.374903695999992,-4.228260016846022,-0.926678160423015,0.32639500529870136,0.19364147360441364,2022-08-25,True
HINDUNILVR,SBIN,SBIN,HINDUNILVR,2022-07-06,2022-07-07,2022-07-20,2022-07-21,reverted,484.0,509.8,2512.85,2604.95,5.0001443390909035,-3.8584709206677585,0.5708367092115725,0.3304341733057852,0.19330984857830755,2022-07-28,False
BHEL,IGL,IGL,BHEL,2022-07-14,2022-07-15,2022-07-29,2022-07-28,rollover,368.95,354.5,49.5,53.25,-4.232748394010025,-7.772577575757569,-6.002662984883797,0.3162285403713241,0.19682000000000002,2022-07-28,False
COLPAL,SHREECEM,COLPAL,SHREECEM,2022-07-25,2022-07-26,2022-07-29,2022-08-01,reverted,1575.0,1590.0,20161.25,20150.05,0.6286726799999967,-0.13441802532084388,0.24712732733957637,0.3237082723809524,0.18997013642507285,2022-08-25,True
BAJAJFINSV,BAJFINANCE,BAJFINANCE,BAJAJFINSV,2022-07-26,2022-07-27,2022-07-29,2022-08-01,window_end,6279.0,7251.05,13345.1,15200.2,15.134940841036801,-14.103479904833979,0.5157304681014114,0.3460274660184743,0.20249752178702296,2022-08-25,True
NMDC,NTPC,NMDC,NTPC,2022-07-12,2022-07-13,2022-07-28,2022-07-28,rollover,103.8,105.5,147.7,150.35,1.3130037554913332,-1.9858078402166492,-0.336402042362658,0.32476117707129093,0.19163045362220715,2022-07-28,False
PIIND,POLYCAB,POLYCAB,PIIND,2022-07-08,2022-07-11,2022-07-29,2022-07-28,rollover,2204.15,2235.0,2710.05,3065.8,1.075237159544484,-13.328866929023443,-6.126814884739479,0.3243953518544564,0.20180285271489457,2022-07-28,False
EXIDEIND,MGL,MGL,EXIDEIND,2022-07-19,2022-07-20,2022-07-29,2022-08-01,window_end,788.5,760.0,152.9,160.7,-3.931150407228916,-5.295972439502921,-4.613561423365919,0.3166925759036145,0.1945989928057554,2022-08-25,True
GODREJCP,INDIAMART,INDIAMART,GODREJCP,2022-07-04,2022-07-05,2022-07-18,2022-07-19,reverted,3801.0,4065.0,821.05,857.5,6.612625527071819,-4.633442144814571,0.989591691128624,0.33291512012628255,0.19400483892576578,2022-07-28,False
BANKBARODA,BSE,BSE,BANKBARODA,2022-07-26,2022-07-27,2022-07-29,2022-08-01,window_end,659.0,681.0,116.45,118.6,3.0110177784521968,-2.037963185916688,0.4865272962677545,0.3273737238239757,0.19167722627737227,2022-08-25,True
FEDERALBNK,INDHOTEL,INDHOTEL,FEDERALBNK,2022-07-19,2022-07-20,2022-07-25,2022-07-26,reverted,252.4,261.5,108.15,107.75,3.2776043813787723,0.18016866389274513,1.7288865226357588,0.3277838912044374,0.1896880166435506,2022-08-25,True
IGL,RENUKA,IGL,RENUKA,2022-07-28,2022-07-29,2022-07-29,,no_fill,,,,,,,,,,,False
ACC,TATACOMM,ACC,TATACOMM,2022-07-11,2022-07-12,2022-07-29,2022-07-28,rollover,2181.0,2204.9,986.05,1034.05,0.7718989631636928,-5.062296740530398,-2.1451988886833524,0.32392863885373685,0.19438943359870192,2022-07-28,False
ASTRAL,DIXON,DIXON,ASTRAL,2022-07-28,2022-07-29,2022-07-29,2022-08-01,window_end,3616.0,3720.0,1809.7,1825.15,2.549442645575231,-1.0445189733104916,0.7524618361323697,0.3266635491150443,0.19078631043819416,2022-08-25,False
ADANIGREEN,DALBHARAT,ADANIGREEN,DALBHARAT,2022-07-07,2022-07-08,2022-07-13,2022-07-14,reverted,1926.7,2160.0,1458.5,1494.85,11.767940011719528,-2.6845436722660225,4.541698169726753,0.34084703348730994,0.1922570764484059,2022-07-28,False
HAL,L&TFH,HAL,L&TFH,2022-07-07,2022-07-08,2022-07-19,2022-07-20,reverted,1754.5,1840.55,72.45,74.35,4.574751537115994,-2.814872229123526,0.8799396539962341,0.329779668355657,0.19237395445134575,2022-07-28,False
HAL,L&TFH,L&TFH,HAL,2022-07-28,2022-07-29,2022-07-29,2022-08-01,window_end,74.9,75.5,2039.85,2032.6,0.4775922691588659,0.1657173140181901,0.321654791588528,0.3234758216288385,0.18970097654239285,2022-08-25,False
ASIANPAINT,NMDC,NMDC,ASIANPAINT,2022-07-12,2022-07-13,2022-07-29,2022-07-28,rollover,103.8,105.5,2949.0,3271.55,1.3130037554913332,-11.137443563241774,-4.91221990387522,0.32476117707129093,0.1998375951169888,2022-07-28,False
ADANIPORTS,POLYCAB,POLYCAB,ADANIPORTS,2022-07-12,2022-07-13,2022-07-29,2022-07-28,rollover,2238.15,2235.0,733.05,764.5,-0.46277022683466373,-4.484164945092425,-2.473467585963544,0.3220289896521681,0.19387096787395133,2022-07-28,False
HINDALCO,SRF,SRF,HINDALCO,2022-07-07,2022-07-08,2022-07-12,2022-07-13,reverted,2098.0,2210.0,368.7,345.95,5.007971324690189,5.9858466666666725,5.496908995678431,0.3304462158245948,0.18448151342554922,2022-07-28,False
LICHSGFIN,TATASTEEL,TATASTEEL,LICHSGFIN,2022-07-28,2022-07-29,2022-07-29,2022-08-01,window_end,103.0,110.5,385.95,382.55,6.948122086407763,0.6917138618992071,3.819917974153485,0.3334313116504855,0.18922926544889235,2022-08-25,False
ICICIPRULI,TATASTEEL,TATASTEEL,ICICIPRULI,2022-07-28,2022-07-29,2022-07-29,2022-08-01,window_end,103.0,110.5,536.95,559.45,6.948122086407763,-4.384115539621933,1.282003273392915,0.3334313116504855,0.1937812440636931,2022-08-25,False
AUROPHARMA,TVSMOTOR,AUROPHARMA,TVSMOTOR,2022-06-30,2022-07-01,2022-07-05,2022-07-06,reverted,512.25,530.7,811.25,810.95,3.2739786419326675,-0.15300683759631264,1.5604859021681774,0.3277783126793558,0.18998680677966098,2022-07-28,False
AUROPHARMA,TVSMOTOR,AUROPHARMA,TVSMOTOR,2022-07-29,2022-08-01,2022-07-29,,no_fill,,,911.35,,,,,,,2022-08-25,False
CAMS,JSWSTEEL,JSWSTEEL,CAMS,2022-07-22,2022-07-25,2022-07-26,,no_fill,,,,,,,,,,,False
AUROPHARMA,LALPATHLAB,LALPATHLAB,AUROPHARMA,2022-07-13,2022-07-14,2022-07-25,2022-07-26,reverted,2006.65,2098.9,558.65,544.85,4.26790670249919,2.282438047077773,3.2751723747884816,0.32930756007774153,0.1878027118947463,2022-07-28,False
HDFC,INDIAMART,INDIAMART,HDFC,2022-06-30,2022-07-01,2022-07-13,2022-07-14,reverted,3822.5,3913.1,2154.6,2182.25,2.0442902591079033,-1.4744727355425669,0.2849087617826682,0.32588632689601044,0.19117189083820663,2022-07-28,False
GODREJPROP,SAIL,SAIL,GODREJPROP,2022-07-06,2022-07-07,2022-07-29,2022-07-28,rollover,70.2,75.0,1292.95,1459.95,6.504857528205126,-13.117812969565716,-3.3064777206802947,0.3327493094017093,0.20161358057156112,2022-07-28,False
DIVISLAB,TATACHEM,DIVISLAB,TATACHEM,2022-07-25,2022-07-26,2022-07-29,2022-08-01,window_end,3774.3,3835.0,896.75,921.3,1.2835294093792289,-2.9301411129077253,-0.8233058517642482,0.3247158281482659,0.192477327014218,2022-08-25,True
APLAPOLLO,INDUSTOWER,APLAPOLLO,INDUSTOWER,2022-07-14,2022-07-15,2022-07-19,2022-07-20,reverted,862.9,912.55,226.0,223.9,5.422768866415563,0.7400175929203543,3.0813932296679587,0.3310844190172674,0.18918594690265486,2022-07-28,False
HAL,SBICARD,HAL,SBICARD,2022-07-06,2022-07-07,2022-07-19,2022-07-20,reverted,1755.0,1840.55,850.35,862.45,4.544910119982901,-1.6142407279355622,1.4653346960236693,0.32973375466096866,0.1912972340800847,2022-07-28,False
LAURUSLABS,TATAPOWER,TATAPOWER,LAURUSLABS,2022-07-14,2022-07-15,2022-07-19,2022-07-20,reverted,221.9,230.0,523.65,514.95,3.322440049842258,1.472886353480364,2.3976632016613113,0.327852874898603,0.1885287138355772,2022-07-28,False
LAURUSLABS,TATAPOWER,LAURUSLABS,TATAPOWER,2022-07-25,2022-07-26,2022-07-29,2022-08-01,window_end,499.4,525.1,233.85,223.75,4.816024522026445,4.132864652555058,4.474444587290751,0.33015088846615936,0.18614325849903782,2022-08-25,True
APLAPOLLO,ITC,APLAPOLLO,ITC,2022-07-04,2022-07-05,2022-07-19,2022-07-20,reverted,838.1,912.55,292.05,296.0,8.54729637908364,-1.543742143468574,3.501777117807533,0.33589178461997377,0.19123401129943504,2022-07-28,False
APLAPOLLO,ITC,ITC,APLAPOLLO,2022-07-29,2022-08-01,2022-07-29,,no_fill,,,,,,,,,,,False
INDHOTEL,SHREECEM,SHREECEM,INDHOTEL,2022-07-15,2022-07-18,2022-07-21,2022-07-22,reverted,19799.0,20449.0,252.15,252.9,2.9557054697307934,-0.4877289827483649,1.2339882434912142,0.3272886208798424,0.1902869839381321,2022-07-28,False
MARICO,PNB,MARICO,PNB,2022-07-28,2022-07-29,2022-07-29,2022-08-01,window_end,515.9,523.7,32.8,31.6,1.187353062686573,3.4718004878048703,2.3295767752457217,0.3245678522194224,0.18673609756097564,2022-08-25,False
ABFRL,MCDOWELL-N,MCDOWELL-N,ABFRL,2022-07-27,2022-07-28,2022-07-29,2022-08-01,window_end,800.0,782.0,272.0,270.95,-2.5687886914999964,0.19635591176471004,-1.1862163898676432,0.3187886915,0.18967350000000002,2022-08-25,True
AMARAJABAT,DALBHARAT,AMARAJABAT,DALBHARAT,2022-07-06,2022-07-07,2022-07-29,2022-07-28,rollover,468.1,479.0,1395.45,1585.25,2.002739875112156,-13.803575804937461,-5.900417964912652,0.32582239790643025,0.2022285692787273,2022-07-28,False
ADANIENT,UPL,UPL,ADANIENT,2022-07-15,2022-07-18,2022-07-22,2022-07-25,reverted,676.95,725.1,2429.95,2503.0,6.779613241258581,-3.1989530924504685,1.790330074404056,0.3331720456902283,0.19271839626329762,2022-07-28,False
ADANIPOWER,HCLTECH,HCLTECH,ADANIPOWER,2022-07-11,2022-07-12,2022-07-29,,no_fill,,,,,,,,,,,False
POLYCAB,VEDL,POLYCAB,VEDL,2022-07-20,2022-07-21,2022-07-28,2022-07-29,reverted,2200.0,2294.0,255.4,247.4,3.9439181979999995,2.945133014878619,3.444525606439309,0.3288090747272728,0.18720841033672672,2022-08-25,True
GUJALKALI,RAIN,GUJALKALI,RAIN,2022-07-29,2022-08-01,2022-07-29,,no_fill,,,182.5,,,,,,,2022-08-25,False
BHEL,SHREECEM,SHREECEM,BHEL,2022-08-29,2022-08-30,2022-08-30,2022-09-01,window_end,21960.0,22010.0,59.85,58.25,-0.09490827513660999,2.485729640768588,1.195410682815989,0.32259497823315125,0.18762040100250624,2022-09-29,False
ADANIGREEN,OBEROIRLTY,OBEROIRLTY,ADANIGREEN,2022-08-19,2022-08-22,2022-08-24,,no_fill,,,,,,,,,,,False
CHAMBLFERT,IOC,IOC,CHAMBLFERT,2022-08-01,2022-08-02,2022-08-05,2022-08-08,reverted,71.4,73.1,334.6,322.7,2.0550494999999915,3.3696576569037724,2.712353578451882,0.32590288095238096,0.18682769874476987,2022-08-25,False
CHAMBLFERT,IOC,IOC,CHAMBLFERT,2022-08-11,2022-08-12,2022-08-22,2022-08-23,reverted,70.95,70.8,338.2,318.0,-0.5333369069767577,5.788138344175045,2.6274007185991435,0.32192041649048625,0.18465881726788883,2022-08-25,False
MARICO,VBL,MARICO,VBL,2022-08-03,2022-08-04,2022-08-22,,no_fill,,,,,,,,,,,False
HDFCAMC,MPHASIS,MPHASIS,HDFCAMC,2022-08-16,2022-08-17,2022-08-30,2022-09-01,window_end,2369.8,2118.0,2176.3,2058.15,-10.931291461000935,5.243792040619403,-2.843749710190766,0.3059222315300869,0.18514698433120433,2022-09-29,True
INTELLECT,PVR,INTELLECT,PVR,2022-07-29,2022-08-01,2022-08-16,2022-08-17,reverted,633.05,632.0,2156.0,1989.95,-0.4878540717636785,7.518655625231907,3.5154007767341144,0.321990395908696,0.18310689795918367,2022-08-25,False
AARTIIND,TATAELXSI,AARTIIND,TATAELXSI,2022-08-08,2022-08-10,2022-08-26,,no_fill,,,,,,,,,,,False
HCLTECH,POLYCAB,HCLTECH,POLYCAB,2022-08-10,2022-08-11,2022-08-22,2022-08-23,reverted,965.0,949.95,2449.9,2335.0,-1.8794348164455938,4.504177079064457,1.3123711313094315,0.31984932421761664,0.1858102673578513,2022-08-25,False
HCLTECH,POLYCAB,HCLTECH,POLYCAB,2022-08-29,2022-08-30,2022-08-30,2022-09-01,window_end,926.9,917.3,2434.25,2447.95,-1.3563645473298116,-0.7533268550888346,-1.054845701209323,0.3206541147049304,0.190525170791825,2022-09-29,False
MARUTI,TATACOMM,MARUTI,TATACOMM,2022-08-19,2022-08-22,2022-08-30,2022-09-01,window_end,8751.0,8949.95,1160.0,1192.0,1.9477167224922949,-2.9511168275862123,-0.5017000525469587,0.32573773985487375,0.19249613793103448,2022-09-29,True
IPCALAB,PEL,IPCALAB,PEL,2022-08-12,2022-08-16,2022-08-30,2022-09-01,window_end,928.05,900.0,1958.65,1066.7,-3.3400684703733585,45.389875046077655,21.024903287852148,0.3176020084370455,0.14914417634595256,2022-09-29,True
ADANIENT,IOC,IOC,ADANIENT,2022-08-18,2022-08-19,2022-08-30,2022-09-01,window_end,72.65,71.0,3199.95,3202.2,-2.5899192909841813,-0.26039671213612187,-1.4251580015601515,0.31875618017894014,0.1900831134861482,2022-09-29,True
ICICIGI,SHREECEM,SHREECEM,ICICIGI,2022-08-17,2022-08-18,2022-08-23,2022-08-24,reverted,21400.0,21185.0,1367.3,1252.55,-1.3253746925700889,8.20996534337746,3.442295325403686,0.32070179537383176,0.18248693483507641,2022-09-29,True
ASTRAL,IRCTC,IRCTC,ASTRAL,2022-08-04,2022-08-05,2022-08-11,2022-08-12,reverted,640.65,670.2,1974.45,2000.0,4.283171879793971,-1.4852127716579278,1.3989795540680219,0.32933104692109577,0.19118152244928965,2022-08-25,False
ASTRAL,IRCTC,ASTRAL,IRCTC,2022-08-19,2022-08-22,2022-08-24,2022-08-25,reverted,2049.0,2118.6,715.0,725.0,3.0693154964567926,-1.5898767832167802,0.7397193566200062,0.3274634200878478,0.19127538461538462,2022-09-29,True
CAMS,LTI,CAMS,LTI,2022-08-05,2022-08-08,2022-08-25,2022-08-25,rollover,2384.35,2247.0,4957.95,4631.65,-6.073875596498,6.397236565314296,0.1616804844081483,0.3133958011659362,0.18411258100626268,2022-08-25,False
AARTIIND,RAIN,AARTIIND,RAIN,2022-08-01,2022-08-02,2022-08-30,2022-08-25,rollover,800.0,790.8,190.1,200.2,-1.4704785401000067,-5.507782104155696,-3.4891303221278513,0.32047854010000004,0.19478894266175698,2022-08-25,False
ADANIENT,NMDC,NMDC,ADANIENT,2022-08-17,2022-08-18,2022-08-23,2022-08-24,reverted,115.5,119.95,3027.15,3055.0,3.5246498600000105,-1.110853066085259,1.2068983969573757,0.32816399281385283,0.19084579852336353,2022-09-29,True
AUBANK,LTI,LTI,AUBANK,2022-08-23,2022-08-24,2022-08-30,2022-09-01,window_end,4687.0,4570.0,647.05,637.05,-2.8146766392575167,1.3568428390387157,-0.7289169001094005,0.3184103708555579,0.18863278108337844,2022-09-29,True
HDFCAMC,OIL,OIL,HDFCAMC,2022-08-16,2022-08-17,2022-08-26,2022-08-29,reverted,190.1,186.05,2176.3,2040.05,-2.4494299894266116,6.076225370583106,1.8133976905782474,0.3189723355602315,0.1844004622524468,2022-09-29,True
GMDCLTD,GRASIM,GRASIM,GMDCLTD,2022-08-02,2022-08-03,2022-08-08,,no_fill,,,,,,,,,,,False
LALPATHLAB,PVR,PVR,LALPATHLAB,2022-08-05,2022-08-08,2022-08-30,2022-08-25,rollover,2110.0,1841.9,2389.0,2585.05,-13.008886802341227,-8.403748525742998,-10.706317664042112,0.3027256649004739,0.19738603097530347,2022-08-25,False
KOTAKBANK,PERSISTENT,PERSISTENT,KOTAKBANK,2022-08-26,2022-08-29,2022-08-30,2022-09-01,window_end,3380.05,3508.8,1865.8,1906.25,3.4810183878907086,-2.3599368142351804,0.5605407868277641,0.32809686188369996,0.1919659706292207,2022-09-29,False
APOLLOTYRE,KPITTECH,KPITTECH,APOLLOTYRE,2022-08-04,2022-08-05,2022-08-12,2022-08-16,reverted,523.95,575.0,232.5,238.5,9.406083011222426,-2.7729815483871034,3.3165507314176614,0.33721310481916217,0.1923363870967742,2022-08-25,False
APOLLOTYRE,KPITTECH,KPITTECH,APOLLOTYRE,2022-08-17,2022-08-18,2022-08-25,2022-08-26,reverted,567.5,570.0,261.0,250.5,0.11760668281938669,3.836579540229886,1.9770931115246364,0.3229219515418502,0.18640896551724137,2022-09-29,True
HAVELLS,INDUSTOWER,INDUSTOWER,HAVELLS,2022-08-02,2022-08-03,2022-08-23,2022-08-24,reverted,212.0,200.0,1297.75,1287.3,-5.973926939622641,0.6159426214602224,-2.678992159081209,0.3135495811320755,0.18929721672124833,2022-08-25,False
RENUKA,TATAMOTORS,RENUKA,TATAMOTORS,2022-08-01,2022-08-02,2022-08-22,2022-08-23,reverted,49.45,44.65,480.3,449.95,-10.014107920323571,6.13461921715595,-1.9397443515838106,0.30733340060667336,0.18434809494066207,2022-08-25,False
GMRINFRA,RELIANCE,GMRINFRA,RELIANCE,2022-08-02,2022-08-03,2022-08-26,2022-08-25,rollover,35.6,33.95,2593.1,2632.0,-4.949956512078644,-1.6915014947360332,-3.3207290034073385,0.3151250514044944,0.19136652115228878,2022-08-25,False
ASTRAL,BATAINDIA,ASTRAL,BATAINDIA,2022-07-29,2022-08-01,2022-08-03,2022-08-04,reverted,1829.55,1909.0,1934.8,1942.8,4.0136814947774155,-0.6038705685342058,1.7049054631216047,0.3289164118116477,0.19039113913582797,2022-08-25,False
ASTRAL,BATAINDIA,BATAINDIA,ASTRAL,2022-08-04,2022-08-05,2022-08-30,2022-08-25,rollover,1918.7,1869.0,1974.45,2095.5,-2.90856143327253,-6.326344266504596,-4.617452849888563,0.318265920685881,0.19552302514624326,2022-08-25,False
COALINDIA,LTTS,LTTS,COALINDIA,2022-08-29,2022-08-30,2022-08-30,2022-09-01,window_end,3644.0,3650.0,232.0,234.3,-0.1578439199780562,-1.1822891724137965,-0.6700665461959263,0.32249814610318334,0.1909098620689655,2022-09-29,False
PNB,TATASTEEL,TATASTEEL,PNB,2022-07-29,2022-08-01,2022-08-22,2022-08-23,reverted,110.5,104.2,31.6,32.25,-6.01484409248869,-2.2488283544303687,-4.131836223459529,0.31348662642533937,0.19186632911392404,2022-08-25,False
PNB,TATASTEEL,TATASTEEL,PNB,2022-08-29,2022-08-30,2022-08-30,2022-09-01,window_end,106.5,107.0,35.95,35.55,0.1465171352112744,0.9236351877607939,0.5350761614860342,0.32296643286384974,0.18902127955493742,2022-09-29,False
L&TFH,UNIONBANK,L&TFH,UNIONBANK,2022-08-22,2022-08-23,2022-08-25,,no_fill,,,,,,,,,,,False
CANBK,SUNTV,CANBK,SUNTV,2022-08-22,2022-08-23,2022-08-26,2022-08-29,reverted,220.1,232.0,498.0,495.85,5.076082337755575,0.2420944257028033,2.6590883817291893,0.33055101072239895,0.18963248192771084,2022-09-29,True
IOC,LTI,LTI,IOC,2022-08-29,2022-08-30,2022-08-30,2022-09-01,window_end,4540.0,4570.0,71.75,71.75,0.3375326242290689,-0.19002000000000005,0.07375631211453441,0.3232603273127754,0.19002000000000005,2022-09-29,False
IRCTC,SRF,SRF,IRCTC,2022-08-10,2022-08-11,2022-08-29,2022-08-25,rollover,2460.0,2400.0,686.65,717.0,-2.7575226975609777,-4.613997595572711,-3.685760146566844,0.3184983073170731,0.19398740115051336,2022-08-25,False
DMART,JUSTDIAL,JUSTDIAL,DMART,2022-08-01,2022-08-02,2022-08-02,,no_fill,,,,,,,,,,,False
APOLLOHOSP,BANKBARODA,APOLLOHOSP,BANKBARODA,2022-08-17,2022-08-18,2022-08-30,2022-09-01,window_end,4315.0,4298.0,126.2,129.9,-0.7156144736500614,-3.1245058320126837,-1.9200601528313725,0.3216399661181924,0.19265163232963553,2022-09-29,True
COROMANDEL,SIEMENS,COROMANDEL,SIEMENS,2022-08-22,2022-08-23,2022-08-29,2022-08-30,reverted,994.1,1066.0,2895.0,2832.75,6.899316549381348,1.9621691398963785,4.430742844638863,0.33335621995775067,0.1880899274611399,2022-09-29,True
INDUSTOWER,WELCORP,INDUSTOWER,WELCORP,2022-08-16,2022-08-17,2022-08-30,,no_fill,,,,,,,,,,,False
DALBHARAT,DLF,DALBHARAT,DLF,2022-08-26,2022-08-29,2022-08-30,2022-09-01,window_end,1515.15,1536.0,372.05,389.95,1.0517421733887768,-5.005519809165425,-1.976888817888324,0.32435920271260277,0.19433851632845045,2022-09-29,False
M&M,MINDTREE,MINDTREE,M&M,2022-08-23,2022-08-24,2022-08-30,2022-09-01,window_end,3350.0,3240.4,1283.85,1283.95,-3.5888610098626876,-0.19781606340305125,-1.8933385366328694,0.31721921881791054,0.19002699147096624,2022-09-29,True
GSFC,TATAELXSI,GSFC,TATAELXSI,2022-08-12,2022-08-16,2022-08-24,,no_fill,,,,,,,,,,,False
CONCOR,SBICARD,CONCOR,SBICARD,2022-08-04,2022-08-05,2022-08-08,2022-08-10,reverted,692.0,694.0,949.55,926.95,-0.03367185491330327,2.192191127376113,1.0792596362314049,0.3226891959537572,0.18788364488441894,2022-08-25,False
CONCOR,SBICARD,CONCOR,SBICARD,2022-08-17,2022-08-18,2022-08-19,2022-08-22,reverted,707.6,683.35,981.5,918.15,-3.7440578794092745,6.270179995924603,1.2630610582576642,0.31698043452515545,0.184226524707081,2022-09-29,True
CONCOR,SBICARD,SBICARD,CONCOR,2022-08-26,2022-08-29,2022-08-30,2022-09-01,reverted,887.95,918.9,695.4,690.9,3.1579568164761427,0.45767042277825254,1.8078136196271977,0.3275998027028549,0.1894391544434858,2022-09-29,False
IGL,LTI,IGL,LTI,2022-07-29,2022-08-01,2022-08-10,2022-08-11,reverted,348.9,387.0,4789.9,4979.7,10.581013553052466,-4.156081180400431,3.2124661863260178,0.33902084075666383,0.1935767439821291,2022-08-25,False
CONCOR,TATASTEEL,TATASTEEL,CONCOR,2022-07-29,2022-08-01,2022-08-22,2022-08-23,reverted,110.5,104.2,711.95,660.6,-6.01484409248869,7.029039169885527,0.5070975386984187,0.31348662642533937,0.18354598356626167,2022-08-25,False
AARTIIND,L&TFH,L&TFH,AARTIIND,2022-08-03,2022-08-04,2022-08-11,2022-08-12,reverted,74.85,76.8,814.65,817.45,2.278963028857729,-0.5340343963665486,0.8724643162455903,0.32624739198396796,0.1903285104032406,2022-08-25,False
AARTIIND,L&TFH,AARTIIND,L&TFH,2022-08-25,2022-08-26,2022-08-30,2022-09-01,window_end,795.7,826.0,81.45,78.35,3.479872727887382,3.619412240638441,3.549642484262911,0.32809509918310925,0.1866037200736648,2022-09-29,False
ADANIPORTS,JUBLFOOD,JUBLFOOD,ADANIPORTS,2022-08-01,2022-08-02,2022-08-11,2022-08-12,reverted,558.0,591.0,802.85,788.3,5.582648087096769,1.623900418509069,3.603274252802919,0.33133040752688175,0.18839328517157622,2022-08-25,False
ADANIPORTS,JUBLFOOD,JUBLFOOD,ADANIPORTS,2022-08-22,2022-08-23,2022-08-25,2022-08-26,reverted,561.7,589.95,843.0,823.55,4.699403654459667,2.119287036773438,3.4093453456165523,0.32997145680968487,0.18794902491103202,2022-09-29,True
BERGEPAINT,JSWSTEEL,JSWSTEEL,BERGEPAINT,2022-08-17,2022-08-18,2022-08-23,2022-08-24,reverted,670.0,654.5,707.45,662.05,-2.6321240801492527,6.233154929677023,1.8005154247638853,0.3186912443283582,0.1842597286027281,2022-09-29,True
APOLLOHOSP,AUBANK,APOLLOHOSP,AUBANK,2022-08-17,2022-08-18,2022-08-29,2022-08-30,reverted,4315.0,4251.5,642.0,636.75,-1.7915951339281606,0.6284710280373875,-0.5815620529453865,0.3199844734414832,0.18928598130841118,2022-09-29,True
HCLTECH,INDIACEM,HCLTECH,INDIACEM,2022-08-30,2022-09-01,2022-09-26,2022-09-27,reverted,917.3,911.25,225.25,235.95,-0.980776305712408,-4.944561318534963,-2.9626688121236855,0.3212319908753952,0.19428384905660376,2022-09-29,False
ADANIPORTS,ASHOKLEY,ADANIPORTS,ASHOKLEY,2022-09-01,2022-09-02,2022-09-07,2022-09-08,reverted,842.0,880.6,164.3,164.05,4.255035284133025,-0.03772273889226596,2.1086562726203795,0.32928775624703094,0.18988342057212415,2022-09-29,False
RBLBANK,TVSMOTOR,RBLBANK,TVSMOTOR,2022-09-26,2022-09-27,2022-09-30,2022-10-03,window_end,114.0,112.75,1033.75,1033.15,-1.41705196973684,-0.13192678984281755,-0.7744893797898288,0.3205607416666666,0.18996790229746072,2022-10-27,True
COROMANDEL,OBEROIRLTY,COROMANDEL,OBEROIRLTY,2022-09-05,2022-09-06,2022-09-21,2022-09-22,reverted,1040.3,1021.1,1049.95,1004.55,-2.1650313636835454,4.137876665555506,0.9864226509359804,0.31940990833413446,0.18613876375065477,2022-09-29,False
LAURUSLABS,SIEMENS,LAURUSLABS,SIEMENS,2022-09-05,2022-09-06,2022-09-27,2022-09-28,reverted,563.0,504.0,2952.75,2700.05,-10.785719918650091,8.375785554821773,-1.2049671819141592,0.30614620639431617,0.18233822809245617,2022-09-29,False
CAMS,SRTRANSFIN,SRTRANSFIN,CAMS,2022-09-09,2022-09-12,2022-09-30,,no_fill,,,,,,,,,,,False
UPL,WIPRO,UPL,WIPRO,2022-09-26,2022-09-27,2022-09-30,2022-10-03,window_end,683.3,671.2,399.35,393.25,-2.090342911898131,1.3388332264930523,-0.37575484270253934,0.3195248232108883,0.18864893201452362,2022-10-27,True
LT,TITAN,LT,TITAN,2022-09-21,2022-09-22,2022-09-29,2022-09-30,reverted,1882.0,1823.95,2672.6,2552.65,-3.4019913254357013,4.302147444436118,0.4500780595002083,0.3175067345749203,0.18599144653146749,2022-10-27,True
LUPIN,VOLTAS,VOLTAS,LUPIN,2022-09-20,2022-09-21,2022-09-30,2022-10-03,window_end,909.0,909.0,677.75,682.25,-0.3222452,-0.8545776097381123,-0.5884114048690561,0.3222452,0.19061597196606414,2022-10-27,True
DRREDDY,UNIONBANK,DRREDDY,UNIONBANK,2022-09-13,2022-09-14,2022-09-23,,no_fill,,,,,,,,,,,False
BOSCHLTD,LALPATHLAB,BOSCHLTD,LALPATHLAB,2022-09-26,2022-09-27,2022-09-30,2022-10-03,window_end,15940.0,15895.1,2390.5,2467.3,-0.6034937787490531,-3.405620739594235,-2.0045572591716443,0.32181247385570894,0.1929037347835181,2022-10-27,True
BSOFT,CAMS,BSOFT,CAMS,2022-09-08,2022-09-09,2022-09-30,,no_fill,,,,,,,,,,,False
BERGEPAINT,RIIL,BERGEPAINT,RIIL,2022-09-02,2022-09-05,2022-09-30,,no_fill,,,,,,,,,,,False
ABB,GRASIM,GRASIM,ABB,2022-09-01,2022-09-02,2022-09-07,2022-09-08,reverted,1685.4,1757.3,3374.95,3302.15,3.937250786151657,1.9689851787433765,2.953117982447517,0.32879881631660135,0.18808381487133144,2022-09-29,False
NESTLEIND,TCS,TCS,NESTLEIND,2022-09-01,2022-09-02,2022-09-08,2022-09-09,reverted,3163.0,3195.0,19791.85,19334.4,0.6878983588997885,2.123359533090629,1.405628945995209,0.3237993963958267,0.18794537271654752,2022-09-29,False
BAJFINANCE,NTPC,BAJFINANCE,NTPC,2022-09-06,2022-09-07,2022-09-13,2022-09-14,reverted,7078.0,7272.15,168.65,165.8,2.416547421109075,1.501387150904234,1.9589672860066547,0.3264590779019497,0.18850315446190335,2022-09-29,False
BAJFINANCE,NTPC,NTPC,BAJFINANCE,2022-09-21,2022-09-22,2022-09-29,2022-09-30,reverted,167.0,160.0,7712.2,7137.95,-4.507422695808383,7.262658182619746,1.3776177434056813,0.31580592934131735,0.18333647519514534,2022-10-27,True
INFY,LALPATHLAB,INFY,LALPATHLAB,2022-09-23,2022-09-26,2022-09-30,2022-10-03,window_end,1360.0,1412.0,2330.9,2467.3,3.495410406470597,-6.047089485606423,-1.2758395395679132,0.3281190052941177,0.19527259084473808,2022-10-27,True
INDIACEM,IRCTC,IRCTC,INDIACEM,2022-08-30,2022-09-01,2022-09-26,2022-09-27,reverted,707.0,668.0,225.25,235.95,-5.8300368811881205,-4.944561318534963,-5.387299099861542,0.31377096888260253,0.19428384905660376,2022-09-29,False
ICICIBANK,ULTRACEMCO,ULTRACEMCO,ICICIBANK,2022-09-16,2022-09-19,2022-09-27,2022-09-28,reverted,6395.0,6150.0,908.55,846.15,-4.147477797810784,6.684231305927025,1.2683767540581203,0.31635973682564505,0.18385520554730064,2022-09-29,False
HDFCAMC,M&MFIN,HDFCAMC,M&MFIN,2022-09-05,2022-09-06,2022-09-30,2022-09-29,rollover,2014.95,1868.9,217.15,181.8,-7.559428961021365,16.103661860465113,4.272116449721874,0.3111101441772749,0.1754079069767442,2022-09-29,False
CUMMINSIND,IBREALEST,IBREALEST,CUMMINSIND,2022-09-20,2022-09-21,2022-09-30,2022-10-03,reverted,75.3,78.05,1249.95,1195.45,3.3242028458167296,4.174068099523983,3.749135472670356,0.3278555871181939,0.1861063074522981,2022-10-27,True
CHAMBLFERT,IBREALEST,IBREALEST,CHAMBLFERT,2022-09-20,2022-09-21,2022-09-28,2022-09-29,reverted,75.3,73.05,355.45,309.9,-3.3057026920318697,12.636224388802924,4.665260848385527,0.3176548832669323,0.17851748769165848,2022-10-27,True
BEL,INDUSTOWER,INDUSTOWER,BEL,2022-09-02,2022-09-05,2022-09-30,2022-09-29,rollover,200.0,184.35,328.3,99.0,-8.135224231550005,69.71732684130369,30.79105130487684,0.31022423155,0.12732743831861104,2022-09-29,False
TATACONSUM,VOLTAS,VOLTAS,TATACONSUM,2022-09-01,2022-09-02,2022-09-23,2022-09-26,reverted,989.0,896.7,847.95,781.85,-9.640567377977751,7.612247982782005,-1.014159697597873,0.3079081262082912,0.18302296479745267,2022-09-29,False
CUMMINSIND,JINDALSTEL,CUMMINSIND,JINDALSTEL,2022-08-30,2022-09-01,2022-09-20,2022-09-21,reverted,1196.2,1235.85,426.4,438.1,2.987325828180895,-2.9363853658536723,0.025470231163611468,0.32733727163517806,0.1924829268292683,2022-09-29,False
CUMMINSIND,JINDALSTEL,JINDALSTEL,CUMMINSIND,2022-09-26,2022-09-27,2022-09-29,2022-09-30,reverted,401.0,418.45,1204.85,1177.25,4.022690674389034,2.102777755737225,3.06273421506313,0.3289302732418952,0.18796383035232606,2022-10-27,True
BPCL,GODREJPROP,BPCL,GODREJPROP,2022-09-02,2022-09-05,2022-09-08,2022-09-09,reverted,322.0,341.5,1434.2,1431.5,5.7243521891304265,-0.0015927569376668338,2.86137971609638,0.33154843198757755,0.1898510193836285,2022-09-29,False
BPCL,GODREJPROP,GODREJPROP,BPCL,2022-09-26,2022-09-27,2022-09-30,2022-10-03,window_end,1170.0,1201.8,308.9,306.5,2.3915281344615242,0.5876278601489071,1.4895779973052157,0.32642058348717945,0.18932260925865976,2022-10-27,True
ACC,BRITANNIA,BRITANNIA,ACC,2022-09-06,2022-09-07,2022-09-21,2022-09-22,reverted,3600.0,3764.0,2349.95,2486.0,4.226311992666668,-5.9847015242877655,-0.8791947658105488,0.32924356288888884,0.195216641630673,2022-09-29,False
DRREDDY,FSL,DRREDDY,FSL,2022-09-07,2022-09-08,2022-09-19,2022-09-20,reverted,4296.95,4112.0,115.45,107.75,-4.6198487327685855,6.485520511043742,0.9328358891375781,0.31563295180767753,0.1840334084019056,2022-09-29,False
GMRINFRA,GNFC,GNFC,GMRINFRA,2022-09-01,2022-09-02,2022-09-12,2022-09-13,reverted,745.65,784.4,38.8,39.8,4.866579482156517,-2.7696529896907123,1.0484632462329024,0.33022867180312476,0.19233340206185567,2022-09-29,False
OIL,TRENT,OIL,TRENT,2022-09-15,2022-09-16,2022-09-30,2022-09-29,rollover,188.25,172.95,1443.0,1397.45,-8.437249578326702,2.969431537075532,-2.7339090206255845,0.3097595384860558,0.1871866195426195,2022-09-29,False
ABB,ITC,ITC,ABB,2022-09-01,2022-09-02,2022-09-12,2022-09-13,reverted,318.7,331.7,3374.95,3379.95,3.750559651584557,-0.3383033227158934,1.7061281644343318,0.32851157527455294,0.19015297974784812,2022-09-29,False
ABB,ITC,ABB,ITC,2022-09-21,2022-09-22,2022-09-30,2022-10-03,window_end,3136.3,3074.75,343.3,332.65,-2.2817339379938195,2.915007509466951,0.31663678573656573,0.31923035096451235,0.18723542674046023,2022-10-27,True
M&M,TATACOMM,TATACOMM,M&M,2022-09-29,2022-09-30,2022-09-30,2022-10-03,window_end,1115.1,1158.6,1265.0,1274.6,3.5727574158192055,-0.9495944632411067,1.3115814762890494,0.32823801059994623,0.19070118260869565,2022-10-27,False
MPHASIS,ONGC,ONGC,MPHASIS,2022-09-26,2022-09-27,2022-09-30,2022-10-03,window_end,124.35,131.7,2060.0,2086.5,5.579410400241243,-1.4775824466019445,2.050913976819649,0.33132542605548854,0.19117467961165047,2022-10-27,True
SAIL,TATACHEM,SAIL,TATACHEM,2022-09-23,2022-09-26,2022-09-30,2022-10-03,window_end,77.0,76.5,1128.9,1100.05,-0.9705982999999947,2.3678589759943396,0.6986303379971724,0.3212476506493506,0.18772610682965718,2022-10-27,True
BHEL,IOC,IOC,BHEL,2022-09-01,2022-09-02,2022-09-16,2022-09-19,reverted,71.45,70.25,60.65,59.95,-1.9991612655003543,0.9651792085737814,-0.5169910284632865,0.31966511434569633,0.18898402308326465,2022-09-29,False
BAJAJ-AUTO,CHOLAFIN,BAJAJ-AUTO,CHOLAFIN,2022-09-05,2022-09-06,2022-09-27,2022-09-28,reverted,3962.0,3525.0,805.0,708.9,-11.335083898586575,11.758583647204967,0.2117498743091959,0.3053009606764261,0.17930455155279504,2022-09-29,False
BDL,HDFCBANK,HDFCBANK,BDL,2022-09-16,2022-09-19,2022-09-28,,no_fill,,,,,,,,,,,False
KPITTECH,MPHASIS,MPHASIS,KPITTECH,2022-09-22,2022-09-23,2022-09-30,,no_fill,,,,,,,,,,,False
BATAINDIA,BOMDYEING,BATAINDIA,BOMDYEING,2022-09-05,2022-09-06,2022-09-09,,no_fill,,,,,,,,,,,False
GODREJCP,LICHSGFIN,GODREJCP,LICHSGFIN,2022-09-02,2022-09-05,2022-09-07,2022-09-08,reverted,918.5,951.0,413.1,419.5,3.2106968419161745,-1.7406722972645685,0.735012272325803,0.32768094795862823,0.1914106172839506,2022-09-29,False
GODREJCP,LICHSGFIN,LICHSGFIN,GODREJCP,2022-09-29,2022-09-30,2022-09-30,2022-10-03,reverted,396.0,409.2,915.95,920.75,3.005967379999988,-0.7145364561384264,1.1457154619307808,0.32736595333333335,0.19049038375457175,2022-10-27,False
BSOFT,PERSISTENT,PERSISTENT,BSOFT,2022-09-01,2022-09-02,2022-09-19,2022-09-20,reverted,3434.0,3200.0,325.0,305.05,-7.125987864997086,5.95395142153846,-0.5860182217293128,0.31177703214909724,0.18451011692307695,2022-09-29,False
BSOFT,PERSISTENT,BSOFT,PERSISTENT,2022-09-28,2022-09-29,2022-09-30,2022-10-03,window_end,290.0,283.0,3247.0,3238.45,-2.7323301717241426,0.07353634370188575,-1.3293969140111284,0.31853706827586203,0.1897836439790576,2022-10-27,True
GODREJPROP,SIEMENS,GODREJPROP,SIEMENS,2022-09-19,2022-09-20,2022-09-30,2022-10-03,window_end,1316.0,1201.8,3012.0,2777.4,-8.986725670425537,7.605815888446217,-0.6904548909896602,0.30891412027355625,0.1830287330677291,2022-10-27,True
HAVELLS,HINDPETRO,HINDPETRO,HAVELLS,2022-08-30,2022-09-01,2022-09-08,2022-09-09,reverted,243.5,252.45,1389.05,1355.55,3.3476729836961048,2.2238650005399387,2.7857689921180215,0.32789169802874746,0.18785523991217018,2022-09-29,False
HAVELLS,HINDPETRO,HINDPETRO,HAVELLS,2022-09-28,2022-09-29,2022-09-30,2022-10-03,window_end,220.1,217.4,1330.4,1359.85,-1.5470758178100779,-2.4056269092002363,-1.976351363505157,0.3203606883234893,0.19200694527961512,2022-10-27,True
APOLLOTYRE,HFCL,HFCL,APOLLOTYRE,2022-09-15,2022-09-16,2022-09-29,2022-09-29,rollover,79.2,71.0,298.75,270.75,-10.65987518333334,9.190777589958165,-0.7345487966875872,0.30633982979797986,0.18160734728033473,2022-09-29,False
GUJGASLTD,SUNPHARMA,SUNPHARMA,GUJGASLTD,2022-09-09,2022-09-12,2022-09-20,2022-09-21,reverted,891.2,918.55,511.7,495.85,2.7419361531081483,2.910278409224143,2.826107281166146,0.3269597176279174,0.18723966777408638,2022-09-29,False
AXISBANK,NESTLEIND,NESTLEIND,AXISBANK,2022-09-08,2022-09-09,2022-09-23,2022-09-26,reverted,19370.0,18495.8,786.65,760.35,-4.828476646725863,3.156272109578582,-0.8361022685736406,0.31531195906453274,0.18701906184453063,2022-09-29,False
IEX,IOC,IEX,IOC,2022-09-26,2022-09-27,2022-09-30,2022-10-03,window_end,144.0,142.9,66.55,67.25,-1.084960582916664,-1.2428048534936142,-1.163882718205139,0.3210716940277778,0.19096413223140493,2022-10-27,True
ACC,REDINGTON,REDINGTON,ACC,2022-09-12,2022-09-13,2022-09-27,2022-09-28,reverted,150.85,141.5,2534.95,2346.2,-6.510933490951272,7.262569676324978,0.37581809268685307,0.31272334842558835,0.18333655456715126,2022-09-29,False
LAURUSLABS,NESTLEIND,LAURUSLABS,NESTLEIND,2022-10-21,2022-10-24,2022-10-31,2022-11-01,window_end,482.0,457.0,20390.4,20400.0,-5.5009992145228255,-0.23714323917136967,-2.8690712268470975,0.31427722282157683,0.19006225988700562,2022-11-24,True
PETRONET,TATAMOTORS,TATAMOTORS,PETRONET,2022-10-10,2022-10-11,2022-10-13,2022-10-14,reverted,397.0,407.0,203.1,200.2,2.1927769007556575,1.2391296996553458,1.7159533002055016,0.3261147869017632,0.1887383456425406,2022-10-27,False
BAJAJ-AUTO,BHARTIARTL,BAJAJ-AUTO,BHARTIARTL,2022-09-30,2022-10-03,2022-10-12,2022-10-13,reverted,3527.75,3616.85,798.5,774.05,2.1995639492707757,2.874719676894179,2.5371418130824774,0.3261252293841684,0.18727155666875392,2022-10-27,False
INTELLECT,LT,INTELLECT,LT,2022-10-25,2022-10-27,2022-10-31,2022-11-01,window_end,504.0,437.0,1962.65,2040.05,-13.595473941666663,-4.137207437393322,-8.866340689529991,0.301823148015873,0.19355981810307488,2022-11-24,True
GUJGASLTD,MINDTREE,GUJGASLTD,MINDTREE,2022-10-11,2022-10-12,2022-10-21,2022-10-24,reverted,476.9,507.0,3333.1,3472.95,5.979654484923476,-4.389579849989491,0.7950373174669925,0.3319412374501992,0.1937861444301101,2022-10-27,False
ASTRAL,IRCTC,ASTRAL,IRCTC,2022-10-19,2022-10-20,2022-10-31,2022-11-01,window_end,2031.0,2042.0,728.5,739.05,0.21852789276219436,-1.6395010816746773,-0.7104865944562415,0.3230772278680453,0.1913198874399451,2022-11-24,True
OBEROIRLTY,TATACOMM,OBEROIRLTY,TATACOMM,2022-10-17,2022-10-18,2022-10-31,2022-11-01,reverted,870.0,927.5,1205.0,1269.7,6.2767969844827585,-5.564134084647302,0.35633144991772836,0.332398417816092,0.19483947883817426,2022-11-24,True
BAJAJFINSV,CHENNPETRO,CHENNPETRO,BAJAJFINSV,2022-10-17,2022-10-18,2022-10-31,2022-11-01,window_end,224.0,210.0,1726.2,1701.0,-6.5626437875,1.271144379562042,-2.645749703968979,0.3126437875,0.18870963503649638,2022-11-24,True
CAMS,INDHOTEL,INDHOTEL,CAMS,2022-10-13,2022-10-14,2022-10-28,,no_fill,,,,,,,,,,,False
BEL,CHOLAFIN,CHOLAFIN,BEL,2022-10-20,2022-10-21,2022-10-31,2022-11-01,window_end,733.2,710.0,109.05,107.75,-3.4815959306055735,1.0031637505731263,-1.2392160900162237,0.317384255755592,0.18894995873452544,2022-11-24,True
IEX,PAGEIND,IEX,PAGEIND,2022-10-20,2022-10-21,2022-10-27,2022-10-28,reverted,138.1,139.3,54067.75,51507.45,0.5453554725561292,4.549585634190442,2.5474705533732855,0.3235800813902969,0.18576954519098723,2022-11-24,True
ASHOKLEY,CHAMBLFERT,ASHOKLEY,CHAMBLFERT,2022-10-14,2022-10-17,2022-10-28,2022-10-27,rollover,147.0,147.9,327.25,324.2,0.28905915142857874,0.7428257387318652,0.5159424450802219,0.3231857465306123,0.18918342857142859,2022-10-27,False
EICHERMOT,LUPIN,EICHERMOT,LUPIN,2022-10-03,2022-10-04,2022-10-17,2022-10-18,reverted,3524.0,3532.3,727.05,694.55,-0.08707921463678059,4.284111352726771,2.098516069044995,0.32260702394438134,0.18600762120899528,2022-10-27,False
HINDUNILVR,TIINDIA,HINDUNILVR,TIINDIA,2022-10-25,2022-10-27,2022-10-28,,no_fill,,,,,,,,,,,False
INDHOTEL,TATAMTRDVR,INDHOTEL,TATAMTRDVR,2022-10-21,2022-10-24,2022-10-31,,no_fill,,,,,,,,,,,False
CDSL,CUMMINSIND,CDSL,CUMMINSIND,2022-10-27,2022-10-28,2022-10-31,2022-11-01,window_end,1225.0,1229.7,1267.1,1351.5,0.06083886022858492,-6.856877978060144,-3.3980195589157796,0.32283460915918366,0.1959988051456081,2022-11-24,False
GLENMARK,MINDTREE,MINDTREE,GLENMARK,2022-10-03,2022-10-04,2022-10-06,2022-10-07,reverted,3170.0,3296.4,406.4,401.0,3.659010984025244,1.1399128346456668,2.3994619093354554,0.32837071944479496,0.18882732283464568,2022-10-27,False
ASHOKLEY,BHARTIARTL,ASHOKLEY,BHARTIARTL,2022-09-30,2022-10-03,2022-10-07,2022-10-10,reverted,155.2,157.95,798.5,786.0,1.4469399665592833,1.3768203256105151,1.4118801460848993,0.32496724993556697,0.18861486537257358,2022-10-27,False
ASHOKLEY,BHARTIARTL,ASHOKLEY,BHARTIARTL,2022-10-21,2022-10-24,2022-10-31,2022-11-01,window_end,145.5,154.25,796.2,826.85,5.682262031958763,-4.0430106355187005,0.8196256982200314,0.33148367250859107,0.19347534287867368,2022-11-24,True
BDL,DIVISLAB,DIVISLAB,BDL,2022-10-21,2022-10-24,2022-10-31,,no_fill,,,,,,,,,,,False
HAL,MCDOWELL-N,MCDOWELL-N,HAL,2022-10-18,2022-10-19,2022-10-27,2022-10-28,reverted,838.35,875.0,2510.05,2534.85,4.042721379244948,-1.1789349809764618,1.431893199134243,0.3289610922764955,0.1909068540467321,2022-11-24,True
OBEROIRLTY,TATAPOWER,OBEROIRLTY,TATAPOWER,2022-10-11,2022-10-12,2022-10-31,2022-10-27,rollover,900.5,866.9,218.4,225.85,-4.047773551626873,-3.604254029304017,-3.826013790465445,0.31651314074403114,0.19308186813186815,2022-10-27,False
ABFRL,BHARATFORG,BHARATFORG,ABFRL,2022-09-30,2022-10-03,2022-10-06,2022-10-07,reverted,697.4,760.0,348.45,334.55,8.640162636593061,3.802655172908588,6.221408904750825,0.3360346676799541,0.18643938872148086,2022-10-27,False
BPCL,SIEMENS,BPCL,SIEMENS,2022-10-18,2022-10-19,2022-10-31,2022-11-01,window_end,297.15,303.65,2857.0,2955.0,1.8618418035335687,-3.6232704305215275,-0.8807143134939794,0.32560561359582707,0.19309892194609732,2022-11-24,True
OBEROIRLTY,SBIN,OBEROIRLTY,SBIN,2022-10-17,2022-10-18,2022-10-31,2022-11-01,reverted,870.0,927.5,549.9,578.8,6.2767969844827585,-5.450238337879602,0.4132793233015781,0.332398417816092,0.19473733769776325,2022-11-24,True
CUB,GRANULES,CUB,GRANULES,2022-09-30,2022-10-03,2022-10-12,2022-10-13,reverted,173.4,185.75,347.35,346.95,6.789074066955025,-0.07475901252337605,3.3571575272158243,0.33318660201845446,0.1899166345184972,2022-10-27,False
BHEL,INDIAMART,INDIAMART,BHEL,2022-10-06,2022-10-07,2022-10-31,2022-10-27,rollover,4515.0,4404.65,63.65,72.9,-2.7625658525116346,-14.73566461901022,-8.749115235760927,0.31849054797120707,0.2030644619010212,2022-10-27,False
TATAPOWER,ULTRACEMCO,TATAPOWER,ULTRACEMCO,2022-10-31,2022-11-01,2022-10-31,,no_fill,,,6760.0,,,,,,,2022-11-24,False
HCLTECH,MGL,MGL,HCLTECH,2022-10-03,2022-10-04,2022-10-25,2022-10-27,reverted,822.1,839.0,930.25,1031.5,1.730307747403,-11.083960553614613,-4.676826403105807,0.32540323666220655,0.1997896318194034,2022-10-27,False
BOSCHLTD,LTTS,LTTS,BOSCHLTD,2022-10-28,2022-10-31,2022-10-31,2022-11-01,window_end,3480.0,3550.0,16200.0,16597.35,1.6861589431034543,-2.644999391111104,-0.4794202240038248,0.32533530977011493,0.19222161333333332,2022-11-24,False
PEL,PERSISTENT,PEL,PERSISTENT,2022-10-06,2022-10-07,2022-10-28,2022-10-27,rollover,862.05,837.4,3541.05,3768.9,-3.1773153269183863,-6.630327766340499,-4.903821546629443,0.3178524187344121,0.19579563604015757,2022-10-27,False
LALPATHLAB,MGL,MGL,LALPATHLAB,2022-10-21,2022-10-24,2022-10-27,2022-10-28,reverted,790.0,868.95,2485.05,2491.0,9.656073149025312,-0.42966671616263774,4.613203216431337,0.33759773705063284,0.1902349139856341,2022-11-24,True
DMART,JSWSTEEL,JSWSTEEL,DMART,2022-10-03,2022-10-04,2022-10-06,,no_fill,,,,,,,,,,,False
DMART,JSWSTEEL,DMART,JSWSTEEL,2022-10-27,2022-10-28,2022-10-31,2022-11-01,window_end,4281.4,4329.0,678.2,675.85,0.7878327100854956,0.15679647891478077,0.4723145945001382,0.32395315435138045,0.18970897670303744,2022-11-24,False
LAURUSLABS,PIDILITIND,LAURUSLABS,PIDILITIND,2022-10-25,2022-10-27,2022-10-31,2022-11-01,window_end,455.0,457.0,2630.45,2602.0,0.11663997538461379,0.8925148027903955,0.5045773890875047,0.3229204641758242,0.1890491881617214,2022-11-24,True
BDL,TVSMOTOR,TVSMOTOR,BDL,2022-11-22,2022-11-23,2022-11-30,,no_fill,,,,,,,,,,,False
FEDERALBNK,RAIN,FEDERALBNK,RAIN,2022-11-14,2022-11-15,2022-11-17,2022-11-18,reverted,136.35,135.25,181.0,174.85,-1.1277531951595134,3.2108199116022087,1.0415333582213475,0.3210058537587092,0.18697014364640882,2022-12-29,True
DIXON,GLENMARK,DIXON,GLENMARK,2022-11-15,2022-11-16,2022-11-30,2022-12-01,window_end,4585.0,4273.15,440.1,434.55,-7.113323235374055,1.0721889706884848,-3.020567132342785,0.3117965178167939,0.18888805725971372,2022-12-29,True
SIEMENS,TV18BRDCST,SIEMENS,TV18BRDCST,2022-11-25,2022-11-28,2022-11-30,,no_fill,,,,,,,,,,,False
AUBANK,CHENNPETRO,CHENNPETRO,AUBANK,2022-11-01,2022-11-02,2022-11-28,2022-11-24,rollover,210.3,193.5,608.8,636.35,-8.298560655634812,-4.719377568988185,-6.508969112311499,0.3099729238231098,0.19408190538764783,2022-11-24,False
ADANIPORTS,MINDTREE,MINDTREE,ADANIPORTS,2022-11-09,2022-11-10,2022-11-11,2022-11-14,reverted,3460.0,3676.0,895.15,901.8,5.91093905387284,-0.9335790727811012,2.4886799905458696,0.33183551260115607,0.1906868200860191,2022-11-24,False
INDIAMART,SBIN,INDIAMART,SBIN,2022-11-18,2022-11-21,2022-11-30,2022-12-01,window_end,4481.0,4422.45,604.75,608.05,-1.6268659089421997,-0.7361898354692011,-1.1815278722057005,0.32023792411738455,0.190509802397685,2022-12-29,True
BANDHANBNK,VEDL,BANDHANBNK,VEDL,2022-10-31,2022-11-01,2022-11-28,2022-11-24,rollover,240.85,215.95,283.0,310.9,-10.644747991197843,-10.0575263745583,-10.351137182878071,0.30636310433880004,0.19886913074204945,2022-11-24,False
BERGEPAINT,YESBANK,BERGEPAINT,YESBANK,2022-11-09,2022-11-10,2022-11-21,,no_fill,,,,,,,,,,,False
ESCORTS,FEDERALBNK,FEDERALBNK,ESCORTS,2022-11-21,2022-11-22,2022-11-30,2022-12-01,window_end,132.9,132.15,2176.6,2277.0,-0.8857123410835241,-4.806859062758445,-2.8462857019209844,0.32137825530474046,0.19416035835707068,2022-12-29,True
ITC,VOLTAS,VOLTAS,ITC,2022-11-09,2022-11-10,2022-11-21,2022-11-22,reverted,834.6,809.5,360.45,337.45,-3.325053818188357,6.196620255236511,1.435783218524077,0.3176251098250659,0.18429249271743656,2022-11-24,False
BANKBARODA,BATAINDIA,BATAINDIA,BANKBARODA,2022-11-07,2022-11-09,2022-11-30,2022-11-24,rollover,1825.0,1705.3,159.55,170.4,-6.87107335056439,-6.99650007521153,-6.93378671288796,0.3121692409753424,0.19612401754935754,2022-11-24,False
NAVINFLUOR,WIPRO,NAVINFLUOR,WIPRO,2022-11-18,2022-11-21,2022-11-30,2022-12-01,window_end,4290.55,4375.15,396.0,413.4,1.6465008880399852,-4.587903393939395,-1.4707012529497048,0.32527429229819027,0.193964,2022-12-29,True
CHOLAFIN,MARUTI,CHOLAFIN,MARUTI,2022-10-31,2022-11-01,2022-11-02,2022-11-03,reverted,710.0,741.0,9605.0,9261.85,4.037244517464783,3.385805210203015,3.7115248638338993,0.32895266563380277,0.18681321769911505,2022-11-24,False
BSOFT,NATIONALUM,BSOFT,NATIONALUM,2022-11-04,2022-11-07,2022-11-21,2022-11-22,reverted,260.55,279.35,74.45,73.8,6.882175813701786,0.6838328408327842,3.7830043272672853,0.3333298473997314,0.18923633310946944,2022-11-24,False
NATIONALUM,TATACHEM,TATACHEM,NATIONALUM,2022-11-04,2022-11-07,2022-11-30,2022-11-24,rollover,1125.0,1031.8,74.45,74.9,-8.593962865493339,-0.7949950436534658,-4.694478954573402,0.3095184210488889,0.19056253861652112,2022-11-24,False
TATACONSUM,VOLTAS,VOLTAS,TATACONSUM,2022-11-07,2022-11-09,2022-11-30,2022-11-24,rollover,836.0,814.9,777.2,792.75,-2.842291328157902,-2.1925878950077076,-2.517439611582805,0.3183678831818182,0.19181589294904788,2022-11-24,False
L&TFH,SIEMENS,SIEMENS,L&TFH,2022-11-15,2022-11-16,2022-11-17,2022-11-18,reverted,2858.0,2883.9,83.5,81.7,0.5825907603429032,1.9676035688622768,1.27509716460259,0.32363737121763475,0.18808505389221555,2022-12-29,True
L&TFH,SIEMENS,SIEMENS,L&TFH,2022-11-23,2022-11-24,2022-11-30,2022-12-01,window_end,2791.1,2788.0,83.0,88.15,-0.43314189662139974,-6.400408722891563,-3.4167753097564812,0.32207457549353297,0.1955894457831325,2022-12-29,True
HFCL,INDUSTOWER,INDUSTOWER,HFCL,2022-10-31,2022-11-01,2022-11-07,,no_fill,,,,,,,,,,,False
HFCL,INDUSTOWER,HFCL,INDUSTOWER,2022-11-21,2022-11-22,2022-11-30,2022-12-01,window_end,77.3,79.9,202.6,204.25,3.0361064331177237,-1.005163652517287,1.0154713903002184,0.3274123249676585,0.19075101678183612,2022-12-29,True
ADANIENT,MFSL,MFSL,ADANIENT,2022-11-04,2022-11-07,2022-11-25,2022-11-24,rollover,715.75,645.9,3862.0,3921.15,-10.066247241760399,-1.722984604867957,-5.894615923314178,0.3072531795878449,0.1913947550491973,2022-11-24,False
HAL,HEROMOTOCO,HEROMOTOCO,HAL,2022-11-04,2022-11-07,2022-11-09,2022-11-10,reverted,2599.0,2651.45,2573.95,2493.9,1.6927384454905765,2.922777563278224,2.3077580043844,0.3253454329242016,0.1872284585947668,2022-11-24,False
HAL,HEROMOTOCO,HAL,HEROMOTOCO,2022-11-10,2022-11-11,2022-11-29,2022-11-24,rollover,2464.0,2726.0,2719.0,2673.1,10.294536812499993,1.4996158896653191,5.8970763510826565,0.3385800706168831,0.18850474292019126,2022-11-24,False
HDFCBANK,INDUSTOWER,INDUSTOWER,HDFCBANK,2022-10-31,2022-11-01,2022-11-09,2022-11-10,reverted,186.45,192.4,1503.55,1510.25,2.8640564654867453,-0.6360320328555793,1.114012216315583,0.3271476106731028,0.19041998137740682,2022-11-24,False
HDFCBANK,INDUSTOWER,INDUSTOWER,HDFCBANK,2022-11-11,2022-11-14,2022-11-21,2022-11-22,reverted,192.3,202.5,1613.75,1603.6,4.973818499843987,0.439514354144077,2.706666426994032,0.3303936686427457,0.18945543671572426,2022-11-24,False
ADANIPORTS,LTI,LTI,ADANIPORTS,2022-11-04,2022-11-07,2022-11-14,2022-11-15,reverted,4830.95,5210.0,867.0,903.1,7.511983958544395,-4.357540572087659,1.5772216932283678,0.3342988636748466,0.19375741176470587,2022-11-24,False
ABFRL,SAIL,SAIL,ABFRL,2022-10-31,2022-11-01,2022-11-28,2022-11-24,rollover,78.7,83.3,358.65,304.95,5.513756528589581,14.796234320368049,10.154995424478814,0.33122441168996186,0.17658040150564616,2022-11-24,False
KPITTECH,NMDC,NMDC,KPITTECH,2022-10-31,2022-11-01,2022-11-07,,no_fill,,,,,,,,,,,False
APOLLOTYRE,GNFC,GNFC,APOLLOTYRE,2022-11-10,2022-11-11,2022-11-23,2022-11-24,reverted,647.0,624.0,298.15,286.0,-3.8716527428129854,3.8887678047962364,0.008557530991625484,0.31678411839258114,0.18636216334060035,2022-11-24,False
GUJALKALI,MARICO,GUJALKALI,MARICO,2022-11-03,2022-11-04,2022-11-25,2022-11-24,rollover,889.7,797.85,538.55,489.5,-10.63009027608183,8.925944586389374,-0.8520728448462283,0.3063856565471507,0.1818448482035094,2022-11-24,False
ADANIENT,BHARTIARTL,BHARTIARTL,ADANIENT,2022-11-02,2022-11-03,2022-11-23,2022-11-24,reverted,809.75,846.0,3566.75,3917.8,4.147567928434709,-10.041147846919468,-2.9467899592423796,0.32912240808891635,0.1988544425597533,2022-11-24,False
ESCORTS,MANAPPURAM,ESCORTS,MANAPPURAM,2022-11-07,2022-11-09,2022-11-10,2022-11-11,reverted,1975.0,2035.0,107.7,106.25,2.7110624678480955,1.1575208727948059,1.9342916703214508,0.32691221569620255,0.1888115320334262,2022-11-24,False
ESCORTS,MANAPPURAM,ESCORTS,MANAPPURAM,2022-11-11,2022-11-14,2022-11-30,2022-11-24,rollover,1984.3,2198.0,107.95,112.0,10.430751247301307,-3.945124474293653,3.242813386503827,0.33878964873255046,0.1933875590551181,2022-11-24,False
ITC,TV18BRDCST,ITC,TV18BRDCST,2022-11-25,2022-11-28,2022-11-30,,no_fill,,,,,,,,,,,False
ASIANPAINT,BERGEPAINT,ASIANPAINT,BERGEPAINT,2022-11-07,2022-11-09,2022-11-09,2022-11-10,reverted,3146.0,3086.0,617.0,588.85,-2.2264990601398633,4.376473912479733,1.074987426169935,0.3193153347743167,0.18592479092382497,2022-11-24,False
HINDCOPPER,TATAMOTORS,HINDCOPPER,TATAMOTORS,2022-10-31,2022-11-01,2022-11-07,2022-11-09,reverted,103.05,114.1,417.5,443.25,10.3842319496361,-6.363220766467062,2.0105055915845185,0.338718074623969,0.19555609580838323,2022-11-24,False
BEL,TATAPOWER,TATAPOWER,BEL,2022-11-17,2022-11-18,2022-11-21,2022-11-22,reverted,222.35,221.05,111.0,106.7,-0.9060108425455264,3.687331063063057,1.3906601102587652,0.32134702424106143,0.18654281081081078,2022-12-29,True
CROMPTON,TATAMOTORS,CROMPTON,TATAMOTORS,2022-10-31,2022-11-01,2022-11-16,2022-11-17,reverted,364.15,371.65,417.5,424.5,1.7341816309762375,-1.8681716646706585,-0.06699501684721054,0.3254091969792668,0.19152495808383235,2022-11-24,False
APOLLOHOSP,TVSMOTOR,TVSMOTOR,APOLLOHOSP,2022-11-14,2022-11-15,2022-11-17,2022-11-18,reverted,1103.0,1113.0,4622.2,4465.6,0.5829803430643775,3.2010181238371214,1.8919992334507494,0.32363797062556665,0.1869789338410281,2022-12-29,True
APOLLOHOSP,TVSMOTOR,TVSMOTOR,APOLLOHOSP,2022-11-21,2022-11-22,2022-11-30,2022-12-01,window_end,1048.0,1058.85,4458.1,4760.05,0.7114696805247978,-6.969164261456668,-3.1288472904659352,0.32383566298664124,0.196099502927256,2022-12-29,True
HINDALCO,POONAWALLA,POONAWALLA,HINDALCO,2022-11-07,2022-11-09,2022-11-22,2022-11-23,reverted,312.4,313.45,434.1,435.45,0.013346017253527243,-0.5012873946095291,-0.24397068867800092,0.32276153716389244,0.1902991430545957,2022-11-24,False
FEDERALBNK,HINDUNILVR,FEDERALBNK,HINDUNILVR,2022-11-29,2022-11-30,2022-11-30,2022-12-01,window_end,132.8,132.15,2656.0,2701.05,-0.8109511134789162,-1.887702111445795,-1.3493266124623555,0.32149328215361445,0.19154247289156626,2022-12-29,False
ABB,ABCAPITAL,ABB,ABCAPITAL,2022-11-09,2022-11-10,2022-11-30,2022-11-24,rollover,3103.9,3114.0,130.8,128.95,0.002651997635219394,1.2256226299694317,0.6141373138023256,0.32274508345629693,0.18875045871559631,2022-11-24,False
DLF,INTELLECT,INTELLECT,DLF,2022-10-31,2022-11-01,2022-11-21,2022-11-22,reverted,437.0,442.4,388.1,396.2,0.911554429199074,-2.2789843287812257,-0.6837149497910758,0.3241435113043478,0.19189337284205102,2022-11-24,False
DLF,INTELLECT,DLF,INTELLECT,2022-11-28,2022-11-29,2022-11-30,2022-12-01,window_end,394.65,405.8,457.5,467.0,2.4987027488407443,-2.2683866010928853,0.11515807387392951,0.32658548123653874,0.191883868852459,2022-12-29,False
CAMS,UPL,UPL,CAMS,2022-12-22,2022-12-23,2022-12-30,,no_fill,,,,,,,,,,,False
MUTHOOTFIN,NESTLEIND,NESTLEIND,MUTHOOTFIN,2022-12-02,2022-12-05,2022-12-09,2022-12-12,reverted,19759.8,20250.0,1143.95,1094.8,2.154738079257887,4.1103530093098515,3.132545544283869,0.3260562607657972,0.18616344682896976,2022-12-29,False
MUTHOOTFIN,NESTLEIND,MUTHOOTFIN,NESTLEIND,2022-12-23,2022-12-26,2022-12-28,2022-12-29,reverted,1045.95,1056.25,20307.4,19953.9,0.6609927054639293,1.5522872456345966,1.106639975549263,0.3237579996366939,0.1884575075095778,2023-01-25,True
KPITTECH,YESBANK,KPITTECH,YESBANK,2022-12-09,2022-12-12,2022-12-21,,no_fill,,,,,,,,,,,False
CONCOR,COROMANDEL,CONCOR,COROMANDEL,2022-12-09,2022-12-12,2022-12-13,2022-12-14,reverted,774.0,776.5,965.5,953.3,0.0002560189922412026,1.0747081947177708,0.537482106855006,0.3227413970284238,0.18888579803210767,2022-12-29,False
CONCOR,COROMANDEL,CONCOR,COROMANDEL,2022-12-15,2022-12-16,2022-12-21,2022-12-22,reverted,762.0,744.0,967.3,911.2,-2.680821044094484,5.614834270650255,1.4670066132778856,0.3186163196850394,0.18481423550087872,2022-12-29,False
HDFCLIFE,INDIAMART,INDIAMART,HDFCLIFE,2022-12-23,2022-12-26,2022-12-30,2023-01-02,window_end,4129.3,4341.1,569.15,568.9,4.799073845194104,-0.1460554212422079,2.326509211975948,0.3301248083307098,0.18998057278397615,2023-01-25,True
IBULHSGFIN,NHPC,NHPC,IBULHSGFIN,2022-11-30,2022-12-01,2022-12-13,2022-12-14,reverted,42.35,42.3,143.15,139.5,-0.4401275818181909,2.3620416416346552,0.9609570299082322,0.322063827390791,0.1877313237862382,2022-12-29,False
IBULHSGFIN,NHPC,NHPC,IBULHSGFIN,2022-12-29,2022-12-30,2022-12-30,2023-01-02,window_end,39.85,40.0,158.5,156.9,0.05358809008781573,0.8203498170346986,0.43696895356125715,0.3228234531994981,0.189113905362776,2023-01-25,False
BATAINDIA,SRTRANSFIN,BATAINDIA,SRTRANSFIN,2022-12-15,2022-12-16,2022-12-30,2022-12-19,rollover,1630.2,1630.0,1313.5,1322.9,-0.334494786234825,-0.9063075858393619,-0.6204011860370935,0.3222263529137529,0.19066236315188428,2022-12-29,False
APLAPOLLO,TATAPOWER,TATAPOWER,APLAPOLLO,2022-12-02,2022-12-05,2022-12-06,,no_fill,,,,,,,,,,,False
APLAPOLLO,TATAPOWER,TATAPOWER,APLAPOLLO,2022-12-09,2022-12-12,2022-12-16,,no_fill,,,,,,,,,,,False
APLAPOLLO,TATAPOWER,TATAPOWER,APLAPOLLO,2022-12-29,2022-12-30,2022-12-30,,no_fill,,,,,,,,,,,False
BAJAJ-AUTO,RAIN,BAJAJ-AUTO,RAIN,2022-12-01,2022-12-02,2022-12-13,2022-12-14,reverted,3707.0,3650.0,188.3,180.8,-1.8575145584569708,3.796560987785452,0.9695232146642406,0.3198830504990558,0.18644485395645244,2022-12-29,False
BAJAJ-AUTO,RAIN,RAIN,BAJAJ-AUTO,2022-12-22,2022-12-23,2022-12-30,2023-01-02,window_end,167.25,171.1,3619.75,3602.15,1.9761616938116644,0.29663785648179486,1.1363997751467296,0.3257815049925262,0.18958356764969955,2023-01-25,True
MPHASIS,UBL,UBL,MPHASIS,2022-12-01,2022-12-02,2022-12-07,2022-12-08,reverted,1704.2,1752.75,2166.95,2093.3,2.5222223641180594,3.211817063153263,2.867019713635661,0.3266216682725033,0.18696924940584694,2022-12-29,False
MPHASIS,UBL,MPHASIS,UBL,2022-12-09,2022-12-12,2022-12-21,2022-12-22,reverted,1996.5,1987.0,1784.45,1714.8,-0.7973469206611579,3.7166469192188067,1.4596499992788243,0.3215142134234912,0.18651652049651152,2022-12-29,False
CANBK,PIIND,CANBK,PIIND,2022-12-16,2022-12-19,2022-12-28,2022-12-29,reverted,311.45,314.4,3538.45,3429.85,0.6234822468774992,2.8818753033107734,1.7526787750941364,0.3237002864344196,0.1872651395384985,2022-12-29,False
CANBK,PIIND,PIIND,CANBK,2022-12-30,2023-01-02,2022-12-30,,no_fill,,,334.0,,,,,,,2023-01-25,False
ADANIGREEN,VBL,ADANIGREEN,VBL,2022-12-02,2022-12-05,2022-12-30,,no_fill,,,,,,,,,,,False
APOLLOTYRE,PAGEIND,PAGEIND,APOLLOTYRE,2022-11-30,2022-12-01,2022-12-28,2022-12-29,reverted,47454.95,44550.0,319.0,318.7,-6.434331168442274,-0.09589169905955289,-3.2651114337509135,0.3128412079639743,0.18993558620689657,2022-12-29,False
CHAMBLFERT,PETRONET,CHAMBLFERT,PETRONET,2022-12-22,2022-12-23,2022-12-28,2022-12-29,reverted,290.05,303.35,213.65,213.25,4.25612687178074,-0.0026298572431505407,2.1267485072687946,0.32928943575245645,0.1898519494500351,2023-01-25,True
GRANULES,MUTHOOTFIN,GRANULES,MUTHOOTFIN,2022-12-01,2022-12-02,2022-12-21,2022-12-22,reverted,341.55,337.0,1116.05,1095.55,-1.6523608995169161,1.6484640105730077,-0.0019484444719541916,0.3201986977894891,0.18837125666412796,2022-12-29,False
CANFINHOME,TCS,TCS,CANFINHOME,2022-12-09,2022-12-12,2022-12-13,2022-12-14,reverted,3255.5,3348.8,558.9,543.6,2.539271314028566,2.5499573268920996,2.544614320460333,0.326647899609891,0.18756280193236713,2022-12-29,False
CANFINHOME,TCS,CANFINHOME,TCS,2022-12-23,2022-12-26,2022-12-27,2022-12-28,reverted,494.25,529.35,3251.0,3269.05,6.768514226889236,-0.7457321402645504,3.0113910433123428,0.333154968861912,0.19051835988926488,2023-01-25,True
DELTACORP,GAIL,DELTACORP,GAIL,2022-12-14,2022-12-15,2022-12-30,2022-12-29,rollover,224.75,207.0,96.75,95.95,-8.207776674304785,0.6375955865633038,-3.7850905438707407,0.3101126031145718,0.1892777984496124,2022-12-29,False
BHARTIARTL,VBL,BHARTIARTL,VBL,2022-11-30,2022-12-01,2022-12-23,,no_fill,,,,,,,,,,,False
DRREDDY,HINDCOPPER,HINDCOPPER,DRREDDY,2022-12-22,2022-12-23,2022-12-27,2022-12-28,reverted,106.55,109.0,4382.25,4269.35,1.9736123751290473,2.3885946166923353,2.1811034959106914,0.32577758263725953,0.18770751120999485,2023-01-25,True
AARTIIND,SBIN,AARTIIND,SBIN,2022-12-14,2022-12-15,2022-12-30,2022-12-29,rollover,658.75,617.0,626.2,611.8,-6.650269877722958,2.1116289045033705,-2.269320486609794,0.31250896690702085,0.1879558926860428,2022-12-29,False
GRASIM,VEDL,VEDL,GRASIM,2022-12-23,2022-12-26,2022-12-28,2022-12-29,reverted,285.75,303.05,1723.9,1756.45,5.722697333753286,-2.0798753790823095,1.821410977335488,0.3315458858442695,0.19171481292418352,2023-01-25,True
COALINDIA,GRASIM,GRASIM,COALINDIA,2022-12-30,2023-01-02,2022-12-30,,no_fill,,,227.0,,,,,,,2023-01-25,False
KOTAKBANK,SBIN,KOTAKBANK,SBIN,2022-12-08,2022-12-09,2022-12-22,2022-12-23,reverted,1914.0,1815.95,617.1,591.5,-5.43715497224138,3.962139870361368,-0.7375075509400062,0.31437545291013586,0.18629636363636362,2022-12-29,False
SUZLON,TATACOMM,TATACOMM,SUZLON,2022-11-30,2022-12-01,2022-12-22,,no_fill,,,,,,,,,,,False
IEX,NAUKRI,IEX,NAUKRI,2022-12-19,2022-12-20,2022-12-27,2022-12-28,reverted,144.25,138.5,4213.9,3925.85,-4.302256777469671,6.651826120695792,1.1747846716130605,0.3161215954939342,0.1838842663565818,2023-01-25,True
DRREDDY,JINDALSTEL,DRREDDY,JINDALSTEL,2022-12-27,2022-12-28,2022-12-30,2023-01-02,window_end,4250.85,4258.75,573.9,587.2,-0.13668551629910142,-2.5095770796306174,-1.3231312979648595,0.32253070020348873,0.19210016727652904,2023-01-25,True
GNFC,JSWSTEEL,GNFC,JSWSTEEL,2022-12-21,2022-12-22,2022-12-30,2023-01-02,window_end,556.5,559.65,750.6,772.35,0.24292297396225293,-3.0903028137489903,-1.4236899198933686,0.32311476188679245,0.19262095923261388,2023-01-25,True
BAJAJ-AUTO,GUJGASLTD,BAJAJ-AUTO,GUJGASLTD,2022-12-12,2022-12-13,2022-12-21,2022-12-22,reverted,3614.75,3629.15,525.25,515.45,0.07551061563316219,1.677432923369816,0.8764717695014891,0.3228571829697766,0.18834527748691102,2022-12-29,False
BANDHANBNK,GUJGASLTD,GUJGASLTD,BANDHANBNK,2022-12-27,2022-12-28,2022-12-30,2023-01-02,reverted,478.9,488.6,237.25,244.9,1.700118259553146,-3.417361049525813,-0.8586213949863334,0.32535678742952606,0.19291426343519494,2023-01-25,True
APOLLOHOSP,HINDPETRO,APOLLOHOSP,HINDPETRO,2022-12-12,2022-12-13,2022-12-27,2022-12-28,reverted,4746.0,4652.0,252.05,230.45,-2.299817782300881,8.387400416584022,3.0437913171415705,0.31920252734934684,0.18232781194207495,2022-12-29,False
IDFC,MAXHEALTH,MAXHEALTH,IDFC,2022-12-05,2022-12-06,2022-12-20,2022-12-21,reverted,430.0,441.45,85.5,84.6,2.3364548493720854,0.8635564210526349,1.6000056352123602,0.32633584830232554,0.18907515789473683,2022-12-29,False
IDFC,MAXHEALTH,IDFC,MAXHEALTH,2022-12-23,2022-12-26,2022-12-30,,no_fill,,,,,,,,,,,False
PAGEIND,TRENT,PAGEIND,TRENT,2022-12-06,2022-12-07,2022-12-13,2022-12-14,reverted,46988.05,46779.95,1481.2,1456.15,-0.764443400115572,1.5026943451255665,0.3691254725049973,0.32156483843870937,0.18850198217661354,2022-12-29,False
PAGEIND,TRENT,PAGEIND,TRENT,2022-12-15,2022-12-16,2022-12-21,2022-12-22,reverted,44000.0,43500.0,1435.85,1375.6,-1.456863124999999,4.009867202702235,1.2765020388511181,0.32049948863636357,0.18625356200160184,2022-12-29,False
PAGEIND,TRENT,TRENT,PAGEIND,2022-12-23,2022-12-26,2022-12-26,2022-12-27,reverted,1289.95,1358.7,43250.9,44145.8,4.999231172146213,-2.26096710685789,1.3691320326441614,0.3304327683166014,0.1918772150868537,2023-01-25,True
TORNTPHARM,VEDL,VEDL,TORNTPHARM,2022-12-23,2022-12-26,2022-12-28,2022-12-29,reverted,285.75,303.05,1570.05,1588.15,5.722697333753286,-1.343884307506149,2.1894065131235685,0.3315458858442695,0.19105477978408333,2023-01-25,True
MGL,SUNPHARMA,SUNPHARMA,MGL,2022-12-08,2022-12-09,2022-12-09,2022-12-12,reverted,980.8,994.9,893.55,873.1,1.1131482760807496,2.1006582966817726,1.6069032863812611,0.32445368150489395,0.18796573107268763,2022-12-29,False
MGL,SUNPHARMA,SUNPHARMA,MGL,2022-12-19,2022-12-20,2022-12-21,2022-12-22,reverted,987.95,1019.95,914.0,897.4,2.9118092327142007,1.6278027746170693,2.269806003665635,0.3272210825851511,0.18838978555798688,2023-01-25,True
MGL,SUNPHARMA,MGL,SUNPHARMA,2022-12-23,2022-12-26,2022-12-30,2023-01-02,window_end,830.0,842.7,1017.0,1002.75,1.2055246710602403,1.2124176401179945,1.2089711555891174,0.3245958108674699,0.18876230088495574,2023-01-25,True
MAXHEALTH,SRF,SRF,MAXHEALTH,2022-12-22,2022-12-23,2022-12-27,,no_fill,,,,,,,,,,,False
MAXHEALTH,SRF,SRF,MAXHEALTH,2022-12-29,2022-12-30,2022-12-30,,no_fill,,,,,,,,,,,False
ACC,INDIACEM,INDIACEM,ACC,2022-12-13,2022-12-14,2022-12-29,2022-12-29,rollover,244.9,215.95,2671.25,2447.85,-12.12523673013476,8.180612619185778,-1.9723120554744913,0.3040852397305022,0.18251325821244735,2022-12-29,False
BALRAMCHIN,IOC,BALRAMCHIN,IOC,2022-12-12,2022-12-13,2022-12-15,2022-12-16,reverted,373.4,383.95,79.55,78.4,2.4988026885109886,1.2569092771841504,1.8778559828475694,0.3265856350026781,0.18872240100565682,2022-12-29,False
BALRAMCHIN,IOC,IOC,BALRAMCHIN,2022-12-22,2022-12-23,2022-12-30,2023-01-02,window_end,74.6,77.0,400.25,401.1,2.8899706949061685,-0.4025778913179322,1.2436964017941181,0.3271874820375335,0.19021062086196128,2023-01-25,True
CANBK,IBREALEST,CANBK,IBREALEST,2022-12-07,2022-12-08,2022-12-09,,no_fill,,,,,,,,,,,False
CHAMBLFERT,CONCOR,CONCOR,CHAMBLFERT,2022-12-16,2022-12-19,2022-12-21,2022-12-22,reverted,741.3,744.0,318.35,304.8,0.0414202781869768,4.070122132872626,2.0557712055298016,0.3228047319303926,0.18619952567928383,2022-12-29,False
NATIONALUM,TATASTEEL,TATASTEEL,NATIONALUM,2022-12-28,2022-12-29,2022-12-30,2023-01-02,window_end,109.0,114.4,78.45,81.35,4.624272579449547,-3.889960140216688,0.36715621961642975,0.32985586091743124,0.19333808795411092,2023-01-25,True
HINDPETRO,LTTS,LTTS,HINDPETRO,2022-11-30,2022-12-01,2022-12-01,2022-12-02,reverted,3867.95,4145.0,240.45,238.9,6.829460188815796,0.45518327718860196,3.642321733002199,0.3332487396863971,0.1894413849033063,2022-12-29,False
HINDPETRO,LTTS,LTTS,HINDPETRO,2022-12-12,2022-12-13,2022-12-21,2022-12-22,reverted,3909.95,4004.8,252.05,233.4,2.0998903506822453,7.215947165244992,4.6579187579636185,0.32597187261985455,0.18337836540368974,2022-12-29,False
HDFCBANK,NAUKRI,NAUKRI,HDFCBANK,2022-12-23,2022-12-26,2022-12-30,2023-01-02,window_end,3851.0,3935.0,1607.9,1630.05,1.855655527499357,-1.568829741899355,0.1434128928000009,0.3255960954557258,0.19125650973319236,2023-01-25,True
LALPATHLAB,M&MFIN,LALPATHLAB,M&MFIN,2022-12-05,2022-12-06,2022-12-21,2022-12-22,reverted,2503.3,2448.0,240.55,225.75,-2.5279355568170105,5.968069578050307,1.7200670106166482,0.3188515477090241,0.1844974558303887,2022-12-29,False
RECLTD,TATACHEM,TATACHEM,RECLTD,2022-12-22,2022-12-23,2022-12-30,2023-01-02,window_end,933.85,941.85,113.1,118.45,0.5331073932430361,-4.924593085764812,-2.195742846260888,0.32356123662258396,0.19426594164456235,2023-01-25,True
DEEPAKNTR,GODREJCP,DEEPAKNTR,GODREJCP,2022-12-09,2022-12-12,2022-12-14,2022-12-15,reverted,2180.1,2218.0,929.0,890.0,1.4135365088482275,4.011810613562972,2.7126735612055994,0.32491585572221454,0.18625181916038752,2022-12-29,False
DEEPAKNTR,GODREJCP,DEEPAKNTR,GODREJCP,2022-12-16,2022-12-19,2022-12-30,2022-12-29,rollover,2113.45,1990.0,905.15,886.05,-6.154432046166215,1.922021557752865,-2.1162052442066748,0.3132718578485415,0.1881259316135447,2022-12-29,False
COLPAL,RELIANCE,RELIANCE,COLPAL,2022-12-09,2022-12-12,2022-12-14,2022-12-15,reverted,2585.5,2602.5,1667.0,1582.85,0.33425776491975134,4.8625014781043845,2.598379621512068,0.3232552886482305,0.18548892381523696,2022-12-29,False
MRF,SUZLON,MRF,SUZLON,2022-12-05,2022-12-06,2022-12-22,,no_fill,,,,,,,,,,,False
SONACOMS,UPL,UPL,SONACOMS,2022-12-14,2022-12-15,2022-12-16,,no_fill,,,,,,,,,,,False
JUBLFOOD,UNIONBANK,UNIONBANK,JUBLFOOD,2023-01-27,2023-01-30,2023-01-31,2023-02-01,reverted,74.2,79.2,480.0,493.1,6.405947347169807,-2.9216363666666716,1.7421554902515677,0.33259712722371965,0.19246970000000002,2023-02-23,False
DELTACORP,EXIDEIND,DELTACORP,EXIDEIND,2023-01-18,2023-01-19,2023-01-24,2023-01-25,reverted,202.9,210.0,185.75,183.15,3.171639864268101,1.2109672193808851,2.1913035418244933,0.32762085529817636,0.18876360161507405,2023-02-23,True
DELTACORP,EXIDEIND,DELTACORP,EXIDEIND,2023-01-27,2023-01-30,2023-01-31,2023-02-01,window_end,192.0,196.95,183.75,183.2,2.251919217343737,0.10956839727892254,1.1807438073113297,0.32620578265625,0.18975133061224492,2023-02-23,False
HINDCOPPER,POLYCAB,POLYCAB,HINDCOPPER,2023-01-02,2023-01-03,2023-01-23,2023-01-24,reverted,2591.5,2811.95,117.55,129.3,8.171343029917027,-10.194738672905164,-1.0116978214940682,0.33531334669882307,0.19899218205019142,2023-01-25,False
HINDCOPPER,POLYCAB,HINDCOPPER,POLYCAB,2023-01-31,2023-02-01,2023-01-31,,no_fill,,,2941.6,,,,,,,2023-02-23,False
COCHINSHIP,LAURUSLABS,LAURUSLABS,COCHINSHIP,2023-01-31,2023-02-01,2023-01-31,,no_fill,,,,,,,,,,,False
BEL,GODREJPROP,BEL,GODREJPROP,2023-01-27,2023-01-30,2023-01-31,2023-02-01,window_end,92.95,97.0,1192.45,1179.3,4.028242465088748,0.9137414524718136,2.4709919587802807,0.32893881516944595,0.18903015220763975,2023-02-23,False
HEROMOTOCO,ULTRACEMCO,HEROMOTOCO,ULTRACEMCO,2023-01-12,2023-01-13,2023-01-19,2023-01-20,reverted,2683.3,2767.5,7178.25,7181.9,2.8108614139007893,-0.24091368913036232,1.2849738623852134,0.3270657653188238,0.19006564120781527,2023-01-25,False
HEROMOTOCO,ULTRACEMCO,ULTRACEMCO,HEROMOTOCO,2023-01-23,2023-01-24,2023-01-30,2023-01-31,reverted,6882.0,6925.0,2776.75,2715.0,0.3016133045335694,2.0357989177995877,1.1687061111665784,0.3232050622202849,0.18802389664175748,2023-02-23,True
DELTACORP,JPPOWER,JPPOWER,DELTACORP,2023-01-16,2023-01-17,2023-01-31,2023-02-01,window_end,7.25,7.25,217.0,198.2,-0.3222452,8.4813509124424,4.0795528562212,0.3222452,0.18224355760368663,2023-02-23,True
ABCAPITAL,NTPC,ABCAPITAL,NTPC,2023-01-06,2023-01-09,2023-01-11,2023-01-12,reverted,146.7,147.6,171.2,167.4,0.29030926257668355,2.031598504672885,1.1609538836247844,0.32318766993865033,0.18802766355140185,2023-01-25,False
ABCAPITAL,NTPC,ABCAPITAL,NTPC,2023-01-27,2023-01-30,2023-01-31,2023-02-01,window_end,133.05,142.05,167.55,174.05,6.431737487711393,-4.0729411578633234,1.1793981649240348,0.3326368076662909,0.19350218442256042,2023-02-23,False
APOLLOHOSP,INDUSTOWER,INDUSTOWER,APOLLOHOSP,2023-01-20,2023-01-23,2023-01-31,2023-02-01,window_end,172.3,154.6,4310.05,4307.75,-10.579243923041217,-0.13660845071402603,-5.357926186877622,0.30646388821822407,0.18997210078769386,2023-02-23,True
LT,SHREECEM,LT,SHREECEM,2023-01-04,2023-01-05,2023-01-09,2023-01-10,reverted,2080.0,2131.9,24000.0,23735.7,2.16911392839423,0.9122184819999981,1.5406662051971138,0.3260783792980769,0.189031518,2023-01-25,False
LT,SHREECEM,SHREECEM,LT,2023-01-18,2023-01-19,2023-01-31,2023-02-01,reverted,24000.0,23740.2,2267.55,2138.9,-1.4030822353549974,5.488596843730017,2.04275730418751,0.320582235355,0.18492744459879606,2023-02-23,True
IGL,OBEROIRLTY,OBEROIRLTY,IGL,2023-01-20,2023-01-23,2023-01-31,2023-02-01,window_end,828.0,823.9,428.65,427.05,-0.8166535905072442,0.18357994401026115,-0.31653682324849153,0.32148450838164255,0.1896849574244722,2023-02-23,True
DRREDDY,RECLTD,DRREDDY,RECLTD,2022-12-30,2023-01-02,2023-01-17,2023-01-18,reverted,4258.75,4351.75,118.45,123.15,1.8581394429586187,-4.161500557197131,-1.1516805571192563,0.32559991718227177,0.19358160405234273,2023-01-25,False
DRREDDY,RECLTD,RECLTD,DRREDDY,2023-01-27,2023-01-30,2023-01-31,2023-02-01,reverted,115.3,122.9,4351.7,4341.0,6.259129199306168,0.056081622814065174,3.1576054110601164,0.33237123434518656,0.18979929728611808,2023-02-23,False
BEL,HDFC,HDFC,BEL,2023-01-16,2023-01-17,2023-01-18,2023-01-19,reverted,2593.1,2685.0,102.35,102.45,3.216331053542106,-0.287811656082088,1.4642596987300092,0.3276896166981605,0.1901076990718124,2023-02-23,True
BEL,HDFC,BEL,HDFC,2023-01-24,2023-01-25,2023-01-31,2023-02-01,window_end,100.2,97.0,2776.95,2655.0,-3.5109518634730605,4.2054304877653506,0.347239312146145,0.3173390890219561,0.1860781818181818,2023-02-23,True
ADANIENT,HDFCAMC,ADANIENT,HDFCAMC,2023-01-10,2023-01-11,2023-01-17,2023-01-18,reverted,3660.0,3648.0,2152.0,2080.0,-0.6496103718032746,3.1587080297397767,1.2545488289682512,0.3217415193442623,0.1870168773234201,2023-01-25,False
ADANIENT,HDFCAMC,ADANIENT,HDFCAMC,2023-01-19,2023-01-20,2023-01-31,2023-02-01,window_end,3450.0,2995.0,2057.0,1908.85,-13.490390625217396,7.018680993680118,-3.2358548157686386,0.301984828115942,0.18355527272727273,2023-02-23,True
CROMPTON,LALPATHLAB,LALPATHLAB,CROMPTON,2023-01-02,2023-01-03,2023-01-05,2023-01-06,reverted,2205.45,2255.0,347.45,340.35,1.9210103715024172,1.8552736998129125,1.8881420356576648,0.3256966497404158,0.18818579076126063,2023-01-25,False
CROMPTON,LALPATHLAB,LALPATHLAB,CROMPTON,2023-01-24,2023-01-25,2023-01-31,2023-02-01,window_end,2113.0,2103.0,339.65,334.7,-0.7947789311878799,1.2686707463565354,0.23694590758432776,0.3215181645054425,0.18871185337847785,2023-02-23,True
SUNPHARMA,UNIONBANK,UNIONBANK,SUNPHARMA,2023-01-27,2023-01-30,2023-01-31,2023-02-01,window_end,74.2,79.2,1036.15,1039.0,6.405947347169807,-0.46532359117886823,2.9703118779954694,0.33259712722371965,0.19026689089417556,2023-02-23,False
HAL,PFC,HAL,PFC,2023-01-02,2023-01-03,2023-01-20,2023-01-23,reverted,2544.0,2528.0,151.95,151.0,-0.9502098377358489,0.43574684435668665,-0.2572314966895811,0.32127902012578613,0.18945881539980255,2023-01-25,False
HAL,PFC,PFC,HAL,2023-01-27,2023-01-30,2023-01-31,2023-02-01,window_end,136.45,142.0,2461.0,2577.9,3.738930282374509,-4.9443852759041125,-0.6027274967648018,0.3284936824477831,0.19428369118244615,2023-02-23,False
FEDERALBNK,GAIL,FEDERALBNK,GAIL,2023-01-23,2023-01-24,2023-01-30,2023-01-31,reverted,136.7,133.7,102.85,94.85,-2.5134605050475503,7.595279756927567,2.5409096259400084,0.31887381887344546,0.18303818181818182,2023-02-23,True
ICICIBANK,TIINDIA,TIINDIA,ICICIBANK,2023-01-19,2023-01-20,2023-01-31,2023-02-01,window_end,2608.0,2610.15,876.45,850.0,-0.23993319409125746,2.8305449517941783,1.2953058788514604,0.32237184439800615,0.1873111723429745,2023-02-23,True
BPCL,PIDILITIND,PIDILITIND,BPCL,2023-01-11,2023-01-12,2023-01-31,2023-01-25,rollover,2481.9,2331.0,354.1,346.75,-6.392924256231114,1.8875279695001448,-2.252698143365485,0.31290491620935573,0.1881568652922903,2023-01-25,False
CANFINHOME,POLYCAB,CANFINHOME,POLYCAB,2023-01-17,2023-01-18,2023-01-24,2023-01-25,reverted,528.85,563.5,2729.85,2805.05,6.219641869887496,-2.9472227591259803,1.6362095553807576,0.3323104795499669,0.19249264574976652,2023-02-23,True
CANBK,PFC,PFC,CANBK,2022-12-30,2023-01-02,2023-01-02,2023-01-03,reverted,142.45,150.9,334.0,337.55,5.600547983783786,-1.2538482874251473,2.173349848179319,0.33135794812214814,0.19097403592814371,2023-01-25,False
CANBK,PFC,CANBK,PFC,2023-01-04,2023-01-05,2023-01-16,2023-01-17,reverted,328.65,323.9,155.25,150.9,-1.7653314396166158,2.6144273816425048,0.4245479710129445,0.32002488248897004,0.18750498550724634,2023-01-25,False
BAJAJFINSV,TVSMOTOR,BAJAJFINSV,TVSMOTOR,2023-01-25,2023-01-27,2023-01-31,2023-02-01,window_end,1315.1,1348.0,1032.95,1043.95,2.1756225031860663,-1.255887040999076,0.4598677310934951,0.32608839332370165,0.19097586427223,2023-02-23,False
LUPIN,VBL,VBL,LUPIN,2023-01-11,2023-01-12,2023-01-24,2023-01-25,reverted,1229.95,1244.6,757.05,750.7,0.8670303225090272,0.649515005613884,0.7582726640614557,0.3240750069758933,0.18926710917376663,2023-01-25,False
AXISBANK,EXIDEIND,AXISBANK,EXIDEIND,2023-01-19,2023-01-20,2023-01-31,2023-02-01,window_end,931.25,876.3,191.45,183.2,-6.213851576515445,4.123067072342652,-1.0453922520863967,0.31318043557583897,0.18615204492034476,2023-02-23,True
BRITANNIA,SRF,SRF,BRITANNIA,2023-01-18,2023-01-19,2023-01-31,2023-02-01,reverted,2167.95,2200.0,4426.85,4359.95,1.1538388405313806,1.3225690743982819,1.2382039574648314,0.32451628758504586,0.1886635176253995,2023-02-23,True
CIPLA,NTPC,CIPLA,NTPC,2023-01-30,2023-01-31,2023-01-31,2023-02-01,window_end,1043.0,1019.0,170.6,174.05,-2.6197649100671154,-2.2141095193434928,-2.416937214705304,0.3187102600191755,0.19183519343493552,2023-02-23,False
TATAELXSI,UBL,UBL,TATAELXSI,2023-01-20,2023-01-23,2023-01-31,,no_fill,,,,,,,,,,,False
HCLTECH,IBREALEST,IBREALEST,HCLTECH,2023-01-24,2023-01-25,2023-01-31,2023-02-01,window_end,72.1,72.6,1137.15,1136.05,0.3701707320388346,-0.09320011168270853,0.13848531017806304,0.32331054396671294,0.18993317240469593,2023-02-23,True
COFORGE,HINDUNILVR,HINDUNILVR,COFORGE,2023-01-03,2023-01-04,2023-01-10,2023-01-11,reverted,2550.5,2644.0,4004.9,3976.8,3.3380709289551156,0.5122502829034403,1.9251606059292778,0.327876924406979,0.18939020749581764,2023-01-25,False
COFORGE,HINDUNILVR,HINDUNILVR,COFORGE,2023-01-20,2023-01-23,2023-01-31,2023-02-01,window_end,2560.0,2600.2,4100.05,4346.45,1.245654945109368,-6.205097100035362,-2.479721077462997,0.324657554890625,0.1954142912891306,2023-02-23,True
MUTHOOTFIN,RENUKA,RENUKA,MUTHOOTFIN,2023-01-30,2023-01-31,2023-01-31,2023-02-01,window_end,49.5,52.7,1026.05,1050.45,6.132470106666664,-2.5702062911164365,1.7811319077751135,0.33217635797979794,0.19215453925247308,2023-02-23,False
ABFRL,LT,ABFRL,LT,2023-01-09,2023-01-10,2023-01-31,2023-01-25,rollover,274.7,260.9,2138.3,2174.7,-5.338189896468883,-1.893834836084714,-3.6160123662767987,0.31452771954859854,0.19154797268858437,2023-01-25,False
RENUKA,TVSMOTOR,RENUKA,TVSMOTOR,2023-01-25,2023-01-27,2023-01-31,2023-02-01,window_end,53.25,52.7,1032.95,1043.95,-1.3535223374647836,-1.255887040999076,-1.3047046892319298,0.32065848769953054,0.19097586427223,2023-02-23,False
AARTIIND,NMDC,AARTIIND,NMDC,2023-01-02,2023-01-03,2023-01-31,2023-01-25,rollover,610.8,551.95,126.9,123.85,-9.942348850933188,2.2156046493301904,-3.8633721008014987,0.3074438083660773,0.18786264775413708,2023-01-25,False
AUBANK,MUTHOOTFIN,AUBANK,MUTHOOTFIN,2023-01-04,2023-01-05,2023-01-17,2023-01-18,reverted,641.8,630.0,1083.75,1053.35,-2.15799972371455,2.617572806459062,0.22978654137225618,0.319420727142412,0.18750216470588232,2023-01-25,False
CIPLA,MGL,CIPLA,MGL,2023-01-31,2023-02-01,2023-01-31,,no_fill,,,872.85,,,,,,,2023-02-23,False
ADANIENT,BIOCON,ADANIENT,BIOCON,2023-01-23,2023-01-24,2023-01-25,2023-01-27,reverted,3447.45,3335.0,250.8,237.75,-3.579065498664227,5.017999808612444,0.7194671549741085,0.31723429008977644,0.1853494736842105,2023-02-23,True
ADANIENT,BIOCON,ADANIENT,BIOCON,2023-01-27,2023-01-30,2023-01-31,2023-02-01,window_end,2850.0,2995.0,237.0,239.25,4.757658211578941,-1.1402392405063342,1.8087094855363035,0.33006108666666667,0.19087215189873416,2023-02-23,False
NAUKRI,TATAMTRDVR,NAUKRI,TATAMTRDVR,2023-01-09,2023-01-10,2023-01-23,,no_fill,,,,,,,,,,,False
NAUKRI,TATAMTRDVR,NAUKRI,TATAMTRDVR,2023-01-27,2023-01-30,2023-01-31,,no_fill,,,,,,,,,,,False
AUROPHARMA,HDFC,HDFC,AUROPHARMA,2023-01-10,2023-01-11,2023-01-13,2023-01-16,reverted,2566.0,2648.0,452.0,435.7,2.8684808120031153,3.419411610619467,3.1439462113112913,0.3271544179267343,0.18678307964601773,2023-01-25,False
AUROPHARMA,HDFC,AUROPHARMA,HDFC,2023-01-24,2023-01-25,2023-01-31,2023-02-01,window_end,438.25,410.0,2776.95,2655.0,-6.758434958243013,4.2054304877653506,-1.2765022352388313,0.31234254523673705,0.1860781818181818,2023-02-23,True
JUBLFOOD,ZEEL,ZEEL,JUBLFOOD,2023-01-19,2023-01-20,2023-01-31,2023-02-01,reverted,224.75,227.9,515.7,493.1,1.0771589771301415,4.196306499903051,2.6367327385165966,0.32439830874304787,0.18608636416521235,2023-02-23,True
PAGEIND,TATAELXSI,PAGEIND,TATAELXSI,2023-01-23,2023-01-24,2023-01-31,,no_fill,,,,,,,,,,,False
INDHOTEL,TRENT,TRENT,INDHOTEL,2023-01-04,2023-01-05,2023-01-18,2023-01-19,reverted,1312.0,1222.95,315.35,304.35,-7.099165861181402,3.3012987252259367,-1.8989335679777326,0.31181830020579276,0.18688900269541778,2023-01-25,False
ACC,POLYCAB,ACC,POLYCAB,2023-01-12,2023-01-13,2023-01-31,2023-01-25,rollover,2372.05,2324.1,2687.55,2817.7,-2.340598015636277,-5.037067408978433,-3.688832712307355,0.31913978330557957,0.19436680805938494,2023-01-25,False
HDFCBANK,RENUKA,RENUKA,HDFCBANK,2023-01-23,2023-01-24,2023-01-31,2023-02-01,window_end,53.75,52.7,1685.3,1631.3,-2.272732572465108,3.017033367352999,0.3721503974439455,0.31924420037209306,0.1871439304574853,2023-02-23,True
MPHASIS,SHREECEM,SHREECEM,MPHASIS,2023-01-23,2023-01-24,2023-01-31,2023-02-01,reverted,23152.25,23740.2,2069.8,2089.0,2.2133475649507135,-1.1184784945405353,0.5474345352050891,0.3261464367121986,0.19085263696975552,2023-02-23,True
LALPATHLAB,SONACOMS,LALPATHLAB,SONACOMS,2023-01-25,2023-01-27,2023-01-31,,no_fill,,,,,,,,,,,False
BEL,LICHSGFIN,LICHSGFIN,BEL,2023-01-16,2023-01-17,2023-01-31,2023-02-01,window_end,395.55,403.8,102.35,96.65,1.7602541390216144,5.38410439667806,3.572179267849837,0.32544931186954873,0.18502115290669274,2023-02-23,True
HINDALCO,ICICIGI,ICICIGI,HINDALCO,2023-01-02,2023-01-03,2023-01-04,2023-01-05,reverted,1241.5,1258.0,488.0,462.8,1.0047505527990344,4.978549573770494,2.9916500632847645,0.32428690189287157,0.18538485245901637,2023-01-25,False
HINDALCO,ICICIGI,ICICIGI,HINDALCO,2023-01-18,2023-01-19,2023-01-31,2023-02-01,window_end,1194.05,1134.8,493.65,474.55,-5.2767260516812495,3.6825909915932318,-0.7970675300440089,0.31462228718227886,0.18654706168337892,2023-02-23,True
CHAMBLFERT,GODREJPROP,GODREJPROP,CHAMBLFERT,2022-12-30,2023-01-02,2023-01-11,2023-01-12,reverted,1224.7,1235.0,314.3,308.9,0.5174850908630744,1.5296258924594412,1.023555491661258,0.3235372003102801,0.1884778300986319,2023-01-25,False
MGL,TRENT,TRENT,MGL,2023-01-05,2023-01-06,2023-01-31,2023-01-25,rollover,1281.0,1205.85,872.3,866.45,-6.179743452622954,0.48122280178836824,-2.8492603254172932,0.3132329139812646,0.18941803278688524,2023-01-25,False
LUPIN,TATASTEEL,LUPIN,TATASTEEL,2023-02-01,2023-02-02,2023-02-13,2023-02-14,reverted,735.0,678.0,122.25,109.7,-8.065433651428576,10.08504329652351,1.0098048225474674,0.31033161061224496,0.1808053742331288,2023-02-23,False
M&M,TECHM,TECHM,M&M,2023-01-31,2023-02-01,2023-02-15,2023-02-16,reverted,1018.05,1075.0,1386.6,1385.6,5.263188907293359,-0.11783641425068833,2.5726762465213353,0.33083889094838176,0.18995526611856337,2023-02-23,False
M&M,TECHM,M&M,TECHM,2023-02-17,2023-02-20,2023-02-28,2023-03-01,window_end,1342.1,1275.95,1135.2,1101.9,-5.24351624165858,2.74601682875264,-1.24874970645297,0.31467338345130774,0.18738697674418606,2023-03-29,True
TIINDIA,TORNTPHARM,TORNTPHARM,TIINDIA,2023-02-27,2023-02-28,2023-02-28,,no_fill,,,,,,,,,,,False
ABB,BAJFINANCE,BAJFINANCE,ABB,2023-02-22,2023-02-23,2023-02-28,2023-03-01,window_end,6214.0,6100.1,3182.1,3230.0,-2.152387199655614,-1.6966663982904326,-1.9245267989730233,0.3194293625136788,0.19137115301216176,2023-03-29,True
COALINDIA,COFORGE,COALINDIA,COFORGE,2023-02-02,2023-02-03,2023-02-13,2023-02-14,reverted,218.0,213.05,4455.95,4032.05,-2.5893991822477043,9.331641882202444,3.37112134997737,0.31875698041284406,0.18148102088219123,2023-02-23,False
LICHSGFIN,TATAMTRDVR,LICHSGFIN,TATAMTRDVR,2023-02-23,2023-02-24,2023-02-28,,no_fill,,,,,,,,,,,False
ASHOKLEY,PAYTM,PAYTM,ASHOKLEY,2023-02-03,2023-02-06,2023-02-06,2023-02-07,reverted,556.0,558.9,155.0,153.25,0.19853626485611853,0.9400256774193494,0.569280971137734,0.32304646895683453,0.1890065806451613,2023-02-23,False
ASHOKLEY,PAYTM,ASHOKLEY,PAYTM,2023-02-08,2023-02-09,2023-02-28,,no_fill,,,,,,,,,,,False
BERGEPAINT,TATAMOTORS,TATAMOTORS,BERGEPAINT,2023-02-28,2023-03-01,2023-02-28,,no_fill,,,581.5,,,,,,,2023-03-29,False
EICHERMOT,TRENT,EICHERMOT,TRENT,2023-02-09,2023-02-10,2023-02-28,2023-02-23,rollover,3225.05,3265.0,1341.65,1328.2,0.9145922993038902,0.8133767666679178,0.8639845329859039,0.3241481853397621,0.18912015875973612,2023-02-23,False
BATAINDIA,REDINGTON,BATAINDIA,REDINGTON,2023-02-16,2023-02-17,2023-02-23,,no_fill,,,,,,,,,,,False
BHARATFORG,HDFC,BHARATFORG,HDFC,2023-02-15,2023-02-16,2023-02-17,2023-02-20,reverted,837.0,865.85,2737.7,2710.05,3.1192936148028756,0.8208584249552373,1.9700760198790563,0.32754031590203114,0.18911344924571719,2023-03-29,True
MAZDOCK,SBIN,SBIN,MAZDOCK,2023-01-31,2023-02-01,2023-02-07,,no_fill,,,,,,,,,,,False
GNFC,POWERGRID,GNFC,POWERGRID,2023-02-28,2023-03-01,2023-02-28,,no_fill,,,223.3,,,,,,,2023-03-29,False
ASTRAL,PVR,ASTRAL,PVR,2023-02-13,2023-02-14,2023-02-21,2023-02-22,reverted,1900.0,1943.75,1691.45,1640.15,1.976849016447367,2.8456030973425146,2.411226056894941,0.32578256250000004,0.1872976682727837,2023-03-29,True
AMBUJACEM,HDFCAMC,AMBUJACEM,HDFCAMC,2023-02-01,2023-02-02,2023-02-20,2023-02-21,reverted,355.0,353.35,1859.15,1867.8,-0.7863199118591498,-0.6557040082833449,-0.7210119600712473,0.3215311794647887,0.190437623107334,2023-02-23,False
HAVELLS,TATACONSUM,TATACONSUM,HAVELLS,2023-02-08,2023-02-09,2023-02-22,2023-02-23,reverted,724.5,722.95,1234.4,1205.45,-0.5358571875362288,2.157354069993519,0.8107484412286452,0.3219165388129745,0.1879148865845755,2023-02-23,False
J&KBANK,POLICYBZR,J&KBANK,POLICYBZR,2023-02-08,2023-02-09,2023-02-28,,no_fill,,,,,,,,,,,False
ANGELONE,GUJGASLTD,ANGELONE,GUJGASLTD,2023-02-09,2023-02-10,2023-02-28,2023-02-23,rollover,1129.15,1085.0,480.6,504.1,-4.226259336483198,-5.084130195588855,-4.655194766036027,0.31623852436788735,0.19440901373283395,2023-02-23,False
ABCAPITAL,KPITTECH,ABCAPITAL,KPITTECH,2023-01-31,2023-02-01,2023-02-27,,no_fill,,,,,,,,,,,False
CANFINHOME,TORNTPHARM,TORNTPHARM,CANFINHOME,2023-01-31,2023-02-01,2023-02-01,2023-02-02,reverted,1529.8,1525.4,574.95,547.05,-0.6094226483984735,4.666931567962449,2.0287544597819878,0.32180335175839975,0.18566430993999478,2023-02-23,False
ACC,BERGEPAINT,ACC,BERGEPAINT,2023-02-01,2023-02-02,2023-02-28,2023-02-23,rollover,2010.0,1752.2,551.95,560.65,-13.128412410805971,-1.7676645547603862,-7.448038482783179,0.302541764039801,0.1914348238065042,2023-02-23,False
HINDALCO,RAYMOND,HINDALCO,RAYMOND,2023-01-31,2023-02-01,2023-02-02,,no_fill,,,,,,,,,,,False
HINDALCO,RAYMOND,HINDALCO,RAYMOND,2023-02-07,2023-02-08,2023-02-16,,no_fill,,,,,,,,,,,False
IBULHSGFIN,MFSL,IBULHSGFIN,MFSL,2023-02-27,2023-02-28,2023-02-28,2023-03-01,window_end,100.9,101.3,700.9,694.4,0.07357790168482259,0.7381914995006369,0.40588470059272974,0.3228542093161546,0.1891875845341704,2023-03-29,False
TECHM,VBL,TECHM,VBL,2023-02-07,2023-02-08,2023-02-15,,no_fill,,,,,,,,,,,False
MARUTI,TECHM,TECHM,MARUTI,2023-01-31,2023-02-01,2023-02-28,2023-02-23,rollover,1018.05,1127.0,8937.0,8714.4,10.363146301134524,2.3029844283316545,6.3330653647330895,0.3386856324640244,0.1877842860020141,2023-02-23,False
ADANIGREEN,ULTRACEMCO,ADANIGREEN,ULTRACEMCO,2023-01-31,2023-02-01,2023-02-28,2023-02-23,rollover,1278.9,512.1,7085.0,7176.9,-60.18791271921183,-1.4882908460126925,-30.838101782612263,0.23013650527797325,0.19118428285109387,2023-02-23,False
CROMPTON,SHREECEM,CROMPTON,SHREECEM,2023-02-03,2023-02-06,2023-02-09,2023-02-10,reverted,305.15,314.0,24132.0,23498.95,2.573512427363608,2.43561494811868,2.504563687741144,0.3267005826314927,0.1876653436101442,2023-02-23,False
TIINDIA,VOLTAS,TIINDIA,VOLTAS,2023-02-08,2023-02-09,2023-02-27,2023-02-23,rollover,2544.95,2506.15,824.95,900.6,-1.8444909978034854,-9.368503961452216,-5.60649747962785,0.31990308841431075,0.1982512188617492,2023-02-23,False
HAVELLS,YESBANK,HAVELLS,YESBANK,2023-02-28,2023-03-01,2023-02-28,,no_fill,,,,,,,,,,,False
ANGELONE,SHREECEM,ANGELONE,SHREECEM,2023-02-01,2023-02-02,2023-02-28,2023-02-23,rollover,1207.0,1085.0,23882.95,25634.5,-10.414422534548464,-7.5304959097180095,-8.972459222133237,0.30671748069594035,0.19660290236340155,2023-02-23,False
MARICO,PAGEIND,PAGEIND,MARICO,2023-02-06,2023-02-07,2023-02-17,2023-02-20,reverted,39591.0,38878.15,506.45,493.45,-2.120014645823289,2.379171193602526,0.1295782738896185,0.3194791705890228,0.18771596208905122,2023-02-23,False
MARICO,PAGEIND,PAGEIND,MARICO,2023-02-22,2023-02-23,2023-02-28,2023-03-01,window_end,38149.0,38000.0,500.75,493.3,-0.7122189930902473,1.2990837683474765,0.2934323876286146,0.32164519036934125,0.18868457913130304,2023-03-29,True
LUPIN,SBILIFE,SBILIFE,LUPIN,2023-01-31,2023-02-01,2023-02-10,2023-02-13,reverted,1219.55,1180.2,746.7,719.0,-3.543888388626947,3.522965605999741,-0.010461391313602908,0.31728841322619,0.18669021293692242,2023-02-23,False
BATAINDIA,VEDL,VEDL,BATAINDIA,2023-02-28,2023-03-01,2023-02-28,,no_fill,,,1417.95,,,,,,,2023-03-29,False
HINDALCO,MPHASIS,HINDALCO,MPHASIS,2023-02-06,2023-02-07,2023-02-27,2023-02-23,rollover,440.0,430.4,2101.5,2183.05,-2.500711616000003,-4.074064695693562,-3.2873881558467826,0.31889343418181815,0.19350319200571023,2023-02-23,False
CGPOWER,IDEA,CGPOWER,IDEA,2023-02-06,2023-02-07,2023-02-10,2023-02-13,reverted,308.95,328.8,8.55,7.9,6.092872428710166,7.419143040935677,6.756007734822921,0.3321154334034634,0.18319614035087717,2023-02-23,False
BAJFINANCE,TCS,BAJFINANCE,TCS,2023-02-02,2023-02-03,2023-02-03,2023-02-06,reverted,5770.0,6000.0,3499.95,3480.75,3.6577663774696814,0.35905167016670914,2.0084090238181953,0.32836880450606587,0.18952759525136073,2023-02-23,False
HINDALCO,MARICO,HINDALCO,MARICO,2023-02-06,2023-02-07,2023-02-28,2023-02-23,rollover,440.0,430.4,506.45,501.0,-2.500711616000003,0.8870640003949066,-0.8068238078025481,0.31889343418181815,0.1890540764142561,2023-02-23,False
CUMMINSIND,HINDALCO,HINDALCO,CUMMINSIND,2023-02-06,2023-02-07,2023-02-28,2023-02-23,rollover,440.0,430.4,1447.75,1596.65,-2.500711616000003,-10.484176632015194,-6.492444124007598,0.31889343418181815,0.1992517485753756,2023-02-23,False
ACC,BHEL,ACC,BHEL,2023-01-31,2023-02-01,2023-02-15,2023-02-16,reverted,1999.5,1865.0,79.15,71.85,-7.038593167141781,9.041252874289336,1.0013298535737776,0.31191149672418106,0.18174144030322173,2023-02-23,False
NYKAA,ULTRACEMCO,ULTRACEMCO,NYKAA,2023-02-10,2023-02-13,2023-02-16,,no_fill,,,,,,,,,,,False
KTKBANK,MRF,KTKBANK,MRF,2023-02-01,2023-02-02,2023-02-03,2023-02-06,reverted,140.65,153.95,91524.75,92607.0,9.119324792321352,-1.3539005766746173,3.8827121078233677,0.3367719015997156,0.17143353907003298,2023-02-23,False
ADANIGREEN,TRENT,ADANIGREEN,TRENT,2023-01-31,2023-02-01,2023-02-28,2023-02-23,rollover,1278.9,512.1,1212.9,1328.2,-60.18791271921183,-9.704695016901626,-34.94630386805673,0.23013650527797325,0.1985527133316844,2023-02-23,False
BIOCON,INDIACEM,INDIACEM,BIOCON,2023-02-06,2023-02-07,2023-02-10,2023-02-13,reverted,189.35,199.9,243.4,243.4,5.240888053604446,-0.19002000000000002,2.5254340268022233,0.3308045790863481,0.19002000000000002,2023-02-23,False
BIOCON,INDIACEM,BIOCON,INDIACEM,2023-02-20,2023-02-21,2023-02-24,2023-02-27,reverted,228.0,226.3,200.4,189.85,-1.0667138034210493,5.079176447105792,2.006231321842371,0.3210997683333333,0.18529461077844311,2023-03-29,True
HDFCBANK,IRB,IRB,HDFCBANK,2023-02-22,2023-02-23,2023-02-28,2023-03-01,window_end,31.85,29.3,1625.0,1618.55,-8.316225180219778,0.20725935507692975,-4.054482912571424,0.3099457453689168,0.18966372184615385,2023-03-29,True
MGL,PAYTM,MGL,PAYTM,2023-02-08,2023-02-09,2023-02-16,,no_fill,,,,,,,,,,,False
BHEL,KTKBANK,BHEL,KTKBANK,2023-02-03,2023-02-06,2023-02-09,,no_fill,,,,,,,,,,,False
BSOFT,MRF,BSOFT,MRF,2023-02-02,2023-02-03,2023-02-09,2023-02-10,reverted,258.55,286.2,93479.95,88539.95,10.355582435312304,5.117716245686908,7.736649340499605,0.3386739947785728,0.16683942641175997,2023-02-23,False
GRASIM,INDUSINDBK,GRASIM,INDUSINDBK,2023-03-08,2023-03-09,2023-03-31,2023-03-29,rollover,1601.1,1619.2,1176.7,1057.1,0.8064909382424681,9.983121239058397,5.394806088650433,0.3239818617075761,0.18089677742840143,2023-03-29,False
NHPC,SHREECEM,SHREECEM,NHPC,2023-03-17,2023-03-20,2023-03-22,,no_fill,,,,,,,,,,,False
GODREJPROP,MFSL,MFSL,GODREJPROP,2023-03-03,2023-03-06,2023-03-22,2023-03-23,reverted,692.85,647.85,1175.0,1084.5,-6.807179865512017,7.519021089361699,0.3559206119248408,0.3122675468283178,0.18310657021276594,2023-03-29,False
IRCTC,MFSL,MFSL,IRCTC,2023-03-13,2023-03-14,2023-03-27,2023-03-28,reverted,647.3,622.5,605.95,583.05,-4.1476587014985205,3.592561902797279,-0.2775483993506207,0.31635945848910857,0.18662779932337653,2023-03-29,False
NAVINFLUOR,TATACHEM,TATACHEM,NAVINFLUOR,2023-03-20,2023-03-21,2023-03-31,2023-04-03,window_end,951.0,979.95,4236.6,4278.3,2.717242313911684,-1.1751833366378743,0.7710294886369048,0.32692172394321767,0.1909034895907095,2023-04-27,True
INFY,VBL,INFY,VBL,2023-03-03,2023-03-06,2023-03-31,,no_fill,,,,,,,,,,,False
DALBHARAT,PVR,PVR,DALBHARAT,2023-03-27,2023-03-28,2023-03-31,2023-04-03,window_end,1507.0,1542.05,1883.5,1991.65,1.9999946990510924,-5.937143729227513,-1.9685745150882101,0.32581817420703385,0.19517399203610303,2023-04-27,True
ACC,INDUSINDBK,INDUSINDBK,ACC,2023-03-16,2023-03-17,2023-03-27,2023-03-28,reverted,1038.0,1017.7,1783.95,1696.7,-2.274924835086702,4.705202153087253,1.2151386590002755,0.31924082737957615,0.1856299890692004,2023-03-29,False
ACC,INDUSINDBK,ACC,INDUSINDBK,2023-03-28,2023-03-29,2023-03-31,2023-04-03,window_end,1592.35,1675.0,1042.3,1077.0,4.860222908211147,-3.5221841293293634,0.669019389440892,0.33021889164442486,0.19300826825290224,2023-04-27,True
RELIANCE,RENUKA,RENUKA,RELIANCE,2023-03-28,2023-03-29,2023-03-31,2023-04-03,window_end,39.95,44.8,2261.9,2351.3,11.799279966207754,-4.145997074141212,3.826641446033271,0.34089525281602,0.19356770060568548,2023-04-27,True
KTKBANK,SBILIFE,SBILIFE,KTKBANK,2023-03-09,2023-03-10,2023-03-14,,no_fill,,,,,,,,,,,False
KTKBANK,SBILIFE,KTKBANK,SBILIFE,2023-03-28,2023-03-29,2023-03-31,2023-04-03,window_end,126.65,132.85,1105.2,1110.6,4.565615359652575,-0.6790579153094243,1.9432787221715753,0.3297656115278326,0.19045856677524428,2023-04-27,True
NESTLEIND,UBL,UBL,NESTLEIND,2023-03-31,2023-04-03,2023-03-31,,no_fill,,,19650.1,,,,,,,2023-04-27,False
CHOLAFIN,MFSL,MFSL,CHOLAFIN,2023-03-09,2023-03-10,2023-03-27,2023-03-28,reverted,669.0,622.5,759.45,718.95,-7.262240041704034,5.147573363618409,-1.0573333390428128,0.3115673959641256,0.18523327276318388,2023-03-29,False
DIXON,NAUKRI,NAUKRI,DIXON,2023-02-28,2023-03-01,2023-03-09,2023-03-10,reverted,3503.0,3461.0,2908.65,2829.0,-1.5193756170139867,2.550821759579185,0.5157230712825991,0.32040330756494434,0.18756202671342373,2023-03-29,False
DIXON,NAUKRI,DIXON,NAUKRI,2023-03-27,2023-03-28,2023-03-31,2023-04-03,window_end,2804.65,2879.95,3585.0,3750.85,2.358457282741162,-4.820392858019525,-1.2309677876391814,0.3263697010179524,0.19417249539748954,2023-04-27,True
HDFCBANK,REDINGTON,REDINGTON,HDFCBANK,2023-03-14,2023-03-15,2023-03-15,2023-03-16,reverted,162.05,162.5,1583.2,1550.85,-0.04497972742981826,1.8551440576048548,0.9050821650875183,0.32267179777846344,0.18818590702374935,2023-03-29,False
IEX,MFSL,MFSL,IEX,2023-03-20,2023-03-21,2023-03-31,2023-04-03,window_end,617.2,634.95,151.05,129.65,2.5492279024789415,13.990190950016556,8.269709426247749,0.32666321871354503,0.1773032571996028,2023-04-27,True
IOB,RECLTD,IOB,RECLTD,2023-03-08,2023-03-09,2023-03-29,2023-03-29,rollover,25.25,21.1,125.4,115.75,-16.732639901386133,7.512262169059018,-4.610188866163558,0.296996337029703,0.18311263157894736,2023-03-29,False
ASTRAL,INDUSINDBK,ASTRAL,INDUSINDBK,2023-03-14,2023-03-15,2023-03-31,2023-03-29,rollover,1399.0,1301.3,1080.05,1057.1,-7.295076559528237,1.9367889366233122,-2.6791438114524624,0.311516874038599,0.18811268830146755,2023-03-29,False
DIXON,UBL,UBL,DIXON,2023-02-28,2023-03-01,2023-03-14,2023-03-15,reverted,1448.55,1451.6,2908.65,2865.2,-0.11201327768458857,1.3051410100906045,0.5965638662030079,0.3225686606537572,0.1886791470269713,2023-03-29,False
BOSCHLTD,SOUTHBANK,SOUTHBANK,BOSCHLTD,2023-03-29,2023-03-31,2023-03-31,2023-04-03,window_end,14.6,14.75,18910.0,19270.15,0.7035737458904039,-2.09627738043364,-0.696351817271618,0.32382351438356166,0.19172952215758857,2023-04-27,False
LT,TRENT,LT,TRENT,2023-03-31,2023-04-03,2023-03-31,,no_fill,,,1392.05,,,,,,,2023-04-27,False
HFCL,IDFC,HFCL,IDFC,2023-03-17,2023-03-20,2023-03-31,2023-04-03,window_end,62.0,61.1,78.45,78.75,-1.7716280977419365,-0.5727724282982758,-1.1722002630201063,0.32001519451612903,0.19036325047801148,2023-04-27,True
POWERGRID,SUNPHARMA,SUNPHARMA,POWERGRID,2023-02-28,2023-03-01,2023-03-21,2023-03-22,reverted,951.0,957.0,223.3,222.65,0.30770039873816635,0.10132950291088139,0.20451495082452387,0.32321442776025244,0.18975871921182264,2023-03-29,False
HCC,JSWSTEEL,JSWSTEEL,HCC,2023-03-08,2023-03-09,2023-03-13,,no_fill,,,,,,,,,,,False
HCC,JSWSTEEL,HCC,JSWSTEEL,2023-03-28,2023-03-29,2023-03-31,2023-04-03,window_end,12.8,13.8,665.65,693.3,7.478253034375,-4.347583079696525,1.5653349773392375,0.33424696562500006,0.19374848193495084,2023-04-27,True
BPCL,TORNTPHARM,TORNTPHARM,BPCL,2023-03-16,2023-03-17,2023-03-27,2023-03-28,reverted,1558.4,1541.05,352.5,341.0,-1.4338562420238832,3.075319687943267,0.820731722959692,0.320534886787731,0.18709165957446808,2023-03-29,False
J&KBANK,TORNTPHARM,J&KBANK,TORNTPHARM,2023-03-13,2023-03-14,2023-03-21,2023-03-22,reverted,47.4,49.2,1506.25,1520.6,3.4693893848101247,-1.143572236348547,1.162908574230789,0.32807896962025324,0.1908751409128631,2023-03-29,False
ANGELONE,INFY,INFY,ANGELONE,2023-03-08,2023-03-09,2023-03-31,,no_fill,,,,,,,,,,,False
JINDALSTEL,MFSL,MFSL,JINDALSTEL,2023-03-03,2023-03-06,2023-03-22,2023-03-23,reverted,692.85,647.85,593.45,554.7,-6.807179865512017,6.3454559457410085,-0.2308619598855044,0.3122675468283178,0.18415901760889714,2023-03-29,False
METROPOLIS,TVSMOTOR,METROPOLIS,TVSMOTOR,2023-03-08,2023-03-09,2023-03-16,2023-03-17,reverted,1296.0,1263.0,1109.65,1055.2,-2.8646298097222167,4.7213371234172925,0.9283536568475379,0.3183335134259259,0.1856155193078899,2023-03-29,False
METROPOLIS,TVSMOTOR,METROPOLIS,TVSMOTOR,2023-03-29,2023-03-31,2023-03-31,2023-04-03,window_end,1207.55,1262.0,1085.0,1090.1,4.179957813895916,-0.6604879963133489,1.7597349087912835,0.3291722428305246,0.19044191336405528,2023-04-27,False
ABFRL,DALBHARAT,ABFRL,DALBHARAT,2023-03-27,2023-03-28,2023-03-31,2023-04-03,window_end,209.05,215.5,1883.5,1991.65,2.7584012206170625,-5.937143729227513,-1.5893712543052252,0.3269850506099019,0.19517399203610303,2023-04-27,True
APOLLOHOSP,ICICIPRULI,APOLLOHOSP,ICICIPRULI,2023-03-16,2023-03-17,2023-03-31,2023-03-29,rollover,4340.0,4333.6,412.55,426.5,-0.46948409754837667,-3.5744634662465056,-2.021973781897441,0.32201865976036864,0.1930551521027754,2023-03-29,False
RECLTD,RENUKA,RENUKA,RECLTD,2023-03-27,2023-03-28,2023-03-31,2023-04-03,reverted,41.35,44.8,115.9,116.75,8.008347352116063,-0.9240691458153618,3.5421391031503506,0.3350625632406287,0.19067829163071615,2023-04-27,True
KOTAKBANK,RAYMOND,RAYMOND,KOTAKBANK,2023-03-27,2023-03-28,2023-03-31,2023-04-03,window_end,1170.0,1222.0,1700.5,1745.05,4.11537157333334,-2.8121892490444016,0.651591162144469,0.32907287111111105,0.192371548368127,2023-04-27,True
DIXON,SAIL,SAIL,DIXON,2023-02-28,2023-03-01,2023-03-09,2023-03-10,reverted,83.0,86.8,2908.65,2829.0,4.249034729156612,2.550821759579185,3.3999282443678984,0.3292785238554218,0.18756202671342373,2023-03-29,False
DLF,ICICIPRULI,ICICIPRULI,DLF,2023-03-17,2023-03-20,2023-03-21,2023-03-22,reverted,405.9,416.5,376.55,372.15,2.2852236357723656,0.9795323675474753,1.6323780016599205,0.32625702448879035,0.188971151241535,2023-04-27,True
DLF,ICICIPRULI,DLF,ICICIPRULI,2023-03-24,2023-03-27,2023-03-31,2023-04-03,window_end,355.2,358.0,421.3,438.9,0.4648320993243329,-4.371315456919059,-1.953241678797363,0.323456188963964,0.19376976501305485,2023-04-27,True
ICICIPRULI,TATACOMM,TATACOMM,ICICIPRULI,2023-03-16,2023-03-17,2023-03-31,2023-03-29,rollover,1183.4,1210.0,412.55,426.5,1.9220624211255555,-3.5744634662465056,-0.826200522560475,0.3256982684130471,0.1930551521027754,2023-03-29,False
OBEROIRLTY,POLICYBZR,OBEROIRLTY,POLICYBZR,2023-03-27,2023-03-28,2023-03-31,,no_fill,,,,,,,,,,,False
DIVISLAB,MAXHEALTH,DIVISLAB,MAXHEALTH,2023-03-09,2023-03-10,2023-03-27,,no_fill,,,,,,,,,,,False
APOLLOHOSP,AUROPHARMA,APOLLOHOSP,AUROPHARMA,2023-03-16,2023-03-17,2023-03-31,2023-03-29,rollover,4340.0,4333.6,481.0,509.65,-0.46948409754837667,-6.151707367983356,-3.3105957327658664,0.32201865976036864,0.19536641164241167,2023-03-29,False
ACC,SBIN,ACC,SBIN,2023-03-28,2023-03-29,2023-03-31,2023-04-03,window_end,1592.35,1675.0,513.05,526.3,4.860222908211147,-2.7749324256895074,1.04264524126082,0.33021889164442486,0.19233813663385635,2023-04-27,True
ABB,DMART,DMART,ABB,2023-03-08,2023-03-09,2023-03-31,2023-03-29,rollover,3393.0,3320.0,3386.5,3391.45,-2.470428386030064,-0.33631981160489755,-1.4033740988174808,0.31894002764515184,0.1901512009449284,2023-03-29,False
POLICYBZR,SOUTHBANK,SOUTHBANK,POLICYBZR,2023-03-29,2023-03-31,2023-03-31,,no_fill,,,,,,,,,,,False
DMART,JUBLFOOD,DMART,JUBLFOOD,2023-03-08,2023-03-09,2023-03-14,2023-03-15,reverted,3393.0,3350.0,462.55,441.6,-1.5876133780724992,4.343285528051015,1.377836074989258,0.3202983176539936,0.1859545541022592,2023-03-29,False
BIOCON,LICHSGFIN,BIOCON,LICHSGFIN,2023-03-17,2023-03-20,2023-03-23,2023-03-24,reverted,206.0,207.0,346.85,335.25,0.16244595242718424,3.157367101052333,1.6599065267397586,0.32299094077669904,0.18701807986161165,2023-04-27,True
EXIDEIND,RBLBANK,RBLBANK,EXIDEIND,2023-03-10,2023-03-13,2023-03-31,2023-03-29,rollover,154.9,135.3,184.35,177.05,-12.956131559199479,3.7733933333333196,-4.59136911293308,0.30280683357004523,0.1864656305939789,2023-03-29,False
GLENMARK,NYKAA,NYKAA,GLENMARK,2023-03-28,2023-03-29,2023-03-31,2023-04-03,window_end,127.75,124.55,453.8,469.0,-2.823289487123285,-3.5425196738651366,-3.1829045804942107,0.31839711921722114,0.193026505068312,2023-04-27,True
BEL,UPL,BEL,UPL,2023-03-28,2023-03-29,2023-03-31,2023-04-03,window_end,90.2,98.95,715.4,724.05,9.363517574390235,-1.4002190830304762,3.981649245679879,0.33714761407982263,0.1911053005311714,2023-04-27,True
ADANIPORTS,JSWSTEEL,JSWSTEEL,ADANIPORTS,2023-03-02,2023-03-03,2023-03-22,2023-03-23,reverted,681.5,661.9,659.0,655.95,-3.193835804607487,0.273217887708639,-1.460308958449424,0.31782700049889945,0.18960457056145677,2023-03-29,False
BHEL,IRFC,BHEL,IRFC,2023-04-03,2023-04-05,2023-04-17,,no_fill,,,,,,,,,,,False
DRREDDY,SRF,SRF,DRREDDY,2023-04-03,2023-04-05,2023-04-20,2023-04-21,reverted,2365.0,2472.0,4683.1,4858.95,4.195117329302319,-3.948381832119736,0.12336774859129163,0.32919556710359416,0.19339048023744956,2023-04-27,False
INDIANB,LALPATHLAB,LALPATHLAB,INDIANB,2023-04-18,2023-04-19,2023-04-21,,no_fill,,,,,,,,,,,False
ADANIPORTS,GODREJCP,GODREJCP,ADANIPORTS,2023-04-28,2023-05-02,2023-04-28,,no_fill,,,683.45,,,,,,,2023-05-25,False
CUB,PETRONET,PETRONET,CUB,2023-04-20,2023-04-21,2023-04-28,2023-05-02,window_end,234.0,237.7,133.45,143.3,1.2565223058974304,-7.577686811539929,-3.1605822528212495,0.3246742752991453,0.1966452229299363,2023-05-25,True
GMRINFRA,IGL,IGL,GMRINFRA,2023-04-03,2023-04-05,2023-04-10,2023-04-11,reverted,423.0,469.05,43.75,43.7,10.547555460212763,-0.07563170285714593,5.235961878677808,0.3389693624822695,0.18991741714285715,2023-04-27,False
IDBI,VOLTAS,VOLTAS,IDBI,2023-04-13,2023-04-17,2023-04-28,,no_fill,,,,,,,,,,,False
TCS,ZEEL,ZEEL,TCS,2023-04-21,2023-04-24,2023-04-28,2023-05-02,window_end,195.95,198.0,3168.15,3229.2,0.7223328743557129,-2.118741761280229,-0.6982044434622581,0.3238523769839245,0.191749668102836,2023-05-25,True
ABFRL,BANKBARODA,ABFRL,BANKBARODA,2023-04-05,2023-04-06,2023-04-10,2023-04-11,reverted,206.5,223.0,167.95,173.0,7.655794640677961,-3.199566222089915,2.2281142092940227,0.3345201292978208,0.1927189461149152,2023-04-27,False
ABFRL,BANKBARODA,ABFRL,BANKBARODA,2023-04-25,2023-04-26,2023-04-28,2023-05-02,window_end,220.7,223.4,184.75,189.65,0.899255565654732,-2.844633391069008,-0.9726889127071379,0.3241245884005438,0.1924006441136671,2023-05-25,True
HDFCLIFE,POONAWALLA,HDFCLIFE,POONAWALLA,2023-04-21,2023-04-24,2023-04-24,,no_fill,,,,,,,,,,,False
HDFCLIFE,POONAWALLA,HDFCLIFE,POONAWALLA,2023-04-27,2023-04-28,2023-04-28,,no_fill,,,,,,,,,,,False
DIXON,LTTS,LTTS,DIXON,2023-04-20,2023-04-21,2023-04-24,2023-04-25,reverted,3369.95,3455.0,2963.0,2912.1,2.1976540263594573,1.5293754721565982,1.8635147492580277,0.3261222907965994,0.18847805467431655,2023-05-25,True
DIXON,LTTS,DIXON,LTTS,2023-04-27,2023-04-28,2023-04-28,2023-05-02,window_end,2885.0,2929.0,3674.15,3767.0,1.2005418383362267,-2.719403453587908,-0.7594308076258406,0.3245881443327556,0.19228833852727842,2023-05-25,False
BANKBARODA,HDFC,BANKBARODA,HDFC,2023-04-06,2023-04-10,2023-04-28,2023-04-27,rollover,167.5,183.55,2739.9,2772.9,9.245124097134326,-1.3955246096572955,3.9247997437385154,0.3369654551044776,0.19110109055075003,2023-04-27,False
HINDUNILVR,SBILIFE,HINDUNILVR,SBILIFE,2023-04-27,2023-04-28,2023-04-28,2023-05-02,window_end,2436.05,2471.8,1150.85,1151.85,1.1430399920321872,-0.2769902915236611,0.43302485025426307,0.32449967258882206,0.1900979945257853,2023-05-25,False
DLF,GMRINFRA,DLF,GMRINFRA,2023-04-03,2023-04-05,2023-04-21,2023-04-24,reverted,362.0,406.6,43.75,44.6,11.979269805635365,-2.1346210514285637,4.922324377103401,0.34117218331491717,0.19176390857142858,2023-04-27,False
COALINDIA,NATIONALUM,NATIONALUM,COALINDIA,2023-04-05,2023-04-06,2023-04-19,2023-04-20,reverted,78.8,84.0,221.8,229.05,6.266602039593917,-3.4616645446348158,1.4024687474795507,0.3323827319796955,0.19295399458972046,2023-04-27,False
BHEL,CROMPTON,BHEL,CROMPTON,2023-04-05,2023-04-06,2023-04-11,2023-04-12,reverted,68.1,74.0,297.45,293.15,8.328175162114539,1.2568987023029148,4.792536932208726,0.33555464698972104,0.18872241048915783,2023-04-27,False
BHEL,CROMPTON,CROMPTON,BHEL,2023-04-25,2023-04-26,2023-04-28,2023-05-02,window_end,260.8,257.1,77.65,78.8,-1.7387773947085892,-1.6723538570508505,-1.7055656258797198,0.3200657382668712,0.19134934964584674,2023-05-25,True
INDIANB,MFSL,MFSL,INDIANB,2023-04-18,2023-04-19,2023-04-28,,no_fill,,,,,,,,,,,False
IDBI,INDIGO,INDIGO,IDBI,2023-04-13,2023-04-17,2023-04-28,,no_fill,,,,,,,,,,,False
HINDPETRO,LAURUSLABS,HINDPETRO,LAURUSLABS,2023-04-12,2023-04-13,2023-04-19,2023-04-20,reverted,227.1,239.85,325.9,311.7,5.283396860105682,4.171055765572254,4.727226312838969,0.3308699826948481,0.1861090088984351,2023-04-27,False
ABCAPITAL,IDEA,IDEA,ABCAPITAL,2023-03-31,2023-04-03,2023-04-24,2023-04-25,reverted,5.85,6.35,155.5,160.55,8.211633210256402,-3.4405234598070837,2.385554875224659,0.33537533675213677,0.19293503536977494,2023-04-27,False
ABCAPITAL,IDEA,ABCAPITAL,IDEA,2023-04-27,2023-04-28,2023-04-28,2023-05-02,window_end,162.0,167.95,6.95,7.0,3.344951994629622,-0.9100902158273336,1.217430889401144,0.3278875115432098,0.19066575539568345,2023-05-25,False
RVNL,SRF,SRF,RVNL,2023-04-03,2023-04-05,2023-04-28,,no_fill,,,,,,,,,,,False
AUBANK,RVNL,AUBANK,RVNL,2023-04-03,2023-04-05,2023-04-20,,no_fill,,,,,,,,,,,False
AUBANK,RVNL,AUBANK,RVNL,2023-04-25,2023-04-26,2023-04-28,,no_fill,,,,,,,,,,,False
GAIL,INDUSTOWER,INDUSTOWER,GAIL,2023-04-12,2023-04-13,2023-04-26,2023-04-27,reverted,139.9,145.25,109.9,109.65,3.4960401401715377,0.03766371246588279,1.7668519263187104,0.3281199741958542,0.18981581437670608,2023-04-27,False
GAIL,INDUSTOWER,GAIL,INDUSTOWER,2023-04-28,2023-05-02,2023-04-28,,no_fill,,,156.75,,,,,,,2023-05-25,False
IOB,YESBANK,YESBANK,IOB,2023-04-17,2023-04-18,2023-04-28,,no_fill,,,,,,,,,,,False
BAJFINANCE,HINDUNILVR,HINDUNILVR,BAJFINANCE,2023-04-25,2023-04-26,2023-04-28,2023-05-02,window_end,2490.0,2471.8,6124.95,6334.95,-1.0520460307951707,-3.621696927974913,-2.336871479385042,0.32112233601606427,0.19309751083682317,2023-05-25,True
ADANIPOWER,INDIANB,ADANIPOWER,INDIANB,2023-04-18,2023-04-19,2023-04-21,,no_fill,,,,,,,,,,,False
DMART,SIEMENS,SIEMENS,DMART,2023-04-05,2023-04-06,2023-04-10,,no_fill,,,,,,,,,,,False
DLF,EXIDEIND,EXIDEIND,DLF,2023-04-10,2023-04-11,2023-04-21,2023-04-24,reverted,181.5,187.8,407.9,406.65,3.1434968254545517,0.11670272615836835,1.63009977580646,0.3275775547107438,0.1897449325815151,2023-04-27,False
BEL,IDFCFIRSTB,IDFCFIRSTB,BEL,2023-03-31,2023-04-03,2023-04-24,2023-04-25,reverted,55.2,58.45,99.2,101.85,5.556391150543477,-2.8637887903225714,1.3463011801104527,0.3312900088768116,0.19241782258064516,2023-04-27,False
BEL,BRITANNIA,BRITANNIA,BEL,2023-03-31,2023-04-03,2023-04-25,2023-04-26,reverted,4344.0,4400.0,99.2,100.95,0.9649088364640961,-1.9557163709677363,-0.4954037672518201,0.3242256018416207,0.19160346774193548,2023-04-27,False
AUBANK,TATACOMM,TATACOMM,AUBANK,2023-04-13,2023-04-17,2023-04-26,2023-04-27,reverted,1266.05,1242.0,665.3,646.5,-2.218935991414234,2.6383093070795045,0.2096866578326353,0.3193269712333636,0.18748356831504584,2023-04-27,False
ASIANPAINT,IGL,ASIANPAINT,IGL,2023-04-06,2023-04-10,2023-04-26,2023-04-27,reverted,2810.0,2915.5,468.9,487.1,3.426435517330953,-4.074928577521864,-0.32424653009545557,0.3280128812455516,0.1935039667306462,2023-04-27,False
MUTHOOTFIN,POLICYBZR,MUTHOOTFIN,POLICYBZR,2023-03-31,2023-04-03,2023-04-05,,no_fill,,,,,,,,,,,False
M&MFIN,ONGC,ONGC,M&MFIN,2023-04-06,2023-04-10,2023-04-24,2023-04-25,reverted,150.7,160.2,251.9,255.0,5.971985624817524,-1.421771710996423,2.2751069569105504,0.3319294382216324,0.1911246288209607,2023-04-27,False
ADANIPOWER,KALYANKJIL,KALYANKJIL,ADANIPOWER,2023-04-28,2023-05-02,2023-04-28,,no_fill,,,,,,,,,,,False
BANKBARODA,CONCOR,CONCOR,BANKBARODA,2023-04-25,2023-04-26,2023-04-28,2023-05-02,window_end,601.95,614.9,184.75,189.65,1.8257913268377621,-2.844633391069008,-0.5094210321156228,0.3255501467065371,0.1924006441136671,2023-05-25,True
ABCAPITAL,BSOFT,BSOFT,ABCAPITAL,2023-04-17,2023-04-18,2023-04-24,2023-04-25,reverted,258.85,265.2,168.05,161.7,2.127144394321017,3.5920090151740647,2.859576704747541,0.32601380540853775,0.18662829515025287,2023-05-25,True
CROMPTON,TATAMOTORS,CROMPTON,TATAMOTORS,2023-04-10,2023-04-11,2023-04-28,2023-04-27,rollover,299.05,253.9,465.4,481.6,-15.396861282962718,-3.674021100128937,-9.535441191545827,0.2990515521484702,0.19314443489471428,2023-04-27,False
SIEMENS,TCS,TCS,SIEMENS,2023-04-26,2023-04-27,2023-04-28,2023-05-02,window_end,3185.0,3235.0,3470.55,3429.5,1.2452018549450652,0.9938513310570447,1.119526593001055,0.3246568577708006,0.18895831006612784,2023-05-25,True
BEL,INDIANB,INDIANB,BEL,2023-05-10,2023-05-11,2023-05-31,2023-05-25,rollover,287.6,285.4,108.55,109.6,-1.0860213831710883,-1.1581844219253732,-1.1221029025482308,0.321070061891516,0.1908882450483648,2023-05-25,False
ICICIGI,SUNPHARMA,SUNPHARMA,ICICIGI,2023-05-03,2023-05-04,2023-05-24,2023-05-25,reverted,967.65,949.7,1091.2,1071.15,-2.1744050453262944,1.6490559604105515,-0.2626745424578715,0.31939548608484475,0.18837072580645162,2023-05-25,False
ICICIGI,SUNPHARMA,SUNPHARMA,ICICIGI,2023-05-29,2023-05-30,2023-05-31,2023-06-01,window_end,965.0,979.8,1194.55,1183.1,1.209077479295328,0.7693603122514767,0.9892188957734024,0.3246012771813472,0.18915963249759327,2023-06-29,False
ABCAPITAL,UNIONBANK,UNIONBANK,ABCAPITAL,2023-05-10,2023-05-11,2023-05-29,2023-05-25,rollover,71.2,68.7,171.45,164.9,-3.8280871030898878,3.6337649402158,-0.09716108143704383,0.31685114803370784,0.18659084864391953,2023-05-25,False
DLF,POWERGRID,POWERGRID,DLF,2023-05-15,2023-05-16,2023-05-31,2023-06-01,window_end,243.55,232.95,475.4,476.95,-4.667848158078427,-0.5163538830458693,-2.592101020562148,0.3155591003900637,0.19031265460664706,2023-06-29,True
ABFRL,DIVISLAB,ABFRL,DIVISLAB,2023-05-08,2023-05-09,2023-05-30,2023-05-25,rollover,208.5,197.9,3279.9,3435.55,-5.398367983884887,-4.9398511363151405,-5.169109560100013,0.31443513016786573,0.19427962498856674,2023-05-25,False
GODREJPROP,NTPC,NTPC,GODREJPROP,2023-05-15,2023-05-16,2023-05-19,2023-05-22,reverted,176.9,173.3,1410.7,1326.65,-2.354166956020345,5.77336295030835,1.7095979971440025,0.31911890627473144,0.18467206776777487,2023-06-29,True
HINDALCO,IEX,HINDALCO,IEX,2023-05-11,2023-05-12,2023-05-26,2023-05-25,rollover,419.0,404.5,162.9,155.5,-3.777549429832935,4.356721706568447,0.2895861383677558,0.3169289047732697,0.18594250460405154,2023-05-25,False
BDL,INDUSINDBK,INDUSINDBK,BDL,2023-05-05,2023-05-08,2023-05-08,,no_fill,,,,,,,,,,,False
BDL,INDUSINDBK,BDL,INDUSINDBK,2023-05-25,2023-05-26,2023-05-31,2023-06-01,reverted,999.0,1100.0,1257.0,1281.55,9.7723334960961,-2.144835917263312,3.8137487894163944,0.3377766140140141,0.19177306921241052,2023-06-29,False
CIPLA,REDINGTON,CIPLA,REDINGTON,2023-05-15,2023-05-16,2023-05-18,,no_fill,,,,,,,,,,,False
BEL,BSOFT,BEL,BSOFT,2023-05-09,2023-05-10,2023-05-31,2023-05-25,rollover,107.9,108.0,310.45,335.4,-0.2297091690454181,-8.23395464970204,-4.231831909373729,0.3223875749768304,0.19723376066999518,2023-05-25,False
BHEL,JINDALSTEL,JINDALSTEL,BHEL,2023-05-02,2023-05-03,2023-05-09,2023-05-10,reverted,594.0,590.0,81.7,79.6,-0.9946113777777748,2.3826666095471287,0.694027615884677,0.32121070437710436,0.18771282741738063,2023-05-25,False
BHEL,JINDALSTEL,JINDALSTEL,BHEL,2023-05-17,2023-05-18,2023-05-31,2023-06-01,window_end,532.5,520.0,83.6,82.35,-2.666056876056339,1.3065374162679406,-0.6797597298941991,0.3186390356807512,0.18867789473684213,2023-06-29,True
CROMPTON,PIDILITIND,CROMPTON,PIDILITIND,2023-04-28,2023-05-02,2023-05-22,2023-05-23,reverted,257.1,260.7,2430.2,2532.9,1.0758370973162132,-4.419802878775428,-1.6719828907296075,0.3243962749124854,0.19381324829232163,2023-05-25,False
ASHOKLEY,INDUSTOWER,ASHOKLEY,INDUSTOWER,2023-05-02,2023-05-03,2023-05-08,2023-05-09,reverted,143.7,147.35,155.25,151.9,2.2138666824634603,1.969726834138487,2.0917967583009736,0.326147235421016,0.1880831497584541,2023-05-25,False
ASHOKLEY,INDUSTOWER,INDUSTOWER,ASHOKLEY,2023-05-19,2023-05-22,2023-05-25,2023-05-26,reverted,145.05,147.95,155.5,146.85,1.6739939896587337,5.377674045016081,3.5258340173374076,0.32531659289900033,0.18502691961414788,2023-06-29,True
HEROMOTOCO,LT,HEROMOTOCO,LT,2023-05-02,2023-05-03,2023-05-08,2023-05-09,reverted,2490.0,2587.45,2395.0,2383.6,3.5853971604939634,0.28639889937369806,1.9358980299338306,0.3282574579799197,0.18959274989561586,2023-05-25,False
HEROMOTOCO,LT,LT,HEROMOTOCO,2023-05-11,2023-05-12,2023-05-31,2023-05-25,rollover,2222.65,2190.0,2590.3,2732.75,-1.7889557581670616,-5.694319236381886,-3.741637497274474,0.3199885343576362,0.19495622823611164,2023-05-25,False
DRREDDY,UNIONBANK,DRREDDY,UNIONBANK,2023-05-12,2023-05-15,2023-05-23,,no_fill,,,,,,,,,,,False
ASTRAL,HFCL,HFCL,ASTRAL,2023-05-16,2023-05-17,2023-05-31,2023-06-01,window_end,67.2,64.8,1708.0,1833.35,-3.8881872500000094,-7.535600454332555,-5.711893852166282,0.3167586785714286,0.19660748009367685,2023-06-29,True
BOSCHLTD,POWERGRID,BOSCHLTD,POWERGRID,2023-05-10,2023-05-11,2023-05-17,2023-05-18,reverted,19200.0,19249.95,248.85,239.1,-0.06248860879531376,3.7315197227245376,1.8345155569646119,0.3226448587953125,0.18650318264014465,2023-05-25,False
DRREDDY,RELIANCE,DRREDDY,RELIANCE,2023-05-08,2023-05-09,2023-05-31,2023-05-25,rollover,4918.05,4533.9,2480.05,2439.95,-8.121268365321633,1.4283342170520936,-3.34646707413477,0.31024570390093636,0.18856866797040384,2023-05-25,False
ANGELONE,TATACHEM,ANGELONE,TATACHEM,2023-05-19,2023-05-22,2023-05-25,2023-05-26,reverted,1203.0,1240.0,968.45,941.75,2.748674138154618,2.5694374753472053,2.659055806750912,0.3269700846217789,0.18754533223191697,2023-06-29,True
BOSCHLTD,SUNPHARMA,SUNPHARMA,BOSCHLTD,2023-05-02,2023-05-03,2023-05-22,2023-05-23,reverted,970.5,937.5,19770.0,18874.9,-3.717330675734152,4.341610964896303,0.3121401445810752,0.3170215567233385,0.1859560558421851,2023-05-25,False
BOSCHLTD,SUNPHARMA,BOSCHLTD,SUNPHARMA,2023-05-29,2023-05-30,2023-05-31,2023-06-01,window_end,18300.0,18599.95,972.4,984.95,1.314307854706552,-1.4817996051007931,-0.08374587519712051,0.3247631835448087,0.19117846153846152,2023-06-29,False
GMRINFRA,GODREJCP,GODREJCP,GMRINFRA,2023-04-28,2023-05-02,2023-05-11,2023-05-12,reverted,911.95,982.95,46.0,46.7,7.4513090468337095,-1.7131250434782632,2.869092001677723,0.33420550988541037,0.1913859130434783,2023-05-25,False
GMRINFRA,GODREJCP,GMRINFRA,GODREJCP,2023-05-29,2023-05-30,2023-05-31,2023-06-01,window_end,40.75,40.8,1047.1,1069.95,-0.1997343074846633,-2.3741963117180953,-1.2869653096013793,0.3224336939877301,0.1919787584757903,2023-06-29,False
CHAMBLFERT,JUBLFOOD,CHAMBLFERT,JUBLFOOD,2023-05-25,2023-05-26,2023-05-31,2023-06-01,window_end,284.95,282.0,483.95,482.95,-1.3559241378136424,0.016798390329578305,-0.669562873742032,0.32065479231444116,0.18983452629403863,2023-06-29,False
HDFCAMC,JINDALSTEL,JINDALSTEL,HDFCAMC,2023-05-16,2023-05-17,2023-05-31,2023-06-01,window_end,548.0,520.0,1853.35,1947.6,-5.423884921167888,-5.279970565192761,-5.351927743180324,0.31439587007299274,0.19458464240429496,2023-06-29,True
HDFCAMC,VEDL,HDFCAMC,VEDL,2023-05-23,2023-05-24,2023-05-31,2023-06-01,window_end,1766.5,1960.0,283.45,271.85,10.61479076201528,3.906085895219601,7.2604383286174405,0.33907281001981315,0.18634663256306228,2023-06-29,True
INDIGO,MFSL,MFSL,INDIGO,2023-05-03,2023-05-04,2023-05-24,2023-05-25,reverted,639.6,679.85,2190.9,2263.85,5.9610829587711,-3.52269058834269,1.219196185214205,0.33191266349280796,0.19300872244283168,2023-05-25,False
DEEPAKNTR,PFC,PFC,DEEPAKNTR,2023-05-24,2023-05-25,2023-05-31,2023-06-01,window_end,166.45,182.0,2080.05,2078.3,9.005547942505268,-0.10581188961804058,4.449868026443614,0.3365968457194353,0.18994448258455324,2023-06-29,True
CROMPTON,FEDERALBNK,CROMPTON,FEDERALBNK,2023-04-28,2023-05-02,2023-05-10,2023-05-11,reverted,257.1,258.45,136.0,129.3,0.2020356614935716,4.7408725882352885,2.47145412486443,0.32305185309218204,0.185598,2023-05-25,False
CROMPTON,FEDERALBNK,FEDERALBNK,CROMPTON,2023-05-23,2023-05-24,2023-05-31,2023-06-01,window_end,125.55,125.25,269.05,278.6,-0.5608267469534036,-3.742732165025097,-2.1517794559892502,0.3218781209080048,0.19320605463668467,2023-06-29,True
SAIL,UPL,UPL,SAIL,2023-05-04,2023-05-05,2023-05-24,2023-05-25,reverted,735.1,682.5,85.75,82.2,-7.466741800789008,3.953637702623909,-1.7565520490825497,0.31125275168004357,0.1863039883381924,2023-05-25,False
COCHINSHIP,SONACOMS,COCHINSHIP,SONACOMS,2023-05-11,2023-05-12,2023-05-17,,no_fill,,,,,,,,,,,False
COCHINSHIP,SONACOMS,COCHINSHIP,SONACOMS,2023-05-22,2023-05-23,2023-05-31,,no_fill,,,,,,,,,,,False
CHOLAFIN,UBL,UBL,CHOLAFIN,2023-05-04,2023-05-05,2023-05-26,2023-05-25,rollover,1380.0,1426.9,956.0,1059.45,3.071084582652176,-11.02086275313808,-3.9748890852429515,0.3274661419855073,0.1997330460251046,2023-05-25,False
COFORGE,OBEROIRLTY,OBEROIRLTY,COFORGE,2023-05-18,2023-05-19,2023-05-31,2023-06-01,window_end,894.05,930.75,4240.25,4541.05,3.776364554018235,-7.290308852779903,-1.7569721493808341,0.328551278429618,0.19638750380284184,2023-06-29,True
IRFC,POLYCAB,POLYCAB,IRFC,2023-04-28,2023-05-02,2023-05-12,,no_fill,,,,,,,,,,,False
PNBHOUSING,RBLBANK,PNBHOUSING,RBLBANK,2023-05-30,2023-05-31,2023-05-31,2023-06-01,window_end,484.8,516.0,164.25,163.55,6.1035117613861445,0.23654214307457475,3.1700269522303595,0.332131802970297,0.1896374611872146,2023-06-29,False
CHOLAFIN,CONCOR,CONCOR,CHOLAFIN,2023-05-04,2023-05-05,2023-05-25,2023-05-25,rollover,636.0,660.95,956.0,1059.45,3.5946842278773703,-11.02086275313808,-3.7130892626303544,0.3282717469654088,0.1997330460251046,2023-05-25,False
MANAPPURAM,PIDILITIND,MANAPPURAM,PIDILITIND,2023-05-03,2023-05-04,2023-05-31,2023-05-25,rollover,113.1,110.65,2479.05,2523.3,-2.4851419694960106,-1.9765801258546625,-2.2308610476753366,0.3189173894783378,0.19162217825376657,2023-05-25,False
BALRAMCHIN,MAXHEALTH,BALRAMCHIN,MAXHEALTH,2023-05-12,2023-05-15,2023-05-31,,no_fill,,,,,,,,,,,False
HFCL,IEX,IEX,HFCL,2023-05-15,2023-05-16,2023-05-17,,no_fill,,,,,,,,,,,False
BANKINDIA,PERSISTENT,BANKINDIA,PERSISTENT,2023-05-17,2023-05-18,2023-05-31,2023-06-01,window_end,77.2,73.8,4781.35,5159.85,-4.719624515544046,-8.1132998602905,-6.416462187917273,0.3154794378238342,0.19712555805368778,2023-06-29,True
HDFCAMC,POLYCAB,HDFCAMC,POLYCAB,2023-05-17,2023-05-18,2023-05-26,2023-05-29,reverted,1821.4,1850.05,3432.05,3415.8,1.2483042194081422,0.28388294430442484,0.7660935818562835,0.3246616310365653,0.18959500619163472,2023-06-29,True
ABFRL,BDL,ABFRL,BDL,2023-05-05,2023-05-08,2023-05-25,,no_fill,,,,,,,,,,,False
M&M,SBILIFE,M&M,SBILIFE,2023-05-05,2023-05-08,2023-05-12,2023-05-15,reverted,1216.95,1279.9,1176.0,1184.3,4.842576244866257,-0.8964358231292555,1.9730702108685008,0.33019174067135054,0.19065351020408164,2023-05-25,False
BRITANNIA,DMART,DMART,BRITANNIA,2023-05-15,2023-05-16,2023-05-26,2023-05-29,reverted,3535.4,3540.0,4668.3,4623.25,-0.19233250665837276,0.7758655874729573,0.2917665404072923,0.3224450823216609,0.18915379859906176,2023-06-29,True
HDFCBANK,IRB,HDFCBANK,IRB,2023-05-02,2023-05-03,2023-05-22,,no_fill,,,,,,,,,,,False
CUMMINSIND,NYKAA,NYKAA,CUMMINSIND,2023-05-26,2023-05-29,2023-05-31,2023-06-01,window_end,126.55,125.05,1764.85,1771.95,-1.5057265599367877,-0.5926815837040031,-1.0492040718203954,0.320424307862505,0.19038110490976573,2023-06-29,False
BSOFT,HINDPETRO,HINDPETRO,BSOFT,2023-05-09,2023-05-10,2023-05-31,2023-05-25,rollover,257.35,258.0,310.45,335.4,-0.07005889609483024,-8.23395464970204,-4.152006772898435,0.3226332112298426,0.19723376066999518,2023-05-25,False
DEEPAKNTR,VOLTAS,VOLTAS,DEEPAKNTR,2023-04-28,2023-05-02,2023-05-22,2023-05-23,reverted,795.95,809.7,1897.0,1950.0,1.4025964222752598,-2.986412872957311,-0.7919082253410256,0.3248990234185564,0.19252779124934108,2023-05-25,False
DEEPAKNTR,VOLTAS,VOLTAS,DEEPAKNTR,2023-05-24,2023-05-25,2023-05-31,2023-06-01,window_end,804.0,820.05,2080.05,2078.3,1.6709567369029716,-0.10581188961804058,0.7825724236424655,0.3253119198134328,0.18994448258455324,2023-06-29,True
ASIANPAINT,GODREJCP,GODREJCP,ASIANPAINT,2023-04-28,2023-05-02,2023-05-15,2023-05-16,reverted,911.95,1009.7,2914.5,3141.95,10.380077724337948,-8.00110797804083,1.189484873148559,0.3387116829760404,0.1970249449305198,2023-05-25,False
SRF,TATAMTRDVR,SRF,TATAMTRDVR,2023-05-08,2023-05-09,2023-05-26,,no_fill,,,,,,,,,,,False
ICICIBANK,MANAPPURAM,MANAPPURAM,ICICIBANK,2023-05-03,2023-05-04,2023-05-29,2023-05-25,rollover,113.1,110.65,921.9,939.85,-2.4851419694960106,-2.138833528582291,-2.311987749039151,0.3189173894783378,0.19176768630003255,2023-05-25,False
COFORGE,KOTAKBANK,KOTAKBANK,COFORGE,2023-05-17,2023-05-18,2023-05-31,2023-06-01,window_end,1924.0,1968.0,4235.0,4541.05,1.9611438881496939,-7.4231890786304655,-2.7310225952403857,0.32575839875259877,0.19650667012987016,2023-06-29,True
DABUR,INDUSINDBK,DABUR,INDUSINDBK,2023-05-10,2023-05-11,2023-05-31,2023-05-25,rollover,514.6,526.7,1175.1,1263.4,2.0254834563155857,-7.7110189005191225,-2.8427677221017684,0.3258573909444229,0.1967647944855757,2023-05-25,False
NTPC,ZYDUSLIFE,ZYDUSLIFE,NTPC,2023-05-11,2023-05-12,2023-05-26,2023-05-25,rollover,513.4,503.95,180.15,174.5,-2.160087557674328,2.9490704468498556,0.39449144458776386,0.3194175148227503,0.18720487926727725,2023-05-25,False
CUMMINSIND,GUJGASLTD,GUJGASLTD,CUMMINSIND,2023-06-02,2023-06-05,2023-06-30,2023-06-27,rollover,479.0,467.0,1765.6,1881.45,-2.8236158237995848,-6.757418445854099,-4.790517134826842,0.31839661711899797,0.19590961033076576,2023-06-29,False
NESTLEIND,YESBANK,NESTLEIND,YESBANK,2023-05-31,2023-06-01,2023-06-12,,no_fill,,,,,,,,,,,False
NESTLEIND,YESBANK,YESBANK,NESTLEIND,2023-06-15,2023-06-16,2023-06-30,2023-06-27,rollover,16.15,16.15,23082.7,22609.1,-0.3222452,1.8635746980206018,0.7706647490103009,0.3222452,0.1881783464672677,2023-06-29,False
ICICIGI,NMDC,NMDC,ICICIGI,2023-06-01,2023-06-02,2023-06-14,2023-06-15,reverted,107.0,109.1,1230.65,1210.0,1.6373565994392538,1.489461204241668,1.5634089018404609,0.32526022299065416,0.18851384959167916,2023-06-29,False
ICICIGI,NMDC,NMDC,ICICIGI,2023-06-27,2023-06-28,2023-06-30,2023-07-03,window_end,104.9,106.0,1331.7,1360.0,0.7247616173498415,-2.3170307441616047,-0.7961345634058816,0.32385611382268836,0.1919274926785312,2023-07-27,True
ADANIENT,ADANIPORTS,ADANIENT,ADANIPORTS,2023-06-23,2023-06-26,2023-06-30,2023-07-03,window_end,2210.05,2405.0,708.9,747.75,8.485271043582708,-5.675260761743545,1.4050051409195814,0.33579635308250944,0.19493913669064747,2023-07-27,True
BDL,GODREJPROP,GODREJPROP,BDL,2023-06-06,2023-06-07,2023-06-12,,no_fill,,,,,,,,,,,False
BDL,GODREJPROP,BDL,GODREJPROP,2023-06-14,2023-06-15,2023-06-16,2023-06-19,reverted,1107.8,1187.8,1508.45,1536.1,6.888181043004147,-2.0246726991282373,2.431754171937955,0.33333908698321,0.19166530743478408,2023-06-29,False
BDL,GODREJPROP,BDL,GODREJPROP,2023-06-26,2023-06-27,2023-06-30,2023-07-03,window_end,1097.0,1126.4,1549.95,1581.5,2.3536741213856147,-2.2273966431175074,0.06313873913405366,0.3263623416955333,0.19184710926158907,2023-07-27,True
APOLLOHOSP,IDFC,APOLLOHOSP,IDFC,2023-05-31,2023-06-01,2023-06-05,2023-06-06,reverted,4689.0,4969.0,99.15,100.6,5.640003823672428,-1.6537633383761898,1.9931202426481192,0.3314186544679036,0.1913326777609682,2023-06-29,False
APOLLOHOSP,IDFC,IDFC,APOLLOHOSP,2023-06-23,2023-06-26,2023-06-30,2023-07-03,reverted,98.5,104.0,5069.35,5150.0,5.252933233502544,-1.782381771035727,1.7352757312334086,0.33082311167512696,0.19144802213301507,2023-07-27,True
INDIACEM,UPL,UPL,INDIACEM,2023-06-01,2023-06-02,2023-06-22,2023-06-23,reverted,679.0,674.75,216.7,218.45,-0.9472041159793793,-0.9983129395477719,-0.9727585277635755,0.32128364469808546,0.1907448730964467,2023-06-29,False
APLAPOLLO,NCC,APLAPOLLO,NCC,2023-06-02,2023-06-05,2023-06-07,,no_fill,,,,,,,,,,,False
IDFC,ITC,ITC,IDFC,2023-05-31,2023-06-01,2023-06-21,2023-06-22,reverted,447.0,448.0,99.15,102.6,-0.09887522818791605,-3.672719667170943,-1.8857974476794295,0.3225888747203579,0.1931432677760968,2023-06-29,False
HAVELLS,PFC,HAVELLS,PFC,2023-06-02,2023-06-05,2023-06-30,2023-06-27,rollover,1331.0,1296.9,192.6,207.3,-2.880292885454535,-7.829269595015594,-5.354781240235065,0.3183094143801653,0.1968708411214953,2023-06-29,False
CONCOR,MANAPPURAM,CONCOR,MANAPPURAM,2023-06-13,2023-06-14,2023-06-30,2023-06-27,rollover,655.0,649.8,121.4,126.55,-1.1149187305038195,-4.436002405271829,-2.775460567887824,0.32102560073282443,0.19382777594728173,2023-06-29,False
BEL,BHARATFORG,BHARATFORG,BEL,2023-06-06,2023-06-07,2023-06-08,2023-06-09,reverted,803.0,820.0,118.55,118.2,1.7915635369863099,0.10547908055671834,0.9485213087715141,0.32549748418430885,0.18975499789118516,2023-06-29,False
BEL,BHARATFORG,BHARATFORG,BEL,2023-06-19,2023-06-20,2023-06-28,2023-06-30,reverted,827.0,817.0,126.0,121.65,-1.5295774539298714,3.2654598095238083,0.8679411777969684,0.3203876111245465,0.18692114285714287,2023-07-27,True
M&M,SAIL,SAIL,M&M,2023-06-05,2023-06-06,2023-06-19,2023-06-20,reverted,83.9,85.75,1400.05,1413.9,1.8793733719904686,-1.1801583350594655,0.34960751846550153,0.3256325874851013,0.19090795114460196,2023-06-29,False
M&M,SAIL,SAIL,M&M,2023-06-30,2023-07-03,2023-06-30,,no_fill,,,1456.0,,,,,,,2023-07-27,False
INDIAMART,RAYMOND,INDIAMART,RAYMOND,2023-06-21,2023-06-22,2023-06-30,,no_fill,,,,,,,,,,,False
NCC,ONGC,ONGC,NCC,2023-06-01,2023-06-02,2023-06-15,,no_fill,,,,,,,,,,,False
BANKBARODA,NATIONALUM,NATIONALUM,BANKBARODA,2023-06-19,2023-06-20,2023-06-30,2023-07-03,window_end,84.6,82.3,196.35,192.2,-3.036744821985814,1.9254498446651405,-0.5556474886603369,0.31806869905437357,0.18812285714285715,2023-07-27,True
DALBHARAT,JUBLFOOD,JUBLFOOD,DALBHARAT,2023-06-15,2023-06-16,2023-06-22,2023-06-23,reverted,496.15,496.9,2259.55,2200.35,-0.1713134594981371,2.4323224097718694,1.1305044751368662,0.322477422009473,0.187668296342192,2023-06-29,False
ADANIENT,RVNL,ADANIENT,RVNL,2023-06-23,2023-06-26,2023-06-28,,no_fill,,,,,,,,,,,False
RELIANCE,TCS,TCS,RELIANCE,2023-06-14,2023-06-15,2023-06-23,2023-06-26,reverted,3245.3,3205.0,2552.0,2514.85,-1.5621333487751536,1.267007658307216,-0.1475628452339688,0.32033752096262286,0.18871334482758623,2023-06-29,False
ANGELONE,ZEEL,ZEEL,ANGELONE,2023-06-06,2023-06-07,2023-06-30,,no_fill,,,,,,,,,,,False
GODREJPROP,HDFCBANK,HDFCBANK,GODREJPROP,2023-06-01,2023-06-02,2023-06-22,2023-06-23,reverted,1612.45,1637.55,1410.5,1495.05,1.2320008682439783,-6.189728761432114,-2.478863946594068,0.3246365468696704,0.1954005090393477,2023-06-29,False
BANDHANBNK,GRASIM,BANDHANBNK,GRASIM,2023-06-21,2023-06-22,2023-06-30,2023-07-03,window_end,241.6,246.0,1798.0,1760.0,1.4961490903973436,1.9253364404894366,1.7107427654433902,0.32504296258278154,0.18812295884315905,2023-07-27,True
BALKRISIND,IEX,IEX,BALKRISIND,2023-06-08,2023-06-09,2023-06-30,2023-06-27,rollover,128.0,129.9,2264.3,2364.4,1.1598494645312545,-4.614780401006922,-1.7274654682378339,0.32452553546875,0.1939881031665415,2023-06-29,False
HAL,SOUTHBANK,HAL,SOUTHBANK,2023-06-01,2023-06-02,2023-06-27,,no_fill,,,,,,,,,,,False
CANFINHOME,KOTAKBANK,KOTAKBANK,CANFINHOME,2023-06-01,2023-06-02,2023-06-30,2023-06-27,rollover,1944.95,1827.7,729.95,778.85,-6.341416772611126,-6.895122080964455,-6.618269426787791,0.3129841650890768,0.19603310226727855,2023-06-29,False
CUMMINSIND,INDIAMART,INDIAMART,CUMMINSIND,2023-06-21,2023-06-22,2023-06-30,2023-07-03,window_end,2990.0,2835.95,1858.0,1934.35,-5.46650420952175,-4.302965735199127,-4.884734972360438,0.3143302964782609,0.19370846932185143,2023-07-27,True
EXIDEIND,UBL,UBL,EXIDEIND,2023-06-21,2023-06-22,2023-06-30,2023-07-03,window_end,1488.5,1520.9,231.55,239.75,1.851098856271418,-3.734550477218731,-0.9417258104736564,0.3255890846086664,0.19319871733966745,2023-07-27,True
GMRINFRA,HAL,GMRINFRA,HAL,2023-05-31,2023-06-01,2023-06-23,2023-06-26,reverted,40.8,42.25,3077.8,3643.65,3.226216741911774,-18.591407580739496,-7.682595419413861,0.3277048267156863,0.20652227305218013,2023-06-29,False
RAYMOND,TATACHEM,TATACHEM,RAYMOND,2023-06-09,2023-06-12,2023-06-22,,no_fill,,,,,,,,,,,False
AMBUJACEM,PETRONET,PETRONET,AMBUJACEM,2023-06-06,2023-06-07,2023-06-19,2023-06-20,reverted,224.0,225.15,462.0,455.85,0.19035896968751204,1.1423436883116846,0.6663513289995984,0.32303388745535716,0.18882514285714283,2023-06-29,False
AMBUJACEM,PETRONET,AMBUJACEM,PETRONET,2023-06-30,2023-07-03,2023-06-30,,no_fill,,,223.0,,,,,,,2023-07-27,False
CANBK,PFC,CANBK,PFC,2023-05-31,2023-06-01,2023-06-28,2023-06-27,rollover,309.0,294.65,183.3,207.3,-4.959123891553401,-13.295062225859239,-9.12709305870632,0.3151109465695793,0.20177253682487725,2023-06-29,False
ICICIBANK,PETRONET,ICICIBANK,PETRONET,2023-06-14,2023-06-15,2023-06-22,2023-06-23,reverted,940.7,926.05,232.0,222.7,-1.8772036659402647,3.8221988275862078,0.9724975808229716,0.3198527570426279,0.18642186206896552,2023-06-29,False
HINDPETRO,ICICIGI,HINDPETRO,ICICIGI,2023-06-01,2023-06-02,2023-06-12,2023-06-13,reverted,260.9,275.5,1230.65,1227.0,5.265171856496742,0.10683745256572427,2.686004654531233,0.3308419418934458,0.1897537797099094,2023-06-29,False
HINDPETRO,ICICIGI,HINDPETRO,ICICIGI,2023-06-27,2023-06-28,2023-06-30,2023-07-03,window_end,269.75,276.0,1331.7,1360.0,1.9911555738646807,-2.3170307441616047,-0.16293758514846202,0.32580457442075994,0.1919274926785312,2023-07-27,True
OBEROIRLTY,UBL,UBL,OBEROIRLTY,2023-06-14,2023-06-15,2023-06-22,2023-06-23,reverted,1489.3,1515.0,1015.6,988.65,1.400746741972736,2.4659656557699963,1.9333561988713661,0.3248961775196401,0.18763812524615991,2023-06-29,False
INDHOTEL,RBLBANK,INDHOTEL,RBLBANK,2023-06-05,2023-06-06,2023-06-15,2023-06-16,reverted,391.75,394.7,173.55,168.65,0.42962924372687344,2.6359081129357587,1.5327686783313161,0.32340202621569886,0.1874857216940363,2023-06-29,False
GODREJPROP,MRF,MRF,GODREJPROP,2023-06-02,2023-06-05,2023-06-30,2023-06-27,rollover,96880.0,99900.0,1444.85,1560.35,2.790224450578026,-8.19110473543967,-2.7004401424308218,0.3270340135012387,0.19719533307955842,2023-06-29,False
L&TFH,ZYDUSLIFE,ZYDUSLIFE,L&TFH,2023-06-20,2023-06-21,2023-06-23,2023-06-26,reverted,557.4,559.85,121.75,116.0,0.11662029090419862,4.5370117864476365,2.3268160386759176,0.32292043388948694,0.18578082135523613,2023-07-27,True
BALRAMCHIN,IBULHSGFIN,IBULHSGFIN,BALRAMCHIN,2023-06-07,2023-06-08,2023-06-13,2023-06-14,reverted,112.9,114.6,406.85,404.65,1.1811989238263858,0.3512051984761063,0.7662020611512461,0.3245583835252436,0.18953463192822909,2023-06-29,False
BALRAMCHIN,IBULHSGFIN,BALRAMCHIN,IBULHSGFIN,2023-06-30,2023-07-03,2023-06-30,,no_fill,,,124.25,,,,,,,2023-07-27,False
HDFCAMC,VBL,VBL,HDFCAMC,2023-06-08,2023-06-09,2023-06-30,2023-06-27,rollover,1590.0,806.9,1921.4,2052.35,-49.498155981094335,-7.011480430935775,-28.254818206015056,0.2465836540503145,0.19613745185802017,2023-06-29,False
GODREJCP,PEL,GODREJCP,PEL,2023-06-12,2023-06-13,2023-06-14,2023-06-15,reverted,1045.0,1068.0,803.95,807.8,1.8753305705263206,-0.6693353504571133,0.6029976100346036,0.3256263672727273,0.19044984762734,2023-06-29,False
GODREJCP,PEL,GODREJCP,PEL,2023-06-20,2023-06-21,2023-06-30,2023-07-03,window_end,1071.9,1078.15,915.9,953.0,0.25993584184159846,-4.24431642537395,-1.9921902917661756,0.3231409377087415,0.19365587291188996,2023-07-27,True
MAZDOCK,RELIANCE,RELIANCE,MAZDOCK,2023-06-02,2023-06-05,2023-06-30,,no_fill,,,,,,,,,,,False
BANKINDIA,HDFCBANK,BANKINDIA,HDFCBANK,2023-06-21,2023-06-22,2023-06-30,2023-07-03,window_end,73.7,74.2,1654.05,1710.2,0.3551386358209036,-3.5877649436232293,-1.6163131539011628,0.32328741573948433,0.19306708080166862,2023-07-27,True
ABCAPITAL,ADANIENT,ADANIENT,ABCAPITAL,2023-06-23,2023-06-26,2023-06-30,2023-07-03,window_end,2210.05,2405.0,176.8,197.85,8.485271043582708,-12.106815520361971,-1.8107722383896316,0.33579635308250944,0.2007069230769231,2023-07-27,True
DIXON,HEROMOTOCO,HEROMOTOCO,DIXON,2023-06-15,2023-06-16,2023-06-28,2023-06-27,rollover,2843.0,2858.0,4509.95,4392.8,0.2045559470277809,2.409901370303435,1.3072286586656081,0.32305573077734784,0.18768840341910667,2023-06-29,False
ICICIPRULI,M&MFIN,M&MFIN,ICICIPRULI,2023-05-31,2023-06-01,2023-06-28,2023-06-27,rollover,283.2,309.8,468.15,577.2,9.055980925847459,-23.50474461390582,-7.224381844029181,0.3366744413841808,0.21092852931752645,2023-06-29,False
IRCTC,WIPRO,WIPRO,IRCTC,2023-06-16,2023-06-19,2023-06-23,2023-06-26,reverted,382.0,380.0,663.8,625.7,-0.8450011026177962,5.554812564025298,2.354905730703751,0.3214408931937173,0.18486806266947875,2023-06-29,False
ADANIPORTS,NATIONALUM,NATIONALUM,ADANIPORTS,2023-06-28,2023-06-30,2023-06-30,2023-07-03,window_end,82.8,82.3,756.45,747.75,-0.9251822615942056,0.9611213999603508,0.01796956918307263,0.321317527294686,0.18898766210588935,2023-07-27,False
ADANIGREEN,TRENT,ADANIGREEN,TRENT,2023-06-13,2023-06-14,2023-06-30,2023-06-27,rollover,955.0,970.95,1696.05,1744.85,1.3453461293507967,-3.0698763061230556,-0.8622650883861295,0.32481093871204186,0.1926026408419563,2023-06-29,False
ADANIPORTS,MPHASIS,MPHASIS,ADANIPORTS,2023-06-06,2023-06-07,2023-06-23,2023-06-26,reverted,1923.95,1828.0,751.05,707.1,-5.301719672585049,5.667040051927297,0.18266018967112396,0.31458383225655556,0.18476741761533852,2023-06-29,False
ASHOKLEY,GAIL,GAIL,ASHOKLEY,2023-06-16,2023-06-19,2023-06-30,2023-06-27,rollover,107.85,104.8,165.5,163.5,-3.1459026044506224,1.0195239274924481,-1.0631893384790871,0.3179007500231803,0.18893528700906342,2023-06-29,False
LALPATHLAB,PERSISTENT,PERSISTENT,LALPATHLAB,2023-06-19,2023-06-20,2023-06-30,2023-07-03,window_end,4950.0,5055.0,2141.95,2261.45,1.7957082600000025,-5.774056191321002,-1.9891739656604996,0.3255038612121212,0.19502773594154857,2023-07-27,True
CHOLAFIN,NATIONALUM,NATIONALUM,CHOLAFIN,2023-06-30,2023-07-03,2023-06-30,,no_fill,,,1151.25,,,,,,,2023-07-27,False
ABCAPITAL,POONAWALLA,POONAWALLA,ABCAPITAL,2023-06-30,2023-07-03,2023-06-30,,no_fill,,,197.85,,,,,,,2023-07-27,False
APOLLOHOSP,MFSL,APOLLOHOSP,MFSL,2023-06-30,2023-07-03,2023-06-30,,no_fill,,,816.0,,,,,,,2023-07-27,False
HDFCAMC,PNB,PNB,HDFCAMC,2023-06-30,2023-07-03,2023-06-30,,no_fill,,,2279.4,,,,,,,2023-07-27,False
