date,cash,positions_value,equity,n_open
2004-01-01,50000.0,0.0,50000.0,0
2004-01-02,50000.0,0.0,50000.0,0
2004-01-05,50000.0,0.0,50000.0,0
2004-01-06,50000.0,0.0,50000.0,0
2004-01-07,50000.0,0.0,50000.0,0
2004-01-08,50000.0,0.0,50000.0,0
2004-01-09,50000.0,0.0,50000.0,0
2004-01-12,50000.0,0.0,50000.0,0
2004-01-13,50000.0,0.0,50000.0,0
2004-01-14,50000.0,0.0,50000.0,0
2004-01-15,50000.0,0.0,50000.0,0
2004-01-16,50000.0,0.0,50000.0,0
2004-01-19,50000.0,0.0,50000.0,0
2004-01-20,50000.0,0.0,50000.0,0
2004-01-21,50000.0,0.0,50000.0,0
2004-01-22,50000.0,0.0,50000.0,0
2004-01-23,50000.0,0.0,50000.0,0
2004-01-27,50000.0,0.0,50000.0,0
2004-01-28,50000.0,0.0,50000.0,0
2004-01-29,50000.0,0.0,50000.0,0
2004-01-30,50000.0,0.0,50000.0,0
2004-02-03,50000.0,0.0,50000.0,0
2004-02-04,50000.0,0.0,50000.0,0
2004-02-05,50000.0,0.0,50000.0,0
2004-02-06,50000.0,0.0,50000.0,0
2004-02-09,50000.0,0.0,50000.0,0
2004-02-10,50000.0,0.0,50000.0,0
2004-02-11,50000.0,0.0,50000.0,0
2004-02-12,50000.0,0.0,50000.0,0
2004-02-13,50000.0,0.0,50000.0,0
2004-02-16,50000.0,0.0,50000.0,0
2004-02-17,50000.0,0.0,50000.0,0
2004-02-18,50000.0,0.0,50000.0,0
2004-02-19,50000.0,0.0,50000.0,0
2004-02-20,50000.0,0.0,50000.0,0
2004-02-23,50000.0,0.0,50000.0,0
2004-02-24,50000.0,0.0,50000.0,0
2004-02-25,50000.0,0.0,50000.0,0
2004-02-26,50000.0,0.0,50000.0,0
2004-02-27,50000.0,0.0,50000.0,0
2004-03-01,50000.0,0.0,50000.0,0
2004-03-03,50000.0,0.0,50000.0,0
2004-03-04,50000.0,0.0,50000.0,0
2004-03-05,50000.0,0.0,50000.0,0
2004-03-08,50000.0,0.0,50000.0,0
2004-03-09,50000.0,0.0,50000.0,0
2004-03-10,50000.0,0.0,50000.0,0
2004-03-11,50000.0,0.0,50000.0,0
2004-03-12,50000.0,0.0,50000.0,0
2004-03-15,50000.0,0.0,50000.0,0
2004-03-16,50000.0,0.0,50000.0,0
2004-03-17,50000.0,0.0,50000.0,0
2004-03-18,50000.0,0.0,50000.0,0
2004-03-19,50000.0,0.0,50000.0,0
2004-03-22,50000.0,0.0,50000.0,0
2004-03-23,50000.0,0.0,50000.0,0
2004-03-24,50000.0,0.0,50000.0,0
2004-03-25,50000.0,0.0,50000.0,0
2004-03-26,50000.0,0.0,50000.0,0
2004-03-29,50000.0,0.0,50000.0,0
2004-03-30,50000.0,0.0,50000.0,0
2004-03-31,50000.0,0.0,50000.0,0
2004-04-01,50000.0,0.0,50000.0,0
2004-04-02,50000.0,0.0,50000.0,0
2004-04-05,50000.0,0.0,50000.0,0
2004-04-06,50000.0,0.0,50000.0,0
2004-04-07,50000.0,0.0,50000.0,0
2004-04-08,50000.0,0.0,50000.0,0
2004-04-12,50000.0,0.0,50000.0,0
2004-04-13,50000.0,0.0,50000.0,0
2004-04-15,50000.0,0.0,50000.0,0
2004-04-16,50000.0,0.0,50000.0,0
2004-04-19,50000.0,0.0,50000.0,0
2004-04-20,50000.0,0.0,50000.0,0
2004-04-21,50000.0,0.0,50000.0,0
2004-04-22,50000.0,0.0,50000.0,0
2004-04-23,50000.0,0.0,50000.0,0
2004-04-27,50000.0,0.0,50000.0,0
2004-04-28,50000.0,0.0,50000.0,0
2004-04-29,50000.0,0.0,50000.0,0
2004-04-30,50000.0,0.0,50000.0,0
2004-05-03,50000.0,0.0,50000.0,0
2004-05-04,50000.0,0.0,50000.0,0
2004-05-05,50000.0,0.0,50000.0,0
2004-05-06,50000.0,0.0,50000.0,0
2004-05-07,50000.0,0.0,50000.0,0
2004-05-10,50000.0,0.0,50000.0,0
2004-05-11,50000.0,0.0,50000.0,0
2004-05-12,50000.0,0.0,50000.0,0
2004-05-13,50000.0,0.0,50000.0,0
2004-05-14,50000.0,0.0,50000.0,0
2004-05-17,50000.0,0.0,50000.0,0
2004-05-18,50000.0,0.0,50000.0,0
2004-05-19,50000.0,0.0,50000.0,0
2004-05-20,50000.0,0.0,50000.0,0
2004-05-21,50000.0,0.0,50000.0,0
2004-05-24,50000.0,0.0,50000.0,0
2004-05-25,50000.0,0.0,50000.0,0
2004-05-26,50000.0,0.0,50000.0,0
2004-05-27,50000.0,0.0,50000.0,0
2004-05-28,50000.0,0.0,50000.0,0
2004-05-31,50000.0,0.0,50000.0,0
2004-06-01,50000.0,0.0,50000.0,0
2004-06-02,50000.0,0.0,50000.0,0
2004-06-03,50000.0,0.0,50000.0,0
2004-06-04,50000.0,0.0,50000.0,0
2004-06-07,50000.0,0.0,50000.0,0
2004-06-08,50000.0,0.0,50000.0,0
2004-06-09,50000.0,0.0,50000.0,0
2004-06-10,50000.0,0.0,50000.0,0
2004-06-11,50000.0,0.0,50000.0,0
2004-06-14,50000.0,0.0,50000.0,0
2004-06-15,50000.0,0.0,50000.0,0
2004-06-16,50000.0,0.0,50000.0,0
2004-06-17,50000.0,0.0,50000.0,0
2004-06-18,50000.0,0.0,50000.0,0
2004-06-21,50000.0,0.0,50000.0,0
2004-06-22,50000.0,0.0,50000.0,0
2004-06-23,50000.0,0.0,50000.0,0
2004-06-24,50000.0,0.0,50000.0,0
2004-06-25,50000.0,0.0,50000.0,0
2004-06-28,50000.0,0.0,50000.0,0
2004-06-29,50000.0,0.0,50000.0,0
2004-06-30,50000.0,0.0,50000.0,0
2004-07-01,50000.0,0.0,50000.0,0
2004-07-02,50000.0,0.0,50000.0,0
2004-07-05,50000.0,0.0,50000.0,0
2004-07-06,50000.0,0.0,50000.0,0
2004-07-07,50000.0,0.0,50000.0,0
2004-07-08,50000.0,0.0,50000.0,0
2004-07-09,50000.0,0.0,50000.0,0
2004-07-12,50000.0,0.0,50000.0,0
2004-07-13,50000.0,0.0,50000.0,0
2004-07-14,50000.0,0.0,50000.0,0
2004-07-15,50000.0,0.0,50000.0,0
2004-07-16,50000.0,0.0,50000.0,0
2004-07-19,50000.0,0.0,50000.0,0
2004-07-20,50000.0,0.0,50000.0,0
2004-07-21,50000.0,0.0,50000.0,0
2004-07-22,50000.0,0.0,50000.0,0
2004-07-23,50000.0,0.0,50000.0,0
2004-07-26,50000.0,0.0,50000.0,0
2004-07-27,50000.0,0.0,50000.0,0
2004-07-28,50000.0,0.0,50000.0,0
2004-07-29,50000.0,0.0,50000.0,0
2004-07-30,50000.0,0.0,50000.0,0
2004-08-02,50000.0,0.0,50000.0,0
2004-08-03,50000.0,0.0,50000.0,0
2004-08-04,50000.0,0.0,50000.0,0
2004-08-05,50000.0,0.0,50000.0,0
2004-08-06,50000.0,0.0,50000.0,0
2004-08-09,50000.0,0.0,50000.0,0
2004-08-10,50000.0,0.0,50000.0,0
2004-08-11,50000.0,0.0,50000.0,0
2004-08-12,50000.0,0.0,50000.0,0
2004-08-13,50000.0,0.0,50000.0,0
2004-08-16,50000.0,0.0,50000.0,0
2004-08-17,50000.0,0.0,50000.0,0
2004-08-18,50000.0,0.0,50000.0,0
2004-08-19,50000.0,0.0,50000.0,0
2004-08-20,50000.0,0.0,50000.0,0
2004-08-23,50000.0,0.0,50000.0,0
2004-08-24,50000.0,0.0,50000.0,0
2004-08-25,50000.0,0.0,50000.0,0
2004-08-26,50000.0,0.0,50000.0,0
2004-08-27,50000.0,0.0,50000.0,0
2004-08-30,50000.0,0.0,50000.0,0
2004-08-31,50000.0,0.0,50000.0,0
2004-09-01,50000.0,0.0,50000.0,0
2004-09-02,50000.0,0.0,50000.0,0
2004-09-03,50000.0,0.0,50000.0,0
2004-09-06,50000.0,0.0,50000.0,0
2004-09-07,50000.0,0.0,50000.0,0
2004-09-08,50000.0,0.0,50000.0,0
2004-09-09,50000.0,0.0,50000.0,0
2004-09-10,50000.0,0.0,50000.0,0
2004-09-13,50000.0,0.0,50000.0,0
2004-09-14,50000.0,0.0,50000.0,0
2004-09-15,50000.0,0.0,50000.0,0
2004-09-16,50000.0,0.0,50000.0,0
2004-09-17,50000.0,0.0,50000.0,0
2004-09-20,50000.0,0.0,50000.0,0
2004-09-21,50000.0,0.0,50000.0,0
2004-09-22,50000.0,0.0,50000.0,0
2004-09-23,50000.0,0.0,50000.0,0
2004-09-24,50000.0,0.0,50000.0,0
2004-09-27,50000.0,0.0,50000.0,0
2004-09-28,50000.0,0.0,50000.0,0
2004-09-29,50000.0,0.0,50000.0,0
2004-09-30,50000.0,0.0,50000.0,0
2004-10-01,50000.0,0.0,50000.0,0
2004-10-04,50000.0,0.0,50000.0,0
2004-10-05,50000.0,0.0,50000.0,0
2004-10-06,50000.0,0.0,50000.0,0
2004-10-07,50000.0,0.0,50000.0,0
2004-10-08,50000.0,0.0,50000.0,0
2004-10-11,50000.0,0.0,50000.0,0
2004-10-12,50000.0,0.0,50000.0,0
2004-10-14,50000.0,0.0,50000.0,0
2004-10-15,50000.0,0.0,50000.0,0
2004-10-18,50000.0,0.0,50000.0,0
2004-10-19,50000.0,0.0,50000.0,0
2004-10-20,50000.0,0.0,50000.0,0
2004-10-21,50000.0,0.0,50000.0,0
2004-10-25,50000.0,0.0,50000.0,0
2004-10-26,50000.0,0.0,50000.0,0
2004-10-27,50000.0,0.0,50000.0,0
2004-10-28,50000.0,0.0,50000.0,0
2004-10-29,50000.0,0.0,50000.0,0
2004-11-01,50000.0,0.0,50000.0,0
2004-11-02,50000.0,0.0,50000.0,0
2004-11-03,50000.0,0.0,50000.0,0
2004-11-04,50000.0,0.0,50000.0,0
2004-11-05,50000.0,0.0,50000.0,0
2004-11-08,50000.0,0.0,50000.0,0
2004-11-09,50000.0,0.0,50000.0,0
2004-11-10,50000.0,0.0,50000.0,0
2004-11-11,50000.0,0.0,50000.0,0
2004-11-12,50000.0,0.0,50000.0,0
2004-11-16,50000.0,0.0,50000.0,0
2004-11-17,50000.0,0.0,50000.0,0
2004-11-18,50000.0,0.0,50000.0,0
2004-11-19,50000.0,0.0,50000.0,0
2004-11-22,50000.0,0.0,50000.0,0
2004-11-23,50000.0,0.0,50000.0,0
2004-11-24,50000.0,0.0,50000.0,0
2004-11-25,50000.0,0.0,50000.0,0
2004-11-29,50000.0,0.0,50000.0,0
2004-11-30,50000.0,0.0,50000.0,0
2004-12-01,50000.0,0.0,50000.0,0
2004-12-02,50000.0,0.0,50000.0,0
2004-12-03,50000.0,0.0,50000.0,0
2004-12-06,50000.0,0.0,50000.0,0
2004-12-07,50000.0,0.0,50000.0,0
2004-12-08,50000.0,0.0,50000.0,0
2004-12-09,50000.0,0.0,50000.0,0
2004-12-10,50000.0,0.0,50000.0,0
2004-12-13,50000.0,0.0,50000.0,0
2004-12-14,50000.0,0.0,50000.0,0
2004-12-15,50000.0,0.0,50000.0,0
2004-12-16,50000.0,0.0,50000.0,0
2004-12-17,50000.0,0.0,50000.0,0
2004-12-20,50000.0,0.0,50000.0,0
2004-12-21,50000.0,0.0,50000.0,0
2004-12-22,50000.0,0.0,50000.0,0
2004-12-23,50000.0,0.0,50000.0,0
2004-12-24,50000.0,0.0,50000.0,0
2004-12-27,50000.0,0.0,50000.0,0
2004-12-28,50000.0,0.0,50000.0,0
2004-12-29,50000.0,0.0,50000.0,0
2004-12-30,50000.0,0.0,50000.0,0
2004-12-31,50000.0,0.0,50000.0,0
2005-01-03,50000.0,0.0,50000.0,0
2005-01-04,50000.0,0.0,50000.0,0
2005-01-05,50000.0,0.0,50000.0,0
2005-01-06,50000.0,0.0,50000.0,0
2005-01-07,50000.0,0.0,50000.0,0
2005-01-10,50000.0,0.0,50000.0,0
2005-01-11,50000.0,0.0,50000.0,0
2005-01-12,50000.0,0.0,50000.0,0
2005-01-13,50000.0,0.0,50000.0,0
2005-01-14,50000.0,0.0,50000.0,0
2005-01-17,50000.0,0.0,50000.0,0
2005-01-18,50000.0,0.0,50000.0,0
2005-01-19,50000.0,0.0,50000.0,0
2005-01-20,50000.0,0.0,50000.0,0
2005-01-24,50000.0,0.0,50000.0,0
2005-01-25,50000.0,0.0,50000.0,0
2005-01-27,50000.0,0.0,50000.0,0
2005-01-28,50000.0,0.0,50000.0,0
2005-01-31,50000.0,0.0,50000.0,0
2005-02-01,50000.0,0.0,50000.0,0
2005-02-02,50000.0,0.0,50000.0,0
2005-02-03,50000.0,0.0,50000.0,0
2005-02-04,50000.0,0.0,50000.0,0
2005-02-07,50000.0,0.0,50000.0,0
2005-02-08,50000.0,0.0,50000.0,0
2005-02-09,50000.0,0.0,50000.0,0
2005-02-10,50000.0,0.0,50000.0,0
2005-02-11,50000.0,0.0,50000.0,0
2005-02-14,50000.0,0.0,50000.0,0
2005-02-15,50000.0,0.0,50000.0,0
2005-02-16,50000.0,0.0,50000.0,0
2005-02-17,50000.0,0.0,50000.0,0
2005-02-18,50000.0,0.0,50000.0,0
2005-02-21,50000.0,0.0,50000.0,0
2005-02-22,50000.0,0.0,50000.0,0
2005-02-23,50000.0,0.0,50000.0,0
2005-02-24,50000.0,0.0,50000.0,0
2005-02-25,50000.0,0.0,50000.0,0
2005-02-28,50000.0,0.0,50000.0,0
2005-03-01,50000.0,0.0,50000.0,0
2005-03-02,50000.0,0.0,50000.0,0
2005-03-03,50000.0,0.0,50000.0,0
2005-03-04,50000.0,0.0,50000.0,0
2005-03-07,50000.0,0.0,50000.0,0
2005-03-08,50000.0,0.0,50000.0,0
2005-03-09,50000.0,0.0,50000.0,0
2005-03-10,50000.0,0.0,50000.0,0
2005-03-11,50000.0,0.0,50000.0,0
2005-03-14,50000.0,0.0,50000.0,0
2005-03-15,50000.0,0.0,50000.0,0
2005-03-16,50000.0,0.0,50000.0,0
2005-03-17,50000.0,0.0,50000.0,0
2005-03-18,50000.0,0.0,50000.0,0
2005-03-21,50000.0,0.0,50000.0,0
2005-03-22,50000.0,0.0,50000.0,0
2005-03-23,50000.0,0.0,50000.0,0
2005-03-24,50000.0,0.0,50000.0,0
2005-03-28,50000.0,0.0,50000.0,0
2005-03-29,50000.0,0.0,50000.0,0
2005-03-30,50000.0,0.0,50000.0,0
2005-03-31,50000.0,0.0,50000.0,0
2005-04-01,50000.0,0.0,50000.0,0
2005-04-04,50000.0,0.0,50000.0,0
2005-04-05,50000.0,0.0,50000.0,0
2005-04-06,50000.0,0.0,50000.0,0
2005-04-07,50000.0,0.0,50000.0,0
2005-04-08,50000.0,0.0,50000.0,0
2005-04-11,50000.0,0.0,50000.0,0
2005-04-12,50000.0,0.0,50000.0,0
2005-04-13,50000.0,0.0,50000.0,0
2005-04-15,50000.0,0.0,50000.0,0
2005-04-18,50000.0,0.0,50000.0,0
2005-04-19,50000.0,0.0,50000.0,0
2005-04-20,50000.0,0.0,50000.0,0
2005-04-21,50000.0,0.0,50000.0,0
2005-04-22,50000.0,0.0,50000.0,0
2005-04-25,50000.0,0.0,50000.0,0
2005-04-26,50000.0,0.0,50000.0,0
2005-04-27,50000.0,0.0,50000.0,0
2005-04-28,50000.0,0.0,50000.0,0
2005-04-29,50000.0,0.0,50000.0,0
2005-05-02,50000.0,0.0,50000.0,0
2005-05-03,50000.0,0.0,50000.0,0
2005-05-04,50000.0,0.0,50000.0,0
2005-05-05,50000.0,0.0,50000.0,0
2005-05-06,50000.0,0.0,50000.0,0
2005-05-09,50000.0,0.0,50000.0,0
2005-05-10,50000.0,0.0,50000.0,0
2005-05-11,50000.0,0.0,50000.0,0
2005-05-12,50000.0,0.0,50000.0,0
2005-05-13,50000.0,0.0,50000.0,0
2005-05-16,50000.0,0.0,50000.0,0
2005-05-17,50000.0,0.0,50000.0,0
2005-05-18,50000.0,0.0,50000.0,0
2005-05-19,50000.0,0.0,50000.0,0
2005-05-20,50000.0,0.0,50000.0,0
2005-05-23,50000.0,0.0,50000.0,0
2005-05-24,50000.0,0.0,50000.0,0
2005-05-25,50000.0,0.0,50000.0,0
2005-05-26,50000.0,0.0,50000.0,0
2005-05-27,50000.0,0.0,50000.0,0
2005-05-30,50000.0,0.0,50000.0,0
2005-05-31,50000.0,0.0,50000.0,0
2005-06-01,50000.0,0.0,50000.0,0
2005-06-02,50000.0,0.0,50000.0,0
2005-06-03,50000.0,0.0,50000.0,0
2005-06-06,50000.0,0.0,50000.0,0
2005-06-07,50000.0,0.0,50000.0,0
2005-06-08,50000.0,0.0,50000.0,0
2005-06-09,50000.0,0.0,50000.0,0
2005-06-10,50000.0,0.0,50000.0,0
2005-06-13,50000.0,0.0,50000.0,0
2005-06-14,50000.0,0.0,50000.0,0
2005-06-15,50000.0,0.0,50000.0,0
2005-06-16,50000.0,0.0,50000.0,0
2005-06-17,50000.0,0.0,50000.0,0
2005-06-20,50000.0,0.0,50000.0,0
2005-06-21,50000.0,0.0,50000.0,0
2005-06-22,50000.0,0.0,50000.0,0
2005-06-23,50000.0,0.0,50000.0,0
2005-06-24,50000.0,0.0,50000.0,0
2005-06-27,50000.0,0.0,50000.0,0
2005-06-28,50000.0,0.0,50000.0,0
2005-06-29,50000.0,0.0,50000.0,0
2005-06-30,50000.0,0.0,50000.0,0
2005-07-01,50000.0,0.0,50000.0,0
2005-07-04,50000.0,0.0,50000.0,0
2005-07-05,50000.0,0.0,50000.0,0
2005-07-06,50000.0,0.0,50000.0,0
2005-07-07,50000.0,0.0,50000.0,0
2005-07-08,50000.0,0.0,50000.0,0
2005-07-11,50000.0,0.0,50000.0,0
2005-07-12,50000.0,0.0,50000.0,0
2005-07-13,50000.0,0.0,50000.0,0
2005-07-14,50000.0,0.0,50000.0,0
2005-07-15,50000.0,0.0,50000.0,0
2005-07-18,50000.0,0.0,50000.0,0
2005-07-19,50000.0,0.0,50000.0,0
2005-07-20,50000.0,0.0,50000.0,0
2005-07-21,50000.0,0.0,50000.0,0
2005-07-22,50000.0,0.0,50000.0,0
2005-07-25,50000.0,0.0,50000.0,0
2005-07-26,50000.0,0.0,50000.0,0
2005-07-27,50000.0,0.0,50000.0,0
2005-07-29,50000.0,0.0,50000.0,0
2005-08-01,50000.0,0.0,50000.0,0
2005-08-02,50000.0,0.0,50000.0,0
2005-08-03,50000.0,0.0,50000.0,0
2005-08-04,50000.0,0.0,50000.0,0
2005-08-05,50000.0,0.0,50000.0,0
2005-08-08,50000.0,0.0,50000.0,0
2005-08-09,50000.0,0.0,50000.0,0
2005-08-10,50000.0,0.0,50000.0,0
2005-08-11,50000.0,0.0,50000.0,0
2005-08-12,50000.0,0.0,50000.0,0
2005-08-16,50000.0,0.0,50000.0,0
2005-08-17,50000.0,0.0,50000.0,0
2005-08-18,50000.0,0.0,50000.0,0
2005-08-19,50000.0,0.0,50000.0,0
2005-08-22,50000.0,0.0,50000.0,0
2005-08-23,50000.0,0.0,50000.0,0
2005-08-24,50000.0,0.0,50000.0,0
2005-08-25,50000.0,0.0,50000.0,0
2005-08-26,50000.0,0.0,50000.0,0
2005-08-29,50000.0,0.0,50000.0,0
2005-08-30,50000.0,0.0,50000.0,0
2005-08-31,50000.0,0.0,50000.0,0
2005-09-01,50000.0,0.0,50000.0,0
2005-09-02,50000.0,0.0,50000.0,0
2005-09-05,50000.0,0.0,50000.0,0
2005-09-06,50000.0,0.0,50000.0,0
2005-09-08,50000.0,0.0,50000.0,0
2005-09-09,50000.0,0.0,50000.0,0
2005-09-12,50000.0,0.0,50000.0,0
2005-09-13,50000.0,0.0,50000.0,0
2005-09-14,50000.0,0.0,50000.0,0
2005-09-15,50000.0,0.0,50000.0,0
2005-09-16,50000.0,0.0,50000.0,0
2005-09-19,50000.0,0.0,50000.0,0
2005-09-20,50000.0,0.0,50000.0,0
2005-09-21,50000.0,0.0,50000.0,0
2005-09-22,50000.0,0.0,50000.0,0
2005-09-23,50000.0,0.0,50000.0,0
2005-09-26,50000.0,0.0,50000.0,0
2005-09-27,50000.0,0.0,50000.0,0
2005-09-28,50000.0,0.0,50000.0,0
2005-09-29,50000.0,0.0,50000.0,0
2005-09-30,50000.0,0.0,50000.0,0
2005-10-03,50000.0,0.0,50000.0,0
2005-10-04,50000.0,0.0,50000.0,0
2005-10-05,50000.0,0.0,50000.0,0
2005-10-06,50000.0,0.0,50000.0,0
2005-10-07,50000.0,0.0,50000.0,0
2005-10-10,50000.0,0.0,50000.0,0
2005-10-11,50000.0,0.0,50000.0,0
2005-10-13,50000.0,0.0,50000.0,0
2005-10-14,50000.0,0.0,50000.0,0
2005-10-17,50000.0,0.0,50000.0,0
2005-10-18,50000.0,0.0,50000.0,0
2005-10-19,50000.0,0.0,50000.0,0
2005-10-20,50000.0,0.0,50000.0,0
2005-10-21,50000.0,0.0,50000.0,0
2005-10-24,50000.0,0.0,50000.0,0
2005-10-25,50000.0,0.0,50000.0,0
2005-10-26,50000.0,0.0,50000.0,0
2005-10-27,50000.0,0.0,50000.0,0
2005-10-28,50000.0,0.0,50000.0,0
2005-10-31,50000.0,0.0,50000.0,0
2005-11-01,50000.0,0.0,50000.0,0
2005-11-02,50000.0,0.0,50000.0,0
2005-11-07,50000.0,0.0,50000.0,0
2005-11-08,50000.0,0.0,50000.0,0
2005-11-09,50000.0,0.0,50000.0,0
2005-11-10,50000.0,0.0,50000.0,0
2005-11-11,50000.0,0.0,50000.0,0
2005-11-14,50000.0,0.0,50000.0,0
2005-11-16,50000.0,0.0,50000.0,0
2005-11-17,50000.0,0.0,50000.0,0
2005-11-18,50000.0,0.0,50000.0,0
2005-11-21,50000.0,0.0,50000.0,0
2005-11-22,50000.0,0.0,50000.0,0
2005-11-23,50000.0,0.0,50000.0,0
2005-11-24,50000.0,0.0,50000.0,0
2005-11-25,50000.0,0.0,50000.0,0
2005-11-28,50000.0,0.0,50000.0,0
2005-11-29,50000.0,0.0,50000.0,0
2005-11-30,50000.0,0.0,50000.0,0
2005-12-01,50000.0,0.0,50000.0,0
2005-12-02,50000.0,0.0,50000.0,0
2005-12-05,50000.0,0.0,50000.0,0
2005-12-06,50000.0,0.0,50000.0,0
2005-12-07,50000.0,0.0,50000.0,0
2005-12-08,50000.0,0.0,50000.0,0
2005-12-09,50000.0,0.0,50000.0,0
2005-12-12,50000.0,0.0,50000.0,0
2005-12-13,50000.0,0.0,50000.0,0
2005-12-14,50000.0,0.0,50000.0,0
2005-12-15,50000.0,0.0,50000.0,0
2005-12-16,50000.0,0.0,50000.0,0
2005-12-19,50000.0,0.0,50000.0,0
2005-12-20,50000.0,0.0,50000.0,0
2005-12-21,50000.0,0.0,50000.0,0
2005-12-22,50000.0,0.0,50000.0,0
2005-12-23,50000.0,0.0,50000.0,0
2005-12-26,50000.0,0.0,50000.0,0
2005-12-27,50000.0,0.0,50000.0,0
2005-12-28,50000.0,0.0,50000.0,0
2005-12-29,50000.0,0.0,50000.0,0
2005-12-30,50000.0,0.0,50000.0,0
2006-01-02,50000.0,0.0,50000.0,0
2006-01-03,50000.0,0.0,50000.0,0
2006-01-04,50000.0,0.0,50000.0,0
2006-01-05,50000.0,0.0,50000.0,0
2006-01-06,50000.0,0.0,50000.0,0
2006-01-09,50000.0,0.0,50000.0,0
2006-01-10,50000.0,0.0,50000.0,0
2006-01-12,50000.0,0.0,50000.0,0
2006-01-13,50000.0,0.0,50000.0,0
2006-01-16,50000.0,0.0,50000.0,0
2006-01-17,50000.0,0.0,50000.0,0
2006-01-18,50000.0,0.0,50000.0,0
2006-01-19,50000.0,0.0,50000.0,0
2006-01-20,50000.0,0.0,50000.0,0
2006-01-23,50000.0,0.0,50000.0,0
2006-01-24,50000.0,0.0,50000.0,0
2006-01-25,50000.0,0.0,50000.0,0
2006-01-27,50000.0,0.0,50000.0,0
2006-01-30,50000.0,0.0,50000.0,0
2006-01-31,50000.0,0.0,50000.0,0
2006-02-01,50000.0,0.0,50000.0,0
2006-02-02,50000.0,0.0,50000.0,0
2006-02-03,50000.0,0.0,50000.0,0
2006-02-06,50000.0,0.0,50000.0,0
2006-02-07,50000.0,0.0,50000.0,0
2006-02-08,50000.0,0.0,50000.0,0
2006-02-10,50000.0,0.0,50000.0,0
2006-02-13,50000.0,0.0,50000.0,0
2006-02-14,50000.0,0.0,50000.0,0
2006-02-15,50000.0,0.0,50000.0,0
2006-02-16,50000.0,0.0,50000.0,0
2006-02-17,50000.0,0.0,50000.0,0
2006-02-20,50000.0,0.0,50000.0,0
2006-02-21,50000.0,0.0,50000.0,0
2006-02-22,50000.0,0.0,50000.0,0
2006-02-23,50000.0,0.0,50000.0,0
2006-02-24,50000.0,0.0,50000.0,0
2006-02-27,50000.0,0.0,50000.0,0
2006-02-28,50000.0,0.0,50000.0,0
2006-03-01,50000.0,0.0,50000.0,0
2006-03-02,50000.0,0.0,50000.0,0
2006-03-03,50000.0,0.0,50000.0,0
2006-03-06,50000.0,0.0,50000.0,0
2006-03-07,50000.0,0.0,50000.0,0
2006-03-08,50000.0,0.0,50000.0,0
2006-03-09,50000.0,0.0,50000.0,0
2006-03-10,50000.0,0.0,50000.0,0
2006-03-13,50000.0,0.0,50000.0,0
2006-03-14,50000.0,0.0,50000.0,0
2006-03-16,50000.0,0.0,50000.0,0
2006-03-17,50000.0,0.0,50000.0,0
2006-03-20,50000.0,0.0,50000.0,0
2006-03-21,50000.0,0.0,50000.0,0
2006-03-22,50000.0,0.0,50000.0,0
2006-03-23,50000.0,0.0,50000.0,0
2006-03-24,50000.0,0.0,50000.0,0
2006-03-27,50000.0,0.0,50000.0,0
2006-03-28,50000.0,0.0,50000.0,0
2006-03-29,50000.0,0.0,50000.0,0
2006-03-30,50000.0,0.0,50000.0,0
2006-03-31,50000.0,0.0,50000.0,0
2006-04-03,50000.0,0.0,50000.0,0
2006-04-04,50000.0,0.0,50000.0,0
2006-04-05,50000.0,0.0,50000.0,0
2006-04-07,50000.0,0.0,50000.0,0
2006-04-10,50000.0,0.0,50000.0,0
2006-04-12,50000.0,0.0,50000.0,0
2006-04-13,50000.0,0.0,50000.0,0
2006-04-17,50000.0,0.0,50000.0,0
2006-04-18,50000.0,0.0,50000.0,0
2006-04-19,50000.0,0.0,50000.0,0
2006-04-20,50000.0,0.0,50000.0,0
2006-04-21,50000.0,0.0,50000.0,0
2006-04-24,50000.0,0.0,50000.0,0
2006-04-25,50000.0,0.0,50000.0,0
2006-04-26,50000.0,0.0,50000.0,0
2006-04-27,50000.0,0.0,50000.0,0
2006-04-28,50000.0,0.0,50000.0,0
2006-05-02,50000.0,0.0,50000.0,0
2006-05-03,50000.0,0.0,50000.0,0
2006-05-04,50000.0,0.0,50000.0,0
2006-05-05,50000.0,0.0,50000.0,0
2006-05-08,50000.0,0.0,50000.0,0
2006-05-09,50000.0,0.0,50000.0,0
2006-05-10,50000.0,0.0,50000.0,0
2006-05-11,50000.0,0.0,50000.0,0
2006-05-12,50000.0,0.0,50000.0,0
2006-05-15,50000.0,0.0,50000.0,0
2006-05-16,50000.0,0.0,50000.0,0
2006-05-17,50000.0,0.0,50000.0,0
2006-05-18,50000.0,0.0,50000.0,0
2006-05-19,50000.0,0.0,50000.0,0
2006-05-22,50000.0,0.0,50000.0,0
2006-05-23,50000.0,0.0,50000.0,0
2006-05-24,50000.0,0.0,50000.0,0
2006-05-25,50000.0,0.0,50000.0,0
2006-05-26,50000.0,0.0,50000.0,0
2006-05-29,50000.0,0.0,50000.0,0
2006-05-30,50000.0,0.0,50000.0,0
2006-05-31,50000.0,0.0,50000.0,0
2006-06-01,50000.0,0.0,50000.0,0
2006-06-02,50000.0,0.0,50000.0,0
2006-06-05,50000.0,0.0,50000.0,0
2006-06-06,50000.0,0.0,50000.0,0
2006-06-07,50000.0,0.0,50000.0,0
2006-06-08,50000.0,0.0,50000.0,0
2006-06-09,50000.0,0.0,50000.0,0
2006-06-12,50000.0,0.0,50000.0,0
2006-06-13,50000.0,0.0,50000.0,0
2006-06-14,50000.0,0.0,50000.0,0
2006-06-15,50000.0,0.0,50000.0,0
2006-06-16,50000.0,0.0,50000.0,0
2006-06-19,50000.0,0.0,50000.0,0
2006-06-20,50000.0,0.0,50000.0,0
2006-06-21,50000.0,0.0,50000.0,0
2006-06-22,50000.0,0.0,50000.0,0
2006-06-23,50000.0,0.0,50000.0,0
2006-06-26,50000.0,0.0,50000.0,0
2006-06-27,50000.0,0.0,50000.0,0
2006-06-28,50000.0,0.0,50000.0,0
2006-06-29,50000.0,0.0,50000.0,0
2006-06-30,50000.0,0.0,50000.0,0
2006-07-03,50000.0,0.0,50000.0,0
2006-07-04,50000.0,0.0,50000.0,0
2006-07-05,50000.0,0.0,50000.0,0
2006-07-06,50000.0,0.0,50000.0,0
2006-07-07,50000.0,0.0,50000.0,0
2006-07-10,50000.0,0.0,50000.0,0
2006-07-11,50000.0,0.0,50000.0,0
2006-07-12,50000.0,0.0,50000.0,0
2006-07-13,50000.0,0.0,50000.0,0
2006-07-14,50000.0,0.0,50000.0,0
2006-07-17,50000.0,0.0,50000.0,0
2006-07-18,50000.0,0.0,50000.0,0
2006-07-19,50000.0,0.0,50000.0,0
2006-07-20,50000.0,0.0,50000.0,0
2006-07-21,50000.0,0.0,50000.0,0
2006-07-24,50000.0,0.0,50000.0,0
2006-07-25,50000.0,0.0,50000.0,0
2006-07-26,50000.0,0.0,50000.0,0
2006-07-27,50000.0,0.0,50000.0,0
2006-07-28,50000.0,0.0,50000.0,0
2006-07-31,50000.0,0.0,50000.0,0
2006-08-01,50000.0,0.0,50000.0,0
2006-08-02,50000.0,0.0,50000.0,0
2006-08-03,50000.0,0.0,50000.0,0
2006-08-04,50000.0,0.0,50000.0,0
2006-08-07,50000.0,0.0,50000.0,0
2006-08-08,50000.0,0.0,50000.0,0
2006-08-09,50000.0,0.0,50000.0,0
2006-08-10,50000.0,0.0,50000.0,0
2006-08-11,50000.0,0.0,50000.0,0
2006-08-14,50000.0,0.0,50000.0,0
2006-08-16,50000.0,0.0,50000.0,0
2006-08-17,50000.0,0.0,50000.0,0
2006-08-18,50000.0,0.0,50000.0,0
2006-08-21,50000.0,0.0,50000.0,0
2006-08-22,50000.0,0.0,50000.0,0
2006-08-23,50000.0,0.0,50000.0,0
2006-08-24,50000.0,0.0,50000.0,0
2006-08-25,50000.0,0.0,50000.0,0
2006-08-28,50000.0,0.0,50000.0,0
2006-08-29,50000.0,0.0,50000.0,0
2006-08-30,50000.0,0.0,50000.0,0
2006-08-31,50000.0,0.0,50000.0,0
2006-09-01,50000.0,0.0,50000.0,0
2006-09-04,50000.0,0.0,50000.0,0
2006-09-05,50000.0,0.0,50000.0,0
2006-09-06,50000.0,0.0,50000.0,0
2006-09-07,50000.0,0.0,50000.0,0
2006-09-08,50000.0,0.0,50000.0,0
2006-09-11,50000.0,0.0,50000.0,0
2006-09-12,50000.0,0.0,50000.0,0
2006-09-13,50000.0,0.0,50000.0,0
2006-09-14,50000.0,0.0,50000.0,0
2006-09-15,50000.0,0.0,50000.0,0
2006-09-18,50000.0,0.0,50000.0,0
2006-09-19,50000.0,0.0,50000.0,0
2006-09-20,50000.0,0.0,50000.0,0
2006-09-21,50000.0,0.0,50000.0,0
2006-09-22,50000.0,0.0,50000.0,0
2006-09-25,50000.0,0.0,50000.0,0
2006-09-26,50000.0,0.0,50000.0,0
2006-09-27,50000.0,0.0,50000.0,0
2006-09-28,50000.0,0.0,50000.0,0
2006-09-29,50000.0,0.0,50000.0,0
2006-10-03,50000.0,0.0,50000.0,0
2006-10-04,50000.0,0.0,50000.0,0
2006-10-05,50000.0,0.0,50000.0,0
2006-10-06,50000.0,0.0,50000.0,0
2006-10-09,50000.0,0.0,50000.0,0
2006-10-10,50000.0,0.0,50000.0,0
2006-10-11,50000.0,0.0,50000.0,0
2006-10-12,50000.0,0.0,50000.0,0
2006-10-13,50000.0,0.0,50000.0,0
2006-10-16,50000.0,0.0,50000.0,0
2006-10-17,50000.0,0.0,50000.0,0
2006-10-18,50000.0,0.0,50000.0,0
2006-10-19,50000.0,0.0,50000.0,0
2006-10-20,50000.0,0.0,50000.0,0
2006-10-23,50000.0,0.0,50000.0,0
2006-10-26,50000.0,0.0,50000.0,0
2006-10-27,50000.0,0.0,50000.0,0
2006-10-30,50000.0,0.0,50000.0,0
2006-10-31,50000.0,0.0,50000.0,0
2006-11-01,50000.0,0.0,50000.0,0
2006-11-02,50000.0,0.0,50000.0,0
2006-11-03,50000.0,0.0,50000.0,0
2006-11-06,50000.0,0.0,50000.0,0
2006-11-07,50000.0,0.0,50000.0,0
2006-11-08,50000.0,0.0,50000.0,0
2006-11-09,50000.0,0.0,50000.0,0
2006-11-10,50000.0,0.0,50000.0,0
2006-11-13,50000.0,0.0,50000.0,0
2006-11-14,50000.0,0.0,50000.0,0
2006-11-15,50000.0,0.0,50000.0,0
2006-11-16,50000.0,0.0,50000.0,0
2006-11-17,50000.0,0.0,50000.0,0
2006-11-20,50000.0,0.0,50000.0,0
2006-11-21,50000.0,0.0,50000.0,0
2006-11-22,50000.0,0.0,50000.0,0
2006-11-23,50000.0,0.0,50000.0,0
2006-11-24,50000.0,0.0,50000.0,0
2006-11-27,50000.0,0.0,50000.0,0
2006-11-28,50000.0,0.0,50000.0,0
2006-11-29,50000.0,0.0,50000.0,0
2006-11-30,50000.0,0.0,50000.0,0
2006-12-01,50000.0,0.0,50000.0,0
2006-12-04,50000.0,0.0,50000.0,0
2006-12-05,50000.0,0.0,50000.0,0
2006-12-06,50000.0,0.0,50000.0,0
2006-12-07,50000.0,0.0,50000.0,0
2006-12-08,50000.0,0.0,50000.0,0
2006-12-11,50000.0,0.0,50000.0,0
2006-12-12,50000.0,0.0,50000.0,0
2006-12-13,50000.0,0.0,50000.0,0
2006-12-14,50000.0,0.0,50000.0,0
2006-12-15,50000.0,0.0,50000.0,0
2006-12-18,50000.0,0.0,50000.0,0
2006-12-19,50000.0,0.0,50000.0,0
2006-12-20,50000.0,0.0,50000.0,0
2006-12-21,50000.0,0.0,50000.0,0
2006-12-22,50000.0,0.0,50000.0,0
2006-12-26,50000.0,0.0,50000.0,0
2006-12-27,50000.0,0.0,50000.0,0
2006-12-28,50000.0,0.0,50000.0,0
2006-12-29,50000.0,0.0,50000.0,0
2007-01-02,50000.0,0.0,50000.0,0
2007-01-03,50000.0,0.0,50000.0,0
2007-01-04,50000.0,0.0,50000.0,0
2007-01-05,50000.0,0.0,50000.0,0
2007-01-08,50000.0,0.0,50000.0,0
2007-01-09,50000.0,0.0,50000.0,0
2007-01-10,50000.0,0.0,50000.0,0
2007-01-11,50000.0,0.0,50000.0,0
2007-01-12,50000.0,0.0,50000.0,0
2007-01-15,50000.0,0.0,50000.0,0
2007-01-16,50000.0,0.0,50000.0,0
2007-01-17,50000.0,0.0,50000.0,0
2007-01-18,50000.0,0.0,50000.0,0
2007-01-19,50000.0,0.0,50000.0,0
2007-01-22,50000.0,0.0,50000.0,0
2007-01-23,50000.0,0.0,50000.0,0
2007-01-24,50000.0,0.0,50000.0,0
2007-01-25,50000.0,0.0,50000.0,0
2007-01-29,50000.0,0.0,50000.0,0
2007-01-31,50000.0,0.0,50000.0,0
2007-02-01,50000.0,0.0,50000.0,0
2007-02-02,50000.0,0.0,50000.0,0
2007-02-05,50000.0,0.0,50000.0,0
2007-02-06,50000.0,0.0,50000.0,0
2007-02-07,50000.0,0.0,50000.0,0
2007-02-08,50000.0,0.0,50000.0,0
2007-02-09,50000.0,0.0,50000.0,0
2007-02-12,50000.0,0.0,50000.0,0
2007-02-13,50000.0,0.0,50000.0,0
2007-02-14,50000.0,0.0,50000.0,0
2007-02-15,50000.0,0.0,50000.0,0
2007-02-19,50000.0,0.0,50000.0,0
2007-02-20,50000.0,0.0,50000.0,0
2007-02-21,50000.0,0.0,50000.0,0
2007-02-22,50000.0,0.0,50000.0,0
2007-02-23,50000.0,0.0,50000.0,0
2007-02-26,50000.0,0.0,50000.0,0
2007-02-27,50000.0,0.0,50000.0,0
2007-02-28,50000.0,0.0,50000.0,0
2007-03-01,50000.0,0.0,50000.0,0
2007-03-02,50000.0,0.0,50000.0,0
2007-03-05,50000.0,0.0,50000.0,0
2007-03-06,50000.0,0.0,50000.0,0
2007-03-07,50000.0,0.0,50000.0,0
2007-03-08,50000.0,0.0,50000.0,0
2007-03-09,50000.0,0.0,50000.0,0
2007-03-12,50000.0,0.0,50000.0,0
2007-03-13,50000.0,0.0,50000.0,0
2007-03-14,50000.0,0.0,50000.0,0
2007-03-15,50000.0,0.0,50000.0,0
2007-03-16,50000.0,0.0,50000.0,0
2007-03-19,50000.0,0.0,50000.0,0
2007-03-20,50000.0,0.0,50000.0,0
2007-03-21,50000.0,0.0,50000.0,0
2007-03-22,50000.0,0.0,50000.0,0
2007-03-23,50000.0,0.0,50000.0,0
2007-03-26,50000.0,0.0,50000.0,0
2007-03-28,50000.0,0.0,50000.0,0
2007-03-29,50000.0,0.0,50000.0,0
2007-03-30,50000.0,0.0,50000.0,0
2007-04-02,50000.0,0.0,50000.0,0
2007-04-03,50000.0,0.0,50000.0,0
2007-04-04,50000.0,0.0,50000.0,0
2007-04-05,50000.0,0.0,50000.0,0
2007-04-09,50000.0,0.0,50000.0,0
2007-04-10,50000.0,0.0,50000.0,0
2007-04-11,50000.0,0.0,50000.0,0
2007-04-12,50000.0,0.0,50000.0,0
2007-04-13,50000.0,0.0,50000.0,0
2007-04-16,50000.0,0.0,50000.0,0
2007-04-17,50000.0,0.0,50000.0,0
2007-04-18,50000.0,0.0,50000.0,0
2007-04-19,50000.0,0.0,50000.0,0
2007-04-20,50000.0,0.0,50000.0,0
2007-04-23,50000.0,0.0,50000.0,0
2007-04-24,50000.0,0.0,50000.0,0
2007-04-25,50000.0,0.0,50000.0,0
2007-04-26,50000.0,0.0,50000.0,0
2007-04-27,50000.0,0.0,50000.0,0
2007-04-30,50000.0,0.0,50000.0,0
2007-05-03,50000.0,0.0,50000.0,0
2007-05-04,50000.0,0.0,50000.0,0
2007-05-07,50000.0,0.0,50000.0,0
2007-05-08,50000.0,0.0,50000.0,0
2007-05-09,50000.0,0.0,50000.0,0
2007-05-10,50000.0,0.0,50000.0,0
2007-05-11,50000.0,0.0,50000.0,0
2007-05-14,50000.0,0.0,50000.0,0
2007-05-15,50000.0,0.0,50000.0,0
2007-05-16,50000.0,0.0,50000.0,0
2007-05-17,50000.0,0.0,50000.0,0
2007-05-18,50000.0,0.0,50000.0,0
2007-05-21,50000.0,0.0,50000.0,0
2007-05-22,50000.0,0.0,50000.0,0
2007-05-23,50000.0,0.0,50000.0,0
2007-05-24,50000.0,0.0,50000.0,0
2007-05-25,50000.0,0.0,50000.0,0
2007-05-28,50000.0,0.0,50000.0,0
2007-05-29,50000.0,0.0,50000.0,0
2007-05-30,50000.0,0.0,50000.0,0
2007-05-31,50000.0,0.0,50000.0,0
2007-06-01,50000.0,0.0,50000.0,0
2007-06-04,50000.0,0.0,50000.0,0
2007-06-05,50000.0,0.0,50000.0,0
2007-06-06,50000.0,0.0,50000.0,0
2007-06-07,50000.0,0.0,50000.0,0
2007-06-08,50000.0,0.0,50000.0,0
2007-06-11,50000.0,0.0,50000.0,0
2007-06-12,50000.0,0.0,50000.0,0
2007-06-13,50000.0,0.0,50000.0,0
2007-06-14,50000.0,0.0,50000.0,0
2007-06-15,50000.0,0.0,50000.0,0
2007-06-18,50000.0,0.0,50000.0,0
2007-06-19,50000.0,0.0,50000.0,0
2007-06-20,50000.0,0.0,50000.0,0
2007-06-21,50000.0,0.0,50000.0,0
2007-06-22,50000.0,0.0,50000.0,0
2007-06-25,50000.0,0.0,50000.0,0
2007-06-26,50000.0,0.0,50000.0,0
2007-06-27,50000.0,0.0,50000.0,0
2007-06-28,50000.0,0.0,50000.0,0
2007-06-29,50000.0,0.0,50000.0,0
2007-07-02,50000.0,0.0,50000.0,0
2007-07-03,50000.0,0.0,50000.0,0
2007-07-04,50000.0,0.0,50000.0,0
2007-07-05,50000.0,0.0,50000.0,0
2007-07-06,50000.0,0.0,50000.0,0
2007-07-09,50000.0,0.0,50000.0,0
2007-07-10,50000.0,0.0,50000.0,0
2007-07-11,50000.0,0.0,50000.0,0
2007-07-12,50000.0,0.0,50000.0,0
2007-07-13,50000.0,0.0,50000.0,0
2007-07-16,50000.0,0.0,50000.0,0
2007-07-17,50000.0,0.0,50000.0,0
2007-07-18,50000.0,0.0,50000.0,0
2007-07-19,50000.0,0.0,50000.0,0
2007-07-20,50000.0,0.0,50000.0,0
2007-07-23,50000.0,0.0,50000.0,0
2007-07-24,50000.0,0.0,50000.0,0
2007-07-25,50000.0,0.0,50000.0,0
2007-07-26,50000.0,0.0,50000.0,0
2007-07-27,50000.0,0.0,50000.0,0
2007-07-30,50000.0,0.0,50000.0,0
2007-07-31,50000.0,0.0,50000.0,0
2007-08-01,50000.0,0.0,50000.0,0
2007-08-02,50000.0,0.0,50000.0,0
2007-08-03,50000.0,0.0,50000.0,0
2007-08-06,50000.0,0.0,50000.0,0
2007-08-07,50000.0,0.0,50000.0,0
2007-08-08,50000.0,0.0,50000.0,0
2007-08-09,50000.0,0.0,50000.0,0
2007-08-10,50000.0,0.0,50000.0,0
2007-08-13,50000.0,0.0,50000.0,0
2007-08-14,50000.0,0.0,50000.0,0
2007-08-16,50000.0,0.0,50000.0,0
2007-08-17,50000.0,0.0,50000.0,0
2007-08-20,50000.0,0.0,50000.0,0
2007-08-21,50000.0,0.0,50000.0,0
2007-08-22,50000.0,0.0,50000.0,0
2007-08-23,50000.0,0.0,50000.0,0
2007-08-24,50000.0,0.0,50000.0,0
2007-08-27,50000.0,0.0,50000.0,0
2007-08-28,50000.0,0.0,50000.0,0
2007-08-29,50000.0,0.0,50000.0,0
2007-08-30,50000.0,0.0,50000.0,0
2007-08-31,50000.0,0.0,50000.0,0
2007-09-03,50000.0,0.0,50000.0,0
2007-09-04,50000.0,0.0,50000.0,0
2007-09-05,50000.0,0.0,50000.0,0
2007-09-06,50000.0,0.0,50000.0,0
2007-09-07,50000.0,0.0,50000.0,0
2007-09-10,50000.0,0.0,50000.0,0
2007-09-11,50000.0,0.0,50000.0,0
2007-09-12,50000.0,0.0,50000.0,0
2007-09-13,50000.0,0.0,50000.0,0
2007-09-14,50000.0,0.0,50000.0,0
2007-09-17,50000.0,0.0,50000.0,0
2007-09-18,50000.0,0.0,50000.0,0
2007-09-19,50000.0,0.0,50000.0,0
2007-09-20,50000.0,0.0,50000.0,0
2007-09-21,50000.0,0.0,50000.0,0
2007-09-24,50000.0,0.0,50000.0,0
2007-09-25,50000.0,0.0,50000.0,0
2007-09-26,50000.0,0.0,50000.0,0
2007-09-27,50000.0,0.0,50000.0,0
2007-09-28,50000.0,0.0,50000.0,0
2007-10-01,50000.0,0.0,50000.0,0
2007-10-03,50000.0,0.0,50000.0,0
2007-10-04,50000.0,0.0,50000.0,0
2007-10-05,50000.0,0.0,50000.0,0
2007-10-08,50000.0,0.0,50000.0,0
2007-10-09,50000.0,0.0,50000.0,0
2007-10-10,50000.0,0.0,50000.0,0
2007-10-11,50000.0,0.0,50000.0,0
2007-10-12,50000.0,0.0,50000.0,0
2007-10-15,50000.0,0.0,50000.0,0
2007-10-16,50000.0,0.0,50000.0,0
2007-10-17,50000.0,0.0,50000.0,0
2007-10-18,50000.0,0.0,50000.0,0
2007-10-19,50000.0,0.0,50000.0,0
2007-10-22,50000.0,0.0,50000.0,0
2007-10-23,50000.0,0.0,50000.0,0
2007-10-24,50000.0,0.0,50000.0,0
2007-10-25,50000.0,0.0,50000.0,0
2007-10-26,50000.0,0.0,50000.0,0
2007-10-29,50000.0,0.0,50000.0,0
2007-10-30,50000.0,0.0,50000.0,0
2007-10-31,50000.0,0.0,50000.0,0
2007-11-01,50000.0,0.0,50000.0,0
2007-11-02,50000.0,0.0,50000.0,0
2007-11-05,50000.0,0.0,50000.0,0
2007-11-06,50000.0,0.0,50000.0,0
2007-11-07,50000.0,0.0,50000.0,0
2007-11-08,50000.0,0.0,50000.0,0
2007-11-09,50000.0,0.0,50000.0,0
2007-11-12,50000.0,0.0,50000.0,0
2007-11-13,50000.0,0.0,50000.0,0
2007-11-14,50000.0,0.0,50000.0,0
2007-11-15,50000.0,0.0,50000.0,0
2007-11-16,50000.0,0.0,50000.0,0
2007-11-19,50000.0,0.0,50000.0,0
2007-11-20,50000.0,0.0,50000.0,0
2007-11-21,50000.0,0.0,50000.0,0
2007-11-22,50000.0,0.0,50000.0,0
2007-11-23,50000.0,0.0,50000.0,0
2007-11-26,50000.0,0.0,50000.0,0
2007-11-27,50000.0,0.0,50000.0,0
2007-11-28,50000.0,0.0,50000.0,0
2007-11-29,50000.0,0.0,50000.0,0
2007-11-30,50000.0,0.0,50000.0,0
2007-12-03,50000.0,0.0,50000.0,0
2007-12-04,50000.0,0.0,50000.0,0
2007-12-05,50000.0,0.0,50000.0,0
2007-12-06,50000.0,0.0,50000.0,0
2007-12-07,50000.0,0.0,50000.0,0
2007-12-10,50000.0,0.0,50000.0,0
2007-12-11,50000.0,0.0,50000.0,0
2007-12-12,50000.0,0.0,50000.0,0
2007-12-13,50000.0,0.0,50000.0,0
2007-12-14,50000.0,0.0,50000.0,0
2007-12-17,50000.0,0.0,50000.0,0
2007-12-18,50000.0,0.0,50000.0,0
2007-12-19,50000.0,0.0,50000.0,0
2007-12-20,50000.0,0.0,50000.0,0
2007-12-24,50000.0,0.0,50000.0,0
2007-12-26,50000.0,0.0,50000.0,0
2007-12-27,50000.0,0.0,50000.0,0
2007-12-28,50000.0,0.0,50000.0,0
2007-12-31,50000.0,0.0,50000.0,0
2008-01-01,50000.0,0.0,50000.0,0
2008-01-02,50000.0,0.0,50000.0,0
2008-01-03,50000.0,0.0,50000.0,0
2008-01-04,50000.0,0.0,50000.0,0
2008-01-07,50000.0,0.0,50000.0,0
2008-01-08,50000.0,0.0,50000.0,0
2008-01-09,50000.0,0.0,50000.0,0
2008-01-10,50000.0,0.0,50000.0,0
2008-01-11,50000.0,0.0,50000.0,0
2008-01-14,50000.0,0.0,50000.0,0
2008-01-15,50000.0,0.0,50000.0,0
2008-01-16,50000.0,0.0,50000.0,0
2008-01-17,50000.0,0.0,50000.0,0
2008-01-18,50000.0,0.0,50000.0,0
2008-01-21,50000.0,0.0,50000.0,0
2008-01-22,50000.0,0.0,50000.0,0
2008-01-23,50000.0,0.0,50000.0,0
2008-01-24,50000.0,0.0,50000.0,0
2008-01-25,50000.0,0.0,50000.0,0
2008-01-28,50000.0,0.0,50000.0,0
2008-01-29,50000.0,0.0,50000.0,0
2008-01-30,50000.0,0.0,50000.0,0
2008-01-31,50000.0,0.0,50000.0,0
2008-02-01,50000.0,0.0,50000.0,0
2008-02-04,50000.0,0.0,50000.0,0
2008-02-05,50000.0,0.0,50000.0,0
2008-02-06,50000.0,0.0,50000.0,0
2008-02-07,50000.0,0.0,50000.0,0
2008-02-08,50000.0,0.0,50000.0,0
2008-02-11,50000.0,0.0,50000.0,0
2008-02-12,50000.0,0.0,50000.0,0
2008-02-13,50000.0,0.0,50000.0,0
2008-02-14,50000.0,0.0,50000.0,0
2008-02-15,50000.0,0.0,50000.0,0
2008-02-18,50000.0,0.0,50000.0,0
2008-02-19,50000.0,0.0,50000.0,0
2008-02-20,50000.0,0.0,50000.0,0
2008-02-21,50000.0,0.0,50000.0,0
2008-02-22,50000.0,0.0,50000.0,0
2008-02-25,50000.0,0.0,50000.0,0
2008-02-26,50000.0,0.0,50000.0,0
2008-02-27,50000.0,0.0,50000.0,0
2008-02-28,50000.0,0.0,50000.0,0
2008-02-29,50000.0,0.0,50000.0,0
2008-03-03,50000.0,0.0,50000.0,0
2008-03-04,50000.0,0.0,50000.0,0
2008-03-05,50000.0,0.0,50000.0,0
2008-03-07,50000.0,0.0,50000.0,0
2008-03-10,50000.0,0.0,50000.0,0
2008-03-11,50000.0,0.0,50000.0,0
2008-03-12,50000.0,0.0,50000.0,0
2008-03-13,50000.0,0.0,50000.0,0
2008-03-14,50000.0,0.0,50000.0,0
2008-03-17,50000.0,0.0,50000.0,0
2008-03-18,50000.0,0.0,50000.0,0
2008-03-19,50000.0,0.0,50000.0,0
2008-03-24,50000.0,0.0,50000.0,0
2008-03-25,50000.0,0.0,50000.0,0
2008-03-26,50000.0,0.0,50000.0,0
2008-03-27,50000.0,0.0,50000.0,0
2008-03-28,50000.0,0.0,50000.0,0
2008-03-31,50000.0,0.0,50000.0,0
2008-04-01,50000.0,0.0,50000.0,0
2008-04-02,50000.0,0.0,50000.0,0
2008-04-03,50000.0,0.0,50000.0,0
2008-04-04,50000.0,0.0,50000.0,0
2008-04-07,50000.0,0.0,50000.0,0
2008-04-08,50000.0,0.0,50000.0,0
2008-04-09,50000.0,0.0,50000.0,0
2008-04-10,50000.0,0.0,50000.0,0
2008-04-11,50000.0,0.0,50000.0,0
2008-04-15,50000.0,0.0,50000.0,0
2008-04-16,50000.0,0.0,50000.0,0
2008-04-17,50000.0,0.0,50000.0,0
2008-04-21,50000.0,0.0,50000.0,0
2008-04-22,50000.0,0.0,50000.0,0
2008-04-23,50000.0,0.0,50000.0,0
2008-04-24,50000.0,0.0,50000.0,0
2008-04-25,50000.0,0.0,50000.0,0
2008-04-28,50000.0,0.0,50000.0,0
2008-04-29,50000.0,0.0,50000.0,0
2008-04-30,50000.0,0.0,50000.0,0
2008-05-02,50000.0,0.0,50000.0,0
2008-05-05,50000.0,0.0,50000.0,0
2008-05-06,50000.0,0.0,50000.0,0
2008-05-07,50000.0,0.0,50000.0,0
2008-05-08,50000.0,0.0,50000.0,0
2008-05-09,50000.0,0.0,50000.0,0
2008-05-12,50000.0,0.0,50000.0,0
2008-05-13,50000.0,0.0,50000.0,0
2008-05-14,50000.0,0.0,50000.0,0
2008-05-15,50000.0,0.0,50000.0,0
2008-05-16,50000.0,0.0,50000.0,0
2008-05-20,50000.0,0.0,50000.0,0
2008-05-21,50000.0,0.0,50000.0,0
2008-05-22,50000.0,0.0,50000.0,0
2008-05-23,50000.0,0.0,50000.0,0
2008-05-26,50000.0,0.0,50000.0,0
2008-05-27,50000.0,0.0,50000.0,0
2008-05-28,50000.0,0.0,50000.0,0
2008-05-29,50000.0,0.0,50000.0,0
2008-05-30,50000.0,0.0,50000.0,0
2008-06-02,50000.0,0.0,50000.0,0
2008-06-03,50000.0,0.0,50000.0,0
2008-06-04,50000.0,0.0,50000.0,0
2008-06-05,50000.0,0.0,50000.0,0
2008-06-06,50000.0,0.0,50000.0,0
2008-06-09,50000.0,0.0,50000.0,0
2008-06-10,50000.0,0.0,50000.0,0
2008-06-11,50000.0,0.0,50000.0,0
2008-06-12,50000.0,0.0,50000.0,0
2008-06-13,50000.0,0.0,50000.0,0
2008-06-16,50000.0,0.0,50000.0,0
2008-06-17,50000.0,0.0,50000.0,0
2008-06-18,50000.0,0.0,50000.0,0
2008-06-19,50000.0,0.0,50000.0,0
2008-06-20,50000.0,0.0,50000.0,0
2008-06-23,50000.0,0.0,50000.0,0
2008-06-24,50000.0,0.0,50000.0,0
2008-06-25,50000.0,0.0,50000.0,0
2008-06-26,50000.0,0.0,50000.0,0
2008-06-27,50000.0,0.0,50000.0,0
2008-06-30,50000.0,0.0,50000.0,0
2008-07-01,50000.0,0.0,50000.0,0
2008-07-02,50000.0,0.0,50000.0,0
2008-07-03,50000.0,0.0,50000.0,0
2008-07-04,50000.0,0.0,50000.0,0
2008-07-07,50000.0,0.0,50000.0,0
2008-07-08,50000.0,0.0,50000.0,0
2008-07-09,50000.0,0.0,50000.0,0
2008-07-10,50000.0,0.0,50000.0,0
2008-07-11,50000.0,0.0,50000.0,0
2008-07-14,50000.0,0.0,50000.0,0
2008-07-15,50000.0,0.0,50000.0,0
2008-07-16,50000.0,0.0,50000.0,0
2008-07-17,50000.0,0.0,50000.0,0
2008-07-18,50000.0,0.0,50000.0,0
2008-07-21,50000.0,0.0,50000.0,0
2008-07-22,50000.0,0.0,50000.0,0
2008-07-23,50000.0,0.0,50000.0,0
2008-07-24,50000.0,0.0,50000.0,0
2008-07-25,50000.0,0.0,50000.0,0
2008-07-28,50000.0,0.0,50000.0,0
2008-07-29,50000.0,0.0,50000.0,0
2008-07-30,50000.0,0.0,50000.0,0
2008-07-31,50000.0,0.0,50000.0,0
2008-08-01,50000.0,0.0,50000.0,0
2008-08-04,50000.0,0.0,50000.0,0
2008-08-05,50000.0,0.0,50000.0,0
2008-08-06,50000.0,0.0,50000.0,0
2008-08-07,50000.0,0.0,50000.0,0
2008-08-08,50000.0,0.0,50000.0,0
2008-08-11,50000.0,0.0,50000.0,0
2008-08-12,50000.0,0.0,50000.0,0
2008-08-13,50000.0,0.0,50000.0,0
2008-08-14,50000.0,0.0,50000.0,0
2008-08-18,50000.0,0.0,50000.0,0
2008-08-19,50000.0,0.0,50000.0,0
2008-08-20,50000.0,0.0,50000.0,0
2008-08-21,50000.0,0.0,50000.0,0
2008-08-22,50000.0,0.0,50000.0,0
2008-08-25,50000.0,0.0,50000.0,0
2008-08-26,50000.0,0.0,50000.0,0
2008-08-27,50000.0,0.0,50000.0,0
2008-08-28,50000.0,0.0,50000.0,0
2008-08-29,50000.0,0.0,50000.0,0
2008-09-01,50000.0,0.0,50000.0,0
2008-09-02,50000.0,0.0,50000.0,0
2008-09-04,50000.0,0.0,50000.0,0
2008-09-05,50000.0,0.0,50000.0,0
2008-09-08,50000.0,0.0,50000.0,0
2008-09-09,50000.0,0.0,50000.0,0
2008-09-10,50000.0,0.0,50000.0,0
2008-09-11,50000.0,0.0,50000.0,0
2008-09-12,50000.0,0.0,50000.0,0
2008-09-15,50000.0,0.0,50000.0,0
2008-09-16,50000.0,0.0,50000.0,0
2008-09-17,50000.0,0.0,50000.0,0
2008-09-18,50000.0,0.0,50000.0,0
2008-09-19,50000.0,0.0,50000.0,0
2008-09-22,50000.0,0.0,50000.0,0
2008-09-23,50000.0,0.0,50000.0,0
2008-09-24,50000.0,0.0,50000.0,0
2008-09-25,50000.0,0.0,50000.0,0
2008-09-26,50000.0,0.0,50000.0,0
2008-09-29,50000.0,0.0,50000.0,0
2008-09-30,50000.0,0.0,50000.0,0
2008-10-01,50000.0,0.0,50000.0,0
2008-10-03,50000.0,0.0,50000.0,0
2008-10-06,50000.0,0.0,50000.0,0
2008-10-07,50000.0,0.0,50000.0,0
2008-10-08,50000.0,0.0,50000.0,0
2008-10-10,50000.0,0.0,50000.0,0
2008-10-13,50000.0,0.0,50000.0,0
2008-10-14,50000.0,0.0,50000.0,0
2008-10-15,50000.0,0.0,50000.0,0
2008-10-16,50000.0,0.0,50000.0,0
2008-10-17,50000.0,0.0,50000.0,0
2008-10-20,50000.0,0.0,50000.0,0
2008-10-21,50000.0,0.0,50000.0,0
2008-10-22,50000.0,0.0,50000.0,0
2008-10-23,50000.0,0.0,50000.0,0
2008-10-24,50000.0,0.0,50000.0,0
2008-10-27,50000.0,0.0,50000.0,0
2008-10-28,50000.0,0.0,50000.0,0
2008-10-29,50000.0,0.0,50000.0,0
2008-10-31,50000.0,0.0,50000.0,0
2008-11-03,50000.0,0.0,50000.0,0
2008-11-04,50000.0,0.0,50000.0,0
2008-11-05,50000.0,0.0,50000.0,0
2008-11-06,50000.0,0.0,50000.0,0
2008-11-07,50000.0,0.0,50000.0,0
2008-11-10,50000.0,0.0,50000.0,0
2008-11-11,50000.0,0.0,50000.0,0
2008-11-12,50000.0,0.0,50000.0,0
2008-11-14,50000.0,0.0,50000.0,0
2008-11-17,50000.0,0.0,50000.0,0
2008-11-18,50000.0,0.0,50000.0,0
2008-11-19,50000.0,0.0,50000.0,0
2008-11-20,50000.0,0.0,50000.0,0
2008-11-21,50000.0,0.0,50000.0,0
2008-11-24,50000.0,0.0,50000.0,0
2008-11-25,50000.0,0.0,50000.0,0
2008-11-26,50000.0,0.0,50000.0,0
2008-11-28,50000.0,0.0,50000.0,0
2008-12-01,50000.0,0.0,50000.0,0
2008-12-02,50000.0,0.0,50000.0,0
2008-12-03,50000.0,0.0,50000.0,0
2008-12-04,50000.0,0.0,50000.0,0
2008-12-05,50000.0,0.0,50000.0,0
2008-12-08,50000.0,0.0,50000.0,0
2008-12-10,50000.0,0.0,50000.0,0
2008-12-11,50000.0,0.0,50000.0,0
2008-12-12,50000.0,0.0,50000.0,0
2008-12-15,50000.0,0.0,50000.0,0
2008-12-16,50000.0,0.0,50000.0,0
2008-12-17,50000.0,0.0,50000.0,0
2008-12-18,50000.0,0.0,50000.0,0
2008-12-19,50000.0,0.0,50000.0,0
2008-12-22,50000.0,0.0,50000.0,0
2008-12-23,50000.0,0.0,50000.0,0
2008-12-24,50000.0,0.0,50000.0,0
2008-12-26,50000.0,0.0,50000.0,0
2008-12-29,50000.0,0.0,50000.0,0
2008-12-30,50000.0,0.0,50000.0,0
2008-12-31,50000.0,0.0,50000.0,0
2009-01-01,50000.0,0.0,50000.0,0
2009-01-02,50000.0,0.0,50000.0,0
2009-01-05,50000.0,0.0,50000.0,0
2009-01-06,50000.0,0.0,50000.0,0
2009-01-07,50000.0,0.0,50000.0,0
2009-01-09,50000.0,0.0,50000.0,0
2009-01-12,50000.0,0.0,50000.0,0
2009-01-13,50000.0,0.0,50000.0,0
2009-01-14,50000.0,0.0,50000.0,0
2009-01-15,50000.0,0.0,50000.0,0
2009-01-16,50000.0,0.0,50000.0,0
2009-01-19,50000.0,0.0,50000.0,0
2009-01-20,50000.0,0.0,50000.0,0
2009-01-21,50000.0,0.0,50000.0,0
2009-01-22,50000.0,0.0,50000.0,0
2009-01-23,50000.0,0.0,50000.0,0
2009-01-27,50000.0,0.0,50000.0,0
2009-01-28,50000.0,0.0,50000.0,0
2009-01-29,50000.0,0.0,50000.0,0
2009-01-30,50000.0,0.0,50000.0,0
2009-02-02,50000.0,0.0,50000.0,0
2009-02-03,50000.0,0.0,50000.0,0
2009-02-04,50000.0,0.0,50000.0,0
2009-02-05,50000.0,0.0,50000.0,0
2009-02-06,50000.0,0.0,50000.0,0
2009-02-09,50000.0,0.0,50000.0,0
2009-02-10,50000.0,0.0,50000.0,0
2009-02-11,50000.0,0.0,50000.0,0
2009-02-12,50000.0,0.0,50000.0,0
2009-02-13,50000.0,0.0,50000.0,0
2009-02-16,50000.0,0.0,50000.0,0
2009-02-17,50000.0,0.0,50000.0,0
2009-02-18,50000.0,0.0,50000.0,0
2009-02-19,50000.0,0.0,50000.0,0
2009-02-20,50000.0,0.0,50000.0,0
2009-02-24,50000.0,0.0,50000.0,0
2009-02-25,50000.0,0.0,50000.0,0
2009-02-26,50000.0,0.0,50000.0,0
2009-02-27,50000.0,0.0,50000.0,0
2009-03-02,50000.0,0.0,50000.0,0
2009-03-03,50000.0,0.0,50000.0,0
2009-03-04,50000.0,0.0,50000.0,0
2009-03-05,50000.0,0.0,50000.0,0
2009-03-06,50000.0,0.0,50000.0,0
2009-03-09,50000.0,0.0,50000.0,0
2009-03-12,50000.0,0.0,50000.0,0
2009-03-13,50000.0,0.0,50000.0,0
2009-03-16,50000.0,0.0,50000.0,0
2009-03-17,50000.0,0.0,50000.0,0
2009-03-18,50000.0,0.0,50000.0,0
2009-03-19,50000.0,0.0,50000.0,0
2009-03-20,50000.0,0.0,50000.0,0
2009-03-23,50000.0,0.0,50000.0,0
2009-03-24,50000.0,0.0,50000.0,0
2009-03-25,50000.0,0.0,50000.0,0
2009-03-26,50000.0,0.0,50000.0,0
2009-03-27,50000.0,0.0,50000.0,0
2009-03-30,50000.0,0.0,50000.0,0
2009-03-31,50000.0,0.0,50000.0,0
2009-04-01,50000.0,0.0,50000.0,0
2009-04-02,50000.0,0.0,50000.0,0
2009-04-06,50000.0,0.0,50000.0,0
2009-04-08,50000.0,0.0,50000.0,0
2009-04-09,50000.0,0.0,50000.0,0
2009-04-13,50000.0,0.0,50000.0,0
2009-04-15,50000.0,0.0,50000.0,0
2009-04-16,50000.0,0.0,50000.0,0
2009-04-17,50000.0,0.0,50000.0,0
2009-04-20,50000.0,0.0,50000.0,0
2009-04-21,50000.0,0.0,50000.0,0
2009-04-22,50000.0,0.0,50000.0,0
2009-04-23,50000.0,0.0,50000.0,0
2009-04-24,50000.0,0.0,50000.0,0
2009-04-27,50000.0,0.0,50000.0,0
2009-04-28,50000.0,0.0,50000.0,0
2009-04-29,50000.0,0.0,50000.0,0
2009-05-04,50000.0,0.0,50000.0,0
2009-05-05,50000.0,0.0,50000.0,0
2009-05-06,50000.0,0.0,50000.0,0
2009-05-07,50000.0,0.0,50000.0,0
2009-05-08,50000.0,0.0,50000.0,0
2009-05-11,50000.0,0.0,50000.0,0
2009-05-12,50000.0,0.0,50000.0,0
2009-05-13,50000.0,0.0,50000.0,0
2009-05-14,50000.0,0.0,50000.0,0
2009-05-15,50000.0,0.0,50000.0,0
2009-05-18,50000.0,0.0,50000.0,0
2009-05-19,50000.0,0.0,50000.0,0
2009-05-20,50000.0,0.0,50000.0,0
2009-05-21,50000.0,0.0,50000.0,0
2009-05-22,50000.0,0.0,50000.0,0
2009-05-25,50000.0,0.0,50000.0,0
2009-05-26,50000.0,0.0,50000.0,0
2009-05-27,50000.0,0.0,50000.0,0
2009-05-28,50000.0,0.0,50000.0,0
2009-05-29,50000.0,0.0,50000.0,0
2009-06-01,50000.0,0.0,50000.0,0
2009-06-02,50000.0,0.0,50000.0,0
2009-06-03,50000.0,0.0,50000.0,0
2009-06-04,50000.0,0.0,50000.0,0
2009-06-05,50000.0,0.0,50000.0,0
2009-06-08,50000.0,0.0,50000.0,0
2009-06-09,50000.0,0.0,50000.0,0
2009-06-10,50000.0,0.0,50000.0,0
2009-06-11,50000.0,0.0,50000.0,0
2009-06-12,50000.0,0.0,50000.0,0
2009-06-15,50000.0,0.0,50000.0,0
2009-06-16,50000.0,0.0,50000.0,0
2009-06-17,50000.0,0.0,50000.0,0
2009-06-18,50000.0,0.0,50000.0,0
2009-06-19,50000.0,0.0,50000.0,0
2009-06-22,50000.0,0.0,50000.0,0
2009-06-23,50000.0,0.0,50000.0,0
2009-06-24,50000.0,0.0,50000.0,0
2009-06-25,50000.0,0.0,50000.0,0
2009-06-26,50000.0,0.0,50000.0,0
2009-06-29,50000.0,0.0,50000.0,0
2009-06-30,50000.0,0.0,50000.0,0
2009-07-01,50000.0,0.0,50000.0,0
2009-07-02,50000.0,0.0,50000.0,0
2009-07-03,50000.0,0.0,50000.0,0
2009-07-06,50000.0,0.0,50000.0,0
2009-07-07,50000.0,0.0,50000.0,0
2009-07-08,50000.0,0.0,50000.0,0
2009-07-09,50000.0,0.0,50000.0,0
2009-07-10,50000.0,0.0,50000.0,0
2009-07-13,50000.0,0.0,50000.0,0
2009-07-14,50000.0,0.0,50000.0,0
2009-07-15,50000.0,0.0,50000.0,0
2009-07-16,50000.0,0.0,50000.0,0
2009-07-17,50000.0,0.0,50000.0,0
2009-07-20,50000.0,0.0,50000.0,0
2009-07-21,50000.0,0.0,50000.0,0
2009-07-22,50000.0,0.0,50000.0,0
2009-07-23,50000.0,0.0,50000.0,0
2009-07-24,50000.0,0.0,50000.0,0
2009-07-27,50000.0,0.0,50000.0,0
2009-07-28,50000.0,0.0,50000.0,0
2009-07-29,50000.0,0.0,50000.0,0
2009-07-30,50000.0,0.0,50000.0,0
2009-07-31,50000.0,0.0,50000.0,0
2009-08-03,50000.0,0.0,50000.0,0
2009-08-04,50000.0,0.0,50000.0,0
2009-08-05,50000.0,0.0,50000.0,0
2009-08-06,50000.0,0.0,50000.0,0
2009-08-07,50000.0,0.0,50000.0,0
2009-08-10,50000.0,0.0,50000.0,0
2009-08-11,50000.0,0.0,50000.0,0
2009-08-12,50000.0,0.0,50000.0,0
2009-08-13,50000.0,0.0,50000.0,0
2009-08-14,50000.0,0.0,50000.0,0
2009-08-17,50000.0,0.0,50000.0,0
2009-08-18,50000.0,0.0,50000.0,0
2009-08-19,50000.0,0.0,50000.0,0
2009-08-20,50000.0,0.0,50000.0,0
2009-08-21,50000.0,0.0,50000.0,0
2009-08-24,50000.0,0.0,50000.0,0
2009-08-25,50000.0,0.0,50000.0,0
2009-08-26,50000.0,0.0,50000.0,0
2009-08-27,50000.0,0.0,50000.0,0
2009-08-28,50000.0,0.0,50000.0,0
2009-08-31,50000.0,0.0,50000.0,0
2009-09-01,50000.0,0.0,50000.0,0
2009-09-02,50000.0,0.0,50000.0,0
2009-09-03,50000.0,0.0,50000.0,0
2009-09-04,50000.0,0.0,50000.0,0
2009-09-07,50000.0,0.0,50000.0,0
2009-09-08,50000.0,0.0,50000.0,0
2009-09-09,50000.0,0.0,50000.0,0
2009-09-10,50000.0,0.0,50000.0,0
2009-09-11,50000.0,0.0,50000.0,0
2009-09-14,50000.0,0.0,50000.0,0
2009-09-15,50000.0,0.0,50000.0,0
2009-09-16,50000.0,0.0,50000.0,0
2009-09-17,50000.0,0.0,50000.0,0
2009-09-18,50000.0,0.0,50000.0,0
2009-09-22,50000.0,0.0,50000.0,0
2009-09-23,50000.0,0.0,50000.0,0
2009-09-24,50000.0,0.0,50000.0,0
2009-09-25,50000.0,0.0,50000.0,0
2009-09-29,50000.0,0.0,50000.0,0
2009-09-30,50000.0,0.0,50000.0,0
2009-10-01,50000.0,0.0,50000.0,0
2009-10-05,50000.0,0.0,50000.0,0
2009-10-06,50000.0,0.0,50000.0,0
2009-10-07,50000.0,0.0,50000.0,0
2009-10-08,50000.0,0.0,50000.0,0
2009-10-09,50000.0,0.0,50000.0,0
2009-10-12,50000.0,0.0,50000.0,0
2009-10-14,50000.0,0.0,50000.0,0
2009-10-15,50000.0,0.0,50000.0,0
2009-10-16,50000.0,0.0,50000.0,0
2009-10-20,50000.0,0.0,50000.0,0
2009-10-21,50000.0,0.0,50000.0,0
2009-10-22,50000.0,0.0,50000.0,0
2009-10-23,50000.0,0.0,50000.0,0
2009-10-26,50000.0,0.0,50000.0,0
2009-10-27,50000.0,0.0,50000.0,0
2009-10-28,50000.0,0.0,50000.0,0
2009-10-29,50000.0,0.0,50000.0,0
2009-10-30,50000.0,0.0,50000.0,0
2009-11-03,50000.0,0.0,50000.0,0
2009-11-04,50000.0,0.0,50000.0,0
2009-11-05,50000.0,0.0,50000.0,0
2009-11-06,50000.0,0.0,50000.0,0
2009-11-09,50000.0,0.0,50000.0,0
2009-11-10,50000.0,0.0,50000.0,0
2009-11-11,50000.0,0.0,50000.0,0
2009-11-12,50000.0,0.0,50000.0,0
2009-11-13,50000.0,0.0,50000.0,0
2009-11-16,50000.0,0.0,50000.0,0
2009-11-17,50000.0,0.0,50000.0,0
2009-11-18,50000.0,0.0,50000.0,0
2009-11-19,50000.0,0.0,50000.0,0
2009-11-20,50000.0,0.0,50000.0,0
2009-11-23,50000.0,0.0,50000.0,0
2009-11-24,50000.0,0.0,50000.0,0
2009-11-25,50000.0,0.0,50000.0,0
2009-11-26,50000.0,0.0,50000.0,0
2009-11-27,50000.0,0.0,50000.0,0
2009-11-30,50000.0,0.0,50000.0,0
2009-12-01,50000.0,0.0,50000.0,0
2009-12-02,50000.0,0.0,50000.0,0
2009-12-03,50000.0,0.0,50000.0,0
2009-12-04,50000.0,0.0,50000.0,0
2009-12-07,50000.0,0.0,50000.0,0
2009-12-08,50000.0,0.0,50000.0,0
2009-12-09,50000.0,0.0,50000.0,0
2009-12-10,50000.0,0.0,50000.0,0
2009-12-11,50000.0,0.0,50000.0,0
2009-12-14,50000.0,0.0,50000.0,0
2009-12-15,50000.0,0.0,50000.0,0
2009-12-16,50000.0,0.0,50000.0,0
2009-12-17,50000.0,0.0,50000.0,0
2009-12-18,50000.0,0.0,50000.0,0
2009-12-21,50000.0,0.0,50000.0,0
2009-12-22,50000.0,0.0,50000.0,0
2009-12-23,50000.0,0.0,50000.0,0
2009-12-24,50000.0,0.0,50000.0,0
2009-12-29,50000.0,0.0,50000.0,0
2009-12-30,50000.0,0.0,50000.0,0
2009-12-31,50000.0,0.0,50000.0,0
2010-01-04,50000.0,0.0,50000.0,0
2010-01-05,50000.0,0.0,50000.0,0
2010-01-06,50000.0,0.0,50000.0,0
2010-01-07,50000.0,0.0,50000.0,0
2010-01-08,50000.0,0.0,50000.0,0
2010-01-11,50000.0,0.0,50000.0,0
2010-01-12,50000.0,0.0,50000.0,0
2010-01-13,50000.0,0.0,50000.0,0
2010-01-14,50000.0,0.0,50000.0,0
2010-01-15,50000.0,0.0,50000.0,0
2010-01-18,50000.0,0.0,50000.0,0
2010-01-19,50000.0,0.0,50000.0,0
2010-01-20,50000.0,0.0,50000.0,0
2010-01-21,50000.0,0.0,50000.0,0
2010-01-22,50000.0,0.0,50000.0,0
2010-01-25,50000.0,0.0,50000.0,0
2010-01-27,50000.0,0.0,50000.0,0
2010-01-28,50000.0,0.0,50000.0,0
2010-01-29,50000.0,0.0,50000.0,0
2010-02-01,50000.0,0.0,50000.0,0
2010-02-02,50000.0,0.0,50000.0,0
2010-02-03,50000.0,0.0,50000.0,0
2010-02-04,50000.0,0.0,50000.0,0
2010-02-05,50000.0,0.0,50000.0,0
2010-02-08,50000.0,0.0,50000.0,0
2010-02-09,50000.0,0.0,50000.0,0
2010-02-10,50000.0,0.0,50000.0,0
2010-02-11,50000.0,0.0,50000.0,0
2010-02-15,50000.0,0.0,50000.0,0
2010-02-16,50000.0,0.0,50000.0,0
2010-02-17,50000.0,0.0,50000.0,0
2010-02-18,50000.0,0.0,50000.0,0
2010-02-19,50000.0,0.0,50000.0,0
2010-02-22,50000.0,0.0,50000.0,0
2010-02-23,50000.0,0.0,50000.0,0
2010-02-24,50000.0,0.0,50000.0,0
2010-02-25,50000.0,0.0,50000.0,0
2010-02-26,50000.0,0.0,50000.0,0
2010-03-02,50000.0,0.0,50000.0,0
2010-03-03,50000.0,0.0,50000.0,0
2010-03-04,50000.0,0.0,50000.0,0
2010-03-05,50000.0,0.0,50000.0,0
2010-03-08,50000.0,0.0,50000.0,0
2010-03-09,50000.0,0.0,50000.0,0
2010-03-10,50000.0,0.0,50000.0,0
2010-03-11,50000.0,0.0,50000.0,0
2010-03-12,50000.0,0.0,50000.0,0
2010-03-15,50000.0,0.0,50000.0,0
2010-03-16,50000.0,0.0,50000.0,0
2010-03-17,50000.0,0.0,50000.0,0
2010-03-18,50000.0,0.0,50000.0,0
2010-03-19,50000.0,0.0,50000.0,0
2010-03-22,50000.0,0.0,50000.0,0
2010-03-23,50000.0,0.0,50000.0,0
2010-03-25,50000.0,0.0,50000.0,0
2010-03-26,50000.0,0.0,50000.0,0
2010-03-29,50000.0,0.0,50000.0,0
2010-03-30,50000.0,0.0,50000.0,0
2010-03-31,50000.0,0.0,50000.0,0
2010-04-01,50000.0,0.0,50000.0,0
2010-04-05,50000.0,0.0,50000.0,0
2010-04-06,50000.0,0.0,50000.0,0
2010-04-07,50000.0,0.0,50000.0,0
2010-04-08,50000.0,0.0,50000.0,0
2010-04-09,50000.0,0.0,50000.0,0
2010-04-12,50000.0,0.0,50000.0,0
2010-04-13,50000.0,0.0,50000.0,0
2010-04-15,50000.0,0.0,50000.0,0
2010-04-16,50000.0,0.0,50000.0,0
2010-04-19,50000.0,0.0,50000.0,0
2010-04-20,50000.0,0.0,50000.0,0
2010-04-21,50000.0,0.0,50000.0,0
2010-04-22,50000.0,0.0,50000.0,0
2010-04-23,50000.0,0.0,50000.0,0
2010-04-26,50000.0,0.0,50000.0,0
2010-04-27,50000.0,0.0,50000.0,0
2010-04-28,50000.0,0.0,50000.0,0
2010-04-29,50000.0,0.0,50000.0,0
2010-04-30,50000.0,0.0,50000.0,0
2010-05-03,50000.0,0.0,50000.0,0
2010-05-04,50000.0,0.0,50000.0,0
2010-05-05,50000.0,0.0,50000.0,0
2010-05-06,50000.0,0.0,50000.0,0
2010-05-07,50000.0,0.0,50000.0,0
2010-05-10,50000.0,0.0,50000.0,0
2010-05-11,50000.0,0.0,50000.0,0
2010-05-12,50000.0,0.0,50000.0,0
2010-05-13,50000.0,0.0,50000.0,0
2010-05-14,50000.0,0.0,50000.0,0
2010-05-17,50000.0,0.0,50000.0,0
2010-05-18,50000.0,0.0,50000.0,0
2010-05-19,50000.0,0.0,50000.0,0
2010-05-20,50000.0,0.0,50000.0,0
2010-05-21,50000.0,0.0,50000.0,0
2010-05-24,50000.0,0.0,50000.0,0
2010-05-25,50000.0,0.0,50000.0,0
2010-05-26,50000.0,0.0,50000.0,0
2010-05-27,50000.0,0.0,50000.0,0
2010-05-28,50000.0,0.0,50000.0,0
2010-05-31,50000.0,0.0,50000.0,0
2010-06-01,50000.0,0.0,50000.0,0
2010-06-02,50000.0,0.0,50000.0,0
2010-06-03,50000.0,0.0,50000.0,0
2010-06-04,50000.0,0.0,50000.0,0
2010-06-07,50000.0,0.0,50000.0,0
2010-06-08,50000.0,0.0,50000.0,0
2010-06-09,50000.0,0.0,50000.0,0
2010-06-10,50000.0,0.0,50000.0,0
2010-06-11,50000.0,0.0,50000.0,0
2010-06-14,50000.0,0.0,50000.0,0
2010-06-15,50000.0,0.0,50000.0,0
2010-06-16,50000.0,0.0,50000.0,0
2010-06-17,50000.0,0.0,50000.0,0
2010-06-18,50000.0,0.0,50000.0,0
2010-06-21,50000.0,0.0,50000.0,0
2010-06-22,50000.0,0.0,50000.0,0
2010-06-23,50000.0,0.0,50000.0,0
2010-06-24,50000.0,0.0,50000.0,0
2010-06-25,50000.0,0.0,50000.0,0
2010-06-28,50000.0,0.0,50000.0,0
2010-06-29,50000.0,0.0,50000.0,0
2010-06-30,50000.0,0.0,50000.0,0
2010-07-01,50000.0,0.0,50000.0,0
2010-07-02,50000.0,0.0,50000.0,0
2010-07-05,50000.0,0.0,50000.0,0
2010-07-06,50000.0,0.0,50000.0,0
2010-07-07,50000.0,0.0,50000.0,0
2010-07-08,50000.0,0.0,50000.0,0
2010-07-09,50000.0,0.0,50000.0,0
2010-07-12,50000.0,0.0,50000.0,0
2010-07-13,50000.0,0.0,50000.0,0
2010-07-14,50000.0,0.0,50000.0,0
2010-07-15,50000.0,0.0,50000.0,0
2010-07-16,50000.0,0.0,50000.0,0
2010-07-19,50000.0,0.0,50000.0,0
2010-07-20,50000.0,0.0,50000.0,0
2010-07-21,50000.0,0.0,50000.0,0
2010-07-22,50000.0,0.0,50000.0,0
2010-07-23,50000.0,0.0,50000.0,0
2010-07-26,50000.0,0.0,50000.0,0
2010-07-27,50000.0,0.0,50000.0,0
2010-07-28,50000.0,0.0,50000.0,0
2010-07-29,50000.0,0.0,50000.0,0
2010-07-30,50000.0,0.0,50000.0,0
2010-08-02,50000.0,0.0,50000.0,0
2010-08-03,50000.0,0.0,50000.0,0
2010-08-04,50000.0,0.0,50000.0,0
2010-08-05,50000.0,0.0,50000.0,0
2010-08-06,50000.0,0.0,50000.0,0
2010-08-09,50000.0,0.0,50000.0,0
2010-08-10,50000.0,0.0,50000.0,0
2010-08-11,50000.0,0.0,50000.0,0
2010-08-12,50000.0,0.0,50000.0,0
2010-08-13,50000.0,0.0,50000.0,0
2010-08-16,50000.0,0.0,50000.0,0
2010-08-17,50000.0,0.0,50000.0,0
2010-08-18,50000.0,0.0,50000.0,0
2010-08-19,50000.0,0.0,50000.0,0
2010-08-20,50000.0,0.0,50000.0,0
2010-08-23,50000.0,0.0,50000.0,0
2010-08-24,50000.0,0.0,50000.0,0
2010-08-25,50000.0,0.0,50000.0,0
2010-08-26,50000.0,0.0,50000.0,0
2010-08-27,50000.0,0.0,50000.0,0
2010-08-30,50000.0,0.0,50000.0,0
2010-08-31,50000.0,0.0,50000.0,0
2010-09-01,50000.0,0.0,50000.0,0
2010-09-02,50000.0,0.0,50000.0,0
2010-09-03,50000.0,0.0,50000.0,0
2010-09-06,50000.0,0.0,50000.0,0
2010-09-07,50000.0,0.0,50000.0,0
2010-09-08,50000.0,0.0,50000.0,0
2010-09-09,50000.0,0.0,50000.0,0
2010-09-13,50000.0,0.0,50000.0,0
2010-09-14,50000.0,0.0,50000.0,0
2010-09-15,50000.0,0.0,50000.0,0
2010-09-16,50000.0,0.0,50000.0,0
2010-09-17,50000.0,0.0,50000.0,0
2010-09-20,50000.0,0.0,50000.0,0
2010-09-21,50000.0,0.0,50000.0,0
2010-09-22,50000.0,0.0,50000.0,0
2010-09-23,50000.0,0.0,50000.0,0
2010-09-24,50000.0,0.0,50000.0,0
2010-09-27,50000.0,0.0,50000.0,0
2010-09-28,50000.0,0.0,50000.0,0
2010-09-29,50000.0,0.0,50000.0,0
2010-09-30,50000.0,0.0,50000.0,0
2010-10-01,50000.0,0.0,50000.0,0
2010-10-04,50000.0,0.0,50000.0,0
2010-10-05,50000.0,0.0,50000.0,0
2010-10-06,50000.0,0.0,50000.0,0
2010-10-07,50000.0,0.0,50000.0,0
2010-10-08,50000.0,0.0,50000.0,0
2010-10-11,50000.0,0.0,50000.0,0
2010-10-12,50000.0,0.0,50000.0,0
2010-10-13,50000.0,0.0,50000.0,0
2010-10-14,50000.0,0.0,50000.0,0
2010-10-15,50000.0,0.0,50000.0,0
2010-10-18,50000.0,0.0,50000.0,0
2010-10-19,50000.0,0.0,50000.0,0
2010-10-20,50000.0,0.0,50000.0,0
2010-10-21,50000.0,0.0,50000.0,0
2010-10-22,50000.0,0.0,50000.0,0
2010-10-25,50000.0,0.0,50000.0,0
2010-10-26,50000.0,0.0,50000.0,0
2010-10-27,50000.0,0.0,50000.0,0
2010-10-28,50000.0,0.0,50000.0,0
2010-10-29,50000.0,0.0,50000.0,0
2010-11-01,50000.0,0.0,50000.0,0
2010-11-02,50000.0,0.0,50000.0,0
2010-11-03,50000.0,0.0,50000.0,0
2010-11-04,50000.0,0.0,50000.0,0
2010-11-05,50000.0,0.0,50000.0,0
2010-11-08,50000.0,0.0,50000.0,0
2010-11-09,50000.0,0.0,50000.0,0
2010-11-10,50000.0,0.0,50000.0,0
2010-11-11,50000.0,0.0,50000.0,0
2010-11-12,50000.0,0.0,50000.0,0
2010-11-15,50000.0,0.0,50000.0,0
2010-11-16,50000.0,0.0,50000.0,0
2010-11-18,50000.0,0.0,50000.0,0
2010-11-19,50000.0,0.0,50000.0,0
2010-11-22,50000.0,0.0,50000.0,0
2010-11-23,50000.0,0.0,50000.0,0
2010-11-24,50000.0,0.0,50000.0,0
2010-11-25,50000.0,0.0,50000.0,0
2010-11-26,50000.0,0.0,50000.0,0
2010-11-29,50000.0,0.0,50000.0,0
2010-11-30,50000.0,0.0,50000.0,0
2010-12-01,50000.0,0.0,50000.0,0
2010-12-02,50000.0,0.0,50000.0,0
2010-12-03,50000.0,0.0,50000.0,0
2010-12-06,50000.0,0.0,50000.0,0
2010-12-07,50000.0,0.0,50000.0,0
2010-12-08,50000.0,0.0,50000.0,0
2010-12-09,50000.0,0.0,50000.0,0
2010-12-10,50000.0,0.0,50000.0,0
2010-12-13,50000.0,0.0,50000.0,0
2010-12-14,50000.0,0.0,50000.0,0
2010-12-15,50000.0,0.0,50000.0,0
2010-12-16,50000.0,0.0,50000.0,0
2010-12-20,50000.0,0.0,50000.0,0
2010-12-21,50000.0,0.0,50000.0,0
2010-12-22,50000.0,0.0,50000.0,0
2010-12-23,50000.0,0.0,50000.0,0
2010-12-24,50000.0,0.0,50000.0,0
2010-12-27,50000.0,0.0,50000.0,0
2010-12-28,50000.0,0.0,50000.0,0
2010-12-29,50000.0,0.0,50000.0,0
2010-12-30,50000.0,0.0,50000.0,0
2010-12-31,50000.0,0.0,50000.0,0
2011-01-03,50000.0,0.0,50000.0,0
2011-01-04,50000.0,0.0,50000.0,0
2011-01-05,50000.0,0.0,50000.0,0
2011-01-06,50000.0,0.0,50000.0,0
2011-01-07,50000.0,0.0,50000.0,0
2011-01-10,50000.0,0.0,50000.0,0
2011-01-11,50000.0,0.0,50000.0,0
2011-01-12,50000.0,0.0,50000.0,0
2011-01-13,50000.0,0.0,50000.0,0
2011-01-14,50000.0,0.0,50000.0,0
2011-01-17,50000.0,0.0,50000.0,0
2011-01-18,50000.0,0.0,50000.0,0
2011-01-19,50000.0,0.0,50000.0,0
2011-01-20,50000.0,0.0,50000.0,0
2011-01-21,50000.0,0.0,50000.0,0
2011-01-24,50000.0,0.0,50000.0,0
2011-01-25,50000.0,0.0,50000.0,0
2011-01-27,50000.0,0.0,50000.0,0
2011-01-28,50000.0,0.0,50000.0,0
2011-01-31,50000.0,0.0,50000.0,0
2011-02-01,50000.0,0.0,50000.0,0
2011-02-02,50000.0,0.0,50000.0,0
2011-02-03,50000.0,0.0,50000.0,0
2011-02-04,50000.0,0.0,50000.0,0
2011-02-07,50000.0,0.0,50000.0,0
2011-02-08,50000.0,0.0,50000.0,0
2011-02-09,50000.0,0.0,50000.0,0
2011-02-10,50000.0,0.0,50000.0,0
2011-02-11,50000.0,0.0,50000.0,0
2011-02-14,50000.0,0.0,50000.0,0
2011-02-15,50000.0,0.0,50000.0,0
2011-02-16,50000.0,0.0,50000.0,0
2011-02-17,50000.0,0.0,50000.0,0
2011-02-18,50000.0,0.0,50000.0,0
2011-02-21,50000.0,0.0,50000.0,0
2011-02-22,50000.0,0.0,50000.0,0
2011-02-23,50000.0,0.0,50000.0,0
2011-02-24,50000.0,0.0,50000.0,0
2011-02-25,50000.0,0.0,50000.0,0
2011-02-28,50000.0,0.0,50000.0,0
2011-03-01,50000.0,0.0,50000.0,0
2011-03-03,50000.0,0.0,50000.0,0
2011-03-04,50000.0,0.0,50000.0,0
2011-03-07,50000.0,0.0,50000.0,0
2011-03-08,50000.0,0.0,50000.0,0
2011-03-09,50000.0,0.0,50000.0,0
2011-03-10,50000.0,0.0,50000.0,0
2011-03-11,50000.0,0.0,50000.0,0
2011-03-14,50000.0,0.0,50000.0,0
2011-03-15,50000.0,0.0,50000.0,0
2011-03-16,50000.0,0.0,50000.0,0
2011-03-17,50000.0,0.0,50000.0,0
2011-03-18,50000.0,0.0,50000.0,0
2011-03-21,50000.0,0.0,50000.0,0
2011-03-22,50000.0,0.0,50000.0,0
2011-03-23,50000.0,0.0,50000.0,0
2011-03-24,50000.0,0.0,50000.0,0
2011-03-25,50000.0,0.0,50000.0,0
2011-03-28,50000.0,0.0,50000.0,0
2011-03-29,50000.0,0.0,50000.0,0
2011-03-30,50000.0,0.0,50000.0,0
2011-03-31,50000.0,0.0,50000.0,0
2011-04-01,50000.0,0.0,50000.0,0
2011-04-04,50000.0,0.0,50000.0,0
2011-04-05,50000.0,0.0,50000.0,0
2011-04-06,50000.0,0.0,50000.0,0
2011-04-07,50000.0,0.0,50000.0,0
2011-04-08,50000.0,0.0,50000.0,0
2011-04-11,50000.0,0.0,50000.0,0
2011-04-13,50000.0,0.0,50000.0,0
2011-04-15,50000.0,0.0,50000.0,0
2011-04-18,50000.0,0.0,50000.0,0
2011-04-19,50000.0,0.0,50000.0,0
2011-04-20,50000.0,0.0,50000.0,0
2011-04-21,50000.0,0.0,50000.0,0
2011-04-25,50000.0,0.0,50000.0,0
2011-04-26,50000.0,0.0,50000.0,0
2011-04-27,50000.0,0.0,50000.0,0
2011-04-28,50000.0,0.0,50000.0,0
2011-04-29,50000.0,0.0,50000.0,0
2011-05-02,50000.0,0.0,50000.0,0
2011-05-03,50000.0,0.0,50000.0,0
2011-05-04,50000.0,0.0,50000.0,0
2011-05-05,50000.0,0.0,50000.0,0
2011-05-06,50000.0,0.0,50000.0,0
2011-05-09,50000.0,0.0,50000.0,0
2011-05-10,50000.0,0.0,50000.0,0
2011-05-11,50000.0,0.0,50000.0,0
2011-05-12,50000.0,0.0,50000.0,0
2011-05-13,50000.0,0.0,50000.0,0
2011-05-16,50000.0,0.0,50000.0,0
2011-05-17,50000.0,0.0,50000.0,0
2011-05-18,50000.0,0.0,50000.0,0
2011-05-19,50000.0,0.0,50000.0,0
2011-05-20,50000.0,0.0,50000.0,0
2011-05-23,50000.0,0.0,50000.0,0
2011-05-24,50000.0,0.0,50000.0,0
2011-05-25,50000.0,0.0,50000.0,0
2011-05-26,50000.0,0.0,50000.0,0
2011-05-27,50000.0,0.0,50000.0,0
2011-05-30,50000.0,0.0,50000.0,0
2011-05-31,50000.0,0.0,50000.0,0
2011-06-01,50000.0,0.0,50000.0,0
2011-06-02,50000.0,0.0,50000.0,0
2011-06-03,50000.0,0.0,50000.0,0
2011-06-06,50000.0,0.0,50000.0,0
2011-06-07,50000.0,0.0,50000.0,0
2011-06-08,50000.0,0.0,50000.0,0
2011-06-09,50000.0,0.0,50000.0,0
2011-06-10,50000.0,0.0,50000.0,0
2011-06-13,50000.0,0.0,50000.0,0
2011-06-14,50000.0,0.0,50000.0,0
2011-06-15,50000.0,0.0,50000.0,0
2011-06-16,50000.0,0.0,50000.0,0
2011-06-17,50000.0,0.0,50000.0,0
2011-06-20,50000.0,0.0,50000.0,0
2011-06-21,50000.0,0.0,50000.0,0
2011-06-22,50000.0,0.0,50000.0,0
2011-06-23,50000.0,0.0,50000.0,0
2011-06-24,50000.0,0.0,50000.0,0
2011-06-27,50000.0,0.0,50000.0,0
2011-06-28,50000.0,0.0,50000.0,0
2011-06-29,50000.0,0.0,50000.0,0
2011-06-30,50000.0,0.0,50000.0,0
2011-07-01,50000.0,0.0,50000.0,0
2011-07-04,50000.0,0.0,50000.0,0
2011-07-05,50000.0,0.0,50000.0,0
2011-07-06,50000.0,0.0,50000.0,0
2011-07-07,50000.0,0.0,50000.0,0
2011-07-08,50000.0,0.0,50000.0,0
2011-07-11,50000.0,0.0,50000.0,0
2011-07-12,50000.0,0.0,50000.0,0
2011-07-13,50000.0,0.0,50000.0,0
2011-07-14,50000.0,0.0,50000.0,0
2011-07-15,50000.0,0.0,50000.0,0
2011-07-18,50000.0,0.0,50000.0,0
2011-07-19,50000.0,0.0,50000.0,0
2011-07-20,50000.0,0.0,50000.0,0
2011-07-21,50000.0,0.0,50000.0,0
2011-07-22,50000.0,0.0,50000.0,0
2011-07-25,50000.0,0.0,50000.0,0
2011-07-26,50000.0,0.0,50000.0,0
2011-07-27,50000.0,0.0,50000.0,0
2011-07-28,50000.0,0.0,50000.0,0
2011-07-29,50000.0,0.0,50000.0,0
2011-08-01,50000.0,0.0,50000.0,0
2011-08-02,50000.0,0.0,50000.0,0
2011-08-03,50000.0,0.0,50000.0,0
2011-08-04,50000.0,0.0,50000.0,0
2011-08-05,50000.0,0.0,50000.0,0
2011-08-08,50000.0,0.0,50000.0,0
2011-08-09,50000.0,0.0,50000.0,0
2011-08-10,50000.0,0.0,50000.0,0
2011-08-11,50000.0,0.0,50000.0,0
2011-08-12,50000.0,0.0,50000.0,0
2011-08-16,50000.0,0.0,50000.0,0
2011-08-17,50000.0,0.0,50000.0,0
2011-08-18,50000.0,0.0,50000.0,0
2011-08-19,50000.0,0.0,50000.0,0
2011-08-22,50000.0,0.0,50000.0,0
2011-08-23,50000.0,0.0,50000.0,0
2011-08-24,50000.0,0.0,50000.0,0
2011-08-25,50000.0,0.0,50000.0,0
2011-08-26,50000.0,0.0,50000.0,0
2011-08-29,50000.0,0.0,50000.0,0
2011-08-30,50000.0,0.0,50000.0,0
2011-09-02,50000.0,0.0,50000.0,0
2011-09-05,50000.0,0.0,50000.0,0
2011-09-06,50000.0,0.0,50000.0,0
2011-09-07,50000.0,0.0,50000.0,0
2011-09-08,50000.0,0.0,50000.0,0
2011-09-09,50000.0,0.0,50000.0,0
2011-09-12,50000.0,0.0,50000.0,0
2011-09-13,50000.0,0.0,50000.0,0
2011-09-14,50000.0,0.0,50000.0,0
2011-09-15,50000.0,0.0,50000.0,0
2011-09-16,50000.0,0.0,50000.0,0
2011-09-19,50000.0,0.0,50000.0,0
2011-09-20,50000.0,0.0,50000.0,0
2011-09-21,50000.0,0.0,50000.0,0
2011-09-22,50000.0,0.0,50000.0,0
2011-09-23,50000.0,0.0,50000.0,0
2011-09-26,50000.0,0.0,50000.0,0
2011-09-27,50000.0,0.0,50000.0,0
2011-09-28,50000.0,0.0,50000.0,0
2011-09-29,50000.0,0.0,50000.0,0
2011-09-30,50000.0,0.0,50000.0,0
2011-10-03,50000.0,0.0,50000.0,0
2011-10-04,50000.0,0.0,50000.0,0
2011-10-05,50000.0,0.0,50000.0,0
2011-10-07,50000.0,0.0,50000.0,0
2011-10-10,50000.0,0.0,50000.0,0
2011-10-11,50000.0,0.0,50000.0,0
2011-10-12,50000.0,0.0,50000.0,0
2011-10-13,50000.0,0.0,50000.0,0
2011-10-14,50000.0,0.0,50000.0,0
2011-10-17,50000.0,0.0,50000.0,0
2011-10-18,50000.0,0.0,50000.0,0
2011-10-19,50000.0,0.0,50000.0,0
2011-10-20,50000.0,0.0,50000.0,0
2011-10-21,50000.0,0.0,50000.0,0
2011-10-24,50000.0,0.0,50000.0,0
2011-10-25,50000.0,0.0,50000.0,0
2011-10-26,50000.0,0.0,50000.0,0
2011-10-28,50000.0,0.0,50000.0,0
2011-10-31,50000.0,0.0,50000.0,0
2011-11-01,50000.0,0.0,50000.0,0
2011-11-02,50000.0,0.0,50000.0,0
2011-11-03,50000.0,0.0,50000.0,0
2011-11-04,50000.0,0.0,50000.0,0
2011-11-08,50000.0,0.0,50000.0,0
2011-11-09,50000.0,0.0,50000.0,0
2011-11-11,50000.0,0.0,50000.0,0
2011-11-14,50000.0,0.0,50000.0,0
2011-11-15,50000.0,0.0,50000.0,0
2011-11-16,50000.0,0.0,50000.0,0
2011-11-17,50000.0,0.0,50000.0,0
2011-11-18,50000.0,0.0,50000.0,0
2011-11-21,50000.0,0.0,50000.0,0
2011-11-22,50000.0,0.0,50000.0,0
2011-11-23,50000.0,0.0,50000.0,0
2011-11-24,50000.0,0.0,50000.0,0
2011-11-25,50000.0,0.0,50000.0,0
2011-11-28,50000.0,0.0,50000.0,0
2011-11-29,50000.0,0.0,50000.0,0
2011-11-30,50000.0,0.0,50000.0,0
2011-12-01,50000.0,0.0,50000.0,0
2011-12-02,50000.0,0.0,50000.0,0
2011-12-05,50000.0,0.0,50000.0,0
2011-12-07,50000.0,0.0,50000.0,0
2011-12-08,50000.0,0.0,50000.0,0
2011-12-09,50000.0,0.0,50000.0,0
2011-12-12,50000.0,0.0,50000.0,0
2011-12-13,50000.0,0.0,50000.0,0
2011-12-14,50000.0,0.0,50000.0,0
2011-12-15,50000.0,0.0,50000.0,0
2011-12-16,50000.0,0.0,50000.0,0
2011-12-19,50000.0,0.0,50000.0,0
2011-12-20,50000.0,0.0,50000.0,0
2011-12-21,50000.0,0.0,50000.0,0
2011-12-22,50000.0,0.0,50000.0,0
2011-12-23,50000.0,0.0,50000.0,0
2011-12-26,50000.0,0.0,50000.0,0
2011-12-27,50000.0,0.0,50000.0,0
2011-12-28,50000.0,0.0,50000.0,0
2011-12-29,50000.0,0.0,50000.0,0
2011-12-30,50000.0,0.0,50000.0,0
2012-01-02,50000.0,0.0,50000.0,0
2012-01-03,50000.0,0.0,50000.0,0
2012-01-04,50000.0,0.0,50000.0,0
2012-01-05,50000.0,0.0,50000.0,0
2012-01-06,50000.0,0.0,50000.0,0
2012-01-09,50000.0,0.0,50000.0,0
2012-01-10,50000.0,0.0,50000.0,0
2012-01-11,50000.0,0.0,50000.0,0
2012-01-12,50000.0,0.0,50000.0,0
2012-01-13,50000.0,0.0,50000.0,0
2012-01-16,50000.0,0.0,50000.0,0
2012-01-17,50000.0,0.0,50000.0,0
2012-01-18,50000.0,0.0,50000.0,0
2012-01-19,50000.0,0.0,50000.0,0
2012-01-20,50000.0,0.0,50000.0,0
2012-01-23,50000.0,0.0,50000.0,0
2012-01-24,50000.0,0.0,50000.0,0
2012-01-25,50000.0,0.0,50000.0,0
2012-01-27,50000.0,0.0,50000.0,0
2012-01-30,50000.0,0.0,50000.0,0
2012-01-31,50000.0,0.0,50000.0,0
2012-02-01,50000.0,0.0,50000.0,0
2012-02-02,50000.0,0.0,50000.0,0
2012-02-03,50000.0,0.0,50000.0,0
2012-02-06,50000.0,0.0,50000.0,0
2012-02-07,50000.0,0.0,50000.0,0
2012-02-08,50000.0,0.0,50000.0,0
2012-02-09,50000.0,0.0,50000.0,0
2012-02-10,50000.0,0.0,50000.0,0
2012-02-13,50000.0,0.0,50000.0,0
2012-02-14,50000.0,0.0,50000.0,0
2012-02-15,50000.0,0.0,50000.0,0
2012-02-16,50000.0,0.0,50000.0,0
2012-02-17,50000.0,0.0,50000.0,0
2012-02-21,50000.0,0.0,50000.0,0
2012-02-22,50000.0,0.0,50000.0,0
2012-02-23,50000.0,0.0,50000.0,0
2012-02-24,50000.0,0.0,50000.0,0
2012-02-27,50000.0,0.0,50000.0,0
2012-02-28,50000.0,0.0,50000.0,0
2012-02-29,50000.0,0.0,50000.0,0
2012-03-01,50000.0,0.0,50000.0,0
2012-03-02,50000.0,0.0,50000.0,0
2012-03-05,50000.0,0.0,50000.0,0
2012-03-06,50000.0,0.0,50000.0,0
2012-03-07,50000.0,0.0,50000.0,0
2012-03-09,50000.0,0.0,50000.0,0
2012-03-12,50000.0,0.0,50000.0,0
2012-03-13,50000.0,0.0,50000.0,0
2012-03-14,50000.0,0.0,50000.0,0
2012-03-15,50000.0,0.0,50000.0,0
2012-03-16,50000.0,0.0,50000.0,0
2012-03-19,50000.0,0.0,50000.0,0
2012-03-20,50000.0,0.0,50000.0,0
2012-03-21,50000.0,0.0,50000.0,0
2012-03-22,50000.0,0.0,50000.0,0
2012-03-23,50000.0,0.0,50000.0,0
2012-03-26,50000.0,0.0,50000.0,0
2012-03-27,50000.0,0.0,50000.0,0
2012-03-28,50000.0,0.0,50000.0,0
2012-03-29,50000.0,0.0,50000.0,0
2012-03-30,50000.0,0.0,50000.0,0
2012-04-02,50000.0,0.0,50000.0,0
2012-04-03,50000.0,0.0,50000.0,0
2012-04-04,50000.0,0.0,50000.0,0
2012-04-09,50000.0,0.0,50000.0,0
2012-04-10,50000.0,0.0,50000.0,0
2012-04-11,50000.0,0.0,50000.0,0
2012-04-12,50000.0,0.0,50000.0,0
2012-04-13,50000.0,0.0,50000.0,0
2012-04-16,50000.0,0.0,50000.0,0
2012-04-17,50000.0,0.0,50000.0,0
2012-04-18,50000.0,0.0,50000.0,0
2012-04-19,50000.0,0.0,50000.0,0
2012-04-20,50000.0,0.0,50000.0,0
2012-04-23,50000.0,0.0,50000.0,0
2012-04-24,50000.0,0.0,50000.0,0
2012-04-25,50000.0,0.0,50000.0,0
2012-04-26,50000.0,0.0,50000.0,0
2012-04-27,50000.0,0.0,50000.0,0
2012-04-30,50000.0,0.0,50000.0,0
2012-05-02,50000.0,0.0,50000.0,0
2012-05-03,50000.0,0.0,50000.0,0
2012-05-04,50000.0,0.0,50000.0,0
2012-05-07,50000.0,0.0,50000.0,0
2012-05-08,50000.0,0.0,50000.0,0
2012-05-09,50000.0,0.0,50000.0,0
2012-05-10,50000.0,0.0,50000.0,0
2012-05-11,50000.0,0.0,50000.0,0
2012-05-14,50000.0,0.0,50000.0,0
2012-05-15,50000.0,0.0,50000.0,0
2012-05-16,50000.0,0.0,50000.0,0
2012-05-17,50000.0,0.0,50000.0,0
2012-05-18,50000.0,0.0,50000.0,0
2012-05-21,50000.0,0.0,50000.0,0
2012-05-22,50000.0,0.0,50000.0,0
2012-05-23,50000.0,0.0,50000.0,0
2012-05-24,50000.0,0.0,50000.0,0
2012-05-25,50000.0,0.0,50000.0,0
2012-05-28,50000.0,0.0,50000.0,0
2012-05-29,50000.0,0.0,50000.0,0
2012-05-30,50000.0,0.0,50000.0,0
2012-05-31,50000.0,0.0,50000.0,0
2012-06-01,50000.0,0.0,50000.0,0
2012-06-04,50000.0,0.0,50000.0,0
2012-06-05,50000.0,0.0,50000.0,0
2012-06-06,50000.0,0.0,50000.0,0
2012-06-07,50000.0,0.0,50000.0,0
2012-06-08,50000.0,0.0,50000.0,0
2012-06-11,50000.0,0.0,50000.0,0
2012-06-12,50000.0,0.0,50000.0,0
2012-06-13,50000.0,0.0,50000.0,0
2012-06-14,50000.0,0.0,50000.0,0
2012-06-15,50000.0,0.0,50000.0,0
2012-06-18,50000.0,0.0,50000.0,0
2012-06-19,50000.0,0.0,50000.0,0
2012-06-20,50000.0,0.0,50000.0,0
2012-06-21,50000.0,0.0,50000.0,0
2012-06-22,50000.0,0.0,50000.0,0
2012-06-25,50000.0,0.0,50000.0,0
2012-06-26,50000.0,0.0,50000.0,0
2012-06-27,50000.0,0.0,50000.0,0
2012-06-28,50000.0,0.0,50000.0,0
2012-06-29,50000.0,0.0,50000.0,0
2012-07-02,50000.0,0.0,50000.0,0
2012-07-03,50000.0,0.0,50000.0,0
2012-07-04,50000.0,0.0,50000.0,0
2012-07-05,50000.0,0.0,50000.0,0
2012-07-06,50000.0,0.0,50000.0,0
2012-07-09,50000.0,0.0,50000.0,0
2012-07-10,50000.0,0.0,50000.0,0
2012-07-11,50000.0,0.0,50000.0,0
2012-07-12,50000.0,0.0,50000.0,0
2012-07-13,50000.0,0.0,50000.0,0
2012-07-16,50000.0,0.0,50000.0,0
2012-07-17,50000.0,0.0,50000.0,0
2012-07-18,50000.0,0.0,50000.0,0
2012-07-19,50000.0,0.0,50000.0,0
2012-07-20,50000.0,0.0,50000.0,0
2012-07-23,50000.0,0.0,50000.0,0
2012-07-24,50000.0,0.0,50000.0,0
2012-07-25,50000.0,0.0,50000.0,0
2012-07-26,50000.0,0.0,50000.0,0
2012-07-27,50000.0,0.0,50000.0,0
2012-07-30,50000.0,0.0,50000.0,0
2012-07-31,50000.0,0.0,50000.0,0
2012-08-01,50000.0,0.0,50000.0,0
2012-08-02,50000.0,0.0,50000.0,0
2012-08-03,50000.0,0.0,50000.0,0
2012-08-06,50000.0,0.0,50000.0,0
2012-08-07,50000.0,0.0,50000.0,0
2012-08-08,50000.0,0.0,50000.0,0
2012-08-09,50000.0,0.0,50000.0,0
2012-08-10,50000.0,0.0,50000.0,0
2012-08-13,50000.0,0.0,50000.0,0
2012-08-14,50000.0,0.0,50000.0,0
2012-08-16,50000.0,0.0,50000.0,0
2012-08-17,50000.0,0.0,50000.0,0
2012-08-21,50000.0,0.0,50000.0,0
2012-08-22,50000.0,0.0,50000.0,0
2012-08-23,50000.0,0.0,50000.0,0
2012-08-24,50000.0,0.0,50000.0,0
2012-08-27,50000.0,0.0,50000.0,0
2012-08-28,50000.0,0.0,50000.0,0
2012-08-29,50000.0,0.0,50000.0,0
2012-08-30,50000.0,0.0,50000.0,0
2012-08-31,50000.0,0.0,50000.0,0
2012-09-03,50000.0,0.0,50000.0,0
2012-09-04,50000.0,0.0,50000.0,0
2012-09-05,50000.0,0.0,50000.0,0
2012-09-06,50000.0,0.0,50000.0,0
2012-09-07,50000.0,0.0,50000.0,0
2012-09-10,50000.0,0.0,50000.0,0
2012-09-11,50000.0,0.0,50000.0,0
2012-09-12,50000.0,0.0,50000.0,0
2012-09-13,50000.0,0.0,50000.0,0
2012-09-14,50000.0,0.0,50000.0,0
2012-09-17,50000.0,0.0,50000.0,0
2012-09-18,50000.0,0.0,50000.0,0
2012-09-20,50000.0,0.0,50000.0,0
2012-09-21,50000.0,0.0,50000.0,0
2012-09-24,50000.0,0.0,50000.0,0
2012-09-25,50000.0,0.0,50000.0,0
2012-09-26,50000.0,0.0,50000.0,0
2012-09-27,50000.0,0.0,50000.0,0
2012-09-28,50000.0,0.0,50000.0,0
2012-10-01,50000.0,0.0,50000.0,0
2012-10-03,50000.0,0.0,50000.0,0
2012-10-04,50000.0,0.0,50000.0,0
2012-10-05,50000.0,0.0,50000.0,0
2012-10-08,50000.0,0.0,50000.0,0
2012-10-09,50000.0,0.0,50000.0,0
2012-10-10,50000.0,0.0,50000.0,0
2012-10-11,50000.0,0.0,50000.0,0
2012-10-12,50000.0,0.0,50000.0,0
2012-10-15,50000.0,0.0,50000.0,0
2012-10-16,50000.0,0.0,50000.0,0
2012-10-17,50000.0,0.0,50000.0,0
2012-10-18,50000.0,0.0,50000.0,0
2012-10-19,50000.0,0.0,50000.0,0
2012-10-22,50000.0,0.0,50000.0,0
2012-10-23,50000.0,0.0,50000.0,0
2012-10-25,50000.0,0.0,50000.0,0
2012-10-26,50000.0,0.0,50000.0,0
2012-10-29,50000.0,0.0,50000.0,0
2012-10-30,50000.0,0.0,50000.0,0
2012-10-31,50000.0,0.0,50000.0,0
2012-11-01,50000.0,0.0,50000.0,0
2012-11-02,50000.0,0.0,50000.0,0
2012-11-05,50000.0,0.0,50000.0,0
2012-11-06,50000.0,0.0,50000.0,0
2012-11-07,50000.0,0.0,50000.0,0
2012-11-08,50000.0,0.0,50000.0,0
2012-11-09,50000.0,0.0,50000.0,0
2012-11-12,50000.0,0.0,50000.0,0
2012-11-13,50000.0,0.0,50000.0,0
2012-11-15,50000.0,0.0,50000.0,0
2012-11-16,50000.0,0.0,50000.0,0
2012-11-19,50000.0,0.0,50000.0,0
2012-11-20,50000.0,0.0,50000.0,0
2012-11-21,50000.0,0.0,50000.0,0
2012-11-22,50000.0,0.0,50000.0,0
2012-11-23,50000.0,0.0,50000.0,0
2012-11-26,50000.0,0.0,50000.0,0
2012-11-27,50000.0,0.0,50000.0,0
2012-11-29,50000.0,0.0,50000.0,0
2012-11-30,50000.0,0.0,50000.0,0
2012-12-03,50000.0,0.0,50000.0,0
2012-12-04,50000.0,0.0,50000.0,0
2012-12-05,50000.0,0.0,50000.0,0
2012-12-06,50000.0,0.0,50000.0,0
2012-12-07,50000.0,0.0,50000.0,0
2012-12-10,50000.0,0.0,50000.0,0
2012-12-11,50000.0,0.0,50000.0,0
2012-12-12,50000.0,0.0,50000.0,0
2012-12-13,50000.0,0.0,50000.0,0
2012-12-14,50000.0,0.0,50000.0,0
2012-12-17,50000.0,0.0,50000.0,0
2012-12-18,50000.0,0.0,50000.0,0
2012-12-19,50000.0,0.0,50000.0,0
2012-12-20,50000.0,0.0,50000.0,0
2012-12-21,50000.0,0.0,50000.0,0
2012-12-24,50000.0,0.0,50000.0,0
2012-12-26,50000.0,0.0,50000.0,0
2012-12-27,50000.0,0.0,50000.0,0
2012-12-28,50000.0,0.0,50000.0,0
2012-12-31,50000.0,0.0,50000.0,0
2013-01-01,50000.0,0.0,50000.0,0
2013-01-02,50000.0,0.0,50000.0,0
2013-01-03,50000.0,0.0,50000.0,0
2013-01-04,50000.0,0.0,50000.0,0
2013-01-07,50000.0,0.0,50000.0,0
2013-01-08,50000.0,0.0,50000.0,0
2013-01-09,50000.0,0.0,50000.0,0
2013-01-10,50000.0,0.0,50000.0,0
2013-01-11,50000.0,0.0,50000.0,0
2013-01-14,50000.0,0.0,50000.0,0
2013-01-15,50000.0,0.0,50000.0,0
2013-01-16,50000.0,0.0,50000.0,0
2013-01-17,50000.0,0.0,50000.0,0
2013-01-18,50000.0,0.0,50000.0,0
2013-01-21,50000.0,0.0,50000.0,0
2013-01-22,50000.0,0.0,50000.0,0
2013-01-23,50000.0,0.0,50000.0,0
2013-01-24,50000.0,0.0,50000.0,0
2013-01-25,50000.0,0.0,50000.0,0
2013-01-28,50000.0,0.0,50000.0,0
2013-01-29,50000.0,0.0,50000.0,0
2013-01-30,50000.0,0.0,50000.0,0
2013-01-31,50000.0,0.0,50000.0,0
2013-02-01,50000.0,0.0,50000.0,0
2013-02-04,50000.0,0.0,50000.0,0
2013-02-05,50000.0,0.0,50000.0,0
2013-02-06,50000.0,0.0,50000.0,0
2013-02-07,50000.0,0.0,50000.0,0
2013-02-08,50000.0,0.0,50000.0,0
2013-02-11,50000.0,0.0,50000.0,0
2013-02-12,50000.0,0.0,50000.0,0
2013-02-13,50000.0,0.0,50000.0,0
2013-02-14,50000.0,0.0,50000.0,0
2013-02-15,50000.0,0.0,50000.0,0
2013-02-18,50000.0,0.0,50000.0,0
2013-02-19,50000.0,0.0,50000.0,0
2013-02-20,50000.0,0.0,50000.0,0
2013-02-21,50000.0,0.0,50000.0,0
2013-02-22,50000.0,0.0,50000.0,0
2013-02-25,50000.0,0.0,50000.0,0
2013-02-26,50000.0,0.0,50000.0,0
2013-02-27,50000.0,0.0,50000.0,0
2013-02-28,50000.0,0.0,50000.0,0
2013-03-01,50000.0,0.0,50000.0,0
2013-03-04,50000.0,0.0,50000.0,0
2013-03-05,50000.0,0.0,50000.0,0
2013-03-06,50000.0,0.0,50000.0,0
2013-03-07,50000.0,0.0,50000.0,0
2013-03-08,50000.0,0.0,50000.0,0
2013-03-11,50000.0,0.0,50000.0,0
2013-03-12,50000.0,0.0,50000.0,0
2013-03-13,50000.0,0.0,50000.0,0
2013-03-14,50000.0,0.0,50000.0,0
2013-03-15,50000.0,0.0,50000.0,0
2013-03-18,50000.0,0.0,50000.0,0
2013-03-19,50000.0,0.0,50000.0,0
2013-03-20,50000.0,0.0,50000.0,0
2013-03-21,50000.0,0.0,50000.0,0
2013-03-22,50000.0,0.0,50000.0,0
2013-03-25,50000.0,0.0,50000.0,0
2013-03-26,50000.0,0.0,50000.0,0
2013-03-28,50000.0,0.0,50000.0,0
2013-04-01,50000.0,0.0,50000.0,0
2013-04-02,50000.0,0.0,50000.0,0
2013-04-03,50000.0,0.0,50000.0,0
2013-04-04,50000.0,0.0,50000.0,0
2013-04-05,50000.0,0.0,50000.0,0
2013-04-08,50000.0,0.0,50000.0,0
2013-04-09,50000.0,0.0,50000.0,0
2013-04-10,50000.0,0.0,50000.0,0
2013-04-11,50000.0,0.0,50000.0,0
2013-04-12,50000.0,0.0,50000.0,0
2013-04-15,50000.0,0.0,50000.0,0
2013-04-16,50000.0,0.0,50000.0,0
2013-04-17,50000.0,0.0,50000.0,0
2013-04-18,50000.0,0.0,50000.0,0
2013-04-22,50000.0,0.0,50000.0,0
2013-04-23,50000.0,0.0,50000.0,0
2013-04-25,50000.0,0.0,50000.0,0
2013-04-26,50000.0,0.0,50000.0,0
2013-04-29,50000.0,0.0,50000.0,0
2013-04-30,50000.0,0.0,50000.0,0
2013-05-02,50000.0,0.0,50000.0,0
2013-05-03,50000.0,0.0,50000.0,0
2013-05-06,50000.0,0.0,50000.0,0
2013-05-07,50000.0,0.0,50000.0,0
2013-05-08,50000.0,0.0,50000.0,0
2013-05-09,50000.0,0.0,50000.0,0
2013-05-10,50000.0,0.0,50000.0,0
2013-05-13,50000.0,0.0,50000.0,0
2013-05-14,50000.0,0.0,50000.0,0
2013-05-15,50000.0,0.0,50000.0,0
2013-05-16,50000.0,0.0,50000.0,0
2013-05-17,50000.0,0.0,50000.0,0
2013-05-20,50000.0,0.0,50000.0,0
2013-05-21,50000.0,0.0,50000.0,0
2013-05-22,50000.0,0.0,50000.0,0
2013-05-23,50000.0,0.0,50000.0,0
2013-05-24,50000.0,0.0,50000.0,0
2013-05-27,50000.0,0.0,50000.0,0
2013-05-28,50000.0,0.0,50000.0,0
2013-05-29,50000.0,0.0,50000.0,0
2013-05-30,50000.0,0.0,50000.0,0
2013-05-31,50000.0,0.0,50000.0,0
2013-06-03,50000.0,0.0,50000.0,0
2013-06-04,50000.0,0.0,50000.0,0
2013-06-05,50000.0,0.0,50000.0,0
2013-06-06,50000.0,0.0,50000.0,0
2013-06-07,50000.0,0.0,50000.0,0
2013-06-10,50000.0,0.0,50000.0,0
2013-06-11,50000.0,0.0,50000.0,0
2013-06-12,50000.0,0.0,50000.0,0
2013-06-13,50000.0,0.0,50000.0,0
2013-06-14,50000.0,0.0,50000.0,0
2013-06-17,50000.0,0.0,50000.0,0
2013-06-18,50000.0,0.0,50000.0,0
2013-06-19,50000.0,0.0,50000.0,0
2013-06-20,50000.0,0.0,50000.0,0
2013-06-21,50000.0,0.0,50000.0,0
2013-06-24,50000.0,0.0,50000.0,0
2013-06-25,50000.0,0.0,50000.0,0
2013-06-26,50000.0,0.0,50000.0,0
2013-06-27,50000.0,0.0,50000.0,0
2013-06-28,50000.0,0.0,50000.0,0
2013-07-01,50000.0,0.0,50000.0,0
2013-07-02,50000.0,0.0,50000.0,0
2013-07-03,50000.0,0.0,50000.0,0
2013-07-04,50000.0,0.0,50000.0,0
2013-07-05,50000.0,0.0,50000.0,0
2013-07-08,50000.0,0.0,50000.0,0
2013-07-09,50000.0,0.0,50000.0,0
2013-07-10,50000.0,0.0,50000.0,0
2013-07-11,50000.0,0.0,50000.0,0
2013-07-12,50000.0,0.0,50000.0,0
2013-07-15,50000.0,0.0,50000.0,0
2013-07-16,50000.0,0.0,50000.0,0
2013-07-17,50000.0,0.0,50000.0,0
2013-07-18,50000.0,0.0,50000.0,0
2013-07-19,50000.0,0.0,50000.0,0
2013-07-22,50000.0,0.0,50000.0,0
2013-07-23,50000.0,0.0,50000.0,0
2013-07-24,50000.0,0.0,50000.0,0
2013-07-25,50000.0,0.0,50000.0,0
2013-07-26,50000.0,0.0,50000.0,0
2013-07-29,50000.0,0.0,50000.0,0
2013-07-30,50000.0,0.0,50000.0,0
2013-07-31,50000.0,0.0,50000.0,0
2013-08-01,50000.0,0.0,50000.0,0
2013-08-02,50000.0,0.0,50000.0,0
2013-08-05,50000.0,0.0,50000.0,0
2013-08-06,50000.0,0.0,50000.0,0
2013-08-07,50000.0,0.0,50000.0,0
2013-08-08,50000.0,0.0,50000.0,0
2013-08-12,50000.0,0.0,50000.0,0
2013-08-13,50000.0,0.0,50000.0,0
2013-08-14,50000.0,0.0,50000.0,0
2013-08-16,50000.0,0.0,50000.0,0
2013-08-19,50000.0,0.0,50000.0,0
2013-08-20,50000.0,0.0,50000.0,0
2013-08-21,50000.0,0.0,50000.0,0
2013-08-22,50000.0,0.0,50000.0,0
2013-08-23,50000.0,0.0,50000.0,0
2013-08-26,50000.0,0.0,50000.0,0
2013-08-27,50000.0,0.0,50000.0,0
2013-08-28,50000.0,0.0,50000.0,0
2013-08-29,50000.0,0.0,50000.0,0
2013-08-30,50000.0,0.0,50000.0,0
2013-09-02,50000.0,0.0,50000.0,0
2013-09-03,50000.0,0.0,50000.0,0
2013-09-04,50000.0,0.0,50000.0,0
2013-09-05,50000.0,0.0,50000.0,0
2013-09-06,50000.0,0.0,50000.0,0
2013-09-10,50000.0,0.0,50000.0,0
2013-09-11,50000.0,0.0,50000.0,0
2013-09-12,50000.0,0.0,50000.0,0
2013-09-13,50000.0,0.0,50000.0,0
2013-09-16,50000.0,0.0,50000.0,0
2013-09-17,50000.0,0.0,50000.0,0
2013-09-18,50000.0,0.0,50000.0,0
2013-09-19,50000.0,0.0,50000.0,0
2013-09-20,50000.0,0.0,50000.0,0
2013-09-23,50000.0,0.0,50000.0,0
2013-09-24,50000.0,0.0,50000.0,0
2013-09-25,50000.0,0.0,50000.0,0
2013-09-26,50000.0,0.0,50000.0,0
2013-09-27,50000.0,0.0,50000.0,0
2013-09-30,50000.0,0.0,50000.0,0
2013-10-01,50000.0,0.0,50000.0,0
2013-10-03,50000.0,0.0,50000.0,0
2013-10-04,50000.0,0.0,50000.0,0
2013-10-07,50000.0,0.0,50000.0,0
2013-10-08,50000.0,0.0,50000.0,0
2013-10-09,50000.0,0.0,50000.0,0
2013-10-10,50000.0,0.0,50000.0,0
2013-10-11,50000.0,0.0,50000.0,0
2013-10-14,50000.0,0.0,50000.0,0
2013-10-15,50000.0,0.0,50000.0,0
2013-10-17,50000.0,0.0,50000.0,0
2013-10-18,50000.0,0.0,50000.0,0
2013-10-21,50000.0,0.0,50000.0,0
2013-10-22,50000.0,0.0,50000.0,0
2013-10-23,50000.0,0.0,50000.0,0
2013-10-24,50000.0,0.0,50000.0,0
2013-10-25,50000.0,0.0,50000.0,0
2013-10-28,50000.0,0.0,50000.0,0
2013-10-29,50000.0,0.0,50000.0,0
2013-10-30,50000.0,0.0,50000.0,0
2013-10-31,50000.0,0.0,50000.0,0
2013-11-01,50000.0,0.0,50000.0,0
2013-11-05,50000.0,0.0,50000.0,0
2013-11-06,50000.0,0.0,50000.0,0
2013-11-07,50000.0,0.0,50000.0,0
2013-11-08,50000.0,0.0,50000.0,0
2013-11-11,50000.0,0.0,50000.0,0
2013-11-12,50000.0,0.0,50000.0,0
2013-11-13,50000.0,0.0,50000.0,0
2013-11-14,50000.0,0.0,50000.0,0
2013-11-18,50000.0,0.0,50000.0,0
2013-11-19,50000.0,0.0,50000.0,0
2013-11-20,50000.0,0.0,50000.0,0
2013-11-21,50000.0,0.0,50000.0,0
2013-11-22,50000.0,0.0,50000.0,0
2013-11-25,50000.0,0.0,50000.0,0
2013-11-26,50000.0,0.0,50000.0,0
2013-11-27,50000.0,0.0,50000.0,0
2013-11-28,50000.0,0.0,50000.0,0
2013-11-29,50000.0,0.0,50000.0,0
2013-12-02,50000.0,0.0,50000.0,0
2013-12-03,50000.0,0.0,50000.0,0
2013-12-04,50000.0,0.0,50000.0,0
2013-12-05,50000.0,0.0,50000.0,0
2013-12-06,50000.0,0.0,50000.0,0
2013-12-09,50000.0,0.0,50000.0,0
2013-12-10,50000.0,0.0,50000.0,0
2013-12-11,50000.0,0.0,50000.0,0
2013-12-12,50000.0,0.0,50000.0,0
2013-12-13,50000.0,0.0,50000.0,0
2013-12-16,50000.0,0.0,50000.0,0
2013-12-17,50000.0,0.0,50000.0,0
2013-12-18,50000.0,0.0,50000.0,0
2013-12-19,50000.0,0.0,50000.0,0
2013-12-20,50000.0,0.0,50000.0,0
2013-12-23,50000.0,0.0,50000.0,0
2013-12-24,50000.0,0.0,50000.0,0
2013-12-26,50000.0,0.0,50000.0,0
2013-12-27,50000.0,0.0,50000.0,0
2013-12-30,50000.0,0.0,50000.0,0
2013-12-31,50000.0,0.0,50000.0,0
2014-01-01,50000.0,0.0,50000.0,0
2014-01-02,50000.0,0.0,50000.0,0
2014-01-03,50000.0,0.0,50000.0,0
2014-01-06,50000.0,0.0,50000.0,0
2014-01-07,50000.0,0.0,50000.0,0
2014-01-08,50000.0,0.0,50000.0,0
2014-01-09,50000.0,0.0,50000.0,0
2014-01-10,50000.0,0.0,50000.0,0
2014-01-13,50000.0,0.0,50000.0,0
2014-01-14,50000.0,0.0,50000.0,0
2014-01-15,50000.0,0.0,50000.0,0
2014-01-16,50000.0,0.0,50000.0,0
2014-01-17,50000.0,0.0,50000.0,0
2014-01-20,50000.0,0.0,50000.0,0
2014-01-21,50000.0,0.0,50000.0,0
2014-01-22,50000.0,0.0,50000.0,0
2014-01-23,50000.0,0.0,50000.0,0
2014-01-24,50000.0,0.0,50000.0,0
2014-01-27,50000.0,0.0,50000.0,0
2014-01-28,50000.0,0.0,50000.0,0
2014-01-29,50000.0,0.0,50000.0,0
2014-01-30,50000.0,0.0,50000.0,0
2014-01-31,50000.0,0.0,50000.0,0
2014-02-03,50000.0,0.0,50000.0,0
2014-02-04,50000.0,0.0,50000.0,0
2014-02-05,50000.0,0.0,50000.0,0
2014-02-06,50000.0,0.0,50000.0,0
2014-02-07,50000.0,0.0,50000.0,0
2014-02-10,50000.0,0.0,50000.0,0
2014-02-11,50000.0,0.0,50000.0,0
2014-02-12,50000.0,0.0,50000.0,0
2014-02-13,50000.0,0.0,50000.0,0
2014-02-14,50000.0,0.0,50000.0,0
2014-02-17,50000.0,0.0,50000.0,0
2014-02-18,50000.0,0.0,50000.0,0
2014-02-19,50000.0,0.0,50000.0,0
2014-02-20,50000.0,0.0,50000.0,0
2014-02-21,50000.0,0.0,50000.0,0
2014-02-24,50000.0,0.0,50000.0,0
2014-02-25,50000.0,0.0,50000.0,0
2014-02-26,50000.0,0.0,50000.0,0
2014-02-28,50000.0,0.0,50000.0,0
2014-03-03,50000.0,0.0,50000.0,0
2014-03-04,50000.0,0.0,50000.0,0
2014-03-05,50000.0,0.0,50000.0,0
2014-03-06,50000.0,0.0,50000.0,0
2014-03-07,50000.0,0.0,50000.0,0
2014-03-10,50000.0,0.0,50000.0,0
2014-03-11,50000.0,0.0,50000.0,0
2014-03-12,50000.0,0.0,50000.0,0
2014-03-13,50000.0,0.0,50000.0,0
2014-03-14,50000.0,0.0,50000.0,0
2014-03-18,50000.0,0.0,50000.0,0
2014-03-19,50000.0,0.0,50000.0,0
2014-03-20,50000.0,0.0,50000.0,0
2014-03-21,50000.0,0.0,50000.0,0
2014-03-24,50000.0,0.0,50000.0,0
2014-03-25,50000.0,0.0,50000.0,0
2014-03-26,50000.0,0.0,50000.0,0
2014-03-27,50000.0,0.0,50000.0,0
2014-03-28,50000.0,0.0,50000.0,0
2014-03-31,50000.0,0.0,50000.0,0
2014-04-01,50000.0,0.0,50000.0,0
2014-04-02,50000.0,0.0,50000.0,0
2014-04-03,50000.0,0.0,50000.0,0
2014-04-04,50000.0,0.0,50000.0,0
2014-04-07,50000.0,0.0,50000.0,0
2014-04-09,50000.0,0.0,50000.0,0
2014-04-10,50000.0,0.0,50000.0,0
2014-04-11,50000.0,0.0,50000.0,0
2014-04-15,50000.0,0.0,50000.0,0
2014-04-16,50000.0,0.0,50000.0,0
2014-04-17,50000.0,0.0,50000.0,0
2014-04-21,50000.0,0.0,50000.0,0
2014-04-22,50000.0,0.0,50000.0,0
2014-04-23,50000.0,0.0,50000.0,0
2014-04-25,50000.0,0.0,50000.0,0
2014-04-28,50000.0,0.0,50000.0,0
2014-04-29,50000.0,0.0,50000.0,0
2014-04-30,50000.0,0.0,50000.0,0
2014-05-02,50000.0,0.0,50000.0,0
2014-05-05,50000.0,0.0,50000.0,0
2014-05-06,50000.0,0.0,50000.0,0
2014-05-07,50000.0,0.0,50000.0,0
2014-05-08,50000.0,0.0,50000.0,0
2014-05-09,50000.0,0.0,50000.0,0
2014-05-12,50000.0,0.0,50000.0,0
2014-05-13,50000.0,0.0,50000.0,0
2014-05-14,50000.0,0.0,50000.0,0
2014-05-15,50000.0,0.0,50000.0,0
2014-05-16,50000.0,0.0,50000.0,0
2014-05-19,50000.0,0.0,50000.0,0
2014-05-20,50000.0,0.0,50000.0,0
2014-05-21,50000.0,0.0,50000.0,0
2014-05-22,50000.0,0.0,50000.0,0
2014-05-23,50000.0,0.0,50000.0,0
2014-05-26,50000.0,0.0,50000.0,0
2014-05-27,50000.0,0.0,50000.0,0
2014-05-28,50000.0,0.0,50000.0,0
2014-05-29,50000.0,0.0,50000.0,0
2014-05-30,50000.0,0.0,50000.0,0
2014-06-02,50000.0,0.0,50000.0,0
2014-06-03,50000.0,0.0,50000.0,0
2014-06-04,50000.0,0.0,50000.0,0
2014-06-05,50000.0,0.0,50000.0,0
2014-06-06,50000.0,0.0,50000.0,0
2014-06-09,50000.0,0.0,50000.0,0
2014-06-10,50000.0,0.0,50000.0,0
2014-06-11,50000.0,0.0,50000.0,0
2014-06-12,50000.0,0.0,50000.0,0
2014-06-13,50000.0,0.0,50000.0,0
2014-06-16,50000.0,0.0,50000.0,0
2014-06-17,50000.0,0.0,50000.0,0
2014-06-18,50000.0,0.0,50000.0,0
2014-06-19,50000.0,0.0,50000.0,0
2014-06-20,50000.0,0.0,50000.0,0
2014-06-23,50000.0,0.0,50000.0,0
2014-06-24,50000.0,0.0,50000.0,0
2014-06-25,50000.0,0.0,50000.0,0
2014-06-26,50000.0,0.0,50000.0,0
2014-06-27,50000.0,0.0,50000.0,0
2014-06-30,50000.0,0.0,50000.0,0
2014-07-01,50000.0,0.0,50000.0,0
2014-07-02,50000.0,0.0,50000.0,0
2014-07-03,50000.0,0.0,50000.0,0
2014-07-04,50000.0,0.0,50000.0,0
2014-07-07,50000.0,0.0,50000.0,0
2014-07-08,50000.0,0.0,50000.0,0
2014-07-09,50000.0,0.0,50000.0,0
2014-07-10,50000.0,0.0,50000.0,0
2014-07-11,50000.0,0.0,50000.0,0
2014-07-14,50000.0,0.0,50000.0,0
2014-07-15,50000.0,0.0,50000.0,0
2014-07-16,50000.0,0.0,50000.0,0
2014-07-17,50000.0,0.0,50000.0,0
2014-07-18,50000.0,0.0,50000.0,0
2014-07-21,50000.0,0.0,50000.0,0
2014-07-22,50000.0,0.0,50000.0,0
2014-07-23,50000.0,0.0,50000.0,0
2014-07-24,50000.0,0.0,50000.0,0
2014-07-25,50000.0,0.0,50000.0,0
2014-07-28,50000.0,0.0,50000.0,0
2014-07-30,50000.0,0.0,50000.0,0
2014-07-31,50000.0,0.0,50000.0,0
2014-08-01,50000.0,0.0,50000.0,0
2014-08-04,50000.0,0.0,50000.0,0
2014-08-05,50000.0,0.0,50000.0,0
2014-08-06,50000.0,0.0,50000.0,0
2014-08-07,50000.0,0.0,50000.0,0
2014-08-08,50000.0,0.0,50000.0,0
2014-08-11,50000.0,0.0,50000.0,0
2014-08-12,50000.0,0.0,50000.0,0
2014-08-13,50000.0,0.0,50000.0,0
2014-08-14,50000.0,0.0,50000.0,0
2014-08-18,50000.0,0.0,50000.0,0
2014-08-19,50000.0,0.0,50000.0,0
2014-08-20,50000.0,0.0,50000.0,0
2014-08-21,50000.0,0.0,50000.0,0
2014-08-22,50000.0,0.0,50000.0,0
2014-08-25,50000.0,0.0,50000.0,0
2014-08-26,50000.0,0.0,50000.0,0
2014-08-27,50000.0,0.0,50000.0,0
2014-08-28,50000.0,0.0,50000.0,0
2014-09-01,50000.0,0.0,50000.0,0
2014-09-02,50000.0,0.0,50000.0,0
2014-09-03,50000.0,0.0,50000.0,0
2014-09-04,50000.0,0.0,50000.0,0
2014-09-05,50000.0,0.0,50000.0,0
2014-09-08,50000.0,0.0,50000.0,0
2014-09-09,50000.0,0.0,50000.0,0
2014-09-10,50000.0,0.0,50000.0,0
2014-09-11,50000.0,0.0,50000.0,0
2014-09-12,50000.0,0.0,50000.0,0
2014-09-15,50000.0,0.0,50000.0,0
2014-09-16,50000.0,0.0,50000.0,0
2014-09-17,50000.0,0.0,50000.0,0
2014-09-18,50000.0,0.0,50000.0,0
2014-09-19,50000.0,0.0,50000.0,0
2014-09-22,50000.0,0.0,50000.0,0
2014-09-23,50000.0,0.0,50000.0,0
2014-09-24,50000.0,0.0,50000.0,0
2014-09-25,50000.0,0.0,50000.0,0
2014-09-26,50000.0,0.0,50000.0,0
2014-09-29,50000.0,0.0,50000.0,0
2014-09-30,50000.0,0.0,50000.0,0
2014-10-01,50000.0,0.0,50000.0,0
2014-10-07,50000.0,0.0,50000.0,0
2014-10-08,50000.0,0.0,50000.0,0
2014-10-09,50000.0,0.0,50000.0,0
2014-10-10,50000.0,0.0,50000.0,0
2014-10-13,50000.0,0.0,50000.0,0
2014-10-14,50000.0,0.0,50000.0,0
2014-10-16,50000.0,0.0,50000.0,0
2014-10-17,50000.0,0.0,50000.0,0
2014-10-20,50000.0,0.0,50000.0,0
2014-10-21,50000.0,0.0,50000.0,0
2014-10-22,50000.0,0.0,50000.0,0
2014-10-23,50000.0,0.0,50000.0,0
2014-10-27,50000.0,0.0,50000.0,0
2014-10-28,50000.0,0.0,50000.0,0
2014-10-29,50000.0,0.0,50000.0,0
2014-10-30,50000.0,0.0,50000.0,0
2014-10-31,50000.0,0.0,50000.0,0
2014-11-03,50000.0,0.0,50000.0,0
2014-11-05,50000.0,0.0,50000.0,0
2014-11-07,50000.0,0.0,50000.0,0
2014-11-10,50000.0,0.0,50000.0,0
2014-11-11,50000.0,0.0,50000.0,0
2014-11-12,50000.0,0.0,50000.0,0
2014-11-13,50000.0,0.0,50000.0,0
2014-11-14,50000.0,0.0,50000.0,0
2014-11-17,50000.0,0.0,50000.0,0
2014-11-18,50000.0,0.0,50000.0,0
2014-11-19,50000.0,0.0,50000.0,0
2014-11-20,50000.0,0.0,50000.0,0
2014-11-21,50000.0,0.0,50000.0,0
2014-11-24,50000.0,0.0,50000.0,0
2014-11-25,50000.0,0.0,50000.0,0
2014-11-26,50000.0,0.0,50000.0,0
2014-11-27,50000.0,0.0,50000.0,0
2014-11-28,50000.0,0.0,50000.0,0
2014-12-01,50000.0,0.0,50000.0,0
2014-12-02,50000.0,0.0,50000.0,0
2014-12-03,50000.0,0.0,50000.0,0
2014-12-04,50000.0,0.0,50000.0,0
2014-12-05,50000.0,0.0,50000.0,0
2014-12-08,50000.0,0.0,50000.0,0
2014-12-09,50000.0,0.0,50000.0,0
2014-12-10,50000.0,0.0,50000.0,0
2014-12-11,50000.0,0.0,50000.0,0
2014-12-12,50000.0,0.0,50000.0,0
2014-12-15,50000.0,0.0,50000.0,0
2014-12-16,50000.0,0.0,50000.0,0
2014-12-17,50000.0,0.0,50000.0,0
2014-12-18,50000.0,0.0,50000.0,0
2014-12-19,50000.0,0.0,50000.0,0
2014-12-22,50000.0,0.0,50000.0,0
2014-12-23,50000.0,0.0,50000.0,0
2014-12-24,50000.0,0.0,50000.0,0
2014-12-26,50000.0,0.0,50000.0,0
2014-12-29,50000.0,0.0,50000.0,0
2014-12-30,50000.0,0.0,50000.0,0
2014-12-31,50000.0,0.0,50000.0,0
2015-01-01,50000.0,0.0,50000.0,0
2015-01-02,50000.0,0.0,50000.0,0
2015-01-05,50000.0,0.0,50000.0,0
2015-01-06,50000.0,0.0,50000.0,0
2015-01-07,50000.0,0.0,50000.0,0
2015-01-08,50000.0,0.0,50000.0,0
2015-01-09,50000.0,0.0,50000.0,0
2015-01-12,50000.0,0.0,50000.0,0
2015-01-13,50000.0,0.0,50000.0,0
2015-01-14,50000.0,0.0,50000.0,0
2015-01-15,50000.0,0.0,50000.0,0
2015-01-16,50000.0,0.0,50000.0,0
2015-01-19,50000.0,0.0,50000.0,0
2015-01-20,50000.0,0.0,50000.0,0
2015-01-21,50000.0,0.0,50000.0,0
2015-01-22,50000.0,0.0,50000.0,0
2015-01-23,50000.0,0.0,50000.0,0
2015-01-27,50000.0,0.0,50000.0,0
2015-01-28,50000.0,0.0,50000.0,0
2015-01-29,50000.0,0.0,50000.0,0
2015-01-30,50000.0,0.0,50000.0,0
2015-02-02,50000.0,0.0,50000.0,0
2015-02-03,50000.0,0.0,50000.0,0
2015-02-04,50000.0,0.0,50000.0,0
2015-02-05,50000.0,0.0,50000.0,0
2015-02-06,50000.0,0.0,50000.0,0
2015-02-09,50000.0,0.0,50000.0,0
2015-02-10,50000.0,0.0,50000.0,0
2015-02-11,50000.0,0.0,50000.0,0
2015-02-12,50000.0,0.0,50000.0,0
2015-02-13,50000.0,0.0,50000.0,0
2015-02-16,50000.0,0.0,50000.0,0
2015-02-18,50000.0,0.0,50000.0,0
2015-02-19,50000.0,0.0,50000.0,0
2015-02-20,50000.0,0.0,50000.0,0
2015-02-23,50000.0,0.0,50000.0,0
2015-02-24,50000.0,0.0,50000.0,0
2015-02-25,50000.0,0.0,50000.0,0
2015-02-26,50000.0,0.0,50000.0,0
2015-02-27,50000.0,0.0,50000.0,0
2015-03-02,50000.0,0.0,50000.0,0
2015-03-03,50000.0,0.0,50000.0,0
2015-03-04,50000.0,0.0,50000.0,0
2015-03-05,50000.0,0.0,50000.0,0
2015-03-09,50000.0,0.0,50000.0,0
2015-03-10,50000.0,0.0,50000.0,0
2015-03-11,50000.0,0.0,50000.0,0
2015-03-12,50000.0,0.0,50000.0,0
2015-03-13,50000.0,0.0,50000.0,0
2015-03-16,50000.0,0.0,50000.0,0
2015-03-17,50000.0,0.0,50000.0,0
2015-03-18,50000.0,0.0,50000.0,0
2015-03-19,50000.0,0.0,50000.0,0
2015-03-20,50000.0,0.0,50000.0,0
2015-03-23,50000.0,0.0,50000.0,0
2015-03-24,50000.0,0.0,50000.0,0
2015-03-25,50000.0,0.0,50000.0,0
2015-03-26,50000.0,0.0,50000.0,0
2015-03-27,50000.0,0.0,50000.0,0
2015-03-30,50000.0,0.0,50000.0,0
2015-03-31,50000.0,0.0,50000.0,0
2015-04-01,50000.0,0.0,50000.0,0
2015-04-06,50000.0,0.0,50000.0,0
2015-04-07,50000.0,0.0,50000.0,0
2015-04-08,50000.0,0.0,50000.0,0
2015-04-09,50000.0,0.0,50000.0,0
2015-04-10,50000.0,0.0,50000.0,0
2015-04-13,50000.0,0.0,50000.0,0
2015-04-15,50000.0,0.0,50000.0,0
2015-04-16,50000.0,0.0,50000.0,0
2015-04-17,50000.0,0.0,50000.0,0
2015-04-20,50000.0,0.0,50000.0,0
2015-04-21,50000.0,0.0,50000.0,0
2015-04-22,50000.0,0.0,50000.0,0
2015-04-23,50000.0,0.0,50000.0,0
2015-04-24,50000.0,0.0,50000.0,0
2015-04-27,50000.0,0.0,50000.0,0
2015-04-28,50000.0,0.0,50000.0,0
2015-04-29,50000.0,0.0,50000.0,0
2015-04-30,50000.0,0.0,50000.0,0
2015-05-04,50000.0,0.0,50000.0,0
2015-05-05,50000.0,0.0,50000.0,0
2015-05-06,50000.0,0.0,50000.0,0
2015-05-07,50000.0,0.0,50000.0,0
2015-05-08,50000.0,0.0,50000.0,0
2015-05-11,50000.0,0.0,50000.0,0
2015-05-12,50000.0,0.0,50000.0,0
2015-05-13,50000.0,0.0,50000.0,0
2015-05-14,50000.0,0.0,50000.0,0
2015-05-15,50000.0,0.0,50000.0,0
2015-05-18,50000.0,0.0,50000.0,0
2015-05-19,50000.0,0.0,50000.0,0
2015-05-20,50000.0,0.0,50000.0,0
2015-05-21,50000.0,0.0,50000.0,0
2015-05-22,50000.0,0.0,50000.0,0
2015-05-25,50000.0,0.0,50000.0,0
2015-05-26,50000.0,0.0,50000.0,0
2015-05-27,50000.0,0.0,50000.0,0
2015-05-28,50000.0,0.0,50000.0,0
2015-05-29,50000.0,0.0,50000.0,0
2015-06-01,50000.0,0.0,50000.0,0
2015-06-02,50000.0,0.0,50000.0,0
2015-06-03,50000.0,0.0,50000.0,0
2015-06-04,50000.0,0.0,50000.0,0
2015-06-05,50000.0,0.0,50000.0,0
2015-06-08,50000.0,0.0,50000.0,0
2015-06-09,50000.0,0.0,50000.0,0
2015-06-10,50000.0,0.0,50000.0,0
2015-06-11,50000.0,0.0,50000.0,0
2015-06-12,50000.0,0.0,50000.0,0
2015-06-15,50000.0,0.0,50000.0,0
2015-06-16,50000.0,0.0,50000.0,0
2015-06-17,50000.0,0.0,50000.0,0
2015-06-18,50000.0,0.0,50000.0,0
2015-06-19,50000.0,0.0,50000.0,0
2015-06-22,50000.0,0.0,50000.0,0
2015-06-23,50000.0,0.0,50000.0,0
2015-06-24,50000.0,0.0,50000.0,0
2015-06-25,50000.0,0.0,50000.0,0
2015-06-26,50000.0,0.0,50000.0,0
2015-06-29,50000.0,0.0,50000.0,0
2015-06-30,50000.0,0.0,50000.0,0
2015-07-01,50000.0,0.0,50000.0,0
2015-07-02,50000.0,0.0,50000.0,0
2015-07-03,50000.0,0.0,50000.0,0
2015-07-06,50000.0,0.0,50000.0,0
2015-07-07,50000.0,0.0,50000.0,0
2015-07-08,50000.0,0.0,50000.0,0
2015-07-09,50000.0,0.0,50000.0,0
2015-07-10,50000.0,0.0,50000.0,0
2015-07-13,50000.0,0.0,50000.0,0
2015-07-14,50000.0,0.0,50000.0,0
2015-07-15,50000.0,0.0,50000.0,0
2015-07-16,50000.0,0.0,50000.0,0
2015-07-17,50000.0,0.0,50000.0,0
2015-07-20,50000.0,0.0,50000.0,0
2015-07-21,50000.0,0.0,50000.0,0
2015-07-22,50000.0,0.0,50000.0,0
2015-07-23,50000.0,0.0,50000.0,0
2015-07-24,50000.0,0.0,50000.0,0
2015-07-27,50000.0,0.0,50000.0,0
2015-07-28,50000.0,0.0,50000.0,0
2015-07-29,50000.0,0.0,50000.0,0
2015-07-30,50000.0,0.0,50000.0,0
2015-07-31,50000.0,0.0,50000.0,0
2015-08-03,50000.0,0.0,50000.0,0
2015-08-04,50000.0,0.0,50000.0,0
2015-08-05,50000.0,0.0,50000.0,0
2015-08-06,50000.0,0.0,50000.0,0
2015-08-07,50000.0,0.0,50000.0,0
2015-08-10,50000.0,0.0,50000.0,0
2015-08-11,50000.0,0.0,50000.0,0
2015-08-12,50000.0,0.0,50000.0,0
2015-08-13,50000.0,0.0,50000.0,0
2015-08-14,50000.0,0.0,50000.0,0
2015-08-17,50000.0,0.0,50000.0,0
2015-08-18,50000.0,0.0,50000.0,0
2015-08-19,50000.0,0.0,50000.0,0
2015-08-20,50000.0,0.0,50000.0,0
2015-08-21,50000.0,0.0,50000.0,0
2015-08-24,50000.0,0.0,50000.0,0
2015-08-25,50000.0,0.0,50000.0,0
2015-08-26,50000.0,0.0,50000.0,0
2015-08-27,50000.0,0.0,50000.0,0
2015-08-28,50000.0,0.0,50000.0,0
2015-08-31,50000.0,0.0,50000.0,0
2015-09-01,50000.0,0.0,50000.0,0
2015-09-02,50000.0,0.0,50000.0,0
2015-09-03,50000.0,0.0,50000.0,0
2015-09-04,50000.0,0.0,50000.0,0
2015-09-07,50000.0,0.0,50000.0,0
2015-09-08,50000.0,0.0,50000.0,0
2015-09-09,50000.0,0.0,50000.0,0
2015-09-10,50000.0,0.0,50000.0,0
2015-09-11,50000.0,0.0,50000.0,0
2015-09-14,50000.0,0.0,50000.0,0
2015-09-15,50000.0,0.0,50000.0,0
2015-09-16,50000.0,0.0,50000.0,0
2015-09-18,50000.0,0.0,50000.0,0
2015-09-21,50000.0,0.0,50000.0,0
2015-09-22,50000.0,0.0,50000.0,0
2015-09-23,50000.0,0.0,50000.0,0
2015-09-24,50000.0,0.0,50000.0,0
2015-09-28,50000.0,0.0,50000.0,0
2015-09-29,50000.0,0.0,50000.0,0
2015-09-30,50000.0,0.0,50000.0,0
2015-10-01,50000.0,0.0,50000.0,0
2015-10-05,50000.0,0.0,50000.0,0
2015-10-06,50000.0,0.0,50000.0,0
2015-10-07,50000.0,0.0,50000.0,0
2015-10-08,50000.0,0.0,50000.0,0
2015-10-09,50000.0,0.0,50000.0,0
2015-10-12,50000.0,0.0,50000.0,0
2015-10-13,50000.0,0.0,50000.0,0
2015-10-14,50000.0,0.0,50000.0,0
2015-10-15,50000.0,0.0,50000.0,0
2015-10-16,50000.0,0.0,50000.0,0
2015-10-19,50000.0,0.0,50000.0,0
2015-10-20,50000.0,0.0,50000.0,0
2015-10-21,50000.0,0.0,50000.0,0
2015-10-23,50000.0,0.0,50000.0,0
2015-10-26,50000.0,0.0,50000.0,0
2015-10-27,50000.0,0.0,50000.0,0
2015-10-28,50000.0,0.0,50000.0,0
2015-10-29,50000.0,0.0,50000.0,0
2015-10-30,50000.0,0.0,50000.0,0
2015-11-02,50000.0,0.0,50000.0,0
2015-11-03,50000.0,0.0,50000.0,0
2015-11-04,50000.0,0.0,50000.0,0
2015-11-05,50000.0,0.0,50000.0,0
2015-11-06,50000.0,0.0,50000.0,0
2015-11-09,50000.0,0.0,50000.0,0
2015-11-10,50000.0,0.0,50000.0,0
2015-11-11,50000.0,0.0,50000.0,0
2015-11-13,50000.0,0.0,50000.0,0
2015-11-16,50000.0,0.0,50000.0,0
2015-11-17,50000.0,0.0,50000.0,0
2015-11-18,50000.0,0.0,50000.0,0
2015-11-19,50000.0,0.0,50000.0,0
2015-11-20,50000.0,0.0,50000.0,0
2015-11-23,50000.0,0.0,50000.0,0
2015-11-24,50000.0,0.0,50000.0,0
2015-11-26,50000.0,0.0,50000.0,0
2015-11-27,50000.0,0.0,50000.0,0
2015-11-30,50000.0,0.0,50000.0,0
2015-12-01,50000.0,0.0,50000.0,0
2015-12-02,50000.0,0.0,50000.0,0
2015-12-03,50000.0,0.0,50000.0,0
2015-12-04,50000.0,0.0,50000.0,0
2015-12-07,50000.0,0.0,50000.0,0
2015-12-08,50000.0,0.0,50000.0,0
2015-12-09,50000.0,0.0,50000.0,0
2015-12-10,50000.0,0.0,50000.0,0
2015-12-11,50000.0,0.0,50000.0,0
2015-12-14,50000.0,0.0,50000.0,0
2015-12-15,50000.0,0.0,50000.0,0
2015-12-16,50000.0,0.0,50000.0,0
2015-12-17,50000.0,0.0,50000.0,0
2015-12-18,50000.0,0.0,50000.0,0
2015-12-21,50000.0,0.0,50000.0,0
2015-12-22,50000.0,0.0,50000.0,0
2015-12-23,50000.0,0.0,50000.0,0
2015-12-24,50000.0,0.0,50000.0,0
2015-12-28,50000.0,0.0,50000.0,0
2015-12-29,50000.0,0.0,50000.0,0
2015-12-30,50000.0,0.0,50000.0,0
2015-12-31,50000.0,0.0,50000.0,0
2016-01-01,50000.0,0.0,50000.0,0
2016-01-04,50000.0,0.0,50000.0,0
2016-01-05,50000.0,0.0,50000.0,0
2016-01-06,50000.0,0.0,50000.0,0
2016-01-07,50000.0,0.0,50000.0,0
2016-01-08,50000.0,0.0,50000.0,0
2016-01-11,50000.0,0.0,50000.0,0
2016-01-12,50000.0,0.0,50000.0,0
2016-01-13,50000.0,0.0,50000.0,0
2016-01-14,50000.0,0.0,50000.0,0
2016-01-15,50000.0,0.0,50000.0,0
2016-01-18,50000.0,0.0,50000.0,0
2016-01-19,50000.0,0.0,50000.0,0
2016-01-20,50000.0,0.0,50000.0,0
2016-01-21,50000.0,0.0,50000.0,0
2016-01-22,50000.0,0.0,50000.0,0
2016-01-25,50000.0,0.0,50000.0,0
2016-01-27,50000.0,0.0,50000.0,0
2016-01-28,50000.0,0.0,50000.0,0
2016-01-29,50000.0,0.0,50000.0,0
2016-02-01,50000.0,0.0,50000.0,0
2016-02-02,50000.0,0.0,50000.0,0
2016-02-03,50000.0,0.0,50000.0,0
2016-02-04,50000.0,0.0,50000.0,0
2016-02-05,50000.0,0.0,50000.0,0
2016-02-08,50000.0,0.0,50000.0,0
2016-02-09,50000.0,0.0,50000.0,0
2016-02-10,50000.0,0.0,50000.0,0
2016-02-11,50000.0,0.0,50000.0,0
2016-02-12,50000.0,0.0,50000.0,0
2016-02-15,50000.0,0.0,50000.0,0
2016-02-16,50000.0,0.0,50000.0,0
2016-02-17,50000.0,0.0,50000.0,0
2016-02-18,50000.0,0.0,50000.0,0
2016-02-19,50000.0,0.0,50000.0,0
2016-02-22,50000.0,0.0,50000.0,0
2016-02-23,50000.0,0.0,50000.0,0
2016-02-24,50000.0,0.0,50000.0,0
2016-02-25,50000.0,0.0,50000.0,0
2016-02-26,50000.0,0.0,50000.0,0
2016-02-29,50000.0,0.0,50000.0,0
2016-03-01,50000.0,0.0,50000.0,0
2016-03-02,50000.0,0.0,50000.0,0
2016-03-03,50000.0,0.0,50000.0,0
2016-03-04,50000.0,0.0,50000.0,0
2016-03-08,50000.0,0.0,50000.0,0
2016-03-09,50000.0,0.0,50000.0,0
2016-03-10,50000.0,0.0,50000.0,0
2016-03-11,50000.0,0.0,50000.0,0
2016-03-14,50000.0,0.0,50000.0,0
2016-03-15,50000.0,0.0,50000.0,0
2016-03-16,50000.0,0.0,50000.0,0
2016-03-17,50000.0,0.0,50000.0,0
2016-03-18,50000.0,0.0,50000.0,0
2016-03-21,50000.0,0.0,50000.0,0
2016-03-22,50000.0,0.0,50000.0,0
2016-03-23,50000.0,0.0,50000.0,0
2016-03-28,50000.0,0.0,50000.0,0
2016-03-29,50000.0,0.0,50000.0,0
2016-03-30,50000.0,0.0,50000.0,0
2016-03-31,50000.0,0.0,50000.0,0
2016-04-01,50000.0,0.0,50000.0,0
2016-04-04,50000.0,0.0,50000.0,0
2016-04-05,50000.0,0.0,50000.0,0
2016-04-06,50000.0,0.0,50000.0,0
2016-04-07,50000.0,0.0,50000.0,0
2016-04-08,50000.0,0.0,50000.0,0
2016-04-11,50000.0,0.0,50000.0,0
2016-04-12,50000.0,0.0,50000.0,0
2016-04-13,50000.0,0.0,50000.0,0
2016-04-18,50000.0,0.0,50000.0,0
2016-04-20,50000.0,0.0,50000.0,0
2016-04-21,50000.0,0.0,50000.0,0
2016-04-22,50000.0,0.0,50000.0,0
2016-04-25,50000.0,0.0,50000.0,0
2016-04-26,50000.0,0.0,50000.0,0
2016-04-27,50000.0,0.0,50000.0,0
2016-04-28,50000.0,0.0,50000.0,0
2016-04-29,50000.0,0.0,50000.0,0
2016-05-02,50000.0,0.0,50000.0,0
2016-05-03,50000.0,0.0,50000.0,0
2016-05-04,50000.0,0.0,50000.0,0
2016-05-05,50000.0,0.0,50000.0,0
2016-05-06,50000.0,0.0,50000.0,0
2016-05-09,50000.0,0.0,50000.0,0
2016-05-10,50000.0,0.0,50000.0,0
2016-05-11,50000.0,0.0,50000.0,0
2016-05-12,50000.0,0.0,50000.0,0
2016-05-13,50000.0,0.0,50000.0,0
2016-05-16,50000.0,0.0,50000.0,0
2016-05-17,50000.0,0.0,50000.0,0
2016-05-18,50000.0,0.0,50000.0,0
2016-05-19,50000.0,0.0,50000.0,0
2016-05-20,50000.0,0.0,50000.0,0
2016-05-23,50000.0,0.0,50000.0,0
2016-05-24,50000.0,0.0,50000.0,0
2016-05-25,50000.0,0.0,50000.0,0
2016-05-26,50000.0,0.0,50000.0,0
2016-05-27,50000.0,0.0,50000.0,0
2016-05-30,50000.0,0.0,50000.0,0
2016-05-31,50000.0,0.0,50000.0,0
2016-06-01,50000.0,0.0,50000.0,0
2016-06-02,50000.0,0.0,50000.0,0
2016-06-03,50000.0,0.0,50000.0,0
2016-06-06,50000.0,0.0,50000.0,0
2016-06-07,50000.0,0.0,50000.0,0
2016-06-08,50000.0,0.0,50000.0,0
2016-06-09,50000.0,0.0,50000.0,0
2016-06-10,50000.0,0.0,50000.0,0
2016-06-13,50000.0,0.0,50000.0,0
2016-06-14,50000.0,0.0,50000.0,0
2016-06-15,50000.0,0.0,50000.0,0
2016-06-16,50000.0,0.0,50000.0,0
2016-06-17,50000.0,0.0,50000.0,0
2016-06-20,50000.0,0.0,50000.0,0
2016-06-21,50000.0,0.0,50000.0,0
2016-06-22,50000.0,0.0,50000.0,0
2016-06-23,50000.0,0.0,50000.0,0
2016-06-24,50000.0,0.0,50000.0,0
2016-06-27,50000.0,0.0,50000.0,0
2016-06-28,50000.0,0.0,50000.0,0
2016-06-29,50000.0,0.0,50000.0,0
2016-06-30,50000.0,0.0,50000.0,0
2016-07-01,50000.0,0.0,50000.0,0
2016-07-04,50000.0,0.0,50000.0,0
2016-07-05,50000.0,0.0,50000.0,0
2016-07-07,50000.0,0.0,50000.0,0
2016-07-08,50000.0,0.0,50000.0,0
2016-07-11,50000.0,0.0,50000.0,0
2016-07-12,50000.0,0.0,50000.0,0
2016-07-13,50000.0,0.0,50000.0,0
2016-07-14,50000.0,0.0,50000.0,0
2016-07-15,50000.0,0.0,50000.0,0
2016-07-18,50000.0,0.0,50000.0,0
2016-07-19,50000.0,0.0,50000.0,0
2016-07-20,50000.0,0.0,50000.0,0
2016-07-21,50000.0,0.0,50000.0,0
2016-07-22,50000.0,0.0,50000.0,0
2016-07-25,50000.0,0.0,50000.0,0
2016-07-26,50000.0,0.0,50000.0,0
2016-07-27,50000.0,0.0,50000.0,0
2016-07-28,50000.0,0.0,50000.0,0
2016-07-29,50000.0,0.0,50000.0,0
2016-08-01,50000.0,0.0,50000.0,0
2016-08-02,50000.0,0.0,50000.0,0
2016-08-03,50000.0,0.0,50000.0,0
2016-08-04,50000.0,0.0,50000.0,0
2016-08-05,50000.0,0.0,50000.0,0
2016-08-08,50000.0,0.0,50000.0,0
2016-08-09,50000.0,0.0,50000.0,0
2016-08-10,50000.0,0.0,50000.0,0
2016-08-11,50000.0,0.0,50000.0,0
2016-08-12,50000.0,0.0,50000.0,0
2016-08-16,50000.0,0.0,50000.0,0
2016-08-17,50000.0,0.0,50000.0,0
2016-08-18,50000.0,0.0,50000.0,0
2016-08-19,50000.0,0.0,50000.0,0
2016-08-22,50000.0,0.0,50000.0,0
2016-08-23,50000.0,0.0,50000.0,0
2016-08-24,50000.0,0.0,50000.0,0
2016-08-25,50000.0,0.0,50000.0,0
2016-08-26,50000.0,0.0,50000.0,0
2016-08-29,50000.0,0.0,50000.0,0
2016-08-30,50000.0,0.0,50000.0,0
2016-08-31,50000.0,0.0,50000.0,0
2016-09-01,50000.0,0.0,50000.0,0
2016-09-02,50000.0,0.0,50000.0,0
2016-09-06,50000.0,0.0,50000.0,0
2016-09-07,50000.0,0.0,50000.0,0
2016-09-08,50000.0,0.0,50000.0,0
2016-09-09,50000.0,0.0,50000.0,0
2016-09-12,50000.0,0.0,50000.0,0
2016-09-14,50000.0,0.0,50000.0,0
2016-09-15,50000.0,0.0,50000.0,0
2016-09-16,50000.0,0.0,50000.0,0
2016-09-19,50000.0,0.0,50000.0,0
2016-09-20,50000.0,0.0,50000.0,0
2016-09-21,50000.0,0.0,50000.0,0
2016-09-22,50000.0,0.0,50000.0,0
2016-09-23,50000.0,0.0,50000.0,0
2016-09-26,50000.0,0.0,50000.0,0
2016-09-27,50000.0,0.0,50000.0,0
2016-09-28,50000.0,0.0,50000.0,0
2016-09-29,50000.0,0.0,50000.0,0
2016-09-30,50000.0,0.0,50000.0,0
2016-10-03,50000.0,0.0,50000.0,0
2016-10-04,50000.0,0.0,50000.0,0
2016-10-05,50000.0,0.0,50000.0,0
2016-10-06,50000.0,0.0,50000.0,0
2016-10-07,50000.0,0.0,50000.0,0
2016-10-10,50000.0,0.0,50000.0,0
2016-10-13,50000.0,0.0,50000.0,0
2016-10-14,50000.0,0.0,50000.0,0
2016-10-17,50000.0,0.0,50000.0,0
2016-10-18,50000.0,0.0,50000.0,0
2016-10-19,50000.0,0.0,50000.0,0
2016-10-20,50000.0,0.0,50000.0,0
2016-10-21,50000.0,0.0,50000.0,0
2016-10-24,50000.0,0.0,50000.0,0
2016-10-25,50000.0,0.0,50000.0,0
2016-10-26,50000.0,0.0,50000.0,0
2016-10-27,50000.0,0.0,50000.0,0
2016-10-28,50000.0,0.0,50000.0,0
2016-11-01,50000.0,0.0,50000.0,0
2016-11-02,50000.0,0.0,50000.0,0
2016-11-03,50000.0,0.0,50000.0,0
2016-11-04,50000.0,0.0,50000.0,0
2016-11-07,50000.0,0.0,50000.0,0
2016-11-08,50000.0,0.0,50000.0,0
2016-11-09,50000.0,0.0,50000.0,0
2016-11-10,50000.0,0.0,50000.0,0
2016-11-11,50000.0,0.0,50000.0,0
2016-11-15,50000.0,0.0,50000.0,0
2016-11-16,50000.0,0.0,50000.0,0
2016-11-17,50000.0,0.0,50000.0,0
2016-11-18,50000.0,0.0,50000.0,0
2016-11-21,50000.0,0.0,50000.0,0
2016-11-22,50000.0,0.0,50000.0,0
2016-11-23,50000.0,0.0,50000.0,0
2016-11-24,50000.0,0.0,50000.0,0
2016-11-25,50000.0,0.0,50000.0,0
2016-11-28,50000.0,0.0,50000.0,0
2016-11-29,50000.0,0.0,50000.0,0
2016-11-30,50000.0,0.0,50000.0,0
2016-12-01,50000.0,0.0,50000.0,0
2016-12-02,50000.0,0.0,50000.0,0
2016-12-05,50000.0,0.0,50000.0,0
2016-12-06,50000.0,0.0,50000.0,0
2016-12-07,50000.0,0.0,50000.0,0
2016-12-08,50000.0,0.0,50000.0,0
2016-12-09,50000.0,0.0,50000.0,0
2016-12-12,50000.0,0.0,50000.0,0
2016-12-13,50000.0,0.0,50000.0,0
2016-12-14,50000.0,0.0,50000.0,0
2016-12-15,50000.0,0.0,50000.0,0
2016-12-16,50000.0,0.0,50000.0,0
2016-12-19,50000.0,0.0,50000.0,0
2016-12-20,50000.0,0.0,50000.0,0
2016-12-21,50000.0,0.0,50000.0,0
2016-12-22,50000.0,0.0,50000.0,0
2016-12-23,50000.0,0.0,50000.0,0
2016-12-26,50000.0,0.0,50000.0,0
2016-12-27,50000.0,0.0,50000.0,0
2016-12-28,50000.0,0.0,50000.0,0
2016-12-29,50000.0,0.0,50000.0,0
2016-12-30,50000.0,0.0,50000.0,0
2017-01-02,50000.0,0.0,50000.0,0
2017-01-03,50000.0,0.0,50000.0,0
2017-01-04,50000.0,0.0,50000.0,0
2017-01-05,50000.0,0.0,50000.0,0
2017-01-06,50000.0,0.0,50000.0,0
2017-01-09,50000.0,0.0,50000.0,0
2017-01-10,50000.0,0.0,50000.0,0
2017-01-11,50000.0,0.0,50000.0,0
2017-01-12,50000.0,0.0,50000.0,0
2017-01-13,50000.0,0.0,50000.0,0
2017-01-16,50000.0,0.0,50000.0,0
2017-01-17,50000.0,0.0,50000.0,0
2017-01-18,50000.0,0.0,50000.0,0
2017-01-19,50000.0,0.0,50000.0,0
2017-01-20,50000.0,0.0,50000.0,0
2017-01-23,50000.0,0.0,50000.0,0
2017-01-24,50000.0,0.0,50000.0,0
2017-01-25,50000.0,0.0,50000.0,0
2017-01-27,50000.0,0.0,50000.0,0
2017-01-30,50000.0,0.0,50000.0,0
2017-01-31,50000.0,0.0,50000.0,0
2017-02-01,50000.0,0.0,50000.0,0
2017-02-02,50000.0,0.0,50000.0,0
2017-02-03,50000.0,0.0,50000.0,0
2017-02-06,50000.0,0.0,50000.0,0
2017-02-07,50000.0,0.0,50000.0,0
2017-02-08,50000.0,0.0,50000.0,0
2017-02-09,50000.0,0.0,50000.0,0
2017-02-10,50000.0,0.0,50000.0,0
2017-02-13,50000.0,0.0,50000.0,0
2017-02-14,50000.0,0.0,50000.0,0
2017-02-15,50000.0,0.0,50000.0,0
2017-02-16,50000.0,0.0,50000.0,0
2017-02-17,50000.0,0.0,50000.0,0
2017-02-20,50000.0,0.0,50000.0,0
2017-02-21,50000.0,0.0,50000.0,0
2017-02-22,50000.0,0.0,50000.0,0
2017-02-23,50000.0,0.0,50000.0,0
2017-02-27,50000.0,0.0,50000.0,0
2017-02-28,50000.0,0.0,50000.0,0
2017-03-01,50000.0,0.0,50000.0,0
2017-03-02,50000.0,0.0,50000.0,0
2017-03-03,50000.0,0.0,50000.0,0
2017-03-06,50000.0,0.0,50000.0,0
2017-03-07,50000.0,0.0,50000.0,0
2017-03-08,50000.0,0.0,50000.0,0
2017-03-09,50000.0,0.0,50000.0,0
2017-03-10,50000.0,0.0,50000.0,0
2017-03-14,50000.0,0.0,50000.0,0
2017-03-15,50000.0,0.0,50000.0,0
2017-03-16,50000.0,0.0,50000.0,0
2017-03-17,50000.0,0.0,50000.0,0
2017-03-20,50000.0,0.0,50000.0,0
2017-03-21,50000.0,0.0,50000.0,0
2017-03-22,50000.0,0.0,50000.0,0
2017-03-23,50000.0,0.0,50000.0,0
2017-03-24,50000.0,0.0,50000.0,0
2017-03-27,50000.0,0.0,50000.0,0
2017-03-28,50000.0,0.0,50000.0,0
2017-03-29,50000.0,0.0,50000.0,0
2017-03-30,50000.0,0.0,50000.0,0
2017-03-31,50000.0,0.0,50000.0,0
2017-04-03,50000.0,0.0,50000.0,0
2017-04-05,50000.0,0.0,50000.0,0
2017-04-06,50000.0,0.0,50000.0,0
2017-04-07,50000.0,0.0,50000.0,0
2017-04-10,50000.0,0.0,50000.0,0
2017-04-11,50000.0,0.0,50000.0,0
2017-04-12,50000.0,0.0,50000.0,0
2017-04-13,50000.0,0.0,50000.0,0
2017-04-17,50000.0,0.0,50000.0,0
2017-04-18,50000.0,0.0,50000.0,0
2017-04-19,50000.0,0.0,50000.0,0
2017-04-20,50000.0,0.0,50000.0,0
2017-04-21,50000.0,0.0,50000.0,0
2017-04-24,50000.0,0.0,50000.0,0
2017-04-25,50000.0,0.0,50000.0,0
2017-04-26,50000.0,0.0,50000.0,0
2017-04-27,50000.0,0.0,50000.0,0
2017-04-28,50000.0,0.0,50000.0,0
2017-05-02,50000.0,0.0,50000.0,0
2017-05-03,50000.0,0.0,50000.0,0
2017-05-04,50000.0,0.0,50000.0,0
2017-05-05,50000.0,0.0,50000.0,0
2017-05-08,50000.0,0.0,50000.0,0
2017-05-09,50000.0,0.0,50000.0,0
2017-05-10,50000.0,0.0,50000.0,0
2017-05-11,50000.0,0.0,50000.0,0
2017-05-12,50000.0,0.0,50000.0,0
2017-05-15,50000.0,0.0,50000.0,0
2017-05-16,50000.0,0.0,50000.0,0
2017-05-17,50000.0,0.0,50000.0,0
2017-05-18,50000.0,0.0,50000.0,0
2017-05-19,50000.0,0.0,50000.0,0
2017-05-22,50000.0,0.0,50000.0,0
2017-05-23,50000.0,0.0,50000.0,0
2017-05-24,50000.0,0.0,50000.0,0
2017-05-25,50000.0,0.0,50000.0,0
2017-05-26,50000.0,0.0,50000.0,0
2017-05-29,50000.0,0.0,50000.0,0
2017-05-30,50000.0,0.0,50000.0,0
2017-05-31,50000.0,0.0,50000.0,0
2017-06-01,50000.0,0.0,50000.0,0
2017-06-02,50000.0,0.0,50000.0,0
2017-06-05,50000.0,0.0,50000.0,0
2017-06-06,50000.0,0.0,50000.0,0
2017-06-07,50000.0,0.0,50000.0,0
2017-06-08,50000.0,0.0,50000.0,0
2017-06-09,50000.0,0.0,50000.0,0
2017-06-12,50000.0,0.0,50000.0,0
2017-06-13,50000.0,0.0,50000.0,0
2017-06-14,50000.0,0.0,50000.0,0
2017-06-15,50000.0,0.0,50000.0,0
2017-06-16,50000.0,0.0,50000.0,0
2017-06-19,50000.0,0.0,50000.0,0
2017-06-20,50000.0,0.0,50000.0,0
2017-06-21,50000.0,0.0,50000.0,0
2017-06-22,50000.0,0.0,50000.0,0
2017-06-23,50000.0,0.0,50000.0,0
2017-06-27,50000.0,0.0,50000.0,0
2017-06-28,50000.0,0.0,50000.0,0
2017-06-29,50000.0,0.0,50000.0,0
2017-06-30,50000.0,0.0,50000.0,0
2017-07-03,50000.0,0.0,50000.0,0
2017-07-04,50000.0,0.0,50000.0,0
2017-07-05,50000.0,0.0,50000.0,0
2017-07-06,50000.0,0.0,50000.0,0
2017-07-07,50000.0,0.0,50000.0,0
2017-07-10,50000.0,0.0,50000.0,0
2017-07-11,50000.0,0.0,50000.0,0
2017-07-12,50000.0,0.0,50000.0,0
2017-07-13,50000.0,0.0,50000.0,0
2017-07-14,50000.0,0.0,50000.0,0
2017-07-17,50000.0,0.0,50000.0,0
2017-07-18,50000.0,0.0,50000.0,0
2017-07-19,50000.0,0.0,50000.0,0
2017-07-20,50000.0,0.0,50000.0,0
2017-07-21,50000.0,0.0,50000.0,0
2017-07-24,50000.0,0.0,50000.0,0
2017-07-25,50000.0,0.0,50000.0,0
2017-07-26,50000.0,0.0,50000.0,0
2017-07-27,50000.0,0.0,50000.0,0
2017-07-28,50000.0,0.0,50000.0,0
2017-07-31,50000.0,0.0,50000.0,0
2017-08-01,50000.0,0.0,50000.0,0
2017-08-02,50000.0,0.0,50000.0,0
2017-08-03,50000.0,0.0,50000.0,0
2017-08-04,50000.0,0.0,50000.0,0
2017-08-07,50000.0,0.0,50000.0,0
2017-08-08,50000.0,0.0,50000.0,0
2017-08-09,50000.0,0.0,50000.0,0
2017-08-10,50000.0,0.0,50000.0,0
2017-08-11,50000.0,0.0,50000.0,0
2017-08-14,50000.0,0.0,50000.0,0
2017-08-16,50000.0,0.0,50000.0,0
2017-08-17,50000.0,0.0,50000.0,0
2017-08-18,50000.0,0.0,50000.0,0
2017-08-21,50000.0,0.0,50000.0,0
2017-08-22,50000.0,0.0,50000.0,0
2017-08-23,50000.0,0.0,50000.0,0
2017-08-24,50000.0,0.0,50000.0,0
2017-08-28,50000.0,0.0,50000.0,0
2017-08-29,50000.0,0.0,50000.0,0
2017-08-30,50000.0,0.0,50000.0,0
2017-08-31,50000.0,0.0,50000.0,0
2017-09-01,50000.0,0.0,50000.0,0
2017-09-04,50000.0,0.0,50000.0,0
2017-09-05,50000.0,0.0,50000.0,0
2017-09-06,50000.0,0.0,50000.0,0
2017-09-07,50000.0,0.0,50000.0,0
2017-09-08,50000.0,0.0,50000.0,0
2017-09-11,50000.0,0.0,50000.0,0
2017-09-12,50000.0,0.0,50000.0,0
2017-09-13,50000.0,0.0,50000.0,0
2017-09-14,50000.0,0.0,50000.0,0
2017-09-15,50000.0,0.0,50000.0,0
2017-09-18,50000.0,0.0,50000.0,0
2017-09-19,50000.0,0.0,50000.0,0
2017-09-20,50000.0,0.0,50000.0,0
2017-09-21,50000.0,0.0,50000.0,0
2017-09-22,50000.0,0.0,50000.0,0
2017-09-25,50000.0,0.0,50000.0,0
2017-09-26,50000.0,0.0,50000.0,0
2017-09-27,50000.0,0.0,50000.0,0
2017-09-28,50000.0,0.0,50000.0,0
2017-09-29,50000.0,0.0,50000.0,0
2017-10-03,50000.0,0.0,50000.0,0
2017-10-04,50000.0,0.0,50000.0,0
2017-10-05,50000.0,0.0,50000.0,0
2017-10-06,50000.0,0.0,50000.0,0
2017-10-09,50000.0,0.0,50000.0,0
2017-10-10,50000.0,0.0,50000.0,0
2017-10-11,50000.0,0.0,50000.0,0
2017-10-12,50000.0,0.0,50000.0,0
2017-10-13,50000.0,0.0,50000.0,0
2017-10-16,50000.0,0.0,50000.0,0
2017-10-17,50000.0,0.0,50000.0,0
2017-10-18,50000.0,0.0,50000.0,0
2017-10-19,50000.0,0.0,50000.0,0
2017-10-23,50000.0,0.0,50000.0,0
2017-10-24,50000.0,0.0,50000.0,0
2017-10-25,50000.0,0.0,50000.0,0
2017-10-26,50000.0,0.0,50000.0,0
2017-10-27,50000.0,0.0,50000.0,0
2017-10-30,50000.0,0.0,50000.0,0
2017-10-31,50000.0,0.0,50000.0,0
2017-11-01,50000.0,0.0,50000.0,0
2017-11-02,50000.0,0.0,50000.0,0
2017-11-03,50000.0,0.0,50000.0,0
2017-11-06,50000.0,0.0,50000.0,0
2017-11-07,50000.0,0.0,50000.0,0
2017-11-08,50000.0,0.0,50000.0,0
2017-11-09,50000.0,0.0,50000.0,0
2017-11-10,50000.0,0.0,50000.0,0
2017-11-13,50000.0,0.0,50000.0,0
2017-11-14,50000.0,0.0,50000.0,0
2017-11-15,50000.0,0.0,50000.0,0
2017-11-16,50000.0,0.0,50000.0,0
2017-11-17,50000.0,0.0,50000.0,0
2017-11-20,50000.0,0.0,50000.0,0
2017-11-21,50000.0,0.0,50000.0,0
2017-11-22,50000.0,0.0,50000.0,0
2017-11-23,50000.0,0.0,50000.0,0
2017-11-24,50000.0,0.0,50000.0,0
2017-11-27,50000.0,0.0,50000.0,0
2017-11-28,50000.0,0.0,50000.0,0
2017-11-29,50000.0,0.0,50000.0,0
2017-11-30,50000.0,0.0,50000.0,0
2017-12-01,50000.0,0.0,50000.0,0
2017-12-04,50000.0,0.0,50000.0,0
2017-12-05,50000.0,0.0,50000.0,0
2017-12-06,50000.0,0.0,50000.0,0
2017-12-07,50000.0,0.0,50000.0,0
2017-12-08,50000.0,0.0,50000.0,0
2017-12-11,50000.0,0.0,50000.0,0
2017-12-12,50000.0,0.0,50000.0,0
2017-12-13,50000.0,0.0,50000.0,0
2017-12-14,50000.0,0.0,50000.0,0
2017-12-15,50000.0,0.0,50000.0,0
2017-12-18,50000.0,0.0,50000.0,0
2017-12-19,50000.0,0.0,50000.0,0
2017-12-20,50000.0,0.0,50000.0,0
2017-12-21,50000.0,0.0,50000.0,0
2017-12-22,50000.0,0.0,50000.0,0
2017-12-26,50000.0,0.0,50000.0,0
2017-12-27,50000.0,0.0,50000.0,0
2017-12-28,50000.0,0.0,50000.0,0
2017-12-29,50000.0,0.0,50000.0,0
2018-01-01,50000.0,0.0,50000.0,0
2018-01-02,50000.0,0.0,50000.0,0
2018-01-03,50000.0,0.0,50000.0,0
2018-01-04,50000.0,0.0,50000.0,0
2018-01-05,50000.0,0.0,50000.0,0
2018-01-08,50000.0,0.0,50000.0,0
2018-01-09,50000.0,0.0,50000.0,0
2018-01-10,50000.0,0.0,50000.0,0
2018-01-11,50000.0,0.0,50000.0,0
2018-01-12,50000.0,0.0,50000.0,0
2018-01-15,50000.0,0.0,50000.0,0
2018-01-16,50000.0,0.0,50000.0,0
2018-01-17,50000.0,0.0,50000.0,0
2018-01-18,50000.0,0.0,50000.0,0
2018-01-19,50000.0,0.0,50000.0,0
2018-01-22,50000.0,0.0,50000.0,0
2018-01-23,50000.0,0.0,50000.0,0
2018-01-24,50000.0,0.0,50000.0,0
2018-01-25,50000.0,0.0,50000.0,0
2018-01-29,50000.0,0.0,50000.0,0
2018-01-30,50000.0,0.0,50000.0,0
2018-01-31,50000.0,0.0,50000.0,0
2018-02-01,50000.0,0.0,50000.0,0
2018-02-02,50000.0,0.0,50000.0,0
2018-02-05,50000.0,0.0,50000.0,0
2018-02-06,50000.0,0.0,50000.0,0
2018-02-07,50000.0,0.0,50000.0,0
2018-02-08,50000.0,0.0,50000.0,0
2018-02-09,50000.0,0.0,50000.0,0
2018-02-12,50000.0,0.0,50000.0,0
2018-02-14,50000.0,0.0,50000.0,0
2018-02-15,50000.0,0.0,50000.0,0
2018-02-16,50000.0,0.0,50000.0,0
2018-02-19,50000.0,0.0,50000.0,0
2018-02-20,50000.0,0.0,50000.0,0
2018-02-21,50000.0,0.0,50000.0,0
2018-02-22,50000.0,0.0,50000.0,0
2018-02-23,50000.0,0.0,50000.0,0
2018-02-26,50000.0,0.0,50000.0,0
2018-02-27,50000.0,0.0,50000.0,0
2018-02-28,50000.0,0.0,50000.0,0
2018-03-01,50000.0,0.0,50000.0,0
2018-03-05,50000.0,0.0,50000.0,0
2018-03-06,50000.0,0.0,50000.0,0
2018-03-07,50000.0,0.0,50000.0,0
2018-03-08,50000.0,0.0,50000.0,0
2018-03-09,50000.0,0.0,50000.0,0
2018-03-12,50000.0,0.0,50000.0,0
2018-03-13,50000.0,0.0,50000.0,0
2018-03-14,50000.0,0.0,50000.0,0
2018-03-15,50000.0,0.0,50000.0,0
2018-03-16,50000.0,0.0,50000.0,0
2018-03-19,50000.0,0.0,50000.0,0
2018-03-20,50000.0,0.0,50000.0,0
2018-03-21,50000.0,0.0,50000.0,0
2018-03-22,50000.0,0.0,50000.0,0
2018-03-23,50000.0,0.0,50000.0,0
2018-03-26,50000.0,0.0,50000.0,0
2018-03-27,50000.0,0.0,50000.0,0
2018-03-28,50000.0,0.0,50000.0,0
2018-04-02,50000.0,0.0,50000.0,0
2018-04-03,50000.0,0.0,50000.0,0
2018-04-04,50000.0,0.0,50000.0,0
2018-04-05,50000.0,0.0,50000.0,0
2018-04-06,50000.0,0.0,50000.0,0
2018-04-09,50000.0,0.0,50000.0,0
2018-04-10,50000.0,0.0,50000.0,0
2018-04-11,50000.0,0.0,50000.0,0
2018-04-12,50000.0,0.0,50000.0,0
2018-04-13,50000.0,0.0,50000.0,0
2018-04-16,50000.0,0.0,50000.0,0
2018-04-17,50000.0,0.0,50000.0,0
2018-04-18,50000.0,0.0,50000.0,0
2018-04-19,50000.0,0.0,50000.0,0
2018-04-20,50000.0,0.0,50000.0,0
2018-04-23,50000.0,0.0,50000.0,0
2018-04-24,50000.0,0.0,50000.0,0
2018-04-25,50000.0,0.0,50000.0,0
2018-04-26,50000.0,0.0,50000.0,0
2018-04-27,50000.0,0.0,50000.0,0
2018-04-30,50000.0,0.0,50000.0,0
2018-05-02,50000.0,0.0,50000.0,0
2018-05-03,50000.0,0.0,50000.0,0
2018-05-04,50000.0,0.0,50000.0,0
2018-05-07,50000.0,0.0,50000.0,0
2018-05-08,50000.0,0.0,50000.0,0
2018-05-09,50000.0,0.0,50000.0,0
2018-05-10,50000.0,0.0,50000.0,0
2018-05-11,50000.0,0.0,50000.0,0
2018-05-14,50000.0,0.0,50000.0,0
2018-05-15,50000.0,0.0,50000.0,0
2018-05-16,50000.0,0.0,50000.0,0
2018-05-17,50000.0,0.0,50000.0,0
2018-05-18,50000.0,0.0,50000.0,0
2018-05-21,50000.0,0.0,50000.0,0
2018-05-22,50000.0,0.0,50000.0,0
2018-05-23,50000.0,0.0,50000.0,0
2018-05-24,50000.0,0.0,50000.0,0
2018-05-25,50000.0,0.0,50000.0,0
2018-05-28,50000.0,0.0,50000.0,0
2018-05-29,50000.0,0.0,50000.0,0
2018-05-30,50000.0,0.0,50000.0,0
2018-05-31,50000.0,0.0,50000.0,0
2018-06-01,50000.0,0.0,50000.0,0
2018-06-04,50000.0,0.0,50000.0,0
2018-06-05,50000.0,0.0,50000.0,0
2018-06-06,50000.0,0.0,50000.0,0
2018-06-07,50000.0,0.0,50000.0,0
2018-06-08,50000.0,0.0,50000.0,0
2018-06-11,50000.0,0.0,50000.0,0
2018-06-12,50000.0,0.0,50000.0,0
2018-06-13,50000.0,0.0,50000.0,0
2018-06-14,50000.0,0.0,50000.0,0
2018-06-15,50000.0,0.0,50000.0,0
2018-06-18,50000.0,0.0,50000.0,0
2018-06-19,50000.0,0.0,50000.0,0
2018-06-20,50000.0,0.0,50000.0,0
2018-06-21,50000.0,0.0,50000.0,0
2018-06-22,50000.0,0.0,50000.0,0
2018-06-25,50000.0,0.0,50000.0,0
2018-06-26,50000.0,0.0,50000.0,0
2018-06-27,50000.0,0.0,50000.0,0
2018-06-28,50000.0,0.0,50000.0,0
2018-06-29,50000.0,0.0,50000.0,0
2018-07-02,50000.0,0.0,50000.0,0
2018-07-03,50000.0,0.0,50000.0,0
2018-07-04,50000.0,0.0,50000.0,0
2018-07-05,50000.0,0.0,50000.0,0
2018-07-06,50000.0,0.0,50000.0,0
2018-07-09,50000.0,0.0,50000.0,0
2018-07-10,50000.0,0.0,50000.0,0
2018-07-11,50000.0,0.0,50000.0,0
2018-07-12,50000.0,0.0,50000.0,0
2018-07-13,50000.0,0.0,50000.0,0
2018-07-16,50000.0,0.0,50000.0,0
2018-07-17,50000.0,0.0,50000.0,0
2018-07-18,50000.0,0.0,50000.0,0
2018-07-19,50000.0,0.0,50000.0,0
2018-07-20,50000.0,0.0,50000.0,0
2018-07-23,50000.0,0.0,50000.0,0
2018-07-24,50000.0,0.0,50000.0,0
2018-07-25,50000.0,0.0,50000.0,0
2018-07-26,50000.0,0.0,50000.0,0
2018-07-27,50000.0,0.0,50000.0,0
2018-07-30,50000.0,0.0,50000.0,0
2018-07-31,50000.0,0.0,50000.0,0
2018-08-01,50000.0,0.0,50000.0,0
2018-08-02,50000.0,0.0,50000.0,0
2018-08-03,50000.0,0.0,50000.0,0
2018-08-06,50000.0,0.0,50000.0,0
2018-08-07,50000.0,0.0,50000.0,0
2018-08-08,50000.0,0.0,50000.0,0
2018-08-09,50000.0,0.0,50000.0,0
2018-08-10,50000.0,0.0,50000.0,0
2018-08-13,50000.0,0.0,50000.0,0
2018-08-14,50000.0,0.0,50000.0,0
2018-08-16,50000.0,0.0,50000.0,0
2018-08-17,50000.0,0.0,50000.0,0
2018-08-20,50000.0,0.0,50000.0,0
2018-08-21,50000.0,0.0,50000.0,0
2018-08-23,50000.0,0.0,50000.0,0
2018-08-24,50000.0,0.0,50000.0,0
2018-08-27,50000.0,0.0,50000.0,0
2018-08-28,50000.0,0.0,50000.0,0
2018-08-29,50000.0,0.0,50000.0,0
2018-08-30,50000.0,0.0,50000.0,0
2018-08-31,50000.0,0.0,50000.0,0
2018-09-03,50000.0,0.0,50000.0,0
2018-09-04,50000.0,0.0,50000.0,0
2018-09-05,50000.0,0.0,50000.0,0
2018-09-06,50000.0,0.0,50000.0,0
2018-09-07,50000.0,0.0,50000.0,0
2018-09-10,50000.0,0.0,50000.0,0
2018-09-11,50000.0,0.0,50000.0,0
2018-09-12,50000.0,0.0,50000.0,0
2018-09-14,50000.0,0.0,50000.0,0
2018-09-17,50000.0,0.0,50000.0,0
2018-09-18,50000.0,0.0,50000.0,0
2018-09-19,50000.0,0.0,50000.0,0
2018-09-21,50000.0,0.0,50000.0,0
2018-09-24,50000.0,0.0,50000.0,0
2018-09-25,50000.0,0.0,50000.0,0
2018-09-26,50000.0,0.0,50000.0,0
2018-09-27,50000.0,0.0,50000.0,0
2018-09-28,50000.0,0.0,50000.0,0
2018-10-01,50000.0,0.0,50000.0,0
2018-10-03,50000.0,0.0,50000.0,0
2018-10-04,50000.0,0.0,50000.0,0
2018-10-05,50000.0,0.0,50000.0,0
2018-10-08,50000.0,0.0,50000.0,0
2018-10-09,50000.0,0.0,50000.0,0
2018-10-10,50000.0,0.0,50000.0,0
2018-10-11,50000.0,0.0,50000.0,0
2018-10-12,50000.0,0.0,50000.0,0
2018-10-15,50000.0,0.0,50000.0,0
2018-10-16,50000.0,0.0,50000.0,0
2018-10-17,50000.0,0.0,50000.0,0
2018-10-19,50000.0,0.0,50000.0,0
2018-10-22,50000.0,0.0,50000.0,0
2018-10-23,50000.0,0.0,50000.0,0
2018-10-24,50000.0,0.0,50000.0,0
2018-10-25,50000.0,0.0,50000.0,0
2018-10-26,50000.0,0.0,50000.0,0
2018-10-29,50000.0,0.0,50000.0,0
2018-10-30,50000.0,0.0,50000.0,0
2018-10-31,50000.0,0.0,50000.0,0
2018-11-01,50000.0,0.0,50000.0,0
2018-11-02,50000.0,0.0,50000.0,0
2018-11-05,50000.0,0.0,50000.0,0
2018-11-06,50000.0,0.0,50000.0,0
2018-11-07,50000.0,0.0,50000.0,0
2018-11-09,50000.0,0.0,50000.0,0
2018-11-12,50000.0,0.0,50000.0,0
2018-11-13,50000.0,0.0,50000.0,0
2018-11-14,50000.0,0.0,50000.0,0
2018-11-15,50000.0,0.0,50000.0,0
2018-11-16,50000.0,0.0,50000.0,0
2018-11-19,50000.0,0.0,50000.0,0
2018-11-20,50000.0,0.0,50000.0,0
2018-11-21,50000.0,0.0,50000.0,0
2018-11-22,50000.0,0.0,50000.0,0
2018-11-26,50000.0,0.0,50000.0,0
2018-11-27,50000.0,0.0,50000.0,0
2018-11-28,50000.0,0.0,50000.0,0
2018-11-29,50000.0,0.0,50000.0,0
2018-11-30,50000.0,0.0,50000.0,0
2018-12-03,50000.0,0.0,50000.0,0
2018-12-04,50000.0,0.0,50000.0,0
2018-12-05,50000.0,0.0,50000.0,0
2018-12-06,50000.0,0.0,50000.0,0
2018-12-07,50000.0,0.0,50000.0,0
2018-12-10,50000.0,0.0,50000.0,0
2018-12-11,50000.0,0.0,50000.0,0
2018-12-12,50000.0,0.0,50000.0,0
2018-12-13,50000.0,0.0,50000.0,0
2018-12-14,50000.0,0.0,50000.0,0
2018-12-17,50000.0,0.0,50000.0,0
2018-12-18,50000.0,0.0,50000.0,0
2018-12-19,50000.0,0.0,50000.0,0
2018-12-20,50000.0,0.0,50000.0,0
2018-12-21,50000.0,0.0,50000.0,0
2018-12-24,50000.0,0.0,50000.0,0
2018-12-26,50000.0,0.0,50000.0,0
2018-12-27,50000.0,0.0,50000.0,0
2018-12-28,50000.0,0.0,50000.0,0
2018-12-31,50000.0,0.0,50000.0,0
2019-01-01,50000.0,0.0,50000.0,0
2019-01-02,50000.0,0.0,50000.0,0
2019-01-03,50000.0,0.0,50000.0,0
2019-01-04,50000.0,0.0,50000.0,0
2019-01-07,50000.0,0.0,50000.0,0
2019-01-08,50000.0,0.0,50000.0,0
2019-01-09,50000.0,0.0,50000.0,0
2019-01-10,50000.0,0.0,50000.0,0
2019-01-11,50000.0,0.0,50000.0,0
2019-01-14,50000.0,0.0,50000.0,0
2019-01-15,50000.0,0.0,50000.0,0
2019-01-16,50000.0,0.0,50000.0,0
2019-01-17,50000.0,0.0,50000.0,0
2019-01-18,50000.0,0.0,50000.0,0
2019-01-21,50000.0,0.0,50000.0,0
2019-01-22,50000.0,0.0,50000.0,0
2019-01-23,50000.0,0.0,50000.0,0
2019-01-24,50000.0,0.0,50000.0,0
2019-01-25,50000.0,0.0,50000.0,0
2019-01-28,50000.0,0.0,50000.0,0
2019-01-29,50000.0,0.0,50000.0,0
2019-01-30,50000.0,0.0,50000.0,0
2019-01-31,50000.0,0.0,50000.0,0
2019-02-01,50000.0,0.0,50000.0,0
2019-02-04,50000.0,0.0,50000.0,0
2019-02-05,50000.0,0.0,50000.0,0
2019-02-06,50000.0,0.0,50000.0,0
2019-02-07,50000.0,0.0,50000.0,0
2019-02-08,50000.0,0.0,50000.0,0
2019-02-11,50000.0,0.0,50000.0,0
2019-02-12,50000.0,0.0,50000.0,0
2019-02-13,50000.0,0.0,50000.0,0
2019-02-14,50000.0,0.0,50000.0,0
2019-02-15,50000.0,0.0,50000.0,0
2019-02-18,50000.0,0.0,50000.0,0
2019-02-19,50000.0,0.0,50000.0,0
2019-02-20,50000.0,0.0,50000.0,0
2019-02-21,50000.0,0.0,50000.0,0
2019-02-22,50000.0,0.0,50000.0,0
2019-02-25,50000.0,0.0,50000.0,0
2019-02-26,50000.0,0.0,50000.0,0
2019-02-27,50000.0,0.0,50000.0,0
2019-02-28,50000.0,0.0,50000.0,0
2019-03-01,50000.0,0.0,50000.0,0
2019-03-05,50000.0,0.0,50000.0,0
2019-03-06,50000.0,0.0,50000.0,0
2019-03-07,50000.0,0.0,50000.0,0
2019-03-08,50000.0,0.0,50000.0,0
2019-03-11,50000.0,0.0,50000.0,0
2019-03-12,50000.0,0.0,50000.0,0
2019-03-13,50000.0,0.0,50000.0,0
2019-03-14,50000.0,0.0,50000.0,0
2019-03-15,50000.0,0.0,50000.0,0
2019-03-18,50000.0,0.0,50000.0,0
2019-03-19,50000.0,0.0,50000.0,0
2019-03-20,50000.0,0.0,50000.0,0
2019-03-22,50000.0,0.0,50000.0,0
2019-03-25,50000.0,0.0,50000.0,0
2019-03-26,50000.0,0.0,50000.0,0
2019-03-27,50000.0,0.0,50000.0,0
2019-03-28,50000.0,0.0,50000.0,0
2019-03-29,50000.0,0.0,50000.0,0
2019-04-01,50000.0,0.0,50000.0,0
2019-04-02,50000.0,0.0,50000.0,0
2019-04-03,50000.0,0.0,50000.0,0
2019-04-04,50000.0,0.0,50000.0,0
2019-04-05,50000.0,0.0,50000.0,0
2019-04-08,50000.0,0.0,50000.0,0
2019-04-09,50000.0,0.0,50000.0,0
2019-04-10,50000.0,0.0,50000.0,0
2019-04-11,50000.0,0.0,50000.0,0
2019-04-12,50000.0,0.0,50000.0,0
2019-04-15,50000.0,0.0,50000.0,0
2019-04-16,50000.0,0.0,50000.0,0
2019-04-18,50000.0,0.0,50000.0,0
2019-04-22,50000.0,0.0,50000.0,0
2019-04-23,50000.0,0.0,50000.0,0
2019-04-24,50000.0,0.0,50000.0,0
2019-04-25,50000.0,0.0,50000.0,0
2019-04-26,50000.0,0.0,50000.0,0
2019-04-30,50000.0,0.0,50000.0,0
2019-05-02,50000.0,0.0,50000.0,0
2019-05-03,50000.0,0.0,50000.0,0
2019-05-06,50000.0,0.0,50000.0,0
2019-05-07,50000.0,0.0,50000.0,0
2019-05-08,50000.0,0.0,50000.0,0
2019-05-09,50000.0,0.0,50000.0,0
2019-05-10,50000.0,0.0,50000.0,0
2019-05-13,50000.0,0.0,50000.0,0
2019-05-14,50000.0,0.0,50000.0,0
2019-05-15,50000.0,0.0,50000.0,0
2019-05-16,50000.0,0.0,50000.0,0
2019-05-17,50000.0,0.0,50000.0,0
2019-05-20,50000.0,0.0,50000.0,0
2019-05-21,50000.0,0.0,50000.0,0
2019-05-22,50000.0,0.0,50000.0,0
2019-05-23,50000.0,0.0,50000.0,0
2019-05-24,50000.0,0.0,50000.0,0
2019-05-27,50000.0,0.0,50000.0,0
2019-05-28,50000.0,0.0,50000.0,0
2019-05-29,50000.0,0.0,50000.0,0
2019-05-30,50000.0,0.0,50000.0,0
2019-05-31,50000.0,0.0,50000.0,0
2019-06-03,50000.0,0.0,50000.0,0
2019-06-04,50000.0,0.0,50000.0,0
2019-06-06,50000.0,0.0,50000.0,0
2019-06-07,50000.0,0.0,50000.0,0
2019-06-10,50000.0,0.0,50000.0,0
2019-06-11,50000.0,0.0,50000.0,0
2019-06-12,50000.0,0.0,50000.0,0
2019-06-13,50000.0,0.0,50000.0,0
2019-06-14,50000.0,0.0,50000.0,0
2019-06-17,50000.0,0.0,50000.0,0
2019-06-18,50000.0,0.0,50000.0,0
2019-06-19,50000.0,0.0,50000.0,0
2019-06-20,50000.0,0.0,50000.0,0
2019-06-21,50000.0,0.0,50000.0,0
2019-06-24,50000.0,0.0,50000.0,0
2019-06-25,50000.0,0.0,50000.0,0
2019-06-26,50000.0,0.0,50000.0,0
2019-06-27,50000.0,0.0,50000.0,0
2019-06-28,552.4999999999982,49046.55,49599.05,5
2019-07-01,10016.415203487371,39107.85,49124.26520348737,4
2019-07-02,322.4152034873714,48686.4,49008.81520348737,5
2019-07-03,322.4152034873714,48592.100000000006,48914.515203487375,5
2019-07-04,322.4152034873714,48402.25,48724.66520348737,5
2019-07-05,322.4152034873714,47308.25,47630.66520348737,5
2019-07-08,8745.15145506608,37800.35,46545.50145506608,4
2019-07-09,46400.10910151148,0.0,46400.10910151148,0
2019-07-10,46400.10910151148,0.0,46400.10910151148,0
2019-07-11,46400.10910151148,0.0,46400.10910151148,0
2019-07-12,46400.10910151148,0.0,46400.10910151148,0
2019-07-15,46400.10910151148,0.0,46400.10910151148,0
2019-07-16,46400.10910151148,0.0,46400.10910151148,0
2019-07-17,46400.10910151148,0.0,46400.10910151148,0
2019-07-18,46400.10910151148,0.0,46400.10910151148,0
2019-07-19,46400.10910151148,0.0,46400.10910151148,0
2019-07-22,46400.10910151148,0.0,46400.10910151148,0
2019-07-23,46400.10910151148,0.0,46400.10910151148,0
2019-07-24,46400.10910151148,0.0,46400.10910151148,0
2019-07-25,46400.10910151148,0.0,46400.10910151148,0
2019-07-26,46400.10910151148,0.0,46400.10910151148,0
2019-07-29,46400.10910151148,0.0,46400.10910151148,0
2019-07-30,46400.10910151148,0.0,46400.10910151148,0
2019-07-31,46400.10910151148,0.0,46400.10910151148,0
2019-08-01,46400.10910151148,0.0,46400.10910151148,0
2019-08-02,46400.10910151148,0.0,46400.10910151148,0
2019-08-05,46400.10910151148,0.0,46400.10910151148,0
2019-08-06,46400.10910151148,0.0,46400.10910151148,0
2019-08-07,46400.10910151148,0.0,46400.10910151148,0
2019-08-08,46400.10910151148,0.0,46400.10910151148,0
2019-08-09,46400.10910151148,0.0,46400.10910151148,0
2019-08-13,46400.10910151148,0.0,46400.10910151148,0
2019-08-14,46400.10910151148,0.0,46400.10910151148,0
2019-08-16,46400.10910151148,0.0,46400.10910151148,0
2019-08-19,46400.10910151148,0.0,46400.10910151148,0
2019-08-20,46400.10910151148,0.0,46400.10910151148,0
2019-08-21,46400.10910151148,0.0,46400.10910151148,0
2019-08-22,46400.10910151148,0.0,46400.10910151148,0
2019-08-23,46400.10910151148,0.0,46400.10910151148,0
2019-08-26,46400.10910151148,0.0,46400.10910151148,0
2019-08-27,46400.10910151148,0.0,46400.10910151148,0
2019-08-28,46400.10910151148,0.0,46400.10910151148,0
2019-08-29,46400.10910151148,0.0,46400.10910151148,0
2019-08-30,46400.10910151148,0.0,46400.10910151148,0
2019-09-03,46400.10910151148,0.0,46400.10910151148,0
2019-09-04,46400.10910151148,0.0,46400.10910151148,0
2019-09-05,46400.10910151148,0.0,46400.10910151148,0
2019-09-06,46400.10910151148,0.0,46400.10910151148,0
2019-09-09,46400.10910151148,0.0,46400.10910151148,0
2019-09-11,866.3091015114824,45966.149999999994,46832.45910151148,5
2019-09-12,866.3091015114824,46288.4,47154.709101511486,5
2019-09-13,866.3091015114824,46753.7,47620.00910151148,5
2019-09-16,866.3091015114824,46274.49999999999,47140.80910151148,5
2019-09-17,866.3091015114824,45214.350000000006,46080.65910151149,5
2019-09-18,866.3091015114824,45684.5,46550.809101511484,5
2019-09-19,866.3091015114824,45094.35,45960.65910151148,5
2019-09-20,46011.20122825018,0.0,46011.20122825018,0
2019-09-23,1422.6012282501833,44228.0,45650.60122825018,5
2019-09-24,9934.331303671974,35656.850000000006,45591.18130367198,4
2019-09-25,936.8313036719737,43912.49999999999,44849.33130367196,5
2019-09-26,936.8313036719737,43990.0,44926.83130367198,5
2019-09-27,936.8313036719737,43611.0,44547.83130367198,5
2019-09-30,16999.216634418874,26707.0,43706.21663441887,3
2019-10-01,16.91663441887431,43315.0,43331.91663441887,5
2019-10-03,1202.8261131462768,41990.8,43193.62611314628,5
2019-10-04,1202.8261131462768,41566.15,42768.97611314628,5
2019-10-07,1202.8261131462768,41034.9,42237.72611314628,5
2019-10-09,9100.375151207598,33860.25,42960.6251512076,4
2019-10-10,9100.375151207598,33298.6,42398.975151207596,4
2019-10-11,9100.375151207598,33605.35,42705.725151207596,4
2019-10-14,116.75770941259907,42921.99999999999,43038.75770941259,5
2019-10-15,260.9358023160021,42410.5,42671.435802316,5
2019-10-16,260.9358023160021,42898.24999999999,43159.185802315995,5
2019-10-17,260.9358023160021,43329.7,43590.635802316,5
2019-10-18,260.9358023160021,44373.74999999999,44634.685802315995,5
2019-10-22,260.9358023160021,44379.3,44640.235802316005,5
2019-10-23,260.9358023160021,44638.1,44899.035802316,5
2019-10-24,739.2959915233023,43456.9,44196.1959915233,5
2019-10-25,877.0544688992013,42039.65,42916.7044688992,5
2019-10-29,877.0544688992013,41548.75,42425.8044688992,5
2019-10-30,877.0544688992013,41970.25,42847.3044688992,5
2019-10-31,877.0544688992013,42494.15,43371.2044688992,5
2019-11-01,877.0544688992013,43089.0,43966.0544688992,5
2019-11-04,877.0544688992013,43371.49999999999,44248.554468899194,5
2019-11-05,876.0575296372026,43342.6,44218.6575296372,5
2019-11-06,1257.6090247656975,43003.00000000001,44260.609024765705,5
2019-11-07,1257.6090247656975,43320.450000000004,44578.0590247657,5
2019-11-08,1257.6090247656975,43044.55,44302.1590247657,5
2019-11-11,1257.6090247656975,42695.9,43953.5090247657,5
2019-11-13,9002.705892424168,34075.7,43078.40589242417,4
2019-11-14,9002.705892424168,34485.4,43488.105892424166,4
2019-11-15,26178.74156415127,16989.950000000004,43168.691564151275,2
2019-11-18,43190.08797945777,0.0,43190.08797945777,0
2019-11-19,43190.08797945777,0.0,43190.08797945777,0
2019-11-20,43190.08797945777,0.0,43190.08797945777,0
2019-11-21,43190.08797945777,0.0,43190.08797945777,0
2019-11-22,43190.08797945777,0.0,43190.08797945777,0
2019-11-25,43190.08797945777,0.0,43190.08797945777,0
2019-11-26,43190.08797945777,0.0,43190.08797945777,0
2019-11-27,1986.5879794577668,41477.05,43463.637979457766,5
2019-11-28,1986.5879794577668,41513.0,43499.58797945776,5
2019-11-29,11964.90572948972,32757.65,44722.55572948972,4
2019-12-02,3981.60572948972,40471.7,44453.305729489715,5
2019-12-03,3981.60572948972,39951.05,43932.65572948972,5
2019-12-04,3981.60572948972,40001.2,43982.805729489715,5
2019-12-05,3981.60572948972,39958.55,43940.15572948972,5
2019-12-06,1171.748175751225,42670.369999999995,43842.118175751224,5
2019-12-09,1171.748175751225,42227.64,43399.38817575123,5
2019-12-10,17216.628933634864,25500.399999999998,42717.028933634865,3
2019-12-11,1737.6289336348636,40637.899999999994,42375.52893363486,5
2019-12-12,1737.6289336348636,40744.5,42482.128933634864,5
2019-12-13,1737.6289336348636,41593.4,43331.028933634865,5
2019-12-16,1737.6289336348636,41851.15000000001,43588.77893363487,5
2019-12-17,3005.4690018561596,40454.25,43459.71900185616,5
2019-12-18,3005.4690018561596,40867.149999999994,43872.619001856154,5
2019-12-19,3005.4690018561596,41191.700000000004,44197.169001856164,5
2019-12-20,1313.21061044216,42600.299999999996,43913.51061044216,5
2019-12-23,1313.21061044216,42478.35,43791.56061044216,5
2019-12-24,1313.21061044216,42302.7,43615.91061044216,5
2019-12-26,1313.21061044216,42119.05,43432.260610442165,5
2019-12-27,1041.8392356536624,42673.7,43715.53923565366,5
2019-12-30,1041.8392356536624,42698.25000000001,43740.08923565367,5
2019-12-31,1041.8392356536624,43227.25,44269.089235653664,5
2020-01-01,2135.9671254806653,42208.299999999996,44344.26712548066,5
2020-01-02,2135.9671254806653,43133.6,45269.567125480666,5
2020-01-03,2135.9671254806653,42943.00000000001,45078.967125480674,5
2020-01-06,2135.9671254806653,41948.75,44084.71712548067,5
2020-01-07,28039.092275993866,16304.8,44343.892275993865,2
2020-01-08,28039.092275993866,16344.8,44383.892275993865,2
2020-01-09,28039.092275993866,16335.2,44374.29227599387,2
2020-01-10,44352.16708636987,0.0,44352.16708636987,0
2020-01-13,44352.16708636987,0.0,44352.16708636987,0
2020-01-14,3084.4670863698702,41371.95,44456.41708636987,5
2020-01-15,3084.4670863698702,41867.4,44951.86708636987,5
2020-01-16,3084.4670863698702,42646.75,45731.21708636987,5
2020-01-17,3084.4670863698702,43500.0,46584.46708636987,5
2020-01-20,3084.4670863698702,43248.0,46332.46708636987,5
2020-01-21,3084.4670863698702,43516.75,46601.21708636987,5
2020-01-22,3084.4670863698702,43224.600000000006,46309.067086369876,5
2020-01-23,46273.87258129537,0.0,46273.87258129537,0
2020-01-24,46273.87258129537,0.0,46273.87258129537,0
2020-01-27,46273.87258129537,0.0,46273.87258129537,0
2020-01-28,46273.87258129537,0.0,46273.87258129537,0
2020-01-29,46273.87258129537,0.0,46273.87258129537,0
2020-01-30,46273.87258129537,0.0,46273.87258129537,0
2020-01-31,46273.87258129537,0.0,46273.87258129537,0
2020-02-03,46273.87258129537,0.0,46273.87258129537,0
2020-02-04,46273.87258129537,0.0,46273.87258129537,0
2020-02-05,46273.87258129537,0.0,46273.87258129537,0
2020-02-06,46273.87258129537,0.0,46273.87258129537,0
2020-02-07,46273.87258129537,0.0,46273.87258129537,0
2020-02-10,46273.87258129537,0.0,46273.87258129537,0
2020-02-11,46273.87258129537,0.0,46273.87258129537,0
2020-02-12,46273.87258129537,0.0,46273.87258129537,0
2020-02-13,46273.87258129537,0.0,46273.87258129537,0
2020-02-14,46273.87258129537,0.0,46273.87258129537,0
2020-02-17,46273.87258129537,0.0,46273.87258129537,0
2020-02-18,46273.87258129537,0.0,46273.87258129537,0
2020-02-19,46273.87258129537,0.0,46273.87258129537,0
2020-02-20,46273.87258129537,0.0,46273.87258129537,0
2020-02-24,46273.87258129537,0.0,46273.87258129537,0
2020-02-25,46273.87258129537,0.0,46273.87258129537,0
2020-02-26,46273.87258129537,0.0,46273.87258129537,0
2020-02-27,46273.87258129537,0.0,46273.87258129537,0
2020-02-28,46273.87258129537,0.0,46273.87258129537,0
2020-03-02,46273.87258129537,0.0,46273.87258129537,0
2020-03-03,46273.87258129537,0.0,46273.87258129537,0
2020-03-04,46273.87258129537,0.0,46273.87258129537,0
2020-03-05,46273.87258129537,0.0,46273.87258129537,0
2020-03-06,46273.87258129537,0.0,46273.87258129537,0
2020-03-09,46273.87258129537,0.0,46273.87258129537,0
2020-03-11,46273.87258129537,0.0,46273.87258129537,0
2020-03-12,46273.87258129537,0.0,46273.87258129537,0
2020-03-13,46273.87258129537,0.0,46273.87258129537,0
2020-03-16,46273.87258129537,0.0,46273.87258129537,0
2020-03-17,46273.87258129537,0.0,46273.87258129537,0
2020-03-18,46273.87258129537,0.0,46273.87258129537,0
2020-03-19,46273.87258129537,0.0,46273.87258129537,0
2020-03-20,46273.87258129537,0.0,46273.87258129537,0
2020-03-23,46273.87258129537,0.0,46273.87258129537,0
2020-03-24,46273.87258129537,0.0,46273.87258129537,0
2020-03-25,46273.87258129537,0.0,46273.87258129537,0
2020-03-26,46273.87258129537,0.0,46273.87258129537,0
2020-03-27,46273.87258129537,0.0,46273.87258129537,0
2020-03-30,46273.87258129537,0.0,46273.87258129537,0
2020-03-31,46273.87258129537,0.0,46273.87258129537,0
2020-04-01,46273.87258129537,0.0,46273.87258129537,0
2020-04-03,46273.87258129537,0.0,46273.87258129537,0
2020-04-07,46273.87258129537,0.0,46273.87258129537,0
2020-04-08,46273.87258129537,0.0,46273.87258129537,0
2020-04-09,46273.87258129537,0.0,46273.87258129537,0
2020-04-13,46273.87258129537,0.0,46273.87258129537,0
2020-04-15,46273.87258129537,0.0,46273.87258129537,0
2020-04-16,46273.87258129537,0.0,46273.87258129537,0
2020-04-17,46273.87258129537,0.0,46273.87258129537,0
2020-04-20,46273.87258129537,0.0,46273.87258129537,0
2020-04-21,46273.87258129537,0.0,46273.87258129537,0
2020-04-22,46273.87258129537,0.0,46273.87258129537,0
2020-04-23,46273.87258129537,0.0,46273.87258129537,0
2020-04-24,46273.87258129537,0.0,46273.87258129537,0
2020-04-27,46273.87258129537,0.0,46273.87258129537,0
2020-04-28,46273.87258129537,0.0,46273.87258129537,0
2020-04-29,46273.87258129537,0.0,46273.87258129537,0
2020-04-30,46273.87258129537,0.0,46273.87258129537,0
2020-05-04,46273.87258129537,0.0,46273.87258129537,0
2020-05-05,46273.87258129537,0.0,46273.87258129537,0
2020-05-06,46273.87258129537,0.0,46273.87258129537,0
2020-05-07,46273.87258129537,0.0,46273.87258129537,0
2020-05-08,46273.87258129537,0.0,46273.87258129537,0
2020-05-11,46273.87258129537,0.0,46273.87258129537,0
2020-05-12,46273.87258129537,0.0,46273.87258129537,0
2020-05-13,46273.87258129537,0.0,46273.87258129537,0
2020-05-14,46273.87258129537,0.0,46273.87258129537,0
2020-05-15,46273.87258129537,0.0,46273.87258129537,0
2020-05-18,46273.87258129537,0.0,46273.87258129537,0
2020-05-19,46273.87258129537,0.0,46273.87258129537,0
2020-05-20,46273.87258129537,0.0,46273.87258129537,0
2020-05-21,46273.87258129537,0.0,46273.87258129537,0
2020-05-22,46273.87258129537,0.0,46273.87258129537,0
2020-05-26,46273.87258129537,0.0,46273.87258129537,0
2020-05-27,46273.87258129537,0.0,46273.87258129537,0
2020-05-28,46273.87258129537,0.0,46273.87258129537,0
2020-05-29,46273.87258129537,0.0,46273.87258129537,0
2020-06-01,46273.87258129537,0.0,46273.87258129537,0
2020-06-02,46273.87258129537,0.0,46273.87258129537,0
2020-06-03,46273.87258129537,0.0,46273.87258129537,0
2020-06-04,46273.87258129537,0.0,46273.87258129537,0
2020-06-05,46273.87258129537,0.0,46273.87258129537,0
2020-06-08,46273.87258129537,0.0,46273.87258129537,0
2020-06-09,46273.87258129537,0.0,46273.87258129537,0
2020-06-10,46273.87258129537,0.0,46273.87258129537,0
2020-06-11,46273.87258129537,0.0,46273.87258129537,0
2020-06-12,46273.87258129537,0.0,46273.87258129537,0
2020-06-15,46273.87258129537,0.0,46273.87258129537,0
2020-06-16,46273.87258129537,0.0,46273.87258129537,0
2020-06-17,46273.87258129537,0.0,46273.87258129537,0
2020-06-18,46273.87258129537,0.0,46273.87258129537,0
2020-06-19,46273.87258129537,0.0,46273.87258129537,0
2020-06-22,46273.87258129537,0.0,46273.87258129537,0
2020-06-23,46273.87258129537,0.0,46273.87258129537,0
2020-06-24,46273.87258129537,0.0,46273.87258129537,0
2020-06-25,46273.87258129537,0.0,46273.87258129537,0
2020-06-26,46273.87258129537,0.0,46273.87258129537,0
2020-06-29,46273.87258129537,0.0,46273.87258129537,0
2020-06-30,46273.87258129537,0.0,46273.87258129537,0
2020-07-01,46273.87258129537,0.0,46273.87258129537,0
2020-07-02,46273.87258129537,0.0,46273.87258129537,0
2020-07-03,46273.87258129537,0.0,46273.87258129537,0
2020-07-06,46273.87258129537,0.0,46273.87258129537,0
2020-07-07,46273.87258129537,0.0,46273.87258129537,0
2020-07-08,46273.87258129537,0.0,46273.87258129537,0
2020-07-09,46273.87258129537,0.0,46273.87258129537,0
2020-07-10,28479.072581295368,17782.9,46261.97258129537,2
2020-07-13,19240.122581295367,27108.250000000004,46348.37258129537,3
2020-07-14,19240.122581295367,26775.149999999998,46015.272581295365,3
2020-07-15,19240.122581295367,26361.05,45601.17258129537,3
2020-07-16,9952.980839062318,35162.15,45115.130839062316,4
2020-07-17,9952.980839062318,35984.2,45937.18083906232,4
2020-07-20,765.7808390623177,45095.45,45861.230839062315,5
2020-07-21,19159.776288219102,26612.45,45772.2262882191,3
2020-07-22,9829.440707398298,35888.7,45718.1407073983,4
2020-07-23,8281.91425176643,36514.96,44796.87425176643,4
2020-07-24,7.9142517664295156,44341.950000000004,44349.864251766434,5
2020-07-27,18321.86255524873,25119.81,43441.67255524873,3
2020-07-28,18321.86255524873,24857.010000000002,43178.87255524873,3
2020-07-29,10036.849357761292,33127.75,43164.59935776129,4
2020-07-30,1543.0993577612917,41510.15,43053.24935776129,5
2020-07-31,10424.450375293693,32913.8,43338.2503752937,4
2020-08-03,10424.450375293693,32702.15,43126.600375293696,4
2020-08-04,10424.450375293693,33216.35,43640.80037529369,4
2020-08-05,10424.450375293693,33579.25,44003.700375293694,4
2020-08-06,10424.450375293693,33055.4,43479.850375293696,4
2020-08-07,1639.7735838826884,42587.719999999994,44227.49358388268,5
2020-08-10,10334.551470510189,34079.55,44414.10147051019,4
2020-08-11,1619.5514705101887,42569.5,44189.05147051019,5
2020-08-12,1619.5514705101887,42306.4,43925.95147051019,5
2020-08-13,1619.5514705101887,42385.81999999999,44005.37147051018,5
2020-08-14,1619.5514705101887,42109.1,43728.65147051019,5
2020-08-17,9573.792414150836,34214.5,43788.292414150834,4
2020-08-18,1565.5461257121387,42538.87,44104.416125712145,5
2020-08-19,1565.5461257121387,43214.619999999995,44780.16612571213,5
2020-08-20,10376.871042772538,34720.75,45097.62104277254,4
2020-08-21,10376.871042772538,34857.05,45233.92104277254,4
2020-08-24,19972.029694649922,25970.769999999997,45942.79969464992,3
2020-08-25,11116.029694649922,34674.8,45790.829694649925,4
2020-08-26,11116.029694649922,34363.3,45479.329694649925,4
2020-08-27,18798.8962139538,26736.449999999997,45535.3462139538,3
2020-08-28,18798.8962139538,26782.050000000003,45580.94621395381,3
2020-08-31,9999.196213953803,34690.1,44689.2962139538,4
2020-09-01,18329.811380842788,27089.15,45418.96138084279,3
2020-09-02,727.3113808427879,44852.9,45580.21138084279,5
2020-09-03,9399.012997186788,36324.4,45723.41299718679,4
2020-09-04,9399.012997186788,35480.3,44879.31299718679,4
2020-09-07,27516.35667448499,17357.35,44873.70667448499,2
2020-09-08,27516.35667448499,17647.6,45163.95667448499,2
2020-09-09,36063.51602470019,8718.75,44782.26602470019,1
2020-09-10,36063.51602470019,9054.0,45117.51602470019,1
2020-09-11,45146.80319119019,0.0,45146.80319119019,0
2020-09-14,45146.80319119019,0.0,45146.80319119019,0
2020-09-15,45146.80319119019,0.0,45146.80319119019,0
2020-09-16,45146.80319119019,0.0,45146.80319119019,0
2020-09-17,45146.80319119019,0.0,45146.80319119019,0
2020-09-18,45146.80319119019,0.0,45146.80319119019,0
2020-09-21,45146.80319119019,0.0,45146.80319119019,0
2020-09-22,45146.80319119019,0.0,45146.80319119019,0
2020-09-23,45146.80319119019,0.0,45146.80319119019,0
2020-09-24,45146.80319119019,0.0,45146.80319119019,0
2020-09-25,45146.80319119019,0.0,45146.80319119019,0
2020-09-28,45146.80319119019,0.0,45146.80319119019,0
2020-09-29,942.35319119019,43123.350000000006,44065.703191190194,5
2020-09-30,8933.717216656612,34325.95,43259.66721665661,4
2020-10-01,3053.7172166566124,40967.3,44021.01721665662,5
2020-10-05,3053.7172166566124,40973.9,44027.61721665661,5
2020-10-06,3053.7172166566124,41097.65,44151.36721665661,5
2020-10-07,11087.539524470068,32508.249999999996,43595.78952447006,4
2020-10-08,2717.5395244700685,41500.4,44217.93952447007,5
2020-10-09,3102.8618741402715,40809.1,43911.96187414027,5
2020-10-12,3102.8618741402715,39411.9,42514.76187414027,5
2020-10-13,1015.6526979602713,40494.2,41509.85269796027,5
2020-10-14,1015.6526979602713,40357.8,41373.452697960274,5
2020-10-15,1015.6526979602713,39434.0,40449.65269796027,5
2020-10-16,1015.6526979602713,39728.9,40744.55269796027,5
2020-10-19,197.22010226637212,40863.8,41061.020102266375,5
2020-10-20,1864.887335446565,39315.45,41180.33733544656,5
2020-10-21,1864.887335446565,39564.6,41429.48733544657,5
2020-10-22,9791.232099570065,31735.4,41526.632099570066,4
2020-10-23,9791.232099570065,31727.0,41518.232099570065,4
2020-10-26,9791.232099570065,31102.350000000002,40893.58209957006,4
2020-10-27,9791.232099570065,30983.2,40774.43209957007,4
2020-10-28,25835.91864661796,15304.55,41140.468646617956,2
2020-10-29,40998.697151172964,0.0,40998.697151172964,0
2020-10-30,40998.697151172964,0.0,40998.697151172964,0
2020-11-02,40998.697151172964,0.0,40998.697151172964,0
2020-11-03,40998.697151172964,0.0,40998.697151172964,0
2020-11-04,40998.697151172964,0.0,40998.697151172964,0
2020-11-05,40998.697151172964,0.0,40998.697151172964,0
2020-11-06,40998.697151172964,0.0,40998.697151172964,0
2020-11-09,1781.0471511729602,39048.4,40829.447151172964,5
2020-11-10,8656.290516044544,31027.899999999998,39684.190516044546,4
2020-11-11,976.2905160445443,39595.55,40571.84051604455,5
2020-11-12,976.2905160445443,41059.55,42035.84051604455,5
2020-11-13,976.2905160445443,41673.84999999999,42650.140516044536,5
2020-11-17,976.2905160445443,41702.200000000004,42678.49051604455,5
2020-11-18,976.2905160445443,41430.2,42406.49051604454,5
2020-11-19,9626.031171916738,32622.949999999997,42248.981171916734,4
2020-11-20,9626.031171916738,32734.1,42360.131171916735,4
2020-11-23,10189.187411418738,32324.999999999996,42514.18741141874,4
2020-11-24,1845.3374114187372,41472.649999999994,43317.98741141873,5
2020-11-25,1845.3374114187372,41202.2,43047.537411418736,5
2020-11-26,1845.3374114187372,41537.25,43382.58741141874,5
2020-11-27,1845.3374114187372,41571.649999999994,43416.98741141873,5
2020-12-01,18495.60168486344,24563.440000000002,43059.04168486344,3
2020-12-02,2456.2516848634386,40519.78,42976.03168486344,5
2020-12-03,10318.974626471438,32786.02,43104.99462647144,4
2020-12-04,18955.595147597338,24169.91,43125.50514759734,3
2020-12-07,18955.595147597338,24219.51,43175.105147597336,3
2020-12-08,18955.595147597338,24506.64,43462.23514759734,3
2020-12-09,18955.595147597338,24847.43,43803.025147597335,3
2020-12-10,27708.27460623262,16430.25,44138.52460623262,2
2020-12-11,44101.96386444352,0.0,44101.96386444352,0
2020-12-14,44101.96386444352,0.0,44101.96386444352,0
2020-12-15,44101.96386444352,0.0,44101.96386444352,0
2020-12-16,44101.96386444352,0.0,44101.96386444352,0
2020-12-17,44101.96386444352,0.0,44101.96386444352,0
2020-12-18,44101.96386444352,0.0,44101.96386444352,0
2020-12-21,44101.96386444352,0.0,44101.96386444352,0
2020-12-22,44101.96386444352,0.0,44101.96386444352,0
2020-12-23,44101.96386444352,0.0,44101.96386444352,0
2020-12-24,44101.96386444352,0.0,44101.96386444352,0
2020-12-28,44101.96386444352,0.0,44101.96386444352,0
2020-12-29,44101.96386444352,0.0,44101.96386444352,0
2020-12-30,44101.96386444352,0.0,44101.96386444352,0
2020-12-31,44101.96386444352,0.0,44101.96386444352,0
2021-01-01,35589.163864443515,8623.2,44212.36386444351,1
2021-01-04,26749.163864443515,17498.0,44247.163864443515,2
2021-01-05,26749.163864443515,17850.0,44599.163864443515,2
2021-01-06,26749.163864443515,18314.8,45063.96386444352,2
2021-01-07,26749.163864443515,18958.0,45707.163864443515,2
2021-01-08,26749.163864443515,19504.8,46253.96386444352,2
2021-01-11,26749.163864443515,19892.8,46641.96386444352,2
2021-01-12,27809.444193550713,19580.2,47389.64419355072,2
2021-01-13,40099.60550648671,7755.2,47854.80550648671,1
2021-01-14,40099.60550648671,7842.4,47942.00550648671,1
2021-01-15,40099.60550648671,7749.8,47849.40550648671,1
2021-01-18,40099.60550648671,7935.8,48035.40550648671,1
2021-01-19,40099.60550648671,8065.6,48165.20550648671,1
2021-01-20,40099.60550648671,8218.8,48318.40550648671,1
2021-01-21,48401.97626404671,0.0,48401.97626404671,0
2021-01-22,48401.97626404671,0.0,48401.97626404671,0
2021-01-25,48401.97626404671,0.0,48401.97626404671,0
2021-01-27,48401.97626404671,0.0,48401.97626404671,0
2021-01-28,48401.97626404671,0.0,48401.97626404671,0
2021-01-29,48401.97626404671,0.0,48401.97626404671,0
2021-02-01,48401.97626404671,0.0,48401.97626404671,0
2021-02-02,48401.97626404671,0.0,48401.97626404671,0
2021-02-03,48401.97626404671,0.0,48401.97626404671,0
2021-02-04,48401.97626404671,0.0,48401.97626404671,0
2021-02-05,48401.97626404671,0.0,48401.97626404671,0
2021-02-08,48401.97626404671,0.0,48401.97626404671,0
2021-02-09,48401.97626404671,0.0,48401.97626404671,0
2021-02-10,48401.97626404671,0.0,48401.97626404671,0
2021-02-11,48401.97626404671,0.0,48401.97626404671,0
2021-02-12,48401.97626404671,0.0,48401.97626404671,0
2021-02-15,48401.97626404671,0.0,48401.97626404671,0
2021-02-16,48401.97626404671,0.0,48401.97626404671,0
2021-02-17,48401.97626404671,0.0,48401.97626404671,0
2021-02-18,48401.97626404671,0.0,48401.97626404671,0
2021-02-19,48401.97626404671,0.0,48401.97626404671,0
2021-02-22,48401.97626404671,0.0,48401.97626404671,0
2021-02-23,2904.8762640467085,44899.2,47804.07626404671,5
2021-02-24,2904.8762640467085,44969.65,47874.52626404671,5
2021-02-25,2904.8762640467085,45106.5,48011.37626404671,5
2021-02-26,2904.8762640467085,45065.850000000006,47970.726264046716,5
2021-03-01,2904.8762640467085,45812.3,48717.17626404671,5
2021-03-02,2904.8762640467085,46610.85,49515.72626404671,5
2021-03-03,2904.8762640467085,46923.8,49828.67626404671,5
2021-03-04,49586.665716220414,0.0,49586.665716220414,0
2021-03-05,49586.665716220414,0.0,49586.665716220414,0
2021-03-08,49586.665716220414,0.0,49586.665716220414,0
2021-03-09,49586.665716220414,0.0,49586.665716220414,0
2021-03-10,49586.665716220414,0.0,49586.665716220414,0
2021-03-12,49586.665716220414,0.0,49586.665716220414,0
2021-03-15,49586.665716220414,0.0,49586.665716220414,0
2021-03-16,49586.665716220414,0.0,49586.665716220414,0
2021-03-17,49586.665716220414,0.0,49586.665716220414,0
2021-03-18,49586.665716220414,0.0,49586.665716220414,0
2021-03-19,49586.665716220414,0.0,49586.665716220414,0
2021-03-22,4368.11571622042,44808.850000000006,49176.965716220424,5
2021-03-23,4368.11571622042,44375.899999999994,48744.01571622041,5
2021-03-24,4368.11571622042,43709.600000000006,48077.715716220424,5
2021-03-25,13225.707063020438,34013.899999999994,47239.607063020434,4
2021-03-26,13225.707063020438,34214.5,47440.20706302044,4
2021-03-30,13225.707063020438,35059.1,48284.80706302044,4
2021-03-31,13225.707063020438,35488.700000000004,48714.407063020444,4
2021-04-01,48718.15143651994,0.0,48718.15143651994,0
2021-04-05,48718.15143651994,0.0,48718.15143651994,0
2021-04-06,48718.15143651994,0.0,48718.15143651994,0
2021-04-07,48718.15143651994,0.0,48718.15143651994,0
2021-04-08,48718.15143651994,0.0,48718.15143651994,0
2021-04-09,48718.15143651994,0.0,48718.15143651994,0
2021-04-12,48718.15143651994,0.0,48718.15143651994,0
2021-04-13,48718.15143651994,0.0,48718.15143651994,0
2021-04-15,48718.15143651994,0.0,48718.15143651994,0
2021-04-16,48718.15143651994,0.0,48718.15143651994,0
2021-04-19,48718.15143651994,0.0,48718.15143651994,0
2021-04-20,48718.15143651994,0.0,48718.15143651994,0
2021-04-22,48718.15143651994,0.0,48718.15143651994,0
2021-04-23,48718.15143651994,0.0,48718.15143651994,0
2021-04-26,48718.15143651994,0.0,48718.15143651994,0
2021-04-27,48718.15143651994,0.0,48718.15143651994,0
2021-04-28,48718.15143651994,0.0,48718.15143651994,0
2021-04-29,48718.15143651994,0.0,48718.15143651994,0
2021-04-30,48718.15143651994,0.0,48718.15143651994,0
2021-05-03,48718.15143651994,0.0,48718.15143651994,0
2021-05-04,48718.15143651994,0.0,48718.15143651994,0
2021-05-05,48718.15143651994,0.0,48718.15143651994,0
2021-05-06,48718.15143651994,0.0,48718.15143651994,0
2021-05-07,48718.15143651994,0.0,48718.15143651994,0
2021-05-10,48718.15143651994,0.0,48718.15143651994,0
2021-05-11,48718.15143651994,0.0,48718.15143651994,0
2021-05-12,48718.15143651994,0.0,48718.15143651994,0
2021-05-14,48718.15143651994,0.0,48718.15143651994,0
2021-05-17,48718.15143651994,0.0,48718.15143651994,0
2021-05-18,48718.15143651994,0.0,48718.15143651994,0
2021-05-19,4173.171436519939,44663.909999999996,48837.08143651993,5
2021-05-20,4173.171436519939,45516.05,49689.22143651994,5
2021-05-21,4173.171436519939,45583.25,49756.42143651994,5
2021-05-24,4173.171436519939,45673.11,49846.28143651994,5
2021-05-25,4173.171436519939,45660.4,49833.57143651994,5
2021-05-26,4173.171436519939,46533.95999999999,50707.13143651993,5
2021-05-27,4173.171436519939,46963.10999999999,51136.28143651993,5
2021-05-28,13224.66255625087,38219.9,51444.56255625087,4
2021-05-31,13224.66255625087,38046.5,51271.16255625087,4
2021-06-01,3162.6625562508707,47810.0,50972.66255625087,5
2021-06-02,13096.564008964027,38102.600000000006,51199.164008964035,4
2021-06-03,5966.564008964027,45748.15,51714.71400896403,5
2021-06-04,5966.564008964027,45883.799999999996,51850.364008964025,5
2021-06-07,5966.564008964027,46106.1,52072.66400896403,5
2021-06-08,34897.226390658325,17894.3,52791.52639065833,2
2021-06-09,34897.226390658325,17677.25,52574.476390658325,2
2021-06-10,45446.003241114326,7228.6,52674.603241114324,1
2021-06-11,34916.003241114326,17540.75,52456.753241114326,2
2021-06-14,42213.73373918833,10084.1,52297.833739188325,1
2021-06-15,42213.73373918833,10318.1,52531.833739188325,1
2021-06-16,42213.73373918833,10246.6,52460.333739188325,1
2021-06-17,42213.73373918833,10284.949999999999,52498.683739188324,1
2021-06-18,42213.73373918833,10353.85,52567.583739188325,1
2021-06-21,42213.73373918833,10225.800000000001,52439.53373918833,1
2021-06-22,52416.45266282713,0.0,52416.45266282713,0
2021-06-23,52416.45266282713,0.0,52416.45266282713,0
2021-06-24,52416.45266282713,0.0,52416.45266282713,0
2021-06-25,52416.45266282713,0.0,52416.45266282713,0
2021-06-28,52416.45266282713,0.0,52416.45266282713,0
2021-06-29,52416.45266282713,0.0,52416.45266282713,0
2021-06-30,52416.45266282713,0.0,52416.45266282713,0
2021-07-01,52416.45266282713,0.0,52416.45266282713,0
2021-07-02,52416.45266282713,0.0,52416.45266282713,0
2021-07-05,52416.45266282713,0.0,52416.45266282713,0
2021-07-06,52416.45266282713,0.0,52416.45266282713,0
2021-07-07,52416.45266282713,0.0,52416.45266282713,0
2021-07-08,52416.45266282713,0.0,52416.45266282713,0
2021-07-09,52416.45266282713,0.0,52416.45266282713,0
2021-07-12,52416.45266282713,0.0,52416.45266282713,0
2021-07-13,52416.45266282713,0.0,52416.45266282713,0
2021-07-14,52416.45266282713,0.0,52416.45266282713,0
2021-07-15,52416.45266282713,0.0,52416.45266282713,0
2021-07-16,52416.45266282713,0.0,52416.45266282713,0
2021-07-19,52416.45266282713,0.0,52416.45266282713,0
2021-07-20,52416.45266282713,0.0,52416.45266282713,0
2021-07-22,52416.45266282713,0.0,52416.45266282713,0
2021-07-23,52416.45266282713,0.0,52416.45266282713,0
2021-07-26,52416.45266282713,0.0,52416.45266282713,0
2021-07-27,52416.45266282713,0.0,52416.45266282713,0
2021-07-28,52416.45266282713,0.0,52416.45266282713,0
2021-07-29,52416.45266282713,0.0,52416.45266282713,0
2021-07-30,52416.45266282713,0.0,52416.45266282713,0
2021-08-02,52416.45266282713,0.0,52416.45266282713,0
2021-08-03,52416.45266282713,0.0,52416.45266282713,0
2021-08-04,52416.45266282713,0.0,52416.45266282713,0
2021-08-05,52416.45266282713,0.0,52416.45266282713,0
2021-08-06,52416.45266282713,0.0,52416.45266282713,0
2021-08-09,52416.45266282713,0.0,52416.45266282713,0
2021-08-10,52416.45266282713,0.0,52416.45266282713,0
2021-08-11,52416.45266282713,0.0,52416.45266282713,0
2021-08-12,52416.45266282713,0.0,52416.45266282713,0
2021-08-13,52416.45266282713,0.0,52416.45266282713,0
2021-08-16,52416.45266282713,0.0,52416.45266282713,0
2021-08-17,52416.45266282713,0.0,52416.45266282713,0
2021-08-18,52416.45266282713,0.0,52416.45266282713,0
2021-08-20,52416.45266282713,0.0,52416.45266282713,0
2021-08-23,52416.45266282713,0.0,52416.45266282713,0
2021-08-24,52416.45266282713,0.0,52416.45266282713,0
2021-08-25,52416.45266282713,0.0,52416.45266282713,0
2021-08-26,52416.45266282713,0.0,52416.45266282713,0
2021-08-27,52416.45266282713,0.0,52416.45266282713,0
2021-08-30,52416.45266282713,0.0,52416.45266282713,0
2021-08-31,52416.45266282713,0.0,52416.45266282713,0
2021-09-01,52416.45266282713,0.0,52416.45266282713,0
2021-09-02,52416.45266282713,0.0,52416.45266282713,0
2021-09-03,52416.45266282713,0.0,52416.45266282713,0
2021-09-06,52416.45266282713,0.0,52416.45266282713,0
2021-09-07,52416.45266282713,0.0,52416.45266282713,0
2021-09-08,52416.45266282713,0.0,52416.45266282713,0
2021-09-09,52416.45266282713,0.0,52416.45266282713,0
2021-09-13,52416.45266282713,0.0,52416.45266282713,0
2021-09-14,52416.45266282713,0.0,52416.45266282713,0
2021-09-15,52416.45266282713,0.0,52416.45266282713,0
2021-09-16,52416.45266282713,0.0,52416.45266282713,0
2021-09-17,52416.45266282713,0.0,52416.45266282713,0
2021-09-20,52416.45266282713,0.0,52416.45266282713,0
2021-09-21,52416.45266282713,0.0,52416.45266282713,0
2021-09-22,52416.45266282713,0.0,52416.45266282713,0
2021-09-23,52416.45266282713,0.0,52416.45266282713,0
2021-09-24,52416.45266282713,0.0,52416.45266282713,0
2021-09-27,52416.45266282713,0.0,52416.45266282713,0
2021-09-28,52416.45266282713,0.0,52416.45266282713,0
2021-09-29,52416.45266282713,0.0,52416.45266282713,0
2021-09-30,52416.45266282713,0.0,52416.45266282713,0
2021-10-01,52416.45266282713,0.0,52416.45266282713,0
2021-10-04,52416.45266282713,0.0,52416.45266282713,0
2021-10-05,52416.45266282713,0.0,52416.45266282713,0
2021-10-06,52416.45266282713,0.0,52416.45266282713,0
2021-10-07,52416.45266282713,0.0,52416.45266282713,0
2021-10-08,52416.45266282713,0.0,52416.45266282713,0
2021-10-11,52416.45266282713,0.0,52416.45266282713,0
2021-10-12,52416.45266282713,0.0,52416.45266282713,0
2021-10-13,52416.45266282713,0.0,52416.45266282713,0
2021-10-14,52416.45266282713,0.0,52416.45266282713,0
2021-10-18,52416.45266282713,0.0,52416.45266282713,0
2021-10-19,52416.45266282713,0.0,52416.45266282713,0
2021-10-20,52416.45266282713,0.0,52416.45266282713,0
2021-10-21,52416.45266282713,0.0,52416.45266282713,0
2021-10-22,52416.45266282713,0.0,52416.45266282713,0
2021-10-25,52416.45266282713,0.0,52416.45266282713,0
2021-10-26,52416.45266282713,0.0,52416.45266282713,0
2021-10-27,52416.45266282713,0.0,52416.45266282713,0
2021-10-28,52416.45266282713,0.0,52416.45266282713,0
2021-10-29,52416.45266282713,0.0,52416.45266282713,0
2021-11-01,52416.45266282713,0.0,52416.45266282713,0
2021-11-02,52416.45266282713,0.0,52416.45266282713,0
2021-11-03,52416.45266282713,0.0,52416.45266282713,0
2021-11-04,52416.45266282713,0.0,52416.45266282713,0
2021-11-08,52416.45266282713,0.0,52416.45266282713,0
2021-11-09,52416.45266282713,0.0,52416.45266282713,0
2021-11-10,52416.45266282713,0.0,52416.45266282713,0
2021-11-11,52416.45266282713,0.0,52416.45266282713,0
2021-11-12,52416.45266282713,0.0,52416.45266282713,0
2021-11-15,52416.45266282713,0.0,52416.45266282713,0
2021-11-16,52416.45266282713,0.0,52416.45266282713,0
2021-11-17,52416.45266282713,0.0,52416.45266282713,0
2021-11-18,52416.45266282713,0.0,52416.45266282713,0
2021-11-22,52416.45266282713,0.0,52416.45266282713,0
2021-11-23,52416.45266282713,0.0,52416.45266282713,0
2021-11-24,52416.45266282713,0.0,52416.45266282713,0
2021-11-25,52416.45266282713,0.0,52416.45266282713,0
2021-11-26,52416.45266282713,0.0,52416.45266282713,0
2021-11-29,52416.45266282713,0.0,52416.45266282713,0
2021-11-30,52416.45266282713,0.0,52416.45266282713,0
2021-12-01,52416.45266282713,0.0,52416.45266282713,0
2021-12-02,52416.45266282713,0.0,52416.45266282713,0
2021-12-03,52416.45266282713,0.0,52416.45266282713,0
2021-12-06,52416.45266282713,0.0,52416.45266282713,0
2021-12-07,52416.45266282713,0.0,52416.45266282713,0
2021-12-08,52416.45266282713,0.0,52416.45266282713,0
2021-12-09,52416.45266282713,0.0,52416.45266282713,0
2021-12-10,52416.45266282713,0.0,52416.45266282713,0
2021-12-13,52416.45266282713,0.0,52416.45266282713,0
2021-12-14,52416.45266282713,0.0,52416.45266282713,0
2021-12-15,52416.45266282713,0.0,52416.45266282713,0
2021-12-16,52416.45266282713,0.0,52416.45266282713,0
2021-12-17,52416.45266282713,0.0,52416.45266282713,0
2021-12-20,52416.45266282713,0.0,52416.45266282713,0
2021-12-21,52416.45266282713,0.0,52416.45266282713,0
2021-12-22,52416.45266282713,0.0,52416.45266282713,0
2021-12-23,52416.45266282713,0.0,52416.45266282713,0
2021-12-24,52416.45266282713,0.0,52416.45266282713,0
2021-12-27,52416.45266282713,0.0,52416.45266282713,0
2021-12-28,52416.45266282713,0.0,52416.45266282713,0
2021-12-29,52416.45266282713,0.0,52416.45266282713,0
2021-12-30,52416.45266282713,0.0,52416.45266282713,0
2021-12-31,52416.45266282713,0.0,52416.45266282713,0
2022-01-03,52416.45266282713,0.0,52416.45266282713,0
2022-01-04,52416.45266282713,0.0,52416.45266282713,0
2022-01-05,52416.45266282713,0.0,52416.45266282713,0
2022-01-06,52416.45266282713,0.0,52416.45266282713,0
2022-01-07,52416.45266282713,0.0,52416.45266282713,0
2022-01-10,52416.45266282713,0.0,52416.45266282713,0
2022-01-11,52416.45266282713,0.0,52416.45266282713,0
2022-01-12,52416.45266282713,0.0,52416.45266282713,0
2022-01-13,52416.45266282713,0.0,52416.45266282713,0
2022-01-14,52416.45266282713,0.0,52416.45266282713,0
2022-01-17,52416.45266282713,0.0,52416.45266282713,0
2022-01-18,52416.45266282713,0.0,52416.45266282713,0
2022-01-19,52416.45266282713,0.0,52416.45266282713,0
2022-01-20,52416.45266282713,0.0,52416.45266282713,0
2022-01-21,52416.45266282713,0.0,52416.45266282713,0
2022-01-24,52416.45266282713,0.0,52416.45266282713,0
2022-01-25,52416.45266282713,0.0,52416.45266282713,0
2022-01-27,52416.45266282713,0.0,52416.45266282713,0
2022-01-28,52416.45266282713,0.0,52416.45266282713,0
2022-01-31,52416.45266282713,0.0,52416.45266282713,0
2022-02-01,52416.45266282713,0.0,52416.45266282713,0
2022-02-02,52416.45266282713,0.0,52416.45266282713,0
2022-02-03,52416.45266282713,0.0,52416.45266282713,0
2022-02-04,52416.45266282713,0.0,52416.45266282713,0
2022-02-07,52416.45266282713,0.0,52416.45266282713,0
2022-02-08,52416.45266282713,0.0,52416.45266282713,0
2022-02-09,52416.45266282713,0.0,52416.45266282713,0
2022-02-10,52416.45266282713,0.0,52416.45266282713,0
2022-02-11,52416.45266282713,0.0,52416.45266282713,0
2022-02-14,52416.45266282713,0.0,52416.45266282713,0
2022-02-15,52416.45266282713,0.0,52416.45266282713,0
2022-02-16,52416.45266282713,0.0,52416.45266282713,0
2022-02-17,52416.45266282713,0.0,52416.45266282713,0
2022-02-18,52416.45266282713,0.0,52416.45266282713,0
2022-02-21,52416.45266282713,0.0,52416.45266282713,0
2022-02-22,52416.45266282713,0.0,52416.45266282713,0
2022-02-23,52416.45266282713,0.0,52416.45266282713,0
2022-02-24,52416.45266282713,0.0,52416.45266282713,0
2022-02-25,52416.45266282713,0.0,52416.45266282713,0
2022-02-28,52416.45266282713,0.0,52416.45266282713,0
2022-03-02,52416.45266282713,0.0,52416.45266282713,0
2022-03-03,52416.45266282713,0.0,52416.45266282713,0
2022-03-04,52416.45266282713,0.0,52416.45266282713,0
2022-03-07,52416.45266282713,0.0,52416.45266282713,0
2022-03-08,52416.45266282713,0.0,52416.45266282713,0
2022-03-09,52416.45266282713,0.0,52416.45266282713,0
2022-03-10,52416.45266282713,0.0,52416.45266282713,0
2022-03-11,52416.45266282713,0.0,52416.45266282713,0
2022-03-14,52416.45266282713,0.0,52416.45266282713,0
2022-03-15,52416.45266282713,0.0,52416.45266282713,0
2022-03-16,52416.45266282713,0.0,52416.45266282713,0
2022-03-17,52416.45266282713,0.0,52416.45266282713,0
2022-03-21,52416.45266282713,0.0,52416.45266282713,0
2022-03-22,52416.45266282713,0.0,52416.45266282713,0
2022-03-23,52416.45266282713,0.0,52416.45266282713,0
2022-03-24,52416.45266282713,0.0,52416.45266282713,0
2022-03-25,52416.45266282713,0.0,52416.45266282713,0
2022-03-28,52416.45266282713,0.0,52416.45266282713,0
2022-03-29,52416.45266282713,0.0,52416.45266282713,0
2022-03-30,52416.45266282713,0.0,52416.45266282713,0
2022-03-31,52416.45266282713,0.0,52416.45266282713,0
2022-04-01,52416.45266282713,0.0,52416.45266282713,0
2022-04-04,52416.45266282713,0.0,52416.45266282713,0
2022-04-05,52416.45266282713,0.0,52416.45266282713,0
2022-04-06,52416.45266282713,0.0,52416.45266282713,0
2022-04-07,52416.45266282713,0.0,52416.45266282713,0
2022-04-08,52416.45266282713,0.0,52416.45266282713,0
2022-04-11,52416.45266282713,0.0,52416.45266282713,0
2022-04-12,52416.45266282713,0.0,52416.45266282713,0
2022-04-13,52416.45266282713,0.0,52416.45266282713,0
2022-04-18,52416.45266282713,0.0,52416.45266282713,0
2022-04-19,52416.45266282713,0.0,52416.45266282713,0
2022-04-20,52416.45266282713,0.0,52416.45266282713,0
2022-04-21,52416.45266282713,0.0,52416.45266282713,0
2022-04-22,52416.45266282713,0.0,52416.45266282713,0
2022-04-25,52416.45266282713,0.0,52416.45266282713,0
2022-04-26,52416.45266282713,0.0,52416.45266282713,0
2022-04-27,52416.45266282713,0.0,52416.45266282713,0
2022-04-28,52416.45266282713,0.0,52416.45266282713,0
2022-04-29,52416.45266282713,0.0,52416.45266282713,0
2022-05-02,52416.45266282713,0.0,52416.45266282713,0
2022-05-04,52416.45266282713,0.0,52416.45266282713,0
2022-05-05,52416.45266282713,0.0,52416.45266282713,0
2022-05-06,52416.45266282713,0.0,52416.45266282713,0
2022-05-09,52416.45266282713,0.0,52416.45266282713,0
2022-05-10,52416.45266282713,0.0,52416.45266282713,0
2022-05-11,52416.45266282713,0.0,52416.45266282713,0
2022-05-12,52416.45266282713,0.0,52416.45266282713,0
2022-05-13,52416.45266282713,0.0,52416.45266282713,0
2022-05-16,52416.45266282713,0.0,52416.45266282713,0
2022-05-17,52416.45266282713,0.0,52416.45266282713,0
2022-05-18,52416.45266282713,0.0,52416.45266282713,0
2022-05-19,52416.45266282713,0.0,52416.45266282713,0
2022-05-20,52416.45266282713,0.0,52416.45266282713,0
2022-05-23,52416.45266282713,0.0,52416.45266282713,0
2022-05-24,52416.45266282713,0.0,52416.45266282713,0
2022-05-25,52416.45266282713,0.0,52416.45266282713,0
2022-05-26,52416.45266282713,0.0,52416.45266282713,0
2022-05-27,52416.45266282713,0.0,52416.45266282713,0
2022-05-30,52416.45266282713,0.0,52416.45266282713,0
2022-05-31,52416.45266282713,0.0,52416.45266282713,0
2022-06-01,52416.45266282713,0.0,52416.45266282713,0
2022-06-02,52416.45266282713,0.0,52416.45266282713,0
2022-06-03,52416.45266282713,0.0,52416.45266282713,0
2022-06-06,52416.45266282713,0.0,52416.45266282713,0
2022-06-07,52416.45266282713,0.0,52416.45266282713,0
2022-06-08,52416.45266282713,0.0,52416.45266282713,0
2022-06-09,52416.45266282713,0.0,52416.45266282713,0
2022-06-10,52416.45266282713,0.0,52416.45266282713,0
2022-06-13,52416.45266282713,0.0,52416.45266282713,0
2022-06-14,52416.45266282713,0.0,52416.45266282713,0
2022-06-15,52416.45266282713,0.0,52416.45266282713,0
2022-06-16,52416.45266282713,0.0,52416.45266282713,0
2022-06-17,52416.45266282713,0.0,52416.45266282713,0
2022-06-20,52416.45266282713,0.0,52416.45266282713,0
2022-06-21,52416.45266282713,0.0,52416.45266282713,0
2022-06-22,52416.45266282713,0.0,52416.45266282713,0
2022-06-23,52416.45266282713,0.0,52416.45266282713,0
2022-06-24,52416.45266282713,0.0,52416.45266282713,0
2022-06-27,52416.45266282713,0.0,52416.45266282713,0
2022-06-28,52416.45266282713,0.0,52416.45266282713,0
2022-06-29,52416.45266282713,0.0,52416.45266282713,0
2022-06-30,52416.45266282713,0.0,52416.45266282713,0
2022-07-01,52416.45266282713,0.0,52416.45266282713,0
2022-07-04,52416.45266282713,0.0,52416.45266282713,0
2022-07-05,52416.45266282713,0.0,52416.45266282713,0
2022-07-06,52416.45266282713,0.0,52416.45266282713,0
2022-07-07,52416.45266282713,0.0,52416.45266282713,0
2022-07-08,52416.45266282713,0.0,52416.45266282713,0
2022-07-11,52416.45266282713,0.0,52416.45266282713,0
2022-07-12,52416.45266282713,0.0,52416.45266282713,0
2022-07-13,52416.45266282713,0.0,52416.45266282713,0
2022-07-14,52416.45266282713,0.0,52416.45266282713,0
2022-07-15,52416.45266282713,0.0,52416.45266282713,0
2022-07-18,52416.45266282713,0.0,52416.45266282713,0
2022-07-19,52416.45266282713,0.0,52416.45266282713,0
2022-07-20,52416.45266282713,0.0,52416.45266282713,0
2022-07-21,23325.15266282713,29130.35,52455.50266282713,3
2022-07-22,13965.152662827131,38291.15,52256.30266282713,4
2022-07-25,13965.152662827131,38062.9,52028.05266282713,4
2022-07-26,13965.152662827131,37612.25,51577.40266282713,4
2022-07-27,13965.152662827131,37915.0,51880.15266282713,4
2022-07-28,3625.75266282713,49460.950000000004,53086.702662827134,5
2022-07-29,3625.75266282713,51008.4,54634.15266282713,5
2022-08-01,1524.4121589731312,54350.1,55874.51215897313,5
2022-08-02,2279.3406788375323,54007.55,56286.89067883753,5
2022-08-03,2279.3406788375323,53344.8,55624.14067883753,5
2022-08-04,2279.3406788375323,53761.4,56040.74067883754,5
2022-08-05,2279.3406788375323,53495.45,55774.790678837526,5
2022-08-08,3983.9574801042345,52110.450000000004,56094.40748010424,5
2022-08-10,3983.9574801042345,52984.75,56968.70748010423,5
2022-08-11,37740.04561833693,19646.0,57386.04561833693,2
2022-08-12,829.5916358649338,56531.1,57360.69163586493,5
2022-08-16,829.5916358649338,56958.3,57787.89163586494,5
2022-08-17,11224.798086089026,46070.649999999994,57295.44808608902,4
2022-08-18,41.19808608902713,57172.600000000006,57213.79808608903,5
2022-08-19,105.05712176902671,56702.0,56807.05712176903,5
2022-08-22,105.05712176902671,56508.399999999994,56613.457121769025,5
2022-08-23,105.05712176902671,57615.75,57720.80712176903,5
2022-08-24,46427.189179434026,11193.599999999999,57620.789179434025,1
2022-08-25,46427.189179434026,11426.8,57853.98917943402,1
2022-08-26,46427.189179434026,11511.599999999999,57938.789179434025,1
2022-08-29,46427.189179434026,11368.5,57795.689179434026,1
2022-08-30,57838.70965083683,0.0,57838.70965083683,0
2022-09-01,57838.70965083683,0.0,57838.70965083683,0
2022-09-02,57838.70965083683,0.0,57838.70965083683,0
2022-09-05,57838.70965083683,0.0,57838.70965083683,0
2022-09-06,57838.70965083683,0.0,57838.70965083683,0
2022-09-07,57838.70965083683,0.0,57838.70965083683,0
2022-09-08,57838.70965083683,0.0,57838.70965083683,0
2022-09-09,57838.70965083683,0.0,57838.70965083683,0
2022-09-12,57838.70965083683,0.0,57838.70965083683,0
2022-09-13,57838.70965083683,0.0,57838.70965083683,0
2022-09-14,57838.70965083683,0.0,57838.70965083683,0
2022-09-15,57838.70965083683,0.0,57838.70965083683,0
2022-09-16,57838.70965083683,0.0,57838.70965083683,0
2022-09-19,57838.70965083683,0.0,57838.70965083683,0
2022-09-20,3415.3096508368253,54699.65,58114.95965083683,5
2022-09-21,3415.3096508368253,54345.6,57760.909650836824,5
2022-09-22,3415.3096508368253,54197.95,57613.25965083682,5
2022-09-23,3415.3096508368253,53238.399999999994,56653.70965083682,5
2022-09-26,14088.871533000736,40890.95,54979.82153300074,4
2022-09-27,14088.871533000736,40748.85,54837.72153300073,4
2022-09-28,14088.871533000736,40541.75,54630.62153300074,4
2022-09-29,54823.71766053844,0.0,54823.71766053844,0
2022-09-30,54823.71766053844,0.0,54823.71766053844,0
2022-10-03,54823.71766053844,0.0,54823.71766053844,0
2022-10-04,54823.71766053844,0.0,54823.71766053844,0
2022-10-06,54823.71766053844,0.0,54823.71766053844,0
2022-10-07,54823.71766053844,0.0,54823.71766053844,0
2022-10-10,54823.71766053844,0.0,54823.71766053844,0
2022-10-11,54823.71766053844,0.0,54823.71766053844,0
2022-10-12,54823.71766053844,0.0,54823.71766053844,0
2022-10-13,54823.71766053844,0.0,54823.71766053844,0
2022-10-14,54823.71766053844,0.0,54823.71766053844,0
2022-10-17,54823.71766053844,0.0,54823.71766053844,0
2022-10-18,54823.71766053844,0.0,54823.71766053844,0
2022-10-19,54823.71766053844,0.0,54823.71766053844,0
2022-10-20,54823.71766053844,0.0,54823.71766053844,0
2022-10-21,54823.71766053844,0.0,54823.71766053844,0
2022-10-24,54823.71766053844,0.0,54823.71766053844,0
2022-10-25,3208.7176605384375,51146.700000000004,54355.41766053844,5
2022-10-27,3208.7176605384375,51057.75,54266.46766053844,5
2022-10-28,3208.7176605384375,50968.05,54176.76766053844,5
2022-10-31,3208.7176605384375,51606.15,54814.86766053844,5
2022-11-01,3208.7176605384375,52716.0,55924.71766053844,5
2022-11-02,3208.7176605384375,53253.3,56462.01766053844,5
2022-11-03,3208.7176605384375,53746.8,56955.51766053844,5
2022-11-04,949.5124008379426,55749.75,56699.26240083794,5
2022-11-07,949.5124008379426,55932.3,56881.812400837945,5
2022-11-09,949.5124008379426,55743.850000000006,56693.36240083795,5
2022-11-10,10916.912484508639,44222.35,55139.26248450864,4
2022-11-11,1644.8124845086404,54190.2,55835.01248450864,5
2022-11-14,1644.8124845086404,54040.3,55685.112484508645,5
2022-11-15,1644.8124845086404,54687.4,56332.212484508644,5
2022-11-16,4313.253321632736,51444.399999999994,55757.65332163273,5
2022-11-17,4313.253321632736,50735.3,55048.55332163274,5
2022-11-18,14724.80486597688,39707.0,54431.80486597688,4
2022-11-21,4217.6048659768785,50535.700000000004,54753.30486597688,5
2022-11-22,3432.9146733702783,51142.7,54575.61467337028,5
2022-11-23,3432.9146733702783,51076.8,54509.71467337028,5
2022-11-24,3432.9146733702783,50815.55,54248.46467337028,5
2022-11-25,5050.116812665579,49309.95,54360.06681266558,5
2022-11-28,5050.116812665579,49248.15,54298.26681266558,5
2022-11-29,5050.116812665579,49395.25,54445.36681266558,5
2022-11-30,5035.832637654379,50480.8,55516.63263765438,5
2022-12-01,9389.23510941738,46283.399999999994,55672.63510941737,5
2022-12-02,9389.23510941738,46615.299999999996,56004.535109417375,5
2022-12-05,9389.23510941738,46355.65,55744.88510941738,5
2022-12-06,38763.63190233508,16898.55,55662.18190233508,2
2022-12-07,38763.63190233508,16810.55,55574.18190233508,2
2022-12-08,38763.63190233508,16728.95,55492.58190233508,2
2022-12-09,49309.22809459108,6209.8,55519.028094591085,1
2022-12-12,55490.12763391908,0.0,55490.12763391908,0
2022-12-13,55490.12763391908,0.0,55490.12763391908,0
2022-12-14,55490.12763391908,0.0,55490.12763391908,0
2022-12-15,55490.12763391908,0.0,55490.12763391908,0
2022-12-16,55490.12763391908,0.0,55490.12763391908,0
2022-12-19,55490.12763391908,0.0,55490.12763391908,0
2022-12-20,55490.12763391908,0.0,55490.12763391908,0
2022-12-21,55490.12763391908,0.0,55490.12763391908,0
2022-12-22,55490.12763391908,0.0,55490.12763391908,0
2022-12-23,55490.12763391908,0.0,55490.12763391908,0
2022-12-26,55490.12763391908,0.0,55490.12763391908,0
2022-12-27,55490.12763391908,0.0,55490.12763391908,0
2022-12-28,55490.12763391908,0.0,55490.12763391908,0
2022-12-29,55490.12763391908,0.0,55490.12763391908,0
2022-12-30,55490.12763391908,0.0,55490.12763391908,0
2023-01-02,55490.12763391908,0.0,55490.12763391908,0
2023-01-03,55490.12763391908,0.0,55490.12763391908,0
2023-01-04,55490.12763391908,0.0,55490.12763391908,0
2023-01-05,55490.12763391908,0.0,55490.12763391908,0
2023-01-06,55490.12763391908,0.0,55490.12763391908,0
2023-01-09,55490.12763391908,0.0,55490.12763391908,0
2023-01-10,55490.12763391908,0.0,55490.12763391908,0
2023-01-11,55490.12763391908,0.0,55490.12763391908,0
2023-01-12,55490.12763391908,0.0,55490.12763391908,0
2023-01-13,55490.12763391908,0.0,55490.12763391908,0
2023-01-16,55490.12763391908,0.0,55490.12763391908,0
2023-01-17,55490.12763391908,0.0,55490.12763391908,0
2023-01-18,2218.67763391908,53384.5,55603.177633919084,5
2023-01-19,12479.930826248947,42128.1,54608.03082624894,4
2023-01-20,2129.9308262489467,52111.75,54241.68082624895,5
2023-01-23,2129.9308262489467,51873.149999999994,54003.080826248945,5
2023-01-24,12554.663236586242,41281.3,53835.96323658625,4
2023-01-25,21377.102461558028,31041.65,52418.75246155803,3
2023-01-27,51355.087036548706,0.0,51355.087036548706,0
2023-01-30,51355.087036548706,0.0,51355.087036548706,0
2023-01-31,51355.087036548706,0.0,51355.087036548706,0
2023-02-01,51355.087036548706,0.0,51355.087036548706,0
2023-02-02,51355.087036548706,0.0,51355.087036548706,0
2023-02-03,51355.087036548706,0.0,51355.087036548706,0
2023-02-06,51355.087036548706,0.0,51355.087036548706,0
2023-02-07,51355.087036548706,0.0,51355.087036548706,0
2023-02-08,51355.087036548706,0.0,51355.087036548706,0
2023-02-09,51355.087036548706,0.0,51355.087036548706,0
2023-02-10,51355.087036548706,0.0,51355.087036548706,0
2023-02-13,51355.087036548706,0.0,51355.087036548706,0
2023-02-14,51355.087036548706,0.0,51355.087036548706,0
2023-02-15,51355.087036548706,0.0,51355.087036548706,0
2023-02-16,51355.087036548706,0.0,51355.087036548706,0
2023-02-17,51355.087036548706,0.0,51355.087036548706,0
2023-02-20,51355.087036548706,0.0,51355.087036548706,0
2023-02-21,51355.087036548706,0.0,51355.087036548706,0
2023-02-22,2413.9370365487066,48077.0,50490.937036548705,5
2023-02-23,2413.9370365487066,46397.45000000001,48811.38703654872,5
2023-02-24,2413.9370365487066,44464.3,46878.23703654871,5
2023-02-27,2413.9370365487066,42176.75,44590.687036548705,5
2023-02-28,2413.9370365487066,42594.74999999999,45008.6870365487,5
2023-03-01,11384.196823795764,35872.5,47256.69682379576,4
2023-03-02,11384.196823795764,37416.45,48800.64682379576,4
2023-03-03,50452.30759914187,0.0,50452.30759914187,0
2023-03-06,944.2075991418678,49453.0,50397.20759914187,5
2023-03-08,944.2075991418678,49627.3,50571.50759914187,5
2023-03-09,944.2075991418678,49130.25,50074.45759914187,5
2023-03-10,944.2075991418678,48870.0,49814.20759914187,5
2023-03-13,944.2075991418678,47601.25,48545.45759914187,5
2023-03-14,28603.32574532894,19400.25,48003.57574532894,2
2023-03-15,28603.32574532894,19518.35,48121.67574532894,2
2023-03-16,48116.96067762644,0.0,48116.96067762644,0
2023-03-17,48116.96067762644,0.0,48116.96067762644,0
2023-03-20,48116.96067762644,0.0,48116.96067762644,0
2023-03-21,48116.96067762644,0.0,48116.96067762644,0
2023-03-22,48116.96067762644,0.0,48116.96067762644,0
2023-03-23,48116.96067762644,0.0,48116.96067762644,0
2023-03-24,48116.96067762644,0.0,48116.96067762644,0
2023-03-27,48116.96067762644,0.0,48116.96067762644,0
2023-03-28,48116.96067762644,0.0,48116.96067762644,0
2023-03-29,48116.96067762644,0.0,48116.96067762644,0
2023-03-31,1315.460677626439,47206.0,48521.46067762644,5
2023-04-03,1315.460677626439,47893.450000000004,49208.910677626445,5
2023-04-05,1315.460677626439,47139.899999999994,48455.360677626435,5
2023-04-06,1315.460677626439,48383.0,49698.46067762644,5
2023-04-10,1315.460677626439,48918.95,50234.41067762644,5
2023-04-11,1315.460677626439,49246.25,50561.71067762644,5
2023-04-12,1315.460677626439,49168.95,50484.41067762644,5
2023-04-13,741.8453972726438,49615.700000000004,50357.54539727265,5
2023-04-17,741.8453972726438,49180.99999999999,49922.845397272635,5
2023-04-18,741.8453972726438,49202.5,49944.34539727264,5
2023-04-19,741.8453972726438,48852.25,49594.09539727264,5
2023-04-20,741.8453972726438,49229.0,49970.84539727264,5
2023-04-21,741.8453972726438,49067.95,49809.79539727264,5
2023-04-24,741.8453972726438,49006.649999999994,49748.495397272636,5
2023-04-25,10948.93714626634,38419.85,49368.78714626634,4
2023-04-26,1299.33714626634,47277.49999999999,48576.837146266334,5
2023-04-27,1299.33714626634,47217.99999999999,48517.337146266334,5
2023-04-28,1299.33714626634,47369.6,48668.93714626634,5
2023-05-02,1299.33714626634,48562.55,49861.887146266345,5
2023-05-03,1299.33714626634,48679.4,49978.73714626634,5
2023-05-04,1299.33714626634,49580.55,50879.887146266345,5
2023-05-05,41329.284752081934,9466.449999999999,50795.73475208193,1
2023-05-08,12606.074110439235,38269.5,50875.57411043924,4
2023-05-09,2598.0741104392346,48046.05,50644.12411043924,5
2023-05-10,2598.0741104392346,47710.2,50308.27411043923,5
2023-05-11,2598.0741104392346,48177.0,50775.07411043924,5
2023-05-12,2598.0741104392346,47953.4,50551.47411043924,5
2023-05-15,2598.0741104392346,48494.34999999999,51092.42411043923,5
2023-05-16,2598.0741104392346,48403.350000000006,51001.42411043924,5
2023-05-17,12654.67850609311,37942.4,50597.07850609311,4
2023-05-18,2658.6785060931106,47019.2,49677.87850609311,5
2023-05-19,11424.872870855937,38284.549999999996,49709.42287085593,4
2023-05-22,1484.8728708559374,49029.15,50514.02287085594,5
2023-05-23,1484.8728708559374,50064.7,51549.57287085593,5
2023-05-24,1484.8728708559374,51272.35,52757.222870855934,5
2023-05-25,1484.8728708559374,51162.950000000004,52647.82287085594,5
2023-05-26,2966.4627418273376,49879.35,52845.812741827336,5
2023-05-29,2868.2404992070387,49946.65,52814.89049920704,5
2023-05-30,2868.2404992070387,49657.25,52525.49049920704,5
2023-05-31,2950.725415137038,49863.399999999994,52814.12541513703,5
2023-06-01,2950.725415137038,50549.4,53500.12541513704,5
2023-06-02,2950.725415137038,50154.799999999996,53105.52541513703,5
2023-06-05,2950.725415137038,51117.55,54068.27541513704,5
2023-06-06,24042.65571908094,29825.949999999997,53868.60571908094,3
2023-06-07,34493.506924067944,19622.05,54115.55692406795,2
2023-06-08,34493.506924067944,19518.05,54011.55692406795,2
2023-06-09,45312.13685338554,8737.8,54049.936853385545,1
2023-06-12,45312.13685338554,8737.8,54049.936853385545,1
2023-06-13,45312.13685338554,8737.8,54049.936853385545,1
2023-06-14,25087.536853385544,28748.7,53836.23685338555,3
2023-06-15,25087.536853385544,28943.100000000002,54030.63685338554,3
2023-06-16,3769.936853385543,50638.2,54408.13685338554,5
2023-06-19,3769.936853385543,50881.09999999999,54651.036853385536,5
2023-06-20,3769.936853385543,51095.2,54865.13685338554,5
2023-06-21,3769.936853385543,51006.700000000004,54776.63685338555,5
2023-06-22,3769.936853385543,50858.4,54628.33685338555,5
2023-06-23,4151.284683811948,50005.0,54156.284683811944,5
2023-06-26,4151.284683811948,49960.350000000006,54111.63468381195,5
2023-06-27,4324.702061956747,50069.4,54394.10206195675,5
2023-06-28,13179.59725586835,41061.6,54241.19725586835,4
2023-06-30,4305.59725586835,50286.0,54591.59725586835,5
2023-07-03,4305.59725586835,51122.5,55428.09725586835,5
2023-07-04,16356.098258257283,39246.549999999996,55602.64825825728,4
2023-07-05,35910.73495636718,19613.6,55524.33495636718,2
2023-07-06,35910.73495636718,19764.0,55674.73495636718,2
2023-07-07,46780.04511707348,8737.8,55517.84511707348,1
2023-07-10,46780.04511707348,8737.8,55517.84511707348,1
2023-07-11,46780.04511707348,8737.8,55517.84511707348,1
2023-07-12,46780.04511707348,8737.8,55517.84511707348,1
2023-07-13,46780.04511707348,8737.8,55517.84511707348,1
2023-07-14,46780.04511707348,8737.8,55517.84511707348,1
2023-07-17,46780.04511707348,8737.8,55517.84511707348,1
2023-07-18,46780.04511707348,8737.8,55517.84511707348,1
2023-07-19,46780.04511707348,8737.8,55517.84511707348,1
2023-07-20,46780.04511707348,8737.8,55517.84511707348,1
2023-07-21,46780.04511707348,8737.8,55517.84511707348,1
2023-07-24,46780.04511707348,8737.8,55517.84511707348,1
2023-07-25,46780.04511707348,8737.8,55517.84511707348,1
2023-07-26,46780.04511707348,8737.8,55517.84511707348,1
2023-07-27,46780.04511707348,8737.8,55517.84511707348,1
2023-07-28,46780.04511707348,8737.8,55517.84511707348,1
2023-07-31,46780.04511707348,8737.8,55517.84511707348,1
2023-08-01,46780.04511707348,8737.8,55517.84511707348,1
2023-08-02,46780.04511707348,8737.8,55517.84511707348,1
2023-08-03,46780.04511707348,8737.8,55517.84511707348,1
2023-08-04,46780.04511707348,8737.8,55517.84511707348,1
2023-08-07,46780.04511707348,8737.8,55517.84511707348,1
2023-08-08,46780.04511707348,8737.8,55517.84511707348,1
2023-08-09,46780.04511707348,8737.8,55517.84511707348,1
2023-08-10,46780.04511707348,8737.8,55517.84511707348,1
2023-08-11,46780.04511707348,8737.8,55517.84511707348,1
2023-08-14,46780.04511707348,8737.8,55517.84511707348,1
2023-08-16,46780.04511707348,8737.8,55517.84511707348,1
2023-08-17,46780.04511707348,8737.8,55517.84511707348,1
2023-08-18,46780.04511707348,8737.8,55517.84511707348,1
2023-08-21,46780.04511707348,8737.8,55517.84511707348,1
2023-08-22,46780.04511707348,8737.8,55517.84511707348,1
2023-08-23,46780.04511707348,8737.8,55517.84511707348,1
2023-08-24,46780.04511707348,8737.8,55517.84511707348,1
2023-08-25,46780.04511707348,8737.8,55517.84511707348,1
2023-08-28,46780.04511707348,8737.8,55517.84511707348,1
2023-08-29,46780.04511707348,8737.8,55517.84511707348,1
2023-08-30,46780.04511707348,8737.8,55517.84511707348,1
2023-08-31,46780.04511707348,8737.8,55517.84511707348,1
2023-09-01,46780.04511707348,8737.8,55517.84511707348,1
2023-09-04,46780.04511707348,8737.8,55517.84511707348,1
2023-09-05,46780.04511707348,8737.8,55517.84511707348,1
2023-09-06,46780.04511707348,8737.8,55517.84511707348,1
2023-09-07,46780.04511707348,8737.8,55517.84511707348,1
2023-09-08,46780.04511707348,8737.8,55517.84511707348,1
2023-09-11,46780.04511707348,8737.8,55517.84511707348,1
2023-09-12,46780.04511707348,8737.8,55517.84511707348,1
2023-09-13,46780.04511707348,8737.8,55517.84511707348,1
2023-09-14,46780.04511707348,8737.8,55517.84511707348,1
2023-09-15,46780.04511707348,8737.8,55517.84511707348,1
2023-09-18,46780.04511707348,8737.8,55517.84511707348,1
2023-09-20,46780.04511707348,8737.8,55517.84511707348,1
2023-09-21,46780.04511707348,8737.8,55517.84511707348,1
2023-09-22,46780.04511707348,8737.8,55517.84511707348,1
2023-09-25,46780.04511707348,8737.8,55517.84511707348,1
2023-09-26,46780.04511707348,8737.8,55517.84511707348,1
2023-09-27,46780.04511707348,8737.8,55517.84511707348,1
2023-09-28,46780.04511707348,8737.8,55517.84511707348,1
2023-09-29,46780.04511707348,8737.8,55517.84511707348,1
2023-10-03,46780.04511707348,8737.8,55517.84511707348,1
2023-10-04,46780.04511707348,8737.8,55517.84511707348,1
2023-10-05,46780.04511707348,8737.8,55517.84511707348,1
2023-10-06,46780.04511707348,8737.8,55517.84511707348,1
2023-10-09,46780.04511707348,8737.8,55517.84511707348,1
2023-10-10,46780.04511707348,8737.8,55517.84511707348,1
2023-10-11,46780.04511707348,8737.8,55517.84511707348,1
2023-10-12,46780.04511707348,8737.8,55517.84511707348,1
2023-10-13,46780.04511707348,8737.8,55517.84511707348,1
2023-10-16,46780.04511707348,8737.8,55517.84511707348,1
2023-10-17,46780.04511707348,8737.8,55517.84511707348,1
2023-10-18,46780.04511707348,8737.8,55517.84511707348,1
2023-10-19,46780.04511707348,8737.8,55517.84511707348,1
2023-10-20,46780.04511707348,8737.8,55517.84511707348,1
2023-10-23,46780.04511707348,8737.8,55517.84511707348,1
2023-10-25,46780.04511707348,8737.8,55517.84511707348,1
2023-10-26,46780.04511707348,8737.8,55517.84511707348,1
2023-10-27,46780.04511707348,8737.8,55517.84511707348,1
2023-10-30,46780.04511707348,8737.8,55517.84511707348,1
2023-10-31,46780.04511707348,8737.8,55517.84511707348,1
2023-11-01,46780.04511707348,8737.8,55517.84511707348,1
2023-11-02,46780.04511707348,8737.8,55517.84511707348,1
2023-11-03,46780.04511707348,8737.8,55517.84511707348,1
2023-11-06,46780.04511707348,8737.8,55517.84511707348,1
2023-11-07,46780.04511707348,8737.8,55517.84511707348,1
2023-11-08,46780.04511707348,8737.8,55517.84511707348,1
2023-11-09,46780.04511707348,8737.8,55517.84511707348,1
2023-11-10,46780.04511707348,8737.8,55517.84511707348,1
2023-11-13,46780.04511707348,8737.8,55517.84511707348,1
2023-11-15,46780.04511707348,8737.8,55517.84511707348,1
2023-11-16,46780.04511707348,8737.8,55517.84511707348,1
2023-11-17,46780.04511707348,8737.8,55517.84511707348,1
2023-11-20,46780.04511707348,8737.8,55517.84511707348,1
2023-11-21,46780.04511707348,8737.8,55517.84511707348,1
2023-11-22,46780.04511707348,8737.8,55517.84511707348,1
2023-11-23,46780.04511707348,8737.8,55517.84511707348,1
2023-11-24,46780.04511707348,8737.8,55517.84511707348,1
2023-11-28,46780.04511707348,8737.8,55517.84511707348,1
2023-11-29,46780.04511707348,8737.8,55517.84511707348,1
2023-11-30,46780.04511707348,8737.8,55517.84511707348,1
2023-12-01,46780.04511707348,8737.8,55517.84511707348,1
2023-12-04,46780.04511707348,8737.8,55517.84511707348,1
2023-12-05,46780.04511707348,8737.8,55517.84511707348,1
2023-12-06,46780.04511707348,8737.8,55517.84511707348,1
2023-12-07,46780.04511707348,8737.8,55517.84511707348,1
2023-12-08,46780.04511707348,8737.8,55517.84511707348,1
2023-12-11,46780.04511707348,8737.8,55517.84511707348,1
2023-12-12,46780.04511707348,8737.8,55517.84511707348,1
2023-12-13,46780.04511707348,8737.8,55517.84511707348,1
2023-12-14,46780.04511707348,8737.8,55517.84511707348,1
2023-12-15,46780.04511707348,8737.8,55517.84511707348,1
2023-12-18,46780.04511707348,8737.8,55517.84511707348,1
2023-12-19,46780.04511707348,8737.8,55517.84511707348,1
2023-12-20,46780.04511707348,8737.8,55517.84511707348,1
2023-12-21,46780.04511707348,8737.8,55517.84511707348,1
2023-12-22,46780.04511707348,8737.8,55517.84511707348,1
2023-12-26,46780.04511707348,8737.8,55517.84511707348,1
2023-12-27,46780.04511707348,8737.8,55517.84511707348,1
2023-12-28,46780.04511707348,8737.8,55517.84511707348,1
2023-12-29,46780.04511707348,8737.8,55517.84511707348,1
2024-06-24,46780.04511707348,8737.8,55517.84511707348,1
2024-06-25,46780.04511707348,8737.8,55517.84511707348,1
2024-06-26,46780.04511707348,8737.8,55517.84511707348,1
2024-06-27,46780.04511707348,8737.8,55517.84511707348,1
2024-06-28,46780.04511707348,8737.8,55517.84511707348,1
2024-07-01,46780.04511707348,8737.8,55517.84511707348,1
2024-07-02,46780.04511707348,8737.8,55517.84511707348,1
2024-07-03,46780.04511707348,8737.8,55517.84511707348,1
2024-07-04,46780.04511707348,8737.8,55517.84511707348,1
2024-07-05,46780.04511707348,8737.8,55517.84511707348,1
2024-07-08,46780.04511707348,8737.8,55517.84511707348,1
2024-07-09,46780.04511707348,8737.8,55517.84511707348,1
2024-07-10,46780.04511707348,8737.8,55517.84511707348,1
2024-07-11,46780.04511707348,8737.8,55517.84511707348,1
2024-07-12,46780.04511707348,8737.8,55517.84511707348,1
2025-01-01,46780.04511707348,8737.8,55517.84511707348,1
2025-01-02,46780.04511707348,8737.8,55517.84511707348,1
2025-01-03,46780.04511707348,8737.8,55517.84511707348,1
2025-01-06,46780.04511707348,8737.8,55517.84511707348,1
2025-01-07,46780.04511707348,8737.8,55517.84511707348,1
2025-01-08,46780.04511707348,8737.8,55517.84511707348,1
2025-01-09,46780.04511707348,8737.8,55517.84511707348,1
2025-01-10,46780.04511707348,8737.8,55517.84511707348,1
2025-01-13,46780.04511707348,8737.8,55517.84511707348,1
2025-01-14,46780.04511707348,8737.8,55517.84511707348,1
2025-01-15,46780.04511707348,8737.8,55517.84511707348,1
2025-01-16,46780.04511707348,8737.8,55517.84511707348,1
2025-01-17,46780.04511707348,8737.8,55517.84511707348,1
2025-01-20,46780.04511707348,8737.8,55517.84511707348,1
2025-01-21,46780.04511707348,8737.8,55517.84511707348,1
2025-01-22,46780.04511707348,8737.8,55517.84511707348,1
2025-01-23,46780.04511707348,8737.8,55517.84511707348,1
2025-01-24,46780.04511707348,8737.8,55517.84511707348,1
2025-01-27,46780.04511707348,8737.8,55517.84511707348,1
2025-01-28,46780.04511707348,8737.8,55517.84511707348,1
2025-01-29,46780.04511707348,8737.8,55517.84511707348,1
2025-01-30,46780.04511707348,8737.8,55517.84511707348,1
2025-01-31,46780.04511707348,8737.8,55517.84511707348,1
2025-02-03,46780.04511707348,8737.8,55517.84511707348,1
2025-02-04,46780.04511707348,8737.8,55517.84511707348,1
2025-02-05,46780.04511707348,8737.8,55517.84511707348,1
2025-02-06,46780.04511707348,8737.8,55517.84511707348,1
2025-02-07,46780.04511707348,8737.8,55517.84511707348,1
2025-02-10,46780.04511707348,8737.8,55517.84511707348,1
2025-02-11,46780.04511707348,8737.8,55517.84511707348,1
2025-02-12,46780.04511707348,8737.8,55517.84511707348,1
2025-02-13,46780.04511707348,8737.8,55517.84511707348,1
2025-02-14,46780.04511707348,8737.8,55517.84511707348,1
2025-02-17,46780.04511707348,8737.8,55517.84511707348,1
2025-02-18,46780.04511707348,8737.8,55517.84511707348,1
2025-02-19,46780.04511707348,8737.8,55517.84511707348,1
2025-02-20,46780.04511707348,8737.8,55517.84511707348,1
2025-02-21,46780.04511707348,8737.8,55517.84511707348,1
2025-02-24,46780.04511707348,8737.8,55517.84511707348,1
2025-02-25,46780.04511707348,8737.8,55517.84511707348,1
2025-02-27,46780.04511707348,8737.8,55517.84511707348,1
2025-02-28,46780.04511707348,8737.8,55517.84511707348,1
2025-03-03,46780.04511707348,8737.8,55517.84511707348,1
2025-03-04,46780.04511707348,8737.8,55517.84511707348,1
2025-03-05,46780.04511707348,8737.8,55517.84511707348,1
2025-03-06,46780.04511707348,8737.8,55517.84511707348,1
2025-03-07,46780.04511707348,8737.8,55517.84511707348,1
2025-03-10,46780.04511707348,8737.8,55517.84511707348,1
2025-03-11,46780.04511707348,8737.8,55517.84511707348,1
2025-03-12,46780.04511707348,8737.8,55517.84511707348,1
2025-03-13,46780.04511707348,8737.8,55517.84511707348,1
2025-03-17,46780.04511707348,8737.8,55517.84511707348,1
2025-03-18,46780.04511707348,8737.8,55517.84511707348,1
2025-03-19,46780.04511707348,8737.8,55517.84511707348,1
2025-03-20,46780.04511707348,8737.8,55517.84511707348,1
2025-03-21,46780.04511707348,8737.8,55517.84511707348,1
2025-03-24,46780.04511707348,8737.8,55517.84511707348,1
2025-03-25,46780.04511707348,8737.8,55517.84511707348,1
2025-03-26,46780.04511707348,8737.8,55517.84511707348,1
2025-03-27,46780.04511707348,8737.8,55517.84511707348,1
2025-03-28,46780.04511707348,8737.8,55517.84511707348,1
2025-04-01,46780.04511707348,8737.8,55517.84511707348,1
2025-04-02,46780.04511707348,8737.8,55517.84511707348,1
2025-04-03,46780.04511707348,8737.8,55517.84511707348,1
2025-04-04,46780.04511707348,8737.8,55517.84511707348,1
2025-04-07,46780.04511707348,8737.8,55517.84511707348,1
2025-04-08,46780.04511707348,8737.8,55517.84511707348,1
2025-04-09,46780.04511707348,8737.8,55517.84511707348,1
2025-04-11,46780.04511707348,8737.8,55517.84511707348,1
2025-04-15,46780.04511707348,8737.8,55517.84511707348,1
2025-04-16,46780.04511707348,8737.8,55517.84511707348,1
2025-04-17,46780.04511707348,8737.8,55517.84511707348,1
2025-04-21,46780.04511707348,8737.8,55517.84511707348,1
2025-04-22,46780.04511707348,8737.8,55517.84511707348,1
2025-04-23,46780.04511707348,8737.8,55517.84511707348,1
2025-04-24,46780.04511707348,8737.8,55517.84511707348,1
2025-04-25,46780.04511707348,8737.8,55517.84511707348,1
2025-04-28,46780.04511707348,8737.8,55517.84511707348,1
2025-04-29,46780.04511707348,8737.8,55517.84511707348,1
2025-04-30,46780.04511707348,8737.8,55517.84511707348,1
2025-05-02,46780.04511707348,8737.8,55517.84511707348,1
2025-05-05,46780.04511707348,8737.8,55517.84511707348,1
2025-05-06,46780.04511707348,8737.8,55517.84511707348,1
2025-05-07,46780.04511707348,8737.8,55517.84511707348,1
2025-05-08,46780.04511707348,8737.8,55517.84511707348,1
2025-05-09,46780.04511707348,8737.8,55517.84511707348,1
2025-05-12,46780.04511707348,8737.8,55517.84511707348,1
2025-05-13,46780.04511707348,8737.8,55517.84511707348,1
2025-05-14,46780.04511707348,8737.8,55517.84511707348,1
2025-05-15,46780.04511707348,8737.8,55517.84511707348,1
2025-05-16,46780.04511707348,8737.8,55517.84511707348,1
2025-05-19,46780.04511707348,8737.8,55517.84511707348,1
2025-05-20,46780.04511707348,8737.8,55517.84511707348,1
2025-05-21,46780.04511707348,8737.8,55517.84511707348,1
2025-05-22,46780.04511707348,8737.8,55517.84511707348,1
2025-05-23,46780.04511707348,8737.8,55517.84511707348,1
2025-05-26,46780.04511707348,8737.8,55517.84511707348,1
2025-05-27,46780.04511707348,8737.8,55517.84511707348,1
2025-05-28,46780.04511707348,8737.8,55517.84511707348,1
2025-05-29,46780.04511707348,8737.8,55517.84511707348,1
2025-05-30,46780.04511707348,8737.8,55517.84511707348,1
2025-06-02,46780.04511707348,8737.8,55517.84511707348,1
2025-06-03,46780.04511707348,8737.8,55517.84511707348,1
2025-06-04,46780.04511707348,8737.8,55517.84511707348,1
2025-06-05,46780.04511707348,8737.8,55517.84511707348,1
2025-06-06,46780.04511707348,8737.8,55517.84511707348,1
2025-06-09,46780.04511707348,8737.8,55517.84511707348,1
2025-06-10,46780.04511707348,8737.8,55517.84511707348,1
2025-06-11,46780.04511707348,8737.8,55517.84511707348,1
2025-06-12,46780.04511707348,8737.8,55517.84511707348,1
2025-06-13,46780.04511707348,8737.8,55517.84511707348,1
2025-06-16,46780.04511707348,8737.8,55517.84511707348,1
2025-06-17,46780.04511707348,8737.8,55517.84511707348,1
2025-06-18,46780.04511707348,8737.8,55517.84511707348,1
2025-06-19,46780.04511707348,8737.8,55517.84511707348,1
2025-06-20,46780.04511707348,8737.8,55517.84511707348,1
2025-06-23,46780.04511707348,8737.8,55517.84511707348,1
2025-06-24,46780.04511707348,8737.8,55517.84511707348,1
2025-06-25,46780.04511707348,8737.8,55517.84511707348,1
2025-06-26,46780.04511707348,8737.8,55517.84511707348,1
2025-06-27,46780.04511707348,8737.8,55517.84511707348,1
2025-06-30,46780.04511707348,8737.8,55517.84511707348,1
2025-07-01,46780.04511707348,8737.8,55517.84511707348,1
2025-07-02,46780.04511707348,8737.8,55517.84511707348,1
2025-07-03,46780.04511707348,8737.8,55517.84511707348,1
2025-07-04,46780.04511707348,8737.8,55517.84511707348,1
2025-07-07,46780.04511707348,8737.8,55517.84511707348,1
2025-07-08,46780.04511707348,8737.8,55517.84511707348,1
2025-07-09,46780.04511707348,8737.8,55517.84511707348,1
2025-07-10,46780.04511707348,8737.8,55517.84511707348,1
2025-07-11,46780.04511707348,8737.8,55517.84511707348,1
2025-07-14,46780.04511707348,8737.8,55517.84511707348,1
2025-07-15,46780.04511707348,8737.8,55517.84511707348,1
2025-07-16,46780.04511707348,8737.8,55517.84511707348,1
2025-07-17,46780.04511707348,8737.8,55517.84511707348,1
2025-07-18,46780.04511707348,8737.8,55517.84511707348,1
2025-07-21,46780.04511707348,8737.8,55517.84511707348,1
2025-07-22,46780.04511707348,8737.8,55517.84511707348,1
2025-07-23,46780.04511707348,8737.8,55517.84511707348,1
2025-07-24,46780.04511707348,8737.8,55517.84511707348,1
2025-07-25,46780.04511707348,8737.8,55517.84511707348,1
2025-07-28,46780.04511707348,8737.8,55517.84511707348,1
2025-07-29,46780.04511707348,8737.8,55517.84511707348,1
2025-07-30,46780.04511707348,8737.8,55517.84511707348,1
2025-07-31,46780.04511707348,8737.8,55517.84511707348,1
2025-08-01,46780.04511707348,8737.8,55517.84511707348,1
2025-08-04,46780.04511707348,8737.8,55517.84511707348,1
2025-08-05,46780.04511707348,8737.8,55517.84511707348,1
2025-08-06,46780.04511707348,8737.8,55517.84511707348,1
2025-08-07,46780.04511707348,8737.8,55517.84511707348,1
2025-08-08,46780.04511707348,8737.8,55517.84511707348,1
2025-08-11,46780.04511707348,8737.8,55517.84511707348,1
2025-08-12,46780.04511707348,8737.8,55517.84511707348,1
2025-08-13,46780.04511707348,8737.8,55517.84511707348,1
2025-08-14,46780.04511707348,8737.8,55517.84511707348,1
2025-08-18,46780.04511707348,8737.8,55517.84511707348,1
2025-08-19,46780.04511707348,8737.8,55517.84511707348,1
2025-08-20,46780.04511707348,8737.8,55517.84511707348,1
2025-08-21,46780.04511707348,8737.8,55517.84511707348,1
2025-08-22,46780.04511707348,8737.8,55517.84511707348,1
2025-08-25,46780.04511707348,8737.8,55517.84511707348,1
2025-08-26,46780.04511707348,8737.8,55517.84511707348,1
2025-08-28,46780.04511707348,8737.8,55517.84511707348,1
2025-08-29,46780.04511707348,8737.8,55517.84511707348,1
2025-09-01,46780.04511707348,8737.8,55517.84511707348,1
2025-09-02,46780.04511707348,8737.8,55517.84511707348,1
2025-09-03,46780.04511707348,8737.8,55517.84511707348,1
2025-09-04,46780.04511707348,8737.8,55517.84511707348,1
2025-09-05,46780.04511707348,8737.8,55517.84511707348,1
2025-09-08,46780.04511707348,8737.8,55517.84511707348,1
2025-09-09,46780.04511707348,8737.8,55517.84511707348,1
2025-09-10,46780.04511707348,8737.8,55517.84511707348,1
2025-09-11,46780.04511707348,8737.8,55517.84511707348,1
2025-09-12,46780.04511707348,8737.8,55517.84511707348,1
2025-09-15,46780.04511707348,8737.8,55517.84511707348,1
2025-09-16,46780.04511707348,8737.8,55517.84511707348,1
2025-09-17,46780.04511707348,8737.8,55517.84511707348,1
2025-09-18,46780.04511707348,8737.8,55517.84511707348,1
2025-09-19,46780.04511707348,8737.8,55517.84511707348,1
2025-09-22,46780.04511707348,8737.8,55517.84511707348,1
2025-09-23,46780.04511707348,8737.8,55517.84511707348,1
2025-09-24,46780.04511707348,8737.8,55517.84511707348,1
2025-09-25,46780.04511707348,8737.8,55517.84511707348,1
2025-09-26,46780.04511707348,8737.8,55517.84511707348,1
2025-09-29,46780.04511707348,8737.8,55517.84511707348,1
2025-09-30,46780.04511707348,8737.8,55517.84511707348,1
2025-10-01,46780.04511707348,8737.8,55517.84511707348,1
2025-10-03,46780.04511707348,8737.8,55517.84511707348,1
2025-10-06,46780.04511707348,8737.8,55517.84511707348,1
2025-10-07,46780.04511707348,8737.8,55517.84511707348,1
2025-10-08,46780.04511707348,8737.8,55517.84511707348,1
2025-10-09,46780.04511707348,8737.8,55517.84511707348,1
2025-10-10,46780.04511707348,8737.8,55517.84511707348,1
2025-10-13,46780.04511707348,8737.8,55517.84511707348,1
2025-10-14,46780.04511707348,8737.8,55517.84511707348,1
2025-10-15,46780.04511707348,8737.8,55517.84511707348,1
2025-10-16,46780.04511707348,8737.8,55517.84511707348,1
2025-10-17,46780.04511707348,8737.8,55517.84511707348,1
2025-10-20,46780.04511707348,8737.8,55517.84511707348,1
2025-10-21,46780.04511707348,8737.8,55517.84511707348,1
2025-10-23,46780.04511707348,8737.8,55517.84511707348,1
2025-10-24,46780.04511707348,8737.8,55517.84511707348,1
2025-10-27,46780.04511707348,8737.8,55517.84511707348,1
2025-10-28,46780.04511707348,8737.8,55517.84511707348,1
2025-10-29,46780.04511707348,8737.8,55517.84511707348,1
2025-10-30,46780.04511707348,8737.8,55517.84511707348,1
2025-10-31,46780.04511707348,8737.8,55517.84511707348,1
2025-11-03,46780.04511707348,8737.8,55517.84511707348,1
2025-11-04,46780.04511707348,8737.8,55517.84511707348,1
2025-11-06,46780.04511707348,8737.8,55517.84511707348,1
2025-11-07,46780.04511707348,8737.8,55517.84511707348,1
2025-11-10,46780.04511707348,8737.8,55517.84511707348,1
2025-11-11,46780.04511707348,8737.8,55517.84511707348,1
2025-11-12,46780.04511707348,8737.8,55517.84511707348,1
2025-11-13,46780.04511707348,8737.8,55517.84511707348,1
2025-11-14,46780.04511707348,8737.8,55517.84511707348,1
2025-11-17,46780.04511707348,8737.8,55517.84511707348,1
2025-11-18,46780.04511707348,8737.8,55517.84511707348,1
2025-11-19,46780.04511707348,8737.8,55517.84511707348,1
2025-11-20,46780.04511707348,8737.8,55517.84511707348,1
2025-11-21,46780.04511707348,8737.8,55517.84511707348,1
2025-11-24,46780.04511707348,8737.8,55517.84511707348,1
2025-11-25,46780.04511707348,8737.8,55517.84511707348,1
2025-11-26,46780.04511707348,8737.8,55517.84511707348,1
2025-11-27,46780.04511707348,8737.8,55517.84511707348,1
2025-11-28,46780.04511707348,8737.8,55517.84511707348,1
2025-12-01,46780.04511707348,8737.8,55517.84511707348,1
2025-12-02,46780.04511707348,8737.8,55517.84511707348,1
2025-12-03,46780.04511707348,8737.8,55517.84511707348,1
2025-12-04,46780.04511707348,8737.8,55517.84511707348,1
2025-12-05,46780.04511707348,8737.8,55517.84511707348,1
2025-12-08,46780.04511707348,8737.8,55517.84511707348,1
2025-12-09,46780.04511707348,8737.8,55517.84511707348,1
2025-12-10,46780.04511707348,8737.8,55517.84511707348,1
2025-12-11,46780.04511707348,8737.8,55517.84511707348,1
2025-12-12,46780.04511707348,8737.8,55517.84511707348,1
2025-12-15,46780.04511707348,8737.8,55517.84511707348,1
2025-12-16,46780.04511707348,8737.8,55517.84511707348,1
2025-12-17,46780.04511707348,8737.8,55517.84511707348,1
2025-12-18,46780.04511707348,8737.8,55517.84511707348,1
2025-12-19,46780.04511707348,8737.8,55517.84511707348,1
2025-12-22,46780.04511707348,8737.8,55517.84511707348,1
2025-12-23,46780.04511707348,8737.8,55517.84511707348,1
2025-12-24,46780.04511707348,8737.8,55517.84511707348,1
2025-12-26,46780.04511707348,8737.8,55517.84511707348,1
2025-12-29,46780.04511707348,8737.8,55517.84511707348,1
2025-12-30,46780.04511707348,8737.8,55517.84511707348,1
2025-12-31,46780.04511707348,8737.8,55517.84511707348,1
2026-01-01,46780.04511707348,8737.8,55517.84511707348,1
2026-01-02,46780.04511707348,8737.8,55517.84511707348,1
2026-01-05,46780.04511707348,8737.8,55517.84511707348,1
2026-01-06,46780.04511707348,8737.8,55517.84511707348,1
2026-01-07,46780.04511707348,8737.8,55517.84511707348,1
2026-01-08,46780.04511707348,8737.8,55517.84511707348,1
2026-01-09,46780.04511707348,8737.8,55517.84511707348,1
2026-01-12,46780.04511707348,8737.8,55517.84511707348,1
2026-01-13,46780.04511707348,8737.8,55517.84511707348,1
2026-01-14,46780.04511707348,8737.8,55517.84511707348,1
2026-01-16,46780.04511707348,8737.8,55517.84511707348,1
2026-01-19,46780.04511707348,8737.8,55517.84511707348,1
2026-01-20,46780.04511707348,8737.8,55517.84511707348,1
2026-01-21,46780.04511707348,8737.8,55517.84511707348,1
2026-01-22,46780.04511707348,8737.8,55517.84511707348,1
2026-01-23,46780.04511707348,8737.8,55517.84511707348,1
2026-01-27,46780.04511707348,8737.8,55517.84511707348,1
2026-01-28,46780.04511707348,8737.8,55517.84511707348,1
2026-01-29,46780.04511707348,8737.8,55517.84511707348,1
2026-01-30,46780.04511707348,8737.8,55517.84511707348,1
2026-02-02,46780.04511707348,8737.8,55517.84511707348,1
2026-02-03,46780.04511707348,8737.8,55517.84511707348,1
2026-02-04,46780.04511707348,8737.8,55517.84511707348,1
2026-02-05,46780.04511707348,8737.8,55517.84511707348,1
2026-02-06,46780.04511707348,8737.8,55517.84511707348,1
2026-02-09,46780.04511707348,8737.8,55517.84511707348,1
2026-02-10,46780.04511707348,8737.8,55517.84511707348,1
2026-02-11,46780.04511707348,8737.8,55517.84511707348,1
2026-02-12,46780.04511707348,8737.8,55517.84511707348,1
2026-02-13,46780.04511707348,8737.8,55517.84511707348,1
2026-02-16,46780.04511707348,8737.8,55517.84511707348,1
2026-02-17,46780.04511707348,8737.8,55517.84511707348,1
2026-02-18,46780.04511707348,8737.8,55517.84511707348,1
2026-02-19,46780.04511707348,8737.8,55517.84511707348,1
2026-02-20,46780.04511707348,8737.8,55517.84511707348,1
2026-02-23,46780.04511707348,8737.8,55517.84511707348,1
2026-02-24,46780.04511707348,8737.8,55517.84511707348,1
2026-02-25,46780.04511707348,8737.8,55517.84511707348,1
2026-02-26,46780.04511707348,8737.8,55517.84511707348,1
2026-02-27,46780.04511707348,8737.8,55517.84511707348,1
2026-03-02,46780.04511707348,8737.8,55517.84511707348,1
2026-03-04,46780.04511707348,8737.8,55517.84511707348,1
2026-03-05,46780.04511707348,8737.8,55517.84511707348,1
2026-03-06,46780.04511707348,8737.8,55517.84511707348,1
2026-03-09,46780.04511707348,8737.8,55517.84511707348,1
2026-03-10,46780.04511707348,8737.8,55517.84511707348,1
2026-03-11,46780.04511707348,8737.8,55517.84511707348,1
2026-03-12,46780.04511707348,8737.8,55517.84511707348,1
2026-03-13,46780.04511707348,8737.8,55517.84511707348,1
2026-03-16,46780.04511707348,8737.8,55517.84511707348,1
2026-03-17,46780.04511707348,8737.8,55517.84511707348,1
2026-03-18,46780.04511707348,8737.8,55517.84511707348,1
2026-03-19,46780.04511707348,8737.8,55517.84511707348,1
2026-03-20,46780.04511707348,8737.8,55517.84511707348,1
2026-03-23,46780.04511707348,8737.8,55517.84511707348,1
2026-03-24,46780.04511707348,8737.8,55517.84511707348,1
2026-03-25,46780.04511707348,8737.8,55517.84511707348,1
2026-03-27,46780.04511707348,8737.8,55517.84511707348,1
2026-03-30,46780.04511707348,8737.8,55517.84511707348,1
2026-04-01,46780.04511707348,8737.8,55517.84511707348,1
2026-04-02,46780.04511707348,8737.8,55517.84511707348,1
2026-04-06,46780.04511707348,8737.8,55517.84511707348,1
2026-04-07,46780.04511707348,8737.8,55517.84511707348,1
2026-04-08,46780.04511707348,8737.8,55517.84511707348,1
2026-04-09,46780.04511707348,8737.8,55517.84511707348,1
2026-04-10,46780.04511707348,8737.8,55517.84511707348,1
2026-04-13,46780.04511707348,8737.8,55517.84511707348,1
2026-04-15,46780.04511707348,8737.8,55517.84511707348,1
2026-04-16,46780.04511707348,8737.8,55517.84511707348,1
2026-04-17,46780.04511707348,8737.8,55517.84511707348,1
2026-04-20,46780.04511707348,8737.8,55517.84511707348,1
2026-04-21,46780.04511707348,8737.8,55517.84511707348,1
2026-04-22,46780.04511707348,8737.8,55517.84511707348,1
2026-04-23,46780.04511707348,8737.8,55517.84511707348,1
2026-04-24,46780.04511707348,8737.8,55517.84511707348,1
2026-04-27,46780.04511707348,8737.8,55517.84511707348,1
2026-04-28,46780.04511707348,8737.8,55517.84511707348,1
2026-04-29,46780.04511707348,8737.8,55517.84511707348,1
2026-04-30,46780.04511707348,8737.8,55517.84511707348,1
2026-05-04,46780.04511707348,8737.8,55517.84511707348,1
2026-05-05,46780.04511707348,8737.8,55517.84511707348,1
2026-05-06,46780.04511707348,8737.8,55517.84511707348,1
2026-05-07,46780.04511707348,8737.8,55517.84511707348,1
2026-05-08,46780.04511707348,8737.8,55517.84511707348,1
2026-05-11,46780.04511707348,8737.8,55517.84511707348,1
2026-05-12,46780.04511707348,8737.8,55517.84511707348,1
2026-05-13,46780.04511707348,8737.8,55517.84511707348,1
2026-05-14,46780.04511707348,8737.8,55517.84511707348,1
2026-05-15,46780.04511707348,8737.8,55517.84511707348,1
2026-05-18,46780.04511707348,8737.8,55517.84511707348,1
2026-05-19,46780.04511707348,8737.8,55517.84511707348,1
2026-05-20,46780.04511707348,8737.8,55517.84511707348,1
2026-05-21,46780.04511707348,8737.8,55517.84511707348,1
2026-05-22,46780.04511707348,8737.8,55517.84511707348,1
2026-05-25,46780.04511707348,8737.8,55517.84511707348,1
2026-05-26,46780.04511707348,8737.8,55517.84511707348,1
2026-05-27,46780.04511707348,8737.8,55517.84511707348,1
2026-05-29,46780.04511707348,8737.8,55517.84511707348,1
2026-06-01,46780.04511707348,8737.8,55517.84511707348,1
2026-06-02,46780.04511707348,8737.8,55517.84511707348,1
2026-06-03,46780.04511707348,8737.8,55517.84511707348,1
2026-06-04,46780.04511707348,8737.8,55517.84511707348,1
2026-06-05,46780.04511707348,8737.8,55517.84511707348,1
2026-06-08,46780.04511707348,8737.8,55517.84511707348,1
2026-06-09,46780.04511707348,8737.8,55517.84511707348,1
2026-06-10,46780.04511707348,8737.8,55517.84511707348,1
2026-06-11,46780.04511707348,8737.8,55517.84511707348,1
2026-06-12,46780.04511707348,8737.8,55517.84511707348,1
2026-06-15,46780.04511707348,8737.8,55517.84511707348,1
2026-06-16,46780.04511707348,8737.8,55517.84511707348,1
2026-06-17,46780.04511707348,8737.8,55517.84511707348,1
2026-06-18,46780.04511707348,8737.8,55517.84511707348,1
2026-06-19,46780.04511707348,8737.8,55517.84511707348,1
2026-06-22,46780.04511707348,8737.8,55517.84511707348,1
2026-06-23,46780.04511707348,8737.8,55517.84511707348,1
2026-06-24,46780.04511707348,8737.8,55517.84511707348,1
2026-06-25,46780.04511707348,8737.8,55517.84511707348,1
2026-06-29,46780.04511707348,8737.8,55517.84511707348,1
2026-06-30,46780.04511707348,8737.8,55517.84511707348,1
2026-07-01,46780.04511707348,8737.8,55517.84511707348,1
2026-07-02,46780.04511707348,8737.8,55517.84511707348,1
2026-07-03,46780.04511707348,8737.8,55517.84511707348,1
2026-07-06,46780.04511707348,8737.8,55517.84511707348,1
2026-07-07,46780.04511707348,8737.8,55517.84511707348,1
2026-07-08,46780.04511707348,8737.8,55517.84511707348,1
2026-07-09,46780.04511707348,8737.8,55517.84511707348,1
2026-07-10,46780.04511707348,8737.8,55517.84511707348,1
2026-07-13,46780.04511707348,8737.8,55517.84511707348,1
2026-07-14,46780.04511707348,8737.8,55517.84511707348,1
2026-07-15,46780.04511707348,8737.8,55517.84511707348,1
2026-07-16,46780.04511707348,8737.8,55517.84511707348,1
2026-07-17,46780.04511707348,8737.8,55517.84511707348,1
2026-07-20,46780.04511707348,8737.8,55517.84511707348,1
2026-07-21,46780.04511707348,8737.8,55517.84511707348,1
2026-07-22,46780.04511707348,8737.8,55517.84511707348,1
2026-07-23,46780.04511707348,8737.8,55517.84511707348,1
2026-07-24,46780.04511707348,8737.8,55517.84511707348,1
2026-07-27,46780.04511707348,8737.8,55517.84511707348,1
2026-07-28,46780.04511707348,8737.8,55517.84511707348,1
2026-07-29,46780.04511707348,8737.8,55517.84511707348,1
2026-07-30,46780.04511707348,8737.8,55517.84511707348,1
2026-07-31,46780.04511707348,8737.8,55517.84511707348,1
2026-08-03,46780.04511707348,8737.8,55517.84511707348,1
2026-08-04,46780.04511707348,8737.8,55517.84511707348,1
2026-08-05,46780.04511707348,8737.8,55517.84511707348,1
2026-08-06,46780.04511707348,8737.8,55517.84511707348,1
2026-08-07,46780.04511707348,8737.8,55517.84511707348,1
2026-08-10,46780.04511707348,8737.8,55517.84511707348,1
2026-08-11,46780.04511707348,8737.8,55517.84511707348,1
2026-08-12,46780.04511707348,8737.8,55517.84511707348,1
2026-08-13,46780.04511707348,8737.8,55517.84511707348,1
